ISO-10303-21;
HEADER;
FILE_DESCRIPTION (( 'STEP AP214' ),
    '1' );
FILE_NAME ('elevated-cell_61.STEP',
    '2026-06-10T13:07:23',
    ( '' ),
    ( '' ),
    'SwSTEP 2.0',
    'SolidWorks 2023',
    '' );
FILE_SCHEMA (( 'AUTOMOTIVE_DESIGN' ));
ENDSEC;

DATA;
#1 = CARTESIAN_POINT ( 'NONE',  ( 10.19000000000000306, -8.215495827718632071, 6.734999999999999432 ) ) ;
#2 = ADVANCED_FACE ( 'NONE', ( #960 ), #1410, .F. ) ;
#3 = ORIENTED_EDGE ( 'NONE', *, *, #376, .F. ) ;
#4 = CARTESIAN_POINT ( 'NONE',  ( 7.635000000000004228, -10.36499999999999311, 7.234999999999999432 ) ) ;
#5 = DIRECTION ( 'NONE',  ( 0.000000000000000000, 1.000000000000000000, 0.000000000000000000 ) ) ;
#6 = DIRECTION ( 'NONE',  ( -1.000000000000000000, 0.000000000000000000, 0.000000000000000000 ) ) ;
#7 = EDGE_CURVE ( 'NONE', #9, #2941, #2187, .T. ) ;
#8 = DIRECTION ( 'NONE',  ( 0.5000000000000059952, 0.8660254037844352659, 0.000000000000000000 ) ) ;
#9 = VERTEX_POINT ( 'NONE', #1211 ) ;
#10 = CARTESIAN_POINT ( 'NONE',  ( -9.000000000000090594, -8.999999999999907629, 7.234999999999999432 ) ) ;
#11 = VERTEX_POINT ( 'NONE', #707 ) ;
#12 = EDGE_LOOP ( 'NONE', ( #1081, #2873, #2356, #1457 ) ) ;
#13 = CARTESIAN_POINT ( 'NONE',  ( 9.000000000000001776, -8.999999999999996447, 5.234999999999999432 ) ) ;
#14 = CARTESIAN_POINT ( 'NONE',  ( -25.63500000000007617, -7.634999999999739551, 6.917500000000000426 ) ) ;
#15 = DIRECTION ( 'NONE',  ( -8.163404592832066703E-15, -1.000000000000000000, 0.000000000000000000 ) ) ;
#16 = CARTESIAN_POINT ( 'NONE',  ( 9.000000000000028422, 8.999999999999969802, 5.234999999999999432 ) ) ;
#17 = ORIENTED_EDGE ( 'NONE', *, *, #2860, .F. ) ;
#18 = LINE ( 'NONE', #3082, #1310 ) ;
#19 = ADVANCED_FACE ( 'NONE', ( #662 ), #1964, .F. ) ;
#20 = VECTOR ( 'NONE', #2357, 100.0000000000000000 ) ;
#21 = DIRECTION ( 'NONE',  ( 0.000000000000000000, 0.000000000000000000, 1.000000000000000000 ) ) ;
#22 = CARTESIAN_POINT ( 'NONE',  ( -10.19000000000008299, -8.215495827718530819, 7.234999999999999432 ) ) ;
#23 = VERTEX_POINT ( 'NONE', #3254 ) ;
#24 = CARTESIAN_POINT ( 'NONE',  ( -9.784504172281369705, 10.18999999999999595, 7.234999999999999432 ) ) ;
#25 = VECTOR ( 'NONE', #726, 100.0000000000000000 ) ;
#26 = EDGE_CURVE ( 'NONE', #60, #9, #3001, .T. ) ;
#27 = CIRCLE ( 'NONE', #2162, 0.3049999999999997158 ) ;
#28 = ORIENTED_EDGE ( 'NONE', *, *, #1280, .T. ) ;
#29 = ORIENTED_EDGE ( 'NONE', *, *, #2457, .F. ) ;
#30 = DIRECTION ( 'NONE',  ( -1.000000000000000000, 0.000000000000000000, 0.000000000000000000 ) ) ;
#31 = AXIS2_PLACEMENT_3D ( 'NONE', #2024, #2575, #1037 ) ;
#32 = DIRECTION ( 'NONE',  ( -0.000000000000000000, 0.000000000000000000, 1.000000000000000000 ) ) ;
#33 = CIRCLE ( 'NONE', #2805, 2.499999999999999556 ) ;
#34 = VECTOR ( 'NONE', #747, 100.0000000000000000 ) ;
#35 = CARTESIAN_POINT ( 'NONE',  ( 6.905537061679099864, 10.36499999999999311, 7.234999999999999432 ) ) ;
#36 = CARTESIAN_POINT ( 'NONE',  ( -11.00000000000000355, -7.634999999999890541, 6.917500000000000426 ) ) ;
#37 = ORIENTED_EDGE ( 'NONE', *, *, #1577, .T. ) ;
#38 = PLANE ( 'NONE',  #31 ) ;
#39 = DIRECTION ( 'NONE',  ( 0.000000000000000000, 0.000000000000000000, 1.000000000000000000 ) ) ;
#40 = CARTESIAN_POINT ( 'NONE',  ( 9.784504172281369705, -10.18999999999999595, 6.734999999999999432 ) ) ;
#41 = DIRECTION ( 'NONE',  ( 0.000000000000000000, 1.000000000000000000, 0.000000000000000000 ) ) ;
#42 = EDGE_CURVE ( 'NONE', #1192, #3162, #1933, .T. ) ;
#43 = ORIENTED_EDGE ( 'NONE', *, *, #2720, .F. ) ;
#44 = DIRECTION ( 'NONE',  ( 3.491481338843132961E-15, 1.000000000000000000, 0.000000000000000000 ) ) ;
#45 = ORIENTED_EDGE ( 'NONE', *, *, #1552, .F. ) ;
#46 = EDGE_CURVE ( 'NONE', #579, #1616, #2684, .T. ) ;
#47 = ORIENTED_EDGE ( 'NONE', *, *, #2302, .T. ) ;
#48 = ORIENTED_EDGE ( 'NONE', *, *, #1044, .T. ) ;
#49 = PLANE ( 'NONE',  #243 ) ;
#50 =( BOUNDED_CURVE ( )  B_SPLINE_CURVE ( 3, ( #443, #2499, #1214, #710 ),
 .UNSPECIFIED., .F., .F. ) 
 B_SPLINE_CURVE_WITH_KNOTS ( ( 4, 4 ),
 ( 5.497787143782145947, 5.639684198386326841 ),
 .UNSPECIFIED. ) 
 CURVE ( )  GEOMETRIC_REPRESENTATION_ITEM ( )  RATIONAL_B_SPLINE_CURVE ( ( 1.000000000000000000, 0.9983228058750945877, 0.9983228058750945877, 1.000000000000000000 ) ) 
 REPRESENTATION_ITEM ( '' )  );
#51 = DIRECTION ( 'NONE',  ( 0.000000000000000000, -0.000000000000000000, 1.000000000000000000 ) ) ;
#52 = DIRECTION ( 'NONE',  ( -3.486881358747459102E-16, 3.486881358747471428E-16, -1.000000000000000000 ) ) ;
#53 = VECTOR ( 'NONE', #485, 100.0000000000000000 ) ;
#54 = DIRECTION ( 'NONE',  ( 3.486881358747459102E-16, 0.000000000000000000, 1.000000000000000000 ) ) ;
#55 = ORIENTED_EDGE ( 'NONE', *, *, #1878, .T. ) ;
#56 = CARTESIAN_POINT ( 'NONE',  ( 25.63499999999996959, -7.635000000000082387, 7.234999999999999432 ) ) ;
#57 = FACE_OUTER_BOUND ( 'NONE', #3085, .T. ) ;
#58 = CARTESIAN_POINT ( 'NONE',  ( -9.000000000000090594, -9.304999999999907345, 7.234999999999999432 ) ) ;
#59 = CARTESIAN_POINT ( 'NONE',  ( 9.000000000000028422, 8.694999999999970086, 5.234999999999999432 ) ) ;
#60 = VERTEX_POINT ( 'NONE', #414 ) ;
#61 = CARTESIAN_POINT ( 'NONE',  ( 9.000000000000001776, -8.999999999999996447, 7.234999999999999432 ) ) ;
#62 = MANIFOLD_SOLID_BREP ( 'Cut-Extrude7', #1514 ) ;
#63 = ORIENTED_EDGE ( 'NONE', *, *, #2004, .F. ) ;
#64 = VERTEX_POINT ( 'NONE', #3225 ) ;
#65 = VERTEX_POINT ( 'NONE', #1948 ) ;
#66 = CYLINDRICAL_SURFACE ( 'NONE', #1841, 0.3049999999999997158 ) ;
#67 = EDGE_CURVE ( 'NONE', #1632, #2360, #440, .T. ) ;
#68 = EDGE_CURVE ( 'NONE', #81, #3144, #1060, .T. ) ;
#69 = DIRECTION ( 'NONE',  ( 0.000000000000000000, 0.000000000000000000, 1.000000000000000000 ) ) ;
#70 = DIRECTION ( 'NONE',  ( -3.309715945158595366E-15, -1.000000000000000000, 0.000000000000000000 ) ) ;
#71 = ORIENTED_EDGE ( 'NONE', *, *, #3108, .T. ) ;
#72 =( BOUNDED_CURVE ( )  B_SPLINE_CURVE ( 3, ( #322, #103, #2658, #371 ),
 .UNSPECIFIED., .F., .F. ) 
 B_SPLINE_CURVE_WITH_KNOTS ( ( 4, 4 ),
 ( 5.497787143782160157, 5.639684198386337499 ),
 .UNSPECIFIED. ) 
 CURVE ( )  GEOMETRIC_REPRESENTATION_ITEM ( )  RATIONAL_B_SPLINE_CURVE ( ( 1.000000000000000000, 0.9983228058750945877, 0.9983228058750945877, 1.000000000000000000 ) ) 
 REPRESENTATION_ITEM ( '' )  );
#73 = PLANE ( 'NONE',  #3179 ) ;
#74 = DIRECTION ( 'NONE',  ( -0.000000000000000000, 0.000000000000000000, 1.000000000000000000 ) ) ;
#75 = CARTESIAN_POINT ( 'NONE',  ( 6.905537061679099864, 10.36499999999999311, 6.917500000000000426 ) ) ;
#76 = ORIENTED_EDGE ( 'NONE', *, *, #3233, .F. ) ;
#77 = LINE ( 'NONE', #861, #986 ) ;
#78 = VECTOR ( 'NONE', #577, 100.0000000000000000 ) ;
#79 = EDGE_LOOP ( 'NONE', ( #3066, #2985, #17, #3007 ) ) ;
#80 = ORIENTED_EDGE ( 'NONE', *, *, #3050, .T. ) ;
#81 = VERTEX_POINT ( 'NONE', #22 ) ;
#82 = DIRECTION ( 'NONE',  ( 3.486881358747459102E-16, 0.000000000000000000, -1.000000000000000000 ) ) ;
#83 = AXIS2_PLACEMENT_3D ( 'NONE', #3180, #116, #1381 ) ;
#84 = FACE_OUTER_BOUND ( 'NONE', #3203, .T. ) ;
#85 = EDGE_CURVE ( 'NONE', #1492, #286, #2078, .T. ) ;
#86 = VECTOR ( 'NONE', #958, 100.0000000000000000 ) ;
#87 = VECTOR ( 'NONE', #2977, 100.0000000000000000 ) ;
#88 = CARTESIAN_POINT ( 'NONE',  ( -10.76776695296642394, -10.76776695296631381, 6.367766952966323224 ) ) ;
#89 = ADVANCED_FACE ( 'NONE', ( #529 ), #3285, .F. ) ;
#90 = VERTEX_POINT ( 'NONE', #2563 ) ;
#91 = AXIS2_PLACEMENT_3D ( 'NONE', #2896, #107, #1125 ) ;
#92 = LINE ( 'NONE', #2661, #801 ) ;
#93 = DIRECTION ( 'NONE',  ( 0.000000000000000000, 0.000000000000000000, 1.000000000000000000 ) ) ;
#94 = DIRECTION ( 'NONE',  ( 0.000000000000000000, 0.000000000000000000, 1.000000000000000000 ) ) ;
#95 = ORIENTED_EDGE ( 'NONE', *, *, #961, .F. ) ;
#96 = CARTESIAN_POINT ( 'NONE',  ( 11.00000000000009948, 8.379999999999963478, 0.000000000000000000 ) ) ;
#97 = ORIENTED_EDGE ( 'NONE', *, *, #205, .T. ) ;
#98 = ORIENTED_EDGE ( 'NONE', *, *, #1172, .T. ) ;
#99 = EDGE_LOOP ( 'NONE', ( #2200, #244, #1175, #497 ) ) ;
#100 = DIRECTION ( 'NONE',  ( 0.000000000000000000, 1.000000000000000000, 0.000000000000000000 ) ) ;
#101 = CARTESIAN_POINT ( 'NONE',  ( -8.215495827718639177, 10.18999999999999595, 6.734999999999999432 ) ) ;
#102 = EDGE_CURVE ( 'NONE', #2246, #3196, #2051, .T. ) ;
#103 = CARTESIAN_POINT ( 'NONE',  ( 10.68408308751583924, -10.85145081841689318, 6.451450818416684996 ) ) ;
#104 = VERTEX_POINT ( 'NONE', #258 ) ;
#105 = CARTESIAN_POINT ( 'NONE',  ( -7.635000000000004228, 10.36499999999999311, 6.917500000000000426 ) ) ;
#106 = EDGE_CURVE ( 'NONE', #1728, #3172, #1542, .T. ) ;
#107 = DIRECTION ( 'NONE',  ( 0.000000000000000000, 0.000000000000000000, 1.000000000000000000 ) ) ;
#108 = VECTOR ( 'NONE', #1136, 100.0000000000000000 ) ;
#109 = VERTEX_POINT ( 'NONE', #1041 ) ;
#110 = CARTESIAN_POINT ( 'NONE',  ( -10.83000000000000362, 9.414999999999997371, 6.734999999999999432 ) ) ;
#111 = EDGE_CURVE ( 'NONE', #90, #2417, #2317, .T. ) ;
#112 = ORIENTED_EDGE ( 'NONE', *, *, #3133, .T. ) ;
#113 = ORIENTED_EDGE ( 'NONE', *, *, #2440, .T. ) ;
#114 = EDGE_LOOP ( 'NONE', ( #1590, #797, #671, #2665 ) ) ;
#115 = DIRECTION ( 'NONE',  ( 0.000000000000000000, 0.000000000000000000, -1.000000000000000000 ) ) ;
#116 = DIRECTION ( 'NONE',  ( 1.000000000000000000, -1.047444401652940007E-14, 0.000000000000000000 ) ) ;
#117 = DIRECTION ( 'NONE',  ( -0.8660254037844411501, -0.4999999999999955036, 0.000000000000000000 ) ) ;
#118 = LINE ( 'NONE', #1137, #1472 ) ;
#119 = ORIENTED_EDGE ( 'NONE', *, *, #1865, .F. ) ;
#120 = DIRECTION ( 'NONE',  ( -1.000000000000000000, 3.491481338843133355E-15, 0.000000000000000000 ) ) ;
#121 = CARTESIAN_POINT ( 'NONE',  ( -8.380000000000000782, -8.379999999999906635, 3.979999999999877414 ) ) ;
#122 = LINE ( 'NONE', #858, #2424 ) ;
#123 = VERTEX_POINT ( 'NONE', #1289 ) ;
#124 = EDGE_CURVE ( 'NONE', #1867, #2831, #1774, .T. ) ;
#125 = CARTESIAN_POINT ( 'NONE',  ( 8.585000000000034603, 10.82999999999997343, 7.234999999999999432 ) ) ;
#126 = DIRECTION ( 'NONE',  ( -0.8660254037844412611, -0.4999999999999955591, 0.000000000000000000 ) ) ;
#127 = ORIENTED_EDGE ( 'NONE', *, *, #317, .T. ) ;
#128 = ORIENTED_EDGE ( 'NONE', *, *, #1686, .T. ) ;
#129 = EDGE_CURVE ( 'NONE', #2333, #318, #2579, .T. ) ;
#130 = EDGE_LOOP ( 'NONE', ( #2526, #1506, #1805, #2498 ) ) ;
#131 = PLANE ( 'NONE',  #1635 ) ;
#132 = AXIS2_PLACEMENT_3D ( 'NONE', #1039, #1558, #2576 ) ;
#133 = VECTOR ( 'NONE', #238, 100.0000000000000000 ) ;
#134 = DIRECTION ( 'NONE',  ( -0.000000000000000000, 0.000000000000000000, 1.000000000000000000 ) ) ;
#135 = VECTOR ( 'NONE', #199, 100.0000000000000000 ) ;
#136 = LINE ( 'NONE', #1639, #1545 ) ;
#137 = CARTESIAN_POINT ( 'NONE',  ( -10.59467748597753634, -10.92899188551682599, 6.528991885516839844 ) ) ;
#138 = VECTOR ( 'NONE', #2185, 100.0000000000000000 ) ;
#139 = ORIENTED_EDGE ( 'NONE', *, *, #1068, .F. ) ;
#140 = VECTOR ( 'NONE', #494, 100.0000000000000000 ) ;
#141 = CARTESIAN_POINT ( 'NONE',  ( 8.215495827718639177, -10.18999999999999595, 7.234999999999999432 ) ) ;
#142 = CARTESIAN_POINT ( 'NONE',  ( -8.585000000000112763, -10.99999999999991296, 7.234999999999999432 ) ) ;
#143 = VERTEX_POINT ( 'NONE', #3037 ) ;
#144 = VECTOR ( 'NONE', #2740, 100.0000000000000000 ) ;
#145 = DIRECTION ( 'NONE',  ( 1.047444401652940007E-14, 1.000000000000000000, 0.000000000000000000 ) ) ;
#146 = CARTESIAN_POINT ( 'NONE',  ( 11.00000000000000355, -7.499999999999983125, 7.234999999999999432 ) ) ;
#147 = VECTOR ( 'NONE', #998, 100.0000000000000000 ) ;
#148 = EDGE_CURVE ( 'NONE', #1530, #3014, #292, .T. ) ;
#149 = SURFACE_STYLE_USAGE ( .BOTH. , #1664 ) ;
#150 = ADVANCED_FACE ( 'NONE', ( #3084 ), #791, .F. ) ;
#151 = ORIENTED_EDGE ( 'NONE', *, *, #2763, .T. ) ;
#152 = ORIENTED_EDGE ( 'NONE', *, *, #3008, .T. ) ;
#153 = FACE_OUTER_BOUND ( 'NONE', #405, .T. ) ;
#154 = ADVANCED_FACE ( 'NONE', ( #2830 ), #3065, .F. ) ;
#155 = LINE ( 'NONE', #352, #2640 ) ;
#156 = LINE ( 'NONE', #2759, #2710 ) ;
#157 = ORIENTED_EDGE ( 'NONE', *, *, #2739, .T. ) ;
#158 = CARTESIAN_POINT ( 'NONE',  ( -9.000000000000001776, 8.694999999999996732, 5.234999999999999432 ) ) ;
#159 = PLANE ( 'NONE',  #3245 ) ;
#160 = ORIENTED_EDGE ( 'NONE', *, *, #2086, .T. ) ;
#161 = DIRECTION ( 'NONE',  ( 0.000000000000000000, 0.000000000000000000, 1.000000000000000000 ) ) ;
#162 = DIRECTION ( 'NONE',  ( 0.8660254037844359321, 0.5000000000000046629, 0.000000000000000000 ) ) ;
#163 = VECTOR ( 'NONE', #2089, 100.0000000000000000 ) ;
#164 = ORIENTED_EDGE ( 'NONE', *, *, #1262, .T. ) ;
#165 = ORIENTED_EDGE ( 'NONE', *, *, #2509, .T. ) ;
#166 = DIRECTION ( 'NONE',  ( -1.000000000000000000, 0.000000000000000000, 0.000000000000000000 ) ) ;
#167 = CARTESIAN_POINT ( 'NONE',  ( -11.00000000000008527, -8.584999999999887166, 6.734999999999999432 ) ) ;
#168 = EDGE_CURVE ( 'NONE', #917, #545, #1008, .T. ) ;
#169 = LINE ( 'NONE', #715, #144 ) ;
#170 = ADVANCED_FACE ( 'NONE', ( #2328 ), #2294, .F. ) ;
#171 = DIRECTION ( 'NONE',  ( 0.000000000000000000, -0.000000000000000000, 1.000000000000000000 ) ) ;
#172 = CARTESIAN_POINT ( 'NONE',  ( 10.83000000000000362, -8.584999999999997300, 6.734999999999999432 ) ) ;
#173 = ORIENTED_EDGE ( 'NONE', *, *, #3033, .F. ) ;
#174 = DIRECTION ( 'NONE',  ( 1.047444401652940007E-14, 1.000000000000000000, 0.000000000000000000 ) ) ;
#175 = LINE ( 'NONE', #1629, #345 ) ;
#176 = DIRECTION ( 'NONE',  ( -0.5000000000000059952, -0.8660254037844350439, 0.000000000000000000 ) ) ;
#177 = ORIENTED_EDGE ( 'NONE', *, *, #2988, .F. ) ;
#178 = ORIENTED_EDGE ( 'NONE', *, *, #616, .F. ) ;
#179 = LINE ( 'NONE', #197, #1467 ) ;
#180 = CARTESIAN_POINT ( 'NONE',  ( 10.19000000000000306, -8.215495827718632071, 7.234999999999999432 ) ) ;
#181 = AXIS2_PLACEMENT_3D ( 'NONE', #1976, #2790, #491 ) ;
#182 = PLANE ( 'NONE',  #2118 ) ;
#183 = ADVANCED_FACE ( 'NONE', ( #2259 ), #1761, .F. ) ;
#184 = VECTOR ( 'NONE', #461, 100.0000000000000000 ) ;
#185 = LINE ( 'NONE', #1203, #2402 ) ;
#186 = CARTESIAN_POINT ( 'NONE',  ( -8.585000000000110987, -10.82999999999991303, 6.734999999999999432 ) ) ;
#187 = EDGE_CURVE ( 'NONE', #1695, #2936, #1024, .T. ) ;
#188 = ORIENTED_EDGE ( 'NONE', *, *, #2947, .T. ) ;
#189 = LINE ( 'NONE', #1208, #240 ) ;
#190 = VECTOR ( 'NONE', #2256, 100.0000000000000000 ) ;
#191 = CARTESIAN_POINT ( 'NONE',  ( -9.415000000000111058, -10.82999999999990415, 7.234999999999999432 ) ) ;
#192 = EDGE_CURVE ( 'NONE', #1858, #1212, #2694, .T. ) ;
#193 = VECTOR ( 'NONE', #333, 100.0000000000000000 ) ;
#194 = DIRECTION ( 'NONE',  ( 0.5000000000000046629, -0.8660254037844359321, 0.000000000000000000 ) ) ;
#195 = ORIENTED_EDGE ( 'NONE', *, *, #1328, .T. ) ;
#196 = VERTEX_POINT ( 'NONE', #75 ) ;
#197 = CARTESIAN_POINT ( 'NONE',  ( -10.19000000000000306, 8.215495827718632071, 6.734999999999999432 ) ) ;
#198 = VECTOR ( 'NONE', #2241, 100.0000000000000000 ) ;
#199 = DIRECTION ( 'NONE',  ( 1.000000000000000000, 0.000000000000000000, 0.000000000000000000 ) ) ;
#200 = PLANE ( 'NONE',  #2005 ) ;
#201 = CARTESIAN_POINT ( 'NONE',  ( 7.799999999999999822, -7.495000000000000107, 0.000000000000000000 ) ) ;
#202 = LINE ( 'NONE', #1218, #359 ) ;
#203 = ORIENTED_EDGE ( 'NONE', *, *, #2728, .T. ) ;
#204 = LINE ( 'NONE', #2999, #2534 ) ;
#205 = EDGE_CURVE ( 'NONE', #2567, #196, #233, .T. ) ;
#206 = UNCERTAINTY_MEASURE_WITH_UNIT (LENGTH_MEASURE( 1.000000000000000082E-05 ), #603, 'distance_accuracy_value', 'NONE');
#207 = PLANE ( 'NONE',  #181 ) ;
#208 = ORIENTED_EDGE ( 'NONE', *, *, #2039, .T. ) ;
#209 = CARTESIAN_POINT ( 'NONE',  ( 7.500000000000022204, 10.99999999999997691, 7.234999999999999432 ) ) ;
#210 = EDGE_CURVE ( 'NONE', #682, #23, #1845, .T. ) ;
#211 = CARTESIAN_POINT ( 'NONE',  ( 9.000000000000001776, -8.694999999999996732, 7.234999999999999432 ) ) ;
#212 = EDGE_LOOP ( 'NONE', ( #2518, #2502, #3104, #139 ) ) ;
#213 = VECTOR ( 'NONE', #268, 100.0000000000000000 ) ;
#214 = VERTEX_POINT ( 'NONE', #3140 ) ;
#215 = DIRECTION ( 'NONE',  ( -1.047444401652940007E-14, -1.000000000000000000, 0.000000000000000000 ) ) ;
#216 = DIRECTION ( 'NONE',  ( -1.000000000000000000, 3.491481338843133355E-15, 0.000000000000000000 ) ) ;
#217 = LINE ( 'NONE', #3032, #2224 ) ;
#218 = VERTEX_POINT ( 'NONE', #1338 ) ;
#219 = LINE ( 'NONE', #722, #3129 ) ;
#220 = DIRECTION ( 'NONE',  ( 3.491481338843133355E-15, 1.000000000000000000, 0.000000000000000000 ) ) ;
#221 = CARTESIAN_POINT ( 'NONE',  ( -9.784504172281369705, 10.18999999999999595, 6.734999999999999432 ) ) ;
#222 = EDGE_CURVE ( 'NONE', #11, #2115, #1568, .T. ) ;
#223 = EDGE_LOOP ( 'NONE', ( #1240, #2547, #849, #2017, #2721, #1035 ) ) ;
#224 = DIRECTION ( 'NONE',  ( 0.000000000000000000, 1.000000000000000000, 0.000000000000000000 ) ) ;
#225 = ORIENTED_EDGE ( 'NONE', *, *, #2086, .F. ) ;
#226 = ADVANCED_FACE ( 'NONE', ( #2359 ), #2897, .F. ) ;
#227 = VERTEX_POINT ( 'NONE', #1093 ) ;
#228 = VERTEX_POINT ( 'NONE', #1126 ) ;
#229 = CARTESIAN_POINT ( 'NONE',  ( 7.799999999999999822, 7.495000000000000107, 2.174999999999999822 ) ) ;
#230 = VECTOR ( 'NONE', #2577, 100.0000000000000000 ) ;
#231 = LINE ( 'NONE', #3031, #2023 ) ;
#232 = FACE_OUTER_BOUND ( 'NONE', #681, .T. ) ;
#233 = CIRCLE ( 'NONE', #3013, 2.499999999999999556 ) ;
#234 = EDGE_LOOP ( 'NONE', ( #2229, #2708, #1151, #2349, #1543, #1822 ) ) ;
#235 = DIRECTION ( 'NONE',  ( 1.000000000000000000, -1.047444401652940007E-14, 0.000000000000000000 ) ) ;
#236 = AXIS2_PLACEMENT_3D ( 'NONE', #400, #1416, #1135 ) ;
#237 = DIRECTION ( 'NONE',  ( 1.000000000000000000, 0.000000000000000000, 0.000000000000000000 ) ) ;
#238 = DIRECTION ( 'NONE',  ( 1.817653936845376936E-16, -1.000000000000000000, 0.000000000000000000 ) ) ;
#239 = ORIENTED_EDGE ( 'NONE', *, *, #1412, .F. ) ;
#240 = VECTOR ( 'NONE', #1285, 100.0000000000000000 ) ;
#241 = DIRECTION ( 'NONE',  ( 0.000000000000000000, 0.000000000000000000, -1.000000000000000000 ) ) ;
#242 = EDGE_CURVE ( 'NONE', #765, #1640, #122, .T. ) ;
#243 = AXIS2_PLACEMENT_3D ( 'NONE', #1550, #2874, #1295 ) ;
#244 = ORIENTED_EDGE ( 'NONE', *, *, #1797, .T. ) ;
#245 = VERTEX_POINT ( 'NONE', #362 ) ;
#246 = ORIENTED_EDGE ( 'NONE', *, *, #1311, .F. ) ;
#247 = AXIS2_PLACEMENT_3D ( 'NONE', #622, #3184, #2911 ) ;
#248 = EDGE_CURVE ( 'NONE', #2904, #1226, #342, .T. ) ;
#249 = AXIS2_PLACEMENT_3D ( 'NONE', #760, #2821, #2569 ) ;
#250 = DIRECTION ( 'NONE',  ( -1.047444401652940007E-14, -1.000000000000000000, 0.000000000000000000 ) ) ;
#251 = ADVANCED_FACE ( 'NONE', ( #1644 ), #1862, .F. ) ;
#252 = DIRECTION ( 'NONE',  ( -1.000000000000000000, 1.047444401652940007E-14, 0.000000000000000000 ) ) ;
#253 = CARTESIAN_POINT ( 'NONE',  ( -10.50000000000001599, 10.99999999999999645, 7.234999999999999432 ) ) ;
#254 = ORIENTED_EDGE ( 'NONE', *, *, #999, .F. ) ;
#255 = LINE ( 'NONE', #1790, #2755 ) ;
#256 = FACE_OUTER_BOUND ( 'NONE', #390, .T. ) ;
#257 = DIRECTION ( 'NONE',  ( 0.000000000000000000, 0.000000000000000000, 1.000000000000000000 ) ) ;
#258 = CARTESIAN_POINT ( 'NONE',  ( -10.19000000000000306, 9.784504172281362600, 7.234999999999999432 ) ) ;
#259 = VERTEX_POINT ( 'NONE', #2377 ) ;
#260 = CARTESIAN_POINT ( 'NONE',  ( -10.19000000000009898, -9.784504172281263124, 7.234999999999999432 ) ) ;
#261 = ORIENTED_EDGE ( 'NONE', *, *, #1686, .F. ) ;
#262 = ORIENTED_EDGE ( 'NONE', *, *, #3138, .T. ) ;
#263 = ORIENTED_EDGE ( 'NONE', *, *, #337, .T. ) ;
#264 = LINE ( 'NONE', #1278, #1156 ) ;
#265 = CYLINDRICAL_SURFACE ( 'NONE', #1258, 0.3049999999999997158 ) ;
#266 = AXIS2_PLACEMENT_3D ( 'NONE', #2035, #3057, #539 ) ;
#267 = ADVANCED_FACE ( 'NONE', ( #1372 ), #2095, .F. ) ;
#268 = DIRECTION ( 'NONE',  ( 0.000000000000000000, 0.000000000000000000, -1.000000000000000000 ) ) ;
#269 = LINE ( 'NONE', #1282, #782 ) ;
#270 = EDGE_CURVE ( 'NONE', #3090, #2480, #1409, .T. ) ;
#271 = ORIENTED_EDGE ( 'NONE', *, *, #865, .F. ) ;
#272 = CARTESIAN_POINT ( 'NONE',  ( 11.00000000000000355, -8.584999999999997300, 6.734999999999999432 ) ) ;
#273 = LINE ( 'NONE', #2040, #20 ) ;
#274 = PLANE ( 'NONE',  #2212 ) ;
#275 = CARTESIAN_POINT ( 'NONE',  ( -9.000000000000090594, -8.999999999999907629, 7.234999999999999432 ) ) ;
#276 = EDGE_LOOP ( 'NONE', ( #327, #2802, #348, #1814 ) ) ;
#277 = FACE_OUTER_BOUND ( 'NONE', #1395, .T. ) ;
#278 = VERTEX_POINT ( 'NONE', #3170 ) ;
#279 = ORIENTED_EDGE ( 'NONE', *, *, #1505, .F. ) ;
#280 = ORIENTED_EDGE ( 'NONE', *, *, #498, .T. ) ;
#281 = LINE ( 'NONE', #534, #193 ) ;
#282 = DIRECTION ( 'NONE',  ( 1.000000000000000000, -1.029267862284486287E-14, 0.000000000000000000 ) ) ;
#283 = DIRECTION ( 'NONE',  ( 0.000000000000000000, 0.000000000000000000, 1.000000000000000000 ) ) ;
#284 = EDGE_CURVE ( 'NONE', #516, #109, #399, .T. ) ;
#285 = CARTESIAN_POINT ( 'NONE',  ( 7.635000000000004228, -10.36499999999999311, 6.917500000000000426 ) ) ;
#286 = VERTEX_POINT ( 'NONE', #1895 ) ;
#287 = VECTOR ( 'NONE', #257, 100.0000000000000000 ) ;
#288 = DIRECTION ( 'NONE',  ( 0.000000000000000000, 0.000000000000000000, 1.000000000000000000 ) ) ;
#289 = LINE ( 'NONE', #1306, #2420 ) ;
#290 = ADVANCED_FACE ( 'NONE', ( #627 ), #2132, .F. ) ;
#291 = LINE ( 'NONE', #2094, #680 ) ;
#292 = LINE ( 'NONE', #2512, #878 ) ;
#293 = ORIENTED_EDGE ( 'NONE', *, *, #909, .T. ) ;
#294 = CYLINDRICAL_SURFACE ( 'NONE', #401, 2.499999999999999556 ) ;
#295 = AXIS2_PLACEMENT_3D ( 'NONE', #531, #3305, #1544 ) ;
#296 = CIRCLE ( 'NONE', #1153, 0.3049999999999997158 ) ;
#297 = ORIENTED_EDGE ( 'NONE', *, *, #778, .T. ) ;
#298 = VERTEX_POINT ( 'NONE', #59 ) ;
#299 = VERTEX_POINT ( 'NONE', #377 ) ;
#300 = DIRECTION ( 'NONE',  ( 0.000000000000000000, 1.000000000000000000, 0.000000000000000000 ) ) ;
#301 = VECTOR ( 'NONE', #2201, 100.0000000000000000 ) ;
#302 = LINE ( 'NONE', #2252, #413 ) ;
#303 = AXIS2_PLACEMENT_3D ( 'NONE', #2365, #1014, #2033 ) ;
#304 = VECTOR ( 'NONE', #804, 100.0000000000000000 ) ;
#305 = LINE ( 'NONE', #502, #3043 ) ;
#306 = DIRECTION ( 'NONE',  ( 1.000000000000000000, 0.000000000000000000, -3.486881358747459102E-16 ) ) ;
#307 = ORIENTED_EDGE ( 'NONE', *, *, #3272, .T. ) ;
#308 = LINE ( 'NONE', #2777, #889 ) ;
#309 = CARTESIAN_POINT ( 'NONE',  ( 0.000000000000000000, 0.000000000000000000, 0.000000000000000000 ) ) ;
#310 = CARTESIAN_POINT ( 'NONE',  ( 11.00000000000009770, 10.49999999999997335, 6.600000000000000533 ) ) ;
#311 = DIRECTION ( 'NONE',  ( 1.000000000000000000, -8.163404592832066703E-15, 0.000000000000000000 ) ) ;
#312 = ORIENTED_EDGE ( 'NONE', *, *, #1489, .F. ) ;
#313 = ADVANCED_FACE ( 'NONE', ( #1389 ), #2410, .F. ) ;
#314 = DIRECTION ( 'NONE',  ( 1.000000000000000000, -9.100188726435717676E-15, 0.000000000000000000 ) ) ;
#315 = ORIENTED_EDGE ( 'NONE', *, *, #7, .F. ) ;
#316 = EDGE_LOOP ( 'NONE', ( #3105, #3257 ) ) ;
#317 = EDGE_CURVE ( 'NONE', #737, #1974, #1827, .T. ) ;
#318 = VERTEX_POINT ( 'NONE', #2613 ) ;
#319 = FACE_OUTER_BOUND ( 'NONE', #2886, .T. ) ;
#320 = CARTESIAN_POINT ( 'NONE',  ( -7.799999999999998934, 8.105000000000000426, 0.000000000000000000 ) ) ;
#321 = VECTOR ( 'NONE', #2442, 100.0000000000000000 ) ;
#322 = CARTESIAN_POINT ( 'NONE',  ( 10.76776695296631203, -10.76776695296642394, 6.367766952966212202 ) ) ;
#323 = ORIENTED_EDGE ( 'NONE', *, *, #1859, .F. ) ;
#324 = LINE ( 'NONE', #591, #874 ) ;
#325 = DIRECTION ( 'NONE',  ( 0.000000000000000000, 1.000000000000000000, 0.000000000000000000 ) ) ;
#326 = FACE_OUTER_BOUND ( 'NONE', #515, .T. ) ;
#327 = ORIENTED_EDGE ( 'NONE', *, *, #168, .T. ) ;
#328 = LINE ( 'NONE', #2117, #670 ) ;
#329 = ADVANCED_FACE ( 'NONE', ( #326 ), #2935, .F. ) ;
#330 = ORIENTED_EDGE ( 'NONE', *, *, #2109, .T. ) ;
#331 = ORIENTED_EDGE ( 'NONE', *, *, #847, .F. ) ;
#332 = ORIENTED_EDGE ( 'NONE', *, *, #192, .F. ) ;
#333 = DIRECTION ( 'NONE',  ( 1.000000000000000000, 0.000000000000000000, 0.000000000000000000 ) ) ;
#334 = EDGE_CURVE ( 'NONE', #2283, #1358, #897, .T. ) ;
#335 = DIRECTION ( 'NONE',  ( -1.000000000000000000, 0.000000000000000000, 0.000000000000000000 ) ) ;
#336 =( NAMED_UNIT ( * ) PLANE_ANGLE_UNIT ( ) SI_UNIT ( $, .RADIAN. ) );
#337 = EDGE_CURVE ( 'NONE', #2383, #318, #1887, .T. ) ;
#338 = PLANE ( 'NONE',  #729 ) ;
#339 = VERTEX_POINT ( 'NONE', #1398 ) ;
#340 = CARTESIAN_POINT ( 'NONE',  ( 8.585000000000002629, -10.99999999999999645, 6.734999999999999432 ) ) ;
#341 = DIRECTION ( 'NONE',  ( 0.000000000000000000, 0.000000000000000000, -1.000000000000000000 ) ) ;
#342 = LINE ( 'NONE', #578, #982 ) ;
#343 = VERTEX_POINT ( 'NONE', #101 ) ;
#344 = LINE ( 'NONE', #2429, #1201 ) ;
#345 = VECTOR ( 'NONE', #2168, 100.0000000000000000 ) ;
#346 = ORIENTED_EDGE ( 'NONE', *, *, #1089, .T. ) ;
#347 = AXIS2_PLACEMENT_3D ( 'NONE', #916, #1991, #194 ) ;
#348 = ORIENTED_EDGE ( 'NONE', *, *, #819, .F. ) ;
#349 = DIRECTION ( 'NONE',  ( -1.000000000000000000, 1.047444401652940007E-14, 0.000000000000000000 ) ) ;
#350 = EDGE_CURVE ( 'NONE', #2363, #1261, #2655, .T. ) ;
#351 = VECTOR ( 'NONE', #3128, 100.0000000000000000 ) ;
#352 = CARTESIAN_POINT ( 'NONE',  ( 10.19000000000000306, -9.784504172281362600, 6.734999999999999432 ) ) ;
#353 = CIRCLE ( 'NONE', #1953, 0.3049999999999997158 ) ;
#354 = EDGE_CURVE ( 'NONE', #214, #3144, #2177, .T. ) ;
#355 = AXIS2_PLACEMENT_3D ( 'NONE', #2627, #341, #2163 ) ;
#356 = DIRECTION ( 'NONE',  ( -0.5000000000000016653, 0.8660254037844378194, 0.000000000000000000 ) ) ;
#357 = EDGE_LOOP ( 'NONE', ( #1486, #95, #772, #1573 ) ) ;
#358 = ADVANCED_FACE ( 'NONE', ( #84 ), #2403, .F. ) ;
#359 = VECTOR ( 'NONE', #1440, 100.0000000000000000 ) ;
#360 = CARTESIAN_POINT ( 'NONE',  ( -9.000000000000001776, 8.999999999999996447, 5.234999999999999432 ) ) ;
#361 = DIRECTION ( 'NONE',  ( 0.000000000000000000, 0.000000000000000000, 1.000000000000000000 ) ) ;
#362 = CARTESIAN_POINT ( 'NONE',  ( 10.99999999999999645, 7.634999999999966924, 7.234999999999999432 ) ) ;
#363 = ORIENTED_EDGE ( 'NONE', *, *, #1906, .F. ) ;
#364 = FACE_OUTER_BOUND ( 'NONE', #2734, .T. ) ;
#365 = CARTESIAN_POINT ( 'NONE',  ( 10.19000000000002615, 8.215495827718601873, 6.734999999999999432 ) ) ;
#366 = ORIENTED_EDGE ( 'NONE', *, *, #2019, .F. ) ;
#367 = ORIENTED_EDGE ( 'NONE', *, *, #2614, .T. ) ;
#368 = ORIENTED_EDGE ( 'NONE', *, *, #717, .F. ) ;
#369 = CARTESIAN_POINT ( 'NONE',  ( -8.215495827718738653, -10.18999999999991779, 6.734999999999999432 ) ) ;
#370 = DIRECTION ( 'NONE',  ( -0.000000000000000000, 0.000000000000000000, 1.000000000000000000 ) ) ;
#371 = CARTESIAN_POINT ( 'NONE',  ( 10.50000000000001599, -11.00000000000020606, 6.600000000000000533 ) ) ;
#372 = ADVANCED_FACE ( 'NONE', ( #2156 ), #2103, .F. ) ;
#373 = EDGE_LOOP ( 'NONE', ( #1013, #312, #2364, #1481 ) ) ;
#374 = PLANE ( 'NONE',  #2773 ) ;
#375 = LINE ( 'NONE', #1388, #2438 ) ;
#376 = EDGE_CURVE ( 'NONE', #754, #1692, #1996, .T. ) ;
#377 = CARTESIAN_POINT ( 'NONE',  ( 10.99999999999999645, -7.635000000000033538, 7.234999999999999432 ) ) ;
#378 = VECTOR ( 'NONE', #2910, 100.0000000000000000 ) ;
#379 = ORIENTED_EDGE ( 'NONE', *, *, #1859, .T. ) ;
#380 = CARTESIAN_POINT ( 'NONE',  ( 10.68408308751591029, 10.85145081841682391, 6.451450818416764932 ) ) ;
#381 = DIRECTION ( 'NONE',  ( 1.047444401652940007E-14, 1.000000000000000000, 0.000000000000000000 ) ) ;
#382 = ORIENTED_EDGE ( 'NONE', *, *, #3045, .T. ) ;
#383 = ORIENTED_EDGE ( 'NONE', *, *, #1638, .T. ) ;
#384 = EDGE_LOOP ( 'NONE', ( #2203, #1426, #1594, #796 ) ) ;
#385 = FACE_OUTER_BOUND ( 'NONE', #2219, .T. ) ;
#386 = LINE ( 'NONE', #1855, #886 ) ;
#387 = VERTEX_POINT ( 'NONE', #2439 ) ;
#388 = EDGE_CURVE ( 'NONE', #1394, #2925, #2688, .T. ) ;
#389 = CARTESIAN_POINT ( 'NONE',  ( 11.00000000000000355, -9.414999999999997371, 7.234999999999999432 ) ) ;
#390 = EDGE_LOOP ( 'NONE', ( #80, #2871, #532, #2091 ) ) ;
#391 = CARTESIAN_POINT ( 'NONE',  ( 9.784504172281369705, -10.18999999999999595, 7.234999999999999432 ) ) ;
#392 = EDGE_CURVE ( 'NONE', #278, #2521, #386, .T. ) ;
#393 = CARTESIAN_POINT ( 'NONE',  ( -10.19000000000000306, 9.784504172281362600, 6.734999999999999432 ) ) ;
#394 = FILL_AREA_STYLE ('',( #2496 ) ) ;
#395 = ORIENTED_EDGE ( 'NONE', *, *, #1155, .F. ) ;
#396 = ORIENTED_EDGE ( 'NONE', *, *, #1288, .T. ) ;
#397 = CARTESIAN_POINT ( 'NONE',  ( -10.83000000000000362, 8.584999999999997300, 6.734999999999999432 ) ) ;
#398 = VECTOR ( 'NONE', #2704, 100.0000000000000000 ) ;
#399 = CIRCLE ( 'NONE', #2963, 0.3049999999999997158 ) ;
#400 = CARTESIAN_POINT ( 'NONE',  ( -7.634999999999993570, -25.63499999999999801, 6.917500000000000426 ) ) ;
#401 = AXIS2_PLACEMENT_3D ( 'NONE', #1562, #2832, #1078 ) ;
#402 = DIRECTION ( 'NONE',  ( 0.000000000000000000, 0.000000000000000000, 1.000000000000000000 ) ) ;
#403 = CARTESIAN_POINT ( 'NONE',  ( 0.000000000000000000, 0.000000000000000000, 7.234999999999999432 ) ) ;
#404 = AXIS2_PLACEMENT_3D ( 'NONE', #2085, #518, #300 ) ;
#405 = EDGE_LOOP ( 'NONE', ( #1277, #2260, #1700, #1902 ) ) ;
#406 = AXIS2_PLACEMENT_3D ( 'NONE', #685, #728, #1701 ) ;
#407 = CARTESIAN_POINT ( 'NONE',  ( 7.799999999999999822, 7.799999999999999822, 2.174999999999999822 ) ) ;
#408 = CARTESIAN_POINT ( 'NONE',  ( -11.00000000000030731, -8.379999999999885318, 3.979999999999877414 ) ) ;
#409 = ORIENTED_EDGE ( 'NONE', *, *, #1017, .F. ) ;
#410 = VECTOR ( 'NONE', #3009, 100.0000000000000000 ) ;
#411 = DIRECTION ( 'NONE',  ( 0.000000000000000000, 0.000000000000000000, -1.000000000000000000 ) ) ;
#412 = CARTESIAN_POINT ( 'NONE',  ( 8.585000000000004405, -10.82999999999999652, 6.734999999999999432 ) ) ;
#413 = VECTOR ( 'NONE', #3277, 100.0000000000000000 ) ;
#414 = CARTESIAN_POINT ( 'NONE',  ( -7.634999999999996234, -10.99999999999999645, 6.917500000000000426 ) ) ;
#415 = EDGE_CURVE ( 'NONE', #2941, #744, #586, .T. ) ;
#416 = ORIENTED_EDGE ( 'NONE', *, *, #2490, .F. ) ;
#417 = ORIENTED_EDGE ( 'NONE', *, *, #2993, .F. ) ;
#418 = DIRECTION ( 'NONE',  ( 0.000000000000000000, 0.000000000000000000, 1.000000000000000000 ) ) ;
#419 = CARTESIAN_POINT ( 'NONE',  ( 10.19000000000003148, 9.784504172281332401, 6.734999999999999432 ) ) ;
#420 = EDGE_CURVE ( 'NONE', #2065, #1168, #851, .T. ) ;
#421 = CARTESIAN_POINT ( 'NONE',  ( 8.585000000000004405, -10.82999999999999652, 6.734999999999999432 ) ) ;
#422 = LINE ( 'NONE', #2272, #480 ) ;
#423 = ORIENTED_EDGE ( 'NONE', *, *, #554, .T. ) ;
#424 = LINE ( 'NONE', #1233, #2970 ) ;
#425 = CARTESIAN_POINT ( 'NONE',  ( -10.76776695296635111, 10.76776695296638664, 6.367766952966251282 ) ) ;
#426 = VECTOR ( 'NONE', #1386, 100.0000000000000000 ) ;
#427 = CARTESIAN_POINT ( 'NONE',  ( 7.635000000000006892, -25.63499999999999801, 6.917500000000000426 ) ) ;
#428 = EDGE_LOOP ( 'NONE', ( #2629, #97, #2751, #1671 ) ) ;
#429 = EDGE_LOOP ( 'NONE', ( #307, #2144, #2234, #1851 ) ) ;
#430 = DIRECTION ( 'NONE',  ( 0.000000000000000000, 0.000000000000000000, -1.000000000000000000 ) ) ;
#431 = ADVANCED_FACE ( 'NONE', ( #1871 ), #652, .F. ) ;
#432 = CARTESIAN_POINT ( 'NONE',  ( 10.83000000000002672, 8.584999999999967102, 6.734999999999999432 ) ) ;
#433 = EDGE_CURVE ( 'NONE', #2014, #1549, #155, .T. ) ;
#434 = DIRECTION ( 'NONE',  ( -1.000000000000000000, 3.491481338843133355E-15, -0.000000000000000000 ) ) ;
#435 = CARTESIAN_POINT ( 'NONE',  ( -11.00000000000009770, 10.49999999999998224, 6.600000000000000533 ) ) ;
#436 = CARTESIAN_POINT ( 'NONE',  ( 0.000000000000000000, 0.000000000000000000, 6.734999999999999432 ) ) ;
#437 = ORIENTED_EDGE ( 'NONE', *, *, #581, .T. ) ;
#438 = DIRECTION ( 'NONE',  ( 0.000000000000000000, 1.000000000000000000, 0.000000000000000000 ) ) ;
#439 = CARTESIAN_POINT ( 'NONE',  ( 8.215495827718667599, 10.18999999999997463, 7.234999999999999432 ) ) ;
#440 = LINE ( 'NONE', #2974, #184 ) ;
#441 = VERTEX_POINT ( 'NONE', #1154 ) ;
#442 = VERTEX_POINT ( 'NONE', #618 ) ;
#443 = CARTESIAN_POINT ( 'NONE',  ( -10.76776695296635111, 10.76776695296638664, 6.367766952966251282 ) ) ;
#444 = PRODUCT_DEFINITION_SHAPE ( 'NONE', 'NONE',  #490 ) ;
#445 = DIRECTION ( 'NONE',  ( -0.000000000000000000, 0.000000000000000000, 1.000000000000000000 ) ) ;
#446 = CIRCLE ( 'NONE', #2312, 0.3049999999999997158 ) ;
#447 = EDGE_CURVE ( 'NONE', #1867, #1810, #834, .T. ) ;
#448 = VECTOR ( 'NONE', #2025, 100.0000000000000000 ) ;
#449 = CARTESIAN_POINT ( 'NONE',  ( 10.19000000000002615, 8.215495827718601873, 6.734999999999999432 ) ) ;
#450 = ADVANCED_FACE ( 'NONE', ( #1636 ), #868, .F. ) ;
#451 = VECTOR ( 'NONE', #1746, 100.0000000000000000 ) ;
#452 = DIRECTION ( 'NONE',  ( 0.000000000000000000, 0.000000000000000000, -1.000000000000000000 ) ) ;
#453 = VECTOR ( 'NONE', #775, 100.0000000000000000 ) ;
#454 = LINE ( 'NONE', #1987, #2059 ) ;
#455 = ADVANCED_FACE ( 'NONE', ( #2875 ), #1652, .T. ) ;
#456 = ORIENTED_EDGE ( 'NONE', *, *, #842, .F. ) ;
#457 = LINE ( 'NONE', #2747, #190 ) ;
#458 = VECTOR ( 'NONE', #3035, 100.0000000000000000 ) ;
#459 = CARTESIAN_POINT ( 'NONE',  ( -7.635000000000004228, 10.36499999999999311, 6.917500000000000426 ) ) ;
#460 = VECTOR ( 'NONE', #2634, 99.99999999999998579 ) ;
#461 = DIRECTION ( 'NONE',  ( 1.000000000000000000, -3.491481338843133355E-15, 0.000000000000000000 ) ) ;
#462 = VERTEX_POINT ( 'NONE', #1668 ) ;
#463 = EDGE_LOOP ( 'NONE', ( #2310, #1661, #2266, #1939 ) ) ;
#464 = DIRECTION ( 'NONE',  ( 0.000000000000000000, -0.000000000000000000, 1.000000000000000000 ) ) ;
#465 = VECTOR ( 'NONE', #2859, 100.0000000000000000 ) ;
#466 = DIRECTION ( 'NONE',  ( -0.000000000000000000, 0.000000000000000000, 1.000000000000000000 ) ) ;
#467 = VERTEX_POINT ( 'NONE', #180 ) ;
#468 = ORIENTED_EDGE ( 'NONE', *, *, #85, .F. ) ;
#469 = CARTESIAN_POINT ( 'NONE',  ( 9.415000000000002700, -10.82999999999999652, 6.734999999999999432 ) ) ;
#470 = CARTESIAN_POINT ( 'NONE',  ( 0.000000000000000000, 0.000000000000000000, 6.734999999999999432 ) ) ;
#471 = EDGE_CURVE ( 'NONE', #2799, #2450, #3006, .T. ) ;
#472 = LINE ( 'NONE', #1694, #2599 ) ;
#473 = ORIENTED_EDGE ( 'NONE', *, *, #317, .F. ) ;
#474 = CARTESIAN_POINT ( 'NONE',  ( 9.415000000000002700, -10.82999999999999652, 6.734999999999999432 ) ) ;
#475 = CARTESIAN_POINT ( 'NONE',  ( 11.00000000000003197, 10.49999999999997691, 0.000000000000000000 ) ) ;
#476 = EDGE_CURVE ( 'NONE', #1268, #737, #1215, .T. ) ;
#477 = CARTESIAN_POINT ( 'NONE',  ( -7.799999999999998934, 7.800000000000001599, 0.000000000000000000 ) ) ;
#478 = ORIENTED_EDGE ( 'NONE', *, *, #750, .F. ) ;
#479 = DIRECTION ( 'NONE',  ( 0.5000000000000059952, 0.8660254037844350439, 0.000000000000000000 ) ) ;
#480 = VECTOR ( 'NONE', #1720, 100.0000000000000000 ) ;
#481 = DIRECTION ( 'NONE',  ( -0.8660254037844359321, -0.5000000000000046629, 0.000000000000000000 ) ) ;
#482 = ORIENTED_EDGE ( 'NONE', *, *, #2596, .T. ) ;
#483 = ORIENTED_EDGE ( 'NONE', *, *, #2932, .F. ) ;
#484 = DIRECTION ( 'NONE',  ( 0.000000000000000000, 1.000000000000000000, -0.000000000000000000 ) ) ;
#485 = DIRECTION ( 'NONE',  ( 0.000000000000000000, 0.000000000000000000, -1.000000000000000000 ) ) ;
#486 = CARTESIAN_POINT ( 'NONE',  ( 10.83000000000000362, -9.414999999999997371, 6.734999999999999432 ) ) ;
#487 = ORIENTED_EDGE ( 'NONE', *, *, #1465, .T. ) ;
#488 = EDGE_CURVE ( 'NONE', #104, #2799, #2222, .T. ) ;
#489 = LINE ( 'NONE', #272, #2855 ) ;
#490 = PRODUCT_DEFINITION ( 'UNKNOWN', '', #1548, #1005 ) ;
#491 = DIRECTION ( 'NONE',  ( 1.047444401652940007E-14, 1.000000000000000000, 0.000000000000000000 ) ) ;
#492 = CARTESIAN_POINT ( 'NONE',  ( 9.784504172281369705, -10.18999999999999595, 6.734999999999999432 ) ) ;
#493 = EDGE_CURVE ( 'NONE', #441, #2461, #977, .T. ) ;
#494 = DIRECTION ( 'NONE',  ( -0.000000000000000000, 0.000000000000000000, 1.000000000000000000 ) ) ;
#495 = APPLICATION_CONTEXT ( 'automotive_design' ) ;
#496 = ORIENTED_EDGE ( 'NONE', *, *, #2623, .F. ) ;
#497 = ORIENTED_EDGE ( 'NONE', *, *, #2061, .T. ) ;
#498 = EDGE_CURVE ( 'NONE', #1087, #3281, #984, .T. ) ;
#499 = VERTEX_POINT ( 'NONE', #419 ) ;
#500 = DIRECTION ( 'NONE',  ( -1.165488593167520164E-14, -1.000000000000000000, 0.000000000000000000 ) ) ;
#501 = VECTOR ( 'NONE', #543, 100.0000000000000000 ) ;
#502 = CARTESIAN_POINT ( 'NONE',  ( 10.99999999999996803, -7.635000000000034426, 0.000000000000000000 ) ) ;
#503 = CARTESIAN_POINT ( 'NONE',  ( -10.50000000000001599, 11.00000000000013323, 6.600000000000000533 ) ) ;
#504 = AXIS2_PLACEMENT_3D ( 'NONE', #477, #992, #41 ) ;
#505 = ORIENTED_EDGE ( 'NONE', *, *, #3060, .T. ) ;
#506 = DIRECTION ( 'NONE',  ( -0.000000000000000000, 0.000000000000000000, 1.000000000000000000 ) ) ;
#507 = AXIS2_PLACEMENT_3D ( 'NONE', #61, #2080, #2296 ) ;
#508 = FACE_OUTER_BOUND ( 'NONE', #2894, .T. ) ;
#509 = CARTESIAN_POINT ( 'NONE',  ( 10.19000000000000306, -9.784504172281362600, 6.734999999999999432 ) ) ;
#510 = DIRECTION ( 'NONE',  ( 0.000000000000000000, -1.000000000000000000, 0.000000000000000000 ) ) ;
#511 = ORIENTED_EDGE ( 'NONE', *, *, #3005, .T. ) ;
#512 = VECTOR ( 'NONE', #705, 100.0000000000000000 ) ;
#513 = VECTOR ( 'NONE', #3189, 100.0000000000000000 ) ;
#514 = EDGE_CURVE ( 'NONE', #1858, #2521, #2980, .T. ) ;
#515 = EDGE_LOOP ( 'NONE', ( #1615, #2989, #2533, #151 ) ) ;
#516 = VERTEX_POINT ( 'NONE', #211 ) ;
#517 = ORIENTED_EDGE ( 'NONE', *, *, #2678, .F. ) ;
#518 = DIRECTION ( 'NONE',  ( 0.000000000000000000, 0.000000000000000000, -1.000000000000000000 ) ) ;
#519 = CIRCLE ( 'NONE', #676, 0.3049999999999997158 ) ;
#520 =( BOUNDED_CURVE ( )  B_SPLINE_CURVE ( 3, ( #1367, #137, #892, #1910 ),
 .UNSPECIFIED., .F., .F. ) 
 B_SPLINE_CURVE_WITH_KNOTS ( ( 4, 4 ),
 ( 0.6435011087932568374, 0.7853981633974183030 ),
 .UNSPECIFIED. ) 
 CURVE ( )  GEOMETRIC_REPRESENTATION_ITEM ( )  RATIONAL_B_SPLINE_CURVE ( ( 1.000000000000000000, 0.9983228058750950318, 0.9983228058750950318, 1.000000000000000000 ) ) 
 REPRESENTATION_ITEM ( '' )  );
#521 = ADVANCED_FACE ( 'NONE', ( #699 ), #3246, .F. ) ;
#522 = DIRECTION ( 'NONE',  ( -0.5000000000000059952, -0.8660254037844350439, 0.000000000000000000 ) ) ;
#523 = LINE ( 'NONE', #1536, #1757 ) ;
#524 = DIRECTION ( 'NONE',  ( 0.000000000000000000, 0.000000000000000000, -1.000000000000000000 ) ) ;
#525 = ORIENTED_EDGE ( 'NONE', *, *, #771, .F. ) ;
#526 = CARTESIAN_POINT ( 'NONE',  ( 8.215495827718639177, -10.18999999999999595, 6.734999999999999432 ) ) ;
#527 = DIRECTION ( 'NONE',  ( 0.000000000000000000, 0.000000000000000000, 1.000000000000000000 ) ) ;
#528 = FACE_OUTER_BOUND ( 'NONE', #2955, .T. ) ;
#529 = FACE_OUTER_BOUND ( 'NONE', #234, .T. ) ;
#530 = VERTEX_POINT ( 'NONE', #953 ) ;
#531 = CARTESIAN_POINT ( 'NONE',  ( -8.215495827718639177, 10.18999999999999595, 6.734999999999999432 ) ) ;
#532 = ORIENTED_EDGE ( 'NONE', *, *, #3108, .F. ) ;
#533 = ORIENTED_EDGE ( 'NONE', *, *, #1922, .F. ) ;
#534 = CARTESIAN_POINT ( 'NONE',  ( 8.585000000000002629, -10.99999999999999645, 6.734999999999999432 ) ) ;
#535 = ADVANCED_FACE ( 'NONE', ( #1969 ), #2468, .F. ) ;
#536 = LINE ( 'NONE', #3309, #2275 ) ;
#537 = AXIS2_PLACEMENT_3D ( 'NONE', #2876, #2125, #117 ) ;
#538 = EDGE_CURVE ( 'NONE', #2925, #1699, #3024, .T. ) ;
#539 = DIRECTION ( 'NONE',  ( 1.000000000000000000, -3.491481338843133355E-15, 0.000000000000000000 ) ) ;
#540 = ORIENTED_EDGE ( 'NONE', *, *, #784, .T. ) ;
#541 = DIRECTION ( 'NONE',  ( 0.5000000000000046629, -0.8660254037844359321, 0.000000000000000000 ) ) ;
#542 = PLANE ( 'NONE',  #2157 ) ;
#543 = DIRECTION ( 'NONE',  ( 0.000000000000000000, 1.000000000000000000, -0.000000000000000000 ) ) ;
#544 = DIRECTION ( 'NONE',  ( -0.8660254037844352659, 0.5000000000000059952, 0.000000000000000000 ) ) ;
#545 = VERTEX_POINT ( 'NONE', #1937 ) ;
#546 = DIRECTION ( 'NONE',  ( 0.000000000000000000, 1.000000000000000000, 0.000000000000000000 ) ) ;
#547 = ORIENTED_EDGE ( 'NONE', *, *, #2130, .T. ) ;
#548 = VERTEX_POINT ( 'NONE', #2738 ) ;
#549 = EDGE_LOOP ( 'NONE', ( #2362, #675, #1920, #864 ) ) ;
#550 = CARTESIAN_POINT ( 'NONE',  ( -7.634999999999993570, -25.63499999999999801, 6.917500000000000426 ) ) ;
#551 = LINE ( 'NONE', #1567, #1105 ) ;
#552 = CARTESIAN_POINT ( 'NONE',  ( 11.00000000000002842, 9.414999999999963620, 6.734999999999999432 ) ) ;
#553 = DIRECTION ( 'NONE',  ( -1.000000000000000000, 4.550094363217858838E-15, 0.000000000000000000 ) ) ;
#554 = EDGE_CURVE ( 'NONE', #1192, #1974, #730, .T. ) ;
#555 = VERTEX_POINT ( 'NONE', #667 ) ;
#556 = CARTESIAN_POINT ( 'NONE',  ( -8.380000000000000782, -8.379999999999911964, 3.979999999999884519 ) ) ;
#557 = CARTESIAN_POINT ( 'NONE',  ( -7.799999999999999822, -8.105000000000000426, 0.000000000000000000 ) ) ;
#558 = AXIS2_PLACEMENT_3D ( 'NONE', #593, #608, #2868 ) ;
#559 = CYLINDRICAL_SURFACE ( 'NONE', #2542, 2.499999999999999556 ) ;
#560 = EDGE_CURVE ( 'NONE', #2835, #2372, #1435, .T. ) ;
#561 = CARTESIAN_POINT ( 'NONE',  ( -10.76776695296635111, 10.76776695296638664, 6.367766952966251282 ) ) ;
#562 = APPLICATION_CONTEXT ( 'automotive_design' ) ;
#563 = ORIENTED_EDGE ( 'NONE', *, *, #1667, .F. ) ;
#564 = CARTESIAN_POINT ( 'NONE',  ( -9.000000000000090594, -8.999999999999907629, 7.234999999999999432 ) ) ;
#565 = CIRCLE ( 'NONE', #2319, 2.499999999999999556 ) ;
#566 = VECTOR ( 'NONE', #1193, 100.0000000000000000 ) ;
#567 = VERTEX_POINT ( 'NONE', #920 ) ;
#568 = EDGE_LOOP ( 'NONE', ( #3054, #840, #3304, #2625 ) ) ;
#569 = CARTESIAN_POINT ( 'NONE',  ( -10.19000000000009898, -9.784504172281263124, 6.734999999999999432 ) ) ;
#570 = VECTOR ( 'NONE', #1479, 100.0000000000000000 ) ;
#571 = VECTOR ( 'NONE', #967, 100.0000000000000000 ) ;
#572 = VECTOR ( 'NONE', #2318, 100.0000000000000000 ) ;
#573 = CARTESIAN_POINT ( 'NONE',  ( 7.635000000000004228, -10.36499999999999311, 7.234999999999999432 ) ) ;
#574 = LINE ( 'NONE', #1589, #1161 ) ;
#575 = ORIENTED_EDGE ( 'NONE', *, *, #1906, .T. ) ;
#576 = EDGE_CURVE ( 'NONE', #1482, #2861, #2516, .T. ) ;
#577 = DIRECTION ( 'NONE',  ( -0.000000000000000000, 0.000000000000000000, 1.000000000000000000 ) ) ;
#578 = CARTESIAN_POINT ( 'NONE',  ( -11.00000000000009415, -9.414999999999887237, 6.734999999999999432 ) ) ;
#579 = VERTEX_POINT ( 'NONE', #965 ) ;
#580 = CARTESIAN_POINT ( 'NONE',  ( -10.83000000000000362, 9.414999999999997371, 6.734999999999999432 ) ) ;
#581 = EDGE_CURVE ( 'NONE', #3175, #682, #2191, .T. ) ;
#582 = VERTEX_POINT ( 'NONE', #167 ) ;
#583 = ORIENTED_EDGE ( 'NONE', *, *, #3138, .F. ) ;
#584 = ORIENTED_EDGE ( 'NONE', *, *, #2596, .F. ) ;
#585 = DIRECTION ( 'NONE',  ( 1.000000000000000000, -3.491481338843133355E-15, 0.000000000000000000 ) ) ;
#586 = LINE ( 'NONE', #2622, #3069 ) ;
#587 = PLANE ( 'NONE',  #537 ) ;
#588 = VECTOR ( 'NONE', #3232, 99.99999999999998579 ) ;
#589 = LINE ( 'NONE', #854, #2595 ) ;
#590 = ORIENTED_EDGE ( 'NONE', *, *, #2434, .T. ) ;
#591 = CARTESIAN_POINT ( 'NONE',  ( 10.19000000000000306, -8.215495827718632071, 6.734999999999999432 ) ) ;
#592 = DIRECTION ( 'NONE',  ( 0.000000000000000000, 0.000000000000000000, -1.000000000000000000 ) ) ;
#593 = CARTESIAN_POINT ( 'NONE',  ( -10.83000000000008711, -8.584999999999890719, 6.734999999999999432 ) ) ;
#594 = EDGE_CURVE ( 'NONE', #1530, #3143, #1898, .T. ) ;
#595 = ORIENTED_EDGE ( 'NONE', *, *, #2289, .T. ) ;
#596 = DIRECTION ( 'NONE',  ( 1.047444401652940007E-14, 1.000000000000000000, 0.000000000000000000 ) ) ;
#597 = ORIENTED_EDGE ( 'NONE', *, *, #1377, .T. ) ;
#598 = ADVANCED_FACE ( 'NONE', ( #686 ), #1702, .F. ) ;
#599 = EDGE_LOOP ( 'NONE', ( #1992, #478, #1839, #1195 ) ) ;
#600 = LINE ( 'NONE', #1152, #1522 ) ;
#601 = CARTESIAN_POINT ( 'NONE',  ( -7.799999999999999822, -7.799999999999999822, 2.174999999999999822 ) ) ;
#602 = EDGE_CURVE ( 'NONE', #227, #11, #711, .T. ) ;
#603 =( LENGTH_UNIT ( ) NAMED_UNIT ( * ) SI_UNIT ( .CENTI., .METRE. ) );
#604 = PLANE ( 'NONE',  #1158 ) ;
#605 = EDGE_LOOP ( 'NONE', ( #1329, #3145, #1327, #2551 ) ) ;
#606 = DIRECTION ( 'NONE',  ( 1.000000000000000000, -1.047444401652940007E-14, 0.000000000000000000 ) ) ;
#607 = CARTESIAN_POINT ( 'NONE',  ( -9.000000000000090594, -9.304999999999907345, 5.234999999999999432 ) ) ;
#608 = DIRECTION ( 'NONE',  ( 1.863784860936146835E-14, 1.000000000000000000, 0.000000000000000000 ) ) ;
#609 = ORIENTED_EDGE ( 'NONE', *, *, #1883, .F. ) ;
#610 = LINE ( 'NONE', #2214, #2804 ) ;
#611 = VECTOR ( 'NONE', #1392, 100.0000000000000000 ) ;
#612 = LINE ( 'NONE', #412, #3230 ) ;
#613 = ORIENTED_EDGE ( 'NONE', *, *, #1148, .T. ) ;
#614 = ORIENTED_EDGE ( 'NONE', *, *, #838, .F. ) ;
#615 = LINE ( 'NONE', #2139, #1847 ) ;
#616 = EDGE_CURVE ( 'NONE', #23, #1863, #827, .T. ) ;
#617 = VECTOR ( 'NONE', #1257, 100.0000000000000000 ) ;
#618 = CARTESIAN_POINT ( 'NONE',  ( -8.585000000000110987, -10.82999999999991303, 7.234999999999999432 ) ) ;
#619 = VECTOR ( 'NONE', #2648, 100.0000000000000000 ) ;
#620 = EDGE_CURVE ( 'NONE', #1616, #555, #1829, .T. ) ;
#621 = VECTOR ( 'NONE', #1344, 100.0000000000000000 ) ;
#622 = CARTESIAN_POINT ( 'NONE',  ( -7.799999999999998934, 7.800000000000001599, 0.000000000000000000 ) ) ;
#623 = EDGE_LOOP ( 'NONE', ( #855, #2251, #1396, #1098, #2605, #1979 ) ) ;
#624 = VECTOR ( 'NONE', #2020, 100.0000000000000000 ) ;
#625 = FACE_OUTER_BOUND ( 'NONE', #373, .T. ) ;
#626 = CARTESIAN_POINT ( 'NONE',  ( -8.380000000000004334, 8.380000000000030980, 0.000000000000000000 ) ) ;
#627 = FACE_OUTER_BOUND ( 'NONE', #1115, .T. ) ;
#628 = VERTEX_POINT ( 'NONE', #1796 ) ;
#629 = DIRECTION ( 'NONE',  ( 1.000000000000000000, 0.000000000000000000, 0.000000000000000000 ) ) ;
#630 = DIRECTION ( 'NONE',  ( 0.4999999999999955036, -0.8660254037844411501, 0.000000000000000000 ) ) ;
#631 = ORIENTED_EDGE ( 'NONE', *, *, #1888, .T. ) ;
#632 = VERTEX_POINT ( 'NONE', #2331 ) ;
#633 = ORIENTED_EDGE ( 'NONE', *, *, #637, .T. ) ;
#634 = LINE ( 'NONE', #1617, #460 ) ;
#635 = DIRECTION ( 'NONE',  ( 0.000000000000000000, 0.000000000000000000, 1.000000000000000000 ) ) ;
#636 = EDGE_CURVE ( 'NONE', #943, #1765, #565, .T. ) ;
#637 = EDGE_CURVE ( 'NONE', #339, #1666, #2848, .T. ) ;
#638 = DIRECTION ( 'NONE',  ( 1.000000000000000000, 0.000000000000000000, 0.000000000000000000 ) ) ;
#639 = CARTESIAN_POINT ( 'NONE',  ( 8.585000000000004405, -10.82999999999999652, 6.734999999999999432 ) ) ;
#640 = EDGE_CURVE ( 'NONE', #3270, #1657, #3103, .T. ) ;
#641 = ORIENTED_EDGE ( 'NONE', *, *, #2760, .F. ) ;
#642 = DIRECTION ( 'NONE',  ( 0.000000000000000000, 0.000000000000000000, 1.000000000000000000 ) ) ;
#643 = LINE ( 'NONE', #2146, #1362 ) ;
#644 = CARTESIAN_POINT ( 'NONE',  ( 10.19000000000000306, -8.215495827718632071, 6.734999999999999432 ) ) ;
#645 = AXIS2_PLACEMENT_3D ( 'NONE', #2182, #1928, #216 ) ;
#646 = VERTEX_POINT ( 'NONE', #3068 ) ;
#647 = PLANE ( 'NONE',  #1518 ) ;
#648 = DIRECTION ( 'NONE',  ( 0.000000000000000000, 0.000000000000000000, -1.000000000000000000 ) ) ;
#649 = ORIENTED_EDGE ( 'NONE', *, *, #1638, .F. ) ;
#650 = ORIENTED_EDGE ( 'NONE', *, *, #2000, .F. ) ;
#651 = DIRECTION ( 'NONE',  ( 0.000000000000000000, 1.000000000000000000, 0.000000000000000000 ) ) ;
#652 = CYLINDRICAL_SURFACE ( 'NONE', #1301, 0.3049999999999997158 ) ;
#653 = DIRECTION ( 'NONE',  ( -0.000000000000000000, -0.000000000000000000, -1.000000000000000000 ) ) ;
#654 = ORIENTED_EDGE ( 'NONE', *, *, #3272, .F. ) ;
#655 = DIRECTION ( 'NONE',  ( -3.491481338843133355E-15, -1.000000000000000000, 0.000000000000000000 ) ) ;
#656 = ADVANCED_FACE ( 'NONE', ( #811 ), #755, .F. ) ;
#657 = DIRECTION ( 'NONE',  ( 0.000000000000000000, 1.000000000000000000, 0.000000000000000000 ) ) ;
#658 = ORIENTED_EDGE ( 'NONE', *, *, #388, .F. ) ;
#659 = DIRECTION ( 'NONE',  ( 0.000000000000000000, 0.000000000000000000, -1.000000000000000000 ) ) ;
#660 = CARTESIAN_POINT ( 'NONE',  ( -10.19000000000000306, 9.784504172281362600, 6.734999999999999432 ) ) ;
#661 = EDGE_CURVE ( 'NONE', #467, #1549, #3120, .T. ) ;
#662 = FACE_OUTER_BOUND ( 'NONE', #1343, .T. ) ;
#663 = ORIENTED_EDGE ( 'NONE', *, *, #42, .T. ) ;
#664 = ORIENTED_EDGE ( 'NONE', *, *, #2268, .F. ) ;
#665 = DIRECTION ( 'NONE',  ( 1.000000000000000000, 0.000000000000000000, 0.000000000000000000 ) ) ;
#666 = VECTOR ( 'NONE', #21, 100.0000000000000000 ) ;
#667 = CARTESIAN_POINT ( 'NONE',  ( -8.215495827718639177, 10.18999999999999595, 7.234999999999999432 ) ) ;
#668 = VECTOR ( 'NONE', #1274, 100.0000000000000000 ) ;
#669 = DIRECTION ( 'NONE',  ( -0.8660254037844333785, 0.5000000000000089928, 0.000000000000000000 ) ) ;
#670 = VECTOR ( 'NONE', #899, 100.0000000000000000 ) ;
#671 = ORIENTED_EDGE ( 'NONE', *, *, #415, .T. ) ;
#672 = AXIS2_PLACEMENT_3D ( 'NONE', #2943, #3178, #1904 ) ;
#673 = DIRECTION ( 'NONE',  ( 0.000000000000000000, 0.000000000000000000, -1.000000000000000000 ) ) ;
#674 = LINE ( 'NONE', #2473, #1956 ) ;
#675 = ORIENTED_EDGE ( 'NONE', *, *, #3119, .T. ) ;
#676 = AXIS2_PLACEMENT_3D ( 'NONE', #2557, #1055, #2036 ) ;
#677 = EDGE_CURVE ( 'NONE', #931, #228, #2815, .T. ) ;
#678 = CARTESIAN_POINT ( 'NONE',  ( -7.799999999999999822, -7.495000000000000107, 2.174999999999999822 ) ) ;
#679 = PLANE ( 'NONE',  #3278 ) ;
#680 = VECTOR ( 'NONE', #2829, 100.0000000000000000 ) ;
#681 = EDGE_LOOP ( 'NONE', ( #1584, #1798, #1077, #3125 ) ) ;
#682 = VERTEX_POINT ( 'NONE', #2602 ) ;
#683 = EDGE_CURVE ( 'NONE', #2417, #90, #27, .T. ) ;
#684 = VERTEX_POINT ( 'NONE', #1291 ) ;
#685 = CARTESIAN_POINT ( 'NONE',  ( 7.799999999999999822, 7.799999999999999822, 2.174999999999999822 ) ) ;
#686 = FACE_OUTER_BOUND ( 'NONE', #2814, .T. ) ;
#687 = DIRECTION ( 'NONE',  ( -3.491481338843133355E-15, -1.000000000000000000, 0.000000000000000000 ) ) ;
#688 = DIRECTION ( 'NONE',  ( 3.491481338843133355E-15, 1.000000000000000000, 0.000000000000000000 ) ) ;
#689 = CARTESIAN_POINT ( 'NONE',  ( -7.635000000000004228, 10.99999999999999645, 6.917500000000000426 ) ) ;
#690 = ORIENTED_EDGE ( 'NONE', *, *, #838, .T. ) ;
#691 = FACE_OUTER_BOUND ( 'NONE', #1601, .T. ) ;
#692 = FACE_OUTER_BOUND ( 'NONE', #2099, .T. ) ;
#693 = ADVANCED_FACE ( 'NONE', ( #1062 ), #2346, .F. ) ;
#694 = DIRECTION ( 'NONE',  ( -1.000000000000000000, 3.309715945158595366E-15, 0.000000000000000000 ) ) ;
#695 = ORIENTED_EDGE ( 'NONE', *, *, #2393, .F. ) ;
#696 = ORIENTED_EDGE ( 'NONE', *, *, #1107, .F. ) ;
#697 = CARTESIAN_POINT ( 'NONE',  ( -11.00000000000000355, 8.584999999999997300, 6.734999999999999432 ) ) ;
#698 = EDGE_CURVE ( 'NONE', #109, #516, #1150, .T. ) ;
#699 = FACE_OUTER_BOUND ( 'NONE', #810, .T. ) ;
#700 = EDGE_CURVE ( 'NONE', #1116, #2722, #3127, .T. ) ;
#701 = LINE ( 'NONE', #2946, #571 ) ;
#702 = CARTESIAN_POINT ( 'NONE',  ( -9.000000000000001776, 8.999999999999996447, 5.234999999999999432 ) ) ;
#703 = DIRECTION ( 'NONE',  ( 0.000000000000000000, -1.000000000000000000, 0.000000000000000000 ) ) ;
#704 = VERTEX_POINT ( 'NONE', #2064 ) ;
#705 = DIRECTION ( 'NONE',  ( -0.8660254037844359321, -0.5000000000000046629, 0.000000000000000000 ) ) ;
#706 = DIRECTION ( 'NONE',  ( -1.000000000000000000, 0.000000000000000000, 0.000000000000000000 ) ) ;
#707 = CARTESIAN_POINT ( 'NONE',  ( -9.000000000000001776, 9.304999999999996163, 7.234999999999999432 ) ) ;
#708 = EDGE_LOOP ( 'NONE', ( #3096, #2332, #417, #47 ) ) ;
#709 = ORIENTED_EDGE ( 'NONE', *, *, #2514, .T. ) ;
#710 = CARTESIAN_POINT ( 'NONE',  ( -10.50000000000001599, 11.00000000000013323, 6.600000000000000533 ) ) ;
#711 = LINE ( 'NONE', #1732, #2696 ) ;
#712 = ORIENTED_EDGE ( 'NONE', *, *, #3087, .F. ) ;
#713 = AXIS2_PLACEMENT_3D ( 'NONE', #3115, #807, #1607 ) ;
#714 = ADVANCED_FACE ( 'NONE', ( #277 ), #294, .T. ) ;
#715 = CARTESIAN_POINT ( 'NONE',  ( 25.63499999999996959, -7.635000000000082387, 6.917500000000000426 ) ) ;
#716 = AXIS2_PLACEMENT_3D ( 'NONE', #2796, #1045, #2581 ) ;
#717 = EDGE_CURVE ( 'NONE', #2831, #548, #2097, .T. ) ;
#718 = LINE ( 'NONE', #3263, #853 ) ;
#719 = AXIS2_PLACEMENT_3D ( 'NONE', #2092, #3114, #1073 ) ;
#720 = CARTESIAN_POINT ( 'NONE',  ( 10.83000000000000362, -8.584999999999997300, 7.234999999999999432 ) ) ;
#721 = ORIENTED_EDGE ( 'NONE', *, *, #1698, .T. ) ;
#722 = CARTESIAN_POINT ( 'NONE',  ( -10.19000000000008299, -8.215495827718530819, 6.734999999999999432 ) ) ;
#723 = VECTOR ( 'NONE', #2220, 100.0000000000000000 ) ;
#724 = DIRECTION ( 'NONE',  ( -0.000000000000000000, 0.000000000000000000, 1.000000000000000000 ) ) ;
#725 = AXIS2_PLACEMENT_3D ( 'NONE', #1433, #1380, #82 ) ;
#726 = DIRECTION ( 'NONE',  ( 1.000000000000000000, -1.047444401652940007E-14, 0.000000000000000000 ) ) ;
#727 = ORIENTED_EDGE ( 'NONE', *, *, #1449, .T. ) ;
#728 = DIRECTION ( 'NONE',  ( 0.000000000000000000, 0.000000000000000000, -1.000000000000000000 ) ) ;
#729 = AXIS2_PLACEMENT_3D ( 'NONE', #2355, #70, #3132 ) ;
#730 = LINE ( 'NONE', #1997, #828 ) ;
#731 = ORIENTED_EDGE ( 'NONE', *, *, #1922, .T. ) ;
#732 = CARTESIAN_POINT ( 'NONE',  ( 9.000000000000028422, 8.999999999999969802, 7.234999999999999432 ) ) ;
#733 = EDGE_CURVE ( 'NONE', #462, #2817, #2548, .T. ) ;
#734 = CARTESIAN_POINT ( 'NONE',  ( 9.784504172281369705, -10.18999999999999595, 7.234999999999999432 ) ) ;
#735 = CARTESIAN_POINT ( 'NONE',  ( -10.50000000000001599, 10.99999999999999645, 0.000000000000000000 ) ) ;
#736 = EDGE_CURVE ( 'NONE', #3186, #81, #793, .T. ) ;
#737 = VERTEX_POINT ( 'NONE', #2044 ) ;
#738 = CARTESIAN_POINT ( 'NONE',  ( 10.19000000000002615, 8.215495827718601873, 7.234999999999999432 ) ) ;
#739 = CARTESIAN_POINT ( 'NONE',  ( 10.36500000000001975, 7.634999999999967812, 7.234999999999999432 ) ) ;
#740 = DIRECTION ( 'NONE',  ( 1.000000000000000000, -3.491481338843133355E-15, 0.000000000000000000 ) ) ;
#741 = ORIENTED_EDGE ( 'NONE', *, *, #926, .F. ) ;
#742 = DIRECTION ( 'NONE',  ( -1.000000000000000000, 4.550094363217858838E-15, 0.000000000000000000 ) ) ;
#743 = ORIENTED_EDGE ( 'NONE', *, *, #2495, .F. ) ;
#744 = VERTEX_POINT ( 'NONE', #1391 ) ;
#745 = PLANE ( 'NONE',  #2867 ) ;
#746 = CARTESIAN_POINT ( 'NONE',  ( -8.585000000000004405, 10.82999999999999652, 7.234999999999999432 ) ) ;
#747 = DIRECTION ( 'NONE',  ( -0.000000000000000000, 0.000000000000000000, 1.000000000000000000 ) ) ;
#748 = VERTEX_POINT ( 'NONE', #1128 ) ;
#749 = DIRECTION ( 'NONE',  ( 3.486881358747459102E-16, 3.486881358747423110E-16, 1.000000000000000000 ) ) ;
#750 = EDGE_CURVE ( 'NONE', #765, #23, #1374, .T. ) ;
#751 = CARTESIAN_POINT ( 'NONE',  ( 11.00000000000000355, -10.49999999999998224, 7.234999999999999432 ) ) ;
#752 = LINE ( 'NONE', #1524, #287 ) ;
#753 = DIRECTION ( 'NONE',  ( 0.000000000000000000, 0.000000000000000000, 1.000000000000000000 ) ) ;
#754 = VERTEX_POINT ( 'NONE', #877 ) ;
#755 = PLANE ( 'NONE',  #295 ) ;
#756 = EDGE_CURVE ( 'NONE', #1261, #1684, #1407, .T. ) ;
#757 = ORIENTED_EDGE ( 'NONE', *, *, #2570, .F. ) ;
#758 = ORIENTED_EDGE ( 'NONE', *, *, #1406, .F. ) ;
#759 = DIRECTION ( 'NONE',  ( 0.000000000000000000, 0.000000000000000000, 1.000000000000000000 ) ) ;
#760 = CARTESIAN_POINT ( 'NONE',  ( 11.00000000000009948, 8.379999999999961702, 3.979999999999877414 ) ) ;
#761 = VECTOR ( 'NONE', #1006, 100.0000000000000000 ) ;
#762 = DIRECTION ( 'NONE',  ( -1.047444401652940007E-14, -1.000000000000000000, 0.000000000000000000 ) ) ;
#763 = CARTESIAN_POINT ( 'NONE',  ( -10.36499999999991317, 7.635000000000104592, 7.234999999999999432 ) ) ;
#764 = VECTOR ( 'NONE', #176, 100.0000000000000142 ) ;
#765 = VERTEX_POINT ( 'NONE', #1864 ) ;
#766 = CARTESIAN_POINT ( 'NONE',  ( -7.799999999999999822, -7.495000000000000107, 2.174999999999999822 ) ) ;
#767 = VECTOR ( 'NONE', #2367, 100.0000000000000000 ) ;
#768 = CARTESIAN_POINT ( 'NONE',  ( -10.83000000000000362, 9.414999999999997371, 7.234999999999999432 ) ) ;
#769 = DIRECTION ( 'NONE',  ( 0.8660254037844307140, -0.5000000000000137668, 0.000000000000000000 ) ) ;
#770 = CARTESIAN_POINT ( 'NONE',  ( -9.000000000000001776, 8.999999999999996447, 7.234999999999999432 ) ) ;
#771 = EDGE_CURVE ( 'NONE', #339, #1621, #2119, .T. ) ;
#772 = ORIENTED_EDGE ( 'NONE', *, *, #2071, .F. ) ;
#773 = VECTOR ( 'NONE', #1144, 100.0000000000000142 ) ;
#774 = EDGE_CURVE ( 'NONE', #2583, #1616, #328, .T. ) ;
#775 = DIRECTION ( 'NONE',  ( 1.047444401652940007E-14, 1.000000000000000000, 0.000000000000000000 ) ) ;
#776 = VECTOR ( 'NONE', #1403, 100.0000000000000000 ) ;
#777 = VERTEX_POINT ( 'NONE', #2920 ) ;
#778 = EDGE_CURVE ( 'NONE', #1640, #1863, #1596, .T. ) ;
#779 = EDGE_LOOP ( 'NONE', ( #1915, #609, #315, #517 ) ) ;
#780 = VERTEX_POINT ( 'NONE', #2150 ) ;
#781 = FACE_OUTER_BOUND ( 'NONE', #2242, .T. ) ;
#782 = VECTOR ( 'NONE', #2405, 100.0000000000000000 ) ;
#783 = LINE ( 'NONE', #1534, #995 ) ;
#784 = EDGE_CURVE ( 'NONE', #1149, #2923, #1662, .T. ) ;
#785 = DIRECTION ( 'NONE',  ( 0.000000000000000000, 1.000000000000000000, 0.000000000000000000 ) ) ;
#786 = DIRECTION ( 'NONE',  ( 1.000000000000000000, 0.000000000000000000, 0.000000000000000000 ) ) ;
#787 = ORIENTED_EDGE ( 'NONE', *, *, #3067, .T. ) ;
#788 = CARTESIAN_POINT ( 'NONE',  ( -9.000000000000090594, -8.694999999999907914, 5.234999999999999432 ) ) ;
#789 = DIRECTION ( 'NONE',  ( 0.000000000000000000, 0.000000000000000000, -1.000000000000000000 ) ) ;
#790 = DIRECTION ( 'NONE',  ( 0.000000000000000000, -1.000000000000000000, 0.000000000000000000 ) ) ;
#791 = PLANE ( 'NONE',  #2745 ) ;
#792 = ORIENTED_EDGE ( 'NONE', *, *, #952, .T. ) ;
#793 = LINE ( 'NONE', #260, #668 ) ;
#794 = EDGE_CURVE ( 'NONE', #2480, #3270, #2885, .T. ) ;
#795 = ORIENTED_EDGE ( 'NONE', *, *, #476, .F. ) ;
#796 = ORIENTED_EDGE ( 'NONE', *, *, #2495, .T. ) ;
#797 = ORIENTED_EDGE ( 'NONE', *, *, #7, .T. ) ;
#798 = FACE_OUTER_BOUND ( 'NONE', #2889, .T. ) ;
#799 = ADVANCED_FACE ( 'NONE', ( #364 ), #2937, .F. ) ;
#800 = CARTESIAN_POINT ( 'NONE',  ( -9.784504172281369705, 10.18999999999999595, 6.734999999999999432 ) ) ;
#801 = VECTOR ( 'NONE', #606, 100.0000000000000000 ) ;
#802 = EDGE_CURVE ( 'NONE', #3014, #917, #1165, .T. ) ;
#803 = CARTESIAN_POINT ( 'NONE',  ( 0.000000000000000000, 0.000000000000000000, 6.917500000000000426 ) ) ;
#804 = DIRECTION ( 'NONE',  ( -0.000000000000000000, 0.000000000000000000, 1.000000000000000000 ) ) ;
#805 = ORIENTED_EDGE ( 'NONE', *, *, #2434, .F. ) ;
#806 = LINE ( 'NONE', #3300, #1466 ) ;
#807 = DIRECTION ( 'NONE',  ( -1.000000000000000000, 3.491481338843133355E-15, 0.000000000000000000 ) ) ;
#808 = FACE_OUTER_BOUND ( 'NONE', #1229, .T. ) ;
#809 = DIRECTION ( 'NONE',  ( -0.7071067811865439090, -0.000000000000000000, -0.7071067811865512365 ) ) ;
#810 = EDGE_LOOP ( 'NONE', ( #1830, #1164, #261, #293 ) ) ;
#811 = FACE_OUTER_BOUND ( 'NONE', #2574, .T. ) ;
#812 = ORIENTED_EDGE ( 'NONE', *, *, #2603, .F. ) ;
#813 = ORIENTED_EDGE ( 'NONE', *, *, #3215, .T. ) ;
#814 = ORIENTED_EDGE ( 'NONE', *, *, #1533, .F. ) ;
#815 = DIRECTION ( 'NONE',  ( -1.000000000000000000, 0.000000000000000000, 0.000000000000000000 ) ) ;
#816 = ADVANCED_FACE ( 'NONE', ( #1916 ), #647, .F. ) ;
#817 = DIRECTION ( 'NONE',  ( 0.000000000000000000, -1.000000000000000000, 0.000000000000000000 ) ) ;
#818 = LINE ( 'NONE', #1836, #465 ) ;
#819 = EDGE_CURVE ( 'NONE', #1901, #1632, #1114, .T. ) ;
#820 = ORIENTED_EDGE ( 'NONE', *, *, #1129, .F. ) ;
#821 = AXIS2_PLACEMENT_3D ( 'NONE', #915, #2649, #2431 ) ;
#822 = DIRECTION ( 'NONE',  ( 0.000000000000000000, 0.000000000000000000, -1.000000000000000000 ) ) ;
#823 = CARTESIAN_POINT ( 'NONE',  ( 7.799999999999999822, -7.799999999999999822, 0.000000000000000000 ) ) ;
#824 = DIRECTION ( 'NONE',  ( 0.000000000000000000, 0.000000000000000000, 1.000000000000000000 ) ) ;
#825 = DIRECTION ( 'NONE',  ( 0.000000000000000000, 1.000000000000000000, 0.000000000000000000 ) ) ;
#826 = ORIENTED_EDGE ( 'NONE', *, *, #1660, .T. ) ;
#827 = LINE ( 'NONE', #1326, #453 ) ;
#828 = VECTOR ( 'NONE', #445, 100.0000000000000000 ) ;
#829 = ORIENTED_EDGE ( 'NONE', *, *, #922, .F. ) ;
#830 = ORIENTED_EDGE ( 'NONE', *, *, #1225, .T. ) ;
#831 = ORIENTED_EDGE ( 'NONE', *, *, #750, .T. ) ;
#832 = DIRECTION ( 'NONE',  ( -1.000000000000000000, 1.047444401652940007E-14, 0.000000000000000000 ) ) ;
#833 = AXIS2_PLACEMENT_3D ( 'NONE', #569, #1833, #2854 ) ;
#834 = LINE ( 'NONE', #1363, #1199 ) ;
#835 = VECTOR ( 'NONE', #2443, 100.0000000000000000 ) ;
#836 = AXIS2_PLACEMENT_3D ( 'NONE', #14, #3029, #282 ) ;
#837 = LINE ( 'NONE', #1399, #321 ) ;
#838 = EDGE_CURVE ( 'NONE', #3038, #3025, #3157, .T. ) ;
#839 = CARTESIAN_POINT ( 'NONE',  ( -10.83000000000000362, 8.584999999999997300, 7.234999999999999432 ) ) ;
#840 = ORIENTED_EDGE ( 'NONE', *, *, #2368, .F. ) ;
#841 = FACE_BOUND ( 'NONE', #2566, .T. ) ;
#842 = EDGE_CURVE ( 'NONE', #943, #1226, #344, .T. ) ;
#843 = CARTESIAN_POINT ( 'NONE',  ( 8.215495827718667599, 10.18999999999997463, 6.734999999999999432 ) ) ;
#844 = CARTESIAN_POINT ( 'NONE',  ( 10.19000000000002615, 8.215495827718601873, 6.734999999999999432 ) ) ;
#845 = ORIENTED_EDGE ( 'NONE', *, *, #3151, .F. ) ;
#846 = CARTESIAN_POINT ( 'NONE',  ( 10.50000000000002132, 11.00000000000006040, 6.600000000000000533 ) ) ;
#847 = EDGE_CURVE ( 'NONE', #2461, #748, #3207, .T. ) ;
#848 = ORIENTED_EDGE ( 'NONE', *, *, #415, .F. ) ;
#849 = ORIENTED_EDGE ( 'NONE', *, *, #2286, .T. ) ;
#850 = CARTESIAN_POINT ( 'NONE',  ( 7.799999999999999822, 7.799999999999999822, 2.174999999999999822 ) ) ;
#851 = LINE ( 'NONE', #2891, #2752 ) ;
#852 = PLANE ( 'NONE',  #2239 ) ;
#853 = VECTOR ( 'NONE', #1000, 100.0000000000000000 ) ;
#854 = CARTESIAN_POINT ( 'NONE',  ( 10.19000000000000306, -8.215495827718632071, 6.734999999999999432 ) ) ;
#855 = ORIENTED_EDGE ( 'NONE', *, *, #1672, .T. ) ;
#856 = CARTESIAN_POINT ( 'NONE',  ( 10.19000000000003148, 9.784504172281332401, 6.734999999999999432 ) ) ;
#857 = CARTESIAN_POINT ( 'NONE',  ( -8.215495827718639177, 10.18999999999999595, 6.734999999999999432 ) ) ;
#858 = CARTESIAN_POINT ( 'NONE',  ( -10.36500000000007482, -7.634999999999895870, 6.917500000000000426 ) ) ;
#859 = ORIENTED_EDGE ( 'NONE', *, *, #1844, .F. ) ;
#860 = EDGE_CURVE ( 'NONE', #2923, #1454, #914, .T. ) ;
#861 = CARTESIAN_POINT ( 'NONE',  ( -9.415000000000002700, 10.82999999999999652, 6.734999999999999432 ) ) ;
#862 = DIRECTION ( 'NONE',  ( 0.000000000000000000, 0.000000000000000000, 1.000000000000000000 ) ) ;
#863 = ORIENTED_EDGE ( 'NONE', *, *, #2865, .F. ) ;
#864 = ORIENTED_EDGE ( 'NONE', *, *, #1068, .T. ) ;
#865 = EDGE_CURVE ( 'NONE', #278, #933, #77, .T. ) ;
#866 = ORIENTED_EDGE ( 'NONE', *, *, #222, .T. ) ;
#867 = DIRECTION ( 'NONE',  ( -1.000000000000000000, 1.863784860936146835E-14, 0.000000000000000000 ) ) ;
#868 = PLANE ( 'NONE',  #83 ) ;
#869 = FACE_OUTER_BOUND ( 'NONE', #12, .T. ) ;
#870 = DIRECTION ( 'NONE',  ( 0.000000000000000000, 1.000000000000000000, 0.000000000000000000 ) ) ;
#871 = ORIENTED_EDGE ( 'NONE', *, *, #1449, .F. ) ;
#872 = LINE ( 'NONE', #1892, #1011 ) ;
#873 = CARTESIAN_POINT ( 'NONE',  ( -11.00000000000008527, -8.584999999999887166, 6.734999999999999432 ) ) ;
#874 = VECTOR ( 'NONE', #2811, 100.0000000000000000 ) ;
#875 = DIRECTION ( 'NONE',  ( 0.8660254037844378194, 0.5000000000000016653, 0.000000000000000000 ) ) ;
#876 = ORIENTED_EDGE ( 'NONE', *, *, #1225, .F. ) ;
#877 = CARTESIAN_POINT ( 'NONE',  ( 9.000000000000001776, -8.694999999999996732, 5.234999999999999432 ) ) ;
#878 = VECTOR ( 'NONE', #740, 100.0000000000000000 ) ;
#879 = DIRECTION ( 'NONE',  ( -0.8660254037844359321, -0.5000000000000046629, 0.000000000000000000 ) ) ;
#880 = EDGE_CURVE ( 'NONE', #1810, #765, #610, .T. ) ;
#881 = ORIENTED_EDGE ( 'NONE', *, *, #930, .T. ) ;
#882 = ORIENTED_EDGE ( 'NONE', *, *, #242, .F. ) ;
#883 = VECTOR ( 'NONE', #2793, 100.0000000000000000 ) ;
#884 = VERTEX_POINT ( 'NONE', #1678 ) ;
#885 = CARTESIAN_POINT ( 'NONE',  ( 11.00000000000009770, -10.49999999999998401, 6.600000000000000533 ) ) ;
#886 = VECTOR ( 'NONE', #3164, 100.0000000000000000 ) ;
#887 = EDGE_CURVE ( 'NONE', #2936, #748, #1962, .T. ) ;
#888 = CARTESIAN_POINT ( 'NONE',  ( 9.000000000000001776, -8.999999999999996447, 5.234999999999999432 ) ) ;
#889 = VECTOR ( 'NONE', #1320, 100.0000000000000000 ) ;
#890 = EDGE_CURVE ( 'NONE', #1657, #1890, #1723, .T. ) ;
#891 = AXIS2_PLACEMENT_3D ( 'NONE', #2654, #418, #2437 ) ;
#892 = CARTESIAN_POINT ( 'NONE',  ( -10.68408308751596181, -10.85145081841677239, 6.451450818416788913 ) ) ;
#893 = ORIENTED_EDGE ( 'NONE', *, *, #102, .F. ) ;
#894 = VECTOR ( 'NONE', #1519, 100.0000000000000000 ) ;
#895 = LINE ( 'NONE', #1673, #2882 ) ;
#896 = CARTESIAN_POINT ( 'NONE',  ( 11.00000000000009770, -10.49999999999998401, 6.600000000000000533 ) ) ;
#897 = LINE ( 'NONE', #1914, #1572 ) ;
#898 = ORIENTED_EDGE ( 'NONE', *, *, #67, .F. ) ;
#899 = DIRECTION ( 'NONE',  ( -0.000000000000000000, 0.000000000000000000, 1.000000000000000000 ) ) ;
#900 = CARTESIAN_POINT ( 'NONE',  ( -9.784504172281469181, -10.18999999999990003, 6.734999999999999432 ) ) ;
#901 = VERTEX_POINT ( 'NONE', #3237 ) ;
#902 = ORIENTED_EDGE ( 'NONE', *, *, #1172, .F. ) ;
#903 = LINE ( 'NONE', #2709, #1202 ) ;
#904 = DIRECTION ( 'NONE',  ( 0.000000000000000000, -1.000000000000000000, 0.000000000000000000 ) ) ;
#905 = EDGE_CURVE ( 'NONE', #65, #81, #219, .T. ) ;
#906 = APPLICATION_PROTOCOL_DEFINITION ( 'draft international standard', 'automotive_design', 1998, #495 ) ;
#907 = LINE ( 'NONE', #3247, #2863 ) ;
#908 = ORIENTED_EDGE ( 'NONE', *, *, #1406, .T. ) ;
#909 = EDGE_CURVE ( 'NONE', #2173, #1631, #457, .T. ) ;
#910 = AXIS2_PLACEMENT_3D ( 'NONE', #470, #171, #2730 ) ;
#911 = LINE ( 'NONE', #1693, #1923 ) ;
#912 = CYLINDRICAL_SURFACE ( 'NONE', #1689, 0.3049999999999997158 ) ;
#913 = ORIENTED_EDGE ( 'NONE', *, *, #576, .T. ) ;
#914 = LINE ( 'NONE', #1931, #1630 ) ;
#915 = CARTESIAN_POINT ( 'NONE',  ( -7.799999999999999822, -7.799999999999999822, 0.000000000000000000 ) ) ;
#916 = CARTESIAN_POINT ( 'NONE',  ( 8.215495827718639177, -10.18999999999999595, 6.734999999999999432 ) ) ;
#917 = VERTEX_POINT ( 'NONE', #3016 ) ;
#918 = VERTEX_POINT ( 'NONE', #678 ) ;
#919 = CARTESIAN_POINT ( 'NONE',  ( 9.415000000000002700, -10.82999999999999652, 6.734999999999999432 ) ) ;
#920 = CARTESIAN_POINT ( 'NONE',  ( 10.76776695296631203, -10.76776695296642394, 6.367766952966212202 ) ) ;
#921 = DIRECTION ( 'NONE',  ( 0.000000000000000000, 0.000000000000000000, 1.000000000000000000 ) ) ;
#922 = EDGE_CURVE ( 'NONE', #2360, #1885, #204, .T. ) ;
#923 = ORIENTED_EDGE ( 'NONE', *, *, #560, .F. ) ;
#924 = CARTESIAN_POINT ( 'NONE',  ( -8.215495827718738653, -10.18999999999991779, 7.234999999999999432 ) ) ;
#925 = FACE_OUTER_BOUND ( 'NONE', #1712, .T. ) ;
#926 = EDGE_CURVE ( 'NONE', #2476, #1149, #1221, .T. ) ;
#927 = EDGE_LOOP ( 'NONE', ( #3211, #962, #195, #2247, #1747, #1061 ) ) ;
#928 = CARTESIAN_POINT ( 'NONE',  ( -9.000000000000090594, -8.999999999999907629, 5.234999999999999432 ) ) ;
#929 = DIRECTION ( 'NONE',  ( -0.5000000000000046629, 0.8660254037844359321, 0.000000000000000000 ) ) ;
#930 = EDGE_CURVE ( 'NONE', #748, #3143, #1975, .T. ) ;
#931 = VERTEX_POINT ( 'NONE', #2493 ) ;
#932 = ORIENTED_EDGE ( 'NONE', *, *, #3276, .T. ) ;
#933 = VERTEX_POINT ( 'NONE', #3266 ) ;
#934 = LINE ( 'NONE', #1460, #723 ) ;
#935 = AXIS2_PLACEMENT_3D ( 'NONE', #1234, #959, #3000 ) ;
#936 = CARTESIAN_POINT ( 'NONE',  ( 7.799999999999999822, 7.799999999999999822, 0.000000000000000000 ) ) ;
#937 = DIRECTION ( 'NONE',  ( -1.000000000000000000, 8.163404592832066703E-15, 0.000000000000000000 ) ) ;
#938 = VECTOR ( 'NONE', #1897, 100.0000000000000000 ) ;
#939 = EDGE_CURVE ( 'NONE', #2722, #1116, #353, .T. ) ;
#940 = VECTOR ( 'NONE', #30, 100.0000000000000000 ) ;
#941 = CYLINDRICAL_SURFACE ( 'NONE', #3155, 0.3049999999999997158 ) ;
#942 = PLANE ( 'NONE',  #1316 ) ;
#943 = VERTEX_POINT ( 'NONE', #1179 ) ;
#944 = AXIS2_PLACEMENT_3D ( 'NONE', #1483, #2504, #954 ) ;
#945 = LINE ( 'NONE', #2732, #86 ) ;
#946 = ADVANCED_FACE ( 'NONE', ( #691 ), #1945, .T. ) ;
#947 = CARTESIAN_POINT ( 'NONE',  ( 8.380000000000000782, -10.99999999999999645, 3.979999999999877414 ) ) ;
#948 =( LENGTH_UNIT ( ) NAMED_UNIT ( * ) SI_UNIT ( .CENTI., .METRE. ) );
#949 = EDGE_LOOP ( 'NONE', ( #2084, #2686, #164, #1319 ) ) ;
#950 = ORIENTED_EDGE ( 'NONE', *, *, #1507, .T. ) ;
#951 = DIRECTION ( 'NONE',  ( 0.000000000000000000, 1.000000000000000000, 0.000000000000000000 ) ) ;
#952 = EDGE_CURVE ( 'NONE', #1621, #2363, #424, .T. ) ;
#953 = CARTESIAN_POINT ( 'NONE',  ( -7.634999999999996234, -10.99999999999999645, 7.234999999999999432 ) ) ;
#954 = DIRECTION ( 'NONE',  ( 0.000000000000000000, -1.000000000000000000, 0.000000000000000000 ) ) ;
#955 = PRODUCT ( 'elevated-cell_61', 'elevated-cell_61', '', ( #2929 ) ) ;
#956 = CARTESIAN_POINT ( 'NONE',  ( -10.50000000000009770, -10.99999999999989342, 7.234999999999999432 ) ) ;
#957 = ORIENTED_EDGE ( 'NONE', *, *, #2197, .F. ) ;
#958 = DIRECTION ( 'NONE',  ( 0.000000000000000000, -1.000000000000000000, 0.000000000000000000 ) ) ;
#959 = DIRECTION ( 'NONE',  ( 0.000000000000000000, 0.000000000000000000, -1.000000000000000000 ) ) ;
#960 = FACE_OUTER_BOUND ( 'NONE', #2998, .T. ) ;
#961 = EDGE_CURVE ( 'NONE', #2181, #3038, #2969, .T. ) ;
#962 = ORIENTED_EDGE ( 'NONE', *, *, #1304, .F. ) ;
#963 = EDGE_LOOP ( 'NONE', ( #1239, #3002, #416, #1385 ) ) ;
#964 = PLANE ( 'NONE',  #2591 ) ;
#965 = CARTESIAN_POINT ( 'NONE',  ( -9.415000000000002700, 10.82999999999999652, 7.234999999999999432 ) ) ;
#966 = EDGE_CURVE ( 'NONE', #1684, #1728, #945, .T. ) ;
#967 = DIRECTION ( 'NONE',  ( -1.000000000000000000, 1.029267862284486287E-14, -0.000000000000000000 ) ) ;
#968 = DIRECTION ( 'NONE',  ( 0.000000000000000000, -1.000000000000000000, 0.000000000000000000 ) ) ;
#969 = DIRECTION ( 'NONE',  ( -0.000000000000000000, 0.000000000000000000, 1.000000000000000000 ) ) ;
#970 = ORIENTED_EDGE ( 'NONE', *, *, #1002, .F. ) ;
#971 = DIRECTION ( 'NONE',  ( 1.000000000000000000, -9.100188726435717676E-15, 0.000000000000000000 ) ) ;
#972 = DIRECTION ( 'NONE',  ( -3.491481338843132961E-15, -1.000000000000000000, 0.000000000000000000 ) ) ;
#973 = ORIENTED_EDGE ( 'NONE', *, *, #493, .T. ) ;
#974 = ORIENTED_EDGE ( 'NONE', *, *, #1781, .T. ) ;
#975 = CARTESIAN_POINT ( 'NONE',  ( 9.000000000000028422, 8.999999999999969802, 5.234999999999999432 ) ) ;
#976 = EDGE_CURVE ( 'NONE', #2975, #1763, #1488, .T. ) ;
#977 = LINE ( 'NONE', #2500, #2264 ) ;
#978 = ORIENTED_EDGE ( 'NONE', *, *, #1186, .T. ) ;
#979 = VECTOR ( 'NONE', #2198, 100.0000000000000000 ) ;
#980 = EDGE_LOOP ( 'NONE', ( #2784, #1432, #2508, #1360 ) ) ;
#981 = EDGE_CURVE ( 'NONE', #1284, #143, #2054, .T. ) ;
#982 = VECTOR ( 'NONE', #2114, 100.0000000000000000 ) ;
#983 = CARTESIAN_POINT ( 'NONE',  ( -8.585000000000110987, -10.82999999999991303, 6.734999999999999432 ) ) ;
#984 = CIRCLE ( 'NONE', #1628, 0.3049999999999997158 ) ;
#985 = DIRECTION ( 'NONE',  ( 0.000000000000000000, 0.000000000000000000, -1.000000000000000000 ) ) ;
#986 = VECTOR ( 'NONE', #1880, 100.0000000000000000 ) ;
#987 = CARTESIAN_POINT ( 'NONE',  ( 10.83000000000003027, 9.414999999999965397, 6.734999999999999432 ) ) ;
#988 = EDGE_LOOP ( 'NONE', ( #1133, #2617, #595, #2717 ) ) ;
#989 = CARTESIAN_POINT ( 'NONE',  ( 10.83000000000000362, -8.584999999999997300, 7.234999999999999432 ) ) ;
#990 = DIRECTION ( 'NONE',  ( 0.000000000000000000, 1.000000000000000000, 0.000000000000000000 ) ) ;
#991 = VECTOR ( 'NONE', #1970, 100.0000000000000000 ) ;
#992 = DIRECTION ( 'NONE',  ( 0.000000000000000000, 0.000000000000000000, -1.000000000000000000 ) ) ;
#993 = EDGE_LOOP ( 'NONE', ( #913, #2924, #1993, #731 ) ) ;
#994 = CARTESIAN_POINT ( 'NONE',  ( 11.00000000000003197, 10.49999999999997691, 0.000000000000000000 ) ) ;
#995 = VECTOR ( 'NONE', #2034, 100.0000000000000000 ) ;
#996 = EDGE_LOOP ( 'NONE', ( #119, #2284, #2847, #1967, #2902, #2159, #2055, #437, #978, #1564, #1138, #1259, #2400, #2435, #1648, #2154 ) ) ;
#997 = ORIENTED_EDGE ( 'NONE', *, *, #2019, .T. ) ;
#998 = DIRECTION ( 'NONE',  ( 0.000000000000000000, 0.000000000000000000, 1.000000000000000000 ) ) ;
#999 = EDGE_CURVE ( 'NONE', #65, #214, #1709, .T. ) ;
#1000 = DIRECTION ( 'NONE',  ( 0.4999999999999956146, -0.8660254037844411501, 0.000000000000000000 ) ) ;
#1001 = DIRECTION ( 'NONE',  ( 0.000000000000000000, -1.000000000000000000, 0.000000000000000000 ) ) ;
#1002 = EDGE_CURVE ( 'NONE', #1846, #1813, #2430, .T. ) ;
#1003 = ORIENTED_EDGE ( 'NONE', *, *, #1535, .T. ) ;
#1004 = LINE ( 'NONE', #1557, #1900 ) ;
#1005 = PRODUCT_DEFINITION_CONTEXT ( 'detailed design', #562, 'design' ) ;
#1006 = DIRECTION ( 'NONE',  ( 0.000000000000000000, 0.000000000000000000, -1.000000000000000000 ) ) ;
#1007 = CARTESIAN_POINT ( 'NONE',  ( 10.19000000000003148, 9.784504172281332401, 6.734999999999999432 ) ) ;
#1008 = LINE ( 'NONE', #1560, #1834 ) ;
#1009 = ORIENTED_EDGE ( 'NONE', *, *, #111, .T. ) ;
#1010 = CARTESIAN_POINT ( 'NONE',  ( -8.380000000000000782, 10.99999999999999645, 3.979999999999877414 ) ) ;
#1011 = VECTOR ( 'NONE', #2915, 100.0000000000000000 ) ;
#1012 = EDGE_LOOP ( 'NONE', ( #1342, #2452, #2968, #511 ) ) ;
#1013 = ORIENTED_EDGE ( 'NONE', *, *, #2169, .T. ) ;
#1014 = DIRECTION ( 'NONE',  ( 0.000000000000000000, 0.000000000000000000, 1.000000000000000000 ) ) ;
#1015 = FACE_OUTER_BOUND ( 'NONE', #1232, .T. ) ;
#1016 = PLANE ( 'NONE',  #266 ) ;
#1017 = EDGE_CURVE ( 'NONE', #646, #65, #1427, .T. ) ;
#1018 = LINE ( 'NONE', #486, #3292 ) ;
#1019 = ORIENTED_EDGE ( 'NONE', *, *, #1412, .T. ) ;
#1020 = DIRECTION ( 'NONE',  ( 0.000000000000000000, 1.000000000000000000, 0.000000000000000000 ) ) ;
#1021 = FACE_OUTER_BOUND ( 'NONE', #99, .T. ) ;
#1022 = EDGE_CURVE ( 'NONE', #64, #2549, #189, .T. ) ;
#1023 = PLANE ( 'NONE',  #2258 ) ;
#1024 = LINE ( 'NONE', #2780, #133 ) ;
#1025 = ORIENTED_EDGE ( 'NONE', *, *, #3233, .T. ) ;
#1026 = CARTESIAN_POINT ( 'NONE',  ( -9.000000000000090594, -8.999999999999907629, 5.234999999999999432 ) ) ;
#1027 = ORIENTED_EDGE ( 'NONE', *, *, #1044, .F. ) ;
#1028 = ORIENTED_EDGE ( 'NONE', *, *, #1817, .F. ) ;
#1029 = CARTESIAN_POINT ( 'NONE',  ( 9.784504172281369705, -10.18999999999999595, 7.234999999999999432 ) ) ;
#1030 = FACE_OUTER_BOUND ( 'NONE', #599, .T. ) ;
#1031 = VECTOR ( 'NONE', #1724, 100.0000000000000000 ) ;
#1032 = LINE ( 'NONE', #2301, #3209 ) ;
#1033 = CARTESIAN_POINT ( 'NONE',  ( -8.380000000000000782, 10.99999999999999645, 3.979999999999877414 ) ) ;
#1034 = VECTOR ( 'NONE', #2464, 100.0000000000000000 ) ;
#1035 = ORIENTED_EDGE ( 'NONE', *, *, #1017, .T. ) ;
#1036 = EDGE_CURVE ( 'NONE', #1268, #1192, #1303, .T. ) ;
#1037 = DIRECTION ( 'NONE',  ( 0.000000000000000000, -1.000000000000000000, 0.000000000000000000 ) ) ;
#1038 = VECTOR ( 'NONE', #1346, 100.0000000000000000 ) ;
#1039 = CARTESIAN_POINT ( 'NONE',  ( -10.19000000000000306, 8.215495827718632071, 6.734999999999999432 ) ) ;
#1040 = CARTESIAN_POINT ( 'NONE',  ( 9.784504172281398127, 10.18999999999996930, 6.734999999999999432 ) ) ;
#1041 = CARTESIAN_POINT ( 'NONE',  ( 9.000000000000001776, -9.304999999999996163, 7.234999999999999432 ) ) ;
#1042 = ORIENTED_EDGE ( 'NONE', *, *, #1238, .F. ) ;
#1043 = VECTOR ( 'NONE', #2276, 100.0000000000000000 ) ;
#1044 = EDGE_CURVE ( 'NONE', #918, #462, #2221, .T. ) ;
#1045 = DIRECTION ( 'NONE',  ( 0.8660254037844378194, 0.5000000000000016653, 0.000000000000000000 ) ) ;
#1046 = CIRCLE ( 'NONE', #2170, 0.3049999999999997158 ) ;
#1047 = ORIENTED_EDGE ( 'NONE', *, *, #2066, .F. ) ;
#1048 = VERTEX_POINT ( 'NONE', #4 ) ;
#1049 = EDGE_CURVE ( 'NONE', #227, #1960, #296, .T. ) ;
#1050 = ORIENTED_EDGE ( 'NONE', *, *, #2169, .F. ) ;
#1051 = CARTESIAN_POINT ( 'NONE',  ( 9.000000000000028422, 8.694999999999970086, 5.234999999999999432 ) ) ;
#1052 = CIRCLE ( 'NONE', #247, 0.3049999999999997158 ) ;
#1053 = LINE ( 'NONE', #1297, #3028 ) ;
#1054 = PLANE ( 'NONE',  #1067 ) ;
#1055 = DIRECTION ( 'NONE',  ( 0.000000000000000000, 0.000000000000000000, 1.000000000000000000 ) ) ;
#1056 = VERTEX_POINT ( 'NONE', #2011 ) ;
#1057 = CARTESIAN_POINT ( 'NONE',  ( -9.784504172281469181, -10.18999999999990003, 7.234999999999999432 ) ) ;
#1058 = PLANE ( 'NONE',  #1725 ) ;
#1059 = FACE_OUTER_BOUND ( 'NONE', #2043, .T. ) ;
#1060 = LINE ( 'NONE', #1504, #2797 ) ;
#1061 = ORIENTED_EDGE ( 'NONE', *, *, #952, .F. ) ;
#1062 = FACE_OUTER_BOUND ( 'NONE', #429, .T. ) ;
#1063 = ADVANCED_FACE ( 'NONE', ( #1574 ), #2843, .T. ) ;
#1064 = ORIENTED_EDGE ( 'NONE', *, *, #981, .T. ) ;
#1065 = ORIENTED_EDGE ( 'NONE', *, *, #939, .T. ) ;
#1066 = CARTESIAN_POINT ( 'NONE',  ( 8.380000000000002558, 8.379999999999974136, 0.000000000000000000 ) ) ;
#1067 = AXIS2_PLACEMENT_3D ( 'NONE', #2072, #283, #1835 ) ;
#1068 = EDGE_CURVE ( 'NONE', #1728, #1657, #1251, .T. ) ;
#1069 = DIRECTION ( 'NONE',  ( 0.000000000000000000, 1.000000000000000000, 0.000000000000000000 ) ) ;
#1070 = VECTOR ( 'NONE', #1958, 100.0000000000000000 ) ;
#1071 = CARTESIAN_POINT ( 'NONE',  ( -7.634999999999993570, -25.63499999999999801, 7.234999999999999432 ) ) ;
#1072 = ORIENTED_EDGE ( 'NONE', *, *, #1494, .F. ) ;
#1073 = DIRECTION ( 'NONE',  ( 0.000000000000000000, 1.000000000000000000, 0.000000000000000000 ) ) ;
#1074 = PLANE ( 'NONE',  #713 ) ;
#1075 = CARTESIAN_POINT ( 'NONE',  ( 0.000000000000000000, 0.000000000000000000, 6.734999999999999432 ) ) ;
#1076 = CARTESIAN_POINT ( 'NONE',  ( -25.63500000000007617, -7.634999999999739551, 7.234999999999999432 ) ) ;
#1077 = ORIENTED_EDGE ( 'NONE', *, *, #2907, .F. ) ;
#1078 = DIRECTION ( 'NONE',  ( 0.000000000000000000, -1.000000000000000000, 0.000000000000000000 ) ) ;
#1079 = ORIENTED_EDGE ( 'NONE', *, *, #576, .F. ) ;
#1080 = EDGE_LOOP ( 'NONE', ( #3250, #2395, #254, #3275 ) ) ;
#1081 = ORIENTED_EDGE ( 'NONE', *, *, #2884, .T. ) ;
#1082 = DIRECTION ( 'NONE',  ( 0.000000000000000000, -1.000000000000000000, 0.000000000000000000 ) ) ;
#1083 = ADVANCED_FACE ( 'NONE', ( #2324 ), #1771, .F. ) ;
#1084 = EDGE_CURVE ( 'NONE', #1497, #1458, #2594, .T. ) ;
#1085 = DIRECTION ( 'NONE',  ( 1.000000000000000000, -1.047444401652940007E-14, 0.000000000000000000 ) ) ;
#1086 = CARTESIAN_POINT ( 'NONE',  ( 9.415000000000036451, 10.99999999999996980, 7.234999999999999432 ) ) ;
#1087 = VERTEX_POINT ( 'NONE', #2292 ) ;
#1088 = AXIS2_PLACEMENT_3D ( 'NONE', #3208, #1180, #1917 ) ;
#1089 = EDGE_CURVE ( 'NONE', #2990, #2031, #2038, .T. ) ;
#1090 = DIRECTION ( 'NONE',  ( -1.000000000000000000, 1.047444401652940007E-14, 0.000000000000000000 ) ) ;
#1091 = VECTOR ( 'NONE', #3052, 100.0000000000000000 ) ;
#1092 = CARTESIAN_POINT ( 'NONE',  ( 10.36499999999996646, -7.635000000000031761, 7.234999999999999432 ) ) ;
#1093 = CARTESIAN_POINT ( 'NONE',  ( -9.000000000000001776, 9.304999999999996163, 5.234999999999999432 ) ) ;
#1094 = EDGE_LOOP ( 'NONE', ( #1065, #1949 ) ) ;
#1095 = CARTESIAN_POINT ( 'NONE',  ( 10.59467748597747594, 10.92899188551688994, 6.528991885516828297 ) ) ;
#1096 = AXIS2_PLACEMENT_3D ( 'NONE', #1954, #1688, #2756 ) ;
#1097 = AXIS2_PLACEMENT_3D ( 'NONE', #3061, #1269, #235 ) ;
#1098 = ORIENTED_EDGE ( 'NONE', *, *, #865, .T. ) ;
#1099 = EDGE_LOOP ( 'NONE', ( #363, #863, #2384, #382 ) ) ;
#1100 = ORIENTED_EDGE ( 'NONE', *, *, #3030, .T. ) ;
#1101 = LINE ( 'NONE', #2418, #1581 ) ;
#1102 = AXIS2_PLACEMENT_3D ( 'NONE', #2351, #759, #1783 ) ;
#1103 = CARTESIAN_POINT ( 'NONE',  ( 10.83000000000003027, 9.414999999999965397, 7.234999999999999432 ) ) ;
#1104 = VECTOR ( 'NONE', #1605, 100.0000000000000000 ) ;
#1105 = VECTOR ( 'NONE', #1766, 100.0000000000000000 ) ;
#1106 = CARTESIAN_POINT ( 'NONE',  ( -10.92899188551697343, -10.59467748597739600, 6.528991885516877147 ) ) ;
#1107 = EDGE_CURVE ( 'NONE', #2037, #632, #806, .T. ) ;
#1108 = ORIENTED_EDGE ( 'NONE', *, *, #2857, .T. ) ;
#1109 = LINE ( 'NONE', #856, #3311 ) ;
#1110 = LINE ( 'NONE', #857, #3078 ) ;
#1111 = EDGE_CURVE ( 'NONE', #2567, #1695, #1004, .T. ) ;
#1112 = DIRECTION ( 'NONE',  ( 0.000000000000000000, 0.000000000000000000, 1.000000000000000000 ) ) ;
#1113 = ORIENTED_EDGE ( 'NONE', *, *, #2105, .F. ) ;
#1114 = LINE ( 'NONE', #1611, #1415 ) ;
#1115 = EDGE_LOOP ( 'NONE', ( #1100, #2646, #1294, #98 ) ) ;
#1116 = VERTEX_POINT ( 'NONE', #788 ) ;
#1117 = ORIENTED_EDGE ( 'NONE', *, *, #2268, .T. ) ;
#1118 = CARTESIAN_POINT ( 'NONE',  ( 10.92899188551690415, -10.59467748597746706, 6.528991885516807869 ) ) ;
#1119 = DIRECTION ( 'NONE',  ( 0.000000000000000000, 0.000000000000000000, -1.000000000000000000 ) ) ;
#1120 = AXIS2_PLACEMENT_3D ( 'NONE', #1986, #985, #2506 ) ;
#1121 = CYLINDRICAL_SURFACE ( 'NONE', #2806, 0.3049999999999997158 ) ;
#1122 = ORIENTED_EDGE ( 'NONE', *, *, #2193, .T. ) ;
#1123 = ADVANCED_FACE ( 'NONE', ( #2522 ), #38, .F. ) ;
#1124 = DIRECTION ( 'NONE',  ( 1.000000000000000000, 0.000000000000000000, 0.000000000000000000 ) ) ;
#1125 = DIRECTION ( 'NONE',  ( 0.000000000000000000, -1.000000000000000000, 0.000000000000000000 ) ) ;
#1126 = CARTESIAN_POINT ( 'NONE',  ( 10.99999999999999645, 7.634999999999966924, 6.917500000000000426 ) ) ;
#1127 = VERTEX_POINT ( 'NONE', #1057 ) ;
#1128 = CARTESIAN_POINT ( 'NONE',  ( -7.635000000000004228, 10.36499999999999311, 7.234999999999999432 ) ) ;
#1129 = EDGE_CURVE ( 'NONE', #1226, #2825, #308, .T. ) ;
#1130 = LINE ( 'NONE', #1146, #1780 ) ;
#1131 = ORIENTED_EDGE ( 'NONE', *, *, #602, .T. ) ;
#1132 = ORIENTED_EDGE ( 'NONE', *, *, #733, .T. ) ;
#1133 = ORIENTED_EDGE ( 'NONE', *, *, #1507, .F. ) ;
#1134 = DIRECTION ( 'NONE',  ( 0.000000000000000000, 1.000000000000000000, 0.000000000000000000 ) ) ;
#1135 = DIRECTION ( 'NONE',  ( 1.817653936845376936E-16, -1.000000000000000000, 0.000000000000000000 ) ) ;
#1136 = DIRECTION ( 'NONE',  ( -0.000000000000000000, 0.000000000000000000, 1.000000000000000000 ) ) ;
#1137 = CARTESIAN_POINT ( 'NONE',  ( 9.784504172281398127, 10.18999999999996930, 6.734999999999999432 ) ) ;
#1138 = ORIENTED_EDGE ( 'NONE', *, *, #124, .T. ) ;
#1139 = DIRECTION ( 'NONE',  ( 0.000000000000000000, -1.000000000000000000, 0.000000000000000000 ) ) ;
#1140 = CARTESIAN_POINT ( 'NONE',  ( -7.799999999999998934, 7.800000000000001599, 2.174999999999999822 ) ) ;
#1141 = CIRCLE ( 'NONE', #2908, 0.3049999999999997158 ) ;
#1142 = CARTESIAN_POINT ( 'NONE',  ( 11.00000000000009770, -10.99999999999999645, 6.600000000000000533 ) ) ;
#1143 = ORIENTED_EDGE ( 'NONE', *, *, #2105, .T. ) ;
#1144 = DIRECTION ( 'NONE',  ( 0.5773502691896230665, -0.5773502691896250649, -0.5773502691896290617 ) ) ;
#1145 = VECTOR ( 'NONE', #2750, 100.0000000000000000 ) ;
#1146 = CARTESIAN_POINT ( 'NONE',  ( 10.83000000000000362, -9.414999999999997371, 6.734999999999999432 ) ) ;
#1147 = ORIENTED_EDGE ( 'NONE', *, *, #1451, .F. ) ;
#1148 = EDGE_CURVE ( 'NONE', #1610, #299, #2340, .T. ) ;
#1149 = VERTEX_POINT ( 'NONE', #2560 ) ;
#1150 = CIRCLE ( 'NONE', #507, 0.3049999999999997158 ) ;
#1151 = ORIENTED_EDGE ( 'NONE', *, *, #2004, .T. ) ;
#1152 = CARTESIAN_POINT ( 'NONE',  ( 10.83000000000003027, 9.414999999999965397, 6.734999999999999432 ) ) ;
#1153 = AXIS2_PLACEMENT_3D ( 'NONE', #1502, #288, #1758 ) ;
#1154 = CARTESIAN_POINT ( 'NONE',  ( -8.585000000000002629, 10.99999999999999645, 7.234999999999999432 ) ) ;
#1155 = EDGE_CURVE ( 'NONE', #918, #1799, #2056, .T. ) ;
#1156 = VECTOR ( 'NONE', #585, 100.0000000000000000 ) ;
#1157 = DIRECTION ( 'NONE',  ( 0.5000000000000046629, 0.8660254037844359321, 0.000000000000000000 ) ) ;
#1158 = AXIS2_PLACEMENT_3D ( 'NONE', #2639, #2458, #669 ) ;
#1159 = CARTESIAN_POINT ( 'NONE',  ( 9.415000000000002700, -10.82999999999999652, 7.234999999999999432 ) ) ;
#1160 = ORIENTED_EDGE ( 'NONE', *, *, #1288, .F. ) ;
#1161 = VECTOR ( 'NONE', #2609, 100.0000000000000000 ) ;
#1162 = FACE_OUTER_BOUND ( 'NONE', #2746, .T. ) ;
#1163 = CARTESIAN_POINT ( 'NONE',  ( 9.415000000000036451, 10.99999999999996980, 6.734999999999999432 ) ) ;
#1164 = ORIENTED_EDGE ( 'NONE', *, *, #1716, .F. ) ;
#1165 = LINE ( 'NONE', #125, #1248 ) ;
#1166 = CARTESIAN_POINT ( 'NONE',  ( -10.83000000000009422, -9.414999999999889013, 6.734999999999999432 ) ) ;
#1167 = ORIENTED_EDGE ( 'NONE', *, *, #2475, .T. ) ;
#1168 = VERTEX_POINT ( 'NONE', #738 ) ;
#1169 = CARTESIAN_POINT ( 'NONE',  ( 10.85145081841681503, -10.68408308751592983, 6.451450818416716970 ) ) ;
#1170 = EDGE_CURVE ( 'NONE', #1547, #2975, #489, .T. ) ;
#1171 = CARTESIAN_POINT ( 'NONE',  ( 10.83000000000000362, -9.414999999999997371, 7.234999999999999432 ) ) ;
#1172 = EDGE_CURVE ( 'NONE', #2714, #684, #255, .T. ) ;
#1173 = CARTESIAN_POINT ( 'NONE',  ( 10.19000000000000306, -8.215495827718632071, 6.734999999999999432 ) ) ;
#1174 = PLANE ( 'NONE',  #1690 ) ;
#1175 = ORIENTED_EDGE ( 'NONE', *, *, #1600, .T. ) ;
#1176 = DIRECTION ( 'NONE',  ( 0.000000000000000000, 0.000000000000000000, -1.000000000000000000 ) ) ;
#1177 = DIRECTION ( 'NONE',  ( -1.000000000000000000, 1.047444401652940007E-14, 0.000000000000000000 ) ) ;
#1178 = EDGE_LOOP ( 'NONE', ( #690, #1292, #3040, #1302 ) ) ;
#1179 = CARTESIAN_POINT ( 'NONE',  ( -11.00000000000010481, -10.49999999999990052, 7.234999999999999432 ) ) ;
#1180 = DIRECTION ( 'NONE',  ( 0.000000000000000000, 0.000000000000000000, 1.000000000000000000 ) ) ;
#1181 =( NAMED_UNIT ( * ) SI_UNIT ( $, .STERADIAN. ) SOLID_ANGLE_UNIT ( ) );
#1182 = ORIENTED_EDGE ( 'NONE', *, *, #1470, .T. ) ;
#1183 = ORIENTED_EDGE ( 'NONE', *, *, #3158, .T. ) ;
#1184 = CARTESIAN_POINT ( 'NONE',  ( 7.799999999999999822, -7.799999999999999822, 0.000000000000000000 ) ) ;
#1185 = CARTESIAN_POINT ( 'NONE',  ( 9.000000000000028422, 8.999999999999969802, 7.234999999999999432 ) ) ;
#1186 = EDGE_CURVE ( 'NONE', #682, #1810, #18, .T. ) ;
#1187 = FACE_BOUND ( 'NONE', #2423, .T. ) ;
#1188 = ADVANCED_FACE ( 'NONE', ( #1840 ), #2862, .F. ) ;
#1189 = LINE ( 'NONE', #1484, #588 ) ;
#1190 = DIRECTION ( 'NONE',  ( 0.000000000000000000, 0.000000000000000000, 1.000000000000000000 ) ) ;
#1191 = EDGE_CURVE ( 'NONE', #744, #60, #1315, .T. ) ;
#1192 = VERTEX_POINT ( 'NONE', #2607 ) ;
#1193 = DIRECTION ( 'NONE',  ( -0.000000000000000000, 0.000000000000000000, 1.000000000000000000 ) ) ;
#1194 = FACE_OUTER_BOUND ( 'NONE', #708, .T. ) ;
#1195 = ORIENTED_EDGE ( 'NONE', *, *, #1186, .F. ) ;
#1196 = VECTOR ( 'NONE', #706, 100.0000000000000000 ) ;
#1197 = STYLED_ITEM ( 'NONE', ( #1682 ), #62 ) ;
#1198 = DIRECTION ( 'NONE',  ( 1.047444401652940007E-14, 1.000000000000000000, 0.000000000000000000 ) ) ;
#1199 = VECTOR ( 'NONE', #2386, 100.0000000000000000 ) ;
#1200 = DIRECTION ( 'NONE',  ( -8.163404592832066703E-15, -1.000000000000000000, 0.000000000000000000 ) ) ;
#1201 = VECTOR ( 'NONE', #145, 100.0000000000000000 ) ;
#1202 = VECTOR ( 'NONE', #2385, 100.0000000000000000 ) ;
#1203 = CARTESIAN_POINT ( 'NONE',  ( 9.415000000000034674, 10.82999999999996987, 6.734999999999999432 ) ) ;
#1204 = ADVANCED_FACE ( 'NONE', ( #2069 ), #66, .F. ) ;
#1205 = FACE_OUTER_BOUND ( 'NONE', #2171, .T. ) ;
#1206 = EDGE_LOOP ( 'NONE', ( #63, #3053, #3243, #563, #3089 ) ) ;
#1207 = AXIS2_PLACEMENT_3D ( 'NONE', #1033, #306, #54 ) ;
#1208 = CARTESIAN_POINT ( 'NONE',  ( 9.415000000000034674, 10.82999999999996987, 6.734999999999999432 ) ) ;
#1209 = CARTESIAN_POINT ( 'NONE',  ( 7.635000000000004228, -10.99999999999999645, 0.000000000000000000 ) ) ;
#1210 = ADVANCED_FACE ( 'NONE', ( #781 ), #2050, .F. ) ;
#1211 = CARTESIAN_POINT ( 'NONE',  ( 7.635000000000004228, -10.99999999999999645, 6.917500000000000426 ) ) ;
#1212 = VERTEX_POINT ( 'NONE', #2316 ) ;
#1213 = ORIENTED_EDGE ( 'NONE', *, *, #2469, .T. ) ;
#1214 = CARTESIAN_POINT ( 'NONE',  ( -10.59467748597744041, 10.92899188551692191, 6.528991885516788329 ) ) ;
#1215 = LINE ( 'NONE', #432, #1838 ) ;
#1216 = LINE ( 'NONE', #1450, #835 ) ;
#1217 = DIRECTION ( 'NONE',  ( 0.000000000000000000, 0.000000000000000000, 1.000000000000000000 ) ) ;
#1218 = CARTESIAN_POINT ( 'NONE',  ( -7.634999999999996234, -10.36499999999999311, 6.917500000000000426 ) ) ;
#1219 = ORIENTED_EDGE ( 'NONE', *, *, #205, .F. ) ;
#1220 = ADVANCED_FACE ( 'NONE', ( #319 ), #2587, .T. ) ;
#1221 = LINE ( 'NONE', #2986, #512 ) ;
#1222 = CARTESIAN_POINT ( 'NONE',  ( 9.000000000000001776, -8.999999999999996447, 5.234999999999999432 ) ) ;
#1223 = VECTOR ( 'NONE', #2391, 100.0000000000000000 ) ;
#1224 = EDGE_LOOP ( 'NONE', ( #3088, #2098, #613, #845 ) ) ;
#1225 = EDGE_CURVE ( 'NONE', #777, #1951, #1816, .T. ) ;
#1226 = VERTEX_POINT ( 'NONE', #1853 ) ;
#1227 = DIRECTION ( 'NONE',  ( 0.000000000000000000, 1.000000000000000000, 0.000000000000000000 ) ) ;
#1228 = DIRECTION ( 'NONE',  ( 0.000000000000000000, 1.000000000000000000, 0.000000000000000000 ) ) ;
#1229 = EDGE_LOOP ( 'NONE', ( #188, #533, #1309, #3255 ) ) ;
#1230 = FACE_OUTER_BOUND ( 'NONE', #3226, .T. ) ;
#1231 = LINE ( 'NONE', #2253, #3097 ) ;
#1232 = EDGE_LOOP ( 'NONE', ( #813, #2121 ) ) ;
#1233 = CARTESIAN_POINT ( 'NONE',  ( 11.00000000000010125, 11.00000000000006217, 6.600000000000004086 ) ) ;
#1234 = CARTESIAN_POINT ( 'NONE',  ( 7.799999999999999822, -7.799999999999999822, 2.174999999999999822 ) ) ;
#1235 = DIRECTION ( 'NONE',  ( -0.5000000000000059952, -0.8660254037844352659, 0.000000000000000000 ) ) ;
#1236 = ORIENTED_EDGE ( 'NONE', *, *, #471, .T. ) ;
#1237 = CARTESIAN_POINT ( 'NONE',  ( -7.799999999999998934, 7.800000000000001599, 2.174999999999999822 ) ) ;
#1238 = EDGE_CURVE ( 'NONE', #3025, #2835, #2335, .T. ) ;
#1239 = ORIENTED_EDGE ( 'NONE', *, *, #1129, .T. ) ;
#1240 = ORIENTED_EDGE ( 'NONE', *, *, #999, .T. ) ;
#1241 = VECTOR ( 'NONE', #1428, 100.0000000000000000 ) ;
#1242 = ORIENTED_EDGE ( 'NONE', *, *, #3060, .F. ) ;
#1243 = VECTOR ( 'NONE', #2645, 100.0000000000000000 ) ;
#1244 = ADVANCED_FACE ( 'NONE', ( #2552 ), #2803, .F. ) ;
#1245 = CARTESIAN_POINT ( 'NONE',  ( -11.00000000000008527, -8.584999999999887166, 6.734999999999999432 ) ) ;
#1246 = VECTOR ( 'NONE', #2959, 100.0000000000000000 ) ;
#1247 = CARTESIAN_POINT ( 'NONE',  ( 10.19000000000000306, -8.215495827718632071, 6.734999999999999432 ) ) ;
#1248 = VECTOR ( 'NONE', #2166, 100.0000000000000000 ) ;
#1249 = DIRECTION ( 'NONE',  ( 0.000000000000000000, 0.000000000000000000, 1.000000000000000000 ) ) ;
#1250 = ORIENTED_EDGE ( 'NONE', *, *, #1888, .F. ) ;
#1251 = LINE ( 'NONE', #556, #2374 ) ;
#1252 = CYLINDRICAL_SURFACE ( 'NONE', #935, 0.3049999999999997158 ) ;
#1253 = FACE_OUTER_BOUND ( 'NONE', #1778, .T. ) ;
#1254 = AXIS2_PLACEMENT_3D ( 'NONE', #172, #3249, #2199 ) ;
#1255 = CARTESIAN_POINT ( 'NONE',  ( -9.000000000000090594, -8.999999999999907629, 5.234999999999999432 ) ) ;
#1256 = ORIENTED_EDGE ( 'NONE', *, *, #887, .T. ) ;
#1257 = DIRECTION ( 'NONE',  ( 1.000000000000000000, 0.000000000000000000, 0.000000000000000000 ) ) ;
#1258 = AXIS2_PLACEMENT_3D ( 'NONE', #1551, #32, #3093 ) ;
#1259 = ORIENTED_EDGE ( 'NONE', *, *, #717, .T. ) ;
#1260 = EDGE_LOOP ( 'NONE', ( #2062, #3206, #805, #2079 ) ) ;
#1261 = VERTEX_POINT ( 'NONE', #1066 ) ;
#1262 = EDGE_CURVE ( 'NONE', #298, #3195, #2836, .T. ) ;
#1263 = ADVANCED_FACE ( 'NONE', ( #798 ), #49, .T. ) ;
#1264 = DIRECTION ( 'NONE',  ( 1.000000000000000000, -1.165488593167520164E-14, 0.000000000000000000 ) ) ;
#1265 = EDGE_CURVE ( 'NONE', #1960, #227, #1738, .T. ) ;
#1266 = DIRECTION ( 'NONE',  ( 0.000000000000000000, 0.000000000000000000, 1.000000000000000000 ) ) ;
#1267 = CARTESIAN_POINT ( 'NONE',  ( -9.000000000000090594, -8.694999999999907914, 5.234999999999999432 ) ) ;
#1268 = VERTEX_POINT ( 'NONE', #3107 ) ;
#1269 = DIRECTION ( 'NONE',  ( 0.000000000000000000, 0.000000000000000000, 1.000000000000000000 ) ) ;
#1270 = DIRECTION ( 'NONE',  ( 0.000000000000000000, 0.000000000000000000, -1.000000000000000000 ) ) ;
#1271 = CARTESIAN_POINT ( 'NONE',  ( -11.00000000000000355, 9.414999999999997371, 7.234999999999999432 ) ) ;
#1272 = DIRECTION ( 'NONE',  ( 0.8660254037844352659, -0.5000000000000059952, 0.000000000000000000 ) ) ;
#1273 = ORIENTED_EDGE ( 'NONE', *, *, #129, .F. ) ;
#1274 = DIRECTION ( 'NONE',  ( 1.047444401652940007E-14, 1.000000000000000000, 0.000000000000000000 ) ) ;
#1275 = CIRCLE ( 'NONE', #1332, 0.3049999999999997158 ) ;
#1276 = ORIENTED_EDGE ( 'NONE', *, *, #1941, .T. ) ;
#1277 = ORIENTED_EDGE ( 'NONE', *, *, #2707, .F. ) ;
#1278 = CARTESIAN_POINT ( 'NONE',  ( 7.500000000000022204, 10.99999999999997691, 7.234999999999999432 ) ) ;
#1279 = LINE ( 'NONE', #800, #1854 ) ;
#1280 = EDGE_CURVE ( 'NONE', #2016, #1666, #264, .T. ) ;
#1281 = CARTESIAN_POINT ( 'NONE',  ( 8.380000000000000782, -8.380000000000089599, 3.979999999999876525 ) ) ;
#1282 = CARTESIAN_POINT ( 'NONE',  ( -11.00000000000000355, 8.584999999999997300, 6.734999999999999432 ) ) ;
#1283 = ADVANCED_FACE ( 'NONE', ( #2299 ), #2819, .F. ) ;
#1284 = VERTEX_POINT ( 'NONE', #1602 ) ;
#1285 = DIRECTION ( 'NONE',  ( -0.000000000000000000, 0.000000000000000000, 1.000000000000000000 ) ) ;
#1286 = PLANE ( 'NONE',  #3010 ) ;
#1287 = DIRECTION ( 'NONE',  ( 0.000000000000000000, 0.000000000000000000, 1.000000000000000000 ) ) ;
#1288 = EDGE_CURVE ( 'NONE', #2913, #2333, #281, .T. ) ;
#1289 = CARTESIAN_POINT ( 'NONE',  ( -9.784504172281469181, -10.18999999999990003, 6.734999999999999432 ) ) ;
#1290 = ORIENTED_EDGE ( 'NONE', *, *, #2197, .T. ) ;
#1291 = CARTESIAN_POINT ( 'NONE',  ( -8.585000000000004405, 10.82999999999999652, 7.234999999999999432 ) ) ;
#1292 = ORIENTED_EDGE ( 'NONE', *, *, #1837, .F. ) ;
#1293 = ORIENTED_EDGE ( 'NONE', *, *, #1365, .F. ) ;
#1294 = ORIENTED_EDGE ( 'NONE', *, *, #3240, .F. ) ;
#1295 = DIRECTION ( 'NONE',  ( 0.000000000000000000, -1.000000000000000000, 0.000000000000000000 ) ) ;
#1296 = AXIS2_PLACEMENT_3D ( 'NONE', #393, #929, #879 ) ;
#1297 = CARTESIAN_POINT ( 'NONE',  ( 25.63500000000002288, 7.634999999999918074, 7.234999999999999432 ) ) ;
#1298 = AXIS2_PLACEMENT_3D ( 'NONE', #221, #544, #1235 ) ;
#1299 = CARTESIAN_POINT ( 'NONE',  ( -11.00000000000008527, -8.584999999999887166, 7.234999999999999432 ) ) ;
#1300 = DIRECTION ( 'NONE',  ( -0.000000000000000000, 0.000000000000000000, 1.000000000000000000 ) ) ;
#1301 = AXIS2_PLACEMENT_3D ( 'NONE', #601, #1119, #2909 ) ;
#1302 = ORIENTED_EDGE ( 'NONE', *, *, #961, .T. ) ;
#1303 = LINE ( 'NONE', #2827, #1734 ) ;
#1304 = EDGE_CURVE ( 'NONE', #1599, #2350, #1586, .T. ) ;
#1305 = VECTOR ( 'NONE', #3214, 100.0000000000000000 ) ;
#1306 = CARTESIAN_POINT ( 'NONE',  ( -10.50000000000009770, -10.99999999999989342, 0.000000000000000000 ) ) ;
#1307 = DIRECTION ( 'NONE',  ( 0.000000000000000000, 1.000000000000000000, -0.000000000000000000 ) ) ;
#1308 = DIRECTION ( 'NONE',  ( -0.5000000000000076605, -0.8660254037844342667, 0.000000000000000000 ) ) ;
#1309 = ORIENTED_EDGE ( 'NONE', *, *, #2471, .F. ) ;
#1310 = VECTOR ( 'NONE', #822, 100.0000000000000000 ) ;
#1311 = EDGE_CURVE ( 'NONE', #2008, #1666, #2003, .T. ) ;
#1312 = VECTOR ( 'NONE', #1532, 100.0000000000000000 ) ;
#1313 = ORIENTED_EDGE ( 'NONE', *, *, #926, .T. ) ;
#1314 = ORIENTED_EDGE ( 'NONE', *, *, #3050, .F. ) ;
#1315 = LINE ( 'NONE', #550, #2167 ) ;
#1316 = AXIS2_PLACEMENT_3D ( 'NONE', #735, #703, #1973 ) ;
#1317 = DIRECTION ( 'NONE',  ( 0.000000000000000000, 0.000000000000000000, 1.000000000000000000 ) ) ;
#1318 = FACE_OUTER_BOUND ( 'NONE', #2466, .T. ) ;
#1319 = ORIENTED_EDGE ( 'NONE', *, *, #1817, .T. ) ;
#1320 = DIRECTION ( 'NONE',  ( 1.000000000000000000, -1.047444401652940007E-14, 0.000000000000000000 ) ) ;
#1321 = CARTESIAN_POINT ( 'NONE',  ( 10.50000000000001599, -10.99999999999999645, 7.234999999999999432 ) ) ;
#1322 = CARTESIAN_POINT ( 'NONE',  ( 10.83000000000002672, 8.584999999999967102, 7.234999999999999432 ) ) ;
#1323 = ADVANCED_FACE ( 'NONE', ( #3055 ), #2890, .F. ) ;
#1324 = ORIENTED_EDGE ( 'NONE', *, *, #1614, .F. ) ;
#1325 = ADVANCED_FACE ( 'NONE', ( #2687 ), #2401, .F. ) ;
#1326 = CARTESIAN_POINT ( 'NONE',  ( -10.36500000000007482, -7.634999999999895870, 7.234999999999999432 ) ) ;
#1327 = ORIENTED_EDGE ( 'NONE', *, *, #2703, .F. ) ;
#1328 = EDGE_CURVE ( 'NONE', #1599, #567, #3015, .T. ) ;
#1329 = ORIENTED_EDGE ( 'NONE', *, *, #976, .T. ) ;
#1330 = ORIENTED_EDGE ( 'NONE', *, *, #2109, .F. ) ;
#1331 = CARTESIAN_POINT ( 'NONE',  ( -10.83000000000000362, 9.414999999999997371, 6.734999999999999432 ) ) ;
#1332 = AXIS2_PLACEMENT_3D ( 'NONE', #1786, #1266, #785 ) ;
#1333 = PLANE ( 'NONE',  #2456 ) ;
#1334 = FACE_OUTER_BOUND ( 'NONE', #1224, .T. ) ;
#1335 = ORIENTED_EDGE ( 'NONE', *, *, #3217, .F. ) ;
#1336 = FACE_OUTER_BOUND ( 'NONE', #3041, .T. ) ;
#1337 = LINE ( 'NONE', #2662, #2379 ) ;
#1338 = CARTESIAN_POINT ( 'NONE',  ( 9.000000000000028422, 9.304999999999969518, 7.234999999999999432 ) ) ;
#1339 = ORIENTED_EDGE ( 'NONE', *, *, #1883, .T. ) ;
#1340 = CARTESIAN_POINT ( 'NONE',  ( -7.635000000000006892, 25.63499999999999801, 7.234999999999999432 ) ) ;
#1341 = EDGE_LOOP ( 'NONE', ( #2550, #29, #741, #2047 ) ) ;
#1342 = ORIENTED_EDGE ( 'NONE', *, *, #1823, .T. ) ;
#1343 = EDGE_LOOP ( 'NONE', ( #2492, #2693, #3071, #173 ) ) ;
#1344 = DIRECTION ( 'NONE',  ( 3.491481338843132961E-15, 1.000000000000000000, 3.491481338843169248E-15 ) ) ;
#1345 = ADVANCED_FACE ( 'NONE', ( #385 ), #1869, .F. ) ;
#1346 = DIRECTION ( 'NONE',  ( -1.000000000000000000, 0.000000000000000000, 0.000000000000000000 ) ) ;
#1347 = EDGE_CURVE ( 'NONE', #3162, #1722, #600, .T. ) ;
#1348 = DIRECTION ( 'NONE',  ( -1.000000000000000000, 3.491481338843133355E-15, 0.000000000000000000 ) ) ;
#1349 = DIRECTION ( 'NONE',  ( -8.163404592832066703E-15, -1.000000000000000000, 0.000000000000000000 ) ) ;
#1350 = ORIENTED_EDGE ( 'NONE', *, *, #2373, .F. ) ;
#1351 = VECTOR ( 'NONE', #2026, 100.0000000000000000 ) ;
#1352 = CARTESIAN_POINT ( 'NONE',  ( -11.00000000000000355, 7.635000000000109921, 7.234999999999999432 ) ) ;
#1353 = CARTESIAN_POINT ( 'NONE',  ( -11.00000000000010481, -10.49999999999990052, 0.000000000000000000 ) ) ;
#1354 = DIRECTION ( 'NONE',  ( 0.5000000000000016653, -0.8660254037844378194, 0.000000000000000000 ) ) ;
#1355 = ORIENTED_EDGE ( 'NONE', *, *, #554, .F. ) ;
#1356 = AXIS2_PLACEMENT_3D ( 'NONE', #1026, #1527, #314 ) ;
#1357 = VECTOR ( 'NONE', #2718, 100.0000000000000000 ) ;
#1358 = VERTEX_POINT ( 'NONE', #369 ) ;
#1359 = EDGE_LOOP ( 'NONE', ( #1072, #1459, #2731, #1769 ) ) ;
#1360 = ORIENTED_EDGE ( 'NONE', *, *, #354, .T. ) ;
#1361 = DIRECTION ( 'NONE',  ( 0.000000000000000000, 0.000000000000000000, -1.000000000000000000 ) ) ;
#1362 = VECTOR ( 'NONE', #74, 100.0000000000000000 ) ;
#1363 = CARTESIAN_POINT ( 'NONE',  ( -11.00000000000000355, 7.499999999999983125, 6.917500000000000426 ) ) ;
#1364 = AXIS2_PLACEMENT_3D ( 'NONE', #2210, #1469, #2967 ) ;
#1365 = EDGE_CURVE ( 'NONE', #530, #1631, #3146, .T. ) ;
#1366 = CARTESIAN_POINT ( 'NONE',  ( 0.000000000000000000, 0.000000000000000000, 0.000000000000000000 ) ) ;
#1367 = CARTESIAN_POINT ( 'NONE',  ( -10.50000000000009592, -10.99999999999998757, 6.600000000000000533 ) ) ;
#1368 = EDGE_CURVE ( 'NONE', #2825, #3186, #634, .T. ) ;
#1369 = ORIENTED_EDGE ( 'NONE', *, *, #1715, .F. ) ;
#1370 = CARTESIAN_POINT ( 'NONE',  ( 10.83000000000003027, 9.414999999999965397, 7.234999999999999432 ) ) ;
#1371 = CYLINDRICAL_SURFACE ( 'NONE', #2858, 0.3049999999999997158 ) ;
#1372 = FACE_OUTER_BOUND ( 'NONE', #779, .T. ) ;
#1373 = ORIENTED_EDGE ( 'NONE', *, *, #68, .F. ) ;
#1374 = LINE ( 'NONE', #2380, #1575 ) ;
#1375 = CARTESIAN_POINT ( 'NONE',  ( 10.19000000000000306, -9.784504172281362600, 6.734999999999999432 ) ) ;
#1376 = ORIENTED_EDGE ( 'NONE', *, *, #802, .F. ) ;
#1377 = EDGE_CURVE ( 'NONE', #1284, #3073, #615, .T. ) ;
#1378 = ORIENTED_EDGE ( 'NONE', *, *, #1111, .T. ) ;
#1379 = ORIENTED_EDGE ( 'NONE', *, *, #1328, .F. ) ;
#1380 = DIRECTION ( 'NONE',  ( -1.000000000000000000, -0.000000000000000000, -3.486881358747459102E-16 ) ) ;
#1381 = DIRECTION ( 'NONE',  ( 1.047444401652940007E-14, 1.000000000000000000, 0.000000000000000000 ) ) ;
#1382 = PLANE ( 'NONE',  #1971 ) ;
#1383 = EDGE_CURVE ( 'NONE', #3090, #2723, #903, .T. ) ;
#1384 = LINE ( 'NONE', #1889, #2381 ) ;
#1385 = ORIENTED_EDGE ( 'NONE', *, *, #248, .T. ) ;
#1386 = DIRECTION ( 'NONE',  ( 0.8660254037844359321, 0.5000000000000046629, 0.000000000000000000 ) ) ;
#1387 = EDGE_CURVE ( 'NONE', #2817, #1799, #3077, .T. ) ;
#1388 = CARTESIAN_POINT ( 'NONE',  ( -8.585000000000110987, -10.82999999999991303, 6.734999999999999432 ) ) ;
#1389 = FACE_OUTER_BOUND ( 'NONE', #927, .T. ) ;
#1390 = EDGE_LOOP ( 'NONE', ( #112, #2049, #848, #1339 ) ) ;
#1391 = CARTESIAN_POINT ( 'NONE',  ( -7.634999999999996234, -10.36499999999999311, 6.917500000000000426 ) ) ;
#1392 = DIRECTION ( 'NONE',  ( 0.8660254037844378194, 0.5000000000000016653, 0.000000000000000000 ) ) ;
#1393 = EDGE_CURVE ( 'NONE', #214, #582, #3163, .T. ) ;
#1394 = VERTEX_POINT ( 'NONE', #1936 ) ;
#1395 = EDGE_LOOP ( 'NONE', ( #3197, #2255, #3118, #332, #177 ) ) ;
#1396 = ORIENTED_EDGE ( 'NONE', *, *, #1451, .T. ) ;
#1397 = LINE ( 'NONE', #397, #3289 ) ;
#1398 = CARTESIAN_POINT ( 'NONE',  ( 10.50000000000002132, 11.00000000000006040, 6.600000000000000533 ) ) ;
#1399 = CARTESIAN_POINT ( 'NONE',  ( 9.784504172281398127, 10.18999999999996930, 7.234999999999999432 ) ) ;
#1400 = CARTESIAN_POINT ( 'NONE',  ( -11.00000000000009770, -10.49999999999989519, 6.600000000000000533 ) ) ;
#1401 = ORIENTED_EDGE ( 'NONE', *, *, #1170, .F. ) ;
#1402 = DIRECTION ( 'NONE',  ( -3.491481338843133355E-15, -1.000000000000000000, 0.000000000000000000 ) ) ;
#1403 = DIRECTION ( 'NONE',  ( -0.000000000000000000, 0.000000000000000000, 1.000000000000000000 ) ) ;
#1404 = VECTOR ( 'NONE', #724, 100.0000000000000000 ) ;
#1405 = ORIENTED_EDGE ( 'NONE', *, *, #930, .F. ) ;
#1406 = EDGE_CURVE ( 'NONE', #632, #3014, #1101, .T. ) ;
#1407 = LINE ( 'NONE', #96, #3075 ) ;
#1408 = CARTESIAN_POINT ( 'NONE',  ( 9.415000000000034674, 10.82999999999996987, 7.234999999999999432 ) ) ;
#1409 =( BOUNDED_CURVE ( )  B_SPLINE_CURVE ( 3, ( #2600, #2147, #2846, #561 ),
 .UNSPECIFIED., .F., .T. ) 
 B_SPLINE_CURVE_WITH_KNOTS ( ( 4, 4 ),
 ( 0.6435011087932575036, 0.7853981633974609355 ),
 .UNSPECIFIED. ) 
 CURVE ( )  GEOMETRIC_REPRESENTATION_ITEM ( )  RATIONAL_B_SPLINE_CURVE ( ( 1.000000000000000000, 0.9983228058750939216, 0.9983228058750939216, 1.000000000000000000 ) ) 
 REPRESENTATION_ITEM ( '' )  );
#1410 = PLANE ( 'NONE',  #347 ) ;
#1411 = VECTOR ( 'NONE', #546, 100.0000000000000000 ) ;
#1412 = EDGE_CURVE ( 'NONE', #1454, #3059, #1397, .T. ) ;
#1413 = ORIENTED_EDGE ( 'NONE', *, *, #1577, .F. ) ;
#1414 = FACE_OUTER_BOUND ( 'NONE', #1583, .T. ) ;
#1415 = VECTOR ( 'NONE', #2630, 100.0000000000000142 ) ;
#1416 = DIRECTION ( 'NONE',  ( -1.000000000000000000, -1.817653936845376936E-16, 0.000000000000000000 ) ) ;
#1417 = ADVANCED_FACE ( 'NONE', ( #2174 ), #131, .F. ) ;
#1418 = VECTOR ( 'NONE', #361, 100.0000000000000000 ) ;
#1419 = FACE_OUTER_BOUND ( 'NONE', #2531, .T. ) ;
#1420 = VECTOR ( 'NONE', #1300, 100.0000000000000000 ) ;
#1421 = LINE ( 'NONE', #1735, #2538 ) ;
#1422 = ORIENTED_EDGE ( 'NONE', *, *, #736, .T. ) ;
#1423 = VECTOR ( 'NONE', #2772, 100.0000000000000000 ) ;
#1424 = LINE ( 'NONE', #2895, #2081 ) ;
#1425 = DIRECTION ( 'NONE',  ( 1.047444401652940007E-14, 1.000000000000000000, -3.486881358747459102E-16 ) ) ;
#1426 = ORIENTED_EDGE ( 'NONE', *, *, #2245, .F. ) ;
#1427 = LINE ( 'NONE', #2462, #1787 ) ;
#1428 = DIRECTION ( 'NONE',  ( 0.000000000000000000, -1.000000000000000000, 0.000000000000000000 ) ) ;
#1429 = ADVANCED_FACE ( 'NONE', ( #1414 ), #1633, .T. ) ;
#1430 =( NAMED_UNIT ( * ) PLANE_ANGLE_UNIT ( ) SI_UNIT ( $, .RADIAN. ) );
#1431 = ORIENTED_EDGE ( 'NONE', *, *, #2928, .T. ) ;
#1432 = ORIENTED_EDGE ( 'NONE', *, *, #1679, .F. ) ;
#1433 = CARTESIAN_POINT ( 'NONE',  ( 8.380000000000000782, -10.99999999999999645, 3.979999999999877414 ) ) ;
#1434 = ADVANCED_FACE ( 'NONE', ( #153 ), #2190, .F. ) ;
#1435 = LINE ( 'NONE', #1749, #1246 ) ;
#1436 = EDGE_CURVE ( 'NONE', #2476, #104, #2123, .T. ) ;
#1437 = LINE ( 'NONE', #2729, #2441 ) ;
#1438 = VECTOR ( 'NONE', #2421, 100.0000000000000000 ) ;
#1439 = CARTESIAN_POINT ( 'NONE',  ( 11.00000000000000355, -8.584999999999997300, 7.234999999999999432 ) ) ;
#1440 = DIRECTION ( 'NONE',  ( -0.000000000000000000, 0.000000000000000000, 1.000000000000000000 ) ) ;
#1441 = ORIENTED_EDGE ( 'NONE', *, *, #3045, .F. ) ;
#1442 = DIRECTION ( 'NONE',  ( -0.000000000000000000, 0.000000000000000000, 1.000000000000000000 ) ) ;
#1443 = CARTESIAN_POINT ( 'NONE',  ( -9.415000000000002700, 10.99999999999999645, 7.234999999999999432 ) ) ;
#1444 = CARTESIAN_POINT ( 'NONE',  ( -9.784504172281369705, 10.18999999999999595, 7.234999999999999432 ) ) ;
#1445 = VERTEX_POINT ( 'NONE', #3228 ) ;
#1446 = ORIENTED_EDGE ( 'NONE', *, *, #636, .T. ) ;
#1447 = CARTESIAN_POINT ( 'NONE',  ( 9.000000000000001776, -8.999999999999996447, 7.234999999999999432 ) ) ;
#1448 = CARTESIAN_POINT ( 'NONE',  ( -8.585000000000110987, -10.82999999999991303, 6.734999999999999432 ) ) ;
#1449 = EDGE_CURVE ( 'NONE', #2295, #2032, #2705, .T. ) ;
#1450 = CARTESIAN_POINT ( 'NONE',  ( 11.00000000000000355, -9.414999999999997371, 6.734999999999999432 ) ) ;
#1451 = EDGE_CURVE ( 'NONE', #901, #278, #2515, .T. ) ;
#1452 = DIRECTION ( 'NONE',  ( -0.000000000000000000, 0.000000000000000000, 1.000000000000000000 ) ) ;
#1453 = CARTESIAN_POINT ( 'NONE',  ( -9.415000000000111058, -10.82999999999990415, 6.734999999999999432 ) ) ;
#1454 = VERTEX_POINT ( 'NONE', #697 ) ;
#1455 = DIRECTION ( 'NONE',  ( -1.000000000000000000, 0.000000000000000000, 0.000000000000000000 ) ) ;
#1456 = CARTESIAN_POINT ( 'NONE',  ( 9.415000000000034674, 10.82999999999996987, 6.734999999999999432 ) ) ;
#1457 = ORIENTED_EDGE ( 'NONE', *, *, #1770, .T. ) ;
#1458 = VERTEX_POINT ( 'NONE', #2015 ) ;
#1459 = ORIENTED_EDGE ( 'NONE', *, *, #1528, .T. ) ;
#1460 = CARTESIAN_POINT ( 'NONE',  ( -9.784504172281469181, -10.18999999999990003, 7.234999999999999432 ) ) ;
#1461 = VECTOR ( 'NONE', #2232, 100.0000000000000000 ) ;
#1462 = DIRECTION ( 'NONE',  ( 0.000000000000000000, 1.000000000000000000, 0.000000000000000000 ) ) ;
#1463 = AXIS2_PLACEMENT_3D ( 'NONE', #2419, #2637, #2141 ) ;
#1464 = LINE ( 'NONE', #469, #991 ) ;
#1465 = EDGE_CURVE ( 'NONE', #3059, #259, #179, .T. ) ;
#1466 = VECTOR ( 'NONE', #1806, 100.0000000000000000 ) ;
#1467 = VECTOR ( 'NONE', #1968, 100.0000000000000000 ) ;
#1468 = LINE ( 'NONE', #2774, #53 ) ;
#1469 = DIRECTION ( 'NONE',  ( 0.000000000000000000, 0.000000000000000000, -1.000000000000000000 ) ) ;
#1470 = EDGE_CURVE ( 'NONE', #2383, #2631, #33, .T. ) ;
#1471 = ORIENTED_EDGE ( 'NONE', *, *, #3256, .T. ) ;
#1472 = VECTOR ( 'NONE', #356, 100.0000000000000000 ) ;
#1473 = DIRECTION ( 'NONE',  ( 1.000000000000000000, 0.000000000000000000, 0.000000000000000000 ) ) ;
#1474 = UNCERTAINTY_MEASURE_WITH_UNIT (LENGTH_MEASURE( 1.000000000000000082E-05 ), #948, 'distance_accuracy_value', 'NONE');
#1475 = CARTESIAN_POINT ( 'NONE',  ( -10.83000000000008711, -8.584999999999890719, 7.234999999999999432 ) ) ;
#1476 = ORIENTED_EDGE ( 'NONE', *, *, #2208, .F. ) ;
#1477 = EDGE_LOOP ( 'NONE', ( #3102, #664, #712, #2399 ) ) ;
#1478 = ORIENTED_EDGE ( 'NONE', *, *, #2226, .F. ) ;
#1479 = DIRECTION ( 'NONE',  ( -0.000000000000000000, 0.000000000000000000, 1.000000000000000000 ) ) ;
#1480 = CARTESIAN_POINT ( 'NONE',  ( -10.19000000000000306, 9.784504172281362600, 7.234999999999999432 ) ) ;
#1481 = ORIENTED_EDGE ( 'NONE', *, *, #2618, .T. ) ;
#1482 = VERTEX_POINT ( 'NONE', #2483 ) ;
#1483 = CARTESIAN_POINT ( 'NONE',  ( -9.000000000000001776, 8.999999999999996447, 7.234999999999999432 ) ) ;
#1484 = CARTESIAN_POINT ( 'NONE',  ( -10.19000000000009898, -9.784504172281263124, 6.734999999999999432 ) ) ;
#1485 = LINE ( 'NONE', #1959, #2327 ) ;
#1486 = ORIENTED_EDGE ( 'NONE', *, *, #2010, .T. ) ;
#1487 = VECTOR ( 'NONE', #252, 100.0000000000000000 ) ;
#1488 = LINE ( 'NONE', #989, #2702 ) ;
#1489 = EDGE_CURVE ( 'NONE', #1613, #1610, #2754, .T. ) ;
#1490 = FACE_OUTER_BOUND ( 'NONE', #2313, .T. ) ;
#1491 = DIRECTION ( 'NONE',  ( 0.000000000000000000, 0.000000000000000000, 1.000000000000000000 ) ) ;
#1492 = VERTEX_POINT ( 'NONE', #2991 ) ;
#1493 = DIRECTION ( 'NONE',  ( -1.000000000000000000, 1.029267862284486287E-14, -0.000000000000000000 ) ) ;
#1494 = EDGE_CURVE ( 'NONE', #1813, #1846, #2270, .T. ) ;
#1495 = CARTESIAN_POINT ( 'NONE',  ( 10.19000000000003148, 9.784504172281332401, 7.234999999999999432 ) ) ;
#1496 = ORIENTED_EDGE ( 'NONE', *, *, #1002, .T. ) ;
#1497 = VERTEX_POINT ( 'NONE', #2724 ) ;
#1498 = DIRECTION ( 'NONE',  ( 0.000000000000000000, 0.000000000000000000, 1.000000000000000000 ) ) ;
#1499 = DIRECTION ( 'NONE',  ( -0.000000000000000000, 0.000000000000000000, 1.000000000000000000 ) ) ;
#1500 = CARTESIAN_POINT ( 'NONE',  ( -7.799999999999998934, 7.495000000000001883, 2.174999999999999822 ) ) ;
#1501 = ORIENTED_EDGE ( 'NONE', *, *, #778, .F. ) ;
#1502 = CARTESIAN_POINT ( 'NONE',  ( -9.000000000000001776, 8.999999999999996447, 5.234999999999999432 ) ) ;
#1503 = DIRECTION ( 'NONE',  ( -1.000000000000000000, 1.863784860936146835E-14, 0.000000000000000000 ) ) ;
#1504 = CARTESIAN_POINT ( 'NONE',  ( -10.19000000000008299, -8.215495827718530819, 7.234999999999999432 ) ) ;
#1505 = EDGE_CURVE ( 'NONE', #3073, #1980, #1046, .T. ) ;
#1506 = ORIENTED_EDGE ( 'NONE', *, *, #880, .T. ) ;
#1507 = EDGE_CURVE ( 'NONE', #2120, #298, #2757, .T. ) ;
#1508 = DIRECTION ( 'NONE',  ( 0.000000000000000000, 0.000000000000000000, 1.000000000000000000 ) ) ;
#1509 = ORIENTED_EDGE ( 'NONE', *, *, #2010, .F. ) ;
#1510 = EDGE_CURVE ( 'NONE', #1640, #1867, #1994, .T. ) ;
#1511 = ORIENTED_EDGE ( 'NONE', *, *, #1660, .F. ) ;
#1512 = VECTOR ( 'NONE', #2954, 100.0000000000000000 ) ;
#1513 = ORIENTED_EDGE ( 'NONE', *, *, #620, .F. ) ;
#1514 = CLOSED_SHELL ( 'NONE', ( #1618, #598, #1188, #1961, #2211, #2664, #2389, #3092, #2347, #1429, #455, #714, #2135, #2741, #1776, #1634, #2535, #799, #2816, #1210, #1244, #1263, #656, #1926, #154, #1123, #290, #3176, #2888, #1674, #1323, #3171, #2635, #2822, #2407, #2683, #251, #2366, #2045, #1819, #2307, #1737, #2354, #329, #3296, #1703, #372, #3072, #2, #150, #183, #1417, #2153, #946, #2573, #816, #2454, #521, #2778, #2334, #3310, #450, #1283, #2149, #226, #3199, #693, #3221, #2063, #2782, #2699, #2971, #170, #1063, #1204, #2330, #535, #3293, #2027, #19, #2725, #2964, #358, #267, #1555, #2250, #1083, #2231, #2578, #2659, #2978, #1908, #2176, #1801, #1345, #313, #1434, #89, #431, #1220, #2608, #1718, #1325, #2794, #1612, #3260 ) ) ;
#1515 = PLANE ( 'NONE',  #2712 ) ;
#1516 = VECTOR ( 'NONE', #1777, 100.0000000000000000 ) ;
#1517 = CARTESIAN_POINT ( 'NONE',  ( -8.215495827718738653, -10.18999999999991779, 6.734999999999999432 ) ) ;
#1518 = AXIS2_PLACEMENT_3D ( 'NONE', #2681, #596, #3173 ) ;
#1519 = DIRECTION ( 'NONE',  ( -0.000000000000000000, 0.000000000000000000, 1.000000000000000000 ) ) ;
#1520 = EDGE_LOOP ( 'NONE', ( #1627, #1027, #1832, #2776 ) ) ;
#1521 = CARTESIAN_POINT ( 'NONE',  ( -11.00000000000033573, -10.99999999999998224, 6.600000000000000533 ) ) ;
#1522 = VECTOR ( 'NONE', #2155, 100.0000000000000000 ) ;
#1523 = DIRECTION ( 'NONE',  ( 0.000000000000000000, -1.000000000000000000, 0.000000000000000000 ) ) ;
#1524 = CARTESIAN_POINT ( 'NONE',  ( -9.415000000000111058, -10.82999999999990415, 6.734999999999999432 ) ) ;
#1525 = VECTOR ( 'NONE', #1740, 100.0000000000000000 ) ;
#1526 = DIRECTION ( 'NONE',  ( 7.406550393246835868E-15, 0.7071067811865512365, 0.7071067811865439090 ) ) ;
#1527 = DIRECTION ( 'NONE',  ( 0.000000000000000000, 0.000000000000000000, 1.000000000000000000 ) ) ;
#1528 = EDGE_CURVE ( 'NONE', #1813, #2246, #1729, .T. ) ;
#1529 = EDGE_LOOP ( 'NONE', ( #2685, #2022, #2282, #2940, #2619, #2100 ) ) ;
#1530 = VERTEX_POINT ( 'NONE', #209 ) ;
#1531 = ORIENTED_EDGE ( 'NONE', *, *, #1387, .T. ) ;
#1532 = DIRECTION ( 'NONE',  ( -0.000000000000000000, 0.000000000000000000, 1.000000000000000000 ) ) ;
#1533 = EDGE_CURVE ( 'NONE', #1722, #2925, #2248, .T. ) ;
#1534 = CARTESIAN_POINT ( 'NONE',  ( 9.000000000000001776, -9.304999999999996163, 5.234999999999999432 ) ) ;
#1535 = EDGE_CURVE ( 'NONE', #2480, #1850, #50, .T. ) ;
#1536 = CARTESIAN_POINT ( 'NONE',  ( 8.585000000000004405, -10.82999999999999652, 7.234999999999999432 ) ) ;
#1537 = CARTESIAN_POINT ( 'NONE',  ( 8.380000000000000782, -8.380000000000089599, 3.979999999999877414 ) ) ;
#1538 = ORIENTED_EDGE ( 'NONE', *, *, #1311, .T. ) ;
#1539 = DIRECTION ( 'NONE',  ( 0.000000000000000000, 0.000000000000000000, -1.000000000000000000 ) ) ;
#1540 = FACE_BOUND ( 'NONE', #2083, .T. ) ;
#1541 = LINE ( 'NONE', #110, #1512 ) ;
#1542 = LINE ( 'NONE', #2813, #25 ) ;
#1543 = ORIENTED_EDGE ( 'NONE', *, *, #890, .T. ) ;
#1544 = DIRECTION ( 'NONE',  ( -0.5000000000000046629, 0.8660254037844359321, 0.000000000000000000 ) ) ;
#1545 = VECTOR ( 'NONE', #3148, 100.0000000000000000 ) ;
#1546 = ORIENTED_EDGE ( 'NONE', *, *, #2066, .T. ) ;
#1547 = VERTEX_POINT ( 'NONE', #2235 ) ;
#1548 = PRODUCT_DEFINITION_FORMATION_WITH_SPECIFIED_SOURCE ( 'ANY', '', #955, .NOT_KNOWN. ) ;
#1549 = VERTEX_POINT ( 'NONE', #2781 ) ;
#1550 = CARTESIAN_POINT ( 'NONE',  ( 0.000000000000000000, 0.000000000000000000, 6.734999999999999432 ) ) ;
#1551 = CARTESIAN_POINT ( 'NONE',  ( 9.000000000000028422, 8.999999999999969802, 5.234999999999999432 ) ) ;
#1552 = EDGE_CURVE ( 'NONE', #1127, #2676, #934, .T. ) ;
#1553 = LINE ( 'NONE', #2194, #1438 ) ;
#1554 = LINE ( 'NONE', #2787, #894 ) ;
#1555 = ADVANCED_FACE ( 'NONE', ( #3258 ), #964, .T. ) ;
#1556 = EDGE_LOOP ( 'NONE', ( #1511, #1132, #1531, #395 ) ) ;
#1557 = CARTESIAN_POINT ( 'NONE',  ( -10.50000000000001599, 10.99999999999999645, 6.917500000000000426 ) ) ;
#1558 = DIRECTION ( 'NONE',  ( -0.5000000000000046629, -0.8660254037844359321, 0.000000000000000000 ) ) ;
#1559 = FACE_OUTER_BOUND ( 'NONE', #79, .T. ) ;
#1560 = CARTESIAN_POINT ( 'NONE',  ( 8.215495827718667599, 10.18999999999997463, 7.234999999999999432 ) ) ;
#1561 = ORIENTED_EDGE ( 'NONE', *, *, #976, .F. ) ;
#1562 = CARTESIAN_POINT ( 'NONE',  ( -9.000000000000001776, 8.999999999999996447, -7.071067811865471953 ) ) ;
#1563 = ORIENTED_EDGE ( 'NONE', *, *, #42, .F. ) ;
#1564 = ORIENTED_EDGE ( 'NONE', *, *, #447, .F. ) ;
#1565 = DIRECTION ( 'NONE',  ( -0.000000000000000000, 0.000000000000000000, 1.000000000000000000 ) ) ;
#1566 = VECTOR ( 'NONE', #1807, 100.0000000000000142 ) ;
#1567 = CARTESIAN_POINT ( 'NONE',  ( 11.00000000000000355, -9.414999999999997371, 6.734999999999999432 ) ) ;
#1568 = CIRCLE ( 'NONE', #1995, 0.3049999999999997158 ) ;
#1569 = PLANE ( 'NONE',  #2939 ) ;
#1570 = EDGE_CURVE ( 'NONE', #2181, #1445, #2769, .T. ) ;
#1571 = LINE ( 'NONE', #2322, #3027 ) ;
#1572 = VECTOR ( 'NONE', #2927, 100.0000000000000000 ) ;
#1573 = ORIENTED_EDGE ( 'NONE', *, *, #129, .T. ) ;
#1574 = FACE_OUTER_BOUND ( 'NONE', #1094, .T. ) ;
#1575 = VECTOR ( 'NONE', #2899, 100.0000000000000000 ) ;
#1576 = CYLINDRICAL_SURFACE ( 'NONE', #2849, 2.499999999999999556 ) ;
#1577 = EDGE_CURVE ( 'NONE', #2350, #2008, #3022, .T. ) ;
#1578 = DIRECTION ( 'NONE',  ( -3.491481338843133355E-15, -1.000000000000000000, 0.000000000000000000 ) ) ;
#1579 = CARTESIAN_POINT ( 'NONE',  ( 9.000000000000001776, -8.999999999999996447, 7.234999999999999432 ) ) ;
#1580 = ORIENTED_EDGE ( 'NONE', *, *, #966, .F. ) ;
#1581 = VECTOR ( 'NONE', #1886, 100.0000000000000000 ) ;
#1582 = DIRECTION ( 'NONE',  ( 1.000000000000000000, -9.100188726435717676E-15, 0.000000000000000000 ) ) ;
#1583 = EDGE_LOOP ( 'NONE', ( #1379, #2046, #2148, #3308, #650 ) ) ;
#1584 = ORIENTED_EDGE ( 'NONE', *, *, #620, .T. ) ;
#1585 = ORIENTED_EDGE ( 'NONE', *, *, #1984, .F. ) ;
#1586 = LINE ( 'NONE', #2621, #621 ) ;
#1587 = AXIS2_PLACEMENT_3D ( 'NONE', #732, #1498, #2519 ) ;
#1588 = LINE ( 'NONE', #1281, #1812 ) ;
#1589 = CARTESIAN_POINT ( 'NONE',  ( 11.00000000000002842, 9.414999999999963620, 6.734999999999999432 ) ) ;
#1590 = ORIENTED_EDGE ( 'NONE', *, *, #26, .T. ) ;
#1591 = DIRECTION ( 'NONE',  ( 0.000000000000000000, 1.000000000000000000, 0.000000000000000000 ) ) ;
#1592 = FACE_OUTER_BOUND ( 'NONE', #3218, .T. ) ;
#1593 = DIRECTION ( 'NONE',  ( 1.000000000000000000, -1.165488593167520006E-14, 0.000000000000000000 ) ) ;
#1594 = ORIENTED_EDGE ( 'NONE', *, *, #1465, .F. ) ;
#1595 = EDGE_CURVE ( 'NONE', #2037, #2016, #2453, .T. ) ;
#1596 = LINE ( 'NONE', #2412, #938 ) ;
#1597 = ADVANCED_BREP_SHAPE_REPRESENTATION ( 'elevated-cell_61', ( #62, #3312 ), #2826 ) ;
#1598 = EDGE_LOOP ( 'NONE', ( #2444, #297, #1546, #2580 ) ) ;
#1599 = VERTEX_POINT ( 'NONE', #896 ) ;
#1600 = EDGE_CURVE ( 'NONE', #3123, #1613, #1643, .T. ) ;
#1601 = EDGE_LOOP ( 'NONE', ( #346, #2918, #396, #2948, #3150, #590 ) ) ;
#1602 = CARTESIAN_POINT ( 'NONE',  ( 7.799999999999999822, -7.495000000000000107, 2.174999999999999822 ) ) ;
#1603 = VECTOR ( 'NONE', #2856, 100.0000000000000000 ) ;
#1604 = CARTESIAN_POINT ( 'NONE',  ( 10.50000000000001599, -10.99999999999999645, 7.234999999999999432 ) ) ;
#1605 = DIRECTION ( 'NONE',  ( 0.000000000000000000, 1.000000000000000000, 0.000000000000000000 ) ) ;
#1606 = ORIENTED_EDGE ( 'NONE', *, *, #771, .T. ) ;
#1607 = DIRECTION ( 'NONE',  ( -3.491481338843133355E-15, -1.000000000000000000, 0.000000000000000000 ) ) ;
#1608 = DIRECTION ( 'NONE',  ( 1.000000000000000000, 0.000000000000000000, 0.000000000000000000 ) ) ;
#1609 = DIRECTION ( 'NONE',  ( 1.047444401652940007E-14, 1.000000000000000000, 0.000000000000000000 ) ) ;
#1610 = VERTEX_POINT ( 'NONE', #1092 ) ;
#1611 = CARTESIAN_POINT ( 'NONE',  ( 8.215495827718667599, 10.18999999999997463, 6.734999999999999432 ) ) ;
#1612 = ADVANCED_FACE ( 'NONE', ( #1894 ), #1371, .F. ) ;
#1613 = VERTEX_POINT ( 'NONE', #2427 ) ;
#1614 = EDGE_CURVE ( 'NONE', #2722, #2417, #2644, .T. ) ;
#1615 = ORIENTED_EDGE ( 'NONE', *, *, #661, .T. ) ;
#1616 = VERTEX_POINT ( 'NONE', #2880 ) ;
#1617 = CARTESIAN_POINT ( 'NONE',  ( -10.19000000000009898, -9.784504172281263124, 7.234999999999999432 ) ) ;
#1618 = ADVANCED_FACE ( 'NONE', ( #1675 ), #912, .F. ) ;
#1619 = CARTESIAN_POINT ( 'NONE',  ( 8.380000000000000782, 8.379999999999972360, 3.979999999999876525 ) ) ;
#1620 = CARTESIAN_POINT ( 'NONE',  ( -9.000000000000001776, 8.694999999999996732, 5.234999999999999432 ) ) ;
#1621 = VERTEX_POINT ( 'NONE', #2113 ) ;
#1622 = VECTOR ( 'NONE', #2987, 100.0000000000000000 ) ;
#1623 = DIRECTION ( 'NONE',  ( -0.8660254037844359321, 0.5000000000000046629, 0.000000000000000000 ) ) ;
#1624 = PRESENTATION_LAYER_ASSIGNMENT (  '', '', ( #1197 ) ) ;
#1625 = DIRECTION ( 'NONE',  ( 0.000000000000000000, 1.000000000000000000, 0.000000000000000000 ) ) ;
#1626 = CARTESIAN_POINT ( 'NONE',  ( -9.000000000000001776, 8.999999999999996447, 7.234999999999999432 ) ) ;
#1627 = ORIENTED_EDGE ( 'NONE', *, *, #733, .F. ) ;
#1628 = AXIS2_PLACEMENT_3D ( 'NONE', #936, #2249, #1228 ) ;
#1629 = CARTESIAN_POINT ( 'NONE',  ( 11.00000000000003197, 10.49999999999997691, 7.234999999999999432 ) ) ;
#1630 = VECTOR ( 'NONE', #2361, 100.0000000000000000 ) ;
#1631 = VERTEX_POINT ( 'NONE', #142 ) ;
#1632 = VERTEX_POINT ( 'NONE', #2376 ) ;
#1633 = CYLINDRICAL_SURFACE ( 'NONE', #891, 2.499999999999999556 ) ;
#1634 = ADVANCED_FACE ( 'NONE', ( #2183 ), #2392, .F. ) ;
#1635 = AXIS2_PLACEMENT_3D ( 'NONE', #919, #665, #651 ) ;
#1636 = FACE_OUTER_BOUND ( 'NONE', #2905, .T. ) ;
#1637 = VECTOR ( 'NONE', #2916, 100.0000000000000000 ) ;
#1638 = EDGE_CURVE ( 'NONE', #632, #1901, #1337, .T. ) ;
#1639 = CARTESIAN_POINT ( 'NONE',  ( -10.83000000000009422, -9.414999999999889013, 6.734999999999999432 ) ) ;
#1640 = VERTEX_POINT ( 'NONE', #1913 ) ;
#1641 = EDGE_CURVE ( 'NONE', #2913, #777, #643, .T. ) ;
#1642 = DIRECTION ( 'NONE',  ( -0.000000000000000000, 0.000000000000000000, 1.000000000000000000 ) ) ;
#1643 = LINE ( 'NONE', #2950, #513 ) ;
#1644 = FACE_OUTER_BOUND ( 'NONE', #2931, .T. ) ;
#1645 = ORIENTED_EDGE ( 'NONE', *, *, #2841, .T. ) ;
#1646 = DIRECTION ( 'NONE',  ( 0.000000000000000000, 1.000000000000000000, 0.000000000000000000 ) ) ;
#1647 = LINE ( 'NONE', #1166, #3063 ) ;
#1648 = ORIENTED_EDGE ( 'NONE', *, *, #1844, .T. ) ;
#1649 = ORIENTED_EDGE ( 'NONE', *, *, #2860, .T. ) ;
#1650 = ORIENTED_EDGE ( 'NONE', *, *, #85, .T. ) ;
#1651 = CARTESIAN_POINT ( 'NONE',  ( -7.635000000000006892, 25.63499999999999801, 6.917500000000000426 ) ) ;
#1652 = CYLINDRICAL_SURFACE ( 'NONE', #3234, 2.499999999999999556 ) ;
#1653 = LINE ( 'NONE', #2387, #108 ) ;
#1654 = VECTOR ( 'NONE', #688, 100.0000000000000000 ) ;
#1655 = LINE ( 'NONE', #1159, #1104 ) ;
#1656 = EDGE_CURVE ( 'NONE', #1632, #545, #1659, .T. ) ;
#1657 = VERTEX_POINT ( 'NONE', #121 ) ;
#1658 = CARTESIAN_POINT ( 'NONE',  ( 11.00000000000009948, 8.379999999999961702, 3.979999999999877414 ) ) ;
#1659 = LINE ( 'NONE', #843, #3241 ) ;
#1660 = EDGE_CURVE ( 'NONE', #462, #918, #1791, .T. ) ;
#1661 = ORIENTED_EDGE ( 'NONE', *, *, #3005, .F. ) ;
#1662 = LINE ( 'NONE', #580, #619 ) ;
#1663 = FACE_OUTER_BOUND ( 'NONE', #130, .T. ) ;
#1664 = SURFACE_SIDE_STYLE ('',( #1711 ) ) ;
#1665 = ORIENTED_EDGE ( 'NONE', *, *, #2739, .F. ) ;
#1666 = VERTEX_POINT ( 'NONE', #2358 ) ;
#1667 = EDGE_CURVE ( 'NONE', #2723, #943, #1929, .T. ) ;
#1668 = CARTESIAN_POINT ( 'NONE',  ( -7.799999999999999822, -8.105000000000000426, 2.174999999999999822 ) ) ;
#1669 = FACE_OUTER_BOUND ( 'NONE', #2834, .T. ) ;
#1670 = FACE_BOUND ( 'NONE', #2436, .T. ) ;
#1671 = ORIENTED_EDGE ( 'NONE', *, *, #594, .F. ) ;
#1672 = EDGE_CURVE ( 'NONE', #343, #2714, #1110, .T. ) ;
#1673 = CARTESIAN_POINT ( 'NONE',  ( -9.784504172281369705, 10.18999999999999595, 6.734999999999999432 ) ) ;
#1674 = ADVANCED_FACE ( 'NONE', ( #3153 ), #1876, .T. ) ;
#1675 = FACE_OUTER_BOUND ( 'NONE', #1359, .T. ) ;
#1676 = AXIS2_PLACEMENT_3D ( 'NONE', #475, #2544, #972 ) ;
#1677 = ORIENTED_EDGE ( 'NONE', *, *, #2457, .T. ) ;
#1678 = CARTESIAN_POINT ( 'NONE',  ( 10.83000000000000362, -9.414999999999997371, 6.734999999999999432 ) ) ;
#1679 = EDGE_CURVE ( 'NONE', #582, #3175, #3169, .T. ) ;
#1680 = COLOUR_RGB ( '',0.7921568627450980005, 0.8196078431372548767, 0.9333333333333333481 ) ;
#1681 = CARTESIAN_POINT ( 'NONE',  ( -8.585000000000110987, -10.82999999999991303, 7.234999999999999432 ) ) ;
#1682 = PRESENTATION_STYLE_ASSIGNMENT (( #149 ) ) ;
#1683 = AXIS2_PLACEMENT_3D ( 'NONE', #2726, #3259, #1983 ) ;
#1684 = VERTEX_POINT ( 'NONE', #626 ) ;
#1685 = DIRECTION ( 'NONE',  ( 1.000000000000000000, 0.000000000000000000, 0.000000000000000000 ) ) ;
#1686 = EDGE_CURVE ( 'NONE', #2173, #2283, #375, .T. ) ;
#1687 = AXIS2_PLACEMENT_3D ( 'NONE', #3252, #1989, #1744 ) ;
#1688 = DIRECTION ( 'NONE',  ( -0.000000000000000000, 0.000000000000000000, 1.000000000000000000 ) ) ;
#1689 = AXIS2_PLACEMENT_3D ( 'NONE', #1140, #592, #325 ) ;
#1690 = AXIS2_PLACEMENT_3D ( 'NONE', #403, #921, #1938 ) ;
#1691 = DIRECTION ( 'NONE',  ( 1.000000000000000000, -1.047444401652940007E-14, 0.000000000000000000 ) ) ;
#1692 = VERTEX_POINT ( 'NONE', #2997 ) ;
#1693 = CARTESIAN_POINT ( 'NONE',  ( 10.19000000000003148, 9.784504172281332401, 7.234999999999999432 ) ) ;
#1694 = CARTESIAN_POINT ( 'NONE',  ( -3.666666666666847263, -3.666666666666809515, -0.7333333333333275084 ) ) ;
#1695 = VERTEX_POINT ( 'NONE', #689 ) ;
#1696 = DIRECTION ( 'NONE',  ( 0.000000000000000000, 1.000000000000000000, 0.000000000000000000 ) ) ;
#1697 = CARTESIAN_POINT ( 'NONE',  ( -9.784504172281369705, 10.18999999999999595, 6.734999999999999432 ) ) ;
#1698 = EDGE_CURVE ( 'NONE', #744, #780, #202, .T. ) ;
#1699 = VERTEX_POINT ( 'NONE', #1707 ) ;
#1700 = ORIENTED_EDGE ( 'NONE', *, *, #2373, .T. ) ;
#1701 = DIRECTION ( 'NONE',  ( 0.000000000000000000, 1.000000000000000000, 0.000000000000000000 ) ) ;
#1702 = CYLINDRICAL_SURFACE ( 'NONE', #1683, 0.3049999999999997158 ) ;
#1703 = ADVANCED_FACE ( 'NONE', ( #1942 ), #2460, .F. ) ;
#1704 = CARTESIAN_POINT ( 'NONE',  ( -8.585000000000112763, -10.99999999999991296, 6.734999999999999432 ) ) ;
#1705 = VECTOR ( 'NONE', #762, 100.0000000000000000 ) ;
#1706 = PLANE ( 'NONE',  #910 ) ;
#1707 = CARTESIAN_POINT ( 'NONE',  ( 10.19000000000003148, 9.784504172281332401, 7.234999999999999432 ) ) ;
#1708 = ORIENTED_EDGE ( 'NONE', *, *, #1641, .T. ) ;
#1709 = LINE ( 'NONE', #2701, #301 ) ;
#1710 = CARTESIAN_POINT ( 'NONE',  ( -8.585000000000004405, 10.82999999999999652, 6.734999999999999432 ) ) ;
#1711 = SURFACE_STYLE_FILL_AREA ( #394 ) ;
#1712 = EDGE_LOOP ( 'NONE', ( #1064, #367 ) ) ;
#1713 = ORIENTED_EDGE ( 'NONE', *, *, #594, .T. ) ;
#1714 = DIRECTION ( 'NONE',  ( 0.000000000000000000, 0.000000000000000000, 1.000000000000000000 ) ) ;
#1715 = EDGE_CURVE ( 'NONE', #442, #2833, #217, .T. ) ;
#1716 = EDGE_CURVE ( 'NONE', #2283, #442, #2507, .T. ) ;
#1717 = DIRECTION ( 'NONE',  ( -0.8660254037844333785, 0.5000000000000089928, 0.000000000000000000 ) ) ;
#1718 = ADVANCED_FACE ( 'NONE', ( #925 ), #3012, .T. ) ;
#1719 = LINE ( 'NONE', #2488, #410 ) ;
#1720 = DIRECTION ( 'NONE',  ( 0.000000000000000000, -1.000000000000000000, 0.000000000000000000 ) ) ;
#1721 = CARTESIAN_POINT ( 'NONE',  ( 8.215495827718639177, -10.18999999999999595, 6.734999999999999432 ) ) ;
#1722 = VERTEX_POINT ( 'NONE', #987 ) ;
#1723 = LINE ( 'NONE', #3223, #1736 ) ;
#1724 = DIRECTION ( 'NONE',  ( 0.000000000000000000, -1.000000000000000000, 0.000000000000000000 ) ) ;
#1725 = AXIS2_PLACEMENT_3D ( 'NONE', #1842, #527, #1860 ) ;
#1726 = CARTESIAN_POINT ( 'NONE',  ( 11.00000000000002665, 8.584999999999963549, 6.734999999999999432 ) ) ;
#1727 = ORIENTED_EDGE ( 'NONE', *, *, #3158, .F. ) ;
#1728 = VERTEX_POINT ( 'NONE', #3264 ) ;
#1729 = LINE ( 'NONE', #1748, #2537 ) ;
#1730 = MECHANICAL_DESIGN_GEOMETRIC_PRESENTATION_REPRESENTATION (  '', ( #1197 ), #2748 ) ;
#1731 = VECTOR ( 'NONE', #1593, 100.0000000000000000 ) ;
#1732 = CARTESIAN_POINT ( 'NONE',  ( -9.000000000000001776, 9.304999999999996163, 5.234999999999999432 ) ) ;
#1733 = ORIENTED_EDGE ( 'NONE', *, *, #2720, .T. ) ;
#1734 = VECTOR ( 'NONE', #1824, 100.0000000000000000 ) ;
#1735 = CARTESIAN_POINT ( 'NONE',  ( 6.905537061679101640, 10.36499999999999311, -7.071067811865471953 ) ) ;
#1736 = VECTOR ( 'NONE', #2765, 100.0000000000000000 ) ;
#1737 = ADVANCED_FACE ( 'NONE', ( #2984 ), #159, .T. ) ;
#1738 = CIRCLE ( 'NONE', #1102, 0.3049999999999997158 ) ;
#1739 = LINE ( 'NONE', #1247, #2727 ) ;
#1740 = DIRECTION ( 'NONE',  ( -0.000000000000000000, 0.000000000000000000, 1.000000000000000000 ) ) ;
#1741 = EDGE_CURVE ( 'NONE', #1657, #387, #472, .T. ) ;
#1742 = ORIENTED_EDGE ( 'NONE', *, *, #1966, .T. ) ;
#1743 = AXIS2_PLACEMENT_3D ( 'NONE', #2073, #2288, #1788 ) ;
#1744 = DIRECTION ( 'NONE',  ( 0.000000000000000000, 1.000000000000000000, 0.000000000000000000 ) ) ;
#1745 = PLANE ( 'NONE',  #1676 ) ;
#1746 = DIRECTION ( 'NONE',  ( 0.000000000000000000, 0.000000000000000000, 1.000000000000000000 ) ) ;
#1747 = ORIENTED_EDGE ( 'NONE', *, *, #2707, .T. ) ;
#1748 = CARTESIAN_POINT ( 'NONE',  ( -7.799999999999998934, 7.495000000000001883, 2.174999999999999822 ) ) ;
#1749 = CARTESIAN_POINT ( 'NONE',  ( 8.215495827718639177, -10.18999999999999595, 7.234999999999999432 ) ) ;
#1750 = ORIENTED_EDGE ( 'NONE', *, *, #168, .F. ) ;
#1751 = ORIENTED_EDGE ( 'NONE', *, *, #488, .F. ) ;
#1752 = CARTESIAN_POINT ( 'NONE',  ( -7.799999999999998934, 7.495000000000001883, 0.000000000000000000 ) ) ;
#1753 = DIRECTION ( 'NONE',  ( -0.7071067811865439090, 0.000000000000000000, 0.7071067811865512365 ) ) ;
#1754 = EDGE_CURVE ( 'NONE', #343, #555, #1485, .T. ) ;
#1755 = PLANE ( 'NONE',  #1743 ) ;
#1756 = ORIENTED_EDGE ( 'NONE', *, *, #148, .F. ) ;
#1757 = VECTOR ( 'NONE', #15, 100.0000000000000000 ) ;
#1758 = DIRECTION ( 'NONE',  ( 0.000000000000000000, -1.000000000000000000, 0.000000000000000000 ) ) ;
#1759 = DIRECTION ( 'NONE',  ( 0.000000000000000000, -1.000000000000000000, 0.000000000000000000 ) ) ;
#1760 = EDGE_CURVE ( 'NONE', #259, #2476, #674, .T. ) ;
#1761 = PLANE ( 'NONE',  #2160 ) ;
#1762 = CARTESIAN_POINT ( 'NONE',  ( 10.83000000000003027, 9.414999999999965397, 6.734999999999999432 ) ) ;
#1763 = VERTEX_POINT ( 'NONE', #720 ) ;
#1764 = ORIENTED_EDGE ( 'NONE', *, *, #192, .T. ) ;
#1765 = VERTEX_POINT ( 'NONE', #956 ) ;
#1766 = DIRECTION ( 'NONE',  ( -0.000000000000000000, 0.000000000000000000, 1.000000000000000000 ) ) ;
#1767 = LINE ( 'NONE', #1517, #1487 ) ;
#1768 = LINE ( 'NONE', #285, #1420 ) ;
#1769 = ORIENTED_EDGE ( 'NONE', *, *, #2514, .F. ) ;
#1770 = EDGE_CURVE ( 'NONE', #2872, #1763, #2446, .T. ) ;
#1771 = PLANE ( 'NONE',  #2001 ) ;
#1772 = LINE ( 'NONE', #2523, #1404 ) ;
#1773 = DIRECTION ( 'NONE',  ( 1.000000000000000000, -1.047444401652940007E-14, 0.000000000000000000 ) ) ;
#1774 = LINE ( 'NONE', #2060, #451 ) ;
#1775 = VERTEX_POINT ( 'NONE', #1453 ) ;
#1776 = ADVANCED_FACE ( 'NONE', ( #1205 ), #942, .F. ) ;
#1777 = DIRECTION ( 'NONE',  ( -0.000000000000000000, 0.000000000000000000, 1.000000000000000000 ) ) ;
#1778 = EDGE_LOOP ( 'NONE', ( #2633, #1183, #1645, #128, #3134, #2771 ) ) ;
#1779 = EDGE_LOOP ( 'NONE', ( #2887, #2698, #597, #1874 ) ) ;
#1780 = VECTOR ( 'NONE', #2719, 100.0000000000000000 ) ;
#1781 = EDGE_CURVE ( 'NONE', #2990, #2835, #2716, .T. ) ;
#1782 = ORIENTED_EDGE ( 'NONE', *, *, #637, .F. ) ;
#1783 = DIRECTION ( 'NONE',  ( 0.000000000000000000, -1.000000000000000000, 0.000000000000000000 ) ) ;
#1784 = VECTOR ( 'NONE', #2433, 100.0000000000000000 ) ;
#1785 = VECTOR ( 'NONE', #3147, 100.0000000000000000 ) ;
#1786 = CARTESIAN_POINT ( 'NONE',  ( 9.000000000000001776, -8.999999999999996447, 5.234999999999999432 ) ) ;
#1787 = VECTOR ( 'NONE', #174, 100.0000000000000000 ) ;
#1788 = DIRECTION ( 'NONE',  ( -1.000000000000000000, 3.491481338843133355E-15, 0.000000000000000000 ) ) ;
#1789 = ORIENTED_EDGE ( 'NONE', *, *, #284, .F. ) ;
#1790 = CARTESIAN_POINT ( 'NONE',  ( -8.585000000000004405, 10.82999999999999652, 6.734999999999999432 ) ) ;
#1791 = CIRCLE ( 'NONE', #355, 0.3049999999999997158 ) ;
#1792 = CARTESIAN_POINT ( 'NONE',  ( 11.00000000000002487, -11.00000000000014033, 6.599999999999928590 ) ) ;
#1793 = DIRECTION ( 'NONE',  ( 0.5000000000000137668, 0.8660254037844307140, 0.000000000000000000 ) ) ;
#1794 = VECTOR ( 'NONE', #1804, 100.0000000000000000 ) ;
#1795 = DIRECTION ( 'NONE',  ( 0.000000000000000000, 0.000000000000000000, 1.000000000000000000 ) ) ;
#1796 = CARTESIAN_POINT ( 'NONE',  ( -10.19000000000000306, 8.215495827718632071, 7.234999999999999432 ) ) ;
#1797 = EDGE_CURVE ( 'NONE', #228, #3123, #454, .T. ) ;
#1798 = ORIENTED_EDGE ( 'NONE', *, *, #1754, .F. ) ;
#1799 = VERTEX_POINT ( 'NONE', #3280 ) ;
#1800 = DIRECTION ( 'NONE',  ( 1.000000000000000000, 0.000000000000000000, 0.000000000000000000 ) ) ;
#1801 = ADVANCED_FACE ( 'NONE', ( #2697 ), #2007, .F. ) ;
#1802 = FACE_OUTER_BOUND ( 'NONE', #988, .T. ) ;
#1803 = CARTESIAN_POINT ( 'NONE',  ( 9.000000000000028422, 8.694999999999970086, 7.234999999999999432 ) ) ;
#1804 = DIRECTION ( 'NONE',  ( -0.000000000000000000, 0.000000000000000000, 1.000000000000000000 ) ) ;
#1805 = ORIENTED_EDGE ( 'NONE', *, *, #242, .T. ) ;
#1806 = DIRECTION ( 'NONE',  ( -1.000000000000000000, 3.491481338843133355E-15, 0.000000000000000000 ) ) ;
#1807 = DIRECTION ( 'NONE',  ( -0.5773502691896217343, 0.5773502691896277295, -0.5773502691896277295 ) ) ;
#1808 = CARTESIAN_POINT ( 'NONE',  ( 8.585000000000034603, 10.82999999999997343, 6.734999999999999432 ) ) ;
#1809 = DIRECTION ( 'NONE',  ( 1.000000000000000000, -9.100188726435717676E-15, 0.000000000000000000 ) ) ;
#1810 = VERTEX_POINT ( 'NONE', #36 ) ;
#1811 = DIRECTION ( 'NONE',  ( 1.000000000000000000, -1.054711873393898871E-14, 0.000000000000000000 ) ) ;
#1812 = VECTOR ( 'NONE', #3130, 100.0000000000000000 ) ;
#1813 = VERTEX_POINT ( 'NONE', #1500 ) ;
#1814 = ORIENTED_EDGE ( 'NONE', *, *, #2393, .T. ) ;
#1815 = ORIENTED_EDGE ( 'NONE', *, *, #2021, .T. ) ;
#1816 = LINE ( 'NONE', #3091, #2267 ) ;
#1817 = EDGE_CURVE ( 'NONE', #3195, #218, #519, .T. ) ;
#1818 = FACE_OUTER_BOUND ( 'NONE', #1390, .T. ) ;
#1819 = ADVANCED_FACE ( 'NONE', ( #1318 ), #1755, .F. ) ;
#1820 = CARTESIAN_POINT ( 'NONE',  ( -10.19000000000009898, -9.784504172281263124, 7.234999999999999432 ) ) ;
#1821 = DIRECTION ( 'NONE',  ( 0.000000000000000000, 0.000000000000000000, 1.000000000000000000 ) ) ;
#1822 = ORIENTED_EDGE ( 'NONE', *, *, #2800, .F. ) ;
#1823 = EDGE_CURVE ( 'NONE', #2833, #1127, #2338, .T. ) ;
#1824 = DIRECTION ( 'NONE',  ( 1.000000000000000000, -1.165488593167520006E-14, 0.000000000000000000 ) ) ;
#1825 = FACE_OUTER_BOUND ( 'NONE', #384, .T. ) ;
#1826 = LINE ( 'NONE', #40, #1351 ) ;
#1827 = LINE ( 'NONE', #1322, #1731 ) ;
#1828 = VERTEX_POINT ( 'NONE', #1 ) ;
#1829 = LINE ( 'NONE', #24, #617 ) ;
#1830 = ORIENTED_EDGE ( 'NONE', *, *, #2503, .T. ) ;
#1831 = ORIENTED_EDGE ( 'NONE', *, *, #2352, .F. ) ;
#1832 = ORIENTED_EDGE ( 'NONE', *, *, #1155, .T. ) ;
#1833 = DIRECTION ( 'NONE',  ( -0.5000000000000150990, -0.8660254037844300479, 0.000000000000000000 ) ) ;
#1834 = VECTOR ( 'NONE', #1308, 100.0000000000000142 ) ;
#1835 = DIRECTION ( 'NONE',  ( 0.000000000000000000, -1.000000000000000000, 0.000000000000000000 ) ) ;
#1836 = CARTESIAN_POINT ( 'NONE',  ( -8.215495827718639177, 10.18999999999999595, 7.234999999999999432 ) ) ;
#1837 = EDGE_CURVE ( 'NONE', #1445, #3025, #3095, .T. ) ;
#1838 = VECTOR ( 'NONE', #2206, 100.0000000000000000 ) ;
#1839 = ORIENTED_EDGE ( 'NONE', *, *, #880, .F. ) ;
#1840 = FACE_OUTER_BOUND ( 'NONE', #2133, .T. ) ;
#1841 = AXIS2_PLACEMENT_3D ( 'NONE', #13, #1565, #2101 ) ;
#1842 = CARTESIAN_POINT ( 'NONE',  ( 0.000000000000000000, 0.000000000000000000, 6.917500000000000426 ) ) ;
#1843 = CARTESIAN_POINT ( 'NONE',  ( 8.380000000000000782, 8.379999999999968807, 3.979999999999877414 ) ) ;
#1844 = EDGE_CURVE ( 'NONE', #2923, #2450, #3058, .T. ) ;
#1845 = LINE ( 'NONE', #1076, #1243 ) ;
#1846 = VERTEX_POINT ( 'NONE', #2303 ) ;
#1847 = VECTOR ( 'NONE', #1361, 100.0000000000000000 ) ;
#1848 = DIRECTION ( 'NONE',  ( 0.000000000000000000, 0.000000000000000000, 1.000000000000000000 ) ) ;
#1849 = VECTOR ( 'NONE', #1957, 100.0000000000000142 ) ;
#1850 = VERTEX_POINT ( 'NONE', #503 ) ;
#1851 = ORIENTED_EDGE ( 'NONE', *, *, #922, .T. ) ;
#1852 = ORIENTED_EDGE ( 'NONE', *, *, #560, .T. ) ;
#1853 = CARTESIAN_POINT ( 'NONE',  ( -11.00000000000009415, -9.414999999999887237, 7.234999999999999432 ) ) ;
#1854 = VECTOR ( 'NONE', #522, 100.0000000000000142 ) ;
#1855 = CARTESIAN_POINT ( 'NONE',  ( -9.415000000000002700, 10.99999999999999645, 6.734999999999999432 ) ) ;
#1856 = CARTESIAN_POINT ( 'NONE',  ( -7.500000000000098588, -10.99999999999992362, 7.234999999999999432 ) ) ;
#1857 = CARTESIAN_POINT ( 'NONE',  ( 7.799999999999999822, 8.105000000000000426, 2.174999999999999822 ) ) ;
#1858 = VERTEX_POINT ( 'NONE', #253 ) ;
#1859 = EDGE_CURVE ( 'NONE', #1116, #90, #2090, .T. ) ;
#1860 = DIRECTION ( 'NONE',  ( -1.000000000000000000, 3.491481338843133355E-15, 0.000000000000000000 ) ) ;
#1861 = DIRECTION ( 'NONE',  ( -0.000000000000000000, 0.000000000000000000, 1.000000000000000000 ) ) ;
#1862 = PLANE ( 'NONE',  #2528 ) ;
#1863 = VERTEX_POINT ( 'NONE', #763 ) ;
#1864 = CARTESIAN_POINT ( 'NONE',  ( -10.36500000000007482, -7.634999999999895870, 6.917500000000000426 ) ) ;
#1865 = EDGE_CURVE ( 'NONE', #3090, #1212, #3112, .T. ) ;
#1866 = ORIENTED_EDGE ( 'NONE', *, *, #2901, .F. ) ;
#1867 = VERTEX_POINT ( 'NONE', #2840 ) ;
#1868 = ORIENTED_EDGE ( 'NONE', *, *, #514, .T. ) ;
#1869 = PLANE ( 'NONE',  #672 ) ;
#1870 = VECTOR ( 'NONE', #1912, 100.0000000000000000 ) ;
#1871 = FACE_OUTER_BOUND ( 'NONE', #1520, .T. ) ;
#1872 = CARTESIAN_POINT ( 'NONE',  ( -7.799999999999998934, 7.800000000000001599, 2.174999999999999822 ) ) ;
#1873 = DIRECTION ( 'NONE',  ( -0.8660254037844359321, 0.5000000000000046629, 0.000000000000000000 ) ) ;
#1874 = ORIENTED_EDGE ( 'NONE', *, *, #1505, .T. ) ;
#1875 = LINE ( 'NONE', #2425, #426 ) ;
#1876 = PLANE ( 'NONE',  #91 ) ;
#1877 = CARTESIAN_POINT ( 'NONE',  ( 7.635000000000006892, -25.63499999999999801, 6.917500000000000426 ) ) ;
#1878 = EDGE_CURVE ( 'NONE', #298, #2120, #3135, .T. ) ;
#1879 = ORIENTED_EDGE ( 'NONE', *, *, #1049, .T. ) ;
#1880 = DIRECTION ( 'NONE',  ( 0.000000000000000000, -1.000000000000000000, 0.000000000000000000 ) ) ;
#1881 = LINE ( 'NONE', #3036, #1031 ) ;
#1882 = EDGE_LOOP ( 'NONE', ( #1934, #2853, #1108, #1143 ) ) ;
#1883 = EDGE_CURVE ( 'NONE', #2941, #1048, #1768, .T. ) ;
#1884 = ORIENTED_EDGE ( 'NONE', *, *, #802, .T. ) ;
#1885 = VERTEX_POINT ( 'NONE', #2824 ) ;
#1886 = DIRECTION ( 'NONE',  ( -0.000000000000000000, 0.000000000000000000, 1.000000000000000000 ) ) ;
#1887 = LINE ( 'NONE', #1604, #1038 ) ;
#1888 = EDGE_CURVE ( 'NONE', #754, #516, #1554, .T. ) ;
#1889 = CARTESIAN_POINT ( 'NONE',  ( -11.00000000000000355, 7.499999999999983125, 7.234999999999999432 ) ) ;
#1890 = VERTEX_POINT ( 'NONE', #1537 ) ;
#1891 = AXIS2_PLACEMENT_3D ( 'NONE', #509, #2562, #2058 ) ;
#1892 = CARTESIAN_POINT ( 'NONE',  ( -10.19000000000000306, 8.215495827718632071, 7.234999999999999432 ) ) ;
#1893 = AXIS2_PLACEMENT_3D ( 'NONE', #275, #753, #1809 ) ;
#1894 = FACE_OUTER_BOUND ( 'NONE', #2329, .T. ) ;
#1895 = CARTESIAN_POINT ( 'NONE',  ( -9.415000000000112834, -10.99999999999990408, 7.234999999999999432 ) ) ;
#1896 = ORIENTED_EDGE ( 'NONE', *, *, #2614, .F. ) ;
#1897 = DIRECTION ( 'NONE',  ( 0.000000000000000000, 0.000000000000000000, 1.000000000000000000 ) ) ;
#1898 = CIRCLE ( 'NONE', #3182, 2.499999999999999556 ) ;
#1899 = LINE ( 'NONE', #2151, #398 ) ;
#1900 = VECTOR ( 'NONE', #2305, 100.0000000000000000 ) ;
#1901 = VERTEX_POINT ( 'NONE', #2775 ) ;
#1902 = ORIENTED_EDGE ( 'NONE', *, *, #350, .F. ) ;
#1903 = ORIENTED_EDGE ( 'NONE', *, *, #2503, .F. ) ;
#1904 = DIRECTION ( 'NONE',  ( 0.000000000000000000, -0.7071067811865439090, -0.7071067811865512365 ) ) ;
#1905 = VECTOR ( 'NONE', #349, 100.0000000000000000 ) ;
#1906 = EDGE_CURVE ( 'NONE', #2295, #1087, #1571, .T. ) ;
#1907 = VECTOR ( 'NONE', #1349, 100.0000000000000000 ) ;
#1908 = ADVANCED_FACE ( 'NONE', ( #2592 ), #2273, .F. ) ;
#1909 = DIRECTION ( 'NONE',  ( 0.000000000000000000, -1.000000000000000000, 0.000000000000000000 ) ) ;
#1910 = CARTESIAN_POINT ( 'NONE',  ( -10.76776695296642394, -10.76776695296631381, 6.367766952966323224 ) ) ;
#1911 = ORIENTED_EDGE ( 'NONE', *, *, #3030, .F. ) ;
#1912 = DIRECTION ( 'NONE',  ( -0.000000000000000000, 0.000000000000000000, 1.000000000000000000 ) ) ;
#1913 = CARTESIAN_POINT ( 'NONE',  ( -10.36499999999991317, 7.635000000000104592, 6.917500000000000426 ) ) ;
#1914 = CARTESIAN_POINT ( 'NONE',  ( -8.215495827718738653, -10.18999999999991779, 6.734999999999999432 ) ) ;
#1915 = ORIENTED_EDGE ( 'NONE', *, *, #2208, .T. ) ;
#1916 = FACE_OUTER_BOUND ( 'NONE', #1012, .T. ) ;
#1917 = DIRECTION ( 'NONE',  ( 1.000000000000000000, -1.047444401652940007E-14, 0.000000000000000000 ) ) ;
#1918 = ORIENTED_EDGE ( 'NONE', *, *, #1754, .T. ) ;
#1919 = ORIENTED_EDGE ( 'NONE', *, *, #106, .F. ) ;
#1920 = ORIENTED_EDGE ( 'NONE', *, *, #966, .T. ) ;
#1921 = DIRECTION ( 'NONE',  ( -1.000000000000000000, -1.817653936845376936E-16, 0.000000000000000000 ) ) ;
#1922 = EDGE_CURVE ( 'NONE', #884, #1482, #1018, .T. ) ;
#1923 = VECTOR ( 'NONE', #1402, 100.0000000000000000 ) ;
#1924 = DIRECTION ( 'NONE',  ( 0.000000000000000000, 1.000000000000000000, 0.000000000000000000 ) ) ;
#1925 = FACE_BOUND ( 'NONE', #2753, .T. ) ;
#1926 = ADVANCED_FACE ( 'NONE', ( #232 ), #3080, .F. ) ;
#1927 = ORIENTED_EDGE ( 'NONE', *, *, #887, .F. ) ;
#1928 = DIRECTION ( 'NONE',  ( 0.000000000000000000, 0.000000000000000000, 1.000000000000000000 ) ) ;
#1929 = LINE ( 'NONE', #1353, #2758 ) ;
#1930 = ORIENTED_EDGE ( 'NONE', *, *, #3133, .F. ) ;
#1931 = CARTESIAN_POINT ( 'NONE',  ( -11.00000000000000355, 9.414999999999997371, 6.734999999999999432 ) ) ;
#1932 = CARTESIAN_POINT ( 'NONE',  ( 7.500000000000015099, 10.99999999999999645, 6.917500000000001315 ) ) ;
#1933 = LINE ( 'NONE', #1726, #1145 ) ;
#1934 = ORIENTED_EDGE ( 'NONE', *, *, #602, .F. ) ;
#1935 = ORIENTED_EDGE ( 'NONE', *, *, #1111, .F. ) ;
#1936 = CARTESIAN_POINT ( 'NONE',  ( 11.00000000000002842, 9.414999999999963620, 7.234999999999999432 ) ) ;
#1937 = CARTESIAN_POINT ( 'NONE',  ( 8.215495827718667599, 10.18999999999997463, 7.234999999999999432 ) ) ;
#1938 = DIRECTION ( 'NONE',  ( 0.000000000000000000, -1.000000000000000000, 0.000000000000000000 ) ) ;
#1939 = ORIENTED_EDGE ( 'NONE', *, *, #1716, .T. ) ;
#1940 = DIRECTION ( 'NONE',  ( 0.000000000000000000, -1.000000000000000000, 0.000000000000000000 ) ) ;
#1941 = EDGE_CURVE ( 'NONE', #1454, #548, #269, .T. ) ;
#1942 = FACE_OUTER_BOUND ( 'NONE', #605, .T. ) ;
#1943 = VECTOR ( 'NONE', #1503, 100.0000000000000000 ) ;
#1944 = ORIENTED_EDGE ( 'NONE', *, *, #187, .T. ) ;
#1945 = PLANE ( 'NONE',  #1687 ) ;
#1946 = CARTESIAN_POINT ( 'NONE',  ( -10.83000000000000362, 8.584999999999997300, 6.734999999999999432 ) ) ;
#1947 = EDGE_CURVE ( 'NONE', #3196, #2246, #1052, .T. ) ;
#1948 = CARTESIAN_POINT ( 'NONE',  ( -10.19000000000008299, -8.215495827718530819, 6.734999999999999432 ) ) ;
#1949 = ORIENTED_EDGE ( 'NONE', *, *, #700, .T. ) ;
#1950 = AXIS2_PLACEMENT_3D ( 'NONE', #1448, #2711, #1198 ) ;
#1951 = VERTEX_POINT ( 'NONE', #2422 ) ;
#1952 = CARTESIAN_POINT ( 'NONE',  ( 0.000000000000000000, 0.000000000000000000, 6.917500000000000426 ) ) ;
#1953 = AXIS2_PLACEMENT_3D ( 'NONE', #928, #161, #971 ) ;
#1954 = CARTESIAN_POINT ( 'NONE',  ( 9.000000000000028422, 8.999999999999969802, 5.234999999999999432 ) ) ;
#1955 = VECTOR ( 'NONE', #479, 100.0000000000000142 ) ;
#1956 = VECTOR ( 'NONE', #2491, 100.0000000000000000 ) ;
#1957 = DIRECTION ( 'NONE',  ( -0.8660254037844333785, 0.5000000000000089928, 0.000000000000000000 ) ) ;
#1958 = DIRECTION ( 'NONE',  ( 8.163404592832066703E-15, 1.000000000000000000, 0.000000000000000000 ) ) ;
#1959 = CARTESIAN_POINT ( 'NONE',  ( -8.215495827718639177, 10.18999999999999595, 6.734999999999999432 ) ) ;
#1960 = VERTEX_POINT ( 'NONE', #1620 ) ;
#1961 = ADVANCED_FACE ( 'NONE', ( #2143 ), #1121, .F. ) ;
#1962 = LINE ( 'NONE', #2510, #566 ) ;
#1963 = LINE ( 'NONE', #2779, #2636 ) ;
#1964 = PLANE ( 'NONE',  #3124 ) ;
#1965 = ORIENTED_EDGE ( 'NONE', *, *, #794, .F. ) ;
#1966 = EDGE_CURVE ( 'NONE', #2360, #64, #118, .T. ) ;
#1967 = ORIENTED_EDGE ( 'NONE', *, *, #842, .T. ) ;
#1968 = DIRECTION ( 'NONE',  ( 0.8660254037844359321, -0.5000000000000046629, 0.000000000000000000 ) ) ;
#1969 = FACE_OUTER_BOUND ( 'NONE', #949, .T. ) ;
#1970 = DIRECTION ( 'NONE',  ( 0.000000000000000000, 1.000000000000000000, 0.000000000000000000 ) ) ;
#1971 = AXIS2_PLACEMENT_3D ( 'NONE', #1872, #2892, #1924 ) ;
#1972 = LINE ( 'NONE', #2761, #2140 ) ;
#1973 = DIRECTION ( 'NONE',  ( 1.000000000000000000, 0.000000000000000000, 0.000000000000000000 ) ) ;
#1974 = VERTEX_POINT ( 'NONE', #2675 ) ;
#1975 = LINE ( 'NONE', #3282, #3020 ) ;
#1976 = CARTESIAN_POINT ( 'NONE',  ( -10.36500000000007482, -7.634999999999895870, 6.917500000000000426 ) ) ;
#1977 = EDGE_CURVE ( 'NONE', #2031, #2913, #2107, .T. ) ;
#1978 = ORIENTED_EDGE ( 'NONE', *, *, #847, .T. ) ;
#1979 = ORIENTED_EDGE ( 'NONE', *, *, #2907, .T. ) ;
#1980 = VERTEX_POINT ( 'NONE', #3166 ) ;
#1981 = CARTESIAN_POINT ( 'NONE',  ( -10.19000000000000306, 9.784504172281362600, 6.734999999999999432 ) ) ;
#1982 = EDGE_CURVE ( 'NONE', #387, #2723, #2700, .T. ) ;
#1983 = DIRECTION ( 'NONE',  ( 0.000000000000000000, 1.000000000000000000, 0.000000000000000000 ) ) ;
#1984 = EDGE_CURVE ( 'NONE', #2450, #1212, #1384, .T. ) ;
#1985 = LINE ( 'NONE', #3202, #1849 ) ;
#1986 = CARTESIAN_POINT ( 'NONE',  ( 7.799999999999999822, 7.799999999999999822, 0.000000000000000000 ) ) ;
#1987 = CARTESIAN_POINT ( 'NONE',  ( 25.63500000000002288, 7.634999999999918074, 6.917500000000000426 ) ) ;
#1988 = ORIENTED_EDGE ( 'NONE', *, *, #700, .F. ) ;
#1989 = DIRECTION ( 'NONE',  ( 0.000000000000000000, -0.000000000000000000, 1.000000000000000000 ) ) ;
#1990 = LINE ( 'NONE', #1475, #1943 ) ;
#1991 = DIRECTION ( 'NONE',  ( -0.8660254037844359321, -0.5000000000000046629, 0.000000000000000000 ) ) ;
#1992 = ORIENTED_EDGE ( 'NONE', *, *, #210, .T. ) ;
#1993 = ORIENTED_EDGE ( 'NONE', *, *, #2475, .F. ) ;
#1994 = LINE ( 'NONE', #2737, #2647 ) ;
#1995 = AXIS2_PLACEMENT_3D ( 'NONE', #1626, #94, #2881 ) ;
#1996 = CIRCLE ( 'NONE', #2218, 0.3049999999999997158 ) ;
#1997 = CARTESIAN_POINT ( 'NONE',  ( 11.00000000000002665, 8.584999999999963549, 6.734999999999999432 ) ) ;
#1998 = ORIENTED_EDGE ( 'NONE', *, *, #1377, .F. ) ;
#1999 = ORIENTED_EDGE ( 'NONE', *, *, #581, .F. ) ;
#2000 = EDGE_CURVE ( 'NONE', #567, #1458, #72, .T. ) ;
#2001 = AXIS2_PLACEMENT_3D ( 'NONE', #3098, #2075, #2789 ) ;
#2002 = LINE ( 'NONE', #1245, #3139 ) ;
#2003 = CIRCLE ( 'NONE', #303, 2.499999999999999556 ) ;
#2004 = EDGE_CURVE ( 'NONE', #1497, #387, #520, .T. ) ;
#2005 = AXIS2_PLACEMENT_3D ( 'NONE', #3216, #2995, #2225 ) ;
#2006 = CARTESIAN_POINT ( 'NONE',  ( -11.00000000000009770, 10.99999999999999645, 6.600000000000000533 ) ) ;
#2007 = PLANE ( 'NONE',  #2922 ) ;
#2008 = VERTEX_POINT ( 'NONE', #2930 ) ;
#2009 = AXIS2_PLACEMENT_3D ( 'NONE', #2087, #51, #1069 ) ;
#2010 = EDGE_CURVE ( 'NONE', #318, #3038, #1655, .T. ) ;
#2011 = CARTESIAN_POINT ( 'NONE',  ( 11.00000000000000355, -9.414999999999997371, 6.734999999999999432 ) ) ;
#2012 = LINE ( 'NONE', #2478, #448 ) ;
#2013 = CARTESIAN_POINT ( 'NONE',  ( -9.415000000000112834, -10.99999999999990408, 6.734999999999999432 ) ) ;
#2014 = VERTEX_POINT ( 'NONE', #2180 ) ;
#2015 = CARTESIAN_POINT ( 'NONE',  ( 10.50000000000001599, -11.00000000000020606, 6.600000000000000533 ) ) ;
#2016 = VERTEX_POINT ( 'NONE', #1086 ) ;
#2017 = ORIENTED_EDGE ( 'NONE', *, *, #2490, .T. ) ;
#2018 = FACE_OUTER_BOUND ( 'NONE', #2785, .T. ) ;
#2019 = EDGE_CURVE ( 'NONE', #555, #684, #818, .T. ) ;
#2020 = DIRECTION ( 'NONE',  ( -1.000000000000000000, 1.047444401652940007E-14, 0.000000000000000000 ) ) ;
#2021 = EDGE_CURVE ( 'NONE', #3162, #1394, #574, .T. ) ;
#2022 = ORIENTED_EDGE ( 'NONE', *, *, #794, .T. ) ;
#2023 = VECTOR ( 'NONE', #1217, 100.0000000000000000 ) ;
#2024 = CARTESIAN_POINT ( 'NONE',  ( -9.415000000000002700, 10.82999999999999652, 6.734999999999999432 ) ) ;
#2025 = DIRECTION ( 'NONE',  ( -0.000000000000000000, 0.000000000000000000, 1.000000000000000000 ) ) ;
#2026 = DIRECTION ( 'NONE',  ( -1.000000000000000000, 0.000000000000000000, 0.000000000000000000 ) ) ;
#2027 = ADVANCED_FACE ( 'NONE', ( #1334 ), #338, .F. ) ;
#2028 = CARTESIAN_POINT ( 'NONE',  ( -11.00000000000033573, -10.99999999999998224, 6.600000000000000533 ) ) ;
#2029 = VERTEX_POINT ( 'NONE', #839 ) ;
#2030 = DIRECTION ( 'NONE',  ( 0.000000000000000000, -1.000000000000000000, 0.000000000000000000 ) ) ;
#2031 = VERTEX_POINT ( 'NONE', #2127 ) ;
#2032 = VERTEX_POINT ( 'NONE', #1857 ) ;
#2033 = DIRECTION ( 'NONE',  ( -1.000000000000000000, 3.330669073875470410E-15, 0.000000000000000000 ) ) ;
#2034 = DIRECTION ( 'NONE',  ( -0.000000000000000000, 0.000000000000000000, 1.000000000000000000 ) ) ;
#2035 = CARTESIAN_POINT ( 'NONE',  ( 8.215495827718667599, 10.18999999999997463, 6.734999999999999432 ) ) ;
#2036 = DIRECTION ( 'NONE',  ( -1.000000000000000000, 4.550094363217858838E-15, 0.000000000000000000 ) ) ;
#2037 = VERTEX_POINT ( 'NONE', #2877 ) ;
#2038 = LINE ( 'NONE', #526, #2914 ) ;
#2039 = EDGE_CURVE ( 'NONE', #2872, #1828, #589, .T. ) ;
#2040 = CARTESIAN_POINT ( 'NONE',  ( -10.83000000000000362, 8.584999999999997300, 7.234999999999999432 ) ) ;
#2041 = DIRECTION ( 'NONE',  ( 0.000000000000000000, -1.000000000000000000, 0.000000000000000000 ) ) ;
#2042 = DIRECTION ( 'NONE',  ( 0.000000000000000000, -0.7071067811865439090, 0.7071067811865512365 ) ) ;
#2043 = EDGE_LOOP ( 'NONE', ( #525, #633, #246, #1413, #641 ) ) ;
#2044 = CARTESIAN_POINT ( 'NONE',  ( 10.83000000000002672, 8.584999999999967102, 7.234999999999999432 ) ) ;
#2045 = ADVANCED_FACE ( 'NONE', ( #2893 ), #604, .F. ) ;
#2046 = ORIENTED_EDGE ( 'NONE', *, *, #2838, .T. ) ;
#2047 = ORIENTED_EDGE ( 'NONE', *, *, #1436, .T. ) ;
#2048 = VECTOR ( 'NONE', #862, 100.0000000000000000 ) ;
#2049 = ORIENTED_EDGE ( 'NONE', *, *, #1698, .F. ) ;
#2050 = PLANE ( 'NONE',  #3287 ) ;
#2051 = CIRCLE ( 'NONE', #504, 0.3049999999999997158 ) ;
#2052 = CARTESIAN_POINT ( 'NONE',  ( -10.19000000000000306, 8.215495827718632071, 6.734999999999999432 ) ) ;
#2053 = CARTESIAN_POINT ( 'NONE',  ( 7.799999999999999822, 8.105000000000000426, 2.174999999999999822 ) ) ;
#2054 = CIRCLE ( 'NONE', #2484, 0.3049999999999997158 ) ;
#2055 = ORIENTED_EDGE ( 'NONE', *, *, #1679, .T. ) ;
#2056 = LINE ( 'NONE', #766, #2321 ) ;
#2057 = CARTESIAN_POINT ( 'NONE',  ( 10.85145081841686299, 10.68408308751587477, 6.451450818416764044 ) ) ;
#2058 = DIRECTION ( 'NONE',  ( 0.8660254037844359321, 0.5000000000000046629, 0.000000000000000000 ) ) ;
#2059 = VECTOR ( 'NONE', #2762, 100.0000000000000000 ) ;
#2060 = CARTESIAN_POINT ( 'NONE',  ( -11.00000000000000355, 7.635000000000109921, 0.000000000000000000 ) ) ;
#2061 = EDGE_CURVE ( 'NONE', #1613, #931, #169, .T. ) ;
#2062 = ORIENTED_EDGE ( 'NONE', *, *, #1238, .T. ) ;
#2063 = ADVANCED_FACE ( 'NONE', ( #2195 ), #200, .F. ) ;
#2064 = CARTESIAN_POINT ( 'NONE',  ( -10.83000000000009422, -9.414999999999889013, 6.734999999999999432 ) ) ;
#2065 = VERTEX_POINT ( 'NONE', #449 ) ;
#2066 = EDGE_CURVE ( 'NONE', #1863, #2831, #701, .T. ) ;
#2067 = EDGE_LOOP ( 'NONE', ( #1025, #3034, #3306, #2584 ) ) ;
#2068 = ORIENTED_EDGE ( 'NONE', *, *, #388, .T. ) ;
#2069 = FACE_OUTER_BOUND ( 'NONE', #2165, .T. ) ;
#2070 = LINE ( 'NONE', #2554, #1423 ) ;
#2071 = EDGE_CURVE ( 'NONE', #2333, #2181, #1464, .T. ) ;
#2072 = CARTESIAN_POINT ( 'NONE',  ( 0.000000000000000000, 0.000000000000000000, 6.734999999999999432 ) ) ;
#2073 = CARTESIAN_POINT ( 'NONE',  ( 10.83000000000003027, 9.414999999999965397, 6.734999999999999432 ) ) ;
#2074 = ORIENTED_EDGE ( 'NONE', *, *, #2988, .T. ) ;
#2075 = DIRECTION ( 'NONE',  ( 1.029267862284486287E-14, 1.000000000000000000, 0.000000000000000000 ) ) ;
#2076 = FACE_OUTER_BOUND ( 'NONE', #428, .T. ) ;
#2077 = PLANE ( 'NONE',  #3294 ) ;
#2078 = LINE ( 'NONE', #2013, #1091 ) ;
#2079 = ORIENTED_EDGE ( 'NONE', *, *, #1837, .T. ) ;
#2080 = DIRECTION ( 'NONE',  ( 0.000000000000000000, 0.000000000000000000, 1.000000000000000000 ) ) ;
#2081 = VECTOR ( 'NONE', #1623, 100.0000000000000000 ) ;
#2082 = ORIENTED_EDGE ( 'NONE', *, *, #1656, .T. ) ;
#2083 = EDGE_LOOP ( 'NONE', ( #1441, #3227 ) ) ;
#2084 = ORIENTED_EDGE ( 'NONE', *, *, #2104, .F. ) ;
#2085 = CARTESIAN_POINT ( 'NONE',  ( -7.799999999999999822, -7.799999999999999822, 2.174999999999999822 ) ) ;
#2086 = EDGE_CURVE ( 'NONE', #339, #1850, #907, .T. ) ;
#2087 = CARTESIAN_POINT ( 'NONE',  ( 9.000000000000001776, -8.999999999999996447, 5.234999999999999432 ) ) ;
#2088 = EDGE_CURVE ( 'NONE', #1722, #499, #1985, .T. ) ;
#2089 = DIRECTION ( 'NONE',  ( 1.817653936845376936E-16, -1.000000000000000000, 0.000000000000000000 ) ) ;
#2090 = LINE ( 'NONE', #1267, #2650 ) ;
#2091 = ORIENTED_EDGE ( 'NONE', *, *, #1022, .T. ) ;
#2092 = CARTESIAN_POINT ( 'NONE',  ( 7.799999999999999822, -7.799999999999999822, 2.174999999999999822 ) ) ;
#2093 = CARTESIAN_POINT ( 'NONE',  ( -9.415000000000111058, -10.82999999999990415, 6.734999999999999432 ) ) ;
#2094 = CARTESIAN_POINT ( 'NONE',  ( 10.19000000000002615, 8.215495827718601873, 7.234999999999999432 ) ) ;
#2095 = PLANE ( 'NONE',  #2852 ) ;
#2096 = ORIENTED_EDGE ( 'NONE', *, *, #905, .F. ) ;
#2097 = LINE ( 'NONE', #3086, #1411 ) ;
#2098 = ORIENTED_EDGE ( 'NONE', *, *, #1489, .T. ) ;
#2099 = EDGE_LOOP ( 'NONE', ( #881, #2952, #496, #1256 ) ) ;
#2100 = ORIENTED_EDGE ( 'NONE', *, *, #1383, .F. ) ;
#2101 = DIRECTION ( 'NONE',  ( 0.000000000000000000, -1.000000000000000000, 0.000000000000000000 ) ) ;
#2102 = VECTOR ( 'NONE', #2202, 100.0000000000000000 ) ;
#2103 = PLANE ( 'NONE',  #1463 ) ;
#2104 = EDGE_CURVE ( 'NONE', #2120, #218, #1719, .T. ) ;
#2105 = EDGE_CURVE ( 'NONE', #2115, #11, #2271, .T. ) ;
#2106 = LINE ( 'NONE', #2556, #2994 ) ;
#2107 = LINE ( 'NONE', #639, #1907 ) ;
#2108 = VECTOR ( 'NONE', #241, 100.0000000000000000 ) ;
#2109 = EDGE_CURVE ( 'NONE', #1056, #1547, #1216, .T. ) ;
#2110 = ORIENTED_EDGE ( 'NONE', *, *, #222, .F. ) ;
#2111 = AXIS2_PLACEMENT_3D ( 'NONE', #2810, #3048, #1020 ) ;
#2112 = DIRECTION ( 'NONE',  ( -1.047444401652940007E-14, -1.000000000000000000, 0.000000000000000000 ) ) ;
#2113 = CARTESIAN_POINT ( 'NONE',  ( 10.76776695296638664, 10.76776695296634934, 6.367766952966287697 ) ) ;
#2114 = DIRECTION ( 'NONE',  ( 0.000000000000000000, 0.000000000000000000, 1.000000000000000000 ) ) ;
#2115 = VERTEX_POINT ( 'NONE', #2238 ) ;
#2116 = AXIS2_PLACEMENT_3D ( 'NONE', #850, #115, #1134 ) ;
#2117 = CARTESIAN_POINT ( 'NONE',  ( -9.784504172281369705, 10.18999999999999595, 6.734999999999999432 ) ) ;
#2118 = AXIS2_PLACEMENT_3D ( 'NONE', #2982, #2961, #1691 ) ;
#2119 =( BOUNDED_CURVE ( )  B_SPLINE_CURVE ( 3, ( #846, #1095, #380, #2396 ),
 .UNSPECIFIED., .F., .F. ) 
 B_SPLINE_CURVE_WITH_KNOTS ( ( 4, 4 ),
 ( 0.6435011087932567264, 0.7853981633974393972 ),
 .UNSPECIFIED. ) 
 CURVE ( )  GEOMETRIC_REPRESENTATION_ITEM ( )  RATIONAL_B_SPLINE_CURVE ( ( 1.000000000000000000, 0.9983228058750945877, 0.9983228058750945877, 1.000000000000000000 ) ) 
 REPRESENTATION_ITEM ( '' )  );
#2120 = VERTEX_POINT ( 'NONE', #3262 ) ;
#2121 = ORIENTED_EDGE ( 'NONE', *, *, #376, .T. ) ;
#2122 = ORIENTED_EDGE ( 'NONE', *, *, #67, .T. ) ;
#2123 = LINE ( 'NONE', #1981, #87 ) ;
#2124 = CARTESIAN_POINT ( 'NONE',  ( -10.83000000000008711, -8.584999999999890719, 6.734999999999999432 ) ) ;
#2125 = DIRECTION ( 'NONE',  ( -0.4999999999999955591, 0.8660254037844412611, 0.000000000000000000 ) ) ;
#2126 = EDGE_CURVE ( 'NONE', #3143, #196, #1421, .T. ) ;
#2127 = CARTESIAN_POINT ( 'NONE',  ( 8.585000000000004405, -10.82999999999999652, 6.734999999999999432 ) ) ;
#2128 = ORIENTED_EDGE ( 'NONE', *, *, #2236, .F. ) ;
#2129 = DIRECTION ( 'NONE',  ( 0.000000000000000000, 1.000000000000000000, 0.000000000000000000 ) ) ;
#2130 = EDGE_CURVE ( 'NONE', #2676, #286, #156, .T. ) ;
#2131 = DIRECTION ( 'NONE',  ( -0.5000000000000046629, 0.8660254037844359321, 0.000000000000000000 ) ) ;
#2132 = PLANE ( 'NONE',  #2588 ) ;
#2133 = EDGE_LOOP ( 'NONE', ( #1896, #1431, #157, #1998 ) ) ;
#2134 = CARTESIAN_POINT ( 'NONE',  ( -11.00000000000005151, 11.00000000000008882, 6.599999999999954348 ) ) ;
#2135 = ADVANCED_FACE ( 'NONE', ( #1230, #1925, #1670, #2692, #1187 ), #1174, .T. ) ;
#2136 = ORIENTED_EDGE ( 'NONE', *, *, #2088, .T. ) ;
#2137 = ORIENTED_EDGE ( 'NONE', *, *, #3067, .F. ) ;
#2138 = ORIENTED_EDGE ( 'NONE', *, *, #1347, .F. ) ;
#2139 = CARTESIAN_POINT ( 'NONE',  ( 7.799999999999999822, -7.495000000000000107, 2.174999999999999822 ) ) ;
#2140 = VECTOR ( 'NONE', #452, 100.0000000000000000 ) ;
#2141 = DIRECTION ( 'NONE',  ( 1.000000000000000000, 0.000000000000000000, 0.000000000000000000 ) ) ;
#2142 = APPLICATION_PROTOCOL_DEFINITION ( 'draft international standard', 'automotive_design', 1998, #562 ) ;
#2143 = FACE_OUTER_BOUND ( 'NONE', #1556, .T. ) ;
#2144 = ORIENTED_EDGE ( 'NONE', *, *, #1022, .F. ) ;
#2145 = CARTESIAN_POINT ( 'NONE',  ( 7.635000000000004228, -10.36499999999999311, 6.917500000000000426 ) ) ;
#2146 = CARTESIAN_POINT ( 'NONE',  ( 8.585000000000002629, -10.99999999999999645, 6.734999999999999432 ) ) ;
#2147 = CARTESIAN_POINT ( 'NONE',  ( -10.92899188551691658, 10.59467748597745285, 6.528991885516818527 ) ) ;
#2148 = ORIENTED_EDGE ( 'NONE', *, *, #1470, .F. ) ;
#2149 = ADVANCED_FACE ( 'NONE', ( #2713 ), #182, .F. ) ;
#2150 = CARTESIAN_POINT ( 'NONE',  ( -7.634999999999996234, -10.36499999999999311, 7.234999999999999432 ) ) ;
#2151 = CARTESIAN_POINT ( 'NONE',  ( -9.415000000000002700, 10.82999999999999652, 6.734999999999999432 ) ) ;
#2152 = ORIENTED_EDGE ( 'NONE', *, *, #1387, .F. ) ;
#2153 = ADVANCED_FACE ( 'NONE', ( #2207 ), #3231, .F. ) ;
#2154 = ORIENTED_EDGE ( 'NONE', *, *, #1984, .T. ) ;
#2155 = DIRECTION ( 'NONE',  ( -1.000000000000000000, 3.491481338843133355E-15, 0.000000000000000000 ) ) ;
#2156 = FACE_OUTER_BOUND ( 'NONE', #993, .T. ) ;
#2157 = AXIS2_PLACEMENT_3D ( 'NONE', #309, #2828, #2844 ) ;
#2158 = FACE_OUTER_BOUND ( 'NONE', #1080, .T. ) ;
#2159 = ORIENTED_EDGE ( 'NONE', *, *, #2286, .F. ) ;
#2160 = AXIS2_PLACEMENT_3D ( 'NONE', #2546, #1272, #8 ) ;
#2161 = DIRECTION ( 'NONE',  ( -3.491481338843133355E-15, -1.000000000000000000, 0.000000000000000000 ) ) ;
#2162 = AXIS2_PLACEMENT_3D ( 'NONE', #564, #1508, #1582 ) ;
#2163 = DIRECTION ( 'NONE',  ( 0.000000000000000000, 1.000000000000000000, 0.000000000000000000 ) ) ;
#2164 = DIRECTION ( 'NONE',  ( -1.000000000000000000, 0.000000000000000000, 0.000000000000000000 ) ) ;
#2165 = EDGE_LOOP ( 'NONE', ( #1250, #2345, #1122, #3307 ) ) ;
#2166 = DIRECTION ( 'NONE',  ( -3.491481338843133355E-15, -1.000000000000000000, 0.000000000000000000 ) ) ;
#2167 = VECTOR ( 'NONE', #2568, 100.0000000000000000 ) ;
#2168 = DIRECTION ( 'NONE',  ( -3.491481338843133355E-15, -1.000000000000000000, 0.000000000000000000 ) ) ;
#2169 = EDGE_CURVE ( 'NONE', #2620, #1610, #1437, .T. ) ;
#2170 = AXIS2_PLACEMENT_3D ( 'NONE', #1184, #430, #951 ) ;
#2171 = EDGE_LOOP ( 'NONE', ( #1782, #160, #2074, #1868, #2764, #1147, #1471, #973, #505, #1935, #2428, #3106, #758, #696, #2606, #28 ) ) ;
#2172 = ORIENTED_EDGE ( 'NONE', *, *, #2529, .F. ) ;
#2173 = VERTEX_POINT ( 'NONE', #1704 ) ;
#2174 = FACE_OUTER_BOUND ( 'NONE', #357, .T. ) ;
#2175 = AXIS2_PLACEMENT_3D ( 'NONE', #3213, #2958, #100 ) ;
#2176 = ADVANCED_FACE ( 'NONE', ( #2470 ), #2285, .F. ) ;
#2177 = LINE ( 'NONE', #2124, #351 ) ;
#2178 = AXIS2_PLACEMENT_3D ( 'NONE', #16, #1249, #553 ) ;
#2179 = DIRECTION ( 'NONE',  ( -0.8660254037844359321, 0.5000000000000046629, 0.000000000000000000 ) ) ;
#2180 = CARTESIAN_POINT ( 'NONE',  ( 10.19000000000000306, -9.784504172281362600, 6.734999999999999432 ) ) ;
#2181 = VERTEX_POINT ( 'NONE', #3076 ) ;
#2182 = CARTESIAN_POINT ( 'NONE',  ( 0.000000000000000000, 0.000000000000000000, 6.734999999999999432 ) ) ;
#2183 = FACE_OUTER_BOUND ( 'NONE', #996, .T. ) ;
#2184 = EDGE_LOOP ( 'NONE', ( #2189, #893 ) ) ;
#2185 = DIRECTION ( 'NONE',  ( 1.817653936845376936E-16, -1.000000000000000000, 0.000000000000000000 ) ) ;
#2186 = CARTESIAN_POINT ( 'NONE',  ( -7.799999999999998934, 8.105000000000000426, 2.174999999999999822 ) ) ;
#2187 = LINE ( 'NONE', #427, #1034 ) ;
#2188 = ORIENTED_EDGE ( 'NONE', *, *, #2471, .T. ) ;
#2189 = ORIENTED_EDGE ( 'NONE', *, *, #1947, .F. ) ;
#2190 = PLANE ( 'NONE',  #725 ) ;
#2191 = LINE ( 'NONE', #2455, #2371 ) ;
#2192 = AXIS2_PLACEMENT_3D ( 'NONE', #2690, #402, #1348 ) ;
#2193 = EDGE_CURVE ( 'NONE', #1692, #109, #783, .T. ) ;
#2194 = CARTESIAN_POINT ( 'NONE',  ( -8.585000000000004405, 10.82999999999999652, 6.734999999999999432 ) ) ;
#2195 = FACE_OUTER_BOUND ( 'NONE', #276, .T. ) ;
#2196 = ORIENTED_EDGE ( 'NONE', *, *, #1036, .F. ) ;
#2197 = EDGE_CURVE ( 'NONE', #628, #104, #2070, .T. ) ;
#2198 = DIRECTION ( 'NONE',  ( -0.000000000000000000, 0.000000000000000000, 1.000000000000000000 ) ) ;
#2199 = DIRECTION ( 'NONE',  ( -1.000000000000000000, 0.000000000000000000, 0.000000000000000000 ) ) ;
#2200 = ORIENTED_EDGE ( 'NONE', *, *, #677, .T. ) ;
#2201 = DIRECTION ( 'NONE',  ( -0.8660254037844411501, -0.4999999999999956146, 0.000000000000000000 ) ) ;
#2202 = DIRECTION ( 'NONE',  ( -0.000000000000000000, 0.000000000000000000, 1.000000000000000000 ) ) ;
#2203 = ORIENTED_EDGE ( 'NONE', *, *, #2951, .T. ) ;
#2204 = ORIENTED_EDGE ( 'NONE', *, *, #661, .F. ) ;
#2205 = DIRECTION ( 'NONE',  ( -0.000000000000000000, 0.000000000000000000, 1.000000000000000000 ) ) ;
#2206 = DIRECTION ( 'NONE',  ( -0.000000000000000000, 0.000000000000000000, 1.000000000000000000 ) ) ;
#2207 = FACE_OUTER_BOUND ( 'NONE', #2067, .T. ) ;
#2208 = EDGE_CURVE ( 'NONE', #1951, #1048, #536, .T. ) ;
#2209 = CARTESIAN_POINT ( 'NONE',  ( 9.415000000000034674, 10.82999999999996987, 7.234999999999999432 ) ) ;
#2210 = CARTESIAN_POINT ( 'NONE',  ( 7.799999999999999822, -7.799999999999999822, 2.174999999999999822 ) ) ;
#2211 = ADVANCED_FACE ( 'NONE', ( #1802 ), #265, .F. ) ;
#2212 = AXIS2_PLACEMENT_3D ( 'NONE', #1007, #2866, #1578 ) ;
#2213 = ORIENTED_EDGE ( 'NONE', *, *, #616, .T. ) ;
#2214 = CARTESIAN_POINT ( 'NONE',  ( -25.63500000000007617, -7.634999999999739551, 6.917500000000000426 ) ) ;
#2215 = PLANE ( 'NONE',  #2314 ) ;
#2216 = ORIENTED_EDGE ( 'NONE', *, *, #2130, .F. ) ;
#2217 = EDGE_LOOP ( 'NONE', ( #3160, #1131, #866, #2406 ) ) ;
#2218 = AXIS2_PLACEMENT_3D ( 'NONE', #888, #635, #2944 ) ;
#2219 = EDGE_LOOP ( 'NONE', ( #1606, #792, #2558, #1965, #1003, #225 ) ) ;
#2220 = DIRECTION ( 'NONE',  ( 0.4999999999999956146, -0.8660254037844411501, 0.000000000000000000 ) ) ;
#2221 = CIRCLE ( 'NONE', #2111, 0.3049999999999997158 ) ;
#2222 = LINE ( 'NONE', #1480, #2426 ) ;
#2223 = AXIS2_PLACEMENT_3D ( 'NONE', #1651, #1921, #3198 ) ;
#2224 = VECTOR ( 'NONE', #2228, 100.0000000000000000 ) ;
#2225 = DIRECTION ( 'NONE',  ( -0.5000000000000076605, -0.8660254037844342667, 0.000000000000000000 ) ) ;
#2226 = EDGE_CURVE ( 'NONE', #933, #2583, #1279, .T. ) ;
#2227 = FACE_OUTER_BOUND ( 'NONE', #2217, .T. ) ;
#2228 = DIRECTION ( 'NONE',  ( 0.5000000000000137668, 0.8660254037844307140, 0.000000000000000000 ) ) ;
#2229 = ORIENTED_EDGE ( 'NONE', *, *, #2000, .T. ) ;
#2230 = DIRECTION ( 'NONE',  ( 0.000000000000000000, 0.000000000000000000, 1.000000000000000000 ) ) ;
#2231 = ADVANCED_FACE ( 'NONE', ( #1030 ), #3056, .F. ) ;
#2232 = DIRECTION ( 'NONE',  ( 1.000000000000000000, -3.491481338843133355E-15, 0.000000000000000000 ) ) ;
#2233 = ORIENTED_EDGE ( 'NONE', *, *, #1614, .T. ) ;
#2234 = ORIENTED_EDGE ( 'NONE', *, *, #1966, .F. ) ;
#2235 = CARTESIAN_POINT ( 'NONE',  ( 11.00000000000000355, -8.584999999999997300, 6.734999999999999432 ) ) ;
#2236 = EDGE_CURVE ( 'NONE', #245, #2620, #1053, .T. ) ;
#2237 = DIRECTION ( 'NONE',  ( -1.000000000000000000, 3.330669073875470410E-15, 0.000000000000000000 ) ) ;
#2238 = CARTESIAN_POINT ( 'NONE',  ( -9.000000000000001776, 8.694999999999996732, 7.234999999999999432 ) ) ;
#2239 = AXIS2_PLACEMENT_3D ( 'NONE', #1173, #1157, #2179 ) ;
#2240 = LINE ( 'NONE', #2053, #213 ) ;
#2241 = DIRECTION ( 'NONE',  ( 0.000000000000000000, 0.000000000000000000, 1.000000000000000000 ) ) ;
#2242 = EDGE_LOOP ( 'NONE', ( #203, #743, #239, #1276 ) ) ;
#2243 = DIRECTION ( 'NONE',  ( 1.000000000000000000, -1.029267862284486287E-14, 0.000000000000000000 ) ) ;
#2244 = DIRECTION ( 'NONE',  ( -0.000000000000000000, 0.000000000000000000, 1.000000000000000000 ) ) ;
#2245 = EDGE_CURVE ( 'NONE', #259, #628, #2589, .T. ) ;
#2246 = VERTEX_POINT ( 'NONE', #1752 ) ;
#2247 = ORIENTED_EDGE ( 'NONE', *, *, #2800, .T. ) ;
#2248 = LINE ( 'NONE', #1762, #3192 ) ;
#2249 = DIRECTION ( 'NONE',  ( 0.000000000000000000, 0.000000000000000000, -1.000000000000000000 ) ) ;
#2250 = ADVANCED_FACE ( 'NONE', ( #1818 ), #1515, .F. ) ;
#2251 = ORIENTED_EDGE ( 'NONE', *, *, #3240, .T. ) ;
#2252 = CARTESIAN_POINT ( 'NONE',  ( -10.19000000000009898, -9.784504172281263124, 6.734999999999999432 ) ) ;
#2253 = CARTESIAN_POINT ( 'NONE',  ( -10.50000000000001599, 10.99999999999999645, 0.000000000000000000 ) ) ;
#2254 = DIRECTION ( 'NONE',  ( -1.000000000000000000, 3.491481338843133355E-15, 0.000000000000000000 ) ) ;
#2255 = ORIENTED_EDGE ( 'NONE', *, *, #270, .F. ) ;
#2256 = DIRECTION ( 'NONE',  ( 0.000000000000000000, 0.000000000000000000, 1.000000000000000000 ) ) ;
#2257 = LINE ( 'NONE', #3239, #1196 ) ;
#2258 = AXIS2_PLACEMENT_3D ( 'NONE', #3064, #769, #1793 ) ;
#2259 = FACE_OUTER_BOUND ( 'NONE', #1178, .T. ) ;
#2260 = ORIENTED_EDGE ( 'NONE', *, *, #3181, .T. ) ;
#2261 = DIRECTION ( 'NONE',  ( 0.000000000000000000, 0.000000000000000000, -1.000000000000000000 ) ) ;
#2262 = AXIS2_PLACEMENT_3D ( 'NONE', #1255, #1491, #510 ) ;
#2263 = EDGE_CURVE ( 'NONE', #1056, #2861, #551, .T. ) ;
#2264 = VECTOR ( 'NONE', #2992, 100.0000000000000000 ) ;
#2265 = ORIENTED_EDGE ( 'NONE', *, *, #2193, .F. ) ;
#2266 = ORIENTED_EDGE ( 'NONE', *, *, #334, .F. ) ;
#2267 = VECTOR ( 'NONE', #832, 100.0000000000000000 ) ;
#2268 = EDGE_CURVE ( 'NONE', #646, #3186, #302, .T. ) ;
#2269 = LINE ( 'NONE', #3295, #147 ) ;
#2270 = CIRCLE ( 'NONE', #2432, 0.3049999999999997158 ) ;
#2271 = CIRCLE ( 'NONE', #944, 0.3049999999999997158 ) ;
#2272 = CARTESIAN_POINT ( 'NONE',  ( -9.415000000000002700, 10.82999999999999652, 7.234999999999999432 ) ) ;
#2273 = PLANE ( 'NONE',  #1207 ) ;
#2274 = ORIENTED_EDGE ( 'NONE', *, *, #2263, .T. ) ;
#2275 = VECTOR ( 'NONE', #2300, 100.0000000000000000 ) ;
#2276 = DIRECTION ( 'NONE',  ( 1.000000000000000000, -1.047444401652940007E-14, 0.000000000000000000 ) ) ;
#2277 = CYLINDRICAL_SURFACE ( 'NONE', #3121, 0.3049999999999997158 ) ;
#2278 = PLANE ( 'NONE',  #2960 ) ;
#2279 = DIRECTION ( 'NONE',  ( 0.000000000000000000, -1.000000000000000000, 0.000000000000000000 ) ) ;
#2280 = ORIENTED_EDGE ( 'NONE', *, *, #1436, .F. ) ;
#2281 = DIRECTION ( 'NONE',  ( 0.000000000000000000, -1.000000000000000000, 0.000000000000000000 ) ) ;
#2282 = ORIENTED_EDGE ( 'NONE', *, *, #640, .T. ) ;
#2283 = VERTEX_POINT ( 'NONE', #983 ) ;
#2284 = ORIENTED_EDGE ( 'NONE', *, *, #1383, .T. ) ;
#2285 = PLANE ( 'NONE',  #249 ) ;
#2286 = EDGE_CURVE ( 'NONE', #582, #2904, #2002, .T. ) ;
#2287 = FACE_OUTER_BOUND ( 'NONE', #2851, .T. ) ;
#2288 = DIRECTION ( 'NONE',  ( 3.491481338843133355E-15, 1.000000000000000000, 0.000000000000000000 ) ) ;
#2289 = EDGE_CURVE ( 'NONE', #218, #3195, #2981, .T. ) ;
#2290 = ORIENTED_EDGE ( 'NONE', *, *, #2603, .T. ) ;
#2291 = AXIS2_PLACEMENT_3D ( 'NONE', #2006, #3044, #1753 ) ;
#2292 = CARTESIAN_POINT ( 'NONE',  ( 7.799999999999999822, 7.495000000000000107, 0.000000000000000000 ) ) ;
#2293 = FACE_OUTER_BOUND ( 'NONE', #463, .T. ) ;
#2294 = CYLINDRICAL_SURFACE ( 'NONE', #2262, 0.3049999999999997158 ) ;
#2295 = VERTEX_POINT ( 'NONE', #229 ) ;
#2296 = DIRECTION ( 'NONE',  ( 0.000000000000000000, 1.000000000000000000, 0.000000000000000000 ) ) ;
#2297 = ORIENTED_EDGE ( 'NONE', *, *, #284, .T. ) ;
#2298 = ORIENTED_EDGE ( 'NONE', *, *, #2553, .F. ) ;
#2299 = FACE_OUTER_BOUND ( 'NONE', #1477, .T. ) ;
#2300 = DIRECTION ( 'NONE',  ( -1.817653936845376936E-16, 1.000000000000000000, 0.000000000000000000 ) ) ;
#2301 = CARTESIAN_POINT ( 'NONE',  ( 11.00000000000000355, -7.499999999999983125, 7.234999999999999432 ) ) ;
#2302 = EDGE_CURVE ( 'NONE', #123, #1127, #2269, .T. ) ;
#2303 = CARTESIAN_POINT ( 'NONE',  ( -7.799999999999998934, 8.105000000000000426, 2.174999999999999822 ) ) ;
#2304 = EDGE_LOOP ( 'NONE', ( #1236, #859, #2652, #1677 ) ) ;
#2305 = DIRECTION ( 'NONE',  ( -1.000000000000000000, 0.000000000000000000, 0.000000000000000000 ) ) ;
#2306 = PLANE ( 'NONE',  #132 ) ;
#2307 = ADVANCED_FACE ( 'NONE', ( #2018 ), #745, .F. ) ;
#2308 = LINE ( 'NONE', #1808, #230 ) ;
#2309 = DIRECTION ( 'NONE',  ( -0.8660254037844411501, -0.4999999999999956146, 0.000000000000000000 ) ) ;
#2310 = ORIENTED_EDGE ( 'NONE', *, *, #1715, .T. ) ;
#2311 = CARTESIAN_POINT ( 'NONE',  ( 11.00000000000003197, 10.49999999999997691, 6.917500000000000426 ) ) ;
#2312 = AXIS2_PLACEMENT_3D ( 'NONE', #823, #789, #1591 ) ;
#2313 = EDGE_LOOP ( 'NONE', ( #2213, #1501, #882, #831 ) ) ;
#2314 = AXIS2_PLACEMENT_3D ( 'NONE', #1456, #2511, #220 ) ;
#2315 = ORIENTED_EDGE ( 'NONE', *, *, #2623, .T. ) ;
#2316 = CARTESIAN_POINT ( 'NONE',  ( -11.00000000000000355, 10.49999999999998224, 7.234999999999999432 ) ) ;
#2317 = CIRCLE ( 'NONE', #1893, 0.3049999999999997158 ) ;
#2318 = DIRECTION ( 'NONE',  ( -0.000000000000000000, 0.000000000000000000, 1.000000000000000000 ) ) ;
#2319 = AXIS2_PLACEMENT_3D ( 'NONE', #10, #1848, #1811 ) ;
#2320 = FACE_OUTER_BOUND ( 'NONE', #223, .T. ) ;
#2321 = VECTOR ( 'NONE', #1539, 100.0000000000000000 ) ;
#2322 = CARTESIAN_POINT ( 'NONE',  ( 7.799999999999999822, 7.495000000000000107, 2.174999999999999822 ) ) ;
#2323 = ORIENTED_EDGE ( 'NONE', *, *, #1672, .F. ) ;
#2324 = FACE_OUTER_BOUND ( 'NONE', #1598, .T. ) ;
#2325 = LINE ( 'NONE', #1792, #1566 ) ;
#2326 = LINE ( 'NONE', #2812, #501 ) ;
#2327 = VECTOR ( 'NONE', #969, 100.0000000000000000 ) ;
#2328 = FACE_OUTER_BOUND ( 'NONE', #2479, .T. ) ;
#2329 = EDGE_LOOP ( 'NONE', ( #2465, #970, #709, #3177 ) ) ;
#2330 = ADVANCED_FACE ( 'NONE', ( #1015 ), #2336, .T. ) ;
#2331 = CARTESIAN_POINT ( 'NONE',  ( 8.585000000000036380, 10.99999999999997158, 6.734999999999999432 ) ) ;
#2332 = ORIENTED_EDGE ( 'NONE', *, *, #2440, .F. ) ;
#2333 = VERTEX_POINT ( 'NONE', #3109 ) ;
#2334 = ADVANCED_FACE ( 'NONE', ( #1253 ), #2077, .T. ) ;
#2335 = LINE ( 'NONE', #1029, #940 ) ;
#2336 = PLANE ( 'NONE',  #2009 ) ;
#2337 = FACE_OUTER_BOUND ( 'NONE', #2348, .T. ) ;
#2338 = LINE ( 'NONE', #3046, #624 ) ;
#2339 = ORIENTED_EDGE ( 'NONE', *, *, #2820, .F. ) ;
#2340 = LINE ( 'NONE', #56, #458 ) ;
#2341 = FACE_BOUND ( 'NONE', #2184, .T. ) ;
#2342 = CARTESIAN_POINT ( 'NONE',  ( 10.50000000000001599, -10.99999999999999645, 0.000000000000000000 ) ) ;
#2343 = DIRECTION ( 'NONE',  ( 8.163404592832066703E-15, 1.000000000000000000, 0.000000000000000000 ) ) ;
#2344 = CIRCLE ( 'NONE', #1120, 0.3049999999999997158 ) ;
#2345 = ORIENTED_EDGE ( 'NONE', *, *, #3215, .F. ) ;
#2346 = PLANE ( 'NONE',  #716 ) ;
#2347 = ADVANCED_FACE ( 'NONE', ( #1059 ), #559, .T. ) ;
#2348 = EDGE_LOOP ( 'NONE', ( #1219, #1378, #1944, #2315 ) ) ;
#2349 = ORIENTED_EDGE ( 'NONE', *, *, #1741, .F. ) ;
#2350 = VERTEX_POINT ( 'NONE', #310 ) ;
#2351 = CARTESIAN_POINT ( 'NONE',  ( -9.000000000000001776, 8.999999999999996447, 5.234999999999999432 ) ) ;
#2352 = EDGE_CURVE ( 'NONE', #1168, #737, #291, .T. ) ;
#2353 = CARTESIAN_POINT ( 'NONE',  ( 0.000000000000000000, 0.000000000000000000, 6.734999999999999432 ) ) ;
#2354 = ADVANCED_FACE ( 'NONE', ( #808 ), #3116, .F. ) ;
#2355 = CARTESIAN_POINT ( 'NONE',  ( 25.63499999999996959, -7.635000000000082387, 6.917500000000000426 ) ) ;
#2356 = ORIENTED_EDGE ( 'NONE', *, *, #2039, .F. ) ;
#2357 = DIRECTION ( 'NONE',  ( 1.000000000000000000, 0.000000000000000000, 0.000000000000000000 ) ) ;
#2358 = CARTESIAN_POINT ( 'NONE',  ( 10.50000000000002132, 10.99999999999996625, 7.234999999999999432 ) ) ;
#2359 = FACE_OUTER_BOUND ( 'NONE', #980, .T. ) ;
#2360 = VERTEX_POINT ( 'NONE', #1040 ) ;
#2361 = DIRECTION ( 'NONE',  ( 0.000000000000000000, -1.000000000000000000, 0.000000000000000000 ) ) ;
#2362 = ORIENTED_EDGE ( 'NONE', *, *, #640, .F. ) ;
#2363 = VERTEX_POINT ( 'NONE', #1843 ) ;
#2364 = ORIENTED_EDGE ( 'NONE', *, *, #1600, .F. ) ;
#2365 = CARTESIAN_POINT ( 'NONE',  ( 9.000000000000028422, 8.999999999999969802, 7.234999999999999432 ) ) ;
#2366 = ADVANCED_FACE ( 'NONE', ( #1559 ), #274, .F. ) ;
#2367 = DIRECTION ( 'NONE',  ( -1.000000000000000000, 3.491481338843133355E-15, 0.000000000000000000 ) ) ;
#2368 = EDGE_CURVE ( 'NONE', #499, #1699, #3100, .T. ) ;
#2369 = AXIS2_PLACEMENT_3D ( 'NONE', #2028, #1526, #2042 ) ;
#2370 = DIRECTION ( 'NONE',  ( 0.000000000000000000, 0.000000000000000000, -1.000000000000000000 ) ) ;
#2371 = VECTOR ( 'NONE', #1462, 100.0000000000000000 ) ;
#2372 = VERTEX_POINT ( 'NONE', #2845 ) ;
#2373 = EDGE_CURVE ( 'NONE', #3172, #1261, #2326, .T. ) ;
#2374 = VECTOR ( 'NONE', #749, 100.0000000000000000 ) ;
#2375 = CARTESIAN_POINT ( 'NONE',  ( 11.00000000000000355, -10.49999999999998224, 0.000000000000000000 ) ) ;
#2376 = CARTESIAN_POINT ( 'NONE',  ( 8.215495827718667599, 10.18999999999997463, 6.734999999999999432 ) ) ;
#2377 = CARTESIAN_POINT ( 'NONE',  ( -10.19000000000000306, 8.215495827718632071, 6.734999999999999432 ) ) ;
#2378 = ORIENTED_EDGE ( 'NONE', *, *, #46, .T. ) ;
#2379 = VECTOR ( 'NONE', #3137, 100.0000000000000000 ) ;
#2380 = CARTESIAN_POINT ( 'NONE',  ( -10.36500000000007482, -7.634999999999895870, 6.917500000000000426 ) ) ;
#2381 = VECTOR ( 'NONE', #2624, 100.0000000000000000 ) ;
#2382 = ORIENTED_EDGE ( 'NONE', *, *, #2678, .T. ) ;
#2383 = VERTEX_POINT ( 'NONE', #1321 ) ;
#2384 = ORIENTED_EDGE ( 'NONE', *, *, #3110, .T. ) ;
#2385 = DIRECTION ( 'NONE',  ( 0.000000000000000000, -1.000000000000000000, 0.000000000000000000 ) ) ;
#2386 = DIRECTION ( 'NONE',  ( 0.000000000000000000, -1.000000000000000000, 0.000000000000000000 ) ) ;
#2387 = CARTESIAN_POINT ( 'NONE',  ( -8.585000000000002629, 10.99999999999999645, 6.734999999999999432 ) ) ;
#2388 = CARTESIAN_POINT ( 'NONE',  ( -10.85145081841690384, -10.68408308751583391, 6.451450818416806676 ) ) ;
#2389 = ADVANCED_FACE ( 'NONE', ( #1592 ), #2598, .F. ) ;
#2390 = ORIENTED_EDGE ( 'NONE', *, *, #2947, .F. ) ;
#2391 = DIRECTION ( 'NONE',  ( -1.000000000000000000, 3.491481338843133355E-15, -0.000000000000000000 ) ) ;
#2392 = PLANE ( 'NONE',  #3131 ) ;
#2393 = EDGE_CURVE ( 'NONE', #1901, #917, #2308, .T. ) ;
#2394 = DIRECTION ( 'NONE',  ( 1.000000000000000000, 1.817653936845376936E-16, 0.000000000000000000 ) ) ;
#2395 = ORIENTED_EDGE ( 'NONE', *, *, #354, .F. ) ;
#2396 = CARTESIAN_POINT ( 'NONE',  ( 10.76776695296638664, 10.76776695296634934, 6.367766952966287697 ) ) ;
#2397 = LINE ( 'NONE', #2186, #2791 ) ;
#2398 = ORIENTED_EDGE ( 'NONE', *, *, #1760, .F. ) ;
#2399 = ORIENTED_EDGE ( 'NONE', *, *, #3251, .T. ) ;
#2400 = ORIENTED_EDGE ( 'NONE', *, *, #1941, .F. ) ;
#2401 = CYLINDRICAL_SURFACE ( 'NONE', #2116, 0.3049999999999997158 ) ;
#2402 = VECTOR ( 'NONE', #3248, 100.0000000000000000 ) ;
#2403 = PLANE ( 'NONE',  #236 ) ;
#2404 =( NAMED_UNIT ( * ) SI_UNIT ( $, .STERADIAN. ) SOLID_ANGLE_UNIT ( ) );
#2405 = DIRECTION ( 'NONE',  ( -0.000000000000000000, 0.000000000000000000, 1.000000000000000000 ) ) ;
#2406 = ORIENTED_EDGE ( 'NONE', *, *, #2857, .F. ) ;
#2407 = ADVANCED_FACE ( 'NONE', ( #528 ), #2278, .F. ) ;
#2408 = CARTESIAN_POINT ( 'NONE',  ( 10.36500000000001975, 7.634999999999967812, 6.917500000000000426 ) ) ;
#2409 = DIRECTION ( 'NONE',  ( 1.047444401652940007E-14, 1.000000000000000000, 0.000000000000000000 ) ) ;
#2410 = PLANE ( 'NONE',  #2530 ) ;
#2411 = ORIENTED_EDGE ( 'NONE', *, *, #2555, .F. ) ;
#2412 = CARTESIAN_POINT ( 'NONE',  ( -10.36499999999991317, 7.635000000000104592, 6.917500000000000426 ) ) ;
#2413 = EDGE_CURVE ( 'NONE', #2567, #1530, #3302, .T. ) ;
#2414 = LINE ( 'NONE', #365, #611 ) ;
#2415 = ORIENTED_EDGE ( 'NONE', *, *, #514, .F. ) ;
#2416 = ORIENTED_EDGE ( 'NONE', *, *, #3033, .T. ) ;
#2417 = VERTEX_POINT ( 'NONE', #58 ) ;
#2418 = CARTESIAN_POINT ( 'NONE',  ( 8.585000000000036380, 10.99999999999997158, 6.734999999999999432 ) ) ;
#2419 = CARTESIAN_POINT ( 'NONE',  ( 10.83000000000000362, -9.414999999999997371, 6.734999999999999432 ) ) ;
#2420 = VECTOR ( 'NONE', #39, 100.0000000000000000 ) ;
#2421 = DIRECTION ( 'NONE',  ( 8.163404592832066703E-15, 1.000000000000000000, 0.000000000000000000 ) ) ;
#2422 = CARTESIAN_POINT ( 'NONE',  ( 7.635000000000004228, -10.99999999999999645, 7.234999999999999432 ) ) ;
#2423 = EDGE_LOOP ( 'NONE', ( #1113, #2110 ) ) ;
#2424 = VECTOR ( 'NONE', #1609, 100.0000000000000000 ) ;
#2425 = CARTESIAN_POINT ( 'NONE',  ( 10.19000000000000306, -9.784504172281362600, 7.234999999999999432 ) ) ;
#2426 = VECTOR ( 'NONE', #481, 100.0000000000000000 ) ;
#2427 = CARTESIAN_POINT ( 'NONE',  ( 10.36499999999996646, -7.635000000000031761, 6.917500000000000426 ) ) ;
#2428 = ORIENTED_EDGE ( 'NONE', *, *, #2413, .T. ) ;
#2429 = CARTESIAN_POINT ( 'NONE',  ( -11.00000000000010481, -10.49999999999990052, 7.234999999999999432 ) ) ;
#2430 = CIRCLE ( 'NONE', #3238, 0.3049999999999997158 ) ;
#2431 = DIRECTION ( 'NONE',  ( 0.000000000000000000, 1.000000000000000000, 0.000000000000000000 ) ) ;
#2432 = AXIS2_PLACEMENT_3D ( 'NONE', #1237, #2261, #3244 ) ;
#2433 = DIRECTION ( 'NONE',  ( 1.000000000000000000, 0.000000000000000000, 0.000000000000000000 ) ) ;
#2434 = EDGE_CURVE ( 'NONE', #1445, #2990, #1826, .T. ) ;
#2435 = ORIENTED_EDGE ( 'NONE', *, *, #860, .F. ) ;
#2436 = EDGE_LOOP ( 'NONE', ( #2956, #1789 ) ) ;
#2437 = DIRECTION ( 'NONE',  ( 0.000000000000000000, -1.000000000000000000, 0.000000000000000000 ) ) ;
#2438 = VECTOR ( 'NONE', #2409, 100.0000000000000000 ) ;
#2439 = CARTESIAN_POINT ( 'NONE',  ( -10.76776695296642394, -10.76776695296631381, 6.367766952966323224 ) ) ;
#2440 = EDGE_CURVE ( 'NONE', #1775, #2676, #752, .T. ) ;
#2441 = VECTOR ( 'NONE', #687, 100.0000000000000000 ) ;
#2442 = DIRECTION ( 'NONE',  ( -0.5000000000000016653, 0.8660254037844378194, 0.000000000000000000 ) ) ;
#2443 = DIRECTION ( 'NONE',  ( 0.000000000000000000, 1.000000000000000000, 0.000000000000000000 ) ) ;
#2444 = ORIENTED_EDGE ( 'NONE', *, *, #1510, .F. ) ;
#2445 = CARTESIAN_POINT ( 'NONE',  ( -11.00000000000000355, 9.414999999999997371, 6.734999999999999432 ) ) ;
#2446 = LINE ( 'NONE', #3220, #1525 ) ;
#2447 = ORIENTED_EDGE ( 'NONE', *, *, #677, .F. ) ;
#2448 = DIRECTION ( 'NONE',  ( -0.5773502691896245098, -0.5773502691896224004, -0.5773502691896303940 ) ) ;
#2449 = LINE ( 'NONE', #1681, #2474 ) ;
#2450 = VERTEX_POINT ( 'NONE', #1271 ) ;
#2451 = ORIENTED_EDGE ( 'NONE', *, *, #26, .F. ) ;
#2452 = ORIENTED_EDGE ( 'NONE', *, *, #2302, .F. ) ;
#2453 = LINE ( 'NONE', #1163, #776 ) ;
#2454 = ADVANCED_FACE ( 'NONE', ( #2293 ), #1023, .F. ) ;
#2455 = CARTESIAN_POINT ( 'NONE',  ( -11.00000000000000355, 7.499999999999983125, 7.234999999999999432 ) ) ;
#2456 = AXIS2_PLACEMENT_3D ( 'NONE', #2353, #69, #1085 ) ;
#2457 = EDGE_CURVE ( 'NONE', #1149, #2799, #1541, .T. ) ;
#2458 = DIRECTION ( 'NONE',  ( 0.5000000000000091038, 0.8660254037844334896, 0.000000000000000000 ) ) ;
#2459 = CARTESIAN_POINT ( 'NONE',  ( 8.215495827718639177, -10.18999999999999595, 6.734999999999999432 ) ) ;
#2460 = PLANE ( 'NONE',  #1254 ) ;
#2461 = VERTEX_POINT ( 'NONE', #2938 ) ;
#2462 = CARTESIAN_POINT ( 'NONE',  ( -10.19000000000009898, -9.784504172281263124, 6.734999999999999432 ) ) ;
#2463 = DIRECTION ( 'NONE',  ( -0.000000000000000000, 0.000000000000000000, 1.000000000000000000 ) ) ;
#2464 = DIRECTION ( 'NONE',  ( -1.817653936845376936E-16, 1.000000000000000000, 0.000000000000000000 ) ) ;
#2465 = ORIENTED_EDGE ( 'NONE', *, *, #1528, .F. ) ;
#2466 = EDGE_LOOP ( 'NONE', ( #2068, #814, #2138, #1815 ) ) ;
#2467 = CARTESIAN_POINT ( 'NONE',  ( -8.585000000000002629, 10.99999999999999645, 6.734999999999999432 ) ) ;
#2468 = CYLINDRICAL_SURFACE ( 'NONE', #1096, 0.3049999999999997158 ) ;
#2469 = EDGE_CURVE ( 'NONE', #2065, #1268, #2414, .T. ) ;
#2470 = FACE_OUTER_BOUND ( 'NONE', #2680, .T. ) ;
#2471 = EDGE_CURVE ( 'NONE', #2014, #884, #2900, .T. ) ;
#2472 = DIRECTION ( 'NONE',  ( 0.000000000000000000, -1.000000000000000000, 0.000000000000000000 ) ) ;
#2473 = CARTESIAN_POINT ( 'NONE',  ( -10.19000000000000306, 8.215495827718632071, 6.734999999999999432 ) ) ;
#2474 = VECTOR ( 'NONE', #381, 100.0000000000000000 ) ;
#2475 = EDGE_CURVE ( 'NONE', #884, #1056, #1130, .T. ) ;
#2476 = VERTEX_POINT ( 'NONE', #660 ) ;
#2477 = CARTESIAN_POINT ( 'NONE',  ( -7.799999999999998934, 7.800000000000001599, 2.174999999999999822 ) ) ;
#2478 = CARTESIAN_POINT ( 'NONE',  ( 10.36500000000001975, 7.634999999999967812, 6.917500000000000426 ) ) ;
#2479 = EDGE_LOOP ( 'NONE', ( #323, #2482, #2233, #3299 ) ) ;
#2480 = VERTEX_POINT ( 'NONE', #425 ) ;
#2481 = VECTOR ( 'NONE', #2281, 100.0000000000000000 ) ;
#2482 = ORIENTED_EDGE ( 'NONE', *, *, #939, .F. ) ;
#2483 = CARTESIAN_POINT ( 'NONE',  ( 10.83000000000000362, -9.414999999999997371, 7.234999999999999432 ) ) ;
#2484 = AXIS2_PLACEMENT_3D ( 'NONE', #2953, #659, #438 ) ;
#2485 = DIRECTION ( 'NONE',  ( 0.000000000000000000, 0.000000000000000000, 1.000000000000000000 ) ) ;
#2486 = VECTOR ( 'NONE', #166, 100.0000000000000000 ) ;
#2487 = AXIS2_PLACEMENT_3D ( 'NONE', #3298, #1001, #786 ) ;
#2488 = CARTESIAN_POINT ( 'NONE',  ( 9.000000000000028422, 9.304999999999969518, 5.234999999999999432 ) ) ;
#2489 = LINE ( 'NONE', #2209, #1654 ) ;
#2490 = EDGE_CURVE ( 'NONE', #2904, #704, #1647, .T. ) ;
#2491 = DIRECTION ( 'NONE',  ( 0.000000000000000000, 1.000000000000000000, 0.000000000000000000 ) ) ;
#2492 = ORIENTED_EDGE ( 'NONE', *, *, #2236, .T. ) ;
#2493 = CARTESIAN_POINT ( 'NONE',  ( 10.99999999999996803, -7.635000000000082387, 6.917500000000000426 ) ) ;
#2494 = CARTESIAN_POINT ( 'NONE',  ( 7.799999999999999822, -7.799999999999999822, 2.174999999999999822 ) ) ;
#2495 = EDGE_CURVE ( 'NONE', #3059, #2029, #2972, .T. ) ;
#2496 = FILL_AREA_STYLE_COLOUR ( '', #1680 ) ;
#2497 = ORIENTED_EDGE ( 'NONE', *, *, #337, .F. ) ;
#2498 = ORIENTED_EDGE ( 'NONE', *, *, #1510, .T. ) ;
#2499 = CARTESIAN_POINT ( 'NONE',  ( -10.68408308751587654, 10.85145081841685943, 6.451450818416725852 ) ) ;
#2500 = CARTESIAN_POINT ( 'NONE',  ( -10.50000000000001599, 10.99999999999999645, 7.234999999999999432 ) ) ;
#2501 = ORIENTED_EDGE ( 'NONE', *, *, #3110, .F. ) ;
#2502 = ORIENTED_EDGE ( 'NONE', *, *, #3181, .F. ) ;
#2503 = EDGE_CURVE ( 'NONE', #1631, #442, #2449, .T. ) ;
#2504 = DIRECTION ( 'NONE',  ( 0.000000000000000000, 0.000000000000000000, 1.000000000000000000 ) ) ;
#2505 = AXIS2_PLACEMENT_3D ( 'NONE', #360, #1642, #1139 ) ;
#2506 = DIRECTION ( 'NONE',  ( 0.000000000000000000, 1.000000000000000000, 0.000000000000000000 ) ) ;
#2507 = LINE ( 'NONE', #186, #198 ) ;
#2508 = ORIENTED_EDGE ( 'NONE', *, *, #1393, .F. ) ;
#2509 = EDGE_CURVE ( 'NONE', #933, #579, #1899, .T. ) ;
#2510 = CARTESIAN_POINT ( 'NONE',  ( -7.635000000000004228, 10.36499999999999311, 6.917500000000000426 ) ) ;
#2511 = DIRECTION ( 'NONE',  ( 1.000000000000000000, -3.491481338843133355E-15, 0.000000000000000000 ) ) ;
#2512 = CARTESIAN_POINT ( 'NONE',  ( 7.500000000000022204, 10.99999999999997691, 7.234999999999999432 ) ) ;
#2513 = ORIENTED_EDGE ( 'NONE', *, *, #2469, .F. ) ;
#2514 = EDGE_CURVE ( 'NONE', #1846, #3196, #2397, .T. ) ;
#2515 = LINE ( 'NONE', #2467, #2486 ) ;
#2516 = LINE ( 'NONE', #1171, #135 ) ;
#2517 = ORIENTED_EDGE ( 'NONE', *, *, #2838, .F. ) ;
#2518 = ORIENTED_EDGE ( 'NONE', *, *, #106, .T. ) ;
#2519 = DIRECTION ( 'NONE',  ( -1.000000000000000000, 4.550094363217858838E-15, 0.000000000000000000 ) ) ;
#2520 = DIRECTION ( 'NONE',  ( -0.000000000000000000, 0.000000000000000000, 1.000000000000000000 ) ) ;
#2521 = VERTEX_POINT ( 'NONE', #1443 ) ;
#2522 = FACE_OUTER_BOUND ( 'NONE', #2593, .T. ) ;
#2523 = CARTESIAN_POINT ( 'NONE',  ( 10.50000000000001599, -10.99999999999999645, 0.000000000000000000 ) ) ;
#2524 = CIRCLE ( 'NONE', #821, 0.3049999999999997158 ) ;
#2525 = DIRECTION ( 'NONE',  ( -1.000000000000000000, 0.000000000000000000, 0.000000000000000000 ) ) ;
#2526 = ORIENTED_EDGE ( 'NONE', *, *, #447, .T. ) ;
#2527 = CARTESIAN_POINT ( 'NONE',  ( -7.799999999999999822, -8.105000000000000426, 2.174999999999999822 ) ) ;
#2528 = AXIS2_PLACEMENT_3D ( 'NONE', #844, #1354, #875 ) ;
#2529 = EDGE_CURVE ( 'NONE', #2031, #2372, #612, .T. ) ;
#2530 = AXIS2_PLACEMENT_3D ( 'NONE', #1142, #3101, #809 ) ;
#2531 = EDGE_LOOP ( 'NONE', ( #1496, #2670 ) ) ;
#2532 = ORIENTED_EDGE ( 'NONE', *, *, #1148, .F. ) ;
#2533 = ORIENTED_EDGE ( 'NONE', *, *, #3008, .F. ) ;
#2534 = VECTOR ( 'NONE', #1442, 100.0000000000000000 ) ;
#2535 = ADVANCED_FACE ( 'NONE', ( #3224 ), #3174, .F. ) ;
#2536 = DIRECTION ( 'NONE',  ( -1.000000000000000000, 3.309715945158595366E-15, 0.000000000000000000 ) ) ;
#2537 = VECTOR ( 'NONE', #3288, 100.0000000000000000 ) ;
#2538 = VECTOR ( 'NONE', #653, 100.0000000000000000 ) ;
#2539 = CARTESIAN_POINT ( 'NONE',  ( -10.83000000000008711, -8.584999999999890719, 7.234999999999999432 ) ) ;
#2540 = CARTESIAN_POINT ( 'NONE',  ( -11.00000000000000355, 9.414999999999997371, 6.734999999999999432 ) ) ;
#2541 = ORIENTED_EDGE ( 'NONE', *, *, #1823, .F. ) ;
#2542 = AXIS2_PLACEMENT_3D ( 'NONE', #3051, #2612, #2041 ) ;
#2543 = DIRECTION ( 'NONE',  ( -0.000000000000000000, 0.000000000000000000, 1.000000000000000000 ) ) ;
#2544 = DIRECTION ( 'NONE',  ( -1.000000000000000000, 3.491481338843132961E-15, 0.000000000000000000 ) ) ;
#2545 = CARTESIAN_POINT ( 'NONE',  ( 7.500000000000022204, 10.99999999999996447, -7.071067811865471953 ) ) ;
#2546 = CARTESIAN_POINT ( 'NONE',  ( 9.784504172281369705, -10.18999999999999595, 6.734999999999999432 ) ) ;
#2547 = ORIENTED_EDGE ( 'NONE', *, *, #1393, .T. ) ;
#2548 = LINE ( 'NONE', #2527, #2108 ) ;
#2549 = VERTEX_POINT ( 'NONE', #1408 ) ;
#2550 = ORIENTED_EDGE ( 'NONE', *, *, #488, .T. ) ;
#2551 = ORIENTED_EDGE ( 'NONE', *, *, #1170, .T. ) ;
#2552 = FACE_OUTER_BOUND ( 'NONE', #2304, .T. ) ;
#2553 = EDGE_CURVE ( 'NONE', #2008, #1394, #175, .T. ) ;
#2554 = CARTESIAN_POINT ( 'NONE',  ( -10.19000000000000306, 8.215495827718632071, 7.234999999999999432 ) ) ;
#2555 = EDGE_CURVE ( 'NONE', #1799, #2817, #2524, .T. ) ;
#2556 = CARTESIAN_POINT ( 'NONE',  ( -8.380000000000000782, 8.380000000000030980, 3.979999999999876525 ) ) ;
#2557 = CARTESIAN_POINT ( 'NONE',  ( 9.000000000000028422, 8.999999999999969802, 7.234999999999999432 ) ) ;
#2558 = ORIENTED_EDGE ( 'NONE', *, *, #2932, .T. ) ;
#2559 = VECTOR ( 'NONE', #1176, 100.0000000000000000 ) ;
#2560 = CARTESIAN_POINT ( 'NONE',  ( -10.83000000000000362, 9.414999999999997371, 6.734999999999999432 ) ) ;
#2561 = CARTESIAN_POINT ( 'NONE',  ( 10.76776695296638664, 10.76776695296634934, 6.367766952966287697 ) ) ;
#2562 = DIRECTION ( 'NONE',  ( 0.5000000000000046629, -0.8660254037844359321, 0.000000000000000000 ) ) ;
#2563 = CARTESIAN_POINT ( 'NONE',  ( -9.000000000000090594, -8.694999999999907914, 7.234999999999999432 ) ) ;
#2564 = ORIENTED_EDGE ( 'NONE', *, *, #2703, .T. ) ;
#2565 = CARTESIAN_POINT ( 'NONE',  ( 10.19000000000000306, -8.215495827718632071, 7.234999999999999432 ) ) ;
#2566 = EDGE_LOOP ( 'NONE', ( #279, #1665 ) ) ;
#2567 = VERTEX_POINT ( 'NONE', #1932 ) ;
#2568 = DIRECTION ( 'NONE',  ( 1.817653936845376936E-16, -1.000000000000000000, 0.000000000000000000 ) ) ;
#2569 = DIRECTION ( 'NONE',  ( 1.000000000000000000, -3.491481338843133355E-15, 0.000000000000000000 ) ) ;
#2570 = EDGE_CURVE ( 'NONE', #299, #2975, #2921, .T. ) ;
#2571 = CARTESIAN_POINT ( 'NONE',  ( -9.415000000000111058, -10.82999999999990415, 6.734999999999999432 ) ) ;
#2572 = CARTESIAN_POINT ( 'NONE',  ( -11.00000000000000355, 10.49999999999998224, 0.000000000000000000 ) ) ;
#2573 = ADVANCED_FACE ( 'NONE', ( #1194 ), #679, .F. ) ;
#2574 = EDGE_LOOP ( 'NONE', ( #997, #902, #2323, #1918 ) ) ;
#2575 = DIRECTION ( 'NONE',  ( -1.000000000000000000, 0.000000000000000000, 0.000000000000000000 ) ) ;
#2576 = DIRECTION ( 'NONE',  ( 0.8660254037844359321, -0.5000000000000046629, 0.000000000000000000 ) ) ;
#2577 = DIRECTION ( 'NONE',  ( -0.000000000000000000, 0.000000000000000000, 1.000000000000000000 ) ) ;
#2578 = ADVANCED_FACE ( 'NONE', ( #1663 ), #3193, .T. ) ;
#2579 = LINE ( 'NONE', #2767, #883 ) ;
#2580 = ORIENTED_EDGE ( 'NONE', *, *, #124, .F. ) ;
#2581 = DIRECTION ( 'NONE',  ( -0.5000000000000016653, 0.8660254037844378194, 0.000000000000000000 ) ) ;
#2582 = AXIS2_PLACEMENT_3D ( 'NONE', #459, #1759, #237 ) ;
#2583 = VERTEX_POINT ( 'NONE', #1697 ) ;
#2584 = ORIENTED_EDGE ( 'NONE', *, *, #2529, .T. ) ;
#2585 = AXIS2_PLACEMENT_3D ( 'NONE', #770, #1795, #2279 ) ;
#2586 = ORIENTED_EDGE ( 'NONE', *, *, #2656, .T. ) ;
#2587 = PLANE ( 'NONE',  #404 ) ;
#2588 = AXIS2_PLACEMENT_3D ( 'NONE', #3154, #311, #2343 ) ;
#2589 = LINE ( 'NONE', #2052, #572 ) ;
#2590 = CARTESIAN_POINT ( 'NONE',  ( 10.36500000000001975, 7.634999999999967812, 6.917500000000000426 ) ) ;
#2591 = AXIS2_PLACEMENT_3D ( 'NONE', #1952, #464, #1227 ) ;
#2592 = FACE_OUTER_BOUND ( 'NONE', #549, .T. ) ;
#2593 = EDGE_LOOP ( 'NONE', ( #787, #2795, #271, #2735 ) ) ;
#2594 = LINE ( 'NONE', #1521, #1043 ) ;
#2595 = VECTOR ( 'NONE', #1873, 100.0000000000000000 ) ;
#2596 = EDGE_CURVE ( 'NONE', #60, #530, #2682, .T. ) ;
#2597 = CARTESIAN_POINT ( 'NONE',  ( 9.000000000000028422, 8.999999999999969802, -7.071067811865471953 ) ) ;
#2598 = CYLINDRICAL_SURFACE ( 'NONE', #2742, 0.3049999999999997158 ) ;
#2599 = VECTOR ( 'NONE', #3235, 100.0000000000000142 ) ;
#2600 = CARTESIAN_POINT ( 'NONE',  ( -11.00000000000009770, 10.49999999999998224, 6.600000000000000533 ) ) ;
#2601 = EDGE_LOOP ( 'NONE', ( #2660, #727 ) ) ;
#2602 = CARTESIAN_POINT ( 'NONE',  ( -11.00000000000000355, -7.634999999999890541, 7.234999999999999432 ) ) ;
#2603 = EDGE_CURVE ( 'NONE', #1974, #245, #1881, .T. ) ;
#2604 = ORIENTED_EDGE ( 'NONE', *, *, #860, .T. ) ;
#2605 = ORIENTED_EDGE ( 'NONE', *, *, #2226, .T. ) ;
#2606 = ORIENTED_EDGE ( 'NONE', *, *, #1595, .T. ) ;
#2607 = CARTESIAN_POINT ( 'NONE',  ( 11.00000000000002487, 8.584999999999963549, 6.734999999999999432 ) ) ;
#2608 = ADVANCED_FACE ( 'NONE', ( #3049 ), #1252, .F. ) ;
#2609 = DIRECTION ( 'NONE',  ( -0.000000000000000000, 0.000000000000000000, 1.000000000000000000 ) ) ;
#2610 = ORIENTED_EDGE ( 'NONE', *, *, #3217, .T. ) ;
#2611 = FACE_BOUND ( 'NONE', #2869, .T. ) ;
#2612 = DIRECTION ( 'NONE',  ( 0.000000000000000000, 0.000000000000000000, 1.000000000000000000 ) ) ;
#2613 = CARTESIAN_POINT ( 'NONE',  ( 9.415000000000002700, -10.99999999999999645, 7.234999999999999432 ) ) ;
#2614 = EDGE_CURVE ( 'NONE', #143, #1284, #1141, .T. ) ;
#2615 = ORIENTED_EDGE ( 'NONE', *, *, #476, .T. ) ;
#2616 = DIRECTION ( 'NONE',  ( 0.5000000000000059952, 0.8660254037844350439, 0.000000000000000000 ) ) ;
#2617 = ORIENTED_EDGE ( 'NONE', *, *, #2104, .T. ) ;
#2618 = EDGE_CURVE ( 'NONE', #3123, #2620, #2012, .T. ) ;
#2619 = ORIENTED_EDGE ( 'NONE', *, *, #1982, .T. ) ;
#2620 = VERTEX_POINT ( 'NONE', #739 ) ;
#2621 = CARTESIAN_POINT ( 'NONE',  ( 11.00000000000003197, 10.49999999999995381, 6.599999999999936584 ) ) ;
#2622 = CARTESIAN_POINT ( 'NONE',  ( 7.635000000000004228, -10.36499999999999311, 6.917500000000000426 ) ) ;
#2623 = EDGE_CURVE ( 'NONE', #2936, #196, #1963, .T. ) ;
#2624 = DIRECTION ( 'NONE',  ( 0.000000000000000000, 1.000000000000000000, 0.000000000000000000 ) ) ;
#2625 = ORIENTED_EDGE ( 'NONE', *, *, #1533, .T. ) ;
#2626 = CARTESIAN_POINT ( 'NONE',  ( 7.799999999999999822, 7.799999999999999822, 2.174999999999999822 ) ) ;
#2627 = CARTESIAN_POINT ( 'NONE',  ( -7.799999999999999822, -7.799999999999999822, 2.174999999999999822 ) ) ;
#2628 = DIRECTION ( 'NONE',  ( 0.000000000000000000, 0.000000000000000000, 1.000000000000000000 ) ) ;
#2629 = ORIENTED_EDGE ( 'NONE', *, *, #2413, .F. ) ;
#2630 = DIRECTION ( 'NONE',  ( -0.5000000000000076605, -0.8660254037844342667, 0.000000000000000000 ) ) ;
#2631 = VERTEX_POINT ( 'NONE', #751 ) ;
#2632 = ORIENTED_EDGE ( 'NONE', *, *, #493, .F. ) ;
#2633 = ORIENTED_EDGE ( 'NONE', *, *, #2993, .T. ) ;
#2634 = DIRECTION ( 'NONE',  ( 0.8660254037844299368, -0.5000000000000150990, 0.000000000000000000 ) ) ;
#2635 = ADVANCED_FACE ( 'NONE', ( #692 ), #3301, .F. ) ;
#2636 = VECTOR ( 'NONE', #2766, 100.0000000000000000 ) ;
#2637 = DIRECTION ( 'NONE',  ( 0.000000000000000000, -1.000000000000000000, 0.000000000000000000 ) ) ;
#2638 = EDGE_CURVE ( 'NONE', #3144, #3175, #1990, .T. ) ;
#2639 = CARTESIAN_POINT ( 'NONE',  ( 10.19000000000003148, 9.784504172281332401, 6.734999999999999432 ) ) ;
#2640 = VECTOR ( 'NONE', #134, 100.0000000000000000 ) ;
#2641 = ORIENTED_EDGE ( 'NONE', *, *, #420, .T. ) ;
#2642 = AXIS2_PLACEMENT_3D ( 'NONE', #2666, #629, #1646 ) ;
#2643 = FACE_OUTER_BOUND ( 'NONE', #1882, .T. ) ;
#2644 = LINE ( 'NONE', #607, #1418 ) ;
#2645 = DIRECTION ( 'NONE',  ( 1.000000000000000000, -1.029267862284486287E-14, 0.000000000000000000 ) ) ;
#2646 = ORIENTED_EDGE ( 'NONE', *, *, #3256, .F. ) ;
#2647 = VECTOR ( 'NONE', #1493, 100.0000000000000000 ) ;
#2648 = DIRECTION ( 'NONE',  ( -1.000000000000000000, 0.000000000000000000, 0.000000000000000000 ) ) ;
#2649 = DIRECTION ( 'NONE',  ( 0.000000000000000000, 0.000000000000000000, -1.000000000000000000 ) ) ;
#2650 = VECTOR ( 'NONE', #1821, 100.0000000000000000 ) ;
#2651 = ORIENTED_EDGE ( 'NONE', *, *, #1368, .F. ) ;
#2652 = ORIENTED_EDGE ( 'NONE', *, *, #784, .F. ) ;
#2653 = ORIENTED_EDGE ( 'NONE', *, *, #2884, .F. ) ;
#2654 = CARTESIAN_POINT ( 'NONE',  ( 9.000000000000001776, -8.999999999999996447, -7.071067811865471953 ) ) ;
#2655 = LINE ( 'NONE', #1619, #1785 ) ;
#2656 = EDGE_CURVE ( 'NONE', #1458, #2383, #1772, .T. ) ;
#2657 = CARTESIAN_POINT ( 'NONE',  ( -8.380000000000000782, 8.380000000000030980, 3.979999999999877414 ) ) ;
#2658 = CARTESIAN_POINT ( 'NONE',  ( 10.59467748597740311, -10.92899188551695211, 6.528991885516745697 ) ) ;
#2659 = ADVANCED_FACE ( 'NONE', ( #1490 ), #207, .F. ) ;
#2660 = ORIENTED_EDGE ( 'NONE', *, *, #2865, .T. ) ;
#2661 = CARTESIAN_POINT ( 'NONE',  ( -9.415000000000112834, -10.99999999999990408, 6.734999999999999432 ) ) ;
#2662 = CARTESIAN_POINT ( 'NONE',  ( 8.585000000000034603, 10.82999999999997343, 6.734999999999999432 ) ) ;
#2663 = CARTESIAN_POINT ( 'NONE',  ( 9.000000000000028422, 8.999999999999969802, 6.917499999999998650 ) ) ;
#2664 = ADVANCED_FACE ( 'NONE', ( #508 ), #2277, .F. ) ;
#2665 = ORIENTED_EDGE ( 'NONE', *, *, #1191, .T. ) ;
#2666 = CARTESIAN_POINT ( 'NONE',  ( -10.19000000000000306, 8.215495827718632071, 6.734999999999999432 ) ) ;
#2667 = DIRECTION ( 'NONE',  ( 1.000000000000000000, -1.047444401652940007E-14, 0.000000000000000000 ) ) ;
#2668 = ORIENTED_EDGE ( 'NONE', *, *, #187, .F. ) ;
#2669 = ORIENTED_EDGE ( 'NONE', *, *, #1280, .F. ) ;
#2670 = ORIENTED_EDGE ( 'NONE', *, *, #1494, .T. ) ;
#2671 = CARTESIAN_POINT ( 'NONE',  ( -10.83000000000008711, -8.584999999999890719, 6.734999999999999432 ) ) ;
#2672 = CIRCLE ( 'NONE', #3261, 0.3049999999999997158 ) ;
#2673 = CARTESIAN_POINT ( 'NONE',  ( -9.000000000000090594, -8.999999999999907629, -7.071067811865471953 ) ) ;
#2674 = PLANE ( 'NONE',  #2192 ) ;
#2675 = CARTESIAN_POINT ( 'NONE',  ( 11.00000000000002665, 8.584999999999963549, 7.234999999999999432 ) ) ;
#2676 = VERTEX_POINT ( 'NONE', #191 ) ;
#2677 = LINE ( 'NONE', #158, #1870 ) ;
#2678 = EDGE_CURVE ( 'NONE', #1951, #9, #3267, .T. ) ;
#2679 = CARTESIAN_POINT ( 'NONE',  ( -7.799999999999998934, 7.800000000000001599, 2.174999999999999822 ) ) ;
#2680 = EDGE_LOOP ( 'NONE', ( #483, #2809, #3291, #3156 ) ) ;
#2681 = CARTESIAN_POINT ( 'NONE',  ( -8.215495827718738653, -10.18999999999991779, 6.734999999999999432 ) ) ;
#2682 = LINE ( 'NONE', #3159, #2048 ) ;
#2683 = ADVANCED_FACE ( 'NONE', ( #3017 ), #1745, .F. ) ;
#2684 = LINE ( 'NONE', #1444, #764 ) ;
#2685 = ORIENTED_EDGE ( 'NONE', *, *, #270, .T. ) ;
#2686 = ORIENTED_EDGE ( 'NONE', *, *, #1878, .F. ) ;
#2687 = FACE_OUTER_BOUND ( 'NONE', #1099, .T. ) ;
#2688 = LINE ( 'NONE', #1103, #767 ) ;
#2689 = VECTOR ( 'NONE', #162, 100.0000000000000000 ) ;
#2690 = CARTESIAN_POINT ( 'NONE',  ( 9.000000000000028422, 8.999999999999969802, 5.234999999999999432 ) ) ;
#2691 =( BOUNDED_CURVE ( )  B_SPLINE_CURVE ( 3, ( #2561, #2057, #2879, #3062 ),
 .UNSPECIFIED., .F., .F. ) 
 B_SPLINE_CURVE_WITH_KNOTS ( ( 4, 4 ),
 ( 5.497787143782131736, 5.639684198386317071 ),
 .UNSPECIFIED. ) 
 CURVE ( )  GEOMETRIC_REPRESENTATION_ITEM ( )  RATIONAL_B_SPLINE_CURVE ( ( 1.000000000000000000, 0.9983228058750943656, 0.9983228058750943656, 1.000000000000000000 ) ) 
 REPRESENTATION_ITEM ( '' )  );
#2692 = FACE_BOUND ( 'NONE', #316, .T. ) ;
#2693 = ORIENTED_EDGE ( 'NONE', *, *, #2618, .F. ) ;
#2694 = CIRCLE ( 'NONE', #2585, 2.499999999999999556 ) ;
#2695 = CARTESIAN_POINT ( 'NONE',  ( 7.799999999999999822, -8.105000000000000426, 2.174999999999999822 ) ) ;
#2696 = VECTOR ( 'NONE', #466, 100.0000000000000000 ) ;
#2697 = FACE_OUTER_BOUND ( 'NONE', #212, .T. ) ;
#2698 = ORIENTED_EDGE ( 'NONE', *, *, #981, .F. ) ;
#2699 = ADVANCED_FACE ( 'NONE', ( #256 ), #2215, .F. ) ;
#2700 =( BOUNDED_CURVE ( )  B_SPLINE_CURVE ( 3, ( #88, #2388, #1106, #1400 ),
 .UNSPECIFIED., .F., .T. ) 
 B_SPLINE_CURVE_WITH_KNOTS ( ( 4, 4 ),
 ( 5.497787143782117525, 5.639684198386307301 ),
 .UNSPECIFIED. ) 
 CURVE ( )  GEOMETRIC_REPRESENTATION_ITEM ( )  RATIONAL_B_SPLINE_CURVE ( ( 1.000000000000000000, 0.9983228058750942546, 0.9983228058750942546, 1.000000000000000000 ) ) 
 REPRESENTATION_ITEM ( '' )  );
#2701 = CARTESIAN_POINT ( 'NONE',  ( -10.19000000000008299, -8.215495827718530819, 6.734999999999999432 ) ) ;
#2702 = VECTOR ( 'NONE', #1455, 100.0000000000000000 ) ;
#2703 = EDGE_CURVE ( 'NONE', #1547, #2872, #2257, .T. ) ;
#2704 = DIRECTION ( 'NONE',  ( -0.000000000000000000, 0.000000000000000000, 1.000000000000000000 ) ) ;
#2705 = CIRCLE ( 'NONE', #406, 0.3049999999999997158 ) ;
#2706 = EDGE_LOOP ( 'NONE', ( #2188, #1167, #330, #2564, #208, #152 ) ) ;
#2707 = EDGE_CURVE ( 'NONE', #1890, #2363, #3284, .T. ) ;
#2708 = ORIENTED_EDGE ( 'NONE', *, *, #1084, .F. ) ;
#2709 = CARTESIAN_POINT ( 'NONE',  ( -11.00000000000009770, 10.99999999999999645, 6.600000000000000533 ) ) ;
#2710 = VECTOR ( 'NONE', #215, 100.0000000000000000 ) ;
#2711 = DIRECTION ( 'NONE',  ( 1.000000000000000000, -1.047444401652940007E-14, 0.000000000000000000 ) ) ;
#2712 = AXIS2_PLACEMENT_3D ( 'NONE', #3042, #484, #2837 ) ;
#2713 = FACE_OUTER_BOUND ( 'NONE', #963, .T. ) ;
#2714 = VERTEX_POINT ( 'NONE', #1710 ) ;
#2715 = CARTESIAN_POINT ( 'NONE',  ( 9.415000000000002700, -10.82999999999999652, 7.234999999999999432 ) ) ;
#2716 = LINE ( 'NONE', #1721, #3194 ) ;
#2717 = ORIENTED_EDGE ( 'NONE', *, *, #1262, .F. ) ;
#2718 = DIRECTION ( 'NONE',  ( -0.000000000000000000, 0.000000000000000000, 1.000000000000000000 ) ) ;
#2719 = DIRECTION ( 'NONE',  ( 1.000000000000000000, 0.000000000000000000, 0.000000000000000000 ) ) ;
#2720 = EDGE_CURVE ( 'NONE', #545, #1885, #2733, .T. ) ;
#2721 = ORIENTED_EDGE ( 'NONE', *, *, #3087, .T. ) ;
#2722 = VERTEX_POINT ( 'NONE', #3253 ) ;
#2723 = VERTEX_POINT ( 'NONE', #2864 ) ;
#2724 = CARTESIAN_POINT ( 'NONE',  ( -10.50000000000009592, -10.99999999999998757, 6.600000000000000533 ) ) ;
#2725 = ADVANCED_FACE ( 'NONE', ( #1021 ), #1058, .T. ) ;
#2726 = CARTESIAN_POINT ( 'NONE',  ( 7.799999999999999822, 7.799999999999999822, 2.174999999999999822 ) ) ;
#2727 = VECTOR ( 'NONE', #968, 100.0000000000000000 ) ;
#2728 = EDGE_CURVE ( 'NONE', #548, #2029, #273, .T. ) ;
#2729 = CARTESIAN_POINT ( 'NONE',  ( 10.36500000000001975, 7.634999999999967812, 7.234999999999999432 ) ) ;
#2730 = DIRECTION ( 'NONE',  ( 0.000000000000000000, 1.000000000000000000, 0.000000000000000000 ) ) ;
#2731 = ORIENTED_EDGE ( 'NONE', *, *, #102, .T. ) ;
#2732 = CARTESIAN_POINT ( 'NONE',  ( -8.380000000000002558, 10.99999999999999645, 0.000000000000000000 ) ) ;
#2733 = LINE ( 'NONE', #439, #1461 ) ;
#2734 = EDGE_LOOP ( 'NONE', ( #1290, #2280, #2398, #2801 ) ) ;
#2735 = ORIENTED_EDGE ( 'NONE', *, *, #392, .T. ) ;
#2736 = ORIENTED_EDGE ( 'NONE', *, *, #819, .T. ) ;
#2737 = CARTESIAN_POINT ( 'NONE',  ( -25.63499999999991985, 7.635000000000260911, 6.917500000000000426 ) ) ;
#2738 = CARTESIAN_POINT ( 'NONE',  ( -11.00000000000000355, 8.584999999999997300, 7.234999999999999432 ) ) ;
#2739 = EDGE_CURVE ( 'NONE', #1980, #3073, #446, .T. ) ;
#2740 = DIRECTION ( 'NONE',  ( 1.000000000000000000, -3.309715945158595366E-15, 0.000000000000000000 ) ) ;
#2741 = ADVANCED_FACE ( 'NONE', ( #2341, #1540, #841, #2611, #3099 ), #542, .F. ) ;
#2742 = AXIS2_PLACEMENT_3D ( 'NONE', #2792, #1287, #790 ) ;
#2743 = LINE ( 'NONE', #746, #1070 ) ;
#2744 = DIRECTION ( 'NONE',  ( -0.000000000000000000, 0.000000000000000000, 1.000000000000000000 ) ) ;
#2745 = AXIS2_PLACEMENT_3D ( 'NONE', #492, #3303, #2525 ) ;
#2746 = EDGE_LOOP ( 'NONE', ( #1742, #71, #2942, #383, #2736, #2122 ) ) ;
#2747 = CARTESIAN_POINT ( 'NONE',  ( -8.585000000000112763, -10.99999999999991296, 6.734999999999999432 ) ) ;
#2748 =( GEOMETRIC_REPRESENTATION_CONTEXT ( 3 ) GLOBAL_UNCERTAINTY_ASSIGNED_CONTEXT ( ( #1474 ) ) GLOBAL_UNIT_ASSIGNED_CONTEXT ( ( #948, #1430, #1181 ) ) REPRESENTATION_CONTEXT ( 'NONE', 'WORKASPACE' ) );
#2749 = DIRECTION ( 'NONE',  ( 0.000000000000000000, 0.000000000000000000, -1.000000000000000000 ) ) ;
#2750 = DIRECTION ( 'NONE',  ( 3.491481338843133355E-15, 1.000000000000000000, 0.000000000000000000 ) ) ;
#2751 = ORIENTED_EDGE ( 'NONE', *, *, #2126, .F. ) ;
#2752 = VECTOR ( 'NONE', #370, 100.0000000000000000 ) ;
#2753 = EDGE_LOOP ( 'NONE', ( #1028, #3019 ) ) ;
#2754 = LINE ( 'NONE', #3039, #570 ) ;
#2755 = VECTOR ( 'NONE', #2543, 100.0000000000000000 ) ;
#2756 = DIRECTION ( 'NONE',  ( 0.000000000000000000, -1.000000000000000000, 0.000000000000000000 ) ) ;
#2757 = CIRCLE ( 'NONE', #2919, 0.3049999999999997158 ) ;
#2758 = VECTOR ( 'NONE', #93, 100.0000000000000000 ) ;
#2759 = CARTESIAN_POINT ( 'NONE',  ( -9.415000000000111058, -10.82999999999990415, 7.234999999999999432 ) ) ;
#2760 = EDGE_CURVE ( 'NONE', #1621, #2350, #2691, .T. ) ;
#2761 = CARTESIAN_POINT ( 'NONE',  ( 11.00000000000002309, 7.634999999999966924, 0.000000000000000000 ) ) ;
#2762 = DIRECTION ( 'NONE',  ( -1.000000000000000000, 3.309715945158595366E-15, 0.000000000000000000 ) ) ;
#2763 = EDGE_CURVE ( 'NONE', #1828, #467, #324, .T. ) ;
#2764 = ORIENTED_EDGE ( 'NONE', *, *, #392, .F. ) ;
#2765 = DIRECTION ( 'NONE',  ( 1.000000000000000000, -1.047444401652940007E-14, 0.000000000000000000 ) ) ;
#2766 = DIRECTION ( 'NONE',  ( 1.000000000000000000, 0.000000000000000000, 0.000000000000000000 ) ) ;
#2767 = CARTESIAN_POINT ( 'NONE',  ( 9.415000000000002700, -10.99999999999999645, 6.734999999999999432 ) ) ;
#2768 = ORIENTED_EDGE ( 'NONE', *, *, #1089, .F. ) ;
#2769 = LINE ( 'NONE', #3271, #1955 ) ;
#2770 = DIRECTION ( 'NONE',  ( -1.000000000000000000, 0.000000000000000000, 0.000000000000000000 ) ) ;
#2771 = ORIENTED_EDGE ( 'NONE', *, *, #3201, .T. ) ;
#2772 = DIRECTION ( 'NONE',  ( 0.000000000000000000, 1.000000000000000000, 0.000000000000000000 ) ) ;
#2773 = AXIS2_PLACEMENT_3D ( 'NONE', #2408, #120, #2161 ) ;
#2774 = CARTESIAN_POINT ( 'NONE',  ( -7.635000000000004228, 10.99999999999999645, 0.000000000000000000 ) ) ;
#2775 = CARTESIAN_POINT ( 'NONE',  ( 8.585000000000034603, 10.82999999999997343, 6.734999999999999432 ) ) ;
#2776 = ORIENTED_EDGE ( 'NONE', *, *, #2555, .T. ) ;
#2777 = CARTESIAN_POINT ( 'NONE',  ( -10.83000000000009422, -9.414999999999889013, 7.234999999999999432 ) ) ;
#2778 = ADVANCED_FACE ( 'NONE', ( #1336 ), #73, .F. ) ;
#2779 = CARTESIAN_POINT ( 'NONE',  ( -7.635000000000004228, 10.36499999999999311, 6.917500000000000426 ) ) ;
#2780 = CARTESIAN_POINT ( 'NONE',  ( -7.635000000000006892, 25.63499999999999801, 6.917500000000000426 ) ) ;
#2781 = CARTESIAN_POINT ( 'NONE',  ( 10.19000000000000306, -9.784504172281362600, 7.234999999999999432 ) ) ;
#2782 = ADVANCED_FACE ( 'NONE', ( #57 ), #1074, .F. ) ;
#2783 = EDGE_LOOP ( 'NONE', ( #1978, #1927, #2668, #1242 ) ) ;
#2784 = ORIENTED_EDGE ( 'NONE', *, *, #2638, .T. ) ;
#2785 = EDGE_LOOP ( 'NONE', ( #127, #1355, #2196, #2615 ) ) ;
#2786 = CARTESIAN_POINT ( 'NONE',  ( 10.83000000000002672, 8.584999999999967102, 6.734999999999999432 ) ) ;
#2787 = CARTESIAN_POINT ( 'NONE',  ( 9.000000000000001776, -8.694999999999996732, 5.234999999999999432 ) ) ;
#2788 = ORIENTED_EDGE ( 'NONE', *, *, #774, .F. ) ;
#2789 = DIRECTION ( 'NONE',  ( -1.000000000000000000, 1.029267862284486287E-14, 0.000000000000000000 ) ) ;
#2790 = DIRECTION ( 'NONE',  ( 1.000000000000000000, -1.047444401652940007E-14, 0.000000000000000000 ) ) ;
#2791 = VECTOR ( 'NONE', #648, 100.0000000000000000 ) ;
#2792 = CARTESIAN_POINT ( 'NONE',  ( -9.000000000000090594, -8.999999999999907629, 5.234999999999999432 ) ) ;
#2793 = DIRECTION ( 'NONE',  ( -0.000000000000000000, 0.000000000000000000, 1.000000000000000000 ) ) ;
#2794 = ADVANCED_FACE ( 'NONE', ( #3136 ), #1286, .T. ) ;
#2795 = ORIENTED_EDGE ( 'NONE', *, *, #2509, .F. ) ;
#2796 = CARTESIAN_POINT ( 'NONE',  ( 9.784504172281398127, 10.18999999999996930, 6.734999999999999432 ) ) ;
#2797 = VECTOR ( 'NONE', #2309, 100.0000000000000000 ) ;
#2798 = VECTOR ( 'NONE', #1717, 100.0000000000000142 ) ;
#2799 = VERTEX_POINT ( 'NONE', #768 ) ;
#2800 = EDGE_CURVE ( 'NONE', #567, #1890, #2325, .T. ) ;
#2801 = ORIENTED_EDGE ( 'NONE', *, *, #2245, .T. ) ;
#2802 = ORIENTED_EDGE ( 'NONE', *, *, #1656, .F. ) ;
#2803 = PLANE ( 'NONE',  #2973 ) ;
#2804 = VECTOR ( 'NONE', #2243, 100.0000000000000000 ) ;
#2805 = AXIS2_PLACEMENT_3D ( 'NONE', #1447, #3004, #224 ) ;
#2806 = AXIS2_PLACEMENT_3D ( 'NONE', #3149, #2370, #870 ) ;
#2807 = DIRECTION ( 'NONE',  ( 0.000000000000000000, 0.000000000000000000, 1.000000000000000000 ) ) ;
#2808 = CARTESIAN_POINT ( 'NONE',  ( 9.784504172281369705, -10.18999999999999595, 6.734999999999999432 ) ) ;
#2809 = ORIENTED_EDGE ( 'NONE', *, *, #350, .T. ) ;
#2810 = CARTESIAN_POINT ( 'NONE',  ( -7.799999999999999822, -7.799999999999999822, 2.174999999999999822 ) ) ;
#2811 = DIRECTION ( 'NONE',  ( -0.000000000000000000, 0.000000000000000000, 1.000000000000000000 ) ) ;
#2812 = CARTESIAN_POINT ( 'NONE',  ( 8.380000000000002558, -10.99999999999999645, 0.000000000000000000 ) ) ;
#2813 = CARTESIAN_POINT ( 'NONE',  ( -11.00000000000030731, -8.379999999999887095, 0.000000000000000000 ) ) ;
#2814 = EDGE_LOOP ( 'NONE', ( #871, #575, #280, #2501 ) ) ;
#2815 = LINE ( 'NONE', #2311, #2912 ) ;
#2816 = ADVANCED_FACE ( 'NONE', ( #1825 ), #2306, .F. ) ;
#2817 = VERTEX_POINT ( 'NONE', #557 ) ;
#2818 = ORIENTED_EDGE ( 'NONE', *, *, #2570, .T. ) ;
#2819 = PLANE ( 'NONE',  #833 ) ;
#2820 = EDGE_CURVE ( 'NONE', #1497, #1765, #289, .T. ) ;
#2821 = DIRECTION ( 'NONE',  ( -3.491481338843133355E-15, -1.000000000000000000, -3.486881358747458609E-16 ) ) ;
#2822 = ADVANCED_FACE ( 'NONE', ( #2076 ), #1576, .T. ) ;
#2823 = DIRECTION ( 'NONE',  ( 0.000000000000000000, -1.000000000000000000, 0.000000000000000000 ) ) ;
#2824 = CARTESIAN_POINT ( 'NONE',  ( 9.784504172281398127, 10.18999999999996930, 7.234999999999999432 ) ) ;
#2825 = VERTEX_POINT ( 'NONE', #3204 ) ;
#2826 =( GEOMETRIC_REPRESENTATION_CONTEXT ( 3 ) GLOBAL_UNCERTAINTY_ASSIGNED_CONTEXT ( ( #206 ) ) GLOBAL_UNIT_ASSIGNED_CONTEXT ( ( #603, #336, #2404 ) ) REPRESENTATION_CONTEXT ( 'NONE', 'WORKASPACE' ) );
#2827 = CARTESIAN_POINT ( 'NONE',  ( 10.83000000000002672, 8.584999999999967102, 6.734999999999999432 ) ) ;
#2828 = DIRECTION ( 'NONE',  ( 0.000000000000000000, 0.000000000000000000, 1.000000000000000000 ) ) ;
#2829 = DIRECTION ( 'NONE',  ( 0.8660254037844378194, 0.5000000000000016653, 0.000000000000000000 ) ) ;
#2830 = FACE_OUTER_BOUND ( 'NONE', #3265, .T. ) ;
#2831 = VERTEX_POINT ( 'NONE', #1352 ) ;
#2832 = DIRECTION ( 'NONE',  ( 0.000000000000000000, 0.000000000000000000, 1.000000000000000000 ) ) ;
#2833 = VERTEX_POINT ( 'NONE', #924 ) ;
#2834 = EDGE_LOOP ( 'NONE', ( #55, #950 ) ) ;
#2835 = VERTEX_POINT ( 'NONE', #141 ) ;
#2836 = LINE ( 'NONE', #1051, #1312 ) ;
#2837 = DIRECTION ( 'NONE',  ( -1.000000000000000000, 0.000000000000000000, 0.000000000000000000 ) ) ;
#2838 = EDGE_CURVE ( 'NONE', #1599, #2631, #2965, .T. ) ;
#2839 = FACE_OUTER_BOUND ( 'NONE', #623, .T. ) ;
#2840 = CARTESIAN_POINT ( 'NONE',  ( -11.00000000000000355, 7.635000000000260911, 6.917500000000000426 ) ) ;
#2841 = EDGE_CURVE ( 'NONE', #1492, #2173, #92, .T. ) ;
#2842 = EDGE_LOOP ( 'NONE', ( #3021, #1879 ) ) ;
#2843 = PLANE ( 'NONE',  #1097 ) ;
#2844 = DIRECTION ( 'NONE',  ( 0.000000000000000000, -1.000000000000000000, 0.000000000000000000 ) ) ;
#2845 = CARTESIAN_POINT ( 'NONE',  ( 8.585000000000004405, -10.82999999999999652, 7.234999999999999432 ) ) ;
#2846 = CARTESIAN_POINT ( 'NONE',  ( -10.85145081841683634, 10.68408308751590141, 6.451450818416739175 ) ) ;
#2847 = ORIENTED_EDGE ( 'NONE', *, *, #1667, .T. ) ;
#2848 = LINE ( 'NONE', #2870, #1516 ) ;
#2849 = AXIS2_PLACEMENT_3D ( 'NONE', #2597, #642, #1940 ) ;
#2850 = ORIENTED_EDGE ( 'NONE', *, *, #736, .F. ) ;
#2851 = EDGE_LOOP ( 'NONE', ( #1733, #829, #898, #2082 ) ) ;
#2852 = AXIS2_PLACEMENT_3D ( 'NONE', #1877, #2394, #2917 ) ;
#2853 = ORIENTED_EDGE ( 'NONE', *, *, #1265, .F. ) ;
#2854 = DIRECTION ( 'NONE',  ( 0.8660254037844299368, -0.5000000000000149880, 0.000000000000000000 ) ) ;
#2855 = VECTOR ( 'NONE', #506, 100.0000000000000000 ) ;
#2856 = DIRECTION ( 'NONE',  ( -1.000000000000000000, 0.000000000000000000, 0.000000000000000000 ) ) ;
#2857 = EDGE_CURVE ( 'NONE', #1960, #2115, #2677, .T. ) ;
#2858 = AXIS2_PLACEMENT_3D ( 'NONE', #2679, #2934, #657 ) ;
#2859 = DIRECTION ( 'NONE',  ( -0.5000000000000046629, 0.8660254037844359321, 0.000000000000000000 ) ) ;
#2860 = EDGE_CURVE ( 'NONE', #499, #2065, #1109, .T. ) ;
#2861 = VERTEX_POINT ( 'NONE', #389 ) ;
#2862 = CYLINDRICAL_SURFACE ( 'NONE', #719, 0.3049999999999997158 ) ;
#2863 = VECTOR ( 'NONE', #434, 100.0000000000000000 ) ;
#2864 = CARTESIAN_POINT ( 'NONE',  ( -11.00000000000009770, -10.49999999999989519, 6.600000000000000533 ) ) ;
#2865 = EDGE_CURVE ( 'NONE', #2032, #2295, #2672, .T. ) ;
#2866 = DIRECTION ( 'NONE',  ( -1.000000000000000000, 3.491481338843133355E-15, 0.000000000000000000 ) ) ;
#2867 = AXIS2_PLACEMENT_3D ( 'NONE', #2786, #500, #1264 ) ;
#2868 = DIRECTION ( 'NONE',  ( -1.000000000000000000, 1.863784860936146835E-14, 0.000000000000000000 ) ) ;
#2869 = EDGE_LOOP ( 'NONE', ( #2411, #2152 ) ) ;
#2870 = CARTESIAN_POINT ( 'NONE',  ( 10.50000000000002132, 10.99999999999996625, 0.000000000000000000 ) ) ;
#2871 = ORIENTED_EDGE ( 'NONE', *, *, #1595, .F. ) ;
#2872 = VERTEX_POINT ( 'NONE', #2949 ) ;
#2873 = ORIENTED_EDGE ( 'NONE', *, *, #2763, .F. ) ;
#2874 = DIRECTION ( 'NONE',  ( 0.000000000000000000, 0.000000000000000000, 1.000000000000000000 ) ) ;
#2875 = FACE_OUTER_BOUND ( 'NONE', #1206, .T. ) ;
#2876 = CARTESIAN_POINT ( 'NONE',  ( -10.19000000000008299, -8.215495827718530819, 6.734999999999999432 ) ) ;
#2877 = CARTESIAN_POINT ( 'NONE',  ( 9.415000000000036451, 10.99999999999999645, 6.734999999999999432 ) ) ;
#2878 = ORIENTED_EDGE ( 'NONE', *, *, #756, .F. ) ;
#2879 = CARTESIAN_POINT ( 'NONE',  ( 10.92899188551693079, 10.59467748597743864, 6.528991885516834515 ) ) ;
#2880 = CARTESIAN_POINT ( 'NONE',  ( -9.784504172281369705, 10.18999999999999595, 7.234999999999999432 ) ) ;
#2881 = DIRECTION ( 'NONE',  ( 0.000000000000000000, -1.000000000000000000, 0.000000000000000000 ) ) ;
#2882 = VECTOR ( 'NONE', #1124, 100.0000000000000000 ) ;
#2883 = ORIENTED_EDGE ( 'NONE', *, *, #3151, .T. ) ;
#2884 = EDGE_CURVE ( 'NONE', #1763, #467, #1424, .T. ) ;
#2885 = LINE ( 'NONE', #2134, #773 ) ;
#2886 = EDGE_LOOP ( 'NONE', ( #48, #826 ) ) ;
#2887 = ORIENTED_EDGE ( 'NONE', *, *, #2928, .F. ) ;
#2888 = ADVANCED_FACE ( 'NONE', ( #2643 ), #3219, .F. ) ;
#2889 = EDGE_LOOP ( 'NONE', ( #1313, #540, #2604, #1019, #487, #3236 ) ) ;
#2890 = PLANE ( 'NONE',  #2223 ) ;
#2891 = CARTESIAN_POINT ( 'NONE',  ( 10.19000000000002615, 8.215495827718601873, 6.734999999999999432 ) ) ;
#2892 = DIRECTION ( 'NONE',  ( 0.000000000000000000, 0.000000000000000000, -1.000000000000000000 ) ) ;
#2893 = FACE_OUTER_BOUND ( 'NONE', #568, .T. ) ;
#2894 = EDGE_LOOP ( 'NONE', ( #3, #631, #2297, #2265 ) ) ;
#2895 = CARTESIAN_POINT ( 'NONE',  ( 10.19000000000000306, -8.215495827718632071, 7.234999999999999432 ) ) ;
#2896 = CARTESIAN_POINT ( 'NONE',  ( -9.000000000000001776, 8.999999999999996447, 5.234999999999999432 ) ) ;
#2897 = PLANE ( 'NONE',  #558 ) ;
#2898 = ORIENTED_EDGE ( 'NONE', *, *, #1365, .T. ) ;
#2899 = DIRECTION ( 'NONE',  ( 0.000000000000000000, 0.000000000000000000, 1.000000000000000000 ) ) ;
#2900 = LINE ( 'NONE', #1375, #2689 ) ;
#2901 = EDGE_CURVE ( 'NONE', #1699, #1168, #911, .T. ) ;
#2902 = ORIENTED_EDGE ( 'NONE', *, *, #248, .F. ) ;
#2903 = PRODUCT_RELATED_PRODUCT_CATEGORY ( 'part', '', ( #955 ) ) ;
#2904 = VERTEX_POINT ( 'NONE', #3168 ) ;
#2905 = EDGE_LOOP ( 'NONE', ( #1422, #2096, #409, #1117 ) ) ;
#2906 = CARTESIAN_POINT ( 'NONE',  ( 10.76776695296631203, -10.76776695296642394, 6.367766952966212202 ) ) ;
#2907 = EDGE_CURVE ( 'NONE', #2583, #343, #895, .T. ) ;
#2908 = AXIS2_PLACEMENT_3D ( 'NONE', #2494, #2749, #990 ) ;
#2909 = DIRECTION ( 'NONE',  ( 0.000000000000000000, 1.000000000000000000, 0.000000000000000000 ) ) ;
#2910 = DIRECTION ( 'NONE',  ( -1.000000000000000000, 1.047444401652940007E-14, 0.000000000000000000 ) ) ;
#2911 = DIRECTION ( 'NONE',  ( 0.000000000000000000, 1.000000000000000000, 0.000000000000000000 ) ) ;
#2912 = VECTOR ( 'NONE', #44, 100.0000000000000000 ) ;
#2913 = VERTEX_POINT ( 'NONE', #340 ) ;
#2914 = VECTOR ( 'NONE', #541, 100.0000000000000000 ) ;
#2915 = DIRECTION ( 'NONE',  ( 0.8660254037844359321, -0.5000000000000046629, 0.000000000000000000 ) ) ;
#2916 = DIRECTION ( 'NONE',  ( 0.000000000000000000, 0.000000000000000000, 1.000000000000000000 ) ) ;
#2917 = DIRECTION ( 'NONE',  ( -1.817653936845376936E-16, 1.000000000000000000, 0.000000000000000000 ) ) ;
#2918 = ORIENTED_EDGE ( 'NONE', *, *, #1977, .T. ) ;
#2919 = AXIS2_PLACEMENT_3D ( 'NONE', #975, #1714, #742 ) ;
#2920 = CARTESIAN_POINT ( 'NONE',  ( 8.585000000000002629, -10.99999999999999645, 7.234999999999999432 ) ) ;
#2921 = LINE ( 'NONE', #146, #1241 ) ;
#2922 = AXIS2_PLACEMENT_3D ( 'NONE', #408, #1425, #1177 ) ;
#2923 = VERTEX_POINT ( 'NONE', #2445 ) ;
#2924 = ORIENTED_EDGE ( 'NONE', *, *, #2263, .F. ) ;
#2925 = VERTEX_POINT ( 'NONE', #1370 ) ;
#2926 = CARTESIAN_POINT ( 'NONE',  ( -7.500000000000098588, -10.99999999999992362, 7.234999999999999432 ) ) ;
#2927 = DIRECTION ( 'NONE',  ( 0.5000000000000137668, 0.8660254037844307140, 0.000000000000000000 ) ) ;
#2928 = EDGE_CURVE ( 'NONE', #143, #1980, #2933, .T. ) ;
#2929 = PRODUCT_CONTEXT ( 'NONE', #495, 'mechanical' ) ;
#2930 = CARTESIAN_POINT ( 'NONE',  ( 11.00000000000003197, 10.49999999999997691, 7.234999999999999432 ) ) ;
#2931 = EDGE_LOOP ( 'NONE', ( #3003, #795, #2513, #2641 ) ) ;
#2932 = EDGE_CURVE ( 'NONE', #2363, #3270, #3152, .T. ) ;
#2933 = LINE ( 'NONE', #2695, #2559 ) ;
#2934 = DIRECTION ( 'NONE',  ( 0.000000000000000000, 0.000000000000000000, -1.000000000000000000 ) ) ;
#2935 = PLANE ( 'NONE',  #3185 ) ;
#2936 = VERTEX_POINT ( 'NONE', #105 ) ;
#2937 = PLANE ( 'NONE',  #2642 ) ;
#2938 = CARTESIAN_POINT ( 'NONE',  ( -7.635000000000004228, 10.99999999999999645, 7.234999999999999432 ) ) ;
#2939 = AXIS2_PLACEMENT_3D ( 'NONE', #803, #1317, #817 ) ;
#2940 = ORIENTED_EDGE ( 'NONE', *, *, #1741, .T. ) ;
#2941 = VERTEX_POINT ( 'NONE', #2145 ) ;
#2942 = ORIENTED_EDGE ( 'NONE', *, *, #1107, .T. ) ;
#2943 = CARTESIAN_POINT ( 'NONE',  ( 11.00000000000010836, 11.00000000000005862, 6.600000000000000533 ) ) ;
#2944 = DIRECTION ( 'NONE',  ( 0.000000000000000000, 1.000000000000000000, 0.000000000000000000 ) ) ;
#2945 = LINE ( 'NONE', #1856, #378 ) ;
#2946 = CARTESIAN_POINT ( 'NONE',  ( -25.63499999999991985, 7.635000000000260911, 7.234999999999999432 ) ) ;
#2947 = EDGE_CURVE ( 'NONE', #1549, #1482, #1875, .T. ) ;
#2948 = ORIENTED_EDGE ( 'NONE', *, *, #2071, .T. ) ;
#2949 = CARTESIAN_POINT ( 'NONE',  ( 10.83000000000000362, -8.584999999999997300, 6.734999999999999432 ) ) ;
#2950 = CARTESIAN_POINT ( 'NONE',  ( 10.36500000000001975, 7.634999999999967812, 6.917500000000000426 ) ) ;
#2951 = EDGE_CURVE ( 'NONE', #2029, #628, #872, .T. ) ;
#2952 = ORIENTED_EDGE ( 'NONE', *, *, #2126, .T. ) ;
#2953 = CARTESIAN_POINT ( 'NONE',  ( 7.799999999999999822, -7.799999999999999822, 2.174999999999999822 ) ) ;
#2954 = DIRECTION ( 'NONE',  ( -0.000000000000000000, 0.000000000000000000, 1.000000000000000000 ) ) ;
#2955 = EDGE_LOOP ( 'NONE', ( #2339, #2957, #2586, #263, #1273, #1160, #1708, #830, #2382, #2451, #482, #2898, #3167, #3122, #1650, #932 ) ) ;
#2956 = ORIENTED_EDGE ( 'NONE', *, *, #698, .F. ) ;
#2957 = ORIENTED_EDGE ( 'NONE', *, *, #1084, .T. ) ;
#2958 = DIRECTION ( 'NONE',  ( 0.000000000000000000, 0.000000000000000000, -1.000000000000000000 ) ) ;
#2959 = DIRECTION ( 'NONE',  ( 0.5000000000000046629, -0.8660254037844359321, 0.000000000000000000 ) ) ;
#2960 = AXIS2_PLACEMENT_3D ( 'NONE', #2342, #1307, #6 ) ;
#2961 = DIRECTION ( 'NONE',  ( -1.047444401652940007E-14, -1.000000000000000000, 0.000000000000000000 ) ) ;
#2962 = ORIENTED_EDGE ( 'NONE', *, *, #3276, .F. ) ;
#2963 = AXIS2_PLACEMENT_3D ( 'NONE', #1579, #1112, #825 ) ;
#2964 = ADVANCED_FACE ( 'NONE', ( #625 ), #374, .F. ) ;
#2965 = LINE ( 'NONE', #2375, #979 ) ;
#2966 = VECTOR ( 'NONE', #2030, 100.0000000000000000 ) ;
#2967 = DIRECTION ( 'NONE',  ( 0.000000000000000000, 1.000000000000000000, 0.000000000000000000 ) ) ;
#2968 = ORIENTED_EDGE ( 'NONE', *, *, #3201, .F. ) ;
#2969 = LINE ( 'NONE', #474, #1357 ) ;
#2970 = VECTOR ( 'NONE', #2448, 100.0000000000000142 ) ;
#2971 = ADVANCED_FACE ( 'NONE', ( #1162 ), #3188, .T. ) ;
#2972 = LINE ( 'NONE', #1946, #2102 ) ;
#2973 = AXIS2_PLACEMENT_3D ( 'NONE', #1331, #3074, #815 ) ;
#2974 = CARTESIAN_POINT ( 'NONE',  ( 8.215495827718667599, 10.18999999999997463, 6.734999999999999432 ) ) ;
#2975 = VERTEX_POINT ( 'NONE', #1439 ) ;
#2976 = ORIENTED_EDGE ( 'NONE', *, *, #2021, .F. ) ;
#2977 = DIRECTION ( 'NONE',  ( -0.000000000000000000, 0.000000000000000000, 1.000000000000000000 ) ) ;
#2978 = ADVANCED_FACE ( 'NONE', ( #3011 ), #2983, .F. ) ;
#2979 = AXIS2_PLACEMENT_3D ( 'NONE', #421, #937, #1200 ) ;
#2980 = LINE ( 'NONE', #3273, #1305 ) ;
#2981 = CIRCLE ( 'NONE', #1587, 0.3049999999999997158 ) ;
#2982 = CARTESIAN_POINT ( 'NONE',  ( -10.83000000000009422, -9.414999999999889013, 6.734999999999999432 ) ) ;
#2983 = PLANE ( 'NONE',  #2291 ) ;
#2984 = FACE_OUTER_BOUND ( 'NONE', #3161, .T. ) ;
#2985 = ORIENTED_EDGE ( 'NONE', *, *, #420, .F. ) ;
#2986 = CARTESIAN_POINT ( 'NONE',  ( -10.19000000000000306, 9.784504172281362600, 6.734999999999999432 ) ) ;
#2987 = DIRECTION ( 'NONE',  ( 0.000000000000000000, 1.000000000000000000, -0.000000000000000000 ) ) ;
#2988 = EDGE_CURVE ( 'NONE', #1850, #1858, #1231, .T. ) ;
#2989 = ORIENTED_EDGE ( 'NONE', *, *, #433, .F. ) ;
#2990 = VERTEX_POINT ( 'NONE', #2459 ) ;
#2991 = CARTESIAN_POINT ( 'NONE',  ( -9.415000000000112834, -10.99999999999990408, 6.734999999999999432 ) ) ;
#2992 = DIRECTION ( 'NONE',  ( 1.000000000000000000, 0.000000000000000000, 0.000000000000000000 ) ) ;
#2993 = EDGE_CURVE ( 'NONE', #123, #1775, #718, .T. ) ;
#2994 = VECTOR ( 'NONE', #52, 100.0000000000000000 ) ;
#2995 = DIRECTION ( 'NONE',  ( -0.8660254037844342667, 0.5000000000000076605, 0.000000000000000000 ) ) ;
#2996 = CARTESIAN_POINT ( 'NONE',  ( -10.83000000000000362, 8.584999999999997300, 6.734999999999999432 ) ) ;
#2997 = CARTESIAN_POINT ( 'NONE',  ( 9.000000000000001776, -9.304999999999996163, 5.234999999999999432 ) ) ;
#2998 = EDGE_LOOP ( 'NONE', ( #1852, #2172, #2768, #974 ) ) ;
#2999 = CARTESIAN_POINT ( 'NONE',  ( 9.784504172281398127, 10.18999999999996930, 6.734999999999999432 ) ) ;
#3000 = DIRECTION ( 'NONE',  ( 0.000000000000000000, 1.000000000000000000, 0.000000000000000000 ) ) ;
#3001 = LINE ( 'NONE', #3210, #1784 ) ;
#3002 = ORIENTED_EDGE ( 'NONE', *, *, #3251, .F. ) ;
#3003 = ORIENTED_EDGE ( 'NONE', *, *, #2352, .T. ) ;
#3004 = DIRECTION ( 'NONE',  ( 0.000000000000000000, 0.000000000000000000, 1.000000000000000000 ) ) ;
#3005 = EDGE_CURVE ( 'NONE', #1358, #2833, #231, .T. ) ;
#3006 = LINE ( 'NONE', #3229, #3283 ) ;
#3007 = ORIENTED_EDGE ( 'NONE', *, *, #2368, .T. ) ;
#3008 = EDGE_CURVE ( 'NONE', #1828, #2014, #1739, .T. ) ;
#3009 = DIRECTION ( 'NONE',  ( -0.000000000000000000, 0.000000000000000000, 1.000000000000000000 ) ) ;
#3010 = AXIS2_PLACEMENT_3D ( 'NONE', #2626, #1270, #5 ) ;
#3011 = FACE_OUTER_BOUND ( 'NONE', #1529, .T. ) ;
#3012 = PLANE ( 'NONE',  #1364 ) ;
#3013 = AXIS2_PLACEMENT_3D ( 'NONE', #2663, #2628, #3117 ) ;
#3014 = VERTEX_POINT ( 'NONE', #3279 ) ;
#3015 =( BOUNDED_CURVE ( )  B_SPLINE_CURVE ( 3, ( #885, #1118, #1169, #2906 ),
 .UNSPECIFIED., .F., .F. ) 
 B_SPLINE_CURVE_WITH_KNOTS ( ( 4, 4 ),
 ( 0.6435011087932575036, 0.7853981633974823628 ),
 .UNSPECIFIED. ) 
 CURVE ( )  GEOMETRIC_REPRESENTATION_ITEM ( )  RATIONAL_B_SPLINE_CURVE ( ( 1.000000000000000000, 0.9983228058750934775, 0.9983228058750934775, 1.000000000000000000 ) ) 
 REPRESENTATION_ITEM ( '' )  );
#3016 = CARTESIAN_POINT ( 'NONE',  ( 8.585000000000034603, 10.82999999999997343, 7.234999999999999432 ) ) ;
#3017 = FACE_OUTER_BOUND ( 'NONE', #3113, .T. ) ;
#3018 = DIRECTION ( 'NONE',  ( 3.309715945158595366E-15, 1.000000000000000000, 0.000000000000000000 ) ) ;
#3019 = ORIENTED_EDGE ( 'NONE', *, *, #2289, .F. ) ;
#3020 = VECTOR ( 'NONE', #1473, 100.0000000000000000 ) ;
#3021 = ORIENTED_EDGE ( 'NONE', *, *, #1265, .T. ) ;
#3022 = LINE ( 'NONE', #994, #140 ) ;
#3023 = VECTOR ( 'NONE', #867, 100.0000000000000000 ) ;
#3024 = LINE ( 'NONE', #1495, #2798 ) ;
#3025 = VERTEX_POINT ( 'NONE', #734 ) ;
#3026 = ORIENTED_EDGE ( 'NONE', *, *, #46, .F. ) ;
#3027 = VECTOR ( 'NONE', #524, 100.0000000000000000 ) ;
#3028 = VECTOR ( 'NONE', #2536, 100.0000000000000000 ) ;
#3029 = DIRECTION ( 'NONE',  ( -1.029267862284486287E-14, -1.000000000000000000, 0.000000000000000000 ) ) ;
#3030 = EDGE_CURVE ( 'NONE', #684, #441, #2743, .T. ) ;
#3031 = CARTESIAN_POINT ( 'NONE',  ( -8.215495827718738653, -10.18999999999991779, 6.734999999999999432 ) ) ;
#3032 = CARTESIAN_POINT ( 'NONE',  ( -8.215495827718738653, -10.18999999999991779, 7.234999999999999432 ) ) ;
#3033 = EDGE_CURVE ( 'NONE', #245, #228, #1972, .T. ) ;
#3034 = ORIENTED_EDGE ( 'NONE', *, *, #1641, .F. ) ;
#3035 = DIRECTION ( 'NONE',  ( 1.000000000000000000, -3.309715945158595366E-15, 0.000000000000000000 ) ) ;
#3036 = CARTESIAN_POINT ( 'NONE',  ( 11.00000000000000355, -7.499999999999983125, 7.234999999999999432 ) ) ;
#3037 = CARTESIAN_POINT ( 'NONE',  ( 7.799999999999999822, -8.105000000000000426, 2.174999999999999822 ) ) ;
#3038 = VERTEX_POINT ( 'NONE', #2715 ) ;
#3039 = CARTESIAN_POINT ( 'NONE',  ( 10.36499999999996646, -7.635000000000031761, 6.917500000000000426 ) ) ;
#3040 = ORIENTED_EDGE ( 'NONE', *, *, #1570, .F. ) ;
#3041 = EDGE_LOOP ( 'NONE', ( #547, #468, #1727, #113 ) ) ;
#3042 = CARTESIAN_POINT ( 'NONE',  ( 7.635000000000004228, -10.36499999999999311, 6.917500000000000426 ) ) ;
#3043 = VECTOR ( 'NONE', #2807, 100.0000000000000000 ) ;
#3044 = DIRECTION ( 'NONE',  ( 0.7071067811865512365, 0.000000000000000000, 0.7071067811865439090 ) ) ;
#3045 = EDGE_CURVE ( 'NONE', #3281, #1087, #2344, .T. ) ;
#3046 = CARTESIAN_POINT ( 'NONE',  ( -8.215495827718738653, -10.18999999999991779, 7.234999999999999432 ) ) ;
#3047 = EDGE_LOOP ( 'NONE', ( #1580, #2878, #1350, #1919 ) ) ;
#3048 = DIRECTION ( 'NONE',  ( 0.000000000000000000, 0.000000000000000000, -1.000000000000000000 ) ) ;
#3049 = FACE_OUTER_BOUND ( 'NONE', #1779, .T. ) ;
#3050 = EDGE_CURVE ( 'NONE', #2549, #2016, #2489, .T. ) ;
#3051 = CARTESIAN_POINT ( 'NONE',  ( 9.000000000000028422, 8.999999999999969802, -7.071067811865471953 ) ) ;
#3052 = DIRECTION ( 'NONE',  ( 0.000000000000000000, 0.000000000000000000, 1.000000000000000000 ) ) ;
#3053 = ORIENTED_EDGE ( 'NONE', *, *, #2820, .T. ) ;
#3054 = ORIENTED_EDGE ( 'NONE', *, *, #538, .T. ) ;
#3055 = FACE_OUTER_BOUND ( 'NONE', #2783, .T. ) ;
#3056 = PLANE ( 'NONE',  #836 ) ;
#3057 = DIRECTION ( 'NONE',  ( -3.491481338843133355E-15, -1.000000000000000000, 0.000000000000000000 ) ) ;
#3058 = LINE ( 'NONE', #2540, #304 ) ;
#3059 = VERTEX_POINT ( 'NONE', #2996 ) ;
#3060 = EDGE_CURVE ( 'NONE', #2461, #1695, #1468, .T. ) ;
#3061 = CARTESIAN_POINT ( 'NONE',  ( -9.000000000000090594, -8.999999999999907629, 5.234999999999999432 ) ) ;
#3062 = CARTESIAN_POINT ( 'NONE',  ( 11.00000000000009770, 10.49999999999997335, 6.600000000000000533 ) ) ;
#3063 = VECTOR ( 'NONE', #2667, 100.0000000000000000 ) ;
#3064 = CARTESIAN_POINT ( 'NONE',  ( -8.215495827718738653, -10.18999999999991779, 6.734999999999999432 ) ) ;
#3065 = PLANE ( 'NONE',  #1298 ) ;
#3066 = ORIENTED_EDGE ( 'NONE', *, *, #2901, .T. ) ;
#3067 = EDGE_CURVE ( 'NONE', #2521, #579, #422, .T. ) ;
#3068 = CARTESIAN_POINT ( 'NONE',  ( -10.19000000000009898, -9.784504172281263124, 6.734999999999999432 ) ) ;
#3069 = VECTOR ( 'NONE', #335, 100.0000000000000000 ) ;
#3070 = ORIENTED_EDGE ( 'NONE', *, *, #1304, .T. ) ;
#3071 = ORIENTED_EDGE ( 'NONE', *, *, #1797, .F. ) ;
#3072 = ADVANCED_FACE ( 'NONE', ( #3297 ), #1706, .T. ) ;
#3073 = VERTEX_POINT ( 'NONE', #201 ) ;
#3074 = DIRECTION ( 'NONE',  ( 0.000000000000000000, 1.000000000000000000, -0.000000000000000000 ) ) ;
#3075 = VECTOR ( 'NONE', #3142, 100.0000000000000000 ) ;
#3076 = CARTESIAN_POINT ( 'NONE',  ( 9.415000000000002700, -10.82999999999999652, 6.734999999999999432 ) ) ;
#3077 = CIRCLE ( 'NONE', #2175, 0.3049999999999997158 ) ;
#3078 = VECTOR ( 'NONE', #2131, 100.0000000000000000 ) ;
#3079 = LINE ( 'NONE', #573, #1603 ) ;
#3080 = PLANE ( 'NONE',  #2487 ) ;
#3081 = ORIENTED_EDGE ( 'NONE', *, *, #471, .F. ) ;
#3082 = CARTESIAN_POINT ( 'NONE',  ( -11.00000000000000355, -7.634999999999887876, 0.000000000000000000 ) ) ;
#3083 = CARTESIAN_POINT ( 'NONE',  ( 10.19000000000003148, 9.784504172281332401, 6.734999999999999432 ) ) ;
#3084 = FACE_OUTER_BOUND ( 'NONE', #1260, .T. ) ;
#3085 = EDGE_LOOP ( 'NONE', ( #1884, #695, #649, #908 ) ) ;
#3086 = CARTESIAN_POINT ( 'NONE',  ( -11.00000000000000355, 7.499999999999983125, 7.234999999999999432 ) ) ;
#3087 = EDGE_CURVE ( 'NONE', #704, #646, #1189, .T. ) ;
#3088 = ORIENTED_EDGE ( 'NONE', *, *, #2061, .F. ) ;
#3089 = ORIENTED_EDGE ( 'NONE', *, *, #1982, .F. ) ;
#3090 = VERTEX_POINT ( 'NONE', #435 ) ;
#3091 = CARTESIAN_POINT ( 'NONE',  ( -7.500000000000098588, -10.99999999999992362, 7.234999999999999432 ) ) ;
#3092 = ADVANCED_FACE ( 'NONE', ( #2227 ), #941, .F. ) ;
#3093 = DIRECTION ( 'NONE',  ( 0.000000000000000000, -1.000000000000000000, 0.000000000000000000 ) ) ;
#3094 = LINE ( 'NONE', #1071, #163 ) ;
#3095 = LINE ( 'NONE', #2808, #1794 ) ;
#3096 = ORIENTED_EDGE ( 'NONE', *, *, #1552, .T. ) ;
#3097 = VECTOR ( 'NONE', #1499, 100.0000000000000000 ) ;
#3098 = CARTESIAN_POINT ( 'NONE',  ( -25.63499999999991985, 7.635000000000260911, 6.917500000000000426 ) ) ;
#3099 = FACE_OUTER_BOUND ( 'NONE', #3047, .T. ) ;
#3100 = LINE ( 'NONE', #3083, #78 ) ;
#3101 = DIRECTION ( 'NONE',  ( -0.7071067811865512365, 0.000000000000000000, 0.7071067811865439090 ) ) ;
#3102 = ORIENTED_EDGE ( 'NONE', *, *, #1368, .T. ) ;
#3103 = LINE ( 'NONE', #1010, #2481 ) ;
#3104 = ORIENTED_EDGE ( 'NONE', *, *, #890, .F. ) ;
#3105 = ORIENTED_EDGE ( 'NONE', *, *, #683, .F. ) ;
#3106 = ORIENTED_EDGE ( 'NONE', *, *, #148, .T. ) ;
#3107 = CARTESIAN_POINT ( 'NONE',  ( 10.83000000000002672, 8.584999999999967102, 6.734999999999999432 ) ) ;
#3108 = EDGE_CURVE ( 'NONE', #64, #2037, #185, .T. ) ;
#3109 = CARTESIAN_POINT ( 'NONE',  ( 9.415000000000002700, -10.99999999999999645, 6.734999999999999432 ) ) ;
#3110 = EDGE_CURVE ( 'NONE', #2032, #3281, #2240, .T. ) ;
#3111 = LINE ( 'NONE', #2571, #1705 ) ;
#3112 = LINE ( 'NONE', #2572, #34 ) ;
#3113 = EDGE_LOOP ( 'NONE', ( #2517, #3070, #37, #3191, #2976, #1563, #423, #2290, #2416, #2447, #2883, #2818, #1401, #1330, #2274, #2610 ) ) ;
#3114 = DIRECTION ( 'NONE',  ( 0.000000000000000000, 0.000000000000000000, -1.000000000000000000 ) ) ;
#3115 = CARTESIAN_POINT ( 'NONE',  ( 8.585000000000034603, 10.82999999999997343, 6.734999999999999432 ) ) ;
#3116 = PLANE ( 'NONE',  #1891 ) ;
#3117 = DIRECTION ( 'NONE',  ( 0.000000000000000000, -1.000000000000000000, 0.000000000000000000 ) ) ;
#3118 = ORIENTED_EDGE ( 'NONE', *, *, #1865, .T. ) ;
#3119 = EDGE_CURVE ( 'NONE', #3270, #1684, #2106, .T. ) ;
#3120 = LINE ( 'NONE', #2565, #2966 ) ;
#3121 = AXIS2_PLACEMENT_3D ( 'NONE', #1222, #2244, #1523 ) ;
#3122 = ORIENTED_EDGE ( 'NONE', *, *, #2841, .F. ) ;
#3123 = VERTEX_POINT ( 'NONE', #2590 ) ;
#3124 = AXIS2_PLACEMENT_3D ( 'NONE', #3268, #3018, #694 ) ;
#3125 = ORIENTED_EDGE ( 'NONE', *, *, #774, .T. ) ;
#3126 = CARTESIAN_POINT ( 'NONE',  ( -10.83000000000000362, 8.584999999999997300, 6.734999999999999432 ) ) ;
#3127 = CIRCLE ( 'NONE', #1356, 0.3049999999999997158 ) ;
#3128 = DIRECTION ( 'NONE',  ( 0.000000000000000000, 0.000000000000000000, 1.000000000000000000 ) ) ;
#3129 = VECTOR ( 'NONE', #2230, 100.0000000000000000 ) ;
#3130 = DIRECTION ( 'NONE',  ( 3.486881358747459102E-16, -3.486881358747496080E-16, -1.000000000000000000 ) ) ;
#3131 = AXIS2_PLACEMENT_3D ( 'NONE', #3205, #1608, #1625 ) ;
#3132 = DIRECTION ( 'NONE',  ( 1.000000000000000000, -3.309715945158595366E-15, 0.000000000000000000 ) ) ;
#3133 = EDGE_CURVE ( 'NONE', #1048, #780, #3079, .T. ) ;
#3134 = ORIENTED_EDGE ( 'NONE', *, *, #334, .T. ) ;
#3135 = CIRCLE ( 'NONE', #2178, 0.3049999999999997158 ) ;
#3136 = FACE_OUTER_BOUND ( 'NONE', #2601, .T. ) ;
#3137 = DIRECTION ( 'NONE',  ( -3.491481338843133355E-15, -1.000000000000000000, 0.000000000000000000 ) ) ;
#3138 = EDGE_CURVE ( 'NONE', #780, #530, #3094, .T. ) ;
#3139 = VECTOR ( 'NONE', #250, 100.0000000000000000 ) ;
#3140 = CARTESIAN_POINT ( 'NONE',  ( -10.83000000000008711, -8.584999999999890719, 6.734999999999999432 ) ) ;
#3141 = ORIENTED_EDGE ( 'NONE', *, *, #2728, .F. ) ;
#3142 = DIRECTION ( 'NONE',  ( -1.000000000000000000, 3.491481338843133355E-15, -0.000000000000000000 ) ) ;
#3143 = VERTEX_POINT ( 'NONE', #35 ) ;
#3144 = VERTEX_POINT ( 'NONE', #2539 ) ;
#3145 = ORIENTED_EDGE ( 'NONE', *, *, #1770, .F. ) ;
#3146 = LINE ( 'NONE', #2926, #1905 ) ;
#3147 = DIRECTION ( 'NONE',  ( 3.486881358747459102E-16, 3.486881358747446776E-16, -1.000000000000000000 ) ) ;
#3148 = DIRECTION ( 'NONE',  ( 0.000000000000000000, 0.000000000000000000, 1.000000000000000000 ) ) ;
#3149 = CARTESIAN_POINT ( 'NONE',  ( -7.799999999999999822, -7.799999999999999822, 2.174999999999999822 ) ) ;
#3150 = ORIENTED_EDGE ( 'NONE', *, *, #1570, .T. ) ;
#3151 = EDGE_CURVE ( 'NONE', #931, #299, #305, .T. ) ;
#3152 = LINE ( 'NONE', #1658, #1223 ) ;
#3153 = FACE_OUTER_BOUND ( 'NONE', #2842, .T. ) ;
#3154 = CARTESIAN_POINT ( 'NONE',  ( -8.585000000000004405, 10.82999999999999652, 6.734999999999999432 ) ) ;
#3155 = AXIS2_PLACEMENT_3D ( 'NONE', #702, #1452, #2472 ) ;
#3156 = ORIENTED_EDGE ( 'NONE', *, *, #3119, .F. ) ;
#3157 = LINE ( 'NONE', #391, #3187 ) ;
#3158 = EDGE_CURVE ( 'NONE', #1775, #1492, #3111, .T. ) ;
#3159 = CARTESIAN_POINT ( 'NONE',  ( -7.634999999999996234, -10.99999999999999645, 0.000000000000000000 ) ) ;
#3160 = ORIENTED_EDGE ( 'NONE', *, *, #1049, .F. ) ;
#3161 = EDGE_LOOP ( 'NONE', ( #1213, #3290, #663, #3274, #2136, #1649 ) ) ;
#3162 = VERTEX_POINT ( 'NONE', #552 ) ;
#3163 = LINE ( 'NONE', #2671, #3023 ) ;
#3164 = DIRECTION ( 'NONE',  ( -0.000000000000000000, 0.000000000000000000, 1.000000000000000000 ) ) ;
#3165 = SHAPE_DEFINITION_REPRESENTATION ( #444, #1597 ) ;
#3166 = CARTESIAN_POINT ( 'NONE',  ( 7.799999999999999822, -8.105000000000000426, 0.000000000000000000 ) ) ;
#3167 = ORIENTED_EDGE ( 'NONE', *, *, #909, .F. ) ;
#3168 = CARTESIAN_POINT ( 'NONE',  ( -11.00000000000009415, -9.414999999999887237, 6.734999999999999432 ) ) ;
#3169 = LINE ( 'NONE', #873, #1637 ) ;
#3170 = CARTESIAN_POINT ( 'NONE',  ( -9.415000000000002700, 10.99999999999999645, 6.734999999999999432 ) ) ;
#3171 = ADVANCED_FACE ( 'NONE', ( #2337 ), #1569, .T. ) ;
#3172 = VERTEX_POINT ( 'NONE', #3313 ) ;
#3173 = DIRECTION ( 'NONE',  ( -1.000000000000000000, 1.047444401652940007E-14, 0.000000000000000000 ) ) ;
#3174 = PLANE ( 'NONE',  #1296 ) ;
#3175 = VERTEX_POINT ( 'NONE', #1299 ) ;
#3176 = ADVANCED_FACE ( 'NONE', ( #2839 ), #1054, .T. ) ;
#3177 = ORIENTED_EDGE ( 'NONE', *, *, #1947, .T. ) ;
#3178 = DIRECTION ( 'NONE',  ( -2.468850131082278360E-15, -0.7071067811865512365, 0.7071067811865439090 ) ) ;
#3179 = AXIS2_PLACEMENT_3D ( 'NONE', #2093, #1090, #2112 ) ;
#3180 = CARTESIAN_POINT ( 'NONE',  ( -10.19000000000009898, -9.784504172281263124, 6.734999999999999432 ) ) ;
#3181 = EDGE_CURVE ( 'NONE', #1890, #3172, #1588, .T. ) ;
#3182 = AXIS2_PLACEMENT_3D ( 'NONE', #1185, #2485, #2237 ) ;
#3183 = CARTESIAN_POINT ( 'NONE',  ( 7.799999999999999822, 8.105000000000000426, 0.000000000000000000 ) ) ;
#3184 = DIRECTION ( 'NONE',  ( 0.000000000000000000, 0.000000000000000000, -1.000000000000000000 ) ) ;
#3185 = AXIS2_PLACEMENT_3D ( 'NONE', #644, #2164, #3190 ) ;
#3186 = VERTEX_POINT ( 'NONE', #1820 ) ;
#3187 = VECTOR ( 'NONE', #2616, 100.0000000000000142 ) ;
#3188 = PLANE ( 'NONE',  #645 ) ;
#3189 = DIRECTION ( 'NONE',  ( -3.491481338843133355E-15, -1.000000000000000000, 0.000000000000000000 ) ) ;
#3190 = DIRECTION ( 'NONE',  ( 0.000000000000000000, -1.000000000000000000, 0.000000000000000000 ) ) ;
#3191 = ORIENTED_EDGE ( 'NONE', *, *, #2553, .T. ) ;
#3192 = VECTOR ( 'NONE', #2205, 100.0000000000000000 ) ;
#3193 = PLANE ( 'NONE',  #1088 ) ;
#3194 = VECTOR ( 'NONE', #2744, 100.0000000000000000 ) ;
#3195 = VERTEX_POINT ( 'NONE', #1803 ) ;
#3196 = VERTEX_POINT ( 'NONE', #320 ) ;
#3197 = ORIENTED_EDGE ( 'NONE', *, *, #1535, .F. ) ;
#3198 = DIRECTION ( 'NONE',  ( 1.817653936845376936E-16, -1.000000000000000000, 0.000000000000000000 ) ) ;
#3199 = ADVANCED_FACE ( 'NONE', ( #2320 ), #1333, .T. ) ;
#3200 = DIRECTION ( 'NONE',  ( 0.000000000000000000, 0.000000000000000000, 1.000000000000000000 ) ) ;
#3201 = EDGE_CURVE ( 'NONE', #1358, #123, #1767, .T. ) ;
#3202 = CARTESIAN_POINT ( 'NONE',  ( 10.19000000000003148, 9.784504172281332401, 6.734999999999999432 ) ) ;
#3203 = EDGE_LOOP ( 'NONE', ( #3269, #721, #262, #584 ) ) ;
#3204 = CARTESIAN_POINT ( 'NONE',  ( -10.83000000000009422, -9.414999999999889013, 7.234999999999999432 ) ) ;
#3205 = CARTESIAN_POINT ( 'NONE',  ( -11.00000000000000355, 7.499999999999983125, 0.000000000000000000 ) ) ;
#3206 = ORIENTED_EDGE ( 'NONE', *, *, #1781, .F. ) ;
#3207 = LINE ( 'NONE', #1340, #138 ) ;
#3208 = CARTESIAN_POINT ( 'NONE',  ( 0.000000000000000000, 0.000000000000000000, 6.917500000000000426 ) ) ;
#3209 = VECTOR ( 'NONE', #2823, 100.0000000000000000 ) ;
#3210 = CARTESIAN_POINT ( 'NONE',  ( 10.50000000000001599, -10.99999999999999645, 6.917500000000000426 ) ) ;
#3211 = ORIENTED_EDGE ( 'NONE', *, *, #2760, .T. ) ;
#3212 = ORIENTED_EDGE ( 'NONE', *, *, #538, .F. ) ;
#3213 = CARTESIAN_POINT ( 'NONE',  ( -7.799999999999999822, -7.799999999999999822, 0.000000000000000000 ) ) ;
#3214 = DIRECTION ( 'NONE',  ( 1.000000000000000000, 0.000000000000000000, 0.000000000000000000 ) ) ;
#3215 = EDGE_CURVE ( 'NONE', #1692, #754, #1275, .T. ) ;
#3216 = CARTESIAN_POINT ( 'NONE',  ( 8.215495827718667599, 10.18999999999997463, 6.734999999999999432 ) ) ;
#3217 = EDGE_CURVE ( 'NONE', #2861, #2631, #1032, .T. ) ;
#3218 = EDGE_LOOP ( 'NONE', ( #1988, #379, #1009, #1324 ) ) ;
#3219 = CYLINDRICAL_SURFACE ( 'NONE', #2505, 0.3049999999999997158 ) ;
#3220 = CARTESIAN_POINT ( 'NONE',  ( 10.83000000000000362, -8.584999999999997300, 6.734999999999999432 ) ) ;
#3221 = ADVANCED_FACE ( 'NONE', ( #2287 ), #1016, .F. ) ;
#3222 = ORIENTED_EDGE ( 'NONE', *, *, #210, .F. ) ;
#3223 = CARTESIAN_POINT ( 'NONE',  ( -11.00000000000030731, -8.379999999999885318, 3.979999999999877414 ) ) ;
#3224 = FACE_OUTER_BOUND ( 'NONE', #1341, .T. ) ;
#3225 = CARTESIAN_POINT ( 'NONE',  ( 9.415000000000034674, 10.82999999999996987, 6.734999999999999432 ) ) ;
#3226 = EDGE_LOOP ( 'NONE', ( #2532, #1050, #2128, #812, #473, #1831, #1866, #3212, #658, #2298, #1538, #2669, #1314, #654, #43, #1750, #1376, #1756, #1713, #1405, #331, #2632, #1911, #366, #1513, #3026, #2137, #2415, #1764, #1585, #3081, #1751, #957, #3286, #3141, #368, #1047, #178, #3222, #1999, #3242, #1373, #2850, #2651, #820, #456, #1446, #2962, #2216, #45, #2541, #1369, #1903, #1293, #583, #1930, #1476, #876, #76, #923, #1042, #614, #1509, #2497, #1182, #1335, #1079, #2390, #2204, #2653, #1561, #757 ) ) ;
#3227 = ORIENTED_EDGE ( 'NONE', *, *, #498, .F. ) ;
#3228 = CARTESIAN_POINT ( 'NONE',  ( 9.784504172281369705, -10.18999999999999595, 6.734999999999999432 ) ) ;
#3229 = CARTESIAN_POINT ( 'NONE',  ( -10.83000000000000362, 9.414999999999997371, 7.234999999999999432 ) ) ;
#3230 = VECTOR ( 'NONE', #2463, 100.0000000000000000 ) ;
#3231 = PLANE ( 'NONE',  #2979 ) ;
#3232 = DIRECTION ( 'NONE',  ( 0.8660254037844299368, -0.5000000000000150990, 0.000000000000000000 ) ) ;
#3233 = EDGE_CURVE ( 'NONE', #2372, #777, #523, .T. ) ;
#3234 = AXIS2_PLACEMENT_3D ( 'NONE', #2673, #3200, #904 ) ;
#3235 = DIRECTION ( 'NONE',  ( -0.5773502691896257311, -0.5773502691896197359, 0.5773502691896317263 ) ) ;
#3236 = ORIENTED_EDGE ( 'NONE', *, *, #1760, .T. ) ;
#3237 = CARTESIAN_POINT ( 'NONE',  ( -8.585000000000002629, 10.99999999999999645, 6.734999999999999432 ) ) ;
#3238 = AXIS2_PLACEMENT_3D ( 'NONE', #2477, #411, #1696 ) ;
#3239 = CARTESIAN_POINT ( 'NONE',  ( 10.83000000000000362, -8.584999999999997300, 6.734999999999999432 ) ) ;
#3240 = EDGE_CURVE ( 'NONE', #2714, #901, #1553, .T. ) ;
#3241 = VECTOR ( 'NONE', #1861, 100.0000000000000000 ) ;
#3242 = ORIENTED_EDGE ( 'NONE', *, *, #2638, .F. ) ;
#3243 = ORIENTED_EDGE ( 'NONE', *, *, #636, .F. ) ;
#3244 = DIRECTION ( 'NONE',  ( 0.000000000000000000, 1.000000000000000000, 0.000000000000000000 ) ) ;
#3245 = AXIS2_PLACEMENT_3D ( 'NONE', #436, #1190, #2254 ) ;
#3246 = PLANE ( 'NONE',  #1950 ) ;
#3247 = CARTESIAN_POINT ( 'NONE',  ( 11.00000000000010836, 11.00000000000005862, 6.600000000000000533 ) ) ;
#3248 = DIRECTION ( 'NONE',  ( 3.491481338843133355E-15, 1.000000000000000000, 0.000000000000000000 ) ) ;
#3249 = DIRECTION ( 'NONE',  ( 0.000000000000000000, 1.000000000000000000, -0.000000000000000000 ) ) ;
#3250 = ORIENTED_EDGE ( 'NONE', *, *, #68, .T. ) ;
#3251 = EDGE_CURVE ( 'NONE', #704, #2825, #136, .T. ) ;
#3252 = CARTESIAN_POINT ( 'NONE',  ( 0.000000000000000000, 0.000000000000000000, 6.734999999999999432 ) ) ;
#3253 = CARTESIAN_POINT ( 'NONE',  ( -9.000000000000090594, -9.304999999999907345, 5.234999999999999432 ) ) ;
#3254 = CARTESIAN_POINT ( 'NONE',  ( -10.36500000000007482, -7.634999999999895870, 7.234999999999999432 ) ) ;
#3255 = ORIENTED_EDGE ( 'NONE', *, *, #433, .T. ) ;
#3256 = EDGE_CURVE ( 'NONE', #901, #441, #1653, .T. ) ;
#3257 = ORIENTED_EDGE ( 'NONE', *, *, #111, .F. ) ;
#3258 = FACE_OUTER_BOUND ( 'NONE', #114, .T. ) ;
#3259 = DIRECTION ( 'NONE',  ( 0.000000000000000000, 0.000000000000000000, -1.000000000000000000 ) ) ;
#3260 = ADVANCED_FACE ( 'NONE', ( #1419 ), #1382, .T. ) ;
#3261 = AXIS2_PLACEMENT_3D ( 'NONE', #407, #673, #2129 ) ;
#3262 = CARTESIAN_POINT ( 'NONE',  ( 9.000000000000028422, 9.304999999999969518, 5.234999999999999432 ) ) ;
#3263 = CARTESIAN_POINT ( 'NONE',  ( -9.784504172281469181, -10.18999999999990003, 6.734999999999999432 ) ) ;
#3264 = CARTESIAN_POINT ( 'NONE',  ( -8.380000000000000782, -8.379999999999915516, 0.000000000000000000 ) ) ;
#3265 = EDGE_LOOP ( 'NONE', ( #2378, #2788, #1478, #165 ) ) ;
#3266 = CARTESIAN_POINT ( 'NONE',  ( -9.415000000000002700, 10.82999999999999652, 6.734999999999999432 ) ) ;
#3267 = LINE ( 'NONE', #1209, #761 ) ;
#3268 = CARTESIAN_POINT ( 'NONE',  ( 25.63500000000002288, 7.634999999999918074, 6.917500000000000426 ) ) ;
#3269 = ORIENTED_EDGE ( 'NONE', *, *, #1191, .F. ) ;
#3270 = VERTEX_POINT ( 'NONE', #2657 ) ;
#3271 = CARTESIAN_POINT ( 'NONE',  ( 9.784504172281369705, -10.18999999999999595, 6.734999999999999432 ) ) ;
#3272 = EDGE_CURVE ( 'NONE', #1885, #2549, #837, .T. ) ;
#3273 = CARTESIAN_POINT ( 'NONE',  ( -10.50000000000001599, 10.99999999999999645, 7.234999999999999432 ) ) ;
#3274 = ORIENTED_EDGE ( 'NONE', *, *, #1347, .T. ) ;
#3275 = ORIENTED_EDGE ( 'NONE', *, *, #905, .T. ) ;
#3276 = EDGE_CURVE ( 'NONE', #286, #1765, #2945, .T. ) ;
#3277 = DIRECTION ( 'NONE',  ( 0.000000000000000000, 0.000000000000000000, 1.000000000000000000 ) ) ;
#3278 = AXIS2_PLACEMENT_3D ( 'NONE', #900, #126, #630 ) ;
#3279 = CARTESIAN_POINT ( 'NONE',  ( 8.585000000000036380, 10.99999999999997158, 7.234999999999999432 ) ) ;
#3280 = CARTESIAN_POINT ( 'NONE',  ( -7.799999999999999822, -7.495000000000000107, 0.000000000000000000 ) ) ;
#3281 = VERTEX_POINT ( 'NONE', #3183 ) ;
#3282 = CARTESIAN_POINT ( 'NONE',  ( -7.635000000000004228, 10.36499999999999311, 7.234999999999999432 ) ) ;
#3283 = VECTOR ( 'NONE', #2770, 100.0000000000000000 ) ;
#3284 = LINE ( 'NONE', #947, #1622 ) ;
#3285 = PLANE ( 'NONE',  #2369 ) ;
#3286 = ORIENTED_EDGE ( 'NONE', *, *, #2951, .F. ) ;
#3287 = AXIS2_PLACEMENT_3D ( 'NONE', #3126, #1082, #1800 ) ;
#3288 = DIRECTION ( 'NONE',  ( 0.000000000000000000, 0.000000000000000000, -1.000000000000000000 ) ) ;
#3289 = VECTOR ( 'NONE', #1685, 100.0000000000000000 ) ;
#3290 = ORIENTED_EDGE ( 'NONE', *, *, #1036, .T. ) ;
#3291 = ORIENTED_EDGE ( 'NONE', *, *, #756, .T. ) ;
#3292 = VECTOR ( 'NONE', #2520, 100.0000000000000000 ) ;
#3293 = ADVANCED_FACE ( 'NONE', ( #1669 ), #2674, .T. ) ;
#3294 = AXIS2_PLACEMENT_3D ( 'NONE', #1075, #824, #1773 ) ;
#3295 = CARTESIAN_POINT ( 'NONE',  ( -9.784504172281469181, -10.18999999999990003, 6.734999999999999432 ) ) ;
#3296 = ADVANCED_FACE ( 'NONE', ( #869 ), #852, .F. ) ;
#3297 = FACE_OUTER_BOUND ( 'NONE', #2706, .T. ) ;
#3298 = CARTESIAN_POINT ( 'NONE',  ( -9.784504172281369705, 10.18999999999999595, 6.734999999999999432 ) ) ;
#3299 = ORIENTED_EDGE ( 'NONE', *, *, #683, .T. ) ;
#3300 = CARTESIAN_POINT ( 'NONE',  ( 9.415000000000036451, 10.99999999999996980, 6.734999999999999432 ) ) ;
#3301 = PLANE ( 'NONE',  #2582 ) ;
#3302 = LINE ( 'NONE', #2545, #666 ) ;
#3303 = DIRECTION ( 'NONE',  ( 0.000000000000000000, 1.000000000000000000, -0.000000000000000000 ) ) ;
#3304 = ORIENTED_EDGE ( 'NONE', *, *, #2088, .F. ) ;
#3305 = DIRECTION ( 'NONE',  ( 0.8660254037844359321, 0.5000000000000046629, 0.000000000000000000 ) ) ;
#3306 = ORIENTED_EDGE ( 'NONE', *, *, #1977, .F. ) ;
#3307 = ORIENTED_EDGE ( 'NONE', *, *, #698, .T. ) ;
#3308 = ORIENTED_EDGE ( 'NONE', *, *, #2656, .F. ) ;
#3309 = CARTESIAN_POINT ( 'NONE',  ( 7.635000000000006892, -25.63499999999999801, 7.234999999999999432 ) ) ;
#3310 = ADVANCED_FACE ( 'NONE', ( #2158 ), #587, .F. ) ;
#3311 = VECTOR ( 'NONE', #655, 100.0000000000000000 ) ;
#3312 = AXIS2_PLACEMENT_3D ( 'NONE', #1366, #1909, #638 ) ;
#3313 = CARTESIAN_POINT ( 'NONE',  ( 8.380000000000002558, -8.380000000000103810, 0.000000000000000000 ) ) ;
ENDSEC;
END-ISO-10303-21;
