ISO-10303-21;
HEADER;
FILE_DESCRIPTION (( 'STEP AP214' ),
    '1' );
FILE_NAME ('elevated-cell-top_61.STEP',
    '2026-06-17T01:45:47',
    ( '' ),
    ( '' ),
    'SwSTEP 2.0',
    'SolidWorks 2023',
    '' );
FILE_SCHEMA (( 'AUTOMOTIVE_DESIGN' ));
ENDSEC;

DATA;
#1 = ORIENTED_EDGE ( 'NONE', *, *, #3381, .T. ) ;
#2 = EDGE_LOOP ( 'NONE', ( #3484, #133, #1593, #3048, #3564, #81 ) ) ;
#3 = LINE ( 'NONE', #1479, #2520 ) ;
#4 = CARTESIAN_POINT ( 'NONE',  ( -10.99999999999999467, 7.499999999999995559, 0.3175000000000000044 ) ) ;
#5 = FACE_OUTER_BOUND ( 'NONE', #1104, .T. ) ;
#6 = EDGE_CURVE ( 'NONE', #2080, #3021, #3789, .T. ) ;
#7 = PLANE ( 'NONE',  #1074 ) ;
#8 = FILL_AREA_STYLE ('',( #4036 ) ) ;
#9 = LINE ( 'NONE', #2213, #2858 ) ;
#10 = VERTEX_POINT ( 'NONE', #3795 ) ;
#11 = EDGE_CURVE ( 'NONE', #3506, #385, #2881, .T. ) ;
#12 = ORIENTED_EDGE ( 'NONE', *, *, #3286, .F. ) ;
#13 = CARTESIAN_POINT ( 'NONE',  ( -10.36500000000000199, 25.63499999999999801, 0.6350000000000000089 ) ) ;
#14 = APPLICATION_PROTOCOL_DEFINITION ( 'draft international standard', 'automotive_design', 1998, #3941 ) ;
#15 = AXIS2_PLACEMENT_3D ( 'NONE', #3637, #2697, #2744 ) ;
#16 = CARTESIAN_POINT ( 'NONE',  ( 8.232042833102431345, 10.19999999999999929, 0.1349999999999999534 ) ) ;
#17 = ORIENTED_EDGE ( 'NONE', *, *, #2019, .F. ) ;
#18 = ORIENTED_EDGE ( 'NONE', *, *, #2852, .F. ) ;
#19 = VERTEX_POINT ( 'NONE', #4064 ) ;
#20 = FACE_OUTER_BOUND ( 'NONE', #1135, .T. ) ;
#21 = DIRECTION ( 'NONE',  ( 0.8660254037844397068, -0.4999999999999980016, 0.000000000000000000 ) ) ;
#22 = ORIENTED_EDGE ( 'NONE', *, *, #235, .T. ) ;
#23 = VERTEX_POINT ( 'NONE', #1221 ) ;
#24 = ADVANCED_FACE ( 'NONE', ( #916 ), #1240, .F. ) ;
#25 = CARTESIAN_POINT ( 'NONE',  ( 0.000000000000000000, 0.000000000000000000, 0.3175000000000000044 ) ) ;
#26 = FACE_OUTER_BOUND ( 'NONE', #504, .T. ) ;
#27 = VECTOR ( 'NONE', #3278, 100.0000000000000000 ) ;
#28 = DIRECTION ( 'NONE',  ( 0.4999999999999980016, -0.8660254037844397068, 0.000000000000000000 ) ) ;
#29 = CARTESIAN_POINT ( 'NONE',  ( -10.99999999999999467, 10.49999999999999467, 0.3175000000000000044 ) ) ;
#30 = DIRECTION ( 'NONE',  ( -0.000000000000000000, 0.000000000000000000, 1.000000000000000000 ) ) ;
#31 = AXIS2_PLACEMENT_3D ( 'NONE', #519, #1460, #1484 ) ;
#32 = AXIS2_PLACEMENT_3D ( 'NONE', #3287, #1376, #1708 ) ;
#33 = ORIENTED_EDGE ( 'NONE', *, *, #1230, .F. ) ;
#34 = VECTOR ( 'NONE', #1963, 100.0000000000000000 ) ;
#35 = ORIENTED_EDGE ( 'NONE', *, *, #2806, .T. ) ;
#36 = ADVANCED_FACE ( 'NONE', ( #1551 ), #3911, .F. ) ;
#37 = DIRECTION ( 'NONE',  ( 0.000000000000000000, 0.000000000000000000, -1.000000000000000000 ) ) ;
#38 = VECTOR ( 'NONE', #1433, 100.0000000000000000 ) ;
#39 = VECTOR ( 'NONE', #100, 100.0000000000000000 ) ;
#40 = CARTESIAN_POINT ( 'NONE',  ( 10.99999999999999112, 8.589999999999998082, 0.1349999999999999534 ) ) ;
#41 = VERTEX_POINT ( 'NONE', #3560 ) ;
#42 = ORIENTED_EDGE ( 'NONE', *, *, #2225, .T. ) ;
#43 = VERTEX_POINT ( 'NONE', #89 ) ;
#44 = DIRECTION ( 'NONE',  ( 0.000000000000000000, -1.000000000000000000, 0.000000000000000000 ) ) ;
#45 = DIRECTION ( 'NONE',  ( 0.000000000000000000, 0.000000000000000000, 1.000000000000000000 ) ) ;
#46 = AXIS2_PLACEMENT_3D ( 'NONE', #1950, #57, #2882 ) ;
#47 = ORIENTED_EDGE ( 'NONE', *, *, #1360, .F. ) ;
#48 = VERTEX_POINT ( 'NONE', #1323 ) ;
#49 = CARTESIAN_POINT ( 'NONE',  ( 7.470000000000000639, -7.370000000000000107, 0.000000000000000000 ) ) ;
#50 = LINE ( 'NONE', #1959, #3257 ) ;
#51 = ADVANCED_FACE ( 'NONE', ( #382 ), #998, .F. ) ;
#52 = CARTESIAN_POINT ( 'NONE',  ( 7.470000000000000639, -7.370000000000000107, 0.4000000000000000222 ) ) ;
#53 = CARTESIAN_POINT ( 'NONE',  ( -10.99999999999999645, -7.635000000000001563, 0.6350000000000000089 ) ) ;
#54 = DIRECTION ( 'NONE',  ( 0.000000000000000000, 1.000000000000000000, -0.000000000000000000 ) ) ;
#55 = ORIENTED_EDGE ( 'NONE', *, *, #3618, .F. ) ;
#56 = CARTESIAN_POINT ( 'NONE',  ( 0.000000000000000000, -7.470000000000000639, 0.4000000000000000222 ) ) ;
#57 = DIRECTION ( 'NONE',  ( 1.000000000000000000, 0.000000000000000000, 0.000000000000000000 ) ) ;
#58 = EDGE_CURVE ( 'NONE', #1256, #2663, #3836, .T. ) ;
#59 = ORIENTED_EDGE ( 'NONE', *, *, #3665, .F. ) ;
#60 = EDGE_LOOP ( 'NONE', ( #2602, #2351, #1569, #3940 ) ) ;
#61 = DIRECTION ( 'NONE',  ( 0.000000000000000000, 0.000000000000000000, -1.000000000000000000 ) ) ;
#62 = DIRECTION ( 'NONE',  ( 0.000000000000000000, 0.000000000000000000, -1.000000000000000000 ) ) ;
#63 = ORIENTED_EDGE ( 'NONE', *, *, #2187, .F. ) ;
#64 = ORIENTED_EDGE ( 'NONE', *, *, #3409, .F. ) ;
#65 = LINE ( 'NONE', #1974, #1598 ) ;
#66 = DIRECTION ( 'NONE',  ( 0.000000000000000000, 1.000000000000000000, -0.000000000000000000 ) ) ;
#67 = DIRECTION ( 'NONE',  ( 0.000000000000000000, 0.000000000000000000, 1.000000000000000000 ) ) ;
#68 = CARTESIAN_POINT ( 'NONE',  ( 9.000000000000000000, 8.695000000000002061, 0.000000000000000000 ) ) ;
#69 = LINE ( 'NONE', #1338, #3591 ) ;
#70 = ORIENTED_EDGE ( 'NONE', *, *, #2006, .T. ) ;
#71 = CARTESIAN_POINT ( 'NONE',  ( -10.36499999999999666, 7.634999999999997122, 0.3175000000000000044 ) ) ;
#72 = EDGE_CURVE ( 'NONE', #236, #2034, #770, .T. ) ;
#73 = DIRECTION ( 'NONE',  ( 0.000000000000000000, 0.000000000000000000, 1.000000000000000000 ) ) ;
#74 = VERTEX_POINT ( 'NONE', #1343 ) ;
#75 = EDGE_CURVE ( 'NONE', #3979, #3470, #745, .T. ) ;
#76 = EDGE_LOOP ( 'NONE', ( #2898, #1957 ) ) ;
#77 = CARTESIAN_POINT ( 'NONE',  ( 9.410000000000000142, -10.99999999999999112, 0.6350000000000000089 ) ) ;
#78 = PLANE ( 'NONE',  #2001 ) ;
#79 = ORIENTED_EDGE ( 'NONE', *, *, #1564, .T. ) ;
#80 = AXIS2_PLACEMENT_3D ( 'NONE', #1172, #3302, #1454 ) ;
#81 = ORIENTED_EDGE ( 'NONE', *, *, #565, .T. ) ;
#82 = CARTESIAN_POINT ( 'NONE',  ( -10.81999999999999140, -9.410000000000000142, 0.1349999999999999534 ) ) ;
#83 = DIRECTION ( 'NONE',  ( -1.000000000000000000, -9.088269684226887144E-17, 0.000000000000000000 ) ) ;
#84 = EDGE_CURVE ( 'NONE', #2543, #236, #1982, .T. ) ;
#85 = CARTESIAN_POINT ( 'NONE',  ( -8.589999999999992752, -10.81999999999999851, 0.1349999999999999534 ) ) ;
#86 = DIRECTION ( 'NONE',  ( 1.000000000000000000, 0.000000000000000000, 0.000000000000000000 ) ) ;
#87 = FACE_OUTER_BOUND ( 'NONE', #3400, .T. ) ;
#88 = ORIENTED_EDGE ( 'NONE', *, *, #2070, .T. ) ;
#89 = CARTESIAN_POINT ( 'NONE',  ( 7.470000000000000639, -7.370000000000000107, 0.4000000000000000222 ) ) ;
#90 = DIRECTION ( 'NONE',  ( -1.000000000000000000, 0.000000000000000000, 0.000000000000000000 ) ) ;
#91 = VECTOR ( 'NONE', #2711, 100.0000000000000000 ) ;
#92 = AXIS2_PLACEMENT_3D ( 'NONE', #3870, #2573, #1031 ) ;
#93 = EDGE_CURVE ( 'NONE', #4074, #48, #1378, .T. ) ;
#94 = VECTOR ( 'NONE', #665, 100.0000000000000142 ) ;
#95 = ORIENTED_EDGE ( 'NONE', *, *, #298, .T. ) ;
#96 = EDGE_LOOP ( 'NONE', ( #3004, #424, #2263, #2395 ) ) ;
#97 = VECTOR ( 'NONE', #110, 100.0000000000000000 ) ;
#98 = CIRCLE ( 'NONE', #227, 2.499999999999999556 ) ;
#99 = CARTESIAN_POINT ( 'NONE',  ( 9.409999999999996589, 10.81999999999999673, 0.1349999999999999534 ) ) ;
#100 = DIRECTION ( 'NONE',  ( -1.000000000000000000, 0.000000000000000000, 0.000000000000000000 ) ) ;
#101 = VECTOR ( 'NONE', #1769, 100.0000000000000000 ) ;
#102 = ORIENTED_EDGE ( 'NONE', *, *, #1964, .F. ) ;
#103 = ORIENTED_EDGE ( 'NONE', *, *, #1033, .T. ) ;
#104 = CARTESIAN_POINT ( 'NONE',  ( 9.000000000000001776, -8.999999999999998224, 0.000000000000000000 ) ) ;
#105 = CARTESIAN_POINT ( 'NONE',  ( -7.370000000000000107, 7.470000000000000639, 0.000000000000000000 ) ) ;
#106 = AXIS2_PLACEMENT_3D ( 'NONE', #3547, #672, #2840 ) ;
#107 = PLANE ( 'NONE',  #3072 ) ;
#108 = CARTESIAN_POINT ( 'NONE',  ( 10.81999999999999851, -9.409999999999994813, 0.1349999999999999534 ) ) ;
#109 = CARTESIAN_POINT ( 'NONE',  ( 9.409999999999996589, 10.81999999999999673, 0.1349999999999999534 ) ) ;
#110 = DIRECTION ( 'NONE',  ( -1.000000000000000000, 0.000000000000000000, 0.000000000000000000 ) ) ;
#111 = ORIENTED_EDGE ( 'NONE', *, *, #1900, .T. ) ;
#112 = DIRECTION ( 'NONE',  ( -0.000000000000000000, 0.000000000000000000, 1.000000000000000000 ) ) ;
#113 = ORIENTED_EDGE ( 'NONE', *, *, #1572, .T. ) ;
#114 = ORIENTED_EDGE ( 'NONE', *, *, #235, .F. ) ;
#115 = DIRECTION ( 'NONE',  ( -1.000000000000000000, 0.000000000000000000, 0.000000000000000000 ) ) ;
#116 = CARTESIAN_POINT ( 'NONE',  ( -8.232042833102433121, 10.19999999999999574, 0.1349999999999999534 ) ) ;
#117 = ORIENTED_EDGE ( 'NONE', *, *, #3743, .F. ) ;
#118 = ORIENTED_EDGE ( 'NONE', *, *, #3481, .F. ) ;
#119 = DIRECTION ( 'NONE',  ( -0.000000000000000000, 0.000000000000000000, 1.000000000000000000 ) ) ;
#120 = CARTESIAN_POINT ( 'NONE',  ( -10.81999999999999496, 9.409999999999996589, 0.6350000000000000089 ) ) ;
#121 = EDGE_CURVE ( 'NONE', #4051, #3096, #2026, .T. ) ;
#122 = CARTESIAN_POINT ( 'NONE',  ( 10.36499999999999666, 10.99999999999999289, 0.6350000000000000089 ) ) ;
#123 = EDGE_CURVE ( 'NONE', #2424, #3707, #2915, .T. ) ;
#124 = CARTESIAN_POINT ( 'NONE',  ( -10.69500000000000384, 7.162345244612041029, 0.6350000000000000089 ) ) ;
#125 = CARTESIAN_POINT ( 'NONE',  ( 10.99999999999999645, 10.49999999999999822, 0.3175000000000000044 ) ) ;
#126 = LINE ( 'NONE', #3576, #1340 ) ;
#127 = ADVANCED_FACE ( 'NONE', ( #2332 ), #3520, .F. ) ;
#128 = ORIENTED_EDGE ( 'NONE', *, *, #2894, .T. ) ;
#129 = ADVANCED_FACE ( 'NONE', ( #1634 ), #1675, .F. ) ;
#130 = CARTESIAN_POINT ( 'NONE',  ( 25.63500000000000156, 10.36499999999999844, 0.3175000000000000044 ) ) ;
#131 = EDGE_CURVE ( 'NONE', #3248, #10, #3604, .T. ) ;
#132 = ADVANCED_FACE ( 'NONE', ( #459 ), #1966, .F. ) ;
#133 = ORIENTED_EDGE ( 'NONE', *, *, #1134, .T. ) ;
#134 = EDGE_LOOP ( 'NONE', ( #3947, #1510, #3049, #2590, #3107, #3655 ) ) ;
#135 = CARTESIAN_POINT ( 'NONE',  ( 0.000000000000000000, -7.470000000000000639, 0.000000000000000000 ) ) ;
#136 = DIRECTION ( 'NONE',  ( -0.4999999999999980016, 0.8660254037844397068, 0.000000000000000000 ) ) ;
#137 = ORIENTED_EDGE ( 'NONE', *, *, #2818, .F. ) ;
#138 = ORIENTED_EDGE ( 'NONE', *, *, #200, .T. ) ;
#139 = DIRECTION ( 'NONE',  ( -0.000000000000000000, 0.000000000000000000, 1.000000000000000000 ) ) ;
#140 = CARTESIAN_POINT ( 'NONE',  ( -10.99999999999999645, -10.36499999999999844, 0.3175000000000000044 ) ) ;
#141 = VECTOR ( 'NONE', #1878, 100.0000000000000000 ) ;
#142 = DIRECTION ( 'NONE',  ( 1.000000000000000000, 0.000000000000000000, 0.000000000000000000 ) ) ;
#143 = EDGE_CURVE ( 'NONE', #1202, #573, #1796, .T. ) ;
#144 = DIRECTION ( 'NONE',  ( 0.000000000000000000, -1.000000000000000000, 0.000000000000000000 ) ) ;
#145 = CARTESIAN_POINT ( 'NONE',  ( 10.99999999999999645, -8.589999999999992752, 0.1349999999999999534 ) ) ;
#146 = CARTESIAN_POINT ( 'NONE',  ( -10.36499999999999488, -10.36499999999999844, 0.3175000000000000044 ) ) ;
#147 = ORIENTED_EDGE ( 'NONE', *, *, #914, .T. ) ;
#148 = DIRECTION ( 'NONE',  ( 0.000000000000000000, 1.000000000000000000, 0.000000000000000000 ) ) ;
#149 = UNCERTAINTY_MEASURE_WITH_UNIT (LENGTH_MEASURE( 1.000000000000000082E-05 ), #238, 'distance_accuracy_value', 'NONE');
#150 = AXIS2_PLACEMENT_3D ( 'NONE', #2132, #833, #4085 ) ;
#151 = VERTEX_POINT ( 'NONE', #1396 ) ;
#152 = ORIENTED_EDGE ( 'NONE', *, *, #1224, .F. ) ;
#153 = CARTESIAN_POINT ( 'NONE',  ( 25.63500000000000156, 10.36499999999999844, 0.6350000000000000089 ) ) ;
#154 = VECTOR ( 'NONE', #1541, 100.0000000000000000 ) ;
#155 = LINE ( 'NONE', #2354, #2059 ) ;
#156 = CARTESIAN_POINT ( 'NONE',  ( 10.99999999999999822, 10.36499999999999666, 0.6350000000000000089 ) ) ;
#157 = AXIS2_PLACEMENT_3D ( 'NONE', #3515, #3787, #28 ) ;
#158 = CIRCLE ( 'NONE', #3654, 0.3049999999999997158 ) ;
#159 = ORIENTED_EDGE ( 'NONE', *, *, #2311, .F. ) ;
#160 = ORIENTED_EDGE ( 'NONE', *, *, #2273, .T. ) ;
#161 = CARTESIAN_POINT ( 'NONE',  ( 8.589999999999999858, -10.99999999999999112, 0.6350000000000000089 ) ) ;
#162 = DIRECTION ( 'NONE',  ( -0.000000000000000000, 0.000000000000000000, 1.000000000000000000 ) ) ;
#163 = PRESENTATION_LAYER_ASSIGNMENT (  '', '', ( #2462 ) ) ;
#164 = DIRECTION ( 'NONE',  ( 0.000000000000000000, -1.000000000000000000, 0.000000000000000000 ) ) ;
#165 = CARTESIAN_POINT ( 'NONE',  ( -8.999999999999994671, 8.999999999999998224, 0.6350000000000000089 ) ) ;
#166 = DIRECTION ( 'NONE',  ( 0.000000000000000000, -1.000000000000000000, 0.000000000000000000 ) ) ;
#167 = AXIS2_PLACEMENT_3D ( 'NONE', #1119, #2353, #1985 ) ;
#168 = ADVANCED_FACE ( 'NONE', ( #3215 ), #2896, .F. ) ;
#169 = LINE ( 'NONE', #1052, #97 ) ;
#170 = AXIS2_PLACEMENT_3D ( 'NONE', #2500, #3459, #3157 ) ;
#171 = ORIENTED_EDGE ( 'NONE', *, *, #3481, .T. ) ;
#172 = DIRECTION ( 'NONE',  ( 0.000000000000000000, -1.000000000000000000, 0.000000000000000000 ) ) ;
#173 = ORIENTED_EDGE ( 'NONE', *, *, #937, .T. ) ;
#174 = ORIENTED_EDGE ( 'NONE', *, *, #2093, .T. ) ;
#175 = EDGE_CURVE ( 'NONE', #922, #3372, #3543, .T. ) ;
#176 = DIRECTION ( 'NONE',  ( 1.000000000000000000, 9.088269684226883446E-17, 0.000000000000000000 ) ) ;
#177 = LINE ( 'NONE', #2073, #27 ) ;
#178 = DIRECTION ( 'NONE',  ( 0.000000000000000000, 0.000000000000000000, -1.000000000000000000 ) ) ;
#179 = ORIENTED_EDGE ( 'NONE', *, *, #2067, .T. ) ;
#180 = ORIENTED_EDGE ( 'NONE', *, *, #1643, .F. ) ;
#181 = LINE ( 'NONE', #2016, #2871 ) ;
#182 = CARTESIAN_POINT ( 'NONE',  ( 9.767957166897559773, 10.19999999999999929, 0.1349999999999999534 ) ) ;
#183 = EDGE_CURVE ( 'NONE', #637, #1916, #3330, .T. ) ;
#184 = LINE ( 'NONE', #1453, #38 ) ;
#185 = CARTESIAN_POINT ( 'NONE',  ( -7.634999999999996234, -10.99999999999999645, 0.6350000000000000089 ) ) ;
#186 = DIRECTION ( 'NONE',  ( 0.000000000000000000, 0.000000000000000000, -1.000000000000000000 ) ) ;
#187 = VERTEX_POINT ( 'NONE', #3956 ) ;
#188 = CARTESIAN_POINT ( 'NONE',  ( -7.634999999999996234, -10.36499999999999844, 0.3175000000000000044 ) ) ;
#189 = VERTEX_POINT ( 'NONE', #501 ) ;
#190 = ADVANCED_FACE ( 'NONE', ( #3667 ), #829, .F. ) ;
#191 = VERTEX_POINT ( 'NONE', #2105 ) ;
#192 = PLANE ( 'NONE',  #1408 ) ;
#193 = CARTESIAN_POINT ( 'NONE',  ( 10.69500000000000206, -7.162345244612028594, 0.000000000000000000 ) ) ;
#194 = EDGE_CURVE ( 'NONE', #2963, #3744, #3196, .T. ) ;
#195 = CARTESIAN_POINT ( 'NONE',  ( 10.99999999999999645, -7.634999999999996234, 0.6350000000000000089 ) ) ;
#196 = EDGE_LOOP ( 'NONE', ( #2627, #2553, #1649, #2199, #22 ) ) ;
#197 = ORIENTED_EDGE ( 'NONE', *, *, #1289, .T. ) ;
#198 = CARTESIAN_POINT ( 'NONE',  ( 8.232042833102434898, -10.19999999999999396, 0.1349999999999999534 ) ) ;
#199 = LINE ( 'NONE', #1450, #222 ) ;
#200 = EDGE_CURVE ( 'NONE', #3240, #922, #3308, .T. ) ;
#201 = EDGE_CURVE ( 'NONE', #1023, #2533, #1731, .T. ) ;
#202 = DIRECTION ( 'NONE',  ( 1.817653936845377429E-16, -1.000000000000000000, 0.000000000000000000 ) ) ;
#203 = ADVANCED_FACE ( 'NONE', ( #2724 ), #1754, .T. ) ;
#204 = DIRECTION ( 'NONE',  ( 1.000000000000000000, 0.000000000000000000, 0.000000000000000000 ) ) ;
#205 = DIRECTION ( 'NONE',  ( 0.000000000000000000, -1.000000000000000000, 0.000000000000000000 ) ) ;
#206 = VECTOR ( 'NONE', #1726, 100.0000000000000000 ) ;
#207 = FACE_OUTER_BOUND ( 'NONE', #3458, .T. ) ;
#208 = VERTEX_POINT ( 'NONE', #232 ) ;
#209 = CARTESIAN_POINT ( 'NONE',  ( 9.000000000000000000, 9.000000000000001776, 0.000000000000000000 ) ) ;
#210 = ORIENTED_EDGE ( 'NONE', *, *, #2382, .F. ) ;
#211 = VERTEX_POINT ( 'NONE', #1438 ) ;
#212 = CARTESIAN_POINT ( 'NONE',  ( -9.000000000000000000, 8.695000000000000284, 0.6350000000000000089 ) ) ;
#213 = DIRECTION ( 'NONE',  ( 0.000000000000000000, 1.000000000000000000, 0.000000000000000000 ) ) ;
#214 = EDGE_CURVE ( 'NONE', #2258, #1539, #2368, .T. ) ;
#215 = LINE ( 'NONE', #2708, #2252 ) ;
#216 = ORIENTED_EDGE ( 'NONE', *, *, #175, .T. ) ;
#217 = ORIENTED_EDGE ( 'NONE', *, *, #3743, .T. ) ;
#218 = CARTESIAN_POINT ( 'NONE',  ( -8.999999999999996447, -9.000000000000001776, 0.3175000000000000044 ) ) ;
#219 = DIRECTION ( 'NONE',  ( -1.000000000000000000, 0.000000000000000000, 0.000000000000000000 ) ) ;
#220 = CIRCLE ( 'NONE', #484, 2.500000000000003553 ) ;
#221 = AXIS2_PLACEMENT_3D ( 'NONE', #994, #67, #1276 ) ;
#222 = VECTOR ( 'NONE', #2953, 100.0000000000000000 ) ;
#223 = ORIENTED_EDGE ( 'NONE', *, *, #1098, .F. ) ;
#224 = DIRECTION ( 'NONE',  ( -1.817653936845377429E-16, 1.000000000000000000, 0.000000000000000000 ) ) ;
#225 = DIRECTION ( 'NONE',  ( 0.000000000000000000, 0.000000000000000000, -1.000000000000000000 ) ) ;
#226 = AXIS2_PLACEMENT_3D ( 'NONE', #2103, #3346, #2767 ) ;
#227 = AXIS2_PLACEMENT_3D ( 'NONE', #2283, #45, #1955 ) ;
#228 = DIRECTION ( 'NONE',  ( -0.000000000000000000, 0.000000000000000000, 1.000000000000000000 ) ) ;
#229 = VECTOR ( 'NONE', #2323, 100.0000000000000000 ) ;
#230 = DIRECTION ( 'NONE',  ( 0.000000000000000000, 1.000000000000000000, -0.000000000000000000 ) ) ;
#231 = VECTOR ( 'NONE', #262, 100.0000000000000000 ) ;
#232 = CARTESIAN_POINT ( 'NONE',  ( 9.000000000000001776, -9.304999999999997939, 0.000000000000000000 ) ) ;
#233 = CIRCLE ( 'NONE', #3078, 0.3049999999999997158 ) ;
#234 = ORIENTED_EDGE ( 'NONE', *, *, #722, .F. ) ;
#235 = EDGE_CURVE ( 'NONE', #3203, #595, #2413, .T. ) ;
#236 = VERTEX_POINT ( 'NONE', #1793 ) ;
#237 = CARTESIAN_POINT ( 'NONE',  ( 7.162345244612031259, 10.69499999999999673, 0.000000000000000000 ) ) ;
#238 =( LENGTH_UNIT ( ) NAMED_UNIT ( * ) SI_UNIT ( .CENTI., .METRE. ) );
#239 = CARTESIAN_POINT ( 'NONE',  ( -7.499999999999998224, 10.99999999999999645, 0.6350000000000000089 ) ) ;
#240 = ORIENTED_EDGE ( 'NONE', *, *, #2582, .F. ) ;
#241 = ORIENTED_EDGE ( 'NONE', *, *, #850, .F. ) ;
#242 = DIRECTION ( 'NONE',  ( -0.000000000000000000, -0.000000000000000000, 1.000000000000000000 ) ) ;
#243 = FACE_OUTER_BOUND ( 'NONE', #3139, .T. ) ;
#244 = ORIENTED_EDGE ( 'NONE', *, *, #3629, .T. ) ;
#245 = ADVANCED_FACE ( 'NONE', ( #2087 ), #2430, .F. ) ;
#246 = CARTESIAN_POINT ( 'NONE',  ( 7.635000000000004228, -10.99999999999999645, 0.6350000000000000089 ) ) ;
#247 = PLANE ( 'NONE',  #2637 ) ;
#248 = LINE ( 'NONE', #1499, #1399 ) ;
#249 = FACE_BOUND ( 'NONE', #2868, .T. ) ;
#250 = ADVANCED_FACE ( 'NONE', ( #2125 ), #3065, .F. ) ;
#251 = CARTESIAN_POINT ( 'NONE',  ( -10.49999999999999467, -10.99999999999999645, 0.3175000000000000044 ) ) ;
#252 = PLANE ( 'NONE',  #31 ) ;
#253 = ORIENTED_EDGE ( 'NONE', *, *, #1844, .T. ) ;
#254 = ORIENTED_EDGE ( 'NONE', *, *, #577, .F. ) ;
#255 = EDGE_CURVE ( 'NONE', #3868, #966, #2390, .T. ) ;
#256 = DIRECTION ( 'NONE',  ( 0.000000000000000000, -1.000000000000000000, 0.000000000000000000 ) ) ;
#257 = CARTESIAN_POINT ( 'NONE',  ( 10.19999999999999574, 8.232042833102433121, 0.6350000000000000089 ) ) ;
#258 = ADVANCED_FACE ( 'NONE', ( #3348 ), #252, .F. ) ;
#259 = PLANE ( 'NONE',  #3307 ) ;
#260 = EDGE_LOOP ( 'NONE', ( #3442, #2389, #47, #688 ) ) ;
#261 = ORIENTED_EDGE ( 'NONE', *, *, #1151, .F. ) ;
#262 = DIRECTION ( 'NONE',  ( -1.000000000000000000, 0.000000000000000000, -0.000000000000000000 ) ) ;
#263 = PLANE ( 'NONE',  #2531 ) ;
#264 = VERTEX_POINT ( 'NONE', #4020 ) ;
#265 = DIRECTION ( 'NONE',  ( 0.000000000000000000, -1.000000000000000000, 0.000000000000000000 ) ) ;
#266 = CARTESIAN_POINT ( 'NONE',  ( -10.81999999999999140, -9.410000000000000142, 0.1349999999999999534 ) ) ;
#267 = CARTESIAN_POINT ( 'NONE',  ( -8.232042833102429569, -10.20000000000000107, 0.6350000000000000089 ) ) ;
#268 = EDGE_CURVE ( 'NONE', #3744, #2963, #1995, .T. ) ;
#269 = LINE ( 'NONE', #827, #2393 ) ;
#270 = SURFACE_STYLE_FILL_AREA ( #8 ) ;
#271 = CARTESIAN_POINT ( 'NONE',  ( 0.000000000000000000, 8.030000000000004690, 0.000000000000000000 ) ) ;
#272 = VECTOR ( 'NONE', #3483, 100.0000000000000000 ) ;
#273 = ORIENTED_EDGE ( 'NONE', *, *, #534, .F. ) ;
#274 = ORIENTED_EDGE ( 'NONE', *, *, #1503, .F. ) ;
#275 = CARTESIAN_POINT ( 'NONE',  ( -10.36499999999999488, -10.36499999999999844, 0.6350000000000000089 ) ) ;
#276 = PLANE ( 'NONE',  #3251 ) ;
#277 = LINE ( 'NONE', #3800, #272 ) ;
#278 = ORIENTED_EDGE ( 'NONE', *, *, #3957, .T. ) ;
#279 = VERTEX_POINT ( 'NONE', #477 ) ;
#280 = FACE_OUTER_BOUND ( 'NONE', #1756, .T. ) ;
#281 = CARTESIAN_POINT ( 'NONE',  ( -7.634999999999996234, -10.99999999999999645, 0.6350000000000000089 ) ) ;
#282 = ORIENTED_EDGE ( 'NONE', *, *, #2006, .F. ) ;
#283 = ORIENTED_EDGE ( 'NONE', *, *, #3908, .F. ) ;
#284 = LINE ( 'NONE', #3406, #1084 ) ;
#285 = FACE_OUTER_BOUND ( 'NONE', #1638, .T. ) ;
#286 = DIRECTION ( 'NONE',  ( -0.4999999999999980571, 0.8660254037844398178, 0.000000000000000000 ) ) ;
#287 = AXIS2_PLACEMENT_3D ( 'NONE', #2358, #3925, #3651 ) ;
#288 = VECTOR ( 'NONE', #162, 100.0000000000000000 ) ;
#289 = VECTOR ( 'NONE', #3001, 100.0000000000000000 ) ;
#290 = DIRECTION ( 'NONE',  ( 9.088269684226882214E-17, -1.000000000000000000, 0.000000000000000000 ) ) ;
#291 = VECTOR ( 'NONE', #3679, 100.0000000000000000 ) ;
#292 = DIRECTION ( 'NONE',  ( -1.000000000000000000, 0.000000000000000000, -0.000000000000000000 ) ) ;
#293 = LINE ( 'NONE', #1905, #2265 ) ;
#294 = EDGE_CURVE ( 'NONE', #2663, #1446, #564, .T. ) ;
#295 = VECTOR ( 'NONE', #1788, 100.0000000000000000 ) ;
#296 = ORIENTED_EDGE ( 'NONE', *, *, #628, .T. ) ;
#297 = ORIENTED_EDGE ( 'NONE', *, *, #834, .T. ) ;
#298 = EDGE_CURVE ( 'NONE', #2080, #637, #2349, .T. ) ;
#299 = DIRECTION ( 'NONE',  ( 0.000000000000000000, -1.000000000000000000, 0.000000000000000000 ) ) ;
#300 = CARTESIAN_POINT ( 'NONE',  ( -10.99999999999999467, 7.634999999999997122, 0.6350000000000000089 ) ) ;
#301 = VECTOR ( 'NONE', #1533, 100.0000000000000000 ) ;
#302 = CARTESIAN_POINT ( 'NONE',  ( 0.000000000000000000, 0.000000000000000000, 0.3175000000000000044 ) ) ;
#303 = EDGE_LOOP ( 'NONE', ( #386, #3896, #1431, #3140 ) ) ;
#304 = ORIENTED_EDGE ( 'NONE', *, *, #2084, .T. ) ;
#305 = EDGE_CURVE ( 'NONE', #1529, #2433, #2043, .T. ) ;
#306 = ORIENTED_EDGE ( 'NONE', *, *, #847, .F. ) ;
#307 = DIRECTION ( 'NONE',  ( 1.817653936845377429E-16, -1.000000000000000000, 0.000000000000000000 ) ) ;
#308 = DIRECTION ( 'NONE',  ( -0.000000000000000000, 0.000000000000000000, 1.000000000000000000 ) ) ;
#309 = ORIENTED_EDGE ( 'NONE', *, *, #1839, .T. ) ;
#310 = ORIENTED_EDGE ( 'NONE', *, *, #1503, .T. ) ;
#311 = CARTESIAN_POINT ( 'NONE',  ( 0.000000000000000000, -8.030000000000002913, 0.000000000000000000 ) ) ;
#312 = DIRECTION ( 'NONE',  ( 1.000000000000000000, 0.000000000000000000, 0.000000000000000000 ) ) ;
#313 = CARTESIAN_POINT ( 'NONE',  ( -9.409999999999998366, 10.99999999999999112, 0.1349999999999999534 ) ) ;
#314 = EDGE_CURVE ( 'NONE', #1956, #2396, #2850, .T. ) ;
#315 = CARTESIAN_POINT ( 'NONE',  ( 8.589999999999994529, 10.81999999999999673, 0.1349999999999999534 ) ) ;
#316 = DIRECTION ( 'NONE',  ( 0.000000000000000000, 0.000000000000000000, -1.000000000000000000 ) ) ;
#317 = VERTEX_POINT ( 'NONE', #3190 ) ;
#318 = ORIENTED_EDGE ( 'NONE', *, *, #333, .F. ) ;
#319 = FACE_OUTER_BOUND ( 'NONE', #1865, .T. ) ;
#320 = EDGE_CURVE ( 'NONE', #3214, #3380, #959, .T. ) ;
#321 = DIRECTION ( 'NONE',  ( 0.4999999999999979461, -0.8660254037844398178, 0.000000000000000000 ) ) ;
#322 = ORIENTED_EDGE ( 'NONE', *, *, #2574, .F. ) ;
#323 = ORIENTED_EDGE ( 'NONE', *, *, #3359, .F. ) ;
#324 = VERTEX_POINT ( 'NONE', #1281 ) ;
#325 = LINE ( 'NONE', #1954, #1742 ) ;
#326 = CARTESIAN_POINT ( 'NONE',  ( -7.162345244612028594, 10.69499999999999673, 0.3175000000000011147 ) ) ;
#327 = VERTEX_POINT ( 'NONE', #1194 ) ;
#328 = VERTEX_POINT ( 'NONE', #1838 ) ;
#329 = LINE ( 'NONE', #2571, #877 ) ;
#330 = DIRECTION ( 'NONE',  ( 0.000000000000000000, -1.000000000000000000, 0.000000000000000000 ) ) ;
#331 = EDGE_CURVE ( 'NONE', #990, #2258, #9, .T. ) ;
#332 = FACE_OUTER_BOUND ( 'NONE', #3603, .T. ) ;
#333 = EDGE_CURVE ( 'NONE', #1078, #978, #2168, .T. ) ;
#334 = CARTESIAN_POINT ( 'NONE',  ( 0.000000000000000000, 0.000000000000000000, 0.3175000000000000044 ) ) ;
#335 = CARTESIAN_POINT ( 'NONE',  ( 8.999999999999998224, 9.000000000000000000, 0.6350000000000000089 ) ) ;
#336 = VERTEX_POINT ( 'NONE', #4081 ) ;
#337 = ORIENTED_EDGE ( 'NONE', *, *, #2672, .F. ) ;
#338 = DIRECTION ( 'NONE',  ( -0.000000000000000000, -0.000000000000000000, 1.000000000000000000 ) ) ;
#339 = AXIS2_PLACEMENT_3D ( 'NONE', #951, #3448, #2445 ) ;
#340 = DIRECTION ( 'NONE',  ( 0.7071067811865475727, 0.7071067811865475727, -0.000000000000000000 ) ) ;
#341 = ORIENTED_EDGE ( 'NONE', *, *, #2233, .F. ) ;
#342 = ORIENTED_EDGE ( 'NONE', *, *, #899, .F. ) ;
#343 = DIRECTION ( 'NONE',  ( 0.000000000000000000, 1.000000000000000000, 0.000000000000000000 ) ) ;
#344 = EDGE_CURVE ( 'NONE', #2331, #4083, #3105, .T. ) ;
#345 = DIRECTION ( 'NONE',  ( -1.000000000000000000, -1.817653936845377429E-16, 0.000000000000000000 ) ) ;
#346 = ORIENTED_EDGE ( 'NONE', *, *, #2824, .F. ) ;
#347 = VERTEX_POINT ( 'NONE', #2813 ) ;
#348 = DIRECTION ( 'NONE',  ( 0.000000000000000000, -1.000000000000000000, 0.000000000000000000 ) ) ;
#349 = CARTESIAN_POINT ( 'NONE',  ( -10.36500000000000199, 10.99999999999999822, 0.6350000000000000089 ) ) ;
#350 = VECTOR ( 'NONE', #3609, 100.0000000000000142 ) ;
#351 = CARTESIAN_POINT ( 'NONE',  ( -10.36499999999999488, -10.99999999999999645, 0.6350000000000000089 ) ) ;
#352 = EDGE_CURVE ( 'NONE', #734, #19, #3752, .T. ) ;
#353 = FACE_OUTER_BOUND ( 'NONE', #1146, .T. ) ;
#354 = DIRECTION ( 'NONE',  ( 1.000000000000000000, 0.000000000000000000, 0.000000000000000000 ) ) ;
#355 = VECTOR ( 'NONE', #787, 100.0000000000000000 ) ;
#356 = VECTOR ( 'NONE', #1335, 100.0000000000000000 ) ;
#357 = AXIS2_PLACEMENT_3D ( 'NONE', #3019, #186, #1435 ) ;
#358 = ORIENTED_EDGE ( 'NONE', *, *, #3300, .T. ) ;
#359 = VECTOR ( 'NONE', #801, 100.0000000000000000 ) ;
#360 = ADVANCED_FACE ( 'NONE', ( #2450 ), #648, .T. ) ;
#361 = VERTEX_POINT ( 'NONE', #3412 ) ;
#362 = FACE_OUTER_BOUND ( 'NONE', #2815, .T. ) ;
#363 = VECTOR ( 'NONE', #2768, 100.0000000000000000 ) ;
#364 = APPLICATION_PROTOCOL_DEFINITION ( 'draft international standard', 'automotive_design', 1998, #2446 ) ;
#365 = EDGE_CURVE ( 'NONE', #3649, #2776, #3432, .T. ) ;
#366 = EDGE_LOOP ( 'NONE', ( #3772, #1041, #2790, #578 ) ) ;
#367 = EDGE_LOOP ( 'NONE', ( #3013, #323, #3644, #3173, #596, #2477, #2206, #1232, #1887, #983, #1158, #3607 ) ) ;
#368 = DIRECTION ( 'NONE',  ( 0.000000000000000000, 0.000000000000000000, -1.000000000000000000 ) ) ;
#369 = VECTOR ( 'NONE', #3466, 100.0000000000000000 ) ;
#370 = CARTESIAN_POINT ( 'NONE',  ( 10.20000000000000107, -9.767957166897559773, 0.1349999999999999534 ) ) ;
#371 = VECTOR ( 'NONE', #2996, 100.0000000000000000 ) ;
#372 = ORIENTED_EDGE ( 'NONE', *, *, #3713, .F. ) ;
#373 = VERTEX_POINT ( 'NONE', #3125 ) ;
#374 = CARTESIAN_POINT ( 'NONE',  ( -8.999999999999994671, 8.999999999999998224, 0.6350000000000000089 ) ) ;
#375 = PLANE ( 'NONE',  #92 ) ;
#376 = DIRECTION ( 'NONE',  ( 0.000000000000000000, 0.000000000000000000, 1.000000000000000000 ) ) ;
#377 = EDGE_CURVE ( 'NONE', #870, #595, #293, .T. ) ;
#378 = DIRECTION ( 'NONE',  ( -0.000000000000000000, 0.000000000000000000, 1.000000000000000000 ) ) ;
#379 = CARTESIAN_POINT ( 'NONE',  ( 7.635000000000004228, -10.99999999999999645, 0.6350000000000000089 ) ) ;
#380 = EDGE_CURVE ( 'NONE', #2357, #1661, #220, .T. ) ;
#381 = ORIENTED_EDGE ( 'NONE', *, *, #3274, .F. ) ;
#382 = FACE_OUTER_BOUND ( 'NONE', #1930, .T. ) ;
#383 = LINE ( 'NONE', #1889, #566 ) ;
#384 = ADVANCED_FACE ( 'NONE', ( #1502 ), #977, .F. ) ;
#385 = VERTEX_POINT ( 'NONE', #1858 ) ;
#386 = ORIENTED_EDGE ( 'NONE', *, *, #1677, .T. ) ;
#387 = ORIENTED_EDGE ( 'NONE', *, *, #558, .F. ) ;
#388 = CARTESIAN_POINT ( 'NONE',  ( -10.19999999999999396, -8.232042833102434898, 0.6350000000000000089 ) ) ;
#389 = CARTESIAN_POINT ( 'NONE',  ( -7.635000000000003340, 10.36499999999999666, 0.3175000000000000044 ) ) ;
#390 = EDGE_LOOP ( 'NONE', ( #1674, #538, #1179, #3029, #1984, #431 ) ) ;
#391 = EDGE_LOOP ( 'NONE', ( #1795, #699, #460, #1892, #3465, #2770, #3332, #963, #59, #4021, #2240, #2695 ) ) ;
#392 = DIRECTION ( 'NONE',  ( -1.000000000000000000, 0.000000000000000000, 0.000000000000000000 ) ) ;
#393 = DIRECTION ( 'NONE',  ( -0.000000000000000000, 0.000000000000000000, 1.000000000000000000 ) ) ;
#394 = PLANE ( 'NONE',  #1273 ) ;
#395 = DIRECTION ( 'NONE',  ( -1.000000000000000000, 0.000000000000000000, 0.000000000000000000 ) ) ;
#396 = DIRECTION ( 'NONE',  ( 0.000000000000000000, 0.000000000000000000, 1.000000000000000000 ) ) ;
#397 = ADVANCED_FACE ( 'NONE', ( #3153 ), #1254, .F. ) ;
#398 = VERTEX_POINT ( 'NONE', #2494 ) ;
#399 = DIRECTION ( 'NONE',  ( 1.000000000000000000, 0.000000000000000000, 0.000000000000000000 ) ) ;
#400 = LINE ( 'NONE', #2293, #2279 ) ;
#401 = VERTEX_POINT ( 'NONE', #2475 ) ;
#402 = ORIENTED_EDGE ( 'NONE', *, *, #1636, .F. ) ;
#403 = LINE ( 'NONE', #2822, #3600 ) ;
#404 = DIRECTION ( 'NONE',  ( 9.088269684226883446E-17, -1.000000000000000000, 0.000000000000000000 ) ) ;
#405 = VECTOR ( 'NONE', #835, 100.0000000000000000 ) ;
#406 = ORIENTED_EDGE ( 'NONE', *, *, #1567, .T. ) ;
#407 = ORIENTED_EDGE ( 'NONE', *, *, #1821, .T. ) ;
#408 = PLANE ( 'NONE',  #1614 ) ;
#409 = LINE ( 'NONE', #678, #3921 ) ;
#410 = DIRECTION ( 'NONE',  ( -1.000000000000000000, -2.726480905268065897E-16, 0.000000000000000000 ) ) ;
#411 = CARTESIAN_POINT ( 'NONE',  ( 9.000000000000000000, 9.305000000000001492, 0.000000000000000000 ) ) ;
#412 = CARTESIAN_POINT ( 'NONE',  ( -10.36499999999999666, -7.635000000000001563, 0.6350000000000000089 ) ) ;
#413 = AXIS2_PLACEMENT_3D ( 'NONE', #428, #483, #791 ) ;
#414 = FACE_OUTER_BOUND ( 'NONE', #659, .T. ) ;
#415 = VECTOR ( 'NONE', #1008, 100.0000000000000000 ) ;
#416 = EDGE_CURVE ( 'NONE', #997, #3577, #2232, .T. ) ;
#417 = ORIENTED_EDGE ( 'NONE', *, *, #3309, .F. ) ;
#418 = CARTESIAN_POINT ( 'NONE',  ( -10.99999999999999467, 7.634999999999997122, 0.6350000000000000089 ) ) ;
#419 = VECTOR ( 'NONE', #736, 100.0000000000000000 ) ;
#420 = AXIS2_PLACEMENT_3D ( 'NONE', #2485, #1785, #3697 ) ;
#421 = VECTOR ( 'NONE', #54, 100.0000000000000000 ) ;
#422 = ORIENTED_EDGE ( 'NONE', *, *, #3629, .F. ) ;
#423 = EDGE_CURVE ( 'NONE', #191, #1529, #4060, .T. ) ;
#424 = ORIENTED_EDGE ( 'NONE', *, *, #909, .F. ) ;
#425 = VECTOR ( 'NONE', #1921, 100.0000000000000000 ) ;
#426 = AXIS2_PLACEMENT_3D ( 'NONE', #1809, #4012, #1829 ) ;
#427 = CARTESIAN_POINT ( 'NONE',  ( -9.767957166897559773, -10.20000000000000107, 0.1349999999999999534 ) ) ;
#428 = CARTESIAN_POINT ( 'NONE',  ( -25.63500000000000156, -10.36500000000000021, 0.3175000000000000044 ) ) ;
#429 = VECTOR ( 'NONE', #3268, 100.0000000000000000 ) ;
#430 = ADVANCED_FACE ( 'NONE', ( #3453, #1566, #2832, #2251, #87 ), #767, .T. ) ;
#431 = ORIENTED_EDGE ( 'NONE', *, *, #1457, .T. ) ;
#432 = VECTOR ( 'NONE', #2172, 100.0000000000000000 ) ;
#433 = ORIENTED_EDGE ( 'NONE', *, *, #2913, .F. ) ;
#434 = CARTESIAN_POINT ( 'NONE',  ( -10.99999999999999467, 8.589999999999994529, 0.6350000000000000089 ) ) ;
#435 = CYLINDRICAL_SURFACE ( 'NONE', #4058, 2.499999999999999556 ) ;
#436 = VECTOR ( 'NONE', #176, 100.0000000000000000 ) ;
#437 = DIRECTION ( 'NONE',  ( 2.726480905268065897E-16, -1.000000000000000000, 0.000000000000000000 ) ) ;
#438 = PRODUCT_DEFINITION ( 'UNKNOWN', '', #2853, #1794 ) ;
#439 = CARTESIAN_POINT ( 'NONE',  ( -10.99999999999999467, 9.409999999999996589, 0.6350000000000000089 ) ) ;
#440 = EDGE_CURVE ( 'NONE', #3234, #1423, #2559, .T. ) ;
#441 = LINE ( 'NONE', #412, #2866 ) ;
#442 = CARTESIAN_POINT ( 'NONE',  ( 0.000000000000000000, 0.000000000000000000, 0.1349999999999999534 ) ) ;
#443 = EDGE_LOOP ( 'NONE', ( #1311, #3549, #1437, #2340 ) ) ;
#444 = CARTESIAN_POINT ( 'NONE',  ( 10.81999999999999140, 9.409999999999998366, 0.1349999999999999534 ) ) ;
#445 = ORIENTED_EDGE ( 'NONE', *, *, #2418, .T. ) ;
#446 = VERTEX_POINT ( 'NONE', #2634 ) ;
#447 = CARTESIAN_POINT ( 'NONE',  ( 10.49999999999999467, 10.99999999999999467, 0.6350000000000000089 ) ) ;
#448 = CARTESIAN_POINT ( 'NONE',  ( -8.589999999999992752, -10.81999999999999851, 0.6350000000000000089 ) ) ;
#449 = EDGE_CURVE ( 'NONE', #2560, #2552, #683, .T. ) ;
#450 = ORIENTED_EDGE ( 'NONE', *, *, #1456, .F. ) ;
#451 = EDGE_LOOP ( 'NONE', ( #2736, #1310, #1600, #3550 ) ) ;
#452 = CARTESIAN_POINT ( 'NONE',  ( -7.499999999999993783, -10.99999999999999645, 0.000000000000000000 ) ) ;
#453 = LINE ( 'NONE', #1127, #1538 ) ;
#454 = LINE ( 'NONE', #1373, #2325 ) ;
#455 = DIRECTION ( 'NONE',  ( -0.000000000000000000, 0.000000000000000000, 1.000000000000000000 ) ) ;
#456 = FACE_OUTER_BOUND ( 'NONE', #3137, .T. ) ;
#457 = ADVANCED_FACE ( 'NONE', ( #2290 ), #1997, .F. ) ;
#458 = ORIENTED_EDGE ( 'NONE', *, *, #3761, .F. ) ;
#459 = FACE_OUTER_BOUND ( 'NONE', #895, .T. ) ;
#460 = ORIENTED_EDGE ( 'NONE', *, *, #2360, .T. ) ;
#461 = ORIENTED_EDGE ( 'NONE', *, *, #121, .F. ) ;
#462 = DIRECTION ( 'NONE',  ( 1.000000000000000000, 1.817653936845377429E-16, 0.000000000000000000 ) ) ;
#463 = LINE ( 'NONE', #1739, #1069 ) ;
#464 = ORIENTED_EDGE ( 'NONE', *, *, #2997, .T. ) ;
#465 = EDGE_LOOP ( 'NONE', ( #728, #1505, #3688, #406 ) ) ;
#466 = EDGE_CURVE ( 'NONE', #324, #612, #2522, .T. ) ;
#467 = CARTESIAN_POINT ( 'NONE',  ( 9.767957166897559773, 10.19999999999999929, 0.1349999999999999534 ) ) ;
#468 = LINE ( 'NONE', #120, #3862 ) ;
#469 = VECTOR ( 'NONE', #853, 100.0000000000000000 ) ;
#470 = CARTESIAN_POINT ( 'NONE',  ( -7.635000000000003340, 10.36499999999999666, 0.3175000000000000044 ) ) ;
#471 = FACE_OUTER_BOUND ( 'NONE', #551, .T. ) ;
#472 = FACE_OUTER_BOUND ( 'NONE', #925, .T. ) ;
#473 = CARTESIAN_POINT ( 'NONE',  ( -10.36499999999999488, -10.99999999999999645, 0.6350000000000000089 ) ) ;
#474 = DIRECTION ( 'NONE',  ( 0.000000000000000000, 0.000000000000000000, 1.000000000000000000 ) ) ;
#475 = EDGE_CURVE ( 'NONE', #3310, #187, #69, .T. ) ;
#476 = ORIENTED_EDGE ( 'NONE', *, *, #860, .F. ) ;
#477 = CARTESIAN_POINT ( 'NONE',  ( 10.99999999999999645, -7.634999999999996234, 0.3175000000000000044 ) ) ;
#478 = EDGE_CURVE ( 'NONE', #3885, #3533, #1946, .T. ) ;
#479 = ORIENTED_EDGE ( 'NONE', *, *, #2875, .T. ) ;
#480 = ORIENTED_EDGE ( 'NONE', *, *, #1572, .F. ) ;
#481 = PLANE ( 'NONE',  #3331 ) ;
#482 = CIRCLE ( 'NONE', #287, 2.500000000000003553 ) ;
#483 = DIRECTION ( 'NONE',  ( -1.817653936845376443E-16, 1.000000000000000000, 0.000000000000000000 ) ) ;
#484 = AXIS2_PLACEMENT_3D ( 'NONE', #3816, #1219, #3729 ) ;
#485 = DIRECTION ( 'NONE',  ( 1.000000000000000000, 0.000000000000000000, 0.000000000000000000 ) ) ;
#486 = VECTOR ( 'NONE', #1394, 100.0000000000000000 ) ;
#487 = VECTOR ( 'NONE', #2764, 100.0000000000000000 ) ;
#488 = EDGE_LOOP ( 'NONE', ( #297, #1306 ) ) ;
#489 = VERTEX_POINT ( 'NONE', #996 ) ;
#490 = CARTESIAN_POINT ( 'NONE',  ( 9.409999999999996589, 10.99999999999999645, 0.6350000000000000089 ) ) ;
#491 = DIRECTION ( 'NONE',  ( 0.000000000000000000, 0.000000000000000000, -1.000000000000000000 ) ) ;
#492 = AXIS2_PLACEMENT_3D ( 'NONE', #3769, #3152, #1302 ) ;
#493 = LINE ( 'NONE', #1091, #2862 ) ;
#494 = CARTESIAN_POINT ( 'NONE',  ( -8.999999999999994671, 8.999999999999998224, 0.3175000000000000044 ) ) ;
#495 = LINE ( 'NONE', #2993, #3904 ) ;
#496 = PLANE ( 'NONE',  #357 ) ;
#497 = VECTOR ( 'NONE', #587, 100.0000000000000142 ) ;
#498 = EDGE_CURVE ( 'NONE', #2691, #1145, #1051, .T. ) ;
#499 = LINE ( 'NONE', #3893, #1016 ) ;
#500 = EDGE_LOOP ( 'NONE', ( #2710, #789 ) ) ;
#501 = CARTESIAN_POINT ( 'NONE',  ( 10.99999999999999112, 9.409999999999998366, 0.1349999999999999534 ) ) ;
#502 = EDGE_CURVE ( 'NONE', #1352, #1145, #1632, .T. ) ;
#503 = ORIENTED_EDGE ( 'NONE', *, *, #575, .T. ) ;
#504 = EDGE_LOOP ( 'NONE', ( #3253, #3079, #1422, #2611 ) ) ;
#505 = LINE ( 'NONE', #3092, #3806 ) ;
#506 = DIRECTION ( 'NONE',  ( -1.817653936845377429E-16, 1.000000000000000000, 0.000000000000000000 ) ) ;
#507 = CARTESIAN_POINT ( 'NONE',  ( -10.49999999999999467, -10.99999999999999645, 0.6350000000000000089 ) ) ;
#508 = EDGE_CURVE ( 'NONE', #777, #3203, #3833, .T. ) ;
#509 = VERTEX_POINT ( 'NONE', #3556 ) ;
#510 = EDGE_LOOP ( 'NONE', ( #1762, #2730, #2216, #1286, #1741, #2561, #1540, #1633 ) ) ;
#511 = CARTESIAN_POINT ( 'NONE',  ( 7.500000000000000000, -10.99999999999999645, 0.6350000000000000089 ) ) ;
#512 = LINE ( 'NONE', #1702, #2388 ) ;
#513 = ORIENTED_EDGE ( 'NONE', *, *, #2664, .T. ) ;
#514 = CARTESIAN_POINT ( 'NONE',  ( -8.999999999999998224, -9.305000000000001492, 0.6350000000000000089 ) ) ;
#515 = LINE ( 'NONE', #2101, #1076 ) ;
#516 = CARTESIAN_POINT ( 'NONE',  ( -10.99999999999999467, 7.634999999999997122, 0.3175000000000000044 ) ) ;
#517 = CARTESIAN_POINT ( 'NONE',  ( -10.19999999999999751, 9.767957166897559773, 0.1349999999999999534 ) ) ;
#518 = ORIENTED_EDGE ( 'NONE', *, *, #2639, .T. ) ;
#519 = CARTESIAN_POINT ( 'NONE',  ( 0.000000000000000000, 0.000000000000000000, 0.1349999999999999534 ) ) ;
#520 = EDGE_CURVE ( 'NONE', #3351, #2014, #1613, .T. ) ;
#521 = ORIENTED_EDGE ( 'NONE', *, *, #3497, .F. ) ;
#522 = ORIENTED_EDGE ( 'NONE', *, *, #2747, .F. ) ;
#523 = CARTESIAN_POINT ( 'NONE',  ( -8.589999999999992752, -10.81999999999999851, 0.1349999999999999534 ) ) ;
#524 = DIRECTION ( 'NONE',  ( 0.000000000000000000, 1.000000000000000000, 0.000000000000000000 ) ) ;
#525 = LINE ( 'NONE', #1468, #2778 ) ;
#526 = ORIENTED_EDGE ( 'NONE', *, *, #2949, .T. ) ;
#527 = ORIENTED_EDGE ( 'NONE', *, *, #3468, .F. ) ;
#528 = CARTESIAN_POINT ( 'NONE',  ( -9.409999999999998366, 10.99999999999999112, 0.1349999999999999534 ) ) ;
#529 = FACE_OUTER_BOUND ( 'NONE', #1227, .T. ) ;
#530 = ORIENTED_EDGE ( 'NONE', *, *, #562, .T. ) ;
#531 = PLANE ( 'NONE',  #555 ) ;
#532 = CARTESIAN_POINT ( 'NONE',  ( -10.49999999999999822, 10.99999999999999645, 0.000000000000000000 ) ) ;
#533 = LINE ( 'NONE', #3036, #371 ) ;
#534 = EDGE_CURVE ( 'NONE', #1913, #187, #1067, .T. ) ;
#535 = CARTESIAN_POINT ( 'NONE',  ( 9.767957166897559773, 10.19999999999999929, 0.6350000000000000089 ) ) ;
#536 = DIRECTION ( 'NONE',  ( 0.000000000000000000, 1.000000000000000000, 0.000000000000000000 ) ) ;
#537 = ORIENTED_EDGE ( 'NONE', *, *, #1757, .F. ) ;
#538 = ORIENTED_EDGE ( 'NONE', *, *, #1836, .T. ) ;
#539 = CARTESIAN_POINT ( 'NONE',  ( 10.99999999999999645, 7.499999999999998224, 0.6350000000000000089 ) ) ;
#540 =( GEOMETRIC_REPRESENTATION_CONTEXT ( 3 ) GLOBAL_UNCERTAINTY_ASSIGNED_CONTEXT ( ( #149 ) ) GLOBAL_UNIT_ASSIGNED_CONTEXT ( ( #238, #3461, #3217 ) ) REPRESENTATION_CONTEXT ( 'NONE', 'WORKASPACE' ) );
#541 = EDGE_CURVE ( 'NONE', #3731, #3648, #2305, .T. ) ;
#542 = DIRECTION ( 'NONE',  ( 0.000000000000000000, -1.000000000000000000, 0.000000000000000000 ) ) ;
#543 = EDGE_LOOP ( 'NONE', ( #921, #3090, #2077, #2888 ) ) ;
#544 = AXIS2_PLACEMENT_3D ( 'NONE', #3447, #4076, #2144 ) ;
#545 = ORIENTED_EDGE ( 'NONE', *, *, #3099, .T. ) ;
#546 = DIRECTION ( 'NONE',  ( 0.000000000000000000, -1.000000000000000000, 0.000000000000000000 ) ) ;
#547 = LINE ( 'NONE', #2803, #1470 ) ;
#548 = EDGE_CURVE ( 'NONE', #940, #2759, #3875, .T. ) ;
#549 = VECTOR ( 'NONE', #3451, 100.0000000000000142 ) ;
#550 = VECTOR ( 'NONE', #1687, 100.0000000000000000 ) ;
#551 = EDGE_LOOP ( 'NONE', ( #2138, #2780, #2414, #3847 ) ) ;
#552 = VECTOR ( 'NONE', #1303, 100.0000000000000000 ) ;
#553 = DIRECTION ( 'NONE',  ( 0.000000000000000000, -1.000000000000000000, 0.000000000000000000 ) ) ;
#554 = CARTESIAN_POINT ( 'NONE',  ( -8.999999999999998224, -9.000000000000001776, 0.000000000000000000 ) ) ;
#555 = AXIS2_PLACEMENT_3D ( 'NONE', #1832, #2444, #265 ) ;
#556 = VECTOR ( 'NONE', #3081, 100.0000000000000000 ) ;
#557 = CARTESIAN_POINT ( 'NONE',  ( -10.99999999999999467, 9.409999999999996589, 0.1349999999999999534 ) ) ;
#558 = EDGE_CURVE ( 'NONE', #1826, #3670, #441, .T. ) ;
#559 = VECTOR ( 'NONE', #3812, 100.0000000000000000 ) ;
#560 = EDGE_CURVE ( 'NONE', #3275, #3480, #2324, .T. ) ;
#561 = DIRECTION ( 'NONE',  ( 0.000000000000000000, -1.000000000000000000, 0.000000000000000000 ) ) ;
#562 = EDGE_CURVE ( 'NONE', #1911, #2253, #2938, .T. ) ;
#563 = VECTOR ( 'NONE', #2642, 100.0000000000000142 ) ;
#564 = LINE ( 'NONE', #3937, #2991 ) ;
#565 = EDGE_CURVE ( 'NONE', #4010, #2691, #1035, .T. ) ;
#566 = VECTOR ( 'NONE', #37, 100.0000000000000000 ) ;
#567 = ORIENTED_EDGE ( 'NONE', *, *, #2756, .T. ) ;
#568 = ORIENTED_EDGE ( 'NONE', *, *, #2106, .F. ) ;
#569 = DIRECTION ( 'NONE',  ( 0.000000000000000000, 1.000000000000000000, 0.000000000000000000 ) ) ;
#570 = CARTESIAN_POINT ( 'NONE',  ( -8.029999999999997584, 8.030000000000004690, 0.000000000000000000 ) ) ;
#571 = FACE_OUTER_BOUND ( 'NONE', #1699, .T. ) ;
#572 = VERTEX_POINT ( 'NONE', #3599 ) ;
#573 = VERTEX_POINT ( 'NONE', #125 ) ;
#574 = LINE ( 'NONE', #1206, #3075 ) ;
#575 = EDGE_CURVE ( 'NONE', #776, #3234, #515, .T. ) ;
#576 = LINE ( 'NONE', #614, #1672 ) ;
#577 = EDGE_CURVE ( 'NONE', #3923, #2357, #3035, .T. ) ;
#578 = ORIENTED_EDGE ( 'NONE', *, *, #3490, .T. ) ;
#579 = LINE ( 'NONE', #2163, #1337 ) ;
#580 = CARTESIAN_POINT ( 'NONE',  ( 7.634999999999997122, 10.99999999999999467, 0.6350000000000000089 ) ) ;
#581 = LINE ( 'NONE', #3384, #487 ) ;
#582 = DIRECTION ( 'NONE',  ( 0.000000000000000000, 0.000000000000000000, 1.000000000000000000 ) ) ;
#583 = CARTESIAN_POINT ( 'NONE',  ( -8.999999999999994671, 8.999999999999998224, 0.3175000000000000044 ) ) ;
#584 = CARTESIAN_POINT ( 'NONE',  ( 10.36499999999999844, -10.99999999999999645, 0.6350000000000000089 ) ) ;
#585 = ORIENTED_EDGE ( 'NONE', *, *, #1157, .F. ) ;
#586 = ORIENTED_EDGE ( 'NONE', *, *, #689, .T. ) ;
#587 = DIRECTION ( 'NONE',  ( 0.4999999999999979461, 0.8660254037844398178, 0.000000000000000000 ) ) ;
#588 = CARTESIAN_POINT ( 'NONE',  ( 0.000000000000000000, 0.000000000000000000, 0.3175000000000000044 ) ) ;
#589 = PLANE ( 'NONE',  #2048 ) ;
#590 = ORIENTED_EDGE ( 'NONE', *, *, #2729, .T. ) ;
#591 = ORIENTED_EDGE ( 'NONE', *, *, #3692, .T. ) ;
#592 = CARTESIAN_POINT ( 'NONE',  ( 10.69500000000000206, 7.162345244612039252, 0.6350000000000000089 ) ) ;
#593 = LINE ( 'NONE', #2505, #556 ) ;
#594 = EDGE_CURVE ( 'NONE', #2443, #2157, #824, .T. ) ;
#595 = VERTEX_POINT ( 'NONE', #2409 ) ;
#596 = ORIENTED_EDGE ( 'NONE', *, *, #314, .F. ) ;
#597 = CARTESIAN_POINT ( 'NONE',  ( 8.589999999999994529, 10.99999999999999645, 0.1349999999999999534 ) ) ;
#598 = DIRECTION ( 'NONE',  ( 0.000000000000000000, 0.000000000000000000, 1.000000000000000000 ) ) ;
#599 = CARTESIAN_POINT ( 'NONE',  ( 10.81999999999999851, -9.409999999999994813, 0.1349999999999999534 ) ) ;
#600 = DIRECTION ( 'NONE',  ( 0.000000000000000000, 0.000000000000000000, 1.000000000000000000 ) ) ;
#601 = LINE ( 'NONE', #3170, #3928 ) ;
#602 = DIRECTION ( 'NONE',  ( 0.000000000000000000, 0.000000000000000000, 1.000000000000000000 ) ) ;
#603 = AXIS2_PLACEMENT_3D ( 'NONE', #3784, #598, #1853 ) ;
#604 = ADVANCED_FACE ( 'NONE', ( #456 ), #2082, .T. ) ;
#605 = ORIENTED_EDGE ( 'NONE', *, *, #1384, .T. ) ;
#606 = ORIENTED_EDGE ( 'NONE', *, *, #3066, .T. ) ;
#607 = FACE_OUTER_BOUND ( 'NONE', #3239, .T. ) ;
#608 = LINE ( 'NONE', #2155, #2319 ) ;
#609 = FACE_OUTER_BOUND ( 'NONE', #849, .T. ) ;
#610 = ORIENTED_EDGE ( 'NONE', *, *, #3205, .F. ) ;
#611 = ORIENTED_EDGE ( 'NONE', *, *, #475, .T. ) ;
#612 = VERTEX_POINT ( 'NONE', #3343 ) ;
#613 = CARTESIAN_POINT ( 'NONE',  ( -8.999999999999994671, 8.999999999999998224, 0.000000000000000000 ) ) ;
#614 = CARTESIAN_POINT ( 'NONE',  ( -10.36499999999999666, -7.635000000000001563, 0.3175000000000000044 ) ) ;
#615 = EDGE_CURVE ( 'NONE', #324, #3510, #3682, .T. ) ;
#616 = EDGE_LOOP ( 'NONE', ( #3165, #1018, #234, #3083 ) ) ;
#617 = ORIENTED_EDGE ( 'NONE', *, *, #352, .F. ) ;
#618 = CARTESIAN_POINT ( 'NONE',  ( -7.370000000000000107, -7.470000000000000639, 0.000000000000000000 ) ) ;
#619 = CARTESIAN_POINT ( 'NONE',  ( -8.589999999999998082, 10.99999999999999112, 0.1349999999999999534 ) ) ;
#620 = CARTESIAN_POINT ( 'NONE',  ( 7.370000000000000107, 7.470000000000000639, 0.4000000000000000222 ) ) ;
#621 = VECTOR ( 'NONE', #242, 100.0000000000000000 ) ;
#622 = VECTOR ( 'NONE', #819, 100.0000000000000000 ) ;
#623 = DIRECTION ( 'NONE',  ( 0.000000000000000000, -1.000000000000000000, 0.000000000000000000 ) ) ;
#624 = CIRCLE ( 'NONE', #2931, 2.499999999999999556 ) ;
#625 = AXIS2_PLACEMENT_3D ( 'NONE', #1367, #3944, #1140 ) ;
#626 = CARTESIAN_POINT ( 'NONE',  ( -10.69500000000000206, -7.162345244612039252, 0.6350000000000000089 ) ) ;
#627 = DIRECTION ( 'NONE',  ( 0.000000000000000000, 1.000000000000000000, 0.000000000000000000 ) ) ;
#628 = EDGE_CURVE ( 'NONE', #1061, #2182, #1093, .T. ) ;
#629 = ORIENTED_EDGE ( 'NONE', *, *, #2574, .T. ) ;
#630 = VERTEX_POINT ( 'NONE', #2346 ) ;
#631 = ADVANCED_FACE ( 'NONE', ( #1770 ), #3056, .T. ) ;
#632 = DIRECTION ( 'NONE',  ( 0.000000000000000000, 0.000000000000000000, -1.000000000000000000 ) ) ;
#633 = CARTESIAN_POINT ( 'NONE',  ( 0.000000000000000000, 0.000000000000000000, 0.000000000000000000 ) ) ;
#634 = VECTOR ( 'NONE', #1004, 100.0000000000000000 ) ;
#635 = DIRECTION ( 'NONE',  ( 0.000000000000000000, 0.000000000000000000, -1.000000000000000000 ) ) ;
#636 = ORIENTED_EDGE ( 'NONE', *, *, #2008, .F. ) ;
#637 = VERTEX_POINT ( 'NONE', #532 ) ;
#638 = CARTESIAN_POINT ( 'NONE',  ( 0.000000000000000000, 0.000000000000000000, 0.3175000000000000044 ) ) ;
#639 = DIRECTION ( 'NONE',  ( 0.000000000000000000, -1.000000000000000000, 0.000000000000000000 ) ) ;
#640 = EDGE_CURVE ( 'NONE', #2560, #1440, #3932, .T. ) ;
#641 = EDGE_CURVE ( 'NONE', #3882, #2662, #1790, .T. ) ;
#642 = ORIENTED_EDGE ( 'NONE', *, *, #449, .T. ) ;
#643 = EDGE_LOOP ( 'NONE', ( #694, #3680, #2515, #3671 ) ) ;
#644 = CARTESIAN_POINT ( 'NONE',  ( 0.000000000000000000, 0.000000000000000000, 0.1349999999999999534 ) ) ;
#645 = PLANE ( 'NONE',  #1274 ) ;
#646 = DIRECTION ( 'NONE',  ( 0.000000000000000000, 0.000000000000000000, 1.000000000000000000 ) ) ;
#647 = DIRECTION ( 'NONE',  ( 0.000000000000000000, -1.000000000000000000, 0.000000000000000000 ) ) ;
#648 = CYLINDRICAL_SURFACE ( 'NONE', #3129, 2.499999999999999556 ) ;
#649 = ADVANCED_FACE ( 'NONE', ( #2039 ), #864, .F. ) ;
#650 = ORIENTED_EDGE ( 'NONE', *, *, #2729, .F. ) ;
#651 = ORIENTED_EDGE ( 'NONE', *, *, #255, .T. ) ;
#652 = LINE ( 'NONE', #1287, #2876 ) ;
#653 = FACE_OUTER_BOUND ( 'NONE', #3712, .T. ) ;
#654 = ORIENTED_EDGE ( 'NONE', *, *, #84, .T. ) ;
#655 = ORIENTED_EDGE ( 'NONE', *, *, #1393, .T. ) ;
#656 = EDGE_LOOP ( 'NONE', ( #372, #3897, #147, #1580, #2222, #1248, #2221, #4047, #2833, #1105, #2256, #3290 ) ) ;
#657 = DIRECTION ( 'NONE',  ( 0.000000000000000000, -1.000000000000000000, 0.000000000000000000 ) ) ;
#658 = LINE ( 'NONE', #1043, #2727 ) ;
#659 = EDGE_LOOP ( 'NONE', ( #1700, #1077, #605, #3819, #2884, #3968 ) ) ;
#660 = ORIENTED_EDGE ( 'NONE', *, *, #1944, .T. ) ;
#661 = CARTESIAN_POINT ( 'NONE',  ( -10.99999999999999467, 10.49999999999999467, 0.3175000000000000044 ) ) ;
#662 = DIRECTION ( 'NONE',  ( -0.000000000000000000, 0.000000000000000000, 1.000000000000000000 ) ) ;
#663 = EDGE_CURVE ( 'NONE', #3234, #3380, #1129, .T. ) ;
#664 = LINE ( 'NONE', #68, #2998 ) ;
#665 = DIRECTION ( 'NONE',  ( -0.4999999999999979461, -0.8660254037844398178, 0.000000000000000000 ) ) ;
#666 = ORIENTED_EDGE ( 'NONE', *, *, #2551, .F. ) ;
#667 = ORIENTED_EDGE ( 'NONE', *, *, #2148, .T. ) ;
#668 = CARTESIAN_POINT ( 'NONE',  ( 8.589999999999994529, 10.81999999999999673, 0.1349999999999999534 ) ) ;
#669 = AXIS2_PLACEMENT_3D ( 'NONE', #1234, #3427, #3149 ) ;
#670 = ORIENTED_EDGE ( 'NONE', *, *, #380, .T. ) ;
#671 = EDGE_LOOP ( 'NONE', ( #2042, #2158, #337, #3229 ) ) ;
#672 = DIRECTION ( 'NONE',  ( 0.000000000000000000, 0.000000000000000000, 1.000000000000000000 ) ) ;
#673 = DIRECTION ( 'NONE',  ( 1.000000000000000000, 0.000000000000000000, 0.000000000000000000 ) ) ;
#674 = ADVANCED_FACE ( 'NONE', ( #4016 ), #2652, .F. ) ;
#675 = EDGE_LOOP ( 'NONE', ( #1326, #3776, #3686, #1377 ) ) ;
#676 = ORIENTED_EDGE ( 'NONE', *, *, #3011, .T. ) ;
#677 = FACE_OUTER_BOUND ( 'NONE', #2851, .T. ) ;
#678 = CARTESIAN_POINT ( 'NONE',  ( 10.99999999999999112, 9.409999999999998366, 0.1349999999999999534 ) ) ;
#679 = ADVANCED_FACE ( 'NONE', ( #472 ), #2426, .T. ) ;
#680 = LINE ( 'NONE', #3814, #3797 ) ;
#681 = LINE ( 'NONE', #2271, #429 ) ;
#682 = VECTOR ( 'NONE', #1627, 100.0000000000000000 ) ;
#683 = LINE ( 'NONE', #2911, #421 ) ;
#684 = EDGE_CURVE ( 'NONE', #2376, #2759, #2717, .T. ) ;
#685 = AXIS2_PLACEMENT_3D ( 'NONE', #130, #2638, #2310 ) ;
#686 = VECTOR ( 'NONE', #1389, 100.0000000000000000 ) ;
#687 = AXIS2_PLACEMENT_3D ( 'NONE', #3767, #286, #1191 ) ;
#688 = ORIENTED_EDGE ( 'NONE', *, *, #3665, .T. ) ;
#689 = EDGE_CURVE ( 'NONE', #2034, #862, #495, .T. ) ;
#690 = CARTESIAN_POINT ( 'NONE',  ( 9.409999999999996589, 10.99999999999999645, 0.1349999999999999534 ) ) ;
#691 = DIRECTION ( 'NONE',  ( 0.000000000000000000, -1.000000000000000000, 0.000000000000000000 ) ) ;
#692 =( GEOMETRIC_REPRESENTATION_CONTEXT ( 3 ) GLOBAL_UNCERTAINTY_ASSIGNED_CONTEXT ( ( #806 ) ) GLOBAL_UNIT_ASSIGNED_CONTEXT ( ( #2812, #2785, #3431 ) ) REPRESENTATION_CONTEXT ( 'NONE', 'WORKASPACE' ) );
#693 = EDGE_LOOP ( 'NONE', ( #244, #2986, #715, #3108 ) ) ;
#694 = ORIENTED_EDGE ( 'NONE', *, *, #1147, .T. ) ;
#695 = LINE ( 'NONE', #388, #369 ) ;
#696 = CIRCLE ( 'NONE', #3536, 2.499999999999999556 ) ;
#697 = FACE_OUTER_BOUND ( 'NONE', #693, .T. ) ;
#698 = VECTOR ( 'NONE', #2385, 100.0000000000000000 ) ;
#699 = ORIENTED_EDGE ( 'NONE', *, *, #2608, .F. ) ;
#700 = EDGE_LOOP ( 'NONE', ( #3164, #714, #1243, #1332 ) ) ;
#701 = EDGE_CURVE ( 'NONE', #3579, #2533, #3018, .T. ) ;
#702 = LINE ( 'NONE', #2229, #3522 ) ;
#703 = LINE ( 'NONE', #2230, #1075 ) ;
#704 = CARTESIAN_POINT ( 'NONE',  ( -9.409999999999994813, -10.81999999999999851, 0.1349999999999999534 ) ) ;
#705 = LINE ( 'NONE', #1319, #888 ) ;
#706 = DIRECTION ( 'NONE',  ( 9.088269684226887144E-17, -1.000000000000000000, 0.000000000000000000 ) ) ;
#707 = ORIENTED_EDGE ( 'NONE', *, *, #3206, .F. ) ;
#708 = CARTESIAN_POINT ( 'NONE',  ( 10.99999999999999112, 9.409999999999998366, 0.6350000000000000089 ) ) ;
#709 = CARTESIAN_POINT ( 'NONE',  ( -10.36500000000000199, 10.99999999999999645, 0.6350000000000000089 ) ) ;
#710 = VERTEX_POINT ( 'NONE', #3970 ) ;
#711 = ORIENTED_EDGE ( 'NONE', *, *, #3187, .T. ) ;
#712 = CARTESIAN_POINT ( 'NONE',  ( 10.19999999999999574, 9.767957166897563326, 0.1349999999999999534 ) ) ;
#713 = LINE ( 'NONE', #969, #1080 ) ;
#714 = ORIENTED_EDGE ( 'NONE', *, *, #1920, .F. ) ;
#715 = ORIENTED_EDGE ( 'NONE', *, *, #314, .T. ) ;
#716 = DIRECTION ( 'NONE',  ( 0.000000000000000000, 0.000000000000000000, -1.000000000000000000 ) ) ;
#717 = LINE ( 'NONE', #1605, #3527 ) ;
#718 = EDGE_CURVE ( 'NONE', #3670, #1071, #2384, .T. ) ;
#719 = DIRECTION ( 'NONE',  ( 0.000000000000000000, 0.000000000000000000, 1.000000000000000000 ) ) ;
#720 = DIRECTION ( 'NONE',  ( -0.000000000000000000, 0.000000000000000000, 1.000000000000000000 ) ) ;
#721 = DIRECTION ( 'NONE',  ( -0.000000000000000000, 0.000000000000000000, 1.000000000000000000 ) ) ;
#722 = EDGE_CURVE ( 'NONE', #840, #3310, #1562, .T. ) ;
#723 = CARTESIAN_POINT ( 'NONE',  ( 10.99999999999999645, -7.499999999999993783, 0.6350000000000000089 ) ) ;
#724 = ORIENTED_EDGE ( 'NONE', *, *, #3144, .T. ) ;
#725 = DIRECTION ( 'NONE',  ( -0.4999999999999980016, -0.8660254037844397068, 0.000000000000000000 ) ) ;
#726 = EDGE_CURVE ( 'NONE', #896, #2820, #2908, .T. ) ;
#727 = VERTEX_POINT ( 'NONE', #3766 ) ;
#728 = ORIENTED_EDGE ( 'NONE', *, *, #3040, .T. ) ;
#729 = LINE ( 'NONE', #1715, #1155 ) ;
#730 = LINE ( 'NONE', #1698, #3786 ) ;
#731 = CIRCLE ( 'NONE', #934, 2.500000000000003553 ) ;
#732 = ADVANCED_FACE ( 'NONE', ( #1517 ), #2782, .T. ) ;
#733 = ORIENTED_EDGE ( 'NONE', *, *, #615, .T. ) ;
#734 = VERTEX_POINT ( 'NONE', #580 ) ;
#735 = EDGE_CURVE ( 'NONE', #401, #1365, #2489, .T. ) ;
#736 = DIRECTION ( 'NONE',  ( 1.000000000000000000, 0.000000000000000000, 0.000000000000000000 ) ) ;
#737 = CARTESIAN_POINT ( 'NONE',  ( -10.99999999999999645, -7.500000000000000000, 0.6350000000000000089 ) ) ;
#738 = DIRECTION ( 'NONE',  ( -1.000000000000000000, -9.088269684226887144E-17, 0.000000000000000000 ) ) ;
#739 = DIRECTION ( 'NONE',  ( -0.000000000000000000, 0.000000000000000000, 1.000000000000000000 ) ) ;
#740 = DIRECTION ( 'NONE',  ( -0.000000000000000000, 0.000000000000000000, 1.000000000000000000 ) ) ;
#741 = AXIS2_PLACEMENT_3D ( 'NONE', #3435, #1860, #3130 ) ;
#742 = DIRECTION ( 'NONE',  ( 0.8660254037844398178, -0.4999999999999979461, 0.000000000000000000 ) ) ;
#743 = VECTOR ( 'NONE', #1497, 100.0000000000000000 ) ;
#744 = ORIENTED_EDGE ( 'NONE', *, *, #3238, .T. ) ;
#745 = LINE ( 'NONE', #2943, #2725 ) ;
#746 = EDGE_CURVE ( 'NONE', #2942, #2499, #4054, .T. ) ;
#747 = AXIS2_PLACEMENT_3D ( 'NONE', #3895, #1037, #2004 ) ;
#748 = VECTOR ( 'NONE', #2186, 100.0000000000000000 ) ;
#749 = VECTOR ( 'NONE', #1251, 100.0000000000000000 ) ;
#750 = VECTOR ( 'NONE', #225, 100.0000000000000000 ) ;
#751 = ORIENTED_EDGE ( 'NONE', *, *, #3561, .T. ) ;
#752 = VERTEX_POINT ( 'NONE', #2145 ) ;
#753 = AXIS2_PLACEMENT_3D ( 'NONE', #3728, #3703, #3124 ) ;
#754 = AXIS2_PLACEMENT_3D ( 'NONE', #2779, #3742, #21 ) ;
#755 = DIRECTION ( 'NONE',  ( 0.000000000000000000, 1.000000000000000000, -0.000000000000000000 ) ) ;
#756 = CARTESIAN_POINT ( 'NONE',  ( -10.69500000000000384, 7.162345244612041029, 0.3175000000000011147 ) ) ;
#757 = MECHANICAL_DESIGN_GEOMETRIC_PRESENTATION_REPRESENTATION (  '', ( #2462 ), #692 ) ;
#758 = ORIENTED_EDGE ( 'NONE', *, *, #1485, .F. ) ;
#759 = AXIS2_PLACEMENT_3D ( 'NONE', #3200, #44, #1024 ) ;
#760 = ORIENTED_EDGE ( 'NONE', *, *, #2622, .F. ) ;
#761 = CARTESIAN_POINT ( 'NONE',  ( 7.635000000000004228, -10.36499999999999488, 0.3175000000000000044 ) ) ;
#762 = ADVANCED_FACE ( 'NONE', ( #285 ), #2120, .F. ) ;
#763 = CARTESIAN_POINT ( 'NONE',  ( 7.470000000000000639, -7.370000000000000107, 0.4000000000000000222 ) ) ;
#764 = CIRCLE ( 'NONE', #894, 0.3049999999999997158 ) ;
#765 = CARTESIAN_POINT ( 'NONE',  ( 25.63499999999999801, -10.36499999999999311, 0.6350000000000000089 ) ) ;
#766 = DIRECTION ( 'NONE',  ( 0.000000000000000000, -1.000000000000000000, 0.000000000000000000 ) ) ;
#767 = PLANE ( 'NONE',  #3992 ) ;
#768 = CARTESIAN_POINT ( 'NONE',  ( -7.634999999999996234, -10.36499999999999844, 0.3175000000000000044 ) ) ;
#769 = ORIENTED_EDGE ( 'NONE', *, *, #331, .T. ) ;
#770 = LINE ( 'NONE', #3578, #881 ) ;
#771 = EDGE_CURVE ( 'NONE', #74, #3276, #1542, .T. ) ;
#772 = EDGE_LOOP ( 'NONE', ( #1342, #3612, #3222, #3559 ) ) ;
#773 = ORIENTED_EDGE ( 'NONE', *, *, #2285, .F. ) ;
#774 = LINE ( 'NONE', #3312, #2941 ) ;
#775 = CARTESIAN_POINT ( 'NONE',  ( 0.000000000000000000, 0.000000000000000000, 0.1349999999999999534 ) ) ;
#776 = VERTEX_POINT ( 'NONE', #2809 ) ;
#777 = VERTEX_POINT ( 'NONE', #887 ) ;
#778 = LINE ( 'NONE', #1763, #2721 ) ;
#779 = DIRECTION ( 'NONE',  ( -1.000000000000000000, 0.000000000000000000, 0.000000000000000000 ) ) ;
#780 = ADVANCED_FACE ( 'NONE', ( #2510 ), #1213, .F. ) ;
#781 = DIRECTION ( 'NONE',  ( 0.000000000000000000, -1.000000000000000000, 0.000000000000000000 ) ) ;
#782 = LINE ( 'NONE', #3284, #1021 ) ;
#783 = DIRECTION ( 'NONE',  ( 0.000000000000000000, 0.000000000000000000, -1.000000000000000000 ) ) ;
#784 = CARTESIAN_POINT ( 'NONE',  ( -8.999999999999998224, -9.000000000000001776, 0.6350000000000000089 ) ) ;
#785 = LINE ( 'NONE', #2041, #3243 ) ;
#786 = ORIENTED_EDGE ( 'NONE', *, *, #2267, .T. ) ;
#787 = DIRECTION ( 'NONE',  ( 0.000000000000000000, 0.000000000000000000, -1.000000000000000000 ) ) ;
#788 = EDGE_LOOP ( 'NONE', ( #733, #3440, #422, #2685 ) ) ;
#789 = ORIENTED_EDGE ( 'NONE', *, *, #726, .F. ) ;
#790 = LINE ( 'NONE', #2314, #2873 ) ;
#791 = DIRECTION ( 'NONE',  ( -1.000000000000000000, -1.817653936845376443E-16, 0.000000000000000000 ) ) ;
#792 = DIRECTION ( 'NONE',  ( 1.000000000000000000, 0.000000000000000000, 0.000000000000000000 ) ) ;
#793 = ORIENTED_EDGE ( 'NONE', *, *, #520, .T. ) ;
#794 = LINE ( 'NONE', #838, #2387 ) ;
#795 = CARTESIAN_POINT ( 'NONE',  ( 10.81999999999999140, 8.589999999999998082, 0.1349999999999999534 ) ) ;
#796 = EDGE_CURVE ( 'NONE', #3276, #3198, #929, .T. ) ;
#797 = AXIS2_PLACEMENT_3D ( 'NONE', #1103, #2689, #2135 ) ;
#798 = DIRECTION ( 'NONE',  ( -1.000000000000000000, -1.817653936845377429E-16, 0.000000000000000000 ) ) ;
#799 = ADVANCED_FACE ( 'NONE', ( #2828 ), #247, .F. ) ;
#800 = CARTESIAN_POINT ( 'NONE',  ( -7.499999999999993783, -10.99999999999999645, 0.3175000000000000044 ) ) ;
#801 = DIRECTION ( 'NONE',  ( -1.817653936845377429E-16, 1.000000000000000000, 0.000000000000000000 ) ) ;
#802 = CARTESIAN_POINT ( 'NONE',  ( 10.50000000000000178, -11.00000000000000000, 0.3175000000000000044 ) ) ;
#803 = CARTESIAN_POINT ( 'NONE',  ( -10.36499999999999488, -10.99999999999999645, 0.3175000000000000044 ) ) ;
#804 = ORIENTED_EDGE ( 'NONE', *, *, #3939, .F. ) ;
#805 = CARTESIAN_POINT ( 'NONE',  ( 7.370000000000000107, 7.470000000000000639, 0.000000000000000000 ) ) ;
#806 = UNCERTAINTY_MEASURE_WITH_UNIT (LENGTH_MEASURE( 1.000000000000000082E-05 ), #2812, 'distance_accuracy_value', 'NONE');
#807 = VERTEX_POINT ( 'NONE', #4 ) ;
#808 = ORIENTED_EDGE ( 'NONE', *, *, #3237, .T. ) ;
#809 = DIRECTION ( 'NONE',  ( -0.7071067811865475727, -0.7071067811865475727, -0.000000000000000000 ) ) ;
#810 = CIRCLE ( 'NONE', #2925, 0.3049999999999997158 ) ;
#811 = CARTESIAN_POINT ( 'NONE',  ( 10.99999999999999645, 7.499999999999998224, 0.3175000000000000044 ) ) ;
#812 = VECTOR ( 'NONE', #4001, 100.0000000000000000 ) ;
#813 = LINE ( 'NONE', #2757, #3511 ) ;
#814 = VECTOR ( 'NONE', #2366, 100.0000000000000142 ) ;
#815 = VECTOR ( 'NONE', #3098, 100.0000000000000000 ) ;
#816 = ORIENTED_EDGE ( 'NONE', *, *, #6, .F. ) ;
#817 = ORIENTED_EDGE ( 'NONE', *, *, #3298, .F. ) ;
#818 = LINE ( 'NONE', #511, #3454 ) ;
#819 = DIRECTION ( 'NONE',  ( -0.000000000000000000, 0.000000000000000000, 1.000000000000000000 ) ) ;
#820 = CIRCLE ( 'NONE', #1737, 2.500000000000000888 ) ;
#821 = EDGE_CURVE ( 'NONE', #3978, #398, #1060, .T. ) ;
#822 = ORIENTED_EDGE ( 'NONE', *, *, #2498, .T. ) ;
#823 = DIRECTION ( 'NONE',  ( 0.000000000000000000, -1.000000000000000000, 0.000000000000000000 ) ) ;
#824 = LINE ( 'NONE', #3994, #3926 ) ;
#825 = DIRECTION ( 'NONE',  ( 0.000000000000000000, 1.000000000000000000, 0.000000000000000000 ) ) ;
#826 = AXIS2_PLACEMENT_3D ( 'NONE', #3220, #61, #2259 ) ;
#827 = CARTESIAN_POINT ( 'NONE',  ( -8.589999999999992752, -10.99999999999999645, 0.6350000000000000089 ) ) ;
#828 = EDGE_LOOP ( 'NONE', ( #3370, #1928, #967, #526 ) ) ;
#829 = CYLINDRICAL_SURFACE ( 'NONE', #1604, 0.3049999999999997158 ) ;
#830 = EDGE_LOOP ( 'NONE', ( #1293, #3177, #1589, #3811 ) ) ;
#831 = ORIENTED_EDGE ( 'NONE', *, *, #11, .T. ) ;
#832 = DIRECTION ( 'NONE',  ( 0.000000000000000000, -1.000000000000000000, 0.000000000000000000 ) ) ;
#833 = DIRECTION ( 'NONE',  ( 0.000000000000000000, 0.000000000000000000, 1.000000000000000000 ) ) ;
#834 = EDGE_CURVE ( 'NONE', #2899, #3155, #1784, .T. ) ;
#835 = DIRECTION ( 'NONE',  ( -1.000000000000000000, 0.000000000000000000, -0.000000000000000000 ) ) ;
#836 = EDGE_LOOP ( 'NONE', ( #758, #1972, #1007, #2420 ) ) ;
#837 = EDGE_LOOP ( 'NONE', ( #3316, #2548, #1351, #2244 ) ) ;
#838 = CARTESIAN_POINT ( 'NONE',  ( -7.635000000000003340, 10.36499999999999666, 0.3175000000000000044 ) ) ;
#839 = CARTESIAN_POINT ( 'NONE',  ( 7.162345244612036588, -10.69500000000000384, 0.3175000000000011147 ) ) ;
#840 = VERTEX_POINT ( 'NONE', #1498 ) ;
#841 = DIRECTION ( 'NONE',  ( -0.000000000000000000, 0.000000000000000000, 1.000000000000000000 ) ) ;
#842 = DIRECTION ( 'NONE',  ( -0.000000000000000000, -0.000000000000000000, 1.000000000000000000 ) ) ;
#843 = DIRECTION ( 'NONE',  ( 0.000000000000000000, 0.000000000000000000, -1.000000000000000000 ) ) ;
#844 = LINE ( 'NONE', #1792, #1537 ) ;
#845 = ORIENTED_EDGE ( 'NONE', *, *, #255, .F. ) ;
#846 = CARTESIAN_POINT ( 'NONE',  ( 7.470000000000000639, -7.370000000000000107, 0.4000000000000000222 ) ) ;
#847 = EDGE_CURVE ( 'NONE', #710, #1743, #4033, .T. ) ;
#848 = ORIENTED_EDGE ( 'NONE', *, *, #1583, .F. ) ;
#849 = EDGE_LOOP ( 'NONE', ( #606, #530, #88, #2196, #3377, #1462 ) ) ;
#850 = EDGE_CURVE ( 'NONE', #3160, #3480, #4008, .T. ) ;
#851 = CARTESIAN_POINT ( 'NONE',  ( -25.63500000000000156, 10.36499999999999311, 0.6350000000000000089 ) ) ;
#852 = DIRECTION ( 'NONE',  ( 0.000000000000000000, 0.000000000000000000, -1.000000000000000000 ) ) ;
#853 = DIRECTION ( 'NONE',  ( -0.000000000000000000, 0.000000000000000000, 1.000000000000000000 ) ) ;
#854 = ORIENTED_EDGE ( 'NONE', *, *, #2639, .F. ) ;
#855 = ORIENTED_EDGE ( 'NONE', *, *, #3669, .T. ) ;
#856 = ADVANCED_FACE ( 'NONE', ( #1426 ), #1122, .F. ) ;
#857 = CARTESIAN_POINT ( 'NONE',  ( -7.634999999999996234, -10.99999999999999645, 0.3175000000000000044 ) ) ;
#858 = EDGE_CURVE ( 'NONE', #3579, #1559, #3314, .T. ) ;
#859 = DIRECTION ( 'NONE',  ( 0.000000000000000000, 0.000000000000000000, -1.000000000000000000 ) ) ;
#860 = EDGE_CURVE ( 'NONE', #3942, #3470, #3076, .T. ) ;
#861 = ADVANCED_FACE ( 'NONE', ( #2074 ), #2355, .F. ) ;
#862 = VERTEX_POINT ( 'NONE', #2419 ) ;
#863 = DIRECTION ( 'NONE',  ( 1.000000000000000000, -1.817653936845377429E-16, 0.000000000000000000 ) ) ;
#864 = CYLINDRICAL_SURFACE ( 'NONE', #15, 0.3049999999999997158 ) ;
#865 = CARTESIAN_POINT ( 'NONE',  ( -8.589999999999998082, 10.99999999999999645, 0.1349999999999999534 ) ) ;
#866 = VECTOR ( 'NONE', #1707, 100.0000000000000000 ) ;
#867 = DIRECTION ( 'NONE',  ( -1.000000000000000000, -9.251858538542974046E-17, 0.000000000000000000 ) ) ;
#868 = DIRECTION ( 'NONE',  ( 0.000000000000000000, -1.000000000000000000, 0.000000000000000000 ) ) ;
#869 = CARTESIAN_POINT ( 'NONE',  ( -7.499999999999998224, 10.99999999999999645, 0.000000000000000000 ) ) ;
#870 = VERTEX_POINT ( 'NONE', #156 ) ;
#871 = EDGE_CURVE ( 'NONE', #3827, #2918, #3962, .T. ) ;
#872 = VERTEX_POINT ( 'NONE', #3647 ) ;
#873 = CARTESIAN_POINT ( 'NONE',  ( 7.470000000000000639, 0.000000000000000000, 0.4000000000000000222 ) ) ;
#874 = DIRECTION ( 'NONE',  ( -1.000000000000000000, 9.251858538542974046E-17, 0.000000000000000000 ) ) ;
#875 = CARTESIAN_POINT ( 'NONE',  ( 10.20000000000000107, -8.232042833102429569, 0.6350000000000000089 ) ) ;
#876 = ORIENTED_EDGE ( 'NONE', *, *, #560, .F. ) ;
#877 = VECTOR ( 'NONE', #3473, 100.0000000000000000 ) ;
#878 = VERTEX_POINT ( 'NONE', #3983 ) ;
#879 = DIRECTION ( 'NONE',  ( 0.000000000000000000, -1.000000000000000000, 0.000000000000000000 ) ) ;
#880 = CARTESIAN_POINT ( 'NONE',  ( 0.000000000000000000, -8.030000000000002913, 0.4000000000000000222 ) ) ;
#881 = VECTOR ( 'NONE', #1054, 100.0000000000000000 ) ;
#882 = AXIS2_PLACEMENT_3D ( 'NONE', #1609, #646, #623 ) ;
#883 = VECTOR ( 'NONE', #1880, 100.0000000000000000 ) ;
#884 = ORIENTED_EDGE ( 'NONE', *, *, #3398, .F. ) ;
#885 = AXIS2_PLACEMENT_3D ( 'NONE', #1480, #204, #3952 ) ;
#886 = LINE ( 'NONE', #3699, #743 ) ;
#887 = CARTESIAN_POINT ( 'NONE',  ( 10.36499999999999666, 10.99999999999999289, 0.3175000000000000044 ) ) ;
#888 = VECTOR ( 'NONE', #976, 100.0000000000000000 ) ;
#889 = CARTESIAN_POINT ( 'NONE',  ( -7.499999999999998224, 10.99999999999999645, 0.6350000000000000089 ) ) ;
#890 = DIRECTION ( 'NONE',  ( 0.000000000000000000, 1.000000000000000000, 0.000000000000000000 ) ) ;
#891 = VECTOR ( 'NONE', #2091, 100.0000000000000000 ) ;
#892 = FACE_OUTER_BOUND ( 'NONE', #3732, .T. ) ;
#893 = CARTESIAN_POINT ( 'NONE',  ( -8.589999999999998082, 10.99999999999999112, 0.6350000000000000089 ) ) ;
#894 = AXIS2_PLACEMENT_3D ( 'NONE', #3521, #73, #3482 ) ;
#895 = EDGE_LOOP ( 'NONE', ( #3347, #114, #513, #2605 ) ) ;
#896 = VERTEX_POINT ( 'NONE', #3711 ) ;
#897 = CARTESIAN_POINT ( 'NONE',  ( 10.49999999999999467, 10.99999999999999467, 0.000000000000000000 ) ) ;
#898 = DIRECTION ( 'NONE',  ( 0.000000000000000000, -1.000000000000000000, 0.000000000000000000 ) ) ;
#899 = EDGE_CURVE ( 'NONE', #2104, #2821, #3399, .T. ) ;
#900 = PLANE ( 'NONE',  #2374 ) ;
#901 = EDGE_LOOP ( 'NONE', ( #3204, #3782, #2951, #1806 ) ) ;
#902 = ORIENTED_EDGE ( 'NONE', *, *, #1643, .T. ) ;
#903 = PLANE ( 'NONE',  #961 ) ;
#904 = PLANE ( 'NONE',  #3661 ) ;
#905 = ORIENTED_EDGE ( 'NONE', *, *, #1564, .F. ) ;
#906 = DIRECTION ( 'NONE',  ( 0.8660254037844398178, -0.4999999999999979461, 0.000000000000000000 ) ) ;
#907 = DIRECTION ( 'NONE',  ( 0.8660254037844398178, -0.4999999999999979461, 0.000000000000000000 ) ) ;
#908 = CARTESIAN_POINT ( 'NONE',  ( -10.99999999999999112, -9.410000000000000142, 0.6350000000000000089 ) ) ;
#909 = EDGE_CURVE ( 'NONE', #2942, #2356, #2049, .T. ) ;
#910 = PLANE ( 'NONE',  #226 ) ;
#911 = CARTESIAN_POINT ( 'NONE',  ( -10.69500000000000384, 7.162345244612041029, 0.000000000000000000 ) ) ;
#912 = DIRECTION ( 'NONE',  ( -1.000000000000000000, 0.000000000000000000, 0.000000000000000000 ) ) ;
#913 = ADVANCED_FACE ( 'NONE', ( #1780 ), #3375, .F. ) ;
#914 = EDGE_CURVE ( 'NONE', #3986, #1916, #1760, .T. ) ;
#915 = ORIENTED_EDGE ( 'NONE', *, *, #2088, .F. ) ;
#916 = FACE_OUTER_BOUND ( 'NONE', #2370, .T. ) ;
#917 = LINE ( 'NONE', #1198, #3397 ) ;
#918 = DIRECTION ( 'NONE',  ( -1.000000000000000000, -1.817653936845377429E-16, 0.000000000000000000 ) ) ;
#919 = DIRECTION ( 'NONE',  ( 0.8660254037844397068, -0.4999999999999980016, 0.000000000000000000 ) ) ;
#920 = EDGE_LOOP ( 'NONE', ( #1773, #2262, #724, #1660 ) ) ;
#921 = ORIENTED_EDGE ( 'NONE', *, *, #3126, .T. ) ;
#922 = VERTEX_POINT ( 'NONE', #1740 ) ;
#923 = CARTESIAN_POINT ( 'NONE',  ( 7.370000000000000107, -7.470000000000000639, 0.4000000000000000222 ) ) ;
#924 = LINE ( 'NONE', #2178, #3069 ) ;
#925 = EDGE_LOOP ( 'NONE', ( #707, #1, #2205, #2215, #3456, #217, #3886, #3754, #3677, #915, #306, #3182 ) ) ;
#926 = EDGE_LOOP ( 'NONE', ( #2751, #2927, #1362, #2069 ) ) ;
#927 = EDGE_CURVE ( 'NONE', #1487, #4083, #1490, .T. ) ;
#928 = FACE_OUTER_BOUND ( 'NONE', #465, .T. ) ;
#929 = LINE ( 'NONE', #2763, #4039 ) ;
#930 = FACE_OUTER_BOUND ( 'NONE', #671, .T. ) ;
#931 = CARTESIAN_POINT ( 'NONE',  ( 10.81999999999999140, 9.409999999999998366, 0.1349999999999999534 ) ) ;
#932 = EDGE_CURVE ( 'NONE', #1268, #3510, #3116, .T. ) ;
#933 = DIRECTION ( 'NONE',  ( -0.000000000000000000, 1.000000000000000000, 0.000000000000000000 ) ) ;
#934 = AXIS2_PLACEMENT_3D ( 'NONE', #3974, #474, #3622 ) ;
#935 = ORIENTED_EDGE ( 'NONE', *, *, #3490, .F. ) ;
#936 = VERTEX_POINT ( 'NONE', #1183 ) ;
#937 = EDGE_CURVE ( 'NONE', #1062, #211, #813, .T. ) ;
#938 = CARTESIAN_POINT ( 'NONE',  ( -10.49999999999999467, -10.99999999999999645, 0.000000000000000000 ) ) ;
#939 = PLANE ( 'NONE',  #3846 ) ;
#940 = VERTEX_POINT ( 'NONE', #195 ) ;
#941 = VERTEX_POINT ( 'NONE', #875 ) ;
#942 = VERTEX_POINT ( 'NONE', #1445 ) ;
#943 = CARTESIAN_POINT ( 'NONE',  ( -10.49999999999999467, -10.99999999999999645, 0.6350000000000000089 ) ) ;
#944 = DIRECTION ( 'NONE',  ( -0.000000000000000000, 0.000000000000000000, 1.000000000000000000 ) ) ;
#945 = AXIS2_PLACEMENT_3D ( 'NONE', #2460, #2796, #898 ) ;
#946 = VECTOR ( 'NONE', #1744, 100.0000000000000000 ) ;
#947 = ORIENTED_EDGE ( 'NONE', *, *, #1856, .F. ) ;
#948 = ORIENTED_EDGE ( 'NONE', *, *, #305, .F. ) ;
#949 = LINE ( 'NONE', #2425, #2856 ) ;
#950 = AXIS2_PLACEMENT_3D ( 'NONE', #3289, #1363, #1019 ) ;
#951 = CARTESIAN_POINT ( 'NONE',  ( 0.000000000000000000, 7.470000000000000639, 0.4000000000000000222 ) ) ;
#952 = CARTESIAN_POINT ( 'NONE',  ( -7.470000000000000639, 7.370000000000000107, 0.4000000000000000222 ) ) ;
#953 = VECTOR ( 'NONE', #1849, 100.0000000000000142 ) ;
#954 = EDGE_CURVE ( 'NONE', #572, #347, #215, .T. ) ;
#955 = AXIS2_PLACEMENT_3D ( 'NONE', #3574, #2878, #2023 ) ;
#956 = DIRECTION ( 'NONE',  ( 1.000000000000000000, -9.251858538542975279E-17, 0.000000000000000000 ) ) ;
#957 = CIRCLE ( 'NONE', #3264, 2.500000000000003553 ) ;
#958 = VECTOR ( 'NONE', #1896, 100.0000000000000000 ) ;
#959 = LINE ( 'NONE', #584, #3523 ) ;
#960 = CIRCLE ( 'NONE', #1079, 2.500000000000000888 ) ;
#961 = AXIS2_PLACEMENT_3D ( 'NONE', #3097, #4011, #3678 ) ;
#962 = VERTEX_POINT ( 'NONE', #3675 ) ;
#963 = ORIENTED_EDGE ( 'NONE', *, *, #2622, .T. ) ;
#964 = CARTESIAN_POINT ( 'NONE',  ( -9.409999999999994813, -10.99999999999999645, 0.1349999999999999534 ) ) ;
#965 = DIRECTION ( 'NONE',  ( 0.4999999999999980016, 0.8660254037844397068, 0.000000000000000000 ) ) ;
#966 = VERTEX_POINT ( 'NONE', #3355 ) ;
#967 = ORIENTED_EDGE ( 'NONE', *, *, #640, .T. ) ;
#968 = CYLINDRICAL_SURFACE ( 'NONE', #2334, 2.500000000000003553 ) ;
#969 = CARTESIAN_POINT ( 'NONE',  ( 10.36499999999999844, -25.63500000000000156, 0.6350000000000000089 ) ) ;
#970 = ORIENTED_EDGE ( 'NONE', *, *, #1629, .F. ) ;
#971 = ORIENTED_EDGE ( 'NONE', *, *, #3126, .F. ) ;
#972 = EDGE_CURVE ( 'NONE', #208, #398, #525, .T. ) ;
#973 = DIRECTION ( 'NONE',  ( 0.000000000000000000, 0.000000000000000000, -1.000000000000000000 ) ) ;
#974 = CARTESIAN_POINT ( 'NONE',  ( -7.635000000000003340, 10.36499999999999666, 0.3175000000000000044 ) ) ;
#975 = DIRECTION ( 'NONE',  ( 0.000000000000000000, 1.000000000000000000, -0.000000000000000000 ) ) ;
#976 = DIRECTION ( 'NONE',  ( 0.000000000000000000, 1.000000000000000000, 0.000000000000000000 ) ) ;
#977 = PLANE ( 'NONE',  #3656 ) ;
#978 = VERTEX_POINT ( 'NONE', #4045 ) ;
#979 = ORIENTED_EDGE ( 'NONE', *, *, #1885, .T. ) ;
#980 = ADVANCED_FACE ( 'NONE', ( #609 ), #259, .F. ) ;
#981 = PLANE ( 'NONE',  #46 ) ;
#982 = DIRECTION ( 'NONE',  ( 0.000000000000000000, 1.000000000000000000, 0.000000000000000000 ) ) ;
#983 = ORIENTED_EDGE ( 'NONE', *, *, #562, .F. ) ;
#984 = EDGE_CURVE ( 'NONE', #3923, #1876, #2461, .T. ) ;
#985 = ORIENTED_EDGE ( 'NONE', *, *, #3349, .T. ) ;
#986 = CARTESIAN_POINT ( 'NONE',  ( -25.63500000000000156, -10.36500000000000021, 0.3175000000000000044 ) ) ;
#987 = DIRECTION ( 'NONE',  ( 0.000000000000000000, 1.000000000000000000, -0.000000000000000000 ) ) ;
#988 = ADVANCED_FACE ( 'NONE', ( #1825 ), #3757, .T. ) ;
#989 = ORIENTED_EDGE ( 'NONE', *, *, #2067, .F. ) ;
#990 = VERTEX_POINT ( 'NONE', #1242 ) ;
#991 = FACE_OUTER_BOUND ( 'NONE', #3393, .T. ) ;
#992 = ADVANCED_FACE ( 'NONE', ( #653 ), #1509, .F. ) ;
#993 = FACE_OUTER_BOUND ( 'NONE', #391, .T. ) ;
#994 = CARTESIAN_POINT ( 'NONE',  ( 9.000000000000001776, -8.999999999999998224, 0.6350000000000000089 ) ) ;
#995 = CARTESIAN_POINT ( 'NONE',  ( -10.19999999999999396, -8.232042833102434898, 0.6350000000000000089 ) ) ;
#996 = CARTESIAN_POINT ( 'NONE',  ( 9.000000000000000000, 9.305000000000001492, 0.6350000000000000089 ) ) ;
#997 = VERTEX_POINT ( 'NONE', #2174 ) ;
#998 = PLANE ( 'NONE',  #3580 ) ;
#999 = CARTESIAN_POINT ( 'NONE',  ( 10.19999999999999574, 8.232042833102433121, 0.1349999999999999534 ) ) ;
#1000 = ADVANCED_FACE ( 'NONE', ( #571 ), #2774, .T. ) ;
#1001 = ORIENTED_EDGE ( 'NONE', *, *, #3538, .T. ) ;
#1002 = ORIENTED_EDGE ( 'NONE', *, *, #2572, .F. ) ;
#1003 = ORIENTED_EDGE ( 'NONE', *, *, #2742, .T. ) ;
#1004 = DIRECTION ( 'NONE',  ( -1.000000000000000000, -1.817653936845376689E-16, 0.000000000000000000 ) ) ;
#1005 = CYLINDRICAL_SURFACE ( 'NONE', #3392, 2.500000000000000888 ) ;
#1006 = EDGE_LOOP ( 'NONE', ( #35, #2180, #610, #1197 ) ) ;
#1007 = ORIENTED_EDGE ( 'NONE', *, *, #2160, .F. ) ;
#1008 = DIRECTION ( 'NONE',  ( 0.000000000000000000, 1.000000000000000000, 0.000000000000000000 ) ) ;
#1009 = PLANE ( 'NONE',  #1139 ) ;
#1010 = AXIS2_PLACEMENT_3D ( 'NONE', #2399, #3045, #213 ) ;
#1011 = DIRECTION ( 'NONE',  ( 0.7071067811865475727, 0.7071067811865475727, -0.000000000000000000 ) ) ;
#1012 = DIRECTION ( 'NONE',  ( 0.000000000000000000, 0.000000000000000000, 1.000000000000000000 ) ) ;
#1013 = VECTOR ( 'NONE', #139, 100.0000000000000000 ) ;
#1014 = CARTESIAN_POINT ( 'NONE',  ( 10.36499999999999488, 7.635000000000004228, 0.6350000000000000089 ) ) ;
#1015 = VECTOR ( 'NONE', #2621, 100.0000000000000000 ) ;
#1016 = VECTOR ( 'NONE', #1752, 100.0000000000000000 ) ;
#1017 = CIRCLE ( 'NONE', #1868, 2.500000000000000888 ) ;
#1018 = ORIENTED_EDGE ( 'NONE', *, *, #475, .F. ) ;
#1019 = DIRECTION ( 'NONE',  ( -0.4999999999999980016, -0.8660254037844397068, 0.000000000000000000 ) ) ;
#1020 = DIRECTION ( 'NONE',  ( 0.000000000000000000, 0.000000000000000000, 1.000000000000000000 ) ) ;
#1021 = VECTOR ( 'NONE', #823, 100.0000000000000000 ) ;
#1022 = EDGE_LOOP ( 'NONE', ( #2341, #2584, #2468, #1368 ) ) ;
#1023 = VERTEX_POINT ( 'NONE', #1201 ) ;
#1024 = DIRECTION ( 'NONE',  ( 1.000000000000000000, 0.000000000000000000, 0.000000000000000000 ) ) ;
#1025 = CIRCLE ( 'NONE', #1546, 2.500000000000000888 ) ;
#1026 = ADVANCED_FACE ( 'NONE', ( #1910 ), #900, .F. ) ;
#1027 = CARTESIAN_POINT ( 'NONE',  ( 9.000000000000000000, 9.305000000000001492, 0.000000000000000000 ) ) ;
#1028 = ORIENTED_EDGE ( 'NONE', *, *, #3011, .F. ) ;
#1029 = EDGE_LOOP ( 'NONE', ( #666, #1797, #1685, #160 ) ) ;
#1030 = CARTESIAN_POINT ( 'NONE',  ( 9.767957166897565102, -10.19999999999999396, 0.1349999999999999534 ) ) ;
#1031 = DIRECTION ( 'NONE',  ( 1.000000000000000000, 0.000000000000000000, 0.000000000000000000 ) ) ;
#1032 = LINE ( 'NONE', #2288, #1733 ) ;
#1033 = EDGE_CURVE ( 'NONE', #3781, #2003, #3775, .T. ) ;
#1034 = DIRECTION ( 'NONE',  ( 0.000000000000000000, 1.000000000000000000, 0.000000000000000000 ) ) ;
#1035 = LINE ( 'NONE', #109, #3794 ) ;
#1036 = ORIENTED_EDGE ( 'NONE', *, *, #3361, .T. ) ;
#1037 = DIRECTION ( 'NONE',  ( -0.000000000000000000, 0.000000000000000000, 1.000000000000000000 ) ) ;
#1038 = CARTESIAN_POINT ( 'NONE',  ( -10.99999999999999112, -8.589999999999999858, 0.6350000000000000089 ) ) ;
#1039 = ADVANCED_FACE ( 'NONE', ( #3419 ), #939, .T. ) ;
#1040 = ORIENTED_EDGE ( 'NONE', *, *, #498, .F. ) ;
#1041 = ORIENTED_EDGE ( 'NONE', *, *, #201, .F. ) ;
#1042 = DIRECTION ( 'NONE',  ( -0.000000000000000000, 0.000000000000000000, 1.000000000000000000 ) ) ;
#1043 = CARTESIAN_POINT ( 'NONE',  ( -7.635000000000003340, 10.99999999999999645, 0.6350000000000000089 ) ) ;
#1044 = ORIENTED_EDGE ( 'NONE', *, *, #3780, .F. ) ;
#1045 = ORIENTED_EDGE ( 'NONE', *, *, #1260, .F. ) ;
#1046 = CARTESIAN_POINT ( 'NONE',  ( 10.99999999999999112, 8.589999999999998082, 0.1349999999999999534 ) ) ;
#1047 = CARTESIAN_POINT ( 'NONE',  ( -8.999999999999998224, -9.000000000000001776, 0.000000000000000000 ) ) ;
#1048 = CARTESIAN_POINT ( 'NONE',  ( 25.63499999999999801, -10.36499999999999311, 0.3175000000000000044 ) ) ;
#1049 = EDGE_CURVE ( 'NONE', #3160, #1407, #2195, .T. ) ;
#1050 = FACE_OUTER_BOUND ( 'NONE', #1511, .T. ) ;
#1051 = LINE ( 'NONE', #3213, #2327 ) ;
#1052 = CARTESIAN_POINT ( 'NONE',  ( 9.409999999999996589, 10.99999999999999645, 0.1349999999999999534 ) ) ;
#1053 = ORIENTED_EDGE ( 'NONE', *, *, #1432, .F. ) ;
#1054 = DIRECTION ( 'NONE',  ( -0.000000000000000000, 0.000000000000000000, 1.000000000000000000 ) ) ;
#1055 = ADVANCED_FACE ( 'NONE', ( #2219 ), #589, .F. ) ;
#1056 = ORIENTED_EDGE ( 'NONE', *, *, #847, .T. ) ;
#1057 = EDGE_LOOP ( 'NONE', ( #2805, #1786, #3694, #3291 ) ) ;
#1058 = DIRECTION ( 'NONE',  ( 0.000000000000000000, 0.000000000000000000, 1.000000000000000000 ) ) ;
#1059 = CARTESIAN_POINT ( 'NONE',  ( 10.99999999999999645, 7.499999999999998224, 0.3175000000000000044 ) ) ;
#1060 = CIRCLE ( 'NONE', #603, 0.3049999999999997158 ) ;
#1061 = VERTEX_POINT ( 'NONE', #2836 ) ;
#1062 = VERTEX_POINT ( 'NONE', #16 ) ;
#1063 = DIRECTION ( 'NONE',  ( -0.000000000000000000, 0.000000000000000000, 1.000000000000000000 ) ) ;
#1064 = CARTESIAN_POINT ( 'NONE',  ( 7.470000000000000639, 7.370000000000000107, 0.000000000000000000 ) ) ;
#1065 = CARTESIAN_POINT ( 'NONE',  ( -10.99999999999999112, -9.410000000000000142, 0.1349999999999999534 ) ) ;
#1066 = DIRECTION ( 'NONE',  ( 0.000000000000000000, -1.000000000000000000, 0.000000000000000000 ) ) ;
#1067 = LINE ( 'NONE', #3246, #3067 ) ;
#1068 = EDGE_CURVE ( 'NONE', #3878, #612, #277, .T. ) ;
#1069 = VECTOR ( 'NONE', #2982, 100.0000000000000000 ) ;
#1070 = VECTOR ( 'NONE', #3084, 100.0000000000000000 ) ;
#1071 = VERTEX_POINT ( 'NONE', #3176 ) ;
#1072 = DIRECTION ( 'NONE',  ( -1.000000000000000000, 0.000000000000000000, 0.000000000000000000 ) ) ;
#1073 = VECTOR ( 'NONE', #3855, 100.0000000000000000 ) ;
#1074 = AXIS2_PLACEMENT_3D ( 'NONE', #931, #1903, #1301 ) ;
#1075 = VECTOR ( 'NONE', #662, 100.0000000000000000 ) ;
#1076 = VECTOR ( 'NONE', #1112, 100.0000000000000000 ) ;
#1077 = ORIENTED_EDGE ( 'NONE', *, *, #1081, .T. ) ;
#1078 = VERTEX_POINT ( 'NONE', #2797 ) ;
#1079 = AXIS2_PLACEMENT_3D ( 'NONE', #494, #2992, #2696 ) ;
#1080 = VECTOR ( 'NONE', #404, 100.0000000000000000 ) ;
#1081 = EDGE_CURVE ( 'NONE', #401, #189, #1592, .T. ) ;
#1082 = FACE_OUTER_BOUND ( 'NONE', #3033, .T. ) ;
#1083 = CARTESIAN_POINT ( 'NONE',  ( -9.409999999999994813, -10.81999999999999851, 0.6350000000000000089 ) ) ;
#1084 = VECTOR ( 'NONE', #906, 100.0000000000000142 ) ;
#1085 = ORIENTED_EDGE ( 'NONE', *, *, #541, .T. ) ;
#1086 = VECTOR ( 'NONE', #1180, 100.0000000000000000 ) ;
#1087 = ORIENTED_EDGE ( 'NONE', *, *, #2632, .T. ) ;
#1088 = CARTESIAN_POINT ( 'NONE',  ( -10.36499999999999666, 7.634999999999997122, 0.3175000000000000044 ) ) ;
#1089 = CARTESIAN_POINT ( 'NONE',  ( 10.99999999999999645, 7.499999999999998224, 0.6350000000000000089 ) ) ;
#1090 = AXIS2_PLACEMENT_3D ( 'NONE', #2518, #2217, #691 ) ;
#1091 = CARTESIAN_POINT ( 'NONE',  ( 10.99999999999999645, -10.49999999999999467, 0.3175000000000000044 ) ) ;
#1092 = CARTESIAN_POINT ( 'NONE',  ( -10.99999999999999112, -8.589999999999999858, 0.1349999999999999534 ) ) ;
#1093 = LINE ( 'NONE', #3619, #359 ) ;
#1094 = FACE_OUTER_BOUND ( 'NONE', #1345, .T. ) ;
#1095 = VERTEX_POINT ( 'NONE', #2546 ) ;
#1096 = DIRECTION ( 'NONE',  ( -0.000000000000000000, 0.000000000000000000, 1.000000000000000000 ) ) ;
#1097 = ORIENTED_EDGE ( 'NONE', *, *, #3718, .F. ) ;
#1098 = EDGE_CURVE ( 'NONE', #1661, #3350, #3821, .T. ) ;
#1099 = ORIENTED_EDGE ( 'NONE', *, *, #1525, .F. ) ;
#1100 = FACE_OUTER_BOUND ( 'NONE', #3146, .T. ) ;
#1101 = DIRECTION ( 'NONE',  ( 0.000000000000000000, 0.000000000000000000, -1.000000000000000000 ) ) ;
#1102 = EDGE_CURVE ( 'NONE', #3350, #3923, #731, .T. ) ;
#1103 = CARTESIAN_POINT ( 'NONE',  ( 8.030000000000004690, 0.000000000000000000, 0.4000000000000000222 ) ) ;
#1104 = EDGE_LOOP ( 'NONE', ( #1775, #2464, #2845, #3955 ) ) ;
#1105 = ORIENTED_EDGE ( 'NONE', *, *, #796, .F. ) ;
#1106 = LINE ( 'NONE', #2952, #1013 ) ;
#1107 = LINE ( 'NONE', #763, #2131 ) ;
#1108 = EDGE_CURVE ( 'NONE', #776, #862, #785, .T. ) ;
#1109 = LINE ( 'NONE', #3553, #3199 ) ;
#1110 = ADVANCED_FACE ( 'NONE', ( #1094 ), #1361, .T. ) ;
#1111 = LINE ( 'NONE', #3301, #1543 ) ;
#1112 = DIRECTION ( 'NONE',  ( -1.000000000000000000, -9.088269684226887144E-17, 0.000000000000000000 ) ) ;
#1113 = DIRECTION ( 'NONE',  ( -0.8660254037844398178, -0.4999999999999979461, 0.000000000000000000 ) ) ;
#1114 = LINE ( 'NONE', #3247, #814 ) ;
#1115 = ORIENTED_EDGE ( 'NONE', *, *, #3349, .F. ) ;
#1116 = CARTESIAN_POINT ( 'NONE',  ( 0.000000000000000000, 0.000000000000000000, 0.3175000000000000044 ) ) ;
#1117 = ORIENTED_EDGE ( 'NONE', *, *, #2894, .F. ) ;
#1118 = ORIENTED_EDGE ( 'NONE', *, *, #972, .T. ) ;
#1119 = CARTESIAN_POINT ( 'NONE',  ( 10.81999999999999140, 8.589999999999998082, 0.1349999999999999534 ) ) ;
#1120 = CARTESIAN_POINT ( 'NONE',  ( 7.500000000000000000, -10.99999999999999645, 0.6350000000000000089 ) ) ;
#1121 = EDGE_CURVE ( 'NONE', #4051, #2412, #1728, .T. ) ;
#1122 = PLANE ( 'NONE',  #797 ) ;
#1123 = ORIENTED_EDGE ( 'NONE', *, *, #3425, .T. ) ;
#1124 = VERTEX_POINT ( 'NONE', #803 ) ;
#1125 = DIRECTION ( 'NONE',  ( 0.000000000000000000, 0.000000000000000000, -1.000000000000000000 ) ) ;
#1126 = AXIS2_PLACEMENT_3D ( 'NONE', #554, #3474, #3085 ) ;
#1127 = CARTESIAN_POINT ( 'NONE',  ( -7.634999999999996234, -10.36499999999999844, 0.6350000000000000089 ) ) ;
#1128 = CARTESIAN_POINT ( 'NONE',  ( -9.767957166897563326, 10.19999999999999574, 0.1349999999999999534 ) ) ;
#1129 = LINE ( 'NONE', #3285, #866 ) ;
#1130 = CARTESIAN_POINT ( 'NONE',  ( -9.767957166897559773, -10.20000000000000107, 0.1349999999999999534 ) ) ;
#1131 = DIRECTION ( 'NONE',  ( 0.000000000000000000, 0.000000000000000000, -1.000000000000000000 ) ) ;
#1132 = EDGE_LOOP ( 'NONE', ( #1504, #3695, #3071, #1188 ) ) ;
#1133 = DIRECTION ( 'NONE',  ( -0.7071067811865475727, 0.7071067811865475727, 0.000000000000000000 ) ) ;
#1134 = EDGE_CURVE ( 'NONE', #990, #3367, #169, .T. ) ;
#1135 = EDGE_LOOP ( 'NONE', ( #1761, #1719, #3666, #2113 ) ) ;
#1136 = ORIENTED_EDGE ( 'NONE', *, *, #466, .F. ) ;
#1137 = FACE_OUTER_BOUND ( 'NONE', #1925, .T. ) ;
#1138 = VECTOR ( 'NONE', #3296, 100.0000000000000000 ) ;
#1139 = AXIS2_PLACEMENT_3D ( 'NONE', #3813, #3535, #1272 ) ;
#1140 = DIRECTION ( 'NONE',  ( -0.000000000000000000, 1.000000000000000000, 0.000000000000000000 ) ) ;
#1141 = AXIS2_PLACEMENT_3D ( 'NONE', #209, #3642, #172 ) ;
#1142 = DIRECTION ( 'NONE',  ( -0.000000000000000000, 0.000000000000000000, 1.000000000000000000 ) ) ;
#1143 = VECTOR ( 'NONE', #2002, 100.0000000000000000 ) ;
#1144 = VECTOR ( 'NONE', #639, 100.0000000000000000 ) ;
#1145 = VERTEX_POINT ( 'NONE', #2307 ) ;
#1146 = EDGE_LOOP ( 'NONE', ( #4069, #3119, #2033, #173 ) ) ;
#1147 = EDGE_CURVE ( 'NONE', #2239, #3279, #126, .T. ) ;
#1148 = CARTESIAN_POINT ( 'NONE',  ( 9.000000000000000000, 9.000000000000001776, 0.000000000000000000 ) ) ;
#1149 = CARTESIAN_POINT ( 'NONE',  ( 10.81999999999999140, 8.589999999999998082, 0.6350000000000000089 ) ) ;
#1150 = ORIENTED_EDGE ( 'NONE', *, *, #6, .T. ) ;
#1151 = EDGE_CURVE ( 'NONE', #3372, #2086, #2060, .T. ) ;
#1152 = CARTESIAN_POINT ( 'NONE',  ( 7.370000000000000107, -7.470000000000000639, 0.000000000000000000 ) ) ;
#1153 = DIRECTION ( 'NONE',  ( 0.4999999999999979461, 0.8660254037844398178, 0.000000000000000000 ) ) ;
#1154 = LINE ( 'NONE', #2916, #3211 ) ;
#1155 = VECTOR ( 'NONE', #809, 100.0000000000000000 ) ;
#1156 = CARTESIAN_POINT ( 'NONE',  ( -7.635000000000003340, 10.36499999999999666, 0.6350000000000000089 ) ) ;
#1157 = EDGE_CURVE ( 'NONE', #2062, #3648, #2679, .T. ) ;
#1158 = ORIENTED_EDGE ( 'NONE', *, *, #3618, .T. ) ;
#1159 = DIRECTION ( 'NONE',  ( 0.000000000000000000, 0.000000000000000000, -1.000000000000000000 ) ) ;
#1160 = ADVANCED_FACE ( 'NONE', ( #2619 ), #2330, .T. ) ;
#1161 = ORIENTED_EDGE ( 'NONE', *, *, #3305, .F. ) ;
#1162 = ORIENTED_EDGE ( 'NONE', *, *, #93, .F. ) ;
#1163 = DIRECTION ( 'NONE',  ( 0.000000000000000000, 1.000000000000000000, -0.000000000000000000 ) ) ;
#1164 = CARTESIAN_POINT ( 'NONE',  ( 10.81999999999999851, -8.589999999999992752, 0.1349999999999999534 ) ) ;
#1165 = DIRECTION ( 'NONE',  ( -0.000000000000000000, 0.000000000000000000, 1.000000000000000000 ) ) ;
#1166 = ORIENTED_EDGE ( 'NONE', *, *, #1831, .T. ) ;
#1167 = ORIENTED_EDGE ( 'NONE', *, *, #3154, .T. ) ;
#1168 = DIRECTION ( 'NONE',  ( -0.000000000000000000, 0.000000000000000000, 1.000000000000000000 ) ) ;
#1169 = DIRECTION ( 'NONE',  ( 1.000000000000000000, 0.000000000000000000, 0.000000000000000000 ) ) ;
#1170 = ORIENTED_EDGE ( 'NONE', *, *, #1397, .T. ) ;
#1171 = CARTESIAN_POINT ( 'NONE',  ( -7.470000000000000639, -7.370000000000000107, 0.4000000000000000222 ) ) ;
#1172 = CARTESIAN_POINT ( 'NONE',  ( -25.63500000000000156, 10.36499999999999311, 0.3175000000000000044 ) ) ;
#1173 = CARTESIAN_POINT ( 'NONE',  ( -8.589999999999998082, 10.81999999999999140, 0.6350000000000000089 ) ) ;
#1174 = ADVANCED_FACE ( 'NONE', ( #3020 ), #1980, .T. ) ;
#1175 = PLANE ( 'NONE',  #1671 ) ;
#1176 = DIRECTION ( 'NONE',  ( 0.000000000000000000, 0.000000000000000000, -1.000000000000000000 ) ) ;
#1177 = CARTESIAN_POINT ( 'NONE',  ( 9.000000000000000000, 9.000000000000001776, 0.000000000000000000 ) ) ;
#1178 = ORIENTED_EDGE ( 'NONE', *, *, #365, .F. ) ;
#1179 = ORIENTED_EDGE ( 'NONE', *, *, #1495, .T. ) ;
#1180 = DIRECTION ( 'NONE',  ( 1.000000000000000000, 0.000000000000000000, 0.000000000000000000 ) ) ;
#1181 = CARTESIAN_POINT ( 'NONE',  ( 9.000000000000001776, -8.694999999999998508, 0.6350000000000000089 ) ) ;
#1182 = EDGE_CURVE ( 'NONE', #3959, #2403, #1114, .T. ) ;
#1183 = CARTESIAN_POINT ( 'NONE',  ( -10.81999999999999140, -8.589999999999999858, 0.6350000000000000089 ) ) ;
#1184 = ORIENTED_EDGE ( 'NONE', *, *, #2273, .F. ) ;
#1185 = ORIENTED_EDGE ( 'NONE', *, *, #932, .F. ) ;
#1186 = DIRECTION ( 'NONE',  ( 1.000000000000000000, 0.000000000000000000, 0.000000000000000000 ) ) ;
#1187 = CARTESIAN_POINT ( 'NONE',  ( -8.029999999999997584, 0.000000000000000000, 0.4000000000000000222 ) ) ;
#1188 = ORIENTED_EDGE ( 'NONE', *, *, #3143, .F. ) ;
#1189 = LINE ( 'NONE', #311, #2328 ) ;
#1190 = CARTESIAN_POINT ( 'NONE',  ( 10.99999999999999112, 8.589999999999998082, 0.1349999999999999534 ) ) ;
#1191 = DIRECTION ( 'NONE',  ( -0.8660254037844397068, -0.4999999999999980016, 0.000000000000000000 ) ) ;
#1192 = VECTOR ( 'NONE', #2111, 100.0000000000000000 ) ;
#1193 = CARTESIAN_POINT ( 'NONE',  ( 9.410000000000000142, -10.99999999999999112, 0.1349999999999999534 ) ) ;
#1194 = CARTESIAN_POINT ( 'NONE',  ( 9.000000000000001776, -8.694999999999998508, 0.000000000000000000 ) ) ;
#1195 = EDGE_CURVE ( 'NONE', #1239, #4063, #499, .T. ) ;
#1196 = ORIENTED_EDGE ( 'NONE', *, *, #2187, .T. ) ;
#1197 = ORIENTED_EDGE ( 'NONE', *, *, #498, .T. ) ;
#1198 = CARTESIAN_POINT ( 'NONE',  ( -8.232042833102429569, -10.20000000000000107, 0.1349999999999999534 ) ) ;
#1199 = PLANE ( 'NONE',  #1934 ) ;
#1200 = VECTOR ( 'NONE', #4007, 100.0000000000000000 ) ;
#1201 = CARTESIAN_POINT ( 'NONE',  ( -7.634999999999996234, -10.36499999999999844, 0.3175000000000000044 ) ) ;
#1202 = VERTEX_POINT ( 'NONE', #3909 ) ;
#1203 = ADVANCED_FACE ( 'NONE', ( #414 ), #3271, .F. ) ;
#1204 = AXIS2_PLACEMENT_3D ( 'NONE', #2646, #1989, #2378 ) ;
#1205 = ORIENTED_EDGE ( 'NONE', *, *, #1757, .T. ) ;
#1206 = CARTESIAN_POINT ( 'NONE',  ( -8.029999999999997584, -0.000000000000000000, 0.000000000000000000 ) ) ;
#1207 = CARTESIAN_POINT ( 'NONE',  ( 10.99999999999999645, -7.634999999999996234, 0.6350000000000000089 ) ) ;
#1208 = VECTOR ( 'NONE', #3478, 100.0000000000000000 ) ;
#1209 = VECTOR ( 'NONE', #2020, 100.0000000000000000 ) ;
#1210 = VECTOR ( 'NONE', #3263, 100.0000000000000000 ) ;
#1211 = EDGE_LOOP ( 'NONE', ( #1294, #159, #1560, #503, #4000 ) ) ;
#1212 = DIRECTION ( 'NONE',  ( -0.000000000000000000, 0.000000000000000000, 1.000000000000000000 ) ) ;
#1213 = PLANE ( 'NONE',  #2578 ) ;
#1214 = CIRCLE ( 'NONE', #3328, 0.3049999999999997158 ) ;
#1215 = LINE ( 'NONE', #908, #2995 ) ;
#1216 = CARTESIAN_POINT ( 'NONE',  ( 8.999999999999998224, 9.000000000000000000, 0.000000000000000000 ) ) ;
#1217 = VECTOR ( 'NONE', #755, 100.0000000000000000 ) ;
#1218 = PRESENTATION_STYLE_ASSIGNMENT (( #3389 ) ) ;
#1219 = DIRECTION ( 'NONE',  ( 0.000000000000000000, 0.000000000000000000, -1.000000000000000000 ) ) ;
#1220 = ORIENTED_EDGE ( 'NONE', *, *, #1182, .T. ) ;
#1221 = CARTESIAN_POINT ( 'NONE',  ( -7.162345244612033923, -10.69500000000000384, 0.3175000000000000044 ) ) ;
#1222 = DIRECTION ( 'NONE',  ( 0.000000000000000000, 0.000000000000000000, -1.000000000000000000 ) ) ;
#1223 = FACE_OUTER_BOUND ( 'NONE', #2298, .T. ) ;
#1224 = EDGE_CURVE ( 'NONE', #2620, #3095, #2699, .T. ) ;
#1225 = DIRECTION ( 'NONE',  ( -1.000000000000000000, -9.088269684226887144E-17, 0.000000000000000000 ) ) ;
#1226 = VERTEX_POINT ( 'NONE', #146 ) ;
#1227 = EDGE_LOOP ( 'NONE', ( #2752, #3631, #2659, #1464 ) ) ;
#1228 = LINE ( 'NONE', #2484, #2076 ) ;
#1229 = DIRECTION ( 'NONE',  ( -0.000000000000000000, 0.000000000000000000, 1.000000000000000000 ) ) ;
#1230 = EDGE_CURVE ( 'NONE', #1023, #2945, #1691, .T. ) ;
#1231 = EDGE_LOOP ( 'NONE', ( #1897, #1968, #118, #3479, #2276, #2591, #3016, #4031, #417, #1428, #1907, #3738, #3803, #3197, #1710, #2089, #3339, #1297, #1136, #2516, #2367, #1452, #2050, #2169 ) ) ;
#1232 = ORIENTED_EDGE ( 'NONE', *, *, #858, .T. ) ;
#1233 = CARTESIAN_POINT ( 'NONE',  ( 10.36499999999999844, -7.634999999999996234, 0.3175000000000000044 ) ) ;
#1234 = CARTESIAN_POINT ( 'NONE',  ( 9.000000000000001776, -8.999999999999996447, 0.6350000000000000089 ) ) ;
#1235 = CARTESIAN_POINT ( 'NONE',  ( 10.36499999999999844, -10.36499999999999488, 0.3175000000000000044 ) ) ;
#1236 = LINE ( 'NONE', #1942, #549 ) ;
#1237 = CARTESIAN_POINT ( 'NONE',  ( 7.162345244612031259, 10.69499999999999673, 0.6350000000000000089 ) ) ;
#1238 = CARTESIAN_POINT ( 'NONE',  ( 8.589999999999999858, -10.81999999999999140, 0.1349999999999999534 ) ) ;
#1239 = VERTEX_POINT ( 'NONE', #2347 ) ;
#1240 = PLANE ( 'NONE',  #741 ) ;
#1241 = CYLINDRICAL_SURFACE ( 'NONE', #170, 0.3049999999999997158 ) ;
#1242 = CARTESIAN_POINT ( 'NONE',  ( 9.409999999999996589, 10.99999999999999467, 0.1349999999999999534 ) ) ;
#1243 = ORIENTED_EDGE ( 'NONE', *, *, #2070, .F. ) ;
#1244 = EDGE_LOOP ( 'NONE', ( #855, #2709, #3581, #567 ) ) ;
#1245 = DIRECTION ( 'NONE',  ( -0.8660254037844398178, -0.4999999999999979461, 0.000000000000000000 ) ) ;
#1246 = ADVANCED_FACE ( 'NONE', ( #3410, #249 ), #1175, .T. ) ;
#1247 = DIRECTION ( 'NONE',  ( 1.000000000000000000, 0.000000000000000000, 0.000000000000000000 ) ) ;
#1248 = ORIENTED_EDGE ( 'NONE', *, *, #3799, .T. ) ;
#1249 = ORIENTED_EDGE ( 'NONE', *, *, #1384, .F. ) ;
#1250 = CARTESIAN_POINT ( 'NONE',  ( -10.36499999999999666, -7.635000000000001563, 0.6350000000000000089 ) ) ;
#1251 = DIRECTION ( 'NONE',  ( -0.000000000000000000, 0.000000000000000000, 1.000000000000000000 ) ) ;
#1252 = CARTESIAN_POINT ( 'NONE',  ( 9.894862706971709244E-16, 10.69499999999999673, 0.3175000000000011147 ) ) ;
#1253 = PLANE ( 'NONE',  #753 ) ;
#1254 = PLANE ( 'NONE',  #1871 ) ;
#1255 = VECTOR ( 'NONE', #1434, 100.0000000000000000 ) ;
#1256 = VERTEX_POINT ( 'NONE', #2386 ) ;
#1257 = ADVANCED_FACE ( 'NONE', ( #1835 ), #3750, .F. ) ;
#1258 = CARTESIAN_POINT ( 'NONE',  ( -8.999999999999994671, 8.999999999999998224, 0.3175000000000000044 ) ) ;
#1259 = CARTESIAN_POINT ( 'NONE',  ( 10.50000000000000000, -10.99999999999999645, 0.6350000000000000089 ) ) ;
#1260 = EDGE_CURVE ( 'NONE', #1559, #1735, #269, .T. ) ;
#1261 = DIRECTION ( 'NONE',  ( 9.088269684226887144E-17, -1.000000000000000000, 0.000000000000000000 ) ) ;
#1262 = ORIENTED_EDGE ( 'NONE', *, *, #3610, .T. ) ;
#1263 = VERTEX_POINT ( 'NONE', #3702 ) ;
#1264 = CARTESIAN_POINT ( 'NONE',  ( -10.36499999999999666, 7.634999999999997122, 0.3175000000000000044 ) ) ;
#1265 = LINE ( 'NONE', #389, #1279 ) ;
#1266 = VECTOR ( 'NONE', #918, 100.0000000000000000 ) ;
#1267 = AXIS2_PLACEMENT_3D ( 'NONE', #104, #1270, #348 ) ;
#1268 = VERTEX_POINT ( 'NONE', #2811 ) ;
#1269 = ORIENTED_EDGE ( 'NONE', *, *, #1839, .F. ) ;
#1270 = DIRECTION ( 'NONE',  ( 0.000000000000000000, 0.000000000000000000, 1.000000000000000000 ) ) ;
#1271 = AXIS2_PLACEMENT_3D ( 'NONE', #2681, #1159, #1818 ) ;
#1272 = DIRECTION ( 'NONE',  ( -1.000000000000000000, 0.000000000000000000, 0.000000000000000000 ) ) ;
#1273 = AXIS2_PLACEMENT_3D ( 'NONE', #1646, #164, #142 ) ;
#1274 = AXIS2_PLACEMENT_3D ( 'NONE', #599, #2829, #3408 ) ;
#1275 = VECTOR ( 'NONE', #354, 100.0000000000000000 ) ;
#1276 = DIRECTION ( 'NONE',  ( 0.000000000000000000, -1.000000000000000000, 0.000000000000000000 ) ) ;
#1277 = ADVANCED_FACE ( 'NONE', ( #1500 ), #910, .F. ) ;
#1278 = VECTOR ( 'NONE', #1725, 100.0000000000000000 ) ;
#1279 = VECTOR ( 'NONE', #3548, 100.0000000000000000 ) ;
#1280 = DIRECTION ( 'NONE',  ( 0.8660254037844398178, 0.4999999999999979461, 0.000000000000000000 ) ) ;
#1281 = CARTESIAN_POINT ( 'NONE',  ( 7.162345244612036588, -10.69500000000000206, 0.000000000000000000 ) ) ;
#1282 = AXIS2_PLACEMENT_3D ( 'NONE', #1958, #3223, #392 ) ;
#1283 = ADVANCED_FACE ( 'NONE', ( #1545 ), #2411, .F. ) ;
#1284 = VECTOR ( 'NONE', #1312, 100.0000000000000000 ) ;
#1285 = ORIENTED_EDGE ( 'NONE', *, *, #2707, .F. ) ;
#1286 = ORIENTED_EDGE ( 'NONE', *, *, #2923, .T. ) ;
#1287 = CARTESIAN_POINT ( 'NONE',  ( 9.410000000000000142, -10.81999999999999140, 0.6350000000000000089 ) ) ;
#1288 = VECTOR ( 'NONE', #205, 100.0000000000000000 ) ;
#1289 = EDGE_CURVE ( 'NONE', #777, #1539, #4079, .T. ) ;
#1290 = EDGE_CURVE ( 'NONE', #2899, #1859, #1520, .T. ) ;
#1291 = DIRECTION ( 'NONE',  ( 0.000000000000000000, 1.000000000000000000, 0.000000000000000000 ) ) ;
#1292 = VERTEX_POINT ( 'NONE', #517 ) ;
#1293 = ORIENTED_EDGE ( 'NONE', *, *, #1872, .T. ) ;
#1294 = ORIENTED_EDGE ( 'NONE', *, *, #3938, .T. ) ;
#1295 = PLANE ( 'NONE',  #2402 ) ;
#1296 = LINE ( 'NONE', #3884, #3595 ) ;
#1297 = ORIENTED_EDGE ( 'NONE', *, *, #1068, .T. ) ;
#1298 = EDGE_LOOP ( 'NONE', ( #2007, #1040, #1917, #786 ) ) ;
#1299 = CARTESIAN_POINT ( 'NONE',  ( 0.000000000000000000, 8.030000000000004690, 0.4000000000000000222 ) ) ;
#1300 = FACE_OUTER_BOUND ( 'NONE', #1730, .T. ) ;
#1301 = DIRECTION ( 'NONE',  ( -0.8660254037844397068, 0.4999999999999980016, 0.000000000000000000 ) ) ;
#1302 = DIRECTION ( 'NONE',  ( 0.000000000000000000, -1.000000000000000000, 0.000000000000000000 ) ) ;
#1303 = DIRECTION ( 'NONE',  ( 9.251858538542974046E-17, -1.000000000000000000, 0.000000000000000000 ) ) ;
#1304 = ADVANCED_FACE ( 'NONE', ( #1857 ), #3429, .F. ) ;
#1305 = EDGE_CURVE ( 'NONE', #1876, #2662, #624, .T. ) ;
#1306 = ORIENTED_EDGE ( 'NONE', *, *, #3345, .T. ) ;
#1307 = ORIENTED_EDGE ( 'NONE', *, *, #726, .T. ) ;
#1308 = DIRECTION ( 'NONE',  ( -0.000000000000000000, 0.000000000000000000, 1.000000000000000000 ) ) ;
#1309 = DIRECTION ( 'NONE',  ( 0.000000000000000000, -1.000000000000000000, 0.000000000000000000 ) ) ;
#1310 = ORIENTED_EDGE ( 'NONE', *, *, #143, .T. ) ;
#1311 = ORIENTED_EDGE ( 'NONE', *, *, #3300, .F. ) ;
#1312 = DIRECTION ( 'NONE',  ( -1.000000000000000000, 0.000000000000000000, 0.000000000000000000 ) ) ;
#1313 = LINE ( 'NONE', #2260, #1611 ) ;
#1314 = EDGE_LOOP ( 'NONE', ( #2075, #1965, #1987, #3525, #744, #2281, #2117, #537 ) ) ;
#1315 = EDGE_LOOP ( 'NONE', ( #3424, #1097, #458, #1767 ) ) ;
#1316 = CARTESIAN_POINT ( 'NONE',  ( -10.81999999999999496, 8.589999999999994529, 0.6350000000000000089 ) ) ;
#1317 = DIRECTION ( 'NONE',  ( 0.000000000000000000, -1.000000000000000000, 0.000000000000000000 ) ) ;
#1318 = LINE ( 'NONE', #315, #2000 ) ;
#1319 = CARTESIAN_POINT ( 'NONE',  ( -10.36499999999999666, -7.635000000000001563, 0.3175000000000000044 ) ) ;
#1320 = DIRECTION ( 'NONE',  ( 1.817653936845377429E-16, -1.000000000000000000, 0.000000000000000000 ) ) ;
#1321 = EDGE_CURVE ( 'NONE', #2220, #4009, #2473, .T. ) ;
#1322 = ORIENTED_EDGE ( 'NONE', *, *, #3082, .F. ) ;
#1323 = CARTESIAN_POINT ( 'NONE',  ( 7.635000000000004228, -10.36499999999999488, 0.6350000000000000089 ) ) ;
#1324 = CARTESIAN_POINT ( 'NONE',  ( -10.99999999999999467, 10.49999999999999467, 0.3175000000000000044 ) ) ;
#1325 = AXIS2_PLACEMENT_3D ( 'NONE', #2819, #340, #1890 ) ;
#1326 = ORIENTED_EDGE ( 'NONE', *, *, #3939, .T. ) ;
#1327 = ORIENTED_EDGE ( 'NONE', *, *, #2997, .F. ) ;
#1328 = LINE ( 'NONE', #2864, #3145 ) ;
#1329 = CARTESIAN_POINT ( 'NONE',  ( -10.99999999999999645, -7.500000000000000000, 0.6350000000000000089 ) ) ;
#1330 = EDGE_CURVE ( 'NONE', #2663, #2454, #2123, .T. ) ;
#1331 = ORIENTED_EDGE ( 'NONE', *, *, #123, .F. ) ;
#1332 = ORIENTED_EDGE ( 'NONE', *, *, #2517, .T. ) ;
#1333 = CARTESIAN_POINT ( 'NONE',  ( -10.19999999999999396, -8.232042833102434898, 0.1349999999999999534 ) ) ;
#1334 = CARTESIAN_POINT ( 'NONE',  ( 10.99999999999999645, -7.499999999999993783, 0.000000000000000000 ) ) ;
#1335 = DIRECTION ( 'NONE',  ( 0.000000000000000000, -1.000000000000000000, 0.000000000000000000 ) ) ;
#1336 = FACE_OUTER_BOUND ( 'NONE', #3643, .T. ) ;
#1337 = VECTOR ( 'NONE', #1877, 100.0000000000000000 ) ;
#1338 = CARTESIAN_POINT ( 'NONE',  ( -10.19999999999999396, -9.767957166897565102, 0.1349999999999999534 ) ) ;
#1339 = VECTOR ( 'NONE', #2427, 100.0000000000000000 ) ;
#1340 = VECTOR ( 'NONE', #742, 100.0000000000000142 ) ;
#1341 = AXIS2_PLACEMENT_3D ( 'NONE', #3843, #2865, #345 ) ;
#1342 = ORIENTED_EDGE ( 'NONE', *, *, #641, .F. ) ;
#1343 = CARTESIAN_POINT ( 'NONE',  ( -8.589999999999998082, 10.81999999999999140, 0.1349999999999999534 ) ) ;
#1344 = FACE_OUTER_BOUND ( 'NONE', #3818, .T. ) ;
#1345 = EDGE_LOOP ( 'NONE', ( #816, #95, #2192, #817 ) ) ;
#1346 = ORIENTED_EDGE ( 'NONE', *, *, #3788, .T. ) ;
#1347 = PLANE ( 'NONE',  #1477 ) ;
#1348 = VECTOR ( 'NONE', #2901, 100.0000000000000000 ) ;
#1349 = CARTESIAN_POINT ( 'NONE',  ( -7.499999999999998224, 10.99999999999999645, 0.3175000000000000044 ) ) ;
#1350 = EDGE_CURVE ( 'NONE', #1743, #3839, #3325, .T. ) ;
#1351 = ORIENTED_EDGE ( 'NONE', *, *, #3415, .F. ) ;
#1352 = VERTEX_POINT ( 'NONE', #535 ) ;
#1353 = CARTESIAN_POINT ( 'NONE',  ( -9.409999999999998366, 10.99999999999999112, 0.6350000000000000089 ) ) ;
#1354 = DIRECTION ( 'NONE',  ( 0.000000000000000000, 0.000000000000000000, -1.000000000000000000 ) ) ;
#1355 = ADVANCED_FACE ( 'NONE', ( #207 ), #1458, .F. ) ;
#1356 = PLANE ( 'NONE',  #2458 ) ;
#1357 = DIRECTION ( 'NONE',  ( 1.000000000000000000, 0.000000000000000000, 0.000000000000000000 ) ) ;
#1358 = CARTESIAN_POINT ( 'NONE',  ( 10.99999999999999645, -10.49999999999999467, 0.6350000000000000089 ) ) ;
#1359 = EDGE_CURVE ( 'NONE', #3279, #41, #844, .T. ) ;
#1360 = EDGE_CURVE ( 'NONE', #2499, #2443, #3087, .T. ) ;
#1361 = CYLINDRICAL_SURFACE ( 'NONE', #3571, 2.500000000000000888 ) ;
#1362 = ORIENTED_EDGE ( 'NONE', *, *, #1495, .F. ) ;
#1363 = DIRECTION ( 'NONE',  ( -0.8660254037844398178, 0.4999999999999980571, 0.000000000000000000 ) ) ;
#1364 = ORIENTED_EDGE ( 'NONE', *, *, #3610, .F. ) ;
#1365 = VERTEX_POINT ( 'NONE', #2149 ) ;
#1366 = LINE ( 'NONE', #3627, #1217 ) ;
#1367 = CARTESIAN_POINT ( 'NONE',  ( -10.19999999999999396, -8.232042833102434898, 0.1349999999999999534 ) ) ;
#1368 = ORIENTED_EDGE ( 'NONE', *, *, #3060, .T. ) ;
#1369 = EDGE_LOOP ( 'NONE', ( #2152, #3753, #1395, #1620 ) ) ;
#1370 = EDGE_CURVE ( 'NONE', #2396, #317, #3861, .T. ) ;
#1371 = LINE ( 'NONE', #3613, #3583 ) ;
#1372 = DIRECTION ( 'NONE',  ( 1.817653936845377429E-16, -1.000000000000000000, 0.000000000000000000 ) ) ;
#1373 = CARTESIAN_POINT ( 'NONE',  ( -8.232042833102433121, 10.19999999999999574, 0.1349999999999999534 ) ) ;
#1374 = LINE ( 'NONE', #1415, #229 ) ;
#1375 = CARTESIAN_POINT ( 'NONE',  ( 9.000000000000001776, -8.999999999999996447, 0.000000000000000000 ) ) ;
#1376 = DIRECTION ( 'NONE',  ( 0.000000000000000000, 0.000000000000000000, -1.000000000000000000 ) ) ;
#1377 = ORIENTED_EDGE ( 'NONE', *, *, #850, .T. ) ;
#1378 = LINE ( 'NONE', #2580, #2791 ) ;
#1379 = EDGE_LOOP ( 'NONE', ( #3505, #63, #1118, #2045 ) ) ;
#1380 = VERTEX_POINT ( 'NONE', #3226 ) ;
#1381 = CARTESIAN_POINT ( 'NONE',  ( -8.029999999999997584, -8.030000000000002913, 0.4000000000000000222 ) ) ;
#1382 = PLANE ( 'NONE',  #413 ) ;
#1383 = AXIS2_PLACEMENT_3D ( 'NONE', #1406, #2984, #2375 ) ;
#1384 = EDGE_CURVE ( 'NONE', #189, #1256, #2848, .T. ) ;
#1385 = EDGE_LOOP ( 'NONE', ( #2348, #1427, #1053, #1714 ) ) ;
#1386 = VERTEX_POINT ( 'NONE', #351 ) ;
#1387 = DIRECTION ( 'NONE',  ( -0.000000000000000000, 0.000000000000000000, 1.000000000000000000 ) ) ;
#1388 = LINE ( 'NONE', #1412, #3455 ) ;
#1389 = DIRECTION ( 'NONE',  ( -0.000000000000000000, 0.000000000000000000, 1.000000000000000000 ) ) ;
#1390 = LINE ( 'NONE', #3906, #1804 ) ;
#1391 = CARTESIAN_POINT ( 'NONE',  ( -10.99999999999999645, -7.500000000000000000, 0.6350000000000000089 ) ) ;
#1392 = AXIS2_PLACEMENT_3D ( 'NONE', #3255, #3628, #136 ) ;
#1393 = EDGE_CURVE ( 'NONE', #3878, #2903, #957, .T. ) ;
#1394 = DIRECTION ( 'NONE',  ( -0.000000000000000000, 0.000000000000000000, 1.000000000000000000 ) ) ;
#1395 = ORIENTED_EDGE ( 'NONE', *, *, #1885, .F. ) ;
#1396 = CARTESIAN_POINT ( 'NONE',  ( 8.589999999999994529, 10.81999999999999673, 0.6350000000000000089 ) ) ;
#1397 = EDGE_CURVE ( 'NONE', #962, #3464, #1236, .T. ) ;
#1398 = VECTOR ( 'NONE', #1704, 100.0000000000000000 ) ;
#1399 = VECTOR ( 'NONE', #3722, 100.0000000000000000 ) ;
#1400 = ORIENTED_EDGE ( 'NONE', *, *, #3798, .T. ) ;
#1401 = ORIENTED_EDGE ( 'NONE', *, *, #684, .F. ) ;
#1402 = VECTOR ( 'NONE', #378, 100.0000000000000000 ) ;
#1403 = CARTESIAN_POINT ( 'NONE',  ( -10.99999999999999289, 10.36499999999999133, 0.6350000000000000089 ) ) ;
#1404 = EDGE_CURVE ( 'NONE', #3707, #1446, #2512, .T. ) ;
#1405 = CARTESIAN_POINT ( 'NONE',  ( -10.49999999999999467, -11.00000000000000355, 0.000000000000000000 ) ) ;
#1406 = CARTESIAN_POINT ( 'NONE',  ( -9.000000000000000000, 9.000000000000000000, 0.000000000000000000 ) ) ;
#1407 = VERTEX_POINT ( 'NONE', #704 ) ;
#1408 = AXIS2_PLACEMENT_3D ( 'NONE', #1442, #2109, #569 ) ;
#1409 = ORIENTED_EDGE ( 'NONE', *, *, #84, .F. ) ;
#1410 = ADVANCED_FACE ( 'NONE', ( #332 ), #7, .F. ) ;
#1411 = CARTESIAN_POINT ( 'NONE',  ( -8.029999999999997584, -8.030000000000002913, 0.4000000000000000222 ) ) ;
#1412 = CARTESIAN_POINT ( 'NONE',  ( 10.99999999999999112, 8.589999999999998082, 0.6350000000000000089 ) ) ;
#1413 = VECTOR ( 'NONE', #1635, 100.0000000000000000 ) ;
#1414 = DIRECTION ( 'NONE',  ( 1.000000000000000000, 0.000000000000000000, 0.000000000000000000 ) ) ;
#1415 = CARTESIAN_POINT ( 'NONE',  ( 10.49999999999999467, 10.99999999999999467, 0.6350000000000000089 ) ) ;
#1416 = DIRECTION ( 'NONE',  ( 0.000000000000000000, -1.000000000000000000, 0.000000000000000000 ) ) ;
#1417 = CARTESIAN_POINT ( 'NONE',  ( -8.999999999999998224, -8.695000000000002061, 0.000000000000000000 ) ) ;
#1418 = CARTESIAN_POINT ( 'NONE',  ( -7.499999999999998224, 10.99999999999999645, 0.6350000000000000089 ) ) ;
#1419 = ORIENTED_EDGE ( 'NONE', *, *, #2841, .F. ) ;
#1420 = CARTESIAN_POINT ( 'NONE',  ( -8.999999999999998224, -9.000000000000001776, 0.000000000000000000 ) ) ;
#1421 = ADVANCED_FACE ( 'NONE', ( #3831 ), #2539, .F. ) ;
#1422 = ORIENTED_EDGE ( 'NONE', *, *, #3336, .F. ) ;
#1423 = VERTEX_POINT ( 'NONE', #3210 ) ;
#1424 = LINE ( 'NONE', #3915, #4003 ) ;
#1425 = LINE ( 'NONE', #1120, #2451 ) ;
#1426 = FACE_OUTER_BOUND ( 'NONE', #1369, .T. ) ;
#1427 = ORIENTED_EDGE ( 'NONE', *, *, #1979, .F. ) ;
#1428 = ORIENTED_EDGE ( 'NONE', *, *, #2818, .T. ) ;
#1429 = LINE ( 'NONE', #198, #946 ) ;
#1430 = DIRECTION ( 'NONE',  ( -0.8660254037844397068, 0.4999999999999980016, 0.000000000000000000 ) ) ;
#1431 = ORIENTED_EDGE ( 'NONE', *, *, #3468, .T. ) ;
#1432 = EDGE_CURVE ( 'NONE', #2331, #2463, #2269, .T. ) ;
#1433 = DIRECTION ( 'NONE',  ( 1.000000000000000000, 1.817653936845377429E-16, 0.000000000000000000 ) ) ;
#1434 = DIRECTION ( 'NONE',  ( 0.000000000000000000, 0.000000000000000000, -1.000000000000000000 ) ) ;
#1435 = DIRECTION ( 'NONE',  ( 0.000000000000000000, 1.000000000000000000, 0.000000000000000000 ) ) ;
#1436 = DIRECTION ( 'NONE',  ( 0.000000000000000000, 0.000000000000000000, -1.000000000000000000 ) ) ;
#1437 = ORIENTED_EDGE ( 'NONE', *, *, #2852, .T. ) ;
#1438 = CARTESIAN_POINT ( 'NONE',  ( 8.232042833102431345, 10.19999999999999929, 0.6350000000000000089 ) ) ;
#1439 = EDGE_CURVE ( 'NONE', #398, #3978, #1469, .T. ) ;
#1440 = VERTEX_POINT ( 'NONE', #1630 ) ;
#1441 = ORIENTED_EDGE ( 'NONE', *, *, #1844, .F. ) ;
#1442 = CARTESIAN_POINT ( 'NONE',  ( -8.589999999999992752, -10.99999999999999645, 0.1349999999999999534 ) ) ;
#1443 = FACE_OUTER_BOUND ( 'NONE', #3091, .T. ) ;
#1444 = EDGE_CURVE ( 'NONE', #3764, #446, #2249, .T. ) ;
#1445 = CARTESIAN_POINT ( 'NONE',  ( 10.81999999999999851, -8.589999999999992752, 0.6350000000000000089 ) ) ;
#1446 = VERTEX_POINT ( 'NONE', #3169 ) ;
#1447 = VERTEX_POINT ( 'NONE', #3537 ) ;
#1448 = LINE ( 'NONE', #761, #91 ) ;
#1449 = VECTOR ( 'NONE', #2237, 100.0000000000000000 ) ;
#1450 = CARTESIAN_POINT ( 'NONE',  ( 9.000000000000001776, -8.694999999999998508, 0.000000000000000000 ) ) ;
#1451 = EDGE_CURVE ( 'NONE', #10, #2776, #680, .T. ) ;
#1452 = ORIENTED_EDGE ( 'NONE', *, *, #2975, .T. ) ;
#1453 = CARTESIAN_POINT ( 'NONE',  ( 10.36499999999999844, -7.634999999999996234, 0.6350000000000000089 ) ) ;
#1454 = DIRECTION ( 'NONE',  ( 1.000000000000000000, -1.817653936845377429E-16, 0.000000000000000000 ) ) ;
#1455 = CARTESIAN_POINT ( 'NONE',  ( -7.470000000000000639, 7.370000000000000107, 0.4000000000000000222 ) ) ;
#1456 = EDGE_CURVE ( 'NONE', #2979, #1062, #1318, .T. ) ;
#1457 = EDGE_CURVE ( 'NONE', #2128, #1095, #2575, .T. ) ;
#1458 = PLANE ( 'NONE',  #3995 ) ;
#1459 = ORIENTED_EDGE ( 'NONE', *, *, #1766, .F. ) ;
#1460 = DIRECTION ( 'NONE',  ( 0.000000000000000000, 0.000000000000000000, -1.000000000000000000 ) ) ;
#1461 = AXIS2_PLACEMENT_3D ( 'NONE', #2092, #3135, #3374 ) ;
#1462 = ORIENTED_EDGE ( 'NONE', *, *, #1049, .T. ) ;
#1463 = AXIS2_PLACEMENT_3D ( 'NONE', #1711, #2978, #148 ) ;
#1464 = ORIENTED_EDGE ( 'NONE', *, *, #3621, .T. ) ;
#1465 = CARTESIAN_POINT ( 'NONE',  ( -7.162345244612028594, 10.69499999999999673, 0.000000000000000000 ) ) ;
#1466 = CARTESIAN_POINT ( 'NONE',  ( -8.999999999999996447, -9.000000000000001776, 0.3175000000000000044 ) ) ;
#1467 = VECTOR ( 'NONE', #1668, 100.0000000000000000 ) ;
#1468 = CARTESIAN_POINT ( 'NONE',  ( 9.000000000000001776, -9.304999999999997939, 0.000000000000000000 ) ) ;
#1469 = CIRCLE ( 'NONE', #221, 0.3049999999999997158 ) ;
#1470 = VECTOR ( 'NONE', #1229, 100.0000000000000000 ) ;
#1471 = ORIENTED_EDGE ( 'NONE', *, *, #344, .F. ) ;
#1472 = ORIENTED_EDGE ( 'NONE', *, *, #1663, .F. ) ;
#1473 = CARTESIAN_POINT ( 'NONE',  ( 9.410000000000000142, -10.81999999999999140, 0.1349999999999999534 ) ) ;
#1474 = LINE ( 'NONE', #2441, #815 ) ;
#1475 = EDGE_CURVE ( 'NONE', #3922, #3562, #3476, .T. ) ;
#1476 = VECTOR ( 'NONE', #1706, 100.0000000000000000 ) ;
#1477 = AXIS2_PLACEMENT_3D ( 'NONE', #447, #2029, #115 ) ;
#1478 = VERTEX_POINT ( 'NONE', #3188 ) ;
#1479 = CARTESIAN_POINT ( 'NONE',  ( 10.99999999999999645, -9.409999999999994813, 0.1349999999999999534 ) ) ;
#1480 = CARTESIAN_POINT ( 'NONE',  ( 7.470000000000000639, 0.000000000000000000, 0.4000000000000000222 ) ) ;
#1481 = DIRECTION ( 'NONE',  ( 1.000000000000000000, 0.000000000000000000, 0.000000000000000000 ) ) ;
#1482 = VECTOR ( 'NONE', #3503, 100.0000000000000000 ) ;
#1483 = DIRECTION ( 'NONE',  ( -9.251858538542974046E-17, 1.000000000000000000, 0.000000000000000000 ) ) ;
#1484 = DIRECTION ( 'NONE',  ( 0.000000000000000000, 1.000000000000000000, 0.000000000000000000 ) ) ;
#1485 = EDGE_CURVE ( 'NONE', #3506, #43, #2874, .T. ) ;
#1486 = ADVANCED_FACE ( 'NONE', ( #1960 ), #394, .F. ) ;
#1487 = VERTEX_POINT ( 'NONE', #2055 ) ;
#1488 = ORIENTED_EDGE ( 'NONE', *, *, #4002, .T. ) ;
#1489 = DIRECTION ( 'NONE',  ( 0.000000000000000000, 1.000000000000000000, 0.000000000000000000 ) ) ;
#1490 = LINE ( 'NONE', #2668, #2844 ) ;
#1491 = VERTEX_POINT ( 'NONE', #470 ) ;
#1492 = EDGE_LOOP ( 'NONE', ( #3493, #1419, #433, #3356 ) ) ;
#1493 = DIRECTION ( 'NONE',  ( 0.000000000000000000, -1.000000000000000000, 0.000000000000000000 ) ) ;
#1494 = FACE_OUTER_BOUND ( 'NONE', #616, .T. ) ;
#1495 = EDGE_CURVE ( 'NONE', #572, #840, #1994, .T. ) ;
#1496 = ORIENTED_EDGE ( 'NONE', *, *, #1121, .F. ) ;
#1497 = DIRECTION ( 'NONE',  ( 0.000000000000000000, -1.000000000000000000, 0.000000000000000000 ) ) ;
#1498 = CARTESIAN_POINT ( 'NONE',  ( -10.81999999999999140, -9.410000000000000142, 0.1349999999999999534 ) ) ;
#1499 = CARTESIAN_POINT ( 'NONE',  ( -10.99999999999999467, 10.49999999999999467, 0.6350000000000000089 ) ) ;
#1500 = FACE_OUTER_BOUND ( 'NONE', #2838, .T. ) ;
#1501 = DIRECTION ( 'NONE',  ( -0.000000000000000000, -0.000000000000000000, 1.000000000000000000 ) ) ;
#1502 = FACE_OUTER_BOUND ( 'NONE', #1777, .T. ) ;
#1503 = EDGE_CURVE ( 'NONE', #2104, #3936, #1109, .T. ) ;
#1504 = ORIENTED_EDGE ( 'NONE', *, *, #2496, .F. ) ;
#1505 = ORIENTED_EDGE ( 'NONE', *, *, #1444, .T. ) ;
#1506 = CARTESIAN_POINT ( 'NONE',  ( -10.81999999999999496, 9.409999999999996589, 0.6350000000000000089 ) ) ;
#1507 = CARTESIAN_POINT ( 'NONE',  ( -10.99999999999999112, -8.589999999999999858, 0.6350000000000000089 ) ) ;
#1508 = EDGE_CURVE ( 'NONE', #1891, #3868, #454, .T. ) ;
#1509 = PLANE ( 'NONE',  #1924 ) ;
#1510 = ORIENTED_EDGE ( 'NONE', *, *, #746, .T. ) ;
#1511 = EDGE_LOOP ( 'NONE', ( #2950, #2583, #636, #2728 ) ) ;
#1512 = FACE_OUTER_BOUND ( 'NONE', #2284, .T. ) ;
#1513 = DIRECTION ( 'NONE',  ( 0.000000000000000000, 0.000000000000000000, 1.000000000000000000 ) ) ;
#1514 = EDGE_CURVE ( 'NONE', #1380, #776, #493, .T. ) ;
#1515 = ORIENTED_EDGE ( 'NONE', *, *, #1397, .F. ) ;
#1516 = CARTESIAN_POINT ( 'NONE',  ( -8.999999999999996447, -9.000000000000001776, 0.3175000000000000044 ) ) ;
#1517 = FACE_OUTER_BOUND ( 'NONE', #2826, .T. ) ;
#1518 = CARTESIAN_POINT ( 'NONE',  ( 7.470000000000000639, 0.000000000000000000, 0.000000000000000000 ) ) ;
#1519 = VECTOR ( 'NONE', #3158, 100.0000000000000000 ) ;
#1520 = LINE ( 'NONE', #3664, #1873 ) ;
#1521 = CARTESIAN_POINT ( 'NONE',  ( -10.99999999999999467, 10.36499999999999133, 0.6350000000000000089 ) ) ;
#1522 = EDGE_CURVE ( 'NONE', #3577, #966, #2649, .T. ) ;
#1523 = VERTEX_POINT ( 'NONE', #85 ) ;
#1524 = DIRECTION ( 'NONE',  ( -1.000000000000000000, 0.000000000000000000, 0.000000000000000000 ) ) ;
#1525 = EDGE_CURVE ( 'NONE', #1386, #2859, #3266, .T. ) ;
#1526 = DIRECTION ( 'NONE',  ( 0.000000000000000000, -1.000000000000000000, 0.000000000000000000 ) ) ;
#1527 = CARTESIAN_POINT ( 'NONE',  ( 9.767957166897559773, 10.19999999999999929, 0.1349999999999999534 ) ) ;
#1528 = DIRECTION ( 'NONE',  ( 1.000000000000000000, 0.000000000000000000, 0.000000000000000000 ) ) ;
#1529 = VERTEX_POINT ( 'NONE', #2361 ) ;
#1530 = VECTOR ( 'NONE', #119, 100.0000000000000000 ) ;
#1531 = ORIENTED_EDGE ( 'NONE', *, *, #1789, .T. ) ;
#1532 = EDGE_CURVE ( 'NONE', #3922, #1826, #2344, .T. ) ;
#1533 = DIRECTION ( 'NONE',  ( -0.000000000000000000, 0.000000000000000000, 1.000000000000000000 ) ) ;
#1534 = CARTESIAN_POINT ( 'NONE',  ( -7.162345244612033923, -10.69500000000000384, 0.6350000000000000089 ) ) ;
#1535 = VECTOR ( 'NONE', #2749, 100.0000000000000000 ) ;
#1536 = EDGE_CURVE ( 'NONE', #3248, #3827, #3244, .T. ) ;
#1537 = VECTOR ( 'NONE', #230, 100.0000000000000000 ) ;
#1538 = VECTOR ( 'NONE', #1765, 100.0000000000000000 ) ;
#1539 = VERTEX_POINT ( 'NONE', #122 ) ;
#1540 = ORIENTED_EDGE ( 'NONE', *, *, #3798, .F. ) ;
#1541 = DIRECTION ( 'NONE',  ( -0.000000000000000000, 0.000000000000000000, 1.000000000000000000 ) ) ;
#1542 = LINE ( 'NONE', #619, #141 ) ;
#1543 = VECTOR ( 'NONE', #2633, 100.0000000000000000 ) ;
#1544 = LINE ( 'NONE', #1854, #1998 ) ;
#1545 = FACE_OUTER_BOUND ( 'NONE', #788, .T. ) ;
#1546 = AXIS2_PLACEMENT_3D ( 'NONE', #613, #1869, #3141 ) ;
#1547 = FACE_OUTER_BOUND ( 'NONE', #1314, .T. ) ;
#1548 = CARTESIAN_POINT ( 'NONE',  ( -10.36500000000000199, 25.63499999999999801, 0.3175000000000000044 ) ) ;
#1549 = ADVANCED_FACE ( 'NONE', ( #2971 ), #1356, .F. ) ;
#1550 = ORIENTED_EDGE ( 'NONE', *, *, #3168, .T. ) ;
#1551 = FACE_OUTER_BOUND ( 'NONE', #1782, .T. ) ;
#1552 = CARTESIAN_POINT ( 'NONE',  ( -8.999999999999998224, -8.695000000000002061, 0.6350000000000000089 ) ) ;
#1553 = CARTESIAN_POINT ( 'NONE',  ( 10.99999999999999645, -10.49999999999999467, 0.000000000000000000 ) ) ;
#1554 = CARTESIAN_POINT ( 'NONE',  ( -9.409999999999994813, -10.81999999999999851, 0.1349999999999999534 ) ) ;
#1555 = ORIENTED_EDGE ( 'NONE', *, *, #984, .T. ) ;
#1556 = ORIENTED_EDGE ( 'NONE', *, *, #1789, .F. ) ;
#1557 = LINE ( 'NONE', #3378, #2924 ) ;
#1558 = CARTESIAN_POINT ( 'NONE',  ( 10.36499999999999844, -7.634999999999996234, 0.6350000000000000089 ) ) ;
#1559 = VERTEX_POINT ( 'NONE', #2990 ) ;
#1560 = ORIENTED_EDGE ( 'NONE', *, *, #1514, .T. ) ;
#1561 = CARTESIAN_POINT ( 'NONE',  ( 9.894862706971709244E-16, 10.69499999999999673, 16.01329964592964572 ) ) ;
#1562 = LINE ( 'NONE', #266, #2369 ) ;
#1563 = PLANE ( 'NONE',  #687 ) ;
#1564 = EDGE_CURVE ( 'NONE', #2454, #3979, #2596, .T. ) ;
#1565 = DIRECTION ( 'NONE',  ( 0.000000000000000000, 1.000000000000000000, 0.000000000000000000 ) ) ;
#1566 = FACE_BOUND ( 'NONE', #76, .T. ) ;
#1567 = EDGE_CURVE ( 'NONE', #2807, #2861, #2322, .T. ) ;
#1568 = ORIENTED_EDGE ( 'NONE', *, *, #3563, .T. ) ;
#1569 = ORIENTED_EDGE ( 'NONE', *, *, #2616, .F. ) ;
#1570 = CARTESIAN_POINT ( 'NONE',  ( 8.589999999999999858, -10.99999999999999645, 0.1349999999999999534 ) ) ;
#1571 = SHAPE_DEFINITION_REPRESENTATION ( #1683, #2912 ) ;
#1572 = EDGE_CURVE ( 'NONE', #862, #1423, #3950, .T. ) ;
#1573 = DIRECTION ( 'NONE',  ( 0.8660254037844398178, -0.4999999999999980571, 0.000000000000000000 ) ) ;
#1574 = ORIENTED_EDGE ( 'NONE', *, *, #1587, .T. ) ;
#1575 = ORIENTED_EDGE ( 'NONE', *, *, #2750, .T. ) ;
#1576 = LINE ( 'NONE', #1639, #3469 ) ;
#1577 = CARTESIAN_POINT ( 'NONE',  ( 10.99999999999999645, -8.589999999999992752, 0.6350000000000000089 ) ) ;
#1578 = EDGE_CURVE ( 'NONE', #3936, #3731, #3635, .T. ) ;
#1579 = VERTEX_POINT ( 'NONE', #3321 ) ;
#1580 = ORIENTED_EDGE ( 'NONE', *, *, #183, .F. ) ;
#1581 = PLANE ( 'NONE',  #3916 ) ;
#1582 = LINE ( 'NONE', #889, #3127 ) ;
#1583 = EDGE_CURVE ( 'NONE', #978, #2356, #3283, .T. ) ;
#1584 = DIRECTION ( 'NONE',  ( -0.8660254037844398178, 0.4999999999999979461, 0.000000000000000000 ) ) ;
#1585 = CARTESIAN_POINT ( 'NONE',  ( -10.36499999999999311, -25.63499999999999801, 0.3175000000000000044 ) ) ;
#1586 = DIRECTION ( 'NONE',  ( -0.8660254037844398178, -0.4999999999999980571, 0.000000000000000000 ) ) ;
#1587 = EDGE_CURVE ( 'NONE', #2003, #385, #1032, .T. ) ;
#1588 = AXIS2_PLACEMENT_3D ( 'NONE', #3383, #1833, #2184 ) ;
#1589 = ORIENTED_EDGE ( 'NONE', *, *, #2491, .F. ) ;
#1590 = ORIENTED_EDGE ( 'NONE', *, *, #3168, .F. ) ;
#1591 = DIRECTION ( 'NONE',  ( 0.4999999999999979461, 0.8660254037844398178, 0.000000000000000000 ) ) ;
#1592 = LINE ( 'NONE', #40, #2702 ) ;
#1593 = ORIENTED_EDGE ( 'NONE', *, *, #2538, .T. ) ;
#1594 = ORIENTED_EDGE ( 'NONE', *, *, #2664, .F. ) ;
#1595 = ORIENTED_EDGE ( 'NONE', *, *, #1121, .T. ) ;
#1596 = CARTESIAN_POINT ( 'NONE',  ( 7.500000000000000000, -10.99999999999999645, 0.3175000000000000044 ) ) ;
#1597 = DIRECTION ( 'NONE',  ( 0.000000000000000000, 1.000000000000000000, 0.000000000000000000 ) ) ;
#1598 = VECTOR ( 'NONE', #3241, 100.0000000000000000 ) ;
#1599 = EDGE_CURVE ( 'NONE', #3276, #1529, #2037, .T. ) ;
#1600 = ORIENTED_EDGE ( 'NONE', *, *, #1909, .T. ) ;
#1601 = ORIENTED_EDGE ( 'NONE', *, *, #3791, .F. ) ;
#1602 = ADVANCED_FACE ( 'NONE', ( #3890 ), #107, .F. ) ;
#1603 = PLANE ( 'NONE',  #1282 ) ;
#1604 = AXIS2_PLACEMENT_3D ( 'NONE', #1420, #3704, #3976 ) ;
#1605 = CARTESIAN_POINT ( 'NONE',  ( -10.36499999999999666, 7.634999999999997122, 0.6350000000000000089 ) ) ;
#1606 = AXIS2_PLACEMENT_3D ( 'NONE', #1772, #4018, #1817 ) ;
#1607 = AXIS2_PLACEMENT_3D ( 'NONE', #2647, #2320, #2970 ) ;
#1608 = VECTOR ( 'NONE', #3659, 100.0000000000000000 ) ;
#1609 = CARTESIAN_POINT ( 'NONE',  ( -8.999999999999996447, -9.000000000000001776, 0.000000000000000000 ) ) ;
#1610 = VECTOR ( 'NONE', #720, 100.0000000000000000 ) ;
#1611 = VECTOR ( 'NONE', #3530, 100.0000000000000000 ) ;
#1612 = DIRECTION ( 'NONE',  ( 0.000000000000000000, -1.000000000000000000, 0.000000000000000000 ) ) ;
#1613 = LINE ( 'NONE', #379, #1802 ) ;
#1614 = AXIS2_PLACEMENT_3D ( 'NONE', #2534, #1662, #2928 ) ;
#1615 = AXIS2_PLACEMENT_3D ( 'NONE', #3109, #3026, #1489 ) ;
#1616 = ORIENTED_EDGE ( 'NONE', *, *, #1451, .T. ) ;
#1617 = DIRECTION ( 'NONE',  ( 0.000000000000000000, -1.000000000000000000, 0.000000000000000000 ) ) ;
#1618 = PLANE ( 'NONE',  #3539 ) ;
#1619 = VECTOR ( 'NONE', #338, 100.0000000000000000 ) ;
#1620 = ORIENTED_EDGE ( 'NONE', *, *, #3062, .T. ) ;
#1621 = ORIENTED_EDGE ( 'NONE', *, *, #4086, .F. ) ;
#1622 = DIRECTION ( 'NONE',  ( 1.000000000000000000, 0.000000000000000000, 0.000000000000000000 ) ) ;
#1623 = CARTESIAN_POINT ( 'NONE',  ( -8.999999999999996447, -9.000000000000001776, 0.6350000000000000089 ) ) ;
#1624 = ORIENTED_EDGE ( 'NONE', *, *, #560, .T. ) ;
#1625 = VERTEX_POINT ( 'NONE', #2429 ) ;
#1626 = MANIFOLD_SOLID_BREP ( 'Cut-Extrude5', #2716 ) ;
#1627 = DIRECTION ( 'NONE',  ( -0.000000000000000000, 0.000000000000000000, 1.000000000000000000 ) ) ;
#1628 = CARTESIAN_POINT ( 'NONE',  ( -10.81999999999999496, 9.409999999999996589, 0.1349999999999999534 ) ) ;
#1629 = EDGE_CURVE ( 'NONE', #3759, #1386, #2449, .T. ) ;
#1630 = CARTESIAN_POINT ( 'NONE',  ( -10.36500000000000199, 10.36499999999999133, 0.6350000000000000089 ) ) ;
#1631 = CARTESIAN_POINT ( 'NONE',  ( 10.99999999999999645, 7.499999999999998224, 0.6350000000000000089 ) ) ;
#1632 = LINE ( 'NONE', #3892, #2656 ) ;
#1633 = ORIENTED_EDGE ( 'NONE', *, *, #2031, .F. ) ;
#1634 = FACE_OUTER_BOUND ( 'NONE', #2610, .T. ) ;
#1635 = DIRECTION ( 'NONE',  ( 0.000000000000000000, 1.000000000000000000, -0.000000000000000000 ) ) ;
#1636 = EDGE_CURVE ( 'NONE', #3310, #2128, #3088, .T. ) ;
#1637 = EDGE_LOOP ( 'NONE', ( #3835, #905, #3030, #3518 ) ) ;
#1638 = EDGE_LOOP ( 'NONE', ( #216, #2914, #2099, #138 ) ) ;
#1639 = CARTESIAN_POINT ( 'NONE',  ( 10.19999999999999574, 8.232042833102433121, 0.6350000000000000089 ) ) ;
#1640 = FACE_OUTER_BOUND ( 'NONE', #2, .T. ) ;
#1641 = EDGE_LOOP ( 'NONE', ( #2960, #3156, #1409, #1166 ) ) ;
#1642 = VERTEX_POINT ( 'NONE', #251 ) ;
#1643 = EDGE_CURVE ( 'NONE', #1380, #2903, #601, .T. ) ;
#1644 = LINE ( 'NONE', #2870, #2194 ) ;
#1645 = PLANE ( 'NONE',  #2459 ) ;
#1646 = CARTESIAN_POINT ( 'NONE',  ( -7.635000000000003340, 10.36499999999999666, 0.3175000000000000044 ) ) ;
#1647 = DIRECTION ( 'NONE',  ( -2.726480905268065897E-16, 1.000000000000000000, 0.000000000000000000 ) ) ;
#1648 = DIRECTION ( 'NONE',  ( 0.000000000000000000, 0.000000000000000000, 1.000000000000000000 ) ) ;
#1649 = ORIENTED_EDGE ( 'NONE', *, *, #3398, .T. ) ;
#1650 = VECTOR ( 'NONE', #321, 100.0000000000000142 ) ;
#1651 = DIRECTION ( 'NONE',  ( -0.8660254037844398178, 0.4999999999999980571, 0.000000000000000000 ) ) ;
#1652 = ADVANCED_FACE ( 'NONE', ( #2513 ), #1253, .F. ) ;
#1653 = DIRECTION ( 'NONE',  ( 0.7071067811865475727, -0.7071067811865475727, 0.000000000000000000 ) ) ;
#1654 = ORIENTED_EDGE ( 'NONE', *, *, #2554, .T. ) ;
#1655 = ADVANCED_FACE ( 'NONE', ( #892 ), #4059, .F. ) ;
#1656 = ORIENTED_EDGE ( 'NONE', *, *, #1766, .T. ) ;
#1657 = FACE_BOUND ( 'NONE', #2814, .T. ) ;
#1658 = FACE_OUTER_BOUND ( 'NONE', #830, .T. ) ;
#1659 = EDGE_CURVE ( 'NONE', #807, #3885, #820, .T. ) ;
#1660 = ORIENTED_EDGE ( 'NONE', *, *, #1290, .F. ) ;
#1661 = VERTEX_POINT ( 'NONE', #1904 ) ;
#1662 = DIRECTION ( 'NONE',  ( 1.000000000000000000, 1.817653936845377429E-16, 0.000000000000000000 ) ) ;
#1663 = EDGE_CURVE ( 'NONE', #1859, #3025, #1214, .T. ) ;
#1664 = LINE ( 'NONE', #3242, #1941 ) ;
#1665 = DIRECTION ( 'NONE',  ( 0.7071067811865475727, -0.7071067811865475727, 0.000000000000000000 ) ) ;
#1666 = PLANE ( 'NONE',  #1879 ) ;
#1667 = VECTOR ( 'NONE', #1828, 100.0000000000000000 ) ;
#1668 = DIRECTION ( 'NONE',  ( 0.000000000000000000, -1.000000000000000000, 0.000000000000000000 ) ) ;
#1669 = VECTOR ( 'NONE', #1513, 100.0000000000000000 ) ;
#1670 = VECTOR ( 'NONE', #3171, 100.0000000000000142 ) ;
#1671 = AXIS2_PLACEMENT_3D ( 'NONE', #2428, #3999, #3104 ) ;
#1672 = VECTOR ( 'NONE', #944, 100.0000000000000000 ) ;
#1673 = CARTESIAN_POINT ( 'NONE',  ( 9.410000000000000142, -10.99999999999999112, 0.6350000000000000089 ) ) ;
#1674 = ORIENTED_EDGE ( 'NONE', *, *, #2226, .T. ) ;
#1675 = PLANE ( 'NONE',  #950 ) ;
#1676 = VECTOR ( 'NONE', #1501, 100.0000000000000000 ) ;
#1677 = EDGE_CURVE ( 'NONE', #2807, #446, #2124, .T. ) ;
#1678 = ORIENTED_EDGE ( 'NONE', *, *, #1872, .F. ) ;
#1679 = VERTEX_POINT ( 'NONE', #2474 ) ;
#1680 = FACE_OUTER_BOUND ( 'NONE', #1231, .T. ) ;
#1681 = VECTOR ( 'NONE', #3254, 100.0000000000000000 ) ;
#1682 = DIRECTION ( 'NONE',  ( 1.000000000000000000, 0.000000000000000000, 0.000000000000000000 ) ) ;
#1683 = PRODUCT_DEFINITION_SHAPE ( 'NONE', 'NONE',  #438 ) ;
#1684 = ORIENTED_EDGE ( 'NONE', *, *, #628, .F. ) ;
#1685 = ORIENTED_EDGE ( 'NONE', *, *, #2061, .T. ) ;
#1686 = LINE ( 'NONE', #1411, #3723 ) ;
#1687 = DIRECTION ( 'NONE',  ( -1.000000000000000000, 0.000000000000000000, 0.000000000000000000 ) ) ;
#1688 = CARTESIAN_POINT ( 'NONE',  ( -7.634999999999996234, -10.36499999999999844, 0.3175000000000000044 ) ) ;
#1689 = LINE ( 'NONE', #439, #2935 ) ;
#1690 = DIRECTION ( 'NONE',  ( 1.000000000000000000, 1.817653936845377429E-16, 0.000000000000000000 ) ) ;
#1691 = LINE ( 'NONE', #768, #486 ) ;
#1692 = ORIENTED_EDGE ( 'NONE', *, *, #558, .T. ) ;
#1693 = DIRECTION ( 'NONE',  ( -0.000000000000000000, 1.000000000000000000, 0.000000000000000000 ) ) ;
#1694 = EDGE_CURVE ( 'NONE', #1579, #3533, #3751, .T. ) ;
#1695 = ORIENTED_EDGE ( 'NONE', *, *, #4091, .T. ) ;
#1696 = VERTEX_POINT ( 'NONE', #911 ) ;
#1697 = CARTESIAN_POINT ( 'NONE',  ( 10.99999999999999645, -8.589999999999992752, 0.6350000000000000089 ) ) ;
#1698 = CARTESIAN_POINT ( 'NONE',  ( 10.81999999999999851, -8.589999999999992752, 0.6350000000000000089 ) ) ;
#1699 = EDGE_LOOP ( 'NONE', ( #3421, #3698, #902, #2775, #223, #1621, #3258, #2566, #1401, #1820, #2506, #586 ) ) ;
#1700 = ORIENTED_EDGE ( 'NONE', *, *, #2392, .T. ) ;
#1701 = CARTESIAN_POINT ( 'NONE',  ( 10.20000000000000107, -8.232042833102429569, 0.1349999999999999534 ) ) ;
#1702 = CARTESIAN_POINT ( 'NONE',  ( 7.499999999999995559, 10.99999999999999467, 0.6350000000000000089 ) ) ;
#1703 = EDGE_CURVE ( 'NONE', #595, #573, #2167, .T. ) ;
#1704 = DIRECTION ( 'NONE',  ( -1.817653936845377429E-16, 1.000000000000000000, 0.000000000000000000 ) ) ;
#1705 = ADVANCED_FACE ( 'NONE', ( #1547 ), #4080, .T. ) ;
#1706 = DIRECTION ( 'NONE',  ( 0.000000000000000000, 0.000000000000000000, -1.000000000000000000 ) ) ;
#1707 = DIRECTION ( 'NONE',  ( 9.088269684226883446E-17, -1.000000000000000000, 0.000000000000000000 ) ) ;
#1708 = DIRECTION ( 'NONE',  ( 0.000000000000000000, 1.000000000000000000, 0.000000000000000000 ) ) ;
#1709 = EDGE_CURVE ( 'NONE', #1447, #2543, #3516, .T. ) ;
#1710 = ORIENTED_EDGE ( 'NONE', *, *, #1102, .F. ) ;
#1711 = CARTESIAN_POINT ( 'NONE',  ( 8.999999999999998224, 9.000000000000000000, 0.3175000000000000044 ) ) ;
#1712 = ADVANCED_FACE ( 'NONE', ( #3499 ), #1977, .F. ) ;
#1713 = ORIENTED_EDGE ( 'NONE', *, *, #771, .T. ) ;
#1714 = ORIENTED_EDGE ( 'NONE', *, *, #344, .T. ) ;
#1715 = CARTESIAN_POINT ( 'NONE',  ( -7.470000000000000639, 7.370000000000000107, 0.4000000000000000222 ) ) ;
#1716 = PLANE ( 'NONE',  #3929 ) ;
#1717 = VECTOR ( 'NONE', #792, 100.0000000000000000 ) ;
#1718 = CARTESIAN_POINT ( 'NONE',  ( -10.99999999999999467, 8.589999999999994529, 0.1349999999999999534 ) ) ;
#1719 = ORIENTED_EDGE ( 'NONE', *, *, #932, .T. ) ;
#1720 = ORIENTED_EDGE ( 'NONE', *, *, #1599, .F. ) ;
#1721 = CARTESIAN_POINT ( 'NONE',  ( 7.635000000000004228, -10.36499999999999488, 0.3175000000000000044 ) ) ;
#1722 = DIRECTION ( 'NONE',  ( 1.000000000000000000, 0.000000000000000000, 0.000000000000000000 ) ) ;
#1723 = ADVANCED_FACE ( 'NONE', ( #353 ), #1666, .F. ) ;
#1724 = CARTESIAN_POINT ( 'NONE',  ( -10.36499999999999311, -25.63499999999999801, 0.6350000000000000089 ) ) ;
#1725 = DIRECTION ( 'NONE',  ( -0.000000000000000000, 0.000000000000000000, 1.000000000000000000 ) ) ;
#1726 = DIRECTION ( 'NONE',  ( -0.000000000000000000, 0.000000000000000000, 1.000000000000000000 ) ) ;
#1727 = FACE_OUTER_BOUND ( 'NONE', #2869, .T. ) ;
#1728 = LINE ( 'NONE', #2658, #3041 ) ;
#1729 = CIRCLE ( 'NONE', #544, 2.499999999999999556 ) ;
#1730 = EDGE_LOOP ( 'NONE', ( #1847, #1269, #1249, #985 ) ) ;
#1731 = LINE ( 'NONE', #188, #2719 ) ;
#1732 = VECTOR ( 'NONE', #602, 100.0000000000000000 ) ;
#1733 = VECTOR ( 'NONE', #1665, 100.0000000000000000 ) ;
#1734 = VECTOR ( 'NONE', #3614, 100.0000000000000000 ) ;
#1735 = VERTEX_POINT ( 'NONE', #2937 ) ;
#1736 = ORIENTED_EDGE ( 'NONE', *, *, #2495, .F. ) ;
#1737 = AXIS2_PLACEMENT_3D ( 'NONE', #583, #3477, #647 ) ;
#1738 = DIRECTION ( 'NONE',  ( -1.000000000000000000, 0.000000000000000000, 0.000000000000000000 ) ) ;
#1739 = CARTESIAN_POINT ( 'NONE',  ( 7.635000000000004228, -10.36499999999999488, 0.6350000000000000089 ) ) ;
#1740 = CARTESIAN_POINT ( 'NONE',  ( 7.370000000000000107, 7.470000000000000639, 0.000000000000000000 ) ) ;
#1741 = ORIENTED_EDGE ( 'NONE', *, *, #4086, .T. ) ;
#1742 = VECTOR ( 'NONE', #3508, 100.0000000000000000 ) ;
#1743 = VERTEX_POINT ( 'NONE', #2849 ) ;
#1744 = DIRECTION ( 'NONE',  ( -0.000000000000000000, 0.000000000000000000, 1.000000000000000000 ) ) ;
#1745 = DIRECTION ( 'NONE',  ( 0.000000000000000000, -1.000000000000000000, 0.000000000000000000 ) ) ;
#1746 = VECTOR ( 'NONE', #228, 100.0000000000000000 ) ;
#1747 = DIRECTION ( 'NONE',  ( 1.000000000000000000, 0.000000000000000000, 0.000000000000000000 ) ) ;
#1748 = CARTESIAN_POINT ( 'NONE',  ( 8.589999999999999858, -10.81999999999999140, 0.1349999999999999534 ) ) ;
#1749 = CARTESIAN_POINT ( 'NONE',  ( -10.36500000000000199, 10.36499999999999133, 0.3175000000000000044 ) ) ;
#1750 = LINE ( 'NONE', #473, #698 ) ;
#1751 = ADVANCED_FACE ( 'NONE', ( #1050 ), #2617, .T. ) ;
#1752 = DIRECTION ( 'NONE',  ( -0.000000000000000000, 0.000000000000000000, 1.000000000000000000 ) ) ;
#1753 = EDGE_LOOP ( 'NONE', ( #3077, #2946, #1867, #3589 ) ) ;
#1754 = CYLINDRICAL_SURFACE ( 'NONE', #1271, 2.499999999999999556 ) ;
#1755 = ORIENTED_EDGE ( 'NONE', *, *, #3486, .F. ) ;
#1756 = EDGE_LOOP ( 'NONE', ( #3532, #2880, #650, #651 ) ) ;
#1757 = EDGE_CURVE ( 'NONE', #807, #3096, #3540, .T. ) ;
#1758 = DIRECTION ( 'NONE',  ( 1.000000000000000000, 0.000000000000000000, 0.000000000000000000 ) ) ;
#1759 = CARTESIAN_POINT ( 'NONE',  ( -7.470000000000000639, 7.370000000000000107, 0.4000000000000000222 ) ) ;
#1760 = LINE ( 'NONE', #239, #3183 ) ;
#1761 = ORIENTED_EDGE ( 'NONE', *, *, #2360, .F. ) ;
#1762 = ORIENTED_EDGE ( 'NONE', *, *, #3887, .T. ) ;
#1763 = CARTESIAN_POINT ( 'NONE',  ( 10.36499999999999488, 25.63499999999999801, 0.6350000000000000089 ) ) ;
#1764 = EDGE_CURVE ( 'NONE', #2821, #3731, #1922, .T. ) ;
#1765 = DIRECTION ( 'NONE',  ( 2.726480905268065897E-16, -1.000000000000000000, 0.000000000000000000 ) ) ;
#1766 = EDGE_CURVE ( 'NONE', #2859, #2312, #681, .T. ) ;
#1767 = ORIENTED_EDGE ( 'NONE', *, *, #3415, .T. ) ;
#1768 = ADVANCED_FACE ( 'NONE', ( #1336 ), #3832, .F. ) ;
#1769 = DIRECTION ( 'NONE',  ( 0.000000000000000000, 0.000000000000000000, -1.000000000000000000 ) ) ;
#1770 = FACE_OUTER_BOUND ( 'NONE', #443, .T. ) ;
#1771 = PLANE ( 'NONE',  #3739 ) ;
#1772 = CARTESIAN_POINT ( 'NONE',  ( -9.767957166897559773, -10.20000000000000107, 0.1349999999999999534 ) ) ;
#1773 = ORIENTED_EDGE ( 'NONE', *, *, #3345, .F. ) ;
#1774 = DIRECTION ( 'NONE',  ( 1.000000000000000000, 0.000000000000000000, 0.000000000000000000 ) ) ;
#1775 = ORIENTED_EDGE ( 'NONE', *, *, #4038, .F. ) ;
#1776 = ADVANCED_FACE ( 'NONE', ( #2541 ), #2598, .T. ) ;
#1777 = EDGE_LOOP ( 'NONE', ( #2027, #2801, #947, #3640 ) ) ;
#1778 = DIRECTION ( 'NONE',  ( -1.000000000000000000, 0.000000000000000000, 0.000000000000000000 ) ) ;
#1779 = LINE ( 'NONE', #3354, #1200 ) ;
#1780 = FACE_OUTER_BOUND ( 'NONE', #926, .T. ) ;
#1781 = ORIENTED_EDGE ( 'NONE', *, *, #3040, .F. ) ;
#1782 = EDGE_LOOP ( 'NONE', ( #1736, #64, #3605, #2703 ) ) ;
#1783 = CARTESIAN_POINT ( 'NONE',  ( -9.409999999999994813, -10.81999999999999851, 0.6350000000000000089 ) ) ;
#1784 = CIRCLE ( 'NONE', #1126, 0.3049999999999997158 ) ;
#1785 = DIRECTION ( 'NONE',  ( 1.000000000000000000, 0.000000000000000000, 0.000000000000000000 ) ) ;
#1786 = ORIENTED_EDGE ( 'NONE', *, *, #1893, .T. ) ;
#1787 = EDGE_CURVE ( 'NONE', #2443, #3095, #3573, .T. ) ;
#1788 = DIRECTION ( 'NONE',  ( -0.7071067811865475727, 0.7071067811865475727, 0.000000000000000000 ) ) ;
#1789 = EDGE_CURVE ( 'NONE', #2963, #2723, #664, .T. ) ;
#1790 = LINE ( 'NONE', #2677, #750 ) ;
#1791 = CARTESIAN_POINT ( 'NONE',  ( -8.999999999999996447, -9.000000000000001776, 0.6350000000000000089 ) ) ;
#1792 = CARTESIAN_POINT ( 'NONE',  ( -10.19999999999999751, 9.767957166897559773, 0.6350000000000000089 ) ) ;
#1793 = CARTESIAN_POINT ( 'NONE',  ( 10.99999999999999645, -9.409999999999994813, 0.1349999999999999534 ) ) ;
#1794 = PRODUCT_DEFINITION_CONTEXT ( 'detailed design', #3941, 'design' ) ;
#1795 = ORIENTED_EDGE ( 'NONE', *, *, #520, .F. ) ;
#1796 = CIRCLE ( 'NONE', #1463, 2.499999999999999556 ) ;
#1797 = ORIENTED_EDGE ( 'NONE', *, *, #927, .F. ) ;
#1798 = LINE ( 'NONE', #897, #1086 ) ;
#1799 = VECTOR ( 'NONE', #3954, 100.0000000000000000 ) ;
#1800 = VECTOR ( 'NONE', #3701, 100.0000000000000142 ) ;
#1801 = EDGE_CURVE ( 'NONE', #630, #2644, #705, .T. ) ;
#1802 = VECTOR ( 'NONE', #3541, 100.0000000000000000 ) ;
#1803 = DIRECTION ( 'NONE',  ( 0.000000000000000000, 0.000000000000000000, -1.000000000000000000 ) ) ;
#1804 = VECTOR ( 'NONE', #766, 100.0000000000000000 ) ;
#1805 = VECTOR ( 'NONE', #3716, 100.0000000000000000 ) ;
#1806 = ORIENTED_EDGE ( 'NONE', *, *, #1663, .T. ) ;
#1807 = ORIENTED_EDGE ( 'NONE', *, *, #1444, .F. ) ;
#1808 = DIRECTION ( 'NONE',  ( -0.000000000000000000, 0.000000000000000000, 1.000000000000000000 ) ) ;
#1809 = CARTESIAN_POINT ( 'NONE',  ( -7.635000000000003340, 10.36499999999999666, 0.3175000000000000044 ) ) ;
#1810 = VECTOR ( 'NONE', #3207, 100.0000000000000000 ) ;
#1811 = ORIENTED_EDGE ( 'NONE', *, *, #641, .T. ) ;
#1812 = CARTESIAN_POINT ( 'NONE',  ( -8.589999999999992752, -10.99999999999999645, 0.1349999999999999534 ) ) ;
#1813 = CARTESIAN_POINT ( 'NONE',  ( -10.99999999999999467, 8.589999999999994529, 0.1349999999999999534 ) ) ;
#1814 = DIRECTION ( 'NONE',  ( 0.000000000000000000, 1.000000000000000000, -0.000000000000000000 ) ) ;
#1815 = EDGE_CURVE ( 'NONE', #1625, #2820, #2576, .T. ) ;
#1816 = VECTOR ( 'NONE', #3773, 100.0000000000000000 ) ;
#1817 = DIRECTION ( 'NONE',  ( -1.000000000000000000, 0.000000000000000000, 0.000000000000000000 ) ) ;
#1818 = DIRECTION ( 'NONE',  ( 0.000000000000000000, 1.000000000000000000, 0.000000000000000000 ) ) ;
#1819 = ADVANCED_FACE ( 'NONE', ( #2231 ), #3851, .T. ) ;
#1820 = ORIENTED_EDGE ( 'NONE', *, *, #2021, .F. ) ;
#1821 = EDGE_CURVE ( 'NONE', #3744, #489, #2877, .T. ) ;
#1822 = ORIENTED_EDGE ( 'NONE', *, *, #1508, .F. ) ;
#1823 = LINE ( 'NONE', #539, #3735 ) ;
#1824 = DIRECTION ( 'NONE',  ( 0.000000000000000000, -1.000000000000000000, 0.000000000000000000 ) ) ;
#1825 = FACE_OUTER_BOUND ( 'NONE', #60, .T. ) ;
#1826 = VERTEX_POINT ( 'NONE', #53 ) ;
#1827 = EDGE_LOOP ( 'NONE', ( #2985, #33, #2439, #3717 ) ) ;
#1828 = DIRECTION ( 'NONE',  ( 0.000000000000000000, 0.000000000000000000, 1.000000000000000000 ) ) ;
#1829 = DIRECTION ( 'NONE',  ( 1.817653936845377429E-16, -1.000000000000000000, 0.000000000000000000 ) ) ;
#1830 = VERTEX_POINT ( 'NONE', #995 ) ;
#1831 = EDGE_CURVE ( 'NONE', #2543, #3464, #2250, .T. ) ;
#1832 = CARTESIAN_POINT ( 'NONE',  ( 0.000000000000000000, 0.000000000000000000, 0.1349999999999999534 ) ) ;
#1833 = DIRECTION ( 'NONE',  ( 0.000000000000000000, 0.000000000000000000, 1.000000000000000000 ) ) ;
#1834 = FACE_OUTER_BOUND ( 'NONE', #3946, .T. ) ;
#1835 = FACE_OUTER_BOUND ( 'NONE', #3252, .T. ) ;
#1836 = EDGE_CURVE ( 'NONE', #1239, #572, #2408, .T. ) ;
#1837 = CARTESIAN_POINT ( 'NONE',  ( -8.999999999999998224, -9.000000000000001776, 0.6350000000000000089 ) ) ;
#1838 = CARTESIAN_POINT ( 'NONE',  ( -8.232042833102429569, -10.20000000000000107, 0.1349999999999999534 ) ) ;
#1839 = EDGE_CURVE ( 'NONE', #1256, #3707, #2100, .T. ) ;
#1840 = ORIENTED_EDGE ( 'NONE', *, *, #3912, .F. ) ;
#1841 = DIRECTION ( 'NONE',  ( 0.000000000000000000, 0.000000000000000000, 1.000000000000000000 ) ) ;
#1842 = CYLINDRICAL_SURFACE ( 'NONE', #1615, 2.500000000000000888 ) ;
#1843 = CARTESIAN_POINT ( 'NONE',  ( -10.69500000000000384, -9.894862706971711216E-16, 16.01329964592964572 ) ) ;
#1844 = EDGE_CURVE ( 'NONE', #3986, #3764, #960, .T. ) ;
#1845 = CARTESIAN_POINT ( 'NONE',  ( -10.81999999999999496, 8.589999999999994529, 0.1349999999999999534 ) ) ;
#1846 = VERTEX_POINT ( 'NONE', #2022 ) ;
#1847 = ORIENTED_EDGE ( 'NONE', *, *, #123, .T. ) ;
#1848 = DIRECTION ( 'NONE',  ( -0.000000000000000000, 0.000000000000000000, 1.000000000000000000 ) ) ;
#1849 = DIRECTION ( 'NONE',  ( -0.4999999999999979461, -0.8660254037844398178, 0.000000000000000000 ) ) ;
#1850 = ORIENTED_EDGE ( 'NONE', *, *, #2365, .T. ) ;
#1851 = ORIENTED_EDGE ( 'NONE', *, *, #1147, .F. ) ;
#1852 = DIRECTION ( 'NONE',  ( 1.000000000000000000, -9.251858538542975279E-17, 0.000000000000000000 ) ) ;
#1853 = DIRECTION ( 'NONE',  ( 0.000000000000000000, -1.000000000000000000, 0.000000000000000000 ) ) ;
#1854 = CARTESIAN_POINT ( 'NONE',  ( -10.99999999999999645, -10.36499999999999844, 0.6350000000000000089 ) ) ;
#1855 = AXIS2_PLACEMENT_3D ( 'NONE', #3047, #542, #485 ) ;
#1856 = EDGE_CURVE ( 'NONE', #264, #336, #3681, .T. ) ;
#1857 = FACE_OUTER_BOUND ( 'NONE', #2044, .T. ) ;
#1858 = CARTESIAN_POINT ( 'NONE',  ( -7.370000000000000107, -7.470000000000000639, 0.4000000000000000222 ) ) ;
#1859 = VERTEX_POINT ( 'NONE', #514 ) ;
#1860 = DIRECTION ( 'NONE',  ( 0.000000000000000000, 1.000000000000000000, 0.000000000000000000 ) ) ;
#1861 = CYLINDRICAL_SURFACE ( 'NONE', #3401, 0.3049999999999997158 ) ;
#1862 = DIRECTION ( 'NONE',  ( 0.000000000000000000, 1.000000000000000000, 0.000000000000000000 ) ) ;
#1863 = CARTESIAN_POINT ( 'NONE',  ( 10.69500000000000206, -9.894862706971711216E-16, 0.000000000000000000 ) ) ;
#1864 = ORIENTED_EDGE ( 'NONE', *, *, #2983, .F. ) ;
#1865 = EDGE_LOOP ( 'NONE', ( #3771, #261, #3845, #2234 ) ) ;
#1866 = VECTOR ( 'NONE', #3948, 100.0000000000000000 ) ;
#1867 = ORIENTED_EDGE ( 'NONE', *, *, #594, .F. ) ;
#1868 = AXIS2_PLACEMENT_3D ( 'NONE', #2379, #2712, #3341 ) ;
#1869 = DIRECTION ( 'NONE',  ( 0.000000000000000000, 0.000000000000000000, 1.000000000000000000 ) ) ;
#1870 = CARTESIAN_POINT ( 'NONE',  ( -9.409999999999998366, 10.81999999999999140, 0.1349999999999999534 ) ) ;
#1871 = AXIS2_PLACEMENT_3D ( 'NONE', #1548, #3790, #933 ) ;
#1872 = EDGE_CURVE ( 'NONE', #2895, #10, #1689, .T. ) ;
#1873 = VECTOR ( 'NONE', #4056, 100.0000000000000000 ) ;
#1874 = VECTOR ( 'NONE', #987, 100.0000000000000000 ) ;
#1875 = ORIENTED_EDGE ( 'NONE', *, *, #2875, .F. ) ;
#1876 = VERTEX_POINT ( 'NONE', #2955 ) ;
#1877 = DIRECTION ( 'NONE',  ( 0.000000000000000000, 1.000000000000000000, -0.000000000000000000 ) ) ;
#1878 = DIRECTION ( 'NONE',  ( 0.000000000000000000, 1.000000000000000000, -0.000000000000000000 ) ) ;
#1879 = AXIS2_PLACEMENT_3D ( 'NONE', #3189, #3227, #86 ) ;
#1880 = DIRECTION ( 'NONE',  ( 1.000000000000000000, 0.000000000000000000, 0.000000000000000000 ) ) ;
#1881 = CARTESIAN_POINT ( 'NONE',  ( 8.030000000000004690, 0.000000000000000000, 0.000000000000000000 ) ) ;
#1882 = CIRCLE ( 'NONE', #106, 0.3049999999999997158 ) ;
#1883 = CARTESIAN_POINT ( 'NONE',  ( 10.99999999999999645, 7.499999999999998224, 0.3175000000000000044 ) ) ;
#1884 = CARTESIAN_POINT ( 'NONE',  ( 10.49999999999999467, 10.99999999999999467, 0.6350000000000000089 ) ) ;
#1885 = EDGE_CURVE ( 'NONE', #3000, #2683, #782, .T. ) ;
#1886 = ORIENTED_EDGE ( 'NONE', *, *, #1709, .F. ) ;
#1887 = ORIENTED_EDGE ( 'NONE', *, *, #2517, .F. ) ;
#1888 = EDGE_CURVE ( 'NONE', #151, #211, #3969, .T. ) ;
#1889 = CARTESIAN_POINT ( 'NONE',  ( -10.99999999999999467, 7.499999999999995559, 0.6350000000000000089 ) ) ;
#1890 = DIRECTION ( 'NONE',  ( 0.000000000000000000, 0.000000000000000000, 1.000000000000000000 ) ) ;
#1891 = VERTEX_POINT ( 'NONE', #1128 ) ;
#1892 = ORIENTED_EDGE ( 'NONE', *, *, #1068, .F. ) ;
#1893 = EDGE_CURVE ( 'NONE', #3885, #1696, #2383, .T. ) ;
#1894 = ORIENTED_EDGE ( 'NONE', *, *, #3237, .F. ) ;
#1895 = FACE_OUTER_BOUND ( 'NONE', #3777, .T. ) ;
#1896 = DIRECTION ( 'NONE',  ( -0.000000000000000000, 0.000000000000000000, 1.000000000000000000 ) ) ;
#1897 = ORIENTED_EDGE ( 'NONE', *, *, #3554, .F. ) ;
#1898 = ORIENTED_EDGE ( 'NONE', *, *, #194, .T. ) ;
#1899 = DIRECTION ( 'NONE',  ( -1.000000000000000000, -9.088269684226887144E-17, 0.000000000000000000 ) ) ;
#1900 = EDGE_CURVE ( 'NONE', #1202, #872, #1374, .T. ) ;
#1901 = EDGE_CURVE ( 'NONE', #1407, #2421, #3658, .T. ) ;
#1902 = CARTESIAN_POINT ( 'NONE',  ( 9.000000000000001776, -8.999999999999998224, 0.000000000000000000 ) ) ;
#1903 = DIRECTION ( 'NONE',  ( 0.4999999999999980571, 0.8660254037844398178, 0.000000000000000000 ) ) ;
#1904 = CARTESIAN_POINT ( 'NONE',  ( 10.99999999999999645, -7.499999999999993783, 0.3175000000000000044 ) ) ;
#1905 = CARTESIAN_POINT ( 'NONE',  ( 10.99999999999999645, 10.36499999999999666, 0.6350000000000000089 ) ) ;
#1906 = ORIENTED_EDGE ( 'NONE', *, *, #201, .T. ) ;
#1907 = ORIENTED_EDGE ( 'NONE', *, *, #3748, .F. ) ;
#1908 = LINE ( 'NONE', #1259, #3007 ) ;
#1909 = EDGE_CURVE ( 'NONE', #573, #1846, #3017, .T. ) ;
#1910 = FACE_OUTER_BOUND ( 'NONE', #643, .T. ) ;
#1911 = VERTEX_POINT ( 'NONE', #2715 ) ;
#1912 = VERTEX_POINT ( 'NONE', #3598 ) ;
#1913 = VERTEX_POINT ( 'NONE', #2081 ) ;
#1914 = CARTESIAN_POINT ( 'NONE',  ( 9.000000000000001776, -8.999999999999996447, 0.6350000000000000089 ) ) ;
#1915 = CARTESIAN_POINT ( 'NONE',  ( 7.634999999999997122, 10.36499999999999666, 0.3175000000000000044 ) ) ;
#1916 = VERTEX_POINT ( 'NONE', #3342 ) ;
#1917 = ORIENTED_EDGE ( 'NONE', *, *, #565, .F. ) ;
#1918 = DIRECTION ( 'NONE',  ( 0.000000000000000000, 1.000000000000000000, 0.000000000000000000 ) ) ;
#1919 = FACE_OUTER_BOUND ( 'NONE', #1022, .T. ) ;
#1920 = EDGE_CURVE ( 'NONE', #1523, #1735, #1111, .T. ) ;
#1921 = DIRECTION ( 'NONE',  ( -1.000000000000000000, 0.000000000000000000, 0.000000000000000000 ) ) ;
#1922 = LINE ( 'NONE', #3891, #1402 ) ;
#1923 = CARTESIAN_POINT ( 'NONE',  ( 8.589999999999999858, -10.81999999999999140, 0.6350000000000000089 ) ) ;
#1924 = AXIS2_PLACEMENT_3D ( 'NONE', #3094, #1225, #1261 ) ;
#1925 = EDGE_LOOP ( 'NONE', ( #660, #4071, #2532, #174 ) ) ;
#1926 = EDGE_LOOP ( 'NONE', ( #1755, #591, #3405, #2606, #358, #3178, #2108, #3012 ) ) ;
#1927 = DIRECTION ( 'NONE',  ( -1.000000000000000000, 0.000000000000000000, 0.000000000000000000 ) ) ;
#1928 = ORIENTED_EDGE ( 'NONE', *, *, #449, .F. ) ;
#1929 = ORIENTED_EDGE ( 'NONE', *, *, #377, .F. ) ;
#1930 = EDGE_LOOP ( 'NONE', ( #2524, #282, #1364, #3174 ) ) ;
#1931 = DIRECTION ( 'NONE',  ( 0.000000000000000000, -1.000000000000000000, 0.000000000000000000 ) ) ;
#1932 = ADVANCED_FACE ( 'NONE', ( #3034 ), #3951, .F. ) ;
#1933 = CARTESIAN_POINT ( 'NONE',  ( -7.470000000000000639, 0.000000000000000000, 0.4000000000000000222 ) ) ;
#1934 = AXIS2_PLACEMENT_3D ( 'NONE', #2417, #874, #3396 ) ;
#1935 = ORIENTED_EDGE ( 'NONE', *, *, #1536, .T. ) ;
#1936 = ORIENTED_EDGE ( 'NONE', *, *, #2382, .T. ) ;
#1937 = CYLINDRICAL_SURFACE ( 'NONE', #2789, 2.500000000000000888 ) ;
#1938 = VECTOR ( 'NONE', #3249, 100.0000000000000000 ) ;
#1939 = CARTESIAN_POINT ( 'NONE',  ( -10.19999999999999396, -9.767957166897565102, 0.1349999999999999534 ) ) ;
#1940 = AXIS2_PLACEMENT_3D ( 'NONE', #2085, #3386, #290 ) ;
#1941 = VECTOR ( 'NONE', #3208, 100.0000000000000000 ) ;
#1942 = CARTESIAN_POINT ( 'NONE',  ( 10.81999999999999851, -9.409999999999994813, 0.6350000000000000089 ) ) ;
#1943 = VECTOR ( 'NONE', #1066, 100.0000000000000000 ) ;
#1944 = EDGE_CURVE ( 'NONE', #19, #151, #1390, .T. ) ;
#1945 = DIRECTION ( 'NONE',  ( -0.7071067811865475727, -0.7071067811865475727, 0.000000000000000000 ) ) ;
#1946 = LINE ( 'NONE', #2618, #552 ) ;
#1947 = VECTOR ( 'NONE', #1526, 100.0000000000000000 ) ;
#1948 = EDGE_LOOP ( 'NONE', ( #2294, #3194, #979, #1087 ) ) ;
#1949 = DIRECTION ( 'NONE',  ( -0.8660254037844398178, 0.4999999999999979461, 0.000000000000000000 ) ) ;
#1950 = CARTESIAN_POINT ( 'NONE',  ( -10.19999999999999751, 9.767957166897559773, 0.1349999999999999534 ) ) ;
#1951 = VECTOR ( 'NONE', #3231, 100.0000000000000000 ) ;
#1952 = ORIENTED_EDGE ( 'NONE', *, *, #2261, .T. ) ;
#1953 = ORIENTED_EDGE ( 'NONE', *, *, #502, .F. ) ;
#1954 = CARTESIAN_POINT ( 'NONE',  ( 9.894862706971711216E-16, -10.69500000000000384, 0.3175000000000011147 ) ) ;
#1955 = DIRECTION ( 'NONE',  ( 0.000000000000000000, -1.000000000000000000, 0.000000000000000000 ) ) ;
#1956 = VERTEX_POINT ( 'NONE', #800 ) ;
#1957 = ORIENTED_EDGE ( 'NONE', *, *, #821, .F. ) ;
#1958 = CARTESIAN_POINT ( 'NONE',  ( -10.99999999999999112, -8.589999999999999858, 0.1349999999999999534 ) ) ;
#1959 = CARTESIAN_POINT ( 'NONE',  ( -10.49999999999999467, -10.99999999999999645, 0.3175000000000000044 ) ) ;
#1960 = FACE_OUTER_BOUND ( 'NONE', #1315, .T. ) ;
#1961 = ADVANCED_FACE ( 'NONE', ( #471 ), #3636, .F. ) ;
#1962 = CARTESIAN_POINT ( 'NONE',  ( -10.99999999999999467, 10.49999999999999467, 0.6350000000000000089 ) ) ;
#1963 = DIRECTION ( 'NONE',  ( -1.000000000000000000, 0.000000000000000000, -0.000000000000000000 ) ) ;
#1964 = EDGE_CURVE ( 'NONE', #3648, #940, #184, .T. ) ;
#1965 = ORIENTED_EDGE ( 'NONE', *, *, #478, .T. ) ;
#1966 = PLANE ( 'NONE',  #685 ) ;
#1967 = LINE ( 'NONE', #3544, #1746 ) ;
#1968 = ORIENTED_EDGE ( 'NONE', *, *, #2141, .F. ) ;
#1969 = VERTEX_POINT ( 'NONE', #1152 ) ;
#1970 = CARTESIAN_POINT ( 'NONE',  ( 10.36499999999999666, 10.36499999999999666, 0.3175000000000000044 ) ) ;
#1971 = LINE ( 'NONE', #1915, #958 ) ;
#1972 = ORIENTED_EDGE ( 'NONE', *, *, #2442, .F. ) ;
#1973 = ORIENTED_EDGE ( 'NONE', *, *, #2495, .T. ) ;
#1974 = CARTESIAN_POINT ( 'NONE',  ( -7.635000000000003340, 10.36499999999999666, 0.6350000000000000089 ) ) ;
#1975 = DIRECTION ( 'NONE',  ( 0.000000000000000000, 1.000000000000000000, 0.000000000000000000 ) ) ;
#1976 = DIRECTION ( 'NONE',  ( 0.000000000000000000, 0.000000000000000000, 1.000000000000000000 ) ) ;
#1977 = PLANE ( 'NONE',  #2209 ) ;
#1978 = DIRECTION ( 'NONE',  ( -0.4999999999999979461, 0.8660254037844398178, -0.000000000000000000 ) ) ;
#1979 = EDGE_CURVE ( 'NONE', #2463, #878, #1189, .T. ) ;
#1980 = CYLINDRICAL_SURFACE ( 'NONE', #32, 2.500000000000003553 ) ;
#1981 = EDGE_LOOP ( 'NONE', ( #1085, #585, #2317, #2904 ) ) ;
#1982 = LINE ( 'NONE', #2254, #1938 ) ;
#1983 = ORIENTED_EDGE ( 'NONE', *, *, #3298, .T. ) ;
#1984 = ORIENTED_EDGE ( 'NONE', *, *, #1636, .T. ) ;
#1985 = DIRECTION ( 'NONE',  ( 0.8660254037844397068, 0.4999999999999980016, 0.000000000000000000 ) ) ;
#1986 = PLANE ( 'NONE',  #1392 ) ;
#1987 = ORIENTED_EDGE ( 'NONE', *, *, #2496, .T. ) ;
#1988 = ORIENTED_EDGE ( 'NONE', *, *, #2939, .F. ) ;
#1989 = DIRECTION ( 'NONE',  ( 0.000000000000000000, -1.000000000000000000, 0.000000000000000000 ) ) ;
#1990 = ADVANCED_FACE ( 'NONE', ( #4015 ), #531, .T. ) ;
#1991 = CARTESIAN_POINT ( 'NONE',  ( 10.49999999999999467, 10.99999999999999467, 0.3175000000000000044 ) ) ;
#1992 = VECTOR ( 'NONE', #1524, 100.0000000000000000 ) ;
#1993 = CIRCLE ( 'NONE', #2321, 2.500000000000000888 ) ;
#1994 = LINE ( 'NONE', #1065, #3586 ) ;
#1995 = CIRCLE ( 'NONE', #3457, 0.3049999999999997158 ) ;
#1996 = CARTESIAN_POINT ( 'NONE',  ( -7.370000000000000107, -7.470000000000000639, 0.4000000000000000222 ) ) ;
#1997 = PLANE ( 'NONE',  #955 ) ;
#1998 = VECTOR ( 'NONE', #3785, 100.0000000000000000 ) ;
#1999 = VECTOR ( 'NONE', #2363, 100.0000000000000000 ) ;
#2000 = VECTOR ( 'NONE', #3498, 100.0000000000000142 ) ;
#2001 = AXIS2_PLACEMENT_3D ( 'NONE', #775, #1101, #2687 ) ;
#2002 = DIRECTION ( 'NONE',  ( 0.000000000000000000, 0.000000000000000000, 1.000000000000000000 ) ) ;
#2003 = VERTEX_POINT ( 'NONE', #1171 ) ;
#2004 = DIRECTION ( 'NONE',  ( 0.000000000000000000, -1.000000000000000000, 0.000000000000000000 ) ) ;
#2005 = VECTOR ( 'NONE', #2038, 100.0000000000000142 ) ;
#2006 = EDGE_CURVE ( 'NONE', #1891, #3577, #2488, .T. ) ;
#2007 = ORIENTED_EDGE ( 'NONE', *, *, #502, .T. ) ;
#2008 = EDGE_CURVE ( 'NONE', #1263, #3781, #3101, .T. ) ;
#2009 = VERTEX_POINT ( 'NONE', #2509 ) ;
#2010 = FACE_BOUND ( 'NONE', #3901, .T. ) ;
#2011 = AXIS2_PLACEMENT_3D ( 'NONE', #1455, #1653, #2410 ) ;
#2012 = LINE ( 'NONE', #811, #3982 ) ;
#2013 = EDGE_CURVE ( 'NONE', #3649, #2560, #2827, .T. ) ;
#2014 = VERTEX_POINT ( 'NONE', #246 ) ;
#2015 = ORIENTED_EDGE ( 'NONE', *, *, #3225, .F. ) ;
#2016 = CARTESIAN_POINT ( 'NONE',  ( -7.370000000000000107, -7.470000000000000639, 0.000000000000000000 ) ) ;
#2017 = LINE ( 'NONE', #3282, #288 ) ;
#2018 = EDGE_CURVE ( 'NONE', #1124, #1226, #3745, .T. ) ;
#2019 = EDGE_CURVE ( 'NONE', #23, #1956, #1993, .T. ) ;
#2020 = DIRECTION ( 'NONE',  ( -1.000000000000000000, -9.088269684226887144E-17, 0.000000000000000000 ) ) ;
#2021 = EDGE_CURVE ( 'NONE', #236, #2376, #3, .T. ) ;
#2022 = CARTESIAN_POINT ( 'NONE',  ( 10.99999999999999645, 10.49999999999999822, 0.000000000000000000 ) ) ;
#2023 = DIRECTION ( 'NONE',  ( -0.8660254037844397068, -0.4999999999999980016, 0.000000000000000000 ) ) ;
#2024 = CARTESIAN_POINT ( 'NONE',  ( -7.370000000000000107, 7.470000000000000639, 0.4000000000000000222 ) ) ;
#2025 = ORIENTED_EDGE ( 'NONE', *, *, #294, .F. ) ;
#2026 = LINE ( 'NONE', #418, #1073 ) ;
#2027 = ORIENTED_EDGE ( 'NONE', *, *, #333, .T. ) ;
#2028 = ORIENTED_EDGE ( 'NONE', *, *, #3172, .F. ) ;
#2029 = DIRECTION ( 'NONE',  ( 0.000000000000000000, 1.000000000000000000, -0.000000000000000000 ) ) ;
#2030 = CARTESIAN_POINT ( 'NONE',  ( -10.99999999999999467, 8.589999999999994529, 0.1349999999999999534 ) ) ;
#2031 = EDGE_CURVE ( 'NONE', #3882, #2107, #1729, .T. ) ;
#2032 = ADVANCED_FACE ( 'NONE', ( #928 ), #3783, .F. ) ;
#2033 = ORIENTED_EDGE ( 'NONE', *, *, #3472, .F. ) ;
#2034 = VERTEX_POINT ( 'NONE', #2743 ) ;
#2035 = LINE ( 'NONE', #1046, #419 ) ;
#2036 = LINE ( 'NONE', #2054, #2066 ) ;
#2037 = LINE ( 'NONE', #2615, #3801 ) ;
#2038 = DIRECTION ( 'NONE',  ( -0.4999999999999979461, -0.8660254037844398178, 0.000000000000000000 ) ) ;
#2039 = FACE_OUTER_BOUND ( 'NONE', #1379, .T. ) ;
#2040 = LINE ( 'NONE', #709, #1951 ) ;
#2041 = CARTESIAN_POINT ( 'NONE',  ( 10.99999999999999645, -10.36499999999999488, 0.6350000000000000089 ) ) ;
#2042 = ORIENTED_EDGE ( 'NONE', *, *, #3497, .T. ) ;
#2043 = LINE ( 'NONE', #2151, #1208 ) ;
#2044 = EDGE_LOOP ( 'NONE', ( #1624, #241, #522, #2401 ) ) ;
#2045 = ORIENTED_EDGE ( 'NONE', *, *, #1439, .T. ) ;
#2046 = DIRECTION ( 'NONE',  ( -0.000000000000000000, 0.000000000000000000, 1.000000000000000000 ) ) ;
#2047 = CARTESIAN_POINT ( 'NONE',  ( -10.99999999999999645, -7.635000000000001563, 0.3175000000000000044 ) ) ;
#2048 = AXIS2_PLACEMENT_3D ( 'NONE', #2521, #1573, #965 ) ;
#2049 = LINE ( 'NONE', #3337, #3438 ) ;
#2050 = ORIENTED_EDGE ( 'NONE', *, *, #1350, .F. ) ;
#2051 = ORIENTED_EDGE ( 'NONE', *, *, #2608, .T. ) ;
#2052 = EDGE_CURVE ( 'NONE', #3507, #710, #949, .T. ) ;
#2053 = LINE ( 'NONE', #467, #1530 ) ;
#2054 = CARTESIAN_POINT ( 'NONE',  ( 10.36499999999999488, 7.635000000000004228, 0.3175000000000000044 ) ) ;
#2055 = CARTESIAN_POINT ( 'NONE',  ( -8.029999999999997584, 8.030000000000004690, 0.4000000000000000222 ) ) ;
#2056 = CARTESIAN_POINT ( 'NONE',  ( 10.36499999999999844, -7.634999999999996234, 0.3175000000000000044 ) ) ;
#2057 = CARTESIAN_POINT ( 'NONE',  ( 7.162345244612036588, -10.69500000000000206, 0.6350000000000000089 ) ) ;
#2058 = DIRECTION ( 'NONE',  ( -1.817653936845377429E-16, 1.000000000000000000, 0.000000000000000000 ) ) ;
#2059 = VECTOR ( 'NONE', #3566, 100.0000000000000000 ) ;
#2060 = LINE ( 'NONE', #2024, #1143 ) ;
#2061 = EDGE_CURVE ( 'NONE', #1487, #2704, #886, .T. ) ;
#2062 = VERTEX_POINT ( 'NONE', #1233 ) ;
#2063 = DIRECTION ( 'NONE',  ( -0.000000000000000000, 0.000000000000000000, 1.000000000000000000 ) ) ;
#2064 = AXIS2_PLACEMENT_3D ( 'NONE', #846, #1133, #3022 ) ;
#2065 = VECTOR ( 'NONE', #956, 100.0000000000000000 ) ;
#2066 = VECTOR ( 'NONE', #1372, 100.0000000000000000 ) ;
#2067 = EDGE_CURVE ( 'NONE', #2421, #3759, #2762, .T. ) ;
#2068 = ORIENTED_EDGE ( 'NONE', *, *, #3669, .F. ) ;
#2069 = ORIENTED_EDGE ( 'NONE', *, *, #954, .T. ) ;
#2070 = EDGE_CURVE ( 'NONE', #2253, #1523, #3720, .T. ) ;
#2071 = VECTOR ( 'NONE', #1212, 100.0000000000000000 ) ;
#2072 = CARTESIAN_POINT ( 'NONE',  ( 9.000000000000000000, 8.695000000000002061, 0.6350000000000000089 ) ) ;
#2073 = CARTESIAN_POINT ( 'NONE',  ( -9.409999999999998366, 10.81999999999999140, 0.1349999999999999534 ) ) ;
#2074 = FACE_OUTER_BOUND ( 'NONE', #2564, .T. ) ;
#2075 = ORIENTED_EDGE ( 'NONE', *, *, #1659, .T. ) ;
#2076 = VECTOR ( 'NONE', #3760, 100.0000000000000000 ) ;
#2077 = ORIENTED_EDGE ( 'NONE', *, *, #2226, .F. ) ;
#2078 = PLANE ( 'NONE',  #1204 ) ;
#2079 = DIRECTION ( 'NONE',  ( 0.4999999999999980571, 0.8660254037844398178, 0.000000000000000000 ) ) ;
#2080 = VERTEX_POINT ( 'NONE', #4032 ) ;
#2081 = CARTESIAN_POINT ( 'NONE',  ( -10.81999999999999140, -9.410000000000000142, 0.6350000000000000089 ) ) ;
#2082 = CYLINDRICAL_SURFACE ( 'NONE', #3391, 2.500000000000000888 ) ;
#2083 = CARTESIAN_POINT ( 'NONE',  ( 9.410000000000000142, -10.81999999999999140, 0.6350000000000000089 ) ) ;
#2084 = EDGE_CURVE ( 'NONE', #2918, #2009, #284, .T. ) ;
#2085 = CARTESIAN_POINT ( 'NONE',  ( 10.36499999999999844, -25.63500000000000156, 0.3175000000000000044 ) ) ;
#2086 = VERTEX_POINT ( 'NONE', #2183 ) ;
#2087 = FACE_OUTER_BOUND ( 'NONE', #836, .T. ) ;
#2088 = EDGE_CURVE ( 'NONE', #1743, #3804, #579, .T. ) ;
#2089 = ORIENTED_EDGE ( 'NONE', *, *, #4062, .T. ) ;
#2090 = ORIENTED_EDGE ( 'NONE', *, *, #3238, .F. ) ;
#2091 = DIRECTION ( 'NONE',  ( 1.000000000000000000, -1.817653936845377429E-16, 0.000000000000000000 ) ) ;
#2092 = CARTESIAN_POINT ( 'NONE',  ( 9.000000000000001776, -8.999999999999998224, 0.000000000000000000 ) ) ;
#2093 = EDGE_CURVE ( 'NONE', #3367, #19, #3426, .T. ) ;
#2094 = DIRECTION ( 'NONE',  ( -0.000000000000000000, 0.000000000000000000, 1.000000000000000000 ) ) ;
#2095 = ORIENTED_EDGE ( 'NONE', *, *, #3780, .T. ) ;
#2096 = ORIENTED_EDGE ( 'NONE', *, *, #365, .T. ) ;
#2097 = DIRECTION ( 'NONE',  ( 0.000000000000000000, -1.000000000000000000, 0.000000000000000000 ) ) ;
#2098 = LINE ( 'NONE', #182, #1734 ) ;
#2099 = ORIENTED_EDGE ( 'NONE', *, *, #3099, .F. ) ;
#2100 = LINE ( 'NONE', #3931, #1278 ) ;
#2101 = CARTESIAN_POINT ( 'NONE',  ( 25.63499999999999801, -10.36499999999999311, 0.3175000000000000044 ) ) ;
#2102 = PLANE ( 'NONE',  #3809 ) ;
#2103 = CARTESIAN_POINT ( 'NONE',  ( -8.232042833102433121, 10.19999999999999574, 0.1349999999999999534 ) ) ;
#2104 = VERTEX_POINT ( 'NONE', #2808 ) ;
#2105 = CARTESIAN_POINT ( 'NONE',  ( -8.589999999999998082, 10.81999999999999140, 0.6350000000000000089 ) ) ;
#2106 = EDGE_CURVE ( 'NONE', #2433, #2220, #65, .T. ) ;
#2107 = VERTEX_POINT ( 'NONE', #3166 ) ;
#2108 = ORIENTED_EDGE ( 'NONE', *, *, #2707, .T. ) ;
#2109 = DIRECTION ( 'NONE',  ( 1.000000000000000000, 0.000000000000000000, 0.000000000000000000 ) ) ;
#2110 = DIRECTION ( 'NONE',  ( 0.000000000000000000, 1.000000000000000000, 0.000000000000000000 ) ) ;
#2111 = DIRECTION ( 'NONE',  ( -1.000000000000000000, -1.817653936845377429E-16, 0.000000000000000000 ) ) ;
#2112 = ORIENTED_EDGE ( 'NONE', *, *, #1134, .F. ) ;
#2113 = ORIENTED_EDGE ( 'NONE', *, *, #466, .T. ) ;
#2114 = CARTESIAN_POINT ( 'NONE',  ( 8.589999999999994529, 10.99999999999999645, 0.1349999999999999534 ) ) ;
#2115 = VECTOR ( 'NONE', #3407, 100.0000000000000000 ) ;
#2116 = DIRECTION ( 'NONE',  ( 0.000000000000000000, -1.000000000000000000, 0.000000000000000000 ) ) ;
#2117 = ORIENTED_EDGE ( 'NONE', *, *, #2134, .T. ) ;
#2118 = EDGE_CURVE ( 'NONE', #2979, #151, #3829, .T. ) ;
#2119 = DIRECTION ( 'NONE',  ( 0.000000000000000000, 1.000000000000000000, 0.000000000000000000 ) ) ;
#2120 = PLANE ( 'NONE',  #339 ) ;
#2121 = CARTESIAN_POINT ( 'NONE',  ( -10.19999999999999751, 8.232042833102431345, 0.6350000000000000089 ) ) ;
#2122 = EDGE_CURVE ( 'NONE', #840, #1913, #2846, .T. ) ;
#2123 = LINE ( 'NONE', #4035, #2726 ) ;
#2124 = LINE ( 'NONE', #1237, #1676 ) ;
#2125 = FACE_OUTER_BOUND ( 'NONE', #1211, .T. ) ;
#2126 = ORIENTED_EDGE ( 'NONE', *, *, #1709, .T. ) ;
#2127 = AXIS2_PLACEMENT_3D ( 'NONE', #1116, #3368, #536 ) ;
#2128 = VERTEX_POINT ( 'NONE', #1333 ) ;
#2129 = LINE ( 'NONE', #851, #891 ) ;
#2130 = VECTOR ( 'NONE', #1976, 100.0000000000000000 ) ;
#2131 = VECTOR ( 'NONE', #491, 100.0000000000000000 ) ;
#2132 = CARTESIAN_POINT ( 'NONE',  ( -8.999999999999994671, 8.999999999999998224, 0.000000000000000000 ) ) ;
#2133 = VECTOR ( 'NONE', #842, 100.0000000000000000 ) ;
#2134 = EDGE_CURVE ( 'NONE', #2644, #3096, #1644, .T. ) ;
#2135 = DIRECTION ( 'NONE',  ( 0.000000000000000000, 1.000000000000000000, 0.000000000000000000 ) ) ;
#2136 = AXIS2_PLACEMENT_3D ( 'NONE', #1996, #1945, #1012 ) ;
#2137 = ORIENTED_EDGE ( 'NONE', *, *, #1944, .F. ) ;
#2138 = ORIENTED_EDGE ( 'NONE', *, *, #3657, .T. ) ;
#2139 = CARTESIAN_POINT ( 'NONE',  ( -8.589999999999998082, 10.81999999999999140, 0.1349999999999999534 ) ) ;
#2140 = DIRECTION ( 'NONE',  ( 0.000000000000000000, -1.000000000000000000, 0.000000000000000000 ) ) ;
#2141 = EDGE_CURVE ( 'NONE', #1696, #1579, #329, .T. ) ;
#2142 = VECTOR ( 'NONE', #1493, 100.0000000000000000 ) ;
#2143 = ORIENTED_EDGE ( 'NONE', *, *, #423, .T. ) ;
#2144 = DIRECTION ( 'NONE',  ( 0.000000000000000000, 1.000000000000000000, 0.000000000000000000 ) ) ;
#2145 = CARTESIAN_POINT ( 'NONE',  ( -9.000000000000000000, 9.304999999999999716, 0.000000000000000000 ) ) ;
#2146 = DIRECTION ( 'NONE',  ( 0.000000000000000000, 0.000000000000000000, -1.000000000000000000 ) ) ;
#2147 = AXIS2_PLACEMENT_3D ( 'NONE', #2581, #1020, #299 ) ;
#2148 = EDGE_CURVE ( 'NONE', #3000, #1487, #3551, .T. ) ;
#2149 = CARTESIAN_POINT ( 'NONE',  ( 10.99999999999999112, 8.589999999999998082, 0.6350000000000000089 ) ) ;
#2150 = DIRECTION ( 'NONE',  ( 0.000000000000000000, 0.000000000000000000, 1.000000000000000000 ) ) ;
#2151 = CARTESIAN_POINT ( 'NONE',  ( -7.499999999999998224, 10.99999999999999645, 0.6350000000000000089 ) ) ;
#2152 = ORIENTED_EDGE ( 'NONE', *, *, #1432, .T. ) ;
#2153 = ORIENTED_EDGE ( 'NONE', *, *, #2306, .T. ) ;
#2154 = DIRECTION ( 'NONE',  ( -1.000000000000000000, 0.000000000000000000, -0.000000000000000000 ) ) ;
#2155 = CARTESIAN_POINT ( 'NONE',  ( 8.589999999999999858, -10.99999999999999112, 0.1349999999999999534 ) ) ;
#2156 = CARTESIAN_POINT ( 'NONE',  ( -7.470000000000000639, -7.370000000000000107, 0.4000000000000000222 ) ) ;
#2157 = VERTEX_POINT ( 'NONE', #1030 ) ;
#2158 = ORIENTED_EDGE ( 'NONE', *, *, #2755, .F. ) ;
#2159 = CARTESIAN_POINT ( 'NONE',  ( -7.635000000000003340, 10.99999999999999645, 0.6350000000000000089 ) ) ;
#2160 = EDGE_CURVE ( 'NONE', #1679, #1969, #3848, .T. ) ;
#2161 = PLANE ( 'NONE',  #3990 ) ;
#2162 = ORIENTED_EDGE ( 'NONE', *, *, #2118, .T. ) ;
#2163 = CARTESIAN_POINT ( 'NONE',  ( -10.99999999999999645, -7.500000000000000000, 0.000000000000000000 ) ) ;
#2164 = DIRECTION ( 'NONE',  ( 0.000000000000000000, -1.000000000000000000, 0.000000000000000000 ) ) ;
#2165 = DIRECTION ( 'NONE',  ( 1.000000000000000000, 0.000000000000000000, 0.000000000000000000 ) ) ;
#2166 = CARTESIAN_POINT ( 'NONE',  ( -8.999999999999996447, -9.000000000000001776, 0.000000000000000000 ) ) ;
#2167 = LINE ( 'NONE', #1883, #3866 ) ;
#2168 = LINE ( 'NONE', #1923, #1670 ) ;
#2169 = ORIENTED_EDGE ( 'NONE', *, *, #2088, .T. ) ;
#2170 = ADVANCED_FACE ( 'NONE', ( #2286 ), #1581, .F. ) ;
#2171 = ORIENTED_EDGE ( 'NONE', *, *, #927, .T. ) ;
#2172 = DIRECTION ( 'NONE',  ( -0.000000000000000000, 0.000000000000000000, 1.000000000000000000 ) ) ;
#2173 = DIRECTION ( 'NONE',  ( 1.000000000000000000, 9.251858538542974046E-17, 0.000000000000000000 ) ) ;
#2174 = CARTESIAN_POINT ( 'NONE',  ( -9.409999999999998366, 10.81999999999999140, 0.6350000000000000089 ) ) ;
#2175 = ORIENTED_EDGE ( 'NONE', *, *, #3917, .F. ) ;
#2176 = ORIENTED_EDGE ( 'NONE', *, *, #416, .F. ) ;
#2177 = CARTESIAN_POINT ( 'NONE',  ( -10.36500000000000199, 10.36499999999999133, 0.3175000000000000044 ) ) ;
#2178 = CARTESIAN_POINT ( 'NONE',  ( 10.20000000000000107, -9.767957166897559773, 0.6350000000000000089 ) ) ;
#2179 = ADVANCED_FACE ( 'NONE', ( #991 ), #2246, .F. ) ;
#2180 = ORIENTED_EDGE ( 'NONE', *, *, #331, .F. ) ;
#2181 = VECTOR ( 'NONE', #3121, 100.0000000000000000 ) ;
#2182 = VERTEX_POINT ( 'NONE', #3513 ) ;
#2183 = CARTESIAN_POINT ( 'NONE',  ( -7.370000000000000107, 7.470000000000000639, 0.4000000000000000222 ) ) ;
#2184 = DIRECTION ( 'NONE',  ( 0.000000000000000000, -1.000000000000000000, 0.000000000000000000 ) ) ;
#2185 = CARTESIAN_POINT ( 'NONE',  ( -10.36499999999999666, -7.635000000000001563, 0.3175000000000000044 ) ) ;
#2186 = DIRECTION ( 'NONE',  ( 0.000000000000000000, 1.000000000000000000, 0.000000000000000000 ) ) ;
#2187 = EDGE_CURVE ( 'NONE', #208, #327, #3653, .T. ) ;
#2188 = CARTESIAN_POINT ( 'NONE',  ( -10.49999999999999467, -10.99999999999999645, 0.6350000000000000089 ) ) ;
#2189 = DIRECTION ( 'NONE',  ( 0.000000000000000000, 0.000000000000000000, -1.000000000000000000 ) ) ;
#2190 = ADVANCED_FACE ( 'NONE', ( #677 ), #1937, .T. ) ;
#2191 = EDGE_LOOP ( 'NONE', ( #310, #2624, #3218, #342 ) ) ;
#2192 = ORIENTED_EDGE ( 'NONE', *, *, #2562, .T. ) ;
#2193 = DIRECTION ( 'NONE',  ( 0.000000000000000000, -1.000000000000000000, 0.000000000000000000 ) ) ;
#2194 = VECTOR ( 'NONE', #1899, 100.0000000000000000 ) ;
#2195 = LINE ( 'NONE', #1554, #1650 ) ;
#2196 = ORIENTED_EDGE ( 'NONE', *, *, #2913, .T. ) ;
#2197 = ORIENTED_EDGE ( 'NONE', *, *, #1522, .T. ) ;
#2198 = VECTOR ( 'NONE', #2318, 100.0000000000000000 ) ;
#2199 = ORIENTED_EDGE ( 'NONE', *, *, #508, .T. ) ;
#2200 = VECTOR ( 'NONE', #2146, 100.0000000000000000 ) ;
#2201 = DIRECTION ( 'NONE',  ( 1.000000000000000000, 0.000000000000000000, 0.000000000000000000 ) ) ;
#2202 = LINE ( 'NONE', #1870, #953 ) ;
#2203 = VECTOR ( 'NONE', #740, 100.0000000000000000 ) ;
#2204 = VECTOR ( 'NONE', #890, 100.0000000000000000 ) ;
#2205 = ORIENTED_EDGE ( 'NONE', *, *, #954, .F. ) ;
#2206 = ORIENTED_EDGE ( 'NONE', *, *, #701, .F. ) ;
#2207 = LINE ( 'NONE', #661, #415 ) ;
#2208 = DIRECTION ( 'NONE',  ( 1.000000000000000000, 0.000000000000000000, 0.000000000000000000 ) ) ;
#2209 = AXIS2_PLACEMENT_3D ( 'NONE', #2558, #2910, #1647 ) ;
#2210 = CARTESIAN_POINT ( 'NONE',  ( -10.99999999999999467, 10.49999999999999467, 0.000000000000000000 ) ) ;
#2211 = CARTESIAN_POINT ( 'NONE',  ( 10.81999999999999140, 9.409999999999998366, 0.6350000000000000089 ) ) ;
#2212 = AXIS2_PLACEMENT_3D ( 'NONE', #943, #657, #2201 ) ;
#2213 = CARTESIAN_POINT ( 'NONE',  ( 9.409999999999996589, 10.99999999999999645, 0.1349999999999999534 ) ) ;
#2214 = ADVANCED_FACE ( 'NONE', ( #2264 ), #408, .F. ) ;
#2215 = ORIENTED_EDGE ( 'NONE', *, *, #1836, .F. ) ;
#2216 = ORIENTED_EDGE ( 'NONE', *, *, #3529, .T. ) ;
#2217 = DIRECTION ( 'NONE',  ( 0.000000000000000000, 0.000000000000000000, 1.000000000000000000 ) ) ;
#2218 = DIRECTION ( 'NONE',  ( 1.000000000000000000, 0.000000000000000000, 0.000000000000000000 ) ) ;
#2219 = FACE_OUTER_BOUND ( 'NONE', #1753, .T. ) ;
#2220 = VERTEX_POINT ( 'NONE', #3494 ) ;
#2221 = ORIENTED_EDGE ( 'NONE', *, *, #3131, .F. ) ;
#2222 = ORIENTED_EDGE ( 'NONE', *, *, #298, .F. ) ;
#2223 = PLANE ( 'NONE',  #2212 ) ;
#2224 = DIRECTION ( 'NONE',  ( -1.000000000000000000, 0.000000000000000000, 0.000000000000000000 ) ) ;
#2225 = EDGE_CURVE ( 'NONE', #2569, #997, #2889, .T. ) ;
#2226 = EDGE_CURVE ( 'NONE', #1095, #1239, #702, .T. ) ;
#2227 = ORIENTED_EDGE ( 'NONE', *, *, #3718, .T. ) ;
#2228 = ORIENTED_EDGE ( 'NONE', *, *, #2380, .T. ) ;
#2229 = CARTESIAN_POINT ( 'NONE',  ( -10.99999999999999112, -8.589999999999999858, 0.1349999999999999534 ) ) ;
#2230 = CARTESIAN_POINT ( 'NONE',  ( -10.19999999999999751, 8.232042833102431345, 0.1349999999999999534 ) ) ;
#2231 = FACE_OUTER_BOUND ( 'NONE', #2352, .T. ) ;
#2232 = LINE ( 'NONE', #3500, #94 ) ;
#2233 = EDGE_CURVE ( 'NONE', #3649, #3021, #2207, .T. ) ;
#2234 = ORIENTED_EDGE ( 'NONE', *, *, #3187, .F. ) ;
#2235 = ORIENTED_EDGE ( 'NONE', *, *, #58, .F. ) ;
#2236 = FACE_OUTER_BOUND ( 'NONE', #3501, .T. ) ;
#2237 = DIRECTION ( 'NONE',  ( 0.000000000000000000, 0.000000000000000000, 1.000000000000000000 ) ) ;
#2238 = ORIENTED_EDGE ( 'NONE', *, *, #3563, .F. ) ;
#2239 = VERTEX_POINT ( 'NONE', #1316 ) ;
#2240 = ORIENTED_EDGE ( 'NONE', *, *, #909, .T. ) ;
#2241 = LINE ( 'NONE', #2567, #1284 ) ;
#2242 = LINE ( 'NONE', #1577, #39 ) ;
#2243 = ADVANCED_FACE ( 'NONE', ( #3185 ), #1603, .F. ) ;
#2244 = ORIENTED_EDGE ( 'NONE', *, *, #2418, .F. ) ;
#2245 = ORIENTED_EDGE ( 'NONE', *, *, #914, .F. ) ;
#2246 = PLANE ( 'NONE',  #3058 ) ;
#2247 = DIRECTION ( 'NONE',  ( 0.000000000000000000, 0.000000000000000000, 1.000000000000000000 ) ) ;
#2248 = EDGE_CURVE ( 'NONE', #1095, #936, #1106, .T. ) ;
#2249 = LINE ( 'NONE', #1252, #2065 ) ;
#2250 = LINE ( 'NONE', #3874, #2731 ) ;
#2251 = FACE_BOUND ( 'NONE', #500, .T. ) ;
#2252 = VECTOR ( 'NONE', #1142, 100.0000000000000000 ) ;
#2253 = VERTEX_POINT ( 'NONE', #2969 ) ;
#2254 = CARTESIAN_POINT ( 'NONE',  ( 10.99999999999999645, -9.409999999999994813, 0.1349999999999999534 ) ) ;
#2255 = DIRECTION ( 'NONE',  ( -1.000000000000000000, 0.000000000000000000, 0.000000000000000000 ) ) ;
#2256 = ORIENTED_EDGE ( 'NONE', *, *, #1599, .T. ) ;
#2257 = ORIENTED_EDGE ( 'NONE', *, *, #3192, .F. ) ;
#2258 = VERTEX_POINT ( 'NONE', #490 ) ;
#2259 = DIRECTION ( 'NONE',  ( 0.000000000000000000, 1.000000000000000000, 0.000000000000000000 ) ) ;
#2260 = CARTESIAN_POINT ( 'NONE',  ( 9.767957166897565102, -10.19999999999999396, 0.1349999999999999534 ) ) ;
#2261 = EDGE_CURVE ( 'NONE', #385, #1263, #181, .T. ) ;
#2262 = ORIENTED_EDGE ( 'NONE', *, *, #2350, .T. ) ;
#2263 = ORIENTED_EDGE ( 'NONE', *, *, #3989, .F. ) ;
#2264 = FACE_OUTER_BOUND ( 'NONE', #2371, .T. ) ;
#2265 = VECTOR ( 'NONE', #2189, 100.0000000000000000 ) ;
#2266 = DIRECTION ( 'NONE',  ( 0.000000000000000000, -1.000000000000000000, 0.000000000000000000 ) ) ;
#2267 = EDGE_CURVE ( 'NONE', #4010, #1352, #2053, .T. ) ;
#2268 = VECTOR ( 'NONE', #2058, 100.0000000000000000 ) ;
#2269 = LINE ( 'NONE', #1881, #2653 ) ;
#2270 = AXIS2_PLACEMENT_3D ( 'NONE', #1631, #1357, #2304 ) ;
#2271 = CARTESIAN_POINT ( 'NONE',  ( -25.63500000000000156, -10.36500000000000021, 0.6350000000000000089 ) ) ;
#2272 = DIRECTION ( 'NONE',  ( 0.000000000000000000, -1.000000000000000000, 0.000000000000000000 ) ) ;
#2273 = EDGE_CURVE ( 'NONE', #2704, #878, #1686, .T. ) ;
#2274 = EDGE_CURVE ( 'NONE', #1447, #962, #1371, .T. ) ;
#2275 = VECTOR ( 'NONE', #3805, 100.0000000000000000 ) ;
#2276 = ORIENTED_EDGE ( 'NONE', *, *, #2562, .F. ) ;
#2277 = DIRECTION ( 'NONE',  ( -1.000000000000000000, -9.088269684226887144E-17, 0.000000000000000000 ) ) ;
#2278 = LINE ( 'NONE', #1038, #4070 ) ;
#2279 = VECTOR ( 'NONE', #3620, 100.0000000000000000 ) ;
#2280 = ORIENTED_EDGE ( 'NONE', *, *, #2442, .T. ) ;
#2281 = ORIENTED_EDGE ( 'NONE', *, *, #1801, .T. ) ;
#2282 = FACE_OUTER_BOUND ( 'NONE', #134, .T. ) ;
#2283 = CARTESIAN_POINT ( 'NONE',  ( 8.999999999999998224, 9.000000000000000000, 0.000000000000000000 ) ) ;
#2284 = EDGE_LOOP ( 'NONE', ( #3524, #407, #518, #1556 ) ) ;
#2285 = EDGE_CURVE ( 'NONE', #264, #1078, #1429, .T. ) ;
#2286 = FACE_OUTER_BOUND ( 'NONE', #3810, .T. ) ;
#2287 = DIRECTION ( 'NONE',  ( -0.000000000000000000, 0.000000000000000000, 1.000000000000000000 ) ) ;
#2288 = CARTESIAN_POINT ( 'NONE',  ( -7.370000000000000107, -7.470000000000000639, 0.4000000000000000222 ) ) ;
#2289 = DIRECTION ( 'NONE',  ( 1.000000000000000000, 1.817653936845377429E-16, 0.000000000000000000 ) ) ;
#2290 = FACE_OUTER_BOUND ( 'NONE', #2837, .T. ) ;
#2291 = ORIENTED_EDGE ( 'NONE', *, *, #3361, .F. ) ;
#2292 = CARTESIAN_POINT ( 'NONE',  ( -9.409999999999998366, 10.81999999999999140, 0.1349999999999999534 ) ) ;
#2293 = CARTESIAN_POINT ( 'NONE',  ( -10.99999999999999645, -7.500000000000000000, 0.6350000000000000089 ) ) ;
#2294 = ORIENTED_EDGE ( 'NONE', *, *, #2061, .F. ) ;
#2295 = ORIENTED_EDGE ( 'NONE', *, *, #3957, .F. ) ;
#2296 = DIRECTION ( 'NONE',  ( -1.000000000000000000, 0.000000000000000000, 0.000000000000000000 ) ) ;
#2297 = LINE ( 'NONE', #1349, #3265 ) ;
#2298 = EDGE_LOOP ( 'NONE', ( #42, #283, #1044, #822 ) ) ;
#2299 = ORIENTED_EDGE ( 'NONE', *, *, #4091, .F. ) ;
#2300 = DIRECTION ( 'NONE',  ( 0.000000000000000000, 0.000000000000000000, -1.000000000000000000 ) ) ;
#2301 = CARTESIAN_POINT ( 'NONE',  ( 8.589999999999994529, 10.99999999999999645, 0.1349999999999999534 ) ) ;
#2302 = ADVANCED_FACE ( 'NONE', ( #2629 ), #2078, .F. ) ;
#2303 = DIRECTION ( 'NONE',  ( -9.088269684226887144E-17, 1.000000000000000000, 0.000000000000000000 ) ) ;
#2304 = DIRECTION ( 'NONE',  ( 0.000000000000000000, 1.000000000000000000, 0.000000000000000000 ) ) ;
#2305 = LINE ( 'NONE', #1014, #2529 ) ;
#2306 = EDGE_CURVE ( 'NONE', #4074, #1023, #3317, .T. ) ;
#2307 = CARTESIAN_POINT ( 'NONE',  ( 9.409999999999996589, 10.81999999999999673, 0.6350000000000000089 ) ) ;
#2308 = ORIENTED_EDGE ( 'NONE', *, *, #2632, .F. ) ;
#2309 = VECTOR ( 'NONE', #2208, 100.0000000000000000 ) ;
#2310 = DIRECTION ( 'NONE',  ( 1.000000000000000000, 9.088269684226882214E-17, 0.000000000000000000 ) ) ;
#2311 = EDGE_CURVE ( 'NONE', #1380, #3147, #482, .T. ) ;
#2312 = VERTEX_POINT ( 'NONE', #3340 ) ;
#2313 = ORIENTED_EDGE ( 'NONE', *, *, #3650, .T. ) ;
#2314 = CARTESIAN_POINT ( 'NONE',  ( -10.81999999999999496, 9.409999999999996589, 0.1349999999999999534 ) ) ;
#2315 = CARTESIAN_POINT ( 'NONE',  ( 7.635000000000004228, -10.36499999999999488, 0.3175000000000000044 ) ) ;
#2316 = ORIENTED_EDGE ( 'NONE', *, *, #2018, .T. ) ;
#2317 = ORIENTED_EDGE ( 'NONE', *, *, #3529, .F. ) ;
#2318 = DIRECTION ( 'NONE',  ( -0.000000000000000000, 0.000000000000000000, 1.000000000000000000 ) ) ;
#2319 = VECTOR ( 'NONE', #3418, 100.0000000000000000 ) ;
#2320 = DIRECTION ( 'NONE',  ( 0.000000000000000000, 0.000000000000000000, 1.000000000000000000 ) ) ;
#2321 = AXIS2_PLACEMENT_3D ( 'NONE', #1516, #2781, #3120 ) ;
#2322 = LINE ( 'NONE', #2954, #2994 ) ;
#2323 = DIRECTION ( 'NONE',  ( 0.000000000000000000, 0.000000000000000000, -1.000000000000000000 ) ) ;
#2324 = LINE ( 'NONE', #2577, #34 ) ;
#2325 = VECTOR ( 'NONE', #1747, 100.0000000000000000 ) ;
#2326 = AXIS2_PLACEMENT_3D ( 'NONE', #3889, #2556, #3570 ) ;
#2327 = VECTOR ( 'NONE', #2599, 100.0000000000000000 ) ;
#2328 = VECTOR ( 'NONE', #3148, 100.0000000000000000 ) ;
#2329 = VECTOR ( 'NONE', #3509, 100.0000000000000000 ) ;
#2330 = PLANE ( 'NONE',  #2594 ) ;
#2331 = VERTEX_POINT ( 'NONE', #2987 ) ;
#2332 = FACE_OUTER_BOUND ( 'NONE', #1006, .T. ) ;
#2333 = EDGE_CURVE ( 'NONE', #2644, #1071, #3965, .T. ) ;
#2334 = AXIS2_PLACEMENT_3D ( 'NONE', #1914, #3179, #343 ) ;
#2335 = ORIENTED_EDGE ( 'NONE', *, *, #2021, .T. ) ;
#2336 = ORIENTED_EDGE ( 'NONE', *, *, #1359, .T. ) ;
#2337 = CARTESIAN_POINT ( 'NONE',  ( -10.36499999999999666, -7.635000000000001563, 0.3175000000000000044 ) ) ;
#2338 = CIRCLE ( 'NONE', #1090, 0.3049999999999997158 ) ;
#2339 = CARTESIAN_POINT ( 'NONE',  ( 10.81999999999999140, 8.589999999999998082, 0.1349999999999999534 ) ) ;
#2340 = ORIENTED_EDGE ( 'NONE', *, *, #3557, .T. ) ;
#2341 = ORIENTED_EDGE ( 'NONE', *, *, #3917, .T. ) ;
#2342 = LINE ( 'NONE', #3569, #1138 ) ;
#2343 = DIRECTION ( 'NONE',  ( 1.000000000000000000, 0.000000000000000000, 0.000000000000000000 ) ) ;
#2344 = LINE ( 'NONE', #3596, #2130 ) ;
#2345 = DIRECTION ( 'NONE',  ( 0.4999999999999979461, -0.8660254037844398178, 0.000000000000000000 ) ) ;
#2346 = CARTESIAN_POINT ( 'NONE',  ( -10.36499999999999666, -7.635000000000001563, 0.3175000000000000044 ) ) ;
#2347 = CARTESIAN_POINT ( 'NONE',  ( -10.99999999999999645, -8.589999999999999858, 0.1349999999999999534 ) ) ;
#2348 = ORIENTED_EDGE ( 'NONE', *, *, #2551, .T. ) ;
#2349 = LINE ( 'NONE', #3624, #355 ) ;
#2350 = EDGE_CURVE ( 'NONE', #3155, #3025, #3014, .T. ) ;
#2351 = ORIENTED_EDGE ( 'NONE', *, *, #3575, .F. ) ;
#2352 = EDGE_LOOP ( 'NONE', ( #1178, #3053, #1983, #2015, #1864, #1205, #461, #1595, #3763, #3714, #3306, #1616 ) ) ;
#2353 = DIRECTION ( 'NONE',  ( 0.4999999999999980571, -0.8660254037844398178, 0.000000000000000000 ) ) ;
#2354 = CARTESIAN_POINT ( 'NONE',  ( -10.49999999999999467, -10.99999999999999645, 0.6350000000000000089 ) ) ;
#2355 = CYLINDRICAL_SURFACE ( 'NONE', #1383, 0.3049999999999997158 ) ;
#2356 = VERTEX_POINT ( 'NONE', #161 ) ;
#2357 = VERTEX_POINT ( 'NONE', #2692 ) ;
#2358 = CARTESIAN_POINT ( 'NONE',  ( 9.000000000000001776, -8.999999999999996447, 0.3175000000000000044 ) ) ;
#2359 = CARTESIAN_POINT ( 'NONE',  ( 10.81999999999999851, -9.409999999999994813, 0.6350000000000000089 ) ) ;
#2360 = EDGE_CURVE ( 'NONE', #1268, #612, #818, .T. ) ;
#2361 = CARTESIAN_POINT ( 'NONE',  ( -8.589999999999998082, 10.99999999999999112, 0.6350000000000000089 ) ) ;
#2362 = DIRECTION ( 'NONE',  ( 0.000000000000000000, 0.000000000000000000, 1.000000000000000000 ) ) ;
#2363 = DIRECTION ( 'NONE',  ( -0.000000000000000000, 0.000000000000000000, 1.000000000000000000 ) ) ;
#2364 = LINE ( 'NONE', #3638, #2268 ) ;
#2365 = EDGE_CURVE ( 'NONE', #2683, #2463, #2342, .T. ) ;
#2366 = DIRECTION ( 'NONE',  ( -0.8660254037844398178, 0.4999999999999979461, 0.000000000000000000 ) ) ;
#2367 = ORIENTED_EDGE ( 'NONE', *, *, #1370, .F. ) ;
#2368 = LINE ( 'NONE', #2660, #289 ) ;
#2369 = VECTOR ( 'NONE', #907, 100.0000000000000142 ) ;
#2370 = EDGE_LOOP ( 'NONE', ( #3853, #773, #3161, #2415 ) ) ;
#2371 = EDGE_LOOP ( 'NONE', ( #3487, #1684, #2227, #2636 ) ) ;
#2372 = LINE ( 'NONE', #4023, #432 ) ;
#2373 = CARTESIAN_POINT ( 'NONE',  ( 10.50000000000000000, -10.99999999999999645, 0.000000000000000000 ) ) ;
#2374 = AXIS2_PLACEMENT_3D ( 'NONE', #1845, #3439, #919 ) ;
#2375 = DIRECTION ( 'NONE',  ( 0.000000000000000000, -1.000000000000000000, 0.000000000000000000 ) ) ;
#2376 = VERTEX_POINT ( 'NONE', #3590 ) ;
#2377 = ORIENTED_EDGE ( 'NONE', *, *, #3486, .T. ) ;
#2378 = DIRECTION ( 'NONE',  ( 1.000000000000000000, 0.000000000000000000, 0.000000000000000000 ) ) ;
#2379 = CARTESIAN_POINT ( 'NONE',  ( -8.999999999999994671, 8.999999999999998224, 0.000000000000000000 ) ) ;
#2380 = EDGE_CURVE ( 'NONE', #1539, #3219, #778, .T. ) ;
#2381 = ORIENTED_EDGE ( 'NONE', *, *, #3144, .F. ) ;
#2382 = EDGE_CURVE ( 'NONE', #3351, #4074, #1448, .T. ) ;
#2383 = LINE ( 'NONE', #124, #1476 ) ;
#2384 = LINE ( 'NONE', #1250, #2115 ) ;
#2385 = DIRECTION ( 'NONE',  ( 0.000000000000000000, 0.000000000000000000, 1.000000000000000000 ) ) ;
#2386 = CARTESIAN_POINT ( 'NONE',  ( 10.81999999999999140, 9.409999999999998366, 0.1349999999999999534 ) ) ;
#2387 = VECTOR ( 'NONE', #307, 100.0000000000000000 ) ;
#2388 = VECTOR ( 'NONE', #2405, 100.0000000000000000 ) ;
#2389 = ORIENTED_EDGE ( 'NONE', *, *, #1787, .F. ) ;
#2390 = LINE ( 'NONE', #2701, #2391 ) ;
#2391 = VECTOR ( 'NONE', #2063, 100.0000000000000000 ) ;
#2392 = EDGE_CURVE ( 'NONE', #3942, #401, #2035, .T. ) ;
#2393 = VECTOR ( 'NONE', #2784, 100.0000000000000000 ) ;
#2394 = VECTOR ( 'NONE', #3646, 100.0000000000000142 ) ;
#2395 = ORIENTED_EDGE ( 'NONE', *, *, #2800, .T. ) ;
#2396 = VERTEX_POINT ( 'NONE', #452 ) ;
#2397 = VECTOR ( 'NONE', #2345, 100.0000000000000142 ) ;
#2398 = PLANE ( 'NONE',  #2540 ) ;
#2399 = CARTESIAN_POINT ( 'NONE',  ( 9.410000000000000142, -10.99999999999999112, 0.1349999999999999534 ) ) ;
#2400 = DIRECTION ( 'NONE',  ( 0.000000000000000000, 0.000000000000000000, -1.000000000000000000 ) ) ;
#2401 = ORIENTED_EDGE ( 'NONE', *, *, #2841, .T. ) ;
#2402 = AXIS2_PLACEMENT_3D ( 'NONE', #638, #368, #4089 ) ;
#2403 = VERTEX_POINT ( 'NONE', #1701 ) ;
#2404 = CARTESIAN_POINT ( 'NONE',  ( 10.19999999999999574, 8.232042833102433121, 0.1349999999999999534 ) ) ;
#2405 = DIRECTION ( 'NONE',  ( 0.000000000000000000, 0.000000000000000000, -1.000000000000000000 ) ) ;
#2406 = EDGE_CURVE ( 'NONE', #2533, #1956, #3260, .T. ) ;
#2407 = ORIENTED_EDGE ( 'NONE', *, *, #214, .F. ) ;
#2408 = LINE ( 'NONE', #1092, #1943 ) ;
#2409 = CARTESIAN_POINT ( 'NONE',  ( 10.99999999999999822, 10.36499999999999666, 0.3175000000000000044 ) ) ;
#2410 = DIRECTION ( 'NONE',  ( 0.000000000000000000, 0.000000000000000000, -1.000000000000000000 ) ) ;
#2411 = PLANE ( 'NONE',  #2530 ) ;
#2412 = VERTEX_POINT ( 'NONE', #434 ) ;
#2413 = LINE ( 'NONE', #3687, #1535 ) ;
#2414 = ORIENTED_EDGE ( 'NONE', *, *, #1157, .T. ) ;
#2415 = ORIENTED_EDGE ( 'NONE', *, *, #3817, .T. ) ;
#2416 = LINE ( 'NONE', #3690, #2734 ) ;
#2417 = CARTESIAN_POINT ( 'NONE',  ( 10.69500000000000206, -9.894862706971711216E-16, 16.01329964592964572 ) ) ;
#2418 = EDGE_CURVE ( 'NONE', #727, #1491, #794, .T. ) ;
#2419 = CARTESIAN_POINT ( 'NONE',  ( 10.99999999999999645, -10.36499999999999488, 0.6350000000000000089 ) ) ;
#2420 = ORIENTED_EDGE ( 'NONE', *, *, #3557, .F. ) ;
#2421 = VERTEX_POINT ( 'NONE', #1783 ) ;
#2422 = CYLINDRICAL_SURFACE ( 'NONE', #2601, 0.3049999999999997158 ) ;
#2423 = CARTESIAN_POINT ( 'NONE',  ( 7.470000000000000639, 7.370000000000000107, 0.4000000000000000222 ) ) ;
#2424 = VERTEX_POINT ( 'NONE', #2465 ) ;
#2425 = CARTESIAN_POINT ( 'NONE',  ( -10.99999999999999645, -7.500000000000000000, 0.3175000000000000044 ) ) ;
#2426 = PLANE ( 'NONE',  #3972 ) ;
#2427 = DIRECTION ( 'NONE',  ( 0.000000000000000000, 1.000000000000000000, -0.000000000000000000 ) ) ;
#2428 = CARTESIAN_POINT ( 'NONE',  ( 0.000000000000000000, 0.000000000000000000, 0.4000000000000000222 ) ) ;
#2429 = CARTESIAN_POINT ( 'NONE',  ( -9.000000000000000000, 8.695000000000000284, 0.000000000000000000 ) ) ;
#2430 = PLANE ( 'NONE',  #2064 ) ;
#2431 = EDGE_CURVE ( 'NONE', #1876, #2107, #3741, .T. ) ;
#2432 = ORIENTED_EDGE ( 'NONE', *, *, #2806, .F. ) ;
#2433 = VERTEX_POINT ( 'NONE', #2159 ) ;
#2434 = EDGE_CURVE ( 'NONE', #211, #1352, #1557, .T. ) ;
#2435 = FACE_OUTER_BOUND ( 'NONE', #1132, .T. ) ;
#2436 = CARTESIAN_POINT ( 'NONE',  ( 7.634999999999997122, 10.36499999999999666, 0.6350000000000000089 ) ) ;
#2437 = DIRECTION ( 'NONE',  ( -0.000000000000000000, 0.000000000000000000, 1.000000000000000000 ) ) ;
#2438 = ORIENTED_EDGE ( 'NONE', *, *, #2614, .T. ) ;
#2439 = ORIENTED_EDGE ( 'NONE', *, *, #2306, .F. ) ;
#2440 = FACE_OUTER_BOUND ( 'NONE', #3315, .T. ) ;
#2441 = CARTESIAN_POINT ( 'NONE',  ( -9.409999999999994813, -10.99999999999999645, 0.1349999999999999534 ) ) ;
#2442 = EDGE_CURVE ( 'NONE', #1969, #3506, #3987, .T. ) ;
#2443 = VERTEX_POINT ( 'NONE', #1473 ) ;
#2444 = DIRECTION ( 'NONE',  ( 0.000000000000000000, 0.000000000000000000, 1.000000000000000000 ) ) ;
#2445 = DIRECTION ( 'NONE',  ( 1.000000000000000000, 0.000000000000000000, 0.000000000000000000 ) ) ;
#2446 = APPLICATION_CONTEXT ( 'automotive_design' ) ;
#2447 = LINE ( 'NONE', #2511, #2589 ) ;
#2448 = CARTESIAN_POINT ( 'NONE',  ( 10.36499999999999666, 10.99999999999999467, 0.6350000000000000089 ) ) ;
#2449 = LINE ( 'NONE', #2188, #3267 ) ;
#2450 = FACE_OUTER_BOUND ( 'NONE', #772, .T. ) ;
#2451 = VECTOR ( 'NONE', #2948, 100.0000000000000000 ) ;
#2452 = AXIS2_PLACEMENT_3D ( 'NONE', #1561, #3765, #1852 ) ;
#2453 = ADVANCED_FACE ( 'NONE', ( #1512 ), #2422, .F. ) ;
#2454 = VERTEX_POINT ( 'NONE', #2404 ) ;
#2455 = AXIS2_PLACEMENT_3D ( 'NONE', #690, #399, #1693 ) ;
#2456 = ORIENTED_EDGE ( 'NONE', *, *, #1893, .F. ) ;
#2457 = CARTESIAN_POINT ( 'NONE',  ( 11.00000000000000711, -10.49999999999999467, 0.000000000000000000 ) ) ;
#2458 = AXIS2_PLACEMENT_3D ( 'NONE', #1688, #410, #437 ) ;
#2459 = AXIS2_PLACEMENT_3D ( 'NONE', #2907, #2079, #1430 ) ;
#2460 = CARTESIAN_POINT ( 'NONE',  ( -9.409999999999998366, 10.99999999999999112, 0.1349999999999999534 ) ) ;
#2461 = LINE ( 'NONE', #1863, #1519 ) ;
#2462 = STYLED_ITEM ( 'NONE', ( #1218 ), #1626 ) ;
#2463 = VERTEX_POINT ( 'NONE', #3715 ) ;
#2464 = ORIENTED_EDGE ( 'NONE', *, *, #3495, .T. ) ;
#2465 = CARTESIAN_POINT ( 'NONE',  ( 10.99999999999999112, 9.409999999999998366, 0.6350000000000000089 ) ) ;
#2466 = PLANE ( 'NONE',  #426 ) ;
#2467 = VECTOR ( 'NONE', #2154, 100.0000000000000000 ) ;
#2468 = ORIENTED_EDGE ( 'NONE', *, *, #1182, .F. ) ;
#2469 = DIRECTION ( 'NONE',  ( 0.000000000000000000, -1.000000000000000000, 0.000000000000000000 ) ) ;
#2470 = DIRECTION ( 'NONE',  ( -1.000000000000000000, -1.817653936845377429E-16, 0.000000000000000000 ) ) ;
#2471 = CYLINDRICAL_SURFACE ( 'NONE', #2595, 0.3049999999999997158 ) ;
#2472 = AXIS2_PLACEMENT_3D ( 'NONE', #1791, #843, #825 ) ;
#2473 = LINE ( 'NONE', #1156, #3460 ) ;
#2474 = CARTESIAN_POINT ( 'NONE',  ( 7.470000000000000639, -7.370000000000000107, 0.000000000000000000 ) ) ;
#2475 = CARTESIAN_POINT ( 'NONE',  ( 10.99999999999999645, 8.589999999999998082, 0.1349999999999999534 ) ) ;
#2476 = ORIENTED_EDGE ( 'NONE', *, *, #1508, .T. ) ;
#2477 = ORIENTED_EDGE ( 'NONE', *, *, #2406, .F. ) ;
#2478 = DIRECTION ( 'NONE',  ( 0.000000000000000000, 1.000000000000000000, 0.000000000000000000 ) ) ;
#2479 = FACE_OUTER_BOUND ( 'NONE', #1057, .T. ) ;
#2480 = ADVANCED_FACE ( 'NONE', ( #2440 ), #903, .F. ) ;
#2481 = DIRECTION ( 'NONE',  ( 0.000000000000000000, 1.000000000000000000, 0.000000000000000000 ) ) ;
#2482 = ORIENTED_EDGE ( 'NONE', *, *, #4038, .T. ) ;
#2483 = EDGE_LOOP ( 'NONE', ( #1196, #2482 ) ) ;
#2484 = CARTESIAN_POINT ( 'NONE',  ( -10.36499999999999488, -10.36499999999999844, 0.3175000000000000044 ) ) ;
#2485 = CARTESIAN_POINT ( 'NONE',  ( -8.589999999999998082, 10.99999999999999112, 0.1349999999999999534 ) ) ;
#2486 = ORIENTED_EDGE ( 'NONE', *, *, #3761, .T. ) ;
#2487 = ORIENTED_EDGE ( 'NONE', *, *, #3492, .F. ) ;
#2488 = LINE ( 'NONE', #3055, #2071 ) ;
#2489 = LINE ( 'NONE', #1190, #2181 ) ;
#2490 = DIRECTION ( 'NONE',  ( 1.000000000000000000, 1.817653936845377429E-16, 0.000000000000000000 ) ) ;
#2491 = EDGE_CURVE ( 'NONE', #3329, #3248, #2739, .T. ) ;
#2492 = CARTESIAN_POINT ( 'NONE',  ( -10.99999999999999645, -7.500000000000000000, 0.3175000000000000044 ) ) ;
#2493 = CARTESIAN_POINT ( 'NONE',  ( -10.19999999999999396, -8.232042833102434898, 0.1349999999999999534 ) ) ;
#2494 = CARTESIAN_POINT ( 'NONE',  ( 9.000000000000001776, -9.304999999999997939, 0.6350000000000000089 ) ) ;
#2495 = EDGE_CURVE ( 'NONE', #752, #896, #3115, .T. ) ;
#2496 = EDGE_CURVE ( 'NONE', #3533, #3562, #3003, .T. ) ;
#2497 = ORIENTED_EDGE ( 'NONE', *, *, #735, .T. ) ;
#2498 = EDGE_CURVE ( 'NONE', #3198, #2569, #3422, .T. ) ;
#2499 = VERTEX_POINT ( 'NONE', #3443 ) ;
#2500 = CARTESIAN_POINT ( 'NONE',  ( -8.999999999999998224, -9.000000000000001776, 0.000000000000000000 ) ) ;
#2501 = DIRECTION ( 'NONE',  ( 0.000000000000000000, -1.000000000000000000, 0.000000000000000000 ) ) ;
#2502 = ORIENTED_EDGE ( 'NONE', *, *, #440, .T. ) ;
#2503 = ORIENTED_EDGE ( 'NONE', *, *, #1815, .F. ) ;
#2504 = FACE_OUTER_BOUND ( 'NONE', #367, .T. ) ;
#2505 = CARTESIAN_POINT ( 'NONE',  ( -7.470000000000000639, 7.370000000000000107, 0.000000000000000000 ) ) ;
#2506 = ORIENTED_EDGE ( 'NONE', *, *, #72, .T. ) ;
#2507 = ORIENTED_EDGE ( 'NONE', *, *, #3062, .F. ) ;
#2508 = ADVANCED_FACE ( 'NONE', ( #280 ), #2777, .F. ) ;
#2509 = CARTESIAN_POINT ( 'NONE',  ( -10.19999999999999751, 8.232042833102431345, 0.1349999999999999534 ) ) ;
#2510 = FACE_OUTER_BOUND ( 'NONE', #1981, .T. ) ;
#2511 = CARTESIAN_POINT ( 'NONE',  ( 9.409999999999996589, 10.99999999999999645, 0.1349999999999999534 ) ) ;
#2512 = LINE ( 'NONE', #2211, #2794 ) ;
#2513 = FACE_OUTER_BOUND ( 'NONE', #1492, .T. ) ;
#2514 = DIRECTION ( 'NONE',  ( 0.000000000000000000, 0.000000000000000000, -1.000000000000000000 ) ) ;
#2515 = ORIENTED_EDGE ( 'NONE', *, *, #2084, .F. ) ;
#2516 = ORIENTED_EDGE ( 'NONE', *, *, #4048, .F. ) ;
#2517 = EDGE_CURVE ( 'NONE', #2253, #1559, #4049, .T. ) ;
#2518 = CARTESIAN_POINT ( 'NONE',  ( -9.000000000000000000, 9.000000000000000000, 0.000000000000000000 ) ) ;
#2519 = AXIS2_PLACEMENT_3D ( 'NONE', #1258, #1841, #1617 ) ;
#2520 = VECTOR ( 'NONE', #2119, 100.0000000000000000 ) ;
#2521 = CARTESIAN_POINT ( 'NONE',  ( 9.410000000000000142, -10.81999999999999140, 0.1349999999999999534 ) ) ;
#2522 = CIRCLE ( 'NONE', #3202, 2.500000000000003553 ) ;
#2523 = ORIENTED_EDGE ( 'NONE', *, *, #3887, .F. ) ;
#2524 = ORIENTED_EDGE ( 'NONE', *, *, #416, .T. ) ;
#2525 = VECTOR ( 'NONE', #2909, 100.0000000000000142 ) ;
#2526 = VECTOR ( 'NONE', #779, 100.0000000000000000 ) ;
#2527 = CARTESIAN_POINT ( 'NONE',  ( -9.409999999999998366, 10.99999999999999112, 0.6350000000000000089 ) ) ;
#2528 = LINE ( 'NONE', #370, #3996 ) ;
#2529 = VECTOR ( 'NONE', #1320, 100.0000000000000000 ) ;
#2530 = AXIS2_PLACEMENT_3D ( 'NONE', #2746, #1483, #867 ) ;
#2531 = AXIS2_PLACEMENT_3D ( 'NONE', #880, #4050, #1247 ) ;
#2532 = ORIENTED_EDGE ( 'NONE', *, *, #2538, .F. ) ;
#2533 = VERTEX_POINT ( 'NONE', #857 ) ;
#2534 = CARTESIAN_POINT ( 'NONE',  ( 7.634999999999997122, 10.36499999999999666, 0.3175000000000000044 ) ) ;
#2535 = VECTOR ( 'NONE', #455, 100.0000000000000000 ) ;
#2536 = LINE ( 'NONE', #974, #2863 ) ;
#2537 = AXIS2_PLACEMENT_3D ( 'NONE', #2139, #3080, #3050 ) ;
#2538 = EDGE_CURVE ( 'NONE', #3367, #2979, #3696, .T. ) ;
#2539 = PLANE ( 'NONE',  #157 ) ;
#2540 = AXIS2_PLACEMENT_3D ( 'NONE', #3673, #1778, #832 ) ;
#2541 = FACE_OUTER_BOUND ( 'NONE', #3445, .T. ) ;
#2542 = DIRECTION ( 'NONE',  ( 1.000000000000000000, 0.000000000000000000, 0.000000000000000000 ) ) ;
#2543 = VERTEX_POINT ( 'NONE', #3403 ) ;
#2544 = ORIENTED_EDGE ( 'NONE', *, *, #2936, .T. ) ;
#2545 = CARTESIAN_POINT ( 'NONE',  ( -7.634999999999996234, -10.36499999999999844, 0.6350000000000000089 ) ) ;
#2546 = CARTESIAN_POINT ( 'NONE',  ( -10.81999999999999140, -8.589999999999999858, 0.1349999999999999534 ) ) ;
#2547 = ORIENTED_EDGE ( 'NONE', *, *, #3409, .T. ) ;
#2548 = ORIENTED_EDGE ( 'NONE', *, *, #2106, .T. ) ;
#2549 = LINE ( 'NONE', #1970, #2275 ) ;
#2550 = DIRECTION ( 'NONE',  ( 0.000000000000000000, -1.000000000000000000, 0.000000000000000000 ) ) ;
#2551 = EDGE_CURVE ( 'NONE', #4083, #878, #574, .T. ) ;
#2552 = VERTEX_POINT ( 'NONE', #4072 ) ;
#2553 = ORIENTED_EDGE ( 'NONE', *, *, #143, .F. ) ;
#2554 = EDGE_CURVE ( 'NONE', #1226, #2859, #1228, .T. ) ;
#2555 = DIRECTION ( 'NONE',  ( 0.000000000000000000, 0.000000000000000000, -1.000000000000000000 ) ) ;
#2556 = DIRECTION ( 'NONE',  ( 0.000000000000000000, 0.000000000000000000, 1.000000000000000000 ) ) ;
#2557 = CARTESIAN_POINT ( 'NONE',  ( 10.99999999999999112, 9.409999999999998366, 0.1349999999999999534 ) ) ;
#2558 = CARTESIAN_POINT ( 'NONE',  ( 7.635000000000004228, -10.36499999999999488, 0.3175000000000000044 ) ) ;
#2559 = LINE ( 'NONE', #3517, #2203 ) ;
#2560 = VERTEX_POINT ( 'NONE', #2177 ) ;
#2561 = ORIENTED_EDGE ( 'NONE', *, *, #380, .F. ) ;
#2562 = EDGE_CURVE ( 'NONE', #637, #1478, #1025, .T. ) ;
#2563 = CARTESIAN_POINT ( 'NONE',  ( 9.000000000000000000, 8.695000000000002061, 0.000000000000000000 ) ) ;
#2564 = EDGE_LOOP ( 'NONE', ( #1327, #1973, #1307, #2503 ) ) ;
#2565 = ADVANCED_FACE ( 'NONE', ( #2282 ), #2885, .F. ) ;
#2566 = ORIENTED_EDGE ( 'NONE', *, *, #548, .T. ) ;
#2567 = CARTESIAN_POINT ( 'NONE',  ( 0.000000000000000000, -8.030000000000002913, 0.4000000000000000222 ) ) ;
#2568 = CARTESIAN_POINT ( 'NONE',  ( -10.99999999999999467, 9.409999999999996589, 0.1349999999999999534 ) ) ;
#2569 = VERTEX_POINT ( 'NONE', #2527 ) ;
#2570 = ORIENTED_EDGE ( 'NONE', *, *, #3206, .T. ) ;
#2571 = CARTESIAN_POINT ( 'NONE',  ( -10.69500000000000384, -9.894862706971711216E-16, 0.000000000000000000 ) ) ;
#2572 = EDGE_CURVE ( 'NONE', #3510, #23, #325, .T. ) ;
#2573 = DIRECTION ( 'NONE',  ( 0.000000000000000000, -1.000000000000000000, 0.000000000000000000 ) ) ;
#2574 = EDGE_CURVE ( 'NONE', #1226, #3507, #3863, .T. ) ;
#2575 = LINE ( 'NONE', #3850, #2525 ) ;
#2576 = LINE ( 'NONE', #3555, #3531 ) ;
#2577 = CARTESIAN_POINT ( 'NONE',  ( -9.767957166897559773, -10.20000000000000107, 0.6350000000000000089 ) ) ;
#2578 = AXIS2_PLACEMENT_3D ( 'NONE', #4077, #2470, #3721 ) ;
#2579 = ORIENTED_EDGE ( 'NONE', *, *, #640, .F. ) ;
#2580 = CARTESIAN_POINT ( 'NONE',  ( 7.635000000000004228, -10.36499999999999488, 0.3175000000000000044 ) ) ;
#2581 = CARTESIAN_POINT ( 'NONE',  ( -9.000000000000000000, 9.000000000000000000, 0.6350000000000000089 ) ) ;
#2582 = EDGE_CURVE ( 'NONE', #1446, #3979, #1576, .T. ) ;
#2583 = ORIENTED_EDGE ( 'NONE', *, *, #1033, .F. ) ;
#2584 = ORIENTED_EDGE ( 'NONE', *, *, #2756, .F. ) ;
#2585 = DIRECTION ( 'NONE',  ( -1.000000000000000000, 0.000000000000000000, -0.000000000000000000 ) ) ;
#2586 = PLANE ( 'NONE',  #3134 ) ;
#2587 = VECTOR ( 'NONE', #3584, 100.0000000000000000 ) ;
#2588 = VECTOR ( 'NONE', #1063, 100.0000000000000000 ) ;
#2589 = VECTOR ( 'NONE', #1814, 100.0000000000000000 ) ;
#2590 = ORIENTED_EDGE ( 'NONE', *, *, #594, .T. ) ;
#2591 = ORIENTED_EDGE ( 'NONE', *, *, #183, .T. ) ;
#2592 = DIRECTION ( 'NONE',  ( 0.000000000000000000, 1.000000000000000000, 0.000000000000000000 ) ) ;
#2593 = CARTESIAN_POINT ( 'NONE',  ( 8.999999999999998224, 9.000000000000000000, 0.6350000000000000089 ) ) ;
#2594 = AXIS2_PLACEMENT_3D ( 'NONE', #1418, #2974, #3639 ) ;
#2595 = AXIS2_PLACEMENT_3D ( 'NONE', #1902, #3167, #330 ) ;
#2596 = LINE ( 'NONE', #2674, #686 ) ;
#2597 = VECTOR ( 'NONE', #863, 100.0000000000000000 ) ;
#2598 = PLANE ( 'NONE',  #2270 ) ;
#2599 = DIRECTION ( 'NONE',  ( -0.000000000000000000, 0.000000000000000000, 1.000000000000000000 ) ) ;
#2600 = ADVANCED_FACE ( 'NONE', ( #1895 ), #3528, .T. ) ;
#2601 = AXIS2_PLACEMENT_3D ( 'NONE', #1148, #1808, #2097 ) ;
#2602 = ORIENTED_EDGE ( 'NONE', *, *, #2936, .F. ) ;
#2603 = CARTESIAN_POINT ( 'NONE',  ( 0.000000000000000000, 7.470000000000000639, 0.000000000000000000 ) ) ;
#2604 = DIRECTION ( 'NONE',  ( -1.000000000000000000, 0.000000000000000000, -0.000000000000000000 ) ) ;
#2605 = ORIENTED_EDGE ( 'NONE', *, *, #2766, .T. ) ;
#2606 = ORIENTED_EDGE ( 'NONE', *, *, #2616, .T. ) ;
#2607 = CARTESIAN_POINT ( 'NONE',  ( 9.767957166897565102, -10.19999999999999396, 0.6350000000000000089 ) ) ;
#2608 = EDGE_CURVE ( 'NONE', #1268, #3351, #3778, .T. ) ;
#2609 = LINE ( 'NONE', #1933, #1144 ) ;
#2610 = EDGE_LOOP ( 'NONE', ( #3357, #4004, #450, #2162 ) ) ;
#2611 = ORIENTED_EDGE ( 'NONE', *, *, #684, .T. ) ;
#2612 = DIRECTION ( 'NONE',  ( 0.000000000000000000, -1.000000000000000000, 0.000000000000000000 ) ) ;
#2613 = CARTESIAN_POINT ( 'NONE',  ( 10.36499999999999844, -10.99999999999999645, 0.3175000000000000044 ) ) ;
#2614 = EDGE_CURVE ( 'NONE', #187, #1830, #695, .T. ) ;
#2615 = CARTESIAN_POINT ( 'NONE',  ( -8.589999999999998082, 10.99999999999999112, 0.1349999999999999534 ) ) ;
#2616 = EDGE_CURVE ( 'NONE', #922, #3545, #3235, .T. ) ;
#2617 = PLANE ( 'NONE',  #2136 ) ;
#2618 = CARTESIAN_POINT ( 'NONE',  ( -10.69500000000000384, -9.894862706971711216E-16, 0.3175000000000011147 ) ) ;
#2619 = FACE_OUTER_BOUND ( 'NONE', #656, .T. ) ;
#2620 = VERTEX_POINT ( 'NONE', #77 ) ;
#2621 = DIRECTION ( 'NONE',  ( -0.000000000000000000, 0.000000000000000000, 1.000000000000000000 ) ) ;
#2622 = EDGE_CURVE ( 'NONE', #3214, #2620, #1328, .T. ) ;
#2623 = ORIENTED_EDGE ( 'NONE', *, *, #75, .F. ) ;
#2624 = ORIENTED_EDGE ( 'NONE', *, *, #1578, .T. ) ;
#2625 = LINE ( 'NONE', #427, #1681 ) ;
#2626 = FACE_OUTER_BOUND ( 'NONE', #1827, .T. ) ;
#2627 = ORIENTED_EDGE ( 'NONE', *, *, #1703, .T. ) ;
#2628 = ORIENTED_EDGE ( 'NONE', *, *, #2333, .T. ) ;
#2629 = FACE_OUTER_BOUND ( 'NONE', #1641, .T. ) ;
#2630 = LINE ( 'NONE', #3593, #2526 ) ;
#2631 = DIRECTION ( 'NONE',  ( 1.000000000000000000, 0.000000000000000000, 0.000000000000000000 ) ) ;
#2632 = EDGE_CURVE ( 'NONE', #2683, #2704, #2241, .T. ) ;
#2633 = DIRECTION ( 'NONE',  ( -0.000000000000000000, 0.000000000000000000, 1.000000000000000000 ) ) ;
#2634 = CARTESIAN_POINT ( 'NONE',  ( 7.162345244612031259, 10.69499999999999673, 0.3175000000000000044 ) ) ;
#2635 = DIRECTION ( 'NONE',  ( 0.000000000000000000, 0.000000000000000000, -1.000000000000000000 ) ) ;
#2636 = ORIENTED_EDGE ( 'NONE', *, *, #3172, .T. ) ;
#2637 = AXIS2_PLACEMENT_3D ( 'NONE', #1813, #2164, #312 ) ;
#2638 = DIRECTION ( 'NONE',  ( 9.088269684226882214E-17, -1.000000000000000000, 0.000000000000000000 ) ) ;
#2639 = EDGE_CURVE ( 'NONE', #489, #2723, #1882, .T. ) ;
#2640 = ORIENTED_EDGE ( 'NONE', *, *, #2968, .T. ) ;
#2641 = ORIENTED_EDGE ( 'NONE', *, *, #1909, .F. ) ;
#2642 = DIRECTION ( 'NONE',  ( -0.4999999999999979461, 0.8660254037844398178, -0.000000000000000000 ) ) ;
#2643 = CARTESIAN_POINT ( 'NONE',  ( 10.99999999999999645, 7.635000000000004228, 0.6350000000000000089 ) ) ;
#2644 = VERTEX_POINT ( 'NONE', #1264 ) ;
#2645 = EDGE_LOOP ( 'NONE', ( #2051, #1936, #2153, #1906, #3441, #17, #1002, #1185 ) ) ;
#2646 = CARTESIAN_POINT ( 'NONE',  ( 10.99999999999999645, -9.409999999999994813, 0.1349999999999999534 ) ) ;
#2647 = CARTESIAN_POINT ( 'NONE',  ( -8.999999999999996447, -9.000000000000001776, 0.000000000000000000 ) ) ;
#2648 = VECTOR ( 'NONE', #3869, 100.0000000000000000 ) ;
#2649 = LINE ( 'NONE', #3572, #3920 ) ;
#2650 = VECTOR ( 'NONE', #2542, 100.0000000000000000 ) ;
#2651 = CARTESIAN_POINT ( 'NONE',  ( -9.409999999999994813, -10.81999999999999851, 0.1349999999999999534 ) ) ;
#2652 = PLANE ( 'NONE',  #80 ) ;
#2653 = VECTOR ( 'NONE', #3151, 100.0000000000000000 ) ;
#2654 = VECTOR ( 'NONE', #2490, 100.0000000000000000 ) ;
#2655 = ADVANCED_FACE ( 'NONE', ( #3162 ), #1295, .F. ) ;
#2656 = VECTOR ( 'NONE', #1978, 100.0000000000000142 ) ;
#2657 = AXIS2_PLACEMENT_3D ( 'NONE', #1585, #2289, #3212 ) ;
#2658 = CARTESIAN_POINT ( 'NONE',  ( -10.99999999999999467, 10.49999999999999467, 0.6350000000000000089 ) ) ;
#2659 = ORIENTED_EDGE ( 'NONE', *, *, #1801, .F. ) ;
#2660 = CARTESIAN_POINT ( 'NONE',  ( 10.49999999999999467, 10.99999999999999467, 0.6350000000000000089 ) ) ;
#2661 = VECTOR ( 'NONE', #3582, 100.0000000000000000 ) ;
#2662 = VERTEX_POINT ( 'NONE', #3488 ) ;
#2663 = VERTEX_POINT ( 'NONE', #712 ) ;
#2664 = EDGE_CURVE ( 'NONE', #3203, #3219, #2549, .T. ) ;
#2665 = FACE_BOUND ( 'NONE', #488, .T. ) ;
#2666 = AXIS2_PLACEMENT_3D ( 'NONE', #964, #1927, #2855 ) ;
#2667 = CARTESIAN_POINT ( 'NONE',  ( 8.232042833102434898, -10.19999999999999396, 0.1349999999999999534 ) ) ;
#2668 = CARTESIAN_POINT ( 'NONE',  ( -8.029999999999997584, 8.030000000000004690, 0.4000000000000000222 ) ) ;
#2669 = ORIENTED_EDGE ( 'NONE', *, *, #689, .F. ) ;
#2670 = EDGE_LOOP ( 'NONE', ( #1472, #2381 ) ) ;
#2671 = CARTESIAN_POINT ( 'NONE',  ( -10.49999999999999467, -10.99999999999999645, 0.3175000000000000044 ) ) ;
#2672 = EDGE_CURVE ( 'NONE', #1292, #3329, #403, .T. ) ;
#2673 = CARTESIAN_POINT ( 'NONE',  ( -7.470000000000000639, -0.000000000000000000, 0.000000000000000000 ) ) ;
#2674 = CARTESIAN_POINT ( 'NONE',  ( 10.19999999999999574, 8.232042833102433121, 0.1349999999999999534 ) ) ;
#2675 = ADVANCED_FACE ( 'NONE', ( #2504 ), #2223, .T. ) ;
#2676 = CARTESIAN_POINT ( 'NONE',  ( 10.99999999999999645, 10.49999999999999822, 0.6350000000000000089 ) ) ;
#2677 = CARTESIAN_POINT ( 'NONE',  ( 10.99999999999999645, 7.499999999999998224, 0.6350000000000000089 ) ) ;
#2678 = LINE ( 'NONE', #3953, #3792 ) ;
#2679 = LINE ( 'NONE', #2959, #1799 ) ;
#2680 = ORIENTED_EDGE ( 'NONE', *, *, #2380, .F. ) ;
#2681 = CARTESIAN_POINT ( 'NONE',  ( 8.999999999999998224, 9.000000000000000000, 0.6350000000000000089 ) ) ;
#2682 = ADVANCED_FACE ( 'NONE', ( #20 ), #968, .T. ) ;
#2683 = VERTEX_POINT ( 'NONE', #3824 ) ;
#2684 = ADVANCED_FACE ( 'NONE', ( #1100 ), #2921, .F. ) ;
#2685 = ORIENTED_EDGE ( 'NONE', *, *, #4048, .T. ) ;
#2686 = FACE_OUTER_BOUND ( 'NONE', #96, .T. ) ;
#2687 = DIRECTION ( 'NONE',  ( 0.000000000000000000, 1.000000000000000000, 0.000000000000000000 ) ) ;
#2688 = EDGE_CURVE ( 'NONE', #2182, #361, #774, .T. ) ;
#2689 = DIRECTION ( 'NONE',  ( 1.000000000000000000, 0.000000000000000000, 0.000000000000000000 ) ) ;
#2690 = ORIENTED_EDGE ( 'NONE', *, *, #214, .T. ) ;
#2691 = VERTEX_POINT ( 'NONE', #99 ) ;
#2692 = CARTESIAN_POINT ( 'NONE',  ( 10.69500000000000206, -7.162345244612028594, 0.3175000000000000044 ) ) ;
#2693 = CARTESIAN_POINT ( 'NONE',  ( -9.767957166897559773, -10.20000000000000107, 0.6350000000000000089 ) ) ;
#2694 = ADVANCED_FACE ( 'NONE', ( #3334 ), #1347, .T. ) ;
#2695 = ORIENTED_EDGE ( 'NONE', *, *, #3877, .T. ) ;
#2696 = DIRECTION ( 'NONE',  ( 0.000000000000000000, 1.000000000000000000, 0.000000000000000000 ) ) ;
#2697 = DIRECTION ( 'NONE',  ( -0.000000000000000000, 0.000000000000000000, 1.000000000000000000 ) ) ;
#2698 = CARTESIAN_POINT ( 'NONE',  ( 10.99999999999999645, 7.499999999999998224, 0.000000000000000000 ) ) ;
#2699 = LINE ( 'NONE', #1673, #3660 ) ;
#2700 = VERTEX_POINT ( 'NONE', #2607 ) ;
#2701 = CARTESIAN_POINT ( 'NONE',  ( -8.232042833102433121, 10.19999999999999574, 0.1349999999999999534 ) ) ;
#2702 = VECTOR ( 'NONE', #1291, 100.0000000000000000 ) ;
#2703 = ORIENTED_EDGE ( 'NONE', *, *, #3023, .T. ) ;
#2704 = VERTEX_POINT ( 'NONE', #1381 ) ;
#2705 = LINE ( 'NONE', #3755, #2804 ) ;
#2706 = LINE ( 'NONE', #3009, #2714 ) ;
#2707 = EDGE_CURVE ( 'NONE', #1969, #1263, #3565, .T. ) ;
#2708 = CARTESIAN_POINT ( 'NONE',  ( -10.99999999999999112, -9.410000000000000142, 0.1349999999999999534 ) ) ;
#2709 = ORIENTED_EDGE ( 'NONE', *, *, #2274, .F. ) ;
#2710 = ORIENTED_EDGE ( 'NONE', *, *, #3023, .F. ) ;
#2711 = DIRECTION ( 'NONE',  ( -2.726480905268065897E-16, 1.000000000000000000, -0.000000000000000000 ) ) ;
#2712 = DIRECTION ( 'NONE',  ( 0.000000000000000000, 0.000000000000000000, 1.000000000000000000 ) ) ;
#2713 = ORIENTED_EDGE ( 'NONE', *, *, #3799, .F. ) ;
#2714 = VECTOR ( 'NONE', #1682, 100.0000000000000000 ) ;
#2715 = CARTESIAN_POINT ( 'NONE',  ( -9.409999999999994813, -10.99999999999999645, 0.1349999999999999534 ) ) ;
#2716 = CLOSED_SHELL ( 'NONE', ( #3046, #3262, #2453, #861, #2753, #604, #2831, #1110, #4013, #1283, #2682, #4042, #360, #2032, #2190, #430, #1160, #1819, #3352, #203, #1776, #2694, #1174, #732, #3320, #1000, #3808, #3106, #679, #2675, #2958, #1421, #1304, #1652, #2879, #980, #2243, #457, #3865, #3705, #913, #258, #2302, #3250, #3616, #3430, #3413, #2170, #2787, #384, #24, #1055, #3973, #2565, #127, #3919, #1723, #129, #2933, #3826, #3111, #2684, #3008, #1410, #3371, #1203, #3736, #3232, #2957, #1026, #799, #1990, #3606, #2508, #1277, #51, #3977, #1355, #168, #3433, #2765, #1705, #1549, #3844, #1712, #2655, #1768, #3924, #1655, #1961, #780, #3737, #4030, #1602, #1257, #250, #2214, #1486, #3672, #2179, #992, #132, #3181, #397, #674, #1039, #762, #631, #2600, #3592, #3684, #856, #3112, #2480, #1246, #1932, #3052, #988, #245, #1751, #36, #3002, #649, #190 ) ) ;
#2717 = LINE ( 'NONE', #145, #206 ) ;
#2718 = LINE ( 'NONE', #2698, #1288 ) ;
#2719 = VECTOR ( 'NONE', #3039, 100.0000000000000000 ) ;
#2720 = CARTESIAN_POINT ( 'NONE',  ( 0.000000000000000000, 0.000000000000000000, 0.1349999999999999534 ) ) ;
#2721 = VECTOR ( 'NONE', #3031, 100.0000000000000000 ) ;
#2722 = VECTOR ( 'NONE', #3903, 100.0000000000000142 ) ;
#2723 = VERTEX_POINT ( 'NONE', #2072 ) ;
#2724 = FACE_OUTER_BOUND ( 'NONE', #451, .T. ) ;
#2725 = VECTOR ( 'NONE', #3273, 100.0000000000000142 ) ;
#2726 = VECTOR ( 'NONE', #561, 100.0000000000000000 ) ;
#2727 = VECTOR ( 'NONE', #3825, 100.0000000000000000 ) ;
#2728 = ORIENTED_EDGE ( 'NONE', *, *, #2261, .F. ) ;
#2729 = EDGE_CURVE ( 'NONE', #3868, #74, #3006, .T. ) ;
#2730 = ORIENTED_EDGE ( 'NONE', *, *, #899, .T. ) ;
#2731 = VECTOR ( 'NONE', #841, 100.0000000000000000 ) ;
#2732 = CARTESIAN_POINT ( 'NONE',  ( 8.232042833102434898, -10.19999999999999396, 0.6350000000000000089 ) ) ;
#2733 = CARTESIAN_POINT ( 'NONE',  ( 10.99999999999999645, -10.49999999999999467, 0.3175000000000000044 ) ) ;
#2734 = VECTOR ( 'NONE', #1163, 100.0000000000000000 ) ;
#2735 = CARTESIAN_POINT ( 'NONE',  ( -10.99999999999999645, -10.50000000000000000, 0.6350000000000000089 ) ) ;
#2736 = ORIENTED_EDGE ( 'NONE', *, *, #1900, .F. ) ;
#2737 = AXIS2_PLACEMENT_3D ( 'NONE', #3645, #1738, #3960 ) ;
#2738 = ORIENTED_EDGE ( 'NONE', *, *, #2491, .T. ) ;
#2739 = LINE ( 'NONE', #2760, #231 ) ;
#2740 = LINE ( 'NONE', #1534, #1805 ) ;
#2741 = ORIENTED_EDGE ( 'NONE', *, *, #1901, .T. ) ;
#2742 = EDGE_CURVE ( 'NONE', #2086, #3900, #729, .T. ) ;
#2743 = CARTESIAN_POINT ( 'NONE',  ( 10.99999999999999645, -9.409999999999994813, 0.6350000000000000089 ) ) ;
#2744 = DIRECTION ( 'NONE',  ( 0.000000000000000000, -1.000000000000000000, 0.000000000000000000 ) ) ;
#2745 = LINE ( 'NONE', #3683, #3935 ) ;
#2746 = CARTESIAN_POINT ( 'NONE',  ( 9.894862706971711216E-16, -10.69500000000000384, 16.01329964592964572 ) ) ;
#2747 = EDGE_CURVE ( 'NONE', #328, #3160, #2625, .T. ) ;
#2748 = DIRECTION ( 'NONE',  ( 0.000000000000000000, 0.000000000000000000, -1.000000000000000000 ) ) ;
#2749 = DIRECTION ( 'NONE',  ( 1.000000000000000000, 9.088269684226883446E-17, 0.000000000000000000 ) ) ;
#2750 = EDGE_CURVE ( 'NONE', #2009, #1292, #1366, .T. ) ;
#2751 = ORIENTED_EDGE ( 'NONE', *, *, #3305, .T. ) ;
#2752 = ORIENTED_EDGE ( 'NONE', *, *, #718, .T. ) ;
#2753 = ADVANCED_FACE ( 'NONE', ( #2665, #2964, #1657, #2010, #1680, #2947 ), #3292, .F. ) ;
#2754 = CARTESIAN_POINT ( 'NONE',  ( -10.19999999999999751, 9.767957166897559773, 0.1349999999999999534 ) ) ;
#2755 = EDGE_CURVE ( 'NONE', #3329, #2895, #790, .T. ) ;
#2756 = EDGE_CURVE ( 'NONE', #2403, #941, #1424, .T. ) ;
#2757 = CARTESIAN_POINT ( 'NONE',  ( 8.232042833102431345, 10.19999999999999929, 0.1349999999999999534 ) ) ;
#2758 = ORIENTED_EDGE ( 'NONE', *, *, #121, .T. ) ;
#2759 = VERTEX_POINT ( 'NONE', #1697 ) ;
#2760 = CARTESIAN_POINT ( 'NONE',  ( -10.99999999999999467, 9.409999999999996589, 0.1349999999999999534 ) ) ;
#2761 = DIRECTION ( 'NONE',  ( 0.000000000000000000, 1.000000000000000000, 0.000000000000000000 ) ) ;
#2762 = LINE ( 'NONE', #3382, #3319 ) ;
#2763 = CARTESIAN_POINT ( 'NONE',  ( -8.589999999999998082, 10.99999999999999112, 0.1349999999999999534 ) ) ;
#2764 = DIRECTION ( 'NONE',  ( 0.000000000000000000, 0.000000000000000000, -1.000000000000000000 ) ) ;
#2765 = ADVANCED_FACE ( 'NONE', ( #1082 ), #481, .F. ) ;
#2766 = EDGE_CURVE ( 'NONE', #3219, #870, #2981, .T. ) ;
#2767 = DIRECTION ( 'NONE',  ( 1.000000000000000000, 0.000000000000000000, 0.000000000000000000 ) ) ;
#2768 = DIRECTION ( 'NONE',  ( -0.000000000000000000, -0.000000000000000000, 1.000000000000000000 ) ) ;
#2769 = DIRECTION ( 'NONE',  ( 0.000000000000000000, 0.000000000000000000, -1.000000000000000000 ) ) ;
#2770 = ORIENTED_EDGE ( 'NONE', *, *, #3938, .F. ) ;
#2771 = EDGE_LOOP ( 'NONE', ( #1935, #3193, #304, #1575, #3914, #2738 ) ) ;
#2772 = CARTESIAN_POINT ( 'NONE',  ( -8.999999999999998224, -9.305000000000001492, 0.000000000000000000 ) ) ;
#2773 = LINE ( 'NONE', #3093, #1266 ) ;
#2774 = PLANE ( 'NONE',  #3641 ) ;
#2775 = ORIENTED_EDGE ( 'NONE', *, *, #4062, .F. ) ;
#2776 = VERTEX_POINT ( 'NONE', #1403 ) ;
#2777 = PLANE ( 'NONE',  #2537 ) ;
#2778 = VECTOR ( 'NONE', #3462, 100.0000000000000000 ) ;
#2779 = CARTESIAN_POINT ( 'NONE',  ( -10.81999999999999140, -9.410000000000000142, 0.1349999999999999534 ) ) ;
#2780 = ORIENTED_EDGE ( 'NONE', *, *, #2923, .F. ) ;
#2781 = DIRECTION ( 'NONE',  ( 0.000000000000000000, 0.000000000000000000, -1.000000000000000000 ) ) ;
#2782 = CYLINDRICAL_SURFACE ( 'NONE', #669, 2.500000000000003553 ) ;
#2783 = DIRECTION ( 'NONE',  ( 0.000000000000000000, -1.000000000000000000, 0.000000000000000000 ) ) ;
#2784 = DIRECTION ( 'NONE',  ( 0.000000000000000000, 1.000000000000000000, 0.000000000000000000 ) ) ;
#2785 =( NAMED_UNIT ( * ) PLANE_ANGLE_UNIT ( ) SI_UNIT ( $, .RADIAN. ) );
#2786 = CARTESIAN_POINT ( 'NONE',  ( -7.499999999999993783, -10.99999999999999645, 0.6350000000000000089 ) ) ;
#2787 = ADVANCED_FACE ( 'NONE', ( #2686 ), #3943, .F. ) ;
#2788 = AXIS2_PLACEMENT_3D ( 'NONE', #633, #1309, #2218 ) ;
#2789 = AXIS2_PLACEMENT_3D ( 'NONE', #374, #973, #2592 ) ;
#2790 = ORIENTED_EDGE ( 'NONE', *, *, #1230, .T. ) ;
#2791 = VECTOR ( 'NONE', #112, 100.0000000000000000 ) ;
#2792 = ORIENTED_EDGE ( 'NONE', *, *, #2830, .F. ) ;
#2793 = CARTESIAN_POINT ( 'NONE',  ( -10.81999999999999496, 8.589999999999994529, 0.1349999999999999534 ) ) ;
#2794 = VECTOR ( 'NONE', #1584, 100.0000000000000142 ) ;
#2795 = AXIS2_PLACEMENT_3D ( 'NONE', #3552, #66, #2930 ) ;
#2796 = DIRECTION ( 'NONE',  ( -1.000000000000000000, 0.000000000000000000, 0.000000000000000000 ) ) ;
#2797 = CARTESIAN_POINT ( 'NONE',  ( 8.232042833102434898, -10.19999999999999396, 0.6350000000000000089 ) ) ;
#2798 = AXIS2_PLACEMENT_3D ( 'NONE', #1962, #395, #1612 ) ;
#2799 = ORIENTED_EDGE ( 'NONE', *, *, #320, .T. ) ;
#2800 = EDGE_CURVE ( 'NONE', #336, #978, #2372, .T. ) ;
#2801 = ORIENTED_EDGE ( 'NONE', *, *, #2800, .F. ) ;
#2802 = CARTESIAN_POINT ( 'NONE',  ( -8.589999999999992752, -10.99999999999999645, 0.1349999999999999534 ) ) ;
#2803 = CARTESIAN_POINT ( 'NONE',  ( -8.589999999999998082, 10.81999999999999140, 0.1349999999999999534 ) ) ;
#2804 = VECTOR ( 'NONE', #3980, 100.0000000000000000 ) ;
#2805 = ORIENTED_EDGE ( 'NONE', *, *, #478, .F. ) ;
#2806 = EDGE_CURVE ( 'NONE', #1145, #2258, #2416, .T. ) ;
#2807 = VERTEX_POINT ( 'NONE', #237 ) ;
#2808 = CARTESIAN_POINT ( 'NONE',  ( 10.99999999999999645, 7.635000000000004228, 0.3175000000000000044 ) ) ;
#2809 = CARTESIAN_POINT ( 'NONE',  ( 10.99999999999999645, -10.36499999999999488, 0.3175000000000000044 ) ) ;
#2810 = CARTESIAN_POINT ( 'NONE',  ( 10.36499999999999666, 10.36499999999999666, 0.6350000000000000089 ) ) ;
#2811 = CARTESIAN_POINT ( 'NONE',  ( 7.499999999999998224, -10.99999999999999822, 0.3175000000000000044 ) ) ;
#2812 =( LENGTH_UNIT ( ) NAMED_UNIT ( * ) SI_UNIT ( .CENTI., .METRE. ) );
#2813 = CARTESIAN_POINT ( 'NONE',  ( -10.99999999999999112, -9.410000000000000142, 0.6350000000000000089 ) ) ;
#2814 = EDGE_LOOP ( 'NONE', ( #1898, #3793 ) ) ;
#2815 = EDGE_LOOP ( 'NONE', ( #2980, #3259, #1531, #676 ) ) ;
#2816 = CARTESIAN_POINT ( 'NONE',  ( 7.370000000000000107, 7.470000000000000639, 0.4000000000000000222 ) ) ;
#2817 = FACE_OUTER_BOUND ( 'NONE', #260, .T. ) ;
#2818 = EDGE_CURVE ( 'NONE', #509, #872, #1798, .T. ) ;
#2819 = CARTESIAN_POINT ( 'NONE',  ( 7.370000000000000107, 7.470000000000000639, 0.4000000000000000222 ) ) ;
#2820 = VERTEX_POINT ( 'NONE', #212 ) ;
#2821 = VERTEX_POINT ( 'NONE', #3353 ) ;
#2822 = CARTESIAN_POINT ( 'NONE',  ( -10.81999999999999496, 9.409999999999996589, 0.1349999999999999534 ) ) ;
#2823 = CARTESIAN_POINT ( 'NONE',  ( 10.20000000000000107, -9.767957166897559773, 0.1349999999999999534 ) ) ;
#2824 = EDGE_CURVE ( 'NONE', #1292, #41, #3073, .T. ) ;
#2825 = ORIENTED_EDGE ( 'NONE', *, *, #2013, .F. ) ;
#2826 = EDGE_LOOP ( 'NONE', ( #180, #3708, #2640, #655 ) ) ;
#2827 = LINE ( 'NONE', #3363, #2597 ) ;
#2828 = FACE_OUTER_BOUND ( 'NONE', #2966, .T. ) ;
#2829 = DIRECTION ( 'NONE',  ( 0.4999999999999980571, -0.8660254037844398178, 0.000000000000000000 ) ) ;
#2830 = EDGE_CURVE ( 'NONE', #3464, #2034, #505, .T. ) ;
#2831 = ADVANCED_FACE ( 'NONE', ( #2435 ), #1842, .T. ) ;
#2832 = FACE_BOUND ( 'NONE', #3625, .T. ) ;
#2833 = ORIENTED_EDGE ( 'NONE', *, *, #2498, .F. ) ;
#2834 = VERTEX_POINT ( 'NONE', #3709 ) ;
#2835 = PLANE ( 'NONE',  #2011 ) ;
#2836 = CARTESIAN_POINT ( 'NONE',  ( 7.634999999999997122, 10.36499999999999666, 0.3175000000000000044 ) ) ;
#2837 = EDGE_LOOP ( 'NONE', ( #1550, #4005, #3588, #808 ) ) ;
#2838 = EDGE_LOOP ( 'NONE', ( #2197, #845, #1822, #70 ) ) ;
#2839 = ORIENTED_EDGE ( 'NONE', *, *, #3066, .F. ) ;
#2840 = DIRECTION ( 'NONE',  ( 0.000000000000000000, -1.000000000000000000, 0.000000000000000000 ) ) ;
#2841 = EDGE_CURVE ( 'NONE', #328, #3275, #917, .T. ) ;
#2842 = CARTESIAN_POINT ( 'NONE',  ( -10.99999999999999645, -7.500000000000000000, 0.000000000000000000 ) ) ;
#2843 = ORIENTED_EDGE ( 'NONE', *, *, #2983, .T. ) ;
#2844 = VECTOR ( 'NONE', #3945, 100.0000000000000000 ) ;
#2845 = ORIENTED_EDGE ( 'NONE', *, *, #821, .T. ) ;
#2846 = LINE ( 'NONE', #82, #2648 ) ;
#2847 = LINE ( 'NONE', #3449, #883 ) ;
#2848 = LINE ( 'NONE', #2557, #425 ) ;
#2849 = CARTESIAN_POINT ( 'NONE',  ( -10.99999999999999645, -10.50000000000000000, 0.000000000000000000 ) ) ;
#2850 = LINE ( 'NONE', #2786, #3724 ) ;
#2851 = EDGE_LOOP ( 'NONE', ( #2245, #253, #1781, #1488 ) ) ;
#2852 = EDGE_CURVE ( 'NONE', #373, #43, #3373, .T. ) ;
#2853 = PRODUCT_DEFINITION_FORMATION_WITH_SPECIFIED_SOURCE ( 'ANY', '', #2944, .NOT_KNOWN. ) ;
#2854 = EDGE_LOOP ( 'NONE', ( #3311, #1184, #2308, #1850 ) ) ;
#2855 = DIRECTION ( 'NONE',  ( 0.000000000000000000, -1.000000000000000000, 0.000000000000000000 ) ) ;
#2856 = VECTOR ( 'NONE', #2469, 100.0000000000000000 ) ;
#2857 = DIRECTION ( 'NONE',  ( 0.000000000000000000, 0.000000000000000000, 1.000000000000000000 ) ) ;
#2858 = VECTOR ( 'NONE', #30, 100.0000000000000000 ) ;
#2859 = VERTEX_POINT ( 'NONE', #275 ) ;
#2860 = ORIENTED_EDGE ( 'NONE', *, *, #2614, .F. ) ;
#2861 = VERTEX_POINT ( 'NONE', #1465 ) ;
#2862 = VECTOR ( 'NONE', #3299, 100.0000000000000000 ) ;
#2863 = VECTOR ( 'NONE', #393, 100.0000000000000000 ) ;
#2864 = CARTESIAN_POINT ( 'NONE',  ( 7.500000000000000000, -10.99999999999999645, 0.6350000000000000089 ) ) ;
#2865 = DIRECTION ( 'NONE',  ( -1.817653936845377429E-16, 1.000000000000000000, 0.000000000000000000 ) ) ;
#2866 = VECTOR ( 'NONE', #1690, 100.0000000000000000 ) ;
#2867 = VECTOR ( 'NONE', #859, 100.0000000000000000 ) ;
#2868 = EDGE_LOOP ( 'NONE', ( #18, #2544, #545, #1003, #2976, #1574, #3100, #3420 ) ) ;
#2869 = EDGE_LOOP ( 'NONE', ( #1471, #2507, #667, #2171 ) ) ;
#2870 = CARTESIAN_POINT ( 'NONE',  ( -10.36499999999999666, 7.634999999999997122, 0.3175000000000000044 ) ) ;
#2871 = VECTOR ( 'NONE', #1125, 100.0000000000000000 ) ;
#2872 = DIRECTION ( 'NONE',  ( 1.000000000000000000, 0.000000000000000000, 0.000000000000000000 ) ) ;
#2873 = VECTOR ( 'NONE', #1042, 100.0000000000000000 ) ;
#2874 = LINE ( 'NONE', #52, #3063 ) ;
#2875 = EDGE_CURVE ( 'NONE', #2776, #1440, #2129, .T. ) ;
#2876 = VECTOR ( 'NONE', #1591, 100.0000000000000142 ) ;
#2877 = LINE ( 'NONE', #411, #3730 ) ;
#2878 = DIRECTION ( 'NONE',  ( -0.4999999999999980571, 0.8660254037844398178, 0.000000000000000000 ) ) ;
#2879 = ADVANCED_FACE ( 'NONE', ( #3395 ), #192, .F. ) ;
#2880 = ORIENTED_EDGE ( 'NONE', *, *, #3650, .F. ) ;
#2881 = LINE ( 'NONE', #56, #1992 ) ;
#2882 = DIRECTION ( 'NONE',  ( -0.000000000000000000, 1.000000000000000000, 0.000000000000000000 ) ) ;
#2883 = EDGE_LOOP ( 'NONE', ( #793, #278, #1162, #210 ) ) ;
#2884 = ORIENTED_EDGE ( 'NONE', *, *, #1330, .T. ) ;
#2885 = PLANE ( 'NONE',  #826 ) ;
#2886 = DIRECTION ( 'NONE',  ( 0.000000000000000000, -1.000000000000000000, 0.000000000000000000 ) ) ;
#2887 = ORIENTED_EDGE ( 'NONE', *, *, #440, .F. ) ;
#2888 = ORIENTED_EDGE ( 'NONE', *, *, #2248, .T. ) ;
#2889 = LINE ( 'NONE', #1353, #3985 ) ;
#2890 = FACE_OUTER_BOUND ( 'NONE', #303, .T. ) ;
#2891 = CARTESIAN_POINT ( 'NONE',  ( 9.000000000000001776, -8.999999999999996447, 0.000000000000000000 ) ) ;
#2892 = CARTESIAN_POINT ( 'NONE',  ( 9.410000000000000142, -10.81999999999999140, 0.1349999999999999534 ) ) ;
#2893 = DIRECTION ( 'NONE',  ( 0.8660254037844398178, -0.4999999999999979461, 0.000000000000000000 ) ) ;
#2894 = EDGE_CURVE ( 'NONE', #870, #2424, #1823, .T. ) ;
#2895 = VERTEX_POINT ( 'NONE', #1506 ) ;
#2896 = PLANE ( 'NONE',  #3256 ) ;
#2897 = CARTESIAN_POINT ( 'NONE',  ( 9.000000000000000000, 9.000000000000001776, 0.000000000000000000 ) ) ;
#2898 = ORIENTED_EDGE ( 'NONE', *, *, #1439, .F. ) ;
#2899 = VERTEX_POINT ( 'NONE', #2772 ) ;
#2900 = ORIENTED_EDGE ( 'NONE', *, *, #2949, .F. ) ;
#2901 = DIRECTION ( 'NONE',  ( 0.7071067811865475727, -0.7071067811865475727, 0.000000000000000000 ) ) ;
#2902 = DIRECTION ( 'NONE',  ( 0.000000000000000000, 1.000000000000000000, 0.000000000000000000 ) ) ;
#2903 = VERTEX_POINT ( 'NONE', #2457 ) ;
#2904 = ORIENTED_EDGE ( 'NONE', *, *, #1764, .T. ) ;
#2905 = DIRECTION ( 'NONE',  ( 0.000000000000000000, 1.000000000000000000, 0.000000000000000000 ) ) ;
#2906 = EDGE_CURVE ( 'NONE', #2700, #1078, #3733, .T. ) ;
#2907 = CARTESIAN_POINT ( 'NONE',  ( 10.81999999999999851, -8.589999999999992752, 0.1349999999999999534 ) ) ;
#2908 = CIRCLE ( 'NONE', #1588, 0.3049999999999997158 ) ;
#2909 = DIRECTION ( 'NONE',  ( -0.8660254037844398178, -0.4999999999999979461, 0.000000000000000000 ) ) ;
#2910 = DIRECTION ( 'NONE',  ( 1.000000000000000000, 2.726480905268065897E-16, 0.000000000000000000 ) ) ;
#2911 = CARTESIAN_POINT ( 'NONE',  ( -10.36500000000000199, 25.63499999999999801, 0.3175000000000000044 ) ) ;
#2912 = ADVANCED_BREP_SHAPE_REPRESENTATION ( 'elevated-cell-top_61', ( #1626, #2788 ), #540 ) ;
#2913 = EDGE_CURVE ( 'NONE', #1523, #328, #3417, .T. ) ;
#2914 = ORIENTED_EDGE ( 'NONE', *, *, #1151, .T. ) ;
#2915 = LINE ( 'NONE', #708, #3585 ) ;
#2916 = CARTESIAN_POINT ( 'NONE',  ( 0.000000000000000000, 7.470000000000000639, 0.4000000000000000222 ) ) ;
#2917 = VECTOR ( 'NONE', #524, 100.0000000000000000 ) ;
#2918 = VERTEX_POINT ( 'NONE', #2793 ) ;
#2919 = EDGE_CURVE ( 'NONE', #446, #361, #696, .T. ) ;
#2920 = EDGE_LOOP ( 'NONE', ( #3623, #113, #2887, #3546 ) ) ;
#2921 = PLANE ( 'NONE',  #167 ) ;
#2922 = LINE ( 'NONE', #3236, #2329 ) ;
#2923 = EDGE_CURVE ( 'NONE', #2062, #279, #2705, .T. ) ;
#2924 = VECTOR ( 'NONE', #1186, 100.0000000000000000 ) ;
#2925 = AXIS2_PLACEMENT_3D ( 'NONE', #1047, #2247, #2266 ) ;
#2926 = ORIENTED_EDGE ( 'NONE', *, *, #423, .F. ) ;
#2927 = ORIENTED_EDGE ( 'NONE', *, *, #2122, .F. ) ;
#2928 = DIRECTION ( 'NONE',  ( -1.817653936845377429E-16, 1.000000000000000000, 0.000000000000000000 ) ) ;
#2929 = VECTOR ( 'NONE', #3770, 100.0000000000000000 ) ;
#2930 = DIRECTION ( 'NONE',  ( -1.000000000000000000, 0.000000000000000000, 0.000000000000000000 ) ) ;
#2931 = AXIS2_PLACEMENT_3D ( 'NONE', #1216, #3725, #3061 ) ;
#2932 = VECTOR ( 'NONE', #308, 100.0000000000000000 ) ;
#2933 = ADVANCED_FACE ( 'NONE', ( #1137 ), #2398, .F. ) ;
#2934 = DIRECTION ( 'NONE',  ( -0.000000000000000000, 0.000000000000000000, 1.000000000000000000 ) ) ;
#2935 = VECTOR ( 'NONE', #3617, 100.0000000000000000 ) ;
#2936 = EDGE_CURVE ( 'NONE', #373, #3240, #4006, .T. ) ;
#2937 = CARTESIAN_POINT ( 'NONE',  ( -8.589999999999992752, -10.81999999999999851, 0.6350000000000000089 ) ) ;
#2938 = LINE ( 'NONE', #3852, #1275 ) ;
#2939 = EDGE_CURVE ( 'NONE', #3095, #2700, #652, .T. ) ;
#2940 = DIRECTION ( 'NONE',  ( 0.000000000000000000, 1.000000000000000000, 0.000000000000000000 ) ) ;
#2941 = VECTOR ( 'NONE', #2296, 100.0000000000000000 ) ;
#2942 = VERTEX_POINT ( 'NONE', #1570 ) ;
#2943 = CARTESIAN_POINT ( 'NONE',  ( 10.81999999999999140, 8.589999999999998082, 0.6350000000000000089 ) ) ;
#2944 = PRODUCT ( 'elevated-cell-top_61', 'elevated-cell-top_61', '', ( #3838 ) ) ;
#2945 = VERTEX_POINT ( 'NONE', #2545 ) ;
#2946 = ORIENTED_EDGE ( 'NONE', *, *, #3817, .F. ) ;
#2947 = FACE_BOUND ( 'NONE', #1385, .T. ) ;
#2948 = DIRECTION ( 'NONE',  ( -1.000000000000000000, 0.000000000000000000, -0.000000000000000000 ) ) ;
#2949 = EDGE_CURVE ( 'NONE', #1440, #3338, #3820, .T. ) ;
#2950 = ORIENTED_EDGE ( 'NONE', *, *, #1587, .F. ) ;
#2951 = ORIENTED_EDGE ( 'NONE', *, *, #1290, .T. ) ;
#2952 = CARTESIAN_POINT ( 'NONE',  ( -10.81999999999999140, -8.589999999999999858, 0.1349999999999999534 ) ) ;
#2953 = DIRECTION ( 'NONE',  ( -0.000000000000000000, 0.000000000000000000, 1.000000000000000000 ) ) ;
#2954 = CARTESIAN_POINT ( 'NONE',  ( 9.894862706971709244E-16, 10.69499999999999673, 0.000000000000000000 ) ) ;
#2955 = CARTESIAN_POINT ( 'NONE',  ( 10.69500000000000206, 7.162345244612039252, 0.000000000000000000 ) ) ;
#2956 = DIRECTION ( 'NONE',  ( -0.4999999999999979461, 0.8660254037844398178, -0.000000000000000000 ) ) ;
#2957 = ADVANCED_FACE ( 'NONE', ( #607 ), #981, .F. ) ;
#2958 = ADVANCED_FACE ( 'NONE', ( #2236 ), #3195, .F. ) ;
#2959 = CARTESIAN_POINT ( 'NONE',  ( 10.36499999999999844, -7.634999999999996234, 0.3175000000000000044 ) ) ;
#2960 = ORIENTED_EDGE ( 'NONE', *, *, #2830, .T. ) ;
#2961 = CARTESIAN_POINT ( 'NONE',  ( -10.99999999999999467, 9.409999999999996589, 0.1349999999999999534 ) ) ;
#2962 = ORIENTED_EDGE ( 'NONE', *, *, #1404, .T. ) ;
#2963 = VERTEX_POINT ( 'NONE', #2563 ) ;
#2964 = FACE_BOUND ( 'NONE', #2483, .T. ) ;
#2965 = DIRECTION ( 'NONE',  ( -0.8660254037844398178, 0.4999999999999979461, 0.000000000000000000 ) ) ;
#2966 = EDGE_LOOP ( 'NONE', ( #3963, #2487, #3740, #751 ) ) ;
#2967 = VERTEX_POINT ( 'NONE', #3856 ) ;
#2968 = EDGE_CURVE ( 'NONE', #3147, #3878, #1908, .T. ) ;
#2969 = CARTESIAN_POINT ( 'NONE',  ( -8.589999999999992752, -10.99999999999999645, 0.1349999999999999534 ) ) ;
#2970 = DIRECTION ( 'NONE',  ( 0.000000000000000000, -1.000000000000000000, 0.000000000000000000 ) ) ;
#2971 = FACE_OUTER_BOUND ( 'NONE', #366, .T. ) ;
#2972 = CARTESIAN_POINT ( 'NONE',  ( 8.589999999999994529, 10.81999999999999673, 0.6350000000000000089 ) ) ;
#2973 = DIRECTION ( 'NONE',  ( 0.000000000000000000, -1.000000000000000000, 0.000000000000000000 ) ) ;
#2974 = DIRECTION ( 'NONE',  ( 0.000000000000000000, 1.000000000000000000, -0.000000000000000000 ) ) ;
#2975 = EDGE_CURVE ( 'NONE', #2396, #3839, #3216, .T. ) ;
#2976 = ORIENTED_EDGE ( 'NONE', *, *, #3802, .T. ) ;
#2977 = VECTOR ( 'NONE', #1803, 100.0000000000000000 ) ;
#2978 = DIRECTION ( 'NONE',  ( 0.000000000000000000, 0.000000000000000000, -1.000000000000000000 ) ) ;
#2979 = VERTEX_POINT ( 'NONE', #668 ) ;
#2980 = ORIENTED_EDGE ( 'NONE', *, *, #1821, .F. ) ;
#2981 = LINE ( 'NONE', #153, #436 ) ;
#2982 = DIRECTION ( 'NONE',  ( -2.726480905268065897E-16, 1.000000000000000000, -0.000000000000000000 ) ) ;
#2983 = EDGE_CURVE ( 'NONE', #807, #2834, #383, .T. ) ;
#2984 = DIRECTION ( 'NONE',  ( -0.000000000000000000, 0.000000000000000000, 1.000000000000000000 ) ) ;
#2985 = ORIENTED_EDGE ( 'NONE', *, *, #3967, .T. ) ;
#2986 = ORIENTED_EDGE ( 'NONE', *, *, #2019, .T. ) ;
#2987 = CARTESIAN_POINT ( 'NONE',  ( 8.030000000000004690, 8.030000000000004690, 0.000000000000000000 ) ) ;
#2988 = CIRCLE ( 'NONE', #4052, 2.500000000000000888 ) ;
#2989 = CARTESIAN_POINT ( 'NONE',  ( -10.99999999999999645, -7.500000000000000000, 0.3175000000000000044 ) ) ;
#2990 = CARTESIAN_POINT ( 'NONE',  ( -8.589999999999992752, -10.99999999999999645, 0.6350000000000000089 ) ) ;
#2991 = VECTOR ( 'NONE', #1096, 100.0000000000000000 ) ;
#2992 = DIRECTION ( 'NONE',  ( 0.000000000000000000, 0.000000000000000000, -1.000000000000000000 ) ) ;
#2993 = CARTESIAN_POINT ( 'NONE',  ( 10.99999999999999645, -10.49999999999999467, 0.6350000000000000089 ) ) ;
#2994 = VECTOR ( 'NONE', #3930, 100.0000000000000000 ) ;
#2995 = VECTOR ( 'NONE', #2165, 100.0000000000000000 ) ;
#2996 = DIRECTION ( 'NONE',  ( 0.000000000000000000, 0.000000000000000000, -1.000000000000000000 ) ) ;
#2997 = EDGE_CURVE ( 'NONE', #752, #1625, #2338, .T. ) ;
#2998 = VECTOR ( 'NONE', #3815, 100.0000000000000000 ) ;
#2999 = DIRECTION ( 'NONE',  ( 0.000000000000000000, 1.000000000000000000, -0.000000000000000000 ) ) ;
#3000 = VERTEX_POINT ( 'NONE', #3837 ) ;
#3001 = DIRECTION ( 'NONE',  ( 1.000000000000000000, 0.000000000000000000, 0.000000000000000000 ) ) ;
#3002 = ADVANCED_FACE ( 'NONE', ( #362 ), #1861, .F. ) ;
#3003 = CIRCLE ( 'NONE', #3933, 2.500000000000000888 ) ;
#3004 = ORIENTED_EDGE ( 'NONE', *, *, #1583, .T. ) ;
#3005 = ORIENTED_EDGE ( 'NONE', *, *, #3191, .F. ) ;
#3006 = LINE ( 'NONE', #3277, #563 ) ;
#3007 = VECTOR ( 'NONE', #632, 100.0000000000000000 ) ;
#3008 = ADVANCED_FACE ( 'NONE', ( #3436 ), #1618, .F. ) ;
#3009 = CARTESIAN_POINT ( 'NONE',  ( 7.500000000000000000, -10.99999999999999645, 0.3175000000000000044 ) ) ;
#3010 = CARTESIAN_POINT ( 'NONE',  ( 9.000000000000001776, -8.999999999999996447, 0.3175000000000000044 ) ) ;
#3011 = EDGE_CURVE ( 'NONE', #2723, #489, #764, .T. ) ;
#3012 = ORIENTED_EDGE ( 'NONE', *, *, #2008, .T. ) ;
#3013 = ORIENTED_EDGE ( 'NONE', *, *, #3154, .F. ) ;
#3014 = LINE ( 'NONE', #3281, #2198 ) ;
#3015 = DIRECTION ( 'NONE',  ( 0.000000000000000000, 1.000000000000000000, 0.000000000000000000 ) ) ;
#3016 = ORIENTED_EDGE ( 'NONE', *, *, #4002, .F. ) ;
#3017 = LINE ( 'NONE', #2676, #101 ) ;
#3018 = LINE ( 'NONE', #185, #1255 ) ;
#3019 = CARTESIAN_POINT ( 'NONE',  ( 0.000000000000000000, 0.000000000000000000, 0.3175000000000000044 ) ) ;
#3020 = FACE_OUTER_BOUND ( 'NONE', #3333, .T. ) ;
#3021 = VERTEX_POINT ( 'NONE', #1324 ) ;
#3022 = DIRECTION ( 'NONE',  ( 0.000000000000000000, 0.000000000000000000, -1.000000000000000000 ) ) ;
#3023 = EDGE_CURVE ( 'NONE', #2820, #896, #3602, .T. ) ;
#3024 = ORIENTED_EDGE ( 'NONE', *, *, #3504, .F. ) ;
#3025 = VERTEX_POINT ( 'NONE', #1552 ) ;
#3026 = DIRECTION ( 'NONE',  ( 0.000000000000000000, 0.000000000000000000, -1.000000000000000000 ) ) ;
#3027 = LINE ( 'NONE', #2667, #2587 ) ;
#3028 = DIRECTION ( 'NONE',  ( 0.000000000000000000, 1.000000000000000000, 0.000000000000000000 ) ) ;
#3029 = ORIENTED_EDGE ( 'NONE', *, *, #722, .T. ) ;
#3030 = ORIENTED_EDGE ( 'NONE', *, *, #1330, .F. ) ;
#3031 = DIRECTION ( 'NONE',  ( 9.088269684226887144E-17, -1.000000000000000000, 0.000000000000000000 ) ) ;
#3032 = PLANE ( 'NONE',  #3064 ) ;
#3033 = EDGE_LOOP ( 'NONE', ( #3676, #1692, #3502, #2090 ) ) ;
#3034 = FACE_OUTER_BOUND ( 'NONE', #1926, .T. ) ;
#3035 = LINE ( 'NONE', #3364, #1608 ) ;
#3036 = CARTESIAN_POINT ( 'NONE',  ( 8.030000000000004690, 8.030000000000004690, 0.4000000000000000222 ) ) ;
#3037 = DIRECTION ( 'NONE',  ( 1.000000000000000000, 0.000000000000000000, 0.000000000000000000 ) ) ;
#3038 = EDGE_LOOP ( 'NONE', ( #1568, #3491, #3233, #3394 ) ) ;
#3039 = DIRECTION ( 'NONE',  ( 2.726480905268065897E-16, -1.000000000000000000, 0.000000000000000000 ) ) ;
#3040 = EDGE_CURVE ( 'NONE', #2861, #3764, #3175, .T. ) ;
#3041 = VECTOR ( 'NONE', #2999, 100.0000000000000000 ) ;
#3042 = ORIENTED_EDGE ( 'NONE', *, *, #2688, .T. ) ;
#3043 = ORIENTED_EDGE ( 'NONE', *, *, #2225, .F. ) ;
#3044 = DIRECTION ( 'NONE',  ( -0.000000000000000000, 0.000000000000000000, 1.000000000000000000 ) ) ;
#3045 = DIRECTION ( 'NONE',  ( 1.000000000000000000, 0.000000000000000000, 0.000000000000000000 ) ) ;
#3046 = ADVANCED_FACE ( 'NONE', ( #4084 ), #1241, .F. ) ;
#3047 = CARTESIAN_POINT ( 'NONE',  ( -10.99999999999999112, -9.410000000000000142, 0.1349999999999999534 ) ) ;
#3048 = ORIENTED_EDGE ( 'NONE', *, *, #1456, .T. ) ;
#3049 = ORIENTED_EDGE ( 'NONE', *, *, #1360, .T. ) ;
#3050 = DIRECTION ( 'NONE',  ( -0.4999999999999980016, 0.8660254037844397068, 0.000000000000000000 ) ) ;
#3051 = FACE_OUTER_BOUND ( 'NONE', #1244, .T. ) ;
#3052 = ADVANCED_FACE ( 'NONE', ( #319 ), #2835, .F. ) ;
#3053 = ORIENTED_EDGE ( 'NONE', *, *, #2233, .T. ) ;
#3054 = CIRCLE ( 'NONE', #1461, 0.3049999999999997158 ) ;
#3055 = CARTESIAN_POINT ( 'NONE',  ( -9.767957166897563326, 10.19999999999999574, 0.1349999999999999534 ) ) ;
#3056 = PLANE ( 'NONE',  #885 ) ;
#3057 = DIRECTION ( 'NONE',  ( 0.000000000000000000, -1.000000000000000000, 0.000000000000000000 ) ) ;
#3058 = AXIS2_PLACEMENT_3D ( 'NONE', #25, #716, #1918 ) ;
#3059 = VECTOR ( 'NONE', #1949, 100.0000000000000142 ) ;
#3060 = EDGE_CURVE ( 'NONE', #3959, #942, #1967, .T. ) ;
#3061 = DIRECTION ( 'NONE',  ( 0.000000000000000000, -1.000000000000000000, 0.000000000000000000 ) ) ;
#3062 = EDGE_CURVE ( 'NONE', #3000, #2331, #533, .T. ) ;
#3063 = VECTOR ( 'NONE', #1011, 100.0000000000000000 ) ;
#3064 = AXIS2_PLACEMENT_3D ( 'NONE', #3652, #1722, #3015 ) ;
#3065 = PLANE ( 'NONE',  #2127 ) ;
#3066 = EDGE_CURVE ( 'NONE', #1407, #1911, #2745, .T. ) ;
#3067 = VECTOR ( 'NONE', #2893, 100.0000000000000142 ) ;
#3068 = COLOUR_RGB ( '',0.7921568627450980005, 0.8196078431372548767, 0.9333333333333333481 ) ;
#3069 = VECTOR ( 'NONE', #2116, 100.0000000000000000 ) ;
#3070 = ORIENTED_EDGE ( 'NONE', *, *, #1525, .T. ) ;
#3071 = ORIENTED_EDGE ( 'NONE', *, *, #3554, .T. ) ;
#3072 = AXIS2_PLACEMENT_3D ( 'NONE', #1048, #2303, #738 ) ;
#3073 = LINE ( 'NONE', #2754, #3270 ) ;
#3074 = LINE ( 'NONE', #2733, #2917 ) ;
#3075 = VECTOR ( 'NONE', #546, 100.0000000000000000 ) ;
#3076 = LINE ( 'NONE', #3630, #3774 ) ;
#3077 = ORIENTED_EDGE ( 'NONE', *, *, #2939, .T. ) ;
#3078 = AXIS2_PLACEMENT_3D ( 'NONE', #784, #3971, #3662 ) ;
#3079 = ORIENTED_EDGE ( 'NONE', *, *, #3060, .F. ) ;
#3080 = DIRECTION ( 'NONE',  ( 0.8660254037844398178, 0.4999999999999980571, 0.000000000000000000 ) ) ;
#3081 = DIRECTION ( 'NONE',  ( 0.7071067811865475727, 0.7071067811865475727, -0.000000000000000000 ) ) ;
#3082 = EDGE_CURVE ( 'NONE', #1846, #2662, #2718, .T. ) ;
#3083 = ORIENTED_EDGE ( 'NONE', *, *, #2122, .T. ) ;
#3084 = DIRECTION ( 'NONE',  ( 0.000000000000000000, 1.000000000000000000, 0.000000000000000000 ) ) ;
#3085 = DIRECTION ( 'NONE',  ( 0.000000000000000000, -1.000000000000000000, 0.000000000000000000 ) ) ;
#3086 = LINE ( 'NONE', #1173, #1800 ) ;
#3087 = LINE ( 'NONE', #1193, #2204 ) ;
#3088 = LINE ( 'NONE', #2493, #4061 ) ;
#3089 = DIRECTION ( 'NONE',  ( 0.000000000000000000, -1.000000000000000000, 0.000000000000000000 ) ) ;
#3090 = ORIENTED_EDGE ( 'NONE', *, *, #1195, .F. ) ;
#3091 = EDGE_LOOP ( 'NONE', ( #2570, #322, #1654, #1656 ) ) ;
#3092 = CARTESIAN_POINT ( 'NONE',  ( 10.99999999999999645, -9.409999999999994813, 0.6350000000000000089 ) ) ;
#3093 = CARTESIAN_POINT ( 'NONE',  ( 7.635000000000004228, -10.36499999999999488, 0.6350000000000000089 ) ) ;
#3094 = CARTESIAN_POINT ( 'NONE',  ( 10.36499999999999488, 25.63499999999999801, 0.3175000000000000044 ) ) ;
#3095 = VERTEX_POINT ( 'NONE', #2083 ) ;
#3096 = VERTEX_POINT ( 'NONE', #516 ) ;
#3097 = CARTESIAN_POINT ( 'NONE',  ( -7.470000000000000639, 0.000000000000000000, 0.4000000000000000222 ) ) ;
#3098 = DIRECTION ( 'NONE',  ( -0.000000000000000000, 0.000000000000000000, 1.000000000000000000 ) ) ;
#3099 = EDGE_CURVE ( 'NONE', #3240, #2086, #1154, .T. ) ;
#3100 = ORIENTED_EDGE ( 'NONE', *, *, #11, .F. ) ;
#3101 = LINE ( 'NONE', #618, #295 ) ;
#3102 = CARTESIAN_POINT ( 'NONE',  ( 8.589999999999999858, -10.99999999999999112, 0.1349999999999999534 ) ) ;
#3103 = LINE ( 'NONE', #1518, #3727 ) ;
#3104 = DIRECTION ( 'NONE',  ( 0.000000000000000000, 1.000000000000000000, 0.000000000000000000 ) ) ;
#3105 = LINE ( 'NONE', #271, #3322 ) ;
#3106 = ADVANCED_FACE ( 'NONE', ( #1344 ), #4017, .T. ) ;
#3107 = ORIENTED_EDGE ( 'NONE', *, *, #3871, .T. ) ;
#3108 = ORIENTED_EDGE ( 'NONE', *, *, #1370, .T. ) ;
#3109 = CARTESIAN_POINT ( 'NONE',  ( -8.999999999999996447, -9.000000000000001776, 0.6350000000000000089 ) ) ;
#3110 = PLANE ( 'NONE',  #1010 ) ;
#3111 = ADVANCED_FACE ( 'NONE', ( #3344 ), #1771, .F. ) ;
#3112 = ADVANCED_FACE ( 'NONE', ( #1727 ), #2102, .T. ) ;
#3113 = ORIENTED_EDGE ( 'NONE', *, *, #2906, .F. ) ;
#3114 = ORIENTED_EDGE ( 'NONE', *, *, #2093, .F. ) ;
#3115 = LINE ( 'NONE', #4028, #3209 ) ;
#3116 = CIRCLE ( 'NONE', #3706, 2.500000000000003553 ) ;
#3117 = CARTESIAN_POINT ( 'NONE',  ( -9.767957166897563326, 10.19999999999999574, 0.6350000000000000089 ) ) ;
#3118 = ORIENTED_EDGE ( 'NONE', *, *, #2766, .F. ) ;
#3119 = ORIENTED_EDGE ( 'NONE', *, *, #2267, .F. ) ;
#3120 = DIRECTION ( 'NONE',  ( 0.000000000000000000, 1.000000000000000000, 0.000000000000000000 ) ) ;
#3121 = DIRECTION ( 'NONE',  ( -0.000000000000000000, 0.000000000000000000, 1.000000000000000000 ) ) ;
#3122 = CARTESIAN_POINT ( 'NONE',  ( 10.36499999999999666, 10.36499999999999666, 0.3175000000000000044 ) ) ;
#3123 = DIRECTION ( 'NONE',  ( 0.000000000000000000, -1.000000000000000000, 0.000000000000000000 ) ) ;
#3124 = DIRECTION ( 'NONE',  ( 0.4999999999999980016, 0.8660254037844397068, 0.000000000000000000 ) ) ;
#3125 = CARTESIAN_POINT ( 'NONE',  ( 7.470000000000000639, 7.370000000000000107, 0.4000000000000000222 ) ) ;
#3126 = EDGE_CURVE ( 'NONE', #936, #4063, #2278, .T. ) ;
#3127 = VECTOR ( 'NONE', #4055, 100.0000000000000000 ) ;
#3128 = ORIENTED_EDGE ( 'NONE', *, *, #541, .F. ) ;
#3129 = AXIS2_PLACEMENT_3D ( 'NONE', #335, #316, #627 ) ;
#3130 = DIRECTION ( 'NONE',  ( -1.000000000000000000, 0.000000000000000000, 0.000000000000000000 ) ) ;
#3131 = EDGE_CURVE ( 'NONE', #3338, #2552, #2040, .T. ) ;
#3132 = DIRECTION ( 'NONE',  ( 0.000000000000000000, -1.000000000000000000, 0.000000000000000000 ) ) ;
#3133 = AXIS2_PLACEMENT_3D ( 'NONE', #442, #1436, #3601 ) ;
#3134 = AXIS2_PLACEMENT_3D ( 'NONE', #2568, #1597, #2224 ) ;
#3135 = DIRECTION ( 'NONE',  ( 0.000000000000000000, 0.000000000000000000, 1.000000000000000000 ) ) ;
#3136 = CARTESIAN_POINT ( 'NONE',  ( 10.99999999999999645, -10.49999999999999467, 0.6350000000000000089 ) ) ;
#3137 = EDGE_LOOP ( 'NONE', ( #3841, #2843, #171, #2456 ) ) ;
#3138 = VECTOR ( 'NONE', #1034, 100.0000000000000000 ) ;
#3139 = EDGE_LOOP ( 'NONE', ( #2143, #1720, #4046, #2313 ) ) ;
#3140 = ORIENTED_EDGE ( 'NONE', *, *, #3309, .T. ) ;
#3141 = DIRECTION ( 'NONE',  ( 0.000000000000000000, -1.000000000000000000, 0.000000000000000000 ) ) ;
#3142 = FACE_OUTER_BOUND ( 'NONE', #1029, .T. ) ;
#3143 = EDGE_CURVE ( 'NONE', #3562, #3804, #400, .T. ) ;
#3144 = EDGE_CURVE ( 'NONE', #3025, #1859, #233, .T. ) ;
#3145 = VECTOR ( 'NONE', #2585, 100.0000000000000000 ) ;
#3146 = EDGE_LOOP ( 'NONE', ( #4026, #476, #3860, #79 ) ) ;
#3147 = VERTEX_POINT ( 'NONE', #802 ) ;
#3148 = DIRECTION ( 'NONE',  ( -1.000000000000000000, 0.000000000000000000, 0.000000000000000000 ) ) ;
#3149 = DIRECTION ( 'NONE',  ( 0.000000000000000000, 1.000000000000000000, 0.000000000000000000 ) ) ;
#3150 = CARTESIAN_POINT ( 'NONE',  ( 10.36499999999999844, -10.99999999999999645, 0.6350000000000000089 ) ) ;
#3151 = DIRECTION ( 'NONE',  ( 0.000000000000000000, -1.000000000000000000, 0.000000000000000000 ) ) ;
#3152 = DIRECTION ( 'NONE',  ( 0.000000000000000000, 0.000000000000000000, 1.000000000000000000 ) ) ;
#3153 = FACE_OUTER_BOUND ( 'NONE', #828, .T. ) ;
#3154 = EDGE_CURVE ( 'NONE', #1124, #1386, #1750, .T. ) ;
#3155 = VERTEX_POINT ( 'NONE', #1417 ) ;
#3156 = ORIENTED_EDGE ( 'NONE', *, *, #72, .F. ) ;
#3157 = DIRECTION ( 'NONE',  ( 0.000000000000000000, -1.000000000000000000, 0.000000000000000000 ) ) ;
#3158 = DIRECTION ( 'NONE',  ( 9.251858538542972814E-17, 1.000000000000000000, 0.000000000000000000 ) ) ;
#3159 = EDGE_LOOP ( 'NONE', ( #1150, #341, #4027, #642, #2713 ) ) ;
#3160 = VERTEX_POINT ( 'NONE', #1130 ) ;
#3161 = ORIENTED_EDGE ( 'NONE', *, *, #3871, .F. ) ;
#3162 = FACE_OUTER_BOUND ( 'NONE', #2645, .T. ) ;
#3163 = CARTESIAN_POINT ( 'NONE',  ( -9.409999999999994813, -10.99999999999999645, 0.6350000000000000089 ) ) ;
#3164 = ORIENTED_EDGE ( 'NONE', *, *, #1260, .T. ) ;
#3165 = ORIENTED_EDGE ( 'NONE', *, *, #534, .T. ) ;
#3166 = CARTESIAN_POINT ( 'NONE',  ( 10.69500000000000206, 7.162345244612039252, 0.3175000000000011147 ) ) ;
#3167 = DIRECTION ( 'NONE',  ( -0.000000000000000000, 0.000000000000000000, 1.000000000000000000 ) ) ;
#3168 = EDGE_CURVE ( 'NONE', #1830, #936, #2678, .T. ) ;
#3169 = CARTESIAN_POINT ( 'NONE',  ( 10.19999999999999574, 9.767957166897563326, 0.6350000000000000089 ) ) ;
#3170 = CARTESIAN_POINT ( 'NONE',  ( 10.99999999999999645, -10.49999999999999467, 0.6350000000000000089 ) ) ;
#3171 = DIRECTION ( 'NONE',  ( 0.4999999999999979461, -0.8660254037844398178, 0.000000000000000000 ) ) ;
#3172 = EDGE_CURVE ( 'NONE', #4009, #734, #2364, .T. ) ;
#3173 = ORIENTED_EDGE ( 'NONE', *, *, #2975, .F. ) ;
#3174 = ORIENTED_EDGE ( 'NONE', *, *, #3908, .T. ) ;
#3175 = LINE ( 'NONE', #3796, #1619 ) ;
#3176 = CARTESIAN_POINT ( 'NONE',  ( -10.36499999999999666, 7.634999999999997122, 0.6350000000000000089 ) ) ;
#3177 = ORIENTED_EDGE ( 'NONE', *, *, #131, .F. ) ;
#3178 = ORIENTED_EDGE ( 'NONE', *, *, #2160, .T. ) ;
#3179 = DIRECTION ( 'NONE',  ( 0.000000000000000000, 0.000000000000000000, -1.000000000000000000 ) ) ;
#3180 = PLANE ( 'NONE',  #1341 ) ;
#3181 = ADVANCED_FACE ( 'NONE', ( #3327 ), #496, .F. ) ;
#3182 = ORIENTED_EDGE ( 'NONE', *, *, #2052, .F. ) ;
#3183 = VECTOR ( 'NONE', #2400, 100.0000000000000000 ) ;
#3184 = EDGE_LOOP ( 'NONE', ( #2758, #3611, #2628, #1036 ) ) ;
#3185 = FACE_OUTER_BOUND ( 'NONE', #543, .T. ) ;
#3186 = LINE ( 'NONE', #737, #1210 ) ;
#3187 = EDGE_CURVE ( 'NONE', #3900, #2967, #3428, .T. ) ;
#3188 = CARTESIAN_POINT ( 'NONE',  ( -10.99999999999999822, 10.49999999999999467, 0.000000000000000000 ) ) ;
#3189 = CARTESIAN_POINT ( 'NONE',  ( 9.767957166897559773, 10.19999999999999929, 0.1349999999999999534 ) ) ;
#3190 = CARTESIAN_POINT ( 'NONE',  ( -7.162345244612033923, -10.69500000000000384, 0.000000000000000000 ) ) ;
#3191 = EDGE_CURVE ( 'NONE', #3338, #2569, #1582, .T. ) ;
#3192 = EDGE_CURVE ( 'NONE', #2412, #2239, #2847, .T. ) ;
#3193 = ORIENTED_EDGE ( 'NONE', *, *, #871, .T. ) ;
#3194 = ORIENTED_EDGE ( 'NONE', *, *, #2148, .F. ) ;
#3195 = PLANE ( 'NONE',  #2666 ) ;
#3196 = CIRCLE ( 'NONE', #1141, 0.3049999999999997158 ) ;
#3197 = ORIENTED_EDGE ( 'NONE', *, *, #984, .F. ) ;
#3198 = VERTEX_POINT ( 'NONE', #313 ) ;
#3199 = VECTOR ( 'NONE', #719, 100.0000000000000000 ) ;
#3200 = CARTESIAN_POINT ( 'NONE',  ( 0.000000000000000000, -7.470000000000000639, 0.4000000000000000222 ) ) ;
#3201 = FACE_OUTER_BOUND ( 'NONE', #2191, .T. ) ;
#3202 = AXIS2_PLACEMENT_3D ( 'NONE', #1375, #1648, #3269 ) ;
#3203 = VERTEX_POINT ( 'NONE', #3122 ) ;
#3204 = ORIENTED_EDGE ( 'NONE', *, *, #2350, .F. ) ;
#3205 = EDGE_CURVE ( 'NONE', #2691, #990, #2447, .T. ) ;
#3206 = EDGE_CURVE ( 'NONE', #2312, #3507, #1544, .T. ) ;
#3207 = DIRECTION ( 'NONE',  ( -1.000000000000000000, 0.000000000000000000, 0.000000000000000000 ) ) ;
#3208 = DIRECTION ( 'NONE',  ( -1.000000000000000000, 0.000000000000000000, 0.000000000000000000 ) ) ;
#3209 = VECTOR ( 'NONE', #1848, 100.0000000000000000 ) ;
#3210 = CARTESIAN_POINT ( 'NONE',  ( 10.36499999999999844, -10.36499999999999488, 0.6350000000000000089 ) ) ;
#3211 = VECTOR ( 'NONE', #90, 100.0000000000000000 ) ;
#3212 = DIRECTION ( 'NONE',  ( -1.817653936845377429E-16, 1.000000000000000000, 0.000000000000000000 ) ) ;
#3213 = CARTESIAN_POINT ( 'NONE',  ( 9.409999999999996589, 10.81999999999999673, 0.1349999999999999534 ) ) ;
#3214 = VERTEX_POINT ( 'NONE', #3150 ) ;
#3215 = FACE_OUTER_BOUND ( 'NONE', #3184, .T. ) ;
#3216 = LINE ( 'NONE', #938, #1482 ) ;
#3217 =( NAMED_UNIT ( * ) SI_UNIT ( $, .STERADIAN. ) SOLID_ANGLE_UNIT ( ) );
#3218 = ORIENTED_EDGE ( 'NONE', *, *, #1764, .F. ) ;
#3219 = VERTEX_POINT ( 'NONE', #2810 ) ;
#3220 = CARTESIAN_POINT ( 'NONE',  ( 0.000000000000000000, 0.000000000000000000, 0.1349999999999999534 ) ) ;
#3221 = LINE ( 'NONE', #1329, #1874 ) ;
#3222 = ORIENTED_EDGE ( 'NONE', *, *, #2431, .F. ) ;
#3223 = DIRECTION ( 'NONE',  ( 0.000000000000000000, 1.000000000000000000, 0.000000000000000000 ) ) ;
#3224 = LINE ( 'NONE', #1991, #550 ) ;
#3225 = EDGE_CURVE ( 'NONE', #2834, #1478, #3747, .T. ) ;
#3226 = CARTESIAN_POINT ( 'NONE',  ( 10.99999999999999645, -10.49999999999999467, 0.3175000000000000044 ) ) ;
#3227 = DIRECTION ( 'NONE',  ( 0.000000000000000000, -1.000000000000000000, 0.000000000000000000 ) ) ;
#3228 = CARTESIAN_POINT ( 'NONE',  ( -8.999999999999994671, 8.999999999999998224, 0.6350000000000000089 ) ) ;
#3229 = ORIENTED_EDGE ( 'NONE', *, *, #2824, .T. ) ;
#3230 = DIRECTION ( 'NONE',  ( -9.088269684226887144E-17, 1.000000000000000000, 0.000000000000000000 ) ) ;
#3231 = DIRECTION ( 'NONE',  ( 0.000000000000000000, 0.000000000000000000, -1.000000000000000000 ) ) ;
#3232 = ADVANCED_FACE ( 'NONE', ( #930 ), #1563, .F. ) ;
#3233 = ORIENTED_EDGE ( 'NONE', *, *, #2392, .F. ) ;
#3234 = VERTEX_POINT ( 'NONE', #1235 ) ;
#3235 = LINE ( 'NONE', #3842, #1348 ) ;
#3236 = CARTESIAN_POINT ( 'NONE',  ( 10.69500000000000206, -9.894862706971711216E-16, 0.3175000000000011147 ) ) ;
#3237 = EDGE_CURVE ( 'NONE', #2128, #1830, #4078, .T. ) ;
#3238 = EDGE_CURVE ( 'NONE', #3922, #630, #3475, .T. ) ;
#3239 = EDGE_LOOP ( 'NONE', ( #2336, #346, #3294, #1123 ) ) ;
#3240 = VERTEX_POINT ( 'NONE', #620 ) ;
#3241 = DIRECTION ( 'NONE',  ( 1.817653936845377429E-16, -1.000000000000000000, 0.000000000000000000 ) ) ;
#3242 = CARTESIAN_POINT ( 'NONE',  ( 10.99999999999999645, -8.589999999999992752, 0.1349999999999999534 ) ) ;
#3243 = VECTOR ( 'NONE', #3304, 100.0000000000000000 ) ;
#3244 = LINE ( 'NONE', #3905, #356 ) ;
#3245 = DIRECTION ( 'NONE',  ( -0.000000000000000000, 0.000000000000000000, 1.000000000000000000 ) ) ;
#3246 = CARTESIAN_POINT ( 'NONE',  ( -10.81999999999999140, -9.410000000000000142, 0.6350000000000000089 ) ) ;
#3247 = CARTESIAN_POINT ( 'NONE',  ( 10.81999999999999851, -8.589999999999992752, 0.1349999999999999534 ) ) ;
#3248 = VERTEX_POINT ( 'NONE', #557 ) ;
#3249 = DIRECTION ( 'NONE',  ( 1.000000000000000000, 0.000000000000000000, 0.000000000000000000 ) ) ;
#3250 = ADVANCED_FACE ( 'NONE', ( #1834 ), #645, .F. ) ;
#3251 = AXIS2_PLACEMENT_3D ( 'NONE', #1843, #2173, #4066 ) ;
#3252 = EDGE_LOOP ( 'NONE', ( #2799, #4087, #2502, #1346 ) ) ;
#3253 = ORIENTED_EDGE ( 'NONE', *, *, #3791, .T. ) ;
#3254 = DIRECTION ( 'NONE',  ( -1.000000000000000000, 0.000000000000000000, -0.000000000000000000 ) ) ;
#3255 = CARTESIAN_POINT ( 'NONE',  ( 9.409999999999996589, 10.81999999999999673, 0.1349999999999999534 ) ) ;
#3256 = AXIS2_PLACEMENT_3D ( 'NONE', #71, #3230, #2277 ) ;
#3257 = VECTOR ( 'NONE', #2872, 100.0000000000000000 ) ;
#3258 = ORIENTED_EDGE ( 'NONE', *, *, #3657, .F. ) ;
#3259 = ORIENTED_EDGE ( 'NONE', *, *, #194, .F. ) ;
#3260 = LINE ( 'NONE', #2671, #1866 ) ;
#3261 = VECTOR ( 'NONE', #706, 100.0000000000000000 ) ;
#3262 = ADVANCED_FACE ( 'NONE', ( #5 ), #2471, .F. ) ;
#3263 = DIRECTION ( 'NONE',  ( 0.000000000000000000, 1.000000000000000000, -0.000000000000000000 ) ) ;
#3264 = AXIS2_PLACEMENT_3D ( 'NONE', #2891, #376, #3768 ) ;
#3265 = VECTOR ( 'NONE', #673, 100.0000000000000000 ) ;
#3266 = LINE ( 'NONE', #1724, #1398 ) ;
#3267 = VECTOR ( 'NONE', #292, 100.0000000000000000 ) ;
#3268 = DIRECTION ( 'NONE',  ( -1.000000000000000000, -1.817653936845376689E-16, 0.000000000000000000 ) ) ;
#3269 = DIRECTION ( 'NONE',  ( 0.000000000000000000, -1.000000000000000000, 0.000000000000000000 ) ) ;
#3270 = VECTOR ( 'NONE', #3044, 100.0000000000000000 ) ;
#3271 = PLANE ( 'NONE',  #3133 ) ;
#3272 = ORIENTED_EDGE ( 'NONE', *, *, #3788, .F. ) ;
#3273 = DIRECTION ( 'NONE',  ( 0.8660254037844398178, 0.4999999999999979461, 0.000000000000000000 ) ) ;
#3274 = EDGE_CURVE ( 'NONE', #966, #191, #3086, .T. ) ;
#3275 = VERTEX_POINT ( 'NONE', #267 ) ;
#3276 = VERTEX_POINT ( 'NONE', #865 ) ;
#3277 = CARTESIAN_POINT ( 'NONE',  ( -8.589999999999998082, 10.81999999999999140, 0.1349999999999999534 ) ) ;
#3278 = DIRECTION ( 'NONE',  ( -0.000000000000000000, 0.000000000000000000, 1.000000000000000000 ) ) ;
#3279 = VERTEX_POINT ( 'NONE', #2121 ) ;
#3280 = ORIENTED_EDGE ( 'NONE', *, *, #1703, .F. ) ;
#3281 = CARTESIAN_POINT ( 'NONE',  ( -8.999999999999998224, -8.695000000000002061, 0.000000000000000000 ) ) ;
#3282 = CARTESIAN_POINT ( 'NONE',  ( -10.99999999999999467, 8.589999999999994529, 0.1349999999999999534 ) ) ;
#3283 = LINE ( 'NONE', #3615, #4057 ) ;
#3284 = CARTESIAN_POINT ( 'NONE',  ( 8.030000000000004690, 0.000000000000000000, 0.4000000000000000222 ) ) ;
#3285 = CARTESIAN_POINT ( 'NONE',  ( 10.36499999999999844, -25.63500000000000156, 0.3175000000000000044 ) ) ;
#3286 = EDGE_CURVE ( 'NONE', #734, #2182, #581, .T. ) ;
#3287 = CARTESIAN_POINT ( 'NONE',  ( 9.000000000000001776, -8.999999999999996447, 0.6350000000000000089 ) ) ;
#3288 = ORIENTED_EDGE ( 'NONE', *, *, #352, .T. ) ;
#3289 = CARTESIAN_POINT ( 'NONE',  ( 8.589999999999994529, 10.81999999999999673, 0.1349999999999999534 ) ) ;
#3290 = ORIENTED_EDGE ( 'NONE', *, *, #305, .T. ) ;
#3291 = ORIENTED_EDGE ( 'NONE', *, *, #1694, .T. ) ;
#3292 = PLANE ( 'NONE',  #3872 ) ;
#3293 = DIRECTION ( 'NONE',  ( -1.000000000000000000, -1.817653936845377429E-16, 0.000000000000000000 ) ) ;
#3294 = ORIENTED_EDGE ( 'NONE', *, *, #2750, .F. ) ;
#3295 = ORIENTED_EDGE ( 'NONE', *, *, #2554, .F. ) ;
#3296 = DIRECTION ( 'NONE',  ( 0.000000000000000000, 0.000000000000000000, -1.000000000000000000 ) ) ;
#3297 = LINE ( 'NONE', #2673, #3326 ) ;
#3298 = EDGE_CURVE ( 'NONE', #3021, #1478, #248, .T. ) ;
#3299 = DIRECTION ( 'NONE',  ( 0.000000000000000000, 1.000000000000000000, 0.000000000000000000 ) ) ;
#3300 = EDGE_CURVE ( 'NONE', #3545, #1679, #3103, .T. ) ;
#3301 = CARTESIAN_POINT ( 'NONE',  ( -8.589999999999992752, -10.81999999999999851, 0.1349999999999999534 ) ) ;
#3302 = DIRECTION ( 'NONE',  ( -1.817653936845377429E-16, -1.000000000000000000, 0.000000000000000000 ) ) ;
#3303 = CARTESIAN_POINT ( 'NONE',  ( 10.99999999999999112, 8.589999999999998082, 0.1349999999999999534 ) ) ;
#3304 = DIRECTION ( 'NONE',  ( 0.000000000000000000, 0.000000000000000000, 1.000000000000000000 ) ) ;
#3305 = EDGE_CURVE ( 'NONE', #347, #1913, #1215, .T. ) ;
#3306 = ORIENTED_EDGE ( 'NONE', *, *, #131, .T. ) ;
#3307 = AXIS2_PLACEMENT_3D ( 'NONE', #4068, #635, #2481 ) ;
#3308 = LINE ( 'NONE', #805, #812 ) ;
#3309 = EDGE_CURVE ( 'NONE', #509, #2807, #3587, .T. ) ;
#3310 = VERTEX_POINT ( 'NONE', #1939 ) ;
#3311 = ORIENTED_EDGE ( 'NONE', *, *, #1979, .T. ) ;
#3312 = CARTESIAN_POINT ( 'NONE',  ( 10.49999999999999467, 10.99999999999999467, 0.3175000000000000044 ) ) ;
#3313 = PLANE ( 'NONE',  #625 ) ;
#3314 = LINE ( 'NONE', #507, #405 ) ;
#3315 = EDGE_LOOP ( 'NONE', ( #3542, #711, #2377, #103 ) ) ;
#3316 = ORIENTED_EDGE ( 'NONE', *, *, #3713, .T. ) ;
#3317 = LINE ( 'NONE', #1721, #3857 ) ;
#3318 = CARTESIAN_POINT ( 'NONE',  ( -10.69500000000000384, -7.162345244612039252, 0.3175000000000011147 ) ) ;
#3319 = VECTOR ( 'NONE', #553, 100.0000000000000000 ) ;
#3320 = ADVANCED_FACE ( 'NONE', ( #993 ), #375, .T. ) ;
#3321 = CARTESIAN_POINT ( 'NONE',  ( -10.69500000000000384, -7.162345244612039252, 0.000000000000000000 ) ) ;
#3322 = VECTOR ( 'NONE', #912, 100.0000000000000000 ) ;
#3323 = DIRECTION ( 'NONE',  ( 1.000000000000000000, 1.817653936845377429E-16, 0.000000000000000000 ) ) ;
#3324 = DIRECTION ( 'NONE',  ( -1.000000000000000000, 0.000000000000000000, 0.000000000000000000 ) ) ;
#3325 = CIRCLE ( 'NONE', #3387, 2.500000000000000888 ) ;
#3326 = VECTOR ( 'NONE', #1745, 100.0000000000000000 ) ;
#3327 = FACE_OUTER_BOUND ( 'NONE', #196, .T. ) ;
#3328 = AXIS2_PLACEMENT_3D ( 'NONE', #1837, #2150, #868 ) ;
#3329 = VERTEX_POINT ( 'NONE', #1628 ) ;
#3330 = LINE ( 'NONE', #869, #3858 ) ;
#3331 = AXIS2_PLACEMENT_3D ( 'NONE', #2337, #3608, #462 ) ;
#3332 = ORIENTED_EDGE ( 'NONE', *, *, #320, .F. ) ;
#3333 = EDGE_LOOP ( 'NONE', ( #3894, #670, #3991, #3434 ) ) ;
#3334 = FACE_OUTER_BOUND ( 'NONE', #4022, .T. ) ;
#3335 = FACE_OUTER_BOUND ( 'NONE', #1298, .T. ) ;
#3336 = EDGE_CURVE ( 'NONE', #2376, #3959, #1664, .T. ) ;
#3337 = CARTESIAN_POINT ( 'NONE',  ( 8.589999999999999858, -10.99999999999999112, 0.1349999999999999534 ) ) ;
#3338 = VERTEX_POINT ( 'NONE', #349 ) ;
#3339 = ORIENTED_EDGE ( 'NONE', *, *, #1393, .F. ) ;
#3340 = CARTESIAN_POINT ( 'NONE',  ( -10.99999999999999645, -10.36499999999999844, 0.6350000000000000089 ) ) ;
#3341 = DIRECTION ( 'NONE',  ( 0.000000000000000000, -1.000000000000000000, 0.000000000000000000 ) ) ;
#3342 = CARTESIAN_POINT ( 'NONE',  ( -7.499999999999998224, 11.00000000000000178, 0.000000000000000000 ) ) ;
#3343 = CARTESIAN_POINT ( 'NONE',  ( 7.500000000000000000, -11.00000000000000000, 0.000000000000000000 ) ) ;
#3344 = FACE_OUTER_BOUND ( 'NONE', #3038, .T. ) ;
#3345 = EDGE_CURVE ( 'NONE', #3155, #2899, #810, .T. ) ;
#3346 = DIRECTION ( 'NONE',  ( 0.000000000000000000, -1.000000000000000000, 0.000000000000000000 ) ) ;
#3347 = ORIENTED_EDGE ( 'NONE', *, *, #377, .T. ) ;
#3348 = FACE_OUTER_BOUND ( 'NONE', #390, .T. ) ;
#3349 = EDGE_CURVE ( 'NONE', #189, #2424, #409, .T. ) ;
#3350 = VERTEX_POINT ( 'NONE', #1334 ) ;
#3351 = VERTEX_POINT ( 'NONE', #3496 ) ;
#3352 = ADVANCED_FACE ( 'NONE', ( #2890 ), #435, .T. ) ;
#3353 = CARTESIAN_POINT ( 'NONE',  ( 10.36499999999999488, 7.635000000000004228, 0.3175000000000000044 ) ) ;
#3354 = CARTESIAN_POINT ( 'NONE',  ( 9.894862706971711216E-16, -10.69500000000000384, 0.000000000000000000 ) ) ;
#3355 = CARTESIAN_POINT ( 'NONE',  ( -8.232042833102433121, 10.19999999999999574, 0.6350000000000000089 ) ) ;
#3356 = ORIENTED_EDGE ( 'NONE', *, *, #1920, .T. ) ;
#3357 = ORIENTED_EDGE ( 'NONE', *, *, #1888, .T. ) ;
#3358 = DIRECTION ( 'NONE',  ( 0.000000000000000000, 0.000000000000000000, 1.000000000000000000 ) ) ;
#3359 = EDGE_CURVE ( 'NONE', #1642, #1124, #50, .T. ) ;
#3360 = LINE ( 'NONE', #795, #2722 ) ;
#3361 = EDGE_CURVE ( 'NONE', #1071, #4051, #717, .T. ) ;
#3362 = ORIENTED_EDGE ( 'NONE', *, *, #2018, .F. ) ;
#3363 = CARTESIAN_POINT ( 'NONE',  ( -25.63500000000000156, 10.36499999999999311, 0.3175000000000000044 ) ) ;
#3364 = CARTESIAN_POINT ( 'NONE',  ( 10.69500000000000206, -7.162345244612028594, 0.6350000000000000089 ) ) ;
#3365 = CARTESIAN_POINT ( 'NONE',  ( 0.000000000000000000, 8.030000000000004690, 0.4000000000000000222 ) ) ;
#3366 = DIRECTION ( 'NONE',  ( 0.000000000000000000, 1.000000000000000000, 0.000000000000000000 ) ) ;
#3367 = VERTEX_POINT ( 'NONE', #2301 ) ;
#3368 = DIRECTION ( 'NONE',  ( 0.000000000000000000, 0.000000000000000000, -1.000000000000000000 ) ) ;
#3369 = VECTOR ( 'NONE', #2635, 100.0000000000000000 ) ;
#3370 = ORIENTED_EDGE ( 'NONE', *, *, #3131, .T. ) ;
#3371 = ADVANCED_FACE ( 'NONE', ( #1300 ), #3849, .F. ) ;
#3372 = VERTEX_POINT ( 'NONE', #105 ) ;
#3373 = LINE ( 'NONE', #873, #1947 ) ;
#3374 = DIRECTION ( 'NONE',  ( 0.000000000000000000, -1.000000000000000000, 0.000000000000000000 ) ) ;
#3375 = PLANE ( 'NONE',  #1855 ) ;
#3376 = EDGE_LOOP ( 'NONE', ( #3828, #1400, #254, #1555 ) ) ;
#3377 = ORIENTED_EDGE ( 'NONE', *, *, #2747, .T. ) ;
#3378 = CARTESIAN_POINT ( 'NONE',  ( 9.767957166897559773, 10.19999999999999929, 0.6350000000000000089 ) ) ;
#3379 = CARTESIAN_POINT ( 'NONE',  ( -10.99999999999999289, 10.36499999999999133, 0.3175000000000000044 ) ) ;
#3380 = VERTEX_POINT ( 'NONE', #2613 ) ;
#3381 = EDGE_CURVE ( 'NONE', #2312, #347, #3186, .T. ) ;
#3382 = CARTESIAN_POINT ( 'NONE',  ( -9.409999999999994813, -10.99999999999999645, 0.6350000000000000089 ) ) ;
#3383 = CARTESIAN_POINT ( 'NONE',  ( -9.000000000000000000, 9.000000000000000000, 0.6350000000000000089 ) ) ;
#3384 = CARTESIAN_POINT ( 'NONE',  ( 7.634999999999997122, 10.99999999999999467, 0.6350000000000000089 ) ) ;
#3385 = VECTOR ( 'NONE', #3879, 100.0000000000000000 ) ;
#3386 = DIRECTION ( 'NONE',  ( -1.000000000000000000, -9.088269684226882214E-17, 0.000000000000000000 ) ) ;
#3387 = AXIS2_PLACEMENT_3D ( 'NONE', #2166, #600, #3123 ) ;
#3388 = CIRCLE ( 'NONE', #1607, 2.500000000000000888 ) ;
#3389 = SURFACE_STYLE_USAGE ( .BOTH. , #4019 ) ;
#3390 = DIRECTION ( 'NONE',  ( 0.000000000000000000, 0.000000000000000000, 1.000000000000000000 ) ) ;
#3391 = AXIS2_PLACEMENT_3D ( 'NONE', #165, #783, #3700 ) ;
#3392 = AXIS2_PLACEMENT_3D ( 'NONE', #1623, #62, #2902 ) ;
#3393 = EDGE_LOOP ( 'NONE', ( #1001, #445, #2486, #296, #3042, #4082, #1807, #1441 ) ) ;
#3394 = ORIENTED_EDGE ( 'NONE', *, *, #860, .T. ) ;
#3395 = FACE_OUTER_BOUND ( 'NONE', #700, .T. ) ;
#3396 = DIRECTION ( 'NONE',  ( -9.251858538542974046E-17, -1.000000000000000000, 0.000000000000000000 ) ) ;
#3397 = VECTOR ( 'NONE', #4043, 100.0000000000000000 ) ;
#3398 = EDGE_CURVE ( 'NONE', #1202, #777, #3224, .T. ) ;
#3399 = LINE ( 'NONE', #3693, #1192 ) ;
#3400 = EDGE_LOOP ( 'NONE', ( #1099, #970, #989, #804, #876, #4014, #1045, #4040, #935, #3568, #2295, #4088, #848, #318, #3113, #1988, #152, #760, #3272, #480, #2669, #2792, #1515, #2068, #2175, #1601, #3984, #102, #3128, #3402, #3024, #2238, #2623, #240, #3485, #1331, #1117, #3118, #2680, #2407, #2432, #1953, #3867, #3881, #2137, #617, #2028, #3910, #568, #948, #2926, #381, #3416, #2176, #3043, #3005, #2900, #1875, #3471, #1678, #521, #3964, #1851, #2257, #1496, #2291, #4075, #387, #117, #971, #1590, #2860, #273, #1161, #3823, #1459 ) ) ;
#3401 = AXIS2_PLACEMENT_3D ( 'NONE', #2897, #1308, #2193 ) ;
#3402 = ORIENTED_EDGE ( 'NONE', *, *, #1578, .F. ) ;
#3403 = CARTESIAN_POINT ( 'NONE',  ( 10.81999999999999851, -9.409999999999994813, 0.1349999999999999534 ) ) ;
#3404 = PLANE ( 'NONE',  #754 ) ;
#3405 = ORIENTED_EDGE ( 'NONE', *, *, #175, .F. ) ;
#3406 = CARTESIAN_POINT ( 'NONE',  ( -10.81999999999999496, 8.589999999999994529, 0.1349999999999999534 ) ) ;
#3407 = DIRECTION ( 'NONE',  ( 0.000000000000000000, 1.000000000000000000, 0.000000000000000000 ) ) ;
#3408 = DIRECTION ( 'NONE',  ( 0.8660254037844397068, 0.4999999999999980016, 0.000000000000000000 ) ) ;
#3409 = EDGE_CURVE ( 'NONE', #1625, #752, #158, .T. ) ;
#3410 = FACE_OUTER_BOUND ( 'NONE', #1948, .T. ) ;
#3411 = DIRECTION ( 'NONE',  ( 0.000000000000000000, 1.000000000000000000, 0.000000000000000000 ) ) ;
#3412 = CARTESIAN_POINT ( 'NONE',  ( 7.499999999999995559, 10.99999999999999467, 0.3175000000000000044 ) ) ;
#3413 = ADVANCED_FACE ( 'NONE', ( #26 ), #1009, .F. ) ;
#3414 = ORIENTED_EDGE ( 'NONE', *, *, #2274, .T. ) ;
#3415 = EDGE_CURVE ( 'NONE', #1491, #2220, #2536, .T. ) ;
#3416 = ORIENTED_EDGE ( 'NONE', *, *, #1522, .F. ) ;
#3417 = LINE ( 'NONE', #523, #497 ) ;
#3418 = DIRECTION ( 'NONE',  ( 0.000000000000000000, -1.000000000000000000, 0.000000000000000000 ) ) ;
#3419 = FACE_OUTER_BOUND ( 'NONE', #3159, .T. ) ;
#3420 = ORIENTED_EDGE ( 'NONE', *, *, #1485, .T. ) ;
#3421 = ORIENTED_EDGE ( 'NONE', *, *, #1108, .F. ) ;
#3422 = LINE ( 'NONE', #528, #301 ) ;
#3423 = CARTESIAN_POINT ( 'NONE',  ( 9.410000000000000142, -10.99999999999999112, 0.1349999999999999534 ) ) ;
#3424 = ORIENTED_EDGE ( 'NONE', *, *, #1321, .T. ) ;
#3425 = EDGE_CURVE ( 'NONE', #2009, #3279, #703, .T. ) ;
#3426 = LINE ( 'NONE', #597, #154 ) ;
#3427 = DIRECTION ( 'NONE',  ( 0.000000000000000000, 0.000000000000000000, -1.000000000000000000 ) ) ;
#3428 = LINE ( 'NONE', #952, #2200 ) ;
#3429 = PLANE ( 'NONE',  #1606 ) ;
#3430 = ADVANCED_FACE ( 'NONE', ( #1919 ), #1645, .F. ) ;
#3431 =( NAMED_UNIT ( * ) SI_UNIT ( $, .STERADIAN. ) SOLID_ANGLE_UNIT ( ) );
#3432 = LINE ( 'NONE', #1521, #1732 ) ;
#3433 = ADVANCED_FACE ( 'NONE', ( #529 ), #3032, .F. ) ;
#3434 = ORIENTED_EDGE ( 'NONE', *, *, #1102, .T. ) ;
#3435 = CARTESIAN_POINT ( 'NONE',  ( 8.232042833102434898, -10.19999999999999396, 0.1349999999999999534 ) ) ;
#3436 = FACE_OUTER_BOUND ( 'NONE', #1637, .T. ) ;
#3437 = CARTESIAN_POINT ( 'NONE',  ( -7.499999999999995559, 11.00000000000000000, 0.3175000000000000044 ) ) ;
#3438 = VECTOR ( 'NONE', #2094, 100.0000000000000000 ) ;
#3439 = DIRECTION ( 'NONE',  ( -0.4999999999999980571, -0.8660254037844398178, 0.000000000000000000 ) ) ;
#3440 = ORIENTED_EDGE ( 'NONE', *, *, #2572, .T. ) ;
#3441 = ORIENTED_EDGE ( 'NONE', *, *, #2406, .T. ) ;
#3442 = ORIENTED_EDGE ( 'NONE', *, *, #1224, .T. ) ;
#3443 = CARTESIAN_POINT ( 'NONE',  ( 9.410000000000000142, -10.99999999999999112, 0.1349999999999999534 ) ) ;
#3444 = CARTESIAN_POINT ( 'NONE',  ( -10.36499999999999666, -7.635000000000001563, 0.6350000000000000089 ) ) ;
#3445 = EDGE_LOOP ( 'NONE', ( #274, #2523, #1811, #1322, #2641, #3280, #1929, #128, #1115, #3689, #2497, #3822 ) ) ;
#3446 = ORIENTED_EDGE ( 'NONE', *, *, #3749, .T. ) ;
#3447 = CARTESIAN_POINT ( 'NONE',  ( 8.999999999999998224, 9.000000000000000000, 0.3175000000000000044 ) ) ;
#3448 = DIRECTION ( 'NONE',  ( 0.000000000000000000, -1.000000000000000000, 0.000000000000000000 ) ) ;
#3449 = CARTESIAN_POINT ( 'NONE',  ( -10.99999999999999467, 8.589999999999994529, 0.6350000000000000089 ) ) ;
#3450 = EDGE_CURVE ( 'NONE', #2454, #3942, #3360, .T. ) ;
#3451 = DIRECTION ( 'NONE',  ( 0.8660254037844398178, 0.4999999999999979461, 0.000000000000000000 ) ) ;
#3452 = DIRECTION ( 'NONE',  ( 0.000000000000000000, 1.000000000000000000, -0.000000000000000000 ) ) ;
#3453 = FACE_BOUND ( 'NONE', #2670, .T. ) ;
#3454 = VECTOR ( 'NONE', #3633, 100.0000000000000000 ) ;
#3455 = VECTOR ( 'NONE', #2343, 100.0000000000000000 ) ;
#3456 = ORIENTED_EDGE ( 'NONE', *, *, #1195, .T. ) ;
#3457 = AXIS2_PLACEMENT_3D ( 'NONE', #1177, #3390, #3089 ) ;
#3458 = EDGE_LOOP ( 'NONE', ( #1713, #3512, #2095, #1262, #2476, #590 ) ) ;
#3459 = DIRECTION ( 'NONE',  ( -0.000000000000000000, 0.000000000000000000, 1.000000000000000000 ) ) ;
#3460 = VECTOR ( 'NONE', #3037, 100.0000000000000000 ) ;
#3461 =( NAMED_UNIT ( * ) PLANE_ANGLE_UNIT ( ) SI_UNIT ( $, .RADIAN. ) );
#3462 = DIRECTION ( 'NONE',  ( -0.000000000000000000, 0.000000000000000000, 1.000000000000000000 ) ) ;
#3463 = AXIS2_PLACEMENT_3D ( 'NONE', #334, #2748, #3411 ) ;
#3464 = VERTEX_POINT ( 'NONE', #2359 ) ;
#3465 = ORIENTED_EDGE ( 'NONE', *, *, #2968, .F. ) ;
#3466 = DIRECTION ( 'NONE',  ( 0.000000000000000000, 1.000000000000000000, -0.000000000000000000 ) ) ;
#3467 = PLANE ( 'NONE',  #420 ) ;
#3468 = EDGE_CURVE ( 'NONE', #361, #509, #512, .T. ) ;
#3469 = VECTOR ( 'NONE', #1931, 100.0000000000000000 ) ;
#3470 = VERTEX_POINT ( 'NONE', #1149 ) ;
#3471 = ORIENTED_EDGE ( 'NONE', *, *, #1451, .F. ) ;
#3472 = EDGE_CURVE ( 'NONE', #1062, #4010, #2098, .T. ) ;
#3473 = DIRECTION ( 'NONE',  ( 9.251858538542972814E-17, -1.000000000000000000, 0.000000000000000000 ) ) ;
#3474 = DIRECTION ( 'NONE',  ( 0.000000000000000000, 0.000000000000000000, 1.000000000000000000 ) ) ;
#3475 = LINE ( 'NONE', #2185, #2654 ) ;
#3476 = LINE ( 'NONE', #2492, #748 ) ;
#3477 = DIRECTION ( 'NONE',  ( 0.000000000000000000, 0.000000000000000000, 1.000000000000000000 ) ) ;
#3478 = DIRECTION ( 'NONE',  ( 1.000000000000000000, 0.000000000000000000, 0.000000000000000000 ) ) ;
#3479 = ORIENTED_EDGE ( 'NONE', *, *, #3225, .T. ) ;
#3480 = VERTEX_POINT ( 'NONE', #2693 ) ;
#3481 = EDGE_CURVE ( 'NONE', #2834, #1696, #1017, .T. ) ;
#3482 = DIRECTION ( 'NONE',  ( 0.000000000000000000, -1.000000000000000000, 0.000000000000000000 ) ) ;
#3483 = DIRECTION ( 'NONE',  ( -1.000000000000000000, 0.000000000000000000, -0.000000000000000000 ) ) ;
#3484 = ORIENTED_EDGE ( 'NONE', *, *, #3205, .T. ) ;
#3485 = ORIENTED_EDGE ( 'NONE', *, *, #1404, .F. ) ;
#3486 = EDGE_CURVE ( 'NONE', #2967, #3781, #3297, .T. ) ;
#3487 = ORIENTED_EDGE ( 'NONE', *, *, #3286, .T. ) ;
#3488 = CARTESIAN_POINT ( 'NONE',  ( 10.99999999999999645, 7.499999999999998224, 0.000000000000000000 ) ) ;
#3489 = CARTESIAN_POINT ( 'NONE',  ( 10.36499999999999488, 7.635000000000004228, 0.6350000000000000089 ) ) ;
#3490 = EDGE_CURVE ( 'NONE', #2945, #3579, #453, .T. ) ;
#3491 = ORIENTED_EDGE ( 'NONE', *, *, #735, .F. ) ;
#3492 = EDGE_CURVE ( 'NONE', #2918, #2239, #3634, .T. ) ;
#3493 = ORIENTED_EDGE ( 'NONE', *, *, #3834, .T. ) ;
#3494 = CARTESIAN_POINT ( 'NONE',  ( -7.635000000000003340, 10.36499999999999666, 0.6350000000000000089 ) ) ;
#3495 = EDGE_CURVE ( 'NONE', #327, #3978, #199, .T. ) ;
#3496 = CARTESIAN_POINT ( 'NONE',  ( 7.635000000000004228, -10.99999999999999645, 0.3175000000000000044 ) ) ;
#3497 = EDGE_CURVE ( 'NONE', #41, #2895, #468, .T. ) ;
#3498 = DIRECTION ( 'NONE',  ( -0.4999999999999979461, -0.8660254037844398178, 0.000000000000000000 ) ) ;
#3499 = FACE_OUTER_BOUND ( 'NONE', #2883, .T. ) ;
#3500 = CARTESIAN_POINT ( 'NONE',  ( -9.409999999999998366, 10.81999999999999140, 0.6350000000000000089 ) ) ;
#3501 = EDGE_LOOP ( 'NONE', ( #179, #55, #2839, #2741 ) ) ;
#3502 = ORIENTED_EDGE ( 'NONE', *, *, #3621, .F. ) ;
#3503 = DIRECTION ( 'NONE',  ( -1.000000000000000000, 0.000000000000000000, -0.000000000000000000 ) ) ;
#3504 = EDGE_CURVE ( 'NONE', #1365, #3936, #3988, .T. ) ;
#3505 = ORIENTED_EDGE ( 'NONE', *, *, #3495, .F. ) ;
#3506 = VERTEX_POINT ( 'NONE', #3949 ) ;
#3507 = VERTEX_POINT ( 'NONE', #140 ) ;
#3508 = DIRECTION ( 'NONE',  ( -1.000000000000000000, -9.251858538542974046E-17, 0.000000000000000000 ) ) ;
#3509 = DIRECTION ( 'NONE',  ( -9.251858538542974046E-17, -1.000000000000000000, 0.000000000000000000 ) ) ;
#3510 = VERTEX_POINT ( 'NONE', #839 ) ;
#3511 = VECTOR ( 'NONE', #2437, 100.0000000000000000 ) ;
#3512 = ORIENTED_EDGE ( 'NONE', *, *, #796, .T. ) ;
#3513 = CARTESIAN_POINT ( 'NONE',  ( 7.634999999999997122, 10.99999999999999467, 0.3175000000000000044 ) ) ;
#3514 = DIRECTION ( 'NONE',  ( 0.000000000000000000, 0.000000000000000000, 1.000000000000000000 ) ) ;
#3515 = CARTESIAN_POINT ( 'NONE',  ( -9.409999999999994813, -10.81999999999999851, 0.1349999999999999534 ) ) ;
#3516 = LINE ( 'NONE', #108, #3998 ) ;
#3517 = CARTESIAN_POINT ( 'NONE',  ( 10.36499999999999844, -10.36499999999999488, 0.3175000000000000044 ) ) ;
#3518 = ORIENTED_EDGE ( 'NONE', *, *, #294, .T. ) ;
#3519 = VECTOR ( 'NONE', #1824, 100.0000000000000000 ) ;
#3520 = PLANE ( 'NONE',  #2455 ) ;
#3521 = CARTESIAN_POINT ( 'NONE',  ( 9.000000000000000000, 9.000000000000001776, 0.6350000000000000089 ) ) ;
#3522 = VECTOR ( 'NONE', #3888, 100.0000000000000000 ) ;
#3523 = VECTOR ( 'NONE', #2514, 100.0000000000000000 ) ;
#3524 = ORIENTED_EDGE ( 'NONE', *, *, #268, .F. ) ;
#3525 = ORIENTED_EDGE ( 'NONE', *, *, #1475, .F. ) ;
#3526 = VECTOR ( 'NONE', #798, 100.0000000000000000 ) ;
#3527 = VECTOR ( 'NONE', #83, 100.0000000000000000 ) ;
#3528 = PLANE ( 'NONE',  #759 ) ;
#3529 = EDGE_CURVE ( 'NONE', #2821, #2062, #2036, .T. ) ;
#3530 = DIRECTION ( 'NONE',  ( -0.000000000000000000, 0.000000000000000000, 1.000000000000000000 ) ) ;
#3531 = VECTOR ( 'NONE', #3245, 100.0000000000000000 ) ;
#3532 = ORIENTED_EDGE ( 'NONE', *, *, #3274, .T. ) ;
#3533 = VERTEX_POINT ( 'NONE', #3318 ) ;
#3534 = CARTESIAN_POINT ( 'NONE',  ( 8.589999999999994529, 10.81999999999999673, 0.1349999999999999534 ) ) ;
#3535 = DIRECTION ( 'NONE',  ( 0.000000000000000000, 1.000000000000000000, -0.000000000000000000 ) ) ;
#3536 = AXIS2_PLACEMENT_3D ( 'NONE', #4065, #1222, #2478 ) ;
#3537 = CARTESIAN_POINT ( 'NONE',  ( 10.20000000000000107, -9.767957166897559773, 0.1349999999999999534 ) ) ;
#3538 = EDGE_CURVE ( 'NONE', #3986, #727, #2630, .T. ) ;
#3539 = AXIS2_PLACEMENT_3D ( 'NONE', #999, #2255, #3132 ) ;
#3540 = LINE ( 'NONE', #29, #3138 ) ;
#3541 = DIRECTION ( 'NONE',  ( 0.000000000000000000, 0.000000000000000000, 1.000000000000000000 ) ) ;
#3542 = ORIENTED_EDGE ( 'NONE', *, *, #3802, .F. ) ;
#3543 = LINE ( 'NONE', #2603, #3385 ) ;
#3544 = CARTESIAN_POINT ( 'NONE',  ( 10.81999999999999851, -8.589999999999992752, 0.1349999999999999534 ) ) ;
#3545 = VERTEX_POINT ( 'NONE', #1064 ) ;
#3546 = ORIENTED_EDGE ( 'NONE', *, *, #575, .F. ) ;
#3547 = CARTESIAN_POINT ( 'NONE',  ( 9.000000000000000000, 9.000000000000001776, 0.6350000000000000089 ) ) ;
#3548 = DIRECTION ( 'NONE',  ( 1.000000000000000000, 0.000000000000000000, 0.000000000000000000 ) ) ;
#3549 = ORIENTED_EDGE ( 'NONE', *, *, #3575, .T. ) ;
#3550 = ORIENTED_EDGE ( 'NONE', *, *, #3748, .T. ) ;
#3551 = LINE ( 'NONE', #1299, #1810 ) ;
#3552 = CARTESIAN_POINT ( 'NONE',  ( 10.99999999999999112, 9.409999999999998366, 0.1349999999999999534 ) ) ;
#3553 = CARTESIAN_POINT ( 'NONE',  ( 10.99999999999999645, 7.635000000000004228, 0.6350000000000000089 ) ) ;
#3554 = EDGE_CURVE ( 'NONE', #1579, #3804, #3388, .T. ) ;
#3555 = CARTESIAN_POINT ( 'NONE',  ( -9.000000000000000000, 8.695000000000000284, 0.000000000000000000 ) ) ;
#3556 = CARTESIAN_POINT ( 'NONE',  ( 7.499999999999995559, 10.99999999999999467, 0.000000000000000000 ) ) ;
#3557 = EDGE_CURVE ( 'NONE', #43, #1679, #1107, .T. ) ;
#3558 = DIRECTION ( 'NONE',  ( 0.000000000000000000, 1.000000000000000000, 0.000000000000000000 ) ) ;
#3559 = ORIENTED_EDGE ( 'NONE', *, *, #1305, .T. ) ;
#3560 = CARTESIAN_POINT ( 'NONE',  ( -10.19999999999999751, 9.767957166897559773, 0.6350000000000000089 ) ) ;
#3561 = EDGE_CURVE ( 'NONE', #3827, #2412, #2017, .T. ) ;
#3562 = VERTEX_POINT ( 'NONE', #2989 ) ;
#3563 = EDGE_CURVE ( 'NONE', #3470, #1365, #1388, .T. ) ;
#3564 = ORIENTED_EDGE ( 'NONE', *, *, #3472, .T. ) ;
#3565 = LINE ( 'NONE', #135, #2661 ) ;
#3566 = DIRECTION ( 'NONE',  ( 0.000000000000000000, 0.000000000000000000, -1.000000000000000000 ) ) ;
#3567 = ORIENTED_EDGE ( 'NONE', *, *, #3336, .T. ) ;
#3568 = ORIENTED_EDGE ( 'NONE', *, *, #3967, .F. ) ;
#3569 = CARTESIAN_POINT ( 'NONE',  ( 8.030000000000004690, -8.030000000000002913, 0.4000000000000000222 ) ) ;
#3570 = DIRECTION ( 'NONE',  ( 0.000000000000000000, -1.000000000000000000, 0.000000000000000000 ) ) ;
#3571 = AXIS2_PLACEMENT_3D ( 'NONE', #3934, #1131, #3558 ) ;
#3572 = CARTESIAN_POINT ( 'NONE',  ( -8.232042833102433121, 10.19999999999999574, 0.6350000000000000089 ) ) ;
#3573 = LINE ( 'NONE', #2892, #1610 ) ;
#3574 = CARTESIAN_POINT ( 'NONE',  ( -10.81999999999999140, -8.589999999999999858, 0.1349999999999999534 ) ) ;
#3575 = EDGE_CURVE ( 'NONE', #3545, #373, #4073, .T. ) ;
#3576 = CARTESIAN_POINT ( 'NONE',  ( -10.81999999999999496, 8.589999999999994529, 0.6350000000000000089 ) ) ;
#3577 = VERTEX_POINT ( 'NONE', #3117 ) ;
#3578 = CARTESIAN_POINT ( 'NONE',  ( 10.99999999999999645, -9.409999999999994813, 0.1349999999999999534 ) ) ;
#3579 = VERTEX_POINT ( 'NONE', #281 ) ;
#3580 = AXIS2_PLACEMENT_3D ( 'NONE', #2292, #1651, #725 ) ;
#3581 = ORIENTED_EDGE ( 'NONE', *, *, #3749, .F. ) ;
#3582 = DIRECTION ( 'NONE',  ( -1.000000000000000000, 0.000000000000000000, 0.000000000000000000 ) ) ;
#3583 = VECTOR ( 'NONE', #1387, 100.0000000000000000 ) ;
#3584 = DIRECTION ( 'NONE',  ( -1.000000000000000000, 0.000000000000000000, -0.000000000000000000 ) ) ;
#3585 = VECTOR ( 'NONE', #1072, 100.0000000000000000 ) ;
#3586 = VECTOR ( 'NONE', #1414, 100.0000000000000000 ) ;
#3587 = CIRCLE ( 'NONE', #2326, 2.499999999999999556 ) ;
#3588 = ORIENTED_EDGE ( 'NONE', *, *, #1457, .F. ) ;
#3589 = ORIENTED_EDGE ( 'NONE', *, *, #1787, .T. ) ;
#3590 = CARTESIAN_POINT ( 'NONE',  ( 10.99999999999999645, -8.589999999999992752, 0.1349999999999999534 ) ) ;
#3591 = VECTOR ( 'NONE', #721, 100.0000000000000000 ) ;
#3592 = ADVANCED_FACE ( 'NONE', ( #3142 ), #2161, .T. ) ;
#3593 = CARTESIAN_POINT ( 'NONE',  ( -7.499999999999998224, 10.99999999999999645, 0.3175000000000000044 ) ) ;
#3594 = AXIS2_PLACEMENT_3D ( 'NONE', #3993, #2362, #144 ) ;
#3595 = VECTOR ( 'NONE', #2550, 100.0000000000000000 ) ;
#3596 = CARTESIAN_POINT ( 'NONE',  ( -10.99999999999999645, -7.635000000000001563, 0.6350000000000000089 ) ) ;
#3597 = VECTOR ( 'NONE', #224, 100.0000000000000000 ) ;
#3598 = CARTESIAN_POINT ( 'NONE',  ( -9.409999999999998366, 10.81999999999999140, 0.1349999999999999534 ) ) ;
#3599 = CARTESIAN_POINT ( 'NONE',  ( -10.99999999999999112, -9.410000000000000142, 0.1349999999999999534 ) ) ;
#3600 = VECTOR ( 'NONE', #1245, 100.0000000000000142 ) ;
#3601 = DIRECTION ( 'NONE',  ( 0.000000000000000000, 1.000000000000000000, 0.000000000000000000 ) ) ;
#3602 = CIRCLE ( 'NONE', #2147, 0.3049999999999997158 ) ;
#3603 = EDGE_LOOP ( 'NONE', ( #2962, #2025, #2235, #309 ) ) ;
#3604 = LINE ( 'NONE', #2961, #1015 ) ;
#3605 = ORIENTED_EDGE ( 'NONE', *, *, #1815, .T. ) ;
#3606 = ADVANCED_FACE ( 'NONE', ( #243 ), #3467, .F. ) ;
#3607 = ORIENTED_EDGE ( 'NONE', *, *, #1629, .T. ) ;
#3608 = DIRECTION ( 'NONE',  ( 1.817653936845377429E-16, -1.000000000000000000, 0.000000000000000000 ) ) ;
#3609 = DIRECTION ( 'NONE',  ( 0.4999999999999979461, -0.8660254037844398178, 0.000000000000000000 ) ) ;
#3610 = EDGE_CURVE ( 'NONE', #1912, #1891, #2202, .T. ) ;
#3611 = ORIENTED_EDGE ( 'NONE', *, *, #2134, .F. ) ;
#3612 = ORIENTED_EDGE ( 'NONE', *, *, #2031, .T. ) ;
#3613 = CARTESIAN_POINT ( 'NONE',  ( 10.20000000000000107, -9.767957166897559773, 0.1349999999999999534 ) ) ;
#3614 = DIRECTION ( 'NONE',  ( 1.000000000000000000, 0.000000000000000000, 0.000000000000000000 ) ) ;
#3615 = CARTESIAN_POINT ( 'NONE',  ( 8.589999999999999858, -10.99999999999999112, 0.6350000000000000089 ) ) ;
#3616 = ADVANCED_FACE ( 'NONE', ( #3051 ), #904, .F. ) ;
#3617 = DIRECTION ( 'NONE',  ( -1.000000000000000000, 0.000000000000000000, -0.000000000000000000 ) ) ;
#3618 = EDGE_CURVE ( 'NONE', #1911, #3759, #1474, .T. ) ;
#3619 = CARTESIAN_POINT ( 'NONE',  ( 7.634999999999997122, 10.36499999999999666, 0.3175000000000000044 ) ) ;
#3620 = DIRECTION ( 'NONE',  ( 0.000000000000000000, 0.000000000000000000, -1.000000000000000000 ) ) ;
#3621 = EDGE_CURVE ( 'NONE', #630, #3670, #576, .T. ) ;
#3622 = DIRECTION ( 'NONE',  ( 0.000000000000000000, -1.000000000000000000, 0.000000000000000000 ) ) ;
#3623 = ORIENTED_EDGE ( 'NONE', *, *, #1108, .T. ) ;
#3624 = CARTESIAN_POINT ( 'NONE',  ( -10.49999999999999822, 10.99999999999999645, 0.6350000000000000089 ) ) ;
#3625 = EDGE_LOOP ( 'NONE', ( #1028, #854 ) ) ;
#3626 = ORIENTED_EDGE ( 'NONE', *, *, #3359, .T. ) ;
#3627 = CARTESIAN_POINT ( 'NONE',  ( -10.19999999999999751, 9.767957166897559773, 0.1349999999999999534 ) ) ;
#3628 = DIRECTION ( 'NONE',  ( 0.8660254037844398178, 0.4999999999999980571, 0.000000000000000000 ) ) ;
#3629 = EDGE_CURVE ( 'NONE', #317, #23, #2740, .T. ) ;
#3630 = CARTESIAN_POINT ( 'NONE',  ( 10.81999999999999140, 8.589999999999998082, 0.1349999999999999534 ) ) ;
#3631 = ORIENTED_EDGE ( 'NONE', *, *, #2333, .F. ) ;
#3632 = ORIENTED_EDGE ( 'NONE', *, *, #1289, .F. ) ;
#3633 = DIRECTION ( 'NONE',  ( 0.000000000000000000, 0.000000000000000000, -1.000000000000000000 ) ) ;
#3634 = LINE ( 'NONE', #3966, #622 ) ;
#3635 = LINE ( 'NONE', #3873, #3526 ) ;
#3636 = PLANE ( 'NONE',  #3663 ) ;
#3637 = CARTESIAN_POINT ( 'NONE',  ( 9.000000000000001776, -8.999999999999998224, 0.000000000000000000 ) ) ;
#3638 = CARTESIAN_POINT ( 'NONE',  ( 7.634999999999997122, 10.36499999999999666, 0.6350000000000000089 ) ) ;
#3639 = DIRECTION ( 'NONE',  ( -1.000000000000000000, 0.000000000000000000, 0.000000000000000000 ) ) ;
#3640 = ORIENTED_EDGE ( 'NONE', *, *, #2285, .T. ) ;
#3641 = AXIS2_PLACEMENT_3D ( 'NONE', #3136, #1528, #982 ) ;
#3642 = DIRECTION ( 'NONE',  ( 0.000000000000000000, 0.000000000000000000, 1.000000000000000000 ) ) ;
#3643 = EDGE_LOOP ( 'NONE', ( #1167, #3070, #3295, #3362 ) ) ;
#3644 = ORIENTED_EDGE ( 'NONE', *, *, #3912, .T. ) ;
#3645 = CARTESIAN_POINT ( 'NONE',  ( 8.589999999999999858, -10.99999999999999112, 0.1349999999999999534 ) ) ;
#3646 = DIRECTION ( 'NONE',  ( 0.4999999999999979461, 0.8660254037844398178, 0.000000000000000000 ) ) ;
#3647 = CARTESIAN_POINT ( 'NONE',  ( 10.49999999999999467, 11.00000000000000000, 0.000000000000000000 ) ) ;
#3648 = VERTEX_POINT ( 'NONE', #1558 ) ;
#3649 = VERTEX_POINT ( 'NONE', #3379 ) ;
#3650 = EDGE_CURVE ( 'NONE', #74, #191, #547, .T. ) ;
#3651 = DIRECTION ( 'NONE',  ( 0.000000000000000000, 1.000000000000000000, 0.000000000000000000 ) ) ;
#3652 = CARTESIAN_POINT ( 'NONE',  ( -10.36499999999999666, -7.635000000000001563, 0.3175000000000000044 ) ) ;
#3653 = CIRCLE ( 'NONE', #1267, 0.3049999999999997158 ) ;
#3654 = AXIS2_PLACEMENT_3D ( 'NONE', #3830, #3514, #1317 ) ;
#3655 = ORIENTED_EDGE ( 'NONE', *, *, #1856, .T. ) ;
#3656 = AXIS2_PLACEMENT_3D ( 'NONE', #1238, #1586, #4037 ) ;
#3657 = EDGE_CURVE ( 'NONE', #940, #279, #3762, .T. ) ;
#3658 = LINE ( 'NONE', #2651, #2535 ) ;
#3659 = DIRECTION ( 'NONE',  ( -0.000000000000000000, -0.000000000000000000, 1.000000000000000000 ) ) ;
#3660 = VECTOR ( 'NONE', #2940, 100.0000000000000000 ) ;
#3661 = AXIS2_PLACEMENT_3D ( 'NONE', #2823, #219, #2140 ) ;
#3662 = DIRECTION ( 'NONE',  ( 0.000000000000000000, -1.000000000000000000, 0.000000000000000000 ) ) ;
#3663 = AXIS2_PLACEMENT_3D ( 'NONE', #2056, #202, #3323 ) ;
#3664 = CARTESIAN_POINT ( 'NONE',  ( -8.999999999999998224, -9.305000000000001492, 0.000000000000000000 ) ) ;
#3665 = EDGE_CURVE ( 'NONE', #2499, #2620, #4029, .T. ) ;
#3666 = ORIENTED_EDGE ( 'NONE', *, *, #615, .F. ) ;
#3667 = FACE_OUTER_BOUND ( 'NONE', #901, .T. ) ;
#3668 = VECTOR ( 'NONE', #1168, 100.0000000000000000 ) ;
#3669 = EDGE_CURVE ( 'NONE', #941, #962, #924, .T. ) ;
#3670 = VERTEX_POINT ( 'NONE', #3444 ) ;
#3671 = ORIENTED_EDGE ( 'NONE', *, *, #3492, .T. ) ;
#3672 = ADVANCED_FACE ( 'NONE', ( #4090 ), #2466, .F. ) ;
#3673 = CARTESIAN_POINT ( 'NONE',  ( 8.589999999999994529, 10.99999999999999645, 0.1349999999999999534 ) ) ;
#3674 = PLANE ( 'NONE',  #3854 ) ;
#3675 = CARTESIAN_POINT ( 'NONE',  ( 10.20000000000000107, -9.767957166897559773, 0.6350000000000000089 ) ) ;
#3676 = ORIENTED_EDGE ( 'NONE', *, *, #1532, .T. ) ;
#3677 = ORIENTED_EDGE ( 'NONE', *, *, #3143, .T. ) ;
#3678 = DIRECTION ( 'NONE',  ( 0.000000000000000000, 1.000000000000000000, 0.000000000000000000 ) ) ;
#3679 = DIRECTION ( 'NONE',  ( 0.000000000000000000, -1.000000000000000000, 0.000000000000000000 ) ) ;
#3680 = ORIENTED_EDGE ( 'NONE', *, *, #3425, .F. ) ;
#3681 = LINE ( 'NONE', #1748, #2397 ) ;
#3682 = LINE ( 'NONE', #2057, #2133 ) ;
#3683 = CARTESIAN_POINT ( 'NONE',  ( -9.409999999999994813, -10.99999999999999645, 0.1349999999999999534 ) ) ;
#3684 = ADVANCED_FACE ( 'NONE', ( #3779 ), #263, .F. ) ;
#3685 = DIRECTION ( 'NONE',  ( 0.000000000000000000, 0.000000000000000000, -1.000000000000000000 ) ) ;
#3686 = ORIENTED_EDGE ( 'NONE', *, *, #1049, .F. ) ;
#3687 = CARTESIAN_POINT ( 'NONE',  ( 25.63500000000000156, 10.36499999999999844, 0.3175000000000000044 ) ) ;
#3688 = ORIENTED_EDGE ( 'NONE', *, *, #1677, .F. ) ;
#3689 = ORIENTED_EDGE ( 'NONE', *, *, #1081, .F. ) ;
#3690 = CARTESIAN_POINT ( 'NONE',  ( 9.409999999999996589, 10.99999999999999645, 0.6350000000000000089 ) ) ;
#3691 = CARTESIAN_POINT ( 'NONE',  ( 7.635000000000004228, -10.36499999999999488, 0.3175000000000000044 ) ) ;
#3692 = EDGE_CURVE ( 'NONE', #2967, #3372, #593, .T. ) ;
#3693 = CARTESIAN_POINT ( 'NONE',  ( 10.36499999999999488, 7.635000000000004228, 0.3175000000000000044 ) ) ;
#3694 = ORIENTED_EDGE ( 'NONE', *, *, #2141, .T. ) ;
#3695 = ORIENTED_EDGE ( 'NONE', *, *, #1694, .F. ) ;
#3696 = LINE ( 'NONE', #2114, #2142 ) ;
#3697 = DIRECTION ( 'NONE',  ( -0.000000000000000000, 1.000000000000000000, 0.000000000000000000 ) ) ;
#3698 = ORIENTED_EDGE ( 'NONE', *, *, #1514, .F. ) ;
#3699 = CARTESIAN_POINT ( 'NONE',  ( -8.029999999999997584, 0.000000000000000000, 0.4000000000000000222 ) ) ;
#3700 = DIRECTION ( 'NONE',  ( 0.000000000000000000, 1.000000000000000000, 0.000000000000000000 ) ) ;
#3701 = DIRECTION ( 'NONE',  ( -0.4999999999999979461, 0.8660254037844398178, -0.000000000000000000 ) ) ;
#3702 = CARTESIAN_POINT ( 'NONE',  ( -7.370000000000000107, -7.470000000000000639, 0.000000000000000000 ) ) ;
#3703 = DIRECTION ( 'NONE',  ( 0.8660254037844398178, -0.4999999999999980571, 0.000000000000000000 ) ) ;
#3704 = DIRECTION ( 'NONE',  ( -0.000000000000000000, 0.000000000000000000, 1.000000000000000000 ) ) ;
#3705 = ADVANCED_FACE ( 'NONE', ( #1494 ), #3404, .F. ) ;
#3706 = AXIS2_PLACEMENT_3D ( 'NONE', #3010, #178, #3028 ) ;
#3707 = VERTEX_POINT ( 'NONE', #3864 ) ;
#3708 = ORIENTED_EDGE ( 'NONE', *, *, #2311, .T. ) ;
#3709 = CARTESIAN_POINT ( 'NONE',  ( -10.99999999999999467, 7.499999999999995559, 0.000000000000000000 ) ) ;
#3710 = FACE_OUTER_BOUND ( 'NONE', #510, .T. ) ;
#3711 = CARTESIAN_POINT ( 'NONE',  ( -9.000000000000000000, 9.304999999999999716, 0.6350000000000000089 ) ) ;
#3712 = EDGE_LOOP ( 'NONE', ( #197, #2228, #1594, #3859 ) ) ;
#3713 = EDGE_CURVE ( 'NONE', #727, #2433, #658, .T. ) ;
#3714 = ORIENTED_EDGE ( 'NONE', *, *, #1536, .F. ) ;
#3715 = CARTESIAN_POINT ( 'NONE',  ( 8.030000000000004690, -8.030000000000002913, 0.000000000000000000 ) ) ;
#3716 = DIRECTION ( 'NONE',  ( -0.000000000000000000, -0.000000000000000000, 1.000000000000000000 ) ) ;
#3717 = ORIENTED_EDGE ( 'NONE', *, *, #93, .T. ) ;
#3718 = EDGE_CURVE ( 'NONE', #1061, #4009, #1971, .T. ) ;
#3719 = CIRCLE ( 'NONE', #150, 2.500000000000000888 ) ;
#3720 = LINE ( 'NONE', #1812, #1070 ) ;
#3721 = DIRECTION ( 'NONE',  ( 1.817653936845377429E-16, -1.000000000000000000, 0.000000000000000000 ) ) ;
#3722 = DIRECTION ( 'NONE',  ( 0.000000000000000000, 0.000000000000000000, -1.000000000000000000 ) ) ;
#3723 = VECTOR ( 'NONE', #2300, 100.0000000000000000 ) ;
#3724 = VECTOR ( 'NONE', #2769, 100.0000000000000000 ) ;
#3725 = DIRECTION ( 'NONE',  ( 0.000000000000000000, 0.000000000000000000, 1.000000000000000000 ) ) ;
#3726 = VECTOR ( 'NONE', #582, 100.0000000000000000 ) ;
#3727 = VECTOR ( 'NONE', #2783, 100.0000000000000000 ) ;
#3728 = CARTESIAN_POINT ( 'NONE',  ( -8.589999999999992752, -10.81999999999999851, 0.1349999999999999534 ) ) ;
#3729 = DIRECTION ( 'NONE',  ( 0.000000000000000000, 1.000000000000000000, 0.000000000000000000 ) ) ;
#3730 = VECTOR ( 'NONE', #739, 100.0000000000000000 ) ;
#3731 = VERTEX_POINT ( 'NONE', #3489 ) ;
#3732 = EDGE_LOOP ( 'NONE', ( #4041, #2299, #3626, #2316, #629 ) ) ;
#3733 = LINE ( 'NONE', #2732, #2467 ) ;
#3734 = PLANE ( 'NONE',  #945 ) ;
#3735 = VECTOR ( 'NONE', #256, 100.0000000000000000 ) ;
#3736 = ADVANCED_FACE ( 'NONE', ( #1658 ), #2586, .F. ) ;
#3737 = ADVANCED_FACE ( 'NONE', ( #3201 ), #3180, .F. ) ;
#3738 = ORIENTED_EDGE ( 'NONE', *, *, #3082, .T. ) ;
#3739 = AXIS2_PLACEMENT_3D ( 'NONE', #3303, #166, #3880 ) ;
#3740 = ORIENTED_EDGE ( 'NONE', *, *, #871, .F. ) ;
#3741 = LINE ( 'NONE', #592, #621 ) ;
#3742 = DIRECTION ( 'NONE',  ( -0.4999999999999980571, -0.8660254037844398178, 0.000000000000000000 ) ) ;
#3743 = EDGE_CURVE ( 'NONE', #4063, #1826, #3221, .T. ) ;
#3744 = VERTEX_POINT ( 'NONE', #1027 ) ;
#3745 = LINE ( 'NONE', #4053, #3597 ) ;
#3746 = DIRECTION ( 'NONE',  ( -1.000000000000000000, 0.000000000000000000, 0.000000000000000000 ) ) ;
#3747 = LINE ( 'NONE', #2210, #1339 ) ;
#3748 = EDGE_CURVE ( 'NONE', #1846, #872, #98, .T. ) ;
#3749 = EDGE_CURVE ( 'NONE', #2403, #1447, #2528, .T. ) ;
#3750 = PLANE ( 'NONE',  #1940 ) ;
#3751 = LINE ( 'NONE', #626, #363 ) ;
#3752 = LINE ( 'NONE', #1884, #2650 ) ;
#3753 = ORIENTED_EDGE ( 'NONE', *, *, #2365, .F. ) ;
#3754 = ORIENTED_EDGE ( 'NONE', *, *, #1475, .T. ) ;
#3755 = CARTESIAN_POINT ( 'NONE',  ( 10.36499999999999844, -7.634999999999996234, 0.3175000000000000044 ) ) ;
#3756 = DIRECTION ( 'NONE',  ( 0.000000000000000000, 0.000000000000000000, -1.000000000000000000 ) ) ;
#3757 = PLANE ( 'NONE',  #1325 ) ;
#3758 = ORIENTED_EDGE ( 'NONE', *, *, #1831, .F. ) ;
#3759 = VERTEX_POINT ( 'NONE', #3163 ) ;
#3760 = DIRECTION ( 'NONE',  ( -0.000000000000000000, 0.000000000000000000, 1.000000000000000000 ) ) ;
#3761 = EDGE_CURVE ( 'NONE', #1491, #1061, #1265, .T. ) ;
#3762 = LINE ( 'NONE', #1207, #2867 ) ;
#3763 = ORIENTED_EDGE ( 'NONE', *, *, #3561, .F. ) ;
#3764 = VERTEX_POINT ( 'NONE', #326 ) ;
#3765 = DIRECTION ( 'NONE',  ( -9.251858538542975279E-17, -1.000000000000000000, 0.000000000000000000 ) ) ;
#3766 = CARTESIAN_POINT ( 'NONE',  ( -7.635000000000003340, 10.99999999999999645, 0.3175000000000000044 ) ) ;
#3767 = CARTESIAN_POINT ( 'NONE',  ( -10.81999999999999496, 9.409999999999996589, 0.1349999999999999534 ) ) ;
#3768 = DIRECTION ( 'NONE',  ( 0.000000000000000000, -1.000000000000000000, 0.000000000000000000 ) ) ;
#3769 = CARTESIAN_POINT ( 'NONE',  ( 0.000000000000000000, 0.000000000000000000, 0.3175000000000000044 ) ) ;
#3770 = DIRECTION ( 'NONE',  ( 0.000000000000000000, 1.000000000000000000, -0.000000000000000000 ) ) ;
#3771 = ORIENTED_EDGE ( 'NONE', *, *, #2742, .F. ) ;
#3772 = ORIENTED_EDGE ( 'NONE', *, *, #701, .T. ) ;
#3773 = DIRECTION ( 'NONE',  ( -0.7071067811865475727, 0.7071067811865475727, 0.000000000000000000 ) ) ;
#3774 = VECTOR ( 'NONE', #1165, 100.0000000000000000 ) ;
#3775 = LINE ( 'NONE', #2156, #1449 ) ;
#3776 = ORIENTED_EDGE ( 'NONE', *, *, #1901, .F. ) ;
#3777 = EDGE_LOOP ( 'NONE', ( #1285, #2280, #831, #1952 ) ) ;
#3778 = LINE ( 'NONE', #1596, #4067 ) ;
#3779 = FACE_OUTER_BOUND ( 'NONE', #2854, .T. ) ;
#3780 = EDGE_CURVE ( 'NONE', #3198, #1912, #1296, .T. ) ;
#3781 = VERTEX_POINT ( 'NONE', #3807 ) ;
#3782 = ORIENTED_EDGE ( 'NONE', *, *, #834, .F. ) ;
#3783 = PLANE ( 'NONE',  #2452 ) ;
#3784 = CARTESIAN_POINT ( 'NONE',  ( 9.000000000000001776, -8.999999999999998224, 0.6350000000000000089 ) ) ;
#3785 = DIRECTION ( 'NONE',  ( 0.000000000000000000, 0.000000000000000000, -1.000000000000000000 ) ) ;
#3786 = VECTOR ( 'NONE', #2965, 100.0000000000000142 ) ;
#3787 = DIRECTION ( 'NONE',  ( -0.8660254037844398178, -0.4999999999999980571, 0.000000000000000000 ) ) ;
#3788 = EDGE_CURVE ( 'NONE', #1423, #3214, #713, .T. ) ;
#3789 = CIRCLE ( 'NONE', #2519, 2.500000000000000888 ) ;
#3790 = DIRECTION ( 'NONE',  ( 1.000000000000000000, 0.000000000000000000, 0.000000000000000000 ) ) ;
#3791 = EDGE_CURVE ( 'NONE', #2759, #942, #2242, .T. ) ;
#3792 = VECTOR ( 'NONE', #1113, 100.0000000000000142 ) ;
#3793 = ORIENTED_EDGE ( 'NONE', *, *, #268, .T. ) ;
#3794 = VECTOR ( 'NONE', #2956, 100.0000000000000142 ) ;
#3795 = CARTESIAN_POINT ( 'NONE',  ( -10.99999999999999467, 9.409999999999996589, 0.6350000000000000089 ) ) ;
#3796 = CARTESIAN_POINT ( 'NONE',  ( -7.162345244612028594, 10.69499999999999673, 0.6350000000000000089 ) ) ;
#3797 = VECTOR ( 'NONE', #975, 100.0000000000000000 ) ;
#3798 = EDGE_CURVE ( 'NONE', #2107, #2357, #2922, .T. ) ;
#3799 = EDGE_CURVE ( 'NONE', #2080, #2552, #2297, .T. ) ;
#3800 = CARTESIAN_POINT ( 'NONE',  ( 7.500000000000000000, -10.99999999999999645, 0.000000000000000000 ) ) ;
#3801 = VECTOR ( 'NONE', #2934, 100.0000000000000000 ) ;
#3802 = EDGE_CURVE ( 'NONE', #3900, #2003, #2609, .T. ) ;
#3803 = ORIENTED_EDGE ( 'NONE', *, *, #1305, .F. ) ;
#3804 = VERTEX_POINT ( 'NONE', #2842 ) ;
#3805 = DIRECTION ( 'NONE',  ( -0.000000000000000000, 0.000000000000000000, 1.000000000000000000 ) ) ;
#3806 = VECTOR ( 'NONE', #1758, 100.0000000000000000 ) ;
#3807 = CARTESIAN_POINT ( 'NONE',  ( -7.470000000000000639, -7.370000000000000107, 0.000000000000000000 ) ) ;
#3808 = ADVANCED_FACE ( 'NONE', ( #697 ), #1005, .T. ) ;
#3809 = AXIS2_PLACEMENT_3D ( 'NONE', #3365, #3057, #1481 ) ;
#3810 = EDGE_LOOP ( 'NONE', ( #654, #2335, #3567, #1220, #3446, #2126 ) ) ;
#3811 = ORIENTED_EDGE ( 'NONE', *, *, #2755, .T. ) ;
#3812 = DIRECTION ( 'NONE',  ( -0.7071067811865475727, -0.7071067811865475727, -0.000000000000000000 ) ) ;
#3813 = CARTESIAN_POINT ( 'NONE',  ( 10.99999999999999645, -8.589999999999992752, 0.1349999999999999534 ) ) ;
#3814 = CARTESIAN_POINT ( 'NONE',  ( -10.99999999999999467, 10.49999999999999467, 0.6350000000000000089 ) ) ;
#3815 = DIRECTION ( 'NONE',  ( -0.000000000000000000, 0.000000000000000000, 1.000000000000000000 ) ) ;
#3816 = CARTESIAN_POINT ( 'NONE',  ( 9.000000000000001776, -8.999999999999996447, 0.3175000000000000044 ) ) ;
#3817 = EDGE_CURVE ( 'NONE', #2157, #2700, #1313, .T. ) ;
#3818 = EDGE_LOOP ( 'NONE', ( #1840, #1695, #1056, #3840 ) ) ;
#3819 = ORIENTED_EDGE ( 'NONE', *, *, #58, .T. ) ;
#3820 = LINE ( 'NONE', #13, #1413 ) ;
#3821 = LINE ( 'NONE', #723, #3369 ) ;
#3822 = ORIENTED_EDGE ( 'NONE', *, *, #3504, .T. ) ;
#3823 = ORIENTED_EDGE ( 'NONE', *, *, #3381, .F. ) ;
#3824 = CARTESIAN_POINT ( 'NONE',  ( 8.030000000000004690, -8.030000000000002913, 0.4000000000000000222 ) ) ;
#3825 = DIRECTION ( 'NONE',  ( 0.000000000000000000, 0.000000000000000000, 1.000000000000000000 ) ) ;
#3826 = ADVANCED_FACE ( 'NONE', ( #1640 ), #78, .F. ) ;
#3827 = VERTEX_POINT ( 'NONE', #2030 ) ;
#3828 = ORIENTED_EDGE ( 'NONE', *, *, #2431, .T. ) ;
#3829 = LINE ( 'NONE', #3534, #682 ) ;
#3830 = CARTESIAN_POINT ( 'NONE',  ( -9.000000000000000000, 9.000000000000000000, 0.000000000000000000 ) ) ;
#3831 = FACE_OUTER_BOUND ( 'NONE', #675, .T. ) ;
#3832 = PLANE ( 'NONE',  #2657 ) ;
#3833 = LINE ( 'NONE', #3907, #3261 ) ;
#3834 = EDGE_CURVE ( 'NONE', #1735, #3275, #3961, .T. ) ;
#3835 = ORIENTED_EDGE ( 'NONE', *, *, #2582, .T. ) ;
#3836 = LINE ( 'NONE', #444, #3059 ) ;
#3837 = CARTESIAN_POINT ( 'NONE',  ( 8.030000000000004690, 8.030000000000004690, 0.4000000000000000222 ) ) ;
#3838 = PRODUCT_CONTEXT ( 'NONE', #2446, 'mechanical' ) ;
#3839 = VERTEX_POINT ( 'NONE', #1405 ) ;
#3840 = ORIENTED_EDGE ( 'NONE', *, *, #1350, .T. ) ;
#3841 = ORIENTED_EDGE ( 'NONE', *, *, #1659, .F. ) ;
#3842 = CARTESIAN_POINT ( 'NONE',  ( 7.370000000000000107, 7.470000000000000639, 0.000000000000000000 ) ) ;
#3843 = CARTESIAN_POINT ( 'NONE',  ( 10.36499999999999488, 7.635000000000004228, 0.3175000000000000044 ) ) ;
#3844 = ADVANCED_FACE ( 'NONE', ( #2626 ), #1716, .F. ) ;
#3845 = ORIENTED_EDGE ( 'NONE', *, *, #3692, .F. ) ;
#3846 = AXIS2_PLACEMENT_3D ( 'NONE', #302, #2857, #2501 ) ;
#3847 = ORIENTED_EDGE ( 'NONE', *, *, #1964, .T. ) ;
#3848 = LINE ( 'NONE', #49, #559 ) ;
#3849 = PLANE ( 'NONE',  #2795 ) ;
#3850 = CARTESIAN_POINT ( 'NONE',  ( -10.81999999999999140, -8.589999999999999858, 0.1349999999999999534 ) ) ;
#3851 = PLANE ( 'NONE',  #2798 ) ;
#3852 = CARTESIAN_POINT ( 'NONE',  ( -9.409999999999994813, -10.99999999999999645, 0.1349999999999999534 ) ) ;
#3853 = ORIENTED_EDGE ( 'NONE', *, *, #2906, .T. ) ;
#3854 = AXIS2_PLACEMENT_3D ( 'NONE', #588, #3756, #1862 ) ;
#3855 = DIRECTION ( 'NONE',  ( 0.000000000000000000, 0.000000000000000000, -1.000000000000000000 ) ) ;
#3856 = CARTESIAN_POINT ( 'NONE',  ( -7.470000000000000639, 7.370000000000000107, -0.000000000000000000 ) ) ;
#3857 = VECTOR ( 'NONE', #3902, 100.0000000000000000 ) ;
#3858 = VECTOR ( 'NONE', #1774, 100.0000000000000000 ) ;
#3859 = ORIENTED_EDGE ( 'NONE', *, *, #508, .F. ) ;
#3860 = ORIENTED_EDGE ( 'NONE', *, *, #3450, .F. ) ;
#3861 = CIRCLE ( 'NONE', #882, 2.500000000000000888 ) ;
#3862 = VECTOR ( 'NONE', #3927, 100.0000000000000142 ) ;
#3863 = LINE ( 'NONE', #986, #634 ) ;
#3864 = CARTESIAN_POINT ( 'NONE',  ( 10.81999999999999140, 9.409999999999998366, 0.6350000000000000089 ) ) ;
#3865 = ADVANCED_FACE ( 'NONE', ( #3899 ), #3313, .F. ) ;
#3866 = VECTOR ( 'NONE', #1565, 100.0000000000000000 ) ;
#3867 = ORIENTED_EDGE ( 'NONE', *, *, #2434, .F. ) ;
#3868 = VERTEX_POINT ( 'NONE', #116 ) ;
#3869 = DIRECTION ( 'NONE',  ( -0.000000000000000000, 0.000000000000000000, 1.000000000000000000 ) ) ;
#3870 = CARTESIAN_POINT ( 'NONE',  ( 7.500000000000000000, -10.99999999999999645, 0.6350000000000000089 ) ) ;
#3871 = EDGE_CURVE ( 'NONE', #2157, #264, #3027, .T. ) ;
#3872 = AXIS2_PLACEMENT_3D ( 'NONE', #3898, #1058, #3883 ) ;
#3873 = CARTESIAN_POINT ( 'NONE',  ( 10.36499999999999488, 7.635000000000004228, 0.6350000000000000089 ) ) ;
#3874 = CARTESIAN_POINT ( 'NONE',  ( 10.81999999999999851, -9.409999999999994813, 0.1349999999999999534 ) ) ;
#3875 = LINE ( 'NONE', #1358, #1467 ) ;
#3876 = PRODUCT_RELATED_PRODUCT_CATEGORY ( 'part', '', ( #2944 ) ) ;
#3877 = EDGE_CURVE ( 'NONE', #2356, #2014, #1425, .T. ) ;
#3878 = VERTEX_POINT ( 'NONE', #2373 ) ;
#3879 = DIRECTION ( 'NONE',  ( -1.000000000000000000, 0.000000000000000000, 0.000000000000000000 ) ) ;
#3880 = DIRECTION ( 'NONE',  ( 1.000000000000000000, 0.000000000000000000, 0.000000000000000000 ) ) ;
#3881 = ORIENTED_EDGE ( 'NONE', *, *, #1888, .F. ) ;
#3882 = VERTEX_POINT ( 'NONE', #1059 ) ;
#3883 = DIRECTION ( 'NONE',  ( 0.000000000000000000, -1.000000000000000000, 0.000000000000000000 ) ) ;
#3884 = CARTESIAN_POINT ( 'NONE',  ( -9.409999999999998366, 10.99999999999999112, 0.1349999999999999534 ) ) ;
#3885 = VERTEX_POINT ( 'NONE', #756 ) ;
#3886 = ORIENTED_EDGE ( 'NONE', *, *, #1532, .F. ) ;
#3887 = EDGE_CURVE ( 'NONE', #3882, #2104, #2012, .T. ) ;
#3888 = DIRECTION ( 'NONE',  ( -1.000000000000000000, 0.000000000000000000, -0.000000000000000000 ) ) ;
#3889 = CARTESIAN_POINT ( 'NONE',  ( 8.999999999999998224, 9.000000000000000000, 0.000000000000000000 ) ) ;
#3890 = FACE_OUTER_BOUND ( 'NONE', #2920, .T. ) ;
#3891 = CARTESIAN_POINT ( 'NONE',  ( 10.36499999999999488, 7.635000000000004228, 0.3175000000000000044 ) ) ;
#3892 = CARTESIAN_POINT ( 'NONE',  ( 9.409999999999996589, 10.81999999999999673, 0.6350000000000000089 ) ) ;
#3893 = CARTESIAN_POINT ( 'NONE',  ( -10.99999999999999112, -8.589999999999999858, 0.1349999999999999534 ) ) ;
#3894 = ORIENTED_EDGE ( 'NONE', *, *, #577, .T. ) ;
#3895 = CARTESIAN_POINT ( 'NONE',  ( -9.000000000000000000, 9.000000000000000000, 0.000000000000000000 ) ) ;
#3896 = ORIENTED_EDGE ( 'NONE', *, *, #2919, .T. ) ;
#3897 = ORIENTED_EDGE ( 'NONE', *, *, #3538, .F. ) ;
#3898 = CARTESIAN_POINT ( 'NONE',  ( -8.999999999999994671, 8.999999999999998224, 0.000000000000000000 ) ) ;
#3899 = FACE_OUTER_BOUND ( 'NONE', #3975, .T. ) ;
#3900 = VERTEX_POINT ( 'NONE', #1759 ) ;
#3901 = EDGE_LOOP ( 'NONE', ( #2547, #464 ) ) ;
#3902 = DIRECTION ( 'NONE',  ( -1.000000000000000000, -1.817653936845377429E-16, 0.000000000000000000 ) ) ;
#3903 = DIRECTION ( 'NONE',  ( 0.8660254037844398178, 0.4999999999999979461, 0.000000000000000000 ) ) ;
#3904 = VECTOR ( 'NONE', #1416, 100.0000000000000000 ) ;
#3905 = CARTESIAN_POINT ( 'NONE',  ( -10.99999999999999467, 9.409999999999996589, 0.1349999999999999534 ) ) ;
#3906 = CARTESIAN_POINT ( 'NONE',  ( 8.589999999999994529, 10.99999999999999645, 0.6350000000000000089 ) ) ;
#3907 = CARTESIAN_POINT ( 'NONE',  ( 10.36499999999999488, 25.63499999999999801, 0.3175000000000000044 ) ) ;
#3908 = EDGE_CURVE ( 'NONE', #1912, #997, #177, .T. ) ;
#3909 = CARTESIAN_POINT ( 'NONE',  ( 10.49999999999999467, 10.99999999999999467, 0.3175000000000000044 ) ) ;
#3910 = ORIENTED_EDGE ( 'NONE', *, *, #1321, .F. ) ;
#3911 = CYLINDRICAL_SURFACE ( 'NONE', #747, 0.3049999999999997158 ) ;
#3912 = EDGE_CURVE ( 'NONE', #1642, #3839, #155, .T. ) ;
#3913 = ORIENTED_EDGE ( 'NONE', *, *, #2688, .F. ) ;
#3914 = ORIENTED_EDGE ( 'NONE', *, *, #2672, .T. ) ;
#3915 = CARTESIAN_POINT ( 'NONE',  ( 10.20000000000000107, -8.232042833102429569, 0.1349999999999999534 ) ) ;
#3916 = AXIS2_PLACEMENT_3D ( 'NONE', #644, #2555, #2905 ) ;
#3917 = EDGE_CURVE ( 'NONE', #942, #941, #730, .T. ) ;
#3918 = LINE ( 'NONE', #1083, #350 ) ;
#3919 = ADVANCED_FACE ( 'NONE', ( #3335 ), #1986, .F. ) ;
#3920 = VECTOR ( 'NONE', #2631, 100.0000000000000000 ) ;
#3921 = VECTOR ( 'NONE', #2287, 100.0000000000000000 ) ;
#3922 = VERTEX_POINT ( 'NONE', #2047 ) ;
#3923 = VERTEX_POINT ( 'NONE', #193 ) ;
#3924 = ADVANCED_FACE ( 'NONE', ( #1443 ), #1382, .F. ) ;
#3925 = DIRECTION ( 'NONE',  ( 0.000000000000000000, -0.000000000000000000, -1.000000000000000000 ) ) ;
#3926 = VECTOR ( 'NONE', #1153, 100.0000000000000142 ) ;
#3927 = DIRECTION ( 'NONE',  ( -0.8660254037844398178, -0.4999999999999979461, 0.000000000000000000 ) ) ;
#3928 = VECTOR ( 'NONE', #1176, 100.0000000000000000 ) ;
#3929 = AXIS2_PLACEMENT_3D ( 'NONE', #2315, #506, #3293 ) ;
#3930 = DIRECTION ( 'NONE',  ( -1.000000000000000000, 9.251858538542975279E-17, 0.000000000000000000 ) ) ;
#3931 = CARTESIAN_POINT ( 'NONE',  ( 10.81999999999999140, 9.409999999999998366, 0.1349999999999999534 ) ) ;
#3932 = LINE ( 'NONE', #1749, #1999 ) ;
#3933 = AXIS2_PLACEMENT_3D ( 'NONE', #218, #3358, #879 ) ;
#3934 = CARTESIAN_POINT ( 'NONE',  ( -8.999999999999994671, 8.999999999999998224, 0.6350000000000000089 ) ) ;
#3935 = VECTOR ( 'NONE', #3997, 100.0000000000000000 ) ;
#3936 = VERTEX_POINT ( 'NONE', #2643 ) ;
#3937 = CARTESIAN_POINT ( 'NONE',  ( 10.19999999999999574, 9.767957166897563326, 0.1349999999999999534 ) ) ;
#3938 = EDGE_CURVE ( 'NONE', #3380, #3147, #2706, .T. ) ;
#3939 = EDGE_CURVE ( 'NONE', #3480, #2421, #3918, .T. ) ;
#3940 = ORIENTED_EDGE ( 'NONE', *, *, #200, .F. ) ;
#3941 = APPLICATION_CONTEXT ( 'automotive_design' ) ;
#3942 = VERTEX_POINT ( 'NONE', #2339 ) ;
#3943 = PLANE ( 'NONE',  #2737 ) ;
#3944 = DIRECTION ( 'NONE',  ( 1.000000000000000000, 0.000000000000000000, 0.000000000000000000 ) ) ;
#3945 = DIRECTION ( 'NONE',  ( 0.000000000000000000, 0.000000000000000000, -1.000000000000000000 ) ) ;
#3946 = EDGE_LOOP ( 'NONE', ( #1170, #3758, #1886, #3414 ) ) ;
#3947 = ORIENTED_EDGE ( 'NONE', *, *, #3989, .T. ) ;
#3948 = DIRECTION ( 'NONE',  ( 1.000000000000000000, 0.000000000000000000, 0.000000000000000000 ) ) ;
#3949 = CARTESIAN_POINT ( 'NONE',  ( 7.370000000000000107, -7.470000000000000639, 0.4000000000000000222 ) ) ;
#3950 = LINE ( 'NONE', #765, #1209 ) ;
#3951 = PLANE ( 'NONE',  #3594 ) ;
#3952 = DIRECTION ( 'NONE',  ( 0.000000000000000000, 1.000000000000000000, 0.000000000000000000 ) ) ;
#3953 = CARTESIAN_POINT ( 'NONE',  ( -10.81999999999999140, -8.589999999999999858, 0.6350000000000000089 ) ) ;
#3954 = DIRECTION ( 'NONE',  ( -0.000000000000000000, 0.000000000000000000, 1.000000000000000000 ) ) ;
#3955 = ORIENTED_EDGE ( 'NONE', *, *, #972, .F. ) ;
#3956 = CARTESIAN_POINT ( 'NONE',  ( -10.19999999999999396, -9.767957166897565102, 0.6350000000000000089 ) ) ;
#3957 = EDGE_CURVE ( 'NONE', #2014, #48, #463, .T. ) ;
#3958 = EDGE_LOOP ( 'NONE', ( #2096, #479, #2579, #2825 ) ) ;
#3959 = VERTEX_POINT ( 'NONE', #1164 ) ;
#3960 = DIRECTION ( 'NONE',  ( 0.000000000000000000, -1.000000000000000000, 0.000000000000000000 ) ) ;
#3961 = LINE ( 'NONE', #448, #2394 ) ;
#3962 = LINE ( 'NONE', #1718, #1717 ) ;
#3963 = ORIENTED_EDGE ( 'NONE', *, *, #3192, .T. ) ;
#3964 = ORIENTED_EDGE ( 'NONE', *, *, #1359, .F. ) ;
#3965 = LINE ( 'NONE', #1088, #2588 ) ;
#3966 = CARTESIAN_POINT ( 'NONE',  ( -10.81999999999999496, 8.589999999999994529, 0.1349999999999999534 ) ) ;
#3967 = EDGE_CURVE ( 'NONE', #48, #2945, #2773, .T. ) ;
#3968 = ORIENTED_EDGE ( 'NONE', *, *, #3450, .T. ) ;
#3969 = LINE ( 'NONE', #2972, #2005 ) ;
#3970 = CARTESIAN_POINT ( 'NONE',  ( -10.99999999999999645, -10.50000000000000178, 0.3175000000000000044 ) ) ;
#3971 = DIRECTION ( 'NONE',  ( 0.000000000000000000, 0.000000000000000000, 1.000000000000000000 ) ) ;
#3972 = AXIS2_PLACEMENT_3D ( 'NONE', #1391, #3324, #2973 ) ;
#3973 = ADVANCED_FACE ( 'NONE', ( #2817 ), #3110, .F. ) ;
#3974 = CARTESIAN_POINT ( 'NONE',  ( 9.000000000000001776, -8.999999999999996447, 0.000000000000000000 ) ) ;
#3975 = EDGE_LOOP ( 'NONE', ( #2438, #1894, #402, #611 ) ) ;
#3976 = DIRECTION ( 'NONE',  ( 0.000000000000000000, -1.000000000000000000, 0.000000000000000000 ) ) ;
#3977 = ADVANCED_FACE ( 'NONE', ( #1223 ), #3734, .F. ) ;
#3978 = VERTEX_POINT ( 'NONE', #1181 ) ;
#3979 = VERTEX_POINT ( 'NONE', #257 ) ;
#3980 = DIRECTION ( 'NONE',  ( 1.000000000000000000, 1.817653936845377429E-16, 0.000000000000000000 ) ) ;
#3981 = DIRECTION ( 'NONE',  ( 0.000000000000000000, 1.000000000000000000, 0.000000000000000000 ) ) ;
#3982 = VECTOR ( 'NONE', #3981, 100.0000000000000000 ) ;
#3983 = CARTESIAN_POINT ( 'NONE',  ( -8.029999999999997584, -8.030000000000002913, 0.000000000000000000 ) ) ;
#3984 = ORIENTED_EDGE ( 'NONE', *, *, #548, .F. ) ;
#3985 = VECTOR ( 'NONE', #2612, 100.0000000000000000 ) ;
#3986 = VERTEX_POINT ( 'NONE', #3437 ) ;
#3987 = LINE ( 'NONE', #923, #1667 ) ;
#3988 = LINE ( 'NONE', #1089, #291 ) ;
#3989 = EDGE_CURVE ( 'NONE', #336, #2942, #608, .T. ) ;
#3990 = AXIS2_PLACEMENT_3D ( 'NONE', #1187, #1169, #2761 ) ;
#3991 = ORIENTED_EDGE ( 'NONE', *, *, #1098, .T. ) ;
#3992 = AXIS2_PLACEMENT_3D ( 'NONE', #3228, #396, #2272 ) ;
#3993 = CARTESIAN_POINT ( 'NONE',  ( -8.999999999999994671, 8.999999999999998224, 0.000000000000000000 ) ) ;
#3994 = CARTESIAN_POINT ( 'NONE',  ( 9.410000000000000142, -10.81999999999999140, 0.1349999999999999534 ) ) ;
#3995 = AXIS2_PLACEMENT_3D ( 'NONE', #2720, #3685, #3366 ) ;
#3996 = VECTOR ( 'NONE', #2886, 100.0000000000000000 ) ;
#3997 = DIRECTION ( 'NONE',  ( 0.000000000000000000, -1.000000000000000000, 0.000000000000000000 ) ) ;
#3998 = VECTOR ( 'NONE', #1280, 100.0000000000000142 ) ;
#3999 = DIRECTION ( 'NONE',  ( 0.000000000000000000, 0.000000000000000000, -1.000000000000000000 ) ) ;
#4000 = ORIENTED_EDGE ( 'NONE', *, *, #663, .T. ) ;
#4001 = DIRECTION ( 'NONE',  ( 0.000000000000000000, 0.000000000000000000, -1.000000000000000000 ) ) ;
#4002 = EDGE_CURVE ( 'NONE', #2861, #1916, #3719, .T. ) ;
#4003 = VECTOR ( 'NONE', #2046, 100.0000000000000000 ) ;
#4004 = ORIENTED_EDGE ( 'NONE', *, *, #937, .F. ) ;
#4005 = ORIENTED_EDGE ( 'NONE', *, *, #2248, .F. ) ;
#4006 = LINE ( 'NONE', #2816, #1816 ) ;
#4007 = DIRECTION ( 'NONE',  ( 1.000000000000000000, 9.251858538542972814E-17, 0.000000000000000000 ) ) ;
#4008 = LINE ( 'NONE', #4025, #469 ) ;
#4009 = VERTEX_POINT ( 'NONE', #2436 ) ;
#4010 = VERTEX_POINT ( 'NONE', #1527 ) ;
#4011 = DIRECTION ( 'NONE',  ( 1.000000000000000000, 0.000000000000000000, 0.000000000000000000 ) ) ;
#4012 = DIRECTION ( 'NONE',  ( -1.000000000000000000, -1.817653936845377429E-16, 0.000000000000000000 ) ) ;
#4013 = ADVANCED_FACE ( 'NONE', ( #2479 ), #276, .F. ) ;
#4014 = ORIENTED_EDGE ( 'NONE', *, *, #3834, .F. ) ;
#4015 = FACE_OUTER_BOUND ( 'NONE', #2771, .T. ) ;
#4016 = FACE_OUTER_BOUND ( 'NONE', #3958, .T. ) ;
#4017 = CYLINDRICAL_SURFACE ( 'NONE', #2472, 2.500000000000000888 ) ;
#4018 = DIRECTION ( 'NONE',  ( 0.000000000000000000, 1.000000000000000000, 0.000000000000000000 ) ) ;
#4019 = SURFACE_SIDE_STYLE ('',( #270 ) ) ;
#4020 = CARTESIAN_POINT ( 'NONE',  ( 8.232042833102434898, -10.19999999999999396, 0.1349999999999999534 ) ) ;
#4021 = ORIENTED_EDGE ( 'NONE', *, *, #746, .F. ) ;
#4022 = EDGE_LOOP ( 'NONE', ( #3632, #884, #111, #137, #527, #3913, #12, #3288, #3114, #2112, #769, #2690 ) ) ;
#4023 = CARTESIAN_POINT ( 'NONE',  ( 8.589999999999999858, -10.81999999999999140, 0.1349999999999999534 ) ) ;
#4024 = LINE ( 'NONE', #1553, #3519 ) ;
#4025 = CARTESIAN_POINT ( 'NONE',  ( -9.767957166897559773, -10.20000000000000107, 0.1349999999999999534 ) ) ;
#4026 = ORIENTED_EDGE ( 'NONE', *, *, #75, .T. ) ;
#4027 = ORIENTED_EDGE ( 'NONE', *, *, #2013, .T. ) ;
#4028 = CARTESIAN_POINT ( 'NONE',  ( -9.000000000000000000, 9.304999999999999716, 0.000000000000000000 ) ) ;
#4029 = LINE ( 'NONE', #3423, #2932 ) ;
#4030 = ADVANCED_FACE ( 'NONE', ( #3710 ), #3674, .F. ) ;
#4031 = ORIENTED_EDGE ( 'NONE', *, *, #1567, .F. ) ;
#4032 = CARTESIAN_POINT ( 'NONE',  ( -10.49999999999999822, 10.99999999999999645, 0.3175000000000000044 ) ) ;
#4033 = LINE ( 'NONE', #2735, #2977 ) ;
#4034 = CARTESIAN_POINT ( 'NONE',  ( -10.19999999999999396, -8.232042833102434898, 0.1349999999999999534 ) ) ;
#4035 = CARTESIAN_POINT ( 'NONE',  ( 10.19999999999999574, 8.232042833102433121, 0.1349999999999999534 ) ) ;
#4036 = FILL_AREA_STYLE_COLOUR ( '', #3068 ) ;
#4037 = DIRECTION ( 'NONE',  ( 0.4999999999999980016, -0.8660254037844397068, 0.000000000000000000 ) ) ;
#4038 = EDGE_CURVE ( 'NONE', #327, #208, #3054, .T. ) ;
#4039 = VECTOR ( 'NONE', #3746, 100.0000000000000000 ) ;
#4040 = ORIENTED_EDGE ( 'NONE', *, *, #858, .F. ) ;
#4041 = ORIENTED_EDGE ( 'NONE', *, *, #2052, .T. ) ;
#4042 = ADVANCED_FACE ( 'NONE', ( #4044 ), #1199, .F. ) ;
#4043 = DIRECTION ( 'NONE',  ( -0.000000000000000000, 0.000000000000000000, 1.000000000000000000 ) ) ;
#4044 = FACE_OUTER_BOUND ( 'NONE', #3376, .T. ) ;
#4045 = CARTESIAN_POINT ( 'NONE',  ( 8.589999999999999858, -10.81999999999999140, 0.6350000000000000089 ) ) ;
#4046 = ORIENTED_EDGE ( 'NONE', *, *, #771, .F. ) ;
#4047 = ORIENTED_EDGE ( 'NONE', *, *, #3191, .T. ) ;
#4048 = EDGE_CURVE ( 'NONE', #317, #324, #1779, .T. ) ;
#4049 = LINE ( 'NONE', #2802, #3668 ) ;
#4050 = DIRECTION ( 'NONE',  ( 0.000000000000000000, -1.000000000000000000, 0.000000000000000000 ) ) ;
#4051 = VERTEX_POINT ( 'NONE', #300 ) ;
#4052 = AXIS2_PLACEMENT_3D ( 'NONE', #1466, #852, #2110 ) ;
#4053 = CARTESIAN_POINT ( 'NONE',  ( -10.36499999999999311, -25.63499999999999801, 0.3175000000000000044 ) ) ;
#4054 = LINE ( 'NONE', #3102, #2309 ) ;
#4055 = DIRECTION ( 'NONE',  ( 1.000000000000000000, 0.000000000000000000, 0.000000000000000000 ) ) ;
#4056 = DIRECTION ( 'NONE',  ( -0.000000000000000000, 0.000000000000000000, 1.000000000000000000 ) ) ;
#4057 = VECTOR ( 'NONE', #781, 100.0000000000000000 ) ;
#4058 = AXIS2_PLACEMENT_3D ( 'NONE', #2593, #1354, #1975 ) ;
#4059 = PLANE ( 'NONE',  #3463 ) ;
#4060 = LINE ( 'NONE', #893, #2929 ) ;
#4061 = VECTOR ( 'NONE', #3452, 100.0000000000000000 ) ;
#4062 = EDGE_CURVE ( 'NONE', #3350, #2903, #4024, .T. ) ;
#4063 = VERTEX_POINT ( 'NONE', #1507 ) ;
#4064 = CARTESIAN_POINT ( 'NONE',  ( 8.589999999999994529, 10.99999999999999645, 0.6350000000000000089 ) ) ;
#4065 = CARTESIAN_POINT ( 'NONE',  ( 8.999999999999998224, 9.000000000000000000, 0.3175000000000000044 ) ) ;
#4066 = DIRECTION ( 'NONE',  ( -9.251858538542974046E-17, 1.000000000000000000, 0.000000000000000000 ) ) ;
#4067 = VECTOR ( 'NONE', #1622, 100.0000000000000000 ) ;
#4068 = CARTESIAN_POINT ( 'NONE',  ( 0.000000000000000000, 0.000000000000000000, 0.1349999999999999534 ) ) ;
#4069 = ORIENTED_EDGE ( 'NONE', *, *, #2434, .T. ) ;
#4070 = VECTOR ( 'NONE', #2604, 100.0000000000000000 ) ;
#4071 = ORIENTED_EDGE ( 'NONE', *, *, #2118, .F. ) ;
#4072 = CARTESIAN_POINT ( 'NONE',  ( -10.36500000000000199, 10.99999999999999822, 0.3175000000000000044 ) ) ;
#4073 = LINE ( 'NONE', #2423, #1669 ) ;
#4074 = VERTEX_POINT ( 'NONE', #3691 ) ;
#4075 = ORIENTED_EDGE ( 'NONE', *, *, #718, .F. ) ;
#4076 = DIRECTION ( 'NONE',  ( 0.000000000000000000, 0.000000000000000000, -1.000000000000000000 ) ) ;
#4077 = CARTESIAN_POINT ( 'NONE',  ( 10.36499999999999488, 7.635000000000004228, 0.3175000000000000044 ) ) ;
#4078 = LINE ( 'NONE', #4034, #749 ) ;
#4079 = LINE ( 'NONE', #2448, #3726 ) ;
#4080 = PLANE ( 'NONE',  #492 ) ;
#4081 = CARTESIAN_POINT ( 'NONE',  ( 8.589999999999999858, -10.81999999999999140, 0.1349999999999999534 ) ) ;
#4082 = ORIENTED_EDGE ( 'NONE', *, *, #2919, .F. ) ;
#4083 = VERTEX_POINT ( 'NONE', #570 ) ;
#4084 = FACE_OUTER_BOUND ( 'NONE', #920, .T. ) ;
#4085 = DIRECTION ( 'NONE',  ( 0.000000000000000000, -1.000000000000000000, 0.000000000000000000 ) ) ;
#4086 = EDGE_CURVE ( 'NONE', #279, #1661, #3074, .T. ) ;
#4087 = ORIENTED_EDGE ( 'NONE', *, *, #663, .F. ) ;
#4088 = ORIENTED_EDGE ( 'NONE', *, *, #3877, .F. ) ;
#4089 = DIRECTION ( 'NONE',  ( 0.000000000000000000, 1.000000000000000000, 0.000000000000000000 ) ) ;
#4090 = FACE_OUTER_BOUND ( 'NONE', #837, .T. ) ;
#4091 = EDGE_CURVE ( 'NONE', #1642, #710, #2988, .T. ) ;
ENDSEC;
END-ISO-10303-21;
