ISO-10303-21;
HEADER;
FILE_DESCRIPTION (( 'STEP AP214' ),
    '1' );
FILE_NAME ('elevated-cell-top_62.STEP',
    '2026-06-19T13:50:06',
    ( '' ),
    ( '' ),
    'SwSTEP 2.0',
    'SolidWorks 2023',
    '' );
FILE_SCHEMA (( 'AUTOMOTIVE_DESIGN' ));
ENDSEC;

DATA;
#1 = CARTESIAN_POINT ( 'NONE',  ( -9.000000000000000000, 9.310000000000000497, 0.6350000000000000089 ) ) ;
#2 = ORIENTED_EDGE ( 'NONE', *, *, #484, .F. ) ;
#3 = ORIENTED_EDGE ( 'NONE', *, *, #2474, .F. ) ;
#4 = ORIENTED_EDGE ( 'NONE', *, *, #2278, .F. ) ;
#5 = ADVANCED_FACE ( 'NONE', ( #951 ), #687, .F. ) ;
#6 = DIRECTION ( 'NONE',  ( 0.4999999999999980016, 0.8660254037844397068, 0.000000000000000000 ) ) ;
#7 = ORIENTED_EDGE ( 'NONE', *, *, #2624, .F. ) ;
#8 = DIRECTION ( 'NONE',  ( -1.000000000000000000, -9.088269684226882214E-17, 0.000000000000000000 ) ) ;
#9 = CARTESIAN_POINT ( 'NONE',  ( -10.99999999999999467, 10.49999999999999467, 0.000000000000000000 ) ) ;
#10 = LINE ( 'NONE', #3722, #320 ) ;
#11 = ORIENTED_EDGE ( 'NONE', *, *, #3854, .F. ) ;
#12 = FACE_OUTER_BOUND ( 'NONE', #438, .T. ) ;
#13 = CARTESIAN_POINT ( 'NONE',  ( 10.69500000000000206, -9.894862706971711216E-16, 16.01329964592964572 ) ) ;
#14 = FACE_BOUND ( 'NONE', #1350, .T. ) ;
#15 = ORIENTED_EDGE ( 'NONE', *, *, #1811, .F. ) ;
#16 = DIRECTION ( 'NONE',  ( 0.4999999999999979461, -0.8660254037844398178, 0.000000000000000000 ) ) ;
#17 = EDGE_LOOP ( 'NONE', ( #338, #823, #3133, #1125, #418, #2445 ) ) ;
#18 = CARTESIAN_POINT ( 'NONE',  ( 7.162345244612036588, -10.69500000000000206, 0.000000000000000000 ) ) ;
#19 = CARTESIAN_POINT ( 'NONE',  ( -10.69500000000000206, -7.162345244612039252, 0.6350000000000000089 ) ) ;
#20 = ORIENTED_EDGE ( 'NONE', *, *, #691, .F. ) ;
#21 = EDGE_CURVE ( 'NONE', #2667, #1607, #2524, .T. ) ;
#22 = ORIENTED_EDGE ( 'NONE', *, *, #651, .F. ) ;
#23 = DIRECTION ( 'NONE',  ( 0.000000000000000000, 1.000000000000000000, -0.000000000000000000 ) ) ;
#24 = ORIENTED_EDGE ( 'NONE', *, *, #1313, .F. ) ;
#25 = ADVANCED_FACE ( 'NONE', ( #68 ), #1013, .F. ) ;
#26 = DIRECTION ( 'NONE',  ( -1.000000000000000000, 0.000000000000000000, 0.000000000000000000 ) ) ;
#27 = CARTESIAN_POINT ( 'NONE',  ( -8.589999999999998082, 10.99999999999999645, 0.1349999999999999534 ) ) ;
#28 = PLANE ( 'NONE',  #1310 ) ;
#29 = LINE ( 'NONE', #1285, #715 ) ;
#30 = EDGE_CURVE ( 'NONE', #90, #2142, #1322, .T. ) ;
#31 = CARTESIAN_POINT ( 'NONE',  ( -7.499999999999998224, 10.99999999999999645, 0.6350000000000000089 ) ) ;
#32 = CARTESIAN_POINT ( 'NONE',  ( 7.370000000000000107, -7.470000000000000639, 0.000000000000000000 ) ) ;
#33 = LINE ( 'NONE', #2843, #2236 ) ;
#34 = EDGE_LOOP ( 'NONE', ( #2581, #1315, #2515, #3464 ) ) ;
#35 = VERTEX_POINT ( 'NONE', #1282 ) ;
#36 = CARTESIAN_POINT ( 'NONE',  ( -7.634999999999996234, -10.99999999999999645, 0.3175000000000000044 ) ) ;
#37 = PLANE ( 'NONE',  #1519 ) ;
#38 = DIRECTION ( 'NONE',  ( 0.000000000000000000, 1.000000000000000000, 0.000000000000000000 ) ) ;
#39 = VERTEX_POINT ( 'NONE', #1923 ) ;
#40 = CIRCLE ( 'NONE', #2354, 0.3100000000000005529 ) ;
#41 = ORIENTED_EDGE ( 'NONE', *, *, #2822, .T. ) ;
#42 = CARTESIAN_POINT ( 'NONE',  ( 9.410000000000000142, -10.99999999999999112, 0.6350000000000000089 ) ) ;
#43 = EDGE_CURVE ( 'NONE', #1536, #3778, #1900, .T. ) ;
#44 = EDGE_CURVE ( 'NONE', #466, #3917, #379, .T. ) ;
#45 = EDGE_LOOP ( 'NONE', ( #1363, #523, #2140, #3309, #621, #4007, #3695, #1656, #576, #818, #2977, #2289 ) ) ;
#46 = AXIS2_PLACEMENT_3D ( 'NONE', #3375, #2463, #1803 ) ;
#47 = EDGE_LOOP ( 'NONE', ( #635, #3264, #1236, #3677, #3252, #1113, #3886, #3760, #3818, #1861, #11, #3707 ) ) ;
#48 = LINE ( 'NONE', #1966, #967 ) ;
#49 = DIRECTION ( 'NONE',  ( 0.000000000000000000, 0.000000000000000000, -1.000000000000000000 ) ) ;
#50 = CIRCLE ( 'NONE', #573, 2.500000000000000888 ) ;
#51 = EDGE_CURVE ( 'NONE', #3209, #2665, #1641, .T. ) ;
#52 = VECTOR ( 'NONE', #23, 100.0000000000000000 ) ;
#53 = LINE ( 'NONE', #1327, #3403 ) ;
#54 = LINE ( 'NONE', #1308, #3611 ) ;
#55 = FACE_OUTER_BOUND ( 'NONE', #779, .T. ) ;
#56 = AXIS2_PLACEMENT_3D ( 'NONE', #2346, #302, #1569 ) ;
#57 = LINE ( 'NONE', #2594, #3498 ) ;
#58 = VERTEX_POINT ( 'NONE', #3844 ) ;
#59 = CARTESIAN_POINT ( 'NONE',  ( 0.000000000000000000, 0.000000000000000000, 0.3175000000000000044 ) ) ;
#60 = LINE ( 'NONE', #3277, #2490 ) ;
#61 = ORIENTED_EDGE ( 'NONE', *, *, #3867, .F. ) ;
#62 = AXIS2_PLACEMENT_3D ( 'NONE', #2607, #1345, #3864 ) ;
#63 = VECTOR ( 'NONE', #352, 100.0000000000000000 ) ;
#64 = DIRECTION ( 'NONE',  ( -1.000000000000000000, -9.088269684226887144E-17, 0.000000000000000000 ) ) ;
#65 = ORIENTED_EDGE ( 'NONE', *, *, #1870, .T. ) ;
#66 = VECTOR ( 'NONE', #2587, 100.0000000000000000 ) ;
#67 = ORIENTED_EDGE ( 'NONE', *, *, #1598, .T. ) ;
#68 = FACE_OUTER_BOUND ( 'NONE', #3489, .T. ) ;
#69 = CARTESIAN_POINT ( 'NONE',  ( -10.81999999999999140, -9.410000000000000142, 0.6350000000000000089 ) ) ;
#70 = CARTESIAN_POINT ( 'NONE',  ( 10.36499999999999844, -7.634999999999996234, 0.3175000000000000044 ) ) ;
#71 = LINE ( 'NONE', #2912, #171 ) ;
#72 = EDGE_CURVE ( 'NONE', #3251, #3688, #2545, .T. ) ;
#73 = FACE_OUTER_BOUND ( 'NONE', #1675, .T. ) ;
#74 = DIRECTION ( 'NONE',  ( 0.000000000000000000, 0.000000000000000000, -1.000000000000000000 ) ) ;
#75 = ORIENTED_EDGE ( 'NONE', *, *, #2460, .F. ) ;
#76 = CARTESIAN_POINT ( 'NONE',  ( -7.499999999999998224, 11.00000000000000178, 0.000000000000000000 ) ) ;
#77 = ORIENTED_EDGE ( 'NONE', *, *, #2649, .F. ) ;
#78 = DIRECTION ( 'NONE',  ( 0.000000000000000000, 0.000000000000000000, -1.000000000000000000 ) ) ;
#79 = ORIENTED_EDGE ( 'NONE', *, *, #3577, .F. ) ;
#80 = ORIENTED_EDGE ( 'NONE', *, *, #927, .F. ) ;
#81 = EDGE_CURVE ( 'NONE', #3897, #2263, #2880, .T. ) ;
#82 = CARTESIAN_POINT ( 'NONE',  ( -10.69500000000000384, 7.162345244612041029, 0.3175000000000011147 ) ) ;
#83 = ORIENTED_EDGE ( 'NONE', *, *, #996, .F. ) ;
#84 = CARTESIAN_POINT ( 'NONE',  ( -8.589999999999992752, -10.99999999999999645, 0.1349999999999999534 ) ) ;
#85 = ORIENTED_EDGE ( 'NONE', *, *, #3457, .T. ) ;
#86 = EDGE_CURVE ( 'NONE', #3963, #466, #393, .T. ) ;
#87 = ORIENTED_EDGE ( 'NONE', *, *, #3733, .F. ) ;
#88 = CARTESIAN_POINT ( 'NONE',  ( -8.589999999999998082, 10.81999999999999140, 0.1349999999999999534 ) ) ;
#89 = PLANE ( 'NONE',  #3819 ) ;
#90 = VERTEX_POINT ( 'NONE', #498 ) ;
#91 = DIRECTION ( 'NONE',  ( 1.000000000000000000, 0.000000000000000000, 0.000000000000000000 ) ) ;
#92 = CARTESIAN_POINT ( 'NONE',  ( 10.81999999999999140, 9.409999999999998366, 0.1349999999999999534 ) ) ;
#93 = FACE_BOUND ( 'NONE', #1070, .T. ) ;
#94 = ORIENTED_EDGE ( 'NONE', *, *, #222, .F. ) ;
#95 = EDGE_CURVE ( 'NONE', #1614, #1837, #2381, .T. ) ;
#96 = CARTESIAN_POINT ( 'NONE',  ( 7.162345244612036588, -10.69500000000000206, 0.6350000000000000089 ) ) ;
#97 = EDGE_LOOP ( 'NONE', ( #2333, #3225, #2235, #420 ) ) ;
#98 = CYLINDRICAL_SURFACE ( 'NONE', #4083, 0.3100000000000005529 ) ;
#99 = VERTEX_POINT ( 'NONE', #2711 ) ;
#100 = EDGE_CURVE ( 'NONE', #1534, #747, #3651, .T. ) ;
#101 = DIRECTION ( 'NONE',  ( 1.000000000000000000, 0.000000000000000000, 0.000000000000000000 ) ) ;
#102 = ORIENTED_EDGE ( 'NONE', *, *, #1934, .F. ) ;
#103 = EDGE_CURVE ( 'NONE', #2141, #3951, #1467, .T. ) ;
#104 = LINE ( 'NONE', #821, #3288 ) ;
#105 = AXIS2_PLACEMENT_3D ( 'NONE', #712, #2885, #1347 ) ;
#106 = ORIENTED_EDGE ( 'NONE', *, *, #227, .F. ) ;
#107 = CARTESIAN_POINT ( 'NONE',  ( 10.81999999999999140, 9.409999999999998366, 0.6350000000000000089 ) ) ;
#108 = ORIENTED_EDGE ( 'NONE', *, *, #512, .T. ) ;
#109 = VECTOR ( 'NONE', #2698, 100.0000000000000000 ) ;
#110 = CARTESIAN_POINT ( 'NONE',  ( -10.99999999999999112, -9.410000000000000142, 0.1349999999999999534 ) ) ;
#111 = AXIS2_PLACEMENT_3D ( 'NONE', #2385, #2632, #3863 ) ;
#112 = PLANE ( 'NONE',  #3346 ) ;
#113 = CARTESIAN_POINT ( 'NONE',  ( 9.000000000000001776, -8.689999999999997726, 0.000000000000000000 ) ) ;
#114 = AXIS2_PLACEMENT_3D ( 'NONE', #946, #2298, #1636 ) ;
#115 = CARTESIAN_POINT ( 'NONE',  ( -10.81999999999999496, 8.589999999999994529, 0.1349999999999999534 ) ) ;
#116 = EDGE_CURVE ( 'NONE', #144, #1230, #1153, .T. ) ;
#117 = VECTOR ( 'NONE', #4026, 100.0000000000000000 ) ;
#118 = FACE_BOUND ( 'NONE', #722, .T. ) ;
#119 = VERTEX_POINT ( 'NONE', #3368 ) ;
#120 = ORIENTED_EDGE ( 'NONE', *, *, #288, .T. ) ;
#121 = VECTOR ( 'NONE', #3871, 100.0000000000000000 ) ;
#122 = DIRECTION ( 'NONE',  ( -0.8660254037844398178, -0.4999999999999980571, 0.000000000000000000 ) ) ;
#123 = EDGE_CURVE ( 'NONE', #1026, #2732, #539, .T. ) ;
#124 = EDGE_LOOP ( 'NONE', ( #451, #2902, #3103, #2867 ) ) ;
#125 = PLANE ( 'NONE',  #2756 ) ;
#126 = CIRCLE ( 'NONE', #2903, 0.3100000000000005529 ) ;
#127 = VERTEX_POINT ( 'NONE', #596 ) ;
#128 = VECTOR ( 'NONE', #3647, 100.0000000000000000 ) ;
#129 = VERTEX_POINT ( 'NONE', #2256 ) ;
#130 = DIRECTION ( 'NONE',  ( 0.000000000000000000, 0.000000000000000000, -1.000000000000000000 ) ) ;
#131 = ORIENTED_EDGE ( 'NONE', *, *, #2917, .T. ) ;
#132 = EDGE_CURVE ( 'NONE', #3531, #330, #923, .T. ) ;
#133 = VECTOR ( 'NONE', #538, 100.0000000000000000 ) ;
#134 = DIRECTION ( 'NONE',  ( 0.000000000000000000, -1.000000000000000000, 0.000000000000000000 ) ) ;
#135 = DIRECTION ( 'NONE',  ( 1.000000000000000000, 1.817653936845377429E-16, 0.000000000000000000 ) ) ;
#136 = CARTESIAN_POINT ( 'NONE',  ( -10.99999999999999467, 9.409999999999996589, 0.1349999999999999534 ) ) ;
#137 = CARTESIAN_POINT ( 'NONE',  ( -7.634999999999996234, -10.36499999999999844, 0.6350000000000000089 ) ) ;
#138 = DIRECTION ( 'NONE',  ( 0.8660254037844398178, 0.4999999999999979461, 0.000000000000000000 ) ) ;
#139 = FACE_OUTER_BOUND ( 'NONE', #1512, .T. ) ;
#140 = ORIENTED_EDGE ( 'NONE', *, *, #2101, .F. ) ;
#141 = CARTESIAN_POINT ( 'NONE',  ( 10.99999999999999112, 8.589999999999998082, 0.1349999999999999534 ) ) ;
#142 = VERTEX_POINT ( 'NONE', #3485 ) ;
#143 = FACE_OUTER_BOUND ( 'NONE', #3146, .T. ) ;
#144 = VERTEX_POINT ( 'NONE', #941 ) ;
#145 = DIRECTION ( 'NONE',  ( 0.7071067811865475727, 0.7071067811865475727, -0.000000000000000000 ) ) ;
#146 = EDGE_LOOP ( 'NONE', ( #3168, #1291, #2078, #639, #1725, #1913 ) ) ;
#147 = ADVANCED_FACE ( 'NONE', ( #3138 ), #300, .F. ) ;
#148 = ORIENTED_EDGE ( 'NONE', *, *, #1769, .T. ) ;
#149 = CARTESIAN_POINT ( 'NONE',  ( 9.409999999999996589, 10.99999999999999645, 0.1349999999999999534 ) ) ;
#150 = ORIENTED_EDGE ( 'NONE', *, *, #605, .T. ) ;
#151 = ADVANCED_FACE ( 'NONE', ( #1628 ), #4085, .T. ) ;
#152 = CARTESIAN_POINT ( 'NONE',  ( 7.634999999999997122, 10.36499999999999666, 0.3175000000000000044 ) ) ;
#153 = CARTESIAN_POINT ( 'NONE',  ( 7.500000000000000000, -10.99999999999999645, 0.000000000000000000 ) ) ;
#154 = CARTESIAN_POINT ( 'NONE',  ( -10.99999999999999645, -7.500000000000000000, 0.3175000000000000044 ) ) ;
#155 = CARTESIAN_POINT ( 'NONE',  ( 7.470000000000000639, -7.370000000000000107, 0.000000000000000000 ) ) ;
#156 = ADVANCED_FACE ( 'NONE', ( #2870 ), #2536, .F. ) ;
#157 = DIRECTION ( 'NONE',  ( 0.000000000000000000, -1.000000000000000000, 0.000000000000000000 ) ) ;
#158 = LINE ( 'NONE', #1416, #2950 ) ;
#159 = DIRECTION ( 'NONE',  ( 0.000000000000000000, 0.000000000000000000, -1.000000000000000000 ) ) ;
#160 = FACE_OUTER_BOUND ( 'NONE', #1851, .T. ) ;
#161 = ORIENTED_EDGE ( 'NONE', *, *, #3708, .F. ) ;
#162 = FACE_OUTER_BOUND ( 'NONE', #3407, .T. ) ;
#163 = ORIENTED_EDGE ( 'NONE', *, *, #813, .T. ) ;
#164 = PLANE ( 'NONE',  #1367 ) ;
#165 = ORIENTED_EDGE ( 'NONE', *, *, #3990, .F. ) ;
#166 = DIRECTION ( 'NONE',  ( 0.000000000000000000, 1.000000000000000000, 0.000000000000000000 ) ) ;
#167 = ADVANCED_FACE ( 'NONE', ( #660 ), #3662, .F. ) ;
#168 = EDGE_CURVE ( 'NONE', #3171, #1031, #2772, .T. ) ;
#169 = ORIENTED_EDGE ( 'NONE', *, *, #1621, .T. ) ;
#170 = CARTESIAN_POINT ( 'NONE',  ( 0.000000000000000000, 0.000000000000000000, 0.000000000000000000 ) ) ;
#171 = VECTOR ( 'NONE', #1992, 100.0000000000000000 ) ;
#172 = LINE ( 'NONE', #215, #3341 ) ;
#173 = CARTESIAN_POINT ( 'NONE',  ( -8.589999999999992752, -10.81999999999999851, 0.6350000000000000089 ) ) ;
#174 = EDGE_CURVE ( 'NONE', #2262, #1991, #2658, .T. ) ;
#175 = DIRECTION ( 'NONE',  ( 0.000000000000000000, 0.000000000000000000, 1.000000000000000000 ) ) ;
#176 = VECTOR ( 'NONE', #3065, 100.0000000000000000 ) ;
#177 = CARTESIAN_POINT ( 'NONE',  ( -10.99999999999999467, 8.589999999999994529, 0.1349999999999999534 ) ) ;
#178 = DIRECTION ( 'NONE',  ( 0.000000000000000000, -1.000000000000000000, 0.000000000000000000 ) ) ;
#179 = VECTOR ( 'NONE', #467, 100.0000000000000000 ) ;
#180 = DIRECTION ( 'NONE',  ( 1.000000000000000000, 0.000000000000000000, 0.000000000000000000 ) ) ;
#181 = ORIENTED_EDGE ( 'NONE', *, *, #901, .T. ) ;
#182 = CARTESIAN_POINT ( 'NONE',  ( 7.470000000000000639, -7.370000000000000107, 0.000000000000000000 ) ) ;
#183 = AXIS2_PLACEMENT_3D ( 'NONE', #4021, #4036, #1562 ) ;
#184 = EDGE_CURVE ( 'NONE', #881, #3019, #3106, .T. ) ;
#185 = VECTOR ( 'NONE', #2493, 100.0000000000000000 ) ;
#186 = CARTESIAN_POINT ( 'NONE',  ( 9.410000000000000142, -10.99999999999999112, 0.1349999999999999534 ) ) ;
#187 = ORIENTED_EDGE ( 'NONE', *, *, #733, .T. ) ;
#188 = LINE ( 'NONE', #3966, #2893 ) ;
#189 = VECTOR ( 'NONE', #1435, 100.0000000000000000 ) ;
#190 = VERTEX_POINT ( 'NONE', #3936 ) ;
#191 = CARTESIAN_POINT ( 'NONE',  ( 7.370000000000000107, 7.470000000000000639, 0.000000000000000000 ) ) ;
#192 = ORIENTED_EDGE ( 'NONE', *, *, #3323, .T. ) ;
#193 = AXIS2_PLACEMENT_3D ( 'NONE', #1218, #4034, #4016 ) ;
#194 = DIRECTION ( 'NONE',  ( 0.000000000000000000, -1.000000000000000000, 0.000000000000000000 ) ) ;
#195 = DIRECTION ( 'NONE',  ( 1.000000000000000000, 0.000000000000000000, 0.000000000000000000 ) ) ;
#196 = CIRCLE ( 'NONE', #3557, 0.3100000000000005529 ) ;
#197 = PLANE ( 'NONE',  #2435 ) ;
#198 = CARTESIAN_POINT ( 'NONE',  ( 10.99999999999999645, -7.634999999999996234, 0.6350000000000000089 ) ) ;
#199 = VECTOR ( 'NONE', #1566, 100.0000000000000000 ) ;
#200 = EDGE_CURVE ( 'NONE', #292, #883, #3628, .T. ) ;
#201 = DIRECTION ( 'NONE',  ( 0.000000000000000000, -1.000000000000000000, 0.000000000000000000 ) ) ;
#202 = ORIENTED_EDGE ( 'NONE', *, *, #1598, .F. ) ;
#203 = CARTESIAN_POINT ( 'NONE',  ( -10.81999999999999496, 9.409999999999996589, 0.1349999999999999534 ) ) ;
#204 = ORIENTED_EDGE ( 'NONE', *, *, #3266, .T. ) ;
#205 = CARTESIAN_POINT ( 'NONE',  ( -10.36499999999999311, -25.63499999999999801, 0.6350000000000000089 ) ) ;
#206 = DIRECTION ( 'NONE',  ( -0.000000000000000000, 0.000000000000000000, 1.000000000000000000 ) ) ;
#207 = CARTESIAN_POINT ( 'NONE',  ( -7.499999999999998224, 10.99999999999999645, 0.6350000000000000089 ) ) ;
#208 = EDGE_CURVE ( 'NONE', #3126, #3767, #196, .T. ) ;
#209 = EDGE_LOOP ( 'NONE', ( #1898, #1721, #3872, #2271 ) ) ;
#210 = VERTEX_POINT ( 'NONE', #2075 ) ;
#211 = ORIENTED_EDGE ( 'NONE', *, *, #1057, .F. ) ;
#212 = DIRECTION ( 'NONE',  ( 0.000000000000000000, 0.000000000000000000, -1.000000000000000000 ) ) ;
#213 = ADVANCED_FACE ( 'NONE', ( #12 ), #1560, .F. ) ;
#214 = ORIENTED_EDGE ( 'NONE', *, *, #3278, .F. ) ;
#215 = CARTESIAN_POINT ( 'NONE',  ( 7.370000000000000107, -7.470000000000000639, 0.4000000000000000222 ) ) ;
#216 = DIRECTION ( 'NONE',  ( -1.000000000000000000, 0.000000000000000000, -0.000000000000000000 ) ) ;
#217 = DIRECTION ( 'NONE',  ( 1.817653936845377429E-16, -1.000000000000000000, 0.000000000000000000 ) ) ;
#218 = DIRECTION ( 'NONE',  ( -0.000000000000000000, 0.000000000000000000, 1.000000000000000000 ) ) ;
#219 = CARTESIAN_POINT ( 'NONE',  ( 8.589999999999994529, 10.81999999999999673, 0.1349999999999999534 ) ) ;
#220 = ORIENTED_EDGE ( 'NONE', *, *, #512, .F. ) ;
#221 = CARTESIAN_POINT ( 'NONE',  ( 8.589999999999999858, -10.99999999999999112, 0.6350000000000000089 ) ) ;
#222 = EDGE_CURVE ( 'NONE', #1026, #1530, #1268, .T. ) ;
#223 = EDGE_CURVE ( 'NONE', #959, #1558, #4078, .T. ) ;
#224 = VERTEX_POINT ( 'NONE', #1073 ) ;
#225 = CARTESIAN_POINT ( 'NONE',  ( -7.634999999999996234, -10.99999999999999645, 0.6350000000000000089 ) ) ;
#226 = CARTESIAN_POINT ( 'NONE',  ( -10.19999999999999751, 8.232042833102431345, 0.6350000000000000089 ) ) ;
#227 = EDGE_CURVE ( 'NONE', #2541, #3729, #741, .T. ) ;
#228 = VERTEX_POINT ( 'NONE', #1718 ) ;
#229 = ORIENTED_EDGE ( 'NONE', *, *, #376, .F. ) ;
#230 = PLANE ( 'NONE',  #705 ) ;
#231 = LINE ( 'NONE', #2809, #2164 ) ;
#232 = EDGE_LOOP ( 'NONE', ( #1652, #435, #3521, #3613, #2828 ) ) ;
#233 = LINE ( 'NONE', #2504, #242 ) ;
#234 = CARTESIAN_POINT ( 'NONE',  ( -10.19999999999999751, 9.767957166897559773, 0.1349999999999999534 ) ) ;
#235 = DIRECTION ( 'NONE',  ( 0.000000000000000000, 0.000000000000000000, -1.000000000000000000 ) ) ;
#236 = DIRECTION ( 'NONE',  ( -0.000000000000000000, 0.000000000000000000, 1.000000000000000000 ) ) ;
#237 = ORIENTED_EDGE ( 'NONE', *, *, #826, .F. ) ;
#238 = VECTOR ( 'NONE', #3543, 100.0000000000000000 ) ;
#239 = CARTESIAN_POINT ( 'NONE',  ( 8.232042833102434898, -10.19999999999999396, 0.1349999999999999534 ) ) ;
#240 = VERTEX_POINT ( 'NONE', #458 ) ;
#241 = LINE ( 'NONE', #2820, #3094 ) ;
#242 = VECTOR ( 'NONE', #1822, 100.0000000000000142 ) ;
#243 = PLANE ( 'NONE',  #666 ) ;
#244 = AXIS2_PLACEMENT_3D ( 'NONE', #2836, #8, #2526 ) ;
#245 = CARTESIAN_POINT ( 'NONE',  ( -10.36500000000000199, 10.36499999999999133, 0.6350000000000000089 ) ) ;
#246 = ORIENTED_EDGE ( 'NONE', *, *, #1151, .F. ) ;
#247 = ORIENTED_EDGE ( 'NONE', *, *, #1488, .T. ) ;
#248 = AXIS2_PLACEMENT_3D ( 'NONE', #2276, #3226, #402 ) ;
#249 = EDGE_CURVE ( 'NONE', #3897, #959, #2982, .T. ) ;
#250 = DIRECTION ( 'NONE',  ( 0.000000000000000000, 1.000000000000000000, -0.000000000000000000 ) ) ;
#251 = AXIS2_PLACEMENT_3D ( 'NONE', #291, #3476, #1904 ) ;
#252 = ORIENTED_EDGE ( 'NONE', *, *, #3406, .T. ) ;
#253 = VECTOR ( 'NONE', #1527, 100.0000000000000000 ) ;
#254 = DIRECTION ( 'NONE',  ( -0.000000000000000000, 0.000000000000000000, 1.000000000000000000 ) ) ;
#255 = CARTESIAN_POINT ( 'NONE',  ( -10.99999999999999645, -7.500000000000000000, 0.6350000000000000089 ) ) ;
#256 = FACE_OUTER_BOUND ( 'NONE', #47, .T. ) ;
#257 = CARTESIAN_POINT ( 'NONE',  ( -10.36499999999999666, 7.634999999999997122, 0.3175000000000000044 ) ) ;
#258 = VECTOR ( 'NONE', #2758, 100.0000000000000000 ) ;
#259 = ADVANCED_FACE ( 'NONE', ( #3173 ), #481, .T. ) ;
#260 = DIRECTION ( 'NONE',  ( 2.726480905268065897E-16, -1.000000000000000000, 0.000000000000000000 ) ) ;
#261 = CARTESIAN_POINT ( 'NONE',  ( -10.19999999999999396, -8.232042833102434898, 0.6350000000000000089 ) ) ;
#262 = ADVANCED_FACE ( 'NONE', ( #162 ), #3590, .F. ) ;
#263 = VECTOR ( 'NONE', #3982, 100.0000000000000142 ) ;
#264 = CARTESIAN_POINT ( 'NONE',  ( 7.500000000000000000, -10.99999999999999645, 0.6350000000000000089 ) ) ;
#265 = CARTESIAN_POINT ( 'NONE',  ( 9.767957166897565102, -10.19999999999999396, 0.1349999999999999534 ) ) ;
#266 = DIRECTION ( 'NONE',  ( -1.000000000000000000, -9.088269684226887144E-17, 0.000000000000000000 ) ) ;
#267 = ORIENTED_EDGE ( 'NONE', *, *, #2837, .T. ) ;
#268 = ORIENTED_EDGE ( 'NONE', *, *, #700, .F. ) ;
#269 = FACE_OUTER_BOUND ( 'NONE', #3546, .T. ) ;
#270 = ORIENTED_EDGE ( 'NONE', *, *, #1039, .F. ) ;
#271 = EDGE_CURVE ( 'NONE', #3019, #1892, #2335, .T. ) ;
#272 = ORIENTED_EDGE ( 'NONE', *, *, #3049, .F. ) ;
#273 = LINE ( 'NONE', #1520, #960 ) ;
#274 = CARTESIAN_POINT ( 'NONE',  ( -9.409999999999998366, 10.99999999999999112, 0.1349999999999999534 ) ) ;
#275 = LINE ( 'NONE', #1541, #588 ) ;
#276 = LINE ( 'NONE', #2132, #3355 ) ;
#277 = ADVANCED_FACE ( 'NONE', ( #143 ), #1357, .F. ) ;
#278 = ORIENTED_EDGE ( 'NONE', *, *, #168, .F. ) ;
#279 = CARTESIAN_POINT ( 'NONE',  ( -10.49999999999999467, -10.99999999999999645, 0.3175000000000000044 ) ) ;
#280 = EDGE_CURVE ( 'NONE', #39, #807, #1985, .T. ) ;
#281 = DIRECTION ( 'NONE',  ( 0.000000000000000000, 1.000000000000000000, 0.000000000000000000 ) ) ;
#282 = ORIENTED_EDGE ( 'NONE', *, *, #3834, .F. ) ;
#283 = CARTESIAN_POINT ( 'NONE',  ( 10.99999999999999645, -10.49999999999999467, 0.3175000000000000044 ) ) ;
#284 = EDGE_LOOP ( 'NONE', ( #1100, #858, #3904, #4044 ) ) ;
#285 = VERTEX_POINT ( 'NONE', #952 ) ;
#286 = CARTESIAN_POINT ( 'NONE',  ( 9.767957166897559773, 10.19999999999999929, 0.1349999999999999534 ) ) ;
#287 = CARTESIAN_POINT ( 'NONE',  ( 10.99999999999999112, 9.409999999999998366, 0.1349999999999999534 ) ) ;
#288 = EDGE_CURVE ( 'NONE', #892, #1754, #3691, .T. ) ;
#289 = PLANE ( 'NONE',  #1297 ) ;
#290 = DIRECTION ( 'NONE',  ( 0.000000000000000000, 1.000000000000000000, 0.000000000000000000 ) ) ;
#291 = CARTESIAN_POINT ( 'NONE',  ( 7.470000000000000639, -7.370000000000000107, 0.4000000000000000222 ) ) ;
#292 = VERTEX_POINT ( 'NONE', #82 ) ;
#293 = CARTESIAN_POINT ( 'NONE',  ( 7.470000000000000639, 7.370000000000000107, 0.4000000000000000222 ) ) ;
#294 = EDGE_CURVE ( 'NONE', #3951, #433, #419, .T. ) ;
#295 = LINE ( 'NONE', #1526, #2817 ) ;
#296 = PLANE ( 'NONE',  #3814 ) ;
#297 = EDGE_CURVE ( 'NONE', #1427, #466, #1674, .T. ) ;
#298 = VECTOR ( 'NONE', #1786, 100.0000000000000000 ) ;
#299 = DIRECTION ( 'NONE',  ( 0.000000000000000000, 0.000000000000000000, -1.000000000000000000 ) ) ;
#300 = PLANE ( 'NONE',  #791 ) ;
#301 = ORIENTED_EDGE ( 'NONE', *, *, #1135, .T. ) ;
#302 = DIRECTION ( 'NONE',  ( 0.000000000000000000, 0.000000000000000000, 1.000000000000000000 ) ) ;
#303 = ORIENTED_EDGE ( 'NONE', *, *, #3854, .T. ) ;
#304 = VECTOR ( 'NONE', #585, 100.0000000000000000 ) ;
#305 = ORIENTED_EDGE ( 'NONE', *, *, #2802, .F. ) ;
#306 = VECTOR ( 'NONE', #212, 100.0000000000000000 ) ;
#307 = ORIENTED_EDGE ( 'NONE', *, *, #1571, .T. ) ;
#308 = LINE ( 'NONE', #1197, #3617 ) ;
#309 = ORIENTED_EDGE ( 'NONE', *, *, #1494, .T. ) ;
#310 = AXIS2_PLACEMENT_3D ( 'NONE', #1328, #3788, #3239 ) ;
#311 = ORIENTED_EDGE ( 'NONE', *, *, #132, .T. ) ;
#312 = EDGE_LOOP ( 'NONE', ( #1570, #1960, #102, #346 ) ) ;
#313 = DIRECTION ( 'NONE',  ( -0.000000000000000000, 0.000000000000000000, 1.000000000000000000 ) ) ;
#314 = CARTESIAN_POINT ( 'NONE',  ( 10.99999999999999112, 8.589999999999998082, 0.1349999999999999534 ) ) ;
#315 = CIRCLE ( 'NONE', #2627, 2.500000000000000888 ) ;
#316 = DIRECTION ( 'NONE',  ( 0.000000000000000000, 0.000000000000000000, 1.000000000000000000 ) ) ;
#317 = CARTESIAN_POINT ( 'NONE',  ( -10.49999999999999467, -10.99999999999999645, 0.000000000000000000 ) ) ;
#318 = DIRECTION ( 'NONE',  ( 0.000000000000000000, 1.000000000000000000, 0.000000000000000000 ) ) ;
#319 = VERTEX_POINT ( 'NONE', #2959 ) ;
#320 = VECTOR ( 'NONE', #2153, 100.0000000000000000 ) ;
#321 = PLANE ( 'NONE',  #1832 ) ;
#322 = VECTOR ( 'NONE', #1107, 100.0000000000000000 ) ;
#323 = PLANE ( 'NONE',  #3483 ) ;
#324 = ORIENTED_EDGE ( 'NONE', *, *, #749, .T. ) ;
#325 = EDGE_CURVE ( 'NONE', #3899, #1858, #2623, .T. ) ;
#326 = CARTESIAN_POINT ( 'NONE',  ( 9.894862706971709244E-16, 10.69499999999999673, 0.3175000000000011147 ) ) ;
#327 = ORIENTED_EDGE ( 'NONE', *, *, #3437, .T. ) ;
#328 = LINE ( 'NONE', #2229, #4010 ) ;
#329 = AXIS2_PLACEMENT_3D ( 'NONE', #3549, #2002, #760 ) ;
#330 = VERTEX_POINT ( 'NONE', #2664 ) ;
#331 = ADVANCED_FACE ( 'NONE', ( #3921 ), #1094, .F. ) ;
#332 = ORIENTED_EDGE ( 'NONE', *, *, #947, .T. ) ;
#333 = AXIS2_PLACEMENT_3D ( 'NONE', #1608, #2869, #1293 ) ;
#334 = ADVANCED_FACE ( 'NONE', ( #2998 ), #2645, .F. ) ;
#335 = CARTESIAN_POINT ( 'NONE',  ( -10.81999999999999496, 8.589999999999994529, 0.6350000000000000089 ) ) ;
#336 = EDGE_LOOP ( 'NONE', ( #1346, #2790, #2871, #3646 ) ) ;
#337 = ORIENTED_EDGE ( 'NONE', *, *, #1839, .T. ) ;
#338 = ORIENTED_EDGE ( 'NONE', *, *, #1779, .T. ) ;
#339 = DIRECTION ( 'NONE',  ( 0.000000000000000000, -1.000000000000000000, 0.000000000000000000 ) ) ;
#340 = DIRECTION ( 'NONE',  ( 0.000000000000000000, 0.000000000000000000, -1.000000000000000000 ) ) ;
#341 = CARTESIAN_POINT ( 'NONE',  ( 10.36499999999999844, -10.36499999999999488, 0.6350000000000000089 ) ) ;
#342 = DIRECTION ( 'NONE',  ( 1.000000000000000000, 0.000000000000000000, 0.000000000000000000 ) ) ;
#343 = DIRECTION ( 'NONE',  ( -0.000000000000000000, 0.000000000000000000, 1.000000000000000000 ) ) ;
#344 = CARTESIAN_POINT ( 'NONE',  ( -10.99999999999999467, 7.499999999999995559, 0.000000000000000000 ) ) ;
#345 = DIRECTION ( 'NONE',  ( 0.000000000000000000, -1.000000000000000000, 0.000000000000000000 ) ) ;
#346 = ORIENTED_EDGE ( 'NONE', *, *, #227, .T. ) ;
#347 = ORIENTED_EDGE ( 'NONE', *, *, #3491, .F. ) ;
#348 = CARTESIAN_POINT ( 'NONE',  ( 10.20000000000000107, -8.232042833102429569, 0.1349999999999999534 ) ) ;
#349 = ORIENTED_EDGE ( 'NONE', *, *, #51, .T. ) ;
#350 = EDGE_CURVE ( 'NONE', #224, #1765, #2314, .T. ) ;
#351 = EDGE_CURVE ( 'NONE', #1809, #656, #3267, .T. ) ;
#352 = DIRECTION ( 'NONE',  ( 0.000000000000000000, 0.000000000000000000, -1.000000000000000000 ) ) ;
#353 = CARTESIAN_POINT ( 'NONE',  ( 8.589999999999994529, 10.99999999999999645, 0.1349999999999999534 ) ) ;
#354 = EDGE_CURVE ( 'NONE', #1765, #2874, #1901, .T. ) ;
#355 = EDGE_LOOP ( 'NONE', ( #3714, #688, #2695, #2000 ) ) ;
#356 = DIRECTION ( 'NONE',  ( 1.000000000000000000, 0.000000000000000000, 0.000000000000000000 ) ) ;
#357 = VERTEX_POINT ( 'NONE', #1118 ) ;
#358 = CARTESIAN_POINT ( 'NONE',  ( 9.000000000000001776, -8.999999999999996447, 0.000000000000000000 ) ) ;
#359 = FACE_OUTER_BOUND ( 'NONE', #2583, .T. ) ;
#360 = ORIENTED_EDGE ( 'NONE', *, *, #2848, .T. ) ;
#361 = DIRECTION ( 'NONE',  ( -1.000000000000000000, 0.000000000000000000, 0.000000000000000000 ) ) ;
#362 = DIRECTION ( 'NONE',  ( 0.4999999999999979461, 0.8660254037844398178, 0.000000000000000000 ) ) ;
#363 = LINE ( 'NONE', #2888, #2432 ) ;
#364 = ORIENTED_EDGE ( 'NONE', *, *, #1589, .F. ) ;
#365 = CARTESIAN_POINT ( 'NONE',  ( -7.635000000000003340, 10.36499999999999666, 0.3175000000000000044 ) ) ;
#366 = CARTESIAN_POINT ( 'NONE',  ( -10.99999999999999467, 9.409999999999996589, 0.1349999999999999534 ) ) ;
#367 = ORIENTED_EDGE ( 'NONE', *, *, #802, .F. ) ;
#368 = CARTESIAN_POINT ( 'NONE',  ( -10.99999999999999645, -10.50000000000000000, 0.6350000000000000089 ) ) ;
#369 = CARTESIAN_POINT ( 'NONE',  ( -25.63500000000000156, 10.36499999999999311, 0.3175000000000000044 ) ) ;
#370 = ORIENTED_EDGE ( 'NONE', *, *, #2889, .T. ) ;
#371 = AXIS2_PLACEMENT_3D ( 'NONE', #2812, #3412, #1198 ) ;
#372 = AXIS2_PLACEMENT_3D ( 'NONE', #2280, #1924, #2860 ) ;
#373 = VERTEX_POINT ( 'NONE', #1192 ) ;
#374 = DIRECTION ( 'NONE',  ( -0.000000000000000000, 0.000000000000000000, 1.000000000000000000 ) ) ;
#375 = VERTEX_POINT ( 'NONE', #1508 ) ;
#376 = EDGE_CURVE ( 'NONE', #3855, #119, #571, .T. ) ;
#377 = VECTOR ( 'NONE', #797, 100.0000000000000000 ) ;
#378 = ORIENTED_EDGE ( 'NONE', *, *, #454, .F. ) ;
#379 = LINE ( 'NONE', #1617, #66 ) ;
#380 = ORIENTED_EDGE ( 'NONE', *, *, #560, .F. ) ;
#381 = CARTESIAN_POINT ( 'NONE',  ( -7.499999999999998224, 10.99999999999999645, 0.6350000000000000089 ) ) ;
#382 = PLANE ( 'NONE',  #3622 ) ;
#383 = VECTOR ( 'NONE', #3561, 100.0000000000000142 ) ;
#384 = VECTOR ( 'NONE', #2510, 100.0000000000000000 ) ;
#385 = LINE ( 'NONE', #31, #1220 ) ;
#386 = PLANE ( 'NONE',  #2425 ) ;
#387 = DIRECTION ( 'NONE',  ( 1.000000000000000000, 0.000000000000000000, 0.000000000000000000 ) ) ;
#388 = EDGE_CURVE ( 'NONE', #2557, #3528, #3366, .T. ) ;
#389 = VERTEX_POINT ( 'NONE', #3650 ) ;
#390 = VECTOR ( 'NONE', #1826, 100.0000000000000000 ) ;
#391 = AXIS2_PLACEMENT_3D ( 'NONE', #928, #3108, #847 ) ;
#392 = CARTESIAN_POINT ( 'NONE',  ( -10.49999999999999467, -10.99999999999999645, 0.6350000000000000089 ) ) ;
#393 = LINE ( 'NONE', #265, #2104 ) ;
#394 = ORIENTED_EDGE ( 'NONE', *, *, #2549, .T. ) ;
#395 = LINE ( 'NONE', #1294, #1977 ) ;
#396 = ADVANCED_FACE ( 'NONE', ( #1834 ), #819, .F. ) ;
#397 = VERTEX_POINT ( 'NONE', #225 ) ;
#398 = AXIS2_PLACEMENT_3D ( 'NONE', #1457, #446, #2720 ) ;
#399 = VECTOR ( 'NONE', #3056, 100.0000000000000000 ) ;
#400 = VECTOR ( 'NONE', #2538, 100.0000000000000000 ) ;
#401 = ORIENTED_EDGE ( 'NONE', *, *, #280, .T. ) ;
#402 = DIRECTION ( 'NONE',  ( 0.000000000000000000, -1.000000000000000000, 0.000000000000000000 ) ) ;
#403 = ORIENTED_EDGE ( 'NONE', *, *, #1565, .F. ) ;
#404 = VECTOR ( 'NONE', #1170, 100.0000000000000000 ) ;
#405 = CARTESIAN_POINT ( 'NONE',  ( 8.030000000000004690, 0.000000000000000000, 0.4000000000000000222 ) ) ;
#406 = DIRECTION ( 'NONE',  ( 0.000000000000000000, -1.000000000000000000, 0.000000000000000000 ) ) ;
#407 = ADVANCED_FACE ( 'NONE', ( #4025 ), #243, .F. ) ;
#408 = FACE_OUTER_BOUND ( 'NONE', #3247, .T. ) ;
#409 = DIRECTION ( 'NONE',  ( 0.000000000000000000, -1.000000000000000000, 0.000000000000000000 ) ) ;
#410 = DIRECTION ( 'NONE',  ( 0.000000000000000000, -1.000000000000000000, 0.000000000000000000 ) ) ;
#411 = LINE ( 'NONE', #1927, #1038 ) ;
#412 = EDGE_CURVE ( 'NONE', #2308, #2919, #3712, .T. ) ;
#413 = DIRECTION ( 'NONE',  ( 0.000000000000000000, 0.000000000000000000, -1.000000000000000000 ) ) ;
#414 = EDGE_CURVE ( 'NONE', #2402, #973, #3327, .T. ) ;
#415 = DIRECTION ( 'NONE',  ( -0.000000000000000000, -0.000000000000000000, 1.000000000000000000 ) ) ;
#416 = EDGE_LOOP ( 'NONE', ( #3737, #3550, #1278, #202 ) ) ;
#417 = CARTESIAN_POINT ( 'NONE',  ( 10.19999999999999574, 9.767957166897563326, 0.1349999999999999534 ) ) ;
#418 = ORIENTED_EDGE ( 'NONE', *, *, #1225, .T. ) ;
#419 = LINE ( 'NONE', #3612, #2440 ) ;
#420 = ORIENTED_EDGE ( 'NONE', *, *, #3401, .T. ) ;
#421 = LINE ( 'NONE', #1676, #2089 ) ;
#422 = ORIENTED_EDGE ( 'NONE', *, *, #882, .F. ) ;
#423 = ORIENTED_EDGE ( 'NONE', *, *, #682, .T. ) ;
#424 = ORIENTED_EDGE ( 'NONE', *, *, #632, .T. ) ;
#425 = CARTESIAN_POINT ( 'NONE',  ( -10.99999999999999467, 10.49999999999999467, 0.6350000000000000089 ) ) ;
#426 = ORIENTED_EDGE ( 'NONE', *, *, #3330, .T. ) ;
#427 = ADVANCED_FACE ( 'NONE', ( #801 ), #2380, .T. ) ;
#428 = CARTESIAN_POINT ( 'NONE',  ( -9.409999999999994813, -10.99999999999999645, 0.1349999999999999534 ) ) ;
#429 = DIRECTION ( 'NONE',  ( -1.000000000000000000, 0.000000000000000000, -0.000000000000000000 ) ) ;
#430 = DIRECTION ( 'NONE',  ( -0.8660254037844397068, 0.4999999999999980016, 0.000000000000000000 ) ) ;
#431 = ADVANCED_FACE ( 'NONE', ( #3670 ), #4001, .F. ) ;
#432 = CARTESIAN_POINT ( 'NONE',  ( 10.81999999999999851, -9.409999999999994813, 0.1349999999999999534 ) ) ;
#433 = VERTEX_POINT ( 'NONE', #2436 ) ;
#434 = DIRECTION ( 'NONE',  ( 1.000000000000000000, 0.000000000000000000, 0.000000000000000000 ) ) ;
#435 = ORIENTED_EDGE ( 'NONE', *, *, #1870, .F. ) ;
#436 = EDGE_CURVE ( 'NONE', #742, #929, #3692, .T. ) ;
#437 = CARTESIAN_POINT ( 'NONE',  ( 8.589999999999994529, 10.81999999999999673, 0.1349999999999999534 ) ) ;
#438 = EDGE_LOOP ( 'NONE', ( #2742, #864, #3101, #1116 ) ) ;
#439 = CARTESIAN_POINT ( 'NONE',  ( 0.000000000000000000, 0.000000000000000000, 0.1349999999999999534 ) ) ;
#440 = EDGE_LOOP ( 'NONE', ( #3460, #3926, #3107, #1486 ) ) ;
#441 = CARTESIAN_POINT ( 'NONE',  ( -10.81999999999999140, -9.410000000000000142, 0.6350000000000000089 ) ) ;
#442 = VECTOR ( 'NONE', #3740, 100.0000000000000000 ) ;
#443 = DIRECTION ( 'NONE',  ( -1.000000000000000000, -1.817653936845377429E-16, 0.000000000000000000 ) ) ;
#444 = AXIS2_PLACEMENT_3D ( 'NONE', #2640, #2016, #2350 ) ;
#445 = DIRECTION ( 'NONE',  ( -1.000000000000000000, 0.000000000000000000, 0.000000000000000000 ) ) ;
#446 = DIRECTION ( 'NONE',  ( 0.000000000000000000, -1.000000000000000000, 0.000000000000000000 ) ) ;
#447 = CARTESIAN_POINT ( 'NONE',  ( 8.030000000000004690, 0.000000000000000000, 0.4000000000000000222 ) ) ;
#448 = VECTOR ( 'NONE', #64, 100.0000000000000000 ) ;
#449 = CARTESIAN_POINT ( 'NONE',  ( 7.635000000000004228, -10.36499999999999488, 0.6350000000000000089 ) ) ;
#450 = CARTESIAN_POINT ( 'NONE',  ( 10.99999999999999112, 9.409999999999998366, 0.1349999999999999534 ) ) ;
#451 = ORIENTED_EDGE ( 'NONE', *, *, #2782, .T. ) ;
#452 = VECTOR ( 'NONE', #1815, 100.0000000000000000 ) ;
#453 = CARTESIAN_POINT ( 'NONE',  ( 10.19999999999999574, 8.232042833102433121, 0.6350000000000000089 ) ) ;
#454 = EDGE_CURVE ( 'NONE', #2142, #1930, #861, .T. ) ;
#455 = ORIENTED_EDGE ( 'NONE', *, *, #2416, .T. ) ;
#456 = VERTEX_POINT ( 'NONE', #3633 ) ;
#457 = AXIS2_PLACEMENT_3D ( 'NONE', #3458, #413, #694 ) ;
#458 = CARTESIAN_POINT ( 'NONE',  ( -10.36499999999999488, -10.99999999999999645, 0.6350000000000000089 ) ) ;
#459 = ORIENTED_EDGE ( 'NONE', *, *, #3054, .F. ) ;
#460 = CARTESIAN_POINT ( 'NONE',  ( -8.999999999999994671, 8.999999999999998224, 0.000000000000000000 ) ) ;
#461 = ADVANCED_FACE ( 'NONE', ( #1780 ), #497, .T. ) ;
#462 = AXIS2_PLACEMENT_3D ( 'NONE', #2281, #2861, #3535 ) ;
#463 = VERTEX_POINT ( 'NONE', #1814 ) ;
#464 = AXIS2_PLACEMENT_3D ( 'NONE', #59, #738, #2228 ) ;
#465 = EDGE_CURVE ( 'NONE', #2128, #3860, #1755, .T. ) ;
#466 = VERTEX_POINT ( 'NONE', #1447 ) ;
#467 = DIRECTION ( 'NONE',  ( -0.000000000000000000, 0.000000000000000000, 1.000000000000000000 ) ) ;
#468 = AXIS2_PLACEMENT_3D ( 'NONE', #3048, #493, #178 ) ;
#469 = AXIS2_PLACEMENT_3D ( 'NONE', #3882, #2356, #1383 ) ;
#470 = FACE_OUTER_BOUND ( 'NONE', #2050, .T. ) ;
#471 = LINE ( 'NONE', #1748, #3015 ) ;
#472 = DIRECTION ( 'NONE',  ( 0.000000000000000000, 0.000000000000000000, -1.000000000000000000 ) ) ;
#473 = CARTESIAN_POINT ( 'NONE',  ( 10.81999999999999140, 8.589999999999998082, 0.6350000000000000089 ) ) ;
#474 = PLANE ( 'NONE',  #3078 ) ;
#475 = LINE ( 'NONE', #3629, #3937 ) ;
#476 = ORIENTED_EDGE ( 'NONE', *, *, #601, .T. ) ;
#477 = CARTESIAN_POINT ( 'NONE',  ( -10.36500000000000199, 10.99999999999999822, 0.6350000000000000089 ) ) ;
#478 = ORIENTED_EDGE ( 'NONE', *, *, #3454, .F. ) ;
#479 = EDGE_CURVE ( 'NONE', #739, #2540, #1137, .T. ) ;
#480 = EDGE_CURVE ( 'NONE', #240, #1444, #840, .T. ) ;
#481 = PLANE ( 'NONE',  #1586 ) ;
#482 = ORIENTED_EDGE ( 'NONE', *, *, #2166, .T. ) ;
#483 = DIRECTION ( 'NONE',  ( 0.000000000000000000, -1.000000000000000000, 0.000000000000000000 ) ) ;
#484 = EDGE_CURVE ( 'NONE', #2883, #4060, #3981, .T. ) ;
#485 = ORIENTED_EDGE ( 'NONE', *, *, #2914, .T. ) ;
#486 = DIRECTION ( 'NONE',  ( -1.000000000000000000, 0.000000000000000000, 0.000000000000000000 ) ) ;
#487 = ORIENTED_EDGE ( 'NONE', *, *, #3775, .F. ) ;
#488 = EDGE_CURVE ( 'NONE', #3019, #881, #1590, .T. ) ;
#489 = FACE_OUTER_BOUND ( 'NONE', #3569, .T. ) ;
#490 = CARTESIAN_POINT ( 'NONE',  ( -8.232042833102433121, 10.19999999999999574, 0.1349999999999999534 ) ) ;
#491 = DIRECTION ( 'NONE',  ( 0.000000000000000000, 1.000000000000000000, -0.000000000000000000 ) ) ;
#492 = CARTESIAN_POINT ( 'NONE',  ( -10.81999999999999140, -8.589999999999999858, 0.6350000000000000089 ) ) ;
#493 = DIRECTION ( 'NONE',  ( -0.000000000000000000, 0.000000000000000000, 1.000000000000000000 ) ) ;
#494 = CARTESIAN_POINT ( 'NONE',  ( -10.81999999999999140, -8.589999999999999858, 0.1349999999999999534 ) ) ;
#495 = LINE ( 'NONE', #757, #2708 ) ;
#496 = ORIENTED_EDGE ( 'NONE', *, *, #3085, .F. ) ;
#497 = CYLINDRICAL_SURFACE ( 'NONE', #3308, 2.500000000000000888 ) ;
#498 = CARTESIAN_POINT ( 'NONE',  ( 10.49999999999999467, 10.99999999999999467, 0.3175000000000000044 ) ) ;
#499 = ORIENTED_EDGE ( 'NONE', *, *, #901, .F. ) ;
#500 = DIRECTION ( 'NONE',  ( -0.000000000000000000, 0.000000000000000000, 1.000000000000000000 ) ) ;
#501 = EDGE_LOOP ( 'NONE', ( #2944, #1942, #1381, #4042 ) ) ;
#502 = CARTESIAN_POINT ( 'NONE',  ( 10.81999999999999140, 8.589999999999998082, 0.1349999999999999534 ) ) ;
#503 = ADVANCED_FACE ( 'NONE', ( #2184 ), #2159, .T. ) ;
#504 = VECTOR ( 'NONE', #1068, 100.0000000000000000 ) ;
#505 = DIRECTION ( 'NONE',  ( -0.000000000000000000, 0.000000000000000000, 1.000000000000000000 ) ) ;
#506 = DIRECTION ( 'NONE',  ( 0.000000000000000000, -1.000000000000000000, 0.000000000000000000 ) ) ;
#507 = CARTESIAN_POINT ( 'NONE',  ( 10.20000000000000107, -8.232042833102429569, 0.1349999999999999534 ) ) ;
#508 = AXIS2_PLACEMENT_3D ( 'NONE', #274, #2113, #3113 ) ;
#509 = LINE ( 'NONE', #1771, #1507 ) ;
#510 = VECTOR ( 'NONE', #1142, 100.0000000000000000 ) ;
#511 = DIRECTION ( 'NONE',  ( 0.000000000000000000, 1.000000000000000000, 0.000000000000000000 ) ) ;
#512 = EDGE_CURVE ( 'NONE', #1441, #3856, #2108, .T. ) ;
#513 = VERTEX_POINT ( 'NONE', #2200 ) ;
#514 = LINE ( 'NONE', #2953, #3820 ) ;
#515 = EDGE_LOOP ( 'NONE', ( #1715, #1007, #1009, #1454 ) ) ;
#516 = VECTOR ( 'NONE', #615, 100.0000000000000000 ) ;
#517 = VECTOR ( 'NONE', #1732, 100.0000000000000142 ) ;
#518 = CARTESIAN_POINT ( 'NONE',  ( -10.36499999999999666, -7.635000000000001563, 0.3175000000000000044 ) ) ;
#519 = ADVANCED_FACE ( 'NONE', ( #3198 ), #940, .T. ) ;
#520 = PLANE ( 'NONE',  #776 ) ;
#521 = AXIS2_PLACEMENT_3D ( 'NONE', #1234, #3411, #2791 ) ;
#522 = VECTOR ( 'NONE', #2589, 100.0000000000000000 ) ;
#523 = ORIENTED_EDGE ( 'NONE', *, *, #1309, .F. ) ;
#524 = CARTESIAN_POINT ( 'NONE',  ( 0.000000000000000000, -8.030000000000002913, 0.4000000000000000222 ) ) ;
#525 = ORIENTED_EDGE ( 'NONE', *, *, #1199, .F. ) ;
#526 = AXIS2_PLACEMENT_3D ( 'NONE', #3801, #1878, #1261 ) ;
#527 = VECTOR ( 'NONE', #3608, 100.0000000000000000 ) ;
#528 = CARTESIAN_POINT ( 'NONE',  ( -7.499999999999995559, 11.00000000000000000, 0.3175000000000000044 ) ) ;
#529 = CARTESIAN_POINT ( 'NONE',  ( 10.81999999999999851, -9.409999999999994813, 0.1349999999999999534 ) ) ;
#530 = AXIS2_PLACEMENT_3D ( 'NONE', #834, #1733, #1109 ) ;
#531 = DIRECTION ( 'NONE',  ( 0.000000000000000000, 1.000000000000000000, 0.000000000000000000 ) ) ;
#532 = CARTESIAN_POINT ( 'NONE',  ( 0.000000000000000000, 0.000000000000000000, 0.3175000000000000044 ) ) ;
#533 = VECTOR ( 'NONE', #16, 100.0000000000000142 ) ;
#534 = ADVANCED_FACE ( 'NONE', ( #3791 ), #659, .F. ) ;
#535 = DIRECTION ( 'NONE',  ( 0.000000000000000000, 0.000000000000000000, 1.000000000000000000 ) ) ;
#536 = LINE ( 'NONE', #2766, #2701 ) ;
#537 = ADVANCED_FACE ( 'NONE', ( #3182 ), #3459, .F. ) ;
#538 = DIRECTION ( 'NONE',  ( -0.000000000000000000, 0.000000000000000000, 1.000000000000000000 ) ) ;
#539 = LINE ( 'NONE', #1795, #399 ) ;
#540 = DIRECTION ( 'NONE',  ( 0.000000000000000000, -1.000000000000000000, 0.000000000000000000 ) ) ;
#541 = ORIENTED_EDGE ( 'NONE', *, *, #991, .F. ) ;
#542 = DIRECTION ( 'NONE',  ( 0.000000000000000000, -1.000000000000000000, 0.000000000000000000 ) ) ;
#543 = DIRECTION ( 'NONE',  ( 0.000000000000000000, -1.000000000000000000, 0.000000000000000000 ) ) ;
#544 = ORIENTED_EDGE ( 'NONE', *, *, #2602, .F. ) ;
#545 = ORIENTED_EDGE ( 'NONE', *, *, #1087, .T. ) ;
#546 = DIRECTION ( 'NONE',  ( 1.000000000000000000, 2.726480905268065897E-16, 0.000000000000000000 ) ) ;
#547 = CARTESIAN_POINT ( 'NONE',  ( 9.410000000000000142, -10.81999999999999140, 0.6350000000000000089 ) ) ;
#548 = DIRECTION ( 'NONE',  ( 0.000000000000000000, 0.000000000000000000, 1.000000000000000000 ) ) ;
#549 = DIRECTION ( 'NONE',  ( 0.8660254037844398178, -0.4999999999999979461, 0.000000000000000000 ) ) ;
#550 = LINE ( 'NONE', #3380, #3671 ) ;
#551 = ORIENTED_EDGE ( 'NONE', *, *, #2748, .F. ) ;
#552 = LINE ( 'NONE', #1810, #253 ) ;
#553 = ORIENTED_EDGE ( 'NONE', *, *, #116, .T. ) ;
#554 = EDGE_CURVE ( 'NONE', #2557, #1352, #985, .T. ) ;
#555 = DIRECTION ( 'NONE',  ( 0.000000000000000000, 1.000000000000000000, 0.000000000000000000 ) ) ;
#556 = CARTESIAN_POINT ( 'NONE',  ( 7.162345244612031259, 10.69499999999999673, 0.6350000000000000089 ) ) ;
#557 = ORIENTED_EDGE ( 'NONE', *, *, #249, .T. ) ;
#558 = ORIENTED_EDGE ( 'NONE', *, *, #465, .F. ) ;
#559 = VERTEX_POINT ( 'NONE', #961 ) ;
#560 = EDGE_CURVE ( 'NONE', #3467, #3189, #2491, .T. ) ;
#561 = LINE ( 'NONE', #2443, #3227 ) ;
#562 = PLANE ( 'NONE',  #46 ) ;
#563 = CARTESIAN_POINT ( 'NONE',  ( -10.36499999999999488, -10.36499999999999844, 0.6350000000000000089 ) ) ;
#564 = EDGE_CURVE ( 'NONE', #2644, #1921, #3163, .T. ) ;
#565 = DIRECTION ( 'NONE',  ( 0.000000000000000000, 0.000000000000000000, 1.000000000000000000 ) ) ;
#566 = DIRECTION ( 'NONE',  ( 0.000000000000000000, 0.000000000000000000, -1.000000000000000000 ) ) ;
#567 = ORIENTED_EDGE ( 'NONE', *, *, #572, .F. ) ;
#568 = VECTOR ( 'NONE', #2349, 100.0000000000000000 ) ;
#569 = CARTESIAN_POINT ( 'NONE',  ( -10.36499999999999488, -10.36499999999999844, 0.3175000000000000044 ) ) ;
#570 = VECTOR ( 'NONE', #2736, 100.0000000000000000 ) ;
#571 = LINE ( 'NONE', #3404, #133 ) ;
#572 = EDGE_CURVE ( 'NONE', #3531, #144, #1591, .T. ) ;
#573 = AXIS2_PLACEMENT_3D ( 'NONE', #3281, #535, #2040 ) ;
#574 = CARTESIAN_POINT ( 'NONE',  ( -9.409999999999998366, 10.99999999999999112, 0.6350000000000000089 ) ) ;
#575 = ORIENTED_EDGE ( 'NONE', *, *, #3190, .T. ) ;
#576 = ORIENTED_EDGE ( 'NONE', *, *, #1135, .F. ) ;
#577 = VECTOR ( 'NONE', #1895, 100.0000000000000000 ) ;
#578 = EDGE_CURVE ( 'NONE', #761, #3102, #2824, .T. ) ;
#579 = ORIENTED_EDGE ( 'NONE', *, *, #3653, .F. ) ;
#580 = CARTESIAN_POINT ( 'NONE',  ( -9.767957166897563326, 10.19999999999999574, 0.1349999999999999534 ) ) ;
#581 = CIRCLE ( 'NONE', #3544, 2.500000000000003553 ) ;
#582 = EDGE_CURVE ( 'NONE', #3438, #3073, #898, .T. ) ;
#583 = VECTOR ( 'NONE', #4081, 100.0000000000000000 ) ;
#584 = CARTESIAN_POINT ( 'NONE',  ( 10.36499999999999844, -7.634999999999996234, 0.6350000000000000089 ) ) ;
#585 = DIRECTION ( 'NONE',  ( -2.726480905268065897E-16, 1.000000000000000000, -0.000000000000000000 ) ) ;
#586 = CARTESIAN_POINT ( 'NONE',  ( 10.50000000000000178, -11.00000000000000000, 0.3175000000000000044 ) ) ;
#587 = FACE_OUTER_BOUND ( 'NONE', #209, .T. ) ;
#588 = VECTOR ( 'NONE', #830, 100.0000000000000000 ) ;
#589 = ORIENTED_EDGE ( 'NONE', *, *, #2549, .F. ) ;
#590 = AXIS2_PLACEMENT_3D ( 'NONE', #3644, #3976, #157 ) ;
#591 = PRODUCT_DEFINITION_FORMATION_WITH_SPECIFIED_SOURCE ( 'ANY', '', #3920, .NOT_KNOWN. ) ;
#592 = FACE_OUTER_BOUND ( 'NONE', #2805, .T. ) ;
#593 = PRESENTATION_STYLE_ASSIGNMENT (( #3095 ) ) ;
#594 = VECTOR ( 'NONE', #2347, 100.0000000000000000 ) ;
#595 = CARTESIAN_POINT ( 'NONE',  ( 9.000000000000000000, 9.310000000000002274, 0.6350000000000000089 ) ) ;
#596 = CARTESIAN_POINT ( 'NONE',  ( -10.99999999999999112, -8.589999999999999858, 0.6350000000000000089 ) ) ;
#597 = ORIENTED_EDGE ( 'NONE', *, *, #2304, .T. ) ;
#598 = CARTESIAN_POINT ( 'NONE',  ( 10.99999999999999645, -9.409999999999994813, 0.1349999999999999534 ) ) ;
#599 = ORIENTED_EDGE ( 'NONE', *, *, #3334, .F. ) ;
#600 = VERTEX_POINT ( 'NONE', #36 ) ;
#601 = EDGE_CURVE ( 'NONE', #727, #2534, #2535, .T. ) ;
#602 = EDGE_LOOP ( 'NONE', ( #2334, #2160, #3755, #3744, #4076, #1335, #665, #1585 ) ) ;
#603 = PLANE ( 'NONE',  #4077 ) ;
#604 = ORIENTED_EDGE ( 'NONE', *, *, #1996, .F. ) ;
#605 = EDGE_CURVE ( 'NONE', #3843, #1593, #3506, .T. ) ;
#606 = CARTESIAN_POINT ( 'NONE',  ( -10.49999999999999467, -10.99999999999999645, 0.3175000000000000044 ) ) ;
#607 = FACE_OUTER_BOUND ( 'NONE', #2096, .T. ) ;
#608 = DIRECTION ( 'NONE',  ( 0.000000000000000000, 1.000000000000000000, 0.000000000000000000 ) ) ;
#609 = CARTESIAN_POINT ( 'NONE',  ( 9.767957166897559773, 10.19999999999999929, 0.6350000000000000089 ) ) ;
#610 = EDGE_CURVE ( 'NONE', #3102, #1123, #3442, .T. ) ;
#611 = PLANE ( 'NONE',  #3154 ) ;
#612 = FILL_AREA_STYLE_COLOUR ( '', #2901 ) ;
#613 = ADVANCED_FACE ( 'NONE', ( #3727 ), #1912, .F. ) ;
#614 = DIRECTION ( 'NONE',  ( 0.000000000000000000, -1.000000000000000000, 0.000000000000000000 ) ) ;
#615 = DIRECTION ( 'NONE',  ( 1.000000000000000000, 0.000000000000000000, 0.000000000000000000 ) ) ;
#616 = ORIENTED_EDGE ( 'NONE', *, *, #1422, .F. ) ;
#617 = VERTEX_POINT ( 'NONE', #595 ) ;
#618 = DIRECTION ( 'NONE',  ( -0.000000000000000000, 0.000000000000000000, 1.000000000000000000 ) ) ;
#619 = ORIENTED_EDGE ( 'NONE', *, *, #2048, .F. ) ;
#620 = ADVANCED_BREP_SHAPE_REPRESENTATION ( 'elevated-cell-top_62', ( #3255, #3235 ), #918 ) ;
#621 = ORIENTED_EDGE ( 'NONE', *, *, #3437, .F. ) ;
#622 = DIRECTION ( 'NONE',  ( 0.4999999999999979461, -0.8660254037844398178, 0.000000000000000000 ) ) ;
#623 = CARTESIAN_POINT ( 'NONE',  ( 10.99999999999999112, 9.409999999999998366, 0.1349999999999999534 ) ) ;
#624 = PLANE ( 'NONE',  #244 ) ;
#625 = EDGE_CURVE ( 'NONE', #2331, #685, #3367, .T. ) ;
#626 = CARTESIAN_POINT ( 'NONE',  ( 0.000000000000000000, 0.000000000000000000, 0.1349999999999999534 ) ) ;
#627 = PLANE ( 'NONE',  #2037 ) ;
#628 = CARTESIAN_POINT ( 'NONE',  ( -10.49999999999999467, -10.99999999999999645, 0.6350000000000000089 ) ) ;
#629 = EDGE_CURVE ( 'NONE', #433, #3855, #3261, .T. ) ;
#630 = LINE ( 'NONE', #2593, #121 ) ;
#631 = VECTOR ( 'NONE', #443, 100.0000000000000000 ) ;
#632 = EDGE_CURVE ( 'NONE', #433, #2776, #57, .T. ) ;
#633 = DIRECTION ( 'NONE',  ( 1.000000000000000000, 0.000000000000000000, 0.000000000000000000 ) ) ;
#634 = DIRECTION ( 'NONE',  ( -1.000000000000000000, -9.251858538542974046E-17, 0.000000000000000000 ) ) ;
#635 = ORIENTED_EDGE ( 'NONE', *, *, #736, .F. ) ;
#636 = DIRECTION ( 'NONE',  ( 1.000000000000000000, -1.817653936845377429E-16, 0.000000000000000000 ) ) ;
#637 = ORIENTED_EDGE ( 'NONE', *, *, #3161, .T. ) ;
#638 = VECTOR ( 'NONE', #1323, 100.0000000000000142 ) ;
#639 = ORIENTED_EDGE ( 'NONE', *, *, #2981, .T. ) ;
#640 = ORIENTED_EDGE ( 'NONE', *, *, #878, .T. ) ;
#641 = CARTESIAN_POINT ( 'NONE',  ( 9.767957166897559773, 10.19999999999999929, 0.1349999999999999534 ) ) ;
#642 = VECTOR ( 'NONE', #2576, 100.0000000000000000 ) ;
#643 = VERTEX_POINT ( 'NONE', #2659 ) ;
#644 = DIRECTION ( 'NONE',  ( 1.000000000000000000, 1.817653936845377429E-16, 0.000000000000000000 ) ) ;
#645 = CARTESIAN_POINT ( 'NONE',  ( 7.635000000000004228, -10.36499999999999488, 0.3175000000000000044 ) ) ;
#646 = VECTOR ( 'NONE', #2738, 100.0000000000000142 ) ;
#647 = CARTESIAN_POINT ( 'NONE',  ( 8.999999999999998224, 9.000000000000000000, 0.3175000000000000044 ) ) ;
#648 = DIRECTION ( 'NONE',  ( 0.000000000000000000, 1.000000000000000000, 0.000000000000000000 ) ) ;
#649 = DIRECTION ( 'NONE',  ( 1.000000000000000000, 0.000000000000000000, 0.000000000000000000 ) ) ;
#650 = VECTOR ( 'NONE', #345, 100.0000000000000000 ) ;
#651 = EDGE_CURVE ( 'NONE', #142, #3654, #1021, .T. ) ;
#652 = EDGE_CURVE ( 'NONE', #2411, #2783, #754, .T. ) ;
#653 = DIRECTION ( 'NONE',  ( 0.000000000000000000, -1.000000000000000000, 0.000000000000000000 ) ) ;
#654 = VECTOR ( 'NONE', #751, 100.0000000000000000 ) ;
#655 = LINE ( 'NONE', #1288, #4018 ) ;
#656 = VERTEX_POINT ( 'NONE', #449 ) ;
#657 = EDGE_CURVE ( 'NONE', #1760, #2339, #3826, .T. ) ;
#658 = VECTOR ( 'NONE', #2077, 100.0000000000000000 ) ;
#659 = PLANE ( 'NONE',  #3959 ) ;
#660 = FACE_OUTER_BOUND ( 'NONE', #3919, .T. ) ;
#661 = LINE ( 'NONE', #3545, #400 ) ;
#662 = LINE ( 'NONE', #3509, #2429 ) ;
#663 = VECTOR ( 'NONE', #3857, 100.0000000000000142 ) ;
#664 = ORIENTED_EDGE ( 'NONE', *, *, #1122, .F. ) ;
#665 = ORIENTED_EDGE ( 'NONE', *, *, #1177, .T. ) ;
#666 = AXIS2_PLACEMENT_3D ( 'NONE', #2079, #1483, #2456 ) ;
#667 = ORIENTED_EDGE ( 'NONE', *, *, #2602, .T. ) ;
#668 = CARTESIAN_POINT ( 'NONE',  ( -9.000000000000000000, 8.689999999999999503, 0.000000000000000000 ) ) ;
#669 = ORIENTED_EDGE ( 'NONE', *, *, #2283, .T. ) ;
#670 = VERTEX_POINT ( 'NONE', #432 ) ;
#671 = DIRECTION ( 'NONE',  ( 0.000000000000000000, 1.000000000000000000, 0.000000000000000000 ) ) ;
#672 = CARTESIAN_POINT ( 'NONE',  ( 10.99999999999999645, -8.589999999999992752, 0.6350000000000000089 ) ) ;
#673 = DIRECTION ( 'NONE',  ( 0.000000000000000000, 0.000000000000000000, -1.000000000000000000 ) ) ;
#674 = PLANE ( 'NONE',  #3664 ) ;
#675 = CARTESIAN_POINT ( 'NONE',  ( 0.000000000000000000, 0.000000000000000000, 0.3175000000000000044 ) ) ;
#676 = CARTESIAN_POINT ( 'NONE',  ( 0.000000000000000000, 7.470000000000000639, 0.4000000000000000222 ) ) ;
#677 = EDGE_LOOP ( 'NONE', ( #3445, #3978, #3402, #789 ) ) ;
#678 = DIRECTION ( 'NONE',  ( 1.000000000000000000, 0.000000000000000000, 0.000000000000000000 ) ) ;
#679 = ORIENTED_EDGE ( 'NONE', *, *, #2401, .F. ) ;
#680 = LINE ( 'NONE', #3816, #2374 ) ;
#681 = DIRECTION ( 'NONE',  ( -0.000000000000000000, -0.000000000000000000, 1.000000000000000000 ) ) ;
#682 = EDGE_CURVE ( 'NONE', #3073, #3574, #1351, .T. ) ;
#683 = VERTEX_POINT ( 'NONE', #1711 ) ;
#684 = LINE ( 'NONE', #3841, #2363 ) ;
#685 = VERTEX_POINT ( 'NONE', #1004 ) ;
#686 = EDGE_CURVE ( 'NONE', #1614, #792, #695, .T. ) ;
#687 = PLANE ( 'NONE',  #526 ) ;
#688 = ORIENTED_EDGE ( 'NONE', *, *, #632, .F. ) ;
#689 = LINE ( 'NONE', #2881, #3147 ) ;
#690 = DIRECTION ( 'NONE',  ( -1.000000000000000000, 0.000000000000000000, 0.000000000000000000 ) ) ;
#691 = EDGE_CURVE ( 'NONE', #2026, #4070, #3219, .T. ) ;
#692 = CARTESIAN_POINT ( 'NONE',  ( -10.69500000000000384, 7.162345244612041029, 0.000000000000000000 ) ) ;
#693 = FACE_OUTER_BOUND ( 'NONE', #3199, .T. ) ;
#694 = DIRECTION ( 'NONE',  ( 0.000000000000000000, 1.000000000000000000, 0.000000000000000000 ) ) ;
#695 = LINE ( 'NONE', #3565, #2550 ) ;
#696 = ORIENTED_EDGE ( 'NONE', *, *, #2467, .F. ) ;
#697 = DIRECTION ( 'NONE',  ( 0.000000000000000000, -1.000000000000000000, 0.000000000000000000 ) ) ;
#698 = ORIENTED_EDGE ( 'NONE', *, *, #3406, .F. ) ;
#699 = AXIS2_PLACEMENT_3D ( 'NONE', #2718, #828, #3273 ) ;
#700 = EDGE_CURVE ( 'NONE', #1530, #2473, #2891, .T. ) ;
#701 = VECTOR ( 'NONE', #3580, 100.0000000000000000 ) ;
#702 = VERTEX_POINT ( 'NONE', #1653 ) ;
#703 = CARTESIAN_POINT ( 'NONE',  ( 10.19999999999999574, 9.767957166897563326, 0.6350000000000000089 ) ) ;
#704 = VERTEX_POINT ( 'NONE', #76 ) ;
#705 = AXIS2_PLACEMENT_3D ( 'NONE', #1175, #3698, #3674 ) ;
#706 = ADVANCED_FACE ( 'NONE', ( #1332 ), #1668, .F. ) ;
#707 = ORIENTED_EDGE ( 'NONE', *, *, #3206, .T. ) ;
#708 = LINE ( 'NONE', #1902, #638 ) ;
#709 = CARTESIAN_POINT ( 'NONE',  ( -9.409999999999998366, 10.81999999999999140, 0.1349999999999999534 ) ) ;
#710 = VECTOR ( 'NONE', #3480, 100.0000000000000000 ) ;
#711 = EDGE_CURVE ( 'NONE', #3462, #2262, #1046, .T. ) ;
#712 = CARTESIAN_POINT ( 'NONE',  ( -10.19999999999999396, -8.232042833102434898, 0.1349999999999999534 ) ) ;
#713 = CARTESIAN_POINT ( 'NONE',  ( -7.499999999999993783, -10.99999999999999645, 0.3175000000000000044 ) ) ;
#714 = CARTESIAN_POINT ( 'NONE',  ( -10.99999999999999822, 10.49999999999999467, 0.000000000000000000 ) ) ;
#715 = VECTOR ( 'NONE', #3706, 100.0000000000000000 ) ;
#716 = VECTOR ( 'NONE', #690, 100.0000000000000000 ) ;
#717 = LINE ( 'NONE', #2952, #568 ) ;
#718 = ORIENTED_EDGE ( 'NONE', *, *, #935, .T. ) ;
#719 = DIRECTION ( 'NONE',  ( 0.000000000000000000, 0.000000000000000000, -1.000000000000000000 ) ) ;
#720 = ORIENTED_EDGE ( 'NONE', *, *, #1057, .T. ) ;
#721 = CARTESIAN_POINT ( 'NONE',  ( 10.36499999999999488, 7.635000000000004228, 0.3175000000000000044 ) ) ;
#722 = EDGE_LOOP ( 'NONE', ( #108, #1022 ) ) ;
#723 = LINE ( 'NONE', #2566, #1168 ) ;
#724 = EDGE_CURVE ( 'NONE', #2409, #3776, #3914, .T. ) ;
#725 = ORIENTED_EDGE ( 'NONE', *, *, #2582, .T. ) ;
#726 = AXIS2_PLACEMENT_3D ( 'NONE', #1272, #2512, #1250 ) ;
#727 = VERTEX_POINT ( 'NONE', #2615 ) ;
#728 = PLANE ( 'NONE',  #3285 ) ;
#729 = VERTEX_POINT ( 'NONE', #1627 ) ;
#730 = EDGE_CURVE ( 'NONE', #1909, #1876, #1314, .T. ) ;
#731 = LINE ( 'NONE', #3256, #1292 ) ;
#732 = LINE ( 'NONE', #3519, #2560 ) ;
#733 = EDGE_CURVE ( 'NONE', #881, #617, #717, .T. ) ;
#734 = DIRECTION ( 'NONE',  ( -0.000000000000000000, 0.000000000000000000, 1.000000000000000000 ) ) ;
#735 = DIRECTION ( 'NONE',  ( 0.000000000000000000, 1.000000000000000000, 0.000000000000000000 ) ) ;
#736 = EDGE_CURVE ( 'NONE', #99, #973, #3605, .T. ) ;
#737 = EDGE_LOOP ( 'NONE', ( #485, #3148, #2232, #3648, #986, #1196 ) ) ;
#738 = DIRECTION ( 'NONE',  ( 0.000000000000000000, 0.000000000000000000, -1.000000000000000000 ) ) ;
#739 = VERTEX_POINT ( 'NONE', #3243 ) ;
#740 = VERTEX_POINT ( 'NONE', #2039 ) ;
#741 = LINE ( 'NONE', #2211, #3035 ) ;
#742 = VERTEX_POINT ( 'NONE', #2639 ) ;
#743 = FACE_OUTER_BOUND ( 'NONE', #1862, .T. ) ;
#744 = ORIENTED_EDGE ( 'NONE', *, *, #2575, .F. ) ;
#745 = ORIENTED_EDGE ( 'NONE', *, *, #582, .F. ) ;
#746 = PLANE ( 'NONE',  #897 ) ;
#747 = VERTEX_POINT ( 'NONE', #2934 ) ;
#748 = CARTESIAN_POINT ( 'NONE',  ( 0.000000000000000000, 0.000000000000000000, 0.3175000000000000044 ) ) ;
#749 = EDGE_CURVE ( 'NONE', #3879, #3923, #3895, .T. ) ;
#750 = DIRECTION ( 'NONE',  ( 0.000000000000000000, 0.000000000000000000, 1.000000000000000000 ) ) ;
#751 = DIRECTION ( 'NONE',  ( 0.000000000000000000, 0.000000000000000000, -1.000000000000000000 ) ) ;
#752 = CARTESIAN_POINT ( 'NONE',  ( -8.999999999999994671, 8.999999999999998224, 0.000000000000000000 ) ) ;
#753 = EDGE_CURVE ( 'NONE', #1083, #2730, #158, .T. ) ;
#754 = LINE ( 'NONE', #2270, #3175 ) ;
#755 = DIRECTION ( 'NONE',  ( -0.8660254037844398178, 0.4999999999999980571, 0.000000000000000000 ) ) ;
#756 = ORIENTED_EDGE ( 'NONE', *, *, #479, .F. ) ;
#757 = CARTESIAN_POINT ( 'NONE',  ( -7.634999999999996234, -10.99999999999999645, 0.6350000000000000089 ) ) ;
#758 = ORIENTED_EDGE ( 'NONE', *, *, #2598, .F. ) ;
#759 = ADVANCED_FACE ( 'NONE', ( #1735 ), #474, .F. ) ;
#760 = DIRECTION ( 'NONE',  ( 1.000000000000000000, 0.000000000000000000, 0.000000000000000000 ) ) ;
#761 = VERTEX_POINT ( 'NONE', #2635 ) ;
#762 = FACE_OUTER_BOUND ( 'NONE', #3883, .T. ) ;
#763 = ORIENTED_EDGE ( 'NONE', *, *, #2617, .F. ) ;
#764 = ORIENTED_EDGE ( 'NONE', *, *, #2954, .T. ) ;
#765 = VECTOR ( 'NONE', #3808, 100.0000000000000000 ) ;
#766 = EDGE_LOOP ( 'NONE', ( #3397, #1255, #67, #2997, #1387, #1984, #3971, #3312, #3862, #3455, #718, #3941 ) ) ;
#767 = LINE ( 'NONE', #3950, #1564 ) ;
#768 = VECTOR ( 'NONE', #3892, 100.0000000000000142 ) ;
#769 = DIRECTION ( 'NONE',  ( 0.000000000000000000, 1.000000000000000000, 0.000000000000000000 ) ) ;
#770 = CARTESIAN_POINT ( 'NONE',  ( 8.232042833102431345, 10.19999999999999929, 0.1349999999999999534 ) ) ;
#771 = VECTOR ( 'NONE', #2763, 100.0000000000000000 ) ;
#772 = CARTESIAN_POINT ( 'NONE',  ( -10.19999999999999396, -9.767957166897565102, 0.6350000000000000089 ) ) ;
#773 = CARTESIAN_POINT ( 'NONE',  ( -9.409999999999998366, 10.81999999999999140, 0.1349999999999999534 ) ) ;
#774 = CARTESIAN_POINT ( 'NONE',  ( 9.000000000000001776, -8.999999999999996447, 0.3175000000000000044 ) ) ;
#775 = EDGE_CURVE ( 'NONE', #2730, #3729, #3213, .T. ) ;
#776 = AXIS2_PLACEMENT_3D ( 'NONE', #439, #2690, #3924 ) ;
#777 = DIRECTION ( 'NONE',  ( 0.000000000000000000, 0.000000000000000000, -1.000000000000000000 ) ) ;
#778 = FACE_OUTER_BOUND ( 'NONE', #2109, .T. ) ;
#779 = EDGE_LOOP ( 'NONE', ( #1274, #3514, #3143, #378 ) ) ;
#780 = VECTOR ( 'NONE', #636, 100.0000000000000000 ) ;
#781 = LINE ( 'NONE', #1092, #3167 ) ;
#782 = VERTEX_POINT ( 'NONE', #2574 ) ;
#783 = EDGE_CURVE ( 'NONE', #1503, #1385, #731, .T. ) ;
#784 = VECTOR ( 'NONE', #958, 100.0000000000000000 ) ;
#785 = DIRECTION ( 'NONE',  ( 0.000000000000000000, 1.000000000000000000, -0.000000000000000000 ) ) ;
#786 = ORIENTED_EDGE ( 'NONE', *, *, #3105, .F. ) ;
#787 = CARTESIAN_POINT ( 'NONE',  ( -7.470000000000000639, -0.000000000000000000, 0.000000000000000000 ) ) ;
#788 = AXIS2_PLACEMENT_3D ( 'NONE', #3520, #1270, #3811 ) ;
#789 = ORIENTED_EDGE ( 'NONE', *, *, #3017, .T. ) ;
#790 = DIRECTION ( 'NONE',  ( -0.000000000000000000, 1.000000000000000000, 0.000000000000000000 ) ) ;
#791 = AXIS2_PLACEMENT_3D ( 'NONE', #1592, #2846, #634 ) ;
#792 = VERTEX_POINT ( 'NONE', #1371 ) ;
#793 = DIRECTION ( 'NONE',  ( -0.000000000000000000, 0.000000000000000000, 1.000000000000000000 ) ) ;
#794 = CARTESIAN_POINT ( 'NONE',  ( -10.19999999999999751, 9.767957166897559773, 0.1349999999999999534 ) ) ;
#795 = DIRECTION ( 'NONE',  ( -1.000000000000000000, 0.000000000000000000, 0.000000000000000000 ) ) ;
#796 = CARTESIAN_POINT ( 'NONE',  ( -10.36500000000000199, 25.63499999999999801, 0.3175000000000000044 ) ) ;
#797 = DIRECTION ( 'NONE',  ( -0.000000000000000000, 0.000000000000000000, 1.000000000000000000 ) ) ;
#798 = EDGE_LOOP ( 'NONE', ( #169, #1055, #3423, #2209 ) ) ;
#799 = LINE ( 'NONE', #453, #3301 ) ;
#800 = ORIENTED_EDGE ( 'NONE', *, *, #325, .F. ) ;
#801 = FACE_OUTER_BOUND ( 'NONE', #2544, .T. ) ;
#802 = EDGE_CURVE ( 'NONE', #740, #3314, #1946, .T. ) ;
#803 = ORIENTED_EDGE ( 'NONE', *, *, #1545, .F. ) ;
#804 = DIRECTION ( 'NONE',  ( 0.000000000000000000, -1.000000000000000000, 0.000000000000000000 ) ) ;
#805 = ORIENTED_EDGE ( 'NONE', *, *, #3554, .T. ) ;
#806 = CARTESIAN_POINT ( 'NONE',  ( -8.999999999999998224, -9.000000000000001776, 0.000000000000000000 ) ) ;
#807 = VERTEX_POINT ( 'NONE', #1018 ) ;
#808 = EDGE_CURVE ( 'NONE', #3716, #1489, #71, .T. ) ;
#809 = LINE ( 'NONE', #2088, #3276 ) ;
#810 = CARTESIAN_POINT ( 'NONE',  ( 8.999999999999998224, 9.000000000000000000, 0.000000000000000000 ) ) ;
#811 = CARTESIAN_POINT ( 'NONE',  ( 10.99999999999999645, 10.49999999999999822, 0.6350000000000000089 ) ) ;
#812 = CARTESIAN_POINT ( 'NONE',  ( -8.029999999999997584, -8.030000000000002913, 0.000000000000000000 ) ) ;
#813 = EDGE_CURVE ( 'NONE', #4024, #1352, #385, .T. ) ;
#814 = ORIENTED_EDGE ( 'NONE', *, *, #1613, .T. ) ;
#815 = DIRECTION ( 'NONE',  ( 0.000000000000000000, 0.000000000000000000, -1.000000000000000000 ) ) ;
#816 = ORIENTED_EDGE ( 'NONE', *, *, #2061, .F. ) ;
#817 = CARTESIAN_POINT ( 'NONE',  ( 10.36499999999999844, -10.99999999999999645, 0.6350000000000000089 ) ) ;
#818 = ORIENTED_EDGE ( 'NONE', *, *, #95, .F. ) ;
#819 = PLANE ( 'NONE',  #3693 ) ;
#820 = CARTESIAN_POINT ( 'NONE',  ( -8.232042833102433121, 10.19999999999999574, 0.1349999999999999534 ) ) ;
#821 = CARTESIAN_POINT ( 'NONE',  ( 7.635000000000004228, -10.36499999999999488, 0.3175000000000000044 ) ) ;
#822 = EDGE_CURVE ( 'NONE', #3989, #373, #3195, .T. ) ;
#823 = ORIENTED_EDGE ( 'NONE', *, *, #2137, .T. ) ;
#824 = CARTESIAN_POINT ( 'NONE',  ( 0.000000000000000000, 7.470000000000000639, 0.000000000000000000 ) ) ;
#825 = EDGE_LOOP ( 'NONE', ( #1831, #2003, #3711, #301 ) ) ;
#826 = EDGE_CURVE ( 'NONE', #729, #1380, #1286, .T. ) ;
#827 = VECTOR ( 'NONE', #2551, 100.0000000000000142 ) ;
#828 = DIRECTION ( 'NONE',  ( 0.000000000000000000, 0.000000000000000000, -1.000000000000000000 ) ) ;
#829 = DIRECTION ( 'NONE',  ( -1.000000000000000000, -1.817653936845377429E-16, 0.000000000000000000 ) ) ;
#830 = DIRECTION ( 'NONE',  ( 0.000000000000000000, 0.000000000000000000, -1.000000000000000000 ) ) ;
#831 = VECTOR ( 'NONE', #3174, 100.0000000000000000 ) ;
#832 = CARTESIAN_POINT ( 'NONE',  ( 7.500000000000000000, -10.99999999999999645, 0.3175000000000000044 ) ) ;
#833 = EDGE_CURVE ( 'NONE', #3729, #1312, #3891, .T. ) ;
#834 = CARTESIAN_POINT ( 'NONE',  ( -8.999999999999998224, -9.000000000000001776, 0.6350000000000000089 ) ) ;
#835 = VECTOR ( 'NONE', #2117, 100.0000000000000000 ) ;
#836 = CARTESIAN_POINT ( 'NONE',  ( -10.19999999999999751, 9.767957166897559773, 0.6350000000000000089 ) ) ;
#837 = ORIENTED_EDGE ( 'NONE', *, *, #1254, .T. ) ;
#838 = DIRECTION ( 'NONE',  ( -0.4999999999999979461, 0.8660254037844398178, -0.000000000000000000 ) ) ;
#839 = VECTOR ( 'NONE', #681, 100.0000000000000000 ) ;
#840 = LINE ( 'NONE', #205, #921 ) ;
#841 = CARTESIAN_POINT ( 'NONE',  ( -10.99999999999999467, 9.409999999999996589, 0.6350000000000000089 ) ) ;
#842 = CARTESIAN_POINT ( 'NONE',  ( 9.000000000000000000, 9.000000000000001776, 0.6350000000000000089 ) ) ;
#843 = VECTOR ( 'NONE', #3416, 100.0000000000000142 ) ;
#844 = VECTOR ( 'NONE', #217, 100.0000000000000000 ) ;
#845 = EDGE_LOOP ( 'NONE', ( #1774, #1330, #15, #3270 ) ) ;
#846 = DIRECTION ( 'NONE',  ( 0.000000000000000000, 1.000000000000000000, -0.000000000000000000 ) ) ;
#847 = DIRECTION ( 'NONE',  ( 0.4999999999999980016, -0.8660254037844397068, 0.000000000000000000 ) ) ;
#848 = EDGE_CURVE ( 'NONE', #3656, #4019, #2591, .T. ) ;
#849 = AXIS2_PLACEMENT_3D ( 'NONE', #1024, #719, #1980 ) ;
#850 = DIRECTION ( 'NONE',  ( 0.000000000000000000, 0.000000000000000000, -1.000000000000000000 ) ) ;
#851 = CARTESIAN_POINT ( 'NONE',  ( 25.63499999999999801, -10.36499999999999311, 0.3175000000000000044 ) ) ;
#852 = VECTOR ( 'NONE', #2279, 100.0000000000000000 ) ;
#853 = EDGE_CURVE ( 'NONE', #3637, #1385, #2325, .T. ) ;
#854 = DIRECTION ( 'NONE',  ( 0.000000000000000000, 1.000000000000000000, 0.000000000000000000 ) ) ;
#855 = DIRECTION ( 'NONE',  ( 0.000000000000000000, 0.000000000000000000, -1.000000000000000000 ) ) ;
#856 = VECTOR ( 'NONE', #2224, 100.0000000000000000 ) ;
#857 = CARTESIAN_POINT ( 'NONE',  ( 7.370000000000000107, 7.470000000000000639, 0.4000000000000000222 ) ) ;
#858 = ORIENTED_EDGE ( 'NONE', *, *, #2049, .T. ) ;
#859 = EDGE_LOOP ( 'NONE', ( #80, #2770 ) ) ;
#860 = ADVANCED_FACE ( 'NONE', ( #3579 ), #674, .F. ) ;
#861 = LINE ( 'NONE', #2121, #3427 ) ;
#862 = CARTESIAN_POINT ( 'NONE',  ( -10.36499999999999666, -7.635000000000001563, 0.3175000000000000044 ) ) ;
#863 = VERTEX_POINT ( 'NONE', #1622 ) ;
#864 = ORIENTED_EDGE ( 'NONE', *, *, #3757, .F. ) ;
#865 = ORIENTED_EDGE ( 'NONE', *, *, #730, .T. ) ;
#866 = FACE_OUTER_BOUND ( 'NONE', #1983, .T. ) ;
#867 = DIRECTION ( 'NONE',  ( -1.000000000000000000, 0.000000000000000000, -0.000000000000000000 ) ) ;
#868 = EDGE_LOOP ( 'NONE', ( #1740, #3244, #1102, #2068, #1874, #3099 ) ) ;
#869 = LINE ( 'NONE', #314, #3726 ) ;
#870 = DIRECTION ( 'NONE',  ( -1.000000000000000000, -2.726480905268065897E-16, 0.000000000000000000 ) ) ;
#871 = CARTESIAN_POINT ( 'NONE',  ( 10.36499999999999488, 7.635000000000004228, 0.6350000000000000089 ) ) ;
#872 = CARTESIAN_POINT ( 'NONE',  ( 9.767957166897559773, 10.19999999999999929, 0.6350000000000000089 ) ) ;
#873 = ORIENTED_EDGE ( 'NONE', *, *, #2943, .T. ) ;
#874 = ADVANCED_FACE ( 'NONE', ( #2266 ), #1970, .F. ) ;
#875 = CARTESIAN_POINT ( 'NONE',  ( 10.36499999999999844, -10.99999999999999645, 0.3175000000000000044 ) ) ;
#876 =( NAMED_UNIT ( * ) PLANE_ANGLE_UNIT ( ) SI_UNIT ( $, .RADIAN. ) );
#877 = ORIENTED_EDGE ( 'NONE', *, *, #2657, .F. ) ;
#878 = EDGE_CURVE ( 'NONE', #513, #2458, #2010, .T. ) ;
#879 = DIRECTION ( 'NONE',  ( -1.000000000000000000, -1.817653936845376689E-16, 0.000000000000000000 ) ) ;
#880 = CARTESIAN_POINT ( 'NONE',  ( 10.69500000000000206, -9.894862706971711216E-16, 0.000000000000000000 ) ) ;
#881 = VERTEX_POINT ( 'NONE', #2248 ) ;
#882 = EDGE_CURVE ( 'NONE', #2189, #2534, #53, .T. ) ;
#883 = VERTEX_POINT ( 'NONE', #692 ) ;
#884 = ORIENTED_EDGE ( 'NONE', *, *, #1484, .T. ) ;
#885 = DIRECTION ( 'NONE',  ( -0.7071067811865475727, 0.7071067811865475727, 0.000000000000000000 ) ) ;
#886 = ORIENTED_EDGE ( 'NONE', *, *, #2043, .T. ) ;
#887 = LINE ( 'NONE', #606, #176 ) ;
#888 = CARTESIAN_POINT ( 'NONE',  ( 10.81999999999999851, -8.589999999999992752, 0.6350000000000000089 ) ) ;
#889 = DIRECTION ( 'NONE',  ( -0.4999999999999980571, -0.8660254037844398178, 0.000000000000000000 ) ) ;
#890 = DIRECTION ( 'NONE',  ( 1.000000000000000000, 0.000000000000000000, 0.000000000000000000 ) ) ;
#891 = VECTOR ( 'NONE', #2446, 100.0000000000000000 ) ;
#892 = VERTEX_POINT ( 'NONE', #1647 ) ;
#893 = VECTOR ( 'NONE', #1845, 100.0000000000000000 ) ;
#894 = CARTESIAN_POINT ( 'NONE',  ( 10.99999999999999645, -9.409999999999994813, 0.6350000000000000089 ) ) ;
#895 = EDGE_CURVE ( 'NONE', #2451, #1253, #40, .T. ) ;
#896 = EDGE_CURVE ( 'NONE', #3668, #1427, #1663, .T. ) ;
#897 = AXIS2_PLACEMENT_3D ( 'NONE', #1391, #486, #1126 ) ;
#898 = LINE ( 'NONE', #2255, #1785 ) ;
#899 = VECTOR ( 'NONE', #145, 100.0000000000000000 ) ;
#900 = LINE ( 'NONE', #880, #1959 ) ;
#901 = EDGE_CURVE ( 'NONE', #2941, #1298, #1041, .T. ) ;
#902 = ORIENTED_EDGE ( 'NONE', *, *, #1473, .F. ) ;
#903 = EDGE_CURVE ( 'NONE', #3923, #3654, #2697, .T. ) ;
#904 = ORIENTED_EDGE ( 'NONE', *, *, #3190, .F. ) ;
#905 = FACE_OUTER_BOUND ( 'NONE', #2459, .T. ) ;
#906 = VECTOR ( 'NONE', #988, 100.0000000000000142 ) ;
#907 = ORIENTED_EDGE ( 'NONE', *, *, #1769, .F. ) ;
#908 = ORIENTED_EDGE ( 'NONE', *, *, #2822, .F. ) ;
#909 = VECTOR ( 'NONE', #3500, 100.0000000000000000 ) ;
#910 = ADVANCED_FACE ( 'NONE', ( #2070 ), #2403, .T. ) ;
#911 = LINE ( 'NONE', #287, #893 ) ;
#912 = PLANE ( 'NONE',  #3604 ) ;
#913 = CARTESIAN_POINT ( 'NONE',  ( -10.81999999999999140, -9.410000000000000142, 0.1349999999999999534 ) ) ;
#914 = DIRECTION ( 'NONE',  ( -0.000000000000000000, 0.000000000000000000, 1.000000000000000000 ) ) ;
#915 = UNCERTAINTY_MEASURE_WITH_UNIT (LENGTH_MEASURE( 1.000000000000000082E-05 ), #1703, 'distance_accuracy_value', 'NONE');
#916 = VECTOR ( 'NONE', #290, 100.0000000000000000 ) ;
#917 = ORIENTED_EDGE ( 'NONE', *, *, #21, .T. ) ;
#918 =( GEOMETRIC_REPRESENTATION_CONTEXT ( 3 ) GLOBAL_UNCERTAINTY_ASSIGNED_CONTEXT ( ( #915 ) ) GLOBAL_UNIT_ASSIGNED_CONTEXT ( ( #1703, #3004, #1411 ) ) REPRESENTATION_CONTEXT ( 'NONE', 'WORKASPACE' ) );
#919 = DIRECTION ( 'NONE',  ( -0.000000000000000000, -0.000000000000000000, 1.000000000000000000 ) ) ;
#920 = CARTESIAN_POINT ( 'NONE',  ( -10.36500000000000199, 10.36499999999999133, 0.3175000000000000044 ) ) ;
#921 = VECTOR ( 'NONE', #2726, 100.0000000000000000 ) ;
#922 = DIRECTION ( 'NONE',  ( -0.000000000000000000, 0.000000000000000000, 1.000000000000000000 ) ) ;
#923 = LINE ( 'NONE', #366, #2247 ) ;
#924 = EDGE_LOOP ( 'NONE', ( #1988, #148, #3852, #1696, #309, #311 ) ) ;
#925 = DIRECTION ( 'NONE',  ( 0.000000000000000000, -1.000000000000000000, 0.000000000000000000 ) ) ;
#926 = ORIENTED_EDGE ( 'NONE', *, *, #2670, .F. ) ;
#927 = EDGE_CURVE ( 'NONE', #3767, #3126, #1097, .T. ) ;
#928 = CARTESIAN_POINT ( 'NONE',  ( 8.589999999999999858, -10.81999999999999140, 0.1349999999999999534 ) ) ;
#929 = VERTEX_POINT ( 'NONE', #3930 ) ;
#930 = VERTEX_POINT ( 'NONE', #528 ) ;
#931 = FACE_OUTER_BOUND ( 'NONE', #2006, .T. ) ;
#932 = LINE ( 'NONE', #381, #3800 ) ;
#933 = CARTESIAN_POINT ( 'NONE',  ( -7.499999999999998224, 10.99999999999999645, 0.3175000000000000044 ) ) ;
#934 = CARTESIAN_POINT ( 'NONE',  ( 10.99999999999999645, -7.634999999999996234, 0.3175000000000000044 ) ) ;
#935 = EDGE_CURVE ( 'NONE', #330, #1230, #3680, .T. ) ;
#936 = ORIENTED_EDGE ( 'NONE', *, *, #2800, .F. ) ;
#937 = DIRECTION ( 'NONE',  ( 0.000000000000000000, 0.000000000000000000, 1.000000000000000000 ) ) ;
#938 = CARTESIAN_POINT ( 'NONE',  ( 7.634999999999997122, 10.36499999999999666, 0.6350000000000000089 ) ) ;
#939 = EDGE_CURVE ( 'NONE', #2165, #3081, #172, .T. ) ;
#940 = CYLINDRICAL_SURFACE ( 'NONE', #3890, 2.500000000000000888 ) ;
#941 = CARTESIAN_POINT ( 'NONE',  ( -10.81999999999999496, 9.409999999999996589, 0.6350000000000000089 ) ) ;
#942 = ORIENTED_EDGE ( 'NONE', *, *, #72, .T. ) ;
#943 = LINE ( 'NONE', #2895, #3092 ) ;
#944 = ORIENTED_EDGE ( 'NONE', *, *, #376, .T. ) ;
#945 = EDGE_LOOP ( 'NONE', ( #3034, #1691, #3797, #2714 ) ) ;
#946 = CARTESIAN_POINT ( 'NONE',  ( 8.999999999999998224, 9.000000000000000000, 0.6350000000000000089 ) ) ;
#947 = EDGE_CURVE ( 'NONE', #1403, #2858, #3910, .T. ) ;
#948 = EDGE_CURVE ( 'NONE', #3989, #2384, #809, .T. ) ;
#949 = ORIENTED_EDGE ( 'NONE', *, *, #822, .F. ) ;
#950 = VERTEX_POINT ( 'NONE', #2735 ) ;
#951 = FACE_OUTER_BOUND ( 'NONE', #124, .T. ) ;
#952 = CARTESIAN_POINT ( 'NONE',  ( -10.19999999999999396, -8.232042833102434898, 0.6350000000000000089 ) ) ;
#953 = CARTESIAN_POINT ( 'NONE',  ( 25.63500000000000156, 10.36499999999999844, 0.3175000000000000044 ) ) ;
#954 = CYLINDRICAL_SURFACE ( 'NONE', #62, 0.3100000000000005529 ) ;
#955 = CARTESIAN_POINT ( 'NONE',  ( -9.767957166897559773, -10.20000000000000107, 0.1349999999999999534 ) ) ;
#956 = VERTEX_POINT ( 'NONE', #1104 ) ;
#957 = DIRECTION ( 'NONE',  ( 0.000000000000000000, 0.000000000000000000, 1.000000000000000000 ) ) ;
#958 = DIRECTION ( 'NONE',  ( 2.726480905268065897E-16, -1.000000000000000000, 0.000000000000000000 ) ) ;
#959 = VERTEX_POINT ( 'NONE', #152 ) ;
#960 = VECTOR ( 'NONE', #254, 100.0000000000000000 ) ;
#961 = CARTESIAN_POINT ( 'NONE',  ( 10.99999999999999822, 10.36499999999999666, 0.6350000000000000089 ) ) ;
#962 = DIRECTION ( 'NONE',  ( 0.000000000000000000, 1.000000000000000000, -0.000000000000000000 ) ) ;
#963 = ORIENTED_EDGE ( 'NONE', *, *, #4005, .T. ) ;
#964 = LINE ( 'NONE', #3200, #2379 ) ;
#965 = PLANE ( 'NONE',  #3876 ) ;
#966 = ORIENTED_EDGE ( 'NONE', *, *, #3578, .F. ) ;
#967 = VECTOR ( 'NONE', #1264, 100.0000000000000000 ) ;
#968 = ORIENTED_EDGE ( 'NONE', *, *, #3266, .F. ) ;
#969 = VECTOR ( 'NONE', #406, 100.0000000000000000 ) ;
#970 = ORIENTED_EDGE ( 'NONE', *, *, #853, .F. ) ;
#971 = DIRECTION ( 'NONE',  ( -0.000000000000000000, 0.000000000000000000, 1.000000000000000000 ) ) ;
#972 = AXIS2_PLACEMENT_3D ( 'NONE', #460, #3268, #804 ) ;
#973 = VERTEX_POINT ( 'NONE', #3356 ) ;
#974 = AXIS2_PLACEMENT_3D ( 'NONE', #177, #1499, #3322 ) ;
#975 = DIRECTION ( 'NONE',  ( -0.4999999999999979461, 0.8660254037844398178, -0.000000000000000000 ) ) ;
#976 = DIRECTION ( 'NONE',  ( -0.000000000000000000, 0.000000000000000000, 1.000000000000000000 ) ) ;
#977 = CARTESIAN_POINT ( 'NONE',  ( 7.499999999999995559, 10.99999999999999467, 0.6350000000000000089 ) ) ;
#978 = ORIENTED_EDGE ( 'NONE', *, *, #882, .T. ) ;
#979 = DIRECTION ( 'NONE',  ( -0.8660254037844397068, 0.4999999999999980016, 0.000000000000000000 ) ) ;
#980 = ADVANCED_FACE ( 'NONE', ( #470 ), #3025, .T. ) ;
#981 = LINE ( 'NONE', #2553, #710 ) ;
#982 = AXIS2_PLACEMENT_3D ( 'NONE', #1396, #1770, #430 ) ;
#983 = DIRECTION ( 'NONE',  ( -1.000000000000000000, 0.000000000000000000, 0.000000000000000000 ) ) ;
#984 = ORIENTED_EDGE ( 'NONE', *, *, #1549, .F. ) ;
#985 = LINE ( 'NONE', #4038, #3038 ) ;
#986 = ORIENTED_EDGE ( 'NONE', *, *, #3472, .T. ) ;
#987 = CARTESIAN_POINT ( 'NONE',  ( -7.635000000000003340, 10.36499999999999666, 0.3175000000000000044 ) ) ;
#988 = DIRECTION ( 'NONE',  ( 0.4999999999999979461, 0.8660254037844398178, 0.000000000000000000 ) ) ;
#989 = VECTOR ( 'NONE', #206, 100.0000000000000000 ) ;
#990 = ORIENTED_EDGE ( 'NONE', *, *, #3829, .F. ) ;
#991 = EDGE_CURVE ( 'NONE', #357, #1423, #3991, .T. ) ;
#992 = VECTOR ( 'NONE', #138, 100.0000000000000142 ) ;
#993 = ORIENTED_EDGE ( 'NONE', *, *, #30, .F. ) ;
#994 = LINE ( 'NONE', #2261, #52 ) ;
#995 = ORIENTED_EDGE ( 'NONE', *, *, #1337, .T. ) ;
#996 = EDGE_CURVE ( 'NONE', #3654, #2128, #3929, .T. ) ;
#997 = EDGE_LOOP ( 'NONE', ( #1844, #1195, #1342, #3014, #2646, #1658, #2018, #2, #2616, #150, #2854, #2031, #3282, #3217, #1392, #1635, #1281, #3787, #2868, #1365, #1191, #1577, #1688, #3350 ) ) ;
#998 = CARTESIAN_POINT ( 'NONE',  ( 7.470000000000000639, 7.370000000000000107, 0.4000000000000000222 ) ) ;
#999 = FACE_OUTER_BOUND ( 'NONE', #1818, .T. ) ;
#1000 = DIRECTION ( 'NONE',  ( 0.8660254037844398178, -0.4999999999999979461, 0.000000000000000000 ) ) ;
#1001 = CARTESIAN_POINT ( 'NONE',  ( -8.589999999999998082, 10.99999999999999112, 0.1349999999999999534 ) ) ;
#1002 = CARTESIAN_POINT ( 'NONE',  ( -7.634999999999996234, -10.36499999999999844, 0.6350000000000000089 ) ) ;
#1003 = EDGE_CURVE ( 'NONE', #1986, #35, #1729, .T. ) ;
#1004 = CARTESIAN_POINT ( 'NONE',  ( 10.69500000000000206, 7.162345244612039252, 0.3175000000000011147 ) ) ;
#1005 = ORIENTED_EDGE ( 'NONE', *, *, #2716, .T. ) ;
#1006 = DIRECTION ( 'NONE',  ( -0.000000000000000000, 0.000000000000000000, 1.000000000000000000 ) ) ;
#1007 = ORIENTED_EDGE ( 'NONE', *, *, #625, .T. ) ;
#1008 = ADVANCED_FACE ( 'NONE', ( #489 ), #1747, .F. ) ;
#1009 = ORIENTED_EDGE ( 'NONE', *, *, #3741, .F. ) ;
#1010 = EDGE_CURVE ( 'NONE', #2263, #956, #1394, .T. ) ;
#1011 = LINE ( 'NONE', #1299, #448 ) ;
#1012 = EDGE_LOOP ( 'NONE', ( #1429, #364, #3373, #2923 ) ) ;
#1013 = PLANE ( 'NONE',  #1124 ) ;
#1014 = ORIENTED_EDGE ( 'NONE', *, *, #1518, .T. ) ;
#1015 = LINE ( 'NONE', #953, #831 ) ;
#1016 = CARTESIAN_POINT ( 'NONE',  ( 10.99999999999999645, -9.409999999999994813, 0.1349999999999999534 ) ) ;
#1017 = PLANE ( 'NONE',  #2911 ) ;
#1018 = CARTESIAN_POINT ( 'NONE',  ( 10.36499999999999844, -7.634999999999996234, 0.3175000000000000044 ) ) ;
#1019 = LINE ( 'NONE', #1907, #2958 ) ;
#1020 = LINE ( 'NONE', #1588, #3880 ) ;
#1021 = LINE ( 'NONE', #2015, #2643 ) ;
#1022 = ORIENTED_EDGE ( 'NONE', *, *, #1678, .T. ) ;
#1023 = ADVANCED_FACE ( 'NONE', ( #3972 ), #1143, .F. ) ;
#1024 = CARTESIAN_POINT ( 'NONE',  ( 0.000000000000000000, 0.000000000000000000, 0.3175000000000000044 ) ) ;
#1025 = ORIENTED_EDGE ( 'NONE', *, *, #3111, .F. ) ;
#1026 = VERTEX_POINT ( 'NONE', #3953 ) ;
#1027 = VECTOR ( 'NONE', #1398, 100.0000000000000000 ) ;
#1028 = CARTESIAN_POINT ( 'NONE',  ( -9.409999999999994813, -10.81999999999999851, 0.1349999999999999534 ) ) ;
#1029 = EDGE_CURVE ( 'NONE', #319, #2874, #2342, .T. ) ;
#1030 = AXIS2_PLACEMENT_3D ( 'NONE', #2654, #135, #3599 ) ;
#1031 = VERTEX_POINT ( 'NONE', #2053 ) ;
#1032 = DIRECTION ( 'NONE',  ( 0.000000000000000000, -1.000000000000000000, 0.000000000000000000 ) ) ;
#1033 = VERTEX_POINT ( 'NONE', #3005 ) ;
#1034 = VECTOR ( 'NONE', #3915, 100.0000000000000000 ) ;
#1035 = ADVANCED_FACE ( 'NONE', ( #1129 ), #1553, .T. ) ;
#1036 = DIRECTION ( 'NONE',  ( 0.000000000000000000, -1.000000000000000000, 0.000000000000000000 ) ) ;
#1037 = CARTESIAN_POINT ( 'NONE',  ( -7.635000000000003340, 10.99999999999999645, 0.3175000000000000044 ) ) ;
#1038 = VECTOR ( 'NONE', #362, 100.0000000000000142 ) ;
#1039 = EDGE_CURVE ( 'NONE', #959, #956, #273, .T. ) ;
#1040 = CIRCLE ( 'NONE', #3812, 0.3100000000000005529 ) ;
#1041 = LINE ( 'NONE', #2305, #298 ) ;
#1042 = LINE ( 'NONE', #1604, #383 ) ;
#1043 = CARTESIAN_POINT ( 'NONE',  ( -10.99999999999999645, -8.589999999999999858, 0.1349999999999999534 ) ) ;
#1044 = ORIENTED_EDGE ( 'NONE', *, *, #488, .T. ) ;
#1045 = VECTOR ( 'NONE', #2508, 100.0000000000000000 ) ;
#1046 = LINE ( 'NONE', #1377, #238 ) ;
#1047 = VERTEX_POINT ( 'NONE', #2192 ) ;
#1048 = DIRECTION ( 'NONE',  ( -1.000000000000000000, 0.000000000000000000, 0.000000000000000000 ) ) ;
#1049 = ORIENTED_EDGE ( 'NONE', *, *, #2111, .F. ) ;
#1050 = ORIENTED_EDGE ( 'NONE', *, *, #3512, .T. ) ;
#1051 = DIRECTION ( 'NONE',  ( 0.4999999999999980016, -0.8660254037844397068, 0.000000000000000000 ) ) ;
#1052 = AXIS2_PLACEMENT_3D ( 'NONE', #1028, #122, #1051 ) ;
#1053 = ORIENTED_EDGE ( 'NONE', *, *, #2760, .T. ) ;
#1054 = DIRECTION ( 'NONE',  ( 0.000000000000000000, 0.000000000000000000, -1.000000000000000000 ) ) ;
#1055 = ORIENTED_EDGE ( 'NONE', *, *, #947, .F. ) ;
#1056 = AXIS2_PLACEMENT_3D ( 'NONE', #2558, #1855, #735 ) ;
#1057 = EDGE_CURVE ( 'NONE', #747, #3637, #2835, .T. ) ;
#1058 = EDGE_LOOP ( 'NONE', ( #1095, #2979, #1148, #3621 ) ) ;
#1059 = LINE ( 'NONE', #1701, #179 ) ;
#1060 = ORIENTED_EDGE ( 'NONE', *, *, #2065, .F. ) ;
#1061 = LINE ( 'NONE', #3272, #2244 ) ;
#1062 = ADVANCED_FACE ( 'NONE', ( #931 ), #1863, .T. ) ;
#1063 = CARTESIAN_POINT ( 'NONE',  ( 10.99999999999999645, -8.589999999999992752, 0.6350000000000000089 ) ) ;
#1064 = DIRECTION ( 'NONE',  ( -1.817653936845377429E-16, 1.000000000000000000, 0.000000000000000000 ) ) ;
#1065 = CARTESIAN_POINT ( 'NONE',  ( -10.19999999999999396, -8.232042833102434898, 0.1349999999999999534 ) ) ;
#1066 = DIRECTION ( 'NONE',  ( 0.000000000000000000, 1.000000000000000000, 0.000000000000000000 ) ) ;
#1067 = EDGE_CURVE ( 'NONE', #3209, #3782, #4014, .T. ) ;
#1068 = DIRECTION ( 'NONE',  ( -0.000000000000000000, -0.000000000000000000, 1.000000000000000000 ) ) ;
#1069 = DIRECTION ( 'NONE',  ( 0.000000000000000000, 1.000000000000000000, 0.000000000000000000 ) ) ;
#1070 = EDGE_LOOP ( 'NONE', ( #589, #478 ) ) ;
#1071 = DIRECTION ( 'NONE',  ( 1.000000000000000000, 0.000000000000000000, 0.000000000000000000 ) ) ;
#1072 = ORIENTED_EDGE ( 'NONE', *, *, #3323, .F. ) ;
#1073 = CARTESIAN_POINT ( 'NONE',  ( 8.589999999999994529, 10.81999999999999673, 0.1349999999999999534 ) ) ;
#1074 = ORIENTED_EDGE ( 'NONE', *, *, #1637, .F. ) ;
#1075 = DIRECTION ( 'NONE',  ( -0.4999999999999979461, -0.8660254037844398178, 0.000000000000000000 ) ) ;
#1076 = ORIENTED_EDGE ( 'NONE', *, *, #350, .T. ) ;
#1077 = DIRECTION ( 'NONE',  ( 0.000000000000000000, 0.000000000000000000, -1.000000000000000000 ) ) ;
#1078 = ORIENTED_EDGE ( 'NONE', *, *, #1816, .F. ) ;
#1079 = EDGE_LOOP ( 'NONE', ( #2650, #567, #3632, #2181 ) ) ;
#1080 = DIRECTION ( 'NONE',  ( 0.000000000000000000, -1.000000000000000000, 0.000000000000000000 ) ) ;
#1081 = ADVANCED_FACE ( 'NONE', ( #3150 ), #3783, .F. ) ;
#1082 = EDGE_CURVE ( 'NONE', #1837, #2141, #3719, .T. ) ;
#1083 = VERTEX_POINT ( 'NONE', #584 ) ;
#1084 = CARTESIAN_POINT ( 'NONE',  ( 10.99999999999999645, 7.499999999999998224, 0.6350000000000000089 ) ) ;
#1085 = DIRECTION ( 'NONE',  ( 0.000000000000000000, 1.000000000000000000, 0.000000000000000000 ) ) ;
#1086 = FACE_OUTER_BOUND ( 'NONE', #2171, .T. ) ;
#1087 = EDGE_CURVE ( 'NONE', #739, #782, #1180, .T. ) ;
#1088 = DIRECTION ( 'NONE',  ( 0.000000000000000000, 1.000000000000000000, 0.000000000000000000 ) ) ;
#1089 = CARTESIAN_POINT ( 'NONE',  ( 0.000000000000000000, 0.000000000000000000, 0.1349999999999999534 ) ) ;
#1090 = DIRECTION ( 'NONE',  ( -0.000000000000000000, 0.000000000000000000, 1.000000000000000000 ) ) ;
#1091 = LINE ( 'NONE', #3939, #4002 ) ;
#1092 = CARTESIAN_POINT ( 'NONE',  ( 10.99999999999999645, -10.49999999999999467, 0.6350000000000000089 ) ) ;
#1093 = ORIENTED_EDGE ( 'NONE', *, *, #2598, .T. ) ;
#1094 = PLANE ( 'NONE',  #469 ) ;
#1095 = ORIENTED_EDGE ( 'NONE', *, *, #1151, .T. ) ;
#1096 = DIRECTION ( 'NONE',  ( -1.000000000000000000, 0.000000000000000000, -0.000000000000000000 ) ) ;
#1097 = CIRCLE ( 'NONE', #2414, 0.3100000000000005529 ) ;
#1098 = ORIENTED_EDGE ( 'NONE', *, *, #3733, .T. ) ;
#1099 = VECTOR ( 'NONE', #3502, 100.0000000000000000 ) ;
#1100 = ORIENTED_EDGE ( 'NONE', *, *, #1678, .F. ) ;
#1101 = LINE ( 'NONE', #1428, #2890 ) ;
#1102 = ORIENTED_EDGE ( 'NONE', *, *, #3409, .T. ) ;
#1103 = AXIS2_PLACEMENT_3D ( 'NONE', #234, #4015, #1181 ) ;
#1104 = CARTESIAN_POINT ( 'NONE',  ( 7.634999999999997122, 10.36499999999999666, 0.6350000000000000089 ) ) ;
#1105 = AXIS2_PLACEMENT_3D ( 'NONE', #1147, #3324, #3896 ) ;
#1106 = LINE ( 'NONE', #490, #1222 ) ;
#1107 = DIRECTION ( 'NONE',  ( 0.000000000000000000, 1.000000000000000000, 0.000000000000000000 ) ) ;
#1108 = DIRECTION ( 'NONE',  ( 0.000000000000000000, 1.000000000000000000, 0.000000000000000000 ) ) ;
#1109 = DIRECTION ( 'NONE',  ( 0.000000000000000000, -1.000000000000000000, 0.000000000000000000 ) ) ;
#1110 = VECTOR ( 'NONE', #2876, 100.0000000000000000 ) ;
#1111 = EDGE_CURVE ( 'NONE', #3855, #1614, #869, .T. ) ;
#1112 = FACE_OUTER_BOUND ( 'NONE', #1012, .T. ) ;
#1113 = ORIENTED_EDGE ( 'NONE', *, *, #1410, .T. ) ;
#1114 = VECTOR ( 'NONE', #2036, 100.0000000000000000 ) ;
#1115 = DIRECTION ( 'NONE',  ( -0.8660254037844397068, -0.4999999999999980016, 0.000000000000000000 ) ) ;
#1116 = ORIENTED_EDGE ( 'NONE', *, *, #2301, .T. ) ;
#1117 = VECTOR ( 'NONE', #2135, 100.0000000000000000 ) ;
#1118 = CARTESIAN_POINT ( 'NONE',  ( 10.99999999999999645, -10.36499999999999488, 0.3175000000000000044 ) ) ;
#1119 = ORIENTED_EDGE ( 'NONE', *, *, #1488, .F. ) ;
#1120 = FACE_OUTER_BOUND ( 'NONE', #3139, .T. ) ;
#1121 = AXIS2_PLACEMENT_3D ( 'NONE', #3626, #3974, #1749 ) ;
#1122 = EDGE_CURVE ( 'NONE', #3447, #129, #1262, .T. ) ;
#1123 = VERTEX_POINT ( 'NONE', #4048 ) ;
#1124 = AXIS2_PLACEMENT_3D ( 'NONE', #3208, #3470, #644 ) ;
#1125 = ORIENTED_EDGE ( 'NONE', *, *, #2112, .T. ) ;
#1126 = DIRECTION ( 'NONE',  ( 0.000000000000000000, -1.000000000000000000, 0.000000000000000000 ) ) ;
#1127 = EDGE_CURVE ( 'NONE', #2485, #58, #3279, .T. ) ;
#1128 = AXIS2_PLACEMENT_3D ( 'NONE', #2329, #2918, #1952 ) ;
#1129 = FACE_OUTER_BOUND ( 'NONE', #3865, .T. ) ;
#1130 = LINE ( 'NONE', #794, #701 ) ;
#1131 = CARTESIAN_POINT ( 'NONE',  ( 7.470000000000000639, -7.370000000000000107, 0.4000000000000000222 ) ) ;
#1132 = DIRECTION ( 'NONE',  ( 1.000000000000000000, 9.251858538542974046E-17, 0.000000000000000000 ) ) ;
#1133 = PLANE ( 'NONE',  #2222 ) ;
#1134 = LINE ( 'NONE', #3979, #128 ) ;
#1135 = EDGE_CURVE ( 'NONE', #1837, #2513, #911, .T. ) ;
#1136 = ORIENTED_EDGE ( 'NONE', *, *, #2896, .F. ) ;
#1137 = LINE ( 'NONE', #518, #3756 ) ;
#1138 = CARTESIAN_POINT ( 'NONE',  ( -9.409999999999994813, -10.99999999999999645, 0.6350000000000000089 ) ) ;
#1139 = ADVANCED_FACE ( 'NONE', ( #3112 ), #2110, .F. ) ;
#1140 = ADVANCED_FACE ( 'NONE', ( #1495 ), #562, .F. ) ;
#1141 = ORIENTED_EDGE ( 'NONE', *, *, #1571, .F. ) ;
#1142 = DIRECTION ( 'NONE',  ( 1.000000000000000000, 0.000000000000000000, 0.000000000000000000 ) ) ;
#1143 = PLANE ( 'NONE',  #3532 ) ;
#1144 = DIRECTION ( 'NONE',  ( -0.000000000000000000, 0.000000000000000000, 1.000000000000000000 ) ) ;
#1145 = CARTESIAN_POINT ( 'NONE',  ( -10.36500000000000199, 25.63499999999999801, 0.6350000000000000089 ) ) ;
#1146 = PLANE ( 'NONE',  #2821 ) ;
#1147 = CARTESIAN_POINT ( 'NONE',  ( 10.36499999999999844, -7.634999999999996234, 0.3175000000000000044 ) ) ;
#1148 = ORIENTED_EDGE ( 'NONE', *, *, #1364, .F. ) ;
#1149 = PLANE ( 'NONE',  #3555 ) ;
#1150 = EDGE_LOOP ( 'NONE', ( #664, #1174, #1612, #3249 ) ) ;
#1151 = EDGE_CURVE ( 'NONE', #656, #2683, #4071, .T. ) ;
#1152 = CARTESIAN_POINT ( 'NONE',  ( 9.894862706971709244E-16, 10.69499999999999673, 0.000000000000000000 ) ) ;
#1153 = LINE ( 'NONE', #841, #2172 ) ;
#1154 = DIRECTION ( 'NONE',  ( 0.000000000000000000, 0.000000000000000000, 1.000000000000000000 ) ) ;
#1155 = EDGE_CURVE ( 'NONE', #2026, #683, #887, .T. ) ;
#1156 = LINE ( 'NONE', #3061, #2155 ) ;
#1157 = ORIENTED_EDGE ( 'NONE', *, *, #3384, .F. ) ;
#1158 = EDGE_CURVE ( 'NONE', #1858, #144, #233, .T. ) ;
#1159 = AXIS2_PLACEMENT_3D ( 'NONE', #1705, #3623, #2969 ) ;
#1160 = CARTESIAN_POINT ( 'NONE',  ( 10.99999999999999645, -10.36499999999999488, 0.6350000000000000089 ) ) ;
#1161 = CARTESIAN_POINT ( 'NONE',  ( -10.36499999999999666, 7.634999999999997122, 0.3175000000000000044 ) ) ;
#1162 = CARTESIAN_POINT ( 'NONE',  ( -25.63500000000000156, 10.36499999999999311, 0.3175000000000000044 ) ) ;
#1163 = VECTOR ( 'NONE', #2588, 100.0000000000000000 ) ;
#1164 = LINE ( 'NONE', #3683, #1114 ) ;
#1165 = VECTOR ( 'NONE', #3371, 100.0000000000000000 ) ;
#1166 = CARTESIAN_POINT ( 'NONE',  ( 8.030000000000004690, -8.030000000000002913, 0.000000000000000000 ) ) ;
#1167 = DIRECTION ( 'NONE',  ( 1.000000000000000000, 0.000000000000000000, 0.000000000000000000 ) ) ;
#1168 = VECTOR ( 'NONE', #3250, 100.0000000000000000 ) ;
#1169 = VECTOR ( 'NONE', #1796, 100.0000000000000000 ) ;
#1170 = DIRECTION ( 'NONE',  ( -0.000000000000000000, 0.000000000000000000, 1.000000000000000000 ) ) ;
#1171 = LINE ( 'NONE', #556, #452 ) ;
#1172 = VECTOR ( 'NONE', #3832, 100.0000000000000000 ) ;
#1173 = VECTOR ( 'NONE', #2214, 100.0000000000000000 ) ;
#1174 = ORIENTED_EDGE ( 'NONE', *, *, #2896, .T. ) ;
#1175 = CARTESIAN_POINT ( 'NONE',  ( -10.81999999999999140, -8.589999999999999858, 0.1349999999999999534 ) ) ;
#1176 = DIRECTION ( 'NONE',  ( -0.000000000000000000, 0.000000000000000000, 1.000000000000000000 ) ) ;
#1177 = EDGE_CURVE ( 'NONE', #2165, #2262, #2148, .T. ) ;
#1178 = VECTOR ( 'NONE', #1943, 100.0000000000000000 ) ;
#1179 = AXIS2_PLACEMENT_3D ( 'NONE', #141, #2706, #1071 ) ;
#1180 = LINE ( 'NONE', #3128, #1425 ) ;
#1181 = DIRECTION ( 'NONE',  ( -0.000000000000000000, 1.000000000000000000, 0.000000000000000000 ) ) ;
#1182 = VECTOR ( 'NONE', #101, 100.0000000000000000 ) ;
#1183 = CARTESIAN_POINT ( 'NONE',  ( -8.589999999999998082, 10.81999999999999140, 0.6350000000000000089 ) ) ;
#1184 = CARTESIAN_POINT ( 'NONE',  ( -10.99999999999999467, 8.589999999999994529, 0.1349999999999999534 ) ) ;
#1185 = EDGE_CURVE ( 'NONE', #3102, #190, #3954, .T. ) ;
#1186 = ORIENTED_EDGE ( 'NONE', *, *, #605, .F. ) ;
#1187 = VECTOR ( 'NONE', #3750, 100.0000000000000000 ) ;
#1188 = FACE_OUTER_BOUND ( 'NONE', #1916, .T. ) ;
#1189 = ADVANCED_FACE ( 'NONE', ( #1768 ), #112, .F. ) ;
#1190 = LINE ( 'NONE', #3770, #583 ) ;
#1191 = ORIENTED_EDGE ( 'NONE', *, *, #1645, .F. ) ;
#1192 = CARTESIAN_POINT ( 'NONE',  ( -8.589999999999992752, -10.99999999999999645, 0.1349999999999999534 ) ) ;
#1193 = DIRECTION ( 'NONE',  ( 0.000000000000000000, -0.000000000000000000, -1.000000000000000000 ) ) ;
#1194 = ORIENTED_EDGE ( 'NONE', *, *, #2837, .F. ) ;
#1195 = ORIENTED_EDGE ( 'NONE', *, *, #2166, .F. ) ;
#1196 = ORIENTED_EDGE ( 'NONE', *, *, #2161, .T. ) ;
#1197 = CARTESIAN_POINT ( 'NONE',  ( -8.999999999999998224, -9.310000000000002274, 0.000000000000000000 ) ) ;
#1198 = DIRECTION ( 'NONE',  ( 0.000000000000000000, 1.000000000000000000, 0.000000000000000000 ) ) ;
#1199 = EDGE_CURVE ( 'NONE', #1033, #3447, #3932, .T. ) ;
#1200 = DIRECTION ( 'NONE',  ( 0.8660254037844398178, 0.4999999999999980571, 0.000000000000000000 ) ) ;
#1201 = CARTESIAN_POINT ( 'NONE',  ( 10.36499999999999844, -25.63500000000000156, 0.6350000000000000089 ) ) ;
#1202 = CARTESIAN_POINT ( 'NONE',  ( 7.500000000000000000, -10.99999999999999645, 0.3175000000000000044 ) ) ;
#1203 = ORIENTED_EDGE ( 'NONE', *, *, #564, .F. ) ;
#1204 = EDGE_CURVE ( 'NONE', #727, #3899, #1130, .T. ) ;
#1205 = CARTESIAN_POINT ( 'NONE',  ( -7.635000000000003340, 10.36499999999999666, 0.3175000000000000044 ) ) ;
#1206 =( NAMED_UNIT ( * ) SI_UNIT ( $, .STERADIAN. ) SOLID_ANGLE_UNIT ( ) );
#1207 = EDGE_CURVE ( 'NONE', #1380, #747, #471, .T. ) ;
#1208 = CARTESIAN_POINT ( 'NONE',  ( -10.19999999999999751, 8.232042833102431345, 0.1349999999999999534 ) ) ;
#1209 = DIRECTION ( 'NONE',  ( 0.000000000000000000, 0.000000000000000000, 1.000000000000000000 ) ) ;
#1210 = FACE_OUTER_BOUND ( 'NONE', #2734, .T. ) ;
#1211 = ORIENTED_EDGE ( 'NONE', *, *, #44, .T. ) ;
#1212 = ORIENTED_EDGE ( 'NONE', *, *, #1029, .T. ) ;
#1213 = CARTESIAN_POINT ( 'NONE',  ( -10.36499999999999666, -7.635000000000001563, 0.3175000000000000044 ) ) ;
#1214 = ORIENTED_EDGE ( 'NONE', *, *, #3834, .T. ) ;
#1215 = ORIENTED_EDGE ( 'NONE', *, *, #1816, .T. ) ;
#1216 = DIRECTION ( 'NONE',  ( -2.726480905268065897E-16, 1.000000000000000000, 0.000000000000000000 ) ) ;
#1217 = DIRECTION ( 'NONE',  ( -1.000000000000000000, -1.817653936845377429E-16, 0.000000000000000000 ) ) ;
#1218 = CARTESIAN_POINT ( 'NONE',  ( -10.99999999999999645, -7.500000000000000000, 0.6350000000000000089 ) ) ;
#1219 = LINE ( 'NONE', #955, #3676 ) ;
#1220 = VECTOR ( 'NONE', #91, 100.0000000000000000 ) ;
#1221 = EDGE_LOOP ( 'NONE', ( #3597, #3297, #1050, #1237 ) ) ;
#1222 = VECTOR ( 'NONE', #3659, 100.0000000000000000 ) ;
#1223 = CARTESIAN_POINT ( 'NONE',  ( -10.81999999999999496, 8.589999999999994529, 0.1349999999999999534 ) ) ;
#1224 = FACE_OUTER_BOUND ( 'NONE', #3875, .T. ) ;
#1225 = EDGE_CURVE ( 'NONE', #3183, #1534, #1106, .T. ) ;
#1226 = AXIS2_PLACEMENT_3D ( 'NONE', #2995, #2094, #511 ) ;
#1227 = DIRECTION ( 'NONE',  ( 1.000000000000000000, -9.251858538542975279E-17, 0.000000000000000000 ) ) ;
#1228 = VECTOR ( 'NONE', #1406, 100.0000000000000000 ) ;
#1229 = PLANE ( 'NONE',  #1767 ) ;
#1230 = VERTEX_POINT ( 'NONE', #2991 ) ;
#1231 = AXIS2_PLACEMENT_3D ( 'NONE', #774, #855, #2092 ) ;
#1232 = ORIENTED_EDGE ( 'NONE', *, *, #3986, .F. ) ;
#1233 = EDGE_CURVE ( 'NONE', #1047, #2339, #3027, .T. ) ;
#1234 = CARTESIAN_POINT ( 'NONE',  ( 0.000000000000000000, 0.000000000000000000, 0.3175000000000000044 ) ) ;
#1235 = VECTOR ( 'NONE', #867, 100.0000000000000000 ) ;
#1236 = ORIENTED_EDGE ( 'NONE', *, *, #848, .F. ) ;
#1237 = ORIENTED_EDGE ( 'NONE', *, *, #1565, .T. ) ;
#1238 = VECTOR ( 'NONE', #472, 100.0000000000000000 ) ;
#1239 = ORIENTED_EDGE ( 'NONE', *, *, #2986, .F. ) ;
#1240 = DIRECTION ( 'NONE',  ( -1.000000000000000000, -1.817653936845377429E-16, 0.000000000000000000 ) ) ;
#1241 = LINE ( 'NONE', #2796, #2357 ) ;
#1242 = EDGE_CURVE ( 'NONE', #2478, #929, #3973, .T. ) ;
#1243 = DIRECTION ( 'NONE',  ( -1.000000000000000000, 0.000000000000000000, 0.000000000000000000 ) ) ;
#1244 = CARTESIAN_POINT ( 'NONE',  ( -25.63500000000000156, -10.36500000000000021, 0.6350000000000000089 ) ) ;
#1245 = ORIENTED_EDGE ( 'NONE', *, *, #1692, .T. ) ;
#1246 = CARTESIAN_POINT ( 'NONE',  ( 7.634999999999997122, 10.36499999999999666, 0.3175000000000000044 ) ) ;
#1247 = PLANE ( 'NONE',  #2027 ) ;
#1248 = DIRECTION ( 'NONE',  ( -0.000000000000000000, 0.000000000000000000, 1.000000000000000000 ) ) ;
#1249 = VECTOR ( 'NONE', #2787, 100.0000000000000000 ) ;
#1250 = DIRECTION ( 'NONE',  ( 0.000000000000000000, 1.000000000000000000, 0.000000000000000000 ) ) ;
#1251 = DIRECTION ( 'NONE',  ( 0.000000000000000000, 1.000000000000000000, 0.000000000000000000 ) ) ;
#1252 = ORIENTED_EDGE ( 'NONE', *, *, #730, .F. ) ;
#1253 = VERTEX_POINT ( 'NONE', #2636 ) ;
#1254 = EDGE_CURVE ( 'NONE', #1876, #2458, #3006, .T. ) ;
#1255 = ORIENTED_EDGE ( 'NONE', *, *, #3578, .T. ) ;
#1256 = FACE_OUTER_BOUND ( 'NONE', #1743, .T. ) ;
#1257 = ORIENTED_EDGE ( 'NONE', *, *, #903, .T. ) ;
#1258 = ORIENTED_EDGE ( 'NONE', *, *, #2731, .T. ) ;
#1259 = EDGE_CURVE ( 'NONE', #3949, #1799, #3669, .T. ) ;
#1260 = ORIENTED_EDGE ( 'NONE', *, *, #2069, .T. ) ;
#1261 = DIRECTION ( 'NONE',  ( -1.000000000000000000, -1.817653936845377429E-16, 0.000000000000000000 ) ) ;
#1262 = LINE ( 'NONE', #2129, #1358 ) ;
#1263 = EDGE_LOOP ( 'NONE', ( #3410, #597, #1426, #3122, #2904, #2351 ) ) ;
#1264 = DIRECTION ( 'NONE',  ( -0.000000000000000000, 0.000000000000000000, 1.000000000000000000 ) ) ;
#1265 = DIRECTION ( 'NONE',  ( 0.000000000000000000, 1.000000000000000000, -0.000000000000000000 ) ) ;
#1266 = CARTESIAN_POINT ( 'NONE',  ( 10.99999999999999645, -9.409999999999994813, 0.1349999999999999534 ) ) ;
#1267 = ORIENTED_EDGE ( 'NONE', *, *, #3116, .T. ) ;
#1268 = LINE ( 'NONE', #293, #2501 ) ;
#1269 = DIRECTION ( 'NONE',  ( -0.000000000000000000, 0.000000000000000000, 1.000000000000000000 ) ) ;
#1270 = DIRECTION ( 'NONE',  ( 0.000000000000000000, 0.000000000000000000, 1.000000000000000000 ) ) ;
#1271 = ORIENTED_EDGE ( 'NONE', *, *, #1207, .T. ) ;
#1272 = CARTESIAN_POINT ( 'NONE',  ( 10.99999999999999645, -10.49999999999999467, 0.6350000000000000089 ) ) ;
#1273 = DIRECTION ( 'NONE',  ( -1.000000000000000000, 0.000000000000000000, -0.000000000000000000 ) ) ;
#1274 = ORIENTED_EDGE ( 'NONE', *, *, #3603, .T. ) ;
#1275 = CARTESIAN_POINT ( 'NONE',  ( 10.81999999999999140, 8.589999999999998082, 0.1349999999999999534 ) ) ;
#1276 = CARTESIAN_POINT ( 'NONE',  ( -10.99999999999999467, 7.499999999999995559, 0.3175000000000000044 ) ) ;
#1277 = ORIENTED_EDGE ( 'NONE', *, *, #1685, .F. ) ;
#1278 = ORIENTED_EDGE ( 'NONE', *, *, #2095, .T. ) ;
#1279 = DIRECTION ( 'NONE',  ( -0.4999999999999979461, 0.8660254037844398178, -0.000000000000000000 ) ) ;
#1280 = ADVANCED_FACE ( 'NONE', ( #1086 ), #3641, .F. ) ;
#1281 = ORIENTED_EDGE ( 'NONE', *, *, #2283, .F. ) ;
#1282 = CARTESIAN_POINT ( 'NONE',  ( 10.36499999999999488, 7.635000000000004228, 0.6350000000000000089 ) ) ;
#1283 = DIRECTION ( 'NONE',  ( -0.8660254037844398178, -0.4999999999999979461, 0.000000000000000000 ) ) ;
#1284 = DIRECTION ( 'NONE',  ( -0.8660254037844398178, 0.4999999999999980571, 0.000000000000000000 ) ) ;
#1285 = CARTESIAN_POINT ( 'NONE',  ( 8.589999999999999858, -10.99999999999999112, 0.6350000000000000089 ) ) ;
#1286 = LINE ( 'NONE', #3560, #827 ) ;
#1287 = PLANE ( 'NONE',  #1433 ) ;
#1288 = CARTESIAN_POINT ( 'NONE',  ( 9.410000000000000142, -10.99999999999999112, 0.1349999999999999534 ) ) ;
#1289 = EDGE_CURVE ( 'NONE', #3843, #2883, #3536, .T. ) ;
#1290 = ORIENTED_EDGE ( 'NONE', *, *, #3887, .T. ) ;
#1291 = ORIENTED_EDGE ( 'NONE', *, *, #3861, .T. ) ;
#1292 = VECTOR ( 'NONE', #1603, 100.0000000000000000 ) ;
#1293 = DIRECTION ( 'NONE',  ( 0.000000000000000000, 1.000000000000000000, 0.000000000000000000 ) ) ;
#1294 = CARTESIAN_POINT ( 'NONE',  ( -10.36500000000000199, 10.99999999999999645, 0.6350000000000000089 ) ) ;
#1295 = CARTESIAN_POINT ( 'NONE',  ( -25.63500000000000156, 10.36499999999999311, 0.6350000000000000089 ) ) ;
#1296 = ORIENTED_EDGE ( 'NONE', *, *, #1204, .F. ) ;
#1297 = AXIS2_PLACEMENT_3D ( 'NONE', #1539, #870, #4049 ) ;
#1298 = VERTEX_POINT ( 'NONE', #772 ) ;
#1299 = CARTESIAN_POINT ( 'NONE',  ( 25.63499999999999801, -10.36499999999999311, 0.6350000000000000089 ) ) ;
#1300 = VECTOR ( 'NONE', #500, 100.0000000000000000 ) ;
#1301 = ORIENTED_EDGE ( 'NONE', *, *, #3318, .F. ) ;
#1302 = ORIENTED_EDGE ( 'NONE', *, *, #103, .T. ) ;
#1303 = AXIS2_PLACEMENT_3D ( 'NONE', #842, #2103, #540 ) ;
#1304 = CARTESIAN_POINT ( 'NONE',  ( 7.634999999999997122, 10.99999999999999467, 0.3175000000000000044 ) ) ;
#1305 = ADVANCED_FACE ( 'NONE', ( #3336 ), #1730, .F. ) ;
#1306 = DIRECTION ( 'NONE',  ( 0.000000000000000000, 1.000000000000000000, 0.000000000000000000 ) ) ;
#1307 = DIRECTION ( 'NONE',  ( 0.4999999999999980571, 0.8660254037844398178, 0.000000000000000000 ) ) ;
#1308 = CARTESIAN_POINT ( 'NONE',  ( -9.409999999999998366, 10.81999999999999140, 0.1349999999999999534 ) ) ;
#1309 = EDGE_CURVE ( 'NONE', #2331, #228, #2011, .T. ) ;
#1310 = AXIS2_PLACEMENT_3D ( 'NONE', #709, #1284, #1644 ) ;
#1311 = LINE ( 'NONE', #1973, #2823 ) ;
#1312 = VERTEX_POINT ( 'NONE', #1395 ) ;
#1313 = EDGE_CURVE ( 'NONE', #3778, #3776, #2034, .T. ) ;
#1314 = LINE ( 'NONE', #2578, #1356 ) ;
#1315 = ORIENTED_EDGE ( 'NONE', *, *, #1613, .F. ) ;
#1316 = CARTESIAN_POINT ( 'NONE',  ( 8.232042833102434898, -10.19999999999999396, 0.6350000000000000089 ) ) ;
#1317 = VECTOR ( 'NONE', #1437, 100.0000000000000000 ) ;
#1318 = VERTEX_POINT ( 'NONE', #1683 ) ;
#1319 = ORIENTED_EDGE ( 'NONE', *, *, #3839, .T. ) ;
#1320 = CYLINDRICAL_SURFACE ( 'NONE', #3157, 0.3100000000000005529 ) ;
#1321 = ORIENTED_EDGE ( 'NONE', *, *, #95, .T. ) ;
#1322 = LINE ( 'NONE', #3533, #2910 ) ;
#1323 = DIRECTION ( 'NONE',  ( 0.4999999999999979461, -0.8660254037844398178, 0.000000000000000000 ) ) ;
#1324 = CARTESIAN_POINT ( 'NONE',  ( -10.81999999999999140, -9.410000000000000142, 0.1349999999999999534 ) ) ;
#1325 = ORIENTED_EDGE ( 'NONE', *, *, #895, .T. ) ;
#1326 = ADVANCED_FACE ( 'NONE', ( #3300 ), #3274, .T. ) ;
#1327 = CARTESIAN_POINT ( 'NONE',  ( -10.81999999999999496, 8.589999999999994529, 0.6350000000000000089 ) ) ;
#1328 = CARTESIAN_POINT ( 'NONE',  ( -8.999999999999994671, 8.999999999999998224, 0.000000000000000000 ) ) ;
#1329 = DIRECTION ( 'NONE',  ( 1.817653936845377429E-16, -1.000000000000000000, 0.000000000000000000 ) ) ;
#1330 = ORIENTED_EDGE ( 'NONE', *, *, #3512, .F. ) ;
#1331 = ADVANCED_FACE ( 'NONE', ( #3911 ), #912, .F. ) ;
#1332 = FACE_OUTER_BOUND ( 'NONE', #1548, .T. ) ;
#1333 = ORIENTED_EDGE ( 'NONE', *, *, #2048, .T. ) ;
#1334 = CARTESIAN_POINT ( 'NONE',  ( -8.999999999999998224, -8.690000000000001279, 0.000000000000000000 ) ) ;
#1335 = ORIENTED_EDGE ( 'NONE', *, *, #4043, .T. ) ;
#1336 = ORIENTED_EDGE ( 'NONE', *, *, #848, .T. ) ;
#1337 = EDGE_CURVE ( 'NONE', #3778, #3989, #1554, .T. ) ;
#1338 = CARTESIAN_POINT ( 'NONE',  ( -7.635000000000003340, 10.36499999999999666, 0.3175000000000000044 ) ) ;
#1339 = VERTEX_POINT ( 'NONE', #1161 ) ;
#1340 = FACE_OUTER_BOUND ( 'NONE', #3165, .T. ) ;
#1341 = ADVANCED_FACE ( 'NONE', ( #1864 ), #289, .F. ) ;
#1342 = ORIENTED_EDGE ( 'NONE', *, *, #2634, .F. ) ;
#1343 = ORIENTED_EDGE ( 'NONE', *, *, #3287, .T. ) ;
#1344 = DIRECTION ( 'NONE',  ( -0.000000000000000000, 0.000000000000000000, 1.000000000000000000 ) ) ;
#1345 = DIRECTION ( 'NONE',  ( -0.000000000000000000, 0.000000000000000000, 1.000000000000000000 ) ) ;
#1346 = ORIENTED_EDGE ( 'NONE', *, *, #2455, .T. ) ;
#1347 = DIRECTION ( 'NONE',  ( -0.000000000000000000, 1.000000000000000000, 0.000000000000000000 ) ) ;
#1348 = FACE_OUTER_BOUND ( 'NONE', #3477, .T. ) ;
#1349 = FACE_OUTER_BOUND ( 'NONE', #1950, .T. ) ;
#1350 = EDGE_LOOP ( 'NONE', ( #2154, #2631 ) ) ;
#1351 = LINE ( 'NONE', #3874, #1655 ) ;
#1352 = VERTEX_POINT ( 'NONE', #3720 ) ;
#1353 = DIRECTION ( 'NONE',  ( 1.000000000000000000, 0.000000000000000000, 0.000000000000000000 ) ) ;
#1354 = EDGE_CURVE ( 'NONE', #1763, #1876, #1241, .T. ) ;
#1355 = ORIENTED_EDGE ( 'NONE', *, *, #43, .F. ) ;
#1356 = VECTOR ( 'NONE', #2309, 100.0000000000000000 ) ;
#1357 = PLANE ( 'NONE',  #329 ) ;
#1358 = VECTOR ( 'NONE', #2525, 100.0000000000000000 ) ;
#1359 = EDGE_LOOP ( 'NONE', ( #2312, #1252, #77, #1667 ) ) ;
#1360 = CARTESIAN_POINT ( 'NONE',  ( -10.99999999999999112, -8.589999999999999858, 0.1349999999999999534 ) ) ;
#1361 = ORIENTED_EDGE ( 'NONE', *, *, #610, .T. ) ;
#1362 = VECTOR ( 'NONE', #3093, 100.0000000000000000 ) ;
#1363 = ORIENTED_EDGE ( 'NONE', *, *, #2782, .F. ) ;
#1364 = EDGE_CURVE ( 'NONE', #1809, #2208, #3704, .T. ) ;
#1365 = ORIENTED_EDGE ( 'NONE', *, *, #1465, .F. ) ;
#1366 = DIRECTION ( 'NONE',  ( 0.000000000000000000, 0.000000000000000000, 1.000000000000000000 ) ) ;
#1367 = AXIS2_PLACEMENT_3D ( 'NONE', #3020, #2961, #483 ) ;
#1368 = ORIENTED_EDGE ( 'NONE', *, *, #749, .F. ) ;
#1369 = VECTOR ( 'NONE', #1866, 100.0000000000000000 ) ;
#1370 = ADVANCED_FACE ( 'NONE', ( #607 ), #3681, .F. ) ;
#1371 = CARTESIAN_POINT ( 'NONE',  ( 10.99999999999999112, 8.589999999999998082, 0.6350000000000000089 ) ) ;
#1372 = DIRECTION ( 'NONE',  ( 0.000000000000000000, 0.000000000000000000, 1.000000000000000000 ) ) ;
#1373 = PLANE ( 'NONE',  #398 ) ;
#1374 = DIRECTION ( 'NONE',  ( -1.000000000000000000, 0.000000000000000000, -0.000000000000000000 ) ) ;
#1375 = VECTOR ( 'NONE', #885, 100.0000000000000000 ) ;
#1376 = AXIS2_PLACEMENT_3D ( 'NONE', #2507, #3499, #3233 ) ;
#1377 = CARTESIAN_POINT ( 'NONE',  ( -7.370000000000000107, -7.470000000000000639, 0.000000000000000000 ) ) ;
#1378 = VERTEX_POINT ( 'NONE', #2481 ) ;
#1379 = FACE_BOUND ( 'NONE', #3317, .T. ) ;
#1380 = VERTEX_POINT ( 'NONE', #2813 ) ;
#1381 = ORIENTED_EDGE ( 'NONE', *, *, #2116, .F. ) ;
#1382 = ADVANCED_FACE ( 'NONE', ( #4073 ), #3045, .F. ) ;
#1383 = DIRECTION ( 'NONE',  ( 1.000000000000000000, 0.000000000000000000, 0.000000000000000000 ) ) ;
#1384 = AXIS2_PLACEMENT_3D ( 'NONE', #3792, #962, #2225 ) ;
#1385 = VERTEX_POINT ( 'NONE', #3764 ) ;
#1386 = CARTESIAN_POINT ( 'NONE',  ( 10.99999999999999645, 7.499999999999998224, 0.000000000000000000 ) ) ;
#1387 = ORIENTED_EDGE ( 'NONE', *, *, #3330, .F. ) ;
#1388 = AXIS2_PLACEMENT_3D ( 'NONE', #3771, #1931, #614 ) ;
#1389 = ADVANCED_FACE ( 'NONE', ( #2505 ), #2090, .F. ) ;
#1390 = ORIENTED_EDGE ( 'NONE', *, *, #1439, .F. ) ;
#1391 = CARTESIAN_POINT ( 'NONE',  ( -9.409999999999994813, -10.99999999999999645, 0.1349999999999999534 ) ) ;
#1392 = ORIENTED_EDGE ( 'NONE', *, *, #1540, .F. ) ;
#1393 = FACE_OUTER_BOUND ( 'NONE', #45, .T. ) ;
#1394 = LINE ( 'NONE', #1412, #3463 ) ;
#1395 = CARTESIAN_POINT ( 'NONE',  ( 10.81999999999999851, -8.589999999999992752, 0.6350000000000000089 ) ) ;
#1396 = CARTESIAN_POINT ( 'NONE',  ( 10.81999999999999851, -8.589999999999992752, 0.1349999999999999534 ) ) ;
#1397 = CARTESIAN_POINT ( 'NONE',  ( 10.99999999999999645, 10.49999999999999822, 0.3175000000000000044 ) ) ;
#1398 = DIRECTION ( 'NONE',  ( 0.000000000000000000, 0.000000000000000000, -1.000000000000000000 ) ) ;
#1399 = DIRECTION ( 'NONE',  ( 0.000000000000000000, 0.000000000000000000, -1.000000000000000000 ) ) ;
#1400 = EDGE_LOOP ( 'NONE', ( #3607, #1157, #3000, #2120 ) ) ;
#1401 = CARTESIAN_POINT ( 'NONE',  ( -9.409999999999994813, -10.99999999999999645, 0.6350000000000000089 ) ) ;
#1402 = ORIENTED_EDGE ( 'NONE', *, *, #1772, .T. ) ;
#1403 = VERTEX_POINT ( 'NONE', #1787 ) ;
#1404 = DIRECTION ( 'NONE',  ( 1.817653936845377429E-16, -1.000000000000000000, 0.000000000000000000 ) ) ;
#1405 = ORIENTED_EDGE ( 'NONE', *, *, #2582, .F. ) ;
#1406 = DIRECTION ( 'NONE',  ( 0.000000000000000000, -1.000000000000000000, 0.000000000000000000 ) ) ;
#1407 = ORIENTED_EDGE ( 'NONE', *, *, #1354, .F. ) ;
#1408 = ORIENTED_EDGE ( 'NONE', *, *, #1418, .F. ) ;
#1409 = PLANE ( 'NONE',  #2956 ) ;
#1410 = EDGE_CURVE ( 'NONE', #127, #782, #1823, .T. ) ;
#1411 =( NAMED_UNIT ( * ) SI_UNIT ( $, .STERADIAN. ) SOLID_ANGLE_UNIT ( ) );
#1412 = CARTESIAN_POINT ( 'NONE',  ( -7.635000000000003340, 10.36499999999999666, 0.6350000000000000089 ) ) ;
#1413 = CARTESIAN_POINT ( 'NONE',  ( 7.635000000000004228, -10.36499999999999488, 0.3175000000000000044 ) ) ;
#1414 = LINE ( 'NONE', #3259, #654 ) ;
#1415 = CARTESIAN_POINT ( 'NONE',  ( 9.000000000000001776, -8.999999999999998224, 0.6350000000000000089 ) ) ;
#1416 = CARTESIAN_POINT ( 'NONE',  ( 10.36499999999999844, -7.634999999999996234, 0.6350000000000000089 ) ) ;
#1417 = CYLINDRICAL_SURFACE ( 'NONE', #444, 2.500000000000000888 ) ;
#1418 = EDGE_CURVE ( 'NONE', #3269, #3314, #1521, .T. ) ;
#1419 = CARTESIAN_POINT ( 'NONE',  ( 10.99999999999999645, 7.499999999999998224, 0.6350000000000000089 ) ) ;
#1420 = ORIENTED_EDGE ( 'NONE', *, *, #4037, .F. ) ;
#1421 = DIRECTION ( 'NONE',  ( 0.000000000000000000, -1.000000000000000000, 0.000000000000000000 ) ) ;
#1422 = EDGE_CURVE ( 'NONE', #1312, #3189, #3992, .T. ) ;
#1423 = VERTEX_POINT ( 'NONE', #2757 ) ;
#1424 = FACE_OUTER_BOUND ( 'NONE', #602, .T. ) ;
#1425 = VECTOR ( 'NONE', #3701, 100.0000000000000000 ) ;
#1426 = ORIENTED_EDGE ( 'NONE', *, *, #1685, .T. ) ;
#1427 = VERTEX_POINT ( 'NONE', #547 ) ;
#1428 = CARTESIAN_POINT ( 'NONE',  ( -10.99999999999999112, -9.410000000000000142, 0.1349999999999999534 ) ) ;
#1429 = ORIENTED_EDGE ( 'NONE', *, *, #2061, .T. ) ;
#1430 = AXIS2_PLACEMENT_3D ( 'NONE', #2651, #1366, #1036 ) ;
#1431 = DIRECTION ( 'NONE',  ( 0.000000000000000000, 0.000000000000000000, -1.000000000000000000 ) ) ;
#1432 = ADVANCED_FACE ( 'NONE', ( #1804 ), #3066, .F. ) ;
#1433 = AXIS2_PLACEMENT_3D ( 'NONE', #675, #2285, #1665 ) ;
#1434 = DIRECTION ( 'NONE',  ( 0.000000000000000000, -1.000000000000000000, 0.000000000000000000 ) ) ;
#1435 = DIRECTION ( 'NONE',  ( 0.000000000000000000, -1.000000000000000000, 0.000000000000000000 ) ) ;
#1436 = LINE ( 'NONE', #1184, #2898 ) ;
#1437 = DIRECTION ( 'NONE',  ( 0.000000000000000000, 0.000000000000000000, -1.000000000000000000 ) ) ;
#1438 = VECTOR ( 'NONE', #1066, 100.0000000000000000 ) ;
#1439 = EDGE_CURVE ( 'NONE', #2353, #463, #2447, .T. ) ;
#1440 = FACE_OUTER_BOUND ( 'NONE', #1797, .T. ) ;
#1441 = VERTEX_POINT ( 'NONE', #3394 ) ;
#1442 =( GEOMETRIC_REPRESENTATION_CONTEXT ( 3 ) GLOBAL_UNCERTAINTY_ASSIGNED_CONTEXT ( ( #2197 ) ) GLOBAL_UNIT_ASSIGNED_CONTEXT ( ( #3052, #876, #1206 ) ) REPRESENTATION_CONTEXT ( 'NONE', 'WORKASPACE' ) );
#1443 = CARTESIAN_POINT ( 'NONE',  ( -10.36499999999999666, -7.635000000000001563, 0.6350000000000000089 ) ) ;
#1444 = VERTEX_POINT ( 'NONE', #563 ) ;
#1445 = EDGE_CURVE ( 'NONE', #3314, #656, #4032, .T. ) ;
#1446 = STYLED_ITEM ( 'NONE', ( #593 ), #3255 ) ;
#1447 = CARTESIAN_POINT ( 'NONE',  ( 9.767957166897565102, -10.19999999999999396, 0.6350000000000000089 ) ) ;
#1448 = DIRECTION ( 'NONE',  ( 0.000000000000000000, 1.000000000000000000, 0.000000000000000000 ) ) ;
#1449 = DIRECTION ( 'NONE',  ( -0.000000000000000000, 0.000000000000000000, 1.000000000000000000 ) ) ;
#1450 = VECTOR ( 'NONE', #1684, 100.0000000000000000 ) ;
#1451 = VERTEX_POINT ( 'NONE', #1846 ) ;
#1452 = LINE ( 'NONE', #2946, #4064 ) ;
#1453 = VECTOR ( 'NONE', #2062, 100.0000000000000000 ) ;
#1454 = ORIENTED_EDGE ( 'NONE', *, *, #657, .T. ) ;
#1455 = DIRECTION ( 'NONE',  ( 0.000000000000000000, 0.000000000000000000, 1.000000000000000000 ) ) ;
#1456 = CARTESIAN_POINT ( 'NONE',  ( 10.99999999999999645, 7.499999999999998224, 0.3175000000000000044 ) ) ;
#1457 = CARTESIAN_POINT ( 'NONE',  ( 0.000000000000000000, 8.030000000000004690, 0.4000000000000000222 ) ) ;
#1458 = CARTESIAN_POINT ( 'NONE',  ( 9.000000000000001776, -8.999999999999996447, 0.3175000000000000044 ) ) ;
#1459 = CARTESIAN_POINT ( 'NONE',  ( -7.370000000000000107, -7.470000000000000639, 0.000000000000000000 ) ) ;
#1460 = EDGE_CURVE ( 'NONE', #90, #2689, #2418, .T. ) ;
#1461 = LINE ( 'NONE', #2392, #377 ) ;
#1462 = ORIENTED_EDGE ( 'NONE', *, *, #2417, .F. ) ;
#1463 = FACE_OUTER_BOUND ( 'NONE', #2008, .T. ) ;
#1464 = ORIENTED_EDGE ( 'NONE', *, *, #2246, .T. ) ;
#1465 = EDGE_CURVE ( 'NONE', #142, #3879, #3534, .T. ) ;
#1466 = DIRECTION ( 'NONE',  ( 0.000000000000000000, 1.000000000000000000, 0.000000000000000000 ) ) ;
#1467 = LINE ( 'NONE', #2727, #263 ) ;
#1468 = PLANE ( 'NONE',  #3482 ) ;
#1469 = ADVANCED_FACE ( 'NONE', ( #1881 ), #1944, .F. ) ;
#1470 = ORIENTED_EDGE ( 'NONE', *, *, #903, .F. ) ;
#1471 = ORIENTED_EDGE ( 'NONE', *, *, #935, .F. ) ;
#1472 = CARTESIAN_POINT ( 'NONE',  ( 10.69500000000000206, 7.162345244612039252, 0.000000000000000000 ) ) ;
#1473 = EDGE_CURVE ( 'NONE', #1930, #1451, #1015, .T. ) ;
#1474 = ORIENTED_EDGE ( 'NONE', *, *, #436, .T. ) ;
#1475 = CARTESIAN_POINT ( 'NONE',  ( -8.029999999999997584, -8.030000000000002913, 0.4000000000000000222 ) ) ;
#1476 = DIRECTION ( 'NONE',  ( 0.000000000000000000, 1.000000000000000000, 0.000000000000000000 ) ) ;
#1477 = LINE ( 'NONE', #1497, #3421 ) ;
#1478 = CYLINDRICAL_SURFACE ( 'NONE', #2299, 0.3100000000000005529 ) ;
#1479 = DIRECTION ( 'NONE',  ( 0.000000000000000000, -1.000000000000000000, 0.000000000000000000 ) ) ;
#1480 = ORIENTED_EDGE ( 'NONE', *, *, #1937, .F. ) ;
#1481 = CARTESIAN_POINT ( 'NONE',  ( 10.20000000000000107, -8.232042833102429569, 0.6350000000000000089 ) ) ;
#1482 = ORIENTED_EDGE ( 'NONE', *, *, #2748, .T. ) ;
#1483 = DIRECTION ( 'NONE',  ( 1.000000000000000000, 0.000000000000000000, 0.000000000000000000 ) ) ;
#1484 = EDGE_CURVE ( 'NONE', #2141, #389, #689, .T. ) ;
#1485 = DIRECTION ( 'NONE',  ( 0.000000000000000000, 1.000000000000000000, 0.000000000000000000 ) ) ;
#1486 = ORIENTED_EDGE ( 'NONE', *, *, #1793, .T. ) ;
#1487 = EDGE_LOOP ( 'NONE', ( #1245, #499, #2434, #3696 ) ) ;
#1488 = EDGE_CURVE ( 'NONE', #3917, #1123, #708, .T. ) ;
#1489 = VERTEX_POINT ( 'NONE', #2606 ) ;
#1490 = CARTESIAN_POINT ( 'NONE',  ( 10.99999999999999645, 10.36499999999999666, 0.6350000000000000089 ) ) ;
#1491 = LINE ( 'NONE', #4009, #1576 ) ;
#1492 = ORIENTED_EDGE ( 'NONE', *, *, #652, .F. ) ;
#1493 = VECTOR ( 'NONE', #2794, 100.0000000000000142 ) ;
#1494 = EDGE_CURVE ( 'NONE', #3899, #3531, #1600, .T. ) ;
#1495 = FACE_OUTER_BOUND ( 'NONE', #677, .T. ) ;
#1496 = DIRECTION ( 'NONE',  ( -0.4999999999999980016, 0.8660254037844397068, 0.000000000000000000 ) ) ;
#1497 = CARTESIAN_POINT ( 'NONE',  ( -10.36499999999999666, -7.635000000000001563, 0.6350000000000000089 ) ) ;
#1498 = AXIS2_PLACEMENT_3D ( 'NONE', #2480, #3393, #4031 ) ;
#1499 = DIRECTION ( 'NONE',  ( 0.000000000000000000, -1.000000000000000000, 0.000000000000000000 ) ) ;
#1500 = ORIENTED_EDGE ( 'NONE', *, *, #3678, .T. ) ;
#1501 = CIRCLE ( 'NONE', #3731, 0.3100000000000005529 ) ;
#1502 = LINE ( 'NONE', #3769, #2556 ) ;
#1503 = VERTEX_POINT ( 'NONE', #27 ) ;
#1504 = FACE_OUTER_BOUND ( 'NONE', #1400, .T. ) ;
#1505 = EDGE_LOOP ( 'NONE', ( #2399, #1856, #2955, #2960 ) ) ;
#1506 = AXIS2_PLACEMENT_3D ( 'NONE', #2610, #2887, #2842 ) ;
#1507 = VECTOR ( 'NONE', #890, 100.0000000000000000 ) ;
#1508 = CARTESIAN_POINT ( 'NONE',  ( 10.36499999999999666, 10.36499999999999666, 0.6350000000000000089 ) ) ;
#1509 = CARTESIAN_POINT ( 'NONE',  ( -9.000000000000000000, 8.689999999999999503, 0.000000000000000000 ) ) ;
#1510 = ORIENTED_EDGE ( 'NONE', *, *, #1867, .F. ) ;
#1511 = VECTOR ( 'NONE', #983, 100.0000000000000000 ) ;
#1512 = EDGE_LOOP ( 'NONE', ( #2498, #2983, #3526, #2628 ) ) ;
#1513 = EDGE_CURVE ( 'NONE', #2832, #127, #3497, .T. ) ;
#1514 = VECTOR ( 'NONE', #1945, 100.0000000000000000 ) ;
#1515 = ORIENTED_EDGE ( 'NONE', *, *, #2137, .F. ) ;
#1516 = LINE ( 'NONE', #1819, #3548 ) ;
#1517 = ORIENTED_EDGE ( 'NONE', *, *, #2679, .F. ) ;
#1518 = EDGE_CURVE ( 'NONE', #930, #2644, #2147, .T. ) ;
#1519 = AXIS2_PLACEMENT_3D ( 'NONE', #1654, #1630, #2894 ) ;
#1520 = CARTESIAN_POINT ( 'NONE',  ( 7.634999999999997122, 10.36499999999999666, 0.3175000000000000044 ) ) ;
#1521 = LINE ( 'NONE', #2464, #2811 ) ;
#1522 = AXIS2_PLACEMENT_3D ( 'NONE', #2804, #1209, #2201 ) ;
#1523 = CARTESIAN_POINT ( 'NONE',  ( 10.36499999999999666, 10.99999999999999467, 0.6350000000000000089 ) ) ;
#1524 = CARTESIAN_POINT ( 'NONE',  ( 9.410000000000000142, -10.99999999999999112, 0.6350000000000000089 ) ) ;
#1525 = AXIS2_PLACEMENT_3D ( 'NONE', #186, #2744, #1466 ) ;
#1526 = CARTESIAN_POINT ( 'NONE',  ( 10.99999999999999645, -9.409999999999994813, 0.1349999999999999534 ) ) ;
#1527 = DIRECTION ( 'NONE',  ( -1.000000000000000000, 0.000000000000000000, 0.000000000000000000 ) ) ;
#1528 = DIRECTION ( 'NONE',  ( 9.088269684226887144E-17, -1.000000000000000000, 0.000000000000000000 ) ) ;
#1529 = DIRECTION ( 'NONE',  ( -0.000000000000000000, 0.000000000000000000, 1.000000000000000000 ) ) ;
#1530 = VERTEX_POINT ( 'NONE', #998 ) ;
#1531 = DIRECTION ( 'NONE',  ( 0.000000000000000000, -1.000000000000000000, 0.000000000000000000 ) ) ;
#1532 = ORIENTED_EDGE ( 'NONE', *, *, #753, .F. ) ;
#1533 = ORIENTED_EDGE ( 'NONE', *, *, #200, .F. ) ;
#1534 = VERTEX_POINT ( 'NONE', #2546 ) ;
#1535 = LINE ( 'NONE', #1213, #1775 ) ;
#1536 = VERTEX_POINT ( 'NONE', #3192 ) ;
#1537 = ORIENTED_EDGE ( 'NONE', *, *, #436, .F. ) ;
#1538 = CARTESIAN_POINT ( 'NONE',  ( 7.635000000000004228, -10.36499999999999488, 0.3175000000000000044 ) ) ;
#1539 = CARTESIAN_POINT ( 'NONE',  ( -7.634999999999996234, -10.36499999999999844, 0.3175000000000000044 ) ) ;
#1540 = EDGE_CURVE ( 'NONE', #463, #3306, #2686, .T. ) ;
#1541 = CARTESIAN_POINT ( 'NONE',  ( 8.030000000000004690, 8.030000000000004690, 0.4000000000000000222 ) ) ;
#1542 = LINE ( 'NONE', #2798, #3747 ) ;
#1543 = ORIENTED_EDGE ( 'NONE', *, *, #1158, .F. ) ;
#1544 = DIRECTION ( 'NONE',  ( 1.000000000000000000, 0.000000000000000000, 0.000000000000000000 ) ) ;
#1545 = EDGE_CURVE ( 'NONE', #1534, #3389, #3516, .T. ) ;
#1546 = DIRECTION ( 'NONE',  ( 0.000000000000000000, -1.000000000000000000, 0.000000000000000000 ) ) ;
#1547 = DIRECTION ( 'NONE',  ( 9.251858538542972814E-17, 1.000000000000000000, 0.000000000000000000 ) ) ;
#1548 = EDGE_LOOP ( 'NONE', ( #978, #3205, #3779, #2421 ) ) ;
#1549 = EDGE_CURVE ( 'NONE', #950, #2205, #48, .T. ) ;
#1550 = ORIENTED_EDGE ( 'NONE', *, *, #3130, .T. ) ;
#1551 = CARTESIAN_POINT ( 'NONE',  ( 7.370000000000000107, 7.470000000000000639, 0.4000000000000000222 ) ) ;
#1552 = ORIENTED_EDGE ( 'NONE', *, *, #2348, .F. ) ;
#1553 = CYLINDRICAL_SURFACE ( 'NONE', #1693, 2.500000000000003553 ) ;
#1554 = LINE ( 'NONE', #2426, #442 ) ;
#1555 = FACE_OUTER_BOUND ( 'NONE', #1487, .T. ) ;
#1556 = DIRECTION ( 'NONE',  ( 1.000000000000000000, 0.000000000000000000, 0.000000000000000000 ) ) ;
#1557 = AXIS2_PLACEMENT_3D ( 'NONE', #3299, #194, #3319 ) ;
#1558 = VERTEX_POINT ( 'NONE', #1304 ) ;
#1559 = EDGE_CURVE ( 'NONE', #1385, #643, #932, .T. ) ;
#1560 = PLANE ( 'NONE',  #4087 ) ;
#1561 = AXIS2_PLACEMENT_3D ( 'NONE', #810, #750, #2071 ) ;
#1562 = DIRECTION ( 'NONE',  ( 0.000000000000000000, 1.000000000000000000, 0.000000000000000000 ) ) ;
#1563 = DIRECTION ( 'NONE',  ( -1.000000000000000000, 0.000000000000000000, 0.000000000000000000 ) ) ;
#1564 = VECTOR ( 'NONE', #3271, 100.0000000000000000 ) ;
#1565 = EDGE_CURVE ( 'NONE', #3295, #1671, #2572, .T. ) ;
#1566 = DIRECTION ( 'NONE',  ( 1.000000000000000000, -9.251858538542975279E-17, 0.000000000000000000 ) ) ;
#1567 = ORIENTED_EDGE ( 'NONE', *, *, #2423, .F. ) ;
#1568 = AXIS2_PLACEMENT_3D ( 'NONE', #3798, #356, #1958 ) ;
#1569 = DIRECTION ( 'NONE',  ( 0.000000000000000000, -1.000000000000000000, 0.000000000000000000 ) ) ;
#1570 = ORIENTED_EDGE ( 'NONE', *, *, #833, .T. ) ;
#1571 = EDGE_CURVE ( 'NONE', #3432, #2858, #2907, .T. ) ;
#1572 = EDGE_LOOP ( 'NONE', ( #3501, #3823, #2382, #394 ) ) ;
#1573 = VECTOR ( 'NONE', #566, 100.0000000000000000 ) ;
#1574 = EDGE_LOOP ( 'NONE', ( #3758, #1838 ) ) ;
#1575 = CARTESIAN_POINT ( 'NONE',  ( 10.99999999999999645, -10.49999999999999467, 0.000000000000000000 ) ) ;
#1576 = VECTOR ( 'NONE', #3699, 100.0000000000000000 ) ;
#1577 = ORIENTED_EDGE ( 'NONE', *, *, #3803, .T. ) ;
#1578 = ORIENTED_EDGE ( 'NONE', *, *, #2196, .F. ) ;
#1579 = ORIENTED_EDGE ( 'NONE', *, *, #103, .F. ) ;
#1580 = CARTESIAN_POINT ( 'NONE',  ( -8.589999999999998082, 10.81999999999999140, 0.6350000000000000089 ) ) ;
#1581 = VERTEX_POINT ( 'NONE', #69 ) ;
#1582 = CARTESIAN_POINT ( 'NONE',  ( 10.20000000000000107, -9.767957166897559773, 0.1349999999999999534 ) ) ;
#1583 = FACE_OUTER_BOUND ( 'NONE', #515, .T. ) ;
#1584 = DIRECTION ( 'NONE',  ( -1.000000000000000000, 0.000000000000000000, -0.000000000000000000 ) ) ;
#1585 = ORIENTED_EDGE ( 'NONE', *, *, #174, .T. ) ;
#1586 = AXIS2_PLACEMENT_3D ( 'NONE', #2599, #785, #3310 ) ;
#1587 = DIRECTION ( 'NONE',  ( 0.4999999999999980016, 0.8660254037844397068, 0.000000000000000000 ) ) ;
#1588 = CARTESIAN_POINT ( 'NONE',  ( -10.99999999999999467, 7.499999999999995559, 0.6350000000000000089 ) ) ;
#1589 = EDGE_CURVE ( 'NONE', #1940, #2648, #1661, .T. ) ;
#1590 = CIRCLE ( 'NONE', #1982, 0.3100000000000005529 ) ;
#1591 = LINE ( 'NONE', #2845, #1187 ) ;
#1592 = CARTESIAN_POINT ( 'NONE',  ( 9.894862706971711216E-16, -10.69500000000000384, 16.01329964592964572 ) ) ;
#1593 = VERTEX_POINT ( 'NONE', #2193 ) ;
#1594 = CARTESIAN_POINT ( 'NONE',  ( -10.49999999999999467, -10.99999999999999645, 0.6350000000000000089 ) ) ;
#1595 = ADVANCED_FACE ( 'NONE', ( #3451 ), #624, .F. ) ;
#1596 = CARTESIAN_POINT ( 'NONE',  ( -9.767957166897559773, -10.20000000000000107, 0.1349999999999999534 ) ) ;
#1597 = ORIENTED_EDGE ( 'NONE', *, *, #412, .F. ) ;
#1598 = EDGE_CURVE ( 'NONE', #1754, #3383, #2212, .T. ) ;
#1599 = VERTEX_POINT ( 'NONE', #2693 ) ;
#1600 = LINE ( 'NONE', #3210, #2951 ) ;
#1601 = LINE ( 'NONE', #1925, #522 ) ;
#1602 = LINE ( 'NONE', #872, #2696 ) ;
#1603 = DIRECTION ( 'NONE',  ( -0.000000000000000000, 0.000000000000000000, 1.000000000000000000 ) ) ;
#1604 = CARTESIAN_POINT ( 'NONE',  ( 10.81999999999999851, -9.409999999999994813, 0.1349999999999999534 ) ) ;
#1605 = LINE ( 'NONE', #2220, #1172 ) ;
#1606 = ORIENTED_EDGE ( 'NONE', *, *, #2624, .T. ) ;
#1607 = VERTEX_POINT ( 'NONE', #2051 ) ;
#1608 = CARTESIAN_POINT ( 'NONE',  ( 0.000000000000000000, 0.000000000000000000, 0.3175000000000000044 ) ) ;
#1609 = VERTEX_POINT ( 'NONE', #3296 ) ;
#1610 = DIRECTION ( 'NONE',  ( 0.000000000000000000, 0.000000000000000000, -1.000000000000000000 ) ) ;
#1611 = CARTESIAN_POINT ( 'NONE',  ( -7.499999999999998224, 10.99999999999999645, 0.3175000000000000044 ) ) ;
#1612 = ORIENTED_EDGE ( 'NONE', *, *, #2397, .T. ) ;
#1613 = EDGE_CURVE ( 'NONE', #670, #1318, #1059, .T. ) ;
#1614 = VERTEX_POINT ( 'NONE', #3889 ) ;
#1615 = CARTESIAN_POINT ( 'NONE',  ( -7.370000000000000107, -7.470000000000000639, 0.000000000000000000 ) ) ;
#1616 = ADVANCED_FACE ( 'NONE', ( #2966 ), #1409, .F. ) ;
#1617 = CARTESIAN_POINT ( 'NONE',  ( 8.232042833102434898, -10.19999999999999396, 0.6350000000000000089 ) ) ;
#1618 = DIRECTION ( 'NONE',  ( 1.000000000000000000, 9.251858538542972814E-17, 0.000000000000000000 ) ) ;
#1619 = CARTESIAN_POINT ( 'NONE',  ( 25.63499999999999801, -10.36499999999999311, 0.3175000000000000044 ) ) ;
#1620 = ORIENTED_EDGE ( 'NONE', *, *, #2489, .T. ) ;
#1621 = EDGE_CURVE ( 'NONE', #1938, #2858, #767, .T. ) ;
#1622 = CARTESIAN_POINT ( 'NONE',  ( 10.36499999999999666, 10.99999999999999289, 0.6350000000000000089 ) ) ;
#1623 = LINE ( 'NONE', #2306, #2622 ) ;
#1624 = CARTESIAN_POINT ( 'NONE',  ( 7.635000000000004228, -10.99999999999999645, 0.6350000000000000089 ) ) ;
#1625 = VECTOR ( 'NONE', #1455, 100.0000000000000000 ) ;
#1626 = VECTOR ( 'NONE', #1240, 100.0000000000000000 ) ;
#1627 = CARTESIAN_POINT ( 'NONE',  ( -9.409999999999998366, 10.81999999999999140, 0.6350000000000000089 ) ) ;
#1628 = FACE_OUTER_BOUND ( 'NONE', #924, .T. ) ;
#1629 = VERTEX_POINT ( 'NONE', #191 ) ;
#1630 = DIRECTION ( 'NONE',  ( 0.7071067811865475727, -0.7071067811865475727, 0.000000000000000000 ) ) ;
#1631 = LINE ( 'NONE', #2258, #1438 ) ;
#1632 = ORIENTED_EDGE ( 'NONE', *, *, #826, .T. ) ;
#1633 = AXIS2_PLACEMENT_3D ( 'NONE', #529, #2779, #3357 ) ;
#1634 = VECTOR ( 'NONE', #166, 100.0000000000000000 ) ;
#1635 = ORIENTED_EDGE ( 'NONE', *, *, #3085, .T. ) ;
#1636 = DIRECTION ( 'NONE',  ( 0.000000000000000000, 1.000000000000000000, 0.000000000000000000 ) ) ;
#1637 = EDGE_CURVE ( 'NONE', #3124, #58, #2340, .T. ) ;
#1638 = ADVANCED_FACE ( 'NONE', ( #2669 ), #746, .F. ) ;
#1639 = AXIS2_PLACEMENT_3D ( 'NONE', #1722, #1077, #3946 ) ;
#1640 = ORIENTED_EDGE ( 'NONE', *, *, #939, .T. ) ;
#1641 = LINE ( 'NONE', #405, #1976 ) ;
#1642 = VECTOR ( 'NONE', #3115, 100.0000000000000000 ) ;
#1643 = CARTESIAN_POINT ( 'NONE',  ( 9.894862706971711216E-16, -10.69500000000000384, 0.000000000000000000 ) ) ;
#1644 = DIRECTION ( 'NONE',  ( -0.4999999999999980016, -0.8660254037844397068, 0.000000000000000000 ) ) ;
#1645 = EDGE_CURVE ( 'NONE', #3860, #142, #3214, .T. ) ;
#1646 = AXIS2_PLACEMENT_3D ( 'NONE', #3675, #2752, #543 ) ;
#1647 = CARTESIAN_POINT ( 'NONE',  ( -10.49999999999999822, 10.99999999999999645, 0.3175000000000000044 ) ) ;
#1648 = CARTESIAN_POINT ( 'NONE',  ( 10.36499999999999666, 10.99999999999999289, 0.3175000000000000044 ) ) ;
#1649 = EDGE_CURVE ( 'NONE', #190, #3269, #1452, .T. ) ;
#1650 = VECTOR ( 'NONE', #2797, 100.0000000000000000 ) ;
#1651 = FACE_BOUND ( 'NONE', #2793, .T. ) ;
#1652 = ORIENTED_EDGE ( 'NONE', *, *, #3358, .T. ) ;
#1653 = CARTESIAN_POINT ( 'NONE',  ( 10.69500000000000206, -7.162345244612028594, 0.3175000000000000044 ) ) ;
#1654 = CARTESIAN_POINT ( 'NONE',  ( -7.470000000000000639, 7.370000000000000107, 0.4000000000000000222 ) ) ;
#1655 = VECTOR ( 'NONE', #3522, 100.0000000000000000 ) ;
#1656 = ORIENTED_EDGE ( 'NONE', *, *, #2348, .T. ) ;
#1657 = CARTESIAN_POINT ( 'NONE',  ( -8.999999999999994671, 8.999999999999998224, 0.3175000000000000044 ) ) ;
#1658 = ORIENTED_EDGE ( 'NONE', *, *, #2908, .T. ) ;
#1659 = CARTESIAN_POINT ( 'NONE',  ( -8.999999999999994671, 8.999999999999998224, 0.000000000000000000 ) ) ;
#1660 = ORIENTED_EDGE ( 'NONE', *, *, #3964, .T. ) ;
#1661 = LINE ( 'NONE', #1582, #1888 ) ;
#1662 = LINE ( 'NONE', #2240, #2099 ) ;
#1663 = LINE ( 'NONE', #2929, #2884 ) ;
#1664 = EDGE_CURVE ( 'NONE', #389, #2251, #1744, .T. ) ;
#1665 = DIRECTION ( 'NONE',  ( 0.000000000000000000, 1.000000000000000000, 0.000000000000000000 ) ) ;
#1666 = FACE_OUTER_BOUND ( 'NONE', #2740, .T. ) ;
#1667 = ORIENTED_EDGE ( 'NONE', *, *, #2213, .T. ) ;
#1668 = PLANE ( 'NONE',  #1884 ) ;
#1669 = VERTEX_POINT ( 'NONE', #3638 ) ;
#1670 = DIRECTION ( 'NONE',  ( -1.000000000000000000, 0.000000000000000000, 0.000000000000000000 ) ) ;
#1671 = VERTEX_POINT ( 'NONE', #1989 ) ;
#1672 = ORIENTED_EDGE ( 'NONE', *, *, #484, .T. ) ;
#1673 = EDGE_CURVE ( 'NONE', #1031, #3171, #3539, .T. ) ;
#1674 = LINE ( 'NONE', #1739, #663 ) ;
#1675 = EDGE_LOOP ( 'NONE', ( #837, #3469, #3618, #865 ) ) ;
#1676 = CARTESIAN_POINT ( 'NONE',  ( -10.99999999999999112, -8.589999999999999858, 0.1349999999999999534 ) ) ;
#1677 = EDGE_LOOP ( 'NONE', ( #3570, #426, #2965, #1533 ) ) ;
#1678 = EDGE_CURVE ( 'NONE', #3856, #1441, #1501, .T. ) ;
#1679 = VERTEX_POINT ( 'NONE', #3576 ) ;
#1680 = DIRECTION ( 'NONE',  ( -1.000000000000000000, 0.000000000000000000, 0.000000000000000000 ) ) ;
#1681 = VERTEX_POINT ( 'NONE', #3907 ) ;
#1682 = CARTESIAN_POINT ( 'NONE',  ( 7.635000000000004228, -10.99999999999999645, 0.6350000000000000089 ) ) ;
#1683 = CARTESIAN_POINT ( 'NONE',  ( 10.81999999999999851, -9.409999999999994813, 0.6350000000000000089 ) ) ;
#1684 = DIRECTION ( 'NONE',  ( -0.000000000000000000, 0.000000000000000000, 1.000000000000000000 ) ) ;
#1685 = EDGE_CURVE ( 'NONE', #3656, #2066, #1101, .T. ) ;
#1686 = ADVANCED_FACE ( 'NONE', ( #3332 ), #728, .F. ) ;
#1687 = DIRECTION ( 'NONE',  ( -0.4999999999999980571, -0.8660254037844398178, 0.000000000000000000 ) ) ;
#1688 = ORIENTED_EDGE ( 'NONE', *, *, #3554, .F. ) ;
#1689 = DIRECTION ( 'NONE',  ( -1.000000000000000000, 0.000000000000000000, 0.000000000000000000 ) ) ;
#1690 = ORIENTED_EDGE ( 'NONE', *, *, #1549, .T. ) ;
#1691 = ORIENTED_EDGE ( 'NONE', *, *, #3388, .T. ) ;
#1692 = EDGE_CURVE ( 'NONE', #1581, #1298, #2007, .T. ) ;
#1693 = AXIS2_PLACEMENT_3D ( 'NONE', #3763, #2755, #3086 ) ;
#1694 = CARTESIAN_POINT ( 'NONE',  ( 9.000000000000000000, 8.690000000000001279, 0.000000000000000000 ) ) ;
#1695 = VECTOR ( 'NONE', #429, 100.0000000000000000 ) ;
#1696 = ORIENTED_EDGE ( 'NONE', *, *, #1204, .T. ) ;
#1697 = LINE ( 'NONE', #2024, #899 ) ;
#1698 = ORIENTED_EDGE ( 'NONE', *, *, #554, .F. ) ;
#1699 = VECTOR ( 'NONE', #3305, 100.0000000000000000 ) ;
#1700 = ORIENTED_EDGE ( 'NONE', *, *, #1692, .F. ) ;
#1701 = CARTESIAN_POINT ( 'NONE',  ( 10.81999999999999851, -9.409999999999994813, 0.1349999999999999534 ) ) ;
#1702 = VECTOR ( 'NONE', #3884, 100.0000000000000000 ) ;
#1703 =( LENGTH_UNIT ( ) NAMED_UNIT ( * ) SI_UNIT ( .CENTI., .METRE. ) );
#1704 = VECTOR ( 'NONE', #1154, 100.0000000000000000 ) ;
#1705 = CARTESIAN_POINT ( 'NONE',  ( 9.000000000000001776, -8.999999999999998224, 0.000000000000000000 ) ) ;
#1706 = DIRECTION ( 'NONE',  ( 0.000000000000000000, -1.000000000000000000, 0.000000000000000000 ) ) ;
#1707 = LINE ( 'NONE', #811, #3030 ) ;
#1708 = LINE ( 'NONE', #19, #839 ) ;
#1709 = VECTOR ( 'NONE', #1176, 100.0000000000000000 ) ;
#1710 = AXIS2_PLACEMENT_3D ( 'NONE', #3435, #235, #608 ) ;
#1711 = CARTESIAN_POINT ( 'NONE',  ( -10.36499999999999488, -10.99999999999999645, 0.3175000000000000044 ) ) ;
#1712 = FACE_OUTER_BOUND ( 'NONE', #2001, .T. ) ;
#1713 = ORIENTED_EDGE ( 'NONE', *, *, #271, .F. ) ;
#1714 = FACE_BOUND ( 'NONE', #3564, .T. ) ;
#1715 = ORIENTED_EDGE ( 'NONE', *, *, #3908, .F. ) ;
#1716 = ORIENTED_EDGE ( 'NONE', *, *, #3631, .F. ) ;
#1717 = VECTOR ( 'NONE', #838, 100.0000000000000142 ) ;
#1718 = CARTESIAN_POINT ( 'NONE',  ( 10.99999999999999645, 7.635000000000004228, 0.3175000000000000044 ) ) ;
#1719 = VECTOR ( 'NONE', #2045, 100.0000000000000000 ) ;
#1720 = EDGE_CURVE ( 'NONE', #2707, #2297, #2988, .T. ) ;
#1721 = ORIENTED_EDGE ( 'NONE', *, *, #939, .F. ) ;
#1722 = CARTESIAN_POINT ( 'NONE',  ( -8.999999999999996447, -9.000000000000001776, 0.6350000000000000089 ) ) ;
#1723 = EDGE_LOOP ( 'NONE', ( #525, #786, #1492, #1136 ) ) ;
#1724 = VECTOR ( 'NONE', #879, 100.0000000000000000 ) ;
#1725 = ORIENTED_EDGE ( 'NONE', *, *, #2503, .T. ) ;
#1726 = DIRECTION ( 'NONE',  ( 0.000000000000000000, -1.000000000000000000, 0.000000000000000000 ) ) ;
#1727 = ORIENTED_EDGE ( 'NONE', *, *, #822, .T. ) ;
#1728 = ADVANCED_FACE ( 'NONE', ( #3619 ), #2303, .F. ) ;
#1729 = LINE ( 'NONE', #3598, #631 ) ;
#1730 = PLANE ( 'NONE',  #4000 ) ;
#1731 = CARTESIAN_POINT ( 'NONE',  ( 9.000000000000000000, 9.000000000000001776, 0.6350000000000000089 ) ) ;
#1732 = DIRECTION ( 'NONE',  ( 0.8660254037844398178, 0.4999999999999979461, 0.000000000000000000 ) ) ;
#1733 = DIRECTION ( 'NONE',  ( 0.000000000000000000, 0.000000000000000000, 1.000000000000000000 ) ) ;
#1734 = ADVANCED_FACE ( 'NONE', ( #2442 ), #230, .F. ) ;
#1735 = FACE_OUTER_BOUND ( 'NONE', #3284, .T. ) ;
#1736 = DIRECTION ( 'NONE',  ( 0.000000000000000000, 1.000000000000000000, 0.000000000000000000 ) ) ;
#1737 = CARTESIAN_POINT ( 'NONE',  ( -9.409999999999994813, -10.99999999999999645, 0.1349999999999999534 ) ) ;
#1738 = ORIENTED_EDGE ( 'NONE', *, *, #1010, .F. ) ;
#1739 = CARTESIAN_POINT ( 'NONE',  ( 9.410000000000000142, -10.81999999999999140, 0.6350000000000000089 ) ) ;
#1740 = ORIENTED_EDGE ( 'NONE', *, *, #1185, .T. ) ;
#1741 = CYLINDRICAL_SURFACE ( 'NONE', #1639, 2.500000000000000888 ) ;
#1742 = ADVANCED_FACE ( 'NONE', ( #866 ), #2400, .F. ) ;
#1743 = EDGE_LOOP ( 'NONE', ( #1802, #3833, #1325, #3 ) ) ;
#1744 = LINE ( 'NONE', #107, #2422 ) ;
#1745 = ORIENTED_EDGE ( 'NONE', *, *, #1664, .T. ) ;
#1746 = EDGE_CURVE ( 'NONE', #559, #1451, #2751, .T. ) ;
#1747 = CYLINDRICAL_SURFACE ( 'NONE', #1159, 0.3100000000000005529 ) ;
#1748 = CARTESIAN_POINT ( 'NONE',  ( -8.232042833102433121, 10.19999999999999574, 0.6350000000000000089 ) ) ;
#1749 = DIRECTION ( 'NONE',  ( 0.000000000000000000, -1.000000000000000000, 0.000000000000000000 ) ) ;
#1750 = PLANE ( 'NONE',  #3353 ) ;
#1751 = EDGE_CURVE ( 'NONE', #3438, #3790, #1156, .T. ) ;
#1752 = CARTESIAN_POINT ( 'NONE',  ( -8.589999999999992752, -10.81999999999999851, 0.6350000000000000089 ) ) ;
#1753 = DIRECTION ( 'NONE',  ( 0.000000000000000000, 0.000000000000000000, -1.000000000000000000 ) ) ;
#1754 = VERTEX_POINT ( 'NONE', #2715 ) ;
#1755 = LINE ( 'NONE', #2396, #2252 ) ;
#1756 = ORIENTED_EDGE ( 'NONE', *, *, #3234, .F. ) ;
#1757 = CARTESIAN_POINT ( 'NONE',  ( 25.63500000000000156, 10.36499999999999844, 0.3175000000000000044 ) ) ;
#1758 = VECTOR ( 'NONE', #343, 100.0000000000000000 ) ;
#1759 = VECTOR ( 'NONE', #1217, 100.0000000000000000 ) ;
#1760 = VERTEX_POINT ( 'NONE', #1472 ) ;
#1761 = DIRECTION ( 'NONE',  ( 0.8660254037844397068, 0.4999999999999980016, 0.000000000000000000 ) ) ;
#1762 = EDGE_CURVE ( 'NONE', #1629, #2783, #1800, .T. ) ;
#1763 = VERTEX_POINT ( 'NONE', #2733 ) ;
#1764 = VECTOR ( 'NONE', #180, 100.0000000000000000 ) ;
#1765 = VERTEX_POINT ( 'NONE', #3391 ) ;
#1766 = CARTESIAN_POINT ( 'NONE',  ( 9.894862706971711216E-16, -10.69500000000000384, 0.3175000000000011147 ) ) ;
#1767 = AXIS2_PLACEMENT_3D ( 'NONE', #598, #3443, #2745 ) ;
#1768 = FACE_OUTER_BOUND ( 'NONE', #1058, .T. ) ;
#1769 = EDGE_CURVE ( 'NONE', #1669, #2041, #3969, .T. ) ;
#1770 = DIRECTION ( 'NONE',  ( 0.4999999999999980571, 0.8660254037844398178, 0.000000000000000000 ) ) ;
#1771 = CARTESIAN_POINT ( 'NONE',  ( 8.589999999999999858, -10.99999999999999112, 0.1349999999999999534 ) ) ;
#1772 = EDGE_CURVE ( 'NONE', #2665, #1403, #2419, .T. ) ;
#1773 = LINE ( 'NONE', #3010, #1764 ) ;
#1774 = ORIENTED_EDGE ( 'NONE', *, *, #3577, .T. ) ;
#1775 = VECTOR ( 'NONE', #618, 100.0000000000000000 ) ;
#1776 = DIRECTION ( 'NONE',  ( 0.000000000000000000, -1.000000000000000000, 0.000000000000000000 ) ) ;
#1777 = ORIENTED_EDGE ( 'NONE', *, *, #625, .F. ) ;
#1778 = AXIS2_PLACEMENT_3D ( 'NONE', #3415, #548, #3089 ) ;
#1779 = EDGE_CURVE ( 'NONE', #3389, #1503, #3988, .T. ) ;
#1780 = FACE_OUTER_BOUND ( 'NONE', #1677, .T. ) ;
#1781 = CARTESIAN_POINT ( 'NONE',  ( 0.000000000000000000, 0.000000000000000000, 0.4000000000000000222 ) ) ;
#1782 = VECTOR ( 'NONE', #3768, 100.0000000000000000 ) ;
#1783 = ORIENTED_EDGE ( 'NONE', *, *, #3457, .F. ) ;
#1784 = CARTESIAN_POINT ( 'NONE',  ( -8.589999999999998082, 10.99999999999999112, 0.1349999999999999534 ) ) ;
#1785 = VECTOR ( 'NONE', #922, 100.0000000000000000 ) ;
#1786 = DIRECTION ( 'NONE',  ( -0.000000000000000000, 0.000000000000000000, 1.000000000000000000 ) ) ;
#1787 = CARTESIAN_POINT ( 'NONE',  ( -8.029999999999997584, -8.030000000000002913, 0.4000000000000000222 ) ) ;
#1788 = LINE ( 'NONE', #1145, #1650 ) ;
#1789 = CARTESIAN_POINT ( 'NONE',  ( -9.000000000000000000, 9.000000000000000000, 0.000000000000000000 ) ) ;
#1790 = ADVANCED_FACE ( 'NONE', ( #2106 ), #3042, .F. ) ;
#1791 = CARTESIAN_POINT ( 'NONE',  ( 7.634999999999997122, 10.99999999999999467, 0.6350000000000000089 ) ) ;
#1792 = DIRECTION ( 'NONE',  ( 0.000000000000000000, 0.000000000000000000, -1.000000000000000000 ) ) ;
#1793 = EDGE_CURVE ( 'NONE', #3782, #3432, #1091, .T. ) ;
#1794 = CARTESIAN_POINT ( 'NONE',  ( 9.000000000000001776, -8.999999999999996447, 0.6350000000000000089 ) ) ;
#1795 = CARTESIAN_POINT ( 'NONE',  ( 7.470000000000000639, 0.000000000000000000, 0.000000000000000000 ) ) ;
#1796 = DIRECTION ( 'NONE',  ( 1.000000000000000000, 0.000000000000000000, 0.000000000000000000 ) ) ;
#1797 = EDGE_LOOP ( 'NONE', ( #3762, #1835, #1998, #1076 ) ) ;
#1798 = ADVANCED_FACE ( 'NONE', ( #1112 ), #2375, .F. ) ;
#1799 = VERTEX_POINT ( 'NONE', #2057 ) ;
#1800 = LINE ( 'NONE', #824, #1165 ) ;
#1801 = DIRECTION ( 'NONE',  ( 0.000000000000000000, -1.000000000000000000, 0.000000000000000000 ) ) ;
#1802 = ORIENTED_EDGE ( 'NONE', *, *, #1259, .F. ) ;
#1803 = DIRECTION ( 'NONE',  ( -1.000000000000000000, -1.817653936845376443E-16, 0.000000000000000000 ) ) ;
#1804 = FACE_OUTER_BOUND ( 'NONE', #3286, .T. ) ;
#1805 = CARTESIAN_POINT ( 'NONE',  ( 9.409999999999996589, 10.99999999999999645, 0.6350000000000000089 ) ) ;
#1806 = DIRECTION ( 'NONE',  ( 0.000000000000000000, 0.000000000000000000, -1.000000000000000000 ) ) ;
#1807 = ORIENTED_EDGE ( 'NONE', *, *, #3161, .F. ) ;
#1808 = CARTESIAN_POINT ( 'NONE',  ( 7.370000000000000107, 7.470000000000000639, 0.4000000000000000222 ) ) ;
#1809 = VERTEX_POINT ( 'NONE', #3032 ) ;
#1810 = CARTESIAN_POINT ( 'NONE',  ( 0.000000000000000000, -7.470000000000000639, 0.4000000000000000222 ) ) ;
#1811 = EDGE_CURVE ( 'NONE', #2540, #1339, #475, .T. ) ;
#1812 = ADVANCED_FACE ( 'NONE', ( #2330 ), #3665, .T. ) ;
#1813 = ORIENTED_EDGE ( 'NONE', *, *, #208, .T. ) ;
#1814 = CARTESIAN_POINT ( 'NONE',  ( 10.99999999999999645, -7.499999999999993783, 0.000000000000000000 ) ) ;
#1815 = DIRECTION ( 'NONE',  ( -0.000000000000000000, -0.000000000000000000, 1.000000000000000000 ) ) ;
#1816 = EDGE_CURVE ( 'NONE', #3053, #3124, #50, .T. ) ;
#1817 = ORIENTED_EDGE ( 'NONE', *, *, #629, .F. ) ;
#1818 = EDGE_LOOP ( 'NONE', ( #1843, #1640, #1343, #3925 ) ) ;
#1819 = CARTESIAN_POINT ( 'NONE',  ( 7.370000000000000107, 7.470000000000000639, 0.000000000000000000 ) ) ;
#1820 = EDGE_LOOP ( 'NONE', ( #3246, #459, #3840, #181 ) ) ;
#1821 = VECTOR ( 'NONE', #2863, 100.0000000000000000 ) ;
#1822 = DIRECTION ( 'NONE',  ( -0.8660254037844398178, -0.4999999999999979461, 0.000000000000000000 ) ) ;
#1823 = LINE ( 'NONE', #255, #570 ) ;
#1824 = CYLINDRICAL_SURFACE ( 'NONE', #1710, 2.500000000000000888 ) ;
#1825 = VECTOR ( 'NONE', #2719, 100.0000000000000000 ) ;
#1826 = DIRECTION ( 'NONE',  ( -1.000000000000000000, -9.088269684226887144E-17, 0.000000000000000000 ) ) ;
#1827 = ORIENTED_EDGE ( 'NONE', *, *, #1003, .F. ) ;
#1828 = AXIS2_PLACEMENT_3D ( 'NONE', #2126, #3655, #542 ) ;
#1829 = CARTESIAN_POINT ( 'NONE',  ( 10.99999999999999645, -8.589999999999992752, 0.1349999999999999534 ) ) ;
#1830 = LINE ( 'NONE', #261, #1896 ) ;
#1831 = ORIENTED_EDGE ( 'NONE', *, *, #3867, .T. ) ;
#1832 = AXIS2_PLACEMENT_3D ( 'NONE', #13, #2865, #3513 ) ;
#1833 = CIRCLE ( 'NONE', #56, 2.500000000000000888 ) ;
#1834 = FACE_OUTER_BOUND ( 'NONE', #1150, .T. ) ;
#1835 = ORIENTED_EDGE ( 'NONE', *, *, #1029, .F. ) ;
#1836 = PLANE ( 'NONE',  #2231 ) ;
#1837 = VERTEX_POINT ( 'NONE', #450 ) ;
#1838 = ORIENTED_EDGE ( 'NONE', *, *, #1259, .T. ) ;
#1839 = EDGE_CURVE ( 'NONE', #2730, #2937, #2660, .T. ) ;
#1840 = VECTOR ( 'NONE', #3184, 100.0000000000000000 ) ;
#1841 = ORIENTED_EDGE ( 'NONE', *, *, #2014, .F. ) ;
#1842 = FACE_OUTER_BOUND ( 'NONE', #2807, .T. ) ;
#1843 = ORIENTED_EDGE ( 'NONE', *, *, #1177, .F. ) ;
#1844 = ORIENTED_EDGE ( 'NONE', *, *, #1127, .F. ) ;
#1845 = DIRECTION ( 'NONE',  ( -0.000000000000000000, 0.000000000000000000, 1.000000000000000000 ) ) ;
#1846 = CARTESIAN_POINT ( 'NONE',  ( 10.99999999999999822, 10.36499999999999666, 0.3175000000000000044 ) ) ;
#1847 = VECTOR ( 'NONE', #622, 100.0000000000000142 ) ;
#1848 = PLANE ( 'NONE',  #4080 ) ;
#1849 = PLANE ( 'NONE',  #251 ) ;
#1850 = EDGE_CURVE ( 'NONE', #1679, #2058, #3342, .T. ) ;
#1851 = EDGE_LOOP ( 'NONE', ( #575, #2105, #2083, #944 ) ) ;
#1852 = CARTESIAN_POINT ( 'NONE',  ( -7.470000000000000639, -7.370000000000000107, 0.000000000000000000 ) ) ;
#1853 = CARTESIAN_POINT ( 'NONE',  ( 10.69500000000000206, -7.162345244612028594, 0.000000000000000000 ) ) ;
#1854 = ADVANCED_FACE ( 'NONE', ( #1712 ), #1133, .F. ) ;
#1855 = DIRECTION ( 'NONE',  ( 0.000000000000000000, 0.000000000000000000, -1.000000000000000000 ) ) ;
#1856 = ORIENTED_EDGE ( 'NONE', *, *, #223, .F. ) ;
#1857 = CARTESIAN_POINT ( 'NONE',  ( 10.50000000000000000, -10.99999999999999645, 0.000000000000000000 ) ) ;
#1858 = VERTEX_POINT ( 'NONE', #836 ) ;
#1859 = DIRECTION ( 'NONE',  ( 0.7071067811865475727, -0.7071067811865475727, 0.000000000000000000 ) ) ;
#1860 = EDGE_LOOP ( 'NONE', ( #423, #2761, #2377, #2461 ) ) ;
#1861 = ORIENTED_EDGE ( 'NONE', *, *, #2223, .F. ) ;
#1862 = EDGE_LOOP ( 'NONE', ( #995, #1727, #2063, #2877, #2717, #3043 ) ) ;
#1863 = CYLINDRICAL_SURFACE ( 'NONE', #371, 2.499999999999999556 ) ;
#1864 = FACE_OUTER_BOUND ( 'NONE', #97, .T. ) ;
#1865 = PLANE ( 'NONE',  #193 ) ;
#1866 = DIRECTION ( 'NONE',  ( 1.000000000000000000, 0.000000000000000000, 0.000000000000000000 ) ) ;
#1867 = EDGE_CURVE ( 'NONE', #3951, #2251, #1461, .T. ) ;
#1868 = ORIENTED_EDGE ( 'NONE', *, *, #100, .F. ) ;
#1869 = CARTESIAN_POINT ( 'NONE',  ( 10.20000000000000107, -9.767957166897559773, 0.1349999999999999534 ) ) ;
#1870 = EDGE_CURVE ( 'NONE', #2026, #2438, #2688, .T. ) ;
#1871 = CARTESIAN_POINT ( 'NONE',  ( 8.589999999999999858, -10.81999999999999140, 0.1349999999999999534 ) ) ;
#1872 = FACE_OUTER_BOUND ( 'NONE', #2857, .T. ) ;
#1873 = ORIENTED_EDGE ( 'NONE', *, *, #991, .T. ) ;
#1874 = ORIENTED_EDGE ( 'NONE', *, *, #2703, .T. ) ;
#1875 = LINE ( 'NONE', #1575, #3294 ) ;
#1876 = VERTEX_POINT ( 'NONE', #1752 ) ;
#1877 = ORIENTED_EDGE ( 'NONE', *, *, #2729, .T. ) ;
#1878 = DIRECTION ( 'NONE',  ( -1.817653936845377429E-16, 1.000000000000000000, 0.000000000000000000 ) ) ;
#1879 = CARTESIAN_POINT ( 'NONE',  ( 0.000000000000000000, 8.030000000000004690, 0.4000000000000000222 ) ) ;
#1880 = EDGE_CURVE ( 'NONE', #1378, #1558, #3362, .T. ) ;
#1881 = FACE_OUTER_BOUND ( 'NONE', #1505, .T. ) ;
#1882 = LINE ( 'NONE', #1324, #3230 ) ;
#1883 = CARTESIAN_POINT ( 'NONE',  ( 0.000000000000000000, 0.000000000000000000, 0.1349999999999999534 ) ) ;
#1884 = AXIS2_PLACEMENT_3D ( 'NONE', #115, #1687, #3851 ) ;
#1885 = EDGE_CURVE ( 'NONE', #1609, #2189, #1773, .T. ) ;
#1886 = DIRECTION ( 'NONE',  ( 0.000000000000000000, 1.000000000000000000, 0.000000000000000000 ) ) ;
#1887 = CARTESIAN_POINT ( 'NONE',  ( -8.589999999999998082, 10.81999999999999140, 0.1349999999999999534 ) ) ;
#1888 = VECTOR ( 'NONE', #1344, 100.0000000000000000 ) ;
#1889 = DIRECTION ( 'NONE',  ( -0.000000000000000000, 0.000000000000000000, 1.000000000000000000 ) ) ;
#1890 = AXIS2_PLACEMENT_3D ( 'NONE', #1659, #3859, #1032 ) ;
#1891 = DIRECTION ( 'NONE',  ( 1.000000000000000000, -1.817653936845377429E-16, 0.000000000000000000 ) ) ;
#1892 = VERTEX_POINT ( 'NONE', #2722 ) ;
#1893 = VECTOR ( 'NONE', #3177, 100.0000000000000000 ) ;
#1894 = ORIENTED_EDGE ( 'NONE', *, *, #4033, .F. ) ;
#1895 = DIRECTION ( 'NONE',  ( 0.000000000000000000, 1.000000000000000000, -0.000000000000000000 ) ) ;
#1896 = VECTOR ( 'NONE', #3998, 100.0000000000000000 ) ;
#1897 = ORIENTED_EDGE ( 'NONE', *, *, #1996, .T. ) ;
#1898 = ORIENTED_EDGE ( 'NONE', *, *, #2448, .F. ) ;
#1899 = VECTOR ( 'NONE', #1353, 100.0000000000000000 ) ;
#1900 = LINE ( 'NONE', #3231, #1847 ) ;
#1901 = LINE ( 'NONE', #3901, #3237 ) ;
#1902 = CARTESIAN_POINT ( 'NONE',  ( 8.589999999999999858, -10.81999999999999140, 0.6350000000000000089 ) ) ;
#1903 = LINE ( 'NONE', #933, #716 ) ;
#1904 = DIRECTION ( 'NONE',  ( 0.000000000000000000, 0.000000000000000000, -1.000000000000000000 ) ) ;
#1905 = AXIS2_PLACEMENT_3D ( 'NONE', #203, #3898, #1115 ) ;
#1906 = AXIS2_PLACEMENT_3D ( 'NONE', #1657, #2922, #1421 ) ;
#1907 = CARTESIAN_POINT ( 'NONE',  ( 25.63500000000000156, 10.36499999999999844, 0.6350000000000000089 ) ) ;
#1908 = LINE ( 'NONE', #676, #1511 ) ;
#1909 = VERTEX_POINT ( 'NONE', #3050 ) ;
#1910 = AXIS2_PLACEMENT_3D ( 'NONE', #365, #2803, #633 ) ;
#1911 = ADVANCED_FACE ( 'NONE', ( #1440 ), #3977, .F. ) ;
#1912 = PLANE ( 'NONE',  #333 ) ;
#1913 = ORIENTED_EDGE ( 'NONE', *, *, #2245, .T. ) ;
#1914 = LINE ( 'NONE', #2311, #63 ) ;
#1915 = DIRECTION ( 'NONE',  ( -1.000000000000000000, 0.000000000000000000, 0.000000000000000000 ) ) ;
#1916 = EDGE_LOOP ( 'NONE', ( #1211, #3069, #2989, #1922 ) ) ;
#1917 = ADVANCED_FACE ( 'NONE', ( #139 ), #1417, .T. ) ;
#1918 = ORIENTED_EDGE ( 'NONE', *, *, #2494, .T. ) ;
#1919 = ADVANCED_FACE ( 'NONE', ( #778 ), #2682, .F. ) ;
#1920 = CYLINDRICAL_SURFACE ( 'NONE', #114, 2.499999999999999556 ) ;
#1921 = VERTEX_POINT ( 'NONE', #3398 ) ;
#1922 = ORIENTED_EDGE ( 'NONE', *, *, #86, .T. ) ;
#1923 = CARTESIAN_POINT ( 'NONE',  ( 10.36499999999999488, 7.635000000000004228, 0.3175000000000000044 ) ) ;
#1924 = DIRECTION ( 'NONE',  ( 0.000000000000000000, 0.000000000000000000, -1.000000000000000000 ) ) ;
#1925 = CARTESIAN_POINT ( 'NONE',  ( 10.69500000000000206, 7.162345244612039252, 0.6350000000000000089 ) ) ;
#1926 = DIRECTION ( 'NONE',  ( 0.000000000000000000, 1.000000000000000000, 0.000000000000000000 ) ) ;
#1927 = CARTESIAN_POINT ( 'NONE',  ( 9.410000000000000142, -10.81999999999999140, 0.1349999999999999534 ) ) ;
#1928 = PLANE ( 'NONE',  #2567 ) ;
#1929 = ORIENTED_EDGE ( 'NONE', *, *, #1974, .T. ) ;
#1930 = VERTEX_POINT ( 'NONE', #3418 ) ;
#1931 = DIRECTION ( 'NONE',  ( 0.000000000000000000, 0.000000000000000000, 1.000000000000000000 ) ) ;
#1932 = VERTEX_POINT ( 'NONE', #1808 ) ;
#1933 = EDGE_CURVE ( 'NONE', #4060, #2644, #2468, .T. ) ;
#1934 = EDGE_CURVE ( 'NONE', #2541, #210, #3135, .T. ) ;
#1935 = LINE ( 'NONE', #2850, #3426 ) ;
#1936 = DIRECTION ( 'NONE',  ( 0.000000000000000000, 0.000000000000000000, 1.000000000000000000 ) ) ;
#1937 = EDGE_CURVE ( 'NONE', #2402, #1444, #2182, .T. ) ;
#1938 = VERTEX_POINT ( 'NONE', #1166 ) ;
#1939 = LINE ( 'NONE', #3188, #2030 ) ;
#1940 = VERTEX_POINT ( 'NONE', #1869 ) ;
#1941 = ADVANCED_FACE ( 'NONE', ( #4053 ), #611, .T. ) ;
#1942 = ORIENTED_EDGE ( 'NONE', *, *, #86, .F. ) ;
#1943 = DIRECTION ( 'NONE',  ( -0.000000000000000000, 0.000000000000000000, 1.000000000000000000 ) ) ;
#1944 = PLANE ( 'NONE',  #3934 ) ;
#1945 = DIRECTION ( 'NONE',  ( -1.000000000000000000, 0.000000000000000000, -0.000000000000000000 ) ) ;
#1946 = LINE ( 'NONE', #1682, #1821 ) ;
#1947 = DIRECTION ( 'NONE',  ( 9.251858538542972814E-17, -1.000000000000000000, 0.000000000000000000 ) ) ;
#1948 = DIRECTION ( 'NONE',  ( 0.000000000000000000, 1.000000000000000000, -0.000000000000000000 ) ) ;
#1949 = VECTOR ( 'NONE', #777, 100.0000000000000000 ) ;
#1950 = EDGE_LOOP ( 'NONE', ( #2060, #990, #1420, #2834, #2563, #3772, #1407, #2144, #3609, #246, #3203, #1408, #4069, #1119, #3223, #2523, #2005, #1567, #2537, #4, #2338, #604, #3515, #816, #616, #2841, #3262, #1532, #579, #1827, #165, #904, #1194, #3980, #3530, #61, #1552, #3718, #2275, #282, #3293, #2808, #2274, #2516, #544, #1756, #2168, #1738, #1072, #3928, #970, #211, #3900, #237, #2685, #2186, #1716, #758, #3110, #2361, #1543, #698, #422, #2596, #2226, #403, #79, #619, #3751, #2210, #908, #214, #1700, #4047, #2237, #3374 ) ) ;
#1951 = AXIS2_PLACEMENT_3D ( 'NONE', #1538, #546, #1216 ) ;
#1952 = DIRECTION ( 'NONE',  ( 0.000000000000000000, -1.000000000000000000, 0.000000000000000000 ) ) ;
#1953 = VERTEX_POINT ( 'NONE', #875 ) ;
#1954 = LINE ( 'NONE', #3508, #1899 ) ;
#1955 = AXIS2_PLACEMENT_3D ( 'NONE', #3556, #1680, #1080 ) ;
#1956 = VECTOR ( 'NONE', #1531, 100.0000000000000000 ) ;
#1957 = ORIENTED_EDGE ( 'NONE', *, *, #1839, .F. ) ;
#1958 = DIRECTION ( 'NONE',  ( -0.000000000000000000, 1.000000000000000000, 0.000000000000000000 ) ) ;
#1959 = VECTOR ( 'NONE', #1547, 100.0000000000000000 ) ;
#1960 = ORIENTED_EDGE ( 'NONE', *, *, #2246, .F. ) ;
#1961 = EDGE_CURVE ( 'NONE', #2058, #3381, #2156, .T. ) ;
#1962 = EDGE_LOOP ( 'NONE', ( #268, #637, #3589, #3566, #3051, #1319, #2746, #2530 ) ) ;
#1963 = CARTESIAN_POINT ( 'NONE',  ( -7.635000000000003340, 10.36499999999999666, 0.3175000000000000044 ) ) ;
#1964 = VECTOR ( 'NONE', #3241, 100.0000000000000000 ) ;
#1965 = ORIENTED_EDGE ( 'NONE', *, *, #1465, .T. ) ;
#1966 = CARTESIAN_POINT ( 'NONE',  ( 9.410000000000000142, -10.99999999999999112, 0.1349999999999999534 ) ) ;
#1967 = DIRECTION ( 'NONE',  ( -1.000000000000000000, -9.088269684226887144E-17, 0.000000000000000000 ) ) ;
#1968 = DIRECTION ( 'NONE',  ( 0.000000000000000000, -1.000000000000000000, 0.000000000000000000 ) ) ;
#1969 = VECTOR ( 'NONE', #491, 100.0000000000000000 ) ;
#1970 = PLANE ( 'NONE',  #105 ) ;
#1971 = DIRECTION ( 'NONE',  ( 0.000000000000000000, -1.000000000000000000, 0.000000000000000000 ) ) ;
#1972 = AXIS2_PLACEMENT_3D ( 'NONE', #1162, #2427, #3474 ) ;
#1973 = CARTESIAN_POINT ( 'NONE',  ( -8.589999999999998082, 10.81999999999999140, 0.1349999999999999534 ) ) ;
#1974 = EDGE_CURVE ( 'NONE', #4019, #1581, #550, .T. ) ;
#1975 = ORIENTED_EDGE ( 'NONE', *, *, #1337, .F. ) ;
#1976 = VECTOR ( 'NONE', #2905, 100.0000000000000000 ) ;
#1977 = VECTOR ( 'NONE', #78, 100.0000000000000000 ) ;
#1978 = CARTESIAN_POINT ( 'NONE',  ( -10.99999999999999645, -10.36499999999999844, 0.6350000000000000089 ) ) ;
#1979 = ORIENTED_EDGE ( 'NONE', *, *, #3922, .T. ) ;
#1980 = DIRECTION ( 'NONE',  ( 0.000000000000000000, 1.000000000000000000, 0.000000000000000000 ) ) ;
#1981 = ADVANCED_FACE ( 'NONE', ( #592 ), #2487, .T. ) ;
#1982 = AXIS2_PLACEMENT_3D ( 'NONE', #3815, #3120, #1546 ) ;
#1983 = EDGE_LOOP ( 'NONE', ( #3697, #220, #1267, #3127 ) ) ;
#1984 = ORIENTED_EDGE ( 'NONE', *, *, #1720, .T. ) ;
#1985 = LINE ( 'NONE', #721, #3365 ) ;
#1986 = VERTEX_POINT ( 'NONE', #2739 ) ;
#1987 = FACE_OUTER_BOUND ( 'NONE', #945, .T. ) ;
#1988 = ORIENTED_EDGE ( 'NONE', *, *, #3448, .T. ) ;
#1989 = CARTESIAN_POINT ( 'NONE',  ( -10.99999999999999467, 7.634999999999997122, 0.6350000000000000089 ) ) ;
#1990 = ADVANCED_FACE ( 'NONE', ( #1188 ), #1247, .F. ) ;
#1991 = VERTEX_POINT ( 'NONE', #1852 ) ;
#1992 = DIRECTION ( 'NONE',  ( -0.000000000000000000, 0.000000000000000000, 1.000000000000000000 ) ) ;
#1993 = CARTESIAN_POINT ( 'NONE',  ( -8.589999999999992752, -10.81999999999999851, 0.1349999999999999534 ) ) ;
#1994 = EDGE_CURVE ( 'NONE', #2208, #600, #1502, .T. ) ;
#1995 = FACE_OUTER_BOUND ( 'NONE', #4004, .T. ) ;
#1996 = EDGE_CURVE ( 'NONE', #1318, #1489, #3118, .T. ) ;
#1997 = DIRECTION ( 'NONE',  ( -0.000000000000000000, 0.000000000000000000, 1.000000000000000000 ) ) ;
#1998 = ORIENTED_EDGE ( 'NONE', *, *, #2981, .F. ) ;
#1999 = DIRECTION ( 'NONE',  ( 0.7071067811865475727, -0.7071067811865475727, 0.000000000000000000 ) ) ;
#2000 = ORIENTED_EDGE ( 'NONE', *, *, #1867, .T. ) ;
#2001 = EDGE_LOOP ( 'NONE', ( #2844, #1321, #2692, #1302, #2023, #3242 ) ) ;
#2002 = DIRECTION ( 'NONE',  ( 0.000000000000000000, -1.000000000000000000, 0.000000000000000000 ) ) ;
#2003 = ORIENTED_EDGE ( 'NONE', *, *, #1484, .F. ) ;
#2004 = PLANE ( 'NONE',  #3944 ) ;
#2005 = ORIENTED_EDGE ( 'NONE', *, *, #2939, .F. ) ;
#2006 = EDGE_LOOP ( 'NONE', ( #2315, #2875, #327, #2293 ) ) ;
#2007 = LINE ( 'NONE', #441, #3084 ) ;
#2008 = EDGE_LOOP ( 'NONE', ( #2387, #993, #2238, #1186, #3796, #2750, #3754, #4058, #2316, #2571, #707, #1214 ) ) ;
#2009 = PLANE ( 'NONE',  #4020 ) ;
#2010 = LINE ( 'NONE', #3238, #1758 ) ;
#2011 = LINE ( 'NONE', #1456, #1825 ) ;
#2012 = CARTESIAN_POINT ( 'NONE',  ( -7.470000000000000639, 7.370000000000000107, 0.4000000000000000222 ) ) ;
#2013 = CARTESIAN_POINT ( 'NONE',  ( 8.030000000000004690, -8.030000000000002913, 0.4000000000000000222 ) ) ;
#2014 = EDGE_CURVE ( 'NONE', #3716, #2541, #295, .T. ) ;
#2015 = CARTESIAN_POINT ( 'NONE',  ( -7.162345244612033923, -10.69500000000000384, 0.6350000000000000089 ) ) ;
#2016 = DIRECTION ( 'NONE',  ( 0.000000000000000000, 0.000000000000000000, -1.000000000000000000 ) ) ;
#2017 = LINE ( 'NONE', #3667, #2173 ) ;
#2018 = ORIENTED_EDGE ( 'NONE', *, *, #2294, .F. ) ;
#2019 = ORIENTED_EDGE ( 'NONE', *, *, #51, .F. ) ;
#2020 = VECTOR ( 'NONE', #3584, 100.0000000000000142 ) ;
#2021 = DIRECTION ( 'NONE',  ( -0.000000000000000000, 0.000000000000000000, 1.000000000000000000 ) ) ;
#2022 = VECTOR ( 'NONE', #1144, 100.0000000000000000 ) ;
#2023 = ORIENTED_EDGE ( 'NONE', *, *, #294, .T. ) ;
#2024 = CARTESIAN_POINT ( 'NONE',  ( 7.470000000000000639, -7.370000000000000107, 0.4000000000000000222 ) ) ;
#2025 = ADVANCED_FACE ( 'NONE', ( #2801 ), #2784, .F. ) ;
#2026 = VERTEX_POINT ( 'NONE', #279 ) ;
#2027 = AXIS2_PLACEMENT_3D ( 'NONE', #239, #1886, #2134 ) ;
#2028 = EDGE_LOOP ( 'NONE', ( #2500, #2792, #744, #1672 ) ) ;
#2029 = DIRECTION ( 'NONE',  ( 0.000000000000000000, 0.000000000000000000, 1.000000000000000000 ) ) ;
#2030 = VECTOR ( 'NONE', #374, 100.0000000000000000 ) ;
#2031 = ORIENTED_EDGE ( 'NONE', *, *, #1233, .T. ) ;
#2032 = VECTOR ( 'NONE', #3164, 100.0000000000000000 ) ;
#2033 = DIRECTION ( 'NONE',  ( -1.000000000000000000, -9.251858538542974046E-17, 0.000000000000000000 ) ) ;
#2034 = LINE ( 'NONE', #2970, #2022 ) ;
#2035 = CARTESIAN_POINT ( 'NONE',  ( -10.81999999999999496, 9.409999999999996589, 0.1349999999999999534 ) ) ;
#2036 = DIRECTION ( 'NONE',  ( 0.000000000000000000, 0.000000000000000000, 1.000000000000000000 ) ) ;
#2037 = AXIS2_PLACEMENT_3D ( 'NONE', #1883, #3155, #318 ) ;
#2038 = AXIS2_PLACEMENT_3D ( 'NONE', #3912, #2992, #2699 ) ;
#2039 = CARTESIAN_POINT ( 'NONE',  ( 7.635000000000004228, -10.99999999999999645, 0.3175000000000000044 ) ) ;
#2040 = DIRECTION ( 'NONE',  ( 0.000000000000000000, -1.000000000000000000, 0.000000000000000000 ) ) ;
#2041 = VERTEX_POINT ( 'NONE', #1223 ) ;
#2042 = PLANE ( 'NONE',  #1905 ) ;
#2043 = EDGE_CURVE ( 'NONE', #456, #3666, #3996, .T. ) ;
#2044 = ORIENTED_EDGE ( 'NONE', *, *, #2494, .F. ) ;
#2045 = DIRECTION ( 'NONE',  ( -0.000000000000000000, 0.000000000000000000, 1.000000000000000000 ) ) ;
#2046 = EDGE_LOOP ( 'NONE', ( #4091, #3370, #2019, #1500 ) ) ;
#2047 = LINE ( 'NONE', #1360, #2694 ) ;
#2048 = EDGE_CURVE ( 'NONE', #782, #4046, #3439, .T. ) ;
#2049 = EDGE_CURVE ( 'NONE', #3856, #3171, #2198, .T. ) ;
#2050 = EDGE_LOOP ( 'NONE', ( #367, #2441, #1474, #3012, #3553, #305, #3117, #3836, #984, #3343, #3591, #3022 ) ) ;
#2051 = CARTESIAN_POINT ( 'NONE',  ( 8.589999999999994529, 10.99999999999999645, 0.6350000000000000089 ) ) ;
#2052 = ORIENTED_EDGE ( 'NONE', *, *, #3388, .F. ) ;
#2053 = CARTESIAN_POINT ( 'NONE',  ( -8.999999999999998224, -9.310000000000002274, 0.6350000000000000089 ) ) ;
#2054 = DIRECTION ( 'NONE',  ( 1.000000000000000000, 0.000000000000000000, 0.000000000000000000 ) ) ;
#2055 = LINE ( 'NONE', #2677, #189 ) ;
#2056 = FACE_OUTER_BOUND ( 'NONE', #2230, .T. ) ;
#2057 = CARTESIAN_POINT ( 'NONE',  ( 9.000000000000001776, -9.309999999999998721, 0.000000000000000000 ) ) ;
#2058 = VERTEX_POINT ( 'NONE', #3503 ) ;
#2059 = CARTESIAN_POINT ( 'NONE',  ( 10.36499999999999488, 7.635000000000004228, 0.3175000000000000044 ) ) ;
#2060 = ORIENTED_EDGE ( 'NONE', *, *, #480, .F. ) ;
#2061 = EDGE_CURVE ( 'NONE', #3189, #2648, #2532, .T. ) ;
#2062 = DIRECTION ( 'NONE',  ( 0.000000000000000000, -1.000000000000000000, 0.000000000000000000 ) ) ;
#2063 = ORIENTED_EDGE ( 'NONE', *, *, #2649, .T. ) ;
#2064 = LINE ( 'NONE', #3348, #1300 ) ;
#2065 = EDGE_CURVE ( 'NONE', #3306, #702, #981, .T. ) ;
#2066 = VERTEX_POINT ( 'NONE', #3196 ) ;
#2067 = DIRECTION ( 'NONE',  ( 1.000000000000000000, 0.000000000000000000, 0.000000000000000000 ) ) ;
#2068 = ORIENTED_EDGE ( 'NONE', *, *, #2116, .T. ) ;
#2069 = EDGE_CURVE ( 'NONE', #375, #559, #1019, .T. ) ;
#2070 = FACE_OUTER_BOUND ( 'NONE', #3040, .T. ) ;
#2071 = DIRECTION ( 'NONE',  ( 0.000000000000000000, -1.000000000000000000, 0.000000000000000000 ) ) ;
#2072 = DIRECTION ( 'NONE',  ( 0.000000000000000000, -1.000000000000000000, 0.000000000000000000 ) ) ;
#2073 = PRODUCT_DEFINITION_SHAPE ( 'NONE', 'NONE',  #2671 ) ;
#2074 = DIRECTION ( 'NONE',  ( 0.000000000000000000, -1.000000000000000000, 0.000000000000000000 ) ) ;
#2075 = CARTESIAN_POINT ( 'NONE',  ( 10.81999999999999851, -8.589999999999992752, 0.1349999999999999534 ) ) ;
#2076 = DIRECTION ( 'NONE',  ( -1.000000000000000000, 0.000000000000000000, 0.000000000000000000 ) ) ;
#2077 = DIRECTION ( 'NONE',  ( -1.000000000000000000, -1.817653936845377429E-16, 0.000000000000000000 ) ) ;
#2078 = ORIENTED_EDGE ( 'NONE', *, *, #2101, .T. ) ;
#2079 = CARTESIAN_POINT ( 'NONE',  ( -8.589999999999992752, -10.99999999999999645, 0.1349999999999999534 ) ) ;
#2080 = CARTESIAN_POINT ( 'NONE',  ( -10.36499999999999488, -10.36499999999999844, 0.3175000000000000044 ) ) ;
#2081 = VECTOR ( 'NONE', #410, 100.0000000000000000 ) ;
#2082 = VECTOR ( 'NONE', #3376, 100.0000000000000142 ) ;
#2083 = ORIENTED_EDGE ( 'NONE', *, *, #1111, .F. ) ;
#2084 = CARTESIAN_POINT ( 'NONE',  ( -10.99999999999999467, 8.589999999999994529, 0.1349999999999999534 ) ) ;
#2085 = ORIENTED_EDGE ( 'NONE', *, *, #100, .T. ) ;
#2086 = ADVANCED_FACE ( 'NONE', ( #1348 ), #1287, .F. ) ;
#2087 = VECTOR ( 'NONE', #919, 100.0000000000000000 ) ;
#2088 = CARTESIAN_POINT ( 'NONE',  ( -9.409999999999994813, -10.99999999999999645, 0.1349999999999999534 ) ) ;
#2089 = VECTOR ( 'NONE', #3465, 100.0000000000000000 ) ;
#2090 = PLANE ( 'NONE',  #1633 ) ;
#2091 = CARTESIAN_POINT ( 'NONE',  ( 9.000000000000001776, -8.999999999999998224, 0.000000000000000000 ) ) ;
#2092 = DIRECTION ( 'NONE',  ( 0.000000000000000000, 1.000000000000000000, 0.000000000000000000 ) ) ;
#2093 = VECTOR ( 'NONE', #2993, 100.0000000000000000 ) ;
#2094 = DIRECTION ( 'NONE',  ( 0.000000000000000000, 0.000000000000000000, -1.000000000000000000 ) ) ;
#2095 = EDGE_CURVE ( 'NONE', #2259, #3383, #3021, .T. ) ;
#2096 = EDGE_LOOP ( 'NONE', ( #1873, #2586, #3187, #487 ) ) ;
#2097 = CARTESIAN_POINT ( 'NONE',  ( 10.49999999999999467, 10.99999999999999467, 0.6350000000000000089 ) ) ;
#2098 = ORIENTED_EDGE ( 'NONE', *, *, #1961, .F. ) ;
#2099 = VECTOR ( 'NONE', #2573, 100.0000000000000000 ) ;
#2100 = DIRECTION ( 'NONE',  ( 0.000000000000000000, 1.000000000000000000, 0.000000000000000000 ) ) ;
#2101 = EDGE_CURVE ( 'NONE', #2667, #224, #1623, .T. ) ;
#2102 = DIRECTION ( 'NONE',  ( -1.000000000000000000, 0.000000000000000000, -0.000000000000000000 ) ) ;
#2103 = DIRECTION ( 'NONE',  ( 0.000000000000000000, 0.000000000000000000, 1.000000000000000000 ) ) ;
#2104 = VECTOR ( 'NONE', #1529, 100.0000000000000000 ) ;
#2105 = ORIENTED_EDGE ( 'NONE', *, *, #686, .F. ) ;
#2106 = FACE_OUTER_BOUND ( 'NONE', #3290, .T. ) ;
#2107 = CARTESIAN_POINT ( 'NONE',  ( 8.589999999999999858, -10.81999999999999140, 0.1349999999999999534 ) ) ;
#2108 = CIRCLE ( 'NONE', #1388, 0.3100000000000005529 ) ;
#2109 = EDGE_LOOP ( 'NONE', ( #3511, #192, #4039, #3170 ) ) ;
#2110 = PLANE ( 'NONE',  #1951 ) ;
#2111 = EDGE_CURVE ( 'NONE', #2204, #3673, #2295, .T. ) ;
#2112 = EDGE_CURVE ( 'NONE', #3528, #3183, #54, .T. ) ;
#2113 = DIRECTION ( 'NONE',  ( -1.000000000000000000, 0.000000000000000000, 0.000000000000000000 ) ) ;
#2114 = CARTESIAN_POINT ( 'NONE',  ( -10.99999999999999467, 10.49999999999999467, 0.3175000000000000044 ) ) ;
#2115 = FACE_OUTER_BOUND ( 'NONE', #3390, .T. ) ;
#2116 = EDGE_CURVE ( 'NONE', #3668, #3963, #411, .T. ) ;
#2117 = DIRECTION ( 'NONE',  ( -0.000000000000000000, 0.000000000000000000, 1.000000000000000000 ) ) ;
#2118 = ORIENTED_EDGE ( 'NONE', *, *, #2962, .T. ) ;
#2119 = DIRECTION ( 'NONE',  ( 0.000000000000000000, 0.000000000000000000, 1.000000000000000000 ) ) ;
#2120 = ORIENTED_EDGE ( 'NONE', *, *, #711, .F. ) ;
#2121 = CARTESIAN_POINT ( 'NONE',  ( 10.36499999999999488, 25.63499999999999801, 0.3175000000000000044 ) ) ;
#2122 = CARTESIAN_POINT ( 'NONE',  ( 10.99999999999999645, -8.589999999999992752, 0.1349999999999999534 ) ) ;
#2123 = ORIENTED_EDGE ( 'NONE', *, *, #1127, .T. ) ;
#2124 = EDGE_LOOP ( 'NONE', ( #886, #1093, #968, #763 ) ) ;
#2125 = ORIENTED_EDGE ( 'NONE', *, *, #1364, .T. ) ;
#2126 = CARTESIAN_POINT ( 'NONE',  ( -8.999999999999998224, -9.000000000000001776, 0.000000000000000000 ) ) ;
#2127 = PLANE ( 'NONE',  #521 ) ;
#2128 = VERTEX_POINT ( 'NONE', #713 ) ;
#2129 = CARTESIAN_POINT ( 'NONE',  ( -7.470000000000000639, 0.000000000000000000, 0.4000000000000000222 ) ) ;
#2130 = DIRECTION ( 'NONE',  ( 0.000000000000000000, 0.000000000000000000, -1.000000000000000000 ) ) ;
#2131 = DIRECTION ( 'NONE',  ( 0.8660254037844397068, -0.4999999999999980016, 0.000000000000000000 ) ) ;
#2132 = CARTESIAN_POINT ( 'NONE',  ( -9.409999999999998366, 10.81999999999999140, 0.1349999999999999534 ) ) ;
#2133 = ORIENTED_EDGE ( 'NONE', *, *, #1793, .F. ) ;
#2134 = DIRECTION ( 'NONE',  ( -1.000000000000000000, 0.000000000000000000, 0.000000000000000000 ) ) ;
#2135 = DIRECTION ( 'NONE',  ( -0.000000000000000000, 0.000000000000000000, 1.000000000000000000 ) ) ;
#2136 = VERTEX_POINT ( 'NONE', #344 ) ;
#2137 = EDGE_CURVE ( 'NONE', #1503, #2557, #2930, .T. ) ;
#2138 = DIRECTION ( 'NONE',  ( 0.000000000000000000, 0.000000000000000000, -1.000000000000000000 ) ) ;
#2139 = CARTESIAN_POINT ( 'NONE',  ( 9.000000000000001776, -9.309999999999998721, 0.000000000000000000 ) ) ;
#2140 = ORIENTED_EDGE ( 'NONE', *, *, #3908, .T. ) ;
#2141 = VERTEX_POINT ( 'NONE', #92 ) ;
#2142 = VERTEX_POINT ( 'NONE', #1648 ) ;
#2143 = VECTOR ( 'NONE', #793, 100.0000000000000000 ) ;
#2144 = ORIENTED_EDGE ( 'NONE', *, *, #2629, .F. ) ;
#2145 = ADVANCED_FACE ( 'NONE', ( #693 ), #3215, .T. ) ;
#2146 = CARTESIAN_POINT ( 'NONE',  ( -8.999999999999998224, -8.690000000000001279, 0.6350000000000000089 ) ) ;
#2147 = CIRCLE ( 'NONE', #372, 2.500000000000000888 ) ;
#2148 = LINE ( 'NONE', #3320, #2552 ) ;
#2149 = CARTESIAN_POINT ( 'NONE',  ( 10.99999999999999645, -7.499999999999993783, 0.6350000000000000089 ) ) ;
#2150 = EDGE_CURVE ( 'NONE', #683, #2402, #3870, .T. ) ;
#2151 = CARTESIAN_POINT ( 'NONE',  ( -10.99999999999999467, 7.634999999999997122, 0.6350000000000000089 ) ) ;
#2152 = VECTOR ( 'NONE', #3645, 100.0000000000000142 ) ;
#2153 = DIRECTION ( 'NONE',  ( 9.251858538542974046E-17, -1.000000000000000000, 0.000000000000000000 ) ) ;
#2154 = ORIENTED_EDGE ( 'NONE', *, *, #2848, .F. ) ;
#2155 = VECTOR ( 'NONE', #4008, 100.0000000000000000 ) ;
#2156 = LINE ( 'NONE', #3723, #1362 ) ;
#2157 = CARTESIAN_POINT ( 'NONE',  ( 8.030000000000004690, 8.030000000000004690, 0.4000000000000000222 ) ) ;
#2158 = VECTOR ( 'NONE', #342, 100.0000000000000000 ) ;
#2159 = PLANE ( 'NONE',  #726 ) ;
#2160 = ORIENTED_EDGE ( 'NONE', *, *, #652, .T. ) ;
#2161 = EDGE_CURVE ( 'NONE', #1940, #670, #1042, .T. ) ;
#2162 = CARTESIAN_POINT ( 'NONE',  ( 11.00000000000000711, -10.49999999999999467, 0.000000000000000000 ) ) ;
#2163 = ORIENTED_EDGE ( 'NONE', *, *, #1010, .T. ) ;
#2164 = VECTOR ( 'NONE', #3717, 100.0000000000000142 ) ;
#2165 = VERTEX_POINT ( 'NONE', #32 ) ;
#2166 = EDGE_CURVE ( 'NONE', #883, #2485, #732, .T. ) ;
#2167 = VECTOR ( 'NONE', #2465, 100.0000000000000000 ) ;
#2168 = ORIENTED_EDGE ( 'NONE', *, *, #3240, .F. ) ;
#2169 = CARTESIAN_POINT ( 'NONE',  ( -10.99999999999999645, -7.500000000000000000, 0.3175000000000000044 ) ) ;
#2170 = ORIENTED_EDGE ( 'NONE', *, *, #3510, .T. ) ;
#2171 = EDGE_LOOP ( 'NONE', ( #3064, #2395, #1480, #2771 ) ) ;
#2172 = VECTOR ( 'NONE', #2102, 100.0000000000000000 ) ;
#2173 = VECTOR ( 'NONE', #2410, 100.0000000000000000 ) ;
#2174 = APPLICATION_CONTEXT ( 'automotive_design' ) ;
#2175 = ADVANCED_FACE ( 'NONE', ( #73 ), #386, .F. ) ;
#2176 = CARTESIAN_POINT ( 'NONE',  ( 9.410000000000000142, -10.81999999999999140, 0.1349999999999999534 ) ) ;
#2177 = CARTESIAN_POINT ( 'NONE',  ( 7.635000000000004228, -10.36499999999999488, 0.3175000000000000044 ) ) ;
#2178 = AXIS2_PLACEMENT_3D ( 'NONE', #2687, #2296, #3248 ) ;
#2179 = CARTESIAN_POINT ( 'NONE',  ( -10.99999999999999112, -8.589999999999999858, 0.1349999999999999534 ) ) ;
#2180 = LINE ( 'NONE', #2528, #1642 ) ;
#2181 = ORIENTED_EDGE ( 'NONE', *, *, #325, .T. ) ;
#2182 = LINE ( 'NONE', #569, #835 ) ;
#2183 = LINE ( 'NONE', #938, #3419 ) ;
#2184 = FACE_OUTER_BOUND ( 'NONE', #4027, .T. ) ;
#2185 = LINE ( 'NONE', #207, #2564 ) ;
#2186 = ORIENTED_EDGE ( 'NONE', *, *, #813, .F. ) ;
#2187 = ADVANCED_FACE ( 'NONE', ( #2913 ), #321, .F. ) ;
#2188 = CARTESIAN_POINT ( 'NONE',  ( -9.767957166897559773, -10.20000000000000107, 0.6350000000000000089 ) ) ;
#2189 = VERTEX_POINT ( 'NONE', #335 ) ;
#2190 = EDGE_CURVE ( 'NONE', #1536, #2409, #2942, .T. ) ;
#2191 = ORIENTED_EDGE ( 'NONE', *, *, #3105, .T. ) ;
#2192 = CARTESIAN_POINT ( 'NONE',  ( 10.99999999999999645, 10.49999999999999822, 0.000000000000000000 ) ) ;
#2193 = CARTESIAN_POINT ( 'NONE',  ( 10.49999999999999467, 11.00000000000000000, 0.000000000000000000 ) ) ;
#2194 = CARTESIAN_POINT ( 'NONE',  ( -9.409999999999994813, -10.81999999999999851, 0.1349999999999999534 ) ) ;
#2195 = CARTESIAN_POINT ( 'NONE',  ( -7.470000000000000639, 7.370000000000000107, 0.4000000000000000222 ) ) ;
#2196 = EDGE_CURVE ( 'NONE', #3183, #1380, #2519, .T. ) ;
#2197 = UNCERTAINTY_MEASURE_WITH_UNIT (LENGTH_MEASURE( 1.000000000000000082E-05 ), #3052, 'distance_accuracy_value', 'NONE');
#2198 = LINE ( 'NONE', #2592, #3349 ) ;
#2199 = CARTESIAN_POINT ( 'NONE',  ( 10.36499999999999844, -10.36499999999999488, 0.3175000000000000044 ) ) ;
#2200 = CARTESIAN_POINT ( 'NONE',  ( -8.232042833102429569, -10.20000000000000107, 0.1349999999999999534 ) ) ;
#2201 = DIRECTION ( 'NONE',  ( 0.000000000000000000, -1.000000000000000000, 0.000000000000000000 ) ) ;
#2202 = VERTEX_POINT ( 'NONE', #3493 ) ;
#2203 = DIRECTION ( 'NONE',  ( -0.000000000000000000, 0.000000000000000000, 1.000000000000000000 ) ) ;
#2204 = VERTEX_POINT ( 'NONE', #668 ) ;
#2205 = VERTEX_POINT ( 'NONE', #42 ) ;
#2206 = CARTESIAN_POINT ( 'NONE',  ( -7.635000000000003340, 10.36499999999999666, 0.6350000000000000089 ) ) ;
#2207 = ORIENTED_EDGE ( 'NONE', *, *, #1994, .T. ) ;
#2208 = VERTEX_POINT ( 'NONE', #3777 ) ;
#2209 = ORIENTED_EDGE ( 'NONE', *, *, #3031, .T. ) ;
#2210 = ORIENTED_EDGE ( 'NONE', *, *, #1513, .F. ) ;
#2211 = CARTESIAN_POINT ( 'NONE',  ( 10.99999999999999645, -8.589999999999992752, 0.1349999999999999534 ) ) ;
#2212 = LINE ( 'NONE', #425, #2292 ) ;
#2213 = EDGE_CURVE ( 'NONE', #373, #1763, #3529, .T. ) ;
#2214 = DIRECTION ( 'NONE',  ( -0.000000000000000000, 0.000000000000000000, 1.000000000000000000 ) ) ;
#2215 = LINE ( 'NONE', #257, #390 ) ;
#2216 = ORIENTED_EDGE ( 'NONE', *, *, #572, .T. ) ;
#2217 = VECTOR ( 'NONE', #1618, 100.0000000000000000 ) ;
#2218 = DIRECTION ( 'NONE',  ( 0.8660254037844398178, -0.4999999999999980571, 0.000000000000000000 ) ) ;
#2219 = ADVANCED_FACE ( 'NONE', ( #1987 ), #1920, .T. ) ;
#2220 = CARTESIAN_POINT ( 'NONE',  ( -7.470000000000000639, -7.370000000000000107, 0.4000000000000000222 ) ) ;
#2221 = ORIENTED_EDGE ( 'NONE', *, *, #3409, .F. ) ;
#2222 = AXIS2_PLACEMENT_3D ( 'NONE', #3585, #815, #1736 ) ;
#2223 = EDGE_CURVE ( 'NONE', #2202, #58, #994, .T. ) ;
#2224 = DIRECTION ( 'NONE',  ( -0.000000000000000000, 0.000000000000000000, 1.000000000000000000 ) ) ;
#2225 = DIRECTION ( 'NONE',  ( -1.000000000000000000, 0.000000000000000000, 0.000000000000000000 ) ) ;
#2226 = ORIENTED_EDGE ( 'NONE', *, *, #2318, .F. ) ;
#2227 = AXIS2_PLACEMENT_3D ( 'NONE', #3540, #957, #2249 ) ;
#2228 = DIRECTION ( 'NONE',  ( 0.000000000000000000, 1.000000000000000000, 0.000000000000000000 ) ) ;
#2229 = CARTESIAN_POINT ( 'NONE',  ( 8.232042833102434898, -10.19999999999999396, 0.1349999999999999534 ) ) ;
#2230 = EDGE_LOOP ( 'NONE', ( #2300, #2764, #907, #1258 ) ) ;
#2231 = AXIS2_PLACEMENT_3D ( 'NONE', #4003, #3694, #266 ) ;
#2232 = ORIENTED_EDGE ( 'NONE', *, *, #1934, .T. ) ;
#2233 = CARTESIAN_POINT ( 'NONE',  ( -10.99999999999999467, 7.634999999999997122, 0.3175000000000000044 ) ) ;
#2234 = CIRCLE ( 'NONE', #457, 2.499999999999999556 ) ;
#2235 = ORIENTED_EDGE ( 'NONE', *, *, #3563, .T. ) ;
#2236 = VECTOR ( 'NONE', #1948, 100.0000000000000000 ) ;
#2237 = ORIENTED_EDGE ( 'NONE', *, *, #4055, .F. ) ;
#2238 = ORIENTED_EDGE ( 'NONE', *, *, #3702, .T. ) ;
#2239 = DIRECTION ( 'NONE',  ( -0.000000000000000000, 0.000000000000000000, 1.000000000000000000 ) ) ;
#2240 = CARTESIAN_POINT ( 'NONE',  ( 10.49999999999999467, 10.99999999999999467, 0.6350000000000000089 ) ) ;
#2241 = CARTESIAN_POINT ( 'NONE',  ( 8.030000000000004690, -8.030000000000002913, 0.4000000000000000222 ) ) ;
#2242 = CLOSED_SHELL ( 'NONE', ( #3813, #2273, #3194, #2777, #4082, #461, #3615, #519, #2853, #147, #1035, #2187, #3703, #534, #1812, #3428, #259, #1326, #2219, #1062, #4088, #4062, #427, #910, #980, #503, #1917, #2373, #3636, #1941, #1638, #262, #3687, #2175, #407, #2407, #3568, #1734, #874, #3657, #277, #1023, #2470, #1389, #1798, #3479, #2529, #3780, #2343, #3075, #1990, #1081, #431, #2025, #1616, #334, #3186, #1911, #3062, #2676, #3958, #1686, #1728, #759, #156, #1854, #3524, #3967, #1432, #706, #2829, #151, #2254, #1331, #1305, #3761, #1382, #3026, #2522, #3311, #25, #2743, #1341, #1189, #1139, #3916, #1280, #1140, #3104, #1790, #213, #5, #2086, #1370, #1595, #860, #1469, #537, #1919, #3943, #3379, #2323, #613, #2795, #3684, #2145, #2713, #3828, #3752, #3400, #331, #2585, #3527, #396, #2378, #2386, #3931, #1981, #2933, #3257, #167, #3938, #1008, #1742 ) ) ;
#2243 = ORIENTED_EDGE ( 'NONE', *, *, #2629, .T. ) ;
#2244 = VECTOR ( 'NONE', #2324, 100.0000000000000000 ) ;
#2245 = EDGE_CURVE ( 'NONE', #2308, #3438, #684, .T. ) ;
#2246 = EDGE_CURVE ( 'NONE', #210, #1312, #1939, .T. ) ;
#2247 = VECTOR ( 'NONE', #1273, 100.0000000000000000 ) ;
#2248 = CARTESIAN_POINT ( 'NONE',  ( 9.000000000000000000, 9.310000000000002274, 0.000000000000000000 ) ) ;
#2249 = DIRECTION ( 'NONE',  ( 0.000000000000000000, -1.000000000000000000, 0.000000000000000000 ) ) ;
#2250 = CARTESIAN_POINT ( 'NONE',  ( -10.99999999999999645, -7.500000000000000000, 0.3175000000000000044 ) ) ;
#2251 = VERTEX_POINT ( 'NONE', #703 ) ;
#2252 = VECTOR ( 'NONE', #3016, 100.0000000000000000 ) ;
#2253 = ORIENTED_EDGE ( 'NONE', *, *, #853, .T. ) ;
#2254 = ADVANCED_FACE ( 'NONE', ( #1340 ), #2542, .F. ) ;
#2255 = CARTESIAN_POINT ( 'NONE',  ( 9.409999999999996589, 10.81999999999999673, 0.1349999999999999534 ) ) ;
#2256 = CARTESIAN_POINT ( 'NONE',  ( -7.470000000000000639, -7.370000000000000107, 0.4000000000000000222 ) ) ;
#2257 = FACE_OUTER_BOUND ( 'NONE', #3494, .T. ) ;
#2258 = CARTESIAN_POINT ( 'NONE',  ( -8.589999999999992752, -10.99999999999999645, 0.1349999999999999534 ) ) ;
#2259 = VERTEX_POINT ( 'NONE', #3551 ) ;
#2260 = EDGE_LOOP ( 'NONE', ( #2601, #2641, #2570, #2358, #558, #3690, #1894, #2243, #2892, #949, #3586, #3059 ) ) ;
#2261 = CARTESIAN_POINT ( 'NONE',  ( -10.99999999999999645, -7.500000000000000000, 0.000000000000000000 ) ) ;
#2262 = VERTEX_POINT ( 'NONE', #1615 ) ;
#2263 = VERTEX_POINT ( 'NONE', #2206 ) ;
#2264 = DIRECTION ( 'NONE',  ( 1.000000000000000000, 0.000000000000000000, 0.000000000000000000 ) ) ;
#2265 = LINE ( 'NONE', #70, #1173 ) ;
#2266 = FACE_OUTER_BOUND ( 'NONE', #1820, .T. ) ;
#2267 = DIRECTION ( 'NONE',  ( -1.817653936845377429E-16, 1.000000000000000000, 0.000000000000000000 ) ) ;
#2268 = DIRECTION ( 'NONE',  ( 1.000000000000000000, 0.000000000000000000, 0.000000000000000000 ) ) ;
#2269 = ORIENTED_EDGE ( 'NONE', *, *, #2986, .T. ) ;
#2270 = CARTESIAN_POINT ( 'NONE',  ( -7.470000000000000639, 7.370000000000000107, 0.000000000000000000 ) ) ;
#2271 = ORIENTED_EDGE ( 'NONE', *, *, #3510, .F. ) ;
#2272 = FACE_OUTER_BOUND ( 'NONE', #1723, .T. ) ;
#2273 = ADVANCED_FACE ( 'NONE', ( #1256 ), #1320, .F. ) ;
#2274 = ORIENTED_EDGE ( 'NONE', *, *, #2954, .F. ) ;
#2275 = ORIENTED_EDGE ( 'NONE', *, *, #3881, .F. ) ;
#2276 = CARTESIAN_POINT ( 'NONE',  ( 9.000000000000001776, -8.999999999999996447, 0.000000000000000000 ) ) ;
#2277 = ORIENTED_EDGE ( 'NONE', *, *, #3631, .T. ) ;
#2278 = EDGE_CURVE ( 'NONE', #1423, #3688, #1011, .T. ) ;
#2279 = DIRECTION ( 'NONE',  ( -0.000000000000000000, 0.000000000000000000, 1.000000000000000000 ) ) ;
#2280 = CARTESIAN_POINT ( 'NONE',  ( -8.999999999999994671, 8.999999999999998224, 0.3175000000000000044 ) ) ;
#2281 = CARTESIAN_POINT ( 'NONE',  ( 0.000000000000000000, -7.470000000000000639, 0.4000000000000000222 ) ) ;
#2282 = DIRECTION ( 'NONE',  ( 1.000000000000000000, 0.000000000000000000, 0.000000000000000000 ) ) ;
#2283 = EDGE_CURVE ( 'NONE', #2478, #2492, #3087, .T. ) ;
#2284 = DIRECTION ( 'NONE',  ( 0.000000000000000000, 0.000000000000000000, 1.000000000000000000 ) ) ;
#2285 = DIRECTION ( 'NONE',  ( 0.000000000000000000, 0.000000000000000000, -1.000000000000000000 ) ) ;
#2286 = LINE ( 'NONE', #2250, #650 ) ;
#2287 = ORIENTED_EDGE ( 'NONE', *, *, #3080, .T. ) ;
#2288 = CARTESIAN_POINT ( 'NONE',  ( 7.470000000000000639, 0.000000000000000000, 0.4000000000000000222 ) ) ;
#2289 = ORIENTED_EDGE ( 'NONE', *, *, #3990, .T. ) ;
#2290 = CARTESIAN_POINT ( 'NONE',  ( 7.470000000000000639, 0.000000000000000000, 0.4000000000000000222 ) ) ;
#2291 = EDGE_LOOP ( 'NONE', ( #2163, #270, #2773, #2495 ) ) ;
#2292 = VECTOR ( 'NONE', #3596, 100.0000000000000000 ) ;
#2293 = ORIENTED_EDGE ( 'NONE', *, *, #3970, .T. ) ;
#2294 = EDGE_CURVE ( 'NONE', #4060, #704, #3873, .T. ) ;
#2295 = CIRCLE ( 'NONE', #2227, 0.3100000000000005529 ) ;
#2296 = DIRECTION ( 'NONE',  ( 0.8660254037844398178, 0.4999999999999980571, 0.000000000000000000 ) ) ;
#2297 = VERTEX_POINT ( 'NONE', #2233 ) ;
#2298 = DIRECTION ( 'NONE',  ( 0.000000000000000000, 0.000000000000000000, -1.000000000000000000 ) ) ;
#2299 = AXIS2_PLACEMENT_3D ( 'NONE', #1789, #218, #2074 ) ;
#2300 = ORIENTED_EDGE ( 'NONE', *, *, #1885, .T. ) ;
#2301 = EDGE_CURVE ( 'NONE', #39, #35, #723, .T. ) ;
#2302 = PRESENTATION_LAYER_ASSIGNMENT (  '', '', ( #1446 ) ) ;
#2303 = PLANE ( 'NONE',  #1955 ) ;
#2304 = EDGE_CURVE ( 'NONE', #3381, #3656, #421, .T. ) ;
#2305 = CARTESIAN_POINT ( 'NONE',  ( -10.19999999999999396, -9.767957166897565102, 0.1349999999999999534 ) ) ;
#2306 = CARTESIAN_POINT ( 'NONE',  ( 8.589999999999994529, 10.99999999999999645, 0.1349999999999999534 ) ) ;
#2307 = LINE ( 'NONE', #3956, #3552 ) ;
#2308 = VERTEX_POINT ( 'NONE', #641 ) ;
#2309 = DIRECTION ( 'NONE',  ( -0.000000000000000000, 0.000000000000000000, 1.000000000000000000 ) ) ;
#2310 = EDGE_LOOP ( 'NONE', ( #3732, #3507, #2221, #1690 ) ) ;
#2311 = CARTESIAN_POINT ( 'NONE',  ( 10.99999999999999645, 7.499999999999998224, 0.6350000000000000089 ) ) ;
#2312 = ORIENTED_EDGE ( 'NONE', *, *, #1354, .T. ) ;
#2313 = ORIENTED_EDGE ( 'NONE', *, *, #2914, .F. ) ;
#2314 = LINE ( 'NONE', #437, #2444 ) ;
#2315 = ORIENTED_EDGE ( 'NONE', *, *, #3702, .F. ) ;
#2316 = ORIENTED_EDGE ( 'NONE', *, *, #21, .F. ) ;
#2317 = CARTESIAN_POINT ( 'NONE',  ( -10.99999999999999645, -10.50000000000000178, 0.3175000000000000044 ) ) ;
#2318 = EDGE_CURVE ( 'NONE', #1671, #1609, #2855, .T. ) ;
#2319 = EDGE_LOOP ( 'NONE', ( #720, #1301, #803, #2085 ) ) ;
#2320 = EDGE_LOOP ( 'NONE', ( #3333, #902, #2619, #1260 ) ) ;
#2321 = DIRECTION ( 'NONE',  ( 1.000000000000000000, 0.000000000000000000, 0.000000000000000000 ) ) ;
#2322 = EDGE_LOOP ( 'NONE', ( #41, #1517, #2672, #3595 ) ) ;
#2323 = ADVANCED_FACE ( 'NONE', ( #3169 ), #125, .F. ) ;
#2324 = DIRECTION ( 'NONE',  ( 0.000000000000000000, -1.000000000000000000, 0.000000000000000000 ) ) ;
#2325 = LINE ( 'NONE', #3830, #1099 ) ;
#2326 = CARTESIAN_POINT ( 'NONE',  ( 8.589999999999999858, -10.99999999999999112, 0.1349999999999999534 ) ) ;
#2327 = LINE ( 'NONE', #2637, #3490 ) ;
#2328 = DIRECTION ( 'NONE',  ( -1.000000000000000000, 0.000000000000000000, -0.000000000000000000 ) ) ;
#2329 = CARTESIAN_POINT ( 'NONE',  ( 8.999999999999998224, 9.000000000000000000, 0.000000000000000000 ) ) ;
#2330 = FACE_OUTER_BOUND ( 'NONE', #2625, .T. ) ;
#2331 = VERTEX_POINT ( 'NONE', #3573 ) ;
#2332 = FACE_BOUND ( 'NONE', #1574, .T. ) ;
#2333 = ORIENTED_EDGE ( 'NONE', *, *, #4033, .T. ) ;
#2334 = ORIENTED_EDGE ( 'NONE', *, *, #2397, .F. ) ;
#2335 = LINE ( 'NONE', #1694, #1719 ) ;
#2336 = ORIENTED_EDGE ( 'NONE', *, *, #775, .T. ) ;
#2337 = CARTESIAN_POINT ( 'NONE',  ( -7.470000000000000639, 7.370000000000000107, -0.000000000000000000 ) ) ;
#2338 = ORIENTED_EDGE ( 'NONE', *, *, #3964, .F. ) ;
#2339 = VERTEX_POINT ( 'NONE', #1386 ) ;
#2340 = LINE ( 'NONE', #3927, #2483 ) ;
#2341 = DIRECTION ( 'NONE',  ( 1.000000000000000000, 0.000000000000000000, 0.000000000000000000 ) ) ;
#2342 = LINE ( 'NONE', #770, #2143 ) ;
#2343 = ADVANCED_FACE ( 'NONE', ( #1120 ), #164, .F. ) ;
#2344 = CARTESIAN_POINT ( 'NONE',  ( -8.232042833102433121, 10.19999999999999574, 0.1349999999999999534 ) ) ;
#2345 = FACE_OUTER_BOUND ( 'NONE', #440, .T. ) ;
#2346 = CARTESIAN_POINT ( 'NONE',  ( -8.999999999999994671, 8.999999999999998224, 0.3175000000000000044 ) ) ;
#2347 = DIRECTION ( 'NONE',  ( -0.7071067811865475727, 0.7071067811865475727, 0.000000000000000000 ) ) ;
#2348 = EDGE_CURVE ( 'NONE', #559, #2513, #2626, .T. ) ;
#2349 = DIRECTION ( 'NONE',  ( -0.000000000000000000, 0.000000000000000000, 1.000000000000000000 ) ) ;
#2350 = DIRECTION ( 'NONE',  ( 0.000000000000000000, 1.000000000000000000, 0.000000000000000000 ) ) ;
#2351 = ORIENTED_EDGE ( 'NONE', *, *, #1850, .T. ) ;
#2352 = LINE ( 'NONE', #1419, #527 ) ;
#2353 = VERTEX_POINT ( 'NONE', #3614 ) ;
#2354 = AXIS2_PLACEMENT_3D ( 'NONE', #3847, #2284, #2609 ) ;
#2355 = EDGE_CURVE ( 'NONE', #2648, #1318, #188, .T. ) ;
#2356 = DIRECTION ( 'NONE',  ( 0.000000000000000000, -1.000000000000000000, 0.000000000000000000 ) ) ;
#2357 = VECTOR ( 'NONE', #1476, 100.0000000000000000 ) ;
#2358 = ORIENTED_EDGE ( 'NONE', *, *, #3803, .F. ) ;
#2359 = LINE ( 'NONE', #574, #3218 ) ;
#2360 = AXIS2_PLACEMENT_3D ( 'NONE', #2976, #1399, #2408 ) ;
#2361 = ORIENTED_EDGE ( 'NONE', *, *, #116, .F. ) ;
#2362 = DIRECTION ( 'NONE',  ( -0.000000000000000000, 0.000000000000000000, 1.000000000000000000 ) ) ;
#2363 = VECTOR ( 'NONE', #1279, 100.0000000000000142 ) ;
#2364 = ORIENTED_EDGE ( 'NONE', *, *, #724, .T. ) ;
#2365 = FACE_BOUND ( 'NONE', #2565, .T. ) ;
#2366 = VECTOR ( 'NONE', #1891, 100.0000000000000000 ) ;
#2367 = CARTESIAN_POINT ( 'NONE',  ( -9.000000000000000000, 9.000000000000000000, 0.6350000000000000089 ) ) ;
#2368 = DIRECTION ( 'NONE',  ( 0.000000000000000000, -1.000000000000000000, 0.000000000000000000 ) ) ;
#2369 = CARTESIAN_POINT ( 'NONE',  ( -10.36500000000000199, 10.99999999999999822, 0.3175000000000000044 ) ) ;
#2370 = DIRECTION ( 'NONE',  ( 0.000000000000000000, 0.000000000000000000, 1.000000000000000000 ) ) ;
#2371 = VECTOR ( 'NONE', #1248, 100.0000000000000000 ) ;
#2372 = CARTESIAN_POINT ( 'NONE',  ( -9.000000000000000000, 9.000000000000000000, 0.6350000000000000089 ) ) ;
#2373 = ADVANCED_FACE ( 'NONE', ( #762 ), #1741, .T. ) ;
#2374 = VECTOR ( 'NONE', #1670, 100.0000000000000000 ) ;
#2375 = PLANE ( 'NONE',  #3805 ) ;
#2376 = DIRECTION ( 'NONE',  ( 0.000000000000000000, 0.000000000000000000, 1.000000000000000000 ) ) ;
#2377 = ORIENTED_EDGE ( 'NONE', *, *, #1751, .F. ) ;
#2378 = ADVANCED_FACE ( 'NONE', ( #3291, #2999 ), #2004, .T. ) ;
#2379 = VECTOR ( 'NONE', #2872, 100.0000000000000000 ) ;
#2380 = CYLINDRICAL_SURFACE ( 'NONE', #2710, 2.500000000000003553 ) ;
#2381 = LINE ( 'NONE', #2788, #3172 ) ;
#2382 = ORIENTED_EDGE ( 'NONE', *, *, #271, .T. ) ;
#2383 = LINE ( 'NONE', #787, #1228 ) ;
#2384 = VERTEX_POINT ( 'NONE', #1138 ) ;
#2385 = CARTESIAN_POINT ( 'NONE',  ( -8.999999999999996447, -9.000000000000001776, 0.000000000000000000 ) ) ;
#2386 = ADVANCED_FACE ( 'NONE', ( #1424 ), #2398, .F. ) ;
#2387 = ORIENTED_EDGE ( 'NONE', *, *, #3603, .F. ) ;
#2388 = DIRECTION ( 'NONE',  ( -0.000000000000000000, 0.000000000000000000, 1.000000000000000000 ) ) ;
#2389 = CARTESIAN_POINT ( 'NONE',  ( 9.000000000000001776, -8.999999999999998224, 0.000000000000000000 ) ) ;
#2390 = PLANE ( 'NONE',  #982 ) ;
#2391 = DIRECTION ( 'NONE',  ( -9.251858538542974046E-17, 1.000000000000000000, 0.000000000000000000 ) ) ;
#2392 = CARTESIAN_POINT ( 'NONE',  ( 10.19999999999999574, 9.767957166897563326, 0.1349999999999999534 ) ) ;
#2393 = ORIENTED_EDGE ( 'NONE', *, *, #4090, .F. ) ;
#2394 = DIRECTION ( 'NONE',  ( 0.000000000000000000, -1.000000000000000000, 0.000000000000000000 ) ) ;
#2395 = ORIENTED_EDGE ( 'NONE', *, *, #480, .T. ) ;
#2396 = CARTESIAN_POINT ( 'NONE',  ( -7.499999999999993783, -10.99999999999999645, 0.6350000000000000089 ) ) ;
#2397 = EDGE_CURVE ( 'NONE', #2411, #1991, #2383, .T. ) ;
#2398 = PLANE ( 'NONE',  #972 ) ;
#2399 = ORIENTED_EDGE ( 'NONE', *, *, #1880, .T. ) ;
#2400 = CYLINDRICAL_SURFACE ( 'NONE', #1828, 0.3100000000000005529 ) ;
#2401 = EDGE_CURVE ( 'NONE', #740, #1809, #104, .T. ) ;
#2402 = VERTEX_POINT ( 'NONE', #2080 ) ;
#2403 = CYLINDRICAL_SURFACE ( 'NONE', #2680, 2.500000000000003553 ) ;
#2404 = DIRECTION ( 'NONE',  ( -0.7071067811865475727, -0.7071067811865475727, -0.000000000000000000 ) ) ;
#2405 = CARTESIAN_POINT ( 'NONE',  ( -10.99999999999999289, 10.36499999999999133, 0.6350000000000000089 ) ) ;
#2406 = CARTESIAN_POINT ( 'NONE',  ( 10.36499999999999844, -25.63500000000000156, 0.3175000000000000044 ) ) ;
#2407 = ADVANCED_FACE ( 'NONE', ( #743 ), #520, .F. ) ;
#2408 = DIRECTION ( 'NONE',  ( 0.000000000000000000, 1.000000000000000000, 0.000000000000000000 ) ) ;
#2409 = VERTEX_POINT ( 'NONE', #2984 ) ;
#2410 = DIRECTION ( 'NONE',  ( 0.000000000000000000, 1.000000000000000000, -0.000000000000000000 ) ) ;
#2411 = VERTEX_POINT ( 'NONE', #2337 ) ;
#2412 = DIRECTION ( 'NONE',  ( -1.000000000000000000, 9.251858538542975279E-17, 0.000000000000000000 ) ) ;
#2413 = CARTESIAN_POINT ( 'NONE',  ( 10.99999999999999645, -8.589999999999992752, 0.1349999999999999534 ) ) ;
#2414 = AXIS2_PLACEMENT_3D ( 'NONE', #2367, #3044, #134 ) ;
#2415 = EDGE_LOOP ( 'NONE', ( #2668, #2987, #1813, #1405 ) ) ;
#2416 = EDGE_CURVE ( 'NONE', #761, #3917, #2064, .T. ) ;
#2417 = EDGE_CURVE ( 'NONE', #3381, #127, #2047, .T. ) ;
#2418 = CIRCLE ( 'NONE', #2614, 2.499999999999999556 ) ;
#2419 = LINE ( 'NONE', #524, #3475 ) ;
#2420 = DIRECTION ( 'NONE',  ( 0.000000000000000000, 1.000000000000000000, 0.000000000000000000 ) ) ;
#2421 = ORIENTED_EDGE ( 'NONE', *, *, #3011, .T. ) ;
#2422 = VECTOR ( 'NONE', #3316, 100.0000000000000142 ) ;
#2423 = EDGE_CURVE ( 'NONE', #4011, #2205, #3592, .T. ) ;
#2424 = CARTESIAN_POINT ( 'NONE',  ( 9.000000000000001776, -8.999999999999996447, 0.6350000000000000089 ) ) ;
#2425 = AXIS2_PLACEMENT_3D ( 'NONE', #1993, #2218, #1587 ) ;
#2426 = CARTESIAN_POINT ( 'NONE',  ( -9.409999999999994813, -10.99999999999999645, 0.1349999999999999534 ) ) ;
#2427 = DIRECTION ( 'NONE',  ( -1.817653936845377429E-16, -1.000000000000000000, 0.000000000000000000 ) ) ;
#2428 = DIRECTION ( 'NONE',  ( -0.000000000000000000, 1.000000000000000000, 0.000000000000000000 ) ) ;
#2429 = VECTOR ( 'NONE', #1936, 100.0000000000000000 ) ;
#2430 = CARTESIAN_POINT ( 'NONE',  ( -10.99999999999999467, 10.36499999999999133, 0.6350000000000000089 ) ) ;
#2431 = ORIENTED_EDGE ( 'NONE', *, *, #132, .F. ) ;
#2432 = VECTOR ( 'NONE', #1329, 100.0000000000000000 ) ;
#2433 = LINE ( 'NONE', #2511, #2371 ) ;
#2434 = ORIENTED_EDGE ( 'NONE', *, *, #2785, .F. ) ;
#2435 = AXIS2_PLACEMENT_3D ( 'NONE', #136, #1088, #795 ) ;
#2436 = CARTESIAN_POINT ( 'NONE',  ( 10.19999999999999574, 8.232042833102433121, 0.1349999999999999534 ) ) ;
#2437 = CARTESIAN_POINT ( 'NONE',  ( 9.000000000000001776, -8.999999999999996447, 0.3175000000000000044 ) ) ;
#2438 = VERTEX_POINT ( 'NONE', #2317 ) ;
#2439 = CIRCLE ( 'NONE', #3625, 2.499999999999999556 ) ;
#2440 = VECTOR ( 'NONE', #339, 100.0000000000000000 ) ;
#2441 = ORIENTED_EDGE ( 'NONE', *, *, #2943, .F. ) ;
#2442 = FACE_OUTER_BOUND ( 'NONE', #2322, .T. ) ;
#2443 = CARTESIAN_POINT ( 'NONE',  ( -7.370000000000000107, 7.470000000000000639, 0.4000000000000000222 ) ) ;
#2444 = VECTOR ( 'NONE', #3571, 100.0000000000000000 ) ;
#2445 = ORIENTED_EDGE ( 'NONE', *, *, #1545, .T. ) ;
#2446 = DIRECTION ( 'NONE',  ( -1.000000000000000000, 0.000000000000000000, 0.000000000000000000 ) ) ;
#2447 = LINE ( 'NONE', #2149, #3408 ) ;
#2448 = EDGE_CURVE ( 'NONE', #3081, #2473, #1697, .T. ) ;
#2449 = CARTESIAN_POINT ( 'NONE',  ( -9.000000000000000000, 9.310000000000000497, 0.000000000000000000 ) ) ;
#2450 = LINE ( 'NONE', #473, #517 ) ;
#2451 = VERTEX_POINT ( 'NONE', #2666 ) ;
#2452 = DIRECTION ( 'NONE',  ( 0.000000000000000000, 1.000000000000000000, 0.000000000000000000 ) ) ;
#2453 = LINE ( 'NONE', #3710, #3024 ) ;
#2454 = EDGE_LOOP ( 'NONE', ( #3326, #3229, #2810, #2170 ) ) ;
#2455 = EDGE_CURVE ( 'NONE', #1352, #729, #2359, .T. ) ;
#2456 = DIRECTION ( 'NONE',  ( 0.000000000000000000, 1.000000000000000000, 0.000000000000000000 ) ) ;
#2457 = LINE ( 'NONE', #3728, #516 ) ;
#2458 = VERTEX_POINT ( 'NONE', #3369 ) ;
#2459 = EDGE_LOOP ( 'NONE', ( #667, #4022, #140, #917 ) ) ;
#2460 = EDGE_CURVE ( 'NONE', #3735, #1938, #3713, .T. ) ;
#2461 = ORIENTED_EDGE ( 'NONE', *, *, #582, .T. ) ;
#2462 = DIRECTION ( 'NONE',  ( -0.000000000000000000, 0.000000000000000000, 1.000000000000000000 ) ) ;
#2463 = DIRECTION ( 'NONE',  ( -1.817653936845376443E-16, 1.000000000000000000, 0.000000000000000000 ) ) ;
#2464 = CARTESIAN_POINT ( 'NONE',  ( 7.500000000000000000, -10.99999999999999645, 0.6350000000000000089 ) ) ;
#2465 = DIRECTION ( 'NONE',  ( 9.088269684226883446E-17, -1.000000000000000000, 0.000000000000000000 ) ) ;
#2466 = CARTESIAN_POINT ( 'NONE',  ( -7.499999999999998224, 10.99999999999999645, 0.000000000000000000 ) ) ;
#2467 = EDGE_CURVE ( 'NONE', #3486, #3594, #2486, .T. ) ;
#2468 = LINE ( 'NONE', #3746, #2087 ) ;
#2469 = DIRECTION ( 'NONE',  ( -0.7071067811865475727, -0.7071067811865475727, 0.000000000000000000 ) ) ;
#2470 = ADVANCED_FACE ( 'NONE', ( #1210 ), #1229, .F. ) ;
#2471 = DIRECTION ( 'NONE',  ( -0.000000000000000000, 0.000000000000000000, 1.000000000000000000 ) ) ;
#2472 = CARTESIAN_POINT ( 'NONE',  ( 8.030000000000004690, 0.000000000000000000, 0.000000000000000000 ) ) ;
#2473 = VERTEX_POINT ( 'NONE', #4059 ) ;
#2474 = EDGE_CURVE ( 'NONE', #1799, #1253, #2789, .T. ) ;
#2475 = VECTOR ( 'NONE', #505, 100.0000000000000000 ) ;
#2476 = ORIENTED_EDGE ( 'NONE', *, *, #1933, .F. ) ;
#2477 = LINE ( 'NONE', #4030, #1709 ) ;
#2478 = VERTEX_POINT ( 'NONE', #1857 ) ;
#2479 = VECTOR ( 'NONE', #2404, 100.0000000000000000 ) ;
#2480 = CARTESIAN_POINT ( 'NONE',  ( -8.999999999999996447, -9.000000000000001776, 0.000000000000000000 ) ) ;
#2481 = CARTESIAN_POINT ( 'NONE',  ( 7.634999999999997122, 10.99999999999999467, 0.6350000000000000089 ) ) ;
#2482 = LINE ( 'NONE', #2151, #2767 ) ;
#2483 = VECTOR ( 'NONE', #130, 100.0000000000000000 ) ;
#2484 = LINE ( 'NONE', #2815, #2765 ) ;
#2485 = VERTEX_POINT ( 'NONE', #3424 ) ;
#2486 = CIRCLE ( 'NONE', #3542, 2.500000000000003553 ) ;
#2487 = PLANE ( 'NONE',  #2754 ) ;
#2488 = DIRECTION ( 'NONE',  ( 0.8660254037844398178, -0.4999999999999979461, 0.000000000000000000 ) ) ;
#2489 = EDGE_CURVE ( 'NONE', #600, #2128, #2457, .T. ) ;
#2490 = VECTOR ( 'NONE', #1915, 100.0000000000000000 ) ;
#2491 = LINE ( 'NONE', #348, #1249 ) ;
#2492 = VERTEX_POINT ( 'NONE', #2162 ) ;
#2493 = DIRECTION ( 'NONE',  ( 0.000000000000000000, 1.000000000000000000, 0.000000000000000000 ) ) ;
#2494 = EDGE_CURVE ( 'NONE', #3486, #357, #3121, .T. ) ;
#2495 = ORIENTED_EDGE ( 'NONE', *, *, #81, .T. ) ;
#2496 = CIRCLE ( 'NONE', #1778, 2.500000000000003553 ) ;
#2497 = EDGE_CURVE ( 'NONE', #3306, #1760, #900, .T. ) ;
#2498 = ORIENTED_EDGE ( 'NONE', *, *, #651, .T. ) ;
#2499 = LINE ( 'NONE', #3734, #2630 ) ;
#2500 = ORIENTED_EDGE ( 'NONE', *, *, #1933, .T. ) ;
#2501 = VECTOR ( 'NONE', #2818, 100.0000000000000000 ) ;
#2502 = ORIENTED_EDGE ( 'NONE', *, *, #3003, .F. ) ;
#2503 = EDGE_CURVE ( 'NONE', #319, #2308, #3039, .T. ) ;
#2504 = CARTESIAN_POINT ( 'NONE',  ( -10.81999999999999496, 9.409999999999996589, 0.6350000000000000089 ) ) ;
#2505 = FACE_OUTER_BOUND ( 'NONE', #34, .T. ) ;
#2506 = VECTOR ( 'NONE', #3289, 100.0000000000000000 ) ;
#2507 = CARTESIAN_POINT ( 'NONE',  ( 8.999999999999998224, 9.000000000000000000, 0.6350000000000000089 ) ) ;
#2508 = DIRECTION ( 'NONE',  ( -1.000000000000000000, -1.817653936845376689E-16, 0.000000000000000000 ) ) ;
#2509 = CARTESIAN_POINT ( 'NONE',  ( 10.36499999999999488, 7.635000000000004228, 0.3175000000000000044 ) ) ;
#2510 = DIRECTION ( 'NONE',  ( 1.000000000000000000, 1.817653936845377429E-16, 0.000000000000000000 ) ) ;
#2511 = CARTESIAN_POINT ( 'NONE',  ( 9.409999999999996589, 10.99999999999999645, 0.1349999999999999534 ) ) ;
#2512 = DIRECTION ( 'NONE',  ( 1.000000000000000000, 0.000000000000000000, 0.000000000000000000 ) ) ;
#2513 = VERTEX_POINT ( 'NONE', #2806 ) ;
#2514 = DIRECTION ( 'NONE',  ( 0.000000000000000000, 0.000000000000000000, 1.000000000000000000 ) ) ;
#2515 = ORIENTED_EDGE ( 'NONE', *, *, #2161, .F. ) ;
#2516 = ORIENTED_EDGE ( 'NONE', *, *, #354, .F. ) ;
#2517 = EDGE_CURVE ( 'NONE', #930, #704, #2185, .T. ) ;
#2518 = EDGE_LOOP ( 'NONE', ( #1239, #3315, #482, #2747 ) ) ;
#2519 = LINE ( 'NONE', #2584, #4006 ) ;
#2520 = ORIENTED_EDGE ( 'NONE', *, *, #2245, .F. ) ;
#2521 = VERTEX_POINT ( 'NONE', #245 ) ;
#2522 = ADVANCED_FACE ( 'NONE', ( #3100 ), #1836, .F. ) ;
#2523 = ORIENTED_EDGE ( 'NONE', *, *, #297, .F. ) ;
#2524 = LINE ( 'NONE', #2859, #1178 ) ;
#2525 = DIRECTION ( 'NONE',  ( 0.000000000000000000, -1.000000000000000000, 0.000000000000000000 ) ) ;
#2526 = DIRECTION ( 'NONE',  ( 9.088269684226882214E-17, -1.000000000000000000, 0.000000000000000000 ) ) ;
#2527 = FACE_OUTER_BOUND ( 'NONE', #284, .T. ) ;
#2528 = CARTESIAN_POINT ( 'NONE',  ( 10.99999999999999645, -10.49999999999999467, 0.6350000000000000089 ) ) ;
#2529 = ADVANCED_FACE ( 'NONE', ( #3672 ), #1468, .F. ) ;
#2530 = ORIENTED_EDGE ( 'NONE', *, *, #2448, .T. ) ;
#2531 = PRODUCT_DEFINITION_CONTEXT ( 'detailed design', #2174, 'design' ) ;
#2532 = LINE ( 'NONE', #3809, #3413 ) ;
#2533 = PLANE ( 'NONE',  #788 ) ;
#2534 = VERTEX_POINT ( 'NONE', #226 ) ;
#2535 = LINE ( 'NONE', #1208, #856 ) ;
#2536 = PLANE ( 'NONE',  #1384 ) ;
#2537 = ORIENTED_EDGE ( 'NONE', *, *, #3649, .F. ) ;
#2538 = DIRECTION ( 'NONE',  ( 9.088269684226887144E-17, -1.000000000000000000, 0.000000000000000000 ) ) ;
#2539 = CARTESIAN_POINT ( 'NONE',  ( -7.162345244612028594, 10.69499999999999673, 0.3175000000000011147 ) ) ;
#2540 = VERTEX_POINT ( 'NONE', #862 ) ;
#2541 = VERTEX_POINT ( 'NONE', #2122 ) ;
#2542 = PLANE ( 'NONE',  #1568 ) ;
#2543 = EDGE_CURVE ( 'NONE', #683, #240, #3984, .T. ) ;
#2544 = EDGE_LOOP ( 'NONE', ( #2980, #1482, #2957, #3799 ) ) ;
#2545 = LINE ( 'NONE', #3191, #852 ) ;
#2546 = CARTESIAN_POINT ( 'NONE',  ( -8.232042833102433121, 10.19999999999999574, 0.1349999999999999534 ) ) ;
#2547 = CYLINDRICAL_SURFACE ( 'NONE', #1376, 2.499999999999999556 ) ;
#2548 = LINE ( 'NONE', #977, #909 ) ;
#2549 = EDGE_CURVE ( 'NONE', #1892, #617, #3221, .T. ) ;
#2550 = VECTOR ( 'NONE', #1090, 100.0000000000000000 ) ;
#2551 = DIRECTION ( 'NONE',  ( -0.4999999999999979461, -0.8660254037844398178, 0.000000000000000000 ) ) ;
#2552 = VECTOR ( 'NONE', #2675, 100.0000000000000000 ) ;
#2553 = CARTESIAN_POINT ( 'NONE',  ( 10.69500000000000206, -7.162345244612028594, 0.6350000000000000089 ) ) ;
#2554 = DIRECTION ( 'NONE',  ( 0.000000000000000000, 1.000000000000000000, 0.000000000000000000 ) ) ;
#2555 = EDGE_LOOP ( 'NONE', ( #1098, #4029, #557, #2852, #1005, #2052, #1203, #3145 ) ) ;
#2556 = VECTOR ( 'NONE', #260, 100.0000000000000000 ) ;
#2557 = VERTEX_POINT ( 'NONE', #3057 ) ;
#2558 = CARTESIAN_POINT ( 'NONE',  ( 8.999999999999998224, 9.000000000000000000, 0.3175000000000000044 ) ) ;
#2559 = ORIENTED_EDGE ( 'NONE', *, *, #1673, .F. ) ;
#2560 = VECTOR ( 'NONE', #1947, 100.0000000000000000 ) ;
#2561 = CARTESIAN_POINT ( 'NONE',  ( -7.370000000000000107, -7.470000000000000639, 0.4000000000000000222 ) ) ;
#2562 = LINE ( 'NONE', #369, #2366 ) ;
#2563 = ORIENTED_EDGE ( 'NONE', *, *, #3080, .F. ) ;
#2564 = VECTOR ( 'NONE', #3405, 100.0000000000000000 ) ;
#2565 = EDGE_LOOP ( 'NONE', ( #307, #3058, #75, #3593 ) ) ;
#2566 = CARTESIAN_POINT ( 'NONE',  ( 10.36499999999999488, 7.635000000000004228, 0.3175000000000000044 ) ) ;
#2567 = AXIS2_PLACEMENT_3D ( 'NONE', #2866, #387, #3159 ) ;
#2568 = EDGE_LOOP ( 'NONE', ( #3858, #3997, #3888, #679 ) ) ;
#2569 = VECTOR ( 'NONE', #1610, 100.0000000000000000 ) ;
#2570 = ORIENTED_EDGE ( 'NONE', *, *, #691, .T. ) ;
#2571 = ORIENTED_EDGE ( 'NONE', *, *, #3861, .F. ) ;
#2572 = LINE ( 'NONE', #3232, #3942 ) ;
#2573 = DIRECTION ( 'NONE',  ( 0.000000000000000000, 0.000000000000000000, -1.000000000000000000 ) ) ;
#2574 = CARTESIAN_POINT ( 'NONE',  ( -10.99999999999999645, -7.635000000000001563, 0.6350000000000000089 ) ) ;
#2575 = EDGE_CURVE ( 'NONE', #2883, #1921, #1171, .T. ) ;
#2576 = DIRECTION ( 'NONE',  ( -1.000000000000000000, 0.000000000000000000, 0.000000000000000000 ) ) ;
#2577 = DIRECTION ( 'NONE',  ( 9.088269684226887144E-17, -1.000000000000000000, 0.000000000000000000 ) ) ;
#2578 = CARTESIAN_POINT ( 'NONE',  ( -8.589999999999992752, -10.81999999999999851, 0.1349999999999999534 ) ) ;
#2579 = ORIENTED_EDGE ( 'NONE', *, *, #610, .F. ) ;
#2580 = FACE_OUTER_BOUND ( 'NONE', #1572, .T. ) ;
#2581 = ORIENTED_EDGE ( 'NONE', *, *, #2355, .T. ) ;
#2582 = EDGE_CURVE ( 'NONE', #2204, #3767, #3076, .T. ) ;
#2583 = EDGE_LOOP ( 'NONE', ( #1632, #1578, #3572, #3523 ) ) ;
#2584 = CARTESIAN_POINT ( 'NONE',  ( -9.767957166897563326, 10.19999999999999574, 0.1349999999999999534 ) ) ;
#2585 = ADVANCED_FACE ( 'NONE', ( #3140 ), #965, .F. ) ;
#2586 = ORIENTED_EDGE ( 'NONE', *, *, #2278, .T. ) ;
#2587 = DIRECTION ( 'NONE',  ( -1.000000000000000000, 0.000000000000000000, -0.000000000000000000 ) ) ;
#2588 = DIRECTION ( 'NONE',  ( -1.000000000000000000, 0.000000000000000000, -0.000000000000000000 ) ) ;
#2589 = DIRECTION ( 'NONE',  ( -0.000000000000000000, -0.000000000000000000, 1.000000000000000000 ) ) ;
#2590 = APPLICATION_PROTOCOL_DEFINITION ( 'draft international standard', 'automotive_design', 1998, #2174 ) ;
#2591 = LINE ( 'NONE', #110, #765 ) ;
#2592 = CARTESIAN_POINT ( 'NONE',  ( -8.999999999999998224, -8.690000000000001279, 0.000000000000000000 ) ) ;
#2593 = CARTESIAN_POINT ( 'NONE',  ( 10.99999999999999645, -10.49999999999999467, 0.3175000000000000044 ) ) ;
#2594 = CARTESIAN_POINT ( 'NONE',  ( 10.19999999999999574, 8.232042833102433121, 0.1349999999999999534 ) ) ;
#2595 = DIRECTION ( 'NONE',  ( 0.000000000000000000, 1.000000000000000000, 0.000000000000000000 ) ) ;
#2596 = ORIENTED_EDGE ( 'NONE', *, *, #1885, .F. ) ;
#2597 = ORIENTED_EDGE ( 'NONE', *, *, #2908, .F. ) ;
#2598 = EDGE_CURVE ( 'NONE', #3666, #2521, #4086, .T. ) ;
#2599 = CARTESIAN_POINT ( 'NONE',  ( -7.499999999999998224, 10.99999999999999645, 0.6350000000000000089 ) ) ;
#2600 = ORIENTED_EDGE ( 'NONE', *, *, #1460, .F. ) ;
#2601 = ORIENTED_EDGE ( 'NONE', *, *, #2543, .F. ) ;
#2602 = EDGE_CURVE ( 'NONE', #1607, #1765, #3185, .T. ) ;
#2603 = CARTESIAN_POINT ( 'NONE',  ( 9.000000000000001776, -8.999999999999998224, 0.000000000000000000 ) ) ;
#2604 = ORIENTED_EDGE ( 'NONE', *, *, #3741, .T. ) ;
#2605 = ORIENTED_EDGE ( 'NONE', *, *, #1185, .F. ) ;
#2606 = CARTESIAN_POINT ( 'NONE',  ( 10.99999999999999645, -9.409999999999994813, 0.6350000000000000089 ) ) ;
#2607 = CARTESIAN_POINT ( 'NONE',  ( -8.999999999999998224, -9.000000000000001776, 0.000000000000000000 ) ) ;
#2608 = EDGE_LOOP ( 'NONE', ( #3842, #936, #942, #3466 ) ) ;
#2609 = DIRECTION ( 'NONE',  ( 0.000000000000000000, -1.000000000000000000, 0.000000000000000000 ) ) ;
#2610 = CARTESIAN_POINT ( 'NONE',  ( 0.000000000000000000, 0.000000000000000000, 0.3175000000000000044 ) ) ;
#2611 = CARTESIAN_POINT ( 'NONE',  ( 10.36499999999999488, 25.63499999999999801, 0.3175000000000000044 ) ) ;
#2612 = VECTOR ( 'NONE', #2947, 100.0000000000000000 ) ;
#2613 = ORIENTED_EDGE ( 'NONE', *, *, #2190, .T. ) ;
#2614 = AXIS2_PLACEMENT_3D ( 'NONE', #647, #340, #671 ) ;
#2615 = CARTESIAN_POINT ( 'NONE',  ( -10.19999999999999751, 8.232042833102431345, 0.1349999999999999534 ) ) ;
#2616 = ORIENTED_EDGE ( 'NONE', *, *, #1289, .F. ) ;
#2617 = EDGE_CURVE ( 'NONE', #456, #1681, #2562, .T. ) ;
#2618 = CARTESIAN_POINT ( 'NONE',  ( -10.49999999999999467, -10.99999999999999645, 0.6350000000000000089 ) ) ;
#2619 = ORIENTED_EDGE ( 'NONE', *, *, #3725, .T. ) ;
#2620 = VECTOR ( 'NONE', #3686, 100.0000000000000000 ) ;
#2621 = ORIENTED_EDGE ( 'NONE', *, *, #753, .T. ) ;
#2622 = VECTOR ( 'NONE', #1971, 100.0000000000000000 ) ;
#2623 = LINE ( 'NONE', #3471, #3495 ) ;
#2624 = EDGE_CURVE ( 'NONE', #892, #3547, #3817, .T. ) ;
#2625 = EDGE_LOOP ( 'NONE', ( #2938, #1014, #2476, #3331 ) ) ;
#2626 = LINE ( 'NONE', #3329, #1702 ) ;
#2627 = AXIS2_PLACEMENT_3D ( 'NONE', #752, #2514, #2851 ) ;
#2628 = ORIENTED_EDGE ( 'NONE', *, *, #1645, .T. ) ;
#2629 = EDGE_CURVE ( 'NONE', #397, #1763, #3795, .T. ) ;
#2630 = VECTOR ( 'NONE', #2420, 100.0000000000000000 ) ;
#2631 = ORIENTED_EDGE ( 'NONE', *, *, #895, .F. ) ;
#2632 = DIRECTION ( 'NONE',  ( 0.000000000000000000, 0.000000000000000000, 1.000000000000000000 ) ) ;
#2633 = AXIS2_PLACEMENT_3D ( 'NONE', #2091, #565, #3046 ) ;
#2634 = EDGE_CURVE ( 'NONE', #2136, #883, #315, .T. ) ;
#2635 = CARTESIAN_POINT ( 'NONE',  ( 8.232042833102434898, -10.19999999999999396, 0.1349999999999999534 ) ) ;
#2636 = CARTESIAN_POINT ( 'NONE',  ( 9.000000000000001776, -9.309999999999998721, 0.6350000000000000089 ) ) ;
#2637 = CARTESIAN_POINT ( 'NONE',  ( -10.99999999999999467, 9.409999999999996589, 0.1349999999999999534 ) ) ;
#2638 = LINE ( 'NONE', #3773, #906 ) ;
#2639 = CARTESIAN_POINT ( 'NONE',  ( 7.499999999999998224, -10.99999999999999822, 0.3175000000000000044 ) ) ;
#2640 = CARTESIAN_POINT ( 'NONE',  ( -8.999999999999996447, -9.000000000000001776, 0.6350000000000000089 ) ) ;
#2641 = ORIENTED_EDGE ( 'NONE', *, *, #1155, .F. ) ;
#2642 = DIRECTION ( 'NONE',  ( 0.000000000000000000, -1.000000000000000000, 0.000000000000000000 ) ) ;
#2643 = VECTOR ( 'NONE', #415, 100.0000000000000000 ) ;
#2644 = VERTEX_POINT ( 'NONE', #2539 ) ;
#2645 = PLANE ( 'NONE',  #2178 ) ;
#2646 = ORIENTED_EDGE ( 'NONE', *, *, #2095, .F. ) ;
#2647 = DIRECTION ( 'NONE',  ( 0.000000000000000000, 1.000000000000000000, 0.000000000000000000 ) ) ;
#2648 = VERTEX_POINT ( 'NONE', #2973 ) ;
#2649 = EDGE_CURVE ( 'NONE', #373, #1909, #1631, .T. ) ;
#2650 = ORIENTED_EDGE ( 'NONE', *, *, #1158, .T. ) ;
#2651 = CARTESIAN_POINT ( 'NONE',  ( -8.999999999999998224, -9.000000000000001776, 0.6350000000000000089 ) ) ;
#2652 = EDGE_CURVE ( 'NONE', #1909, #513, #2638, .T. ) ;
#2653 = CARTESIAN_POINT ( 'NONE',  ( 0.000000000000000000, 0.000000000000000000, 0.1349999999999999534 ) ) ;
#2654 = CARTESIAN_POINT ( 'NONE',  ( -10.36499999999999311, -25.63499999999999801, 0.3175000000000000044 ) ) ;
#2655 = DIRECTION ( 'NONE',  ( 0.000000000000000000, 0.000000000000000000, -1.000000000000000000 ) ) ;
#2656 = PLANE ( 'NONE',  #2762 ) ;
#2657 = EDGE_CURVE ( 'NONE', #3821, #643, #662, .T. ) ;
#2658 = LINE ( 'NONE', #1459, #594 ) ;
#2659 = CARTESIAN_POINT ( 'NONE',  ( -7.635000000000003340, 10.99999999999999645, 0.6350000000000000089 ) ) ;
#2660 = LINE ( 'NONE', #3606, #1699 ) ;
#2661 = EDGE_LOOP ( 'NONE', ( #1877, #2269, #1215, #2826, #3781, #3328, #131, #3985 ) ) ;
#2662 = CARTESIAN_POINT ( 'NONE',  ( 9.409999999999996589, 10.81999999999999673, 0.6350000000000000089 ) ) ;
#2663 = ORIENTED_EDGE ( 'NONE', *, *, #3505, .T. ) ;
#2664 = CARTESIAN_POINT ( 'NONE',  ( -10.99999999999999467, 9.409999999999996589, 0.1349999999999999534 ) ) ;
#2665 = VERTEX_POINT ( 'NONE', #2013 ) ;
#2666 = CARTESIAN_POINT ( 'NONE',  ( 9.000000000000001776, -8.689999999999997726, 0.6350000000000000089 ) ) ;
#2667 = VERTEX_POINT ( 'NONE', #353 ) ;
#2668 = ORIENTED_EDGE ( 'NONE', *, *, #3505, .F. ) ;
#2669 = FACE_OUTER_BOUND ( 'NONE', #3700, .T. ) ;
#2670 = EDGE_CURVE ( 'NONE', #2485, #3053, #1708, .T. ) ;
#2671 = PRODUCT_DEFINITION ( 'UNKNOWN', '', #591, #2531 ) ;
#2672 = ORIENTED_EDGE ( 'NONE', *, *, #1850, .F. ) ;
#2673 = APPLICATION_PROTOCOL_DEFINITION ( 'draft international standard', 'automotive_design', 1998, #2864 ) ;
#2674 = DIRECTION ( 'NONE',  ( 1.000000000000000000, 0.000000000000000000, 0.000000000000000000 ) ) ;
#2675 = DIRECTION ( 'NONE',  ( -1.000000000000000000, 0.000000000000000000, 0.000000000000000000 ) ) ;
#2676 = ADVANCED_FACE ( 'NONE', ( #3201 ), #3601, .F. ) ;
#2677 = CARTESIAN_POINT ( 'NONE',  ( 10.20000000000000107, -9.767957166897559773, 0.1349999999999999534 ) ) ;
#2678 = DIRECTION ( 'NONE',  ( 0.000000000000000000, -1.000000000000000000, 0.000000000000000000 ) ) ;
#2679 = EDGE_CURVE ( 'NONE', #2058, #2832, #943, .T. ) ;
#2680 = AXIS2_PLACEMENT_3D ( 'NONE', #2424, #850, #3335 ) ;
#2681 = DIRECTION ( 'NONE',  ( 1.000000000000000000, 1.817653936845377429E-16, 0.000000000000000000 ) ) ;
#2682 = PLANE ( 'NONE',  #3869 ) ;
#2683 = VERTEX_POINT ( 'NONE', #137 ) ;
#2684 = LINE ( 'NONE', #2059, #658 ) ;
#2685 = ORIENTED_EDGE ( 'NONE', *, *, #2455, .F. ) ;
#2686 = CIRCLE ( 'NONE', #3468, 2.500000000000003553 ) ;
#2687 = CARTESIAN_POINT ( 'NONE',  ( 9.409999999999996589, 10.81999999999999673, 0.1349999999999999534 ) ) ;
#2688 = CIRCLE ( 'NONE', #1226, 2.500000000000000888 ) ;
#2689 = VERTEX_POINT ( 'NONE', #1397 ) ;
#2690 = DIRECTION ( 'NONE',  ( 0.000000000000000000, 0.000000000000000000, -1.000000000000000000 ) ) ;
#2691 = VECTOR ( 'NONE', #1096, 100.0000000000000000 ) ;
#2692 = ORIENTED_EDGE ( 'NONE', *, *, #1082, .T. ) ;
#2693 = CARTESIAN_POINT ( 'NONE',  ( 7.499999999999995559, 10.99999999999999467, 0.3175000000000000044 ) ) ;
#2694 = VECTOR ( 'NONE', #1449, 100.0000000000000000 ) ;
#2695 = ORIENTED_EDGE ( 'NONE', *, *, #294, .F. ) ;
#2696 = VECTOR ( 'NONE', #1556, 100.0000000000000000 ) ;
#2697 = LINE ( 'NONE', #1766, #2879 ) ;
#2698 = DIRECTION ( 'NONE',  ( 0.000000000000000000, -1.000000000000000000, 0.000000000000000000 ) ) ;
#2699 = DIRECTION ( 'NONE',  ( 0.000000000000000000, -1.000000000000000000, 0.000000000000000000 ) ) ;
#2700 = PLANE ( 'NONE',  #3292 ) ;
#2701 = VECTOR ( 'NONE', #1792, 100.0000000000000000 ) ;
#2702 = DIRECTION ( 'NONE',  ( 0.000000000000000000, 0.000000000000000000, 1.000000000000000000 ) ) ;
#2703 = EDGE_CURVE ( 'NONE', #3963, #761, #328, .T. ) ;
#2704 = AXIS2_PLACEMENT_3D ( 'NONE', #2179, #854, #4050 ) ;
#2705 = DIRECTION ( 'NONE',  ( -0.4999999999999980016, -0.8660254037844397068, 0.000000000000000000 ) ) ;
#2706 = DIRECTION ( 'NONE',  ( 0.000000000000000000, -1.000000000000000000, 0.000000000000000000 ) ) ;
#2707 = VERTEX_POINT ( 'NONE', #1276 ) ;
#2708 = VECTOR ( 'NONE', #1753, 100.0000000000000000 ) ;
#2709 = DIRECTION ( 'NONE',  ( 0.000000000000000000, 1.000000000000000000, 0.000000000000000000 ) ) ;
#2710 = AXIS2_PLACEMENT_3D ( 'NONE', #1794, #3098, #2709 ) ;
#2711 = CARTESIAN_POINT ( 'NONE',  ( -10.99999999999999645, -10.36499999999999844, 0.6350000000000000089 ) ) ;
#2712 = CARTESIAN_POINT ( 'NONE',  ( 7.500000000000000000, -10.99999999999999645, 0.6350000000000000089 ) ) ;
#2713 = ADVANCED_FACE ( 'NONE', ( #1872 ), #2656, .F. ) ;
#2714 = ORIENTED_EDGE ( 'NONE', *, *, #1289, .T. ) ;
#2715 = CARTESIAN_POINT ( 'NONE',  ( -10.99999999999999467, 10.49999999999999467, 0.3175000000000000044 ) ) ;
#2716 = EDGE_CURVE ( 'NONE', #1558, #1599, #60, .T. ) ;
#2717 = ORIENTED_EDGE ( 'NONE', *, *, #2928, .T. ) ;
#2718 = CARTESIAN_POINT ( 'NONE',  ( -8.999999999999996447, -9.000000000000001776, 0.3175000000000000044 ) ) ;
#2719 = DIRECTION ( 'NONE',  ( 0.000000000000000000, 1.000000000000000000, 0.000000000000000000 ) ) ;
#2720 = DIRECTION ( 'NONE',  ( 1.000000000000000000, 0.000000000000000000, 0.000000000000000000 ) ) ;
#2721 = CARTESIAN_POINT ( 'NONE',  ( -7.370000000000000107, 7.470000000000000639, 0.000000000000000000 ) ) ;
#2722 = CARTESIAN_POINT ( 'NONE',  ( 9.000000000000000000, 8.690000000000001279, 0.6350000000000000089 ) ) ;
#2723 = ORIENTED_EDGE ( 'NONE', *, *, #948, .F. ) ;
#2724 = DIRECTION ( 'NONE',  ( 0.000000000000000000, -1.000000000000000000, 0.000000000000000000 ) ) ;
#2725 = ORIENTED_EDGE ( 'NONE', *, *, #808, .F. ) ;
#2726 = DIRECTION ( 'NONE',  ( -1.817653936845377429E-16, 1.000000000000000000, 0.000000000000000000 ) ) ;
#2727 = CARTESIAN_POINT ( 'NONE',  ( 10.81999999999999140, 9.409999999999998366, 0.1349999999999999534 ) ) ;
#2728 = DIRECTION ( 'NONE',  ( 0.000000000000000000, 1.000000000000000000, -0.000000000000000000 ) ) ;
#2729 = EDGE_CURVE ( 'NONE', #2707, #292, #1833, .T. ) ;
#2730 = VERTEX_POINT ( 'NONE', #198 ) ;
#2731 = EDGE_CURVE ( 'NONE', #1669, #1609, #1436, .T. ) ;
#2732 = VERTEX_POINT ( 'NONE', #155 ) ;
#2733 = CARTESIAN_POINT ( 'NONE',  ( -8.589999999999992752, -10.99999999999999645, 0.6350000000000000089 ) ) ;
#2734 = EDGE_LOOP ( 'NONE', ( #1897, #2725, #2313, #814 ) ) ;
#2735 = CARTESIAN_POINT ( 'NONE',  ( 9.410000000000000142, -10.99999999999999112, 0.1349999999999999534 ) ) ;
#2736 = DIRECTION ( 'NONE',  ( 0.000000000000000000, 1.000000000000000000, -0.000000000000000000 ) ) ;
#2737 = FACE_OUTER_BOUND ( 'NONE', #2124, .T. ) ;
#2738 = DIRECTION ( 'NONE',  ( -0.8660254037844398178, -0.4999999999999979461, 0.000000000000000000 ) ) ;
#2739 = CARTESIAN_POINT ( 'NONE',  ( 10.99999999999999645, 7.635000000000004228, 0.6350000000000000089 ) ) ;
#2740 = EDGE_LOOP ( 'NONE', ( #1141, #2133, #3838, #332 ) ) ;
#2741 = CARTESIAN_POINT ( 'NONE',  ( -7.370000000000000107, -7.470000000000000639, 0.4000000000000000222 ) ) ;
#2742 = ORIENTED_EDGE ( 'NONE', *, *, #3653, .T. ) ;
#2743 = ADVANCED_FACE ( 'NONE', ( #3627 ), #1750, .T. ) ;
#2744 = DIRECTION ( 'NONE',  ( 1.000000000000000000, 0.000000000000000000, 0.000000000000000000 ) ) ;
#2745 = DIRECTION ( 'NONE',  ( 1.000000000000000000, 0.000000000000000000, 0.000000000000000000 ) ) ;
#2746 = ORIENTED_EDGE ( 'NONE', *, *, #3287, .F. ) ;
#2747 = ORIENTED_EDGE ( 'NONE', *, *, #2670, .T. ) ;
#2748 = EDGE_CURVE ( 'NONE', #702, #2353, #581, .T. ) ;
#2749 = VECTOR ( 'NONE', #975, 100.0000000000000142 ) ;
#2750 = ORIENTED_EDGE ( 'NONE', *, *, #2716, .F. ) ;
#2751 = LINE ( 'NONE', #1490, #306 ) ;
#2752 = DIRECTION ( 'NONE',  ( -1.000000000000000000, 0.000000000000000000, 0.000000000000000000 ) ) ;
#2753 = ORIENTED_EDGE ( 'NONE', *, *, #2679, .T. ) ;
#2754 = AXIS2_PLACEMENT_3D ( 'NONE', #857, #3709, #3070 ) ;
#2755 = DIRECTION ( 'NONE',  ( 0.000000000000000000, 0.000000000000000000, -1.000000000000000000 ) ) ;
#2756 = AXIS2_PLACEMENT_3D ( 'NONE', #1757, #3652, #3634 ) ;
#2757 = CARTESIAN_POINT ( 'NONE',  ( 10.99999999999999645, -10.36499999999999488, 0.6350000000000000089 ) ) ;
#2758 = DIRECTION ( 'NONE',  ( -0.000000000000000000, 0.000000000000000000, 1.000000000000000000 ) ) ;
#2759 = LINE ( 'NONE', #832, #3417 ) ;
#2760 = EDGE_CURVE ( 'NONE', #742, #3923, #4072, .T. ) ;
#2761 = ORIENTED_EDGE ( 'NONE', *, *, #3206, .F. ) ;
#2762 = AXIS2_PLACEMENT_3D ( 'NONE', #3488, #3461, #3894 ) ;
#2763 = DIRECTION ( 'NONE',  ( 1.000000000000000000, 0.000000000000000000, 0.000000000000000000 ) ) ;
#2764 = ORIENTED_EDGE ( 'NONE', *, *, #3011, .F. ) ;
#2765 = VECTOR ( 'NONE', #3743, 100.0000000000000000 ) ;
#2766 = CARTESIAN_POINT ( 'NONE',  ( -10.49999999999999822, 10.99999999999999645, 0.6350000000000000089 ) ) ;
#2767 = VECTOR ( 'NONE', #3131, 100.0000000000000000 ) ;
#2768 = CARTESIAN_POINT ( 'NONE',  ( -9.409999999999998366, 10.99999999999999112, 0.1349999999999999534 ) ) ;
#2769 = DIRECTION ( 'NONE',  ( -1.000000000000000000, 0.000000000000000000, 0.000000000000000000 ) ) ;
#2770 = ORIENTED_EDGE ( 'NONE', *, *, #208, .F. ) ;
#2771 = ORIENTED_EDGE ( 'NONE', *, *, #2150, .F. ) ;
#2772 = CIRCLE ( 'NONE', #530, 0.3100000000000005529 ) ;
#2773 = ORIENTED_EDGE ( 'NONE', *, *, #249, .F. ) ;
#2774 = LINE ( 'NONE', #1551, #1375 ) ;
#2775 = VECTOR ( 'NONE', #2412, 100.0000000000000000 ) ;
#2776 = VERTEX_POINT ( 'NONE', #3935 ) ;
#2777 = ADVANCED_FACE ( 'NONE', ( #3068 ), #1478, .F. ) ;
#2778 = DIRECTION ( 'NONE',  ( 1.000000000000000000, 0.000000000000000000, 0.000000000000000000 ) ) ;
#2779 = DIRECTION ( 'NONE',  ( 0.4999999999999980571, -0.8660254037844398178, 0.000000000000000000 ) ) ;
#2780 = FACE_OUTER_BOUND ( 'NONE', #3449, .T. ) ;
#2781 = LINE ( 'NONE', #1524, #1893 ) ;
#2782 = EDGE_CURVE ( 'NONE', #228, #1986, #1164, .T. ) ;
#2783 = VERTEX_POINT ( 'NONE', #2721 ) ;
#2784 = PLANE ( 'NONE',  #183 ) ;
#2785 = EDGE_CURVE ( 'NONE', #2066, #2941, #3994, .T. ) ;
#2786 = DIRECTION ( 'NONE',  ( -0.000000000000000000, 0.000000000000000000, 1.000000000000000000 ) ) ;
#2787 = DIRECTION ( 'NONE',  ( -0.000000000000000000, 0.000000000000000000, 1.000000000000000000 ) ) ;
#2788 = CARTESIAN_POINT ( 'NONE',  ( 10.99999999999999112, 8.589999999999998082, 0.1349999999999999534 ) ) ;
#2789 = LINE ( 'NONE', #2139, #4068 ) ;
#2790 = ORIENTED_EDGE ( 'NONE', *, *, #2963, .F. ) ;
#2791 = DIRECTION ( 'NONE',  ( 0.000000000000000000, 1.000000000000000000, 0.000000000000000000 ) ) ;
#2792 = ORIENTED_EDGE ( 'NONE', *, *, #564, .T. ) ;
#2793 = EDGE_LOOP ( 'NONE', ( #2559, #278 ) ) ;
#2794 = DIRECTION ( 'NONE',  ( -0.4999999999999979461, 0.8660254037844398178, -0.000000000000000000 ) ) ;
#2795 = ADVANCED_FACE ( 'NONE', ( #2115 ), #1146, .F. ) ;
#2796 = CARTESIAN_POINT ( 'NONE',  ( -8.589999999999992752, -10.99999999999999645, 0.6350000000000000089 ) ) ;
#2797 = DIRECTION ( 'NONE',  ( 0.000000000000000000, 1.000000000000000000, -0.000000000000000000 ) ) ;
#2798 = CARTESIAN_POINT ( 'NONE',  ( 10.69500000000000206, -9.894862706971711216E-16, 0.3175000000000011147 ) ) ;
#2799 = ORIENTED_EDGE ( 'NONE', *, *, #2889, .F. ) ;
#2800 = EDGE_CURVE ( 'NONE', #3251, #1953, #3029, .T. ) ;
#2801 = FACE_OUTER_BOUND ( 'NONE', #868, .T. ) ;
#2802 = EDGE_CURVE ( 'NONE', #1953, #3594, #2759, .T. ) ;
#2803 = DIRECTION ( 'NONE',  ( 0.000000000000000000, -1.000000000000000000, 0.000000000000000000 ) ) ;
#2804 = CARTESIAN_POINT ( 'NONE',  ( 0.000000000000000000, 0.000000000000000000, 0.1349999999999999534 ) ) ;
#2805 = EDGE_LOOP ( 'NONE', ( #1807, #94, #1025, #1783 ) ) ;
#2806 = CARTESIAN_POINT ( 'NONE',  ( 10.99999999999999112, 9.409999999999998366, 0.6350000000000000089 ) ) ;
#2807 = EDGE_LOOP ( 'NONE', ( #764, #1597, #3202, #1212 ) ) ;
#2808 = ORIENTED_EDGE ( 'NONE', *, *, #4052, .F. ) ;
#2809 = CARTESIAN_POINT ( 'NONE',  ( 10.81999999999999851, -8.589999999999992752, 0.1349999999999999534 ) ) ;
#2810 = ORIENTED_EDGE ( 'NONE', *, *, #700, .T. ) ;
#2811 = VECTOR ( 'NONE', #216, 100.0000000000000000 ) ;
#2812 = CARTESIAN_POINT ( 'NONE',  ( 8.999999999999998224, 9.000000000000000000, 0.6350000000000000089 ) ) ;
#2813 = CARTESIAN_POINT ( 'NONE',  ( -9.767957166897563326, 10.19999999999999574, 0.6350000000000000089 ) ) ;
#2814 = LINE ( 'NONE', #1201, #2167 ) ;
#2815 = CARTESIAN_POINT ( 'NONE',  ( -10.81999999999999496, 8.589999999999994529, 0.1349999999999999534 ) ) ;
#2816 = EDGE_LOOP ( 'NONE', ( #1550, #2600, #3492, #3151, #3905 ) ) ;
#2817 = VECTOR ( 'NONE', #2452, 100.0000000000000000 ) ;
#2818 = DIRECTION ( 'NONE',  ( 0.000000000000000000, 0.000000000000000000, 1.000000000000000000 ) ) ;
#2819 = CARTESIAN_POINT ( 'NONE',  ( -10.36499999999999666, -7.635000000000001563, 0.6350000000000000089 ) ) ;
#2820 = CARTESIAN_POINT ( 'NONE',  ( 0.000000000000000000, 8.030000000000004690, 0.000000000000000000 ) ) ;
#2821 = AXIS2_PLACEMENT_3D ( 'NONE', #796, #4017, #2428 ) ;
#2822 = EDGE_CURVE ( 'NONE', #285, #2832, #3643, .T. ) ;
#2823 = VECTOR ( 'NONE', #3216, 100.0000000000000000 ) ;
#2824 = LINE ( 'NONE', #1871, #533 ) ;
#2825 = DIRECTION ( 'NONE',  ( 1.000000000000000000, 0.000000000000000000, 0.000000000000000000 ) ) ;
#2826 = ORIENTED_EDGE ( 'NONE', *, *, #3537, .F. ) ;
#2827 = VECTOR ( 'NONE', #1967, 100.0000000000000000 ) ;
#2828 = ORIENTED_EDGE ( 'NONE', *, *, #414, .T. ) ;
#2829 = ADVANCED_FACE ( 'NONE', ( #2056 ), #3378, .F. ) ;
#2830 = LINE ( 'NONE', #2188, #1235 ) ;
#2831 = ORIENTED_EDGE ( 'NONE', *, *, #2800, .T. ) ;
#2832 = VERTEX_POINT ( 'NONE', #492 ) ;
#2833 = ORIENTED_EDGE ( 'NONE', *, *, #3260, .F. ) ;
#2834 = ORIENTED_EDGE ( 'NONE', *, *, #724, .F. ) ;
#2835 = LINE ( 'NONE', #1580, #1493 ) ;
#2836 = CARTESIAN_POINT ( 'NONE',  ( 10.36499999999999844, -25.63500000000000156, 0.3175000000000000044 ) ) ;
#2837 = EDGE_CURVE ( 'NONE', #2776, #119, #2450, .T. ) ;
#2838 = VECTOR ( 'NONE', #2471, 100.0000000000000000 ) ;
#2839 = LINE ( 'NONE', #9, #3885 ) ;
#2840 = LINE ( 'NONE', #2195, #1573 ) ;
#2841 = ORIENTED_EDGE ( 'NONE', *, *, #833, .F. ) ;
#2842 = DIRECTION ( 'NONE',  ( 0.000000000000000000, -1.000000000000000000, 0.000000000000000000 ) ) ;
#2843 = CARTESIAN_POINT ( 'NONE',  ( -10.19999999999999751, 9.767957166897559773, 0.6350000000000000089 ) ) ;
#2844 = ORIENTED_EDGE ( 'NONE', *, *, #1111, .T. ) ;
#2845 = CARTESIAN_POINT ( 'NONE',  ( -10.81999999999999496, 9.409999999999996589, 0.1349999999999999534 ) ) ;
#2846 = DIRECTION ( 'NONE',  ( -9.251858538542974046E-17, 1.000000000000000000, 0.000000000000000000 ) ) ;
#2847 = ORIENTED_EDGE ( 'NONE', *, *, #1225, .F. ) ;
#2848 = EDGE_CURVE ( 'NONE', #1253, #2451, #1040, .T. ) ;
#2849 = PRODUCT_RELATED_PRODUCT_CATEGORY ( 'part', '', ( #3920 ) ) ;
#2850 = CARTESIAN_POINT ( 'NONE',  ( 10.99999999999999112, 9.409999999999998366, 0.6350000000000000089 ) ) ;
#2851 = DIRECTION ( 'NONE',  ( 0.000000000000000000, -1.000000000000000000, 0.000000000000000000 ) ) ;
#2852 = ORIENTED_EDGE ( 'NONE', *, *, #223, .T. ) ;
#2853 = ADVANCED_FACE ( 'NONE', ( #3008 ), #2700, .F. ) ;
#2854 = ORIENTED_EDGE ( 'NONE', *, *, #3970, .F. ) ;
#2855 = LINE ( 'NONE', #3822, #577 ) ;
#2856 = ORIENTED_EDGE ( 'NONE', *, *, #783, .F. ) ;
#2857 = EDGE_LOOP ( 'NONE', ( #2899, #2191, #599, #85 ) ) ;
#2858 = VERTEX_POINT ( 'NONE', #812 ) ;
#2859 = CARTESIAN_POINT ( 'NONE',  ( 8.589999999999994529, 10.99999999999999645, 0.1349999999999999534 ) ) ;
#2860 = DIRECTION ( 'NONE',  ( 0.000000000000000000, 1.000000000000000000, 0.000000000000000000 ) ) ;
#2861 = DIRECTION ( 'NONE',  ( 0.000000000000000000, -1.000000000000000000, 0.000000000000000000 ) ) ;
#2862 = LINE ( 'NONE', #1202, #2158 ) ;
#2863 = DIRECTION ( 'NONE',  ( 0.000000000000000000, 0.000000000000000000, 1.000000000000000000 ) ) ;
#2864 = APPLICATION_CONTEXT ( 'automotive_design' ) ;
#2865 = DIRECTION ( 'NONE',  ( -1.000000000000000000, 9.251858538542974046E-17, 0.000000000000000000 ) ) ;
#2866 = CARTESIAN_POINT ( 'NONE',  ( -8.029999999999997584, 0.000000000000000000, 0.4000000000000000222 ) ) ;
#2867 = ORIENTED_EDGE ( 'NONE', *, *, #4012, .F. ) ;
#2868 = ORIENTED_EDGE ( 'NONE', *, *, #3581, .F. ) ;
#2869 = DIRECTION ( 'NONE',  ( 0.000000000000000000, 0.000000000000000000, -1.000000000000000000 ) ) ;
#2870 = FACE_OUTER_BOUND ( 'NONE', #825, .T. ) ;
#2871 = ORIENTED_EDGE ( 'NONE', *, *, #388, .F. ) ;
#2872 = DIRECTION ( 'NONE',  ( 1.000000000000000000, 1.817653936845377429E-16, 0.000000000000000000 ) ) ;
#2873 = DIRECTION ( 'NONE',  ( 0.000000000000000000, 0.000000000000000000, -1.000000000000000000 ) ) ;
#2874 = VERTEX_POINT ( 'NONE', #3338 ) ;
#2875 = ORIENTED_EDGE ( 'NONE', *, *, #1460, .T. ) ;
#2876 = DIRECTION ( 'NONE',  ( -0.000000000000000000, 0.000000000000000000, 1.000000000000000000 ) ) ;
#2877 = ORIENTED_EDGE ( 'NONE', *, *, #2652, .T. ) ;
#2878 = EDGE_CURVE ( 'NONE', #190, #950, #509, .T. ) ;
#2879 = VECTOR ( 'NONE', #2033, 100.0000000000000000 ) ;
#2880 = LINE ( 'NONE', #1963, #2974 ) ;
#2881 = CARTESIAN_POINT ( 'NONE',  ( 10.81999999999999140, 9.409999999999998366, 0.1349999999999999534 ) ) ;
#2882 = FACE_OUTER_BOUND ( 'NONE', #737, .T. ) ;
#2883 = VERTEX_POINT ( 'NONE', #3436 ) ;
#2884 = VECTOR ( 'NONE', #3868, 100.0000000000000000 ) ;
#2885 = DIRECTION ( 'NONE',  ( 1.000000000000000000, 0.000000000000000000, 0.000000000000000000 ) ) ;
#2886 = VECTOR ( 'NONE', #2368, 100.0000000000000000 ) ;
#2887 = DIRECTION ( 'NONE',  ( 0.000000000000000000, 0.000000000000000000, 1.000000000000000000 ) ) ;
#2888 = CARTESIAN_POINT ( 'NONE',  ( -7.635000000000003340, 10.36499999999999666, 0.3175000000000000044 ) ) ;
#2889 = EDGE_CURVE ( 'NONE', #3486, #2492, #2180, .T. ) ;
#2890 = VECTOR ( 'NONE', #2067, 100.0000000000000000 ) ;
#2891 = LINE ( 'NONE', #2288, #3995 ) ;
#2892 = ORIENTED_EDGE ( 'NONE', *, *, #2213, .F. ) ;
#2893 = VECTOR ( 'NONE', #3313, 100.0000000000000142 ) ;
#2894 = DIRECTION ( 'NONE',  ( 0.000000000000000000, 0.000000000000000000, -1.000000000000000000 ) ) ;
#2895 = CARTESIAN_POINT ( 'NONE',  ( -10.81999999999999140, -8.589999999999999858, 0.1349999999999999534 ) ) ;
#2896 = EDGE_CURVE ( 'NONE', #3447, #2411, #2840, .T. ) ;
#2897 = ORIENTED_EDGE ( 'NONE', *, *, #3339, .F. ) ;
#2898 = VECTOR ( 'NONE', #236, 100.0000000000000000 ) ;
#2899 = ORIENTED_EDGE ( 'NONE', *, *, #1762, .T. ) ;
#2900 = DIRECTION ( 'NONE',  ( 0.000000000000000000, -1.000000000000000000, 0.000000000000000000 ) ) ;
#2901 = COLOUR_RGB ( '',0.7921568627450980005, 0.8196078431372548767, 0.9333333333333333481 ) ;
#2902 = ORIENTED_EDGE ( 'NONE', *, *, #1003, .T. ) ;
#2903 = AXIS2_PLACEMENT_3D ( 'NONE', #1731, #175, #3582 ) ;
#2904 = ORIENTED_EDGE ( 'NONE', *, *, #3441, .T. ) ;
#2905 = DIRECTION ( 'NONE',  ( 0.000000000000000000, -1.000000000000000000, 0.000000000000000000 ) ) ;
#2906 = ORIENTED_EDGE ( 'NONE', *, *, #1309, .T. ) ;
#2907 = LINE ( 'NONE', #3473, #969 ) ;
#2908 = EDGE_CURVE ( 'NONE', #2259, #704, #3132, .T. ) ;
#2909 = CARTESIAN_POINT ( 'NONE',  ( -9.767957166897559773, -10.20000000000000107, 0.1349999999999999534 ) ) ;
#2910 = VECTOR ( 'NONE', #26, 100.0000000000000000 ) ;
#2911 = AXIS2_PLACEMENT_3D ( 'NONE', #1084, #2282, #769 ) ;
#2912 = CARTESIAN_POINT ( 'NONE',  ( 10.99999999999999645, -9.409999999999994813, 0.1349999999999999534 ) ) ;
#2913 = FACE_OUTER_BOUND ( 'NONE', #3345, .T. ) ;
#2914 = EDGE_CURVE ( 'NONE', #670, #3716, #3786, .T. ) ;
#2915 = FACE_BOUND ( 'NONE', #859, .T. ) ;
#2916 = ORIENTED_EDGE ( 'NONE', *, *, #578, .F. ) ;
#2917 = EDGE_CURVE ( 'NONE', #1339, #2297, #2215, .T. ) ;
#2918 = DIRECTION ( 'NONE',  ( 0.000000000000000000, 0.000000000000000000, 1.000000000000000000 ) ) ;
#2919 = VERTEX_POINT ( 'NONE', #609 ) ;
#2920 = LINE ( 'NONE', #368, #2569 ) ;
#2921 = ORIENTED_EDGE ( 'NONE', *, *, #3318, .T. ) ;
#2922 = DIRECTION ( 'NONE',  ( 0.000000000000000000, 0.000000000000000000, 1.000000000000000000 ) ) ;
#2923 = ORIENTED_EDGE ( 'NONE', *, *, #560, .T. ) ;
#2924 = DIRECTION ( 'NONE',  ( -0.000000000000000000, 0.000000000000000000, 1.000000000000000000 ) ) ;
#2925 = ORIENTED_EDGE ( 'NONE', *, *, #1422, .T. ) ;
#2926 = CARTESIAN_POINT ( 'NONE',  ( -10.99999999999999112, -8.589999999999999858, 0.6350000000000000089 ) ) ;
#2927 = FACE_OUTER_BOUND ( 'NONE', #2454, .T. ) ;
#2928 = EDGE_CURVE ( 'NONE', #513, #1536, #1219, .T. ) ;
#2929 = CARTESIAN_POINT ( 'NONE',  ( 9.410000000000000142, -10.81999999999999140, 0.1349999999999999534 ) ) ;
#2930 = LINE ( 'NONE', #1001, #642 ) ;
#2931 = LINE ( 'NONE', #1002, #784 ) ;
#2932 = ORIENTED_EDGE ( 'NONE', *, *, #3620, .F. ) ;
#2933 = ADVANCED_FACE ( 'NONE', ( #587 ), #1849, .F. ) ;
#2934 = CARTESIAN_POINT ( 'NONE',  ( -8.232042833102433121, 10.19999999999999574, 0.6350000000000000089 ) ) ;
#2935 = EDGE_LOOP ( 'NONE', ( #877, #87, #3730, #2597, #2833, #1606, #2985, #163, #1698, #1515, #3387, #3444 ) ) ;
#2936 = CARTESIAN_POINT ( 'NONE',  ( 7.162345244612036588, -10.69500000000000384, 0.3175000000000011147 ) ) ;
#2937 = VERTEX_POINT ( 'NONE', #934 ) ;
#2938 = ORIENTED_EDGE ( 'NONE', *, *, #2517, .F. ) ;
#2939 = EDGE_CURVE ( 'NONE', #2205, #1427, #2781, .T. ) ;
#2940 = DIRECTION ( 'NONE',  ( -0.000000000000000000, 0.000000000000000000, 1.000000000000000000 ) ) ;
#2941 = VERTEX_POINT ( 'NONE', #4035 ) ;
#2942 = LINE ( 'NONE', #1596, #1110 ) ;
#2943 = EDGE_CURVE ( 'NONE', #742, #740, #2862, .T. ) ;
#2944 = ORIENTED_EDGE ( 'NONE', *, *, #297, .T. ) ;
#2945 = ORIENTED_EDGE ( 'NONE', *, *, #3757, .T. ) ;
#2946 = CARTESIAN_POINT ( 'NONE',  ( 8.589999999999999858, -10.99999999999999112, 0.1349999999999999534 ) ) ;
#2947 = DIRECTION ( 'NONE',  ( 1.000000000000000000, 0.000000000000000000, 0.000000000000000000 ) ) ;
#2948 = CARTESIAN_POINT ( 'NONE',  ( -10.99999999999999467, 10.49999999999999467, 0.6350000000000000089 ) ) ;
#2949 = CARTESIAN_POINT ( 'NONE',  ( -8.029999999999997584, 8.030000000000004690, 0.000000000000000000 ) ) ;
#2950 = VECTOR ( 'NONE', #2681, 100.0000000000000000 ) ;
#2951 = VECTOR ( 'NONE', #1283, 100.0000000000000142 ) ;
#2952 = CARTESIAN_POINT ( 'NONE',  ( 9.000000000000000000, 9.310000000000002274, 0.000000000000000000 ) ) ;
#2953 = CARTESIAN_POINT ( 'NONE',  ( 10.50000000000000000, -10.99999999999999645, 0.6350000000000000089 ) ) ;
#2954 = EDGE_CURVE ( 'NONE', #2874, #2919, #1602, .T. ) ;
#2955 = ORIENTED_EDGE ( 'NONE', *, *, #1039, .T. ) ;
#2956 = AXIS2_PLACEMENT_3D ( 'NONE', #149, #2321, #790 ) ;
#2957 = ORIENTED_EDGE ( 'NONE', *, *, #1439, .T. ) ;
#2958 = VECTOR ( 'NONE', #3848, 100.0000000000000000 ) ;
#2959 = CARTESIAN_POINT ( 'NONE',  ( 8.232042833102431345, 10.19999999999999929, 0.1349999999999999534 ) ) ;
#2960 = ORIENTED_EDGE ( 'NONE', *, *, #3240, .T. ) ;
#2961 = DIRECTION ( 'NONE',  ( -1.000000000000000000, 0.000000000000000000, 0.000000000000000000 ) ) ;
#2962 = EDGE_CURVE ( 'NONE', #1123, #3269, #29, .T. ) ;
#2963 = EDGE_CURVE ( 'NONE', #3528, #729, #276, .T. ) ;
#2964 = AXIS2_PLACEMENT_3D ( 'NONE', #2611, #3849, #2577 ) ;
#2965 = ORIENTED_EDGE ( 'NONE', *, *, #2634, .T. ) ;
#2966 = FACE_OUTER_BOUND ( 'NONE', #1860, .T. ) ;
#2967 = ORIENTED_EDGE ( 'NONE', *, *, #2928, .F. ) ;
#2968 = VECTOR ( 'NONE', #1999, 100.0000000000000000 ) ;
#2969 = DIRECTION ( 'NONE',  ( 0.000000000000000000, -1.000000000000000000, 0.000000000000000000 ) ) ;
#2970 = CARTESIAN_POINT ( 'NONE',  ( -9.409999999999994813, -10.81999999999999851, 0.1349999999999999534 ) ) ;
#2971 = VECTOR ( 'NONE', #3033, 100.0000000000000000 ) ;
#2972 = DIRECTION ( 'NONE',  ( -0.000000000000000000, 0.000000000000000000, 1.000000000000000000 ) ) ;
#2973 = CARTESIAN_POINT ( 'NONE',  ( 10.20000000000000107, -9.767957166897559773, 0.6350000000000000089 ) ) ;
#2974 = VECTOR ( 'NONE', #313, 100.0000000000000000 ) ;
#2975 = DIRECTION ( 'NONE',  ( 0.000000000000000000, -1.000000000000000000, 0.000000000000000000 ) ) ;
#2976 = CARTESIAN_POINT ( 'NONE',  ( -8.999999999999994671, 8.999999999999998224, 0.6350000000000000089 ) ) ;
#2977 = ORIENTED_EDGE ( 'NONE', *, *, #686, .T. ) ;
#2978 = FACE_OUTER_BOUND ( 'NONE', #997, .T. ) ;
#2979 = ORIENTED_EDGE ( 'NONE', *, *, #3563, .F. ) ;
#2980 = ORIENTED_EDGE ( 'NONE', *, *, #2065, .T. ) ;
#2981 = EDGE_CURVE ( 'NONE', #224, #319, #3396, .T. ) ;
#2982 = LINE ( 'NONE', #1338, #1182 ) ;
#2983 = ORIENTED_EDGE ( 'NONE', *, *, #996, .T. ) ;
#2984 = CARTESIAN_POINT ( 'NONE',  ( -9.767957166897559773, -10.20000000000000107, 0.6350000000000000089 ) ) ;
#2985 = ORIENTED_EDGE ( 'NONE', *, *, #3887, .F. ) ;
#2986 = EDGE_CURVE ( 'NONE', #292, #3053, #10, .T. ) ;
#2987 = ORIENTED_EDGE ( 'NONE', *, *, #3635, .T. ) ;
#2988 = LINE ( 'NONE', #3001, #1634 ) ;
#2989 = ORIENTED_EDGE ( 'NONE', *, *, #2703, .F. ) ;
#2990 = DIRECTION ( 'NONE',  ( 0.000000000000000000, 0.000000000000000000, 1.000000000000000000 ) ) ;
#2991 = CARTESIAN_POINT ( 'NONE',  ( -10.99999999999999467, 9.409999999999996589, 0.6350000000000000089 ) ) ;
#2992 = DIRECTION ( 'NONE',  ( 0.000000000000000000, 0.000000000000000000, 1.000000000000000000 ) ) ;
#2993 = DIRECTION ( 'NONE',  ( 9.088269684226883446E-17, -1.000000000000000000, 0.000000000000000000 ) ) ;
#2994 = CARTESIAN_POINT ( 'NONE',  ( 10.81999999999999140, 9.409999999999998366, 0.1349999999999999534 ) ) ;
#2995 = CARTESIAN_POINT ( 'NONE',  ( -8.999999999999996447, -9.000000000000001776, 0.3175000000000000044 ) ) ;
#2996 = CARTESIAN_POINT ( 'NONE',  ( 9.767957166897565102, -10.19999999999999396, 0.1349999999999999534 ) ) ;
#2997 = ORIENTED_EDGE ( 'NONE', *, *, #3810, .F. ) ;
#2998 = FACE_OUTER_BOUND ( 'NONE', #3060, .T. ) ;
#2999 = FACE_BOUND ( 'NONE', #1962, .T. ) ;
#3000 = ORIENTED_EDGE ( 'NONE', *, *, #174, .F. ) ;
#3001 = CARTESIAN_POINT ( 'NONE',  ( -10.99999999999999467, 10.49999999999999467, 0.3175000000000000044 ) ) ;
#3002 = EDGE_LOOP ( 'NONE', ( #1271, #1868, #2847, #3906 ) ) ;
#3003 = EDGE_CURVE ( 'NONE', #685, #702, #1542, .T. ) ;
#3004 =( NAMED_UNIT ( * ) PLANE_ANGLE_UNIT ( ) SI_UNIT ( $, .RADIAN. ) );
#3005 = CARTESIAN_POINT ( 'NONE',  ( -7.370000000000000107, 7.470000000000000639, 0.4000000000000000222 ) ) ;
#3006 = LINE ( 'NONE', #173, #768 ) ;
#3007 = LINE ( 'NONE', #1065, #1969 ) ;
#3008 = FACE_OUTER_BOUND ( 'NONE', #2518, .T. ) ;
#3009 = VECTOR ( 'NONE', #361, 100.0000000000000000 ) ;
#3010 = CARTESIAN_POINT ( 'NONE',  ( -10.99999999999999467, 8.589999999999994529, 0.6350000000000000089 ) ) ;
#3011 = EDGE_CURVE ( 'NONE', #2041, #2189, #2484, .T. ) ;
#3012 = ORIENTED_EDGE ( 'NONE', *, *, #1242, .F. ) ;
#3013 = LINE ( 'NONE', #1401, #3955 ) ;
#3014 = ORIENTED_EDGE ( 'NONE', *, *, #3810, .T. ) ;
#3015 = VECTOR ( 'NONE', #2054, 100.0000000000000000 ) ;
#3016 = DIRECTION ( 'NONE',  ( 0.000000000000000000, 0.000000000000000000, -1.000000000000000000 ) ) ;
#3017 = EDGE_CURVE ( 'NONE', #1444, #99, #4075, .T. ) ;
#3018 = VECTOR ( 'NONE', #846, 100.0000000000000000 ) ;
#3019 = VERTEX_POINT ( 'NONE', #3766 ) ;
#3020 = CARTESIAN_POINT ( 'NONE',  ( 8.589999999999999858, -10.99999999999999112, 0.1349999999999999534 ) ) ;
#3021 = CIRCLE ( 'NONE', #310, 2.500000000000000888 ) ;
#3022 = ORIENTED_EDGE ( 'NONE', *, *, #1418, .T. ) ;
#3023 = DIRECTION ( 'NONE',  ( 0.8660254037844398178, -0.4999999999999979461, 0.000000000000000000 ) ) ;
#3024 = VECTOR ( 'NONE', #1167, 100.0000000000000000 ) ;
#3025 = PLANE ( 'NONE',  #1557 ) ;
#3026 = ADVANCED_FACE ( 'NONE', ( #3453 ), #627, .F. ) ;
#3027 = LINE ( 'NONE', #3258, #2886 ) ;
#3028 = LINE ( 'NONE', #113, #1450 ) ;
#3029 = LINE ( 'NONE', #2406, #2093 ) ;
#3030 = VECTOR ( 'NONE', #2655, 100.0000000000000000 ) ;
#3031 = EDGE_CURVE ( 'NONE', #2665, #1938, #3806, .T. ) ;
#3032 = CARTESIAN_POINT ( 'NONE',  ( 7.635000000000004228, -10.36499999999999488, 0.3175000000000000044 ) ) ;
#3033 = DIRECTION ( 'NONE',  ( -0.7071067811865475727, -0.7071067811865475727, -0.000000000000000000 ) ) ;
#3034 = ORIENTED_EDGE ( 'NONE', *, *, #2575, .T. ) ;
#3035 = VECTOR ( 'NONE', #2940, 100.0000000000000000 ) ;
#3036 = EDGE_CURVE ( 'NONE', #1599, #3843, #2548, .T. ) ;
#3037 = DIRECTION ( 'NONE',  ( 1.000000000000000000, 1.817653936845377429E-16, 0.000000000000000000 ) ) ;
#3038 = VECTOR ( 'NONE', #1889, 100.0000000000000000 ) ;
#3039 = LINE ( 'NONE', #3753, #1169 ) ;
#3040 = EDGE_LOOP ( 'NONE', ( #2799, #3149, #963, #669 ) ) ;
#3041 = ORIENTED_EDGE ( 'NONE', *, *, #2497, .T. ) ;
#3042 = PLANE ( 'NONE',  #1105 ) ;
#3043 = ORIENTED_EDGE ( 'NONE', *, *, #43, .T. ) ;
#3044 = DIRECTION ( 'NONE',  ( 0.000000000000000000, 0.000000000000000000, 1.000000000000000000 ) ) ;
#3045 = PLANE ( 'NONE',  #508 ) ;
#3046 = DIRECTION ( 'NONE',  ( 0.000000000000000000, -1.000000000000000000, 0.000000000000000000 ) ) ;
#3047 = CARTESIAN_POINT ( 'NONE',  ( -10.81999999999999140, -8.589999999999999858, 0.6350000000000000089 ) ) ;
#3048 = CARTESIAN_POINT ( 'NONE',  ( -9.000000000000000000, 9.000000000000000000, 0.000000000000000000 ) ) ;
#3049 = EDGE_CURVE ( 'NONE', #2540, #4046, #1535, .T. ) ;
#3050 = CARTESIAN_POINT ( 'NONE',  ( -8.589999999999992752, -10.81999999999999851, 0.1349999999999999534 ) ) ;
#3051 = ORIENTED_EDGE ( 'NONE', *, *, #1122, .T. ) ;
#3052 =( LENGTH_UNIT ( ) NAMED_UNIT ( * ) SI_UNIT ( .CENTI., .METRE. ) );
#3053 = VERTEX_POINT ( 'NONE', #3392 ) ;
#3054 = EDGE_CURVE ( 'NONE', #1679, #285, #2477, .T. ) ;
#3055 = CARTESIAN_POINT ( 'NONE',  ( -7.470000000000000639, 0.000000000000000000, 0.4000000000000000222 ) ) ;
#3056 = DIRECTION ( 'NONE',  ( 0.000000000000000000, -1.000000000000000000, 0.000000000000000000 ) ) ;
#3057 = CARTESIAN_POINT ( 'NONE',  ( -9.409999999999998366, 10.99999999999999112, 0.1349999999999999534 ) ) ;
#3058 = ORIENTED_EDGE ( 'NONE', *, *, #1621, .F. ) ;
#3059 = ORIENTED_EDGE ( 'NONE', *, *, #3829, .T. ) ;
#3060 = EDGE_LOOP ( 'NONE', ( #3774, #745, #2520, #3109 ) ) ;
#3061 = CARTESIAN_POINT ( 'NONE',  ( 9.409999999999996589, 10.99999999999999645, 0.1349999999999999534 ) ) ;
#3062 = ADVANCED_FACE ( 'NONE', ( #905 ), #3063, .F. ) ;
#3063 = PLANE ( 'NONE',  #1646 ) ;
#3064 = ORIENTED_EDGE ( 'NONE', *, *, #2543, .T. ) ;
#3065 = DIRECTION ( 'NONE',  ( 1.000000000000000000, 0.000000000000000000, 0.000000000000000000 ) ) ;
#3066 = PLANE ( 'NONE',  #1103 ) ;
#3067 = DIRECTION ( 'NONE',  ( 0.000000000000000000, 0.000000000000000000, 1.000000000000000000 ) ) ;
#3068 = FACE_OUTER_BOUND ( 'NONE', #2415, .T. ) ;
#3069 = ORIENTED_EDGE ( 'NONE', *, *, #2416, .F. ) ;
#3070 = DIRECTION ( 'NONE',  ( 0.000000000000000000, 0.000000000000000000, 1.000000000000000000 ) ) ;
#3071 = ORIENTED_EDGE ( 'NONE', *, *, #3454, .T. ) ;
#3072 = DIRECTION ( 'NONE',  ( 0.000000000000000000, -1.000000000000000000, 0.000000000000000000 ) ) ;
#3073 = VERTEX_POINT ( 'NONE', #3082 ) ;
#3074 = DIRECTION ( 'NONE',  ( 1.000000000000000000, 0.000000000000000000, 0.000000000000000000 ) ) ;
#3075 = ADVANCED_FACE ( 'NONE', ( #269 ), #3144, .F. ) ;
#3076 = LINE ( 'NONE', #1509, #117 ) ;
#3077 = ORIENTED_EDGE ( 'NONE', *, *, #1067, .F. ) ;
#3078 = AXIS2_PLACEMENT_3D ( 'NONE', #2994, #1307, #979 ) ;
#3079 = AXIS2_PLACEMENT_3D ( 'NONE', #2389, #1372, #1434 ) ;
#3080 = EDGE_CURVE ( 'NONE', #2458, #2409, #2830, .T. ) ;
#3081 = VERTEX_POINT ( 'NONE', #3446 ) ;
#3082 = CARTESIAN_POINT ( 'NONE',  ( 9.409999999999996589, 10.81999999999999673, 0.6350000000000000089 ) ) ;
#3083 = ORIENTED_EDGE ( 'NONE', *, *, #2474, .T. ) ;
#3084 = VECTOR ( 'NONE', #3023, 100.0000000000000142 ) ;
#3085 = EDGE_CURVE ( 'NONE', #463, #2492, #1875, .T. ) ;
#3086 = DIRECTION ( 'NONE',  ( 0.000000000000000000, 1.000000000000000000, 0.000000000000000000 ) ) ;
#3087 = CIRCLE ( 'NONE', #248, 2.500000000000003553 ) ;
#3088 = CARTESIAN_POINT ( 'NONE',  ( -8.589999999999998082, 10.81999999999999140, 0.1349999999999999534 ) ) ;
#3089 = DIRECTION ( 'NONE',  ( 0.000000000000000000, -1.000000000000000000, 0.000000000000000000 ) ) ;
#3090 = CARTESIAN_POINT ( 'NONE',  ( 8.589999999999994529, 10.81999999999999673, 0.1349999999999999534 ) ) ;
#3091 = ORIENTED_EDGE ( 'NONE', *, *, #4012, .T. ) ;
#3092 = VECTOR ( 'NONE', #2203, 100.0000000000000000 ) ;
#3093 = DIRECTION ( 'NONE',  ( -1.000000000000000000, 0.000000000000000000, -0.000000000000000000 ) ) ;
#3094 = VECTOR ( 'NONE', #1563, 100.0000000000000000 ) ;
#3095 = SURFACE_STYLE_USAGE ( .BOTH. , #3119 ) ;
#3096 = ORIENTED_EDGE ( 'NONE', *, *, #1313, .T. ) ;
#3097 = CIRCLE ( 'NONE', #1121, 2.500000000000000888 ) ;
#3098 = DIRECTION ( 'NONE',  ( 0.000000000000000000, 0.000000000000000000, -1.000000000000000000 ) ) ;
#3099 = ORIENTED_EDGE ( 'NONE', *, *, #578, .T. ) ;
#3100 = FACE_OUTER_BOUND ( 'NONE', #1221, .T. ) ;
#3101 = ORIENTED_EDGE ( 'NONE', *, *, #280, .F. ) ;
#3102 = VERTEX_POINT ( 'NONE', #2107 ) ;
#3103 = ORIENTED_EDGE ( 'NONE', *, *, #2301, .F. ) ;
#3104 = ADVANCED_FACE ( 'NONE', ( #3125 ), #2127, .F. ) ;
#3105 = EDGE_CURVE ( 'NONE', #2783, #1033, #561, .T. ) ;
#3106 = CIRCLE ( 'NONE', #590, 0.3100000000000005529 ) ;
#3107 = ORIENTED_EDGE ( 'NONE', *, *, #1067, .T. ) ;
#3108 = DIRECTION ( 'NONE',  ( -0.8660254037844398178, -0.4999999999999980571, 0.000000000000000000 ) ) ;
#3109 = ORIENTED_EDGE ( 'NONE', *, *, #412, .T. ) ;
#3110 = ORIENTED_EDGE ( 'NONE', *, *, #3136, .F. ) ;
#3111 = EDGE_CURVE ( 'NONE', #1629, #1026, #1516, .T. ) ;
#3112 = FACE_OUTER_BOUND ( 'NONE', #2568, .T. ) ;
#3113 = DIRECTION ( 'NONE',  ( 0.000000000000000000, -1.000000000000000000, 0.000000000000000000 ) ) ;
#3114 = CARTESIAN_POINT ( 'NONE',  ( 9.410000000000000142, -10.81999999999999140, 0.1349999999999999534 ) ) ;
#3115 = DIRECTION ( 'NONE',  ( 0.000000000000000000, 0.000000000000000000, -1.000000000000000000 ) ) ;
#3116 = EDGE_CURVE ( 'NONE', #1441, #1031, #308, .T. ) ;
#3117 = ORIENTED_EDGE ( 'NONE', *, *, #3156, .F. ) ;
#3118 = LINE ( 'NONE', #894, #771 ) ;
#3119 = SURFACE_SIDE_STYLE ('',( #3724 ) ) ;
#3120 = DIRECTION ( 'NONE',  ( 0.000000000000000000, 0.000000000000000000, 1.000000000000000000 ) ) ;
#3121 = LINE ( 'NONE', #283, #185 ) ;
#3122 = ORIENTED_EDGE ( 'NONE', *, *, #2785, .T. ) ;
#3123 = ORIENTED_EDGE ( 'NONE', *, *, #2190, .F. ) ;
#3124 = VERTEX_POINT ( 'NONE', #2169 ) ;
#3125 = FACE_OUTER_BOUND ( 'NONE', #232, .T. ) ;
#3126 = VERTEX_POINT ( 'NONE', #1 ) ;
#3127 = ORIENTED_EDGE ( 'NONE', *, *, #1673, .T. ) ;
#3128 = CARTESIAN_POINT ( 'NONE',  ( -10.99999999999999645, -7.635000000000001563, 0.6350000000000000089 ) ) ;
#3129 = DIRECTION ( 'NONE',  ( -9.088269684226887144E-17, 1.000000000000000000, 0.000000000000000000 ) ) ;
#3130 = EDGE_CURVE ( 'NONE', #1451, #2689, #2499, .T. ) ;
#3131 = DIRECTION ( 'NONE',  ( 0.000000000000000000, 0.000000000000000000, -1.000000000000000000 ) ) ;
#3132 = LINE ( 'NONE', #2466, #1369 ) ;
#3133 = ORIENTED_EDGE ( 'NONE', *, *, #388, .T. ) ;
#3134 = DIRECTION ( 'NONE',  ( 1.817653936845377429E-16, -1.000000000000000000, 0.000000000000000000 ) ) ;
#3135 = LINE ( 'NONE', #1829, #2620 ) ;
#3136 = EDGE_CURVE ( 'NONE', #1230, #3666, #3430, .T. ) ;
#3137 = CARTESIAN_POINT ( 'NONE',  ( 8.589999999999999858, -10.81999999999999140, 0.1349999999999999534 ) ) ;
#3138 = FACE_OUTER_BOUND ( 'NONE', #3961, .T. ) ;
#3139 = EDGE_LOOP ( 'NONE', ( #2118, #3715, #2605, #1361 ) ) ;
#3140 = FACE_OUTER_BOUND ( 'NONE', #2046, .T. ) ;
#3141 = EDGE_CURVE ( 'NONE', #210, #3467, #231, .T. ) ;
#3142 = VECTOR ( 'NONE', #1431, 100.0000000000000000 ) ;
#3143 = ORIENTED_EDGE ( 'NONE', *, *, #3725, .F. ) ;
#3144 = PLANE ( 'NONE',  #391 ) ;
#3145 = ORIENTED_EDGE ( 'NONE', *, *, #1518, .F. ) ;
#3146 = EDGE_LOOP ( 'NONE', ( #1929, #161, #1277, #1336 ) ) ;
#3147 = VECTOR ( 'NONE', #2239, 100.0000000000000000 ) ;
#3148 = ORIENTED_EDGE ( 'NONE', *, *, #2014, .T. ) ;
#3149 = ORIENTED_EDGE ( 'NONE', *, *, #2467, .T. ) ;
#3150 = FACE_OUTER_BOUND ( 'NONE', #501, .T. ) ;
#3151 = ORIENTED_EDGE ( 'NONE', *, *, #454, .T. ) ;
#3152 = CARTESIAN_POINT ( 'NONE',  ( 7.634999999999997122, 10.36499999999999666, 0.3175000000000000044 ) ) ;
#3153 = CARTESIAN_POINT ( 'NONE',  ( -8.029999999999997584, 8.030000000000004690, 0.4000000000000000222 ) ) ;
#3154 = AXIS2_PLACEMENT_3D ( 'NONE', #628, #1479, #1544 ) ;
#3155 = DIRECTION ( 'NONE',  ( 0.000000000000000000, 0.000000000000000000, -1.000000000000000000 ) ) ;
#3156 = EDGE_CURVE ( 'NONE', #4011, #1953, #1491, .T. ) ;
#3157 = AXIS2_PLACEMENT_3D ( 'NONE', #2603, #971, #2900 ) ;
#3158 = DIRECTION ( 'NONE',  ( -1.000000000000000000, -1.817653936845377429E-16, 0.000000000000000000 ) ) ;
#3159 = DIRECTION ( 'NONE',  ( 0.000000000000000000, 1.000000000000000000, 0.000000000000000000 ) ) ;
#3160 = VECTOR ( 'NONE', #3583, 100.0000000000000000 ) ;
#3161 = EDGE_CURVE ( 'NONE', #1530, #1932, #2774, .T. ) ;
#3162 = VECTOR ( 'NONE', #250, 100.0000000000000000 ) ;
#3163 = LINE ( 'NONE', #326, #199 ) ;
#3164 = DIRECTION ( 'NONE',  ( 1.000000000000000000, 0.000000000000000000, 0.000000000000000000 ) ) ;
#3165 = EDGE_LOOP ( 'NONE', ( #2253, #2856, #3987, #2921 ) ) ;
#3166 = AXIS2_PLACEMENT_3D ( 'NONE', #2909, #648, #1243 ) ;
#3167 = VECTOR ( 'NONE', #2642, 100.0000000000000000 ) ;
#3168 = ORIENTED_EDGE ( 'NONE', *, *, #1751, .T. ) ;
#3169 = FACE_OUTER_BOUND ( 'NONE', #2320, .T. ) ;
#3170 = ORIENTED_EDGE ( 'NONE', *, *, #3352, .F. ) ;
#3171 = VERTEX_POINT ( 'NONE', #2146 ) ;
#3172 = VECTOR ( 'NONE', #1448, 100.0000000000000000 ) ;
#3173 = FACE_OUTER_BOUND ( 'NONE', #2935, .T. ) ;
#3174 = DIRECTION ( 'NONE',  ( 1.000000000000000000, 9.088269684226883446E-17, 0.000000000000000000 ) ) ;
#3175 = VECTOR ( 'NONE', #3304, 100.0000000000000000 ) ;
#3176 = CARTESIAN_POINT ( 'NONE',  ( 8.030000000000004690, 8.030000000000004690, 0.000000000000000000 ) ) ;
#3177 = DIRECTION ( 'NONE',  ( 0.000000000000000000, 1.000000000000000000, 0.000000000000000000 ) ) ;
#3178 = DIRECTION ( 'NONE',  ( -1.000000000000000000, -1.817653936845377429E-16, 0.000000000000000000 ) ) ;
#3179 = DIRECTION ( 'NONE',  ( -0.4999999999999979461, -0.8660254037844398178, 0.000000000000000000 ) ) ;
#3180 = CARTESIAN_POINT ( 'NONE',  ( -7.635000000000003340, 10.36499999999999666, 0.6350000000000000089 ) ) ;
#3181 = ORIENTED_EDGE ( 'NONE', *, *, #2111, .T. ) ;
#3182 = FACE_OUTER_BOUND ( 'NONE', #2291, .T. ) ;
#3183 = VERTEX_POINT ( 'NONE', #580 ) ;
#3184 = DIRECTION ( 'NONE',  ( -1.000000000000000000, 0.000000000000000000, -0.000000000000000000 ) ) ;
#3185 = LINE ( 'NONE', #3913, #3160 ) ;
#3186 = ADVANCED_FACE ( 'NONE', ( #1842 ), #603, .F. ) ;
#3187 = ORIENTED_EDGE ( 'NONE', *, *, #72, .F. ) ;
#3188 = CARTESIAN_POINT ( 'NONE',  ( 10.81999999999999851, -8.589999999999992752, 0.1349999999999999534 ) ) ;
#3189 = VERTEX_POINT ( 'NONE', #1481 ) ;
#3190 = EDGE_CURVE ( 'NONE', #119, #792, #2453, .T. ) ;
#3191 = CARTESIAN_POINT ( 'NONE',  ( 10.36499999999999844, -10.36499999999999488, 0.3175000000000000044 ) ) ;
#3192 = CARTESIAN_POINT ( 'NONE',  ( -9.767957166897559773, -10.20000000000000107, 0.1349999999999999534 ) ) ;
#3193 = PLANE ( 'NONE',  #462 ) ;
#3194 = ADVANCED_FACE ( 'NONE', ( #1224 ), #4054, .F. ) ;
#3195 = LINE ( 'NONE', #428, #2612 ) ;
#3196 = CARTESIAN_POINT ( 'NONE',  ( -10.81999999999999140, -9.410000000000000142, 0.1349999999999999534 ) ) ;
#3197 = FACE_OUTER_BOUND ( 'NONE', #845, .T. ) ;
#3198 = FACE_OUTER_BOUND ( 'NONE', #416, .T. ) ;
#3199 = EDGE_LOOP ( 'NONE', ( #120, #966, #3588, #3496, #7 ) ) ;
#3200 = CARTESIAN_POINT ( 'NONE',  ( 10.36499999999999844, -7.634999999999996234, 0.3175000000000000044 ) ) ;
#3201 = FACE_OUTER_BOUND ( 'NONE', #146, .T. ) ;
#3202 = ORIENTED_EDGE ( 'NONE', *, *, #2503, .F. ) ;
#3203 = ORIENTED_EDGE ( 'NONE', *, *, #1445, .F. ) ;
#3204 = DIRECTION ( 'NONE',  ( -0.000000000000000000, 0.000000000000000000, 1.000000000000000000 ) ) ;
#3205 = ORIENTED_EDGE ( 'NONE', *, *, #601, .F. ) ;
#3206 = EDGE_CURVE ( 'NONE', #3790, #3574, #2433, .T. ) ;
#3207 = VECTOR ( 'NONE', #3738, 100.0000000000000000 ) ;
#3208 = CARTESIAN_POINT ( 'NONE',  ( -10.36499999999999666, -7.635000000000001563, 0.3175000000000000044 ) ) ;
#3209 = VERTEX_POINT ( 'NONE', #2157 ) ;
#3210 = CARTESIAN_POINT ( 'NONE',  ( -10.81999999999999496, 9.409999999999996589, 0.1349999999999999534 ) ) ;
#3211 = LINE ( 'NONE', #1619, #2827 ) ;
#3212 = EDGE_CURVE ( 'NONE', #3735, #3432, #241, .T. ) ;
#3213 = LINE ( 'NONE', #3538, #2081 ) ;
#3214 = CIRCLE ( 'NONE', #111, 2.500000000000000888 ) ;
#3215 = PLANE ( 'NONE',  #1506 ) ;
#3216 = DIRECTION ( 'NONE',  ( -0.000000000000000000, 0.000000000000000000, 1.000000000000000000 ) ) ;
#3217 = ORIENTED_EDGE ( 'NONE', *, *, #2497, .F. ) ;
#3218 = VECTOR ( 'NONE', #925, 100.0000000000000000 ) ;
#3219 = LINE ( 'NONE', #392, #1027 ) ;
#3220 = ORIENTED_EDGE ( 'NONE', *, *, #3003, .T. ) ;
#3221 = CIRCLE ( 'NONE', #1303, 0.3100000000000005529 ) ;
#3222 = FACE_OUTER_BOUND ( 'NONE', #2555, .T. ) ;
#3223 = ORIENTED_EDGE ( 'NONE', *, *, #44, .F. ) ;
#3224 = VECTOR ( 'NONE', #549, 100.0000000000000142 ) ;
#3225 = ORIENTED_EDGE ( 'NONE', *, *, #1994, .F. ) ;
#3226 = DIRECTION ( 'NONE',  ( 0.000000000000000000, 0.000000000000000000, 1.000000000000000000 ) ) ;
#3227 = VECTOR ( 'NONE', #4045, 100.0000000000000000 ) ;
#3228 = EDGE_CURVE ( 'NONE', #2041, #727, #3440, .T. ) ;
#3229 = ORIENTED_EDGE ( 'NONE', *, *, #222, .T. ) ;
#3230 = VECTOR ( 'NONE', #3765, 100.0000000000000000 ) ;
#3231 = CARTESIAN_POINT ( 'NONE',  ( -9.409999999999994813, -10.81999999999999851, 0.1349999999999999534 ) ) ;
#3232 = CARTESIAN_POINT ( 'NONE',  ( -10.36499999999999666, 7.634999999999997122, 0.6350000000000000089 ) ) ;
#3233 = DIRECTION ( 'NONE',  ( 0.000000000000000000, 1.000000000000000000, 0.000000000000000000 ) ) ;
#3234 = EDGE_CURVE ( 'NONE', #1378, #1607, #1190, .T. ) ;
#3235 = AXIS2_PLACEMENT_3D ( 'NONE', #170, #1968, #2341 ) ;
#3236 = DIRECTION ( 'NONE',  ( 0.000000000000000000, 0.000000000000000000, 1.000000000000000000 ) ) ;
#3237 = VECTOR ( 'NONE', #1075, 100.0000000000000142 ) ;
#3238 = CARTESIAN_POINT ( 'NONE',  ( -8.232042833102429569, -10.20000000000000107, 0.1349999999999999534 ) ) ;
#3239 = DIRECTION ( 'NONE',  ( 0.000000000000000000, -1.000000000000000000, 0.000000000000000000 ) ) ;
#3240 = EDGE_CURVE ( 'NONE', #956, #1378, #2183, .T. ) ;
#3241 = DIRECTION ( 'NONE',  ( 1.817653936845377429E-16, -1.000000000000000000, 0.000000000000000000 ) ) ;
#3242 = ORIENTED_EDGE ( 'NONE', *, *, #629, .T. ) ;
#3243 = CARTESIAN_POINT ( 'NONE',  ( -10.99999999999999645, -7.635000000000001563, 0.3175000000000000044 ) ) ;
#3244 = ORIENTED_EDGE ( 'NONE', *, *, #2878, .T. ) ;
#3245 = CARTESIAN_POINT ( 'NONE',  ( 9.000000000000001776, -8.689999999999997726, 0.000000000000000000 ) ) ;
#3246 = ORIENTED_EDGE ( 'NONE', *, *, #3278, .T. ) ;
#3247 = EDGE_LOOP ( 'NONE', ( #2287, #3123, #2967, #640 ) ) ;
#3248 = DIRECTION ( 'NONE',  ( -0.4999999999999980016, 0.8660254037844397068, 0.000000000000000000 ) ) ;
#3249 = ORIENTED_EDGE ( 'NONE', *, *, #3384, .T. ) ;
#3250 = DIRECTION ( 'NONE',  ( -0.000000000000000000, 0.000000000000000000, 1.000000000000000000 ) ) ;
#3251 = VERTEX_POINT ( 'NONE', #2199 ) ;
#3252 = ORIENTED_EDGE ( 'NONE', *, *, #2417, .T. ) ;
#3253 = DIRECTION ( 'NONE',  ( 0.4999999999999980571, -0.8660254037844398178, 0.000000000000000000 ) ) ;
#3254 = SHAPE_DEFINITION_REPRESENTATION ( #2073, #620 ) ;
#3255 = MANIFOLD_SOLID_BREP ( 'Cut-Extrude5', #2242 ) ;
#3256 = CARTESIAN_POINT ( 'NONE',  ( -8.589999999999998082, 10.99999999999999112, 0.1349999999999999534 ) ) ;
#3257 = ADVANCED_FACE ( 'NONE', ( #1504 ), #296, .T. ) ;
#3258 = CARTESIAN_POINT ( 'NONE',  ( 10.99999999999999645, 7.499999999999998224, 0.000000000000000000 ) ) ;
#3259 = CARTESIAN_POINT ( 'NONE',  ( 7.370000000000000107, 7.470000000000000639, 0.000000000000000000 ) ) ;
#3260 = EDGE_CURVE ( 'NONE', #892, #2259, #536, .T. ) ;
#3261 = LINE ( 'NONE', #3280, #992 ) ;
#3262 = ORIENTED_EDGE ( 'NONE', *, *, #775, .F. ) ;
#3263 = CARTESIAN_POINT ( 'NONE',  ( 7.499999999999995559, 10.99999999999999467, 0.000000000000000000 ) ) ;
#3264 = ORIENTED_EDGE ( 'NONE', *, *, #4055, .T. ) ;
#3265 = ORIENTED_EDGE ( 'NONE', *, *, #2802, .T. ) ;
#3266 = EDGE_CURVE ( 'NONE', #1681, #2521, #3382, .T. ) ;
#3267 = LINE ( 'NONE', #645, #2506 ) ;
#3268 = DIRECTION ( 'NONE',  ( 0.000000000000000000, 0.000000000000000000, 1.000000000000000000 ) ) ;
#3269 = VERTEX_POINT ( 'NONE', #221 ) ;
#3270 = ORIENTED_EDGE ( 'NONE', *, *, #3049, .T. ) ;
#3271 = DIRECTION ( 'NONE',  ( -1.000000000000000000, 0.000000000000000000, 0.000000000000000000 ) ) ;
#3272 = CARTESIAN_POINT ( 'NONE',  ( -8.029999999999997584, 0.000000000000000000, 0.4000000000000000222 ) ) ;
#3273 = DIRECTION ( 'NONE',  ( 0.000000000000000000, 1.000000000000000000, 0.000000000000000000 ) ) ;
#3274 = PLANE ( 'NONE',  #3866 ) ;
#3275 = FACE_OUTER_BOUND ( 'NONE', #3425, .T. ) ;
#3276 = VECTOR ( 'NONE', #2388, 100.0000000000000000 ) ;
#3277 = CARTESIAN_POINT ( 'NONE',  ( 10.49999999999999467, 10.99999999999999467, 0.3175000000000000044 ) ) ;
#3278 = EDGE_CURVE ( 'NONE', #1298, #285, #1830, .T. ) ;
#3279 = CIRCLE ( 'NONE', #1498, 2.500000000000000888 ) ;
#3280 = CARTESIAN_POINT ( 'NONE',  ( 10.81999999999999140, 8.589999999999998082, 0.1349999999999999534 ) ) ;
#3281 = CARTESIAN_POINT ( 'NONE',  ( -8.999999999999996447, -9.000000000000001776, 0.3175000000000000044 ) ) ;
#3282 = ORIENTED_EDGE ( 'NONE', *, *, #657, .F. ) ;
#3283 = CARTESIAN_POINT ( 'NONE',  ( -10.49999999999999467, -11.00000000000000355, 0.000000000000000000 ) ) ;
#3284 = EDGE_LOOP ( 'NONE', ( #1745, #1510, #1579, #884 ) ) ;
#3285 = AXIS2_PLACEMENT_3D ( 'NONE', #502, #3253, #1761 ) ;
#3286 = EDGE_LOOP ( 'NONE', ( #252, #800, #1296, #476 ) ) ;
#3287 = EDGE_CURVE ( 'NONE', #3081, #3462, #552, .T. ) ;
#3288 = VECTOR ( 'NONE', #3903, 100.0000000000000000 ) ;
#3289 = DIRECTION ( 'NONE',  ( -0.000000000000000000, 0.000000000000000000, 1.000000000000000000 ) ) ;
#3290 = EDGE_LOOP ( 'NONE', ( #337, #4028, #2945, #2621 ) ) ;
#3291 = FACE_OUTER_BOUND ( 'NONE', #3354, .T. ) ;
#3292 = AXIS2_PLACEMENT_3D ( 'NONE', #3957, #1132, #2391 ) ;
#3293 = ORIENTED_EDGE ( 'NONE', *, *, #682, .F. ) ;
#3294 = VECTOR ( 'NONE', #1801, 100.0000000000000000 ) ;
#3295 = VERTEX_POINT ( 'NONE', #3420 ) ;
#3296 = CARTESIAN_POINT ( 'NONE',  ( -10.99999999999999467, 8.589999999999994529, 0.6350000000000000089 ) ) ;
#3297 = ORIENTED_EDGE ( 'NONE', *, *, #2917, .F. ) ;
#3298 = VECTOR ( 'NONE', #2972, 100.0000000000000000 ) ;
#3299 = CARTESIAN_POINT ( 'NONE',  ( 7.500000000000000000, -10.99999999999999645, 0.6350000000000000089 ) ) ;
#3300 = FACE_OUTER_BOUND ( 'NONE', #766, .T. ) ;
#3301 = VECTOR ( 'NONE', #2724, 100.0000000000000000 ) ;
#3302 = LINE ( 'NONE', #154, #322 ) ;
#3303 = DIRECTION ( 'NONE',  ( 0.000000000000000000, 0.000000000000000000, 1.000000000000000000 ) ) ;
#3304 = DIRECTION ( 'NONE',  ( 0.7071067811865475727, 0.7071067811865475727, -0.000000000000000000 ) ) ;
#3305 = DIRECTION ( 'NONE',  ( 0.000000000000000000, 0.000000000000000000, -1.000000000000000000 ) ) ;
#3306 = VERTEX_POINT ( 'NONE', #1853 ) ;
#3307 = DIRECTION ( 'NONE',  ( 0.000000000000000000, 0.000000000000000000, -1.000000000000000000 ) ) ;
#3308 = AXIS2_PLACEMENT_3D ( 'NONE', #3385, #3965, #555 ) ;
#3309 = ORIENTED_EDGE ( 'NONE', *, *, #1233, .F. ) ;
#3310 = DIRECTION ( 'NONE',  ( -1.000000000000000000, 0.000000000000000000, 0.000000000000000000 ) ) ;
#3311 = ADVANCED_FACE ( 'NONE', ( #3197 ), #323, .F. ) ;
#3312 = ORIENTED_EDGE ( 'NONE', *, *, #2318, .T. ) ;
#3313 = DIRECTION ( 'NONE',  ( 0.8660254037844398178, 0.4999999999999979461, 0.000000000000000000 ) ) ;
#3314 = VERTEX_POINT ( 'NONE', #1624 ) ;
#3315 = ORIENTED_EDGE ( 'NONE', *, *, #200, .T. ) ;
#3316 = DIRECTION ( 'NONE',  ( -0.8660254037844398178, 0.4999999999999979461, 0.000000000000000000 ) ) ;
#3317 = EDGE_LOOP ( 'NONE', ( #1044, #3639 ) ) ;
#3318 = EDGE_CURVE ( 'NONE', #3389, #3637, #1311, .T. ) ;
#3319 = DIRECTION ( 'NONE',  ( 1.000000000000000000, 0.000000000000000000, 0.000000000000000000 ) ) ;
#3320 = CARTESIAN_POINT ( 'NONE',  ( 0.000000000000000000, -7.470000000000000639, 0.000000000000000000 ) ) ;
#3321 = LINE ( 'NONE', #1131, #1238 ) ;
#3322 = DIRECTION ( 'NONE',  ( 1.000000000000000000, 0.000000000000000000, 0.000000000000000000 ) ) ;
#3323 = EDGE_CURVE ( 'NONE', #643, #2263, #3789, .T. ) ;
#3324 = DIRECTION ( 'NONE',  ( 1.817653936845377429E-16, -1.000000000000000000, 0.000000000000000000 ) ) ;
#3325 = CARTESIAN_POINT ( 'NONE',  ( -10.99999999999999112, -9.410000000000000142, 0.6350000000000000089 ) ) ;
#3326 = ORIENTED_EDGE ( 'NONE', *, *, #123, .F. ) ;
#3327 = LINE ( 'NONE', #3945, #1724 ) ;
#3328 = ORIENTED_EDGE ( 'NONE', *, *, #1811, .T. ) ;
#3329 = CARTESIAN_POINT ( 'NONE',  ( 10.99999999999999645, 7.499999999999998224, 0.6350000000000000089 ) ) ;
#3330 = EDGE_CURVE ( 'NONE', #2707, #2136, #1020, .T. ) ;
#3331 = ORIENTED_EDGE ( 'NONE', *, *, #2294, .T. ) ;
#3332 = FACE_OUTER_BOUND ( 'NONE', #3793, .T. ) ;
#3333 = ORIENTED_EDGE ( 'NONE', *, *, #1746, .T. ) ;
#3334 = EDGE_CURVE ( 'NONE', #1932, #1033, #1908, .T. ) ;
#3335 = DIRECTION ( 'NONE',  ( 0.000000000000000000, 1.000000000000000000, 0.000000000000000000 ) ) ;
#3336 = FACE_OUTER_BOUND ( 'NONE', #3002, .T. ) ;
#3337 = CARTESIAN_POINT ( 'NONE',  ( 9.409999999999996589, 10.81999999999999673, 0.1349999999999999534 ) ) ;
#3338 = CARTESIAN_POINT ( 'NONE',  ( 8.232042833102431345, 10.19999999999999929, 0.6350000000000000089 ) ) ;
#3339 = EDGE_CURVE ( 'NONE', #2937, #2353, #630, .T. ) ;
#3340 = DIRECTION ( 'NONE',  ( 0.000000000000000000, -1.000000000000000000, 0.000000000000000000 ) ) ;
#3341 = VECTOR ( 'NONE', #2990, 100.0000000000000000 ) ;
#3342 = LINE ( 'NONE', #494, #2152 ) ;
#3343 = ORIENTED_EDGE ( 'NONE', *, *, #2878, .F. ) ;
#3344 = CARTESIAN_POINT ( 'NONE',  ( 8.999999999999998224, 9.000000000000000000, 0.000000000000000000 ) ) ;
#3345 = EDGE_LOOP ( 'NONE', ( #2604, #3220, #1060, #3041 ) ) ;
#3346 = AXIS2_PLACEMENT_3D ( 'NONE', #1413, #1064, #829 ) ;
#3347 = CARTESIAN_POINT ( 'NONE',  ( 9.767957166897559773, 10.19999999999999929, 0.1349999999999999534 ) ) ;
#3348 = CARTESIAN_POINT ( 'NONE',  ( 8.232042833102434898, -10.19999999999999396, 0.1349999999999999534 ) ) ;
#3349 = VECTOR ( 'NONE', #1269, 100.0000000000000000 ) ;
#3350 = ORIENTED_EDGE ( 'NONE', *, *, #2223, .T. ) ;
#3351 = DIRECTION ( 'NONE',  ( -1.000000000000000000, 0.000000000000000000, 0.000000000000000000 ) ) ;
#3352 = EDGE_CURVE ( 'NONE', #3821, #3897, #363, .T. ) ;
#3353 = AXIS2_PLACEMENT_3D ( 'NONE', #532, #3303, #3360 ) ;
#3354 = EDGE_LOOP ( 'NONE', ( #2393, #3077, #349, #1402 ) ) ;
#3355 = VECTOR ( 'NONE', #914, 100.0000000000000000 ) ;
#3356 = CARTESIAN_POINT ( 'NONE',  ( -10.99999999999999645, -10.36499999999999844, 0.3175000000000000044 ) ) ;
#3357 = DIRECTION ( 'NONE',  ( 0.8660254037844397068, 0.4999999999999980016, 0.000000000000000000 ) ) ;
#3358 = EDGE_CURVE ( 'NONE', #973, #2438, #2286, .T. ) ;
#3359 = PLANE ( 'NONE',  #2704 ) ;
#3360 = DIRECTION ( 'NONE',  ( 0.000000000000000000, -1.000000000000000000, 0.000000000000000000 ) ) ;
#3361 = VECTOR ( 'NONE', #3067, 100.0000000000000000 ) ;
#3362 = LINE ( 'NONE', #1791, #1034 ) ;
#3363 = DIRECTION ( 'NONE',  ( 0.000000000000000000, 1.000000000000000000, -0.000000000000000000 ) ) ;
#3364 = EDGE_LOOP ( 'NONE', ( #3265, #696, #1918, #3902, #2831 ) ) ;
#3365 = VECTOR ( 'NONE', #1404, 100.0000000000000000 ) ;
#3366 = LINE ( 'NONE', #2768, #1453 ) ;
#3367 = CIRCLE ( 'NONE', #1056, 2.499999999999999556 ) ;
#3368 = CARTESIAN_POINT ( 'NONE',  ( 10.81999999999999140, 8.589999999999998082, 0.6350000000000000089 ) ) ;
#3369 = CARTESIAN_POINT ( 'NONE',  ( -8.232042833102429569, -10.20000000000000107, 0.6350000000000000089 ) ) ;
#3370 = ORIENTED_EDGE ( 'NONE', *, *, #3031, .F. ) ;
#3371 = DIRECTION ( 'NONE',  ( -1.000000000000000000, 0.000000000000000000, 0.000000000000000000 ) ) ;
#3372 = CARTESIAN_POINT ( 'NONE',  ( -10.99999999999999467, 10.49999999999999467, 0.6350000000000000089 ) ) ;
#3373 = ORIENTED_EDGE ( 'NONE', *, *, #3472, .F. ) ;
#3374 = ORIENTED_EDGE ( 'NONE', *, *, #3017, .F. ) ;
#3375 = CARTESIAN_POINT ( 'NONE',  ( -25.63500000000000156, -10.36500000000000021, 0.3175000000000000044 ) ) ;
#3376 = DIRECTION ( 'NONE',  ( -0.8660254037844398178, 0.4999999999999979461, 0.000000000000000000 ) ) ;
#3377 = CARTESIAN_POINT ( 'NONE',  ( -7.162345244612033923, -10.69500000000000384, 0.3175000000000000044 ) ) ;
#3378 = PLANE ( 'NONE',  #974 ) ;
#3379 = ADVANCED_FACE ( 'NONE', ( #55 ), #3481, .F. ) ;
#3380 = CARTESIAN_POINT ( 'NONE',  ( -10.99999999999999112, -9.410000000000000142, 0.6350000000000000089 ) ) ;
#3381 = VERTEX_POINT ( 'NONE', #1043 ) ;
#3382 = LINE ( 'NONE', #920, #1117 ) ;
#3383 = VERTEX_POINT ( 'NONE', #714 ) ;
#3384 = EDGE_CURVE ( 'NONE', #1991, #129, #1605, .T. ) ;
#3385 = CARTESIAN_POINT ( 'NONE',  ( -8.999999999999994671, 8.999999999999998224, 0.6350000000000000089 ) ) ;
#3386 = CARTESIAN_POINT ( 'NONE',  ( -10.36499999999999488, -10.99999999999999645, 0.6350000000000000089 ) ) ;
#3387 = ORIENTED_EDGE ( 'NONE', *, *, #783, .T. ) ;
#3388 = EDGE_CURVE ( 'NONE', #1921, #1599, #2234, .T. ) ;
#3389 = VERTEX_POINT ( 'NONE', #1887 ) ;
#3390 = EDGE_LOOP ( 'NONE', ( #1290, #1232, #204, #2277 ) ) ;
#3391 = CARTESIAN_POINT ( 'NONE',  ( 8.589999999999994529, 10.81999999999999673, 0.6350000000000000089 ) ) ;
#3392 = CARTESIAN_POINT ( 'NONE',  ( -10.69500000000000384, -7.162345244612039252, 0.3175000000000011147 ) ) ;
#3393 = DIRECTION ( 'NONE',  ( 0.000000000000000000, 0.000000000000000000, 1.000000000000000000 ) ) ;
#3394 = CARTESIAN_POINT ( 'NONE',  ( -8.999999999999998224, -9.310000000000002274, 0.000000000000000000 ) ) ;
#3395 = LINE ( 'NONE', #1523, #3361 ) ;
#3396 = LINE ( 'NONE', #3090, #843 ) ;
#3397 = ORIENTED_EDGE ( 'NONE', *, *, #2043, .F. ) ;
#3398 = CARTESIAN_POINT ( 'NONE',  ( 7.162345244612031259, 10.69499999999999673, 0.3175000000000000044 ) ) ;
#3399 = FILL_AREA_STYLE ('',( #612 ) ) ;
#3400 = ADVANCED_FACE ( 'NONE', ( #1666 ), #1928, .T. ) ;
#3401 = EDGE_CURVE ( 'NONE', #2683, #397, #2931, .T. ) ;
#3402 = ORIENTED_EDGE ( 'NONE', *, *, #1937, .T. ) ;
#3403 = VECTOR ( 'NONE', #1000, 100.0000000000000142 ) ;
#3404 = CARTESIAN_POINT ( 'NONE',  ( 10.81999999999999140, 8.589999999999998082, 0.1349999999999999534 ) ) ;
#3405 = DIRECTION ( 'NONE',  ( 0.000000000000000000, 0.000000000000000000, -1.000000000000000000 ) ) ;
#3406 = EDGE_CURVE ( 'NONE', #2534, #1858, #33, .T. ) ;
#3407 = EDGE_LOOP ( 'NONE', ( #2364, #24, #1355, #2613 ) ) ;
#3408 = VECTOR ( 'NONE', #2130, 100.0000000000000000 ) ;
#3409 = EDGE_CURVE ( 'NONE', #950, #3668, #655, .T. ) ;
#3410 = ORIENTED_EDGE ( 'NONE', *, *, #1961, .T. ) ;
#3411 = DIRECTION ( 'NONE',  ( 0.000000000000000000, 0.000000000000000000, -1.000000000000000000 ) ) ;
#3412 = DIRECTION ( 'NONE',  ( 0.000000000000000000, 0.000000000000000000, -1.000000000000000000 ) ) ;
#3413 = VECTOR ( 'NONE', #653, 100.0000000000000000 ) ;
#3414 = CARTESIAN_POINT ( 'NONE',  ( 7.635000000000004228, -10.36499999999999488, 0.6350000000000000089 ) ) ;
#3415 = CARTESIAN_POINT ( 'NONE',  ( 9.000000000000001776, -8.999999999999996447, 0.000000000000000000 ) ) ;
#3416 = DIRECTION ( 'NONE',  ( -0.4999999999999979461, -0.8660254037844398178, 0.000000000000000000 ) ) ;
#3417 = VECTOR ( 'NONE', #3661, 100.0000000000000000 ) ;
#3418 = CARTESIAN_POINT ( 'NONE',  ( 10.36499999999999666, 10.36499999999999666, 0.3175000000000000044 ) ) ;
#3419 = VECTOR ( 'NONE', #3748, 100.0000000000000000 ) ;
#3420 = CARTESIAN_POINT ( 'NONE',  ( -10.36499999999999666, 7.634999999999997122, 0.6350000000000000089 ) ) ;
#3421 = VECTOR ( 'NONE', #531, 100.0000000000000000 ) ;
#3422 = CARTESIAN_POINT ( 'NONE',  ( 10.49999999999999467, 10.99999999999999467, 0.000000000000000000 ) ) ;
#3423 = ORIENTED_EDGE ( 'NONE', *, *, #1772, .F. ) ;
#3424 = CARTESIAN_POINT ( 'NONE',  ( -10.69500000000000384, -7.162345244612039252, 0.000000000000000000 ) ) ;
#3425 = EDGE_LOOP ( 'NONE', ( #553, #1471, #2431, #2216 ) ) ;
#3426 = VECTOR ( 'NONE', #1048, 100.0000000000000000 ) ;
#3427 = VECTOR ( 'NONE', #1528, 100.0000000000000000 ) ;
#3428 = ADVANCED_FACE ( 'NONE', ( #1651, #14, #93, #2915, #1349 ), #2533, .T. ) ;
#3429 = ORIENTED_EDGE ( 'NONE', *, *, #3339, .T. ) ;
#3430 = LINE ( 'NONE', #3372, #3162 ) ;
#3431 = ORIENTED_EDGE ( 'NONE', *, *, #808, .T. ) ;
#3432 = VERTEX_POINT ( 'NONE', #2949 ) ;
#3433 = CARTESIAN_POINT ( 'NONE',  ( 7.635000000000004228, -10.36499999999999488, 0.6350000000000000089 ) ) ;
#3434 = DIRECTION ( 'NONE',  ( -1.000000000000000000, -9.088269684226887144E-17, 0.000000000000000000 ) ) ;
#3435 = CARTESIAN_POINT ( 'NONE',  ( -8.999999999999996447, -9.000000000000001776, 0.6350000000000000089 ) ) ;
#3436 = CARTESIAN_POINT ( 'NONE',  ( 7.162345244612031259, 10.69499999999999673, 0.000000000000000000 ) ) ;
#3437 = EDGE_CURVE ( 'NONE', #2689, #1047, #1707, .T. ) ;
#3438 = VERTEX_POINT ( 'NONE', #3337 ) ;
#3439 = LINE ( 'NONE', #2819, #384 ) ;
#3440 = LINE ( 'NONE', #3689, #3745 ) ;
#3441 = EDGE_CURVE ( 'NONE', #2941, #1679, #3007, .T. ) ;
#3442 = LINE ( 'NONE', #3137, #2838 ) ;
#3443 = DIRECTION ( 'NONE',  ( 0.000000000000000000, -1.000000000000000000, 0.000000000000000000 ) ) ;
#3444 = ORIENTED_EDGE ( 'NONE', *, *, #1559, .T. ) ;
#3445 = ORIENTED_EDGE ( 'NONE', *, *, #736, .T. ) ;
#3446 = CARTESIAN_POINT ( 'NONE',  ( 7.370000000000000107, -7.470000000000000639, 0.4000000000000000222 ) ) ;
#3447 = VERTEX_POINT ( 'NONE', #2012 ) ;
#3448 = EDGE_CURVE ( 'NONE', #330, #1669, #2327, .T. ) ;
#3449 = EDGE_LOOP ( 'NONE', ( #1078, #926, #2123, #1074 ) ) ;
#3450 = DIRECTION ( 'NONE',  ( 0.8660254037844398178, -0.4999999999999980571, 0.000000000000000000 ) ) ;
#3451 = FACE_OUTER_BOUND ( 'NONE', #2608, .T. ) ;
#3452 = LINE ( 'NONE', #3785, #3685 ) ;
#3453 = FACE_OUTER_BOUND ( 'NONE', #17, .T. ) ;
#3454 = EDGE_CURVE ( 'NONE', #617, #1892, #126, .T. ) ;
#3455 = ORIENTED_EDGE ( 'NONE', *, *, #3448, .F. ) ;
#3456 = DIRECTION ( 'NONE',  ( 1.817653936845377429E-16, -1.000000000000000000, 0.000000000000000000 ) ) ;
#3457 = EDGE_CURVE ( 'NONE', #1932, #1629, #1414, .T. ) ;
#3458 = CARTESIAN_POINT ( 'NONE',  ( 8.999999999999998224, 9.000000000000000000, 0.3175000000000000044 ) ) ;
#3459 = PLANE ( 'NONE',  #1910 ) ;
#3460 = ORIENTED_EDGE ( 'NONE', *, *, #3212, .F. ) ;
#3461 = DIRECTION ( 'NONE',  ( 0.000000000000000000, -1.000000000000000000, 0.000000000000000000 ) ) ;
#3462 = VERTEX_POINT ( 'NONE', #3893 ) ;
#3463 = VECTOR ( 'NONE', #2674, 100.0000000000000000 ) ;
#3464 = ORIENTED_EDGE ( 'NONE', *, *, #1589, .T. ) ;
#3465 = DIRECTION ( 'NONE',  ( 0.000000000000000000, -1.000000000000000000, 0.000000000000000000 ) ) ;
#3466 = ORIENTED_EDGE ( 'NONE', *, *, #3649, .T. ) ;
#3467 = VERTEX_POINT ( 'NONE', #507 ) ;
#3468 = AXIS2_PLACEMENT_3D ( 'NONE', #358, #316, #3802 ) ;
#3469 = ORIENTED_EDGE ( 'NONE', *, *, #878, .F. ) ;
#3470 = DIRECTION ( 'NONE',  ( 1.817653936845377429E-16, -1.000000000000000000, 0.000000000000000000 ) ) ;
#3471 = CARTESIAN_POINT ( 'NONE',  ( -10.19999999999999751, 9.767957166897559773, 0.1349999999999999534 ) ) ;
#3472 = EDGE_CURVE ( 'NONE', #3467, #1940, #2055, .T. ) ;
#3473 = CARTESIAN_POINT ( 'NONE',  ( -8.029999999999997584, -0.000000000000000000, 0.000000000000000000 ) ) ;
#3474 = DIRECTION ( 'NONE',  ( 1.000000000000000000, -1.817653936845377429E-16, 0.000000000000000000 ) ) ;
#3475 = VECTOR ( 'NONE', #3351, 100.0000000000000000 ) ;
#3476 = DIRECTION ( 'NONE',  ( -0.7071067811865475727, 0.7071067811865475727, 0.000000000000000000 ) ) ;
#3477 = EDGE_LOOP ( 'NONE', ( #2906, #3091, #401, #1979, #3429, #551, #2502, #1777 ) ) ;
#3478 = VECTOR ( 'NONE', #2267, 100.0000000000000000 ) ;
#3479 = ADVANCED_FACE ( 'NONE', ( #3600 ), #2390, .F. ) ;
#3480 = DIRECTION ( 'NONE',  ( -0.000000000000000000, -0.000000000000000000, 1.000000000000000000 ) ) ;
#3481 = PLANE ( 'NONE',  #2964 ) ;
#3482 = AXIS2_PLACEMENT_3D ( 'NONE', #2413, #2728, #2769 ) ;
#3483 = AXIS2_PLACEMENT_3D ( 'NONE', #3504, #2268, #3541 ) ;
#3484 = DIRECTION ( 'NONE',  ( -9.251858538542975279E-17, -1.000000000000000000, 0.000000000000000000 ) ) ;
#3485 = CARTESIAN_POINT ( 'NONE',  ( -7.162345244612033923, -10.69500000000000384, 0.000000000000000000 ) ) ;
#3486 = VERTEX_POINT ( 'NONE', #3933 ) ;
#3487 = LINE ( 'NONE', #2618, #1840 ) ;
#3488 = CARTESIAN_POINT ( 'NONE',  ( 0.000000000000000000, 7.470000000000000639, 0.4000000000000000222 ) ) ;
#3489 = EDGE_LOOP ( 'NONE', ( #545, #1333, #272, #756 ) ) ;
#3490 = VECTOR ( 'NONE', #2072, 100.0000000000000000 ) ;
#3491 = EDGE_CURVE ( 'NONE', #3949, #2451, #3028, .T. ) ;
#3492 = ORIENTED_EDGE ( 'NONE', *, *, #30, .T. ) ;
#3493 = CARTESIAN_POINT ( 'NONE',  ( -10.99999999999999645, -10.50000000000000000, 0.000000000000000000 ) ) ;
#3494 = EDGE_LOOP ( 'NONE', ( #873, #3999, #2125, #2207, #1620, #83, #1470, #4041 ) ) ;
#3495 = VECTOR ( 'NONE', #2021, 100.0000000000000000 ) ;
#3496 = ORIENTED_EDGE ( 'NONE', *, *, #3986, .T. ) ;
#3497 = LINE ( 'NONE', #2926, #1163 ) ;
#3498 = VECTOR ( 'NONE', #1997, 100.0000000000000000 ) ;
#3499 = DIRECTION ( 'NONE',  ( 0.000000000000000000, 0.000000000000000000, -1.000000000000000000 ) ) ;
#3500 = DIRECTION ( 'NONE',  ( 0.000000000000000000, 0.000000000000000000, -1.000000000000000000 ) ) ;
#3501 = ORIENTED_EDGE ( 'NONE', *, *, #733, .F. ) ;
#3502 = DIRECTION ( 'NONE',  ( 0.000000000000000000, 1.000000000000000000, -0.000000000000000000 ) ) ;
#3503 = CARTESIAN_POINT ( 'NONE',  ( -10.81999999999999140, -8.589999999999999858, 0.1349999999999999534 ) ) ;
#3504 = CARTESIAN_POINT ( 'NONE',  ( -10.36499999999999666, -7.635000000000001563, 0.3175000000000000044 ) ) ;
#3505 = EDGE_CURVE ( 'NONE', #3673, #2204, #3749, .T. ) ;
#3506 = LINE ( 'NONE', #3422, #4089 ) ;
#3507 = ORIENTED_EDGE ( 'NONE', *, *, #896, .F. ) ;
#3508 = CARTESIAN_POINT ( 'NONE',  ( 10.49999999999999467, 10.99999999999999467, 0.6350000000000000089 ) ) ;
#3509 = CARTESIAN_POINT ( 'NONE',  ( -7.635000000000003340, 10.99999999999999645, 0.6350000000000000089 ) ) ;
#3510 = EDGE_CURVE ( 'NONE', #2473, #2732, #3321, .T. ) ;
#3511 = ORIENTED_EDGE ( 'NONE', *, *, #2657, .T. ) ;
#3512 = EDGE_CURVE ( 'NONE', #1339, #3295, #3642, .T. ) ;
#3513 = DIRECTION ( 'NONE',  ( -9.251858538542974046E-17, -1.000000000000000000, 0.000000000000000000 ) ) ;
#3514 = ORIENTED_EDGE ( 'NONE', *, *, #3881, .T. ) ;
#3515 = ORIENTED_EDGE ( 'NONE', *, *, #2355, .F. ) ;
#3516 = LINE ( 'NONE', #88, #2749 ) ;
#3517 = LINE ( 'NONE', #317, #1514 ) ;
#3518 = DIRECTION ( 'NONE',  ( 0.000000000000000000, 0.000000000000000000, -1.000000000000000000 ) ) ;
#3519 = CARTESIAN_POINT ( 'NONE',  ( -10.69500000000000384, -9.894862706971711216E-16, 0.000000000000000000 ) ) ;
#3520 = CARTESIAN_POINT ( 'NONE',  ( -8.999999999999994671, 8.999999999999998224, 0.6350000000000000089 ) ) ;
#3521 = ORIENTED_EDGE ( 'NONE', *, *, #1155, .T. ) ;
#3522 = DIRECTION ( 'NONE',  ( 0.000000000000000000, 1.000000000000000000, -0.000000000000000000 ) ) ;
#3523 = ORIENTED_EDGE ( 'NONE', *, *, #2963, .T. ) ;
#3524 = ADVANCED_FACE ( 'NONE', ( #3275 ), #197, .F. ) ;
#3525 = CARTESIAN_POINT ( 'NONE',  ( -7.499999999999993783, -10.99999999999999645, 0.000000000000000000 ) ) ;
#3526 = ORIENTED_EDGE ( 'NONE', *, *, #465, .T. ) ;
#3527 = ADVANCED_FACE ( 'NONE', ( #2345 ), #1373, .T. ) ;
#3528 = VERTEX_POINT ( 'NONE', #773 ) ;
#3529 = LINE ( 'NONE', #84, #3736 ) ;
#3530 = ORIENTED_EDGE ( 'NONE', *, *, #1664, .F. ) ;
#3531 = VERTEX_POINT ( 'NONE', #2035 ) ;
#3532 = AXIS2_PLACEMENT_3D ( 'NONE', #2653, #3658, #1085 ) ;
#3533 = CARTESIAN_POINT ( 'NONE',  ( 10.49999999999999467, 10.99999999999999467, 0.3175000000000000044 ) ) ;
#3534 = LINE ( 'NONE', #1643, #2217 ) ;
#3535 = DIRECTION ( 'NONE',  ( 1.000000000000000000, 0.000000000000000000, 0.000000000000000000 ) ) ;
#3536 = CIRCLE ( 'NONE', #1561, 2.499999999999999556 ) ;
#3537 = EDGE_CURVE ( 'NONE', #739, #3124, #3302, .T. ) ;
#3538 = CARTESIAN_POINT ( 'NONE',  ( 10.99999999999999645, -10.49999999999999467, 0.6350000000000000089 ) ) ;
#3539 = CIRCLE ( 'NONE', #1430, 0.3100000000000005529 ) ;
#3540 = CARTESIAN_POINT ( 'NONE',  ( -9.000000000000000000, 9.000000000000000000, 0.000000000000000000 ) ) ;
#3541 = DIRECTION ( 'NONE',  ( 0.000000000000000000, 1.000000000000000000, 0.000000000000000000 ) ) ;
#3542 = AXIS2_PLACEMENT_3D ( 'NONE', #2437, #1193, #1485 ) ;
#3543 = DIRECTION ( 'NONE',  ( 0.000000000000000000, 0.000000000000000000, -1.000000000000000000 ) ) ;
#3544 = AXIS2_PLACEMENT_3D ( 'NONE', #1458, #1806, #1108 ) ;
#3545 = CARTESIAN_POINT ( 'NONE',  ( 10.36499999999999488, 25.63499999999999801, 0.6350000000000000089 ) ) ;
#3546 = EDGE_LOOP ( 'NONE', ( #247, #2579, #2916, #455 ) ) ;
#3547 = VERTEX_POINT ( 'NONE', #2369 ) ;
#3548 = VECTOR ( 'NONE', #1859, 100.0000000000000000 ) ;
#3549 = CARTESIAN_POINT ( 'NONE',  ( -10.99999999999999112, -9.410000000000000142, 0.1349999999999999534 ) ) ;
#3550 = ORIENTED_EDGE ( 'NONE', *, *, #3260, .T. ) ;
#3551 = CARTESIAN_POINT ( 'NONE',  ( -10.49999999999999822, 10.99999999999999645, 0.000000000000000000 ) ) ;
#3552 = VECTOR ( 'NONE', #734, 100.0000000000000000 ) ;
#3553 = ORIENTED_EDGE ( 'NONE', *, *, #4005, .F. ) ;
#3554 = EDGE_CURVE ( 'NONE', #2202, #4070, #3097, .T. ) ;
#3555 = AXIS2_PLACEMENT_3D ( 'NONE', #2097, #3363, #1689 ) ;
#3556 = CARTESIAN_POINT ( 'NONE',  ( 10.19999999999999574, 8.232042833102433121, 0.1349999999999999534 ) ) ;
#3557 = AXIS2_PLACEMENT_3D ( 'NONE', #2372, #2702, #3340 ) ;
#3558 = CARTESIAN_POINT ( 'NONE',  ( -8.999999999999994671, 8.999999999999998224, 0.000000000000000000 ) ) ;
#3559 = VECTOR ( 'NONE', #2138, 100.0000000000000000 ) ;
#3560 = CARTESIAN_POINT ( 'NONE',  ( -9.409999999999998366, 10.81999999999999140, 0.6350000000000000089 ) ) ;
#3561 = DIRECTION ( 'NONE',  ( 0.8660254037844398178, 0.4999999999999979461, 0.000000000000000000 ) ) ;
#3562 = CARTESIAN_POINT ( 'NONE',  ( -10.36499999999999666, 7.634999999999997122, 0.3175000000000000044 ) ) ;
#3563 = EDGE_CURVE ( 'NONE', #2208, #2683, #2307, .T. ) ;
#3564 = EDGE_LOOP ( 'NONE', ( #3181, #2663 ) ) ;
#3565 = CARTESIAN_POINT ( 'NONE',  ( 10.99999999999999112, 8.589999999999998082, 0.1349999999999999534 ) ) ;
#3566 = ORIENTED_EDGE ( 'NONE', *, *, #1199, .T. ) ;
#3567 = PLANE ( 'NONE',  #464 ) ;
#3568 = ADVANCED_FACE ( 'NONE', ( #1995 ), #3359, .F. ) ;
#3569 = EDGE_LOOP ( 'NONE', ( #347, #2932, #3083, #360 ) ) ;
#3570 = ORIENTED_EDGE ( 'NONE', *, *, #2729, .F. ) ;
#3571 = DIRECTION ( 'NONE',  ( -0.000000000000000000, 0.000000000000000000, 1.000000000000000000 ) ) ;
#3572 = ORIENTED_EDGE ( 'NONE', *, *, #2112, .F. ) ;
#3573 = CARTESIAN_POINT ( 'NONE',  ( 10.99999999999999645, 7.499999999999998224, 0.3175000000000000044 ) ) ;
#3574 = VERTEX_POINT ( 'NONE', #1805 ) ;
#3575 = ORIENTED_EDGE ( 'NONE', *, *, #3635, .F. ) ;
#3576 = CARTESIAN_POINT ( 'NONE',  ( -10.19999999999999396, -8.232042833102434898, 0.1349999999999999534 ) ) ;
#3577 = EDGE_CURVE ( 'NONE', #4046, #3295, #1477, .T. ) ;
#3578 = EDGE_CURVE ( 'NONE', #456, #1754, #3742, .T. ) ;
#3579 = FACE_OUTER_BOUND ( 'NONE', #3364, .T. ) ;
#3580 = DIRECTION ( 'NONE',  ( 0.000000000000000000, 1.000000000000000000, -0.000000000000000000 ) ) ;
#3581 = EDGE_CURVE ( 'NONE', #3879, #929, #2496, .T. ) ;
#3582 = DIRECTION ( 'NONE',  ( 0.000000000000000000, -1.000000000000000000, 0.000000000000000000 ) ) ;
#3583 = DIRECTION ( 'NONE',  ( 0.000000000000000000, -1.000000000000000000, 0.000000000000000000 ) ) ;
#3584 = DIRECTION ( 'NONE',  ( 0.4999999999999979461, -0.8660254037844398178, 0.000000000000000000 ) ) ;
#3585 = CARTESIAN_POINT ( 'NONE',  ( 0.000000000000000000, 0.000000000000000000, 0.1349999999999999534 ) ) ;
#3586 = ORIENTED_EDGE ( 'NONE', *, *, #948, .T. ) ;
#3587 = LINE ( 'NONE', #182, #2971 ) ;
#3588 = ORIENTED_EDGE ( 'NONE', *, *, #2617, .T. ) ;
#3589 = ORIENTED_EDGE ( 'NONE', *, *, #3334, .T. ) ;
#3590 = PLANE ( 'NONE',  #1052 ) ;
#3591 = ORIENTED_EDGE ( 'NONE', *, *, #1649, .T. ) ;
#3592 = LINE ( 'NONE', #2712, #2691 ) ;
#3593 = ORIENTED_EDGE ( 'NONE', *, *, #3212, .T. ) ;
#3594 = VERTEX_POINT ( 'NONE', #586 ) ;
#3595 = ORIENTED_EDGE ( 'NONE', *, *, #3054, .T. ) ;
#3596 = DIRECTION ( 'NONE',  ( 0.000000000000000000, 0.000000000000000000, -1.000000000000000000 ) ) ;
#3597 = ORIENTED_EDGE ( 'NONE', *, *, #3663, .T. ) ;
#3598 = CARTESIAN_POINT ( 'NONE',  ( 10.36499999999999488, 7.635000000000004228, 0.6350000000000000089 ) ) ;
#3599 = DIRECTION ( 'NONE',  ( -1.817653936845377429E-16, 1.000000000000000000, 0.000000000000000000 ) ) ;
#3600 = FACE_OUTER_BOUND ( 'NONE', #4063, .T. ) ;
#3601 = PLANE ( 'NONE',  #3739 ) ;
#3602 = CARTESIAN_POINT ( 'NONE',  ( -10.69500000000000384, 7.162345244612041029, 0.6350000000000000089 ) ) ;
#3603 = EDGE_CURVE ( 'NONE', #2142, #863, #3395, .T. ) ;
#3604 = AXIS2_PLACEMENT_3D ( 'NONE', #3088, #1200, #1496 ) ;
#3605 = LINE ( 'NONE', #1978, #1949 ) ;
#3606 = CARTESIAN_POINT ( 'NONE',  ( 10.99999999999999645, -7.634999999999996234, 0.6350000000000000089 ) ) ;
#3607 = ORIENTED_EDGE ( 'NONE', *, *, #3839, .F. ) ;
#3608 = DIRECTION ( 'NONE',  ( 0.000000000000000000, -1.000000000000000000, 0.000000000000000000 ) ) ;
#3609 = ORIENTED_EDGE ( 'NONE', *, *, #3401, .F. ) ;
#3610 = AXIS2_PLACEMENT_3D ( 'NONE', #219, #755, #2705 ) ;
#3611 = VECTOR ( 'NONE', #3179, 100.0000000000000142 ) ;
#3612 = CARTESIAN_POINT ( 'NONE',  ( 10.19999999999999574, 8.232042833102433121, 0.1349999999999999534 ) ) ;
#3613 = ORIENTED_EDGE ( 'NONE', *, *, #2150, .T. ) ;
#3614 = CARTESIAN_POINT ( 'NONE',  ( 10.99999999999999645, -7.499999999999993783, 0.3175000000000000044 ) ) ;
#3615 = ADVANCED_FACE ( 'NONE', ( #2780 ), #1824, .T. ) ;
#3616 = VECTOR ( 'NONE', #1374, 100.0000000000000000 ) ;
#3617 = VECTOR ( 'NONE', #2462, 100.0000000000000000 ) ;
#3618 = ORIENTED_EDGE ( 'NONE', *, *, #2652, .F. ) ;
#3619 = FACE_OUTER_BOUND ( 'NONE', #355, .T. ) ;
#3620 = EDGE_CURVE ( 'NONE', #1799, #3949, #3952, .T. ) ;
#3621 = ORIENTED_EDGE ( 'NONE', *, *, #351, .T. ) ;
#3622 = AXIS2_PLACEMENT_3D ( 'NONE', #626, #49, #1306 ) ;
#3623 = DIRECTION ( 'NONE',  ( -0.000000000000000000, 0.000000000000000000, 1.000000000000000000 ) ) ;
#3624 = CARTESIAN_POINT ( 'NONE',  ( -7.470000000000000639, 7.370000000000000107, 0.4000000000000000222 ) ) ;
#3625 = AXIS2_PLACEMENT_3D ( 'NONE', #3344, #2376, #2394 ) ;
#3626 = CARTESIAN_POINT ( 'NONE',  ( -8.999999999999996447, -9.000000000000001776, 0.000000000000000000 ) ) ;
#3627 = FACE_OUTER_BOUND ( 'NONE', #2661, .T. ) ;
#3628 = LINE ( 'NONE', #3602, #1317 ) ;
#3629 = CARTESIAN_POINT ( 'NONE',  ( -10.36499999999999666, -7.635000000000001563, 0.3175000000000000044 ) ) ;
#3630 = FACE_OUTER_BOUND ( 'NONE', #1079, .T. ) ;
#3631 = EDGE_CURVE ( 'NONE', #2521, #4024, #1788, .T. ) ;
#3632 = ORIENTED_EDGE ( 'NONE', *, *, #1494, .F. ) ;
#3633 = CARTESIAN_POINT ( 'NONE',  ( -10.99999999999999289, 10.36499999999999133, 0.3175000000000000044 ) ) ;
#3634 = DIRECTION ( 'NONE',  ( 1.000000000000000000, 9.088269684226882214E-17, 0.000000000000000000 ) ) ;
#3635 = EDGE_CURVE ( 'NONE', #3673, #3126, #3682, .T. ) ;
#3636 = ADVANCED_FACE ( 'NONE', ( #256 ), #1865, .T. ) ;
#3637 = VERTEX_POINT ( 'NONE', #1183 ) ;
#3638 = CARTESIAN_POINT ( 'NONE',  ( -10.99999999999999467, 8.589999999999994529, 0.1349999999999999534 ) ) ;
#3639 = ORIENTED_EDGE ( 'NONE', *, *, #184, .T. ) ;
#3640 = CARTESIAN_POINT ( 'NONE',  ( -10.99999999999999467, 9.409999999999996589, 0.1349999999999999534 ) ) ;
#3641 = PLANE ( 'NONE',  #1030 ) ;
#3642 = LINE ( 'NONE', #3562, #3298 ) ;
#3643 = LINE ( 'NONE', #3047, #646 ) ;
#3644 = CARTESIAN_POINT ( 'NONE',  ( 9.000000000000000000, 9.000000000000001776, 0.000000000000000000 ) ) ;
#3645 = DIRECTION ( 'NONE',  ( -0.8660254037844398178, -0.4999999999999979461, 0.000000000000000000 ) ) ;
#3646 = ORIENTED_EDGE ( 'NONE', *, *, #554, .T. ) ;
#3647 = DIRECTION ( 'NONE',  ( 0.000000000000000000, 1.000000000000000000, -0.000000000000000000 ) ) ;
#3648 = ORIENTED_EDGE ( 'NONE', *, *, #3141, .T. ) ;
#3649 = EDGE_CURVE ( 'NONE', #3688, #4011, #2814, .T. ) ;
#3650 = CARTESIAN_POINT ( 'NONE',  ( 10.81999999999999140, 9.409999999999998366, 0.6350000000000000089 ) ) ;
#3651 = LINE ( 'NONE', #820, #989 ) ;
#3652 = DIRECTION ( 'NONE',  ( 9.088269684226882214E-17, -1.000000000000000000, 0.000000000000000000 ) ) ;
#3653 = EDGE_CURVE ( 'NONE', #35, #1083, #3705, .T. ) ;
#3654 = VERTEX_POINT ( 'NONE', #3377 ) ;
#3655 = DIRECTION ( 'NONE',  ( -0.000000000000000000, 0.000000000000000000, 1.000000000000000000 ) ) ;
#3656 = VERTEX_POINT ( 'NONE', #3721 ) ;
#3657 = ADVANCED_FACE ( 'NONE', ( #1555 ), #1848, .F. ) ;
#3658 = DIRECTION ( 'NONE',  ( 0.000000000000000000, 0.000000000000000000, -1.000000000000000000 ) ) ;
#3659 = DIRECTION ( 'NONE',  ( 1.000000000000000000, 0.000000000000000000, 0.000000000000000000 ) ) ;
#3660 = CARTESIAN_POINT ( 'NONE',  ( -9.000000000000000000, 9.310000000000000497, 0.000000000000000000 ) ) ;
#3661 = DIRECTION ( 'NONE',  ( 1.000000000000000000, 0.000000000000000000, 0.000000000000000000 ) ) ;
#3662 = CYLINDRICAL_SURFACE ( 'NONE', #468, 0.3100000000000005529 ) ;
#3663 = EDGE_CURVE ( 'NONE', #1671, #2297, #2482, .T. ) ;
#3664 = AXIS2_PLACEMENT_3D ( 'NONE', #748, #3518, #1926 ) ;
#3665 = CYLINDRICAL_SURFACE ( 'NONE', #2360, 2.500000000000000888 ) ;
#3666 = VERTEX_POINT ( 'NONE', #2405 ) ;
#3667 = CARTESIAN_POINT ( 'NONE',  ( -10.99999999999999645, -7.500000000000000000, 0.6350000000000000089 ) ) ;
#3668 = VERTEX_POINT ( 'NONE', #3114 ) ;
#3669 = CIRCLE ( 'NONE', #3079, 0.3100000000000005529 ) ;
#3670 = FACE_OUTER_BOUND ( 'NONE', #2310, .T. ) ;
#3671 = VECTOR ( 'NONE', #4079, 100.0000000000000000 ) ;
#3672 = FACE_OUTER_BOUND ( 'NONE', #312, .T. ) ;
#3673 = VERTEX_POINT ( 'NONE', #3660 ) ;
#3674 = DIRECTION ( 'NONE',  ( -0.8660254037844397068, -0.4999999999999980016, 0.000000000000000000 ) ) ;
#3675 = CARTESIAN_POINT ( 'NONE',  ( 8.589999999999994529, 10.99999999999999645, 0.1349999999999999534 ) ) ;
#3676 = VECTOR ( 'NONE', #1584, 100.0000000000000000 ) ;
#3677 = ORIENTED_EDGE ( 'NONE', *, *, #2304, .F. ) ;
#3678 = EDGE_CURVE ( 'NONE', #3209, #3735, #275, .T. ) ;
#3679 = MECHANICAL_DESIGN_GEOMETRIC_PRESENTATION_REPRESENTATION (  '', ( #1446 ), #1442 ) ;
#3680 = LINE ( 'NONE', #3640, #2475 ) ;
#3681 = PLANE ( 'NONE',  #4061 ) ;
#3682 = LINE ( 'NONE', #2449, #258 ) ;
#3683 = CARTESIAN_POINT ( 'NONE',  ( 10.99999999999999645, 7.635000000000004228, 0.6350000000000000089 ) ) ;
#3684 = ADVANCED_FACE ( 'NONE', ( #2737 ), #3993, .F. ) ;
#3685 = VECTOR ( 'NONE', #976, 100.0000000000000000 ) ;
#3686 = DIRECTION ( 'NONE',  ( -1.000000000000000000, 0.000000000000000000, 0.000000000000000000 ) ) ;
#3687 = ADVANCED_FACE ( 'NONE', ( #408 ), #3804, .F. ) ;
#3688 = VERTEX_POINT ( 'NONE', #341 ) ;
#3689 = CARTESIAN_POINT ( 'NONE',  ( -10.81999999999999496, 8.589999999999994529, 0.1349999999999999534 ) ) ;
#3690 = ORIENTED_EDGE ( 'NONE', *, *, #2489, .F. ) ;
#3691 = CIRCLE ( 'NONE', #1906, 2.500000000000000888 ) ;
#3692 = LINE ( 'NONE', #264, #3559 ) ;
#3693 = AXIS2_PLACEMENT_3D ( 'NONE', #3055, #3074, #2100 ) ;
#3694 = DIRECTION ( 'NONE',  ( -9.088269684226887144E-17, 1.000000000000000000, 0.000000000000000000 ) ) ;
#3695 = ORIENTED_EDGE ( 'NONE', *, *, #1746, .F. ) ;
#3696 = ORIENTED_EDGE ( 'NONE', *, *, #3708, .T. ) ;
#3697 = ORIENTED_EDGE ( 'NONE', *, *, #2049, .F. ) ;
#3698 = DIRECTION ( 'NONE',  ( -0.4999999999999980571, 0.8660254037844398178, 0.000000000000000000 ) ) ;
#3699 = DIRECTION ( 'NONE',  ( 0.000000000000000000, 0.000000000000000000, -1.000000000000000000 ) ) ;
#3700 = EDGE_LOOP ( 'NONE', ( #4067, #2723, #1975, #3096 ) ) ;
#3701 = DIRECTION ( 'NONE',  ( 0.000000000000000000, 0.000000000000000000, 1.000000000000000000 ) ) ;
#3702 = EDGE_CURVE ( 'NONE', #90, #1593, #1662, .T. ) ;
#3703 = ADVANCED_FACE ( 'NONE', ( #1583 ), #2547, .T. ) ;
#3704 = LINE ( 'NONE', #2177, #1759 ) ;
#3705 = LINE ( 'NONE', #871, #844 ) ;
#3706 = DIRECTION ( 'NONE',  ( 0.000000000000000000, -1.000000000000000000, 0.000000000000000000 ) ) ;
#3707 = ORIENTED_EDGE ( 'NONE', *, *, #3358, .F. ) ;
#3708 = EDGE_CURVE ( 'NONE', #2066, #1581, #1882, .T. ) ;
#3709 = DIRECTION ( 'NONE',  ( 0.7071067811865475727, 0.7071067811865475727, -0.000000000000000000 ) ) ;
#3710 = CARTESIAN_POINT ( 'NONE',  ( 10.99999999999999112, 8.589999999999998082, 0.6350000000000000089 ) ) ;
#3711 = ORIENTED_EDGE ( 'NONE', *, *, #1082, .F. ) ;
#3712 = LINE ( 'NONE', #3347, #404 ) ;
#3713 = LINE ( 'NONE', #2472, #1956 ) ;
#3714 = ORIENTED_EDGE ( 'NONE', *, *, #3983, .T. ) ;
#3715 = ORIENTED_EDGE ( 'NONE', *, *, #1649, .F. ) ;
#3716 = VERTEX_POINT ( 'NONE', #1016 ) ;
#3717 = DIRECTION ( 'NONE',  ( -0.8660254037844398178, 0.4999999999999979461, 0.000000000000000000 ) ) ;
#3718 = ORIENTED_EDGE ( 'NONE', *, *, #2069, .F. ) ;
#3719 = LINE ( 'NONE', #623, #3207 ) ;
#3720 = CARTESIAN_POINT ( 'NONE',  ( -9.409999999999998366, 10.99999999999999112, 0.6350000000000000089 ) ) ;
#3721 = CARTESIAN_POINT ( 'NONE',  ( -10.99999999999999112, -9.410000000000000142, 0.1349999999999999534 ) ) ;
#3722 = CARTESIAN_POINT ( 'NONE',  ( -10.69500000000000384, -9.894862706971711216E-16, 0.3175000000000011147 ) ) ;
#3723 = CARTESIAN_POINT ( 'NONE',  ( -10.99999999999999112, -8.589999999999999858, 0.1349999999999999534 ) ) ;
#3724 = SURFACE_STYLE_FILL_AREA ( #3399 ) ;
#3725 = EDGE_CURVE ( 'NONE', #1930, #375, #3452, .T. ) ;
#3726 = VECTOR ( 'NONE', #2778, 100.0000000000000000 ) ;
#3727 = FACE_OUTER_BOUND ( 'NONE', #2816, .T. ) ;
#3728 = CARTESIAN_POINT ( 'NONE',  ( -10.49999999999999467, -10.99999999999999645, 0.3175000000000000044 ) ) ;
#3729 = VERTEX_POINT ( 'NONE', #672 ) ;
#3730 = ORIENTED_EDGE ( 'NONE', *, *, #2517, .T. ) ;
#3731 = AXIS2_PLACEMENT_3D ( 'NONE', #806, #2029, #1726 ) ;
#3732 = ORIENTED_EDGE ( 'NONE', *, *, #2939, .T. ) ;
#3733 = EDGE_CURVE ( 'NONE', #930, #3821, #1903, .T. ) ;
#3734 = CARTESIAN_POINT ( 'NONE',  ( 10.99999999999999645, 7.499999999999998224, 0.3175000000000000044 ) ) ;
#3735 = VERTEX_POINT ( 'NONE', #3176 ) ;
#3736 = VECTOR ( 'NONE', #3204, 100.0000000000000000 ) ;
#3737 = ORIENTED_EDGE ( 'NONE', *, *, #288, .F. ) ;
#3738 = DIRECTION ( 'NONE',  ( -1.000000000000000000, 0.000000000000000000, 0.000000000000000000 ) ) ;
#3739 = AXIS2_PLACEMENT_3D ( 'NONE', #1089, #2873, #1251 ) ;
#3740 = DIRECTION ( 'NONE',  ( 0.000000000000000000, -1.000000000000000000, 0.000000000000000000 ) ) ;
#3741 = EDGE_CURVE ( 'NONE', #1760, #685, #1601, .T. ) ;
#3742 = LINE ( 'NONE', #2114, #916 ) ;
#3743 = DIRECTION ( 'NONE',  ( -0.000000000000000000, 0.000000000000000000, 1.000000000000000000 ) ) ;
#3744 = ORIENTED_EDGE ( 'NONE', *, *, #3111, .T. ) ;
#3745 = VECTOR ( 'NONE', #2488, 100.0000000000000142 ) ;
#3746 = CARTESIAN_POINT ( 'NONE',  ( -7.162345244612028594, 10.69499999999999673, 0.6350000000000000089 ) ) ;
#3747 = VECTOR ( 'NONE', #4051, 100.0000000000000000 ) ;
#3748 = DIRECTION ( 'NONE',  ( -1.817653936845377429E-16, 1.000000000000000000, 0.000000000000000000 ) ) ;
#3749 = CIRCLE ( 'NONE', #2038, 0.3100000000000005529 ) ;
#3750 = DIRECTION ( 'NONE',  ( -0.000000000000000000, 0.000000000000000000, 1.000000000000000000 ) ) ;
#3751 = ORIENTED_EDGE ( 'NONE', *, *, #1410, .F. ) ;
#3752 = ADVANCED_FACE ( 'NONE', ( #999 ), #3193, .T. ) ;
#3753 = CARTESIAN_POINT ( 'NONE',  ( 9.767957166897559773, 10.19999999999999929, 0.1349999999999999534 ) ) ;
#3754 = ORIENTED_EDGE ( 'NONE', *, *, #1880, .F. ) ;
#3755 = ORIENTED_EDGE ( 'NONE', *, *, #1762, .F. ) ;
#3756 = VECTOR ( 'NONE', #3037, 100.0000000000000000 ) ;
#3757 = EDGE_CURVE ( 'NONE', #807, #1083, #2265, .T. ) ;
#3758 = ORIENTED_EDGE ( 'NONE', *, *, #3620, .T. ) ;
#3759 = DIRECTION ( 'NONE',  ( 0.000000000000000000, -1.000000000000000000, 0.000000000000000000 ) ) ;
#3760 = ORIENTED_EDGE ( 'NONE', *, *, #3537, .T. ) ;
#3761 = ADVANCED_FACE ( 'NONE', ( #359 ), #28, .F. ) ;
#3762 = ORIENTED_EDGE ( 'NONE', *, *, #354, .T. ) ;
#3763 = CARTESIAN_POINT ( 'NONE',  ( 9.000000000000001776, -8.999999999999996447, 0.6350000000000000089 ) ) ;
#3764 = CARTESIAN_POINT ( 'NONE',  ( -8.589999999999998082, 10.99999999999999112, 0.6350000000000000089 ) ) ;
#3765 = DIRECTION ( 'NONE',  ( -0.000000000000000000, 0.000000000000000000, 1.000000000000000000 ) ) ;
#3766 = CARTESIAN_POINT ( 'NONE',  ( 9.000000000000000000, 8.690000000000001279, 0.000000000000000000 ) ) ;
#3767 = VERTEX_POINT ( 'NONE', #3846 ) ;
#3768 = DIRECTION ( 'NONE',  ( -1.817653936845377429E-16, 1.000000000000000000, 0.000000000000000000 ) ) ;
#3769 = CARTESIAN_POINT ( 'NONE',  ( -7.634999999999996234, -10.36499999999999844, 0.3175000000000000044 ) ) ;
#3770 = CARTESIAN_POINT ( 'NONE',  ( 10.49999999999999467, 10.99999999999999467, 0.6350000000000000089 ) ) ;
#3771 = CARTESIAN_POINT ( 'NONE',  ( -8.999999999999998224, -9.000000000000001776, 0.000000000000000000 ) ) ;
#3772 = ORIENTED_EDGE ( 'NONE', *, *, #1254, .F. ) ;
#3773 = CARTESIAN_POINT ( 'NONE',  ( -8.589999999999992752, -10.81999999999999851, 0.1349999999999999534 ) ) ;
#3774 = ORIENTED_EDGE ( 'NONE', *, *, #4052, .T. ) ;
#3775 = EDGE_CURVE ( 'NONE', #357, #3251, #3211, .T. ) ;
#3776 = VERTEX_POINT ( 'NONE', #4074 ) ;
#3777 = CARTESIAN_POINT ( 'NONE',  ( -7.634999999999996234, -10.36499999999999844, 0.3175000000000000044 ) ) ;
#3778 = VERTEX_POINT ( 'NONE', #2194 ) ;
#3779 = ORIENTED_EDGE ( 'NONE', *, *, #3228, .F. ) ;
#3780 = ADVANCED_FACE ( 'NONE', ( #2882 ), #382, .F. ) ;
#3781 = ORIENTED_EDGE ( 'NONE', *, *, #479, .T. ) ;
#3782 = VERTEX_POINT ( 'NONE', #3153 ) ;
#3783 = PLANE ( 'NONE',  #4056 ) ;
#3784 = DIRECTION ( 'NONE',  ( -1.817653936845377429E-16, 1.000000000000000000, 0.000000000000000000 ) ) ;
#3785 = CARTESIAN_POINT ( 'NONE',  ( 10.36499999999999666, 10.36499999999999666, 0.3175000000000000044 ) ) ;
#3786 = LINE ( 'NONE', #1266, #3947 ) ;
#3787 = ORIENTED_EDGE ( 'NONE', *, *, #1242, .T. ) ;
#3788 = DIRECTION ( 'NONE',  ( 0.000000000000000000, 0.000000000000000000, 1.000000000000000000 ) ) ;
#3789 = LINE ( 'NONE', #3180, #1964 ) ;
#3790 = VERTEX_POINT ( 'NONE', #3827 ) ;
#3791 = FACE_OUTER_BOUND ( 'NONE', #2028, .T. ) ;
#3792 = CARTESIAN_POINT ( 'NONE',  ( 10.99999999999999112, 9.409999999999998366, 0.1349999999999999534 ) ) ;
#3793 = EDGE_LOOP ( 'NONE', ( #267, #229, #1817, #424 ) ) ;
#3794 = CARTESIAN_POINT ( 'NONE',  ( -10.19999999999999751, 9.767957166897559773, 0.1349999999999999534 ) ) ;
#3795 = LINE ( 'NONE', #1594, #3616 ) ;
#3796 = ORIENTED_EDGE ( 'NONE', *, *, #3036, .F. ) ;
#3797 = ORIENTED_EDGE ( 'NONE', *, *, #3036, .T. ) ;
#3798 = CARTESIAN_POINT ( 'NONE',  ( -8.589999999999998082, 10.99999999999999112, 0.1349999999999999534 ) ) ;
#3799 = ORIENTED_EDGE ( 'NONE', *, *, #1540, .T. ) ;
#3800 = VECTOR ( 'NONE', #2264, 100.0000000000000000 ) ;
#3801 = CARTESIAN_POINT ( 'NONE',  ( 10.36499999999999488, 7.635000000000004228, 0.3175000000000000044 ) ) ;
#3802 = DIRECTION ( 'NONE',  ( 0.000000000000000000, -1.000000000000000000, 0.000000000000000000 ) ) ;
#3803 = EDGE_CURVE ( 'NONE', #3860, #4070, #3517, .T. ) ;
#3804 = PLANE ( 'NONE',  #3166 ) ;
#3805 = AXIS2_PLACEMENT_3D ( 'NONE', #3960, #2076, #201 ) ;
#3806 = LINE ( 'NONE', #2241, #3948 ) ;
#3807 = VECTOR ( 'NONE', #937, 100.0000000000000000 ) ;
#3808 = DIRECTION ( 'NONE',  ( -0.000000000000000000, 0.000000000000000000, 1.000000000000000000 ) ) ;
#3809 = CARTESIAN_POINT ( 'NONE',  ( 10.20000000000000107, -9.767957166897559773, 0.6350000000000000089 ) ) ;
#3810 = EDGE_CURVE ( 'NONE', #2136, #3383, #2839, .T. ) ;
#3811 = DIRECTION ( 'NONE',  ( 0.000000000000000000, -1.000000000000000000, 0.000000000000000000 ) ) ;
#3812 = AXIS2_PLACEMENT_3D ( 'NONE', #1415, #2370, #2678 ) ;
#3813 = ADVANCED_FACE ( 'NONE', ( #2527 ), #954, .F. ) ;
#3814 = AXIS2_PLACEMENT_3D ( 'NONE', #2741, #2469, #2119 ) ;
#3815 = CARTESIAN_POINT ( 'NONE',  ( 9.000000000000000000, 9.000000000000001776, 0.000000000000000000 ) ) ;
#3816 = CARTESIAN_POINT ( 'NONE',  ( 9.409999999999996589, 10.99999999999999645, 0.1349999999999999534 ) ) ;
#3817 = LINE ( 'NONE', #1611, #2032 ) ;
#3818 = ORIENTED_EDGE ( 'NONE', *, *, #1637, .T. ) ;
#3819 = AXIS2_PLACEMENT_3D ( 'NONE', #2290, #434, #2595 ) ;
#3820 = VECTOR ( 'NONE', #3307, 100.0000000000000000 ) ;
#3821 = VERTEX_POINT ( 'NONE', #1037 ) ;
#3822 = CARTESIAN_POINT ( 'NONE',  ( -10.99999999999999467, 10.49999999999999467, 0.6350000000000000089 ) ) ;
#3823 = ORIENTED_EDGE ( 'NONE', *, *, #488, .F. ) ;
#3824 = ORIENTED_EDGE ( 'NONE', *, *, #3581, .T. ) ;
#3825 = DIRECTION ( 'NONE',  ( -1.000000000000000000, -9.088269684226887144E-17, 0.000000000000000000 ) ) ;
#3826 = CIRCLE ( 'NONE', #1128, 2.499999999999999556 ) ;
#3827 = CARTESIAN_POINT ( 'NONE',  ( 9.409999999999996589, 10.99999999999999467, 0.1349999999999999534 ) ) ;
#3828 = ADVANCED_FACE ( 'NONE', ( #2927 ), #89, .T. ) ;
#3829 = EDGE_CURVE ( 'NONE', #2384, #240, #3487, .T. ) ;
#3830 = CARTESIAN_POINT ( 'NONE',  ( -8.589999999999998082, 10.99999999999999112, 0.6350000000000000089 ) ) ;
#3831 = CARTESIAN_POINT ( 'NONE',  ( -10.36499999999999311, -25.63499999999999801, 0.3175000000000000044 ) ) ;
#3832 = DIRECTION ( 'NONE',  ( 0.000000000000000000, 0.000000000000000000, 1.000000000000000000 ) ) ;
#3833 = ORIENTED_EDGE ( 'NONE', *, *, #3491, .T. ) ;
#3834 = EDGE_CURVE ( 'NONE', #3574, #863, #1954, .T. ) ;
#3835 = CARTESIAN_POINT ( 'NONE',  ( -9.409999999999994813, -10.81999999999999851, 0.6350000000000000089 ) ) ;
#3836 = ORIENTED_EDGE ( 'NONE', *, *, #2423, .T. ) ;
#3837 = CARTESIAN_POINT ( 'NONE',  ( 9.000000000000000000, 9.000000000000001776, 0.000000000000000000 ) ) ;
#3838 = ORIENTED_EDGE ( 'NONE', *, *, #4090, .T. ) ;
#3839 = EDGE_CURVE ( 'NONE', #129, #3462, #3877, .T. ) ;
#3840 = ORIENTED_EDGE ( 'NONE', *, *, #3441, .F. ) ;
#3841 = CARTESIAN_POINT ( 'NONE',  ( 9.409999999999996589, 10.81999999999999673, 0.1349999999999999534 ) ) ;
#3842 = ORIENTED_EDGE ( 'NONE', *, *, #3156, .T. ) ;
#3843 = VERTEX_POINT ( 'NONE', #3263 ) ;
#3844 = CARTESIAN_POINT ( 'NONE',  ( -10.99999999999999645, -7.500000000000000000, 0.000000000000000000 ) ) ;
#3845 = DIRECTION ( 'NONE',  ( 1.000000000000000000, 1.817653936845377429E-16, 0.000000000000000000 ) ) ;
#3846 = CARTESIAN_POINT ( 'NONE',  ( -9.000000000000000000, 8.689999999999999503, 0.6350000000000000089 ) ) ;
#3847 = CARTESIAN_POINT ( 'NONE',  ( 9.000000000000001776, -8.999999999999998224, 0.6350000000000000089 ) ) ;
#3848 = DIRECTION ( 'NONE',  ( 1.000000000000000000, 9.088269684226883446E-17, 0.000000000000000000 ) ) ;
#3849 = DIRECTION ( 'NONE',  ( -1.000000000000000000, -9.088269684226887144E-17, 0.000000000000000000 ) ) ;
#3850 = ORIENTED_EDGE ( 'NONE', *, *, #927, .T. ) ;
#3851 = DIRECTION ( 'NONE',  ( 0.8660254037844397068, -0.4999999999999980016, 0.000000000000000000 ) ) ;
#3852 = ORIENTED_EDGE ( 'NONE', *, *, #3228, .T. ) ;
#3853 = PLANE ( 'NONE',  #849 ) ;
#3854 = EDGE_CURVE ( 'NONE', #2438, #2202, #2920, .T. ) ;
#3855 = VERTEX_POINT ( 'NONE', #1275 ) ;
#3856 = VERTEX_POINT ( 'NONE', #1334 ) ;
#3857 = DIRECTION ( 'NONE',  ( 0.4999999999999979461, 0.8660254037844398178, 0.000000000000000000 ) ) ;
#3858 = ORIENTED_EDGE ( 'NONE', *, *, #802, .T. ) ;
#3859 = DIRECTION ( 'NONE',  ( 0.000000000000000000, 0.000000000000000000, 1.000000000000000000 ) ) ;
#3860 = VERTEX_POINT ( 'NONE', #3525 ) ;
#3861 = EDGE_CURVE ( 'NONE', #3790, #2667, #680, .T. ) ;
#3862 = ORIENTED_EDGE ( 'NONE', *, *, #2731, .F. ) ;
#3863 = DIRECTION ( 'NONE',  ( 0.000000000000000000, -1.000000000000000000, 0.000000000000000000 ) ) ;
#3864 = DIRECTION ( 'NONE',  ( 0.000000000000000000, -1.000000000000000000, 0.000000000000000000 ) ) ;
#3865 = EDGE_LOOP ( 'NONE', ( #1537, #1053, #1368, #3824 ) ) ;
#3866 = AXIS2_PLACEMENT_3D ( 'NONE', #2948, #445, #1706 ) ;
#3867 = EDGE_CURVE ( 'NONE', #2513, #389, #1935, .T. ) ;
#3868 = DIRECTION ( 'NONE',  ( -0.000000000000000000, 0.000000000000000000, 1.000000000000000000 ) ) ;
#3869 = AXIS2_PLACEMENT_3D ( 'NONE', #1205, #3158, #3456 ) ;
#3870 = LINE ( 'NONE', #3831, #3478 ) ;
#3871 = DIRECTION ( 'NONE',  ( 0.000000000000000000, 1.000000000000000000, 0.000000000000000000 ) ) ;
#3872 = ORIENTED_EDGE ( 'NONE', *, *, #4043, .F. ) ;
#3873 = CIRCLE ( 'NONE', #1890, 2.500000000000000888 ) ;
#3874 = CARTESIAN_POINT ( 'NONE',  ( 9.409999999999996589, 10.99999999999999645, 0.6350000000000000089 ) ) ;
#3875 = EDGE_LOOP ( 'NONE', ( #3878, #187, #3071, #1713 ) ) ;
#3876 = AXIS2_PLACEMENT_3D ( 'NONE', #447, #2825, #38 ) ;
#3877 = LINE ( 'NONE', #2561, #2968 ) ;
#3878 = ORIENTED_EDGE ( 'NONE', *, *, #184, .F. ) ;
#3879 = VERTEX_POINT ( 'NONE', #18 ) ;
#3880 = VECTOR ( 'NONE', #74, 100.0000000000000000 ) ;
#3881 = EDGE_CURVE ( 'NONE', #863, #375, #661, .T. ) ;
#3882 = CARTESIAN_POINT ( 'NONE',  ( 0.000000000000000000, -8.030000000000002913, 0.4000000000000000222 ) ) ;
#3883 = EDGE_LOOP ( 'NONE', ( #20, #65, #303, #805 ) ) ;
#3884 = DIRECTION ( 'NONE',  ( 0.000000000000000000, -1.000000000000000000, 0.000000000000000000 ) ) ;
#3885 = VECTOR ( 'NONE', #1265, 100.0000000000000000 ) ;
#3886 = ORIENTED_EDGE ( 'NONE', *, *, #1087, .F. ) ;
#3887 = EDGE_CURVE ( 'NONE', #4024, #3547, #395, .T. ) ;
#3888 = ORIENTED_EDGE ( 'NONE', *, *, #351, .F. ) ;
#3889 = CARTESIAN_POINT ( 'NONE',  ( 10.99999999999999645, 8.589999999999998082, 0.1349999999999999534 ) ) ;
#3890 = AXIS2_PLACEMENT_3D ( 'NONE', #4057, #299, #281 ) ;
#3891 = LINE ( 'NONE', #1063, #3009 ) ;
#3892 = DIRECTION ( 'NONE',  ( 0.4999999999999979461, 0.8660254037844398178, 0.000000000000000000 ) ) ;
#3893 = CARTESIAN_POINT ( 'NONE',  ( -7.370000000000000107, -7.470000000000000639, 0.4000000000000000222 ) ) ;
#3894 = DIRECTION ( 'NONE',  ( 1.000000000000000000, 0.000000000000000000, 0.000000000000000000 ) ) ;
#3895 = LINE ( 'NONE', #96, #504 ) ;
#3896 = DIRECTION ( 'NONE',  ( 1.000000000000000000, 1.817653936845377429E-16, 0.000000000000000000 ) ) ;
#3897 = VERTEX_POINT ( 'NONE', #987 ) ;
#3898 = DIRECTION ( 'NONE',  ( -0.4999999999999980571, 0.8660254037844398178, 0.000000000000000000 ) ) ;
#3899 = VERTEX_POINT ( 'NONE', #3794 ) ;
#3900 = ORIENTED_EDGE ( 'NONE', *, *, #1207, .F. ) ;
#3901 = CARTESIAN_POINT ( 'NONE',  ( 8.589999999999994529, 10.81999999999999673, 0.6350000000000000089 ) ) ;
#3902 = ORIENTED_EDGE ( 'NONE', *, *, #3775, .T. ) ;
#3903 = DIRECTION ( 'NONE',  ( -2.726480905268065897E-16, 1.000000000000000000, -0.000000000000000000 ) ) ;
#3904 = ORIENTED_EDGE ( 'NONE', *, *, #168, .T. ) ;
#3905 = ORIENTED_EDGE ( 'NONE', *, *, #1473, .T. ) ;
#3906 = ORIENTED_EDGE ( 'NONE', *, *, #2196, .T. ) ;
#3907 = CARTESIAN_POINT ( 'NONE',  ( -10.36500000000000199, 10.36499999999999133, 0.3175000000000000044 ) ) ;
#3908 = EDGE_CURVE ( 'NONE', #2331, #2339, #1914, .T. ) ;
#3909 = PRODUCT_CONTEXT ( 'NONE', #2864, 'mechanical' ) ;
#3910 = LINE ( 'NONE', #1475, #3142 ) ;
#3911 = FACE_OUTER_BOUND ( 'NONE', #2319, .T. ) ;
#3912 = CARTESIAN_POINT ( 'NONE',  ( -9.000000000000000000, 9.000000000000000000, 0.000000000000000000 ) ) ;
#3913 = CARTESIAN_POINT ( 'NONE',  ( 8.589999999999994529, 10.99999999999999645, 0.6350000000000000089 ) ) ;
#3914 = LINE ( 'NONE', #3835, #2020 ) ;
#3915 = DIRECTION ( 'NONE',  ( 0.000000000000000000, 0.000000000000000000, -1.000000000000000000 ) ) ;
#3916 = ADVANCED_FACE ( 'NONE', ( #2257 ), #3567, .F. ) ;
#3917 = VERTEX_POINT ( 'NONE', #1316 ) ;
#3918 = CARTESIAN_POINT ( 'NONE',  ( -7.162345244612028594, 10.69499999999999673, 0.000000000000000000 ) ) ;
#3919 = EDGE_LOOP ( 'NONE', ( #3575, #1049, #725, #3850 ) ) ;
#3920 = PRODUCT ( 'elevated-cell-top_62', 'elevated-cell-top_62', '', ( #3909 ) ) ;
#3921 = FACE_OUTER_BOUND ( 'NONE', #798, .T. ) ;
#3922 = EDGE_CURVE ( 'NONE', #807, #2937, #964, .T. ) ;
#3923 = VERTEX_POINT ( 'NONE', #2936 ) ;
#3924 = DIRECTION ( 'NONE',  ( 0.000000000000000000, 1.000000000000000000, 0.000000000000000000 ) ) ;
#3925 = ORIENTED_EDGE ( 'NONE', *, *, #711, .T. ) ;
#3926 = ORIENTED_EDGE ( 'NONE', *, *, #3678, .F. ) ;
#3927 = CARTESIAN_POINT ( 'NONE',  ( -10.99999999999999645, -7.500000000000000000, 0.6350000000000000089 ) ) ;
#3928 = ORIENTED_EDGE ( 'NONE', *, *, #1559, .F. ) ;
#3929 = CIRCLE ( 'NONE', #699, 2.500000000000000888 ) ;
#3930 = CARTESIAN_POINT ( 'NONE',  ( 7.500000000000000000, -11.00000000000000000, 0.000000000000000000 ) ) ;
#3931 = ADVANCED_FACE ( 'NONE', ( #2272 ), #37, .F. ) ;
#3932 = LINE ( 'NONE', #3624, #2479 ) ;
#3933 = CARTESIAN_POINT ( 'NONE',  ( 10.99999999999999645, -10.49999999999999467, 0.3175000000000000044 ) ) ;
#3934 = AXIS2_PLACEMENT_3D ( 'NONE', #3152, #3845, #3784 ) ;
#3935 = CARTESIAN_POINT ( 'NONE',  ( 10.19999999999999574, 8.232042833102433121, 0.6350000000000000089 ) ) ;
#3936 = CARTESIAN_POINT ( 'NONE',  ( 8.589999999999999858, -10.99999999999999645, 0.1349999999999999534 ) ) ;
#3937 = VECTOR ( 'NONE', #1069, 100.0000000000000000 ) ;
#3938 = ADVANCED_FACE ( 'NONE', ( #2580 ), #98, .F. ) ;
#3939 = CARTESIAN_POINT ( 'NONE',  ( -8.029999999999997584, 8.030000000000004690, 0.4000000000000000222 ) ) ;
#3940 = PLANE ( 'NONE',  #1179 ) ;
#3941 = ORIENTED_EDGE ( 'NONE', *, *, #3136, .T. ) ;
#3942 = VECTOR ( 'NONE', #3825, 100.0000000000000000 ) ;
#3943 = ADVANCED_FACE ( 'NONE', ( #3222 ), #3853, .F. ) ;
#3944 = AXIS2_PLACEMENT_3D ( 'NONE', #1781, #1054, #2647 ) ;
#3945 = CARTESIAN_POINT ( 'NONE',  ( -25.63500000000000156, -10.36500000000000021, 0.3175000000000000044 ) ) ;
#3946 = DIRECTION ( 'NONE',  ( 0.000000000000000000, 1.000000000000000000, 0.000000000000000000 ) ) ;
#3947 = VECTOR ( 'NONE', #649, 100.0000000000000000 ) ;
#3948 = VECTOR ( 'NONE', #673, 100.0000000000000000 ) ;
#3949 = VERTEX_POINT ( 'NONE', #3245 ) ;
#3950 = CARTESIAN_POINT ( 'NONE',  ( 0.000000000000000000, -8.030000000000002913, 0.000000000000000000 ) ) ;
#3951 = VERTEX_POINT ( 'NONE', #417 ) ;
#3952 = CIRCLE ( 'NONE', #2633, 0.3100000000000005529 ) ;
#3953 = CARTESIAN_POINT ( 'NONE',  ( 7.470000000000000639, 7.370000000000000107, 0.000000000000000000 ) ) ;
#3954 = LINE ( 'NONE', #2326, #109 ) ;
#3955 = VECTOR ( 'NONE', #1776, 100.0000000000000000 ) ;
#3956 = CARTESIAN_POINT ( 'NONE',  ( -7.634999999999996234, -10.36499999999999844, 0.3175000000000000044 ) ) ;
#3957 = CARTESIAN_POINT ( 'NONE',  ( -10.69500000000000384, -9.894862706971711216E-16, 16.01329964592964572 ) ) ;
#3958 = ADVANCED_FACE ( 'NONE', ( #160 ), #3940, .F. ) ;
#3959 = AXIS2_PLACEMENT_3D ( 'NONE', #4084, #3484, #1227 ) ;
#3960 = CARTESIAN_POINT ( 'NONE',  ( 10.20000000000000107, -9.767957166897559773, 0.1349999999999999534 ) ) ;
#3961 = EDGE_LOOP ( 'NONE', ( #324, #1257, #22, #1965 ) ) ;
#3962 = LINE ( 'NONE', #2662, #1717 ) ;
#3963 = VERTEX_POINT ( 'NONE', #2996 ) ;
#3964 = EDGE_CURVE ( 'NONE', #1489, #1423, #781, .T. ) ;
#3965 = DIRECTION ( 'NONE',  ( 0.000000000000000000, 0.000000000000000000, -1.000000000000000000 ) ) ;
#3966 = CARTESIAN_POINT ( 'NONE',  ( 10.81999999999999851, -9.409999999999994813, 0.6350000000000000089 ) ) ;
#3967 = ADVANCED_FACE ( 'NONE', ( #3630 ), #2042, .F. ) ;
#3968 = ORIENTED_EDGE ( 'NONE', *, *, #1513, .T. ) ;
#3969 = LINE ( 'NONE', #2084, #510 ) ;
#3970 = EDGE_CURVE ( 'NONE', #1047, #1593, #2439, .T. ) ;
#3971 = ORIENTED_EDGE ( 'NONE', *, *, #3663, .F. ) ;
#3972 = FACE_OUTER_BOUND ( 'NONE', #1263, .T. ) ;
#3973 = LINE ( 'NONE', #153, #1695 ) ;
#3974 = DIRECTION ( 'NONE',  ( 0.000000000000000000, 0.000000000000000000, 1.000000000000000000 ) ) ;
#3975 = CARTESIAN_POINT ( 'NONE',  ( -10.81999999999999140, -9.410000000000000142, 0.1349999999999999534 ) ) ;
#3976 = DIRECTION ( 'NONE',  ( 0.000000000000000000, 0.000000000000000000, 1.000000000000000000 ) ) ;
#3977 = PLANE ( 'NONE',  #3610 ) ;
#3978 = ORIENTED_EDGE ( 'NONE', *, *, #414, .F. ) ;
#3979 = CARTESIAN_POINT ( 'NONE',  ( -10.36500000000000199, 25.63499999999999801, 0.3175000000000000044 ) ) ;
#3980 = ORIENTED_EDGE ( 'NONE', *, *, #3983, .F. ) ;
#3981 = LINE ( 'NONE', #1152, #2775 ) ;
#3982 = DIRECTION ( 'NONE',  ( -0.8660254037844398178, 0.4999999999999979461, 0.000000000000000000 ) ) ;
#3983 = EDGE_CURVE ( 'NONE', #2251, #2776, #799, .T. ) ;
#3984 = LINE ( 'NONE', #3386, #1704 ) ;
#3985 = ORIENTED_EDGE ( 'NONE', *, *, #1720, .F. ) ;
#3986 = EDGE_CURVE ( 'NONE', #1681, #3547, #1134, .T. ) ;
#3987 = ORIENTED_EDGE ( 'NONE', *, *, #1779, .F. ) ;
#3988 = LINE ( 'NONE', #1784, #3018 ) ;
#3989 = VERTEX_POINT ( 'NONE', #1737 ) ;
#3990 = EDGE_CURVE ( 'NONE', #792, #1986, #2352, .T. ) ;
#3991 = LINE ( 'NONE', #1160, #1625 ) ;
#3992 = LINE ( 'NONE', #888, #2082 ) ;
#3993 = PLANE ( 'NONE',  #1972 ) ;
#3994 = LINE ( 'NONE', #3975, #3224 ) ;
#3995 = VECTOR ( 'NONE', #2975, 100.0000000000000000 ) ;
#3996 = LINE ( 'NONE', #2430, #3807 ) ;
#3997 = ORIENTED_EDGE ( 'NONE', *, *, #1445, .T. ) ;
#3998 = DIRECTION ( 'NONE',  ( 0.000000000000000000, 1.000000000000000000, -0.000000000000000000 ) ) ;
#3999 = ORIENTED_EDGE ( 'NONE', *, *, #2401, .T. ) ;
#4000 = AXIS2_PLACEMENT_3D ( 'NONE', #2344, #506, #195 ) ;
#4001 = PLANE ( 'NONE',  #1525 ) ;
#4002 = VECTOR ( 'NONE', #159, 100.0000000000000000 ) ;
#4003 = CARTESIAN_POINT ( 'NONE',  ( -10.36499999999999666, 7.634999999999997122, 0.3175000000000000044 ) ) ;
#4004 = EDGE_LOOP ( 'NONE', ( #3968, #1462, #2098, #2753 ) ) ;
#4005 = EDGE_CURVE ( 'NONE', #3594, #2478, #514, .T. ) ;
#4006 = VECTOR ( 'NONE', #2924, 100.0000000000000000 ) ;
#4007 = ORIENTED_EDGE ( 'NONE', *, *, #3130, .F. ) ;
#4008 = DIRECTION ( 'NONE',  ( 0.000000000000000000, 1.000000000000000000, -0.000000000000000000 ) ) ;
#4009 = CARTESIAN_POINT ( 'NONE',  ( 10.36499999999999844, -10.99999999999999645, 0.6350000000000000089 ) ) ;
#4010 = VECTOR ( 'NONE', #2328, 100.0000000000000000 ) ;
#4011 = VERTEX_POINT ( 'NONE', #817 ) ;
#4012 = EDGE_CURVE ( 'NONE', #228, #39, #2684, .T. ) ;
#4013 = AXIS2_PLACEMENT_3D ( 'NONE', #4023, #2786, #3072 ) ;
#4014 = LINE ( 'NONE', #1879, #891 ) ;
#4015 = DIRECTION ( 'NONE',  ( 1.000000000000000000, 0.000000000000000000, 0.000000000000000000 ) ) ;
#4016 = DIRECTION ( 'NONE',  ( 0.000000000000000000, -1.000000000000000000, 0.000000000000000000 ) ) ;
#4017 = DIRECTION ( 'NONE',  ( 1.000000000000000000, 0.000000000000000000, 0.000000000000000000 ) ) ;
#4018 = VECTOR ( 'NONE', #2554, 100.0000000000000000 ) ;
#4019 = VERTEX_POINT ( 'NONE', #3325 ) ;
#4020 = AXIS2_PLACEMENT_3D ( 'NONE', #3558, #3236, #409 ) ;
#4021 = CARTESIAN_POINT ( 'NONE',  ( 0.000000000000000000, 0.000000000000000000, 0.1349999999999999534 ) ) ;
#4022 = ORIENTED_EDGE ( 'NONE', *, *, #350, .F. ) ;
#4023 = CARTESIAN_POINT ( 'NONE',  ( 9.000000000000000000, 9.000000000000001776, 0.000000000000000000 ) ) ;
#4024 = VERTEX_POINT ( 'NONE', #477 ) ;
#4025 = FACE_OUTER_BOUND ( 'NONE', #1359, .T. ) ;
#4026 = DIRECTION ( 'NONE',  ( -0.000000000000000000, 0.000000000000000000, 1.000000000000000000 ) ) ;
#4027 = EDGE_LOOP ( 'NONE', ( #541, #2044, #370, #496, #1390, #2897, #1957, #2336, #106, #1841, #3431, #1660 ) ) ;
#4028 = ORIENTED_EDGE ( 'NONE', *, *, #3922, .F. ) ;
#4029 = ORIENTED_EDGE ( 'NONE', *, *, #3352, .T. ) ;
#4030 = CARTESIAN_POINT ( 'NONE',  ( -10.19999999999999396, -8.232042833102434898, 0.1349999999999999534 ) ) ;
#4031 = DIRECTION ( 'NONE',  ( 0.000000000000000000, -1.000000000000000000, 0.000000000000000000 ) ) ;
#4032 = LINE ( 'NONE', #3414, #304 ) ;
#4033 = EDGE_CURVE ( 'NONE', #397, #600, #495, .T. ) ;
#4034 = DIRECTION ( 'NONE',  ( -1.000000000000000000, 0.000000000000000000, 0.000000000000000000 ) ) ;
#4035 = CARTESIAN_POINT ( 'NONE',  ( -10.19999999999999396, -9.767957166897565102, 0.1349999999999999534 ) ) ;
#4036 = DIRECTION ( 'NONE',  ( 0.000000000000000000, 0.000000000000000000, -1.000000000000000000 ) ) ;
#4037 = EDGE_CURVE ( 'NONE', #3776, #2384, #3013, .T. ) ;
#4038 = CARTESIAN_POINT ( 'NONE',  ( -9.409999999999998366, 10.99999999999999112, 0.1349999999999999534 ) ) ;
#4039 = ORIENTED_EDGE ( 'NONE', *, *, #81, .F. ) ;
#4040 = DIRECTION ( 'NONE',  ( -0.000000000000000000, 0.000000000000000000, 1.000000000000000000 ) ) ;
#4041 = ORIENTED_EDGE ( 'NONE', *, *, #2760, .F. ) ;
#4042 = ORIENTED_EDGE ( 'NONE', *, *, #896, .T. ) ;
#4043 = EDGE_CURVE ( 'NONE', #2732, #2165, #3587, .T. ) ;
#4044 = ORIENTED_EDGE ( 'NONE', *, *, #3116, .F. ) ;
#4045 = DIRECTION ( 'NONE',  ( 0.000000000000000000, 0.000000000000000000, 1.000000000000000000 ) ) ;
#4046 = VERTEX_POINT ( 'NONE', #1443 ) ;
#4047 = ORIENTED_EDGE ( 'NONE', *, *, #1974, .F. ) ;
#4048 = CARTESIAN_POINT ( 'NONE',  ( 8.589999999999999858, -10.81999999999999140, 0.6350000000000000089 ) ) ;
#4049 = DIRECTION ( 'NONE',  ( 2.726480905268065897E-16, -1.000000000000000000, 0.000000000000000000 ) ) ;
#4050 = DIRECTION ( 'NONE',  ( -1.000000000000000000, 0.000000000000000000, 0.000000000000000000 ) ) ;
#4051 = DIRECTION ( 'NONE',  ( -9.251858538542974046E-17, -1.000000000000000000, 0.000000000000000000 ) ) ;
#4052 = EDGE_CURVE ( 'NONE', #2919, #3073, #3962, .T. ) ;
#4053 = FACE_OUTER_BOUND ( 'NONE', #2260, .T. ) ;
#4054 = CYLINDRICAL_SURFACE ( 'NONE', #4013, 0.3100000000000005529 ) ;
#4055 = EDGE_CURVE ( 'NONE', #99, #4019, #2017, .T. ) ;
#4056 = AXIS2_PLACEMENT_3D ( 'NONE', #2176, #3450, #6 ) ;
#4057 = CARTESIAN_POINT ( 'NONE',  ( -8.999999999999994671, 8.999999999999998224, 0.6350000000000000089 ) ) ;
#4058 = ORIENTED_EDGE ( 'NONE', *, *, #3234, .T. ) ;
#4059 = CARTESIAN_POINT ( 'NONE',  ( 7.470000000000000639, -7.370000000000000107, 0.4000000000000000222 ) ) ;
#4060 = VERTEX_POINT ( 'NONE', #3918 ) ;
#4061 = AXIS2_PLACEMENT_3D ( 'NONE', #851, #3129, #3434 ) ;
#4062 = ADVANCED_FACE ( 'NONE', ( #1463 ), #1149, .T. ) ;
#4063 = EDGE_LOOP ( 'NONE', ( #2925, #380, #4065, #1464 ) ) ;
#4064 = VECTOR ( 'NONE', #2362, 100.0000000000000000 ) ;
#4065 = ORIENTED_EDGE ( 'NONE', *, *, #3141, .F. ) ;
#4066 = DIRECTION ( 'NONE',  ( 1.000000000000000000, 0.000000000000000000, 0.000000000000000000 ) ) ;
#4067 = ORIENTED_EDGE ( 'NONE', *, *, #4037, .T. ) ;
#4068 = VECTOR ( 'NONE', #4040, 100.0000000000000000 ) ;
#4069 = ORIENTED_EDGE ( 'NONE', *, *, #2962, .F. ) ;
#4070 = VERTEX_POINT ( 'NONE', #3283 ) ;
#4071 = LINE ( 'NONE', #3433, #1626 ) ;
#4072 = CIRCLE ( 'NONE', #1231, 2.500000000000003553 ) ;
#4073 = FACE_OUTER_BOUND ( 'NONE', #336, .T. ) ;
#4074 = CARTESIAN_POINT ( 'NONE',  ( -9.409999999999994813, -10.81999999999999851, 0.6350000000000000089 ) ) ;
#4075 = LINE ( 'NONE', #1244, #1045 ) ;
#4076 = ORIENTED_EDGE ( 'NONE', *, *, #123, .T. ) ;
#4077 = AXIS2_PLACEMENT_3D ( 'NONE', #286, #3759, #4066 ) ;
#4078 = LINE ( 'NONE', #1246, #1782 ) ;
#4079 = DIRECTION ( 'NONE',  ( 1.000000000000000000, 0.000000000000000000, 0.000000000000000000 ) ) ;
#4080 = AXIS2_PLACEMENT_3D ( 'NONE', #913, #889, #2131 ) ;
#4081 = DIRECTION ( 'NONE',  ( 1.000000000000000000, 0.000000000000000000, 0.000000000000000000 ) ) ;
#4082 = ADVANCED_FACE ( 'NONE', ( #118, #2332, #1379, #1714, #2978, #2365 ), #2009, .F. ) ;
#4083 = AXIS2_PLACEMENT_3D ( 'NONE', #3837, #1006, #697 ) ;
#4084 = CARTESIAN_POINT ( 'NONE',  ( 9.894862706971709244E-16, 10.69499999999999673, 16.01329964592964572 ) ) ;
#4085 = PLANE ( 'NONE',  #1522 ) ;
#4086 = LINE ( 'NONE', #1295, #780 ) ;
#4087 = AXIS2_PLACEMENT_3D ( 'NONE', #2509, #3178, #3134 ) ;
#4088 = ADVANCED_FACE ( 'NONE', ( #1393 ), #1017, .T. ) ;
#4089 = VECTOR ( 'NONE', #678, 100.0000000000000000 ) ;
#4090 = EDGE_CURVE ( 'NONE', #3782, #1403, #1061, .T. ) ;
#4091 = ORIENTED_EDGE ( 'NONE', *, *, #2460, .T. ) ;
ENDSEC;
END-ISO-10303-21;
