ISO-10303-21;
HEADER;
FILE_DESCRIPTION (( 'STEP AP214' ),
    '1' );
FILE_NAME ('elevated-cell-top_60.STEP',
    '2026-06-17T01:45:12',
    ( '' ),
    ( '' ),
    'SwSTEP 2.0',
    'SolidWorks 2023',
    '' );
FILE_SCHEMA (( 'AUTOMOTIVE_DESIGN' ));
ENDSEC;

DATA;
#1 = APPLICATION_PROTOCOL_DEFINITION ( 'draft international standard', 'automotive_design', 1998, #2149 ) ;
#2 = PLANE ( 'NONE',  #2362 ) ;
#3 = EDGE_CURVE ( 'NONE', #898, #181, #1657, .T. ) ;
#4 = CARTESIAN_POINT ( 'NONE',  ( 8.589999999999994529, 10.99999999999999645, 0.1349999999999999534 ) ) ;
#5 = ORIENTED_EDGE ( 'NONE', *, *, #611, .F. ) ;
#6 = CARTESIAN_POINT ( 'NONE',  ( -7.470000000000000639, 7.370000000000000107, -0.000000000000000000 ) ) ;
#7 = DIRECTION ( 'NONE',  ( 0.000000000000000000, -1.000000000000000000, 0.000000000000000000 ) ) ;
#8 = ORIENTED_EDGE ( 'NONE', *, *, #958, .F. ) ;
#9 = ORIENTED_EDGE ( 'NONE', *, *, #116, .T. ) ;
#10 = CARTESIAN_POINT ( 'NONE',  ( -10.19999999999999751, 8.232042833102431345, 0.6350000000000000089 ) ) ;
#11 = PLANE ( 'NONE',  #2654 ) ;
#12 = VECTOR ( 'NONE', #260, 100.0000000000000000 ) ;
#13 = DIRECTION ( 'NONE',  ( 0.000000000000000000, 0.000000000000000000, -1.000000000000000000 ) ) ;
#14 = VERTEX_POINT ( 'NONE', #460 ) ;
#15 = VECTOR ( 'NONE', #993, 100.0000000000000000 ) ;
#16 = DIRECTION ( 'NONE',  ( -1.000000000000000000, 0.000000000000000000, 0.000000000000000000 ) ) ;
#17 = ORIENTED_EDGE ( 'NONE', *, *, #1262, .F. ) ;
#18 = LINE ( 'NONE', #3803, #2495 ) ;
#19 = ORIENTED_EDGE ( 'NONE', *, *, #169, .F. ) ;
#20 = DIRECTION ( 'NONE',  ( 2.726480905268065897E-16, -1.000000000000000000, 0.000000000000000000 ) ) ;
#21 = DIRECTION ( 'NONE',  ( -1.817653936845377429E-16, 1.000000000000000000, 0.000000000000000000 ) ) ;
#22 = EDGE_LOOP ( 'NONE', ( #2144, #3766, #69, #3328 ) ) ;
#23 = LINE ( 'NONE', #606, #3693 ) ;
#24 = CARTESIAN_POINT ( 'NONE',  ( 0.000000000000000000, -8.030000000000002913, 0.000000000000000000 ) ) ;
#25 = VERTEX_POINT ( 'NONE', #1719 ) ;
#26 = ORIENTED_EDGE ( 'NONE', *, *, #1576, .T. ) ;
#27 = EDGE_CURVE ( 'NONE', #880, #1675, #747, .T. ) ;
#28 = DIRECTION ( 'NONE',  ( 0.000000000000000000, 1.000000000000000000, 0.000000000000000000 ) ) ;
#29 = DIRECTION ( 'NONE',  ( -1.817653936845377429E-16, 1.000000000000000000, 0.000000000000000000 ) ) ;
#30 = CARTESIAN_POINT ( 'NONE',  ( -10.99999999999999645, -7.500000000000000000, 0.6350000000000000089 ) ) ;
#31 = VERTEX_POINT ( 'NONE', #84 ) ;
#32 = DIRECTION ( 'NONE',  ( 1.000000000000000000, 0.000000000000000000, 0.000000000000000000 ) ) ;
#33 = DIRECTION ( 'NONE',  ( 0.000000000000000000, 1.000000000000000000, -0.000000000000000000 ) ) ;
#34 = ORIENTED_EDGE ( 'NONE', *, *, #3836, .F. ) ;
#35 = CARTESIAN_POINT ( 'NONE',  ( -9.409999999999994813, -10.81999999999999851, 0.6350000000000000089 ) ) ;
#36 = DIRECTION ( 'NONE',  ( -1.817653936845377429E-16, -1.000000000000000000, 0.000000000000000000 ) ) ;
#37 = CARTESIAN_POINT ( 'NONE',  ( 10.36499999999999844, -10.36499999999999488, 0.6350000000000000089 ) ) ;
#38 = CARTESIAN_POINT ( 'NONE',  ( 10.81999999999999851, -9.409999999999994813, 0.1349999999999999534 ) ) ;
#39 = CARTESIAN_POINT ( 'NONE',  ( 9.000000000000001776, -8.699999999999995737, 0.000000000000000000 ) ) ;
#40 = ORIENTED_EDGE ( 'NONE', *, *, #356, .T. ) ;
#41 = EDGE_CURVE ( 'NONE', #2413, #2188, #1054, .T. ) ;
#42 = ORIENTED_EDGE ( 'NONE', *, *, #827, .T. ) ;
#43 = CARTESIAN_POINT ( 'NONE',  ( -8.999999999999994671, 8.999999999999998224, 0.6350000000000000089 ) ) ;
#44 = CARTESIAN_POINT ( 'NONE',  ( 7.634999999999997122, 10.99999999999999467, 0.6350000000000000089 ) ) ;
#45 = EDGE_CURVE ( 'NONE', #3010, #2390, #2317, .T. ) ;
#46 = CARTESIAN_POINT ( 'NONE',  ( 8.999999999999998224, 9.000000000000000000, 0.6350000000000000089 ) ) ;
#47 = VERTEX_POINT ( 'NONE', #1678 ) ;
#48 = VECTOR ( 'NONE', #3330, 100.0000000000000000 ) ;
#49 = DIRECTION ( 'NONE',  ( 0.000000000000000000, 1.000000000000000000, 0.000000000000000000 ) ) ;
#50 = VECTOR ( 'NONE', #1357, 100.0000000000000000 ) ;
#51 = AXIS2_PLACEMENT_3D ( 'NONE', #2747, #1444, #2710 ) ;
#52 = VECTOR ( 'NONE', #4029, 100.0000000000000000 ) ;
#53 = CARTESIAN_POINT ( 'NONE',  ( -10.36499999999999666, -7.635000000000001563, 0.3175000000000000044 ) ) ;
#54 = EDGE_LOOP ( 'NONE', ( #3985, #595, #3367, #2463 ) ) ;
#55 = AXIS2_PLACEMENT_3D ( 'NONE', #698, #3218, #390 ) ;
#56 = DIRECTION ( 'NONE',  ( 0.000000000000000000, 1.000000000000000000, -0.000000000000000000 ) ) ;
#57 = LINE ( 'NONE', #3825, #3177 ) ;
#58 = CARTESIAN_POINT ( 'NONE',  ( 10.36499999999999488, 7.635000000000004228, 0.3175000000000000044 ) ) ;
#59 = VECTOR ( 'NONE', #2988, 100.0000000000000000 ) ;
#60 = VERTEX_POINT ( 'NONE', #3226 ) ;
#61 = DIRECTION ( 'NONE',  ( 0.000000000000000000, -1.000000000000000000, 0.000000000000000000 ) ) ;
#62 = CARTESIAN_POINT ( 'NONE',  ( 7.162345244612031259, 10.69499999999999673, 0.000000000000000000 ) ) ;
#63 = CARTESIAN_POINT ( 'NONE',  ( 10.81999999999999851, -9.409999999999994813, 0.1349999999999999534 ) ) ;
#64 = ORIENTED_EDGE ( 'NONE', *, *, #3098, .T. ) ;
#65 = ORIENTED_EDGE ( 'NONE', *, *, #1017, .F. ) ;
#66 = DIRECTION ( 'NONE',  ( 0.000000000000000000, -1.000000000000000000, 0.000000000000000000 ) ) ;
#67 = CARTESIAN_POINT ( 'NONE',  ( 10.99999999999999645, -8.589999999999992752, 0.1349999999999999534 ) ) ;
#68 = LINE ( 'NONE', #2962, #2432 ) ;
#69 = ORIENTED_EDGE ( 'NONE', *, *, #1003, .T. ) ;
#70 = AXIS2_PLACEMENT_3D ( 'NONE', #2102, #160, #3366 ) ;
#71 = CARTESIAN_POINT ( 'NONE',  ( 8.589999999999999858, -10.99999999999999112, 0.6350000000000000089 ) ) ;
#72 = PLANE ( 'NONE',  #253 ) ;
#73 = ORIENTED_EDGE ( 'NONE', *, *, #3892, .T. ) ;
#74 = CIRCLE ( 'NONE', #2451, 2.500000000000003553 ) ;
#75 = EDGE_CURVE ( 'NONE', #659, #1741, #3618, .T. ) ;
#76 = CARTESIAN_POINT ( 'NONE',  ( 10.36499999999999844, -10.36499999999999488, 0.3175000000000000044 ) ) ;
#77 = CARTESIAN_POINT ( 'NONE',  ( -10.69500000000000206, -7.162345244612039252, 0.6350000000000000089 ) ) ;
#78 = LINE ( 'NONE', #413, #3088 ) ;
#79 = ORIENTED_EDGE ( 'NONE', *, *, #848, .T. ) ;
#80 = EDGE_CURVE ( 'NONE', #1777, #1405, #787, .T. ) ;
#81 = VECTOR ( 'NONE', #2275, 100.0000000000000000 ) ;
#82 = DIRECTION ( 'NONE',  ( 0.000000000000000000, 1.000000000000000000, -0.000000000000000000 ) ) ;
#83 = CARTESIAN_POINT ( 'NONE',  ( -7.162345244612033923, -10.69500000000000384, 0.3175000000000000044 ) ) ;
#84 = CARTESIAN_POINT ( 'NONE',  ( -8.232042833102429569, -10.20000000000000107, 0.6350000000000000089 ) ) ;
#85 = VERTEX_POINT ( 'NONE', #395 ) ;
#86 = LINE ( 'NONE', #3268, #2033 ) ;
#87 = CARTESIAN_POINT ( 'NONE',  ( -9.409999999999994813, -10.99999999999999645, 0.1349999999999999534 ) ) ;
#88 = EDGE_LOOP ( 'NONE', ( #114, #3931, #2778, #1693, #1310, #1788 ) ) ;
#89 = CARTESIAN_POINT ( 'NONE',  ( -9.000000000000000000, 9.300000000000000711, 0.000000000000000000 ) ) ;
#90 = ORIENTED_EDGE ( 'NONE', *, *, #124, .F. ) ;
#91 = CARTESIAN_POINT ( 'NONE',  ( -9.000000000000000000, 9.300000000000000711, 0.000000000000000000 ) ) ;
#92 = LINE ( 'NONE', #1001, #1443 ) ;
#93 = ADVANCED_FACE ( 'NONE', ( #104 ), #1344, .F. ) ;
#94 = ORIENTED_EDGE ( 'NONE', *, *, #1543, .T. ) ;
#95 = DIRECTION ( 'NONE',  ( -0.000000000000000000, 0.000000000000000000, 1.000000000000000000 ) ) ;
#96 = DIRECTION ( 'NONE',  ( 0.000000000000000000, 0.000000000000000000, 1.000000000000000000 ) ) ;
#97 = LINE ( 'NONE', #1006, #388 ) ;
#98 = EDGE_CURVE ( 'NONE', #3399, #1935, #478, .T. ) ;
#99 = EDGE_CURVE ( 'NONE', #2227, #779, #2997, .T. ) ;
#100 = ORIENTED_EDGE ( 'NONE', *, *, #2225, .T. ) ;
#101 = ADVANCED_FACE ( 'NONE', ( #1417 ), #2293, .F. ) ;
#102 = FACE_OUTER_BOUND ( 'NONE', #2494, .T. ) ;
#103 = LINE ( 'NONE', #2975, #510 ) ;
#104 = FACE_OUTER_BOUND ( 'NONE', #3306, .T. ) ;
#105 = ORIENTED_EDGE ( 'NONE', *, *, #3711, .F. ) ;
#106 = CARTESIAN_POINT ( 'NONE',  ( 9.000000000000000000, 9.300000000000000711, 0.000000000000000000 ) ) ;
#107 = LINE ( 'NONE', #1640, #2983 ) ;
#108 = ORIENTED_EDGE ( 'NONE', *, *, #288, .T. ) ;
#109 = CARTESIAN_POINT ( 'NONE',  ( 10.20000000000000107, -8.232042833102429569, 0.1349999999999999534 ) ) ;
#110 = ORIENTED_EDGE ( 'NONE', *, *, #296, .T. ) ;
#111 = CARTESIAN_POINT ( 'NONE',  ( -7.470000000000000639, 0.000000000000000000, 0.4000000000000000222 ) ) ;
#112 = CARTESIAN_POINT ( 'NONE',  ( 10.20000000000000107, -9.767957166897559773, 0.1349999999999999534 ) ) ;
#113 = AXIS2_PLACEMENT_3D ( 'NONE', #2153, #3164, #357 ) ;
#114 = ORIENTED_EDGE ( 'NONE', *, *, #2052, .T. ) ;
#115 = PLANE ( 'NONE',  #2958 ) ;
#116 = EDGE_CURVE ( 'NONE', #220, #3133, #2955, .T. ) ;
#117 = VECTOR ( 'NONE', #2521, 100.0000000000000000 ) ;
#118 = VECTOR ( 'NONE', #2051, 100.0000000000000000 ) ;
#119 = DIRECTION ( 'NONE',  ( -0.7071067811865475727, -0.7071067811865475727, 0.000000000000000000 ) ) ;
#120 = CARTESIAN_POINT ( 'NONE',  ( 7.634999999999997122, 10.36499999999999666, 0.6350000000000000089 ) ) ;
#121 = VERTEX_POINT ( 'NONE', #2647 ) ;
#122 = VECTOR ( 'NONE', #304, 100.0000000000000000 ) ;
#123 = VECTOR ( 'NONE', #331, 100.0000000000000000 ) ;
#124 = EDGE_CURVE ( 'NONE', #1405, #3544, #3908, .T. ) ;
#125 = DIRECTION ( 'NONE',  ( -0.000000000000000000, 0.000000000000000000, 1.000000000000000000 ) ) ;
#126 = FACE_OUTER_BOUND ( 'NONE', #2807, .T. ) ;
#127 = AXIS2_PLACEMENT_3D ( 'NONE', #1914, #2881, #3168 ) ;
#128 = CARTESIAN_POINT ( 'NONE',  ( 8.030000000000004690, 0.000000000000000000, 0.000000000000000000 ) ) ;
#129 = ORIENTED_EDGE ( 'NONE', *, *, #1995, .T. ) ;
#130 = VECTOR ( 'NONE', #1200, 100.0000000000000000 ) ;
#131 = DIRECTION ( 'NONE',  ( 0.000000000000000000, 1.000000000000000000, 0.000000000000000000 ) ) ;
#132 = FILL_AREA_STYLE_COLOUR ( '', #3522 ) ;
#133 = ORIENTED_EDGE ( 'NONE', *, *, #1003, .F. ) ;
#134 = ORIENTED_EDGE ( 'NONE', *, *, #956, .F. ) ;
#135 = FACE_OUTER_BOUND ( 'NONE', #3789, .T. ) ;
#136 = CARTESIAN_POINT ( 'NONE',  ( -7.162345244612028594, 10.69499999999999673, 0.000000000000000000 ) ) ;
#137 = ORIENTED_EDGE ( 'NONE', *, *, #1893, .T. ) ;
#138 = FACE_OUTER_BOUND ( 'NONE', #1961, .T. ) ;
#139 = DIRECTION ( 'NONE',  ( -1.000000000000000000, 0.000000000000000000, 0.000000000000000000 ) ) ;
#140 = AXIS2_PLACEMENT_3D ( 'NONE', #3818, #2927, #2639 ) ;
#141 = DIRECTION ( 'NONE',  ( 0.000000000000000000, 1.000000000000000000, -0.000000000000000000 ) ) ;
#142 = EDGE_CURVE ( 'NONE', #2413, #1066, #885, .T. ) ;
#143 = ORIENTED_EDGE ( 'NONE', *, *, #3412, .F. ) ;
#144 = VECTOR ( 'NONE', #525, 100.0000000000000000 ) ;
#145 = LINE ( 'NONE', #2353, #3221 ) ;
#146 = CIRCLE ( 'NONE', #2659, 2.499999999999999556 ) ;
#147 = VERTEX_POINT ( 'NONE', #842 ) ;
#148 = ADVANCED_FACE ( 'NONE', ( #207 ), #3394, .T. ) ;
#149 = DIRECTION ( 'NONE',  ( 1.000000000000000000, 0.000000000000000000, 0.000000000000000000 ) ) ;
#150 = DIRECTION ( 'NONE',  ( -1.000000000000000000, 0.000000000000000000, 0.000000000000000000 ) ) ;
#151 = DIRECTION ( 'NONE',  ( 0.4999999999999979461, 0.8660254037844398178, 0.000000000000000000 ) ) ;
#152 = ORIENTED_EDGE ( 'NONE', *, *, #2930, .F. ) ;
#153 = EDGE_CURVE ( 'NONE', #1623, #252, #3970, .T. ) ;
#154 = EDGE_CURVE ( 'NONE', #1027, #1277, #1175, .T. ) ;
#155 = ORIENTED_EDGE ( 'NONE', *, *, #531, .F. ) ;
#156 = CARTESIAN_POINT ( 'NONE',  ( -10.99999999999999645, -7.635000000000001563, 0.6350000000000000089 ) ) ;
#157 = LINE ( 'NONE', #855, #1507 ) ;
#158 = ORIENTED_EDGE ( 'NONE', *, *, #1384, .T. ) ;
#159 = DIRECTION ( 'NONE',  ( 0.000000000000000000, 0.000000000000000000, -1.000000000000000000 ) ) ;
#160 = DIRECTION ( 'NONE',  ( 0.000000000000000000, -1.000000000000000000, 0.000000000000000000 ) ) ;
#161 = ORIENTED_EDGE ( 'NONE', *, *, #1762, .T. ) ;
#162 = CARTESIAN_POINT ( 'NONE',  ( 10.99999999999999645, -9.409999999999994813, 0.1349999999999999534 ) ) ;
#163 = EDGE_LOOP ( 'NONE', ( #3201, #2048 ) ) ;
#164 = DIRECTION ( 'NONE',  ( 0.000000000000000000, -1.000000000000000000, 0.000000000000000000 ) ) ;
#165 = VERTEX_POINT ( 'NONE', #1464 ) ;
#166 = VERTEX_POINT ( 'NONE', #3371 ) ;
#167 = DIRECTION ( 'NONE',  ( 1.000000000000000000, 0.000000000000000000, 0.000000000000000000 ) ) ;
#168 = CARTESIAN_POINT ( 'NONE',  ( 7.500000000000000000, -10.99999999999999645, 0.3175000000000000044 ) ) ;
#169 = EDGE_CURVE ( 'NONE', #1398, #192, #4030, .T. ) ;
#170 = DIRECTION ( 'NONE',  ( 0.000000000000000000, 0.000000000000000000, -1.000000000000000000 ) ) ;
#171 = ORIENTED_EDGE ( 'NONE', *, *, #1516, .F. ) ;
#172 = VERTEX_POINT ( 'NONE', #2088 ) ;
#173 = EDGE_CURVE ( 'NONE', #952, #765, #1527, .T. ) ;
#174 = ADVANCED_FACE ( 'NONE', ( #2436 ), #1821, .F. ) ;
#175 = CARTESIAN_POINT ( 'NONE',  ( -9.409999999999998366, 10.81999999999999140, 0.1349999999999999534 ) ) ;
#176 = DIRECTION ( 'NONE',  ( 0.000000000000000000, 1.000000000000000000, 0.000000000000000000 ) ) ;
#177 = ORIENTED_EDGE ( 'NONE', *, *, #2278, .F. ) ;
#178 = FACE_OUTER_BOUND ( 'NONE', #2305, .T. ) ;
#179 = ORIENTED_EDGE ( 'NONE', *, *, #1746, .F. ) ;
#180 = CARTESIAN_POINT ( 'NONE',  ( 7.370000000000000107, 7.470000000000000639, 0.000000000000000000 ) ) ;
#181 = VERTEX_POINT ( 'NONE', #2729 ) ;
#182 = CARTESIAN_POINT ( 'NONE',  ( 7.635000000000004228, -10.36499999999999488, 0.3175000000000000044 ) ) ;
#183 = LINE ( 'NONE', #2996, #3214 ) ;
#184 = CARTESIAN_POINT ( 'NONE',  ( 10.49999999999999467, 10.99999999999999467, 0.6350000000000000089 ) ) ;
#185 = AXIS2_PLACEMENT_3D ( 'NONE', #2471, #3452, #2535 ) ;
#186 = ORIENTED_EDGE ( 'NONE', *, *, #1185, .T. ) ;
#187 = DIRECTION ( 'NONE',  ( -1.000000000000000000, 9.251858538542975279E-17, 0.000000000000000000 ) ) ;
#188 = AXIS2_PLACEMENT_3D ( 'NONE', #3735, #1209, #616 ) ;
#189 = AXIS2_PLACEMENT_3D ( 'NONE', #3733, #3379, #2663 ) ;
#190 = PLANE ( 'NONE',  #3872 ) ;
#191 = FACE_OUTER_BOUND ( 'NONE', #1985, .T. ) ;
#192 = VERTEX_POINT ( 'NONE', #3014 ) ;
#193 = VECTOR ( 'NONE', #309, 100.0000000000000000 ) ;
#194 = ORIENTED_EDGE ( 'NONE', *, *, #404, .T. ) ;
#195 = LINE ( 'NONE', #2079, #3972 ) ;
#196 = DIRECTION ( 'NONE',  ( -0.000000000000000000, 0.000000000000000000, 1.000000000000000000 ) ) ;
#197 = ORIENTED_EDGE ( 'NONE', *, *, #4005, .F. ) ;
#198 = DIRECTION ( 'NONE',  ( -0.4999999999999980571, 0.8660254037844398178, 0.000000000000000000 ) ) ;
#199 = ORIENTED_EDGE ( 'NONE', *, *, #3412, .T. ) ;
#200 = DIRECTION ( 'NONE',  ( 0.000000000000000000, 0.000000000000000000, -1.000000000000000000 ) ) ;
#201 = ORIENTED_EDGE ( 'NONE', *, *, #1978, .F. ) ;
#202 = EDGE_CURVE ( 'NONE', #3634, #1214, #1198, .T. ) ;
#203 = EDGE_CURVE ( 'NONE', #339, #3555, #2794, .T. ) ;
#204 = CARTESIAN_POINT ( 'NONE',  ( -7.162345244612028594, 10.69499999999999673, 0.3175000000000011147 ) ) ;
#205 = AXIS2_PLACEMENT_3D ( 'NONE', #1315, #2283, #1351 ) ;
#206 = ADVANCED_FACE ( 'NONE', ( #3703 ), #864, .F. ) ;
#207 = FACE_OUTER_BOUND ( 'NONE', #2992, .T. ) ;
#208 = ORIENTED_EDGE ( 'NONE', *, *, #2468, .T. ) ;
#209 = AXIS2_PLACEMENT_3D ( 'NONE', #1768, #3023, #1163 ) ;
#210 = LINE ( 'NONE', #3648, #2164 ) ;
#211 = CARTESIAN_POINT ( 'NONE',  ( -10.99999999999999467, 9.409999999999996589, 0.1349999999999999534 ) ) ;
#212 = AXIS2_PLACEMENT_3D ( 'NONE', #2745, #4002, #3475 ) ;
#213 = ORIENTED_EDGE ( 'NONE', *, *, #3231, .T. ) ;
#214 = EDGE_LOOP ( 'NONE', ( #3099, #464, #761, #489 ) ) ;
#215 = DIRECTION ( 'NONE',  ( -0.4999999999999979461, 0.8660254037844398178, -0.000000000000000000 ) ) ;
#216 = CARTESIAN_POINT ( 'NONE',  ( -10.19999999999999751, 9.767957166897559773, 0.1349999999999999534 ) ) ;
#217 = ORIENTED_EDGE ( 'NONE', *, *, #2374, .T. ) ;
#218 = FACE_OUTER_BOUND ( 'NONE', #54, .T. ) ;
#219 = ADVANCED_FACE ( 'NONE', ( #4051 ), #2110, .F. ) ;
#220 = VERTEX_POINT ( 'NONE', #513 ) ;
#221 = DIRECTION ( 'NONE',  ( 0.000000000000000000, 0.000000000000000000, -1.000000000000000000 ) ) ;
#222 = ORIENTED_EDGE ( 'NONE', *, *, #80, .F. ) ;
#223 = LINE ( 'NONE', #3924, #1435 ) ;
#224 = DIRECTION ( 'NONE',  ( -1.000000000000000000, 0.000000000000000000, 0.000000000000000000 ) ) ;
#225 = EDGE_CURVE ( 'NONE', #3914, #3930, #3679, .T. ) ;
#226 = DIRECTION ( 'NONE',  ( 1.000000000000000000, -9.251858538542975279E-17, 0.000000000000000000 ) ) ;
#227 = ORIENTED_EDGE ( 'NONE', *, *, #641, .T. ) ;
#228 = DIRECTION ( 'NONE',  ( -0.000000000000000000, 0.000000000000000000, 1.000000000000000000 ) ) ;
#229 = CARTESIAN_POINT ( 'NONE',  ( 7.162345244612036588, -10.69500000000000206, 0.6350000000000000089 ) ) ;
#230 = CARTESIAN_POINT ( 'NONE',  ( 0.000000000000000000, -7.470000000000000639, 0.4000000000000000222 ) ) ;
#231 = ORIENTED_EDGE ( 'NONE', *, *, #2656, .F. ) ;
#232 = ORIENTED_EDGE ( 'NONE', *, *, #2875, .F. ) ;
#233 = LINE ( 'NONE', #1489, #254 ) ;
#234 = CARTESIAN_POINT ( 'NONE',  ( 0.000000000000000000, 0.000000000000000000, 0.1349999999999999534 ) ) ;
#235 = FACE_OUTER_BOUND ( 'NONE', #3251, .T. ) ;
#236 = VERTEX_POINT ( 'NONE', #2377 ) ;
#237 = CARTESIAN_POINT ( 'NONE',  ( 7.470000000000000639, 0.000000000000000000, 0.4000000000000000222 ) ) ;
#238 = ORIENTED_EDGE ( 'NONE', *, *, #3719, .T. ) ;
#239 = LINE ( 'NONE', #2391, #4016 ) ;
#240 = EDGE_LOOP ( 'NONE', ( #1035, #2289, #1251, #1523 ) ) ;
#241 = ADVANCED_FACE ( 'NONE', ( #3644 ), #2071, .F. ) ;
#242 = CARTESIAN_POINT ( 'NONE',  ( -7.470000000000000639, 7.370000000000000107, 0.4000000000000000222 ) ) ;
#243 = DIRECTION ( 'NONE',  ( 0.8660254037844398178, -0.4999999999999980571, 0.000000000000000000 ) ) ;
#244 = CARTESIAN_POINT ( 'NONE',  ( -8.999999999999994671, 8.999999999999998224, 0.000000000000000000 ) ) ;
#245 = CIRCLE ( 'NONE', #773, 2.500000000000000888 ) ;
#246 = EDGE_LOOP ( 'NONE', ( #1272, #2295, #1094, #705 ) ) ;
#247 = DIRECTION ( 'NONE',  ( 0.000000000000000000, -1.000000000000000000, 0.000000000000000000 ) ) ;
#248 = LINE ( 'NONE', #229, #3162 ) ;
#249 = CARTESIAN_POINT ( 'NONE',  ( -10.69500000000000384, -7.162345244612039252, 0.3175000000000011147 ) ) ;
#250 = EDGE_CURVE ( 'NONE', #1398, #1345, #1137, .T. ) ;
#251 = EDGE_LOOP ( 'NONE', ( #1882, #4077, #3897, #1058, #811, #816, #900, #1738 ) ) ;
#252 = VERTEX_POINT ( 'NONE', #4004 ) ;
#253 = AXIS2_PLACEMENT_3D ( 'NONE', #1065, #2967, #444 ) ;
#254 = VECTOR ( 'NONE', #2332, 100.0000000000000000 ) ;
#255 = LINE ( 'NONE', #3632, #3291 ) ;
#256 = DIRECTION ( 'NONE',  ( 0.000000000000000000, 1.000000000000000000, 0.000000000000000000 ) ) ;
#257 = AXIS2_PLACEMENT_3D ( 'NONE', #3834, #2018, #690 ) ;
#258 = FACE_OUTER_BOUND ( 'NONE', #3276, .T. ) ;
#259 = ORIENTED_EDGE ( 'NONE', *, *, #2278, .T. ) ;
#260 = DIRECTION ( 'NONE',  ( 0.000000000000000000, -1.000000000000000000, 0.000000000000000000 ) ) ;
#261 = ORIENTED_EDGE ( 'NONE', *, *, #1077, .T. ) ;
#262 = CARTESIAN_POINT ( 'NONE',  ( 7.162345244612036588, -10.69500000000000206, 0.000000000000000000 ) ) ;
#263 = ORIENTED_EDGE ( 'NONE', *, *, #3881, .T. ) ;
#264 = CARTESIAN_POINT ( 'NONE',  ( -7.635000000000003340, 10.36499999999999666, 0.3175000000000000044 ) ) ;
#265 = LINE ( 'NONE', #3741, #2365 ) ;
#266 = CARTESIAN_POINT ( 'NONE',  ( -10.99999999999999467, 10.36499999999999133, 0.6350000000000000089 ) ) ;
#267 = VERTEX_POINT ( 'NONE', #1155 ) ;
#268 = DIRECTION ( 'NONE',  ( -0.000000000000000000, 0.000000000000000000, 1.000000000000000000 ) ) ;
#269 = LINE ( 'NONE', #2235, #1905 ) ;
#270 = DIRECTION ( 'NONE',  ( 0.000000000000000000, -1.000000000000000000, 0.000000000000000000 ) ) ;
#271 = ORIENTED_EDGE ( 'NONE', *, *, #1135, .F. ) ;
#272 = VECTOR ( 'NONE', #3597, 100.0000000000000000 ) ;
#273 = ORIENTED_EDGE ( 'NONE', *, *, #142, .T. ) ;
#274 = EDGE_CURVE ( 'NONE', #2628, #922, #3037, .T. ) ;
#275 = LINE ( 'NONE', #2485, #784 ) ;
#276 = VECTOR ( 'NONE', #3065, 100.0000000000000000 ) ;
#277 = DIRECTION ( 'NONE',  ( -1.000000000000000000, 0.000000000000000000, 0.000000000000000000 ) ) ;
#278 = EDGE_CURVE ( 'NONE', #2968, #3270, #1610, .T. ) ;
#279 = EDGE_CURVE ( 'NONE', #553, #3886, #1887, .T. ) ;
#280 = DIRECTION ( 'NONE',  ( -0.000000000000000000, 0.000000000000000000, 1.000000000000000000 ) ) ;
#281 = ORIENTED_EDGE ( 'NONE', *, *, #301, .F. ) ;
#282 = FACE_OUTER_BOUND ( 'NONE', #694, .T. ) ;
#283 = ORIENTED_EDGE ( 'NONE', *, *, #3384, .F. ) ;
#284 = DIRECTION ( 'NONE',  ( 0.000000000000000000, -1.000000000000000000, 0.000000000000000000 ) ) ;
#285 = ORIENTED_EDGE ( 'NONE', *, *, #3335, .T. ) ;
#286 = DIRECTION ( 'NONE',  ( 0.000000000000000000, -1.000000000000000000, 0.000000000000000000 ) ) ;
#287 = LINE ( 'NONE', #3159, #123 ) ;
#288 = EDGE_CURVE ( 'NONE', #687, #2507, #2195, .T. ) ;
#289 = DIRECTION ( 'NONE',  ( 9.251858538542974046E-17, -1.000000000000000000, 0.000000000000000000 ) ) ;
#290 = ORIENTED_EDGE ( 'NONE', *, *, #2344, .F. ) ;
#291 = CARTESIAN_POINT ( 'NONE',  ( -8.589999999999998082, 10.99999999999999112, 0.1349999999999999534 ) ) ;
#292 = PLANE ( 'NONE',  #1170 ) ;
#293 = CARTESIAN_POINT ( 'NONE',  ( -10.99999999999999467, 7.499999999999995559, 0.6350000000000000089 ) ) ;
#294 = ORIENTED_EDGE ( 'NONE', *, *, #3384, .T. ) ;
#295 = VERTEX_POINT ( 'NONE', #1946 ) ;
#296 = EDGE_CURVE ( 'NONE', #3383, #2359, #3477, .T. ) ;
#297 = LINE ( 'NONE', #4058, #3561 ) ;
#298 = DIRECTION ( 'NONE',  ( 0.000000000000000000, 1.000000000000000000, 0.000000000000000000 ) ) ;
#299 = CARTESIAN_POINT ( 'NONE',  ( 7.634999999999997122, 10.36499999999999666, 0.3175000000000000044 ) ) ;
#300 = ORIENTED_EDGE ( 'NONE', *, *, #116, .F. ) ;
#301 = EDGE_CURVE ( 'NONE', #533, #165, #3197, .T. ) ;
#302 = DIRECTION ( 'NONE',  ( 0.000000000000000000, 0.000000000000000000, -1.000000000000000000 ) ) ;
#303 = ORIENTED_EDGE ( 'NONE', *, *, #1446, .T. ) ;
#304 = DIRECTION ( 'NONE',  ( 0.000000000000000000, 1.000000000000000000, -0.000000000000000000 ) ) ;
#305 = VERTEX_POINT ( 'NONE', #1926 ) ;
#306 = DIRECTION ( 'NONE',  ( -0.000000000000000000, 0.000000000000000000, 1.000000000000000000 ) ) ;
#307 = DIRECTION ( 'NONE',  ( 0.000000000000000000, -1.000000000000000000, 0.000000000000000000 ) ) ;
#308 = PLANE ( 'NONE',  #3149 ) ;
#309 = DIRECTION ( 'NONE',  ( 0.000000000000000000, 0.000000000000000000, -1.000000000000000000 ) ) ;
#310 = DIRECTION ( 'NONE',  ( 1.000000000000000000, 0.000000000000000000, 0.000000000000000000 ) ) ;
#311 = DIRECTION ( 'NONE',  ( -1.000000000000000000, 0.000000000000000000, 0.000000000000000000 ) ) ;
#312 = ORIENTED_EDGE ( 'NONE', *, *, #2657, .T. ) ;
#313 = VECTOR ( 'NONE', #1907, 100.0000000000000142 ) ;
#314 = ORIENTED_EDGE ( 'NONE', *, *, #4062, .F. ) ;
#315 = VECTOR ( 'NONE', #3136, 100.0000000000000000 ) ;
#316 = CIRCLE ( 'NONE', #1107, 2.500000000000003553 ) ;
#317 = CARTESIAN_POINT ( 'NONE',  ( 10.81999999999999851, -8.589999999999992752, 0.6350000000000000089 ) ) ;
#318 = LINE ( 'NONE', #1490, #2917 ) ;
#319 = DIRECTION ( 'NONE',  ( 0.000000000000000000, 1.000000000000000000, 0.000000000000000000 ) ) ;
#320 = VECTOR ( 'NONE', #1168, 100.0000000000000000 ) ;
#321 = AXIS2_PLACEMENT_3D ( 'NONE', #964, #3577, #3238 ) ;
#322 = ORIENTED_EDGE ( 'NONE', *, *, #2651, .F. ) ;
#323 = VECTOR ( 'NONE', #3170, 100.0000000000000000 ) ;
#324 = AXIS2_PLACEMENT_3D ( 'NONE', #3416, #3100, #1847 ) ;
#325 = DIRECTION ( 'NONE',  ( 0.000000000000000000, 1.000000000000000000, 0.000000000000000000 ) ) ;
#326 = ORIENTED_EDGE ( 'NONE', *, *, #609, .F. ) ;
#327 = FACE_OUTER_BOUND ( 'NONE', #471, .T. ) ;
#328 = ORIENTED_EDGE ( 'NONE', *, *, #3592, .F. ) ;
#329 = VECTOR ( 'NONE', #167, 100.0000000000000000 ) ;
#330 = DIRECTION ( 'NONE',  ( 0.000000000000000000, -1.000000000000000000, 0.000000000000000000 ) ) ;
#331 = DIRECTION ( 'NONE',  ( -0.000000000000000000, 0.000000000000000000, 1.000000000000000000 ) ) ;
#332 = LINE ( 'NONE', #1592, #589 ) ;
#333 = ADVANCED_FACE ( 'NONE', ( #1568 ), #3788, .F. ) ;
#334 = EDGE_CURVE ( 'NONE', #3699, #3914, #3434, .T. ) ;
#335 = VERTEX_POINT ( 'NONE', #354 ) ;
#336 = DIRECTION ( 'NONE',  ( 0.000000000000000000, 0.000000000000000000, -1.000000000000000000 ) ) ;
#337 = LINE ( 'NONE', #1889, #313 ) ;
#338 = DIRECTION ( 'NONE',  ( 0.4999999999999979461, 0.8660254037844398178, 0.000000000000000000 ) ) ;
#339 = VERTEX_POINT ( 'NONE', #3742 ) ;
#340 = EDGE_CURVE ( 'NONE', #2601, #890, #2170, .T. ) ;
#341 = ORIENTED_EDGE ( 'NONE', *, *, #2532, .F. ) ;
#342 = CARTESIAN_POINT ( 'NONE',  ( -7.635000000000003340, 10.36499999999999666, 0.6350000000000000089 ) ) ;
#343 = CARTESIAN_POINT ( 'NONE',  ( 9.000000000000001776, -8.999999999999998224, 0.000000000000000000 ) ) ;
#344 = AXIS2_PLACEMENT_3D ( 'NONE', #3998, #3982, #2703 ) ;
#345 = CARTESIAN_POINT ( 'NONE',  ( -9.767957166897563326, 10.19999999999999574, 0.1349999999999999534 ) ) ;
#346 = EDGE_LOOP ( 'NONE', ( #1598, #1231, #1912, #1075 ) ) ;
#347 = CARTESIAN_POINT ( 'NONE',  ( -7.635000000000003340, 10.36499999999999666, 0.3175000000000000044 ) ) ;
#348 = ORIENTED_EDGE ( 'NONE', *, *, #3441, .F. ) ;
#349 = VECTOR ( 'NONE', #945, 100.0000000000000000 ) ;
#350 = CARTESIAN_POINT ( 'NONE',  ( 9.000000000000000000, 9.000000000000001776, 0.6350000000000000089 ) ) ;
#351 = EDGE_LOOP ( 'NONE', ( #2285, #1098, #2976, #788 ) ) ;
#352 = CARTESIAN_POINT ( 'NONE',  ( 10.36499999999999844, -10.99999999999999645, 0.6350000000000000089 ) ) ;
#353 = EDGE_CURVE ( 'NONE', #2791, #2889, #370, .T. ) ;
#354 = CARTESIAN_POINT ( 'NONE',  ( -8.589999999999998082, 10.99999999999999645, 0.1349999999999999534 ) ) ;
#355 = CARTESIAN_POINT ( 'NONE',  ( -9.409999999999998366, 10.81999999999999140, 0.1349999999999999534 ) ) ;
#356 = EDGE_CURVE ( 'NONE', #3418, #25, #4078, .T. ) ;
#357 = DIRECTION ( 'NONE',  ( 0.000000000000000000, -1.000000000000000000, 0.000000000000000000 ) ) ;
#358 = DIRECTION ( 'NONE',  ( -1.817653936845377429E-16, 1.000000000000000000, 0.000000000000000000 ) ) ;
#359 = EDGE_LOOP ( 'NONE', ( #604, #1233, #42, #1804 ) ) ;
#360 = ORIENTED_EDGE ( 'NONE', *, *, #3949, .T. ) ;
#361 = FACE_OUTER_BOUND ( 'NONE', #1418, .T. ) ;
#362 = CARTESIAN_POINT ( 'NONE',  ( 7.470000000000000639, 7.370000000000000107, 0.4000000000000000222 ) ) ;
#363 = CARTESIAN_POINT ( 'NONE',  ( 9.409999999999996589, 10.81999999999999673, 0.1349999999999999534 ) ) ;
#364 = ORIENTED_EDGE ( 'NONE', *, *, #3054, .F. ) ;
#365 = PLANE ( 'NONE',  #2852 ) ;
#366 = CARTESIAN_POINT ( 'NONE',  ( 9.000000000000001776, -9.300000000000000711, 0.000000000000000000 ) ) ;
#367 = ORIENTED_EDGE ( 'NONE', *, *, #3963, .T. ) ;
#368 = FACE_OUTER_BOUND ( 'NONE', #2352, .T. ) ;
#369 = DIRECTION ( 'NONE',  ( -0.8660254037844398178, 0.4999999999999979461, 0.000000000000000000 ) ) ;
#370 = LINE ( 'NONE', #4072, #3352 ) ;
#371 = EDGE_CURVE ( 'NONE', #2889, #1345, #1629, .T. ) ;
#372 = CARTESIAN_POINT ( 'NONE',  ( -10.99999999999999467, 10.49999999999999467, 0.000000000000000000 ) ) ;
#373 = PLANE ( 'NONE',  #971 ) ;
#374 = CARTESIAN_POINT ( 'NONE',  ( 10.49999999999999467, 10.99999999999999467, 0.6350000000000000089 ) ) ;
#375 = ORIENTED_EDGE ( 'NONE', *, *, #2599, .F. ) ;
#376 = ORIENTED_EDGE ( 'NONE', *, *, #2490, .T. ) ;
#377 = FACE_OUTER_BOUND ( 'NONE', #359, .T. ) ;
#378 = CARTESIAN_POINT ( 'NONE',  ( -8.589999999999992752, -10.81999999999999851, 0.6350000000000000089 ) ) ;
#379 = CYLINDRICAL_SURFACE ( 'NONE', #655, 0.3000000000000016542 ) ;
#380 = EDGE_CURVE ( 'NONE', #3194, #3504, #624, .T. ) ;
#381 = EDGE_LOOP ( 'NONE', ( #1528, #1184, #704, #2271 ) ) ;
#382 = VECTOR ( 'NONE', #417, 100.0000000000000000 ) ;
#383 = VECTOR ( 'NONE', #2733, 100.0000000000000142 ) ;
#384 = CARTESIAN_POINT ( 'NONE',  ( -7.634999999999996234, -10.99999999999999645, 0.6350000000000000089 ) ) ;
#385 = VECTOR ( 'NONE', #289, 100.0000000000000000 ) ;
#386 = AXIS2_PLACEMENT_3D ( 'NONE', #2935, #2011, #3882 ) ;
#387 = CARTESIAN_POINT ( 'NONE',  ( -10.36499999999999666, -7.635000000000001563, 0.6350000000000000089 ) ) ;
#388 = VECTOR ( 'NONE', #1653, 100.0000000000000000 ) ;
#389 = CARTESIAN_POINT ( 'NONE',  ( 8.589999999999999858, -10.81999999999999140, 0.1349999999999999534 ) ) ;
#390 = DIRECTION ( 'NONE',  ( 0.000000000000000000, -1.000000000000000000, 0.000000000000000000 ) ) ;
#391 = AXIS2_PLACEMENT_3D ( 'NONE', #671, #441, #3530 ) ;
#392 = ORIENTED_EDGE ( 'NONE', *, *, #3938, .T. ) ;
#393 = CARTESIAN_POINT ( 'NONE',  ( 0.000000000000000000, 8.030000000000004690, 0.000000000000000000 ) ) ;
#394 = DIRECTION ( 'NONE',  ( 0.000000000000000000, -1.000000000000000000, 0.000000000000000000 ) ) ;
#395 = CARTESIAN_POINT ( 'NONE',  ( 10.99999999999999112, 9.409999999999998366, 0.1349999999999999534 ) ) ;
#396 = VERTEX_POINT ( 'NONE', #2233 ) ;
#397 = FACE_OUTER_BOUND ( 'NONE', #2249, .T. ) ;
#398 = PLANE ( 'NONE',  #3646 ) ;
#399 = ADVANCED_FACE ( 'NONE', ( #3519 ), #308, .F. ) ;
#400 = DIRECTION ( 'NONE',  ( 0.000000000000000000, -1.000000000000000000, 0.000000000000000000 ) ) ;
#401 = ORIENTED_EDGE ( 'NONE', *, *, #1024, .F. ) ;
#402 = VECTOR ( 'NONE', #1940, 100.0000000000000000 ) ;
#403 = EDGE_CURVE ( 'NONE', #2245, #1214, #965, .T. ) ;
#404 = EDGE_CURVE ( 'NONE', #3267, #922, #3498, .T. ) ;
#405 = DIRECTION ( 'NONE',  ( 1.000000000000000000, 0.000000000000000000, 0.000000000000000000 ) ) ;
#406 = ADVANCED_FACE ( 'NONE', ( #2214 ), #1219, .F. ) ;
#407 = CARTESIAN_POINT ( 'NONE',  ( -7.634999999999996234, -10.99999999999999645, 0.3175000000000000044 ) ) ;
#408 = EDGE_LOOP ( 'NONE', ( #3740, #367, #645, #2156 ) ) ;
#409 = AXIS2_PLACEMENT_3D ( 'NONE', #343, #1016, #2280 ) ;
#410 = DIRECTION ( 'NONE',  ( 1.000000000000000000, 0.000000000000000000, 0.000000000000000000 ) ) ;
#411 = DIRECTION ( 'NONE',  ( 0.000000000000000000, -1.000000000000000000, 0.000000000000000000 ) ) ;
#412 = VECTOR ( 'NONE', #2217, 100.0000000000000000 ) ;
#413 = CARTESIAN_POINT ( 'NONE',  ( 10.81999999999999851, -8.589999999999992752, 0.1349999999999999534 ) ) ;
#414 = VERTEX_POINT ( 'NONE', #2253 ) ;
#415 = CARTESIAN_POINT ( 'NONE',  ( -8.589999999999998082, 10.99999999999999112, 0.6350000000000000089 ) ) ;
#416 = EDGE_CURVE ( 'NONE', #1214, #2965, #332, .T. ) ;
#417 = DIRECTION ( 'NONE',  ( -1.000000000000000000, 0.000000000000000000, -0.000000000000000000 ) ) ;
#418 = CARTESIAN_POINT ( 'NONE',  ( -7.162345244612028594, 10.69499999999999673, 0.6350000000000000089 ) ) ;
#419 = ORIENTED_EDGE ( 'NONE', *, *, #1755, .T. ) ;
#420 = PLANE ( 'NONE',  #846 ) ;
#421 = DIRECTION ( 'NONE',  ( -1.000000000000000000, 0.000000000000000000, -0.000000000000000000 ) ) ;
#422 = EDGE_LOOP ( 'NONE', ( #3747, #428, #2847, #64 ) ) ;
#423 = CARTESIAN_POINT ( 'NONE',  ( -8.589999999999998082, 10.99999999999999112, 0.1349999999999999534 ) ) ;
#424 = VERTEX_POINT ( 'NONE', #3844 ) ;
#425 = EDGE_CURVE ( 'NONE', #3194, #2115, #473, .T. ) ;
#426 = CARTESIAN_POINT ( 'NONE',  ( 8.589999999999999858, -10.99999999999999112, 0.1349999999999999534 ) ) ;
#427 = LINE ( 'NONE', #1686, #1045 ) ;
#428 = ORIENTED_EDGE ( 'NONE', *, *, #3006, .F. ) ;
#429 = EDGE_CURVE ( 'NONE', #1654, #3869, #1964, .T. ) ;
#430 = EDGE_CURVE ( 'NONE', #2788, #2227, #78, .T. ) ;
#431 = LINE ( 'NONE', #2873, #3823 ) ;
#432 = DIRECTION ( 'NONE',  ( 1.817653936845377429E-16, -1.000000000000000000, 0.000000000000000000 ) ) ;
#433 = ORIENTED_EDGE ( 'NONE', *, *, #274, .T. ) ;
#434 = LINE ( 'NONE', #1694, #3875 ) ;
#435 = CARTESIAN_POINT ( 'NONE',  ( 8.589999999999994529, 10.99999999999999645, 0.1349999999999999534 ) ) ;
#436 = CARTESIAN_POINT ( 'NONE',  ( 0.000000000000000000, 0.000000000000000000, 0.1349999999999999534 ) ) ;
#437 = ORIENTED_EDGE ( 'NONE', *, *, #2421, .F. ) ;
#438 = FACE_OUTER_BOUND ( 'NONE', #2799, .T. ) ;
#439 = CARTESIAN_POINT ( 'NONE',  ( 7.370000000000000107, 7.470000000000000639, 0.4000000000000000222 ) ) ;
#440 = VERTEX_POINT ( 'NONE', #3305 ) ;
#441 = DIRECTION ( 'NONE',  ( -0.000000000000000000, 0.000000000000000000, 1.000000000000000000 ) ) ;
#442 = VERTEX_POINT ( 'NONE', #2949 ) ;
#443 = DIRECTION ( 'NONE',  ( 1.000000000000000000, 0.000000000000000000, 0.000000000000000000 ) ) ;
#444 = DIRECTION ( 'NONE',  ( -1.000000000000000000, 0.000000000000000000, 0.000000000000000000 ) ) ;
#445 = VECTOR ( 'NONE', #1361, 100.0000000000000000 ) ;
#446 = VERTEX_POINT ( 'NONE', #1320 ) ;
#447 = DIRECTION ( 'NONE',  ( 1.000000000000000000, 0.000000000000000000, 0.000000000000000000 ) ) ;
#448 = VECTOR ( 'NONE', #901, 100.0000000000000000 ) ;
#449 = DIRECTION ( 'NONE',  ( -0.7071067811865475727, -0.7071067811865475727, -0.000000000000000000 ) ) ;
#450 = ORIENTED_EDGE ( 'NONE', *, *, #633, .T. ) ;
#451 = EDGE_CURVE ( 'NONE', #3886, #1372, #2957, .T. ) ;
#452 = CIRCLE ( 'NONE', #4081, 0.3000000000000002665 ) ;
#453 = AXIS2_PLACEMENT_3D ( 'NONE', #389, #1339, #3858 ) ;
#454 = CARTESIAN_POINT ( 'NONE',  ( 9.410000000000000142, -10.99999999999999112, 0.1349999999999999534 ) ) ;
#455 = DIRECTION ( 'NONE',  ( 0.000000000000000000, 1.000000000000000000, 0.000000000000000000 ) ) ;
#456 = EDGE_CURVE ( 'NONE', #2000, #2245, #97, .T. ) ;
#457 = VECTOR ( 'NONE', #3533, 100.0000000000000000 ) ;
#458 = ADVANCED_FACE ( 'NONE', ( #3903 ), #2665, .T. ) ;
#459 = VECTOR ( 'NONE', #3586, 100.0000000000000000 ) ;
#460 = CARTESIAN_POINT ( 'NONE',  ( 10.36499999999999844, -7.634999999999996234, 0.6350000000000000089 ) ) ;
#461 = ORIENTED_EDGE ( 'NONE', *, *, #1138, .T. ) ;
#462 = CARTESIAN_POINT ( 'NONE',  ( -8.232042833102433121, 10.19999999999999574, 0.1349999999999999534 ) ) ;
#463 =( LENGTH_UNIT ( ) NAMED_UNIT ( * ) SI_UNIT ( .CENTI., .METRE. ) );
#464 = ORIENTED_EDGE ( 'NONE', *, *, #3642, .F. ) ;
#465 = ORIENTED_EDGE ( 'NONE', *, *, #821, .F. ) ;
#466 = CARTESIAN_POINT ( 'NONE',  ( 10.99999999999999645, 10.49999999999999822, 0.3175000000000000044 ) ) ;
#467 = LINE ( 'NONE', #3630, #1977 ) ;
#468 = ORIENTED_EDGE ( 'NONE', *, *, #1136, .F. ) ;
#469 = LINE ( 'NONE', #1411, #915 ) ;
#470 = DIRECTION ( 'NONE',  ( 0.000000000000000000, 1.000000000000000000, 0.000000000000000000 ) ) ;
#471 = EDGE_LOOP ( 'NONE', ( #1032, #1360, #155, #3696 ) ) ;
#472 = VECTOR ( 'NONE', #2333, 100.0000000000000142 ) ;
#473 = LINE ( 'NONE', #2313, #2898 ) ;
#474 = ORIENTED_EDGE ( 'NONE', *, *, #3275, .F. ) ;
#475 = EDGE_CURVE ( 'NONE', #339, #2514, #1987, .T. ) ;
#476 = CIRCLE ( 'NONE', #1867, 2.500000000000003553 ) ;
#477 = PLANE ( 'NONE',  #1173 ) ;
#478 = LINE ( 'NONE', #1740, #1637 ) ;
#479 = ORIENTED_EDGE ( 'NONE', *, *, #202, .F. ) ;
#480 = EDGE_CURVE ( 'NONE', #3701, #3634, #1736, .T. ) ;
#481 = EDGE_CURVE ( 'NONE', #3627, #4056, #1434, .T. ) ;
#482 = CARTESIAN_POINT ( 'NONE',  ( -10.99999999999999467, 9.409999999999996589, 0.1349999999999999534 ) ) ;
#483 = DIRECTION ( 'NONE',  ( -1.000000000000000000, 0.000000000000000000, 0.000000000000000000 ) ) ;
#484 = DIRECTION ( 'NONE',  ( 0.7071067811865475727, 0.7071067811865475727, -0.000000000000000000 ) ) ;
#485 = EDGE_LOOP ( 'NONE', ( #2331, #1789, #3460, #2673 ) ) ;
#486 = VERTEX_POINT ( 'NONE', #1089 ) ;
#487 = LINE ( 'NONE', #2675, #2384 ) ;
#488 = CARTESIAN_POINT ( 'NONE',  ( -8.589999999999992752, -10.99999999999999645, 0.6350000000000000089 ) ) ;
#489 = ORIENTED_EDGE ( 'NONE', *, *, #98, .T. ) ;
#490 = DIRECTION ( 'NONE',  ( 0.000000000000000000, -1.000000000000000000, 0.000000000000000000 ) ) ;
#491 = ORIENTED_EDGE ( 'NONE', *, *, #2728, .F. ) ;
#492 = CARTESIAN_POINT ( 'NONE',  ( -8.589999999999992752, -10.99999999999999645, 0.1349999999999999534 ) ) ;
#493 = ORIENTED_EDGE ( 'NONE', *, *, #3463, .F. ) ;
#494 = CARTESIAN_POINT ( 'NONE',  ( -9.000000000000000000, 9.000000000000000000, 0.000000000000000000 ) ) ;
#495 = CARTESIAN_POINT ( 'NONE',  ( -9.409999999999994813, -10.99999999999999645, 0.6350000000000000089 ) ) ;
#496 = DIRECTION ( 'NONE',  ( 0.000000000000000000, 0.000000000000000000, 1.000000000000000000 ) ) ;
#497 = ORIENTED_EDGE ( 'NONE', *, *, #2039, .T. ) ;
#498 = CARTESIAN_POINT ( 'NONE',  ( 10.99999999999999645, -10.36499999999999488, 0.6350000000000000089 ) ) ;
#499 = ORIENTED_EDGE ( 'NONE', *, *, #1237, .T. ) ;
#500 = ORIENTED_EDGE ( 'NONE', *, *, #1671, .F. ) ;
#501 = FACE_BOUND ( 'NONE', #3773, .T. ) ;
#502 = EDGE_CURVE ( 'NONE', #2943, #3831, #1376, .T. ) ;
#503 = FACE_OUTER_BOUND ( 'NONE', #1162, .T. ) ;
#504 = EDGE_LOOP ( 'NONE', ( #3631, #3033, #3495, #1900, #1533, #401, #1555, #2008, #4035, #1559, #1470, #3830 ) ) ;
#505 = EDGE_CURVE ( 'NONE', #3447, #924, #780, .T. ) ;
#506 = DIRECTION ( 'NONE',  ( 0.4999999999999980571, -0.8660254037844398178, 0.000000000000000000 ) ) ;
#507 = ORIENTED_EDGE ( 'NONE', *, *, #2292, .F. ) ;
#508 = CARTESIAN_POINT ( 'NONE',  ( 10.99999999999999645, -10.49999999999999467, 0.3175000000000000044 ) ) ;
#509 = ORIENTED_EDGE ( 'NONE', *, *, #4069, .F. ) ;
#510 = VECTOR ( 'NONE', #1298, 100.0000000000000000 ) ;
#511 = VECTOR ( 'NONE', #1758, 100.0000000000000000 ) ;
#512 = DIRECTION ( 'NONE',  ( -1.000000000000000000, 0.000000000000000000, 0.000000000000000000 ) ) ;
#513 = CARTESIAN_POINT ( 'NONE',  ( 8.030000000000004690, 8.030000000000004690, 0.000000000000000000 ) ) ;
#514 = AXIS2_PLACEMENT_3D ( 'NONE', #2165, #3760, #3151 ) ;
#515 = VERTEX_POINT ( 'NONE', #1354 ) ;
#516 = CARTESIAN_POINT ( 'NONE',  ( -8.589999999999992752, -10.81999999999999851, 0.1349999999999999534 ) ) ;
#517 = AXIS2_PLACEMENT_3D ( 'NONE', #53, #2945, #3211 ) ;
#518 = CIRCLE ( 'NONE', #2107, 0.3000000000000016542 ) ;
#519 = FACE_OUTER_BOUND ( 'NONE', #1393, .T. ) ;
#520 = LINE ( 'NONE', #3913, #2259 ) ;
#521 = ORIENTED_EDGE ( 'NONE', *, *, #278, .T. ) ;
#522 = VECTOR ( 'NONE', #1349, 100.0000000000000000 ) ;
#523 = EDGE_LOOP ( 'NONE', ( #571, #1716, #3514, #2584 ) ) ;
#524 = ADVANCED_FACE ( 'NONE', ( #2971 ), #2577, .F. ) ;
#525 = DIRECTION ( 'NONE',  ( 1.817653936845377429E-16, -1.000000000000000000, 0.000000000000000000 ) ) ;
#526 = DIRECTION ( 'NONE',  ( -0.000000000000000000, 0.000000000000000000, 1.000000000000000000 ) ) ;
#527 = ORIENTED_EDGE ( 'NONE', *, *, #1132, .T. ) ;
#528 = EDGE_CURVE ( 'NONE', #599, #25, #2026, .T. ) ;
#529 = EDGE_CURVE ( 'NONE', #3948, #2507, #2561, .T. ) ;
#530 = EDGE_CURVE ( 'NONE', #2378, #3186, #2288, .T. ) ;
#531 = EDGE_CURVE ( 'NONE', #1277, #1798, #2145, .T. ) ;
#532 = CARTESIAN_POINT ( 'NONE',  ( 8.589999999999994529, 10.81999999999999673, 0.1349999999999999534 ) ) ;
#533 = VERTEX_POINT ( 'NONE', #2765 ) ;
#534 = CARTESIAN_POINT ( 'NONE',  ( -7.499999999999998224, 11.00000000000000178, 0.000000000000000000 ) ) ;
#535 = ORIENTED_EDGE ( 'NONE', *, *, #995, .T. ) ;
#536 = CARTESIAN_POINT ( 'NONE',  ( 10.99999999999999112, 9.409999999999998366, 0.1349999999999999534 ) ) ;
#537 = AXIS2_PLACEMENT_3D ( 'NONE', #3674, #506, #1108 ) ;
#538 = DIRECTION ( 'NONE',  ( -0.000000000000000000, 0.000000000000000000, 1.000000000000000000 ) ) ;
#539 = ORIENTED_EDGE ( 'NONE', *, *, #2770, .F. ) ;
#540 = VECTOR ( 'NONE', #2632, 100.0000000000000000 ) ;
#541 = DIRECTION ( 'NONE',  ( -1.000000000000000000, 0.000000000000000000, -0.000000000000000000 ) ) ;
#542 = CARTESIAN_POINT ( 'NONE',  ( -10.99999999999999289, 10.36499999999999133, 0.3175000000000000044 ) ) ;
#543 = CYLINDRICAL_SURFACE ( 'NONE', #1203, 0.3000000000000002665 ) ;
#544 = VECTOR ( 'NONE', #2775, 100.0000000000000000 ) ;
#545 = EDGE_LOOP ( 'NONE', ( #2731, #1710, #3977, #521 ) ) ;
#546 = ORIENTED_EDGE ( 'NONE', *, *, #3520, .F. ) ;
#547 = DIRECTION ( 'NONE',  ( 0.8660254037844398178, -0.4999999999999980571, 0.000000000000000000 ) ) ;
#548 = PLANE ( 'NONE',  #3113 ) ;
#549 = CARTESIAN_POINT ( 'NONE',  ( -9.409999999999994813, -10.99999999999999645, 0.1349999999999999534 ) ) ;
#550 = EDGE_CURVE ( 'NONE', #1410, #3336, #239, .T. ) ;
#551 = VERTEX_POINT ( 'NONE', #1496 ) ;
#552 = LINE ( 'NONE', #1396, #1526 ) ;
#553 = VERTEX_POINT ( 'NONE', #1110 ) ;
#554 = CARTESIAN_POINT ( 'NONE',  ( 10.99999999999999645, 7.499999999999998224, 0.6350000000000000089 ) ) ;
#555 = ORIENTED_EDGE ( 'NONE', *, *, #1799, .T. ) ;
#556 = LINE ( 'NONE', #2147, #2792 ) ;
#557 = CARTESIAN_POINT ( 'NONE',  ( -10.81999999999999496, 9.409999999999996589, 0.1349999999999999534 ) ) ;
#558 = DIRECTION ( 'NONE',  ( 1.000000000000000000, 0.000000000000000000, 0.000000000000000000 ) ) ;
#559 = VERTEX_POINT ( 'NONE', #180 ) ;
#560 = CARTESIAN_POINT ( 'NONE',  ( -9.767957166897559773, -10.20000000000000107, 0.1349999999999999534 ) ) ;
#561 = CARTESIAN_POINT ( 'NONE',  ( -10.81999999999999140, -8.589999999999999858, 0.1349999999999999534 ) ) ;
#562 = CARTESIAN_POINT ( 'NONE',  ( 9.410000000000000142, -10.81999999999999140, 0.1349999999999999534 ) ) ;
#563 = EDGE_LOOP ( 'NONE', ( #143, #1521, #627, #2111 ) ) ;
#564 = EDGE_LOOP ( 'NONE', ( #208, #1826, #2633, #3534 ) ) ;
#565 = LINE ( 'NONE', #3300, #1645 ) ;
#566 = DIRECTION ( 'NONE',  ( -1.000000000000000000, -9.088269684226887144E-17, 0.000000000000000000 ) ) ;
#567 = DIRECTION ( 'NONE',  ( -0.000000000000000000, 0.000000000000000000, 1.000000000000000000 ) ) ;
#568 = ORIENTED_EDGE ( 'NONE', *, *, #1446, .F. ) ;
#569 = EDGE_CURVE ( 'NONE', #2390, #930, #3011, .T. ) ;
#570 = DIRECTION ( 'NONE',  ( -0.000000000000000000, 0.000000000000000000, 1.000000000000000000 ) ) ;
#571 = ORIENTED_EDGE ( 'NONE', *, *, #3768, .T. ) ;
#572 = DIRECTION ( 'NONE',  ( 0.000000000000000000, 0.000000000000000000, -1.000000000000000000 ) ) ;
#573 = ORIENTED_EDGE ( 'NONE', *, *, #569, .T. ) ;
#574 = LINE ( 'NONE', #622, #3316 ) ;
#575 = PLANE ( 'NONE',  #3089 ) ;
#576 = EDGE_CURVE ( 'NONE', #165, #952, #3635, .T. ) ;
#577 = CARTESIAN_POINT ( 'NONE',  ( 9.409999999999996589, 10.99999999999999645, 0.1349999999999999534 ) ) ;
#578 = AXIS2_PLACEMENT_3D ( 'NONE', #730, #1698, #1346 ) ;
#579 = ORIENTED_EDGE ( 'NONE', *, *, #1564, .F. ) ;
#580 = FACE_OUTER_BOUND ( 'NONE', #3355, .T. ) ;
#581 = EDGE_CURVE ( 'NONE', #3983, #3378, #1772, .T. ) ;
#582 = EDGE_CURVE ( 'NONE', #732, #3042, #4026, .T. ) ;
#583 = EDGE_CURVE ( 'NONE', #1445, #551, #2723, .T. ) ;
#584 = FACE_OUTER_BOUND ( 'NONE', #2525, .T. ) ;
#585 = AXIS2_PLACEMENT_3D ( 'NONE', #3725, #243, #3455 ) ;
#586 = LINE ( 'NONE', #4074, #2262 ) ;
#587 = ORIENTED_EDGE ( 'NONE', *, *, #3351, .T. ) ;
#588 = EDGE_LOOP ( 'NONE', ( #2615, #3148, #1607, #364 ) ) ;
#589 = VECTOR ( 'NONE', #1397, 100.0000000000000000 ) ;
#590 = VECTOR ( 'NONE', #95, 100.0000000000000000 ) ;
#591 = PLANE ( 'NONE',  #2427 ) ;
#592 = CARTESIAN_POINT ( 'NONE',  ( 10.69500000000000206, -7.162345244612028594, 0.000000000000000000 ) ) ;
#593 = VECTOR ( 'NONE', #794, 100.0000000000000000 ) ;
#594 = DIRECTION ( 'NONE',  ( 0.000000000000000000, 0.000000000000000000, 1.000000000000000000 ) ) ;
#595 = ORIENTED_EDGE ( 'NONE', *, *, #2344, .T. ) ;
#596 = DIRECTION ( 'NONE',  ( 0.000000000000000000, 1.000000000000000000, 0.000000000000000000 ) ) ;
#597 = ORIENTED_EDGE ( 'NONE', *, *, #3570, .T. ) ;
#598 = DIRECTION ( 'NONE',  ( -0.8660254037844398178, -0.4999999999999979461, 0.000000000000000000 ) ) ;
#599 = VERTEX_POINT ( 'NONE', #2430 ) ;
#600 = DIRECTION ( 'NONE',  ( 1.000000000000000000, 0.000000000000000000, 0.000000000000000000 ) ) ;
#601 = DIRECTION ( 'NONE',  ( -0.000000000000000000, -0.000000000000000000, 1.000000000000000000 ) ) ;
#602 = CARTESIAN_POINT ( 'NONE',  ( -8.999999999999998224, -8.700000000000001066, 0.000000000000000000 ) ) ;
#603 = EDGE_CURVE ( 'NONE', #3104, #396, #3984, .T. ) ;
#604 = ORIENTED_EDGE ( 'NONE', *, *, #3323, .F. ) ;
#605 = VECTOR ( 'NONE', #3090, 100.0000000000000142 ) ;
#606 = CARTESIAN_POINT ( 'NONE',  ( -10.81999999999999496, 9.409999999999996589, 0.6350000000000000089 ) ) ;
#607 = DIRECTION ( 'NONE',  ( 0.000000000000000000, 0.000000000000000000, 1.000000000000000000 ) ) ;
#608 = ORIENTED_EDGE ( 'NONE', *, *, #3358, .T. ) ;
#609 = EDGE_CURVE ( 'NONE', #1445, #3470, #1754, .T. ) ;
#610 = AXIS2_PLACEMENT_3D ( 'NONE', #2660, #3995, #831 ) ;
#611 = EDGE_CURVE ( 'NONE', #424, #1795, #1797, .T. ) ;
#612 = ORIENTED_EDGE ( 'NONE', *, *, #2657, .F. ) ;
#613 = CARTESIAN_POINT ( 'NONE',  ( 9.410000000000000142, -10.81999999999999140, 0.6350000000000000089 ) ) ;
#614 = VECTOR ( 'NONE', #1182, 100.0000000000000000 ) ;
#615 = CARTESIAN_POINT ( 'NONE',  ( 9.410000000000000142, -10.99999999999999112, 0.1349999999999999534 ) ) ;
#616 = DIRECTION ( 'NONE',  ( -1.817653936845377429E-16, 1.000000000000000000, 0.000000000000000000 ) ) ;
#617 = ORIENTED_EDGE ( 'NONE', *, *, #3441, .T. ) ;
#618 = CARTESIAN_POINT ( 'NONE',  ( 0.000000000000000000, 0.000000000000000000, 0.3175000000000000044 ) ) ;
#619 = ORIENTED_EDGE ( 'NONE', *, *, #759, .F. ) ;
#620 = LINE ( 'NONE', #3494, #2236 ) ;
#621 = ORIENTED_EDGE ( 'NONE', *, *, #1158, .F. ) ;
#622 = CARTESIAN_POINT ( 'NONE',  ( -8.232042833102433121, 10.19999999999999574, 0.1349999999999999534 ) ) ;
#623 = CARTESIAN_POINT ( 'NONE',  ( -9.409999999999998366, 10.81999999999999140, 0.6350000000000000089 ) ) ;
#624 = LINE ( 'NONE', #681, #315 ) ;
#625 = LINE ( 'NONE', #1239, #3616 ) ;
#626 = LINE ( 'NONE', #2461, #3845 ) ;
#627 = ORIENTED_EDGE ( 'NONE', *, *, #2837, .T. ) ;
#628 = ORIENTED_EDGE ( 'NONE', *, *, #2599, .T. ) ;
#629 = DIRECTION ( 'NONE',  ( 0.000000000000000000, -1.000000000000000000, 0.000000000000000000 ) ) ;
#630 = LINE ( 'NONE', #2780, #3380 ) ;
#631 = DIRECTION ( 'NONE',  ( 1.000000000000000000, 0.000000000000000000, 0.000000000000000000 ) ) ;
#632 = VERTEX_POINT ( 'NONE', #534 ) ;
#633 = EDGE_CURVE ( 'NONE', #991, #599, #1644, .T. ) ;
#634 = CARTESIAN_POINT ( 'NONE',  ( -7.499999999999998224, 10.99999999999999645, 0.6350000000000000089 ) ) ;
#635 = VERTEX_POINT ( 'NONE', #2742 ) ;
#636 = ADVANCED_FACE ( 'NONE', ( #859 ), #3700, .T. ) ;
#637 = DIRECTION ( 'NONE',  ( 0.000000000000000000, 0.000000000000000000, 1.000000000000000000 ) ) ;
#638 = ORIENTED_EDGE ( 'NONE', *, *, #2122, .F. ) ;
#639 = DIRECTION ( 'NONE',  ( -1.000000000000000000, 0.000000000000000000, 0.000000000000000000 ) ) ;
#640 = LINE ( 'NONE', #2769, #52 ) ;
#641 = EDGE_CURVE ( 'NONE', #1350, #779, #1130, .T. ) ;
#642 = DIRECTION ( 'NONE',  ( 0.000000000000000000, -1.000000000000000000, 0.000000000000000000 ) ) ;
#643 = CARTESIAN_POINT ( 'NONE',  ( -10.81999999999999140, -8.589999999999999858, 0.1349999999999999534 ) ) ;
#644 = CARTESIAN_POINT ( 'NONE',  ( 7.162345244612031259, 10.69499999999999673, 0.6350000000000000089 ) ) ;
#645 = ORIENTED_EDGE ( 'NONE', *, *, #1927, .F. ) ;
#646 = ORIENTED_EDGE ( 'NONE', *, *, #3520, .T. ) ;
#647 = VECTOR ( 'NONE', #3097, 100.0000000000000000 ) ;
#648 = VECTOR ( 'NONE', #2272, 100.0000000000000000 ) ;
#649 = DIRECTION ( 'NONE',  ( 0.000000000000000000, 1.000000000000000000, 0.000000000000000000 ) ) ;
#650 = DIRECTION ( 'NONE',  ( 0.000000000000000000, 1.000000000000000000, 0.000000000000000000 ) ) ;
#651 = LINE ( 'NONE', #1830, #3094 ) ;
#652 = VECTOR ( 'NONE', #33, 100.0000000000000000 ) ;
#653 = ORIENTED_EDGE ( 'NONE', *, *, #3227, .F. ) ;
#654 = EDGE_CURVE ( 'NONE', #1542, #3470, #2452, .T. ) ;
#655 = AXIS2_PLACEMENT_3D ( 'NONE', #3814, #3190, #2906 ) ;
#656 = CARTESIAN_POINT ( 'NONE',  ( -7.634999999999996234, -10.36499999999999844, 0.6350000000000000089 ) ) ;
#657 = EDGE_LOOP ( 'NONE', ( #2687, #2798, #1597, #2612 ) ) ;
#658 = CARTESIAN_POINT ( 'NONE',  ( -10.69500000000000384, -7.162345244612039252, 0.000000000000000000 ) ) ;
#659 = VERTEX_POINT ( 'NONE', #162 ) ;
#660 = EDGE_CURVE ( 'NONE', #4052, #486, #1151, .T. ) ;
#661 = CARTESIAN_POINT ( 'NONE',  ( -9.409999999999998366, 10.81999999999999140, 0.1349999999999999534 ) ) ;
#662 = CARTESIAN_POINT ( 'NONE',  ( -10.69500000000000384, -9.894862706971711216E-16, 0.3175000000000011147 ) ) ;
#663 = DIRECTION ( 'NONE',  ( 0.000000000000000000, 1.000000000000000000, 0.000000000000000000 ) ) ;
#664 = CARTESIAN_POINT ( 'NONE',  ( 9.409999999999996589, 10.99999999999999645, 0.6350000000000000089 ) ) ;
#665 = CARTESIAN_POINT ( 'NONE',  ( 10.19999999999999574, 8.232042833102433121, 0.6350000000000000089 ) ) ;
#666 = ORIENTED_EDGE ( 'NONE', *, *, #3153, .F. ) ;
#667 = ORIENTED_EDGE ( 'NONE', *, *, #1113, .T. ) ;
#668 = CARTESIAN_POINT ( 'NONE',  ( -10.36500000000000199, 10.36499999999999133, 0.3175000000000000044 ) ) ;
#669 = DIRECTION ( 'NONE',  ( 0.8660254037844397068, -0.4999999999999980016, 0.000000000000000000 ) ) ;
#670 = VECTOR ( 'NONE', #1040, 100.0000000000000000 ) ;
#671 = CARTESIAN_POINT ( 'NONE',  ( 9.000000000000000000, 9.000000000000001776, 0.000000000000000000 ) ) ;
#672 = ORIENTED_EDGE ( 'NONE', *, *, #2678, .T. ) ;
#673 = VECTOR ( 'NONE', #1853, 100.0000000000000000 ) ;
#674 = CARTESIAN_POINT ( 'NONE',  ( 10.36499999999999844, -7.634999999999996234, 0.6350000000000000089 ) ) ;
#675 = ADVANCED_FACE ( 'NONE', ( #3942 ), #3660, .F. ) ;
#676 = CARTESIAN_POINT ( 'NONE',  ( -8.999999999999998224, -9.000000000000001776, 0.000000000000000000 ) ) ;
#677 = ORIENTED_EDGE ( 'NONE', *, *, #403, .T. ) ;
#678 = EDGE_CURVE ( 'NONE', #3634, #1022, #3322, .T. ) ;
#679 = PLANE ( 'NONE',  #3885 ) ;
#680 = LINE ( 'NONE', #1945, #2580 ) ;
#681 = CARTESIAN_POINT ( 'NONE',  ( 10.99999999999999645, -7.634999999999996234, 0.6350000000000000089 ) ) ;
#682 = LINE ( 'NONE', #372, #1042 ) ;
#683 = DIRECTION ( 'NONE',  ( 0.000000000000000000, -1.000000000000000000, 0.000000000000000000 ) ) ;
#684 = EDGE_CURVE ( 'NONE', #1487, #424, #1276, .T. ) ;
#685 = DIRECTION ( 'NONE',  ( -0.000000000000000000, 0.000000000000000000, 1.000000000000000000 ) ) ;
#686 = EDGE_LOOP ( 'NONE', ( #744, #2512, #2049, #1954 ) ) ;
#687 = VERTEX_POINT ( 'NONE', #981 ) ;
#688 = DIRECTION ( 'NONE',  ( 0.000000000000000000, 0.000000000000000000, -1.000000000000000000 ) ) ;
#689 = FACE_OUTER_BOUND ( 'NONE', #3602, .T. ) ;
#690 = DIRECTION ( 'NONE',  ( 0.000000000000000000, -1.000000000000000000, 0.000000000000000000 ) ) ;
#691 = ORIENTED_EDGE ( 'NONE', *, *, #1024, .T. ) ;
#692 = LINE ( 'NONE', #2910, #670 ) ;
#693 = CARTESIAN_POINT ( 'NONE',  ( 7.470000000000000639, 7.370000000000000107, 0.4000000000000000222 ) ) ;
#694 = EDGE_LOOP ( 'NONE', ( #1128, #1413, #2704, #1911, #3141, #1759 ) ) ;
#695 = EDGE_CURVE ( 'NONE', #166, #870, #2825, .T. ) ;
#696 = LINE ( 'NONE', #2890, #1579 ) ;
#697 = CARTESIAN_POINT ( 'NONE',  ( -10.99999999999999467, 8.589999999999994529, 0.6350000000000000089 ) ) ;
#698 = CARTESIAN_POINT ( 'NONE',  ( -8.999999999999998224, -9.000000000000001776, 0.6350000000000000089 ) ) ;
#699 = ORIENTED_EDGE ( 'NONE', *, *, #1337, .T. ) ;
#700 = CARTESIAN_POINT ( 'NONE',  ( -10.36499999999999666, -7.635000000000001563, 0.3175000000000000044 ) ) ;
#701 = LINE ( 'NONE', #3600, #382 ) ;
#702 = EDGE_CURVE ( 'NONE', #2350, #635, #1176, .T. ) ;
#703 = DIRECTION ( 'NONE',  ( 0.000000000000000000, -1.000000000000000000, 0.000000000000000000 ) ) ;
#704 = ORIENTED_EDGE ( 'NONE', *, *, #1927, .T. ) ;
#705 = ORIENTED_EDGE ( 'NONE', *, *, #2575, .T. ) ;
#706 = EDGE_CURVE ( 'NONE', #898, #166, #18, .T. ) ;
#707 = ADVANCED_FACE ( 'NONE', ( #2515 ), #2493, .F. ) ;
#708 = PLANE ( 'NONE',  #3295 ) ;
#709 = LINE ( 'NONE', #1601, #1332 ) ;
#710 = CYLINDRICAL_SURFACE ( 'NONE', #391, 0.3000000000000002665 ) ;
#711 = ORIENTED_EDGE ( 'NONE', *, *, #958, .T. ) ;
#712 = AXIS2_PLACEMENT_3D ( 'NONE', #3541, #3524, #2936 ) ;
#713 = VECTOR ( 'NONE', #1031, 100.0000000000000000 ) ;
#714 = LINE ( 'NONE', #2944, #2320 ) ;
#715 = AXIS2_PLACEMENT_3D ( 'NONE', #2551, #4089, #1252 ) ;
#716 = VECTOR ( 'NONE', #601, 100.0000000000000000 ) ;
#717 = DIRECTION ( 'NONE',  ( 0.000000000000000000, 0.000000000000000000, -1.000000000000000000 ) ) ;
#718 = ORIENTED_EDGE ( 'NONE', *, *, #505, .F. ) ;
#719 = VECTOR ( 'NONE', #3066, 100.0000000000000000 ) ;
#720 = VECTOR ( 'NONE', #2242, 100.0000000000000000 ) ;
#721 = FACE_OUTER_BOUND ( 'NONE', #2163, .T. ) ;
#722 = DIRECTION ( 'NONE',  ( 0.000000000000000000, 1.000000000000000000, -0.000000000000000000 ) ) ;
#723 = VECTOR ( 'NONE', #2198, 100.0000000000000000 ) ;
#724 = ORIENTED_EDGE ( 'NONE', *, *, #1659, .T. ) ;
#725 = CARTESIAN_POINT ( 'NONE',  ( 10.36499999999999666, 10.36499999999999666, 0.3175000000000000044 ) ) ;
#726 = CARTESIAN_POINT ( 'NONE',  ( 0.000000000000000000, 0.000000000000000000, 0.3175000000000000044 ) ) ;
#727 = CARTESIAN_POINT ( 'NONE',  ( 9.410000000000000142, -10.81999999999999140, 0.1349999999999999534 ) ) ;
#728 = ADVANCED_FACE ( 'NONE', ( #327 ), #3473, .F. ) ;
#729 = ORIENTED_EDGE ( 'NONE', *, *, #456, .T. ) ;
#730 = CARTESIAN_POINT ( 'NONE',  ( -8.999999999999996447, -9.000000000000001776, 0.000000000000000000 ) ) ;
#731 = DIRECTION ( 'NONE',  ( 0.000000000000000000, -1.000000000000000000, 0.000000000000000000 ) ) ;
#732 = VERTEX_POINT ( 'NONE', #962 ) ;
#733 = EDGE_CURVE ( 'NONE', #3140, #3267, #620, .T. ) ;
#734 = CARTESIAN_POINT ( 'NONE',  ( 8.232042833102434898, -10.19999999999999396, 0.6350000000000000089 ) ) ;
#735 = ORIENTED_EDGE ( 'NONE', *, *, #2202, .F. ) ;
#736 = CIRCLE ( 'NONE', #4036, 0.3000000000000002665 ) ;
#737 = CARTESIAN_POINT ( 'NONE',  ( -10.49999999999999467, -10.99999999999999645, 0.6350000000000000089 ) ) ;
#738 = DIRECTION ( 'NONE',  ( 0.000000000000000000, 0.000000000000000000, 1.000000000000000000 ) ) ;
#739 = ORIENTED_EDGE ( 'NONE', *, *, #2412, .F. ) ;
#740 = VECTOR ( 'NONE', #3546, 100.0000000000000000 ) ;
#741 = CARTESIAN_POINT ( 'NONE',  ( 0.000000000000000000, 0.000000000000000000, 0.1349999999999999534 ) ) ;
#742 = FACE_OUTER_BOUND ( 'NONE', #351, .T. ) ;
#743 = VECTOR ( 'NONE', #2734, 100.0000000000000142 ) ;
#744 = ORIENTED_EDGE ( 'NONE', *, *, #611, .T. ) ;
#745 = CARTESIAN_POINT ( 'NONE',  ( -10.99999999999999645, -7.500000000000000000, 0.000000000000000000 ) ) ;
#746 = LINE ( 'NONE', #1092, #905 ) ;
#747 = LINE ( 'NONE', #418, #713 ) ;
#748 = ORIENTED_EDGE ( 'NONE', *, *, #3692, .F. ) ;
#749 = CARTESIAN_POINT ( 'NONE',  ( 9.410000000000000142, -10.81999999999999140, 0.6350000000000000089 ) ) ;
#750 = FACE_OUTER_BOUND ( 'NONE', #563, .T. ) ;
#751 = ORIENTED_EDGE ( 'NONE', *, *, #2721, .F. ) ;
#752 = DIRECTION ( 'NONE',  ( -0.000000000000000000, 0.000000000000000000, 1.000000000000000000 ) ) ;
#753 = EDGE_LOOP ( 'NONE', ( #2916, #2694, #2571, #2804 ) ) ;
#754 = CARTESIAN_POINT ( 'NONE',  ( 8.589999999999994529, 10.99999999999999645, 0.1349999999999999534 ) ) ;
#755 = EDGE_CURVE ( 'NONE', #2736, #2851, #452, .T. ) ;
#756 = LINE ( 'NONE', #366, #3496 ) ;
#757 = VERTEX_POINT ( 'NONE', #3784 ) ;
#758 = EDGE_CURVE ( 'NONE', #952, #1355, #3429, .T. ) ;
#759 = EDGE_CURVE ( 'NONE', #1350, #2508, #3175, .T. ) ;
#760 = DIRECTION ( 'NONE',  ( 0.000000000000000000, 1.000000000000000000, 0.000000000000000000 ) ) ;
#761 = ORIENTED_EDGE ( 'NONE', *, *, #3231, .F. ) ;
#762 = LINE ( 'NONE', #2974, #118 ) ;
#763 = DIRECTION ( 'NONE',  ( -1.000000000000000000, 0.000000000000000000, 0.000000000000000000 ) ) ;
#764 = CARTESIAN_POINT ( 'NONE',  ( 9.767957166897565102, -10.19999999999999396, 0.1349999999999999534 ) ) ;
#765 = VERTEX_POINT ( 'NONE', #1901 ) ;
#766 = FACE_OUTER_BOUND ( 'NONE', #3796, .T. ) ;
#767 = CARTESIAN_POINT ( 'NONE',  ( -10.19999999999999396, -8.232042833102434898, 0.1349999999999999534 ) ) ;
#768 = ORIENTED_EDGE ( 'NONE', *, *, #1608, .F. ) ;
#769 = VERTEX_POINT ( 'NONE', #658 ) ;
#770 = DIRECTION ( 'NONE',  ( -1.000000000000000000, 0.000000000000000000, 0.000000000000000000 ) ) ;
#771 = LINE ( 'NONE', #3672, #719 ) ;
#772 = ADVANCED_FACE ( 'NONE', ( #1922 ), #943, .T. ) ;
#773 = AXIS2_PLACEMENT_3D ( 'NONE', #3991, #2134, #824 ) ;
#774 = ORIENTED_EDGE ( 'NONE', *, *, #660, .F. ) ;
#775 = FACE_OUTER_BOUND ( 'NONE', #1980, .T. ) ;
#776 = VECTOR ( 'NONE', #3074, 100.0000000000000000 ) ;
#777 = CIRCLE ( 'NONE', #2496, 0.3000000000000016542 ) ;
#778 = DIRECTION ( 'NONE',  ( 0.000000000000000000, 1.000000000000000000, -0.000000000000000000 ) ) ;
#779 = VERTEX_POINT ( 'NONE', #2210 ) ;
#780 = LINE ( 'NONE', #2643, #1843 ) ;
#781 = EDGE_CURVE ( 'NONE', #2188, #172, #2808, .T. ) ;
#782 = ORIENTED_EDGE ( 'NONE', *, *, #41, .T. ) ;
#783 = VECTOR ( 'NONE', #449, 100.0000000000000000 ) ;
#784 = VECTOR ( 'NONE', #4079, 100.0000000000000000 ) ;
#785 = CARTESIAN_POINT ( 'NONE',  ( -10.99999999999999467, 10.49999999999999467, 0.6350000000000000089 ) ) ;
#786 = AXIS2_PLACEMENT_3D ( 'NONE', #3208, #1664, #2303 ) ;
#787 = LINE ( 'NONE', #727, #3492 ) ;
#788 = ORIENTED_EDGE ( 'NONE', *, *, #972, .F. ) ;
#789 = CARTESIAN_POINT ( 'NONE',  ( -10.99999999999999467, 8.589999999999994529, 0.1349999999999999534 ) ) ;
#790 = DIRECTION ( 'NONE',  ( -0.8660254037844397068, 0.4999999999999980016, 0.000000000000000000 ) ) ;
#791 = VERTEX_POINT ( 'NONE', #3739 ) ;
#792 = ORIENTED_EDGE ( 'NONE', *, *, #3718, .F. ) ;
#793 = CARTESIAN_POINT ( 'NONE',  ( -10.49999999999999822, 10.99999999999999645, 0.000000000000000000 ) ) ;
#794 = DIRECTION ( 'NONE',  ( 0.000000000000000000, 1.000000000000000000, 0.000000000000000000 ) ) ;
#795 = ORIENTED_EDGE ( 'NONE', *, *, #2398, .F. ) ;
#796 = CARTESIAN_POINT ( 'NONE',  ( -10.99999999999999467, 10.49999999999999467, 0.3175000000000000044 ) ) ;
#797 = ORIENTED_EDGE ( 'NONE', *, *, #3275, .T. ) ;
#798 = VECTOR ( 'NONE', #570, 100.0000000000000000 ) ;
#799 = DIRECTION ( 'NONE',  ( 1.000000000000000000, 0.000000000000000000, 0.000000000000000000 ) ) ;
#800 = EDGE_LOOP ( 'NONE', ( #1462, #2083, #2950, #1880 ) ) ;
#801 = VECTOR ( 'NONE', #3655, 100.0000000000000000 ) ;
#802 = CARTESIAN_POINT ( 'NONE',  ( -9.409999999999994813, -10.99999999999999645, 0.6350000000000000089 ) ) ;
#803 = CARTESIAN_POINT ( 'NONE',  ( 10.50000000000000000, -10.99999999999999645, 0.6350000000000000089 ) ) ;
#804 = PRESENTATION_LAYER_ASSIGNMENT (  '', '', ( #1334 ) ) ;
#805 = EDGE_LOOP ( 'NONE', ( #2077, #2166, #1131, #2450, #3966, #1150, #2341, #2152, #3971, #3152, #2387, #3835 ) ) ;
#806 = PLANE ( 'NONE',  #1377 ) ;
#807 = EDGE_CURVE ( 'NONE', #2601, #1735, #3156, .T. ) ;
#808 = DIRECTION ( 'NONE',  ( -1.000000000000000000, 0.000000000000000000, -0.000000000000000000 ) ) ;
#809 = DIRECTION ( 'NONE',  ( 0.000000000000000000, 1.000000000000000000, -0.000000000000000000 ) ) ;
#810 = ORIENTED_EDGE ( 'NONE', *, *, #2882, .T. ) ;
#811 = ORIENTED_EDGE ( 'NONE', *, *, #878, .T. ) ;
#812 = ADVANCED_FACE ( 'NONE', ( #3513 ), #1835, .F. ) ;
#813 = DIRECTION ( 'NONE',  ( 0.000000000000000000, 1.000000000000000000, 0.000000000000000000 ) ) ;
#814 = LINE ( 'NONE', #2466, #1179 ) ;
#815 = VERTEX_POINT ( 'NONE', #262 ) ;
#816 = ORIENTED_EDGE ( 'NONE', *, *, #3516, .T. ) ;
#817 = CARTESIAN_POINT ( 'NONE',  ( 8.999999999999998224, 9.000000000000000000, 0.3175000000000000044 ) ) ;
#818 = VERTEX_POINT ( 'NONE', #1522 ) ;
#819 = CARTESIAN_POINT ( 'NONE',  ( 7.370000000000000107, -7.470000000000000639, 0.000000000000000000 ) ) ;
#820 = CARTESIAN_POINT ( 'NONE',  ( -25.63500000000000156, -10.36500000000000021, 0.3175000000000000044 ) ) ;
#821 = EDGE_CURVE ( 'NONE', #4037, #2620, #923, .T. ) ;
#822 = VERTEX_POINT ( 'NONE', #1560 ) ;
#823 = ADVANCED_FACE ( 'NONE', ( #1215 ), #72, .F. ) ;
#824 = DIRECTION ( 'NONE',  ( 0.000000000000000000, -1.000000000000000000, 0.000000000000000000 ) ) ;
#825 = DIRECTION ( 'NONE',  ( 1.000000000000000000, 9.088269684226883446E-17, 0.000000000000000000 ) ) ;
#826 = ORIENTED_EDGE ( 'NONE', *, *, #2954, .T. ) ;
#827 = EDGE_CURVE ( 'NONE', #1388, #2735, #756, .T. ) ;
#828 = ADVANCED_FACE ( 'NONE', ( #2573 ), #1941, .F. ) ;
#829 = VERTEX_POINT ( 'NONE', #3193 ) ;
#830 = EDGE_CURVE ( 'NONE', #3012, #3571, #2345, .T. ) ;
#831 = DIRECTION ( 'NONE',  ( 0.000000000000000000, 1.000000000000000000, 0.000000000000000000 ) ) ;
#832 = DIRECTION ( 'NONE',  ( -1.000000000000000000, 0.000000000000000000, 0.000000000000000000 ) ) ;
#833 = ORIENTED_EDGE ( 'NONE', *, *, #3718, .T. ) ;
#834 = LINE ( 'NONE', #3658, #3043 ) ;
#835 = EDGE_LOOP ( 'NONE', ( #238, #1341, #1730, #2488 ) ) ;
#836 = CIRCLE ( 'NONE', #2422, 2.499999999999999556 ) ;
#837 = DIRECTION ( 'NONE',  ( 0.000000000000000000, -1.000000000000000000, 0.000000000000000000 ) ) ;
#838 = EDGE_CURVE ( 'NONE', #295, #687, #1503, .T. ) ;
#839 = ORIENTED_EDGE ( 'NONE', *, *, #279, .T. ) ;
#840 = VECTOR ( 'NONE', #2952, 100.0000000000000000 ) ;
#841 = FACE_BOUND ( 'NONE', #2346, .T. ) ;
#842 = CARTESIAN_POINT ( 'NONE',  ( 10.99999999999999645, 7.499999999999998224, 0.000000000000000000 ) ) ;
#843 = VECTOR ( 'NONE', #159, 100.0000000000000000 ) ;
#844 = VERTEX_POINT ( 'NONE', #2308 ) ;
#845 = VECTOR ( 'NONE', #3609, 100.0000000000000000 ) ;
#846 = AXIS2_PLACEMENT_3D ( 'NONE', #1680, #150, #2939 ) ;
#847 = CARTESIAN_POINT ( 'NONE',  ( -10.99999999999999467, 7.634999999999997122, 0.3175000000000000044 ) ) ;
#848 = EDGE_CURVE ( 'NONE', #2514, #3202, #3236, .T. ) ;
#849 = DIRECTION ( 'NONE',  ( 0.7071067811865475727, -0.7071067811865475727, 0.000000000000000000 ) ) ;
#850 = ORIENTED_EDGE ( 'NONE', *, *, #3359, .T. ) ;
#851 = VECTOR ( 'NONE', #3349, 100.0000000000000000 ) ;
#852 = ORIENTED_EDGE ( 'NONE', *, *, #603, .T. ) ;
#853 = LINE ( 'NONE', #2024, #843 ) ;
#854 = FACE_OUTER_BOUND ( 'NONE', #88, .T. ) ;
#855 = CARTESIAN_POINT ( 'NONE',  ( 7.635000000000004228, -10.36499999999999488, 0.3175000000000000044 ) ) ;
#856 = ORIENTED_EDGE ( 'NONE', *, *, #4033, .T. ) ;
#857 = CARTESIAN_POINT ( 'NONE',  ( 10.99999999999999645, -8.589999999999992752, 0.1349999999999999534 ) ) ;
#858 = VERTEX_POINT ( 'NONE', #3256 ) ;
#859 = FACE_OUTER_BOUND ( 'NONE', #1569, .T. ) ;
#860 = ORIENTED_EDGE ( 'NONE', *, *, #2954, .F. ) ;
#861 =( NAMED_UNIT ( * ) SI_UNIT ( $, .STERADIAN. ) SOLID_ANGLE_UNIT ( ) );
#862 = CARTESIAN_POINT ( 'NONE',  ( 10.69500000000000206, -7.162345244612028594, 0.6350000000000000089 ) ) ;
#863 = AXIS2_PLACEMENT_3D ( 'NONE', #2423, #813, #770 ) ;
#864 = PLANE ( 'NONE',  #2893 ) ;
#865 = VERTEX_POINT ( 'NONE', #2661 ) ;
#866 = AXIS2_PLACEMENT_3D ( 'NONE', #2545, #1681, #650 ) ;
#867 = CARTESIAN_POINT ( 'NONE',  ( -10.81999999999999496, 9.409999999999996589, 0.6350000000000000089 ) ) ;
#868 = DIRECTION ( 'NONE',  ( 0.000000000000000000, 0.000000000000000000, -1.000000000000000000 ) ) ;
#869 = VECTOR ( 'NONE', #2583, 100.0000000000000000 ) ;
#870 = VERTEX_POINT ( 'NONE', #2928 ) ;
#871 = ORIENTED_EDGE ( 'NONE', *, *, #380, .T. ) ;
#872 = EDGE_CURVE ( 'NONE', #1055, #3821, #427, .T. ) ;
#873 = DIRECTION ( 'NONE',  ( 1.000000000000000000, 0.000000000000000000, 0.000000000000000000 ) ) ;
#874 = LINE ( 'NONE', #1517, #3448 ) ;
#875 = CARTESIAN_POINT ( 'NONE',  ( -9.767957166897563326, 10.19999999999999574, 0.6350000000000000089 ) ) ;
#876 = VERTEX_POINT ( 'NONE', #1084 ) ;
#877 = EDGE_CURVE ( 'NONE', #4064, #3133, #3550, .T. ) ;
#878 = EDGE_CURVE ( 'NONE', #3071, #870, #92, .T. ) ;
#879 = DIRECTION ( 'NONE',  ( 0.000000000000000000, 0.000000000000000000, -1.000000000000000000 ) ) ;
#880 = VERTEX_POINT ( 'NONE', #136 ) ;
#881 = DIRECTION ( 'NONE',  ( 0.000000000000000000, 0.000000000000000000, 1.000000000000000000 ) ) ;
#882 = EDGE_LOOP ( 'NONE', ( #273, #1143, #748, #1167 ) ) ;
#883 = EDGE_CURVE ( 'NONE', #2943, #3759, #3918, .T. ) ;
#884 = CARTESIAN_POINT ( 'NONE',  ( -10.81999999999999140, -8.589999999999999858, 0.1349999999999999534 ) ) ;
#885 = LINE ( 'NONE', #266, #2234 ) ;
#886 = ORIENTED_EDGE ( 'NONE', *, *, #2499, .T. ) ;
#887 = CARTESIAN_POINT ( 'NONE',  ( 10.99999999999999645, -10.49999999999999467, 0.000000000000000000 ) ) ;
#888 = FACE_OUTER_BOUND ( 'NONE', #2173, .T. ) ;
#889 = FACE_OUTER_BOUND ( 'NONE', #753, .T. ) ;
#890 = VERTEX_POINT ( 'NONE', #2022 ) ;
#891 = ORIENTED_EDGE ( 'NONE', *, *, #576, .F. ) ;
#892 = FACE_OUTER_BOUND ( 'NONE', #907, .T. ) ;
#893 = CARTESIAN_POINT ( 'NONE',  ( 7.635000000000004228, -10.99999999999999645, 0.6350000000000000089 ) ) ;
#894 = CARTESIAN_POINT ( 'NONE',  ( -8.589999999999992752, -10.99999999999999645, 0.1349999999999999534 ) ) ;
#895 = EDGE_LOOP ( 'NONE', ( #2010, #2772, #65, #3102 ) ) ;
#896 = CARTESIAN_POINT ( 'NONE',  ( 0.000000000000000000, 0.000000000000000000, 0.1349999999999999534 ) ) ;
#897 = EDGE_CURVE ( 'NONE', #2508, #1992, #2284, .T. ) ;
#898 = VERTEX_POINT ( 'NONE', #693 ) ;
#899 = DIRECTION ( 'NONE',  ( 2.726480905268065897E-16, -1.000000000000000000, 0.000000000000000000 ) ) ;
#900 = ORIENTED_EDGE ( 'NONE', *, *, #938, .T. ) ;
#901 = DIRECTION ( 'NONE',  ( -0.000000000000000000, 0.000000000000000000, 1.000000000000000000 ) ) ;
#902 = ADVANCED_FACE ( 'NONE', ( #2330 ), #3899, .F. ) ;
#903 = EDGE_CURVE ( 'NONE', #3772, #4049, #1316, .T. ) ;
#904 = DIRECTION ( 'NONE',  ( -0.000000000000000000, 0.000000000000000000, 1.000000000000000000 ) ) ;
#905 = VECTOR ( 'NONE', #224, 100.0000000000000000 ) ;
#906 = VECTOR ( 'NONE', #3308, 100.0000000000000000 ) ;
#907 = EDGE_LOOP ( 'NONE', ( #608, #3732, #2491, #1636 ) ) ;
#908 = LINE ( 'NONE', #3437, #1712 ) ;
#909 = VECTOR ( 'NONE', #3266, 100.0000000000000000 ) ;
#910 = VECTOR ( 'NONE', #2410, 100.0000000000000000 ) ;
#911 = CARTESIAN_POINT ( 'NONE',  ( -9.000000000000000000, 9.000000000000000000, 0.000000000000000000 ) ) ;
#912 = VERTEX_POINT ( 'NONE', #1649 ) ;
#913 = ORIENTED_EDGE ( 'NONE', *, *, #1614, .T. ) ;
#914 = VECTOR ( 'NONE', #837, 100.0000000000000000 ) ;
#915 = VECTOR ( 'NONE', #3401, 100.0000000000000000 ) ;
#916 = LINE ( 'NONE', #613, #2358 ) ;
#917 = CARTESIAN_POINT ( 'NONE',  ( -10.99999999999999112, -8.589999999999999858, 0.1349999999999999534 ) ) ;
#918 = VECTOR ( 'NONE', #3233, 100.0000000000000000 ) ;
#919 = LINE ( 'NONE', #4041, #4020 ) ;
#920 = ORIENTED_EDGE ( 'NONE', *, *, #938, .F. ) ;
#921 = LINE ( 'NONE', #941, #3709 ) ;
#922 = VERTEX_POINT ( 'NONE', #407 ) ;
#923 = LINE ( 'NONE', #2790, #122 ) ;
#924 = VERTEX_POINT ( 'NONE', #1335 ) ;
#925 = FACE_OUTER_BOUND ( 'NONE', #1850, .T. ) ;
#926 = CARTESIAN_POINT ( 'NONE',  ( -8.999999999999994671, 8.999999999999998224, 0.000000000000000000 ) ) ;
#927 = AXIS2_PLACEMENT_3D ( 'NONE', #3278, #1628, #1048 ) ;
#928 = CARTESIAN_POINT ( 'NONE',  ( -7.162345244612033923, -10.69500000000000384, 0.6350000000000000089 ) ) ;
#929 = FACE_OUTER_BOUND ( 'NONE', #3548, .T. ) ;
#930 = VERTEX_POINT ( 'NONE', #3274 ) ;
#931 = AXIS2_PLACEMENT_3D ( 'NONE', #2158, #2802, #4059 ) ;
#932 = ORIENTED_EDGE ( 'NONE', *, *, #3938, .F. ) ;
#933 = EDGE_CURVE ( 'NONE', #3378, #1603, #2594, .T. ) ;
#934 = EDGE_CURVE ( 'NONE', #2115, #2227, #1668, .T. ) ;
#935 = FACE_OUTER_BOUND ( 'NONE', #1425, .T. ) ;
#936 = VECTOR ( 'NONE', #311, 100.0000000000000000 ) ;
#937 = CARTESIAN_POINT ( 'NONE',  ( 10.36499999999999844, -25.63500000000000156, 0.6350000000000000089 ) ) ;
#938 = EDGE_CURVE ( 'NONE', #1697, #1055, #1043, .T. ) ;
#939 = DIRECTION ( 'NONE',  ( 0.000000000000000000, -1.000000000000000000, 0.000000000000000000 ) ) ;
#940 = ORIENTED_EDGE ( 'NONE', *, *, #2567, .F. ) ;
#941 = CARTESIAN_POINT ( 'NONE',  ( 9.894862706971711216E-16, -10.69500000000000384, 0.000000000000000000 ) ) ;
#942 = ORIENTED_EDGE ( 'NONE', *, *, #827, .F. ) ;
#943 = CYLINDRICAL_SURFACE ( 'NONE', #2426, 2.500000000000000888 ) ;
#944 = VERTEX_POINT ( 'NONE', #2043 ) ;
#945 = DIRECTION ( 'NONE',  ( 1.000000000000000000, 0.000000000000000000, 0.000000000000000000 ) ) ;
#946 = PLANE ( 'NONE',  #585 ) ;
#947 = CARTESIAN_POINT ( 'NONE',  ( 10.81999999999999140, 9.409999999999998366, 0.1349999999999999534 ) ) ;
#948 = DIRECTION ( 'NONE',  ( -1.000000000000000000, 0.000000000000000000, 0.000000000000000000 ) ) ;
#949 = CARTESIAN_POINT ( 'NONE',  ( -8.589999999999992752, -10.81999999999999851, 0.1349999999999999534 ) ) ;
#950 = EDGE_LOOP ( 'NONE', ( #3606, #3915, #461, #3981 ) ) ;
#951 = EDGE_CURVE ( 'NONE', #818, #3605, #2119, .T. ) ;
#952 = VERTEX_POINT ( 'NONE', #216 ) ;
#953 = DIRECTION ( 'NONE',  ( 0.000000000000000000, -1.000000000000000000, 0.000000000000000000 ) ) ;
#954 = CARTESIAN_POINT ( 'NONE',  ( 0.000000000000000000, 0.000000000000000000, 0.3175000000000000044 ) ) ;
#955 = EDGE_CURVE ( 'NONE', #3911, #3589, #3339, .T. ) ;
#956 = EDGE_CURVE ( 'NONE', #1765, #2368, #1729, .T. ) ;
#957 = FACE_OUTER_BOUND ( 'NONE', #2337, .T. ) ;
#958 = EDGE_CURVE ( 'NONE', #779, #1992, #3694, .T. ) ;
#959 = ORIENTED_EDGE ( 'NONE', *, *, #1379, .F. ) ;
#960 = CARTESIAN_POINT ( 'NONE',  ( 8.030000000000004690, 0.000000000000000000, 0.4000000000000000222 ) ) ;
#961 = ORIENTED_EDGE ( 'NONE', *, *, #877, .F. ) ;
#962 = CARTESIAN_POINT ( 'NONE',  ( -10.19999999999999396, -9.767957166897565102, 0.6350000000000000089 ) ) ;
#963 = ORIENTED_EDGE ( 'NONE', *, *, #2617, .T. ) ;
#964 = CARTESIAN_POINT ( 'NONE',  ( 8.999999999999998224, 9.000000000000000000, 0.3175000000000000044 ) ) ;
#965 = LINE ( 'NONE', #4, #1366 ) ;
#966 = DIRECTION ( 'NONE',  ( -0.000000000000000000, 0.000000000000000000, 1.000000000000000000 ) ) ;
#967 = CARTESIAN_POINT ( 'NONE',  ( -10.36499999999999666, 7.634999999999997122, 0.6350000000000000089 ) ) ;
#968 = ORIENTED_EDGE ( 'NONE', *, *, #2770, .T. ) ;
#969 = VECTOR ( 'NONE', #3000, 100.0000000000000142 ) ;
#970 = VERTEX_POINT ( 'NONE', #3996 ) ;
#971 = AXIS2_PLACEMENT_3D ( 'NONE', #726, #1656, #1990 ) ;
#972 = EDGE_CURVE ( 'NONE', #829, #1055, #771, .T. ) ;
#973 = VECTOR ( 'NONE', #1966, 100.0000000000000000 ) ;
#974 = DIRECTION ( 'NONE',  ( -9.251858538542974046E-17, -1.000000000000000000, 0.000000000000000000 ) ) ;
#975 = LINE ( 'NONE', #87, #740 ) ;
#976 = LINE ( 'NONE', #2548, #918 ) ;
#977 = AXIS2_PLACEMENT_3D ( 'NONE', #1371, #3838, #1392 ) ;
#978 = ORIENTED_EDGE ( 'NONE', *, *, #3054, .T. ) ;
#979 = VECTOR ( 'NONE', #3040, 100.0000000000000000 ) ;
#980 = DIRECTION ( 'NONE',  ( -0.000000000000000000, 0.000000000000000000, 1.000000000000000000 ) ) ;
#981 = CARTESIAN_POINT ( 'NONE',  ( -8.999999999999998224, -8.700000000000001066, 0.000000000000000000 ) ) ;
#982 = EDGE_LOOP ( 'NONE', ( #2754, #653 ) ) ;
#983 = LINE ( 'NONE', #2252, #3426 ) ;
#984 = CARTESIAN_POINT ( 'NONE',  ( -10.81999999999999140, -8.589999999999999858, 0.6350000000000000089 ) ) ;
#985 = DIRECTION ( 'NONE',  ( 1.000000000000000000, 0.000000000000000000, 0.000000000000000000 ) ) ;
#986 = ORIENTED_EDGE ( 'NONE', *, *, #1928, .F. ) ;
#987 = DIRECTION ( 'NONE',  ( 1.817653936845377429E-16, -1.000000000000000000, 0.000000000000000000 ) ) ;
#988 = LINE ( 'NONE', #2560, #2690 ) ;
#989 = DIRECTION ( 'NONE',  ( 0.000000000000000000, 0.000000000000000000, -1.000000000000000000 ) ) ;
#990 = ORIENTED_EDGE ( 'NONE', *, *, #1563, .T. ) ;
#991 = VERTEX_POINT ( 'NONE', #1428 ) ;
#992 = DIRECTION ( 'NONE',  ( 0.4999999999999979461, -0.8660254037844398178, 0.000000000000000000 ) ) ;
#993 = DIRECTION ( 'NONE',  ( 0.000000000000000000, 0.000000000000000000, 1.000000000000000000 ) ) ;
#994 = VECTOR ( 'NONE', #411, 100.0000000000000000 ) ;
#995 = EDGE_CURVE ( 'NONE', #1891, #3042, #2404, .T. ) ;
#996 = DIRECTION ( 'NONE',  ( -0.4999999999999980016, -0.8660254037844397068, 0.000000000000000000 ) ) ;
#997 = VERTEX_POINT ( 'NONE', #1472 ) ;
#998 = VECTOR ( 'NONE', #151, 100.0000000000000142 ) ;
#999 = LINE ( 'NONE', #3870, #2121 ) ;
#1000 = AXIS2_PLACEMENT_3D ( 'NONE', #3454, #1565, #1172 ) ;
#1001 = CARTESIAN_POINT ( 'NONE',  ( 7.470000000000000639, 0.000000000000000000, 0.000000000000000000 ) ) ;
#1002 = ORIENTED_EDGE ( 'NONE', *, *, #3258, .T. ) ;
#1003 = EDGE_CURVE ( 'NONE', #295, #3948, #1453, .T. ) ;
#1004 = DIRECTION ( 'NONE',  ( -1.000000000000000000, -1.817653936845376443E-16, 0.000000000000000000 ) ) ;
#1005 = ADVANCED_FACE ( 'NONE', ( #2424, #2718, #2738, #2700, #503 ), #1124, .T. ) ;
#1006 = CARTESIAN_POINT ( 'NONE',  ( 9.409999999999996589, 10.99999999999999645, 0.1349999999999999534 ) ) ;
#1007 = ADVANCED_FACE ( 'NONE', ( #235 ), #1101, .F. ) ;
#1008 = EDGE_CURVE ( 'NONE', #3627, #2402, #3363, .T. ) ;
#1009 = ORIENTED_EDGE ( 'NONE', *, *, #2186, .T. ) ;
#1010 = CARTESIAN_POINT ( 'NONE',  ( 0.000000000000000000, 0.000000000000000000, 0.3175000000000000044 ) ) ;
#1011 = FACE_OUTER_BOUND ( 'NONE', #2536, .T. ) ;
#1012 = CARTESIAN_POINT ( 'NONE',  ( 10.49999999999999467, 10.99999999999999467, 0.3175000000000000044 ) ) ;
#1013 = ORIENTED_EDGE ( 'NONE', *, *, #2440, .T. ) ;
#1014 = ORIENTED_EDGE ( 'NONE', *, *, #1212, .T. ) ;
#1015 = CARTESIAN_POINT ( 'NONE',  ( 10.36499999999999488, 25.63499999999999801, 0.6350000000000000089 ) ) ;
#1016 = DIRECTION ( 'NONE',  ( 0.000000000000000000, 0.000000000000000000, 1.000000000000000000 ) ) ;
#1017 = EDGE_CURVE ( 'NONE', #3166, #3994, #157, .T. ) ;
#1018 = DIRECTION ( 'NONE',  ( -0.000000000000000000, 0.000000000000000000, 1.000000000000000000 ) ) ;
#1019 = VERTEX_POINT ( 'NONE', #1791 ) ;
#1020 = LINE ( 'NONE', #111, #402 ) ;
#1021 = DIRECTION ( 'NONE',  ( 0.000000000000000000, 0.000000000000000000, -1.000000000000000000 ) ) ;
#1022 = VERTEX_POINT ( 'NONE', #1409 ) ;
#1023 = CARTESIAN_POINT ( 'NONE',  ( -10.19999999999999396, -8.232042833102434898, 0.1349999999999999534 ) ) ;
#1024 = EDGE_CURVE ( 'NONE', #3504, #1918, #3047, .T. ) ;
#1025 = DIRECTION ( 'NONE',  ( -0.000000000000000000, -0.000000000000000000, 1.000000000000000000 ) ) ;
#1026 = CARTESIAN_POINT ( 'NONE',  ( -7.470000000000000639, 7.370000000000000107, 0.4000000000000000222 ) ) ;
#1027 = VERTEX_POINT ( 'NONE', #549 ) ;
#1028 = CARTESIAN_POINT ( 'NONE',  ( 7.370000000000000107, -7.470000000000000639, 0.4000000000000000222 ) ) ;
#1029 = ADVANCED_FACE ( 'NONE', ( #2676 ), #1811, .F. ) ;
#1030 = FACE_OUTER_BOUND ( 'NONE', #2443, .T. ) ;
#1031 = DIRECTION ( 'NONE',  ( -0.000000000000000000, -0.000000000000000000, 1.000000000000000000 ) ) ;
#1032 = ORIENTED_EDGE ( 'NONE', *, *, #951, .T. ) ;
#1033 = CARTESIAN_POINT ( 'NONE',  ( 10.19999999999999574, 8.232042833102433121, 0.6350000000000000089 ) ) ;
#1034 = CARTESIAN_POINT ( 'NONE',  ( 7.499999999999998224, -10.99999999999999822, 0.3175000000000000044 ) ) ;
#1035 = ORIENTED_EDGE ( 'NONE', *, *, #3, .F. ) ;
#1036 = CARTESIAN_POINT ( 'NONE',  ( 10.99999999999999645, 8.589999999999998082, 0.1349999999999999534 ) ) ;
#1037 = ORIENTED_EDGE ( 'NONE', *, *, #2602, .F. ) ;
#1038 = VECTOR ( 'NONE', #21, 100.0000000000000000 ) ;
#1039 = VECTOR ( 'NONE', #3523, 100.0000000000000000 ) ;
#1040 = DIRECTION ( 'NONE',  ( 1.000000000000000000, 1.817653936845377429E-16, 0.000000000000000000 ) ) ;
#1041 = AXIS2_PLACEMENT_3D ( 'NONE', #1715, #722, #3922 ) ;
#1042 = VECTOR ( 'NONE', #1655, 100.0000000000000000 ) ;
#1043 = LINE ( 'NONE', #2386, #1313 ) ;
#1044 = ORIENTED_EDGE ( 'NONE', *, *, #4013, .F. ) ;
#1045 = VECTOR ( 'NONE', #1984, 100.0000000000000000 ) ;
#1046 = AXIS2_PLACEMENT_3D ( 'NONE', #2576, #410, #1651 ) ;
#1047 = CARTESIAN_POINT ( 'NONE',  ( -10.36499999999999666, 7.634999999999997122, 0.3175000000000000044 ) ) ;
#1048 = DIRECTION ( 'NONE',  ( -1.000000000000000000, 0.000000000000000000, 0.000000000000000000 ) ) ;
#1049 = CARTESIAN_POINT ( 'NONE',  ( -7.470000000000000639, 7.370000000000000107, 0.4000000000000000222 ) ) ;
#1050 = VECTOR ( 'NONE', #2438, 100.0000000000000000 ) ;
#1051 = ORIENTED_EDGE ( 'NONE', *, *, #3199, .F. ) ;
#1052 = LINE ( 'NONE', #1630, #840 ) ;
#1053 = PLANE ( 'NONE',  #1498 ) ;
#1054 = LINE ( 'NONE', #2013, #1499 ) ;
#1055 = VERTEX_POINT ( 'NONE', #3007 ) ;
#1056 = LINE ( 'NONE', #2321, #459 ) ;
#1057 = CARTESIAN_POINT ( 'NONE',  ( -8.029999999999997584, -8.030000000000002913, 0.4000000000000000222 ) ) ;
#1058 = ORIENTED_EDGE ( 'NONE', *, *, #1331, .T. ) ;
#1059 = LINE ( 'NONE', #2326, #3564 ) ;
#1060 = EDGE_CURVE ( 'NONE', #2413, #599, #467, .T. ) ;
#1061 = ORIENTED_EDGE ( 'NONE', *, *, #3836, .T. ) ;
#1062 = EDGE_CURVE ( 'NONE', #944, #2425, #814, .T. ) ;
#1063 = VECTOR ( 'NONE', #1087, 100.0000000000000000 ) ;
#1064 = LINE ( 'NONE', #2005, #3578 ) ;
#1065 = CARTESIAN_POINT ( 'NONE',  ( 10.99999999999999645, -8.589999999999992752, 0.1349999999999999534 ) ) ;
#1066 = VERTEX_POINT ( 'NONE', #2487 ) ;
#1067 = VECTOR ( 'NONE', #2904, 100.0000000000000000 ) ;
#1068 = CARTESIAN_POINT ( 'NONE',  ( 0.000000000000000000, 0.000000000000000000, 0.1349999999999999534 ) ) ;
#1069 = AXIS2_PLACEMENT_3D ( 'NONE', #2200, #3746, #3079 ) ;
#1070 = CARTESIAN_POINT ( 'NONE',  ( -10.99999999999999112, -9.410000000000000142, 0.1349999999999999534 ) ) ;
#1071 = ORIENTED_EDGE ( 'NONE', *, *, #758, .T. ) ;
#1072 = PLANE ( 'NONE',  #2829 ) ;
#1073 = LINE ( 'NONE', #2012, #50 ) ;
#1074 = CARTESIAN_POINT ( 'NONE',  ( 10.99999999999999645, -9.409999999999994813, 0.1349999999999999534 ) ) ;
#1075 = ORIENTED_EDGE ( 'NONE', *, *, #3103, .T. ) ;
#1076 = DIRECTION ( 'NONE',  ( 0.8660254037844397068, -0.4999999999999980016, 0.000000000000000000 ) ) ;
#1077 = EDGE_CURVE ( 'NONE', #2381, #3128, #919, .T. ) ;
#1078 = CARTESIAN_POINT ( 'NONE',  ( 10.36499999999999488, 7.635000000000004228, 0.6350000000000000089 ) ) ;
#1079 = ORIENTED_EDGE ( 'NONE', *, *, #2050, .F. ) ;
#1080 = ORIENTED_EDGE ( 'NONE', *, *, #278, .F. ) ;
#1081 = ADVANCED_FACE ( 'NONE', ( #957 ), #2206, .F. ) ;
#1082 = ADVANCED_FACE ( 'NONE', ( #3446 ), #2803, .F. ) ;
#1083 = DIRECTION ( 'NONE',  ( 0.000000000000000000, 1.000000000000000000, -0.000000000000000000 ) ) ;
#1084 = CARTESIAN_POINT ( 'NONE',  ( 10.49999999999999467, 11.00000000000000000, 0.000000000000000000 ) ) ;
#1085 = ORIENTED_EDGE ( 'NONE', *, *, #3540, .F. ) ;
#1086 = DIRECTION ( 'NONE',  ( 0.000000000000000000, 0.000000000000000000, 1.000000000000000000 ) ) ;
#1087 = DIRECTION ( 'NONE',  ( -1.000000000000000000, -9.088269684226887144E-17, 0.000000000000000000 ) ) ;
#1088 = EDGE_LOOP ( 'NONE', ( #73, #2701, #348, #1014 ) ) ;
#1089 = CARTESIAN_POINT ( 'NONE',  ( 8.589999999999999858, -10.81999999999999140, 0.1349999999999999534 ) ) ;
#1090 = ORIENTED_EDGE ( 'NONE', *, *, #2909, .F. ) ;
#1091 = PLANE ( 'NONE',  #1840 ) ;
#1092 = CARTESIAN_POINT ( 'NONE',  ( 10.49999999999999467, 10.99999999999999467, 0.3175000000000000044 ) ) ;
#1093 = DIRECTION ( 'NONE',  ( 1.000000000000000000, -1.817653936845377429E-16, 0.000000000000000000 ) ) ;
#1094 = ORIENTED_EDGE ( 'NONE', *, *, #2052, .F. ) ;
#1095 = LINE ( 'NONE', #2688, #3365 ) ;
#1096 = DIRECTION ( 'NONE',  ( 9.088269684226887144E-17, -1.000000000000000000, 0.000000000000000000 ) ) ;
#1097 = ORIENTED_EDGE ( 'NONE', *, *, #1478, .T. ) ;
#1098 = ORIENTED_EDGE ( 'NONE', *, *, #3482, .F. ) ;
#1099 = EDGE_CURVE ( 'NONE', #791, #1190, #2223, .T. ) ;
#1100 = CARTESIAN_POINT ( 'NONE',  ( 9.410000000000000142, -10.99999999999999112, 0.6350000000000000089 ) ) ;
#1101 = PLANE ( 'NONE',  #3756 ) ;
#1102 = AXIS2_PLACEMENT_3D ( 'NONE', #1326, #66, #2922 ) ;
#1103 = ORIENTED_EDGE ( 'NONE', *, *, #4062, .T. ) ;
#1104 = VECTOR ( 'NONE', #3559, 100.0000000000000000 ) ;
#1105 = CARTESIAN_POINT ( 'NONE',  ( -10.99999999999999112, -9.410000000000000142, 0.1349999999999999534 ) ) ;
#1106 = VECTOR ( 'NONE', #2395, 100.0000000000000000 ) ;
#1107 = AXIS2_PLACEMENT_3D ( 'NONE', #3183, #2895, #61 ) ;
#1108 = DIRECTION ( 'NONE',  ( 0.8660254037844397068, 0.4999999999999980016, 0.000000000000000000 ) ) ;
#1109 = ORIENTED_EDGE ( 'NONE', *, *, #99, .F. ) ;
#1110 = CARTESIAN_POINT ( 'NONE',  ( -10.69500000000000384, 7.162345244612041029, 0.3175000000000011147 ) ) ;
#1111 = ORIENTED_EDGE ( 'NONE', *, *, #3406, .T. ) ;
#1112 = VECTOR ( 'NONE', #2126, 100.0000000000000000 ) ;
#1113 = EDGE_CURVE ( 'NONE', #3336, #3571, #3777, .T. ) ;
#1114 = AXIS2_PLACEMENT_3D ( 'NONE', #741, #3195, #3874 ) ;
#1115 = FACE_BOUND ( 'NONE', #163, .T. ) ;
#1116 = VECTOR ( 'NONE', #3298, 100.0000000000000142 ) ;
#1117 = ORIENTED_EDGE ( 'NONE', *, *, #334, .T. ) ;
#1118 = CARTESIAN_POINT ( 'NONE',  ( 10.69500000000000206, 7.162345244612039252, 0.000000000000000000 ) ) ;
#1119 = DIRECTION ( 'NONE',  ( 0.000000000000000000, 0.000000000000000000, 1.000000000000000000 ) ) ;
#1120 = CARTESIAN_POINT ( 'NONE',  ( -9.409999999999998366, 10.81999999999999140, 0.1349999999999999534 ) ) ;
#1121 = VERTEX_POINT ( 'NONE', #1878 ) ;
#1122 = ORIENTED_EDGE ( 'NONE', *, *, #3909, .F. ) ;
#1123 = DIRECTION ( 'NONE',  ( 0.000000000000000000, 0.000000000000000000, 1.000000000000000000 ) ) ;
#1124 = PLANE ( 'NONE',  #1711 ) ;
#1125 = ORIENTED_EDGE ( 'NONE', *, *, #2412, .T. ) ;
#1126 = VECTOR ( 'NONE', #32, 100.0000000000000000 ) ;
#1127 = DIRECTION ( 'NONE',  ( 0.000000000000000000, -1.000000000000000000, 0.000000000000000000 ) ) ;
#1128 = ORIENTED_EDGE ( 'NONE', *, *, #3154, .T. ) ;
#1129 = VECTOR ( 'NONE', #4019, 100.0000000000000000 ) ;
#1130 = LINE ( 'NONE', #1816, #2171 ) ;
#1131 = ORIENTED_EDGE ( 'NONE', *, *, #528, .T. ) ;
#1132 = EDGE_CURVE ( 'NONE', #3299, #2753, #2702, .T. ) ;
#1133 = VECTOR ( 'NONE', #1468, 100.0000000000000000 ) ;
#1134 = DIRECTION ( 'NONE',  ( -1.000000000000000000, -1.817653936845377429E-16, 0.000000000000000000 ) ) ;
#1135 = EDGE_CURVE ( 'NONE', #3049, #3701, #3423, .T. ) ;
#1136 = EDGE_CURVE ( 'NONE', #1277, #818, #1602, .T. ) ;
#1137 = LINE ( 'NONE', #1783, #1106 ) ;
#1138 = EDGE_CURVE ( 'NONE', #1701, #1540, #1778, .T. ) ;
#1139 = EDGE_LOOP ( 'NONE', ( #3610, #1827, #474, #3867 ) ) ;
#1140 = LINE ( 'NONE', #2397, #193 ) ;
#1141 = DIRECTION ( 'NONE',  ( 0.000000000000000000, 0.000000000000000000, -1.000000000000000000 ) ) ;
#1142 = DIRECTION ( 'NONE',  ( -0.000000000000000000, 0.000000000000000000, 1.000000000000000000 ) ) ;
#1143 = ORIENTED_EDGE ( 'NONE', *, *, #4043, .T. ) ;
#1144 = ORIENTED_EDGE ( 'NONE', *, *, #225, .T. ) ;
#1145 = ADVANCED_FACE ( 'NONE', ( #1583 ), #1554, .T. ) ;
#1146 = CARTESIAN_POINT ( 'NONE',  ( -9.409999999999994813, -10.81999999999999851, 0.1349999999999999534 ) ) ;
#1147 = CARTESIAN_POINT ( 'NONE',  ( 10.20000000000000107, -9.767957166897559773, 0.6350000000000000089 ) ) ;
#1148 = EDGE_LOOP ( 'NONE', ( #129, #729, #850, #2238, #573, #617 ) ) ;
#1149 = DIRECTION ( 'NONE',  ( 0.8660254037844398178, -0.4999999999999979461, 0.000000000000000000 ) ) ;
#1150 = ORIENTED_EDGE ( 'NONE', *, *, #2908, .T. ) ;
#1151 = LINE ( 'NONE', #1414, #1440 ) ;
#1152 = ORIENTED_EDGE ( 'NONE', *, *, #1619, .F. ) ;
#1153 = EDGE_CURVE ( 'NONE', #2407, #553, #2304, .T. ) ;
#1154 = FACE_OUTER_BOUND ( 'NONE', #3857, .T. ) ;
#1155 = CARTESIAN_POINT ( 'NONE',  ( -9.000000000000000000, 9.300000000000000711, 0.6350000000000000089 ) ) ;
#1156 = ORIENTED_EDGE ( 'NONE', *, *, #581, .F. ) ;
#1157 = EDGE_CURVE ( 'NONE', #85, #2968, #3468, .T. ) ;
#1158 = EDGE_CURVE ( 'NONE', #3470, #3378, #651, .T. ) ;
#1159 = LINE ( 'NONE', #561, #969 ) ;
#1160 = PLANE ( 'NONE',  #1069 ) ;
#1161 = ORIENTED_EDGE ( 'NONE', *, *, #481, .F. ) ;
#1162 = EDGE_LOOP ( 'NONE', ( #2319, #3895, #2764, #3854, #3839, #2484, #3376, #17, #2715, #3212, #1178, #3900, #735, #3435, #3093, #1871, #3081, #1764, #3027, #3430, #2668, #546, #2453, #8, #1109, #1748, #1437, #2334, #3859, #3904, #1584, #3935, #2586, #1044, #1348, #509, #2383, #2036, #507, #2912, #465, #3242, #3372, #2956, #3621, #479, #2637, #1079, #579, #2868, #2857, #1037, #1506, #2534, #5, #231, #2260, #2686, #751, #1550, #375, #2989, #1090, #1947, #3955, #2072, #4012, #1858, #718, #2592, #2531, #1353, #437, #3176, #1933, #3661 ) ) ;
#1163 = DIRECTION ( 'NONE',  ( 0.000000000000000000, -1.000000000000000000, 0.000000000000000000 ) ) ;
#1164 = CARTESIAN_POINT ( 'NONE',  ( -10.99999999999999467, 9.409999999999996589, 0.1349999999999999534 ) ) ;
#1165 = ORIENTED_EDGE ( 'NONE', *, *, #3333, .T. ) ;
#1166 = LINE ( 'NONE', #857, #1197 ) ;
#1167 = ORIENTED_EDGE ( 'NONE', *, *, #41, .F. ) ;
#1168 = DIRECTION ( 'NONE',  ( 0.000000000000000000, 1.000000000000000000, -0.000000000000000000 ) ) ;
#1169 = ORIENTED_EDGE ( 'NONE', *, *, #1611, .T. ) ;
#1170 = AXIS2_PLACEMENT_3D ( 'NONE', #3791, #3769, #455 ) ;
#1171 = VECTOR ( 'NONE', #1802, 100.0000000000000000 ) ;
#1172 = DIRECTION ( 'NONE',  ( 0.000000000000000000, 1.000000000000000000, 0.000000000000000000 ) ) ;
#1173 = AXIS2_PLACEMENT_3D ( 'NONE', #1717, #3967, #2070 ) ;
#1174 = DIRECTION ( 'NONE',  ( -1.000000000000000000, -9.251858538542974046E-17, 0.000000000000000000 ) ) ;
#1175 = LINE ( 'NONE', #3347, #3287 ) ;
#1176 = CIRCLE ( 'NONE', #185, 2.499999999999999556 ) ;
#1177 = AXIS2_PLACEMENT_3D ( 'NONE', #43, #1620, #1599 ) ;
#1178 = ORIENTED_EDGE ( 'NONE', *, *, #2174, .F. ) ;
#1179 = VECTOR ( 'NONE', #13, 100.0000000000000000 ) ;
#1180 = VECTOR ( 'NONE', #1572, 100.0000000000000000 ) ;
#1181 = CARTESIAN_POINT ( 'NONE',  ( -10.81999999999999140, -9.410000000000000142, 0.6350000000000000089 ) ) ;
#1182 = DIRECTION ( 'NONE',  ( 0.000000000000000000, 0.000000000000000000, -1.000000000000000000 ) ) ;
#1183 = ORIENTED_EDGE ( 'NONE', *, *, #531, .T. ) ;
#1184 = ORIENTED_EDGE ( 'NONE', *, *, #3933, .F. ) ;
#1185 = EDGE_CURVE ( 'NONE', #3049, #1022, #2846, .T. ) ;
#1186 = DIRECTION ( 'NONE',  ( -9.251858538542974046E-17, 1.000000000000000000, 0.000000000000000000 ) ) ;
#1187 = FACE_OUTER_BOUND ( 'NONE', #1511, .T. ) ;
#1188 = EDGE_CURVE ( 'NONE', #3128, #1398, #2867, .T. ) ;
#1189 = CARTESIAN_POINT ( 'NONE',  ( -10.19999999999999396, -8.232042833102434898, 0.1349999999999999534 ) ) ;
#1190 = VERTEX_POINT ( 'NONE', #875 ) ;
#1191 = CARTESIAN_POINT ( 'NONE',  ( 7.634999999999997122, 10.36499999999999666, 0.3175000000000000044 ) ) ;
#1192 = ORIENTED_EDGE ( 'NONE', *, *, #3695, .T. ) ;
#1193 = DIRECTION ( 'NONE',  ( -0.000000000000000000, 0.000000000000000000, 1.000000000000000000 ) ) ;
#1194 = ORIENTED_EDGE ( 'NONE', *, *, #821, .T. ) ;
#1195 = CARTESIAN_POINT ( 'NONE',  ( 9.000000000000000000, 9.000000000000001776, 0.000000000000000000 ) ) ;
#1196 = PLANE ( 'NONE',  #1500 ) ;
#1197 = VECTOR ( 'NONE', #139, 100.0000000000000000 ) ;
#1198 = LINE ( 'NONE', #184, #1171 ) ;
#1199 = ORIENTED_EDGE ( 'NONE', *, *, #3482, .T. ) ;
#1200 = DIRECTION ( 'NONE',  ( -1.000000000000000000, 0.000000000000000000, -0.000000000000000000 ) ) ;
#1201 = FACE_OUTER_BOUND ( 'NONE', #4047, .T. ) ;
#1202 = CARTESIAN_POINT ( 'NONE',  ( 10.50000000000000000, -10.99999999999999645, 0.000000000000000000 ) ) ;
#1203 = AXIS2_PLACEMENT_3D ( 'NONE', #911, #1806, #270 ) ;
#1204 = ORIENTED_EDGE ( 'NONE', *, *, #124, .T. ) ;
#1205 = ORIENTED_EDGE ( 'NONE', *, *, #356, .F. ) ;
#1206 = EDGE_CURVE ( 'NONE', #553, #1540, #2140, .T. ) ;
#1207 = CARTESIAN_POINT ( 'NONE',  ( 10.99999999999999645, -8.589999999999992752, 0.6350000000000000089 ) ) ;
#1208 = DIRECTION ( 'NONE',  ( 0.000000000000000000, -1.000000000000000000, 0.000000000000000000 ) ) ;
#1209 = DIRECTION ( 'NONE',  ( 1.000000000000000000, 1.817653936845377429E-16, 0.000000000000000000 ) ) ;
#1210 = ORIENTED_EDGE ( 'NONE', *, *, #1454, .T. ) ;
#1211 = ADVANCED_FACE ( 'NONE', ( #258 ), #1518, .F. ) ;
#1212 = EDGE_CURVE ( 'NONE', #930, #858, #3896, .T. ) ;
#1213 = DIRECTION ( 'NONE',  ( 0.000000000000000000, 1.000000000000000000, -0.000000000000000000 ) ) ;
#1214 = VERTEX_POINT ( 'NONE', #3547 ) ;
#1215 = FACE_OUTER_BOUND ( 'NONE', #657, .T. ) ;
#1216 = ORIENTED_EDGE ( 'NONE', *, *, #2882, .F. ) ;
#1217 =( LENGTH_UNIT ( ) NAMED_UNIT ( * ) SI_UNIT ( .CENTI., .METRE. ) );
#1218 = LINE ( 'NONE', #3702, #2760 ) ;
#1219 = PLANE ( 'NONE',  #2828 ) ;
#1220 = ORIENTED_EDGE ( 'NONE', *, *, #2175, .F. ) ;
#1221 = CYLINDRICAL_SURFACE ( 'NONE', #2306, 0.3000000000000016542 ) ;
#1222 = CARTESIAN_POINT ( 'NONE',  ( -7.499999999999998224, 10.99999999999999645, 0.6350000000000000089 ) ) ;
#1223 = LINE ( 'NONE', #2113, #1734 ) ;
#1224 = ORIENTED_EDGE ( 'NONE', *, *, #2979, .T. ) ;
#1225 = ORIENTED_EDGE ( 'NONE', *, *, #706, .T. ) ;
#1226 = CARTESIAN_POINT ( 'NONE',  ( -7.635000000000003340, 10.36499999999999666, 0.3175000000000000044 ) ) ;
#1227 = CARTESIAN_POINT ( 'NONE',  ( 9.000000000000001776, -8.999999999999996447, 0.6350000000000000089 ) ) ;
#1228 = DIRECTION ( 'NONE',  ( -0.8660254037844398178, 0.4999999999999980571, 0.000000000000000000 ) ) ;
#1229 = ORIENTED_EDGE ( 'NONE', *, *, #1799, .F. ) ;
#1230 = CARTESIAN_POINT ( 'NONE',  ( -8.589999999999998082, 10.81999999999999140, 0.1349999999999999534 ) ) ;
#1231 = ORIENTED_EDGE ( 'NONE', *, *, #2730, .F. ) ;
#1232 = DIRECTION ( 'NONE',  ( 0.000000000000000000, -1.000000000000000000, 0.000000000000000000 ) ) ;
#1233 = ORIENTED_EDGE ( 'NONE', *, *, #1556, .F. ) ;
#1234 = LINE ( 'NONE', #2475, #349 ) ;
#1235 = LINE ( 'NONE', #1590, #448 ) ;
#1236 = DIRECTION ( 'NONE',  ( -0.000000000000000000, 0.000000000000000000, 1.000000000000000000 ) ) ;
#1237 = EDGE_CURVE ( 'NONE', #1822, #3759, #976, .T. ) ;
#1238 = ADVANCED_FACE ( 'NONE', ( #2264 ), #710, .F. ) ;
#1239 = CARTESIAN_POINT ( 'NONE',  ( -7.499999999999998224, 10.99999999999999645, 0.6350000000000000089 ) ) ;
#1240 = EDGE_CURVE ( 'NONE', #2375, #3109, #1364, .T. ) ;
#1241 = VECTOR ( 'NONE', #432, 100.0000000000000000 ) ;
#1242 = LINE ( 'NONE', #1825, #743 ) ;
#1243 = ORIENTED_EDGE ( 'NONE', *, *, #529, .F. ) ;
#1244 = ORIENTED_EDGE ( 'NONE', *, *, #1281, .T. ) ;
#1245 = VECTOR ( 'NONE', #2530, 100.0000000000000000 ) ;
#1246 = CARTESIAN_POINT ( 'NONE',  ( 10.99999999999999645, -10.49999999999999467, 0.6350000000000000089 ) ) ;
#1247 = DIRECTION ( 'NONE',  ( 9.088269684226883446E-17, -1.000000000000000000, 0.000000000000000000 ) ) ;
#1248 = DIRECTION ( 'NONE',  ( 0.000000000000000000, -1.000000000000000000, 0.000000000000000000 ) ) ;
#1249 = ORIENTED_EDGE ( 'NONE', *, *, #4045, .T. ) ;
#1250 = DIRECTION ( 'NONE',  ( -9.251858538542974046E-17, -1.000000000000000000, 0.000000000000000000 ) ) ;
#1251 = ORIENTED_EDGE ( 'NONE', *, *, #1331, .F. ) ;
#1252 = DIRECTION ( 'NONE',  ( 1.817653936845377429E-16, -1.000000000000000000, 0.000000000000000000 ) ) ;
#1253 = EDGE_LOOP ( 'NONE', ( #3563, #2711 ) ) ;
#1254 = CARTESIAN_POINT ( 'NONE',  ( 7.162345244612036588, -10.69500000000000384, 0.3175000000000011147 ) ) ;
#1255 = CARTESIAN_POINT ( 'NONE',  ( 8.030000000000004690, 0.000000000000000000, 0.4000000000000000222 ) ) ;
#1256 = EDGE_CURVE ( 'NONE', #1872, #1300, #3954, .T. ) ;
#1257 = DIRECTION ( 'NONE',  ( 0.000000000000000000, 0.000000000000000000, 1.000000000000000000 ) ) ;
#1258 = ORIENTED_EDGE ( 'NONE', *, *, #883, .T. ) ;
#1259 = VECTOR ( 'NONE', #4086, 100.0000000000000000 ) ;
#1260 = DIRECTION ( 'NONE',  ( 1.000000000000000000, 0.000000000000000000, 0.000000000000000000 ) ) ;
#1261 = ADVANCED_FACE ( 'NONE', ( #1702 ), #379, .F. ) ;
#1262 = EDGE_CURVE ( 'NONE', #3267, #818, #68, .T. ) ;
#1263 = DIRECTION ( 'NONE',  ( 0.000000000000000000, -1.000000000000000000, 0.000000000000000000 ) ) ;
#1264 = CARTESIAN_POINT ( 'NONE',  ( -8.999999999999998224, -9.000000000000001776, 0.6350000000000000089 ) ) ;
#1265 = VERTEX_POINT ( 'NONE', #1036 ) ;
#1266 = VECTOR ( 'NONE', #1247, 100.0000000000000000 ) ;
#1267 = VERTEX_POINT ( 'NONE', #3509 ) ;
#1268 = LINE ( 'NONE', #3832, #1779 ) ;
#1269 = AXIS2_PLACEMENT_3D ( 'NONE', #1787, #2982, #1700 ) ;
#1270 = DIRECTION ( 'NONE',  ( 0.000000000000000000, 1.000000000000000000, 0.000000000000000000 ) ) ;
#1271 = DIRECTION ( 'NONE',  ( 0.000000000000000000, -1.000000000000000000, 0.000000000000000000 ) ) ;
#1272 = ORIENTED_EDGE ( 'NONE', *, *, #3628, .T. ) ;
#1273 = PRODUCT_DEFINITION_FORMATION_WITH_SPECIFIED_SOURCE ( 'ANY', '', #3457, .NOT_KNOWN. ) ;
#1274 = DIRECTION ( 'NONE',  ( -1.000000000000000000, -9.088269684226887144E-17, 0.000000000000000000 ) ) ;
#1275 = ORIENTED_EDGE ( 'NONE', *, *, #2834, .F. ) ;
#1276 = LINE ( 'NONE', #2189, #1573 ) ;
#1277 = VERTEX_POINT ( 'NONE', #2591 ) ;
#1278 = DIRECTION ( 'NONE',  ( -1.000000000000000000, -2.726480905268065897E-16, 0.000000000000000000 ) ) ;
#1279 = DIRECTION ( 'NONE',  ( 0.8660254037844398178, -0.4999999999999979461, 0.000000000000000000 ) ) ;
#1280 = ORIENTED_EDGE ( 'NONE', *, *, #955, .F. ) ;
#1281 = EDGE_CURVE ( 'NONE', #2785, #4037, #3853, .T. ) ;
#1282 = PLANE ( 'NONE',  #3697 ) ;
#1283 = DIRECTION ( 'NONE',  ( 1.000000000000000000, 0.000000000000000000, 0.000000000000000000 ) ) ;
#1284 = DIRECTION ( 'NONE',  ( 1.000000000000000000, 1.817653936845377429E-16, 0.000000000000000000 ) ) ;
#1285 = EDGE_LOOP ( 'NONE', ( #194, #3345, #3439, #1751 ) ) ;
#1286 = ORIENTED_EDGE ( 'NONE', *, *, #3956, .F. ) ;
#1287 = FACE_OUTER_BOUND ( 'NONE', #346, .T. ) ;
#1288 = FACE_OUTER_BOUND ( 'NONE', #2795, .T. ) ;
#1289 = CARTESIAN_POINT ( 'NONE',  ( 9.767957166897559773, 10.19999999999999929, 0.1349999999999999534 ) ) ;
#1290 = ORIENTED_EDGE ( 'NONE', *, *, #2728, .T. ) ;
#1291 = FACE_OUTER_BOUND ( 'NONE', #3293, .T. ) ;
#1292 = DIRECTION ( 'NONE',  ( 0.000000000000000000, -1.000000000000000000, 0.000000000000000000 ) ) ;
#1293 = ORIENTED_EDGE ( 'NONE', *, *, #429, .T. ) ;
#1294 = DIRECTION ( 'NONE',  ( -1.817653936845376443E-16, 1.000000000000000000, 0.000000000000000000 ) ) ;
#1295 = LINE ( 'NONE', #2618, #1594 ) ;
#1296 = CARTESIAN_POINT ( 'NONE',  ( -25.63500000000000156, 10.36499999999999311, 0.3175000000000000044 ) ) ;
#1297 = CARTESIAN_POINT ( 'NONE',  ( -10.69500000000000384, 7.162345244612041029, 0.000000000000000000 ) ) ;
#1298 = DIRECTION ( 'NONE',  ( 0.000000000000000000, 1.000000000000000000, -0.000000000000000000 ) ) ;
#1299 = CARTESIAN_POINT ( 'NONE',  ( 9.410000000000000142, -10.99999999999999112, 0.1349999999999999534 ) ) ;
#1300 = VERTEX_POINT ( 'NONE', #89 ) ;
#1301 = VECTOR ( 'NONE', #3397, 100.0000000000000000 ) ;
#1302 = ORIENTED_EDGE ( 'NONE', *, *, #3048, .F. ) ;
#1303 = ADVANCED_BREP_SHAPE_REPRESENTATION ( 'elevated-cell-top_60', ( #3786, #1803 ), #2455 ) ;
#1304 = VECTOR ( 'NONE', #2394, 100.0000000000000000 ) ;
#1305 = FACE_OUTER_BOUND ( 'NONE', #504, .T. ) ;
#1306 = LINE ( 'NONE', #2692, #540 ) ;
#1307 = DIRECTION ( 'NONE',  ( 0.000000000000000000, 0.000000000000000000, -1.000000000000000000 ) ) ;
#1308 = AXIS2_PLACEMENT_3D ( 'NONE', #3877, #1674, #1340 ) ;
#1309 = VECTOR ( 'NONE', #2509, 100.0000000000000142 ) ;
#1310 = ORIENTED_EDGE ( 'NONE', *, *, #3780, .T. ) ;
#1311 = ADVANCED_FACE ( 'NONE', ( #1622 ), #2884, .T. ) ;
#1312 = EDGE_CURVE ( 'NONE', #815, #2402, #3499, .T. ) ;
#1313 = VECTOR ( 'NONE', #832, 100.0000000000000000 ) ;
#1314 = ADVANCED_FACE ( 'NONE', ( #1957 ), #2281, .T. ) ;
#1315 = CARTESIAN_POINT ( 'NONE',  ( -8.999999999999994671, 8.999999999999998224, 0.6350000000000000089 ) ) ;
#1316 = LINE ( 'NONE', #387, #3025 ) ;
#1317 = EDGE_LOOP ( 'NONE', ( #2155, #2309, #2879, #2133 ) ) ;
#1318 = CARTESIAN_POINT ( 'NONE',  ( 9.409999999999996589, 10.99999999999999467, 0.1349999999999999534 ) ) ;
#1319 = DIRECTION ( 'NONE',  ( 0.000000000000000000, 0.000000000000000000, -1.000000000000000000 ) ) ;
#1320 = CARTESIAN_POINT ( 'NONE',  ( 9.000000000000001776, -8.699999999999995737, 0.6350000000000000089 ) ) ;
#1321 = CARTESIAN_POINT ( 'NONE',  ( 10.99999999999999645, 7.635000000000004228, 0.6350000000000000089 ) ) ;
#1322 = CARTESIAN_POINT ( 'NONE',  ( -8.999999999999994671, 8.999999999999998224, 0.000000000000000000 ) ) ;
#1323 = LINE ( 'NONE', #3165, #2197 ) ;
#1324 = ORIENTED_EDGE ( 'NONE', *, *, #4067, .T. ) ;
#1325 = ORIENTED_EDGE ( 'NONE', *, *, #2004, .F. ) ;
#1326 = CARTESIAN_POINT ( 'NONE',  ( 10.99999999999999645, -9.409999999999994813, 0.1349999999999999534 ) ) ;
#1327 = DIRECTION ( 'NONE',  ( -1.000000000000000000, -1.817653936845377429E-16, 0.000000000000000000 ) ) ;
#1328 = AXIS2_PLACEMENT_3D ( 'NONE', #618, #302, #325 ) ;
#1329 = DIRECTION ( 'NONE',  ( -1.000000000000000000, 0.000000000000000000, -0.000000000000000000 ) ) ;
#1330 = ORIENTED_EDGE ( 'NONE', *, *, #430, .T. ) ;
#1331 = EDGE_CURVE ( 'NONE', #559, #3071, #2924, .T. ) ;
#1332 = VECTOR ( 'NONE', #2569, 100.0000000000000000 ) ;
#1333 = FACE_OUTER_BOUND ( 'NONE', #3926, .T. ) ;
#1334 = STYLED_ITEM ( 'NONE', ( #1763 ), #3786 ) ;
#1335 = CARTESIAN_POINT ( 'NONE',  ( -10.99999999999999645, -7.635000000000001563, 0.6350000000000000089 ) ) ;
#1336 = VERTEX_POINT ( 'NONE', #2611 ) ;
#1337 = EDGE_CURVE ( 'NONE', #3544, #47, #3568, .T. ) ;
#1338 = EDGE_CURVE ( 'NONE', #335, #1487, #3252, .T. ) ;
#1339 = DIRECTION ( 'NONE',  ( -0.8660254037844398178, -0.4999999999999980571, 0.000000000000000000 ) ) ;
#1340 = DIRECTION ( 'NONE',  ( 0.000000000000000000, -1.000000000000000000, 0.000000000000000000 ) ) ;
#1341 = ORIENTED_EDGE ( 'NONE', *, *, #2292, .T. ) ;
#1342 = DIRECTION ( 'NONE',  ( 0.000000000000000000, 0.000000000000000000, 1.000000000000000000 ) ) ;
#1343 = FACE_OUTER_BOUND ( 'NONE', #1844, .T. ) ;
#1344 = PLANE ( 'NONE',  #2627 ) ;
#1345 = VERTEX_POINT ( 'NONE', #2942 ) ;
#1346 = DIRECTION ( 'NONE',  ( 0.000000000000000000, -1.000000000000000000, 0.000000000000000000 ) ) ;
#1347 = FACE_OUTER_BOUND ( 'NONE', #2160, .T. ) ;
#1348 = ORIENTED_EDGE ( 'NONE', *, *, #2859, .F. ) ;
#1349 = DIRECTION ( 'NONE',  ( 0.7071067811865475727, -0.7071067811865475727, 0.000000000000000000 ) ) ;
#1350 = VERTEX_POINT ( 'NONE', #109 ) ;
#1351 = DIRECTION ( 'NONE',  ( 0.000000000000000000, 1.000000000000000000, 0.000000000000000000 ) ) ;
#1352 = CARTESIAN_POINT ( 'NONE',  ( 10.36499999999999488, 7.635000000000004228, 0.3175000000000000044 ) ) ;
#1353 = ORIENTED_EDGE ( 'NONE', *, *, #582, .F. ) ;
#1354 = CARTESIAN_POINT ( 'NONE',  ( -8.232042833102429569, -10.20000000000000107, 0.1349999999999999534 ) ) ;
#1355 = VERTEX_POINT ( 'NONE', #2634 ) ;
#1356 = CARTESIAN_POINT ( 'NONE',  ( 10.81999999999999140, 8.589999999999998082, 0.1349999999999999534 ) ) ;
#1357 = DIRECTION ( 'NONE',  ( -0.000000000000000000, 0.000000000000000000, 1.000000000000000000 ) ) ;
#1358 = EDGE_CURVE ( 'NONE', #1561, #1365, #1059, .T. ) ;
#1359 = DIRECTION ( 'NONE',  ( -0.4999999999999980571, 0.8660254037844398178, 0.000000000000000000 ) ) ;
#1360 = ORIENTED_EDGE ( 'NONE', *, *, #1431, .F. ) ;
#1361 = DIRECTION ( 'NONE',  ( -1.000000000000000000, 0.000000000000000000, -0.000000000000000000 ) ) ;
#1362 = CARTESIAN_POINT ( 'NONE',  ( 9.000000000000001776, -8.999999999999996447, 0.3175000000000000044 ) ) ;
#1363 = ORIENTED_EDGE ( 'NONE', *, *, #3949, .F. ) ;
#1364 = LINE ( 'NONE', #2244, #1913 ) ;
#1365 = VERTEX_POINT ( 'NONE', #3271 ) ;
#1366 = VECTOR ( 'NONE', #3826, 100.0000000000000000 ) ;
#1367 = AXIS2_PLACEMENT_3D ( 'NONE', #494, #1399, #1757 ) ;
#1368 = CARTESIAN_POINT ( 'NONE',  ( -10.99999999999999467, 8.589999999999994529, 0.6350000000000000089 ) ) ;
#1369 = AXIS2_PLACEMENT_3D ( 'NONE', #1859, #637, #3820 ) ;
#1370 = AXIS2_PLACEMENT_3D ( 'NONE', #3811, #3442, #974 ) ;
#1371 = CARTESIAN_POINT ( 'NONE',  ( 10.81999999999999140, 9.409999999999998366, 0.1349999999999999534 ) ) ;
#1372 = VERTEX_POINT ( 'NONE', #1420 ) ;
#1373 = VECTOR ( 'NONE', #1855, 100.0000000000000000 ) ;
#1374 = AXIS2_PLACEMENT_3D ( 'NONE', #1786, #3706, #790 ) ;
#1375 = DIRECTION ( 'NONE',  ( -1.000000000000000000, 0.000000000000000000, -0.000000000000000000 ) ) ;
#1376 = LINE ( 'NONE', #58, #1241 ) ;
#1377 = AXIS2_PLACEMENT_3D ( 'NONE', #1483, #2074, #3647 ) ;
#1378 = ORIENTED_EDGE ( 'NONE', *, *, #4076, .T. ) ;
#1379 = EDGE_CURVE ( 'NONE', #4055, #2601, #3373, .T. ) ;
#1380 = LINE ( 'NONE', #2581, #1638 ) ;
#1381 = CARTESIAN_POINT ( 'NONE',  ( 9.000000000000001776, -8.999999999999996447, 0.6350000000000000089 ) ) ;
#1382 = DIRECTION ( 'NONE',  ( 0.000000000000000000, -1.000000000000000000, 0.000000000000000000 ) ) ;
#1383 = ORIENTED_EDGE ( 'NONE', *, *, #933, .T. ) ;
#1384 = EDGE_CURVE ( 'NONE', #181, #559, #3973, .T. ) ;
#1385 = EDGE_CURVE ( 'NONE', #944, #2819, #2712, .T. ) ;
#1386 = CARTESIAN_POINT ( 'NONE',  ( -10.36500000000000199, 25.63499999999999801, 0.3175000000000000044 ) ) ;
#1387 = DIRECTION ( 'NONE',  ( 0.000000000000000000, 0.000000000000000000, 1.000000000000000000 ) ) ;
#1388 = VERTEX_POINT ( 'NONE', #1760 ) ;
#1389 = ORIENTED_EDGE ( 'NONE', *, *, #2398, .T. ) ;
#1390 = VECTOR ( 'NONE', #1920, 100.0000000000000000 ) ;
#1391 = PLANE ( 'NONE',  #610 ) ;
#1392 = DIRECTION ( 'NONE',  ( -0.8660254037844397068, 0.4999999999999980016, 0.000000000000000000 ) ) ;
#1393 = EDGE_LOOP ( 'NONE', ( #1923, #1725, #1216, #1330 ) ) ;
#1394 = VECTOR ( 'NONE', #1996, 100.0000000000000000 ) ;
#1395 = PLANE ( 'NONE',  #3225 ) ;
#1396 = CARTESIAN_POINT ( 'NONE',  ( -10.36500000000000199, 25.63499999999999801, 0.6350000000000000089 ) ) ;
#1397 = DIRECTION ( 'NONE',  ( 0.000000000000000000, -1.000000000000000000, 0.000000000000000000 ) ) ;
#1398 = VERTEX_POINT ( 'NONE', #1466 ) ;
#1399 = DIRECTION ( 'NONE',  ( -0.000000000000000000, 0.000000000000000000, 1.000000000000000000 ) ) ;
#1400 = EDGE_CURVE ( 'NONE', #1355, #3911, #2732, .T. ) ;
#1401 = ORIENTED_EDGE ( 'NONE', *, *, #1670, .F. ) ;
#1402 = LINE ( 'NONE', #789, #329 ) ;
#1403 = DIRECTION ( 'NONE',  ( -0.000000000000000000, 1.000000000000000000, 0.000000000000000000 ) ) ;
#1404 =( NAMED_UNIT ( * ) SI_UNIT ( $, .STERADIAN. ) SOLID_ANGLE_UNIT ( ) );
#1405 = VERTEX_POINT ( 'NONE', #3989 ) ;
#1406 = VERTEX_POINT ( 'NONE', #1118 ) ;
#1407 = DIRECTION ( 'NONE',  ( 0.000000000000000000, -1.000000000000000000, 0.000000000000000000 ) ) ;
#1408 = EDGE_CURVE ( 'NONE', #2753, #880, #1095, .T. ) ;
#1409 = CARTESIAN_POINT ( 'NONE',  ( 7.634999999999997122, 10.99999999999999467, 0.3175000000000000044 ) ) ;
#1410 = VERTEX_POINT ( 'NONE', #2414 ) ;
#1411 = CARTESIAN_POINT ( 'NONE',  ( 10.36499999999999488, 7.635000000000004228, 0.3175000000000000044 ) ) ;
#1412 = DIRECTION ( 'NONE',  ( 0.000000000000000000, 0.000000000000000000, 1.000000000000000000 ) ) ;
#1413 = ORIENTED_EDGE ( 'NONE', *, *, #3463, .T. ) ;
#1414 = CARTESIAN_POINT ( 'NONE',  ( 8.589999999999999858, -10.81999999999999140, 0.1349999999999999534 ) ) ;
#1415 = ORIENTED_EDGE ( 'NONE', *, *, #203, .F. ) ;
#1416 = CARTESIAN_POINT ( 'NONE',  ( 10.36499999999999488, 25.63499999999999801, 0.3175000000000000044 ) ) ;
#1417 = FACE_OUTER_BOUND ( 'NONE', #3960, .T. ) ;
#1418 = EDGE_LOOP ( 'NONE', ( #3675, #100, #40, #3388 ) ) ;
#1419 = EDGE_CURVE ( 'NONE', #2381, #970, #3163, .T. ) ;
#1420 = CARTESIAN_POINT ( 'NONE',  ( -10.99999999999999645, -7.500000000000000000, 0.3175000000000000044 ) ) ;
#1421 = DIRECTION ( 'NONE',  ( 1.000000000000000000, 0.000000000000000000, 0.000000000000000000 ) ) ;
#1422 = CARTESIAN_POINT ( 'NONE',  ( 10.36499999999999666, 10.99999999999999467, 0.6350000000000000089 ) ) ;
#1423 = EDGE_LOOP ( 'NONE', ( #3069, #3400 ) ) ;
#1424 = UNCERTAINTY_MEASURE_WITH_UNIT (LENGTH_MEASURE( 1.000000000000000082E-05 ), #1217, 'distance_accuracy_value', 'NONE');
#1425 = EDGE_LOOP ( 'NONE', ( #217, #1482, #2552, #1807 ) ) ;
#1426 = DIRECTION ( 'NONE',  ( -0.4999999999999980016, -0.8660254037844397068, 0.000000000000000000 ) ) ;
#1427 = AXIS2_PLACEMENT_3D ( 'NONE', #2087, #2685, #3925 ) ;
#1428 = CARTESIAN_POINT ( 'NONE',  ( -10.49999999999999822, 10.99999999999999645, 0.3175000000000000044 ) ) ;
#1429 = AXIS2_PLACEMENT_3D ( 'NONE', #1296, #36, #2500 ) ;
#1430 = ORIENTED_EDGE ( 'NONE', *, *, #1747, .T. ) ;
#1431 = EDGE_CURVE ( 'NONE', #1798, #3605, #3059, .T. ) ;
#1432 = ADVANCED_FACE ( 'NONE', ( #3705 ), #806, .T. ) ;
#1433 = EDGE_CURVE ( 'NONE', #3800, #659, #2980, .T. ) ;
#1434 = CIRCLE ( 'NONE', #2100, 2.500000000000003553 ) ;
#1435 = VECTOR ( 'NONE', #1134, 100.0000000000000000 ) ;
#1436 = LINE ( 'NONE', #3387, #2382 ) ;
#1437 = ORIENTED_EDGE ( 'NONE', *, *, #425, .F. ) ;
#1438 = DIRECTION ( 'NONE',  ( 0.000000000000000000, 1.000000000000000000, 0.000000000000000000 ) ) ;
#1439 = EDGE_LOOP ( 'NONE', ( #9, #961, #666, #1192 ) ) ;
#1440 = VECTOR ( 'NONE', #2682, 100.0000000000000142 ) ;
#1441 = VECTOR ( 'NONE', #873, 100.0000000000000000 ) ;
#1442 = LINE ( 'NONE', #1416, #3493 ) ;
#1443 = VECTOR ( 'NONE', #2267, 100.0000000000000000 ) ;
#1444 = DIRECTION ( 'NONE',  ( 1.000000000000000000, 0.000000000000000000, 0.000000000000000000 ) ) ;
#1445 = VERTEX_POINT ( 'NONE', #3396 ) ;
#1446 = EDGE_CURVE ( 'NONE', #60, #533, #1402, .T. ) ;
#1447 = DIRECTION ( 'NONE',  ( 0.000000000000000000, 0.000000000000000000, -1.000000000000000000 ) ) ;
#1448 = CARTESIAN_POINT ( 'NONE',  ( 0.000000000000000000, 0.000000000000000000, 0.3175000000000000044 ) ) ;
#1449 = LINE ( 'NONE', #3588, #998 ) ;
#1450 = ORIENTED_EDGE ( 'NONE', *, *, #3540, .T. ) ;
#1451 = EDGE_LOOP ( 'NONE', ( #4061, #826 ) ) ;
#1452 = LINE ( 'NONE', #3671, #1529 ) ;
#1453 = LINE ( 'NONE', #3980, #1981 ) ;
#1454 = EDGE_CURVE ( 'NONE', #236, #632, #1140, .T. ) ;
#1455 = ORIENTED_EDGE ( 'NONE', *, *, #3764, .T. ) ;
#1456 = AXIS2_PLACEMENT_3D ( 'NONE', #3612, #1412, #1127 ) ;
#1457 = FACE_OUTER_BOUND ( 'NONE', #1088, .T. ) ;
#1458 = ORIENTED_EDGE ( 'NONE', *, *, #1017, .T. ) ;
#1459 = VECTOR ( 'NONE', #3143, 100.0000000000000000 ) ;
#1460 = DIRECTION ( 'NONE',  ( 0.000000000000000000, -1.000000000000000000, 0.000000000000000000 ) ) ;
#1461 = ADVANCED_FACE ( 'NONE', ( #2838 ), #1282, .F. ) ;
#1462 = ORIENTED_EDGE ( 'NONE', *, *, #1586, .T. ) ;
#1463 = CARTESIAN_POINT ( 'NONE',  ( -7.162345244612033923, -10.69500000000000384, 0.000000000000000000 ) ) ;
#1464 = CARTESIAN_POINT ( 'NONE',  ( -10.19999999999999751, 8.232042833102431345, 0.1349999999999999534 ) ) ;
#1465 = ORIENTED_EDGE ( 'NONE', *, *, #4013, .T. ) ;
#1466 = CARTESIAN_POINT ( 'NONE',  ( -10.36499999999999488, -10.36499999999999844, 0.3175000000000000044 ) ) ;
#1467 = CARTESIAN_POINT ( 'NONE',  ( 7.370000000000000107, -7.470000000000000639, 0.4000000000000000222 ) ) ;
#1468 = DIRECTION ( 'NONE',  ( -0.000000000000000000, 0.000000000000000000, 1.000000000000000000 ) ) ;
#1469 = EDGE_LOOP ( 'NONE', ( #1884, #201, #3505, #990, #1205, #3738, #491, #2203, #2998, #3131, #3510, #2714, #2277, #4023, #3952, #2027, #1152, #968, #3978, #1051, #1477, #2442, #2044, #3272 ) ) ;
#1470 = ORIENTED_EDGE ( 'NONE', *, *, #75, .T. ) ;
#1471 = DIRECTION ( 'NONE',  ( 0.000000000000000000, -1.000000000000000000, 0.000000000000000000 ) ) ;
#1472 = CARTESIAN_POINT ( 'NONE',  ( -10.81999999999999140, -8.589999999999999858, 0.6350000000000000089 ) ) ;
#1473 = ORIENTED_EDGE ( 'NONE', *, *, #702, .T. ) ;
#1474 = DIRECTION ( 'NONE',  ( -0.8660254037844397068, -0.4999999999999980016, 0.000000000000000000 ) ) ;
#1475 = ORIENTED_EDGE ( 'NONE', *, *, #1188, .T. ) ;
#1476 = DIRECTION ( 'NONE',  ( 1.000000000000000000, 9.088269684226883446E-17, 0.000000000000000000 ) ) ;
#1477 = ORIENTED_EDGE ( 'NONE', *, *, #807, .F. ) ;
#1478 = EDGE_CURVE ( 'NONE', #515, #2023, #1888, .T. ) ;
#1479 = DIRECTION ( 'NONE',  ( -1.000000000000000000, 0.000000000000000000, 0.000000000000000000 ) ) ;
#1480 = EDGE_CURVE ( 'NONE', #1741, #2035, #1823, .T. ) ;
#1481 = DIRECTION ( 'NONE',  ( 0.000000000000000000, 0.000000000000000000, -1.000000000000000000 ) ) ;
#1482 = ORIENTED_EDGE ( 'NONE', *, *, #3181, .T. ) ;
#1483 = CARTESIAN_POINT ( 'NONE',  ( 10.99999999999999645, 7.499999999999998224, 0.6350000000000000089 ) ) ;
#1484 = EDGE_CURVE ( 'NONE', #486, #4027, #3076, .T. ) ;
#1485 = DIRECTION ( 'NONE',  ( -0.000000000000000000, -0.000000000000000000, 1.000000000000000000 ) ) ;
#1486 = CARTESIAN_POINT ( 'NONE',  ( -7.470000000000000639, 7.370000000000000107, 0.4000000000000000222 ) ) ;
#1487 = VERTEX_POINT ( 'NONE', #1547 ) ;
#1488 = ORIENTED_EDGE ( 'NONE', *, *, #1619, .T. ) ;
#1489 = CARTESIAN_POINT ( 'NONE',  ( -10.99999999999999112, -8.589999999999999858, 0.1349999999999999534 ) ) ;
#1490 = CARTESIAN_POINT ( 'NONE',  ( -8.232042833102433121, 10.19999999999999574, 0.1349999999999999534 ) ) ;
#1491 = DIRECTION ( 'NONE',  ( 0.000000000000000000, -1.000000000000000000, 0.000000000000000000 ) ) ;
#1492 = VERTEX_POINT ( 'NONE', #2773 ) ;
#1493 = CARTESIAN_POINT ( 'NONE',  ( -10.81999999999999140, -9.410000000000000142, 0.1349999999999999534 ) ) ;
#1494 = ORIENTED_EDGE ( 'NONE', *, *, #27, .F. ) ;
#1495 = VECTOR ( 'NONE', #3745, 100.0000000000000000 ) ;
#1496 = CARTESIAN_POINT ( 'NONE',  ( 10.99999999999999112, 9.409999999999998366, 0.6350000000000000089 ) ) ;
#1497 = ORIENTED_EDGE ( 'NONE', *, *, #1737, .T. ) ;
#1498 = AXIS2_PLACEMENT_3D ( 'NONE', #1695, #2316, #3582 ) ;
#1499 = VECTOR ( 'NONE', #1093, 100.0000000000000000 ) ;
#1500 = AXIS2_PLACEMENT_3D ( 'NONE', #2853, #2793, #1501 ) ;
#1501 = DIRECTION ( 'NONE',  ( 1.000000000000000000, 0.000000000000000000, 0.000000000000000000 ) ) ;
#1502 = CARTESIAN_POINT ( 'NONE',  ( 8.999999999999998224, 9.000000000000000000, 0.6350000000000000089 ) ) ;
#1503 = CIRCLE ( 'NONE', #3626, 0.3000000000000016542 ) ;
#1504 = AXIS2_PLACEMENT_3D ( 'NONE', #1609, #3215, #1627 ) ;
#1505 = EDGE_CURVE ( 'NONE', #1492, #2606, #2503, .T. ) ;
#1506 = ORIENTED_EDGE ( 'NONE', *, *, #2053, .F. ) ;
#1507 = VECTOR ( 'NONE', #526, 100.0000000000000000 ) ;
#1508 = VECTOR ( 'NONE', #3865, 100.0000000000000000 ) ;
#1509 = DIRECTION ( 'NONE',  ( -1.000000000000000000, -9.088269684226887144E-17, 0.000000000000000000 ) ) ;
#1510 = DIRECTION ( 'NONE',  ( 9.251858538542972814E-17, 1.000000000000000000, 0.000000000000000000 ) ) ;
#1511 = EDGE_LOOP ( 'NONE', ( #2146, #3636, #2478, #3527 ) ) ;
#1512 = ADVANCED_FACE ( 'NONE', ( #580 ), #1221, .F. ) ;
#1513 = EDGE_CURVE ( 'NONE', #1577, #147, #3137, .T. ) ;
#1514 = VERTEX_POINT ( 'NONE', #3581 ) ;
#1515 = FACE_OUTER_BOUND ( 'NONE', #523, .T. ) ;
#1516 = EDGE_CURVE ( 'NONE', #121, #1822, #2645, .T. ) ;
#1517 = CARTESIAN_POINT ( 'NONE',  ( 0.000000000000000000, 7.470000000000000639, 0.4000000000000000222 ) ) ;
#1518 = PLANE ( 'NONE',  #1647 ) ;
#1519 = ORIENTED_EDGE ( 'NONE', *, *, #1851, .T. ) ;
#1520 = CARTESIAN_POINT ( 'NONE',  ( 10.99999999999999112, 8.589999999999998082, 0.1349999999999999534 ) ) ;
#1521 = ORIENTED_EDGE ( 'NONE', *, *, #1419, .T. ) ;
#1522 = CARTESIAN_POINT ( 'NONE',  ( -8.589999999999992752, -10.99999999999999645, 0.6350000000000000089 ) ) ;
#1523 = ORIENTED_EDGE ( 'NONE', *, *, #1384, .F. ) ;
#1524 = CARTESIAN_POINT ( 'NONE',  ( 8.030000000000004690, -8.030000000000002913, 0.4000000000000000222 ) ) ;
#1525 = DIRECTION ( 'NONE',  ( -1.000000000000000000, 0.000000000000000000, 0.000000000000000000 ) ) ;
#1526 = VECTOR ( 'NONE', #1813, 100.0000000000000000 ) ;
#1527 = LINE ( 'NONE', #3987, #1770 ) ;
#1528 = ORIENTED_EDGE ( 'NONE', *, *, #2709, .T. ) ;
#1529 = VECTOR ( 'NONE', #2737, 100.0000000000000142 ) ;
#1530 = CARTESIAN_POINT ( 'NONE',  ( 0.000000000000000000, 8.030000000000004690, 0.4000000000000000222 ) ) ;
#1531 = FACE_OUTER_BOUND ( 'NONE', #3002, .T. ) ;
#1532 = VERTEX_POINT ( 'NONE', #355 ) ;
#1533 = ORIENTED_EDGE ( 'NONE', *, *, #2297, .F. ) ;
#1534 = DIRECTION ( 'NONE',  ( 1.000000000000000000, 0.000000000000000000, 0.000000000000000000 ) ) ;
#1535 = DIRECTION ( 'NONE',  ( 1.000000000000000000, 0.000000000000000000, 0.000000000000000000 ) ) ;
#1536 = CARTESIAN_POINT ( 'NONE',  ( 8.589999999999994529, 10.81999999999999673, 0.1349999999999999534 ) ) ;
#1537 = ORIENTED_EDGE ( 'NONE', *, *, #706, .F. ) ;
#1538 = EDGE_CURVE ( 'NONE', #865, #2972, #3557, .T. ) ;
#1539 = CARTESIAN_POINT ( 'NONE',  ( 10.81999999999999140, 8.589999999999998082, 0.6350000000000000089 ) ) ;
#1540 = VERTEX_POINT ( 'NONE', #1297 ) ;
#1541 = CARTESIAN_POINT ( 'NONE',  ( 10.20000000000000107, -9.767957166897559773, 0.1349999999999999534 ) ) ;
#1542 = VERTEX_POINT ( 'NONE', #725 ) ;
#1543 = EDGE_CURVE ( 'NONE', #252, #1953, #3501, .T. ) ;
#1544 = DIRECTION ( 'NONE',  ( -1.000000000000000000, 0.000000000000000000, 0.000000000000000000 ) ) ;
#1545 = CARTESIAN_POINT ( 'NONE',  ( 9.410000000000000142, -10.99999999999999112, 0.6350000000000000089 ) ) ;
#1546 = ORIENTED_EDGE ( 'NONE', *, *, #2651, .T. ) ;
#1547 = CARTESIAN_POINT ( 'NONE',  ( -9.409999999999998366, 10.99999999999999112, 0.1349999999999999534 ) ) ;
#1548 = DIRECTION ( 'NONE',  ( -0.000000000000000000, 0.000000000000000000, 1.000000000000000000 ) ) ;
#1549 = PLANE ( 'NONE',  #3976 ) ;
#1550 = ORIENTED_EDGE ( 'NONE', *, *, #1976, .F. ) ;
#1551 = ORIENTED_EDGE ( 'NONE', *, *, #3103, .F. ) ;
#1552 = LINE ( 'NONE', #3483, #1309 ) ;
#1553 = CARTESIAN_POINT ( 'NONE',  ( -7.635000000000003340, 10.99999999999999645, 0.3175000000000000044 ) ) ;
#1554 = PLANE ( 'NONE',  #3161 ) ;
#1555 = ORIENTED_EDGE ( 'NONE', *, *, #380, .F. ) ;
#1556 = EDGE_CURVE ( 'NONE', #1388, #3997, #777, .T. ) ;
#1557 = ADVANCED_FACE ( 'NONE', ( #3539 ), #3827, .F. ) ;
#1558 = DIRECTION ( 'NONE',  ( -0.000000000000000000, 0.000000000000000000, 1.000000000000000000 ) ) ;
#1559 = ORIENTED_EDGE ( 'NONE', *, *, #3888, .F. ) ;
#1560 = CARTESIAN_POINT ( 'NONE',  ( -9.000000000000000000, 8.699999999999999289, 0.6350000000000000089 ) ) ;
#1561 = VERTEX_POINT ( 'NONE', #3222 ) ;
#1562 = ADVANCED_FACE ( 'NONE', ( #102 ), #1072, .F. ) ;
#1563 = EDGE_CURVE ( 'NONE', #1701, #25, #682, .T. ) ;
#1564 = EDGE_CURVE ( 'NONE', #414, #2211, #1052, .T. ) ;
#1565 = DIRECTION ( 'NONE',  ( 0.000000000000000000, 0.000000000000000000, -1.000000000000000000 ) ) ;
#1566 = EDGE_CURVE ( 'NONE', #559, #440, #2918, .T. ) ;
#1567 = DIRECTION ( 'NONE',  ( -1.000000000000000000, 0.000000000000000000, 0.000000000000000000 ) ) ;
#1568 = FACE_OUTER_BOUND ( 'NONE', #882, .T. ) ;
#1569 = EDGE_LOOP ( 'NONE', ( #2886, #1455, #1144, #1488 ) ) ;
#1570 = CLOSED_SHELL ( 'NONE', ( #2707, #1512, #4057, #1634, #1642, #772, #3794, #2177, #2073, #1814, #3488, #2169, #4070, #219, #3259, #1005, #3155, #1720, #1311, #148, #1432, #458, #2727, #636, #2805, #2246, #2973, #3770, #1145, #3337, #1687, #2600, #2860, #2020, #728, #2151, #3508, #3030, #1983, #3666, #2006, #3536, #2318, #4014, #1876, #2474, #823, #93, #2527, #2002, #3344, #1820, #3607, #2116, #206, #2919, #1029, #1211, #2776, #1944, #1766, #3028, #2392, #828, #1742, #3173, #1081, #101, #1007, #2399, #3916, #3386, #1461, #812, #675, #3391, #4068, #3311, #2648, #2274, #902, #1314, #1886, #2141, #3587, #2546, #1082, #1879, #2674, #3205, #1557, #3662, #3574, #3558, #2782, #1562, #3937, #406, #707, #3077, #399, #2752, #3203, #2310, #333, #2325, #2003, #3129, #3889, #2671, #3024, #1837, #2622, #241, #3445, #174, #524, #3790, #3461, #2896, #3813, #1238, #2347, #1261 ) ) ;
#1571 = VECTOR ( 'NONE', #1676, 100.0000000000000000 ) ;
#1572 = DIRECTION ( 'NONE',  ( 0.7071067811865475727, 0.7071067811865475727, -0.000000000000000000 ) ) ;
#1573 = VECTOR ( 'NONE', #2228, 100.0000000000000000 ) ;
#1574 = CARTESIAN_POINT ( 'NONE',  ( 8.589999999999999858, -10.81999999999999140, 0.6350000000000000089 ) ) ;
#1575 = ORIENTED_EDGE ( 'NONE', *, *, #530, .T. ) ;
#1576 = EDGE_CURVE ( 'NONE', #236, #1675, #2038, .T. ) ;
#1577 = VERTEX_POINT ( 'NONE', #1989 ) ;
#1578 = AXIS2_PLACEMENT_3D ( 'NONE', #4060, #1896, #1271 ) ;
#1579 = VECTOR ( 'NONE', #56, 100.0000000000000000 ) ;
#1580 = LINE ( 'NONE', #2528, #3757 ) ;
#1581 = CARTESIAN_POINT ( 'NONE',  ( 9.000000000000001776, -8.999999999999996447, 0.3175000000000000044 ) ) ;
#1582 = AXIS2_PLACEMENT_3D ( 'NONE', #2356, #4008, #1722 ) ;
#1583 = FACE_OUTER_BOUND ( 'NONE', #1988, .T. ) ;
#1584 = ORIENTED_EDGE ( 'NONE', *, *, #2744, .F. ) ;
#1585 = CARTESIAN_POINT ( 'NONE',  ( -10.81999999999999140, -9.410000000000000142, 0.6350000000000000089 ) ) ;
#1586 = EDGE_CURVE ( 'NONE', #2739, #2099, #2876, .T. ) ;
#1587 = ORIENTED_EDGE ( 'NONE', *, *, #1256, .T. ) ;
#1588 = CARTESIAN_POINT ( 'NONE',  ( -10.81999999999999496, 9.409999999999996589, 0.1349999999999999534 ) ) ;
#1589 = VERTEX_POINT ( 'NONE', #37 ) ;
#1590 = CARTESIAN_POINT ( 'NONE',  ( 10.36499999999999666, 10.36499999999999666, 0.3175000000000000044 ) ) ;
#1591 = EDGE_CURVE ( 'NONE', #220, #844, #1949, .T. ) ;
#1592 = CARTESIAN_POINT ( 'NONE',  ( 8.589999999999994529, 10.99999999999999645, 0.6350000000000000089 ) ) ;
#1593 = ORIENTED_EDGE ( 'NONE', *, *, #897, .F. ) ;
#1594 = VECTOR ( 'NONE', #1319, 100.0000000000000000 ) ;
#1595 = CARTESIAN_POINT ( 'NONE',  ( 8.999999999999998224, 9.000000000000000000, 0.000000000000000000 ) ) ;
#1596 = LINE ( 'NONE', #24, #2588 ) ;
#1597 = ORIENTED_EDGE ( 'NONE', *, *, #3031, .F. ) ;
#1598 = ORIENTED_EDGE ( 'NONE', *, *, #903, .T. ) ;
#1599 = DIRECTION ( 'NONE',  ( 0.000000000000000000, 1.000000000000000000, 0.000000000000000000 ) ) ;
#1600 = VECTOR ( 'NONE', #2797, 100.0000000000000000 ) ;
#1601 = CARTESIAN_POINT ( 'NONE',  ( 9.000000000000000000, 9.300000000000000711, 0.000000000000000000 ) ) ;
#1602 = LINE ( 'NONE', #894, #2833 ) ;
#1603 = VERTEX_POINT ( 'NONE', #2603 ) ;
#1604 = LINE ( 'NONE', #2247, #1390 ) ;
#1605 = ORIENTED_EDGE ( 'NONE', *, *, #1576, .F. ) ;
#1606 = CARTESIAN_POINT ( 'NONE',  ( -8.999999999999994671, 8.999999999999998224, 0.6350000000000000089 ) ) ;
#1607 = ORIENTED_EDGE ( 'NONE', *, *, #3227, .T. ) ;
#1608 = EDGE_CURVE ( 'NONE', #1697, #2420, #3860, .T. ) ;
#1609 = CARTESIAN_POINT ( 'NONE',  ( 9.000000000000001776, -8.999999999999998224, 0.6350000000000000089 ) ) ;
#1610 = LINE ( 'NONE', #947, #2167 ) ;
#1611 = EDGE_CURVE ( 'NONE', #2368, #3109, #2623, .T. ) ;
#1612 = CARTESIAN_POINT ( 'NONE',  ( 10.36499999999999488, 7.635000000000004228, 0.3175000000000000044 ) ) ;
#1613 = CARTESIAN_POINT ( 'NONE',  ( -7.634999999999996234, -10.36499999999999844, 0.3175000000000000044 ) ) ;
#1614 = EDGE_CURVE ( 'NONE', #335, #2099, #434, .T. ) ;
#1615 = LINE ( 'NONE', #374, #3247 ) ;
#1616 = EDGE_LOOP ( 'NONE', ( #3721, #2342, #1225, #2669 ) ) ;
#1617 = EDGE_LOOP ( 'NONE', ( #294, #1721, #1551, #3055 ) ) ;
#1618 = EDGE_CURVE ( 'NONE', #486, #1410, #1380, .T. ) ;
#1619 = EDGE_CURVE ( 'NONE', #3930, #2606, #316, .T. ) ;
#1620 = DIRECTION ( 'NONE',  ( 0.000000000000000000, 0.000000000000000000, -1.000000000000000000 ) ) ;
#1621 = CARTESIAN_POINT ( 'NONE',  ( 9.000000000000001776, -8.999999999999998224, 0.6350000000000000089 ) ) ;
#1622 = FACE_OUTER_BOUND ( 'NONE', #2265, .T. ) ;
#1623 = VERTEX_POINT ( 'NONE', #2725 ) ;
#1624 = DIRECTION ( 'NONE',  ( -0.000000000000000000, 0.000000000000000000, 1.000000000000000000 ) ) ;
#1625 = CARTESIAN_POINT ( 'NONE',  ( 7.635000000000004228, -10.99999999999999645, 0.6350000000000000089 ) ) ;
#1626 = EDGE_LOOP ( 'NONE', ( #699, #932, #2185, #1204 ) ) ;
#1627 = DIRECTION ( 'NONE',  ( 0.000000000000000000, -1.000000000000000000, 0.000000000000000000 ) ) ;
#1628 = DIRECTION ( 'NONE',  ( 0.000000000000000000, 1.000000000000000000, 0.000000000000000000 ) ) ;
#1629 = LINE ( 'NONE', #3456, #1038 ) ;
#1630 = CARTESIAN_POINT ( 'NONE',  ( -7.635000000000003340, 10.36499999999999666, 0.6350000000000000089 ) ) ;
#1631 = CARTESIAN_POINT ( 'NONE',  ( 25.63500000000000156, 10.36499999999999844, 0.3175000000000000044 ) ) ;
#1632 = CARTESIAN_POINT ( 'NONE',  ( -10.19999999999999396, -9.767957166897565102, 0.1349999999999999534 ) ) ;
#1633 = ORIENTED_EDGE ( 'NONE', *, *, #2979, .F. ) ;
#1634 = ADVANCED_FACE ( 'NONE', ( #3945 ), #2086, .F. ) ;
#1635 = CIRCLE ( 'NONE', #113, 0.3000000000000002665 ) ;
#1636 = ORIENTED_EDGE ( 'NONE', *, *, #203, .T. ) ;
#1637 = VECTOR ( 'NONE', #3601, 100.0000000000000000 ) ;
#1638 = VECTOR ( 'NONE', #1930, 100.0000000000000000 ) ;
#1639 = DIRECTION ( 'NONE',  ( 1.000000000000000000, 0.000000000000000000, 0.000000000000000000 ) ) ;
#1640 = CARTESIAN_POINT ( 'NONE',  ( -10.99999999999999112, -8.589999999999999858, 0.6350000000000000089 ) ) ;
#1641 = EDGE_CURVE ( 'NONE', #3993, #1777, #3346, .T. ) ;
#1642 = ADVANCED_FACE ( 'NONE', ( #1115, #3638, #2746, #841, #3056, #3307 ), #477, .F. ) ;
#1643 = CARTESIAN_POINT ( 'NONE',  ( -9.000000000000000000, 9.000000000000000000, 0.000000000000000000 ) ) ;
#1644 = CIRCLE ( 'NONE', #3753, 2.500000000000000888 ) ;
#1645 = VECTOR ( 'NONE', #1375, 100.0000000000000000 ) ;
#1646 = ORIENTED_EDGE ( 'NONE', *, *, #3232, .F. ) ;
#1647 = AXIS2_PLACEMENT_3D ( 'NONE', #1536, #1228, #996 ) ;
#1648 = LINE ( 'NONE', #3593, #1929 ) ;
#1649 = CARTESIAN_POINT ( 'NONE',  ( -10.36500000000000199, 10.36499999999999133, 0.6350000000000000089 ) ) ;
#1650 = EDGE_LOOP ( 'NONE', ( #1753, #1958, #1965, #940, #3999, #179, #2314, #2815, #2209, #2207, #2338, #1324 ) ) ;
#1651 = DIRECTION ( 'NONE',  ( -0.000000000000000000, 1.000000000000000000, 0.000000000000000000 ) ) ;
#1652 = LINE ( 'NONE', #3239, #994 ) ;
#1653 = DIRECTION ( 'NONE',  ( -1.000000000000000000, 0.000000000000000000, 0.000000000000000000 ) ) ;
#1654 = VERTEX_POINT ( 'NONE', #2335 ) ;
#1655 = DIRECTION ( 'NONE',  ( 0.000000000000000000, 1.000000000000000000, -0.000000000000000000 ) ) ;
#1656 = DIRECTION ( 'NONE',  ( 0.000000000000000000, 0.000000000000000000, -1.000000000000000000 ) ) ;
#1657 = LINE ( 'NONE', #3246, #909 ) ;
#1658 = ORIENTED_EDGE ( 'NONE', *, *, #451, .F. ) ;
#1659 = EDGE_CURVE ( 'NONE', #236, #3486, #3036, .T. ) ;
#1660 = VECTOR ( 'NONE', #980, 100.0000000000000000 ) ;
#1661 = LINE ( 'NONE', #3249, #1508 ) ;
#1662 = CARTESIAN_POINT ( 'NONE',  ( -9.767957166897559773, -10.20000000000000107, 0.6350000000000000089 ) ) ;
#1663 = VECTOR ( 'NONE', #215, 100.0000000000000142 ) ;
#1664 = DIRECTION ( 'NONE',  ( 0.000000000000000000, 0.000000000000000000, 1.000000000000000000 ) ) ;
#1665 = ORIENTED_EDGE ( 'NONE', *, *, #250, .F. ) ;
#1666 = VECTOR ( 'NONE', #809, 100.0000000000000000 ) ;
#1667 = FACE_OUTER_BOUND ( 'NONE', #3315, .T. ) ;
#1668 = LINE ( 'NONE', #2614, #3361 ) ;
#1669 = ORIENTED_EDGE ( 'NONE', *, *, #1928, .T. ) ;
#1670 = EDGE_CURVE ( 'NONE', #533, #305, #762, .T. ) ;
#1671 = EDGE_CURVE ( 'NONE', #2628, #3140, #145, .T. ) ;
#1672 = CARTESIAN_POINT ( 'NONE',  ( 10.20000000000000107, -9.767957166897559773, 0.6350000000000000089 ) ) ;
#1673 = DIRECTION ( 'NONE',  ( 0.000000000000000000, -1.000000000000000000, 0.000000000000000000 ) ) ;
#1674 = DIRECTION ( 'NONE',  ( 0.000000000000000000, 0.000000000000000000, 1.000000000000000000 ) ) ;
#1675 = VERTEX_POINT ( 'NONE', #204 ) ;
#1676 = DIRECTION ( 'NONE',  ( -1.000000000000000000, 0.000000000000000000, 0.000000000000000000 ) ) ;
#1677 = CARTESIAN_POINT ( 'NONE',  ( 9.000000000000000000, 8.700000000000001066, 0.6350000000000000089 ) ) ;
#1678 = CARTESIAN_POINT ( 'NONE',  ( 8.232042833102434898, -10.19999999999999396, 0.6350000000000000089 ) ) ;
#1679 = ORIENTED_EDGE ( 'NONE', *, *, #3521, .F. ) ;
#1680 = CARTESIAN_POINT ( 'NONE',  ( 10.19999999999999574, 8.232042833102433121, 0.1349999999999999534 ) ) ;
#1681 = DIRECTION ( 'NONE',  ( 1.000000000000000000, 0.000000000000000000, 0.000000000000000000 ) ) ;
#1682 = ORIENTED_EDGE ( 'NONE', *, *, #550, .F. ) ;
#1683 = DIRECTION ( 'NONE',  ( -1.000000000000000000, 0.000000000000000000, 0.000000000000000000 ) ) ;
#1684 = ORIENTED_EDGE ( 'NONE', *, *, #581, .T. ) ;
#1685 = LINE ( 'NONE', #347, #2517 ) ;
#1686 = CARTESIAN_POINT ( 'NONE',  ( -7.370000000000000107, -7.470000000000000639, 0.000000000000000000 ) ) ;
#1687 = ADVANCED_FACE ( 'NONE', ( #3678 ), #3325, .F. ) ;
#1688 = ORIENTED_EDGE ( 'NONE', *, *, #154, .T. ) ;
#1689 = LINE ( 'NONE', #3842, #2101 ) ;
#1690 = EDGE_CURVE ( 'NONE', #3109, #3727, #1739, .T. ) ;
#1691 = EDGE_CURVE ( 'NONE', #3994, #3140, #223, .T. ) ;
#1692 = EDGE_CURVE ( 'NONE', #3012, #3166, #2376, .T. ) ;
#1693 = ORIENTED_EDGE ( 'NONE', *, *, #3146, .T. ) ;
#1694 = CARTESIAN_POINT ( 'NONE',  ( -8.589999999999998082, 10.99999999999999112, 0.1349999999999999534 ) ) ;
#1695 = CARTESIAN_POINT ( 'NONE',  ( 10.36499999999999844, -25.63500000000000156, 0.3175000000000000044 ) ) ;
#1696 = DIRECTION ( 'NONE',  ( 0.000000000000000000, 1.000000000000000000, 0.000000000000000000 ) ) ;
#1697 = VERTEX_POINT ( 'NONE', #819 ) ;
#1698 = DIRECTION ( 'NONE',  ( 0.000000000000000000, 0.000000000000000000, 1.000000000000000000 ) ) ;
#1699 = VECTOR ( 'NONE', #966, 100.0000000000000000 ) ;
#1700 = DIRECTION ( 'NONE',  ( 0.000000000000000000, 1.000000000000000000, 0.000000000000000000 ) ) ;
#1701 = VERTEX_POINT ( 'NONE', #3986 ) ;
#1702 = FACE_OUTER_BOUND ( 'NONE', #22, .T. ) ;
#1703 = VERTEX_POINT ( 'NONE', #3283 ) ;
#1704 = AXIS2_PLACEMENT_3D ( 'NONE', #3057, #3327, #226 ) ;
#1705 = AXIS2_PLACEMENT_3D ( 'NONE', #536, #1801, #1525 ) ;
#1706 = CARTESIAN_POINT ( 'NONE',  ( 10.36499999999999666, 10.99999999999999289, 0.6350000000000000089 ) ) ;
#1707 = VECTOR ( 'NONE', #2598, 100.0000000000000000 ) ;
#1708 = VECTOR ( 'NONE', #1534, 100.0000000000000000 ) ;
#1709 = DIRECTION ( 'NONE',  ( 0.000000000000000000, -1.000000000000000000, 0.000000000000000000 ) ) ;
#1710 = ORIENTED_EDGE ( 'NONE', *, *, #3743, .F. ) ;
#1711 = AXIS2_PLACEMENT_3D ( 'NONE', #3934, #2759, #2062 ) ;
#1712 = VECTOR ( 'NONE', #1868, 100.0000000000000000 ) ;
#1713 = LINE ( 'NONE', #2969, #2502 ) ;
#1714 = EDGE_CURVE ( 'NONE', #1935, #2791, #2995, .T. ) ;
#1715 = CARTESIAN_POINT ( 'NONE',  ( 10.49999999999999467, 10.99999999999999467, 0.6350000000000000089 ) ) ;
#1716 = ORIENTED_EDGE ( 'NONE', *, *, #3280, .F. ) ;
#1717 = CARTESIAN_POINT ( 'NONE',  ( -8.999999999999994671, 8.999999999999998224, 0.000000000000000000 ) ) ;
#1718 = DIRECTION ( 'NONE',  ( 0.000000000000000000, 0.000000000000000000, 1.000000000000000000 ) ) ;
#1719 = CARTESIAN_POINT ( 'NONE',  ( -10.99999999999999822, 10.49999999999999467, 0.000000000000000000 ) ) ;
#1720 = ADVANCED_FACE ( 'NONE', ( #3599 ), #1091, .T. ) ;
#1721 = ORIENTED_EDGE ( 'NONE', *, *, #3538, .T. ) ;
#1722 = DIRECTION ( 'NONE',  ( 0.000000000000000000, 1.000000000000000000, 0.000000000000000000 ) ) ;
#1723 = CARTESIAN_POINT ( 'NONE',  ( -10.49999999999999467, -10.99999999999999645, 0.3175000000000000044 ) ) ;
#1724 = CARTESIAN_POINT ( 'NONE',  ( 10.99999999999999112, 8.589999999999998082, 0.6350000000000000089 ) ) ;
#1725 = ORIENTED_EDGE ( 'NONE', *, *, #641, .F. ) ;
#1726 = ORIENTED_EDGE ( 'NONE', *, *, #3888, .T. ) ;
#1727 = VECTOR ( 'NONE', #1025, 100.0000000000000000 ) ;
#1728 = PLANE ( 'NONE',  #3905 ) ;
#1729 = LINE ( 'NONE', #2080, #1116 ) ;
#1730 = ORIENTED_EDGE ( 'NONE', *, *, #1747, .F. ) ;
#1731 = AXIS2_PLACEMENT_3D ( 'NONE', #3798, #29, #1327 ) ;
#1732 = DIRECTION ( 'NONE',  ( 0.000000000000000000, 0.000000000000000000, -1.000000000000000000 ) ) ;
#1733 = CARTESIAN_POINT ( 'NONE',  ( 8.589999999999994529, 10.81999999999999673, 0.6350000000000000089 ) ) ;
#1734 = VECTOR ( 'NONE', #607, 100.0000000000000000 ) ;
#1735 = VERTEX_POINT ( 'NONE', #1463 ) ;
#1736 = LINE ( 'NONE', #120, #1707 ) ;
#1737 = EDGE_CURVE ( 'NONE', #1336, #1542, #1442, .T. ) ;
#1738 = ORIENTED_EDGE ( 'NONE', *, *, #872, .T. ) ;
#1739 = LINE ( 'NONE', #2028, #3150 ) ;
#1740 = CARTESIAN_POINT ( 'NONE',  ( -9.409999999999994813, -10.81999999999999851, 0.1349999999999999534 ) ) ;
#1741 = VERTEX_POINT ( 'NONE', #3663 ) ;
#1742 = ADVANCED_FACE ( 'NONE', ( #1154 ), #3370, .F. ) ;
#1743 = LINE ( 'NONE', #1761, #2621 ) ;
#1744 = DIRECTION ( 'NONE',  ( 0.000000000000000000, 0.000000000000000000, 1.000000000000000000 ) ) ;
#1745 = ORIENTED_EDGE ( 'NONE', *, *, #755, .T. ) ;
#1746 = EDGE_CURVE ( 'NONE', #1022, #635, #2193, .T. ) ;
#1747 = EDGE_CURVE ( 'NONE', #1542, #2354, #1235, .T. ) ;
#1748 = ORIENTED_EDGE ( 'NONE', *, *, #934, .F. ) ;
#1749 = CARTESIAN_POINT ( 'NONE',  ( -10.99999999999999112, -8.589999999999999858, 0.6350000000000000089 ) ) ;
#1750 = CARTESIAN_POINT ( 'NONE',  ( 7.500000000000000000, -10.99999999999999645, 0.6350000000000000089 ) ) ;
#1751 = ORIENTED_EDGE ( 'NONE', *, *, #733, .T. ) ;
#1752 = DIRECTION ( 'NONE',  ( 0.000000000000000000, 0.000000000000000000, 1.000000000000000000 ) ) ;
#1753 = ORIENTED_EDGE ( 'NONE', *, *, #3719, .F. ) ;
#1754 = LINE ( 'NONE', #2705, #3357 ) ;
#1755 = EDGE_CURVE ( 'NONE', #3567, #3923, #3433, .T. ) ;
#1756 = VERTEX_POINT ( 'NONE', #884 ) ;
#1757 = DIRECTION ( 'NONE',  ( 0.000000000000000000, -1.000000000000000000, 0.000000000000000000 ) ) ;
#1758 = DIRECTION ( 'NONE',  ( 1.000000000000000000, 1.817653936845377429E-16, 0.000000000000000000 ) ) ;
#1759 = ORIENTED_EDGE ( 'NONE', *, *, #956, .T. ) ;
#1760 = CARTESIAN_POINT ( 'NONE',  ( 9.000000000000001776, -9.300000000000000711, 0.000000000000000000 ) ) ;
#1761 = CARTESIAN_POINT ( 'NONE',  ( -7.635000000000003340, 10.36499999999999666, 0.3175000000000000044 ) ) ;
#1762 = EDGE_CURVE ( 'NONE', #2437, #3447, #1218, .T. ) ;
#1763 = PRESENTATION_STYLE_ASSIGNMENT (( #3649 ) ) ;
#1764 = ORIENTED_EDGE ( 'NONE', *, *, #2296, .F. ) ;
#1765 = VERTEX_POINT ( 'NONE', #1904 ) ;
#1766 = ADVANCED_FACE ( 'NONE', ( #2476 ), #1196, .F. ) ;
#1767 = EDGE_CURVE ( 'NONE', #60, #2819, #640, .T. ) ;
#1768 = CARTESIAN_POINT ( 'NONE',  ( 9.000000000000000000, 9.000000000000001776, 0.6350000000000000089 ) ) ;
#1769 = DIRECTION ( 'NONE',  ( -0.000000000000000000, 1.000000000000000000, 0.000000000000000000 ) ) ;
#1770 = VECTOR ( 'NONE', #538, 100.0000000000000000 ) ;
#1771 = ORIENTED_EDGE ( 'NONE', *, *, #2419, .T. ) ;
#1772 = CIRCLE ( 'NONE', #3688, 2.499999999999999556 ) ;
#1773 = CIRCLE ( 'NONE', #1979, 0.3000000000000002665 ) ;
#1774 = CARTESIAN_POINT ( 'NONE',  ( -10.81999999999999140, -8.589999999999999858, 0.1349999999999999534 ) ) ;
#1775 = ORIENTED_EDGE ( 'NONE', *, *, #3695, .F. ) ;
#1776 = CARTESIAN_POINT ( 'NONE',  ( -8.999999999999994671, 8.999999999999998224, 0.3175000000000000044 ) ) ;
#1777 = VERTEX_POINT ( 'NONE', #2830 ) ;
#1778 = CIRCLE ( 'NONE', #1578, 2.500000000000000888 ) ;
#1779 = VECTOR ( 'NONE', #3797, 100.0000000000000000 ) ;
#1780 = DIRECTION ( 'NONE',  ( -0.000000000000000000, 0.000000000000000000, 1.000000000000000000 ) ) ;
#1781 = PLANE ( 'NONE',  #1427 ) ;
#1782 = VECTOR ( 'NONE', #268, 100.0000000000000000 ) ;
#1783 = CARTESIAN_POINT ( 'NONE',  ( -10.36499999999999488, -10.36499999999999844, 0.3175000000000000044 ) ) ;
#1784 = ORIENTED_EDGE ( 'NONE', *, *, #2885, .F. ) ;
#1785 = CARTESIAN_POINT ( 'NONE',  ( 7.370000000000000107, 7.470000000000000639, 0.000000000000000000 ) ) ;
#1786 = CARTESIAN_POINT ( 'NONE',  ( 10.81999999999999851, -8.589999999999992752, 0.1349999999999999534 ) ) ;
#1787 = CARTESIAN_POINT ( 'NONE',  ( -8.999999999999996447, -9.000000000000001776, 0.6350000000000000089 ) ) ;
#1788 = ORIENTED_EDGE ( 'NONE', *, *, #2483, .T. ) ;
#1789 = ORIENTED_EDGE ( 'NONE', *, *, #3333, .F. ) ;
#1790 = LINE ( 'NONE', #754, #1796 ) ;
#1791 = CARTESIAN_POINT ( 'NONE',  ( -10.19999999999999396, -9.767957166897565102, 0.1349999999999999534 ) ) ;
#1792 = ORIENTED_EDGE ( 'NONE', *, *, #2418, .T. ) ;
#1793 = AXIS2_PLACEMENT_3D ( 'NONE', #2948, #119, #1752 ) ;
#1794 = FACE_OUTER_BOUND ( 'NONE', #4015, .T. ) ;
#1795 = VERTEX_POINT ( 'NONE', #623 ) ;
#1796 = VECTOR ( 'NONE', #3317, 100.0000000000000000 ) ;
#1797 = LINE ( 'NONE', #3964, #3822 ) ;
#1798 = VERTEX_POINT ( 'NONE', #1885 ) ;
#1799 = EDGE_CURVE ( 'NONE', #1355, #2470, #2130, .T. ) ;
#1800 = AXIS2_PLACEMENT_3D ( 'NONE', #1195, #2454, #330 ) ;
#1801 = DIRECTION ( 'NONE',  ( 0.000000000000000000, 1.000000000000000000, -0.000000000000000000 ) ) ;
#1802 = DIRECTION ( 'NONE',  ( 1.000000000000000000, 0.000000000000000000, 0.000000000000000000 ) ) ;
#1803 = AXIS2_PLACEMENT_3D ( 'NONE', #1839, #286, #600 ) ;
#1804 = ORIENTED_EDGE ( 'NONE', *, *, #1948, .T. ) ;
#1805 = LINE ( 'NONE', #3060, #1301 ) ;
#1806 = DIRECTION ( 'NONE',  ( -0.000000000000000000, 0.000000000000000000, 1.000000000000000000 ) ) ;
#1807 = ORIENTED_EDGE ( 'NONE', *, *, #3891, .T. ) ;
#1808 = ORIENTED_EDGE ( 'NONE', *, *, #883, .F. ) ;
#1809 = LINE ( 'NONE', #2947, #2699 ) ;
#1810 = CYLINDRICAL_SURFACE ( 'NONE', #2520, 2.500000000000003553 ) ;
#1811 = PLANE ( 'NONE',  #2369 ) ;
#1812 = ORIENTED_EDGE ( 'NONE', *, *, #1641, .F. ) ;
#1813 = DIRECTION ( 'NONE',  ( 0.000000000000000000, 1.000000000000000000, -0.000000000000000000 ) ) ;
#1814 = ADVANCED_FACE ( 'NONE', ( #4050 ), #2, .F. ) ;
#1815 = EDGE_LOOP ( 'NONE', ( #2549, #3038, #2447, #2938 ) ) ;
#1816 = CARTESIAN_POINT ( 'NONE',  ( 10.20000000000000107, -8.232042833102429569, 0.1349999999999999534 ) ) ;
#1817 = ORIENTED_EDGE ( 'NONE', *, *, #576, .T. ) ;
#1818 = DIRECTION ( 'NONE',  ( 1.000000000000000000, 0.000000000000000000, 0.000000000000000000 ) ) ;
#1819 = LINE ( 'NONE', #2148, #3022 ) ;
#1820 = ADVANCED_FACE ( 'NONE', ( #925 ), #946, .F. ) ;
#1821 = PLANE ( 'NONE',  #1838 ) ;
#1822 = VERTEX_POINT ( 'NONE', #1863 ) ;
#1823 = LINE ( 'NONE', #2459, #2504 ) ;
#1824 = LINE ( 'NONE', #2415, #979 ) ;
#1825 = CARTESIAN_POINT ( 'NONE',  ( 9.409999999999996589, 10.81999999999999673, 0.6350000000000000089 ) ) ;
#1826 = ORIENTED_EDGE ( 'NONE', *, *, #1212, .F. ) ;
#1827 = ORIENTED_EDGE ( 'NONE', *, *, #1564, .T. ) ;
#1828 = CARTESIAN_POINT ( 'NONE',  ( 10.19999999999999574, 9.767957166897563326, 0.1349999999999999534 ) ) ;
#1829 = FACE_OUTER_BOUND ( 'NONE', #246, .T. ) ;
#1830 = CARTESIAN_POINT ( 'NONE',  ( 10.99999999999999645, 7.499999999999998224, 0.3175000000000000044 ) ) ;
#1831 = ORIENTED_EDGE ( 'NONE', *, *, #3467, .F. ) ;
#1832 = CARTESIAN_POINT ( 'NONE',  ( -10.36499999999999666, -7.635000000000001563, 0.3175000000000000044 ) ) ;
#1833 = ORIENTED_EDGE ( 'NONE', *, *, #1611, .F. ) ;
#1834 = AXIS2_PLACEMENT_3D ( 'NONE', #2607, #2631, #131 ) ;
#1835 = PLANE ( 'NONE',  #1908 ) ;
#1836 = EDGE_LOOP ( 'NONE', ( #1658, #1784, #1013, #795 ) ) ;
#1837 = ADVANCED_FACE ( 'NONE', ( #3787 ), #2213, .F. ) ;
#1838 = AXIS2_PLACEMENT_3D ( 'NONE', #244, #2771, #2411 ) ;
#1839 = CARTESIAN_POINT ( 'NONE',  ( 0.000000000000000000, 0.000000000000000000, 0.000000000000000000 ) ) ;
#1840 = AXIS2_PLACEMENT_3D ( 'NONE', #785, #2108, #164 ) ;
#1841 = CARTESIAN_POINT ( 'NONE',  ( 10.20000000000000107, -9.767957166897559773, 0.1349999999999999534 ) ) ;
#1842 = DIRECTION ( 'NONE',  ( 1.000000000000000000, 0.000000000000000000, 0.000000000000000000 ) ) ;
#1843 = VECTOR ( 'NONE', #141, 100.0000000000000000 ) ;
#1844 = EDGE_LOOP ( 'NONE', ( #2302, #108, #360, #133 ) ) ;
#1845 = DIRECTION ( 'NONE',  ( 0.000000000000000000, -1.000000000000000000, 0.000000000000000000 ) ) ;
#1846 = VECTOR ( 'NONE', #717, 100.0000000000000000 ) ;
#1847 = DIRECTION ( 'NONE',  ( 0.4999999999999980016, -0.8660254037844397068, 0.000000000000000000 ) ) ;
#1848 = CARTESIAN_POINT ( 'NONE',  ( 10.50000000000000178, -11.00000000000000000, 0.3175000000000000044 ) ) ;
#1849 = ORIENTED_EDGE ( 'NONE', *, *, #877, .T. ) ;
#1850 = EDGE_LOOP ( 'NONE', ( #3115, #90, #222, #2977 ) ) ;
#1851 = EDGE_CURVE ( 'NONE', #1345, #1514, #1819, .T. ) ;
#1852 = LINE ( 'NONE', #3750, #4085 ) ;
#1853 = DIRECTION ( 'NONE',  ( -0.7071067811865475727, -0.7071067811865475727, -0.000000000000000000 ) ) ;
#1854 = EDGE_CURVE ( 'NONE', #822, #267, #1773, .T. ) ;
#1855 = DIRECTION ( 'NONE',  ( 0.000000000000000000, 0.000000000000000000, -1.000000000000000000 ) ) ;
#1856 = ORIENTED_EDGE ( 'NONE', *, *, #4045, .F. ) ;
#1857 = LINE ( 'NONE', #3147, #2915 ) ;
#1858 = ORIENTED_EDGE ( 'NONE', *, *, #3538, .F. ) ;
#1859 = CARTESIAN_POINT ( 'NONE',  ( -8.999999999999996447, -9.000000000000001776, 0.000000000000000000 ) ) ;
#1860 = ORIENTED_EDGE ( 'NONE', *, *, #3817, .F. ) ;
#1861 = VECTOR ( 'NONE', #470, 100.0000000000000000 ) ;
#1862 = SHAPE_DEFINITION_REPRESENTATION ( #2827, #1303 ) ;
#1863 = CARTESIAN_POINT ( 'NONE',  ( 10.99999999999999645, 7.635000000000004228, 0.6350000000000000089 ) ) ;
#1864 = AXIS2_PLACEMENT_3D ( 'NONE', #2589, #3484, #3169 ) ;
#1865 = DIRECTION ( 'NONE',  ( -1.000000000000000000, 0.000000000000000000, -0.000000000000000000 ) ) ;
#1866 = ORIENTED_EDGE ( 'NONE', *, *, #3335, .F. ) ;
#1867 = AXIS2_PLACEMENT_3D ( 'NONE', #1362, #2340, #3269 ) ;
#1868 = DIRECTION ( 'NONE',  ( 1.000000000000000000, -9.251858538542975279E-17, 0.000000000000000000 ) ) ;
#1869 = LINE ( 'NONE', #293, #614 ) ;
#1870 = VECTOR ( 'NONE', #2899, 100.0000000000000000 ) ;
#1871 = ORIENTED_EDGE ( 'NONE', *, *, #2250, .F. ) ;
#1872 = VERTEX_POINT ( 'NONE', #3410 ) ;
#1873 = EDGE_CURVE ( 'NONE', #3831, #14, #287, .T. ) ;
#1874 = LINE ( 'NONE', #3464, #720 ) ;
#1875 = CARTESIAN_POINT ( 'NONE',  ( 10.99999999999999822, 10.36499999999999666, 0.3175000000000000044 ) ) ;
#1876 = ADVANCED_FACE ( 'NONE', ( #2435 ), #575, .F. ) ;
#1877 = EDGE_CURVE ( 'NONE', #2390, #1121, #265, .T. ) ;
#1878 = CARTESIAN_POINT ( 'NONE',  ( 8.232042833102431345, 10.19999999999999929, 0.6350000000000000089 ) ) ;
#1879 = ADVANCED_FACE ( 'NONE', ( #4071 ), #2616, .F. ) ;
#1880 = ORIENTED_EDGE ( 'NONE', *, *, #3048, .T. ) ;
#1881 = DIRECTION ( 'NONE',  ( -0.000000000000000000, 0.000000000000000000, 1.000000000000000000 ) ) ;
#1882 = ORIENTED_EDGE ( 'NONE', *, *, #2820, .F. ) ;
#1883 = CARTESIAN_POINT ( 'NONE',  ( -8.589999999999998082, 10.81999999999999140, 0.1349999999999999534 ) ) ;
#1884 = ORIENTED_EDGE ( 'NONE', *, *, #2440, .F. ) ;
#1885 = CARTESIAN_POINT ( 'NONE',  ( -8.589999999999992752, -10.81999999999999851, 0.1349999999999999534 ) ) ;
#1886 = ADVANCED_FACE ( 'NONE', ( #2931 ), #679, .F. ) ;
#1887 = LINE ( 'NONE', #662, #385 ) ;
#1888 = LINE ( 'NONE', #560, #130 ) ;
#1889 = CARTESIAN_POINT ( 'NONE',  ( -8.589999999999998082, 10.81999999999999140, 0.6350000000000000089 ) ) ;
#1890 = CARTESIAN_POINT ( 'NONE',  ( 10.69500000000000206, -9.894862706971711216E-16, 0.000000000000000000 ) ) ;
#1891 = VERTEX_POINT ( 'NONE', #1023 ) ;
#1892 = ORIENTED_EDGE ( 'NONE', *, *, #2297, .T. ) ;
#1893 = EDGE_CURVE ( 'NONE', #1532, #1795, #2537, .T. ) ;
#1894 = PLANE ( 'NONE',  #1370 ) ;
#1895 = CARTESIAN_POINT ( 'NONE',  ( 10.36499999999999844, -10.36499999999999488, 0.3175000000000000044 ) ) ;
#1896 = DIRECTION ( 'NONE',  ( 0.000000000000000000, 0.000000000000000000, 1.000000000000000000 ) ) ;
#1897 = ORIENTED_EDGE ( 'NONE', *, *, #3816, .T. ) ;
#1898 = EDGE_CURVE ( 'NONE', #1577, #757, #3880, .T. ) ;
#1899 = LINE ( 'NONE', #1520, #1259 ) ;
#1900 = ORIENTED_EDGE ( 'NONE', *, *, #1505, .F. ) ;
#1901 = CARTESIAN_POINT ( 'NONE',  ( -10.19999999999999751, 9.767957166897559773, 0.6350000000000000089 ) ) ;
#1902 = ORIENTED_EDGE ( 'NONE', *, *, #3154, .F. ) ;
#1903 = FACE_OUTER_BOUND ( 'NONE', #3543, .T. ) ;
#1904 = CARTESIAN_POINT ( 'NONE',  ( 10.19999999999999574, 8.232042833102433121, 0.1349999999999999534 ) ) ;
#1905 = VECTOR ( 'NONE', #948, 100.0000000000000000 ) ;
#1906 = CARTESIAN_POINT ( 'NONE',  ( -7.635000000000003340, 10.36499999999999666, 0.3175000000000000044 ) ) ;
#1907 = DIRECTION ( 'NONE',  ( -0.4999999999999979461, 0.8660254037844398178, -0.000000000000000000 ) ) ;
#1908 = AXIS2_PLACEMENT_3D ( 'NONE', #1883, #3092, #4065 ) ;
#1909 = VECTOR ( 'NONE', #3824, 100.0000000000000000 ) ;
#1910 = CARTESIAN_POINT ( 'NONE',  ( 8.999999999999998224, 9.000000000000000000, 0.000000000000000000 ) ) ;
#1911 = ORIENTED_EDGE ( 'NONE', *, *, #3637, .T. ) ;
#1912 = ORIENTED_EDGE ( 'NONE', *, *, #1543, .F. ) ;
#1913 = VECTOR ( 'NONE', #1938, 100.0000000000000142 ) ;
#1914 = CARTESIAN_POINT ( 'NONE',  ( -10.36499999999999666, -7.635000000000001563, 0.3175000000000000044 ) ) ;
#1915 = PLANE ( 'NONE',  #1731 ) ;
#1916 = VECTOR ( 'NONE', #336, 100.0000000000000000 ) ;
#1917 = DIRECTION ( 'NONE',  ( -1.817653936845377429E-16, 1.000000000000000000, 0.000000000000000000 ) ) ;
#1918 = VERTEX_POINT ( 'NONE', #2230 ) ;
#1919 = PRODUCT_RELATED_PRODUCT_CATEGORY ( 'part', '', ( #3457 ) ) ;
#1920 = DIRECTION ( 'NONE',  ( 0.000000000000000000, -1.000000000000000000, 0.000000000000000000 ) ) ;
#1921 = ORIENTED_EDGE ( 'NONE', *, *, #781, .F. ) ;
#1922 = FACE_OUTER_BOUND ( 'NONE', #950, .T. ) ;
#1923 = ORIENTED_EDGE ( 'NONE', *, *, #99, .T. ) ;
#1924 = EDGE_CURVE ( 'NONE', #2965, #1121, #2311, .T. ) ;
#1925 = CARTESIAN_POINT ( 'NONE',  ( 8.589999999999994529, 10.81999999999999673, 0.6350000000000000089 ) ) ;
#1926 = CARTESIAN_POINT ( 'NONE',  ( -10.81999999999999496, 8.589999999999994529, 0.6350000000000000089 ) ) ;
#1927 = EDGE_CURVE ( 'NONE', #3481, #1589, #2913, .T. ) ;
#1928 = EDGE_CURVE ( 'NONE', #3010, #2965, #1689, .T. ) ;
#1929 = VECTOR ( 'NONE', #1624, 100.0000000000000000 ) ;
#1930 = DIRECTION ( 'NONE',  ( 0.000000000000000000, -1.000000000000000000, 0.000000000000000000 ) ) ;
#1931 = DIRECTION ( 'NONE',  ( -0.8660254037844398178, -0.4999999999999979461, 0.000000000000000000 ) ) ;
#1932 = PLANE ( 'NONE',  #3910 ) ;
#1933 = ORIENTED_EDGE ( 'NONE', *, *, #3881, .F. ) ;
#1934 = VECTOR ( 'NONE', #1387, 100.0000000000000000 ) ;
#1935 = VERTEX_POINT ( 'NONE', #35 ) ;
#1936 = DIRECTION ( 'NONE',  ( 0.4999999999999979461, 0.8660254037844398178, 0.000000000000000000 ) ) ;
#1937 = LINE ( 'NONE', #2263, #1394 ) ;
#1938 = DIRECTION ( 'NONE',  ( 0.8660254037844398178, 0.4999999999999979461, 0.000000000000000000 ) ) ;
#1939 = VERTEX_POINT ( 'NONE', #352 ) ;
#1940 = DIRECTION ( 'NONE',  ( 0.000000000000000000, -1.000000000000000000, 0.000000000000000000 ) ) ;
#1941 = PLANE ( 'NONE',  #977 ) ;
#1942 = ORIENTED_EDGE ( 'NONE', *, *, #2547, .T. ) ;
#1943 = DIRECTION ( 'NONE',  ( 9.251858538542972814E-17, -1.000000000000000000, 0.000000000000000000 ) ) ;
#1944 = ADVANCED_FACE ( 'NONE', ( #2009 ), #2596, .F. ) ;
#1945 = CARTESIAN_POINT ( 'NONE',  ( 10.81999999999999851, -8.589999999999992752, 0.1349999999999999534 ) ) ;
#1946 = CARTESIAN_POINT ( 'NONE',  ( -8.999999999999998224, -9.300000000000004263, 0.000000000000000000 ) ) ;
#1947 = ORIENTED_EDGE ( 'NONE', *, *, #3204, .F. ) ;
#1948 = EDGE_CURVE ( 'NONE', #2735, #446, #2630, .T. ) ;
#1949 = LINE ( 'NONE', #393, #1571 ) ;
#1950 = EDGE_CURVE ( 'NONE', #4056, #2677, #3517, .T. ) ;
#1951 = CARTESIAN_POINT ( 'NONE',  ( 9.000000000000001776, -9.300000000000000711, 0.6350000000000000089 ) ) ;
#1952 = LINE ( 'NONE', #665, #3385 ) ;
#1953 = VERTEX_POINT ( 'NONE', #1047 ) ;
#1954 = ORIENTED_EDGE ( 'NONE', *, *, #684, .T. ) ;
#1955 = PLANE ( 'NONE',  #3420 ) ;
#1956 = PLANE ( 'NONE',  #3843 ) ;
#1957 = FACE_OUTER_BOUND ( 'NONE', #3591, .T. ) ;
#1958 = ORIENTED_EDGE ( 'NONE', *, *, #2783, .F. ) ;
#1959 = CARTESIAN_POINT ( 'NONE',  ( 7.499999999999995559, 10.99999999999999467, 0.000000000000000000 ) ) ;
#1960 = DIRECTION ( 'NONE',  ( -0.000000000000000000, 0.000000000000000000, 1.000000000000000000 ) ) ;
#1961 = EDGE_LOOP ( 'NONE', ( #2409, #500, #3052, #1458 ) ) ;
#1962 = PLANE ( 'NONE',  #453 ) ;
#1963 = LINE ( 'NONE', #2312, #272 ) ;
#1964 = LINE ( 'NONE', #1049, #783 ) ;
#1965 = ORIENTED_EDGE ( 'NONE', *, *, #3965, .T. ) ;
#1966 = DIRECTION ( 'NONE',  ( 0.000000000000000000, 0.000000000000000000, 1.000000000000000000 ) ) ;
#1967 = PLANE ( 'NONE',  #3285 ) ;
#1968 = CARTESIAN_POINT ( 'NONE',  ( 0.000000000000000000, 8.030000000000004690, 0.4000000000000000222 ) ) ;
#1969 = AXIS2_PLACEMENT_3D ( 'NONE', #1631, #2625, #3847 ) ;
#1970 = VECTOR ( 'NONE', #3117, 100.0000000000000000 ) ;
#1971 = ORIENTED_EDGE ( 'NONE', *, *, #3039, .T. ) ;
#1972 = AXIS2_PLACEMENT_3D ( 'NONE', #2408, #1460, #799 ) ;
#1973 = LINE ( 'NONE', #3229, #3680 ) ;
#1974 = LINE ( 'NONE', #2301, #1067 ) ;
#1975 = CARTESIAN_POINT ( 'NONE',  ( 7.370000000000000107, 7.470000000000000639, 0.000000000000000000 ) ) ;
#1976 = EDGE_CURVE ( 'NONE', #2470, #3589, #431, .T. ) ;
#1977 = VECTOR ( 'NONE', #176, 100.0000000000000000 ) ;
#1978 = EDGE_CURVE ( 'NONE', #1540, #769, #983, .T. ) ;
#1979 = AXIS2_PLACEMENT_3D ( 'NONE', #2497, #3135, #307 ) ;
#1980 = EDGE_LOOP ( 'NONE', ( #213, #1688, #1183, #3304, #1097, #3008 ) ) ;
#1981 = VECTOR ( 'NONE', #2098, 100.0000000000000000 ) ;
#1982 = DIRECTION ( 'NONE',  ( 1.817653936845377429E-16, -1.000000000000000000, 0.000000000000000000 ) ) ;
#1983 = ADVANCED_FACE ( 'NONE', ( #368 ), #2269, .F. ) ;
#1984 = DIRECTION ( 'NONE',  ( -0.7071067811865475727, 0.7071067811865475727, 0.000000000000000000 ) ) ;
#1985 = EDGE_LOOP ( 'NONE', ( #1646, #3652, #978, #4025 ) ) ;
#1986 = PLANE ( 'NONE',  #189 ) ;
#1987 = LINE ( 'NONE', #1070, #2698 ) ;
#1988 = EDGE_LOOP ( 'NONE', ( #2103, #263, #1415, #1275, #161, #3927, #283, #259, #1389, #3580, #3237, #2127 ) ) ;
#1989 = CARTESIAN_POINT ( 'NONE',  ( 10.99999999999999645, 7.499999999999998224, 0.3175000000000000044 ) ) ;
#1990 = DIRECTION ( 'NONE',  ( 0.000000000000000000, 1.000000000000000000, 0.000000000000000000 ) ) ;
#1991 = ORIENTED_EDGE ( 'NONE', *, *, #80, .T. ) ;
#1992 = VERTEX_POINT ( 'NONE', #1672 ) ;
#1993 = VECTOR ( 'NONE', #405, 100.0000000000000000 ) ;
#1994 = DIRECTION ( 'NONE',  ( 0.000000000000000000, -1.000000000000000000, 0.000000000000000000 ) ) ;
#1995 = EDGE_CURVE ( 'NONE', #2785, #2000, #696, .T. ) ;
#1996 = DIRECTION ( 'NONE',  ( -0.000000000000000000, 0.000000000000000000, 1.000000000000000000 ) ) ;
#1997 = VECTOR ( 'NONE', #3507, 100.0000000000000142 ) ;
#1998 = EDGE_LOOP ( 'NONE', ( #860, #2030, #2219, #739 ) ) ;
#1999 = DIRECTION ( 'NONE',  ( -1.000000000000000000, 0.000000000000000000, -0.000000000000000000 ) ) ;
#2000 = VERTEX_POINT ( 'NONE', #1318 ) ;
#2001 =( GEOMETRIC_REPRESENTATION_CONTEXT ( 3 ) GLOBAL_UNCERTAINTY_ASSIGNED_CONTEXT ( ( #3003 ) ) GLOBAL_UNIT_ASSIGNED_CONTEXT ( ( #463, #3624, #1404 ) ) REPRESENTATION_CONTEXT ( 'NONE', 'WORKASPACE' ) );
#2002 = ADVANCED_FACE ( 'NONE', ( #3535 ), #1962, .F. ) ;
#2003 = ADVANCED_FACE ( 'NONE', ( #721 ), #1986, .F. ) ;
#2004 = EDGE_CURVE ( 'NONE', #1561, #844, #853, .T. ) ;
#2005 = CARTESIAN_POINT ( 'NONE',  ( -8.232042833102429569, -10.20000000000000107, 0.1349999999999999534 ) ) ;
#2006 = ADVANCED_FACE ( 'NONE', ( #892 ), #2157, .F. ) ;
#2007 = CARTESIAN_POINT ( 'NONE',  ( -10.81999999999999140, -9.410000000000000142, 0.1349999999999999534 ) ) ;
#2008 = ORIENTED_EDGE ( 'NONE', *, *, #425, .T. ) ;
#2009 = FACE_OUTER_BOUND ( 'NONE', #1148, .T. ) ;
#2010 = ORIENTED_EDGE ( 'NONE', *, *, #830, .T. ) ;
#2011 = DIRECTION ( 'NONE',  ( 0.000000000000000000, 0.000000000000000000, -1.000000000000000000 ) ) ;
#2012 = CARTESIAN_POINT ( 'NONE',  ( -10.36499999999999666, 7.634999999999997122, 0.3175000000000000044 ) ) ;
#2013 = CARTESIAN_POINT ( 'NONE',  ( -25.63500000000000156, 10.36499999999999311, 0.3175000000000000044 ) ) ;
#2014 = ORIENTED_EDGE ( 'NONE', *, *, #3254, .T. ) ;
#2015 = PLANE ( 'NONE',  #4021 ) ;
#2016 = CARTESIAN_POINT ( 'NONE',  ( -10.36499999999999666, -7.635000000000001563, 0.6350000000000000089 ) ) ;
#2017 = EDGE_LOOP ( 'NONE', ( #3209, #3744, #1665, #2068 ) ) ;
#2018 = DIRECTION ( 'NONE',  ( 0.000000000000000000, 0.000000000000000000, 1.000000000000000000 ) ) ;
#2019 = ORIENTED_EDGE ( 'NONE', *, *, #334, .F. ) ;
#2020 = ADVANCED_FACE ( 'NONE', ( #1515 ), #591, .F. ) ;
#2021 = LINE ( 'NONE', #2966, #1663 ) ;
#2022 = CARTESIAN_POINT ( 'NONE',  ( -10.49999999999999467, -11.00000000000000355, 0.000000000000000000 ) ) ;
#2023 = VERTEX_POINT ( 'NONE', #3712 ) ;
#2024 = CARTESIAN_POINT ( 'NONE',  ( -8.029999999999997584, 8.030000000000004690, 0.4000000000000000222 ) ) ;
#2025 = LINE ( 'NONE', #3876, #472 ) ;
#2026 = LINE ( 'NONE', #2270, #3622 ) ;
#2027 = ORIENTED_EDGE ( 'NONE', *, *, #1505, .T. ) ;
#2028 = CARTESIAN_POINT ( 'NONE',  ( 10.99999999999999112, 8.589999999999998082, 0.6350000000000000089 ) ) ;
#2029 = CARTESIAN_POINT ( 'NONE',  ( 10.81999999999999851, -9.409999999999994813, 0.6350000000000000089 ) ) ;
#2030 = ORIENTED_EDGE ( 'NONE', *, *, #3643, .T. ) ;
#2031 = ORIENTED_EDGE ( 'NONE', *, *, #972, .T. ) ;
#2032 = CARTESIAN_POINT ( 'NONE',  ( 7.162345244612031259, 10.69499999999999673, 0.3175000000000000044 ) ) ;
#2033 = VECTOR ( 'NONE', #688, 100.0000000000000000 ) ;
#2034 = SURFACE_SIDE_STYLE ('',( #2960 ) ) ;
#2035 = VERTEX_POINT ( 'NONE', #2117 ) ;
#2036 = ORIENTED_EDGE ( 'NONE', *, *, #3767, .F. ) ;
#2037 = VECTOR ( 'NONE', #2605, 100.0000000000000142 ) ;
#2038 = CIRCLE ( 'NONE', #386, 2.500000000000000888 ) ;
#2039 = EDGE_CURVE ( 'NONE', #1265, #3727, #255, .T. ) ;
#2040 = DIRECTION ( 'NONE',  ( -0.7071067811865475727, 0.7071067811865475727, 0.000000000000000000 ) ) ;
#2041 = VECTOR ( 'NONE', #200, 100.0000000000000000 ) ;
#2042 = AXIS2_PLACEMENT_3D ( 'NONE', #1105, #2370, #447 ) ;
#2043 = CARTESIAN_POINT ( 'NONE',  ( -10.99999999999999467, 7.634999999999997122, 0.6350000000000000089 ) ) ;
#2044 = ORIENTED_EDGE ( 'NONE', *, *, #2299, .F. ) ;
#2045 = AXIS2_PLACEMENT_3D ( 'NONE', #46, #1307, #3868 ) ;
#2046 = PLANE ( 'NONE',  #2562 ) ;
#2047 = DIRECTION ( 'NONE',  ( 0.000000000000000000, 0.000000000000000000, 1.000000000000000000 ) ) ;
#2048 = ORIENTED_EDGE ( 'NONE', *, *, #2232, .T. ) ;
#2049 = ORIENTED_EDGE ( 'NONE', *, *, #3816, .F. ) ;
#2050 = EDGE_CURVE ( 'NONE', #2211, #3701, #1809, .T. ) ;
#2051 = DIRECTION ( 'NONE',  ( -0.000000000000000000, 0.000000000000000000, 1.000000000000000000 ) ) ;
#2052 = EDGE_CURVE ( 'NONE', #1756, #2437, #233, .T. ) ;
#2053 = EDGE_CURVE ( 'NONE', #1190, #2565, #2756, .T. ) ;
#2054 = DIRECTION ( 'NONE',  ( 0.000000000000000000, 0.000000000000000000, -1.000000000000000000 ) ) ;
#2055 = ORIENTED_EDGE ( 'NONE', *, *, #3213, .F. ) ;
#2056 = PLANE ( 'NONE',  #2891 ) ;
#2057 = FACE_OUTER_BOUND ( 'NONE', #240, .T. ) ;
#2058 = ORIENTED_EDGE ( 'NONE', *, *, #1873, .T. ) ;
#2059 = EDGE_LOOP ( 'NONE', ( #2092, #1325, #2258, #833 ) ) ;
#2060 = AXIS2_PLACEMENT_3D ( 'NONE', #2787, #879, #3781 ) ;
#2061 = DIRECTION ( 'NONE',  ( 0.000000000000000000, 0.000000000000000000, -1.000000000000000000 ) ) ;
#2062 = DIRECTION ( 'NONE',  ( 0.000000000000000000, -1.000000000000000000, 0.000000000000000000 ) ) ;
#2063 = ORIENTED_EDGE ( 'NONE', *, *, #1153, .T. ) ;
#2064 = CARTESIAN_POINT ( 'NONE',  ( 10.36499999999999488, 7.635000000000004228, 0.3175000000000000044 ) ) ;
#2065 = VECTOR ( 'NONE', #2179, 100.0000000000000000 ) ;
#2066 = ORIENTED_EDGE ( 'NONE', *, *, #1484, .T. ) ;
#2067 = DIRECTION ( 'NONE',  ( 0.000000000000000000, 1.000000000000000000, 0.000000000000000000 ) ) ;
#2068 = ORIENTED_EDGE ( 'NONE', *, *, #1188, .F. ) ;
#2069 = EDGE_CURVE ( 'NONE', #31, #3677, #565, .T. ) ;
#2070 = DIRECTION ( 'NONE',  ( 0.000000000000000000, -1.000000000000000000, 0.000000000000000000 ) ) ;
#2071 = PLANE ( 'NONE',  #51 ) ;
#2072 = ORIENTED_EDGE ( 'NONE', *, *, #3098, .F. ) ;
#2073 = ADVANCED_FACE ( 'NONE', ( #4018 ), #115, .F. ) ;
#2074 = DIRECTION ( 'NONE',  ( 1.000000000000000000, 0.000000000000000000, 0.000000000000000000 ) ) ;
#2075 = DIRECTION ( 'NONE',  ( 0.000000000000000000, -1.000000000000000000, 0.000000000000000000 ) ) ;
#2076 = DIRECTION ( 'NONE',  ( 0.000000000000000000, 1.000000000000000000, 0.000000000000000000 ) ) ;
#2077 = ORIENTED_EDGE ( 'NONE', *, *, #142, .F. ) ;
#2078 = ORIENTED_EDGE ( 'NONE', *, *, #2744, .T. ) ;
#2079 = CARTESIAN_POINT ( 'NONE',  ( -10.99999999999999112, -9.410000000000000142, 0.6350000000000000089 ) ) ;
#2080 = CARTESIAN_POINT ( 'NONE',  ( 10.81999999999999140, 8.589999999999998082, 0.1349999999999999534 ) ) ;
#2081 = ORIENTED_EDGE ( 'NONE', *, *, #225, .F. ) ;
#2082 = DIRECTION ( 'NONE',  ( 0.000000000000000000, 1.000000000000000000, 0.000000000000000000 ) ) ;
#2083 = ORIENTED_EDGE ( 'NONE', *, *, #1614, .F. ) ;
#2084 = CARTESIAN_POINT ( 'NONE',  ( 7.634999999999997122, 10.99999999999999467, 0.6350000000000000089 ) ) ;
#2085 = ORIENTED_EDGE ( 'NONE', *, *, #609, .T. ) ;
#2086 = CYLINDRICAL_SURFACE ( 'NONE', #1367, 0.3000000000000002665 ) ;
#2087 = CARTESIAN_POINT ( 'NONE',  ( 7.500000000000000000, -10.99999999999999645, 0.6350000000000000089 ) ) ;
#2088 = CARTESIAN_POINT ( 'NONE',  ( -10.36500000000000199, 10.99999999999999822, 0.3175000000000000044 ) ) ;
#2089 = VERTEX_POINT ( 'NONE', #1828 ) ;
#2090 = CARTESIAN_POINT ( 'NONE',  ( -10.99999999999999645, -8.589999999999999858, 0.1349999999999999534 ) ) ;
#2091 = CYLINDRICAL_SURFACE ( 'NONE', #2858, 2.500000000000000888 ) ;
#2092 = ORIENTED_EDGE ( 'NONE', *, *, #3569, .F. ) ;
#2093 = VERTEX_POINT ( 'NONE', #2138 ) ;
#2094 = VECTOR ( 'NONE', #28, 100.0000000000000000 ) ;
#2095 = LINE ( 'NONE', #156, #2125 ) ;
#2096 = EDGE_CURVE ( 'NONE', #121, #2943, #469, .T. ) ;
#2097 = EDGE_CURVE ( 'NONE', #3104, #2606, #2642, .T. ) ;
#2098 = DIRECTION ( 'NONE',  ( -0.000000000000000000, 0.000000000000000000, 1.000000000000000000 ) ) ;
#2099 = VERTEX_POINT ( 'NONE', #4038 ) ;
#2100 = AXIS2_PLACEMENT_3D ( 'NONE', #3579, #2619, #3262 ) ;
#2101 = VECTOR ( 'NONE', #3178, 100.0000000000000000 ) ;
#2102 = CARTESIAN_POINT ( 'NONE',  ( 0.000000000000000000, -8.030000000000002913, 0.4000000000000000222 ) ) ;
#2103 = ORIENTED_EDGE ( 'NONE', *, *, #2367, .F. ) ;
#2104 = DIRECTION ( 'NONE',  ( 0.000000000000000000, 1.000000000000000000, 0.000000000000000000 ) ) ;
#2105 = ORIENTED_EDGE ( 'NONE', *, *, #2483, .F. ) ;
#2106 = VECTOR ( 'NONE', #3026, 100.0000000000000000 ) ;
#2107 = AXIS2_PLACEMENT_3D ( 'NONE', #2801, #2844, #953 ) ;
#2108 = DIRECTION ( 'NONE',  ( -1.000000000000000000, 0.000000000000000000, 0.000000000000000000 ) ) ;
#2109 = VECTOR ( 'NONE', #228, 100.0000000000000000 ) ;
#2110 = PLANE ( 'NONE',  #1704 ) ;
#2111 = ORIENTED_EDGE ( 'NONE', *, *, #2299, .T. ) ;
#2112 = CARTESIAN_POINT ( 'NONE',  ( -8.999999999999998224, -8.700000000000001066, 0.6350000000000000089 ) ) ;
#2113 = CARTESIAN_POINT ( 'NONE',  ( -7.370000000000000107, 7.470000000000000639, 0.4000000000000000222 ) ) ;
#2114 = EDGE_LOOP ( 'NONE', ( #2777, #312, #197, #2864 ) ) ;
#2115 = VERTEX_POINT ( 'NONE', #1207 ) ;
#2116 = ADVANCED_FACE ( 'NONE', ( #2464 ), #3901, .F. ) ;
#2117 = CARTESIAN_POINT ( 'NONE',  ( 10.99999999999999645, -10.36499999999999488, 0.6350000000000000089 ) ) ;
#2118 = CARTESIAN_POINT ( 'NONE',  ( -10.36499999999999666, -7.635000000000001563, 0.6350000000000000089 ) ) ;
#2119 = LINE ( 'NONE', #488, #593 ) ;
#2120 = ORIENTED_EDGE ( 'NONE', *, *, #3767, .T. ) ;
#2121 = VECTOR ( 'NONE', #3532, 100.0000000000000142 ) ;
#2122 = EDGE_CURVE ( 'NONE', #3128, #2889, #1713, .T. ) ;
#2123 = CARTESIAN_POINT ( 'NONE',  ( 8.030000000000004690, 8.030000000000004690, 0.4000000000000000222 ) ) ;
#2124 = ORIENTED_EDGE ( 'NONE', *, *, #2004, .T. ) ;
#2125 = VECTOR ( 'NONE', #1123, 100.0000000000000000 ) ;
#2126 = DIRECTION ( 'NONE',  ( 1.000000000000000000, 0.000000000000000000, 0.000000000000000000 ) ) ;
#2127 = ORIENTED_EDGE ( 'NONE', *, *, #2499, .F. ) ;
#2128 = FACE_OUTER_BOUND ( 'NONE', #1998, .T. ) ;
#2129 = VECTOR ( 'NONE', #306, 100.0000000000000000 ) ;
#2130 = LINE ( 'NONE', #557, #3556 ) ;
#2131 = CARTESIAN_POINT ( 'NONE',  ( 10.81999999999999851, -8.589999999999992752, 0.1349999999999999534 ) ) ;
#2132 = DIRECTION ( 'NONE',  ( -0.000000000000000000, 1.000000000000000000, 0.000000000000000000 ) ) ;
#2133 = ORIENTED_EDGE ( 'NONE', *, *, #4076, .F. ) ;
#2134 = DIRECTION ( 'NONE',  ( 0.000000000000000000, 0.000000000000000000, 1.000000000000000000 ) ) ;
#2135 = CARTESIAN_POINT ( 'NONE',  ( 10.99999999999999112, 9.409999999999998366, 0.1349999999999999534 ) ) ;
#2136 = ORIENTED_EDGE ( 'NONE', *, *, #1950, .T. ) ;
#2137 = ORIENTED_EDGE ( 'NONE', *, *, #1995, .F. ) ;
#2138 = CARTESIAN_POINT ( 'NONE',  ( -10.36500000000000199, 10.99999999999999822, 0.6350000000000000089 ) ) ;
#2139 = DIRECTION ( 'NONE',  ( -9.088269684226887144E-17, 1.000000000000000000, 0.000000000000000000 ) ) ;
#2140 = LINE ( 'NONE', #3403, #1373 ) ;
#2141 = ADVANCED_FACE ( 'NONE', ( #138 ), #1395, .F. ) ;
#2142 = ORIENTED_EDGE ( 'NONE', *, *, #2039, .F. ) ;
#2143 = FACE_OUTER_BOUND ( 'NONE', #1616, .T. ) ;
#2144 = ORIENTED_EDGE ( 'NONE', *, *, #288, .F. ) ;
#2145 = LINE ( 'NONE', #492, #3879 ) ;
#2146 = ORIENTED_EDGE ( 'NONE', *, *, #1008, .F. ) ;
#2147 = CARTESIAN_POINT ( 'NONE',  ( 10.99999999999999112, 9.409999999999998366, 0.6350000000000000089 ) ) ;
#2148 = CARTESIAN_POINT ( 'NONE',  ( -25.63500000000000156, -10.36500000000000021, 0.6350000000000000089 ) ) ;
#2149 = APPLICATION_CONTEXT ( 'automotive_design' ) ;
#2150 = DIRECTION ( 'NONE',  ( 0.000000000000000000, 0.000000000000000000, -1.000000000000000000 ) ) ;
#2151 = ADVANCED_FACE ( 'NONE', ( #775 ), #2046, .F. ) ;
#2152 = ORIENTED_EDGE ( 'NONE', *, *, #1385, .T. ) ;
#2153 = CARTESIAN_POINT ( 'NONE',  ( -9.000000000000000000, 9.000000000000000000, 0.000000000000000000 ) ) ;
#2154 = LINE ( 'NONE', #2135, #2065 ) ;
#2155 = ORIENTED_EDGE ( 'NONE', *, *, #429, .F. ) ;
#2156 = ORIENTED_EDGE ( 'NONE', *, *, #2419, .F. ) ;
#2157 = PLANE ( 'NONE',  #2042 ) ;
#2158 = CARTESIAN_POINT ( 'NONE',  ( 9.000000000000000000, 9.000000000000001776, 0.000000000000000000 ) ) ;
#2159 = CARTESIAN_POINT ( 'NONE',  ( -8.999999999999994671, 8.999999999999998224, 0.3175000000000000044 ) ) ;
#2160 = EDGE_LOOP ( 'NONE', ( #2706, #499, #1808, #2826 ) ) ;
#2161 = EDGE_CURVE ( 'NONE', #3677, #1935, #1580, .T. ) ;
#2162 = DIRECTION ( 'NONE',  ( 0.000000000000000000, 0.000000000000000000, -1.000000000000000000 ) ) ;
#2163 = EDGE_LOOP ( 'NONE', ( #2994, #3625, #1085, #158 ) ) ;
#2164 = VECTOR ( 'NONE', #1509, 100.0000000000000000 ) ;
#2165 = CARTESIAN_POINT ( 'NONE',  ( -8.589999999999992752, -10.99999999999999645, 0.1349999999999999534 ) ) ;
#2166 = ORIENTED_EDGE ( 'NONE', *, *, #1060, .T. ) ;
#2167 = VECTOR ( 'NONE', #1236, 100.0000000000000000 ) ;
#2168 = DIRECTION ( 'NONE',  ( -0.000000000000000000, 0.000000000000000000, 1.000000000000000000 ) ) ;
#2169 = ADVANCED_FACE ( 'NONE', ( #935 ), #1894, .F. ) ;
#2170 = LINE ( 'NONE', #2874, #2492 ) ;
#2171 = VECTOR ( 'NONE', #1193, 100.0000000000000000 ) ;
#2172 = AXIS2_PLACEMENT_3D ( 'NONE', #1068, #3596, #760 ) ;
#2173 = EDGE_LOOP ( 'NONE', ( #2766, #1775, #3319, #2124 ) ) ;
#2174 = EDGE_CURVE ( 'NONE', #3571, #3994, #1874, .T. ) ;
#2175 = EDGE_CURVE ( 'NONE', #2508, #3800, #1552, .T. ) ;
#2176 = AXIS2_PLACEMENT_3D ( 'NONE', #1643, #2570, #400 ) ;
#2177 = ADVANCED_FACE ( 'NONE', ( #361 ), #3506, .T. ) ;
#2178 = FACE_OUTER_BOUND ( 'NONE', #422, .T. ) ;
#2179 = DIRECTION ( 'NONE',  ( -0.000000000000000000, 0.000000000000000000, 1.000000000000000000 ) ) ;
#2180 = ORIENTED_EDGE ( 'NONE', *, *, #2296, .T. ) ;
#2181 = ORIENTED_EDGE ( 'NONE', *, *, #3, .T. ) ;
#2182 = PLANE ( 'NONE',  #3944 ) ;
#2183 = DIRECTION ( 'NONE',  ( -0.000000000000000000, 0.000000000000000000, 1.000000000000000000 ) ) ;
#2184 = CARTESIAN_POINT ( 'NONE',  ( -10.99999999999999467, 9.409999999999996589, 0.1349999999999999534 ) ) ;
#2185 = ORIENTED_EDGE ( 'NONE', *, *, #2498, .F. ) ;
#2186 = EDGE_CURVE ( 'NONE', #4083, #3049, #2816, .T. ) ;
#2187 = DIRECTION ( 'NONE',  ( 1.000000000000000000, 9.251858538542972814E-17, 0.000000000000000000 ) ) ;
#2188 = VERTEX_POINT ( 'NONE', #668 ) ;
#2189 = CARTESIAN_POINT ( 'NONE',  ( -9.409999999999998366, 10.99999999999999112, 0.1349999999999999534 ) ) ;
#2190 = VERTEX_POINT ( 'NONE', #3125 ) ;
#2191 = CIRCLE ( 'NONE', #140, 0.3000000000000002665 ) ;
#2192 = CARTESIAN_POINT ( 'NONE',  ( -10.19999999999999751, 8.232042833102431345, 0.1349999999999999534 ) ) ;
#2193 = LINE ( 'NONE', #3073, #3754 ) ;
#2194 = CIRCLE ( 'NONE', #409, 0.3000000000000016542 ) ;
#2195 = LINE ( 'NONE', #602, #2294 ) ;
#2196 = EDGE_CURVE ( 'NONE', #3418, #632, #297, .T. ) ;
#2197 = VECTOR ( 'NONE', #685, 100.0000000000000000 ) ;
#2198 = DIRECTION ( 'NONE',  ( 0.000000000000000000, -1.000000000000000000, 0.000000000000000000 ) ) ;
#2199 = LINE ( 'NONE', #643, #1699 ) ;
#2200 = CARTESIAN_POINT ( 'NONE',  ( -10.99999999999999467, 8.589999999999994529, 0.1349999999999999534 ) ) ;
#2201 = ORIENTED_EDGE ( 'NONE', *, *, #1338, .T. ) ;
#2202 = EDGE_CURVE ( 'NONE', #4027, #3336, #1268, .T. ) ;
#2203 = ORIENTED_EDGE ( 'NONE', *, *, #1408, .F. ) ;
#2204 = DIRECTION ( 'NONE',  ( 0.000000000000000000, 1.000000000000000000, 0.000000000000000000 ) ) ;
#2205 = LINE ( 'NONE', #3689, #1459 ) ;
#2206 = PLANE ( 'NONE',  #2902 ) ;
#2207 = ORIENTED_EDGE ( 'NONE', *, *, #456, .F. ) ;
#2208 = PLANE ( 'NONE',  #1328 ) ;
#2209 = ORIENTED_EDGE ( 'NONE', *, *, #403, .F. ) ;
#2210 = CARTESIAN_POINT ( 'NONE',  ( 10.20000000000000107, -8.232042833102429569, 0.6350000000000000089 ) ) ;
#2211 = VERTEX_POINT ( 'NONE', #342 ) ;
#2212 = PLANE ( 'NONE',  #212 ) ;
#2213 = PLANE ( 'NONE',  #2894 ) ;
#2214 = FACE_OUTER_BOUND ( 'NONE', #3645, .T. ) ;
#2215 = CARTESIAN_POINT ( 'NONE',  ( 10.99999999999999645, 7.499999999999998224, 0.6350000000000000089 ) ) ;
#2216 = DIRECTION ( 'NONE',  ( 1.000000000000000000, 0.000000000000000000, 0.000000000000000000 ) ) ;
#2217 = DIRECTION ( 'NONE',  ( 1.000000000000000000, -1.817653936845377429E-16, 0.000000000000000000 ) ) ;
#2218 = ORIENTED_EDGE ( 'NONE', *, *, #1400, .T. ) ;
#2219 = ORIENTED_EDGE ( 'NONE', *, *, #3466, .T. ) ;
#2220 = DIRECTION ( 'NONE',  ( -1.000000000000000000, -1.817653936845377429E-16, 0.000000000000000000 ) ) ;
#2221 = CARTESIAN_POINT ( 'NONE',  ( 8.030000000000004690, 8.030000000000004690, 0.4000000000000000222 ) ) ;
#2222 = EDGE_CURVE ( 'NONE', #3166, #2628, #1852, .T. ) ;
#2223 = LINE ( 'NONE', #345, #3294 ) ;
#2224 = ORIENTED_EDGE ( 'NONE', *, *, #2421, .T. ) ;
#2225 = EDGE_CURVE ( 'NONE', #991, #3418, #275, .T. ) ;
#2226 = CARTESIAN_POINT ( 'NONE',  ( -10.19999999999999396, -8.232042833102434898, 0.6350000000000000089 ) ) ;
#2227 = VERTEX_POINT ( 'NONE', #317 ) ;
#2228 = DIRECTION ( 'NONE',  ( -0.000000000000000000, 0.000000000000000000, 1.000000000000000000 ) ) ;
#2229 = ORIENTED_EDGE ( 'NONE', *, *, #684, .F. ) ;
#2230 = CARTESIAN_POINT ( 'NONE',  ( 10.99999999999999645, -7.499999999999993783, 0.3175000000000000044 ) ) ;
#2231 = VECTOR ( 'NONE', #1096, 100.0000000000000000 ) ;
#2232 = EDGE_CURVE ( 'NONE', #687, #295, #518, .T. ) ;
#2233 = CARTESIAN_POINT ( 'NONE',  ( 10.99999999999999645, -10.36499999999999488, 0.3175000000000000044 ) ) ;
#2234 = VECTOR ( 'NONE', #496, 100.0000000000000000 ) ;
#2235 = CARTESIAN_POINT ( 'NONE',  ( 0.000000000000000000, -7.470000000000000639, 0.4000000000000000222 ) ) ;
#2236 = VECTOR ( 'NONE', #899, 100.0000000000000000 ) ;
#2237 = CARTESIAN_POINT ( 'NONE',  ( -25.63500000000000156, 10.36499999999999311, 0.6350000000000000089 ) ) ;
#2238 = ORIENTED_EDGE ( 'NONE', *, *, #45, .T. ) ;
#2239 = VERTEX_POINT ( 'NONE', #10 ) ;
#2240 = VECTOR ( 'NONE', #2511, 100.0000000000000000 ) ;
#2241 = VECTOR ( 'NONE', #1548, 100.0000000000000000 ) ;
#2242 = DIRECTION ( 'NONE',  ( -2.726480905268065897E-16, 1.000000000000000000, -0.000000000000000000 ) ) ;
#2243 = DIRECTION ( 'NONE',  ( -0.4999999999999980571, -0.8660254037844398178, 0.000000000000000000 ) ) ;
#2244 = CARTESIAN_POINT ( 'NONE',  ( 10.81999999999999140, 8.589999999999998082, 0.6350000000000000089 ) ) ;
#2245 = VERTEX_POINT ( 'NONE', #3105 ) ;
#2246 = ADVANCED_FACE ( 'NONE', ( #1305 ), #2182, .T. ) ;
#2247 = CARTESIAN_POINT ( 'NONE',  ( -9.409999999999994813, -10.99999999999999645, 0.1349999999999999534 ) ) ;
#2248 = DIRECTION ( 'NONE',  ( 0.000000000000000000, 1.000000000000000000, 0.000000000000000000 ) ) ;
#2249 = EDGE_LOOP ( 'NONE', ( #450, #3020, #782, #2595, #2843 ) ) ;
#2250 = EDGE_CURVE ( 'NONE', #2359, #3544, #916, .T. ) ;
#2251 = EDGE_CURVE ( 'NONE', #1603, #147, #3188, .T. ) ;
#2252 = CARTESIAN_POINT ( 'NONE',  ( -10.69500000000000384, -9.894862706971711216E-16, 0.000000000000000000 ) ) ;
#2253 = CARTESIAN_POINT ( 'NONE',  ( -7.635000000000003340, 10.99999999999999645, 0.6350000000000000089 ) ) ;
#2254 = VECTOR ( 'NONE', #778, 100.0000000000000000 ) ;
#2255 = DIRECTION ( 'NONE',  ( 0.000000000000000000, 0.000000000000000000, -1.000000000000000000 ) ) ;
#2256 = DIRECTION ( 'NONE',  ( 0.000000000000000000, 0.000000000000000000, -1.000000000000000000 ) ) ;
#2257 = CARTESIAN_POINT ( 'NONE',  ( 25.63499999999999801, -10.36499999999999311, 0.6350000000000000089 ) ) ;
#2258 = ORIENTED_EDGE ( 'NONE', *, *, #1358, .T. ) ;
#2259 = VECTOR ( 'NONE', #1142, 100.0000000000000000 ) ;
#2260 = ORIENTED_EDGE ( 'NONE', *, *, #3039, .F. ) ;
#2261 = LINE ( 'NONE', #2865, #2094 ) ;
#2262 = VECTOR ( 'NONE', #2416, 100.0000000000000000 ) ;
#2263 = CARTESIAN_POINT ( 'NONE',  ( -10.36500000000000199, 10.36499999999999133, 0.3175000000000000044 ) ) ;
#2264 = FACE_OUTER_BOUND ( 'NONE', #2681, .T. ) ;
#2265 = EDGE_LOOP ( 'NONE', ( #3424, #1473, #3943, #527 ) ) ;
#2266 = LINE ( 'NONE', #91, #1660 ) ;
#2267 = DIRECTION ( 'NONE',  ( 0.000000000000000000, -1.000000000000000000, 0.000000000000000000 ) ) ;
#2268 = EDGE_LOOP ( 'NONE', ( #3793, #19, #2761, #1519 ) ) ;
#2269 = PLANE ( 'NONE',  #1046 ) ;
#2270 = CARTESIAN_POINT ( 'NONE',  ( -10.99999999999999467, 10.49999999999999467, 0.6350000000000000089 ) ) ;
#2271 = ORIENTED_EDGE ( 'NONE', *, *, #3512, .T. ) ;
#2272 = DIRECTION ( 'NONE',  ( -1.000000000000000000, 0.000000000000000000, 0.000000000000000000 ) ) ;
#2273 = CARTESIAN_POINT ( 'NONE',  ( 10.99999999999999645, 7.499999999999998224, 0.3175000000000000044 ) ) ;
#2274 = ADVANCED_FACE ( 'NONE', ( #1287 ), #2568, .F. ) ;
#2275 = DIRECTION ( 'NONE',  ( -0.000000000000000000, -0.000000000000000000, 1.000000000000000000 ) ) ;
#2276 = ORIENTED_EDGE ( 'NONE', *, *, #3521, .T. ) ;
#2277 = ORIENTED_EDGE ( 'NONE', *, *, #4033, .F. ) ;
#2278 = EDGE_CURVE ( 'NONE', #1623, #1372, #2261, .T. ) ;
#2279 = LINE ( 'NONE', #2357, #445 ) ;
#2280 = DIRECTION ( 'NONE',  ( 0.000000000000000000, -1.000000000000000000, 0.000000000000000000 ) ) ;
#2281 = PLANE ( 'NONE',  #786 ) ;
#2282 = EDGE_LOOP ( 'NONE', ( #171, #3474, #2929, #3080, #3669, #621, #326, #2724, #34, #493, #497, #2078 ) ) ;
#2283 = DIRECTION ( 'NONE',  ( 0.000000000000000000, 0.000000000000000000, -1.000000000000000000 ) ) ;
#2284 = LINE ( 'NONE', #112, #457 ) ;
#2285 = ORIENTED_EDGE ( 'NONE', *, *, #3936, .F. ) ;
#2286 = CARTESIAN_POINT ( 'NONE',  ( 9.894862706971711216E-16, -10.69500000000000384, 0.3175000000000011147 ) ) ;
#2287 = CARTESIAN_POINT ( 'NONE',  ( -10.36499999999999488, -10.99999999999999645, 0.6350000000000000089 ) ) ;
#2288 = LINE ( 'NONE', #2933, #2364 ) ;
#2289 = ORIENTED_EDGE ( 'NONE', *, *, #3640, .F. ) ;
#2290 = DIRECTION ( 'NONE',  ( 0.000000000000000000, 0.000000000000000000, 1.000000000000000000 ) ) ;
#2291 = FACE_OUTER_BOUND ( 'NONE', #381, .T. ) ;
#2292 = EDGE_CURVE ( 'NONE', #3409, #2354, #2587, .T. ) ;
#2293 = PLANE ( 'NONE',  #2557 ) ;
#2294 = VECTOR ( 'NONE', #904, 100.0000000000000000 ) ;
#2295 = ORIENTED_EDGE ( 'NONE', *, *, #1762, .F. ) ;
#2296 = EDGE_CURVE ( 'NONE', #1939, #3383, #2279, .T. ) ;
#2297 = EDGE_CURVE ( 'NONE', #1918, #1492, #86, .T. ) ;
#2298 = AXIS2_PLACEMENT_3D ( 'NONE', #1026, #3614, #3241 ) ;
#2299 = EDGE_CURVE ( 'NONE', #865, #890, #2554, .T. ) ;
#2300 = DIRECTION ( 'NONE',  ( 0.000000000000000000, 0.000000000000000000, 1.000000000000000000 ) ) ;
#2301 = CARTESIAN_POINT ( 'NONE',  ( -10.99999999999999467, 9.409999999999996589, 0.1349999999999999534 ) ) ;
#2302 = ORIENTED_EDGE ( 'NONE', *, *, #2232, .F. ) ;
#2303 = DIRECTION ( 'NONE',  ( 0.000000000000000000, -1.000000000000000000, 0.000000000000000000 ) ) ;
#2304 = CIRCLE ( 'NONE', #3884, 2.500000000000000888 ) ;
#2305 = EDGE_LOOP ( 'NONE', ( #1249, #792, #1633, #1849 ) ) ;
#2306 = AXIS2_PLACEMENT_3D ( 'NONE', #2479, #3436, #247 ) ;
#2307 = PLANE ( 'NONE',  #2650 ) ;
#2308 = CARTESIAN_POINT ( 'NONE',  ( -8.029999999999997584, 8.030000000000004690, 0.000000000000000000 ) ) ;
#2309 = ORIENTED_EDGE ( 'NONE', *, *, #3841, .F. ) ;
#2310 = ADVANCED_FACE ( 'NONE', ( #766 ), #1955, .F. ) ;
#2311 = LINE ( 'NONE', #1925, #3362 ) ;
#2312 = CARTESIAN_POINT ( 'NONE',  ( 7.499999999999995559, 10.99999999999999467, 0.6350000000000000089 ) ) ;
#2313 = CARTESIAN_POINT ( 'NONE',  ( 10.99999999999999645, -10.49999999999999467, 0.6350000000000000089 ) ) ;
#2314 = ORIENTED_EDGE ( 'NONE', *, *, #678, .F. ) ;
#2315 = CARTESIAN_POINT ( 'NONE',  ( 0.000000000000000000, 7.470000000000000639, 0.000000000000000000 ) ) ;
#2316 = DIRECTION ( 'NONE',  ( -1.000000000000000000, -9.088269684226882214E-17, 0.000000000000000000 ) ) ;
#2317 = LINE ( 'NONE', #3946, #3216 ) ;
#2318 = ADVANCED_FACE ( 'NONE', ( #2981 ), #2903, .F. ) ;
#2319 = ORIENTED_EDGE ( 'NONE', *, *, #371, .F. ) ;
#2320 = VECTOR ( 'NONE', #3573, 100.0000000000000000 ) ;
#2321 = CARTESIAN_POINT ( 'NONE',  ( -10.99999999999999645, -7.500000000000000000, 0.6350000000000000089 ) ) ;
#2322 = CARTESIAN_POINT ( 'NONE',  ( 25.63500000000000156, 10.36499999999999844, 0.6350000000000000089 ) ) ;
#2323 = CIRCLE ( 'NONE', #4039, 0.3000000000000016542 ) ;
#2324 = ORIENTED_EDGE ( 'NONE', *, *, #404, .F. ) ;
#2325 = ADVANCED_FACE ( 'NONE', ( #397 ), #708, .T. ) ;
#2326 = CARTESIAN_POINT ( 'NONE',  ( -8.029999999999997584, 0.000000000000000000, 0.4000000000000000222 ) ) ;
#2327 = ORIENTED_EDGE ( 'NONE', *, *, #2905, .T. ) ;
#2328 = VECTOR ( 'NONE', #3331, 100.0000000000000142 ) ;
#2329 = CARTESIAN_POINT ( 'NONE',  ( 0.000000000000000000, 0.000000000000000000, 0.1349999999999999534 ) ) ;
#2330 = FACE_OUTER_BOUND ( 'NONE', #1617, .T. ) ;
#2331 = ORIENTED_EDGE ( 'NONE', *, *, #2069, .T. ) ;
#2332 = DIRECTION ( 'NONE',  ( -1.000000000000000000, 0.000000000000000000, -0.000000000000000000 ) ) ;
#2333 = DIRECTION ( 'NONE',  ( -0.8660254037844398178, 0.4999999999999979461, 0.000000000000000000 ) ) ;
#2334 = ORIENTED_EDGE ( 'NONE', *, *, #3254, .F. ) ;
#2335 = CARTESIAN_POINT ( 'NONE',  ( -7.370000000000000107, 7.470000000000000639, 0.4000000000000000222 ) ) ;
#2336 = CARTESIAN_POINT ( 'NONE',  ( 10.99999999999999645, 7.499999999999998224, 0.6350000000000000089 ) ) ;
#2337 = EDGE_LOOP ( 'NONE', ( #3887, #1280, #3281, #555 ) ) ;
#2338 = ORIENTED_EDGE ( 'NONE', *, *, #3909, .T. ) ;
#2339 = CARTESIAN_POINT ( 'NONE',  ( 7.500000000000000000, -11.00000000000000000, 0.000000000000000000 ) ) ;
#2340 = DIRECTION ( 'NONE',  ( 0.000000000000000000, -0.000000000000000000, -1.000000000000000000 ) ) ;
#2341 = ORIENTED_EDGE ( 'NONE', *, *, #1062, .F. ) ;
#2342 = ORIENTED_EDGE ( 'NONE', *, *, #3640, .T. ) ;
#2343 = DIRECTION ( 'NONE',  ( 0.000000000000000000, 0.000000000000000000, -1.000000000000000000 ) ) ;
#2344 = EDGE_CURVE ( 'NONE', #2677, #4055, #2755, .T. ) ;
#2345 = LINE ( 'NONE', #1625, #3290 ) ;
#2346 = EDGE_LOOP ( 'NONE', ( #1587, #2429 ) ) ;
#2347 = ADVANCED_FACE ( 'NONE', ( #377 ), #3292, .F. ) ;
#2348 = DIRECTION ( 'NONE',  ( -1.817653936845377429E-16, 1.000000000000000000, 0.000000000000000000 ) ) ;
#2349 = CARTESIAN_POINT ( 'NONE',  ( 7.635000000000004228, -10.99999999999999645, 0.3175000000000000044 ) ) ;
#2350 = VERTEX_POINT ( 'NONE', #2032 ) ;
#2351 = DIRECTION ( 'NONE',  ( 1.000000000000000000, 0.000000000000000000, 0.000000000000000000 ) ) ;
#2352 = EDGE_LOOP ( 'NONE', ( #2431, #3873, #2722, #3289 ) ) ;
#2353 = CARTESIAN_POINT ( 'NONE',  ( -7.634999999999996234, -10.36499999999999844, 0.3175000000000000044 ) ) ;
#2354 = VERTEX_POINT ( 'NONE', #3851 ) ;
#2355 = ORIENTED_EDGE ( 'NONE', *, *, #1513, .F. ) ;
#2356 = CARTESIAN_POINT ( 'NONE',  ( -8.999999999999996447, -9.000000000000001776, 0.3175000000000000044 ) ) ;
#2357 = CARTESIAN_POINT ( 'NONE',  ( 7.500000000000000000, -10.99999999999999645, 0.6350000000000000089 ) ) ;
#2358 = VECTOR ( 'NONE', #1936, 100.0000000000000142 ) ;
#2359 = VERTEX_POINT ( 'NONE', #749 ) ;
#2360 = ORIENTED_EDGE ( 'NONE', *, *, #2053, .T. ) ;
#2361 = VECTOR ( 'NONE', #1382, 100.0000000000000000 ) ;
#2362 = AXIS2_PLACEMENT_3D ( 'NONE', #2519, #2456, #1174 ) ;
#2363 = DIRECTION ( 'NONE',  ( -0.8660254037844398178, 0.4999999999999980571, 0.000000000000000000 ) ) ;
#2364 = VECTOR ( 'NONE', #3722, 100.0000000000000142 ) ;
#2365 = VECTOR ( 'NONE', #2810, 100.0000000000000000 ) ;
#2366 = CARTESIAN_POINT ( 'NONE',  ( 9.767957166897559773, 10.19999999999999929, 0.1349999999999999534 ) ) ;
#2367 = EDGE_CURVE ( 'NONE', #1514, #192, #1973, .T. ) ;
#2368 = VERTEX_POINT ( 'NONE', #3603 ) ;
#2369 = AXIS2_PLACEMENT_3D ( 'NONE', #2366, #1491, #4022 ) ;
#2370 = DIRECTION ( 'NONE',  ( 0.000000000000000000, -1.000000000000000000, 0.000000000000000000 ) ) ;
#2371 = CARTESIAN_POINT ( 'NONE',  ( 9.000000000000000000, 9.000000000000001776, 0.000000000000000000 ) ) ;
#2372 = ORIENTED_EDGE ( 'NONE', *, *, #2575, .F. ) ;
#2373 = DIRECTION ( 'NONE',  ( 0.000000000000000000, 0.000000000000000000, -1.000000000000000000 ) ) ;
#2374 = EDGE_CURVE ( 'NONE', #1406, #757, #1661, .T. ) ;
#2375 = VERTEX_POINT ( 'NONE', #1033 ) ;
#2376 = LINE ( 'NONE', #182, #3086 ) ;
#2377 = CARTESIAN_POINT ( 'NONE',  ( -7.499999999999995559, 11.00000000000000000, 0.3175000000000000044 ) ) ;
#2378 = VERTEX_POINT ( 'NONE', #462 ) ;
#2379 = FACE_OUTER_BOUND ( 'NONE', #4088, .T. ) ;
#2380 = FILL_AREA_STYLE ('',( #132 ) ) ;
#2381 = VERTEX_POINT ( 'NONE', #1723 ) ;
#2382 = VECTOR ( 'NONE', #490, 100.0000000000000000 ) ;
#2383 = ORIENTED_EDGE ( 'NONE', *, *, #583, .F. ) ;
#2384 = VECTOR ( 'NONE', #2343, 100.0000000000000000 ) ;
#2385 = CARTESIAN_POINT ( 'NONE',  ( 10.99999999999999112, 8.589999999999998082, 0.1349999999999999534 ) ) ;
#2386 = CARTESIAN_POINT ( 'NONE',  ( 0.000000000000000000, -7.470000000000000639, 0.000000000000000000 ) ) ;
#2387 = ORIENTED_EDGE ( 'NONE', *, *, #955, .T. ) ;
#2388 = VECTOR ( 'NONE', #4054, 100.0000000000000000 ) ;
#2389 = PLANE ( 'NONE',  #70 ) ;
#2390 = VERTEX_POINT ( 'NONE', #3893 ) ;
#2391 = CARTESIAN_POINT ( 'NONE',  ( 8.589999999999999858, -10.99999999999999112, 0.1349999999999999534 ) ) ;
#2392 = ADVANCED_FACE ( 'NONE', ( #438 ), #420, .F. ) ;
#2393 = VERTEX_POINT ( 'NONE', #106 ) ;
#2394 = DIRECTION ( 'NONE',  ( 0.000000000000000000, -1.000000000000000000, 0.000000000000000000 ) ) ;
#2395 = DIRECTION ( 'NONE',  ( -0.000000000000000000, 0.000000000000000000, 1.000000000000000000 ) ) ;
#2396 = EDGE_LOOP ( 'NONE', ( #1792, #2136, #3124, #3802 ) ) ;
#2397 = CARTESIAN_POINT ( 'NONE',  ( -7.499999999999998224, 10.99999999999999645, 0.6350000000000000089 ) ) ;
#2398 = EDGE_CURVE ( 'NONE', #1372, #2972, #1056, .T. ) ;
#2399 = ADVANCED_FACE ( 'NONE', ( #3928 ), #2015, .F. ) ;
#2400 = DIRECTION ( 'NONE',  ( 0.000000000000000000, 1.000000000000000000, 0.000000000000000000 ) ) ;
#2401 = EDGE_LOOP ( 'NONE', ( #2934, #2921 ) ) ;
#2402 = VERTEX_POINT ( 'NONE', #2339 ) ;
#2403 = FACE_OUTER_BOUND ( 'NONE', #1626, .T. ) ;
#2404 = LINE ( 'NONE', #1189, #845 ) ;
#2405 = ORIENTED_EDGE ( 'NONE', *, *, #2602, .T. ) ;
#2406 = CARTESIAN_POINT ( 'NONE',  ( -10.36499999999999666, 7.634999999999997122, 0.3175000000000000044 ) ) ;
#2407 = VERTEX_POINT ( 'NONE', #3374 ) ;
#2408 = CARTESIAN_POINT ( 'NONE',  ( -8.232042833102433121, 10.19999999999999574, 0.1349999999999999534 ) ) ;
#2409 = ORIENTED_EDGE ( 'NONE', *, *, #1691, .T. ) ;
#2410 = DIRECTION ( 'NONE',  ( 0.000000000000000000, 1.000000000000000000, 0.000000000000000000 ) ) ;
#2411 = DIRECTION ( 'NONE',  ( 0.000000000000000000, -1.000000000000000000, 0.000000000000000000 ) ) ;
#2412 = EDGE_CURVE ( 'NONE', #1703, #2736, #3951, .T. ) ;
#2413 = VERTEX_POINT ( 'NONE', #542 ) ;
#2414 = CARTESIAN_POINT ( 'NONE',  ( 8.589999999999999858, -10.99999999999999645, 0.1349999999999999534 ) ) ;
#2415 = CARTESIAN_POINT ( 'NONE',  ( 10.19999999999999574, 8.232042833102433121, 0.1349999999999999534 ) ) ;
#2416 = DIRECTION ( 'NONE',  ( 0.000000000000000000, 1.000000000000000000, 0.000000000000000000 ) ) ;
#2417 = ORIENTED_EDGE ( 'NONE', *, *, #3146, .F. ) ;
#2418 = EDGE_CURVE ( 'NONE', #815, #4056, #248, .T. ) ;
#2419 = EDGE_CURVE ( 'NONE', #396, #3481, #210, .T. ) ;
#2420 = VERTEX_POINT ( 'NONE', #1467 ) ;
#2421 = EDGE_CURVE ( 'NONE', #3202, #732, #3350, .T. ) ;
#2422 = AXIS2_PLACEMENT_3D ( 'NONE', #1595, #3807, #3502 ) ;
#2423 = CARTESIAN_POINT ( 'NONE',  ( 8.232042833102434898, -10.19999999999999396, 0.1349999999999999534 ) ) ;
#2424 = FACE_BOUND ( 'NONE', #3440, .T. ) ;
#2425 = VERTEX_POINT ( 'NONE', #847 ) ;
#2426 = AXIS2_PLACEMENT_3D ( 'NONE', #1606, #2871, #2248 ) ;
#2427 = AXIS2_PLACEMENT_3D ( 'NONE', #2679, #547, #2779 ) ;
#2428 = PLANE ( 'NONE',  #344 ) ;
#2429 = ORIENTED_EDGE ( 'NONE', *, *, #2590, .T. ) ;
#2430 = CARTESIAN_POINT ( 'NONE',  ( -10.99999999999999467, 10.49999999999999467, 0.3175000000000000044 ) ) ;
#2431 = ORIENTED_EDGE ( 'NONE', *, *, #582, .T. ) ;
#2432 = VECTOR ( 'NONE', #1329, 100.0000000000000000 ) ;
#2433 = VECTOR ( 'NONE', #1119, 100.0000000000000000 ) ;
#2434 = LINE ( 'NONE', #242, #3182 ) ;
#2435 = FACE_OUTER_BOUND ( 'NONE', #4007, .T. ) ;
#2436 = FACE_OUTER_BOUND ( 'NONE', #251, .T. ) ;
#2437 = VERTEX_POINT ( 'NONE', #2090 ) ;
#2438 = DIRECTION ( 'NONE',  ( 0.000000000000000000, 0.000000000000000000, -1.000000000000000000 ) ) ;
#2439 = LINE ( 'NONE', #3682, #2951 ) ;
#2440 = EDGE_CURVE ( 'NONE', #769, #2972, #245, .T. ) ;
#2441 = LINE ( 'NONE', #3707, #4044 ) ;
#2442 = ORIENTED_EDGE ( 'NONE', *, *, #340, .T. ) ;
#2443 = EDGE_LOOP ( 'NONE', ( #886, #3062, #261, #1475, #2649 ) ) ;
#2444 = DIRECTION ( 'NONE',  ( 1.000000000000000000, 9.251858538542974046E-17, 0.000000000000000000 ) ) ;
#2445 = CARTESIAN_POINT ( 'NONE',  ( 9.767957166897565102, -10.19999999999999396, 0.6350000000000000089 ) ) ;
#2446 = CARTESIAN_POINT ( 'NONE',  ( -10.36499999999999311, -25.63499999999999801, 0.3175000000000000044 ) ) ;
#2447 = ORIENTED_EDGE ( 'NONE', *, *, #1978, .T. ) ;
#2448 = VECTOR ( 'NONE', #1673, 100.0000000000000000 ) ;
#2449 = CARTESIAN_POINT ( 'NONE',  ( -8.589999999999998082, 10.81999999999999140, 0.1349999999999999534 ) ) ;
#2450 = ORIENTED_EDGE ( 'NONE', *, *, #1563, .F. ) ;
#2451 = AXIS2_PLACEMENT_3D ( 'NONE', #1581, #3381, #298 ) ;
#2452 = LINE ( 'NONE', #2993, #3224 ) ;
#2453 = ORIENTED_EDGE ( 'NONE', *, *, #2781, .F. ) ;
#2454 = DIRECTION ( 'NONE',  ( -0.000000000000000000, 0.000000000000000000, 1.000000000000000000 ) ) ;
#2455 =( GEOMETRIC_REPRESENTATION_CONTEXT ( 3 ) GLOBAL_UNCERTAINTY_ASSIGNED_CONTEXT ( ( #1424 ) ) GLOBAL_UNIT_ASSIGNED_CONTEXT ( ( #1217, #2518, #861 ) ) REPRESENTATION_CONTEXT ( 'NONE', 'WORKASPACE' ) );
#2456 = DIRECTION ( 'NONE',  ( -9.251858538542974046E-17, 1.000000000000000000, 0.000000000000000000 ) ) ;
#2457 = DIRECTION ( 'NONE',  ( 0.000000000000000000, 1.000000000000000000, 0.000000000000000000 ) ) ;
#2458 = EDGE_LOOP ( 'NONE', ( #2360, #1679, #2462, #3659 ) ) ;
#2459 = CARTESIAN_POINT ( 'NONE',  ( 10.99999999999999645, -10.49999999999999467, 0.6350000000000000089 ) ) ;
#2460 = LINE ( 'NONE', #1222, #1495 ) ;
#2461 = CARTESIAN_POINT ( 'NONE',  ( -10.36500000000000199, 10.99999999999999645, 0.6350000000000000089 ) ) ;
#2462 = ORIENTED_EDGE ( 'NONE', *, *, #4087, .F. ) ;
#2463 = ORIENTED_EDGE ( 'NONE', *, *, #807, .T. ) ;
#2464 = FACE_OUTER_BOUND ( 'NONE', #3585, .T. ) ;
#2465 = LINE ( 'NONE', #3734, #3713 ) ;
#2466 = CARTESIAN_POINT ( 'NONE',  ( -10.99999999999999467, 7.634999999999997122, 0.6350000000000000089 ) ) ;
#2467 = EDGE_LOOP ( 'NONE', ( #3450, #303, #3321, #1817, #1071, #2218 ) ) ;
#2468 = EDGE_CURVE ( 'NONE', #1121, #858, #1805, .T. ) ;
#2469 = CARTESIAN_POINT ( 'NONE',  ( 7.635000000000004228, -10.36499999999999488, 0.3175000000000000044 ) ) ;
#2470 = VERTEX_POINT ( 'NONE', #867 ) ;
#2471 = CARTESIAN_POINT ( 'NONE',  ( 8.999999999999998224, 9.000000000000000000, 0.3175000000000000044 ) ) ;
#2472 = ORIENTED_EDGE ( 'NONE', *, *, #1262, .T. ) ;
#2473 = EDGE_CURVE ( 'NONE', #3486, #4083, #1743, .T. ) ;
#2474 = ADVANCED_FACE ( 'NONE', ( #519 ), #4009, .F. ) ;
#2475 = CARTESIAN_POINT ( 'NONE',  ( 10.49999999999999467, 10.99999999999999467, 0.6350000000000000089 ) ) ;
#2476 = FACE_OUTER_BOUND ( 'NONE', #2907, .T. ) ;
#2477 = CARTESIAN_POINT ( 'NONE',  ( -7.634999999999996234, -10.36499999999999844, 0.3175000000000000044 ) ) ;
#2478 = ORIENTED_EDGE ( 'NONE', *, *, #2418, .F. ) ;
#2479 = CARTESIAN_POINT ( 'NONE',  ( 9.000000000000001776, -8.999999999999998224, 0.000000000000000000 ) ) ;
#2480 = DIRECTION ( 'NONE',  ( -9.088269684226887144E-17, 1.000000000000000000, 0.000000000000000000 ) ) ;
#2481 = DIRECTION ( 'NONE',  ( 0.000000000000000000, -1.000000000000000000, 0.000000000000000000 ) ) ;
#2482 = ORIENTED_EDGE ( 'NONE', *, *, #1008, .T. ) ;
#2483 = EDGE_CURVE ( 'NONE', #1891, #1756, #1159, .T. ) ;
#2484 = ORIENTED_EDGE ( 'NONE', *, *, #3768, .F. ) ;
#2485 = CARTESIAN_POINT ( 'NONE',  ( -10.49999999999999822, 10.99999999999999645, 0.6350000000000000089 ) ) ;
#2486 = CARTESIAN_POINT ( 'NONE',  ( 7.470000000000000639, -7.370000000000000107, 0.000000000000000000 ) ) ;
#2487 = CARTESIAN_POINT ( 'NONE',  ( -10.99999999999999289, 10.36499999999999133, 0.6350000000000000089 ) ) ;
#2488 = ORIENTED_EDGE ( 'NONE', *, *, #1737, .F. ) ;
#2489 = CARTESIAN_POINT ( 'NONE',  ( 10.99999999999999645, -7.634999999999996234, 0.6350000000000000089 ) ) ;
#2490 = EDGE_CURVE ( 'NONE', #1765, #2375, #1824, .T. ) ;
#2491 = ORIENTED_EDGE ( 'NONE', *, *, #475, .F. ) ;
#2492 = VECTOR ( 'NONE', #1865, 100.0000000000000000 ) ;
#2493 = PLANE ( 'NONE',  #715 ) ;
#2494 = EDGE_LOOP ( 'NONE', ( #1117, #3253, #852, #1771, #3595 ) ) ;
#2495 = VECTOR ( 'NONE', #284, 100.0000000000000000 ) ;
#2496 = AXIS2_PLACEMENT_3D ( 'NONE', #3846, #1342, #3244 ) ;
#2497 = CARTESIAN_POINT ( 'NONE',  ( -9.000000000000000000, 9.000000000000000000, 0.6350000000000000089 ) ) ;
#2498 = EDGE_CURVE ( 'NONE', #1405, #4052, #2439, .T. ) ;
#2499 = EDGE_CURVE ( 'NONE', #192, #970, #4032, .T. ) ;
#2500 = DIRECTION ( 'NONE',  ( 1.000000000000000000, -1.817653936845377429E-16, 0.000000000000000000 ) ) ;
#2501 = VECTOR ( 'NONE', #3594, 100.0000000000000000 ) ;
#2502 = VECTOR ( 'NONE', #1086, 100.0000000000000000 ) ;
#2503 = LINE ( 'NONE', #887, #723 ) ;
#2504 = VECTOR ( 'NONE', #1845, 100.0000000000000000 ) ;
#2505 = DIRECTION ( 'NONE',  ( -1.000000000000000000, -9.088269684226887144E-17, 0.000000000000000000 ) ) ;
#2506 = LINE ( 'NONE', #4011, #1133 ) ;
#2507 = VERTEX_POINT ( 'NONE', #2112 ) ;
#2508 = VERTEX_POINT ( 'NONE', #3974 ) ;
#2509 = DIRECTION ( 'NONE',  ( 0.8660254037844398178, 0.4999999999999979461, 0.000000000000000000 ) ) ;
#2510 = FACE_OUTER_BOUND ( 'NONE', #408, .T. ) ;
#2511 = DIRECTION ( 'NONE',  ( -0.000000000000000000, 0.000000000000000000, 1.000000000000000000 ) ) ;
#2512 = ORIENTED_EDGE ( 'NONE', *, *, #1893, .F. ) ;
#2513 = PLANE ( 'NONE',  #2060 ) ;
#2514 = VERTEX_POINT ( 'NONE', #3623 ) ;
#2515 = FACE_OUTER_BOUND ( 'NONE', #1139, .T. ) ;
#2516 = ORIENTED_EDGE ( 'NONE', *, *, #830, .F. ) ;
#2517 = VECTOR ( 'NONE', #3898, 100.0000000000000000 ) ;
#2518 =( NAMED_UNIT ( * ) PLANE_ANGLE_UNIT ( ) SI_UNIT ( $, .RADIAN. ) );
#2519 = CARTESIAN_POINT ( 'NONE',  ( 9.894862706971711216E-16, -10.69500000000000384, 16.01329964592964572 ) ) ;
#2520 = AXIS2_PLACEMENT_3D ( 'NONE', #1227, #3422, #1270 ) ;
#2521 = DIRECTION ( 'NONE',  ( 0.000000000000000000, 0.000000000000000000, -1.000000000000000000 ) ) ;
#2522 = VECTOR ( 'NONE', #1510, 100.0000000000000000 ) ;
#2523 = PLANE ( 'NONE',  #324 ) ;
#2524 = LINE ( 'NONE', #949, #3783 ) ;
#2525 = EDGE_LOOP ( 'NONE', ( #3019, #2842, #2870, #1165 ) ) ;
#2526 = ORIENTED_EDGE ( 'NONE', *, *, #3301, .F. ) ;
#2527 = ADVANCED_FACE ( 'NONE', ( #1201 ), #2056, .F. ) ;
#2528 = CARTESIAN_POINT ( 'NONE',  ( -9.409999999999994813, -10.81999999999999851, 0.6350000000000000089 ) ) ;
#2529 = LINE ( 'NONE', #362, #15 ) ;
#2530 = DIRECTION ( 'NONE',  ( -1.000000000000000000, 0.000000000000000000, -0.000000000000000000 ) ) ;
#2531 = ORIENTED_EDGE ( 'NONE', *, *, #2854, .F. ) ;
#2532 = EDGE_CURVE ( 'NONE', #3627, #3012, #3016, .T. ) ;
#2533 = CARTESIAN_POINT ( 'NONE',  ( 8.030000000000004690, -8.030000000000002913, 0.000000000000000000 ) ) ;
#2534 = ORIENTED_EDGE ( 'NONE', *, *, #3334, .F. ) ;
#2535 = DIRECTION ( 'NONE',  ( 0.000000000000000000, 1.000000000000000000, 0.000000000000000000 ) ) ;
#2536 = EDGE_LOOP ( 'NONE', ( #419, #2961, #1892, #2849 ) ) ;
#2537 = LINE ( 'NONE', #661, #1909 ) ;
#2538 = CARTESIAN_POINT ( 'NONE',  ( 7.500000000000000000, -10.99999999999999645, 0.3175000000000000044 ) ) ;
#2539 = CARTESIAN_POINT ( 'NONE',  ( -8.232042833102433121, 10.19999999999999574, 0.6350000000000000089 ) ) ;
#2540 = DIRECTION ( 'NONE',  ( 0.000000000000000000, -1.000000000000000000, 0.000000000000000000 ) ) ;
#2541 = VERTEX_POINT ( 'NONE', #2713 ) ;
#2542 = EDGE_CURVE ( 'NONE', #396, #2035, #2689, .T. ) ;
#2543 = ORIENTED_EDGE ( 'NONE', *, *, #2781, .T. ) ;
#2544 = DIRECTION ( 'NONE',  ( 0.000000000000000000, 0.000000000000000000, -1.000000000000000000 ) ) ;
#2545 = CARTESIAN_POINT ( 'NONE',  ( 9.410000000000000142, -10.99999999999999112, 0.1349999999999999534 ) ) ;
#2546 = ADVANCED_FACE ( 'NONE', ( #2379 ), #190, .F. ) ;
#2547 = EDGE_CURVE ( 'NONE', #2420, #829, #269, .T. ) ;
#2548 = CARTESIAN_POINT ( 'NONE',  ( 10.36499999999999488, 7.635000000000004228, 0.6350000000000000089 ) ) ;
#2549 = ORIENTED_EDGE ( 'NONE', *, *, #279, .F. ) ;
#2550 = LINE ( 'NONE', #426, #1993 ) ;
#2551 = CARTESIAN_POINT ( 'NONE',  ( -7.635000000000003340, 10.36499999999999666, 0.3175000000000000044 ) ) ;
#2552 = ORIENTED_EDGE ( 'NONE', *, *, #1755, .F. ) ;
#2553 = DIRECTION ( 'NONE',  ( -0.4999999999999979461, -0.8660254037844398178, 0.000000000000000000 ) ) ;
#2554 = CIRCLE ( 'NONE', #578, 2.500000000000000888 ) ;
#2555 = FACE_OUTER_BOUND ( 'NONE', #485, .T. ) ;
#2556 = CARTESIAN_POINT ( 'NONE',  ( 10.36499999999999488, 25.63499999999999801, 0.3175000000000000044 ) ) ;
#2557 = AXIS2_PLACEMENT_3D ( 'NONE', #3562, #1359, #2626 ) ;
#2558 = VECTOR ( 'NONE', #82, 100.0000000000000000 ) ;
#2559 = DIRECTION ( 'NONE',  ( 0.000000000000000000, 1.000000000000000000, 0.000000000000000000 ) ) ;
#2560 = CARTESIAN_POINT ( 'NONE',  ( 8.589999999999999858, -10.81999999999999140, 0.6350000000000000089 ) ) ;
#2561 = CIRCLE ( 'NONE', #55, 0.3000000000000016542 ) ;
#2562 = AXIS2_PLACEMENT_3D ( 'NONE', #2990, #2544, #2204 ) ;
#2563 = FACE_OUTER_BOUND ( 'NONE', #2925, .T. ) ;
#2564 = ORIENTED_EDGE ( 'NONE', *, *, #3692, .T. ) ;
#2565 = VERTEX_POINT ( 'NONE', #2539 ) ;
#2566 = VECTOR ( 'NONE', #1021, 100.0000000000000000 ) ;
#2567 = EDGE_CURVE ( 'NONE', #3299, #876, #2812, .T. ) ;
#2568 = PLANE ( 'NONE',  #127 ) ;
#2569 = DIRECTION ( 'NONE',  ( -0.000000000000000000, 0.000000000000000000, 1.000000000000000000 ) ) ;
#2570 = DIRECTION ( 'NONE',  ( 0.000000000000000000, 0.000000000000000000, 1.000000000000000000 ) ) ;
#2571 = ORIENTED_EDGE ( 'NONE', *, *, #1135, .T. ) ;
#2572 = CARTESIAN_POINT ( 'NONE',  ( -9.767957166897559773, -10.20000000000000107, 0.1349999999999999534 ) ) ;
#2573 = FACE_OUTER_BOUND ( 'NONE', #545, .T. ) ;
#2574 = ORIENTED_EDGE ( 'NONE', *, *, #2202, .T. ) ;
#2575 = EDGE_CURVE ( 'NONE', #1756, #997, #2199, .T. ) ;
#2576 = CARTESIAN_POINT ( 'NONE',  ( -10.19999999999999396, -8.232042833102434898, 0.1349999999999999534 ) ) ;
#2577 = PLANE ( 'NONE',  #2298 ) ;
#2578 = VERTEX_POINT ( 'NONE', #6 ) ;
#2579 = EDGE_CURVE ( 'NONE', #1735, #2677, #4073, .T. ) ;
#2580 = VECTOR ( 'NONE', #369, 100.0000000000000142 ) ;
#2581 = CARTESIAN_POINT ( 'NONE',  ( 8.589999999999999858, -10.99999999999999112, 0.1349999999999999534 ) ) ;
#2582 = LINE ( 'NONE', #2273, #1104 ) ;
#2583 = DIRECTION ( 'NONE',  ( -1.000000000000000000, -9.088269684226887144E-17, 0.000000000000000000 ) ) ;
#2584 = ORIENTED_EDGE ( 'NONE', *, *, #1431, .T. ) ;
#2585 = VECTOR ( 'NONE', #1083, 100.0000000000000000 ) ;
#2586 = ORIENTED_EDGE ( 'NONE', *, *, #1240, .F. ) ;
#2587 = LINE ( 'NONE', #1015, #2231 ) ;
#2588 = VECTOR ( 'NONE', #3808, 100.0000000000000000 ) ;
#2589 = CARTESIAN_POINT ( 'NONE',  ( 7.635000000000004228, -10.36499999999999488, 0.3175000000000000044 ) ) ;
#2590 = EDGE_CURVE ( 'NONE', #1300, #1872, #1635, .T. ) ;
#2591 = CARTESIAN_POINT ( 'NONE',  ( -8.589999999999992752, -10.99999999999999645, 0.1349999999999999534 ) ) ;
#2592 = ORIENTED_EDGE ( 'NONE', *, *, #3628, .F. ) ;
#2593 = DIRECTION ( 'NONE',  ( 1.000000000000000000, 1.817653936845377429E-16, 0.000000000000000000 ) ) ;
#2594 = LINE ( 'NONE', #3856, #2566 ) ;
#2595 = ORIENTED_EDGE ( 'NONE', *, *, #781, .T. ) ;
#2596 = PLANE ( 'NONE',  #1114 ) ;
#2597 = PLANE ( 'NONE',  #927 ) ;
#2598 = DIRECTION ( 'NONE',  ( -1.817653936845377429E-16, 1.000000000000000000, 0.000000000000000000 ) ) ;
#2599 = EDGE_CURVE ( 'NONE', #765, #2470, #23, .T. ) ;
#2600 = ADVANCED_FACE ( 'NONE', ( #584 ), #2523, .F. ) ;
#2601 = VERTEX_POINT ( 'NONE', #3729 ) ;
#2602 = EDGE_CURVE ( 'NONE', #2565, #2739, #337, .T. ) ;
#2603 = CARTESIAN_POINT ( 'NONE',  ( 10.99999999999999645, 10.49999999999999822, 0.000000000000000000 ) ) ;
#2604 = FACE_OUTER_BOUND ( 'NONE', #3651, .T. ) ;
#2605 = DIRECTION ( 'NONE',  ( -0.8660254037844398178, 0.4999999999999979461, 0.000000000000000000 ) ) ;
#2606 = VERTEX_POINT ( 'NONE', #3458 ) ;
#2607 = CARTESIAN_POINT ( 'NONE',  ( -8.999999999999996447, -9.000000000000001776, 0.3175000000000000044 ) ) ;
#2608 = FACE_OUTER_BOUND ( 'NONE', #895, .T. ) ;
#2609 = ORIENTED_EDGE ( 'NONE', *, *, #3181, .F. ) ;
#2610 = EDGE_CURVE ( 'NONE', #2099, #414, #625, .T. ) ;
#2611 = CARTESIAN_POINT ( 'NONE',  ( 10.36499999999999666, 10.99999999999999289, 0.3175000000000000044 ) ) ;
#2612 = ORIENTED_EDGE ( 'NONE', *, *, #2800, .T. ) ;
#2613 = PLANE ( 'NONE',  #3444 ) ;
#2614 = CARTESIAN_POINT ( 'NONE',  ( 10.99999999999999645, -8.589999999999992752, 0.6350000000000000089 ) ) ;
#2615 = ORIENTED_EDGE ( 'NONE', *, *, #2590, .F. ) ;
#2616 = PLANE ( 'NONE',  #4017 ) ;
#2617 = EDGE_CURVE ( 'NONE', #1603, #876, #836, .T. ) ;
#2618 = CARTESIAN_POINT ( 'NONE',  ( -10.99999999999999645, -10.50000000000000000, 0.6350000000000000089 ) ) ;
#2619 = DIRECTION ( 'NONE',  ( 0.000000000000000000, 0.000000000000000000, -1.000000000000000000 ) ) ;
#2620 = VERTEX_POINT ( 'NONE', #664 ) ;
#2621 = VECTOR ( 'NONE', #2750, 100.0000000000000000 ) ;
#2622 = ADVANCED_FACE ( 'NONE', ( #888 ), #3184, .T. ) ;
#2623 = LINE ( 'NONE', #1356, #2696 ) ;
#2624 = EDGE_CURVE ( 'NONE', #2578, #440, #3138, .T. ) ;
#2625 = DIRECTION ( 'NONE',  ( 9.088269684226882214E-17, -1.000000000000000000, 0.000000000000000000 ) ) ;
#2626 = DIRECTION ( 'NONE',  ( -0.8660254037844397068, -0.4999999999999980016, 0.000000000000000000 ) ) ;
#2627 = AXIS2_PLACEMENT_3D ( 'NONE', #436, #2054, #1696 ) ;
#2628 = VERTEX_POINT ( 'NONE', #1613 ) ;
#2629 = VECTOR ( 'NONE', #3408, 100.0000000000000000 ) ;
#2630 = CIRCLE ( 'NONE', #1504, 0.3000000000000016542 ) ;
#2631 = DIRECTION ( 'NONE',  ( 0.000000000000000000, 0.000000000000000000, -1.000000000000000000 ) ) ;
#2632 = DIRECTION ( 'NONE',  ( 0.7071067811865475727, 0.7071067811865475727, -0.000000000000000000 ) ) ;
#2633 = ORIENTED_EDGE ( 'NONE', *, *, #569, .F. ) ;
#2634 = CARTESIAN_POINT ( 'NONE',  ( -10.81999999999999496, 9.409999999999996589, 0.1349999999999999534 ) ) ;
#2635 = VECTOR ( 'NONE', #3715, 100.0000000000000000 ) ;
#2636 = AXIS2_PLACEMENT_3D ( 'NONE', #3565, #2670, #1994 ) ;
#2637 = ORIENTED_EDGE ( 'NONE', *, *, #480, .F. ) ;
#2638 = VECTOR ( 'NONE', #541, 100.0000000000000000 ) ;
#2639 = DIRECTION ( 'NONE',  ( 0.000000000000000000, -1.000000000000000000, 0.000000000000000000 ) ) ;
#2640 = DIRECTION ( 'NONE',  ( -0.000000000000000000, 0.000000000000000000, 1.000000000000000000 ) ) ;
#2641 = ORIENTED_EDGE ( 'NONE', *, *, #1099, .F. ) ;
#2642 = LINE ( 'NONE', #3083, #3158 ) ;
#2643 = CARTESIAN_POINT ( 'NONE',  ( -10.99999999999999645, -7.500000000000000000, 0.6350000000000000089 ) ) ;
#2644 = ORIENTED_EDGE ( 'NONE', *, *, #3569, .T. ) ;
#2645 = LINE ( 'NONE', #1321, #973 ) ;
#2646 = LINE ( 'NONE', #2336, #2822 ) ;
#2647 = CARTESIAN_POINT ( 'NONE',  ( 10.99999999999999645, 7.635000000000004228, 0.3175000000000000044 ) ) ;
#2648 = ADVANCED_FACE ( 'NONE', ( #2178 ), #2840, .F. ) ;
#2649 = ORIENTED_EDGE ( 'NONE', *, *, #169, .T. ) ;
#2650 = AXIS2_PLACEMENT_3D ( 'NONE', #737, #1407, #443 ) ;
#2651 = EDGE_CURVE ( 'NONE', #3800, #1267, #4053, .T. ) ;
#2652 = CARTESIAN_POINT ( 'NONE',  ( -10.81999999999999496, 8.589999999999994529, 0.1349999999999999534 ) ) ;
#2653 = LINE ( 'NONE', #1057, #3650 ) ;
#2654 = AXIS2_PLACEMENT_3D ( 'NONE', #917, #3084, #277 ) ;
#2655 = ORIENTED_EDGE ( 'NONE', *, *, #502, .F. ) ;
#2656 = EDGE_CURVE ( 'NONE', #2093, #424, #2460, .T. ) ;
#2657 = EDGE_CURVE ( 'NONE', #1675, #2350, #908, .T. ) ;
#2658 = ORIENTED_EDGE ( 'NONE', *, *, #1898, .F. ) ;
#2659 = AXIS2_PLACEMENT_3D ( 'NONE', #1910, #3542, #7 ) ;
#2660 = CARTESIAN_POINT ( 'NONE',  ( 0.000000000000000000, 0.000000000000000000, 0.4000000000000000222 ) ) ;
#2661 = CARTESIAN_POINT ( 'NONE',  ( -10.99999999999999645, -10.50000000000000000, 0.000000000000000000 ) ) ;
#2662 = ORIENTED_EDGE ( 'NONE', *, *, #702, .F. ) ;
#2663 = DIRECTION ( 'NONE',  ( 1.000000000000000000, 0.000000000000000000, 0.000000000000000000 ) ) ;
#2664 = LINE ( 'NONE', #2406, #1063 ) ;
#2665 = PLANE ( 'NONE',  #1041 ) ;
#2666 = ORIENTED_EDGE ( 'NONE', *, *, #1454, .F. ) ;
#2667 = DIRECTION ( 'NONE',  ( 1.000000000000000000, 0.000000000000000000, 0.000000000000000000 ) ) ;
#2668 = ORIENTED_EDGE ( 'NONE', *, *, #1480, .F. ) ;
#2669 = ORIENTED_EDGE ( 'NONE', *, *, #695, .T. ) ;
#2670 = DIRECTION ( 'NONE',  ( -0.000000000000000000, 0.000000000000000000, 1.000000000000000000 ) ) ;
#2671 = ADVANCED_FACE ( 'NONE', ( #3120 ), #292, .T. ) ;
#2672 = ORIENTED_EDGE ( 'NONE', *, *, #1157, .F. ) ;
#2673 = ORIENTED_EDGE ( 'NONE', *, *, #3280, .T. ) ;
#2674 = ADVANCED_FACE ( 'NONE', ( #1030 ), #373, .F. ) ;
#2675 = CARTESIAN_POINT ( 'NONE',  ( -10.49999999999999467, -10.99999999999999645, 0.6350000000000000089 ) ) ;
#2676 = FACE_OUTER_BOUND ( 'NONE', #564, .T. ) ;
#2677 = VERTEX_POINT ( 'NONE', #83 ) ;
#2678 = EDGE_CURVE ( 'NONE', #47, #4027, #988, .T. ) ;
#2679 = CARTESIAN_POINT ( 'NONE',  ( -8.589999999999992752, -10.81999999999999851, 0.1349999999999999534 ) ) ;
#2680 = PLANE ( 'NONE',  #537 ) ;
#2681 = EDGE_LOOP ( 'NONE', ( #3526, #3390, #1125, #1745 ) ) ;
#2682 = DIRECTION ( 'NONE',  ( 0.4999999999999979461, -0.8660254037844398178, 0.000000000000000000 ) ) ;
#2683 = EDGE_LOOP ( 'NONE', ( #1194, #1122, #2137, #1244 ) ) ;
#2684 = DIRECTION ( 'NONE',  ( 9.088269684226887144E-17, -1.000000000000000000, 0.000000000000000000 ) ) ;
#2685 = DIRECTION ( 'NONE',  ( 0.000000000000000000, -1.000000000000000000, 0.000000000000000000 ) ) ;
#2686 = ORIENTED_EDGE ( 'NONE', *, *, #4043, .F. ) ;
#2687 = ORIENTED_EDGE ( 'NONE', *, *, #934, .T. ) ;
#2688 = CARTESIAN_POINT ( 'NONE',  ( 9.894862706971709244E-16, 10.69499999999999673, 0.000000000000000000 ) ) ;
#2689 = LINE ( 'NONE', #498, #2433 ) ;
#2690 = VECTOR ( 'NONE', #3198, 100.0000000000000142 ) ;
#2691 = VECTOR ( 'NONE', #1279, 100.0000000000000142 ) ;
#2692 = CARTESIAN_POINT ( 'NONE',  ( 7.470000000000000639, -7.370000000000000107, 0.4000000000000000222 ) ) ;
#2693 = ORIENTED_EDGE ( 'NONE', *, *, #550, .T. ) ;
#2694 = ORIENTED_EDGE ( 'NONE', *, *, #1185, .F. ) ;
#2695 = VECTOR ( 'NONE', #2811, 100.0000000000000000 ) ;
#2696 = VECTOR ( 'NONE', #3264, 100.0000000000000000 ) ;
#2697 = CARTESIAN_POINT ( 'NONE',  ( 10.36499999999999488, 7.635000000000004228, 0.6350000000000000089 ) ) ;
#2698 = VECTOR ( 'NONE', #2351, 100.0000000000000000 ) ;
#2699 = VECTOR ( 'NONE', #3064, 100.0000000000000000 ) ;
#2700 = FACE_BOUND ( 'NONE', #982, .T. ) ;
#2701 = ORIENTED_EDGE ( 'NONE', *, *, #1281, .F. ) ;
#2702 = CIRCLE ( 'NONE', #3560, 2.499999999999999556 ) ;
#2703 = DIRECTION ( 'NONE',  ( -0.4999999999999980016, 0.8660254037844397068, 0.000000000000000000 ) ) ;
#2704 = ORIENTED_EDGE ( 'NONE', *, *, #1157, .T. ) ;
#2705 = CARTESIAN_POINT ( 'NONE',  ( 10.99999999999999645, 10.36499999999999666, 0.6350000000000000089 ) ) ;
#2706 = ORIENTED_EDGE ( 'NONE', *, *, #1516, .T. ) ;
#2707 = ADVANCED_FACE ( 'NONE', ( #1343 ), #2897, .F. ) ;
#2708 = CARTESIAN_POINT ( 'NONE',  ( -9.409999999999994813, -10.99999999999999645, 0.1349999999999999534 ) ) ;
#2709 = EDGE_CURVE ( 'NONE', #1939, #3699, #2920, .T. ) ;
#2710 = DIRECTION ( 'NONE',  ( 0.000000000000000000, 1.000000000000000000, 0.000000000000000000 ) ) ;
#2711 = ORIENTED_EDGE ( 'NONE', *, *, #3466, .F. ) ;
#2712 = LINE ( 'NONE', #3329, #851 ) ;
#2713 = CARTESIAN_POINT ( 'NONE',  ( 10.19999999999999574, 9.767957166897563326, 0.6350000000000000089 ) ) ;
#2714 = ORIENTED_EDGE ( 'NONE', *, *, #2251, .T. ) ;
#2715 = ORIENTED_EDGE ( 'NONE', *, *, #733, .F. ) ;
#2716 = VECTOR ( 'NONE', #3126, 100.0000000000000000 ) ;
#2717 = PLANE ( 'NONE',  #863 ) ;
#2718 = FACE_BOUND ( 'NONE', #1423, .T. ) ;
#2719 = EDGE_LOOP ( 'NONE', ( #2516, #341, #2482, #539, #2081, #2019, #3122, #2180, #1831, #2055, #2693, #667 ) ) ;
#2720 = CARTESIAN_POINT ( 'NONE',  ( -10.19999999999999751, 9.767957166897559773, 0.6350000000000000089 ) ) ;
#2721 = EDGE_CURVE ( 'NONE', #3589, #1066, #103, .T. ) ;
#2722 = ORIENTED_EDGE ( 'NONE', *, *, #3780, .F. ) ;
#2723 = LINE ( 'NONE', #554, #914 ) ;
#2724 = ORIENTED_EDGE ( 'NONE', *, *, #583, .T. ) ;
#2725 = CARTESIAN_POINT ( 'NONE',  ( -10.99999999999999645, -7.635000000000001563, 0.3175000000000000044 ) ) ;
#2726 = EDGE_CURVE ( 'NONE', #1577, #121, #2582, .T. ) ;
#2727 = ADVANCED_FACE ( 'NONE', ( #1011 ), #3828, .T. ) ;
#2728 = EDGE_CURVE ( 'NONE', #880, #632, #3490, .T. ) ;
#2729 = CARTESIAN_POINT ( 'NONE',  ( 7.370000000000000107, 7.470000000000000639, 0.4000000000000000222 ) ) ;
#2730 = EDGE_CURVE ( 'NONE', #1953, #4049, #1073, .T. ) ;
#2731 = ORIENTED_EDGE ( 'NONE', *, *, #2859, .T. ) ;
#2732 = LINE ( 'NONE', #482, #2638 ) ;
#2733 = DIRECTION ( 'NONE',  ( 0.8660254037844398178, -0.4999999999999979461, 0.000000000000000000 ) ) ;
#2734 = DIRECTION ( 'NONE',  ( -0.4999999999999979461, 0.8660254037844398178, -0.000000000000000000 ) ) ;
#2735 = VERTEX_POINT ( 'NONE', #1951 ) ;
#2736 = VERTEX_POINT ( 'NONE', #1677 ) ;
#2737 = DIRECTION ( 'NONE',  ( 0.4999999999999979461, -0.8660254037844398178, 0.000000000000000000 ) ) ;
#2738 = FACE_BOUND ( 'NONE', #1253, .T. ) ;
#2739 = VERTEX_POINT ( 'NONE', #3223 ) ;
#2740 = CARTESIAN_POINT ( 'NONE',  ( -10.99999999999999645, -7.500000000000000000, 0.000000000000000000 ) ) ;
#2741 = ORIENTED_EDGE ( 'NONE', *, *, #2854, .T. ) ;
#2742 = CARTESIAN_POINT ( 'NONE',  ( 7.499999999999995559, 10.99999999999999467, 0.3175000000000000044 ) ) ;
#2743 = ORIENTED_EDGE ( 'NONE', *, *, #654, .F. ) ;
#2744 = EDGE_CURVE ( 'NONE', #3727, #1822, #2646, .T. ) ;
#2745 = CARTESIAN_POINT ( 'NONE',  ( -9.409999999999998366, 10.99999999999999112, 0.1349999999999999534 ) ) ;
#2746 = FACE_BOUND ( 'NONE', #1451, .T. ) ;
#2747 = CARTESIAN_POINT ( 'NONE',  ( -7.470000000000000639, 0.000000000000000000, 0.4000000000000000222 ) ) ;
#2748 = ORIENTED_EDGE ( 'NONE', *, *, #416, .T. ) ;
#2749 = CARTESIAN_POINT ( 'NONE',  ( 10.99999999999999645, -9.409999999999994813, 0.1349999999999999534 ) ) ;
#2750 = DIRECTION ( 'NONE',  ( 1.817653936845377429E-16, -1.000000000000000000, 0.000000000000000000 ) ) ;
#2751 = LINE ( 'NONE', #3121, #2388 ) ;
#2752 = ADVANCED_FACE ( 'NONE', ( #126 ), #3265, .F. ) ;
#2753 = VERTEX_POINT ( 'NONE', #62 ) ;
#2754 = ORIENTED_EDGE ( 'NONE', *, *, #1854, .F. ) ;
#2755 = CIRCLE ( 'NONE', #1834, 2.500000000000000888 ) ;
#2756 = LINE ( 'NONE', #3277, #1441 ) ;
#2757 = DIRECTION ( 'NONE',  ( 0.000000000000000000, 0.000000000000000000, -1.000000000000000000 ) ) ;
#2758 = VECTOR ( 'NONE', #3907, 100.0000000000000000 ) ;
#2759 = DIRECTION ( 'NONE',  ( 0.000000000000000000, 0.000000000000000000, 1.000000000000000000 ) ) ;
#2760 = VECTOR ( 'NONE', #2168, 100.0000000000000000 ) ;
#2761 = ORIENTED_EDGE ( 'NONE', *, *, #250, .T. ) ;
#2762 = VECTOR ( 'NONE', #1232, 100.0000000000000000 ) ;
#2763 = LINE ( 'NONE', #2449, #3840 ) ;
#2764 = ORIENTED_EDGE ( 'NONE', *, *, #1714, .F. ) ;
#2765 = CARTESIAN_POINT ( 'NONE',  ( -10.81999999999999496, 8.589999999999994529, 0.1349999999999999534 ) ) ;
#2766 = ORIENTED_EDGE ( 'NONE', *, *, #1591, .F. ) ;
#2767 = VECTOR ( 'NONE', #1917, 100.0000000000000000 ) ;
#2768 = VECTOR ( 'NONE', #3667, 100.0000000000000000 ) ;
#2769 = CARTESIAN_POINT ( 'NONE',  ( -10.99999999999999467, 8.589999999999994529, 0.1349999999999999534 ) ) ;
#2770 = EDGE_CURVE ( 'NONE', #3930, #2402, #701, .T. ) ;
#2771 = DIRECTION ( 'NONE',  ( 0.000000000000000000, 0.000000000000000000, 1.000000000000000000 ) ) ;
#2772 = ORIENTED_EDGE ( 'NONE', *, *, #2174, .T. ) ;
#2773 = CARTESIAN_POINT ( 'NONE',  ( 10.99999999999999645, -7.499999999999993783, 0.000000000000000000 ) ) ;
#2774 = CARTESIAN_POINT ( 'NONE',  ( 9.000000000000000000, 8.700000000000001066, 0.000000000000000000 ) ) ;
#2775 = DIRECTION ( 'NONE',  ( -0.000000000000000000, 0.000000000000000000, 1.000000000000000000 ) ) ;
#2776 = ADVANCED_FACE ( 'NONE', ( #2604 ), #1967, .F. ) ;
#2777 = ORIENTED_EDGE ( 'NONE', *, *, #27, .T. ) ;
#2778 = ORIENTED_EDGE ( 'NONE', *, *, #475, .T. ) ;
#2779 = DIRECTION ( 'NONE',  ( 0.4999999999999980016, 0.8660254037844397068, 0.000000000000000000 ) ) ;
#2780 = CARTESIAN_POINT ( 'NONE',  ( -8.029999999999997584, -0.000000000000000000, 0.000000000000000000 ) ) ;
#2781 = EDGE_CURVE ( 'NONE', #1992, #1267, #3883, .T. ) ;
#2782 = ADVANCED_FACE ( 'NONE', ( #2291 ), #1053, .F. ) ;
#2783 = EDGE_CURVE ( 'NONE', #3983, #1336, #746, .T. ) ;
#2784 = DIRECTION ( 'NONE',  ( -1.000000000000000000, 0.000000000000000000, 0.000000000000000000 ) ) ;
#2785 = VERTEX_POINT ( 'NONE', #3968 ) ;
#2786 = AXIS2_PLACEMENT_3D ( 'NONE', #1774, #198, #1474 ) ;
#2787 = CARTESIAN_POINT ( 'NONE',  ( 0.000000000000000000, 0.000000000000000000, 0.3175000000000000044 ) ) ;
#2788 = VERTEX_POINT ( 'NONE', #2131 ) ;
#2789 = VECTOR ( 'NONE', #825, 100.0000000000000000 ) ;
#2790 = CARTESIAN_POINT ( 'NONE',  ( 9.409999999999996589, 10.99999999999999645, 0.6350000000000000089 ) ) ;
#2791 = VERTEX_POINT ( 'NONE', #495 ) ;
#2792 = VECTOR ( 'NONE', #639, 100.0000000000000000 ) ;
#2793 = DIRECTION ( 'NONE',  ( 0.000000000000000000, -1.000000000000000000, 0.000000000000000000 ) ) ;
#2794 = LINE ( 'NONE', #3726, #3749 ) ;
#2795 = EDGE_LOOP ( 'NONE', ( #2224, #1286, #2417, #79 ) ) ;
#2796 = CARTESIAN_POINT ( 'NONE',  ( -7.470000000000000639, 7.370000000000000107, 0.000000000000000000 ) ) ;
#2797 = DIRECTION ( 'NONE',  ( 9.088269684226883446E-17, -1.000000000000000000, 0.000000000000000000 ) ) ;
#2798 = ORIENTED_EDGE ( 'NONE', *, *, #430, .F. ) ;
#2799 = EDGE_LOOP ( 'NONE', ( #1465, #3988, #152, #3453 ) ) ;
#2800 = EDGE_CURVE ( 'NONE', #3681, #2115, #183, .T. ) ;
#2801 = CARTESIAN_POINT ( 'NONE',  ( -8.999999999999998224, -9.000000000000001776, 0.000000000000000000 ) ) ;
#2802 = DIRECTION ( 'NONE',  ( 0.000000000000000000, 0.000000000000000000, 1.000000000000000000 ) ) ;
#2803 = PLANE ( 'NONE',  #188 ) ;
#2804 = ORIENTED_EDGE ( 'NONE', *, *, #480, .T. ) ;
#2805 = ADVANCED_FACE ( 'NONE', ( #3326 ), #1781, .T. ) ;
#2806 = CARTESIAN_POINT ( 'NONE',  ( 7.470000000000000639, 7.370000000000000107, 0.000000000000000000 ) ) ;
#2807 = EDGE_LOOP ( 'NONE', ( #2085, #2743, #1430, #2120 ) ) ;
#2808 = LINE ( 'NONE', #2850, #652 ) ;
#2809 = ORIENTED_EDGE ( 'NONE', *, *, #2547, .F. ) ;
#2810 = DIRECTION ( 'NONE',  ( -0.000000000000000000, 0.000000000000000000, 1.000000000000000000 ) ) ;
#2811 = DIRECTION ( 'NONE',  ( 0.000000000000000000, 1.000000000000000000, 0.000000000000000000 ) ) ;
#2812 = LINE ( 'NONE', #3478, #3082 ) ;
#2813 = DIRECTION ( 'NONE',  ( 1.000000000000000000, 0.000000000000000000, 0.000000000000000000 ) ) ;
#2814 = ORIENTED_EDGE ( 'NONE', *, *, #1358, .F. ) ;
#2815 = ORIENTED_EDGE ( 'NONE', *, *, #202, .T. ) ;
#2816 = LINE ( 'NONE', #1226, #1708 ) ;
#2817 = LINE ( 'NONE', #2486, #673 ) ;
#2818 = DIRECTION ( 'NONE',  ( 0.000000000000000000, 0.000000000000000000, 1.000000000000000000 ) ) ;
#2819 = VERTEX_POINT ( 'NONE', #697 ) ;
#2820 = EDGE_CURVE ( 'NONE', #2578, #3821, #1652, .T. ) ;
#2821 = LINE ( 'NONE', #4063, #3377 ) ;
#2822 = VECTOR ( 'NONE', #2953, 100.0000000000000000 ) ;
#2823 = ORIENTED_EDGE ( 'NONE', *, *, #173, .F. ) ;
#2824 = AXIS2_PLACEMENT_3D ( 'NONE', #926, #1257, #642 ) ;
#2825 = LINE ( 'NONE', #3114, #3220 ) ;
#2826 = ORIENTED_EDGE ( 'NONE', *, *, #2096, .F. ) ;
#2827 = PRODUCT_DEFINITION_SHAPE ( 'NONE', 'NONE',  #3303 ) ;
#2828 = AXIS2_PLACEMENT_3D ( 'NONE', #1906, #3160, #985 ) ;
#2829 = AXIS2_PLACEMENT_3D ( 'NONE', #1010, #2255, #663 ) ;
#2830 = CARTESIAN_POINT ( 'NONE',  ( 9.410000000000000142, -10.81999999999999140, 0.1349999999999999534 ) ) ;
#2831 = DIRECTION ( 'NONE',  ( -1.000000000000000000, -9.088269684226887144E-17, 0.000000000000000000 ) ) ;
#2832 = EDGE_CURVE ( 'NONE', #635, #3299, #1963, .T. ) ;
#2833 = VECTOR ( 'NONE', #280, 100.0000000000000000 ) ;
#2834 = EDGE_CURVE ( 'NONE', #2437, #339, #2970, .T. ) ;
#2835 = VECTOR ( 'NONE', #3260, 100.0000000000000000 ) ;
#2836 = EDGE_LOOP ( 'NONE', ( #3710, #1378, #3145, #1199 ) ) ;
#2837 = EDGE_CURVE ( 'NONE', #970, #865, #1295, .T. ) ;
#2838 = FACE_OUTER_BOUND ( 'NONE', #800, .T. ) ;
#2839 = VECTOR ( 'NONE', #1683, 100.0000000000000000 ) ;
#2840 = PLANE ( 'NONE',  #3500 ) ;
#2841 = LINE ( 'NONE', #2237, #412 ) ;
#2842 = ORIENTED_EDGE ( 'NONE', *, *, #98, .F. ) ;
#2843 = ORIENTED_EDGE ( 'NONE', *, *, #3570, .F. ) ;
#2844 = DIRECTION ( 'NONE',  ( 0.000000000000000000, 0.000000000000000000, 1.000000000000000000 ) ) ;
#2845 = CARTESIAN_POINT ( 'NONE',  ( 10.99999999999999645, -9.409999999999994813, 0.6350000000000000089 ) ) ;
#2846 = LINE ( 'NONE', #3085, #2767 ) ;
#2847 = ORIENTED_EDGE ( 'NONE', *, *, #2730, .T. ) ;
#2848 = DIRECTION ( 'NONE',  ( 1.000000000000000000, 0.000000000000000000, 0.000000000000000000 ) ) ;
#2849 = ORIENTED_EDGE ( 'NONE', *, *, #2926, .T. ) ;
#2850 = CARTESIAN_POINT ( 'NONE',  ( -10.36500000000000199, 25.63499999999999801, 0.3175000000000000044 ) ) ;
#2851 = VERTEX_POINT ( 'NONE', #3217 ) ;
#2852 = AXIS2_PLACEMENT_3D ( 'NONE', #2329, #3255, #49 ) ;
#2853 = CARTESIAN_POINT ( 'NONE',  ( 10.99999999999999112, 8.589999999999998082, 0.1349999999999999534 ) ) ;
#2854 = EDGE_CURVE ( 'NONE', #3042, #997, #3553, .T. ) ;
#2855 = AXIS2_PLACEMENT_3D ( 'NONE', #3465, #2139, #566 ) ;
#2856 = DIRECTION ( 'NONE',  ( 2.726480905268065897E-16, -1.000000000000000000, 0.000000000000000000 ) ) ;
#2857 = ORIENTED_EDGE ( 'NONE', *, *, #1586, .F. ) ;
#2858 = AXIS2_PLACEMENT_3D ( 'NONE', #3001, #170, #2076 ) ;
#2859 = EDGE_CURVE ( 'NONE', #3270, #2541, #2025, .T. ) ;
#2860 = ADVANCED_FACE ( 'NONE', ( #2555 ), #2597, .F. ) ;
#2861 = DIRECTION ( 'NONE',  ( -0.000000000000000000, -0.000000000000000000, 1.000000000000000000 ) ) ;
#2862 = LINE ( 'NONE', #1968, #936 ) ;
#2863 = ORIENTED_EDGE ( 'NONE', *, *, #1670, .T. ) ;
#2864 = ORIENTED_EDGE ( 'NONE', *, *, #1408, .T. ) ;
#2865 = CARTESIAN_POINT ( 'NONE',  ( -10.99999999999999645, -7.500000000000000000, 0.3175000000000000044 ) ) ;
#2866 = PLANE ( 'NONE',  #1864 ) ;
#2867 = LINE ( 'NONE', #2446, #2635 ) ;
#2868 = ORIENTED_EDGE ( 'NONE', *, *, #2610, .F. ) ;
#2869 = LINE ( 'NONE', #1368, #1126 ) ;
#2870 = ORIENTED_EDGE ( 'NONE', *, *, #3411, .F. ) ;
#2871 = DIRECTION ( 'NONE',  ( 0.000000000000000000, 0.000000000000000000, -1.000000000000000000 ) ) ;
#2872 = ORIENTED_EDGE ( 'NONE', *, *, #1240, .T. ) ;
#2873 = CARTESIAN_POINT ( 'NONE',  ( -10.99999999999999467, 9.409999999999996589, 0.6350000000000000089 ) ) ;
#2874 = CARTESIAN_POINT ( 'NONE',  ( -10.49999999999999467, -10.99999999999999645, 0.000000000000000000 ) ) ;
#2875 = EDGE_CURVE ( 'NONE', #3486, #414, #57, .T. ) ;
#2876 = LINE ( 'NONE', #415, #1039 ) ;
#2877 = CARTESIAN_POINT ( 'NONE',  ( -10.36499999999999666, 7.634999999999997122, 0.3175000000000000044 ) ) ;
#2878 = LINE ( 'NONE', #644, #81 ) ;
#2879 = ORIENTED_EDGE ( 'NONE', *, *, #2624, .F. ) ;
#2880 = ORIENTED_EDGE ( 'NONE', *, *, #2096, .T. ) ;
#2881 = DIRECTION ( 'NONE',  ( 1.000000000000000000, 0.000000000000000000, 0.000000000000000000 ) ) ;
#2882 = EDGE_CURVE ( 'NONE', #2788, #1350, #680, .T. ) ;
#2883 = CARTESIAN_POINT ( 'NONE',  ( 7.634999999999997122, 10.36499999999999666, 0.6350000000000000089 ) ) ;
#2884 = CYLINDRICAL_SURFACE ( 'NONE', #2045, 2.499999999999999556 ) ;
#2885 = EDGE_CURVE ( 'NONE', #769, #3886, #2914, .T. ) ;
#2886 = ORIENTED_EDGE ( 'NONE', *, *, #2097, .F. ) ;
#2887 = LINE ( 'NONE', #2572, #3902 ) ;
#2888 = CARTESIAN_POINT ( 'NONE',  ( 8.030000000000004690, -8.030000000000002913, 0.4000000000000000222 ) ) ;
#2889 = VERTEX_POINT ( 'NONE', #2287 ) ;
#2890 = CARTESIAN_POINT ( 'NONE',  ( 9.409999999999996589, 10.99999999999999645, 0.1349999999999999534 ) ) ;
#2891 = AXIS2_PLACEMENT_3D ( 'NONE', #3312, #483, #2075 ) ;
#2892 = DIRECTION ( 'NONE',  ( 9.088269684226887144E-17, -1.000000000000000000, 0.000000000000000000 ) ) ;
#2893 = AXIS2_PLACEMENT_3D ( 'NONE', #577, #1842, #2132 ) ;
#2894 = AXIS2_PLACEMENT_3D ( 'NONE', #1255, #3393, #3476 ) ;
#2895 = DIRECTION ( 'NONE',  ( 0.000000000000000000, 0.000000000000000000, 1.000000000000000000 ) ) ;
#2896 = ADVANCED_FACE ( 'NONE', ( #742 ), #3261, .T. ) ;
#2897 = CYLINDRICAL_SURFACE ( 'NONE', #712, 0.3000000000000016542 ) ;
#2898 = VECTOR ( 'NONE', #3554, 100.0000000000000000 ) ;
#2899 = DIRECTION ( 'NONE',  ( -0.000000000000000000, 0.000000000000000000, 1.000000000000000000 ) ) ;
#2900 = ORIENTED_EDGE ( 'NONE', *, *, #1924, .T. ) ;
#2901 = ORIENTED_EDGE ( 'NONE', *, *, #1950, .F. ) ;
#2902 = AXIS2_PLACEMENT_3D ( 'NONE', #2184, #3127, #3108 ) ;
#2903 = PLANE ( 'NONE',  #1102 ) ;
#2904 = DIRECTION ( 'NONE',  ( 0.000000000000000000, -1.000000000000000000, 0.000000000000000000 ) ) ;
#2905 = EDGE_CURVE ( 'NONE', #2239, #765, #3032, .T. ) ;
#2906 = DIRECTION ( 'NONE',  ( 0.000000000000000000, -1.000000000000000000, 0.000000000000000000 ) ) ;
#2907 = EDGE_LOOP ( 'NONE', ( #3087, #2142, #1902, #1169 ) ) ;
#2908 = EDGE_CURVE ( 'NONE', #2407, #2425, #3961, .T. ) ;
#2909 = EDGE_CURVE ( 'NONE', #305, #2239, #834, .T. ) ;
#2910 = CARTESIAN_POINT ( 'NONE',  ( 10.36499999999999844, -7.634999999999996234, 0.3175000000000000044 ) ) ;
#2911 = DIRECTION ( 'NONE',  ( 0.000000000000000000, 1.000000000000000000, 0.000000000000000000 ) ) ;
#2912 = ORIENTED_EDGE ( 'NONE', *, *, #4067, .F. ) ;
#2913 = LINE ( 'NONE', #76, #590 ) ;
#2914 = LINE ( 'NONE', #77, #1727 ) ;
#2915 = VECTOR ( 'NONE', #1250, 100.0000000000000000 ) ;
#2916 = ORIENTED_EDGE ( 'NONE', *, *, #678, .T. ) ;
#2917 = VECTOR ( 'NONE', #2183, 100.0000000000000000 ) ;
#2918 = LINE ( 'NONE', #2315, #648 ) ;
#2919 = ADVANCED_FACE ( 'NONE', ( #1457 ), #2428, .F. ) ;
#2920 = LINE ( 'NONE', #3284, #2758 ) ;
#2921 = ORIENTED_EDGE ( 'NONE', *, *, #3592, .T. ) ;
#2922 = DIRECTION ( 'NONE',  ( 1.000000000000000000, 0.000000000000000000, 0.000000000000000000 ) ) ;
#2923 = LINE ( 'NONE', #3866, #1997 ) ;
#2924 = LINE ( 'NONE', #1975, #522 ) ;
#2925 = EDGE_LOOP ( 'NONE', ( #2543, #322, #1220, #4075 ) ) ;
#2926 = EDGE_CURVE ( 'NONE', #1492, #3567, #3310, .T. ) ;
#2927 = DIRECTION ( 'NONE',  ( 0.000000000000000000, 0.000000000000000000, 1.000000000000000000 ) ) ;
#2928 = CARTESIAN_POINT ( 'NONE',  ( 7.470000000000000639, -7.370000000000000107, 0.000000000000000000 ) ) ;
#2929 = ORIENTED_EDGE ( 'NONE', *, *, #1513, .T. ) ;
#2930 = EDGE_CURVE ( 'NONE', #2089, #1765, #1436, .T. ) ;
#2931 = FACE_OUTER_BOUND ( 'NONE', #1285, .T. ) ;
#2932 = DIRECTION ( 'NONE',  ( -0.8660254037844398178, -0.4999999999999979461, 0.000000000000000000 ) ) ;
#2933 = CARTESIAN_POINT ( 'NONE',  ( -8.589999999999998082, 10.81999999999999140, 0.1349999999999999534 ) ) ;
#2934 = ORIENTED_EDGE ( 'NONE', *, *, #1556, .T. ) ;
#2935 = CARTESIAN_POINT ( 'NONE',  ( -8.999999999999994671, 8.999999999999998224, 0.3175000000000000044 ) ) ;
#2936 = DIRECTION ( 'NONE',  ( 0.000000000000000000, -1.000000000000000000, 0.000000000000000000 ) ) ;
#2937 = DIRECTION ( 'NONE',  ( 0.4999999999999979461, 0.8660254037844398178, 0.000000000000000000 ) ) ;
#2938 = ORIENTED_EDGE ( 'NONE', *, *, #2885, .T. ) ;
#2939 = DIRECTION ( 'NONE',  ( 0.000000000000000000, -1.000000000000000000, 0.000000000000000000 ) ) ;
#2940 = DIRECTION ( 'NONE',  ( 0.000000000000000000, 0.000000000000000000, -1.000000000000000000 ) ) ;
#2941 = ORIENTED_EDGE ( 'NONE', *, *, #3359, .F. ) ;
#2942 = CARTESIAN_POINT ( 'NONE',  ( -10.36499999999999488, -10.36499999999999844, 0.6350000000000000089 ) ) ;
#2943 = VERTEX_POINT ( 'NONE', #2064 ) ;
#2944 = CARTESIAN_POINT ( 'NONE',  ( -10.49999999999999467, -10.99999999999999645, 0.3175000000000000044 ) ) ;
#2945 = DIRECTION ( 'NONE',  ( 1.817653936845377429E-16, -1.000000000000000000, 0.000000000000000000 ) ) ;
#2946 = EDGE_LOOP ( 'NONE', ( #2666, #26, #1494, #1290 ) ) ;
#2947 = CARTESIAN_POINT ( 'NONE',  ( -7.635000000000003340, 10.36499999999999666, 0.6350000000000000089 ) ) ;
#2948 = CARTESIAN_POINT ( 'NONE',  ( -7.370000000000000107, -7.470000000000000639, 0.4000000000000000222 ) ) ;
#2949 = CARTESIAN_POINT ( 'NONE',  ( -8.029999999999997584, -8.030000000000002913, 0.000000000000000000 ) ) ;
#2950 = ORIENTED_EDGE ( 'NONE', *, *, #3406, .F. ) ;
#2951 = VECTOR ( 'NONE', #808, 100.0000000000000000 ) ;
#2952 = DIRECTION ( 'NONE',  ( 1.817653936845377429E-16, -1.000000000000000000, 0.000000000000000000 ) ) ;
#2953 = DIRECTION ( 'NONE',  ( 0.000000000000000000, -1.000000000000000000, 0.000000000000000000 ) ) ;
#2954 = EDGE_CURVE ( 'NONE', #2393, #1703, #736, .T. ) ;
#2955 = LINE ( 'NONE', #128, #2361 ) ;
#2956 = ORIENTED_EDGE ( 'NONE', *, *, #1924, .F. ) ;
#2957 = CIRCLE ( 'NONE', #1308, 2.500000000000000888 ) ;
#2958 = AXIS2_PLACEMENT_3D ( 'NONE', #3939, #2444, #1186 ) ;
#2959 = DIRECTION ( 'NONE',  ( 0.000000000000000000, 0.000000000000000000, -1.000000000000000000 ) ) ;
#2960 = SURFACE_STYLE_FILL_AREA ( #2380 ) ;
#2961 = ORIENTED_EDGE ( 'NONE', *, *, #3469, .T. ) ;
#2962 = CARTESIAN_POINT ( 'NONE',  ( -10.49999999999999467, -10.99999999999999645, 0.6350000000000000089 ) ) ;
#2963 = VECTOR ( 'NONE', #1018, 100.0000000000000000 ) ;
#2964 = AXIS2_PLACEMENT_3D ( 'NONE', #1530, #1263, #2216 ) ;
#2965 = VERTEX_POINT ( 'NONE', #1733 ) ;
#2966 = CARTESIAN_POINT ( 'NONE',  ( 9.409999999999996589, 10.81999999999999673, 0.1349999999999999534 ) ) ;
#2967 = DIRECTION ( 'NONE',  ( 0.000000000000000000, 1.000000000000000000, -0.000000000000000000 ) ) ;
#2968 = VERTEX_POINT ( 'NONE', #2991 ) ;
#2969 = CARTESIAN_POINT ( 'NONE',  ( -10.36499999999999488, -10.99999999999999645, 0.6350000000000000089 ) ) ;
#2970 = LINE ( 'NONE', #3196, #2448 ) ;
#2971 = FACE_OUTER_BOUND ( 'NONE', #1317, .T. ) ;
#2972 = VERTEX_POINT ( 'NONE', #2740 ) ;
#2973 = ADVANCED_FACE ( 'NONE', ( #218 ), #3633, .T. ) ;
#2974 = CARTESIAN_POINT ( 'NONE',  ( -10.81999999999999496, 8.589999999999994529, 0.1349999999999999534 ) ) ;
#2975 = CARTESIAN_POINT ( 'NONE',  ( -10.99999999999999467, 10.49999999999999467, 0.6350000000000000089 ) ) ;
#2976 = ORIENTED_EDGE ( 'NONE', *, *, #872, .F. ) ;
#2977 = ORIENTED_EDGE ( 'NONE', *, *, #3863, .T. ) ;
#2978 = VECTOR ( 'NONE', #2932, 100.0000000000000142 ) ;
#2979 = EDGE_CURVE ( 'NONE', #4064, #1365, #3341, .T. ) ;
#2980 = LINE ( 'NONE', #2749, #3890 ) ;
#2981 = FACE_OUTER_BOUND ( 'NONE', #3598, .T. ) ;
#2982 = DIRECTION ( 'NONE',  ( 0.000000000000000000, 0.000000000000000000, -1.000000000000000000 ) ) ;
#2983 = VECTOR ( 'NONE', #421, 100.0000000000000000 ) ;
#2984 = ORIENTED_EDGE ( 'NONE', *, *, #3936, .T. ) ;
#2985 = ORIENTED_EDGE ( 'NONE', *, *, #1338, .F. ) ;
#2986 = MECHANICAL_DESIGN_GEOMETRIC_PRESENTATION_REPRESENTATION (  '', ( #1334 ), #2001 ) ;
#2987 = LINE ( 'NONE', #3273, #2585 ) ;
#2988 = DIRECTION ( 'NONE',  ( 0.000000000000000000, 0.000000000000000000, -1.000000000000000000 ) ) ;
#2989 = ORIENTED_EDGE ( 'NONE', *, *, #2905, .F. ) ;
#2990 = CARTESIAN_POINT ( 'NONE',  ( 0.000000000000000000, 0.000000000000000000, 0.1349999999999999534 ) ) ;
#2991 = CARTESIAN_POINT ( 'NONE',  ( 10.81999999999999140, 9.409999999999998366, 0.1349999999999999534 ) ) ;
#2992 = EDGE_LOOP ( 'NONE', ( #3849, #1684, #1383, #963 ) ) ;
#2993 = CARTESIAN_POINT ( 'NONE',  ( 25.63500000000000156, 10.36499999999999844, 0.3175000000000000044 ) ) ;
#2994 = ORIENTED_EDGE ( 'NONE', *, *, #1566, .T. ) ;
#2995 = LINE ( 'NONE', #802, #1304 ) ;
#2996 = CARTESIAN_POINT ( 'NONE',  ( 10.99999999999999645, -8.589999999999992752, 0.1349999999999999534 ) ) ;
#2997 = LINE ( 'NONE', #3583, #2037 ) ;
#2998 = ORIENTED_EDGE ( 'NONE', *, *, #1132, .F. ) ;
#2999 = CARTESIAN_POINT ( 'NONE',  ( -7.499999999999993783, -10.99999999999999645, 0.6350000000000000089 ) ) ;
#3000 = DIRECTION ( 'NONE',  ( -0.8660254037844398178, -0.4999999999999979461, 0.000000000000000000 ) ) ;
#3001 = CARTESIAN_POINT ( 'NONE',  ( -8.999999999999996447, -9.000000000000001776, 0.6350000000000000089 ) ) ;
#3002 = EDGE_LOOP ( 'NONE', ( #3234, #1401, #568, #3736 ) ) ;
#3003 = UNCERTAINTY_MEASURE_WITH_UNIT (LENGTH_MEASURE( 1.000000000000000082E-05 ), #463, 'distance_accuracy_value', 'NONE');
#3004 = ORIENTED_EDGE ( 'NONE', *, *, #75, .F. ) ;
#3005 = FACE_OUTER_BOUND ( 'NONE', #3248, .T. ) ;
#3006 = EDGE_CURVE ( 'NONE', #1953, #2425, #2664, .T. ) ;
#3007 = CARTESIAN_POINT ( 'NONE',  ( -7.370000000000000107, -7.470000000000000639, 0.000000000000000000 ) ) ;
#3008 = ORIENTED_EDGE ( 'NONE', *, *, #3411, .T. ) ;
#3009 = CARTESIAN_POINT ( 'NONE',  ( -8.999999999999996447, -9.000000000000001776, 0.6350000000000000089 ) ) ;
#3010 = VERTEX_POINT ( 'NONE', #532 ) ;
#3011 = LINE ( 'NONE', #3343, #1112 ) ;
#3012 = VERTEX_POINT ( 'NONE', #2349 ) ;
#3013 = CARTESIAN_POINT ( 'NONE',  ( -7.499999999999998224, 10.99999999999999645, 0.3175000000000000044 ) ) ;
#3014 = CARTESIAN_POINT ( 'NONE',  ( -10.99999999999999645, -10.36499999999999844, 0.3175000000000000044 ) ) ;
#3015 = ORIENTED_EDGE ( 'NONE', *, *, #654, .T. ) ;
#3016 = LINE ( 'NONE', #168, #3487 ) ;
#3017 = VECTOR ( 'NONE', #1481, 100.0000000000000000 ) ;
#3018 = CARTESIAN_POINT ( 'NONE',  ( 10.81999999999999851, -9.409999999999994813, 0.1349999999999999534 ) ) ;
#3019 = ORIENTED_EDGE ( 'NONE', *, *, #2161, .T. ) ;
#3020 = ORIENTED_EDGE ( 'NONE', *, *, #1060, .F. ) ;
#3021 = VECTOR ( 'NONE', #598, 100.0000000000000142 ) ;
#3022 = VECTOR ( 'NONE', #3116, 100.0000000000000000 ) ;
#3023 = DIRECTION ( 'NONE',  ( 0.000000000000000000, 0.000000000000000000, 1.000000000000000000 ) ) ;
#3024 = ADVANCED_FACE ( 'NONE', ( #178 ), #2389, .F. ) ;
#3025 = VECTOR ( 'NONE', #2911, 100.0000000000000000 ) ;
#3026 = DIRECTION ( 'NONE',  ( 0.000000000000000000, -1.000000000000000000, 0.000000000000000000 ) ) ;
#3027 = ORIENTED_EDGE ( 'NONE', *, *, #3512, .F. ) ;
#3028 = ADVANCED_FACE ( 'NONE', ( #1794 ), #2680, .F. ) ;
#3029 = VECTOR ( 'NONE', #1999, 100.0000000000000000 ) ;
#3030 = ADVANCED_FACE ( 'NONE', ( #3940 ), #3051, .F. ) ;
#3031 = EDGE_CURVE ( 'NONE', #3681, #2788, #1166, .T. ) ;
#3032 = LINE ( 'NONE', #2720, #2254 ) ;
#3033 = ORIENTED_EDGE ( 'NONE', *, *, #603, .F. ) ;
#3034 = DIRECTION ( 'NONE',  ( 0.000000000000000000, -1.000000000000000000, 0.000000000000000000 ) ) ;
#3035 = VERTEX_POINT ( 'NONE', #2123 ) ;
#3036 = LINE ( 'NONE', #3013, #3288 ) ;
#3037 = LINE ( 'NONE', #2477, #3947 ) ;
#3038 = ORIENTED_EDGE ( 'NONE', *, *, #1206, .T. ) ;
#3039 = EDGE_CURVE ( 'NONE', #912, #2093, #552, .T. ) ;
#3040 = DIRECTION ( 'NONE',  ( -0.000000000000000000, 0.000000000000000000, 1.000000000000000000 ) ) ;
#3041 = LINE ( 'NONE', #1422, #1934 ) ;
#3042 = VERTEX_POINT ( 'NONE', #2226 ) ;
#3043 = VECTOR ( 'NONE', #1149, 100.0000000000000142 ) ;
#3044 = ORIENTED_EDGE ( 'NONE', *, *, #3031, .T. ) ;
#3045 = VECTOR ( 'NONE', #3529, 100.0000000000000000 ) ;
#3046 = CARTESIAN_POINT ( 'NONE',  ( 0.000000000000000000, 0.000000000000000000, 0.1349999999999999534 ) ) ;
#3047 = LINE ( 'NONE', #3958, #3431 ) ;
#3048 = EDGE_CURVE ( 'NONE', #3186, #2739, #2763, .T. ) ;
#3049 = VERTEX_POINT ( 'NONE', #1191 ) ;
#3050 = AXIS2_PLACEMENT_3D ( 'NONE', #3101, #1284, #358 ) ;
#3051 = PLANE ( 'NONE',  #2786 ) ;
#3052 = ORIENTED_EDGE ( 'NONE', *, *, #2222, .F. ) ;
#3053 = DIRECTION ( 'NONE',  ( 0.000000000000000000, 1.000000000000000000, 0.000000000000000000 ) ) ;
#3054 = EDGE_CURVE ( 'NONE', #1872, #822, #3111, .T. ) ;
#3055 = ORIENTED_EDGE ( 'NONE', *, *, #153, .F. ) ;
#3056 = FACE_OUTER_BOUND ( 'NONE', #1469, .T. ) ;
#3057 = CARTESIAN_POINT ( 'NONE',  ( 9.894862706971709244E-16, 10.69499999999999673, 16.01329964592964572 ) ) ;
#3058 = ORIENTED_EDGE ( 'NONE', *, *, #1591, .T. ) ;
#3059 = LINE ( 'NONE', #516, #2109 ) ;
#3060 = CARTESIAN_POINT ( 'NONE',  ( 9.767957166897559773, 10.19999999999999929, 0.6350000000000000089 ) ) ;
#3061 = LINE ( 'NONE', #1890, #2522 ) ;
#3062 = ORIENTED_EDGE ( 'NONE', *, *, #1419, .F. ) ;
#3063 = ORIENTED_EDGE ( 'NONE', *, *, #1877, .F. ) ;
#3064 = DIRECTION ( 'NONE',  ( 1.000000000000000000, 0.000000000000000000, 0.000000000000000000 ) ) ;
#3065 = DIRECTION ( 'NONE',  ( -0.000000000000000000, 0.000000000000000000, 1.000000000000000000 ) ) ;
#3066 = DIRECTION ( 'NONE',  ( 0.000000000000000000, 0.000000000000000000, -1.000000000000000000 ) ) ;
#3067 = ORIENTED_EDGE ( 'NONE', *, *, #2610, .T. ) ;
#3068 = LINE ( 'NONE', #960, #12 ) ;
#3069 = ORIENTED_EDGE ( 'NONE', *, *, #1948, .F. ) ;
#3070 = CARTESIAN_POINT ( 'NONE',  ( -10.19999999999999751, 9.767957166897559773, 0.1349999999999999534 ) ) ;
#3071 = VERTEX_POINT ( 'NONE', #2806 ) ;
#3072 = FACE_OUTER_BOUND ( 'NONE', #686, .T. ) ;
#3073 = CARTESIAN_POINT ( 'NONE',  ( 10.49999999999999467, 10.99999999999999467, 0.3175000000000000044 ) ) ;
#3074 = DIRECTION ( 'NONE',  ( -0.000000000000000000, 0.000000000000000000, 1.000000000000000000 ) ) ;
#3075 = ORIENTED_EDGE ( 'NONE', *, *, #2473, .T. ) ;
#3076 = LINE ( 'NONE', #3728, #1782 ) ;
#3077 = ADVANCED_FACE ( 'NONE', ( #3720 ), #2513, .F. ) ;
#3078 = CARTESIAN_POINT ( 'NONE',  ( -10.99999999999999645, -7.500000000000000000, 0.3175000000000000044 ) ) ;
#3079 = DIRECTION ( 'NONE',  ( 1.000000000000000000, 0.000000000000000000, 0.000000000000000000 ) ) ;
#3080 = ORIENTED_EDGE ( 'NONE', *, *, #2251, .F. ) ;
#3081 = ORIENTED_EDGE ( 'NONE', *, *, #296, .F. ) ;
#3082 = VECTOR ( 'NONE', #1283, 100.0000000000000000 ) ;
#3083 = CARTESIAN_POINT ( 'NONE',  ( 10.99999999999999645, -10.49999999999999467, 0.6350000000000000089 ) ) ;
#3084 = DIRECTION ( 'NONE',  ( 0.000000000000000000, 1.000000000000000000, 0.000000000000000000 ) ) ;
#3085 = CARTESIAN_POINT ( 'NONE',  ( 7.634999999999997122, 10.36499999999999666, 0.3175000000000000044 ) ) ;
#3086 = VECTOR ( 'NONE', #4003, 100.0000000000000000 ) ;
#3087 = ORIENTED_EDGE ( 'NONE', *, *, #1690, .T. ) ;
#3088 = VECTOR ( 'NONE', #3279, 100.0000000000000000 ) ;
#3089 = AXIS2_PLACEMENT_3D ( 'NONE', #1841, #1544, #3096 ) ;
#3090 = DIRECTION ( 'NONE',  ( 0.8660254037844398178, -0.4999999999999979461, 0.000000000000000000 ) ) ;
#3091 = ORIENTED_EDGE ( 'NONE', *, *, #3863, .F. ) ;
#3092 = DIRECTION ( 'NONE',  ( 0.8660254037844398178, 0.4999999999999980571, 0.000000000000000000 ) ) ;
#3093 = ORIENTED_EDGE ( 'NONE', *, *, #1337, .F. ) ;
#3094 = VECTOR ( 'NONE', #319, 100.0000000000000000 ) ;
#3095 = CYLINDRICAL_SURFACE ( 'NONE', #1000, 2.499999999999999556 ) ;
#3096 = DIRECTION ( 'NONE',  ( 0.000000000000000000, -1.000000000000000000, 0.000000000000000000 ) ) ;
#3097 = DIRECTION ( 'NONE',  ( -1.000000000000000000, -1.817653936845376689E-16, 0.000000000000000000 ) ) ;
#3098 = EDGE_CURVE ( 'NONE', #4049, #944, #2821, .T. ) ;
#3099 = ORIENTED_EDGE ( 'NONE', *, *, #1714, .T. ) ;
#3100 = DIRECTION ( 'NONE',  ( -0.8660254037844398178, -0.4999999999999980571, 0.000000000000000000 ) ) ;
#3101 = CARTESIAN_POINT ( 'NONE',  ( 7.634999999999997122, 10.36499999999999666, 0.3175000000000000044 ) ) ;
#3102 = ORIENTED_EDGE ( 'NONE', *, *, #1692, .F. ) ;
#3103 = EDGE_CURVE ( 'NONE', #252, #3772, #3801, .T. ) ;
#3104 = VERTEX_POINT ( 'NONE', #3758 ) ;
#3105 = CARTESIAN_POINT ( 'NONE',  ( 8.589999999999994529, 10.99999999999999645, 0.1349999999999999534 ) ) ;
#3106 = LINE ( 'NONE', #2845, #2716 ) ;
#3107 = VECTOR ( 'NONE', #3921, 100.0000000000000000 ) ;
#3108 = DIRECTION ( 'NONE',  ( -1.000000000000000000, 0.000000000000000000, 0.000000000000000000 ) ) ;
#3109 = VERTEX_POINT ( 'NONE', #1539 ) ;
#3110 = AXIS2_PLACEMENT_3D ( 'NONE', #237, #2848, #3427 ) ;
#3111 = LINE ( 'NONE', #4024, #798 ) ;
#3112 = EDGE_LOOP ( 'NONE', ( #3462, #2641, #3673, #137 ) ) ;
#3113 = AXIS2_PLACEMENT_3D ( 'NONE', #234, #2757, #256 ) ;
#3114 = CARTESIAN_POINT ( 'NONE',  ( 7.470000000000000639, -7.370000000000000107, 0.4000000000000000222 ) ) ;
#3115 = ORIENTED_EDGE ( 'NONE', *, *, #2250, .T. ) ;
#3116 = DIRECTION ( 'NONE',  ( -1.000000000000000000, -1.817653936845376689E-16, 0.000000000000000000 ) ) ;
#3117 = DIRECTION ( 'NONE',  ( 1.000000000000000000, 0.000000000000000000, 0.000000000000000000 ) ) ;
#3118 = EDGE_LOOP ( 'NONE', ( #3670, #1156, #3941, #1497, #3015 ) ) ;
#3119 = ORIENTED_EDGE ( 'NONE', *, *, #3795, .T. ) ;
#3120 = FACE_OUTER_BOUND ( 'NONE', #2059, .T. ) ;
#3121 = CARTESIAN_POINT ( 'NONE',  ( -10.99999999999999645, -7.500000000000000000, 0.6350000000000000089 ) ) ;
#3122 = ORIENTED_EDGE ( 'NONE', *, *, #2709, .F. ) ;
#3123 = APPLICATION_CONTEXT ( 'automotive_design' ) ;
#3124 = ORIENTED_EDGE ( 'NONE', *, *, #2579, .F. ) ;
#3125 = CARTESIAN_POINT ( 'NONE',  ( -7.470000000000000639, -7.370000000000000107, 0.4000000000000000222 ) ) ;
#3126 = DIRECTION ( 'NONE',  ( 1.000000000000000000, 0.000000000000000000, 0.000000000000000000 ) ) ;
#3127 = DIRECTION ( 'NONE',  ( 0.000000000000000000, 1.000000000000000000, 0.000000000000000000 ) ) ;
#3128 = VERTEX_POINT ( 'NONE', #3489 ) ;
#3129 = ADVANCED_FACE ( 'NONE', ( #2143 ), #3471, .T. ) ;
#3130 = PLANE ( 'NONE',  #3240 ) ;
#3131 = ORIENTED_EDGE ( 'NONE', *, *, #2567, .T. ) ;
#3132 = DIRECTION ( 'NONE',  ( 0.000000000000000000, 0.000000000000000000, 1.000000000000000000 ) ) ;
#3133 = VERTEX_POINT ( 'NONE', #2533 ) ;
#3134 = APPLICATION_PROTOCOL_DEFINITION ( 'draft international standard', 'automotive_design', 1998, #3123 ) ;
#3135 = DIRECTION ( 'NONE',  ( 0.000000000000000000, 0.000000000000000000, 1.000000000000000000 ) ) ;
#3136 = DIRECTION ( 'NONE',  ( 0.000000000000000000, 0.000000000000000000, -1.000000000000000000 ) ) ;
#3137 = LINE ( 'NONE', #2215, #1916 ) ;
#3138 = LINE ( 'NONE', #2796, #1180 ) ;
#3139 = CARTESIAN_POINT ( 'NONE',  ( 9.409999999999996589, 10.81999999999999673, 0.6350000000000000089 ) ) ;
#3140 = VERTEX_POINT ( 'NONE', #656 ) ;
#3141 = ORIENTED_EDGE ( 'NONE', *, *, #2930, .T. ) ;
#3142 = DIRECTION ( 'NONE',  ( 1.000000000000000000, 0.000000000000000000, 0.000000000000000000 ) ) ;
#3143 = DIRECTION ( 'NONE',  ( 0.000000000000000000, 0.000000000000000000, 1.000000000000000000 ) ) ;
#3144 = CARTESIAN_POINT ( 'NONE',  ( 10.99999999999999112, 9.409999999999998366, 0.1349999999999999534 ) ) ;
#3145 = ORIENTED_EDGE ( 'NONE', *, *, #2820, .T. ) ;
#3146 = EDGE_CURVE ( 'NONE', #2514, #1019, #3405, .T. ) ;
#3147 = CARTESIAN_POINT ( 'NONE',  ( 10.69500000000000206, -9.894862706971711216E-16, 0.3175000000000011147 ) ) ;
#3148 = ORIENTED_EDGE ( 'NONE', *, *, #3232, .T. ) ;
#3149 = AXIS2_PLACEMENT_3D ( 'NONE', #2556, #2831, #2892 ) ;
#3150 = VECTOR ( 'NONE', #2667, 100.0000000000000000 ) ;
#3151 = DIRECTION ( 'NONE',  ( 0.000000000000000000, 1.000000000000000000, 0.000000000000000000 ) ) ;
#3152 = ORIENTED_EDGE ( 'NONE', *, *, #3654, .F. ) ;
#3153 = EDGE_CURVE ( 'NONE', #3035, #4064, #3068, .T. ) ;
#3154 = EDGE_CURVE ( 'NONE', #2368, #1265, #1899, .T. ) ;
#3155 = ADVANCED_FACE ( 'NONE', ( #4046 ), #3130, .T. ) ;
#3156 = CIRCLE ( 'NONE', #1369, 2.500000000000000888 ) ;
#3157 = CARTESIAN_POINT ( 'NONE',  ( -7.499999999999993783, -10.99999999999999645, 0.3175000000000000044 ) ) ;
#3158 = VECTOR ( 'NONE', #1732, 100.0000000000000000 ) ;
#3159 = CARTESIAN_POINT ( 'NONE',  ( 10.36499999999999844, -7.634999999999996234, 0.3175000000000000044 ) ) ;
#3160 = DIRECTION ( 'NONE',  ( 0.000000000000000000, -1.000000000000000000, 0.000000000000000000 ) ) ;
#3161 = AXIS2_PLACEMENT_3D ( 'NONE', #30, #2784, #939 ) ;
#3162 = VECTOR ( 'NONE', #1485, 100.0000000000000000 ) ;
#3163 = CIRCLE ( 'NONE', #1582, 2.500000000000000888 ) ;
#3164 = DIRECTION ( 'NONE',  ( 0.000000000000000000, 0.000000000000000000, 1.000000000000000000 ) ) ;
#3165 = CARTESIAN_POINT ( 'NONE',  ( 8.232042833102434898, -10.19999999999999396, 0.1349999999999999534 ) ) ;
#3166 = VERTEX_POINT ( 'NONE', #2469 ) ;
#3167 = ORIENTED_EDGE ( 'NONE', *, *, #3690, .T. ) ;
#3168 = DIRECTION ( 'NONE',  ( 0.000000000000000000, 1.000000000000000000, 0.000000000000000000 ) ) ;
#3169 = DIRECTION ( 'NONE',  ( -2.726480905268065897E-16, 1.000000000000000000, 0.000000000000000000 ) ) ;
#3170 = DIRECTION ( 'NONE',  ( -1.000000000000000000, 0.000000000000000000, 0.000000000000000000 ) ) ;
#3171 = ORIENTED_EDGE ( 'NONE', *, *, #3516, .F. ) ;
#3172 = FACE_OUTER_BOUND ( 'NONE', #2946, .T. ) ;
#3173 = ADVANCED_FACE ( 'NONE', ( #282 ), #3737, .F. ) ;
#3174 = ORIENTED_EDGE ( 'NONE', *, *, #1659, .F. ) ;
#3175 = LINE ( 'NONE', #1541, #2762 ) ;
#3176 = ORIENTED_EDGE ( 'NONE', *, *, #3358, .F. ) ;
#3177 = VECTOR ( 'NONE', #96, 100.0000000000000000 ) ;
#3178 = DIRECTION ( 'NONE',  ( -0.000000000000000000, 0.000000000000000000, 1.000000000000000000 ) ) ;
#3179 = CIRCLE ( 'NONE', #931, 0.3000000000000002665 ) ;
#3180 = CARTESIAN_POINT ( 'NONE',  ( -7.634999999999996234, -10.99999999999999645, 0.6350000000000000089 ) ) ;
#3181 = EDGE_CURVE ( 'NONE', #757, #3923, #1857, .T. ) ;
#3182 = VECTOR ( 'NONE', #3724, 100.0000000000000000 ) ;
#3183 = CARTESIAN_POINT ( 'NONE',  ( 9.000000000000001776, -8.999999999999996447, 0.000000000000000000 ) ) ;
#3184 = PLANE ( 'NONE',  #2964 ) ;
#3185 = CARTESIAN_POINT ( 'NONE',  ( 8.232042833102434898, -10.19999999999999396, 0.1349999999999999534 ) ) ;
#3186 = VERTEX_POINT ( 'NONE', #1230 ) ;
#3187 = ORIENTED_EDGE ( 'NONE', *, *, #1608, .T. ) ;
#3188 = LINE ( 'NONE', #3774, #4006 ) ;
#3189 = CARTESIAN_POINT ( 'NONE',  ( 10.36499999999999844, -10.99999999999999645, 0.3175000000000000044 ) ) ;
#3190 = DIRECTION ( 'NONE',  ( -0.000000000000000000, 0.000000000000000000, 1.000000000000000000 ) ) ;
#3191 = ORIENTED_EDGE ( 'NONE', *, *, #1077, .F. ) ;
#3192 = CARTESIAN_POINT ( 'NONE',  ( 10.81999999999999140, 9.409999999999998366, 0.6350000000000000089 ) ) ;
#3193 = CARTESIAN_POINT ( 'NONE',  ( -7.370000000000000107, -7.470000000000000639, 0.4000000000000000222 ) ) ;
#3194 = VERTEX_POINT ( 'NONE', #2489 ) ;
#3195 = DIRECTION ( 'NONE',  ( 0.000000000000000000, 0.000000000000000000, -1.000000000000000000 ) ) ;
#3196 = CARTESIAN_POINT ( 'NONE',  ( -10.99999999999999112, -8.589999999999999858, 0.1349999999999999534 ) ) ;
#3197 = LINE ( 'NONE', #3806, #2691 ) ;
#3198 = DIRECTION ( 'NONE',  ( 0.4999999999999979461, -0.8660254037844398178, 0.000000000000000000 ) ) ;
#3199 = EDGE_CURVE ( 'NONE', #1735, #815, #921, .T. ) ;
#3200 = LINE ( 'NONE', #1632, #1870 ) ;
#3201 = ORIENTED_EDGE ( 'NONE', *, *, #838, .T. ) ;
#3202 = VERTEX_POINT ( 'NONE', #1585 ) ;
#3203 = ADVANCED_FACE ( 'NONE', ( #3449 ), #2208, .F. ) ;
#3204 = EDGE_CURVE ( 'NONE', #2819, #305, #2869, .T. ) ;
#3205 = ADVANCED_FACE ( 'NONE', ( #1291 ), #2613, .F. ) ;
#3206 = CARTESIAN_POINT ( 'NONE',  ( 0.000000000000000000, 0.000000000000000000, 0.3175000000000000044 ) ) ;
#3207 = CARTESIAN_POINT ( 'NONE',  ( -10.99999999999999467, 9.409999999999996589, 0.6350000000000000089 ) ) ;
#3208 = CARTESIAN_POINT ( 'NONE',  ( 0.000000000000000000, 0.000000000000000000, 0.3175000000000000044 ) ) ;
#3209 = ORIENTED_EDGE ( 'NONE', *, *, #2122, .T. ) ;
#3210 = DIRECTION ( 'NONE',  ( 1.000000000000000000, 1.817653936845377429E-16, 0.000000000000000000 ) ) ;
#3211 = DIRECTION ( 'NONE',  ( 1.000000000000000000, 1.817653936845377429E-16, 0.000000000000000000 ) ) ;
#3212 = ORIENTED_EDGE ( 'NONE', *, *, #1691, .F. ) ;
#3213 = EDGE_CURVE ( 'NONE', #1410, #3993, #2550, .T. ) ;
#3214 = VECTOR ( 'NONE', #3639, 100.0000000000000000 ) ;
#3215 = DIRECTION ( 'NONE',  ( 0.000000000000000000, 0.000000000000000000, 1.000000000000000000 ) ) ;
#3216 = VECTOR ( 'NONE', #3286, 100.0000000000000142 ) ;
#3217 = CARTESIAN_POINT ( 'NONE',  ( 9.000000000000000000, 9.300000000000000711, 0.6350000000000000089 ) ) ;
#3218 = DIRECTION ( 'NONE',  ( 0.000000000000000000, 0.000000000000000000, 1.000000000000000000 ) ) ;
#3219 = ORIENTED_EDGE ( 'NONE', *, *, #4069, .T. ) ;
#3220 = VECTOR ( 'NONE', #4048, 100.0000000000000000 ) ;
#3221 = VECTOR ( 'NONE', #1780, 100.0000000000000000 ) ;
#3222 = CARTESIAN_POINT ( 'NONE',  ( -8.029999999999997584, 8.030000000000004690, 0.4000000000000000222 ) ) ;
#3223 = CARTESIAN_POINT ( 'NONE',  ( -8.589999999999998082, 10.81999999999999140, 0.6350000000000000089 ) ) ;
#3224 = VECTOR ( 'NONE', #1476, 100.0000000000000000 ) ;
#3225 = AXIS2_PLACEMENT_3D ( 'NONE', #3920, #2348, #3611 ) ;
#3226 = CARTESIAN_POINT ( 'NONE',  ( -10.99999999999999467, 8.589999999999994529, 0.1349999999999999534 ) ) ;
#3227 = EDGE_CURVE ( 'NONE', #267, #822, #2191, .T. ) ;
#3228 = EDGE_LOOP ( 'NONE', ( #724, #3075, #1009, #186, #3708, #2662, #612, #1605 ) ) ;
#3229 = CARTESIAN_POINT ( 'NONE',  ( -10.99999999999999645, -10.36499999999999844, 0.6350000000000000089 ) ) ;
#3230 = DIRECTION ( 'NONE',  ( 0.000000000000000000, 1.000000000000000000, 0.000000000000000000 ) ) ;
#3231 = EDGE_CURVE ( 'NONE', #3399, #1027, #1604, .T. ) ;
#3232 = EDGE_CURVE ( 'NONE', #1300, #267, #2266, .T. ) ;
#3233 = DIRECTION ( 'NONE',  ( -1.000000000000000000, -1.817653936845377429E-16, 0.000000000000000000 ) ) ;
#3234 = ORIENTED_EDGE ( 'NONE', *, *, #3204, .T. ) ;
#3235 = CYLINDRICAL_SURFACE ( 'NONE', #205, 2.500000000000000888 ) ;
#3236 = LINE ( 'NONE', #2007, #2501 ) ;
#3237 = ORIENTED_EDGE ( 'NONE', *, *, #2837, .F. ) ;
#3238 = DIRECTION ( 'NONE',  ( 0.000000000000000000, 1.000000000000000000, 0.000000000000000000 ) ) ;
#3239 = CARTESIAN_POINT ( 'NONE',  ( -7.470000000000000639, -0.000000000000000000, 0.000000000000000000 ) ) ;
#3240 = AXIS2_PLACEMENT_3D ( 'NONE', #634, #1213, #16 ) ;
#3241 = DIRECTION ( 'NONE',  ( 0.000000000000000000, 0.000000000000000000, -1.000000000000000000 ) ) ;
#3242 = ORIENTED_EDGE ( 'NONE', *, *, #3892, .F. ) ;
#3243 = CIRCLE ( 'NONE', #209, 0.3000000000000002665 ) ;
#3244 = DIRECTION ( 'NONE',  ( 0.000000000000000000, -1.000000000000000000, 0.000000000000000000 ) ) ;
#3245 = DIRECTION ( 'NONE',  ( 0.000000000000000000, 1.000000000000000000, 0.000000000000000000 ) ) ;
#3246 = CARTESIAN_POINT ( 'NONE',  ( 7.370000000000000107, 7.470000000000000639, 0.4000000000000000222 ) ) ;
#3247 = VECTOR ( 'NONE', #989, 100.0000000000000000 ) ;
#3248 = EDGE_LOOP ( 'NONE', ( #105, #768, #3171, #3748 ) ) ;
#3249 = CARTESIAN_POINT ( 'NONE',  ( 10.69500000000000206, 7.162345244612039252, 0.6350000000000000089 ) ) ;
#3250 = FACE_OUTER_BOUND ( 'NONE', #3716, .T. ) ;
#3251 = EDGE_LOOP ( 'NONE', ( #2327, #2823, #891, #1103 ) ) ;
#3252 = LINE ( 'NONE', #423, #2839 ) ;
#3253 = ORIENTED_EDGE ( 'NONE', *, *, #3764, .F. ) ;
#3254 = EDGE_CURVE ( 'NONE', #14, #3194, #3855, .T. ) ;
#3255 = DIRECTION ( 'NONE',  ( 0.000000000000000000, 0.000000000000000000, -1.000000000000000000 ) ) ;
#3256 = CARTESIAN_POINT ( 'NONE',  ( 9.767957166897559773, 10.19999999999999929, 0.6350000000000000089 ) ) ;
#3257 = ORIENTED_EDGE ( 'NONE', *, *, #2374, .F. ) ;
#3258 = EDGE_CURVE ( 'NONE', #3869, #2190, #1020, .T. ) ;
#3259 = ADVANCED_FACE ( 'NONE', ( #3172 ), #3235, .T. ) ;
#3260 = DIRECTION ( 'NONE',  ( -1.000000000000000000, -9.251858538542974046E-17, 0.000000000000000000 ) ) ;
#3261 = PLANE ( 'NONE',  #1793 ) ;
#3262 = DIRECTION ( 'NONE',  ( 0.000000000000000000, 1.000000000000000000, 0.000000000000000000 ) ) ;
#3263 = ORIENTED_EDGE ( 'NONE', *, *, #353, .T. ) ;
#3264 = DIRECTION ( 'NONE',  ( -0.000000000000000000, 0.000000000000000000, 1.000000000000000000 ) ) ;
#3265 = PLANE ( 'NONE',  #1969 ) ;
#3266 = DIRECTION ( 'NONE',  ( -0.7071067811865475727, 0.7071067811865475727, 0.000000000000000000 ) ) ;
#3267 = VERTEX_POINT ( 'NONE', #384 ) ;
#3268 = CARTESIAN_POINT ( 'NONE',  ( 10.99999999999999645, -7.499999999999993783, 0.6350000000000000089 ) ) ;
#3269 = DIRECTION ( 'NONE',  ( 0.000000000000000000, 1.000000000000000000, 0.000000000000000000 ) ) ;
#3270 = VERTEX_POINT ( 'NONE', #3192 ) ;
#3271 = CARTESIAN_POINT ( 'NONE',  ( -8.029999999999997584, -8.030000000000002913, 0.4000000000000000222 ) ) ;
#3272 = ORIENTED_EDGE ( 'NONE', *, *, #1538, .T. ) ;
#3273 = CARTESIAN_POINT ( 'NONE',  ( -8.589999999999998082, 10.99999999999999112, 0.1349999999999999534 ) ) ;
#3274 = CARTESIAN_POINT ( 'NONE',  ( 9.767957166897559773, 10.19999999999999929, 0.1349999999999999534 ) ) ;
#3275 = EDGE_CURVE ( 'NONE', #4083, #2211, #1685, .T. ) ;
#3276 = EDGE_LOOP ( 'NONE', ( #2900, #3063, #4031, #1669 ) ) ;
#3277 = CARTESIAN_POINT ( 'NONE',  ( -8.232042833102433121, 10.19999999999999574, 0.6350000000000000089 ) ) ;
#3278 = CARTESIAN_POINT ( 'NONE',  ( -9.767957166897559773, -10.20000000000000107, 0.1349999999999999534 ) ) ;
#3279 = DIRECTION ( 'NONE',  ( -0.000000000000000000, 0.000000000000000000, 1.000000000000000000 ) ) ;
#3280 = EDGE_CURVE ( 'NONE', #515, #31, #1064, .T. ) ;
#3281 = ORIENTED_EDGE ( 'NONE', *, *, #1400, .F. ) ;
#3282 = VECTOR ( 'NONE', #2861, 100.0000000000000000 ) ;
#3283 = CARTESIAN_POINT ( 'NONE',  ( 9.000000000000000000, 8.700000000000001066, 0.000000000000000000 ) ) ;
#3284 = CARTESIAN_POINT ( 'NONE',  ( 10.36499999999999844, -10.99999999999999645, 0.6350000000000000089 ) ) ;
#3285 = AXIS2_PLACEMENT_3D ( 'NONE', #435, #763, #394 ) ;
#3286 = DIRECTION ( 'NONE',  ( -0.4999999999999979461, -0.8660254037844398178, 0.000000000000000000 ) ) ;
#3287 = VECTOR ( 'NONE', #558, 100.0000000000000000 ) ;
#3288 = VECTOR ( 'NONE', #512, 100.0000000000000000 ) ;
#3289 = ORIENTED_EDGE ( 'NONE', *, *, #3956, .T. ) ;
#3290 = VECTOR ( 'NONE', #738, 100.0000000000000000 ) ;
#3291 = VECTOR ( 'NONE', #3421, 100.0000000000000000 ) ;
#3292 = CYLINDRICAL_SURFACE ( 'NONE', #2636, 0.3000000000000016542 ) ;
#3293 = EDGE_LOOP ( 'NONE', ( #871, #1866, #2058, #2014 ) ) ;
#3294 = VECTOR ( 'NONE', #567, 100.0000000000000000 ) ;
#3295 = AXIS2_PLACEMENT_3D ( 'NONE', #3206, #2300, #3545 ) ;
#3296 = ORIENTED_EDGE ( 'NONE', *, *, #1692, .T. ) ;
#3297 = FACE_OUTER_BOUND ( 'NONE', #3112, .T. ) ;
#3298 = DIRECTION ( 'NONE',  ( 0.8660254037844398178, 0.4999999999999979461, 0.000000000000000000 ) ) ;
#3299 = VERTEX_POINT ( 'NONE', #1959 ) ;
#3300 = CARTESIAN_POINT ( 'NONE',  ( -9.767957166897559773, -10.20000000000000107, 0.6350000000000000089 ) ) ;
#3301 = EDGE_CURVE ( 'NONE', #922, #4055, #714, .T. ) ;
#3302 = DIRECTION ( 'NONE',  ( 0.000000000000000000, -1.000000000000000000, 0.000000000000000000 ) ) ;
#3303 = PRODUCT_DEFINITION ( 'UNKNOWN', '', #1273, #3953 ) ;
#3304 = ORIENTED_EDGE ( 'NONE', *, *, #3990, .T. ) ;
#3305 = CARTESIAN_POINT ( 'NONE',  ( -7.370000000000000107, 7.470000000000000639, 0.000000000000000000 ) ) ;
#3306 = EDGE_LOOP ( 'NONE', ( #3480, #1726, #3044, #810, #3342, #3778 ) ) ;
#3307 = FACE_BOUND ( 'NONE', #3576, .T. ) ;
#3308 = DIRECTION ( 'NONE',  ( -0.000000000000000000, 0.000000000000000000, 1.000000000000000000 ) ) ;
#3309 = ORIENTED_EDGE ( 'NONE', *, *, #660, .T. ) ;
#3310 = CIRCLE ( 'NONE', #1456, 2.500000000000003553 ) ;
#3311 = ADVANCED_FACE ( 'NONE', ( #1667 ), #365, .F. ) ;
#3312 = CARTESIAN_POINT ( 'NONE',  ( 8.589999999999999858, -10.99999999999999112, 0.1349999999999999534 ) ) ;
#3313 = PLANE ( 'NONE',  #3717 ) ;
#3314 = ORIENTED_EDGE ( 'NONE', *, *, #2532, .T. ) ;
#3315 = EDGE_LOOP ( 'NONE', ( #1111, #2201, #1897, #3119, #3755, #1575 ) ) ;
#3316 = VECTOR ( 'NONE', #1818, 100.0000000000000000 ) ;
#3317 = DIRECTION ( 'NONE',  ( 0.000000000000000000, -1.000000000000000000, 0.000000000000000000 ) ) ;
#3318 = CARTESIAN_POINT ( 'NONE',  ( -10.19999999999999751, 9.767957166897559773, 0.1349999999999999534 ) ) ;
#3319 = ORIENTED_EDGE ( 'NONE', *, *, #3959, .T. ) ;
#3320 = DIRECTION ( 'NONE',  ( 0.000000000000000000, 0.000000000000000000, -1.000000000000000000 ) ) ;
#3321 = ORIENTED_EDGE ( 'NONE', *, *, #301, .T. ) ;
#3322 = LINE ( 'NONE', #2084, #2041 ) ;
#3323 = EDGE_CURVE ( 'NONE', #3997, #446, #1648, .T. ) ;
#3324 = ORIENTED_EDGE ( 'NONE', *, *, #2196, .F. ) ;
#3325 = PLANE ( 'NONE',  #3620 ) ;
#3326 = FACE_OUTER_BOUND ( 'NONE', #2719, .T. ) ;
#3327 = DIRECTION ( 'NONE',  ( -9.251858538542975279E-17, -1.000000000000000000, 0.000000000000000000 ) ) ;
#3328 = ORIENTED_EDGE ( 'NONE', *, *, #529, .T. ) ;
#3329 = CARTESIAN_POINT ( 'NONE',  ( -10.99999999999999467, 10.49999999999999467, 0.6350000000000000089 ) ) ;
#3330 = DIRECTION ( 'NONE',  ( 0.000000000000000000, -1.000000000000000000, 0.000000000000000000 ) ) ;
#3331 = DIRECTION ( 'NONE',  ( -0.4999999999999979461, -0.8660254037844398178, 0.000000000000000000 ) ) ;
#3332 = ORIENTED_EDGE ( 'NONE', *, *, #2225, .F. ) ;
#3333 = EDGE_CURVE ( 'NONE', #2023, #3677, #2887, .T. ) ;
#3334 = EDGE_CURVE ( 'NONE', #1795, #1190, #999, .T. ) ;
#3335 = EDGE_CURVE ( 'NONE', #3831, #3504, #692, .T. ) ;
#3336 = VERTEX_POINT ( 'NONE', #71 ) ;
#3337 = ADVANCED_FACE ( 'NONE', ( #1333 ), #2307, .T. ) ;
#3338 = FACE_OUTER_BOUND ( 'NONE', #2467, .T. ) ;
#3339 = LINE ( 'NONE', #1164, #3762 ) ;
#3340 = ORIENTED_EDGE ( 'NONE', *, *, #3642, .T. ) ;
#3341 = LINE ( 'NONE', #3698, #3107 ) ;
#3342 = ORIENTED_EDGE ( 'NONE', *, *, #759, .T. ) ;
#3343 = CARTESIAN_POINT ( 'NONE',  ( 9.767957166897559773, 10.19999999999999929, 0.1349999999999999534 ) ) ;
#3344 = ADVANCED_FACE ( 'NONE', ( #2403 ), #2717, .F. ) ;
#3345 = ORIENTED_EDGE ( 'NONE', *, *, #274, .F. ) ;
#3346 = LINE ( 'NONE', #454, #910 ) ;
#3347 = CARTESIAN_POINT ( 'NONE',  ( -9.409999999999994813, -10.99999999999999645, 0.1349999999999999534 ) ) ;
#3348 = ORIENTED_EDGE ( 'NONE', *, *, #2726, .T. ) ;
#3349 = DIRECTION ( 'NONE',  ( 0.000000000000000000, 1.000000000000000000, -0.000000000000000000 ) ) ;
#3350 = LINE ( 'NONE', #1181, #383 ) ;
#3351 = EDGE_CURVE ( 'NONE', #3759, #14, #3360, .T. ) ;
#3352 = VECTOR ( 'NONE', #3765, 100.0000000000000000 ) ;
#3353 = VECTOR ( 'NONE', #2290, 100.0000000000000000 ) ;
#3354 = LINE ( 'NONE', #1120, #2328 ) ;
#3355 = EDGE_LOOP ( 'NONE', ( #328, #3761, #3167, #942 ) ) ;
#3356 = ORIENTED_EDGE ( 'NONE', *, *, #502, .T. ) ;
#3357 = VECTOR ( 'NONE', #2373, 100.0000000000000000 ) ;
#3358 = EDGE_CURVE ( 'NONE', #3555, #3202, #195, .T. ) ;
#3359 = EDGE_CURVE ( 'NONE', #2245, #3010, #1790, .T. ) ;
#3360 = LINE ( 'NONE', #2697, #144 ) ;
#3361 = VECTOR ( 'NONE', #3871, 100.0000000000000000 ) ;
#3362 = VECTOR ( 'NONE', #2553, 100.0000000000000142 ) ;
#3363 = LINE ( 'NONE', #1750, #59 ) ;
#3364 = ORIENTED_EDGE ( 'NONE', *, *, #451, .T. ) ;
#3365 = VECTOR ( 'NONE', #187, 100.0000000000000000 ) ;
#3366 = DIRECTION ( 'NONE',  ( 1.000000000000000000, 0.000000000000000000, 0.000000000000000000 ) ) ;
#3367 = ORIENTED_EDGE ( 'NONE', *, *, #1379, .T. ) ;
#3368 = DIRECTION ( 'NONE',  ( -0.000000000000000000, 0.000000000000000000, 1.000000000000000000 ) ) ;
#3369 = ORIENTED_EDGE ( 'NONE', *, *, #530, .F. ) ;
#3370 = PLANE ( 'NONE',  #1705 ) ;
#3371 = CARTESIAN_POINT ( 'NONE',  ( 7.470000000000000639, -7.370000000000000107, 0.4000000000000000222 ) ) ;
#3372 = ORIENTED_EDGE ( 'NONE', *, *, #2468, .F. ) ;
#3373 = LINE ( 'NONE', #2999, #1050 ) ;
#3374 = CARTESIAN_POINT ( 'NONE',  ( -10.99999999999999467, 7.499999999999995559, 0.3175000000000000044 ) ) ;
#3375 = LINE ( 'NONE', #3771, #1600 ) ;
#3376 = ORIENTED_EDGE ( 'NONE', *, *, #951, .F. ) ;
#3377 = VECTOR ( 'NONE', #1274, 100.0000000000000000 ) ;
#3378 = VERTEX_POINT ( 'NONE', #466 ) ;
#3379 = DIRECTION ( 'NONE',  ( 0.000000000000000000, -1.000000000000000000, 0.000000000000000000 ) ) ;
#3380 = VECTOR ( 'NONE', #1208, 100.0000000000000000 ) ;
#3381 = DIRECTION ( 'NONE',  ( 0.000000000000000000, 0.000000000000000000, -1.000000000000000000 ) ) ;
#3382 = DIRECTION ( 'NONE',  ( 0.000000000000000000, 1.000000000000000000, 0.000000000000000000 ) ) ;
#3383 = VERTEX_POINT ( 'NONE', #1100 ) ;
#3384 = EDGE_CURVE ( 'NONE', #1623, #924, #2095, .T. ) ;
#3385 = VECTOR ( 'NONE', #703, 100.0000000000000000 ) ;
#3386 = ADVANCED_FACE ( 'NONE', ( #3338 ), #1728, .T. ) ;
#3387 = CARTESIAN_POINT ( 'NONE',  ( 10.19999999999999574, 8.232042833102433121, 0.1349999999999999534 ) ) ;
#3388 = ORIENTED_EDGE ( 'NONE', *, *, #528, .F. ) ;
#3389 = CARTESIAN_POINT ( 'NONE',  ( 9.000000000000001776, -8.999999999999996447, 0.6350000000000000089 ) ) ;
#3390 = ORIENTED_EDGE ( 'NONE', *, *, #3572, .F. ) ;
#3391 = ADVANCED_FACE ( 'NONE', ( #3297 ), #3917, .F. ) ;
#3392 = LINE ( 'NONE', #2192, #2129 ) ;
#3393 = DIRECTION ( 'NONE',  ( 1.000000000000000000, 0.000000000000000000, 0.000000000000000000 ) ) ;
#3394 = CYLINDRICAL_SURFACE ( 'NONE', #3619, 2.499999999999999556 ) ;
#3395 = ORIENTED_EDGE ( 'NONE', *, *, #3213, .T. ) ;
#3396 = CARTESIAN_POINT ( 'NONE',  ( 10.99999999999999822, 10.36499999999999666, 0.6350000000000000089 ) ) ;
#3397 = DIRECTION ( 'NONE',  ( 1.000000000000000000, 0.000000000000000000, 0.000000000000000000 ) ) ;
#3398 = DIRECTION ( 'NONE',  ( 0.000000000000000000, -1.000000000000000000, 0.000000000000000000 ) ) ;
#3399 = VERTEX_POINT ( 'NONE', #1146 ) ;
#3400 = ORIENTED_EDGE ( 'NONE', *, *, #3690, .F. ) ;
#3401 = DIRECTION ( 'NONE',  ( -1.000000000000000000, -1.817653936845377429E-16, 0.000000000000000000 ) ) ;
#3402 = DIRECTION ( 'NONE',  ( -1.000000000000000000, 0.000000000000000000, 0.000000000000000000 ) ) ;
#3403 = CARTESIAN_POINT ( 'NONE',  ( -10.69500000000000384, 7.162345244612041029, 0.6350000000000000089 ) ) ;
#3404 = ORIENTED_EDGE ( 'NONE', *, *, #3959, .F. ) ;
#3405 = LINE ( 'NONE', #1493, #605 ) ;
#3406 = EDGE_CURVE ( 'NONE', #3186, #335, #2987, .T. ) ;
#3407 = ORIENTED_EDGE ( 'NONE', *, *, #1618, .T. ) ;
#3408 = DIRECTION ( 'NONE',  ( 0.000000000000000000, 1.000000000000000000, -0.000000000000000000 ) ) ;
#3409 = VERTEX_POINT ( 'NONE', #1706 ) ;
#3410 = CARTESIAN_POINT ( 'NONE',  ( -9.000000000000000000, 8.699999999999999289, 0.000000000000000000 ) ) ;
#3411 = EDGE_CURVE ( 'NONE', #2023, #3399, #1452, .T. ) ;
#3412 = EDGE_CURVE ( 'NONE', #2381, #890, #487, .T. ) ;
#3413 = DIRECTION ( 'NONE',  ( -0.000000000000000000, 0.000000000000000000, 1.000000000000000000 ) ) ;
#3414 = ORIENTED_EDGE ( 'NONE', *, *, #1618, .F. ) ;
#3415 = DIRECTION ( 'NONE',  ( -0.000000000000000000, 1.000000000000000000, 0.000000000000000000 ) ) ;
#3416 = CARTESIAN_POINT ( 'NONE',  ( -9.409999999999994813, -10.81999999999999851, 0.1349999999999999534 ) ) ;
#3417 = PLANE ( 'NONE',  #3050 ) ;
#3418 = VERTEX_POINT ( 'NONE', #793 ) ;
#3419 = ORIENTED_EDGE ( 'NONE', *, *, #173, .T. ) ;
#3420 = AXIS2_PLACEMENT_3D ( 'NONE', #1386, #1639, #1403 ) ;
#3421 = DIRECTION ( 'NONE',  ( -0.000000000000000000, 0.000000000000000000, 1.000000000000000000 ) ) ;
#3422 = DIRECTION ( 'NONE',  ( 0.000000000000000000, 0.000000000000000000, -1.000000000000000000 ) ) ;
#3423 = LINE ( 'NONE', #299, #2240 ) ;
#3424 = ORIENTED_EDGE ( 'NONE', *, *, #4005, .T. ) ;
#3425 = VECTOR ( 'NONE', #2104, 100.0000000000000000 ) ;
#3426 = VECTOR ( 'NONE', #1943, 100.0000000000000000 ) ;
#3427 = DIRECTION ( 'NONE',  ( 0.000000000000000000, 1.000000000000000000, 0.000000000000000000 ) ) ;
#3428 = ORIENTED_EDGE ( 'NONE', *, *, #3006, .T. ) ;
#3429 = LINE ( 'NONE', #1588, #3021 ) ;
#3430 = ORIENTED_EDGE ( 'NONE', *, *, #3963, .F. ) ;
#3431 = VECTOR ( 'NONE', #3382, 100.0000000000000000 ) ;
#3432 = PRODUCT_CONTEXT ( 'NONE', #3123, 'mechanical' ) ;
#3433 = LINE ( 'NONE', #862, #716 ) ;
#3434 = LINE ( 'NONE', #2538, #1970 ) ;
#3435 = ORIENTED_EDGE ( 'NONE', *, *, #2678, .F. ) ;
#3436 = DIRECTION ( 'NONE',  ( -0.000000000000000000, 0.000000000000000000, 1.000000000000000000 ) ) ;
#3437 = CARTESIAN_POINT ( 'NONE',  ( 9.894862706971709244E-16, 10.69499999999999673, 0.3175000000000011147 ) ) ;
#3438 = CARTESIAN_POINT ( 'NONE',  ( 10.36499999999999844, -7.634999999999996234, 0.3175000000000000044 ) ) ;
#3439 = ORIENTED_EDGE ( 'NONE', *, *, #1671, .T. ) ;
#3440 = EDGE_LOOP ( 'NONE', ( #1243, #1363 ) ) ;
#3441 = EDGE_CURVE ( 'NONE', #930, #2785, #2021, .T. ) ;
#3442 = DIRECTION ( 'NONE',  ( -1.000000000000000000, 9.251858538542974046E-17, 0.000000000000000000 ) ) ;
#3443 = LINE ( 'NONE', #2118, #1129 ) ;
#3444 = AXIS2_PLACEMENT_3D ( 'NONE', #3511, #1982, #2593 ) ;
#3445 = ADVANCED_FACE ( 'NONE', ( #135, #501 ), #1391, .T. ) ;
#3446 = FACE_OUTER_BOUND ( 'NONE', #2017, .T. ) ;
#3447 = VERTEX_POINT ( 'NONE', #1749 ) ;
#3448 = VECTOR ( 'NONE', #3402, 100.0000000000000000 ) ;
#3449 = FACE_OUTER_BOUND ( 'NONE', #3118, .T. ) ;
#3450 = ORIENTED_EDGE ( 'NONE', *, *, #3654, .T. ) ;
#3451 = AXIS2_PLACEMENT_3D ( 'NONE', #1264, #3792, #2540 ) ;
#3452 = DIRECTION ( 'NONE',  ( 0.000000000000000000, 0.000000000000000000, -1.000000000000000000 ) ) ;
#3453 = ORIENTED_EDGE ( 'NONE', *, *, #3743, .T. ) ;
#3454 = CARTESIAN_POINT ( 'NONE',  ( 8.999999999999998224, 9.000000000000000000, 0.6350000000000000089 ) ) ;
#3455 = DIRECTION ( 'NONE',  ( 0.4999999999999980016, 0.8660254037844397068, 0.000000000000000000 ) ) ;
#3456 = CARTESIAN_POINT ( 'NONE',  ( -10.36499999999999311, -25.63499999999999801, 0.6350000000000000089 ) ) ;
#3457 = PRODUCT ( 'elevated-cell-top_60', 'elevated-cell-top_60', '', ( #3432 ) ) ;
#3458 = CARTESIAN_POINT ( 'NONE',  ( 11.00000000000000711, -10.49999999999999467, 0.000000000000000000 ) ) ;
#3459 = LINE ( 'NONE', #562, #544 ) ;
#3460 = ORIENTED_EDGE ( 'NONE', *, *, #1478, .F. ) ;
#3461 = ADVANCED_FACE ( 'NONE', ( #3005 ), #3608, .F. ) ;
#3462 = ORIENTED_EDGE ( 'NONE', *, *, #3334, .T. ) ;
#3463 = EDGE_CURVE ( 'NONE', #1265, #85, #3957, .T. ) ;
#3464 = CARTESIAN_POINT ( 'NONE',  ( 7.635000000000004228, -10.36499999999999488, 0.6350000000000000089 ) ) ;
#3465 = CARTESIAN_POINT ( 'NONE',  ( 25.63499999999999801, -10.36499999999999311, 0.3175000000000000044 ) ) ;
#3466 = EDGE_CURVE ( 'NONE', #2851, #2736, #3243, .T. ) ;
#3467 = EDGE_CURVE ( 'NONE', #3993, #3383, #4040, .T. ) ;
#3468 = LINE ( 'NONE', #3144, #323 ) ;
#3469 = EDGE_CURVE ( 'NONE', #3923, #1918, #74, .T. ) ;
#3470 = VERTEX_POINT ( 'NONE', #1875 ) ;
#3471 = PLANE ( 'NONE',  #3110 ) ;
#3472 = ORIENTED_EDGE ( 'NONE', *, *, #2908, .F. ) ;
#3473 = PLANE ( 'NONE',  #514 ) ;
#3474 = ORIENTED_EDGE ( 'NONE', *, *, #2726, .F. ) ;
#3475 = DIRECTION ( 'NONE',  ( 0.000000000000000000, -1.000000000000000000, 0.000000000000000000 ) ) ;
#3476 = DIRECTION ( 'NONE',  ( 0.000000000000000000, 1.000000000000000000, 0.000000000000000000 ) ) ;
#3477 = LINE ( 'NONE', #1545, #2695 ) ;
#3478 = CARTESIAN_POINT ( 'NONE',  ( 10.49999999999999467, 10.99999999999999467, 0.000000000000000000 ) ) ;
#3479 = CARTESIAN_POINT ( 'NONE',  ( -8.999999999999998224, -9.300000000000004263, 0.6350000000000000089 ) ) ;
#3480 = ORIENTED_EDGE ( 'NONE', *, *, #1433, .T. ) ;
#3481 = VERTEX_POINT ( 'NONE', #1895 ) ;
#3482 = EDGE_CURVE ( 'NONE', #3821, #2190, #2205, .T. ) ;
#3483 = CARTESIAN_POINT ( 'NONE',  ( 10.81999999999999851, -9.409999999999994813, 0.1349999999999999534 ) ) ;
#3484 = DIRECTION ( 'NONE',  ( 1.000000000000000000, 2.726480905268065897E-16, 0.000000000000000000 ) ) ;
#3485 = CARTESIAN_POINT ( 'NONE',  ( 7.500000000000000000, -10.99999999999999645, 0.6350000000000000089 ) ) ;
#3486 = VERTEX_POINT ( 'NONE', #1553 ) ;
#3487 = VECTOR ( 'NONE', #1421, 100.0000000000000000 ) ;
#3488 = ADVANCED_FACE ( 'NONE', ( #1187 ), #1810, .T. ) ;
#3489 = CARTESIAN_POINT ( 'NONE',  ( -10.36499999999999488, -10.99999999999999645, 0.3175000000000000044 ) ) ;
#3490 = CIRCLE ( 'NONE', #3683, 2.500000000000000888 ) ;
#3491 = ORIENTED_EDGE ( 'NONE', *, *, #2050, .T. ) ;
#3492 = VECTOR ( 'NONE', #2937, 100.0000000000000142 ) ;
#3493 = VECTOR ( 'NONE', #2684, 100.0000000000000000 ) ;
#3494 = CARTESIAN_POINT ( 'NONE',  ( -7.634999999999996234, -10.36499999999999844, 0.6350000000000000089 ) ) ;
#3495 = ORIENTED_EDGE ( 'NONE', *, *, #2097, .T. ) ;
#3496 = VECTOR ( 'NONE', #1960, 100.0000000000000000 ) ;
#3497 = CARTESIAN_POINT ( 'NONE',  ( -25.63500000000000156, -10.36500000000000021, 0.3175000000000000044 ) ) ;
#3498 = LINE ( 'NONE', #3180, #117 ) ;
#3499 = CIRCLE ( 'NONE', #257, 2.500000000000003553 ) ;
#3500 = AXIS2_PLACEMENT_3D ( 'NONE', #2877, #2480, #2505 ) ;
#3501 = LINE ( 'NONE', #700, #4082 ) ;
#3502 = DIRECTION ( 'NONE',  ( 0.000000000000000000, -1.000000000000000000, 0.000000000000000000 ) ) ;
#3503 = LINE ( 'NONE', #2257, #869 ) ;
#3504 = VERTEX_POINT ( 'NONE', #3751 ) ;
#3505 = ORIENTED_EDGE ( 'NONE', *, *, #1138, .F. ) ;
#3506 = CYLINDRICAL_SURFACE ( 'NONE', #1177, 2.500000000000000888 ) ;
#3507 = DIRECTION ( 'NONE',  ( -0.8660254037844398178, 0.4999999999999979461, 0.000000000000000000 ) ) ;
#3508 = ADVANCED_FACE ( 'NONE', ( #1829 ), #11, .F. ) ;
#3509 = CARTESIAN_POINT ( 'NONE',  ( 10.81999999999999851, -9.409999999999994813, 0.6350000000000000089 ) ) ;
#3510 = ORIENTED_EDGE ( 'NONE', *, *, #2617, .F. ) ;
#3511 = CARTESIAN_POINT ( 'NONE',  ( 10.36499999999999844, -7.634999999999996234, 0.3175000000000000044 ) ) ;
#3512 = EDGE_CURVE ( 'NONE', #1589, #1939, #3775, .T. ) ;
#3513 = FACE_OUTER_BOUND ( 'NONE', #3665, .T. ) ;
#3514 = ORIENTED_EDGE ( 'NONE', *, *, #3990, .F. ) ;
#3515 = VECTOR ( 'NONE', #1881, 100.0000000000000000 ) ;
#3516 = EDGE_CURVE ( 'NONE', #870, #1697, #2817, .T. ) ;
#3517 = LINE ( 'NONE', #2286, #2835 ) ;
#3518 = AXIS2_PLACEMENT_3D ( 'NONE', #175, #2363, #1426 ) ;
#3519 = FACE_OUTER_BOUND ( 'NONE', #835, .T. ) ;
#3520 = EDGE_CURVE ( 'NONE', #1267, #1741, #3106, .T. ) ;
#3521 = EDGE_CURVE ( 'NONE', #2378, #2565, #318, .T. ) ;
#3522 = COLOUR_RGB ( '',0.7921568627450980005, 0.8196078431372548767, 0.9333333333333333481 ) ;
#3523 = DIRECTION ( 'NONE',  ( 0.000000000000000000, 1.000000000000000000, -0.000000000000000000 ) ) ;
#3524 = DIRECTION ( 'NONE',  ( -0.000000000000000000, 0.000000000000000000, 1.000000000000000000 ) ) ;
#3525 = CARTESIAN_POINT ( 'NONE',  ( 7.635000000000004228, -10.36499999999999488, 0.6350000000000000089 ) ) ;
#3526 = ORIENTED_EDGE ( 'NONE', *, *, #3643, .F. ) ;
#3527 = ORIENTED_EDGE ( 'NONE', *, *, #1312, .T. ) ;
#3528 = DIRECTION ( 'NONE',  ( 1.000000000000000000, 0.000000000000000000, 0.000000000000000000 ) ) ;
#3529 = DIRECTION ( 'NONE',  ( 0.000000000000000000, 0.000000000000000000, -1.000000000000000000 ) ) ;
#3530 = DIRECTION ( 'NONE',  ( 0.000000000000000000, -1.000000000000000000, 0.000000000000000000 ) ) ;
#3531 = ORIENTED_EDGE ( 'NONE', *, *, #2656, .T. ) ;
#3532 = DIRECTION ( 'NONE',  ( -0.4999999999999979461, -0.8660254037844398178, 0.000000000000000000 ) ) ;
#3533 = DIRECTION ( 'NONE',  ( -0.000000000000000000, 0.000000000000000000, 1.000000000000000000 ) ) ;
#3534 = ORIENTED_EDGE ( 'NONE', *, *, #1877, .T. ) ;
#3535 = FACE_OUTER_BOUND ( 'NONE', #3731, .T. ) ;
#3536 = ADVANCED_FACE ( 'NONE', ( #854 ), #548, .F. ) ;
#3537 = DIRECTION ( 'NONE',  ( 0.000000000000000000, 0.000000000000000000, -1.000000000000000000 ) ) ;
#3538 = EDGE_CURVE ( 'NONE', #924, #3772, #3443, .T. ) ;
#3539 = FACE_OUTER_BOUND ( 'NONE', #4001, .T. ) ;
#3540 = EDGE_CURVE ( 'NONE', #181, #1654, #874, .T. ) ;
#3541 = CARTESIAN_POINT ( 'NONE',  ( -8.999999999999998224, -9.000000000000001776, 0.000000000000000000 ) ) ;
#3542 = DIRECTION ( 'NONE',  ( 0.000000000000000000, 0.000000000000000000, 1.000000000000000000 ) ) ;
#3543 = EDGE_LOOP ( 'NONE', ( #2355, #3686, #3257, #856 ) ) ;
#3544 = VERTEX_POINT ( 'NONE', #2445 ) ;
#3545 = DIRECTION ( 'NONE',  ( 0.000000000000000000, -1.000000000000000000, 0.000000000000000000 ) ) ;
#3546 = DIRECTION ( 'NONE',  ( -0.000000000000000000, 0.000000000000000000, 1.000000000000000000 ) ) ;
#3547 = CARTESIAN_POINT ( 'NONE',  ( 8.589999999999994529, 10.99999999999999645, 0.6350000000000000089 ) ) ;
#3548 = EDGE_LOOP ( 'NONE', ( #920, #3187, #1942, #2031 ) ) ;
#3549 = DIRECTION ( 'NONE',  ( -0.000000000000000000, 0.000000000000000000, 1.000000000000000000 ) ) ;
#3550 = LINE ( 'NONE', #2888, #1846 ) ;
#3551 = ORIENTED_EDGE ( 'NONE', *, *, #153, .T. ) ;
#3552 = DIRECTION ( 'NONE',  ( -1.000000000000000000, 0.000000000000000000, -0.000000000000000000 ) ) ;
#3553 = LINE ( 'NONE', #984, #2978 ) ;
#3554 = DIRECTION ( 'NONE',  ( 0.000000000000000000, -1.000000000000000000, 0.000000000000000000 ) ) ;
#3555 = VERTEX_POINT ( 'NONE', #4080 ) ;
#3556 = VECTOR ( 'NONE', #3763, 100.0000000000000000 ) ;
#3557 = LINE ( 'NONE', #745, #2558 ) ;
#3558 = ADVANCED_FACE ( 'NONE', ( #2510 ), #3714, .F. ) ;
#3559 = DIRECTION ( 'NONE',  ( 0.000000000000000000, 1.000000000000000000, 0.000000000000000000 ) ) ;
#3560 = AXIS2_PLACEMENT_3D ( 'NONE', #3799, #594, #3752 ) ;
#3561 = VECTOR ( 'NONE', #3528, 100.0000000000000000 ) ;
#3562 = CARTESIAN_POINT ( 'NONE',  ( -10.81999999999999496, 9.409999999999996589, 0.1349999999999999534 ) ) ;
#3563 = ORIENTED_EDGE ( 'NONE', *, *, #755, .F. ) ;
#3564 = VECTOR ( 'NONE', #3590, 100.0000000000000000 ) ;
#3565 = CARTESIAN_POINT ( 'NONE',  ( 9.000000000000001776, -8.999999999999998224, 0.000000000000000000 ) ) ;
#3566 = DIRECTION ( 'NONE',  ( 0.000000000000000000, 0.000000000000000000, 1.000000000000000000 ) ) ;
#3567 = VERTEX_POINT ( 'NONE', #592 ) ;
#3568 = LINE ( 'NONE', #734, #3029 ) ;
#3569 = EDGE_CURVE ( 'NONE', #844, #442, #630, .T. ) ;
#3570 = EDGE_CURVE ( 'NONE', #991, #172, #2465, .T. ) ;
#3571 = VERTEX_POINT ( 'NONE', #893 ) ;
#3572 = EDGE_CURVE ( 'NONE', #1703, #2393, #3179, .T. ) ;
#3573 = DIRECTION ( 'NONE',  ( 1.000000000000000000, 0.000000000000000000, 0.000000000000000000 ) ) ;
#3574 = ADVANCED_FACE ( 'NONE', ( #689 ), #1956, .F. ) ;
#3575 = DIRECTION ( 'NONE',  ( 0.000000000000000000, 0.000000000000000000, 1.000000000000000000 ) ) ;
#3576 = EDGE_LOOP ( 'NONE', ( #2644, #1856, #300, #3058 ) ) ;
#3577 = DIRECTION ( 'NONE',  ( 0.000000000000000000, 0.000000000000000000, -1.000000000000000000 ) ) ;
#3578 = VECTOR ( 'NONE', #3549, 100.0000000000000000 ) ;
#3579 = CARTESIAN_POINT ( 'NONE',  ( 9.000000000000001776, -8.999999999999996447, 0.3175000000000000044 ) ) ;
#3580 = ORIENTED_EDGE ( 'NONE', *, *, #1538, .F. ) ;
#3581 = CARTESIAN_POINT ( 'NONE',  ( -10.99999999999999645, -10.36499999999999844, 0.6350000000000000089 ) ) ;
#3582 = DIRECTION ( 'NONE',  ( 9.088269684226882214E-17, -1.000000000000000000, 0.000000000000000000 ) ) ;
#3583 = CARTESIAN_POINT ( 'NONE',  ( 10.81999999999999851, -8.589999999999992752, 0.6350000000000000089 ) ) ;
#3584 = CIRCLE ( 'NONE', #3451, 0.3000000000000016542 ) ;
#3585 = EDGE_LOOP ( 'NONE', ( #3407, #3395, #3810, #1991, #4090, #3309 ) ) ;
#3586 = DIRECTION ( 'NONE',  ( 0.000000000000000000, 0.000000000000000000, -1.000000000000000000 ) ) ;
#3587 = ADVANCED_FACE ( 'NONE', ( #2608 ), #2866, .F. ) ;
#3588 = CARTESIAN_POINT ( 'NONE',  ( -8.589999999999992752, -10.81999999999999851, 0.6350000000000000089 ) ) ;
#3589 = VERTEX_POINT ( 'NONE', #3207 ) ;
#3590 = DIRECTION ( 'NONE',  ( 0.000000000000000000, -1.000000000000000000, 0.000000000000000000 ) ) ;
#3591 = EDGE_LOOP ( 'NONE', ( #2063, #839, #3364, #177, #3551, #94, #3428, #3472 ) ) ;
#3592 = EDGE_CURVE ( 'NONE', #3997, #1388, #2194, .T. ) ;
#3593 = CARTESIAN_POINT ( 'NONE',  ( 9.000000000000001776, -8.699999999999995737, 0.000000000000000000 ) ) ;
#3594 = DIRECTION ( 'NONE',  ( -0.000000000000000000, 0.000000000000000000, 1.000000000000000000 ) ) ;
#3595 = ORIENTED_EDGE ( 'NONE', *, *, #3933, .T. ) ;
#3596 = DIRECTION ( 'NONE',  ( 0.000000000000000000, 0.000000000000000000, -1.000000000000000000 ) ) ;
#3597 = DIRECTION ( 'NONE',  ( 0.000000000000000000, 0.000000000000000000, -1.000000000000000000 ) ) ;
#3598 = EDGE_LOOP ( 'NONE', ( #646, #3004, #3962, #1546 ) ) ;
#3599 = FACE_OUTER_BOUND ( 'NONE', #805, .T. ) ;
#3600 = CARTESIAN_POINT ( 'NONE',  ( 7.500000000000000000, -10.99999999999999645, 0.000000000000000000 ) ) ;
#3601 = DIRECTION ( 'NONE',  ( -0.000000000000000000, 0.000000000000000000, 1.000000000000000000 ) ) ;
#3602 = EDGE_LOOP ( 'NONE', ( #3348, #2880, #3356, #285, #691, #3657, #2609, #2658 ) ) ;
#3603 = CARTESIAN_POINT ( 'NONE',  ( 10.81999999999999140, 8.589999999999998082, 0.1349999999999999534 ) ) ;
#3604 = CYLINDRICAL_SURFACE ( 'NONE', #1269, 2.500000000000000888 ) ;
#3605 = VERTEX_POINT ( 'NONE', #378 ) ;
#3606 = ORIENTED_EDGE ( 'NONE', *, *, #1153, .F. ) ;
#3607 = ADVANCED_FACE ( 'NONE', ( #3250 ), #3852, .F. ) ;
#3608 = PLANE ( 'NONE',  #3779 ) ;
#3609 = DIRECTION ( 'NONE',  ( -0.000000000000000000, 0.000000000000000000, 1.000000000000000000 ) ) ;
#3610 = ORIENTED_EDGE ( 'NONE', *, *, #2875, .T. ) ;
#3611 = DIRECTION ( 'NONE',  ( -1.000000000000000000, -1.817653936845377429E-16, 0.000000000000000000 ) ) ;
#3612 = CARTESIAN_POINT ( 'NONE',  ( 9.000000000000001776, -8.999999999999996447, 0.000000000000000000 ) ) ;
#3613 = ORIENTED_EDGE ( 'NONE', *, *, #2222, .T. ) ;
#3614 = DIRECTION ( 'NONE',  ( 0.7071067811865475727, -0.7071067811865475727, 0.000000000000000000 ) ) ;
#3615 = ORIENTED_EDGE ( 'NONE', *, *, #340, .F. ) ;
#3616 = VECTOR ( 'NONE', #310, 100.0000000000000000 ) ;
#3617 = DIRECTION ( 'NONE',  ( 0.000000000000000000, -1.000000000000000000, 0.000000000000000000 ) ) ;
#3618 = LINE ( 'NONE', #1074, #906 ) ;
#3619 = AXIS2_PLACEMENT_3D ( 'NONE', #1502, #2150, #2457 ) ;
#3620 = AXIS2_PLACEMENT_3D ( 'NONE', #2708, #1479, #3617 ) ;
#3621 = ORIENTED_EDGE ( 'NONE', *, *, #416, .F. ) ;
#3622 = VECTOR ( 'NONE', #3537, 100.0000000000000000 ) ;
#3623 = CARTESIAN_POINT ( 'NONE',  ( -10.81999999999999140, -9.410000000000000142, 0.1349999999999999534 ) ) ;
#3624 =( NAMED_UNIT ( * ) PLANE_ANGLE_UNIT ( ) SI_UNIT ( $, .RADIAN. ) );
#3625 = ORIENTED_EDGE ( 'NONE', *, *, #3841, .T. ) ;
#3626 = AXIS2_PLACEMENT_3D ( 'NONE', #676, #3575, #1709 ) ;
#3627 = VERTEX_POINT ( 'NONE', #1034 ) ;
#3628 = EDGE_CURVE ( 'NONE', #997, #3447, #107, .T. ) ;
#3629 = DIRECTION ( 'NONE',  ( 0.000000000000000000, 0.000000000000000000, 1.000000000000000000 ) ) ;
#3630 = CARTESIAN_POINT ( 'NONE',  ( -10.99999999999999467, 10.49999999999999467, 0.3175000000000000044 ) ) ;
#3631 = ORIENTED_EDGE ( 'NONE', *, *, #2542, .F. ) ;
#3632 = CARTESIAN_POINT ( 'NONE',  ( 10.99999999999999112, 8.589999999999998082, 0.1349999999999999534 ) ) ;
#3633 = CYLINDRICAL_SURFACE ( 'NONE', #3776, 2.500000000000000888 ) ;
#3634 = VERTEX_POINT ( 'NONE', #44 ) ;
#3635 = LINE ( 'NONE', #3070, #320 ) ;
#3636 = ORIENTED_EDGE ( 'NONE', *, *, #481, .T. ) ;
#3637 = EDGE_CURVE ( 'NONE', #2968, #2089, #2923, .T. ) ;
#3638 = FACE_BOUND ( 'NONE', #2401, .T. ) ;
#3639 = DIRECTION ( 'NONE',  ( -0.000000000000000000, 0.000000000000000000, 1.000000000000000000 ) ) ;
#3640 = EDGE_CURVE ( 'NONE', #3071, #898, #2529, .T. ) ;
#3641 = AXIS2_PLACEMENT_3D ( 'NONE', #896, #2162, #596 ) ;
#3642 = EDGE_CURVE ( 'NONE', #1027, #2791, #975, .T. ) ;
#3643 = EDGE_CURVE ( 'NONE', #2393, #2851, #709, .T. ) ;
#3644 = FACE_OUTER_BOUND ( 'NONE', #2836, .T. ) ;
#3645 = EDGE_LOOP ( 'NONE', ( #3491, #271, #3782, #797 ) ) ;
#3646 = AXIS2_PLACEMENT_3D ( 'NONE', #3812, #2243, #669 ) ;
#3647 = DIRECTION ( 'NONE',  ( 0.000000000000000000, 1.000000000000000000, 0.000000000000000000 ) ) ;
#3648 = CARTESIAN_POINT ( 'NONE',  ( 25.63499999999999801, -10.36499999999999311, 0.3175000000000000044 ) ) ;
#3649 = SURFACE_STYLE_USAGE ( .BOTH. , #2034 ) ;
#3650 = VECTOR ( 'NONE', #3929, 100.0000000000000000 ) ;
#3651 = EDGE_LOOP ( 'NONE', ( #2748, #986, #2941, #677 ) ) ;
#3652 = ORIENTED_EDGE ( 'NONE', *, *, #1256, .F. ) ;
#3653 = VECTOR ( 'NONE', #849, 100.0000000000000000 ) ;
#3654 = EDGE_CURVE ( 'NONE', #3911, #60, #1974, .T. ) ;
#3655 = DIRECTION ( 'NONE',  ( 0.000000000000000000, 1.000000000000000000, 0.000000000000000000 ) ) ;
#3656 = DIRECTION ( 'NONE',  ( 1.000000000000000000, 0.000000000000000000, 0.000000000000000000 ) ) ;
#3657 = ORIENTED_EDGE ( 'NONE', *, *, #3469, .F. ) ;
#3658 = CARTESIAN_POINT ( 'NONE',  ( -10.81999999999999496, 8.589999999999994529, 0.6350000000000000089 ) ) ;
#3659 = ORIENTED_EDGE ( 'NONE', *, *, #1099, .T. ) ;
#3660 = PLANE ( 'NONE',  #1972 ) ;
#3661 = ORIENTED_EDGE ( 'NONE', *, *, #1851, .F. ) ;
#3662 = ADVANCED_FACE ( 'NONE', ( #1347 ), #1915, .F. ) ;
#3663 = CARTESIAN_POINT ( 'NONE',  ( 10.99999999999999645, -9.409999999999994813, 0.6350000000000000089 ) ) ;
#3664 = CARTESIAN_POINT ( 'NONE',  ( -10.36499999999999666, -7.635000000000001563, 0.3175000000000000044 ) ) ;
#3665 = EDGE_LOOP ( 'NONE', ( #2405, #1302, #3369, #2276 ) ) ;
#3666 = ADVANCED_FACE ( 'NONE', ( #1288 ), #398, .F. ) ;
#3667 = DIRECTION ( 'NONE',  ( -0.000000000000000000, 0.000000000000000000, 1.000000000000000000 ) ) ;
#3668 = FACE_OUTER_BOUND ( 'NONE', #1836, .T. ) ;
#3669 = ORIENTED_EDGE ( 'NONE', *, *, #933, .F. ) ;
#3670 = ORIENTED_EDGE ( 'NONE', *, *, #1158, .T. ) ;
#3671 = CARTESIAN_POINT ( 'NONE',  ( -9.409999999999994813, -10.81999999999999851, 0.1349999999999999534 ) ) ;
#3672 = CARTESIAN_POINT ( 'NONE',  ( -7.370000000000000107, -7.470000000000000639, 0.000000000000000000 ) ) ;
#3673 = ORIENTED_EDGE ( 'NONE', *, *, #3795, .F. ) ;
#3674 = CARTESIAN_POINT ( 'NONE',  ( 10.81999999999999140, 8.589999999999998082, 0.1349999999999999534 ) ) ;
#3675 = ORIENTED_EDGE ( 'NONE', *, *, #633, .F. ) ;
#3676 = CARTESIAN_POINT ( 'NONE',  ( -10.19999999999999396, -8.232042833102434898, 0.6350000000000000089 ) ) ;
#3677 = VERTEX_POINT ( 'NONE', #1662 ) ;
#3678 = FACE_OUTER_BOUND ( 'NONE', #214, .T. ) ;
#3679 = LINE ( 'NONE', #803, #3017 ) ;
#3680 = VECTOR ( 'NONE', #2959, 100.0000000000000000 ) ;
#3681 = VERTEX_POINT ( 'NONE', #67 ) ;
#3682 = CARTESIAN_POINT ( 'NONE',  ( 8.232042833102434898, -10.19999999999999396, 0.1349999999999999534 ) ) ;
#3683 = AXIS2_PLACEMENT_3D ( 'NONE', #1322, #1718, #683 ) ;
#3684 = AXIS2_PLACEMENT_3D ( 'NONE', #1612, #3906, #987 ) ;
#3685 = LINE ( 'NONE', #3730, #3653 ) ;
#3686 = ORIENTED_EDGE ( 'NONE', *, *, #1898, .T. ) ;
#3687 = ORIENTED_EDGE ( 'NONE', *, *, #1484, .F. ) ;
#3688 = AXIS2_PLACEMENT_3D ( 'NONE', #817, #221, #2067 ) ;
#3689 = CARTESIAN_POINT ( 'NONE',  ( -7.470000000000000639, -7.370000000000000107, 0.4000000000000000222 ) ) ;
#3690 = EDGE_CURVE ( 'NONE', #446, #2735, #2323, .T. ) ;
#3691 = VECTOR ( 'NONE', #752, 100.0000000000000000 ) ;
#3692 = EDGE_CURVE ( 'NONE', #2188, #912, #1937, .T. ) ;
#3693 = VECTOR ( 'NONE', #1931, 100.0000000000000142 ) ;
#3694 = LINE ( 'NONE', #1147, #2106 ) ;
#3695 = EDGE_CURVE ( 'NONE', #3035, #220, #3833, .T. ) ;
#3696 = ORIENTED_EDGE ( 'NONE', *, *, #1136, .T. ) ;
#3697 = AXIS2_PLACEMENT_3D ( 'NONE', #291, #1260, #3415 ) ;
#3698 = CARTESIAN_POINT ( 'NONE',  ( 0.000000000000000000, -8.030000000000002913, 0.4000000000000000222 ) ) ;
#3699 = VERTEX_POINT ( 'NONE', #3189 ) ;
#3700 = CYLINDRICAL_SURFACE ( 'NONE', #3950, 2.500000000000003553 ) ;
#3701 = VERTEX_POINT ( 'NONE', #2883 ) ;
#3702 = CARTESIAN_POINT ( 'NONE',  ( -10.99999999999999112, -8.589999999999999858, 0.1349999999999999534 ) ) ;
#3703 = FACE_OUTER_BOUND ( 'NONE', #2683, .T. ) ;
#3704 = EDGE_LOOP ( 'NONE', ( #2741, #2372, #2105, #535 ) ) ;
#3705 = FACE_OUTER_BOUND ( 'NONE', #2282, .T. ) ;
#3706 = DIRECTION ( 'NONE',  ( 0.4999999999999980571, 0.8660254037844398178, 0.000000000000000000 ) ) ;
#3707 = CARTESIAN_POINT ( 'NONE',  ( -9.409999999999998366, 10.99999999999999112, 0.1349999999999999534 ) ) ;
#3708 = ORIENTED_EDGE ( 'NONE', *, *, #1746, .T. ) ;
#3709 = VECTOR ( 'NONE', #2187, 100.0000000000000000 ) ;
#3710 = ORIENTED_EDGE ( 'NONE', *, *, #3258, .F. ) ;
#3711 = EDGE_CURVE ( 'NONE', #2420, #166, #1306, .T. ) ;
#3712 = CARTESIAN_POINT ( 'NONE',  ( -9.767957166897559773, -10.20000000000000107, 0.1349999999999999534 ) ) ;
#3713 = VECTOR ( 'NONE', #1535, 100.0000000000000000 ) ;
#3714 = PLANE ( 'NONE',  #2855 ) ;
#3715 = DIRECTION ( 'NONE',  ( -1.817653936845377429E-16, 1.000000000000000000, 0.000000000000000000 ) ) ;
#3716 = EDGE_LOOP ( 'NONE', ( #110, #3091, #1812, #4066 ) ) ;
#3717 = AXIS2_PLACEMENT_3D ( 'NONE', #439, #484, #1744 ) ;
#3718 = EDGE_CURVE ( 'NONE', #1365, #442, #2653, .T. ) ;
#3719 = EDGE_CURVE ( 'NONE', #1336, #3409, #3041, .T. ) ;
#3720 = FACE_OUTER_BOUND ( 'NONE', #3228, .T. ) ;
#3721 = ORIENTED_EDGE ( 'NONE', *, *, #878, .F. ) ;
#3722 = DIRECTION ( 'NONE',  ( -0.4999999999999979461, 0.8660254037844398178, -0.000000000000000000 ) ) ;
#3723 = ORIENTED_EDGE ( 'NONE', *, *, #154, .F. ) ;
#3724 = DIRECTION ( 'NONE',  ( 0.000000000000000000, 0.000000000000000000, -1.000000000000000000 ) ) ;
#3725 = CARTESIAN_POINT ( 'NONE',  ( 9.410000000000000142, -10.81999999999999140, 0.1349999999999999534 ) ) ;
#3726 = CARTESIAN_POINT ( 'NONE',  ( -10.99999999999999112, -9.410000000000000142, 0.1349999999999999534 ) ) ;
#3727 = VERTEX_POINT ( 'NONE', #1724 ) ;
#3728 = CARTESIAN_POINT ( 'NONE',  ( 8.589999999999999858, -10.81999999999999140, 0.1349999999999999534 ) ) ;
#3729 = CARTESIAN_POINT ( 'NONE',  ( -7.499999999999993783, -10.99999999999999645, 0.000000000000000000 ) ) ;
#3730 = CARTESIAN_POINT ( 'NONE',  ( -7.370000000000000107, -7.470000000000000639, 0.4000000000000000222 ) ) ;
#3731 = EDGE_LOOP ( 'NONE', ( #672, #3687, #774, #392 ) ) ;
#3732 = ORIENTED_EDGE ( 'NONE', *, *, #848, .F. ) ;
#3733 = CARTESIAN_POINT ( 'NONE',  ( 0.000000000000000000, 7.470000000000000639, 0.4000000000000000222 ) ) ;
#3734 = CARTESIAN_POINT ( 'NONE',  ( -7.499999999999998224, 10.99999999999999645, 0.3175000000000000044 ) ) ;
#3735 = CARTESIAN_POINT ( 'NONE',  ( -10.36499999999999311, -25.63499999999999801, 0.3175000000000000044 ) ) ;
#3736 = ORIENTED_EDGE ( 'NONE', *, *, #1767, .T. ) ;
#3737 = PLANE ( 'NONE',  #3641 ) ;
#3738 = ORIENTED_EDGE ( 'NONE', *, *, #2196, .T. ) ;
#3739 = CARTESIAN_POINT ( 'NONE',  ( -9.767957166897563326, 10.19999999999999574, 0.1349999999999999534 ) ) ;
#3740 = ORIENTED_EDGE ( 'NONE', *, *, #2542, .T. ) ;
#3741 = CARTESIAN_POINT ( 'NONE',  ( 8.232042833102431345, 10.19999999999999929, 0.1349999999999999534 ) ) ;
#3742 = CARTESIAN_POINT ( 'NONE',  ( -10.99999999999999112, -9.410000000000000142, 0.1349999999999999534 ) ) ;
#3743 = EDGE_CURVE ( 'NONE', #2089, #2541, #520, .T. ) ;
#3744 = ORIENTED_EDGE ( 'NONE', *, *, #371, .T. ) ;
#3745 = DIRECTION ( 'NONE',  ( 1.000000000000000000, 0.000000000000000000, 0.000000000000000000 ) ) ;
#3746 = DIRECTION ( 'NONE',  ( 0.000000000000000000, -1.000000000000000000, 0.000000000000000000 ) ) ;
#3747 = ORIENTED_EDGE ( 'NONE', *, *, #1062, .T. ) ;
#3748 = ORIENTED_EDGE ( 'NONE', *, *, #695, .F. ) ;
#3749 = VECTOR ( 'NONE', #3413, 100.0000000000000000 ) ;
#3750 = CARTESIAN_POINT ( 'NONE',  ( 7.635000000000004228, -10.36499999999999488, 0.3175000000000000044 ) ) ;
#3751 = CARTESIAN_POINT ( 'NONE',  ( 10.99999999999999645, -7.634999999999996234, 0.3175000000000000044 ) ) ;
#3752 = DIRECTION ( 'NONE',  ( 0.000000000000000000, -1.000000000000000000, 0.000000000000000000 ) ) ;
#3753 = AXIS2_PLACEMENT_3D ( 'NONE', #1776, #881, #3034 ) ;
#3754 = VECTOR ( 'NONE', #1567, 100.0000000000000000 ) ;
#3755 = ORIENTED_EDGE ( 'NONE', *, *, #4087, .T. ) ;
#3756 = AXIS2_PLACEMENT_3D ( 'NONE', #3318, #3656, #1769 ) ;
#3757 = VECTOR ( 'NONE', #992, 100.0000000000000142 ) ;
#3758 = CARTESIAN_POINT ( 'NONE',  ( 10.99999999999999645, -10.49999999999999467, 0.3175000000000000044 ) ) ;
#3759 = VERTEX_POINT ( 'NONE', #1078 ) ;
#3760 = DIRECTION ( 'NONE',  ( 1.000000000000000000, 0.000000000000000000, 0.000000000000000000 ) ) ;
#3761 = ORIENTED_EDGE ( 'NONE', *, *, #3323, .T. ) ;
#3762 = VECTOR ( 'NONE', #196, 100.0000000000000000 ) ;
#3763 = DIRECTION ( 'NONE',  ( -0.000000000000000000, 0.000000000000000000, 1.000000000000000000 ) ) ;
#3764 = EDGE_CURVE ( 'NONE', #3104, #3914, #476, .T. ) ;
#3765 = DIRECTION ( 'NONE',  ( -1.000000000000000000, 0.000000000000000000, -0.000000000000000000 ) ) ;
#3766 = ORIENTED_EDGE ( 'NONE', *, *, #838, .F. ) ;
#3767 = EDGE_CURVE ( 'NONE', #2354, #1445, #3894, .T. ) ;
#3768 = EDGE_CURVE ( 'NONE', #3605, #31, #1449, .T. ) ;
#3769 = DIRECTION ( 'NONE',  ( 1.000000000000000000, 0.000000000000000000, 0.000000000000000000 ) ) ;
#3770 = ADVANCED_FACE ( 'NONE', ( #750 ), #3604, .T. ) ;
#3771 = CARTESIAN_POINT ( 'NONE',  ( 10.36499999999999844, -25.63500000000000156, 0.3175000000000000044 ) ) ;
#3772 = VERTEX_POINT ( 'NONE', #2016 ) ;
#3773 = EDGE_LOOP ( 'NONE', ( #1537, #2181, #1450, #1293, #1002, #2984, #2809, #3804 ) ) ;
#3774 = CARTESIAN_POINT ( 'NONE',  ( 10.99999999999999645, 7.499999999999998224, 0.000000000000000000 ) ) ;
#3775 = LINE ( 'NONE', #937, #1266 ) ;
#3776 = AXIS2_PLACEMENT_3D ( 'NONE', #3009, #3320, #2082 ) ;
#3777 = LINE ( 'NONE', #3485, #1245 ) ;
#3778 = ORIENTED_EDGE ( 'NONE', *, *, #2175, .T. ) ;
#3779 = AXIS2_PLACEMENT_3D ( 'NONE', #3932, #2040, #2061 ) ;
#3780 = EDGE_CURVE ( 'NONE', #1019, #1891, #3975, .T. ) ;
#3781 = DIRECTION ( 'NONE',  ( 0.000000000000000000, 1.000000000000000000, 0.000000000000000000 ) ) ;
#3782 = ORIENTED_EDGE ( 'NONE', *, *, #2186, .F. ) ;
#3783 = VECTOR ( 'NONE', #338, 100.0000000000000142 ) ;
#3784 = CARTESIAN_POINT ( 'NONE',  ( 10.69500000000000206, 7.162345244612039252, 0.3175000000000011147 ) ) ;
#3785 = ORIENTED_EDGE ( 'NONE', *, *, #758, .F. ) ;
#3786 = MANIFOLD_SOLID_BREP ( 'Cut-Extrude5', #1570 ) ;
#3787 = FACE_OUTER_BOUND ( 'NONE', #1439, .T. ) ;
#3788 = PLANE ( 'NONE',  #1429 ) ;
#3789 = EDGE_LOOP ( 'NONE', ( #2814, #3404, #3878, #1224 ) ) ;
#3790 = ADVANCED_FACE ( 'NONE', ( #2057 ), #3313, .T. ) ;
#3791 = CARTESIAN_POINT ( 'NONE',  ( -8.029999999999997584, 0.000000000000000000, 0.4000000000000000222 ) ) ;
#3792 = DIRECTION ( 'NONE',  ( 0.000000000000000000, 0.000000000000000000, 1.000000000000000000 ) ) ;
#3793 = ORIENTED_EDGE ( 'NONE', *, *, #2367, .T. ) ;
#3794 = ADVANCED_FACE ( 'NONE', ( #3668 ), #2091, .T. ) ;
#3795 = EDGE_CURVE ( 'NONE', #1532, #791, #3354, .T. ) ;
#3796 = EDGE_LOOP ( 'NONE', ( #3864, #1921, #2564, #1971 ) ) ;
#3797 = DIRECTION ( 'NONE',  ( 0.000000000000000000, -1.000000000000000000, 0.000000000000000000 ) ) ;
#3798 = CARTESIAN_POINT ( 'NONE',  ( 10.36499999999999488, 7.635000000000004228, 0.3175000000000000044 ) ) ;
#3799 = CARTESIAN_POINT ( 'NONE',  ( 8.999999999999998224, 9.000000000000000000, 0.000000000000000000 ) ) ;
#3800 = VERTEX_POINT ( 'NONE', #3018 ) ;
#3801 = LINE ( 'NONE', #1832, #3515 ) ;
#3802 = ORIENTED_EDGE ( 'NONE', *, *, #3199, .T. ) ;
#3803 = CARTESIAN_POINT ( 'NONE',  ( 7.470000000000000639, 0.000000000000000000, 0.4000000000000000222 ) ) ;
#3804 = ORIENTED_EDGE ( 'NONE', *, *, #3711, .T. ) ;
#3805 = CARTESIAN_POINT ( 'NONE',  ( -7.634999999999996234, -10.36499999999999844, 0.3175000000000000044 ) ) ;
#3806 = CARTESIAN_POINT ( 'NONE',  ( -10.81999999999999496, 8.589999999999994529, 0.1349999999999999534 ) ) ;
#3807 = DIRECTION ( 'NONE',  ( 0.000000000000000000, 0.000000000000000000, 1.000000000000000000 ) ) ;
#3808 = DIRECTION ( 'NONE',  ( -1.000000000000000000, 0.000000000000000000, 0.000000000000000000 ) ) ;
#3809 = ORIENTED_EDGE ( 'NONE', *, *, #2909, .T. ) ;
#3810 = ORIENTED_EDGE ( 'NONE', *, *, #1641, .T. ) ;
#3811 = CARTESIAN_POINT ( 'NONE',  ( 10.69500000000000206, -9.894862706971711216E-16, 16.01329964592964572 ) ) ;
#3812 = CARTESIAN_POINT ( 'NONE',  ( -10.81999999999999140, -9.410000000000000142, 0.1349999999999999534 ) ) ;
#3813 = ADVANCED_FACE ( 'NONE', ( #191 ), #543, .F. ) ;
#3814 = CARTESIAN_POINT ( 'NONE',  ( -8.999999999999998224, -9.000000000000001776, 0.000000000000000000 ) ) ;
#3815 = ORIENTED_EDGE ( 'NONE', *, *, #3301, .T. ) ;
#3816 = EDGE_CURVE ( 'NONE', #1487, #1532, #2441, .T. ) ;
#3817 = EDGE_CURVE ( 'NONE', #2093, #172, #626, .T. ) ;
#3818 = CARTESIAN_POINT ( 'NONE',  ( -9.000000000000000000, 9.000000000000000000, 0.6350000000000000089 ) ) ;
#3819 = AXIS2_PLACEMENT_3D ( 'NONE', #1381, #2256, #3245 ) ;
#3820 = DIRECTION ( 'NONE',  ( 0.000000000000000000, -1.000000000000000000, 0.000000000000000000 ) ) ;
#3821 = VERTEX_POINT ( 'NONE', #3992 ) ;
#3822 = VECTOR ( 'NONE', #4000, 100.0000000000000000 ) ;
#3823 = VECTOR ( 'NONE', #3552, 100.0000000000000000 ) ;
#3824 = DIRECTION ( 'NONE',  ( -0.000000000000000000, 0.000000000000000000, 1.000000000000000000 ) ) ;
#3825 = CARTESIAN_POINT ( 'NONE',  ( -7.635000000000003340, 10.99999999999999645, 0.6350000000000000089 ) ) ;
#3826 = DIRECTION ( 'NONE',  ( -0.000000000000000000, 0.000000000000000000, 1.000000000000000000 ) ) ;
#3827 = PLANE ( 'NONE',  #3684 ) ;
#3828 = CYLINDRICAL_SURFACE ( 'NONE', #3819, 2.500000000000003553 ) ;
#3829 = DIRECTION ( 'NONE',  ( 0.4999999999999980571, -0.8660254037844398178, 0.000000000000000000 ) ) ;
#3830 = ORIENTED_EDGE ( 'NONE', *, *, #1480, .T. ) ;
#3831 = VERTEX_POINT ( 'NONE', #3438 ) ;
#3832 = CARTESIAN_POINT ( 'NONE',  ( 8.589999999999999858, -10.99999999999999112, 0.6350000000000000089 ) ) ;
#3833 = LINE ( 'NONE', #2221, #3045 ) ;
#3834 = CARTESIAN_POINT ( 'NONE',  ( 9.000000000000001776, -8.999999999999996447, 0.000000000000000000 ) ) ;
#3835 = ORIENTED_EDGE ( 'NONE', *, *, #2721, .T. ) ;
#3836 = EDGE_CURVE ( 'NONE', #85, #551, #2154, .T. ) ;
#3837 = DIRECTION ( 'NONE',  ( -0.000000000000000000, 0.000000000000000000, 1.000000000000000000 ) ) ;
#3838 = DIRECTION ( 'NONE',  ( 0.4999999999999980571, 0.8660254037844398178, 0.000000000000000000 ) ) ;
#3839 = ORIENTED_EDGE ( 'NONE', *, *, #2069, .F. ) ;
#3840 = VECTOR ( 'NONE', #1558, 100.0000000000000000 ) ;
#3841 = EDGE_CURVE ( 'NONE', #440, #1654, #1223, .T. ) ;
#3842 = CARTESIAN_POINT ( 'NONE',  ( 8.589999999999994529, 10.81999999999999673, 0.1349999999999999534 ) ) ;
#3843 = AXIS2_PLACEMENT_3D ( 'NONE', #954, #2940, #3230 ) ;
#3844 = CARTESIAN_POINT ( 'NONE',  ( -9.409999999999998366, 10.99999999999999112, 0.6350000000000000089 ) ) ;
#3845 = VECTOR ( 'NONE', #868, 100.0000000000000000 ) ;
#3846 = CARTESIAN_POINT ( 'NONE',  ( 9.000000000000001776, -8.999999999999998224, 0.000000000000000000 ) ) ;
#3847 = DIRECTION ( 'NONE',  ( 1.000000000000000000, 9.088269684226882214E-17, 0.000000000000000000 ) ) ;
#3848 = DIRECTION ( 'NONE',  ( 0.8660254037844397068, 0.4999999999999980016, 0.000000000000000000 ) ) ;
#3849 = ORIENTED_EDGE ( 'NONE', *, *, #3965, .F. ) ;
#3850 = EDGE_LOOP ( 'NONE', ( #232, #3174, #1210, #3324, #3332, #597, #1860, #3531, #2229, #2985, #913, #3067 ) ) ;
#3851 = CARTESIAN_POINT ( 'NONE',  ( 10.36499999999999666, 10.36499999999999666, 0.6350000000000000089 ) ) ;
#3852 = PLANE ( 'NONE',  #866 ) ;
#3853 = LINE ( 'NONE', #363, #2963 ) ;
#3854 = ORIENTED_EDGE ( 'NONE', *, *, #2161, .F. ) ;
#3855 = LINE ( 'NONE', #674, #3969 ) ;
#3856 = CARTESIAN_POINT ( 'NONE',  ( 10.99999999999999645, 10.49999999999999822, 0.6350000000000000089 ) ) ;
#3857 = EDGE_LOOP ( 'NONE', ( #3219, #1080, #2672, #1061 ) ) ;
#3858 = DIRECTION ( 'NONE',  ( 0.4999999999999980016, -0.8660254037844397068, 0.000000000000000000 ) ) ;
#3859 = ORIENTED_EDGE ( 'NONE', *, *, #3351, .F. ) ;
#3860 = LINE ( 'NONE', #1028, #3353 ) ;
#3861 = DIRECTION ( 'NONE',  ( 0.8660254037844398178, 0.4999999999999979461, 0.000000000000000000 ) ) ;
#3862 = EDGE_CURVE ( 'NONE', #2407, #1701, #1869, .T. ) ;
#3863 = EDGE_CURVE ( 'NONE', #1777, #2359, #3459, .T. ) ;
#3864 = ORIENTED_EDGE ( 'NONE', *, *, #3817, .T. ) ;
#3865 = DIRECTION ( 'NONE',  ( -0.000000000000000000, -0.000000000000000000, 1.000000000000000000 ) ) ;
#3866 = CARTESIAN_POINT ( 'NONE',  ( 10.81999999999999140, 9.409999999999998366, 0.1349999999999999534 ) ) ;
#3867 = ORIENTED_EDGE ( 'NONE', *, *, #2473, .F. ) ;
#3868 = DIRECTION ( 'NONE',  ( 0.000000000000000000, 1.000000000000000000, 0.000000000000000000 ) ) ;
#3869 = VERTEX_POINT ( 'NONE', #1486 ) ;
#3870 = CARTESIAN_POINT ( 'NONE',  ( -9.409999999999998366, 10.81999999999999140, 0.6350000000000000089 ) ) ;
#3871 = DIRECTION ( 'NONE',  ( -1.000000000000000000, 0.000000000000000000, 0.000000000000000000 ) ) ;
#3872 = AXIS2_PLACEMENT_3D ( 'NONE', #1448, #1141, #2400 ) ;
#3873 = ORIENTED_EDGE ( 'NONE', *, *, #995, .F. ) ;
#3874 = DIRECTION ( 'NONE',  ( 0.000000000000000000, 1.000000000000000000, 0.000000000000000000 ) ) ;
#3875 = VECTOR ( 'NONE', #125, 100.0000000000000000 ) ;
#3876 = CARTESIAN_POINT ( 'NONE',  ( 10.81999999999999140, 9.409999999999998366, 0.6350000000000000089 ) ) ;
#3877 = CARTESIAN_POINT ( 'NONE',  ( -8.999999999999996447, -9.000000000000001776, 0.3175000000000000044 ) ) ;
#3878 = ORIENTED_EDGE ( 'NONE', *, *, #3153, .T. ) ;
#3879 = VECTOR ( 'NONE', #1438, 100.0000000000000000 ) ;
#3880 = CIRCLE ( 'NONE', #321, 2.499999999999999556 ) ;
#3881 = EDGE_CURVE ( 'NONE', #1514, #3555, #2751, .T. ) ;
#3882 = DIRECTION ( 'NONE',  ( 0.000000000000000000, 1.000000000000000000, 0.000000000000000000 ) ) ;
#3883 = LINE ( 'NONE', #2029, #4010 ) ;
#3884 = AXIS2_PLACEMENT_3D ( 'NONE', #2159, #2818, #1248 ) ;
#3885 = AXIS2_PLACEMENT_3D ( 'NONE', #3805, #1278, #20 ) ;
#3886 = VERTEX_POINT ( 'NONE', #249 ) ;
#3887 = ORIENTED_EDGE ( 'NONE', *, *, #1976, .T. ) ;
#3888 = EDGE_CURVE ( 'NONE', #659, #3681, #586, .T. ) ;
#3889 = ADVANCED_FACE ( 'NONE', ( #929 ), #1549, .T. ) ;
#3890 = VECTOR ( 'NONE', #149, 100.0000000000000000 ) ;
#3891 = EDGE_CURVE ( 'NONE', #3567, #1406, #3061, .T. ) ;
#3892 = EDGE_CURVE ( 'NONE', #858, #4037, #1242, .T. ) ;
#3893 = CARTESIAN_POINT ( 'NONE',  ( 8.232042833102431345, 10.19999999999999929, 0.1349999999999999534 ) ) ;
#3894 = LINE ( 'NONE', #2322, #2789 ) ;
#3895 = ORIENTED_EDGE ( 'NONE', *, *, #353, .F. ) ;
#3896 = LINE ( 'NONE', #1289, #3691 ) ;
#3897 = ORIENTED_EDGE ( 'NONE', *, *, #1566, .F. ) ;
#3898 = DIRECTION ( 'NONE',  ( -0.000000000000000000, 0.000000000000000000, 1.000000000000000000 ) ) ;
#3899 = PLANE ( 'NONE',  #517 ) ;
#3900 = ORIENTED_EDGE ( 'NONE', *, *, #1113, .F. ) ;
#3901 = PLANE ( 'NONE',  #2172 ) ;
#3902 = VECTOR ( 'NONE', #3837, 100.0000000000000000 ) ;
#3903 = FACE_OUTER_BOUND ( 'NONE', #1650, .T. ) ;
#3904 = ORIENTED_EDGE ( 'NONE', *, *, #1237, .F. ) ;
#3905 = AXIS2_PLACEMENT_3D ( 'NONE', #3046, #3629, #1471 ) ;
#3906 = DIRECTION ( 'NONE',  ( -1.000000000000000000, -1.817653936845377429E-16, 0.000000000000000000 ) ) ;
#3907 = DIRECTION ( 'NONE',  ( 0.000000000000000000, 0.000000000000000000, -1.000000000000000000 ) ) ;
#3908 = LINE ( 'NONE', #764, #776 ) ;
#3909 = EDGE_CURVE ( 'NONE', #2000, #2620, #2506, .T. ) ;
#3910 = AXIS2_PLACEMENT_3D ( 'NONE', #63, #3829, #3848 ) ;
#3911 = VERTEX_POINT ( 'NONE', #211 ) ;
#3912 = DIRECTION ( 'NONE',  ( -0.4999999999999980571, -0.8660254037844398178, 0.000000000000000000 ) ) ;
#3913 = CARTESIAN_POINT ( 'NONE',  ( 10.19999999999999574, 9.767957166897563326, 0.1349999999999999534 ) ) ;
#3914 = VERTEX_POINT ( 'NONE', #1848 ) ;
#3915 = ORIENTED_EDGE ( 'NONE', *, *, #3862, .T. ) ;
#3916 = ADVANCED_FACE ( 'NONE', ( #1531 ), #1160, .F. ) ;
#3917 = PLANE ( 'NONE',  #3518 ) ;
#3918 = LINE ( 'NONE', #1352, #4084 ) ;
#3919 = ORIENTED_EDGE ( 'NONE', *, *, #1873, .F. ) ;
#3920 = CARTESIAN_POINT ( 'NONE',  ( 7.635000000000004228, -10.36499999999999488, 0.3175000000000000044 ) ) ;
#3921 = DIRECTION ( 'NONE',  ( -1.000000000000000000, 0.000000000000000000, 0.000000000000000000 ) ) ;
#3922 = DIRECTION ( 'NONE',  ( -1.000000000000000000, 0.000000000000000000, 0.000000000000000000 ) ) ;
#3923 = VERTEX_POINT ( 'NONE', #4034 ) ;
#3924 = CARTESIAN_POINT ( 'NONE',  ( 7.635000000000004228, -10.36499999999999488, 0.6350000000000000089 ) ) ;
#3925 = DIRECTION ( 'NONE',  ( 1.000000000000000000, 0.000000000000000000, 0.000000000000000000 ) ) ;
#3926 = EDGE_LOOP ( 'NONE', ( #638, #3191, #199, #3615, #959, #2526, #2324, #2472, #468, #3723, #3340, #3263 ) ) ;
#3927 = ORIENTED_EDGE ( 'NONE', *, *, #505, .T. ) ;
#3928 = FACE_OUTER_BOUND ( 'NONE', #4042, .T. ) ;
#3929 = DIRECTION ( 'NONE',  ( 0.000000000000000000, 0.000000000000000000, -1.000000000000000000 ) ) ;
#3930 = VERTEX_POINT ( 'NONE', #1202 ) ;
#3931 = ORIENTED_EDGE ( 'NONE', *, *, #2834, .T. ) ;
#3932 = CARTESIAN_POINT ( 'NONE',  ( 7.470000000000000639, -7.370000000000000107, 0.4000000000000000222 ) ) ;
#3933 = EDGE_CURVE ( 'NONE', #3481, #3699, #3375, .T. ) ;
#3934 = CARTESIAN_POINT ( 'NONE',  ( -8.999999999999994671, 8.999999999999998224, 0.6350000000000000089 ) ) ;
#3935 = ORIENTED_EDGE ( 'NONE', *, *, #1690, .F. ) ;
#3936 = EDGE_CURVE ( 'NONE', #2190, #829, #3685, .T. ) ;
#3937 = ADVANCED_FACE ( 'NONE', ( #889 ), #3417, .F. ) ;
#3938 = EDGE_CURVE ( 'NONE', #4052, #47, #1323, .T. ) ;
#3939 = CARTESIAN_POINT ( 'NONE',  ( -10.69500000000000384, -9.894862706971711216E-16, 16.01329964592964572 ) ) ;
#3940 = FACE_OUTER_BOUND ( 'NONE', #3704, .T. ) ;
#3941 = ORIENTED_EDGE ( 'NONE', *, *, #2783, .T. ) ;
#3942 = FACE_OUTER_BOUND ( 'NONE', #2458, .T. ) ;
#3943 = ORIENTED_EDGE ( 'NONE', *, *, #2832, .T. ) ;
#3944 = AXIS2_PLACEMENT_3D ( 'NONE', #1246, #3142, #649 ) ;
#3945 = FACE_OUTER_BOUND ( 'NONE', #588, .T. ) ;
#3946 = CARTESIAN_POINT ( 'NONE',  ( 8.589999999999994529, 10.81999999999999673, 0.1349999999999999534 ) ) ;
#3947 = VECTOR ( 'NONE', #2856, 100.0000000000000000 ) ;
#3948 = VERTEX_POINT ( 'NONE', #3479 ) ;
#3949 = EDGE_CURVE ( 'NONE', #2507, #3948, #3584, .T. ) ;
#3950 = AXIS2_PLACEMENT_3D ( 'NONE', #3389, #572, #3053 ) ;
#3951 = LINE ( 'NONE', #2774, #2768 ) ;
#3952 = ORIENTED_EDGE ( 'NONE', *, *, #2926, .F. ) ;
#3953 = PRODUCT_DEFINITION_CONTEXT ( 'detailed design', #2149, 'design' ) ;
#3954 = CIRCLE ( 'NONE', #2176, 0.3000000000000002665 ) ;
#3955 = ORIENTED_EDGE ( 'NONE', *, *, #1385, .F. ) ;
#3956 = EDGE_CURVE ( 'NONE', #1019, #732, #3200, .T. ) ;
#3957 = LINE ( 'NONE', #2385, #801 ) ;
#3958 = CARTESIAN_POINT ( 'NONE',  ( 10.99999999999999645, -10.49999999999999467, 0.3175000000000000044 ) ) ;
#3959 = EDGE_CURVE ( 'NONE', #3035, #1561, #2862, .T. ) ;
#3960 = EDGE_LOOP ( 'NONE', ( #628, #1229, #3785, #3419 ) ) ;
#3961 = LINE ( 'NONE', #796, #1861 ) ;
#3962 = ORIENTED_EDGE ( 'NONE', *, *, #1433, .F. ) ;
#3963 = EDGE_CURVE ( 'NONE', #2035, #1589, #3503, .T. ) ;
#3964 = CARTESIAN_POINT ( 'NONE',  ( -9.409999999999998366, 10.99999999999999112, 0.6350000000000000089 ) ) ;
#3965 = EDGE_CURVE ( 'NONE', #3983, #876, #1615, .T. ) ;
#3966 = ORIENTED_EDGE ( 'NONE', *, *, #3862, .F. ) ;
#3967 = DIRECTION ( 'NONE',  ( 0.000000000000000000, 0.000000000000000000, 1.000000000000000000 ) ) ;
#3968 = CARTESIAN_POINT ( 'NONE',  ( 9.409999999999996589, 10.81999999999999673, 0.1349999999999999534 ) ) ;
#3969 = VECTOR ( 'NONE', #3210, 100.0000000000000000 ) ;
#3970 = LINE ( 'NONE', #3664, #511 ) ;
#3971 = ORIENTED_EDGE ( 'NONE', *, *, #1767, .F. ) ;
#3972 = VECTOR ( 'NONE', #3979, 100.0000000000000000 ) ;
#3973 = LINE ( 'NONE', #1785, #4091 ) ;
#3974 = CARTESIAN_POINT ( 'NONE',  ( 10.20000000000000107, -9.767957166897559773, 0.1349999999999999534 ) ) ;
#3975 = LINE ( 'NONE', #767, #1666 ) ;
#3976 = AXIS2_PLACEMENT_3D ( 'NONE', #230, #2481, #2813 ) ;
#3977 = ORIENTED_EDGE ( 'NONE', *, *, #3637, .F. ) ;
#3978 = ORIENTED_EDGE ( 'NONE', *, *, #1312, .F. ) ;
#3979 = DIRECTION ( 'NONE',  ( 1.000000000000000000, 0.000000000000000000, 0.000000000000000000 ) ) ;
#3980 = CARTESIAN_POINT ( 'NONE',  ( -8.999999999999998224, -9.300000000000004263, 0.000000000000000000 ) ) ;
#3981 = ORIENTED_EDGE ( 'NONE', *, *, #1206, .F. ) ;
#3982 = DIRECTION ( 'NONE',  ( 0.8660254037844398178, 0.4999999999999980571, 0.000000000000000000 ) ) ;
#3983 = VERTEX_POINT ( 'NONE', #1012 ) ;
#3984 = LINE ( 'NONE', #508, #3425 ) ;
#3985 = ORIENTED_EDGE ( 'NONE', *, *, #2579, .T. ) ;
#3986 = CARTESIAN_POINT ( 'NONE',  ( -10.99999999999999467, 7.499999999999995559, 0.000000000000000000 ) ) ;
#3987 = CARTESIAN_POINT ( 'NONE',  ( -10.19999999999999751, 9.767957166897559773, 0.1349999999999999534 ) ) ;
#3988 = ORIENTED_EDGE ( 'NONE', *, *, #2490, .F. ) ;
#3989 = CARTESIAN_POINT ( 'NONE',  ( 9.767957166897565102, -10.19999999999999396, 0.1349999999999999534 ) ) ;
#3990 = EDGE_CURVE ( 'NONE', #1798, #515, #2524, .T. ) ;
#3991 = CARTESIAN_POINT ( 'NONE',  ( -8.999999999999996447, -9.000000000000001776, 0.000000000000000000 ) ) ;
#3992 = CARTESIAN_POINT ( 'NONE',  ( -7.470000000000000639, -7.370000000000000107, 0.000000000000000000 ) ) ;
#3993 = VERTEX_POINT ( 'NONE', #1299 ) ;
#3994 = VERTEX_POINT ( 'NONE', #3525 ) ;
#3995 = DIRECTION ( 'NONE',  ( 0.000000000000000000, 0.000000000000000000, -1.000000000000000000 ) ) ;
#3996 = CARTESIAN_POINT ( 'NONE',  ( -10.99999999999999645, -10.50000000000000178, 0.3175000000000000044 ) ) ;
#3997 = VERTEX_POINT ( 'NONE', #39 ) ;
#3998 = CARTESIAN_POINT ( 'NONE',  ( 9.409999999999996589, 10.81999999999999673, 0.1349999999999999534 ) ) ;
#3999 = ORIENTED_EDGE ( 'NONE', *, *, #2832, .F. ) ;
#4000 = DIRECTION ( 'NONE',  ( 0.000000000000000000, -1.000000000000000000, 0.000000000000000000 ) ) ;
#4001 = EDGE_LOOP ( 'NONE', ( #587, #3919, #2655, #1258 ) ) ;
#4002 = DIRECTION ( 'NONE',  ( -1.000000000000000000, 0.000000000000000000, 0.000000000000000000 ) ) ;
#4003 = DIRECTION ( 'NONE',  ( -2.726480905268065897E-16, 1.000000000000000000, -0.000000000000000000 ) ) ;
#4004 = CARTESIAN_POINT ( 'NONE',  ( -10.36499999999999666, -7.635000000000001563, 0.3175000000000000044 ) ) ;
#4005 = EDGE_CURVE ( 'NONE', #2753, #2350, #2878, .T. ) ;
#4006 = VECTOR ( 'NONE', #629, 100.0000000000000000 ) ;
#4007 = EDGE_LOOP ( 'NONE', ( #711, #1593, #619, #227 ) ) ;
#4008 = DIRECTION ( 'NONE',  ( 0.000000000000000000, 0.000000000000000000, -1.000000000000000000 ) ) ;
#4009 = PLANE ( 'NONE',  #1374 ) ;
#4010 = VECTOR ( 'NONE', #3861, 100.0000000000000142 ) ;
#4011 = CARTESIAN_POINT ( 'NONE',  ( 9.409999999999996589, 10.99999999999999645, 0.1349999999999999534 ) ) ;
#4012 = ORIENTED_EDGE ( 'NONE', *, *, #903, .F. ) ;
#4013 = EDGE_CURVE ( 'NONE', #2541, #2375, #1952, .T. ) ;
#4014 = ADVANCED_FACE ( 'NONE', ( #2563 ), #1932, .F. ) ;
#4015 = EDGE_LOOP ( 'NONE', ( #2872, #1833, #134, #376 ) ) ;
#4016 = VECTOR ( 'NONE', #3368, 100.0000000000000000 ) ;
#4017 = AXIS2_PLACEMENT_3D ( 'NONE', #3497, #1294, #1004 ) ;
#4018 = FACE_OUTER_BOUND ( 'NONE', #1815, .T. ) ;
#4019 = DIRECTION ( 'NONE',  ( 1.000000000000000000, 1.817653936845377429E-16, 0.000000000000000000 ) ) ;
#4020 = VECTOR ( 'NONE', #631, 100.0000000000000000 ) ;
#4021 = AXIS2_PLACEMENT_3D ( 'NONE', #2652, #3912, #1076 ) ;
#4022 = DIRECTION ( 'NONE',  ( 1.000000000000000000, 0.000000000000000000, 0.000000000000000000 ) ) ;
#4023 = ORIENTED_EDGE ( 'NONE', *, *, #3891, .F. ) ;
#4024 = CARTESIAN_POINT ( 'NONE',  ( -9.000000000000000000, 8.699999999999999289, 0.000000000000000000 ) ) ;
#4025 = ORIENTED_EDGE ( 'NONE', *, *, #1854, .T. ) ;
#4026 = LINE ( 'NONE', #3676, #2629 ) ;
#4027 = VERTEX_POINT ( 'NONE', #1574 ) ;
#4028 = CYLINDRICAL_SURFACE ( 'NONE', #1800, 0.3000000000000002665 ) ;
#4029 = DIRECTION ( 'NONE',  ( -0.000000000000000000, 0.000000000000000000, 1.000000000000000000 ) ) ;
#4030 = LINE ( 'NONE', #820, #647 ) ;
#4031 = ORIENTED_EDGE ( 'NONE', *, *, #45, .F. ) ;
#4032 = LINE ( 'NONE', #3078, #48 ) ;
#4033 = EDGE_CURVE ( 'NONE', #1406, #147, #146, .T. ) ;
#4034 = CARTESIAN_POINT ( 'NONE',  ( 10.69500000000000206, -7.162345244612028594, 0.3175000000000000044 ) ) ;
#4035 = ORIENTED_EDGE ( 'NONE', *, *, #2800, .F. ) ;
#4036 = AXIS2_PLACEMENT_3D ( 'NONE', #2371, #2047, #3302 ) ;
#4037 = VERTEX_POINT ( 'NONE', #3139 ) ;
#4038 = CARTESIAN_POINT ( 'NONE',  ( -8.589999999999998082, 10.99999999999999112, 0.6350000000000000089 ) ) ;
#4039 = AXIS2_PLACEMENT_3D ( 'NONE', #1621, #3566, #731 ) ;
#4040 = LINE ( 'NONE', #615, #276 ) ;
#4041 = CARTESIAN_POINT ( 'NONE',  ( -10.49999999999999467, -10.99999999999999645, 0.3175000000000000044 ) ) ;
#4042 = EDGE_LOOP ( 'NONE', ( #3809, #314, #281, #2863 ) ) ;
#4043 = EDGE_CURVE ( 'NONE', #1066, #912, #2841, .T. ) ;
#4044 = VECTOR ( 'NONE', #3398, 100.0000000000000000 ) ;
#4045 = EDGE_CURVE ( 'NONE', #3133, #442, #1596, .T. ) ;
#4046 = FACE_OUTER_BOUND ( 'NONE', #3850, .T. ) ;
#4047 = EDGE_LOOP ( 'NONE', ( #2574, #1682, #3414, #2066 ) ) ;
#4048 = DIRECTION ( 'NONE',  ( 0.000000000000000000, 0.000000000000000000, -1.000000000000000000 ) ) ;
#4049 = VERTEX_POINT ( 'NONE', #967 ) ;
#4050 = FACE_OUTER_BOUND ( 'NONE', #2396, .T. ) ;
#4051 = FACE_OUTER_BOUND ( 'NONE', #2114, .T. ) ;
#4052 = VERTEX_POINT ( 'NONE', #3185 ) ;
#4053 = LINE ( 'NONE', #38, #2241 ) ;
#4054 = DIRECTION ( 'NONE',  ( 0.000000000000000000, 1.000000000000000000, -0.000000000000000000 ) ) ;
#4055 = VERTEX_POINT ( 'NONE', #3157 ) ;
#4056 = VERTEX_POINT ( 'NONE', #1254 ) ;
#4057 = ADVANCED_FACE ( 'NONE', ( #2128 ), #4028, .F. ) ;
#4058 = CARTESIAN_POINT ( 'NONE',  ( -7.499999999999998224, 10.99999999999999645, 0.000000000000000000 ) ) ;
#4059 = DIRECTION ( 'NONE',  ( 0.000000000000000000, -1.000000000000000000, 0.000000000000000000 ) ) ;
#4060 = CARTESIAN_POINT ( 'NONE',  ( -8.999999999999994671, 8.999999999999998224, 0.000000000000000000 ) ) ;
#4061 = ORIENTED_EDGE ( 'NONE', *, *, #3572, .T. ) ;
#4062 = EDGE_CURVE ( 'NONE', #165, #2239, #3392, .T. ) ;
#4063 = CARTESIAN_POINT ( 'NONE',  ( -10.36499999999999666, 7.634999999999997122, 0.6350000000000000089 ) ) ;
#4064 = VERTEX_POINT ( 'NONE', #1524 ) ;
#4065 = DIRECTION ( 'NONE',  ( -0.4999999999999980016, 0.8660254037844397068, 0.000000000000000000 ) ) ;
#4066 = ORIENTED_EDGE ( 'NONE', *, *, #3467, .T. ) ;
#4067 = EDGE_CURVE ( 'NONE', #2620, #3409, #1234, .T. ) ;
#4068 = ADVANCED_FACE ( 'NONE', ( #3072 ), #2212, .F. ) ;
#4069 = EDGE_CURVE ( 'NONE', #551, #3270, #556, .T. ) ;
#4070 = ADVANCED_FACE ( 'NONE', ( #1903 ), #3095, .T. ) ;
#4071 = FACE_OUTER_BOUND ( 'NONE', #2268, .T. ) ;
#4072 = CARTESIAN_POINT ( 'NONE',  ( -10.49999999999999467, -10.99999999999999645, 0.6350000000000000089 ) ) ;
#4073 = LINE ( 'NONE', #928, #3282 ) ;
#4074 = CARTESIAN_POINT ( 'NONE',  ( 10.99999999999999645, -9.409999999999994813, 0.1349999999999999534 ) ) ;
#4075 = ORIENTED_EDGE ( 'NONE', *, *, #897, .T. ) ;
#4076 = EDGE_CURVE ( 'NONE', #3869, #2578, #2434, .T. ) ;
#4077 = ORIENTED_EDGE ( 'NONE', *, *, #2624, .T. ) ;
#4078 = CIRCLE ( 'NONE', #2824, 2.500000000000000888 ) ;
#4079 = DIRECTION ( 'NONE',  ( 0.000000000000000000, 0.000000000000000000, -1.000000000000000000 ) ) ;
#4080 = CARTESIAN_POINT ( 'NONE',  ( -10.99999999999999112, -9.410000000000000142, 0.6350000000000000089 ) ) ;
#4081 = AXIS2_PLACEMENT_3D ( 'NONE', #350, #3132, #1292 ) ;
#4082 = VECTOR ( 'NONE', #2559, 100.0000000000000000 ) ;
#4083 = VERTEX_POINT ( 'NONE', #264 ) ;
#4084 = VECTOR ( 'NONE', #2640, 100.0000000000000000 ) ;
#4085 = VECTOR ( 'NONE', #2220, 100.0000000000000000 ) ;
#4086 = DIRECTION ( 'NONE',  ( 1.000000000000000000, 0.000000000000000000, 0.000000000000000000 ) ) ;
#4087 = EDGE_CURVE ( 'NONE', #791, #2378, #574, .T. ) ;
#4088 = EDGE_LOOP ( 'NONE', ( #3314, #3296, #3613, #433, #3815, #290, #2901, #1161 ) ) ;
#4089 = DIRECTION ( 'NONE',  ( -1.000000000000000000, -1.817653936845377429E-16, 0.000000000000000000 ) ) ;
#4090 = ORIENTED_EDGE ( 'NONE', *, *, #2498, .T. ) ;
#4091 = VECTOR ( 'NONE', #1447, 100.0000000000000000 ) ;
ENDSEC;
END-ISO-10303-21;
