ISO-10303-21;
HEADER;
FILE_DESCRIPTION (( 'STEP AP214' ),
    '1' );
FILE_NAME ('elevated-cell_60.STEP',
    '2026-06-05T23:33:22',
    ( '' ),
    ( '' ),
    'SwSTEP 2.0',
    'SolidWorks 2023',
    '' );
FILE_SCHEMA (( 'AUTOMOTIVE_DESIGN' ));
ENDSEC;

DATA;
#1 = FACE_OUTER_BOUND ( 'NONE', #3067, .T. ) ;
#2 = CARTESIAN_POINT ( 'NONE',  ( -9.784504172281369705, 10.18999999999999595, 6.734999999999999432 ) ) ;
#3 = CARTESIAN_POINT ( 'NONE',  ( 11.00000000000000355, -7.499999999999983125, 7.234999999999999432 ) ) ;
#4 = AXIS2_PLACEMENT_3D ( 'NONE', #1072, #811, #1823 ) ;
#5 = CARTESIAN_POINT ( 'NONE',  ( 10.83000000000002672, 8.584999999999967102, 6.734999999999999432 ) ) ;
#6 = ORIENTED_EDGE ( 'NONE', *, *, #876, .T. ) ;
#7 = FACE_OUTER_BOUND ( 'NONE', #1836, .T. ) ;
#8 = AXIS2_PLACEMENT_3D ( 'NONE', #446, #480, #1256 ) ;
#9 = ORIENTED_EDGE ( 'NONE', *, *, #376, .T. ) ;
#10 = DIRECTION ( 'NONE',  ( 0.000000000000000000, 0.000000000000000000, 1.000000000000000000 ) ) ;
#11 = SURFACE_SIDE_STYLE ('',( #250 ) ) ;
#12 = VERTEX_POINT ( 'NONE', #1860 ) ;
#13 = PRODUCT_DEFINITION_SHAPE ( 'NONE', 'NONE',  #1284 ) ;
#14 = LINE ( 'NONE', #1536, #1209 ) ;
#15 = ORIENTED_EDGE ( 'NONE', *, *, #805, .T. ) ;
#16 = ORIENTED_EDGE ( 'NONE', *, *, #416, .T. ) ;
#17 = ADVANCED_FACE ( 'NONE', ( #1841 ), #2420, .F. ) ;
#18 = CARTESIAN_POINT ( 'NONE',  ( -10.85145081841683634, 10.68408308751590141, 6.451450818416739175 ) ) ;
#19 = EDGE_CURVE ( 'NONE', #3308, #471, #2324, .T. ) ;
#20 = ADVANCED_FACE ( 'NONE', ( #2141 ), #1439, .F. ) ;
#21 = EDGE_CURVE ( 'NONE', #286, #1741, #1966, .T. ) ;
#22 = LINE ( 'NONE', #2092, #1553 ) ;
#23 = ORIENTED_EDGE ( 'NONE', *, *, #2880, .F. ) ;
#24 = CARTESIAN_POINT ( 'NONE',  ( 7.799999999999999822, 8.099999999999999645, 2.174999999999999822 ) ) ;
#25 = VERTEX_POINT ( 'NONE', #2747 ) ;
#26 = DIRECTION ( 'NONE',  ( 3.486881358747459102E-16, 3.486881358747446776E-16, -1.000000000000000000 ) ) ;
#27 = FACE_OUTER_BOUND ( 'NONE', #105, .T. ) ;
#28 = ORIENTED_EDGE ( 'NONE', *, *, #2517, .T. ) ;
#29 = AXIS2_PLACEMENT_3D ( 'NONE', #39, #1809, #762 ) ;
#30 = DIRECTION ( 'NONE',  ( -0.7071067811865439090, 0.000000000000000000, 0.7071067811865512365 ) ) ;
#31 = AXIS2_PLACEMENT_3D ( 'NONE', #3174, #3195, #904 ) ;
#32 = VECTOR ( 'NONE', #1671, 100.0000000000000000 ) ;
#33 = VECTOR ( 'NONE', #1689, 100.0000000000000000 ) ;
#34 = ORIENTED_EDGE ( 'NONE', *, *, #3088, .F. ) ;
#35 = AXIS2_PLACEMENT_3D ( 'NONE', #915, #3154, #2902 ) ;
#36 = VECTOR ( 'NONE', #387, 100.0000000000000000 ) ;
#37 = ORIENTED_EDGE ( 'NONE', *, *, #3002, .F. ) ;
#38 = PRODUCT_DEFINITION_CONTEXT ( 'detailed design', #2296, 'design' ) ;
#39 = CARTESIAN_POINT ( 'NONE',  ( -7.799999999999998934, 7.800000000000001599, 2.174999999999999822 ) ) ;
#40 = EDGE_CURVE ( 'NONE', #50, #2055, #911, .T. ) ;
#41 = DIRECTION ( 'NONE',  ( 0.000000000000000000, 0.000000000000000000, 1.000000000000000000 ) ) ;
#42 = EDGE_CURVE ( 'NONE', #3142, #1767, #394, .T. ) ;
#43 = VERTEX_POINT ( 'NONE', #1479 ) ;
#44 = DIRECTION ( 'NONE',  ( 0.000000000000000000, 0.000000000000000000, 1.000000000000000000 ) ) ;
#45 = ORIENTED_EDGE ( 'NONE', *, *, #821, .F. ) ;
#46 = DIRECTION ( 'NONE',  ( 1.000000000000000000, 0.000000000000000000, 0.000000000000000000 ) ) ;
#47 = LINE ( 'NONE', #3120, #2438 ) ;
#48 = ORIENTED_EDGE ( 'NONE', *, *, #1693, .T. ) ;
#49 = CARTESIAN_POINT ( 'NONE',  ( -11.00000000000000355, 7.499999999999983125, 7.234999999999999432 ) ) ;
#50 = VERTEX_POINT ( 'NONE', #2246 ) ;
#51 = ORIENTED_EDGE ( 'NONE', *, *, #1968, .F. ) ;
#52 = ADVANCED_FACE ( 'NONE', ( #210 ), #1407, .F. ) ;
#53 =( BOUNDED_CURVE ( )  B_SPLINE_CURVE ( 3, ( #2606, #1080, #333, #1329 ),
 .UNSPECIFIED., .F., .F. ) 
 B_SPLINE_CURVE_WITH_KNOTS ( ( 4, 4 ),
 ( 5.497787143782160157, 5.639684198386337499 ),
 .UNSPECIFIED. ) 
 CURVE ( )  GEOMETRIC_REPRESENTATION_ITEM ( )  RATIONAL_B_SPLINE_CURVE ( ( 1.000000000000000000, 0.9983228058750945877, 0.9983228058750945877, 1.000000000000000000 ) ) 
 REPRESENTATION_ITEM ( '' )  );
#54 = PLANE ( 'NONE',  #1040 ) ;
#55 = LINE ( 'NONE', #2363, #1871 ) ;
#56 = ORIENTED_EDGE ( 'NONE', *, *, #721, .F. ) ;
#57 = DIRECTION ( 'NONE',  ( 0.5000000000000059952, 0.8660254037844350439, 0.000000000000000000 ) ) ;
#58 = DIRECTION ( 'NONE',  ( -0.8660254037844359321, 0.5000000000000046629, 0.000000000000000000 ) ) ;
#59 = CARTESIAN_POINT ( 'NONE',  ( -9.415000000000111058, -10.82999999999990415, 6.734999999999999432 ) ) ;
#60 = VERTEX_POINT ( 'NONE', #3233 ) ;
#61 = VECTOR ( 'NONE', #377, 100.0000000000000000 ) ;
#62 = DIRECTION ( 'NONE',  ( -0.5000000000000046629, 0.8660254037844359321, 0.000000000000000000 ) ) ;
#63 = EDGE_CURVE ( 'NONE', #555, #1087, #2415, .T. ) ;
#64 = EDGE_CURVE ( 'NONE', #1558, #1641, #662, .T. ) ;
#65 = ORIENTED_EDGE ( 'NONE', *, *, #2675, .T. ) ;
#66 = EDGE_LOOP ( 'NONE', ( #2202, #1519, #1589, #1819, #583, #201 ) ) ;
#67 = PLANE ( 'NONE',  #3093 ) ;
#68 = LINE ( 'NONE', #87, #725 ) ;
#69 = CARTESIAN_POINT ( 'NONE',  ( 8.215495827718667599, 10.18999999999997463, 6.734999999999999432 ) ) ;
#70 = ORIENTED_EDGE ( 'NONE', *, *, #1988, .F. ) ;
#71 = CARTESIAN_POINT ( 'NONE',  ( 0.000000000000000000, 0.000000000000000000, 6.734999999999999432 ) ) ;
#72 = CYLINDRICAL_SURFACE ( 'NONE', #2703, 2.499999999999999556 ) ;
#73 = DIRECTION ( 'NONE',  ( 1.047444401652940007E-14, 1.000000000000000000, 0.000000000000000000 ) ) ;
#74 = ORIENTED_EDGE ( 'NONE', *, *, #2541, .T. ) ;
#75 = CARTESIAN_POINT ( 'NONE',  ( 11.00000000000009770, 10.49999999999997335, 6.600000000000000533 ) ) ;
#76 = ORIENTED_EDGE ( 'NONE', *, *, #303, .F. ) ;
#77 = CARTESIAN_POINT ( 'NONE',  ( -10.83000000000000362, 9.414999999999997371, 7.234999999999999432 ) ) ;
#78 = EDGE_CURVE ( 'NONE', #2269, #2414, #461, .T. ) ;
#79 = VERTEX_POINT ( 'NONE', #192 ) ;
#80 = LINE ( 'NONE', #2608, #2393 ) ;
#81 = EDGE_CURVE ( 'NONE', #1291, #2373, #1459, .T. ) ;
#82 = VECTOR ( 'NONE', #1173, 100.0000000000000000 ) ;
#83 = AXIS2_PLACEMENT_3D ( 'NONE', #207, #1010, #1996 ) ;
#84 = VECTOR ( 'NONE', #3019, 100.0000000000000000 ) ;
#85 = VERTEX_POINT ( 'NONE', #2212 ) ;
#86 = VECTOR ( 'NONE', #2465, 100.0000000000000000 ) ;
#87 = CARTESIAN_POINT ( 'NONE',  ( 9.415000000000002700, -10.99999999999999645, 6.734999999999999432 ) ) ;
#88 = PLANE ( 'NONE',  #1772 ) ;
#89 = ORIENTED_EDGE ( 'NONE', *, *, #894, .F. ) ;
#90 = LINE ( 'NONE', #2142, #1096 ) ;
#91 = VECTOR ( 'NONE', #2520, 100.0000000000000000 ) ;
#92 = LINE ( 'NONE', #978, #1786 ) ;
#93 = CARTESIAN_POINT ( 'NONE',  ( 10.19000000000000306, -8.215495827718632071, 6.734999999999999432 ) ) ;
#94 = ORIENTED_EDGE ( 'NONE', *, *, #2784, .T. ) ;
#95 = DIRECTION ( 'NONE',  ( -1.000000000000000000, 1.029267862284486287E-14, -0.000000000000000000 ) ) ;
#96 = ORIENTED_EDGE ( 'NONE', *, *, #2437, .F. ) ;
#97 = CARTESIAN_POINT ( 'NONE',  ( 11.00000000000000355, -8.584999999999997300, 6.734999999999999432 ) ) ;
#98 = ADVANCED_FACE ( 'NONE', ( #1726 ), #1982, .T. ) ;
#99 = AXIS2_PLACEMENT_3D ( 'NONE', #3036, #761, #1257 ) ;
#100 = VERTEX_POINT ( 'NONE', #3215 ) ;
#101 = CARTESIAN_POINT ( 'NONE',  ( -10.68408308751587654, 10.85145081841685943, 6.451450818416725852 ) ) ;
#102 = ORIENTED_EDGE ( 'NONE', *, *, #1669, .T. ) ;
#103 = DIRECTION ( 'NONE',  ( 0.000000000000000000, 0.000000000000000000, -1.000000000000000000 ) ) ;
#104 = CARTESIAN_POINT ( 'NONE',  ( 7.635000000000004228, -10.99999999999999645, 7.234999999999999432 ) ) ;
#105 = EDGE_LOOP ( 'NONE', ( #1879, #2011, #820, #2099 ) ) ;
#106 = DIRECTION ( 'NONE',  ( 0.000000000000000000, -0.000000000000000000, 1.000000000000000000 ) ) ;
#107 = FACE_OUTER_BOUND ( 'NONE', #1921, .T. ) ;
#108 = LINE ( 'NONE', #1395, #2357 ) ;
#109 = ORIENTED_EDGE ( 'NONE', *, *, #1989, .T. ) ;
#110 = DIRECTION ( 'NONE',  ( -0.000000000000000000, 0.000000000000000000, 1.000000000000000000 ) ) ;
#111 = ORIENTED_EDGE ( 'NONE', *, *, #2637, .F. ) ;
#112 = AXIS2_PLACEMENT_3D ( 'NONE', #2434, #1709, #1425 ) ;
#113 = FACE_OUTER_BOUND ( 'NONE', #558, .T. ) ;
#114 = VECTOR ( 'NONE', #1241, 100.0000000000000000 ) ;
#115 = DIRECTION ( 'NONE',  ( -0.000000000000000000, 0.000000000000000000, 1.000000000000000000 ) ) ;
#116 = ORIENTED_EDGE ( 'NONE', *, *, #3047, .T. ) ;
#117 = LINE ( 'NONE', #2695, #36 ) ;
#118 = ORIENTED_EDGE ( 'NONE', *, *, #241, .F. ) ;
#119 = DIRECTION ( 'NONE',  ( -3.486881358747459102E-16, 3.486881358747471428E-16, -1.000000000000000000 ) ) ;
#120 = DIRECTION ( 'NONE',  ( -3.309715945158595366E-15, -1.000000000000000000, 0.000000000000000000 ) ) ;
#121 = ADVANCED_FACE ( 'NONE', ( #1997 ), #3014, .F. ) ;
#122 = VERTEX_POINT ( 'NONE', #2178 ) ;
#123 = PLANE ( 'NONE',  #136 ) ;
#124 = EDGE_CURVE ( 'NONE', #213, #3189, #2233, .T. ) ;
#125 = EDGE_CURVE ( 'NONE', #900, #2057, #3201, .T. ) ;
#126 = FACE_OUTER_BOUND ( 'NONE', #3041, .T. ) ;
#127 = ORIENTED_EDGE ( 'NONE', *, *, #42, .F. ) ;
#128 = CARTESIAN_POINT ( 'NONE',  ( -7.799999999999998934, 7.500000000000000888, 0.000000000000000000 ) ) ;
#129 = ORIENTED_EDGE ( 'NONE', *, *, #1716, .T. ) ;
#130 = CARTESIAN_POINT ( 'NONE',  ( 10.19000000000000306, -8.215495827718632071, 6.734999999999999432 ) ) ;
#131 = DIRECTION ( 'NONE',  ( 0.000000000000000000, -1.000000000000000000, 0.000000000000000000 ) ) ;
#132 = ORIENTED_EDGE ( 'NONE', *, *, #2741, .T. ) ;
#133 = DIRECTION ( 'NONE',  ( 0.4999999999999956146, -0.8660254037844411501, 0.000000000000000000 ) ) ;
#134 = ORIENTED_EDGE ( 'NONE', *, *, #3101, .T. ) ;
#135 = DIRECTION ( 'NONE',  ( -3.491481338843133355E-15, -1.000000000000000000, 0.000000000000000000 ) ) ;
#136 = AXIS2_PLACEMENT_3D ( 'NONE', #71, #106, #2421 ) ;
#137 = VECTOR ( 'NONE', #2035, 100.0000000000000000 ) ;
#138 = VECTOR ( 'NONE', #636, 100.0000000000000000 ) ;
#139 = VECTOR ( 'NONE', #1814, 100.0000000000000000 ) ;
#140 = EDGE_CURVE ( 'NONE', #552, #499, #2948, .T. ) ;
#141 = FACE_OUTER_BOUND ( 'NONE', #786, .T. ) ;
#142 = CARTESIAN_POINT ( 'NONE',  ( -7.635000000000006892, 25.63499999999999801, 7.234999999999999432 ) ) ;
#143 = EDGE_CURVE ( 'NONE', #12, #1002, #413, .T. ) ;
#144 = CARTESIAN_POINT ( 'NONE',  ( -10.19000000000000306, 9.784504172281362600, 6.734999999999999432 ) ) ;
#145 = AXIS2_PLACEMENT_3D ( 'NONE', #804, #1817, #1581 ) ;
#146 = CARTESIAN_POINT ( 'NONE',  ( 7.799999999999999822, 7.500000000000000000, 2.174999999999999822 ) ) ;
#147 = VERTEX_POINT ( 'NONE', #949 ) ;
#148 = CARTESIAN_POINT ( 'NONE',  ( 7.799999999999999822, -7.799999999999999822, 2.174999999999999822 ) ) ;
#149 = ORIENTED_EDGE ( 'NONE', *, *, #679, .T. ) ;
#150 = DIRECTION ( 'NONE',  ( 0.000000000000000000, 0.000000000000000000, 1.000000000000000000 ) ) ;
#151 = ORIENTED_EDGE ( 'NONE', *, *, #2396, .T. ) ;
#152 = DIRECTION ( 'NONE',  ( 0.000000000000000000, 1.000000000000000000, 0.000000000000000000 ) ) ;
#153 = ORIENTED_EDGE ( 'NONE', *, *, #970, .T. ) ;
#154 = CARTESIAN_POINT ( 'NONE',  ( -7.634999999999993570, -25.63499999999999801, 6.917500000000000426 ) ) ;
#155 = EDGE_CURVE ( 'NONE', #122, #2750, #1945, .T. ) ;
#156 = CARTESIAN_POINT ( 'NONE',  ( 8.215495827718639177, -10.18999999999999595, 7.234999999999999432 ) ) ;
#157 = CARTESIAN_POINT ( 'NONE',  ( -7.500000000000098588, -10.99999999999992362, 7.234999999999999432 ) ) ;
#158 = CARTESIAN_POINT ( 'NONE',  ( -9.415000000000002700, 10.82999999999999652, 7.234999999999999432 ) ) ;
#159 = DIRECTION ( 'NONE',  ( 0.000000000000000000, 0.000000000000000000, 1.000000000000000000 ) ) ;
#160 = ORIENTED_EDGE ( 'NONE', *, *, #1606, .F. ) ;
#161 = FACE_BOUND ( 'NONE', #311, .T. ) ;
#162 = ORIENTED_EDGE ( 'NONE', *, *, #2786, .F. ) ;
#163 = CARTESIAN_POINT ( 'NONE',  ( 11.00000000000009948, 8.379999999999963478, 0.000000000000000000 ) ) ;
#164 = FACE_OUTER_BOUND ( 'NONE', #2538, .T. ) ;
#165 = ADVANCED_FACE ( 'NONE', ( #1524 ), #587, .T. ) ;
#166 = ORIENTED_EDGE ( 'NONE', *, *, #856, .F. ) ;
#167 = LINE ( 'NONE', #2154, #1477 ) ;
#168 = ADVANCED_FACE ( 'NONE', ( #1100 ), #3283, .T. ) ;
#169 = EDGE_CURVE ( 'NONE', #2796, #43, #80, .T. ) ;
#170 = VECTOR ( 'NONE', #1777, 100.0000000000000000 ) ;
#171 = EDGE_CURVE ( 'NONE', #2656, #2208, #3049, .T. ) ;
#172 = ORIENTED_EDGE ( 'NONE', *, *, #559, .F. ) ;
#173 = CIRCLE ( 'NONE', #2891, 2.499999999999999556 ) ;
#174 = CARTESIAN_POINT ( 'NONE',  ( -11.00000000000009770, 10.49999999999998224, 6.600000000000000533 ) ) ;
#175 = CARTESIAN_POINT ( 'NONE',  ( 7.635000000000004228, -10.36499999999999311, 6.917500000000000426 ) ) ;
#176 = CARTESIAN_POINT ( 'NONE',  ( 7.635000000000006892, -25.63499999999999801, 7.234999999999999432 ) ) ;
#177 = CARTESIAN_POINT ( 'NONE',  ( 11.00000000000009948, 8.379999999999961702, 3.979999999999877414 ) ) ;
#178 = CARTESIAN_POINT ( 'NONE',  ( -10.19000000000000306, 8.215495827718632071, 6.734999999999999432 ) ) ;
#179 = CARTESIAN_POINT ( 'NONE',  ( -8.585000000000112763, -10.99999999999991296, 7.234999999999999432 ) ) ;
#180 = EDGE_LOOP ( 'NONE', ( #3247, #2294 ) ) ;
#181 = CARTESIAN_POINT ( 'NONE',  ( 0.000000000000000000, 0.000000000000000000, 0.000000000000000000 ) ) ;
#182 = ORIENTED_EDGE ( 'NONE', *, *, #1138, .T. ) ;
#183 = LINE ( 'NONE', #2082, #139 ) ;
#184 = ORIENTED_EDGE ( 'NONE', *, *, #2176, .F. ) ;
#185 = CARTESIAN_POINT ( 'NONE',  ( 7.799999999999999822, 7.799999999999999822, 2.174999999999999822 ) ) ;
#186 = EDGE_CURVE ( 'NONE', #1087, #555, #1373, .T. ) ;
#187 = EDGE_CURVE ( 'NONE', #85, #718, #2558, .T. ) ;
#188 = ORIENTED_EDGE ( 'NONE', *, *, #1980, .T. ) ;
#189 = FACE_OUTER_BOUND ( 'NONE', #2273, .T. ) ;
#190 = DIRECTION ( 'NONE',  ( 0.000000000000000000, 1.000000000000000000, 0.000000000000000000 ) ) ;
#191 = VECTOR ( 'NONE', #697, 100.0000000000000000 ) ;
#192 = CARTESIAN_POINT ( 'NONE',  ( 9.000000000000001776, -9.299999999999997158, 5.234999999999999432 ) ) ;
#193 = LINE ( 'NONE', #2701, #674 ) ;
#194 = VECTOR ( 'NONE', #1500, 100.0000000000000000 ) ;
#195 = AXIS2_PLACEMENT_3D ( 'NONE', #1625, #2603, #1845 ) ;
#196 = AXIS2_PLACEMENT_3D ( 'NONE', #3220, #1751, #434 ) ;
#197 = PLANE ( 'NONE',  #2577 ) ;
#198 = VERTEX_POINT ( 'NONE', #256 ) ;
#199 = CARTESIAN_POINT ( 'NONE',  ( -11.00000000000008527, -8.584999999999887166, 7.234999999999999432 ) ) ;
#200 = AXIS2_PLACEMENT_3D ( 'NONE', #3109, #62, #1805 ) ;
#201 = ORIENTED_EDGE ( 'NONE', *, *, #2430, .F. ) ;
#202 = LINE ( 'NONE', #472, #1421 ) ;
#203 = DIRECTION ( 'NONE',  ( 3.491481338843132961E-15, 1.000000000000000000, 0.000000000000000000 ) ) ;
#204 = ORIENTED_EDGE ( 'NONE', *, *, #3219, .T. ) ;
#205 = CARTESIAN_POINT ( 'NONE',  ( -10.83000000000000362, 9.414999999999997371, 6.734999999999999432 ) ) ;
#206 = ORIENTED_EDGE ( 'NONE', *, *, #854, .T. ) ;
#207 = CARTESIAN_POINT ( 'NONE',  ( -9.000000000000001776, 8.999999999999996447, 5.234999999999999432 ) ) ;
#208 = DIRECTION ( 'NONE',  ( -1.817653936845376936E-16, 1.000000000000000000, 0.000000000000000000 ) ) ;
#209 = EDGE_CURVE ( 'NONE', #2204, #1279, #2121, .T. ) ;
#210 = FACE_OUTER_BOUND ( 'NONE', #599, .T. ) ;
#211 = CARTESIAN_POINT ( 'NONE',  ( -7.634999999999996234, -10.99999999999999645, 6.917500000000000426 ) ) ;
#212 = CARTESIAN_POINT ( 'NONE',  ( 10.83000000000002672, 8.584999999999967102, 6.734999999999999432 ) ) ;
#213 = VERTEX_POINT ( 'NONE', #337 ) ;
#214 = DIRECTION ( 'NONE',  ( 0.000000000000000000, 0.000000000000000000, 1.000000000000000000 ) ) ;
#215 = ORIENTED_EDGE ( 'NONE', *, *, #1007, .F. ) ;
#216 = CARTESIAN_POINT ( 'NONE',  ( 8.585000000000004405, -10.82999999999999652, 7.234999999999999432 ) ) ;
#217 = DIRECTION ( 'NONE',  ( 1.000000000000000000, -1.047444401652940007E-14, 0.000000000000000000 ) ) ;
#218 = ORIENTED_EDGE ( 'NONE', *, *, #1668, .T. ) ;
#219 = CARTESIAN_POINT ( 'NONE',  ( 11.00000000000010125, 11.00000000000006217, 6.600000000000004086 ) ) ;
#220 = ORIENTED_EDGE ( 'NONE', *, *, #682, .F. ) ;
#221 = DIRECTION ( 'NONE',  ( -1.047444401652940007E-14, -1.000000000000000000, 0.000000000000000000 ) ) ;
#222 = VECTOR ( 'NONE', #1695, 100.0000000000000000 ) ;
#223 = CARTESIAN_POINT ( 'NONE',  ( -8.215495827718738653, -10.18999999999991779, 7.234999999999999432 ) ) ;
#224 = PLANE ( 'NONE',  #99 ) ;
#225 = LINE ( 'NONE', #158, #2548 ) ;
#226 = ADVANCED_FACE ( 'NONE', ( #2263 ), #224, .T. ) ;
#227 = CARTESIAN_POINT ( 'NONE',  ( 9.000000000000028422, 8.699999999999970868, 5.234999999999999432 ) ) ;
#228 = EDGE_CURVE ( 'NONE', #1956, #2770, #2782, .T. ) ;
#229 = ORIENTED_EDGE ( 'NONE', *, *, #924, .F. ) ;
#230 = DIRECTION ( 'NONE',  ( 0.000000000000000000, 0.000000000000000000, 1.000000000000000000 ) ) ;
#231 = ORIENTED_EDGE ( 'NONE', *, *, #405, .T. ) ;
#232 = CARTESIAN_POINT ( 'NONE',  ( 7.799999999999999822, 7.799999999999999822, 0.000000000000000000 ) ) ;
#233 = CARTESIAN_POINT ( 'NONE',  ( -8.380000000000000782, 10.99999999999999645, 3.979999999999877414 ) ) ;
#234 = EDGE_LOOP ( 'NONE', ( #1732, #2337, #2765, #127 ) ) ;
#235 = CARTESIAN_POINT ( 'NONE',  ( -10.19000000000009898, -9.784504172281263124, 7.234999999999999432 ) ) ;
#236 = VERTEX_POINT ( 'NONE', #1011 ) ;
#237 = FACE_OUTER_BOUND ( 'NONE', #1990, .T. ) ;
#238 = DIRECTION ( 'NONE',  ( -1.000000000000000000, 0.000000000000000000, 0.000000000000000000 ) ) ;
#239 = DIRECTION ( 'NONE',  ( 0.000000000000000000, 1.000000000000000000, 0.000000000000000000 ) ) ;
#240 = LINE ( 'NONE', #3050, #1788 ) ;
#241 = EDGE_CURVE ( 'NONE', #1464, #471, #1789, .T. ) ;
#242 = CARTESIAN_POINT ( 'NONE',  ( 9.415000000000034674, 10.82999999999996987, 6.734999999999999432 ) ) ;
#243 = ORIENTED_EDGE ( 'NONE', *, *, #269, .F. ) ;
#244 = CARTESIAN_POINT ( 'NONE',  ( -10.19000000000000306, 9.784504172281362600, 6.734999999999999432 ) ) ;
#245 = AXIS2_PLACEMENT_3D ( 'NONE', #1983, #1727, #1211 ) ;
#246 = AXIS2_PLACEMENT_3D ( 'NONE', #1518, #1486, #1035 ) ;
#247 = ORIENTED_EDGE ( 'NONE', *, *, #2501, .T. ) ;
#248 = AXIS2_PLACEMENT_3D ( 'NONE', #181, #2509, #1730 ) ;
#249 = DIRECTION ( 'NONE',  ( -1.000000000000000000, 3.491481338843133355E-15, -0.000000000000000000 ) ) ;
#250 = SURFACE_STYLE_FILL_AREA ( #1992 ) ;
#251 = EDGE_LOOP ( 'NONE', ( #1271, #868, #3169, #790 ) ) ;
#252 = DIRECTION ( 'NONE',  ( -0.000000000000000000, 0.000000000000000000, 1.000000000000000000 ) ) ;
#253 = ORIENTED_EDGE ( 'NONE', *, *, #1942, .F. ) ;
#254 = AXIS2_PLACEMENT_3D ( 'NONE', #2940, #1184, #2205 ) ;
#255 = DIRECTION ( 'NONE',  ( -1.000000000000000000, 1.047444401652940007E-14, 0.000000000000000000 ) ) ;
#256 = CARTESIAN_POINT ( 'NONE',  ( 10.83000000000000362, -8.584999999999997300, 6.734999999999999432 ) ) ;
#257 = CARTESIAN_POINT ( 'NONE',  ( -8.215495827718639177, 10.18999999999999595, 6.734999999999999432 ) ) ;
#258 = CARTESIAN_POINT ( 'NONE',  ( -10.19000000000009898, -9.784504172281263124, 6.734999999999999432 ) ) ;
#259 = ORIENTED_EDGE ( 'NONE', *, *, #1731, .T. ) ;
#260 = DIRECTION ( 'NONE',  ( -0.8660254037844333785, 0.5000000000000089928, 0.000000000000000000 ) ) ;
#261 = ORIENTED_EDGE ( 'NONE', *, *, #2869, .F. ) ;
#262 = CARTESIAN_POINT ( 'NONE',  ( -10.83000000000000362, 8.584999999999997300, 7.234999999999999432 ) ) ;
#263 = CARTESIAN_POINT ( 'NONE',  ( -8.215495827718639177, 10.18999999999999595, 6.734999999999999432 ) ) ;
#264 = VERTEX_POINT ( 'NONE', #496 ) ;
#265 = LINE ( 'NONE', #2617, #2279 ) ;
#266 = ADVANCED_FACE ( 'NONE', ( #2016 ), #67, .F. ) ;
#267 = EDGE_CURVE ( 'NONE', #2922, #1291, #851, .T. ) ;
#268 = ORIENTED_EDGE ( 'NONE', *, *, #970, .F. ) ;
#269 = EDGE_CURVE ( 'NONE', #3189, #2656, #776, .T. ) ;
#270 = EDGE_CURVE ( 'NONE', #3106, #1282, #2767, .T. ) ;
#271 = ORIENTED_EDGE ( 'NONE', *, *, #3128, .T. ) ;
#272 = CARTESIAN_POINT ( 'NONE',  ( 10.83000000000000362, -9.414999999999997371, 7.234999999999999432 ) ) ;
#273 = EDGE_CURVE ( 'NONE', #625, #1956, #510, .T. ) ;
#274 = AXIS2_PLACEMENT_3D ( 'NONE', #2749, #1529, #3240 ) ;
#275 = CARTESIAN_POINT ( 'NONE',  ( 10.83000000000000362, -9.414999999999997371, 7.234999999999999432 ) ) ;
#276 = EDGE_LOOP ( 'NONE', ( #2734, #1911, #1780, #2576 ) ) ;
#277 = PLANE ( 'NONE',  #521 ) ;
#278 = VECTOR ( 'NONE', #208, 100.0000000000000000 ) ;
#279 = ORIENTED_EDGE ( 'NONE', *, *, #2351, .T. ) ;
#280 = LINE ( 'NONE', #262, #3077 ) ;
#281 = DIRECTION ( 'NONE',  ( 1.047444401652940007E-14, 1.000000000000000000, -3.486881358747459102E-16 ) ) ;
#282 = ORIENTED_EDGE ( 'NONE', *, *, #1968, .T. ) ;
#283 = DIRECTION ( 'NONE',  ( -0.5000000000000059952, -0.8660254037844350439, 0.000000000000000000 ) ) ;
#284 = ORIENTED_EDGE ( 'NONE', *, *, #2565, .F. ) ;
#285 = EDGE_CURVE ( 'NONE', #1368, #213, #481, .T. ) ;
#286 = VERTEX_POINT ( 'NONE', #2103 ) ;
#287 = CARTESIAN_POINT ( 'NONE',  ( -10.19000000000009898, -9.784504172281263124, 6.734999999999999432 ) ) ;
#288 = CARTESIAN_POINT ( 'NONE',  ( -10.19000000000000306, 9.784504172281362600, 6.734999999999999432 ) ) ;
#289 = ORIENTED_EDGE ( 'NONE', *, *, #965, .T. ) ;
#290 = CARTESIAN_POINT ( 'NONE',  ( -8.215495827718639177, 10.18999999999999595, 6.734999999999999432 ) ) ;
#291 = ORIENTED_EDGE ( 'NONE', *, *, #557, .T. ) ;
#292 = DIRECTION ( 'NONE',  ( -3.491481338843133355E-15, -1.000000000000000000, 0.000000000000000000 ) ) ;
#293 = DIRECTION ( 'NONE',  ( -1.047444401652940007E-14, -1.000000000000000000, 0.000000000000000000 ) ) ;
#294 = ORIENTED_EDGE ( 'NONE', *, *, #2042, .F. ) ;
#295 = LINE ( 'NONE', #49, #2599 ) ;
#296 = VECTOR ( 'NONE', #255, 100.0000000000000000 ) ;
#297 = ADVANCED_FACE ( 'NONE', ( #3126 ), #838, .F. ) ;
#298 = VECTOR ( 'NONE', #2674, 100.0000000000000000 ) ;
#299 = CIRCLE ( 'NONE', #2167, 0.3000000000000002665 ) ;
#300 = VERTEX_POINT ( 'NONE', #1884 ) ;
#301 = AXIS2_PLACEMENT_3D ( 'NONE', #1880, #611, #1397 ) ;
#302 = VECTOR ( 'NONE', #1419, 100.0000000000000000 ) ;
#303 = EDGE_CURVE ( 'NONE', #1703, #1450, #317, .T. ) ;
#304 = EDGE_LOOP ( 'NONE', ( #279, #2567, #812, #2451 ) ) ;
#305 = UNCERTAINTY_MEASURE_WITH_UNIT (LENGTH_MEASURE( 1.000000000000000082E-05 ), #460, 'distance_accuracy_value', 'NONE');
#306 = CARTESIAN_POINT ( 'NONE',  ( -10.85145081841690384, -10.68408308751583391, 6.451450818416806676 ) ) ;
#307 = EDGE_CURVE ( 'NONE', #896, #921, #621, .T. ) ;
#308 = FACE_OUTER_BOUND ( 'NONE', #1952, .T. ) ;
#309 = EDGE_CURVE ( 'NONE', #1632, #2026, #1651, .T. ) ;
#310 = ADVANCED_FACE ( 'NONE', ( #2663 ), #2188, .F. ) ;
#311 = EDGE_LOOP ( 'NONE', ( #2508, #3290 ) ) ;
#312 = CARTESIAN_POINT ( 'NONE',  ( 8.215495827718667599, 10.18999999999997463, 6.734999999999999432 ) ) ;
#313 = FACE_OUTER_BOUND ( 'NONE', #1298, .T. ) ;
#314 = DIRECTION ( 'NONE',  ( 1.000000000000000000, -3.491481338843133355E-15, 0.000000000000000000 ) ) ;
#315 = ORIENTED_EDGE ( 'NONE', *, *, #557, .F. ) ;
#316 = DIRECTION ( 'NONE',  ( 0.000000000000000000, 1.000000000000000000, -0.000000000000000000 ) ) ;
#317 = CIRCLE ( 'NONE', #1644, 0.3000000000000002665 ) ;
#318 = EDGE_CURVE ( 'NONE', #2579, #2739, #1907, .T. ) ;
#319 = ORIENTED_EDGE ( 'NONE', *, *, #2853, .T. ) ;
#320 = CARTESIAN_POINT ( 'NONE',  ( 7.799999999999999822, -7.799999999999999822, 2.174999999999999822 ) ) ;
#321 = VERTEX_POINT ( 'NONE', #2907 ) ;
#322 = DIRECTION ( 'NONE',  ( 3.486881358747459102E-16, 3.486881358747423110E-16, 1.000000000000000000 ) ) ;
#323 = PLANE ( 'NONE',  #4 ) ;
#324 = ORIENTED_EDGE ( 'NONE', *, *, #854, .F. ) ;
#325 = LINE ( 'NONE', #395, #2498 ) ;
#326 = VECTOR ( 'NONE', #345, 100.0000000000000000 ) ;
#327 = EDGE_CURVE ( 'NONE', #985, #3258, #2338, .T. ) ;
#328 = ADVANCED_FACE ( 'NONE', ( #371 ), #1869, .F. ) ;
#329 = LINE ( 'NONE', #1892, #2063 ) ;
#330 = LINE ( 'NONE', #1358, #2857 ) ;
#331 = VERTEX_POINT ( 'NONE', #887 ) ;
#332 = AXIS2_PLACEMENT_3D ( 'NONE', #2139, #628, #855 ) ;
#333 = CARTESIAN_POINT ( 'NONE',  ( 10.59467748597740311, -10.92899188551695211, 6.528991885516745697 ) ) ;
#334 = ORIENTED_EDGE ( 'NONE', *, *, #1075, .T. ) ;
#335 = DIRECTION ( 'NONE',  ( 3.491481338843133355E-15, 1.000000000000000000, 0.000000000000000000 ) ) ;
#336 = ORIENTED_EDGE ( 'NONE', *, *, #228, .T. ) ;
#337 = CARTESIAN_POINT ( 'NONE',  ( 8.585000000000002629, -10.99999999999999645, 7.234999999999999432 ) ) ;
#338 = VERTEX_POINT ( 'NONE', #352 ) ;
#339 = LINE ( 'NONE', #3178, #1570 ) ;
#340 = CARTESIAN_POINT ( 'NONE',  ( -9.415000000000111058, -10.82999999999990415, 6.734999999999999432 ) ) ;
#341 = ORIENTED_EDGE ( 'NONE', *, *, #1246, .F. ) ;
#342 = DIRECTION ( 'NONE',  ( -1.000000000000000000, 3.491481338843133355E-15, 0.000000000000000000 ) ) ;
#343 = EDGE_CURVE ( 'NONE', #1723, #264, #671, .T. ) ;
#344 = CARTESIAN_POINT ( 'NONE',  ( 11.00000000000009770, -10.49999999999998401, 6.600000000000000533 ) ) ;
#345 = DIRECTION ( 'NONE',  ( 0.000000000000000000, 0.000000000000000000, 1.000000000000000000 ) ) ;
#346 = ORIENTED_EDGE ( 'NONE', *, *, #2683, .T. ) ;
#347 = DIRECTION ( 'NONE',  ( 0.000000000000000000, 0.000000000000000000, 1.000000000000000000 ) ) ;
#348 = ORIENTED_EDGE ( 'NONE', *, *, #2206, .T. ) ;
#349 = CARTESIAN_POINT ( 'NONE',  ( 11.00000000000002487, 8.584999999999963549, 6.734999999999999432 ) ) ;
#350 = EDGE_LOOP ( 'NONE', ( #931, #1430, #1155, #1267 ) ) ;
#351 = VECTOR ( 'NONE', #1249, 100.0000000000000000 ) ;
#352 = CARTESIAN_POINT ( 'NONE',  ( 9.415000000000036451, 10.99999999999996980, 7.234999999999999432 ) ) ;
#353 = VECTOR ( 'NONE', #2610, 100.0000000000000000 ) ;
#354 = CIRCLE ( 'NONE', #2379, 0.3000000000000002665 ) ;
#355 = VECTOR ( 'NONE', #2735, 100.0000000000000000 ) ;
#356 = EDGE_LOOP ( 'NONE', ( #1242, #2527 ) ) ;
#357 = EDGE_CURVE ( 'NONE', #648, #2019, #922, .T. ) ;
#358 = AXIS2_PLACEMENT_3D ( 'NONE', #3197, #2643, #3159 ) ;
#359 = CARTESIAN_POINT ( 'NONE',  ( -7.799999999999999822, -8.099999999999999645, 2.174999999999999822 ) ) ;
#360 = CARTESIAN_POINT ( 'NONE',  ( 10.36500000000001975, 7.634999999999967812, 6.917500000000000426 ) ) ;
#361 = VERTEX_POINT ( 'NONE', #426 ) ;
#362 = CARTESIAN_POINT ( 'NONE',  ( 8.585000000000034603, 10.82999999999997343, 7.234999999999999432 ) ) ;
#363 = PLANE ( 'NONE',  #889 ) ;
#364 = DIRECTION ( 'NONE',  ( 0.000000000000000000, -1.000000000000000000, 0.000000000000000000 ) ) ;
#365 = EDGE_LOOP ( 'NONE', ( #2944, #452, #1250, #3209 ) ) ;
#366 = CARTESIAN_POINT ( 'NONE',  ( 7.799999999999999822, -8.099999999999999645, 0.000000000000000000 ) ) ;
#367 = ORIENTED_EDGE ( 'NONE', *, *, #1367, .F. ) ;
#368 = DIRECTION ( 'NONE',  ( 3.309715945158595366E-15, 1.000000000000000000, 0.000000000000000000 ) ) ;
#369 = CARTESIAN_POINT ( 'NONE',  ( -7.634999999999996234, -10.36499999999999311, 6.917500000000000426 ) ) ;
#370 = ORIENTED_EDGE ( 'NONE', *, *, #1669, .F. ) ;
#371 = FACE_OUTER_BOUND ( 'NONE', #2088, .T. ) ;
#372 = EDGE_CURVE ( 'NONE', #85, #794, #404, .T. ) ;
#373 = EDGE_CURVE ( 'NONE', #3264, #933, #117, .T. ) ;
#374 = EDGE_LOOP ( 'NONE', ( #474, #550, #2287, #15 ) ) ;
#375 = DIRECTION ( 'NONE',  ( 0.000000000000000000, -1.000000000000000000, 0.000000000000000000 ) ) ;
#376 = EDGE_CURVE ( 'NONE', #794, #839, #2654, .T. ) ;
#377 = DIRECTION ( 'NONE',  ( -0.000000000000000000, 0.000000000000000000, 1.000000000000000000 ) ) ;
#378 = ORIENTED_EDGE ( 'NONE', *, *, #1916, .T. ) ;
#379 = CARTESIAN_POINT ( 'NONE',  ( -7.799999999999998934, 7.500000000000000888, 2.174999999999999822 ) ) ;
#380 = LINE ( 'NONE', #2705, #222 ) ;
#381 = EDGE_LOOP ( 'NONE', ( #1970, #2320, #3069, #2843 ) ) ;
#382 = CARTESIAN_POINT ( 'NONE',  ( 8.585000000000002629, -10.99999999999999645, 6.734999999999999432 ) ) ;
#383 = ORIENTED_EDGE ( 'NONE', *, *, #2898, .T. ) ;
#384 = DIRECTION ( 'NONE',  ( 0.000000000000000000, 1.000000000000000000, -0.000000000000000000 ) ) ;
#385 = LINE ( 'NONE', #424, #3023 ) ;
#386 = ORIENTED_EDGE ( 'NONE', *, *, #741, .F. ) ;
#387 = DIRECTION ( 'NONE',  ( 1.000000000000000000, -3.491481338843133355E-15, 0.000000000000000000 ) ) ;
#388 = EDGE_CURVE ( 'NONE', #1435, #1620, #1135, .T. ) ;
#389 = EDGE_CURVE ( 'NONE', #525, #529, #167, .T. ) ;
#390 = ORIENTED_EDGE ( 'NONE', *, *, #2853, .F. ) ;
#391 = DIRECTION ( 'NONE',  ( -0.000000000000000000, 0.000000000000000000, 1.000000000000000000 ) ) ;
#392 = EDGE_CURVE ( 'NONE', #2258, #3106, #2983, .T. ) ;
#393 = PLANE ( 'NONE',  #597 ) ;
#394 = LINE ( 'NONE', #726, #1552 ) ;
#395 = CARTESIAN_POINT ( 'NONE',  ( 10.83000000000003027, 9.414999999999965397, 7.234999999999999432 ) ) ;
#396 = DIRECTION ( 'NONE',  ( 0.000000000000000000, -1.000000000000000000, 0.000000000000000000 ) ) ;
#397 = VERTEX_POINT ( 'NONE', #1402 ) ;
#398 = CARTESIAN_POINT ( 'NONE',  ( 7.799999999999999822, 8.099999999999999645, 0.000000000000000000 ) ) ;
#399 =( BOUNDED_CURVE ( )  B_SPLINE_CURVE ( 3, ( #3309, #1280, #2306, #1768 ),
 .UNSPECIFIED., .F., .F. ) 
 B_SPLINE_CURVE_WITH_KNOTS ( ( 4, 4 ),
 ( 0.6435011087932575036, 0.7853981633974823628 ),
 .UNSPECIFIED. ) 
 CURVE ( )  GEOMETRIC_REPRESENTATION_ITEM ( )  RATIONAL_B_SPLINE_CURVE ( ( 1.000000000000000000, 0.9983228058750934775, 0.9983228058750934775, 1.000000000000000000 ) ) 
 REPRESENTATION_ITEM ( '' )  );
#400 = EDGE_LOOP ( 'NONE', ( #2229, #1938, #2079, #1550 ) ) ;
#401 = DIRECTION ( 'NONE',  ( -0.8660254037844412611, -0.4999999999999955591, 0.000000000000000000 ) ) ;
#402 = LINE ( 'NONE', #1416, #351 ) ;
#403 = ORIENTED_EDGE ( 'NONE', *, *, #1965, .F. ) ;
#404 = LINE ( 'NONE', #1667, #86 ) ;
#405 = EDGE_CURVE ( 'NONE', #1014, #3123, #602, .T. ) ;
#406 = EDGE_LOOP ( 'NONE', ( #1331, #1339, #1328, #2895, #561, #3027 ) ) ;
#407 = LINE ( 'NONE', #2209, #1844 ) ;
#408 = AXIS2_PLACEMENT_3D ( 'NONE', #2718, #2315, #1569 ) ;
#409 = VECTOR ( 'NONE', #2632, 100.0000000000000000 ) ;
#410 = VECTOR ( 'NONE', #1713, 100.0000000000000000 ) ;
#411 = VECTOR ( 'NONE', #427, 100.0000000000000000 ) ;
#412 = CARTESIAN_POINT ( 'NONE',  ( 8.380000000000000782, 8.379999999999968807, 3.979999999999877414 ) ) ;
#413 = LINE ( 'NONE', #2196, #1790 ) ;
#414 = CARTESIAN_POINT ( 'NONE',  ( -7.799999999999998934, 7.800000000000001599, 2.174999999999999822 ) ) ;
#415 = VECTOR ( 'NONE', #3279, 100.0000000000000000 ) ;
#416 = EDGE_CURVE ( 'NONE', #2665, #2713, #1152, .T. ) ;
#417 = EDGE_CURVE ( 'NONE', #955, #147, #755, .T. ) ;
#418 = LINE ( 'NONE', #2967, #1023 ) ;
#419 = ORIENTED_EDGE ( 'NONE', *, *, #1089, .T. ) ;
#420 = LINE ( 'NONE', #633, #1316 ) ;
#421 = EDGE_CURVE ( 'NONE', #2739, #1723, #1756, .T. ) ;
#422 = ORIENTED_EDGE ( 'NONE', *, *, #1551, .T. ) ;
#423 = LINE ( 'NONE', #2256, #785 ) ;
#424 = CARTESIAN_POINT ( 'NONE',  ( 10.19000000000003148, 9.784504172281332401, 7.234999999999999432 ) ) ;
#425 = VERTEX_POINT ( 'NONE', #989 ) ;
#426 = CARTESIAN_POINT ( 'NONE',  ( -11.00000000000009415, -9.414999999999887237, 7.234999999999999432 ) ) ;
#427 = DIRECTION ( 'NONE',  ( 1.000000000000000000, -3.491481338843133355E-15, 0.000000000000000000 ) ) ;
#428 = DIRECTION ( 'NONE',  ( 0.000000000000000000, 1.000000000000000000, 0.000000000000000000 ) ) ;
#429 = FACE_OUTER_BOUND ( 'NONE', #2827, .T. ) ;
#430 = DIRECTION ( 'NONE',  ( 0.8660254037844378194, 0.5000000000000016653, 0.000000000000000000 ) ) ;
#431 = LINE ( 'NONE', #1998, #992 ) ;
#432 = DIRECTION ( 'NONE',  ( -0.000000000000000000, 0.000000000000000000, 1.000000000000000000 ) ) ;
#433 = ORIENTED_EDGE ( 'NONE', *, *, #2741, .F. ) ;
#434 = DIRECTION ( 'NONE',  ( 0.000000000000000000, -1.000000000000000000, 0.000000000000000000 ) ) ;
#435 = EDGE_CURVE ( 'NONE', #601, #361, #1504, .T. ) ;
#436 = EDGE_CURVE ( 'NONE', #2590, #974, #2995, .T. ) ;
#437 = ORIENTED_EDGE ( 'NONE', *, *, #1586, .T. ) ;
#438 = CARTESIAN_POINT ( 'NONE',  ( -9.000000000000090594, -8.699999999999906919, 5.234999999999999432 ) ) ;
#439 = CYLINDRICAL_SURFACE ( 'NONE', #2965, 0.3000000000000002665 ) ;
#440 = VERTEX_POINT ( 'NONE', #3248 ) ;
#441 = LINE ( 'NONE', #2795, #2861 ) ;
#442 = AXIS2_PLACEMENT_3D ( 'NONE', #1078, #1562, #1091 ) ;
#443 = VERTEX_POINT ( 'NONE', #2531 ) ;
#444 = PLANE ( 'NONE',  #3288 ) ;
#445 = DIRECTION ( 'NONE',  ( 0.5000000000000016653, -0.8660254037844378194, 0.000000000000000000 ) ) ;
#446 = CARTESIAN_POINT ( 'NONE',  ( 8.585000000000034603, 10.82999999999997343, 6.734999999999999432 ) ) ;
#447 = CARTESIAN_POINT ( 'NONE',  ( -8.585000000000004405, 10.82999999999999652, 6.734999999999999432 ) ) ;
#448 = LINE ( 'NONE', #663, #2221 ) ;
#449 = DIRECTION ( 'NONE',  ( 0.000000000000000000, -1.000000000000000000, 0.000000000000000000 ) ) ;
#450 = ORIENTED_EDGE ( 'NONE', *, *, #3297, .F. ) ;
#451 = CARTESIAN_POINT ( 'NONE',  ( 10.83000000000000362, -9.414999999999997371, 6.734999999999999432 ) ) ;
#452 = ORIENTED_EDGE ( 'NONE', *, *, #3032, .F. ) ;
#453 = CARTESIAN_POINT ( 'NONE',  ( -9.415000000000002700, 10.82999999999999652, 6.734999999999999432 ) ) ;
#454 = ORIENTED_EDGE ( 'NONE', *, *, #1799, .F. ) ;
#455 = DIRECTION ( 'NONE',  ( 0.5000000000000137668, 0.8660254037844307140, 0.000000000000000000 ) ) ;
#456 = EDGE_CURVE ( 'NONE', #1417, #2568, #475, .T. ) ;
#457 = ORIENTED_EDGE ( 'NONE', *, *, #1834, .T. ) ;
#458 = DIRECTION ( 'NONE',  ( -1.000000000000000000, 1.047444401652940007E-14, 0.000000000000000000 ) ) ;
#459 = CIRCLE ( 'NONE', #3237, 0.3000000000000002665 ) ;
#460 =( LENGTH_UNIT ( ) NAMED_UNIT ( * ) SI_UNIT ( .CENTI., .METRE. ) );
#461 = LINE ( 'NONE', #447, #2836 ) ;
#462 = CARTESIAN_POINT ( 'NONE',  ( 11.00000000000000355, -10.49999999999998224, 7.234999999999999432 ) ) ;
#463 = VECTOR ( 'NONE', #2729, 100.0000000000000000 ) ;
#464 = VECTOR ( 'NONE', #3199, 100.0000000000000000 ) ;
#465 = VECTOR ( 'NONE', #2586, 100.0000000000000000 ) ;
#466 = CIRCLE ( 'NONE', #945, 0.3000000000000002665 ) ;
#467 = CARTESIAN_POINT ( 'NONE',  ( -9.000000000000001776, 8.999999999999996447, 7.234999999999999432 ) ) ;
#468 = ORIENTED_EDGE ( 'NONE', *, *, #2875, .F. ) ;
#469 = DIRECTION ( 'NONE',  ( 0.000000000000000000, -1.000000000000000000, 0.000000000000000000 ) ) ;
#470 = AXIS2_PLACEMENT_3D ( 'NONE', #570, #316, #2074 ) ;
#471 = VERTEX_POINT ( 'NONE', #1005 ) ;
#472 = CARTESIAN_POINT ( 'NONE',  ( 8.215495827718639177, -10.18999999999999595, 6.734999999999999432 ) ) ;
#473 = DIRECTION ( 'NONE',  ( 0.000000000000000000, 1.000000000000000000, 0.000000000000000000 ) ) ;
#474 = ORIENTED_EDGE ( 'NONE', *, *, #169, .F. ) ;
#475 = LINE ( 'NONE', #235, #1960 ) ;
#476 = EDGE_LOOP ( 'NONE', ( #670, #774, #615, #324 ) ) ;
#477 = EDGE_CURVE ( 'NONE', #2727, #2373, #937, .T. ) ;
#478 = ADVANCED_FACE ( 'NONE', ( #1252 ), #3044, .T. ) ;
#479 = DIRECTION ( 'NONE',  ( 0.000000000000000000, 0.000000000000000000, 1.000000000000000000 ) ) ;
#480 = DIRECTION ( 'NONE',  ( -1.000000000000000000, 3.491481338843133355E-15, 0.000000000000000000 ) ) ;
#481 = LINE ( 'NONE', #1493, #1190 ) ;
#482 = CARTESIAN_POINT ( 'NONE',  ( -11.00000000000000355, 7.635000000000109921, 7.234999999999999432 ) ) ;
#483 = CARTESIAN_POINT ( 'NONE',  ( -9.784504172281369705, 10.18999999999999595, 6.734999999999999432 ) ) ;
#484 = VERTEX_POINT ( 'NONE', #505 ) ;
#485 = LINE ( 'NONE', #685, #355 ) ;
#486 = ORIENTED_EDGE ( 'NONE', *, *, #40, .F. ) ;
#487 = LINE ( 'NONE', #438, #3238 ) ;
#488 = CARTESIAN_POINT ( 'NONE',  ( 11.00000000000003197, 10.49999999999997691, 6.917500000000000426 ) ) ;
#489 = ORIENTED_EDGE ( 'NONE', *, *, #1406, .F. ) ;
#490 = FACE_OUTER_BOUND ( 'NONE', #2131, .T. ) ;
#491 = ORIENTED_EDGE ( 'NONE', *, *, #1623, .F. ) ;
#492 = CIRCLE ( 'NONE', #2522, 2.499999999999999556 ) ;
#493 = ADVANCED_FACE ( 'NONE', ( #3029 ), #2480, .F. ) ;
#494 = DIRECTION ( 'NONE',  ( 1.000000000000000000, -3.491481338843133355E-15, 0.000000000000000000 ) ) ;
#495 = VECTOR ( 'NONE', #2894, 100.0000000000000000 ) ;
#496 = CARTESIAN_POINT ( 'NONE',  ( 11.00000000000000355, -8.584999999999997300, 7.234999999999999432 ) ) ;
#497 = CARTESIAN_POINT ( 'NONE',  ( -7.799999999999999822, -8.099999999999999645, 2.174999999999999822 ) ) ;
#498 = DIRECTION ( 'NONE',  ( -1.000000000000000000, 0.000000000000000000, 0.000000000000000000 ) ) ;
#499 = VERTEX_POINT ( 'NONE', #2546 ) ;
#500 = PLANE ( 'NONE',  #3239 ) ;
#501 = ORIENTED_EDGE ( 'NONE', *, *, #2301, .T. ) ;
#502 = CARTESIAN_POINT ( 'NONE',  ( 10.36500000000001975, 7.634999999999967812, 7.234999999999999432 ) ) ;
#503 = CARTESIAN_POINT ( 'NONE',  ( 9.000000000000001776, -8.999999999999996447, 5.234999999999999432 ) ) ;
#504 = ORIENTED_EDGE ( 'NONE', *, *, #2189, .T. ) ;
#505 = CARTESIAN_POINT ( 'NONE',  ( -8.215495827718738653, -10.18999999999991779, 7.234999999999999432 ) ) ;
#506 = VECTOR ( 'NONE', #3064, 100.0000000000000000 ) ;
#507 = EDGE_LOOP ( 'NONE', ( #1995, #1467, #1961, #767, #2290, #2867 ) ) ;
#508 = EDGE_CURVE ( 'NONE', #1109, #484, #2025, .T. ) ;
#509 = CARTESIAN_POINT ( 'NONE',  ( -7.799999999999998934, 7.800000000000001599, 2.174999999999999822 ) ) ;
#510 = LINE ( 'NONE', #2554, #506 ) ;
#511 = LINE ( 'NONE', #257, #2964 ) ;
#512 = AXIS2_PLACEMENT_3D ( 'NONE', #2222, #2710, #2185 ) ;
#513 = DIRECTION ( 'NONE',  ( 1.000000000000000000, 1.817653936845376936E-16, 0.000000000000000000 ) ) ;
#514 = ORIENTED_EDGE ( 'NONE', *, *, #187, .T. ) ;
#515 = CARTESIAN_POINT ( 'NONE',  ( 8.585000000000036380, 10.99999999999997158, 7.234999999999999432 ) ) ;
#516 = CIRCLE ( 'NONE', #1199, 0.3000000000000002665 ) ;
#517 = EDGE_CURVE ( 'NONE', #2609, #1723, #1488, .T. ) ;
#518 = VECTOR ( 'NONE', #3252, 100.0000000000000000 ) ;
#519 = EDGE_CURVE ( 'NONE', #147, #1179, #441, .T. ) ;
#520 = ORIENTED_EDGE ( 'NONE', *, *, #2781, .F. ) ;
#521 = AXIS2_PLACEMENT_3D ( 'NONE', #1779, #2804, #1531 ) ;
#522 = ADVANCED_FACE ( 'NONE', ( #490 ), #1771, .T. ) ;
#523 = DIRECTION ( 'NONE',  ( -0.000000000000000000, 0.000000000000000000, 1.000000000000000000 ) ) ;
#524 = PLANE ( 'NONE',  #1304 ) ;
#525 = VERTEX_POINT ( 'NONE', #205 ) ;
#526 = AXIS2_PLACEMENT_3D ( 'NONE', #1434, #656, #2429 ) ;
#527 = DIRECTION ( 'NONE',  ( 1.047444401652940007E-14, 1.000000000000000000, 0.000000000000000000 ) ) ;
#528 = EDGE_CURVE ( 'NONE', #3276, #3177, #2291, .T. ) ;
#529 = VERTEX_POINT ( 'NONE', #2974 ) ;
#530 = ADVANCED_FACE ( 'NONE', ( #1704 ), #690, .F. ) ;
#531 = VECTOR ( 'NONE', #2450, 100.0000000000000000 ) ;
#532 = ORIENTED_EDGE ( 'NONE', *, *, #612, .T. ) ;
#533 = DIRECTION ( 'NONE',  ( 0.000000000000000000, 1.000000000000000000, 0.000000000000000000 ) ) ;
#534 = LINE ( 'NONE', #287, #2647 ) ;
#535 = FACE_OUTER_BOUND ( 'NONE', #400, .T. ) ;
#536 = ORIENTED_EDGE ( 'NONE', *, *, #720, .F. ) ;
#537 = LINE ( 'NONE', #1015, #1260 ) ;
#538 = ORIENTED_EDGE ( 'NONE', *, *, #760, .F. ) ;
#539 = LINE ( 'NONE', #2792, #2331 ) ;
#540 = CARTESIAN_POINT ( 'NONE',  ( 7.635000000000004228, -10.99999999999999645, 6.917500000000000426 ) ) ;
#541 = ORIENTED_EDGE ( 'NONE', *, *, #765, .F. ) ;
#542 = LINE ( 'NONE', #584, #2227 ) ;
#543 = EDGE_CURVE ( 'NONE', #2929, #552, #975, .T. ) ;
#544 = ADVANCED_FACE ( 'NONE', ( #1736 ), #2760, .F. ) ;
#545 = ORIENTED_EDGE ( 'NONE', *, *, #2541, .F. ) ;
#546 = ORIENTED_EDGE ( 'NONE', *, *, #228, .F. ) ;
#547 = DIRECTION ( 'NONE',  ( 0.000000000000000000, 1.000000000000000000, 0.000000000000000000 ) ) ;
#548 = VECTOR ( 'NONE', #432, 100.0000000000000000 ) ;
#549 = DIRECTION ( 'NONE',  ( -0.000000000000000000, 0.000000000000000000, 1.000000000000000000 ) ) ;
#550 = ORIENTED_EDGE ( 'NONE', *, *, #2885, .F. ) ;
#551 = LINE ( 'NONE', #1325, #2653 ) ;
#552 = VERTEX_POINT ( 'NONE', #2578 ) ;
#553 = CARTESIAN_POINT ( 'NONE',  ( -11.00000000000000355, 10.49999999999998224, 7.234999999999999432 ) ) ;
#554 = DIRECTION ( 'NONE',  ( -3.491481338843133355E-15, -1.000000000000000000, 0.000000000000000000 ) ) ;
#555 = VERTEX_POINT ( 'NONE', #1784 ) ;
#556 = CARTESIAN_POINT ( 'NONE',  ( -10.83000000000008711, -8.584999999999890719, 6.734999999999999432 ) ) ;
#557 = EDGE_CURVE ( 'NONE', #1171, #361, #1037, .T. ) ;
#558 = EDGE_LOOP ( 'NONE', ( #3272, #2474 ) ) ;
#559 = EDGE_CURVE ( 'NONE', #2183, #2590, #14, .T. ) ;
#560 = ADVANCED_FACE ( 'NONE', ( #1317 ), #773, .F. ) ;
#561 = ORIENTED_EDGE ( 'NONE', *, *, #984, .T. ) ;
#562 = LINE ( 'NONE', #3097, #3073 ) ;
#563 = LINE ( 'NONE', #258, #1602 ) ;
#564 = VERTEX_POINT ( 'NONE', #792 ) ;
#565 = DIRECTION ( 'NONE',  ( 0.000000000000000000, 0.000000000000000000, 1.000000000000000000 ) ) ;
#566 = CARTESIAN_POINT ( 'NONE',  ( 0.000000000000000000, 0.000000000000000000, 6.734999999999999432 ) ) ;
#567 = CARTESIAN_POINT ( 'NONE',  ( 10.99999999999996803, -7.635000000000082387, 6.917500000000000426 ) ) ;
#568 = ORIENTED_EDGE ( 'NONE', *, *, #2394, .T. ) ;
#569 = AXIS2_PLACEMENT_3D ( 'NONE', #711, #1224, #1480 ) ;
#570 = CARTESIAN_POINT ( 'NONE',  ( 9.784504172281369705, -10.18999999999999595, 6.734999999999999432 ) ) ;
#571 = AXIS2_PLACEMENT_3D ( 'NONE', #1342, #281, #1546 ) ;
#572 = CIRCLE ( 'NONE', #997, 2.499999999999999556 ) ;
#573 = VERTEX_POINT ( 'NONE', #2344 ) ;
#574 = VECTOR ( 'NONE', #2412, 100.0000000000000000 ) ;
#575 = EDGE_LOOP ( 'NONE', ( #3224, #433, #1192, #129 ) ) ;
#576 = CARTESIAN_POINT ( 'NONE',  ( -9.000000000000090594, -8.999999999999907629, 5.234999999999999432 ) ) ;
#577 = EDGE_CURVE ( 'NONE', #825, #2057, #1794, .T. ) ;
#578 = EDGE_CURVE ( 'NONE', #2369, #3009, #265, .T. ) ;
#579 = CARTESIAN_POINT ( 'NONE',  ( 9.415000000000036451, 10.99999999999999645, 6.734999999999999432 ) ) ;
#580 = ORIENTED_EDGE ( 'NONE', *, *, #1694, .F. ) ;
#581 = LINE ( 'NONE', #2652, #1890 ) ;
#582 = LINE ( 'NONE', #59, #2309 ) ;
#583 = ORIENTED_EDGE ( 'NONE', *, *, #1350, .T. ) ;
#584 = CARTESIAN_POINT ( 'NONE',  ( 10.19000000000000306, -8.215495827718632071, 6.734999999999999432 ) ) ;
#585 = CARTESIAN_POINT ( 'NONE',  ( -8.585000000000112763, -10.99999999999991296, 6.734999999999999432 ) ) ;
#586 = ORIENTED_EDGE ( 'NONE', *, *, #1566, .T. ) ;
#587 = CYLINDRICAL_SURFACE ( 'NONE', #3250, 2.499999999999999556 ) ;
#588 = ORIENTED_EDGE ( 'NONE', *, *, #2313, .F. ) ;
#589 = FACE_OUTER_BOUND ( 'NONE', #1285, .T. ) ;
#590 = PLANE ( 'NONE',  #2311 ) ;
#591 = EDGE_LOOP ( 'NONE', ( #457, #2777, #2323, #3112 ) ) ;
#592 = DIRECTION ( 'NONE',  ( 0.000000000000000000, 1.000000000000000000, 0.000000000000000000 ) ) ;
#593 = VECTOR ( 'NONE', #1764, 100.0000000000000000 ) ;
#594 = DIRECTION ( 'NONE',  ( 0.000000000000000000, 0.000000000000000000, 1.000000000000000000 ) ) ;
#595 = DIRECTION ( 'NONE',  ( -0.000000000000000000, 0.000000000000000000, 1.000000000000000000 ) ) ;
#596 = ORIENTED_EDGE ( 'NONE', *, *, #1025, .F. ) ;
#597 = AXIS2_PLACEMENT_3D ( 'NONE', #1405, #2698, #3214 ) ;
#598 = DIRECTION ( 'NONE',  ( 0.000000000000000000, 0.000000000000000000, -1.000000000000000000 ) ) ;
#599 = EDGE_LOOP ( 'NONE', ( #3043, #834, #1594, #3087, #2326, #580, #2863, #218, #206, #370, #2406, #1051, #536, #37, #149, #857 ) ) ;
#600 = DIRECTION ( 'NONE',  ( 0.000000000000000000, 0.000000000000000000, 1.000000000000000000 ) ) ;
#601 = VERTEX_POINT ( 'NONE', #2085 ) ;
#602 = LINE ( 'NONE', #1922, #1848 ) ;
#603 = ORIENTED_EDGE ( 'NONE', *, *, #1652, .T. ) ;
#604 = FACE_OUTER_BOUND ( 'NONE', #3172, .T. ) ;
#605 = AXIS2_PLACEMENT_3D ( 'NONE', #2872, #1939, #2134 ) ;
#606 = CARTESIAN_POINT ( 'NONE',  ( 9.000000000000028422, 8.699999999999970868, 5.234999999999999432 ) ) ;
#607 = EDGE_LOOP ( 'NONE', ( #2479, #917, #2115, #735 ) ) ;
#608 = DIRECTION ( 'NONE',  ( -0.000000000000000000, 0.000000000000000000, 1.000000000000000000 ) ) ;
#609 = CARTESIAN_POINT ( 'NONE',  ( -9.000000000000001776, 9.299999999999997158, 5.234999999999999432 ) ) ;
#610 = ORIENTED_EDGE ( 'NONE', *, *, #3046, .F. ) ;
#611 = DIRECTION ( 'NONE',  ( 0.000000000000000000, 0.000000000000000000, 1.000000000000000000 ) ) ;
#612 = EDGE_CURVE ( 'NONE', #552, #1140, #2825, .T. ) ;
#613 = ADVANCED_FACE ( 'NONE', ( #2356 ), #2098, .F. ) ;
#614 = ADVANCED_FACE ( 'NONE', ( #1850 ), #3074, .F. ) ;
#615 = ORIENTED_EDGE ( 'NONE', *, *, #2501, .F. ) ;
#616 = LINE ( 'NONE', #3173, #138 ) ;
#617 = VECTOR ( 'NONE', #3114, 100.0000000000000000 ) ;
#618 = ORIENTED_EDGE ( 'NONE', *, *, #1549, .F. ) ;
#620 = EDGE_CURVE ( 'NONE', #198, #1757, #542, .T. ) ;
#619 = VECTOR ( 'NONE', #217, 100.0000000000000000 ) ;
#621 = LINE ( 'NONE', #2957, #1322 ) ;
#622 = VECTOR ( 'NONE', #1167, 100.0000000000000000 ) ;
#623 = VECTOR ( 'NONE', #1077, 100.0000000000000000 ) ;
#624 = AXIS2_PLACEMENT_3D ( 'NONE', #3273, #1498, #2721 ) ;
#625 = VERTEX_POINT ( 'NONE', #1297 ) ;
#626 = VECTOR ( 'NONE', #2690, 100.0000000000000000 ) ;
#627 = DIRECTION ( 'NONE',  ( -0.8660254037844359321, -0.5000000000000046629, 0.000000000000000000 ) ) ;
#628 = DIRECTION ( 'NONE',  ( 0.000000000000000000, 0.000000000000000000, 1.000000000000000000 ) ) ;
#629 = EDGE_LOOP ( 'NONE', ( #1765, #1462, #1977, #289 ) ) ;
#630 = FACE_OUTER_BOUND ( 'NONE', #2260, .T. ) ;
#631 = CARTESIAN_POINT ( 'NONE',  ( -25.63499999999991985, 7.635000000000260911, 6.917500000000000426 ) ) ;
#632 = ORIENTED_EDGE ( 'NONE', *, *, #2715, .T. ) ;
#633 = CARTESIAN_POINT ( 'NONE',  ( 10.36500000000001975, 7.634999999999967812, 7.234999999999999432 ) ) ;
#634 = ADVANCED_FACE ( 'NONE', ( #1053 ), #3092, .T. ) ;
#635 = ORIENTED_EDGE ( 'NONE', *, *, #3192, .T. ) ;
#636 = DIRECTION ( 'NONE',  ( -0.000000000000000000, 0.000000000000000000, 1.000000000000000000 ) ) ;
#637 = DIRECTION ( 'NONE',  ( -0.8660254037844333785, 0.5000000000000089928, 0.000000000000000000 ) ) ;
#638 = VERTEX_POINT ( 'NONE', #831 ) ;
#639 = CARTESIAN_POINT ( 'NONE',  ( -7.799999999999999822, -7.799999999999999822, 2.174999999999999822 ) ) ;
#640 = ADVANCED_FACE ( 'NONE', ( #2838 ), #2038, .F. ) ;
#641 = ORIENTED_EDGE ( 'NONE', *, *, #1102, .T. ) ;
#642 = UNCERTAINTY_MEASURE_WITH_UNIT (LENGTH_MEASURE( 1.000000000000000082E-05 ), #1501, 'distance_accuracy_value', 'NONE');
#643 = DIRECTION ( 'NONE',  ( -1.000000000000000000, 1.863784860936146835E-14, 0.000000000000000000 ) ) ;
#644 = CARTESIAN_POINT ( 'NONE',  ( -9.000000000000001776, 8.699999999999995737, 5.234999999999999432 ) ) ;
#645 = ORIENTED_EDGE ( 'NONE', *, *, #722, .F. ) ;
#646 = CARTESIAN_POINT ( 'NONE',  ( -9.784504172281369705, 10.18999999999999595, 7.234999999999999432 ) ) ;
#647 = DIRECTION ( 'NONE',  ( -0.000000000000000000, 0.000000000000000000, 1.000000000000000000 ) ) ;
#648 = VERTEX_POINT ( 'NONE', #2589 ) ;
#649 = EDGE_CURVE ( 'NONE', #902, #3278, #295, .T. ) ;
#650 = PLANE ( 'NONE',  #35 ) ;
#651 = AXIS2_PLACEMENT_3D ( 'NONE', #2986, #1261, #2284 ) ;
#652 = LINE ( 'NONE', #1596, #2012 ) ;
#653 = CIRCLE ( 'NONE', #3211, 2.499999999999999556 ) ;
#654 = CARTESIAN_POINT ( 'NONE',  ( 10.19000000000003148, 9.784504172281332401, 6.734999999999999432 ) ) ;
#655 = ORIENTED_EDGE ( 'NONE', *, *, #1006, .F. ) ;
#656 = DIRECTION ( 'NONE',  ( -0.000000000000000000, 0.000000000000000000, 1.000000000000000000 ) ) ;
#657 = ORIENTED_EDGE ( 'NONE', *, *, #2781, .T. ) ;
#658 = CARTESIAN_POINT ( 'NONE',  ( 8.215495827718667599, 10.18999999999997463, 6.734999999999999432 ) ) ;
#659 = EDGE_CURVE ( 'NONE', #1081, #50, #53, .T. ) ;
#660 = ADVANCED_FACE ( 'NONE', ( #1344 ), #2852, .T. ) ;
#661 = LINE ( 'NONE', #1424, #2732 ) ;
#662 = LINE ( 'NONE', #1691, #2680 ) ;
#663 = CARTESIAN_POINT ( 'NONE',  ( -10.83000000000008711, -8.584999999999890719, 7.234999999999999432 ) ) ;
#664 = FACE_OUTER_BOUND ( 'NONE', #2155, .T. ) ;
#665 = ORIENTED_EDGE ( 'NONE', *, *, #2580, .T. ) ;
#666 = DIRECTION ( 'NONE',  ( 0.000000000000000000, 0.000000000000000000, 1.000000000000000000 ) ) ;
#667 = ORIENTED_EDGE ( 'NONE', *, *, #63, .F. ) ;
#668 = CARTESIAN_POINT ( 'NONE',  ( 7.635000000000004228, -10.36499999999999311, 7.234999999999999432 ) ) ;
#669 = CARTESIAN_POINT ( 'NONE',  ( -11.00000000000009770, 10.99999999999999645, 6.600000000000000533 ) ) ;
#670 = ORIENTED_EDGE ( 'NONE', *, *, #21, .T. ) ;
#671 = LINE ( 'NONE', #1385, #1633 ) ;
#672 = ORIENTED_EDGE ( 'NONE', *, *, #186, .T. ) ;
#673 = CARTESIAN_POINT ( 'NONE',  ( 10.50000000000002132, 11.00000000000006040, 6.600000000000000533 ) ) ;
#674 = VECTOR ( 'NONE', #950, 100.0000000000000000 ) ;
#675 = VECTOR ( 'NONE', #2676, 100.0000000000000000 ) ;
#676 = CIRCLE ( 'NONE', #1685, 0.3000000000000002665 ) ;
#677 = CARTESIAN_POINT ( 'NONE',  ( 7.799999999999999822, -7.500000000000000000, 2.174999999999999822 ) ) ;
#678 = FACE_OUTER_BOUND ( 'NONE', #2889, .T. ) ;
#679 = EDGE_CURVE ( 'NONE', #3081, #338, #3205, .T. ) ;
#680 = DIRECTION ( 'NONE',  ( 1.000000000000000000, -1.047444401652940007E-14, 0.000000000000000000 ) ) ;
#681 = FACE_OUTER_BOUND ( 'NONE', #1347, .T. ) ;
#682 = EDGE_CURVE ( 'NONE', #1682, #499, #2182, .T. ) ;
#683 = DIRECTION ( 'NONE',  ( -0.5000000000000016653, 0.8660254037844378194, 0.000000000000000000 ) ) ;
#684 = ORIENTED_EDGE ( 'NONE', *, *, #3219, .F. ) ;
#685 = CARTESIAN_POINT ( 'NONE',  ( 7.500000000000022204, 10.99999999999997691, 7.234999999999999432 ) ) ;
#686 = ORIENTED_EDGE ( 'NONE', *, *, #143, .F. ) ;
#687 = CARTESIAN_POINT ( 'NONE',  ( 9.415000000000002700, -10.82999999999999652, 6.734999999999999432 ) ) ;
#688 = CARTESIAN_POINT ( 'NONE',  ( -25.63500000000007617, -7.634999999999739551, 7.234999999999999432 ) ) ;
#689 = ORIENTED_EDGE ( 'NONE', *, *, #2644, .F. ) ;
#690 = CYLINDRICAL_SURFACE ( 'NONE', #1902, 0.3000000000000002665 ) ;
#691 = ORIENTED_EDGE ( 'NONE', *, *, #2045, .F. ) ;
#692 = CARTESIAN_POINT ( 'NONE',  ( 10.19000000000003148, 9.784504172281332401, 7.234999999999999432 ) ) ;
#693 = CARTESIAN_POINT ( 'NONE',  ( 10.50000000000002132, 10.99999999999996625, 0.000000000000000000 ) ) ;
#694 = EDGE_CURVE ( 'NONE', #2019, #2609, #420, .T. ) ;
#695 = PLANE ( 'NONE',  #8 ) ;
#696 = CARTESIAN_POINT ( 'NONE',  ( 7.799999999999999822, 7.799999999999999822, 2.174999999999999822 ) ) ;
#697 = DIRECTION ( 'NONE',  ( 0.000000000000000000, 0.000000000000000000, 1.000000000000000000 ) ) ;
#698 = DIRECTION ( 'NONE',  ( 0.000000000000000000, -1.000000000000000000, 0.000000000000000000 ) ) ;
#699 = VERTEX_POINT ( 'NONE', #398 ) ;
#700 = LINE ( 'NONE', #2001, #410 ) ;
#701 = ORIENTED_EDGE ( 'NONE', *, *, #3129, .T. ) ;
#702 = PLANE ( 'NONE',  #2911 ) ;
#703 = SURFACE_STYLE_USAGE ( .BOTH. , #11 ) ;
#704 = ORIENTED_EDGE ( 'NONE', *, *, #64, .F. ) ;
#705 = DIRECTION ( 'NONE',  ( -0.000000000000000000, 0.000000000000000000, 1.000000000000000000 ) ) ;
#706 = VECTOR ( 'NONE', #2342, 100.0000000000000000 ) ;
#707 = EDGE_LOOP ( 'NONE', ( #403, #713, #2935, #1038 ) ) ;
#708 = PLANE ( 'NONE',  #83 ) ;
#709 = CARTESIAN_POINT ( 'NONE',  ( 9.784504172281398127, 10.18999999999996930, 6.734999999999999432 ) ) ;
#710 = DIRECTION ( 'NONE',  ( -0.000000000000000000, 0.000000000000000000, 1.000000000000000000 ) ) ;
#711 = CARTESIAN_POINT ( 'NONE',  ( 7.799999999999999822, -7.799999999999999822, 0.000000000000000000 ) ) ;
#712 = FACE_OUTER_BOUND ( 'NONE', #1216, .T. ) ;
#713 = ORIENTED_EDGE ( 'NONE', *, *, #327, .F. ) ;
#714 = FACE_BOUND ( 'NONE', #1908, .T. ) ;
#715 = ORIENTED_EDGE ( 'NONE', *, *, #436, .F. ) ;
#716 = CARTESIAN_POINT ( 'NONE',  ( 8.380000000000000782, -10.99999999999999645, 3.979999999999877414 ) ) ;
#717 = DIRECTION ( 'NONE',  ( 0.000000000000000000, 0.000000000000000000, 1.000000000000000000 ) ) ;
#718 = VERTEX_POINT ( 'NONE', #1381 ) ;
#719 = CARTESIAN_POINT ( 'NONE',  ( 25.63499999999996959, -7.635000000000082387, 7.234999999999999432 ) ) ;
#720 = EDGE_CURVE ( 'NONE', #955, #933, #1412, .T. ) ;
#721 = EDGE_CURVE ( 'NONE', #1368, #1277, #2952, .T. ) ;
#722 = EDGE_CURVE ( 'NONE', #1824, #1171, #1115, .T. ) ;
#723 = ORIENTED_EDGE ( 'NONE', *, *, #64, .T. ) ;
#724 = CARTESIAN_POINT ( 'NONE',  ( 7.500000000000022204, 10.99999999999996447, -7.071067811865471953 ) ) ;
#725 = VECTOR ( 'NONE', #1070, 100.0000000000000000 ) ;
#726 = CARTESIAN_POINT ( 'NONE',  ( -9.000000000000001776, 8.699999999999995737, 5.234999999999999432 ) ) ;
#727 = FACE_OUTER_BOUND ( 'NONE', #1253, .T. ) ;
#728 = VECTOR ( 'NONE', #3042, 100.0000000000000000 ) ;
#729 = AXIS2_PLACEMENT_3D ( 'NONE', #1706, #1201, #2230 ) ;
#730 = VECTOR ( 'NONE', #292, 100.0000000000000000 ) ;
#731 = CYLINDRICAL_SURFACE ( 'NONE', #1069, 2.499999999999999556 ) ;
#732 = VERTEX_POINT ( 'NONE', #128 ) ;
#733 = FACE_OUTER_BOUND ( 'NONE', #2973, .T. ) ;
#734 = VECTOR ( 'NONE', #1283, 100.0000000000000000 ) ;
#735 = ORIENTED_EDGE ( 'NONE', *, *, #938, .F. ) ;
#736 = DIRECTION ( 'NONE',  ( 0.5000000000000046629, -0.8660254037844359321, 0.000000000000000000 ) ) ;
#737 = LINE ( 'NONE', #2054, #2753 ) ;
#738 = ORIENTED_EDGE ( 'NONE', *, *, #1207, .F. ) ;
#739 = DIRECTION ( 'NONE',  ( 1.000000000000000000, -3.309715945158595366E-15, 0.000000000000000000 ) ) ;
#740 = EDGE_CURVE ( 'NONE', #2223, #1114, #865, .T. ) ;
#741 = EDGE_CURVE ( 'NONE', #1620, #331, #2407, .T. ) ;
#742 = ORIENTED_EDGE ( 'NONE', *, *, #1696, .F. ) ;
#743 = CARTESIAN_POINT ( 'NONE',  ( -10.76776695296635111, 10.76776695296638664, 6.367766952966251282 ) ) ;
#744 =( NAMED_UNIT ( * ) PLANE_ANGLE_UNIT ( ) SI_UNIT ( $, .RADIAN. ) );
#745 = DIRECTION ( 'NONE',  ( 0.000000000000000000, 0.000000000000000000, 1.000000000000000000 ) ) ;
#746 = DIRECTION ( 'NONE',  ( 0.000000000000000000, 0.000000000000000000, -1.000000000000000000 ) ) ;
#747 = LINE ( 'NONE', #841, #2888 ) ;
#748 = ORIENTED_EDGE ( 'NONE', *, *, #63, .T. ) ;
#749 = PLANE ( 'NONE',  #2383 ) ;
#750 = EDGE_LOOP ( 'NONE', ( #3125, #2005, #294, #2851 ) ) ;
#751 = CARTESIAN_POINT ( 'NONE',  ( 6.905537061679099864, 10.36499999999999311, 7.234999999999999432 ) ) ;
#752 = EDGE_CURVE ( 'NONE', #3258, #985, #1022, .T. ) ;
#753 = LINE ( 'NONE', #973, #728 ) ;
#754 = ORIENTED_EDGE ( 'NONE', *, *, #3094, .T. ) ;
#755 = LINE ( 'NONE', #1976, #2384 ) ;
#756 = ORIENTED_EDGE ( 'NONE', *, *, #2395, .T. ) ;
#757 = VECTOR ( 'NONE', #828, 100.0000000000000000 ) ;
#758 = DIRECTION ( 'NONE',  ( 0.8660254037844378194, 0.5000000000000016653, 0.000000000000000000 ) ) ;
#759 = CIRCLE ( 'NONE', #1027, 0.3000000000000002665 ) ;
#760 = EDGE_CURVE ( 'NONE', #921, #2922, #1662, .T. ) ;
#761 = DIRECTION ( 'NONE',  ( 0.000000000000000000, -0.000000000000000000, 1.000000000000000000 ) ) ;
#762 = DIRECTION ( 'NONE',  ( 0.000000000000000000, 1.000000000000000000, 0.000000000000000000 ) ) ;
#763 = ADVANCED_FACE ( 'NONE', ( #1163 ), #650, .F. ) ;
#764 = EDGE_CURVE ( 'NONE', #718, #85, #3130, .T. ) ;
#765 = EDGE_CURVE ( 'NONE', #3276, #2665, #1273, .T. ) ;
#766 = CARTESIAN_POINT ( 'NONE',  ( -11.00000000000008527, -8.584999999999887166, 6.734999999999999432 ) ) ;
#767 = ORIENTED_EDGE ( 'NONE', *, *, #2627, .F. ) ;
#768 = FACE_BOUND ( 'NONE', #2271, .T. ) ;
#769 = ORIENTED_EDGE ( 'NONE', *, *, #389, .T. ) ;
#770 = FACE_OUTER_BOUND ( 'NONE', #2371, .T. ) ;
#771 = CARTESIAN_POINT ( 'NONE',  ( 10.36499999999996646, -7.635000000000031761, 6.917500000000000426 ) ) ;
#772 = ORIENTED_EDGE ( 'NONE', *, *, #1006, .T. ) ;
#773 = PLANE ( 'NONE',  #470 ) ;
#774 = ORIENTED_EDGE ( 'NONE', *, *, #3192, .F. ) ;
#775 = ORIENTED_EDGE ( 'NONE', *, *, #1060, .T. ) ;
#776 = LINE ( 'NONE', #1274, #2980 ) ;
#777 = LINE ( 'NONE', #2555, #1622 ) ;
#778 = ADVANCED_FACE ( 'NONE', ( #847 ), #3170, .F. ) ;
#779 = DIRECTION ( 'NONE',  ( 0.000000000000000000, 0.000000000000000000, -1.000000000000000000 ) ) ;
#780 = EDGE_CURVE ( 'NONE', #3308, #2428, #1094, .T. ) ;
#781 = ORIENTED_EDGE ( 'NONE', *, *, #285, .F. ) ;
#782 = DIRECTION ( 'NONE',  ( -0.8660254037844359321, -0.5000000000000046629, 0.000000000000000000 ) ) ;
#783 = VECTOR ( 'NONE', #1392, 100.0000000000000000 ) ;
#784 = VECTOR ( 'NONE', #680, 100.0000000000000000 ) ;
#785 = VECTOR ( 'NONE', #3277, 100.0000000000000000 ) ;
#786 = EDGE_LOOP ( 'NONE', ( #1487, #1185, #2571, #2052 ) ) ;
#787 = VECTOR ( 'NONE', #2080, 100.0000000000000000 ) ;
#788 = DIRECTION ( 'NONE',  ( 0.000000000000000000, 0.000000000000000000, -1.000000000000000000 ) ) ;
#789 = DIRECTION ( 'NONE',  ( 0.5773502691896230665, -0.5773502691896250649, -0.5773502691896290617 ) ) ;
#790 = ORIENTED_EDGE ( 'NONE', *, *, #2841, .T. ) ;
#791 = AXIS2_PLACEMENT_3D ( 'NONE', #2444, #901, #2130 ) ;
#792 = CARTESIAN_POINT ( 'NONE',  ( 10.19000000000000306, -9.784504172281362600, 7.234999999999999432 ) ) ;
#793 = ORIENTED_EDGE ( 'NONE', *, *, #967, .T. ) ;
#794 = VERTEX_POINT ( 'NONE', #366 ) ;
#795 = DIRECTION ( 'NONE',  ( 0.000000000000000000, 1.000000000000000000, 0.000000000000000000 ) ) ;
#796 = EDGE_CURVE ( 'NONE', #361, #1417, #2148, .T. ) ;
#797 = DIRECTION ( 'NONE',  ( -0.8660254037844342667, 0.5000000000000076605, 0.000000000000000000 ) ) ;
#798 = VERTEX_POINT ( 'NONE', #2635 ) ;
#799 = CARTESIAN_POINT ( 'NONE',  ( 10.19000000000003148, 9.784504172281332401, 6.734999999999999432 ) ) ;
#800 = ORIENTED_EDGE ( 'NONE', *, *, #1759, .F. ) ;
#801 = CARTESIAN_POINT ( 'NONE',  ( 10.36500000000001975, 7.634999999999967812, 6.917500000000000426 ) ) ;
#802 = CARTESIAN_POINT ( 'NONE',  ( 8.585000000000034603, 10.82999999999997343, 7.234999999999999432 ) ) ;
#803 = ORIENTED_EDGE ( 'NONE', *, *, #2047, .T. ) ;
#804 = CARTESIAN_POINT ( 'NONE',  ( 0.000000000000000000, 0.000000000000000000, 6.734999999999999432 ) ) ;
#805 = EDGE_CURVE ( 'NONE', #1767, #43, #676, .T. ) ;
#806 = EDGE_LOOP ( 'NONE', ( #2959, #2187, #1881, #1773 ) ) ;
#807 = ORIENTED_EDGE ( 'NONE', *, *, #2764, .T. ) ;
#808 = EDGE_CURVE ( 'NONE', #798, #3111, #2771, .T. ) ;
#809 = CARTESIAN_POINT ( 'NONE',  ( -9.415000000000002700, 10.99999999999999645, 7.234999999999999432 ) ) ;
#810 = AXIS2_PLACEMENT_3D ( 'NONE', #2354, #2850, #2883 ) ;
#811 = DIRECTION ( 'NONE',  ( -0.4999999999999955591, 0.8660254037844412611, 0.000000000000000000 ) ) ;
#812 = ORIENTED_EDGE ( 'NONE', *, *, #1801, .F. ) ;
#813 = PLANE ( 'NONE',  #2552 ) ;
#814 = ORIENTED_EDGE ( 'NONE', *, *, #2800, .T. ) ;
#815 = LINE ( 'NONE', #1533, #730 ) ;
#816 = CARTESIAN_POINT ( 'NONE',  ( 8.215495827718667599, 10.18999999999997463, 7.234999999999999432 ) ) ;
#817 = VERTEX_POINT ( 'NONE', #3259 ) ;
#818 = DIRECTION ( 'NONE',  ( 0.000000000000000000, 1.000000000000000000, 0.000000000000000000 ) ) ;
#819 = EDGE_CURVE ( 'NONE', #2579, #2609, #2475, .T. ) ;
#820 = ORIENTED_EDGE ( 'NONE', *, *, #2186, .F. ) ;
#821 = EDGE_CURVE ( 'NONE', #300, #2488, #890, .T. ) ;
#822 = VERTEX_POINT ( 'NONE', #2216 ) ;
#823 = CARTESIAN_POINT ( 'NONE',  ( 7.799999999999999822, 7.799999999999999822, 2.174999999999999822 ) ) ;
#824 = CARTESIAN_POINT ( 'NONE',  ( 11.00000000000002842, 9.414999999999963620, 6.734999999999999432 ) ) ;
#825 = VERTEX_POINT ( 'NONE', #2237 ) ;
#826 = LINE ( 'NONE', #2847, #3186 ) ;
#827 = CARTESIAN_POINT ( 'NONE',  ( -25.63499999999991985, 7.635000000000260911, 7.234999999999999432 ) ) ;
#828 = DIRECTION ( 'NONE',  ( 1.000000000000000000, 0.000000000000000000, 0.000000000000000000 ) ) ;
#829 = VERTEX_POINT ( 'NONE', #1483 ) ;
#830 = VECTOR ( 'NONE', #3065, 100.0000000000000000 ) ;
#831 = CARTESIAN_POINT ( 'NONE',  ( -10.19000000000008299, -8.215495827718530819, 7.234999999999999432 ) ) ;
#832 = CIRCLE ( 'NONE', #1571, 0.3000000000000002665 ) ;
#833 = VECTOR ( 'NONE', #608, 100.0000000000000000 ) ;
#834 = ORIENTED_EDGE ( 'NONE', *, *, #2051, .T. ) ;
#835 = FACE_OUTER_BOUND ( 'NONE', #1092, .T. ) ;
#836 = ADVANCED_FACE ( 'NONE', ( #969 ), #749, .T. ) ;
#837 = ORIENTED_EDGE ( 'NONE', *, *, #528, .F. ) ;
#838 = PLANE ( 'NONE',  #605 ) ;
#839 = VERTEX_POINT ( 'NONE', #2201 ) ;
#840 = CARTESIAN_POINT ( 'NONE',  ( -9.000000000000001776, 8.999999999999996447, 5.234999999999999432 ) ) ;
#841 = CARTESIAN_POINT ( 'NONE',  ( 9.415000000000036451, 10.99999999999996980, 6.734999999999999432 ) ) ;
#842 = ORIENTED_EDGE ( 'NONE', *, *, #2699, .T. ) ;
#843 = DIRECTION ( 'NONE',  ( -0.000000000000000000, 0.000000000000000000, 1.000000000000000000 ) ) ;
#844 = DIRECTION ( 'NONE',  ( 0.000000000000000000, 0.000000000000000000, 1.000000000000000000 ) ) ;
#845 = CARTESIAN_POINT ( 'NONE',  ( 8.380000000000000782, -8.380000000000089599, 3.979999999999876525 ) ) ;
#846 = ORIENTED_EDGE ( 'NONE', *, *, #1933, .T. ) ;
#847 = FACE_OUTER_BOUND ( 'NONE', #2725, .T. ) ;
#848 = ORIENTED_EDGE ( 'NONE', *, *, #923, .F. ) ;
#849 = DIRECTION ( 'NONE',  ( -1.000000000000000000, 3.491481338843133355E-15, 0.000000000000000000 ) ) ;
#850 = EDGE_LOOP ( 'NONE', ( #1227, #76, #116, #807 ) ) ;
#851 = LINE ( 'NONE', #2535, #1643 ) ;
#852 = ORIENTED_EDGE ( 'NONE', *, *, #372, .F. ) ;
#853 = LINE ( 'NONE', #2682, #617 ) ;
#854 = EDGE_CURVE ( 'NONE', #286, #817, #1950, .T. ) ;
#855 = DIRECTION ( 'NONE',  ( 1.000000000000000000, -9.251858538542962756E-15, 0.000000000000000000 ) ) ;
#856 = EDGE_CURVE ( 'NONE', #43, #1767, #2064, .T. ) ;
#857 = ORIENTED_EDGE ( 'NONE', *, *, #898, .T. ) ;
#858 = CARTESIAN_POINT ( 'NONE',  ( -10.83000000000000362, 9.414999999999997371, 6.734999999999999432 ) ) ;
#859 = ADVANCED_FACE ( 'NONE', ( #932, #1443, #714, #161, #733 ), #3242, .F. ) ;
#860 = VECTOR ( 'NONE', #1295, 100.0000000000000000 ) ;
#861 = ADVANCED_FACE ( 'NONE', ( #1193 ), #1177, .F. ) ;
#862 = LINE ( 'NONE', #1357, #2759 ) ;
#863 = LINE ( 'NONE', #2405, #1926 ) ;
#864 = ORIENTED_EDGE ( 'NONE', *, *, #1321, .F. ) ;
#865 = LINE ( 'NONE', #1146, #1580 ) ;
#866 = ORIENTED_EDGE ( 'NONE', *, *, #2638, .F. ) ;
#867 = LINE ( 'NONE', #585, #2165 ) ;
#868 = ORIENTED_EDGE ( 'NONE', *, *, #1449, .F. ) ;
#869 = CARTESIAN_POINT ( 'NONE',  ( 9.784504172281398127, 10.18999999999996930, 6.734999999999999432 ) ) ;
#870 = ORIENTED_EDGE ( 'NONE', *, *, #392, .F. ) ;
#871 = CARTESIAN_POINT ( 'NONE',  ( -8.380000000000000782, 8.380000000000030980, 3.979999999999877414 ) ) ;
#872 = LINE ( 'NONE', #1887, #61 ) ;
#873 = CARTESIAN_POINT ( 'NONE',  ( -10.50000000000009592, -10.99999999999998757, 6.600000000000000533 ) ) ;
#874 = CARTESIAN_POINT ( 'NONE',  ( -9.000000000000001776, 8.999999999999996447, 5.234999999999999432 ) ) ;
#875 = AXIS2_PLACEMENT_3D ( 'NONE', #1508, #2534, #1981 ) ;
#876 = EDGE_CURVE ( 'NONE', #529, #2727, #700, .T. ) ;
#877 = PLANE ( 'NONE',  #3028 ) ;
#878 = CARTESIAN_POINT ( 'NONE',  ( 10.19000000000000306, -9.784504172281362600, 6.734999999999999432 ) ) ;
#879 = ORIENTED_EDGE ( 'NONE', *, *, #3146, .F. ) ;
#880 = DIRECTION ( 'NONE',  ( 1.000000000000000000, -1.047444401652940007E-14, 0.000000000000000000 ) ) ;
#881 = ORIENTED_EDGE ( 'NONE', *, *, #2928, .T. ) ;
#882 = FACE_OUTER_BOUND ( 'NONE', #1036, .T. ) ;
#883 = VECTOR ( 'NONE', #1621, 100.0000000000000000 ) ;
#884 = CARTESIAN_POINT ( 'NONE',  ( 8.215495827718667599, 10.18999999999997463, 6.734999999999999432 ) ) ;
#885 = EDGE_LOOP ( 'NONE', ( #588, #1565, #1752, #2147 ) ) ;
#886 = VECTOR ( 'NONE', #920, 100.0000000000000000 ) ;
#887 = CARTESIAN_POINT ( 'NONE',  ( 9.415000000000034674, 10.82999999999996987, 7.234999999999999432 ) ) ;
#888 = VECTOR ( 'NONE', #2452, 100.0000000000000000 ) ;
#889 = AXIS2_PLACEMENT_3D ( 'NONE', #1378, #2865, #58 ) ;
#890 = CIRCLE ( 'NONE', #2332, 0.3000000000000002665 ) ;
#891 = ORIENTED_EDGE ( 'NONE', *, *, #796, .T. ) ;
#892 = AXIS2_PLACEMENT_3D ( 'NONE', #556, #2868, #1564 ) ;
#893 = PLANE ( 'NONE',  #2910 ) ;
#894 = EDGE_CURVE ( 'NONE', #1985, #2223, #2969, .T. ) ;
#895 = PLANE ( 'NONE',  #2625 ) ;
#896 = VERTEX_POINT ( 'NONE', #1463 ) ;
#897 = FACE_OUTER_BOUND ( 'NONE', #2551, .T. ) ;
#898 = EDGE_CURVE ( 'NONE', #338, #2411, #485, .T. ) ;
#899 = DIRECTION ( 'NONE',  ( 0.000000000000000000, 1.000000000000000000, 0.000000000000000000 ) ) ;
#900 = VERTEX_POINT ( 'NONE', #2489 ) ;
#901 = DIRECTION ( 'NONE',  ( 0.000000000000000000, 0.000000000000000000, 1.000000000000000000 ) ) ;
#902 = VERTEX_POINT ( 'NONE', #199 ) ;
#903 = DIRECTION ( 'NONE',  ( 0.8660254037844359321, 0.5000000000000046629, 0.000000000000000000 ) ) ;
#904 = DIRECTION ( 'NONE',  ( 0.000000000000000000, 1.000000000000000000, 0.000000000000000000 ) ) ;
#905 = EDGE_CURVE ( 'NONE', #79, #2689, #1744, .T. ) ;
#906 = ORIENTED_EDGE ( 'NONE', *, *, #2176, .T. ) ;
#907 = ADVANCED_FACE ( 'NONE', ( #1243 ), #2252, .F. ) ;
#908 = ORIENTED_EDGE ( 'NONE', *, *, #2042, .T. ) ;
#909 = DIRECTION ( 'NONE',  ( 1.817653936845376936E-16, -1.000000000000000000, 0.000000000000000000 ) ) ;
#910 = FACE_OUTER_BOUND ( 'NONE', #2563, .T. ) ;
#911 = LINE ( 'NONE', #2470, #2998 ) ;
#912 = CARTESIAN_POINT ( 'NONE',  ( -8.585000000000004405, 10.82999999999999652, 6.734999999999999432 ) ) ;
#913 = FACE_OUTER_BOUND ( 'NONE', #591, .T. ) ;
#914 = EDGE_LOOP ( 'NONE', ( #667, #2276, #109, #3149 ) ) ;
#915 = CARTESIAN_POINT ( 'NONE',  ( -8.380000000000000782, 10.99999999999999645, 3.979999999999877414 ) ) ;
#916 = CIRCLE ( 'NONE', #2785, 0.3000000000000002665 ) ;
#917 = ORIENTED_EDGE ( 'NONE', *, *, #1965, .T. ) ;
#918 = DIRECTION ( 'NONE',  ( 0.000000000000000000, 1.000000000000000000, 0.000000000000000000 ) ) ;
#919 = VECTOR ( 'NONE', #549, 100.0000000000000000 ) ;
#920 = DIRECTION ( 'NONE',  ( 3.491481338843133355E-15, 1.000000000000000000, 0.000000000000000000 ) ) ;
#921 = VERTEX_POINT ( 'NONE', #1698 ) ;
#922 = LINE ( 'NONE', #2712, #574 ) ;
#923 = EDGE_CURVE ( 'NONE', #2223, #1368, #2525, .T. ) ;
#924 = EDGE_CURVE ( 'NONE', #25, #443, #3117, .T. ) ;
#925 = EDGE_LOOP ( 'NONE', ( #1729, #2032 ) ) ;
#926 = CARTESIAN_POINT ( 'NONE',  ( 8.380000000000000782, -10.99999999999999645, 3.979999999999877414 ) ) ;
#927 = FACE_OUTER_BOUND ( 'NONE', #750, .T. ) ;
#928 = DIRECTION ( 'NONE',  ( -0.8660254037844411501, -0.4999999999999956146, 0.000000000000000000 ) ) ;
#929 = DIRECTION ( 'NONE',  ( 1.000000000000000000, 0.000000000000000000, 0.000000000000000000 ) ) ;
#930 = DIRECTION ( 'NONE',  ( 1.029267862284486287E-14, 1.000000000000000000, 0.000000000000000000 ) ) ;
#931 = ORIENTED_EDGE ( 'NONE', *, *, #3268, .T. ) ;
#932 = FACE_BOUND ( 'NONE', #2049, .T. ) ;
#933 = VERTEX_POINT ( 'NONE', #515 ) ;
#934 = DIRECTION ( 'NONE',  ( 0.000000000000000000, -0.7071067811865439090, -0.7071067811865512365 ) ) ;
#935 = LINE ( 'NONE', #2972, #3235 ) ;
#936 = ORIENTED_EDGE ( 'NONE', *, *, #508, .F. ) ;
#937 = LINE ( 'NONE', #1198, #2446 ) ;
#938 = EDGE_CURVE ( 'NONE', #985, #3007, #1797, .T. ) ;
#939 = VECTOR ( 'NONE', #3246, 100.0000000000000000 ) ;
#940 = ORIENTED_EDGE ( 'NONE', *, *, #19, .F. ) ;
#941 = CARTESIAN_POINT ( 'NONE',  ( 10.68408308751591029, 10.85145081841682391, 6.451450818416764932 ) ) ;
#942 = VECTOR ( 'NONE', #1258, 100.0000000000000000 ) ;
#943 = VECTOR ( 'NONE', #2700, 100.0000000000000000 ) ;
#944 = CIRCLE ( 'NONE', #2912, 0.3000000000000002665 ) ;
#945 = AXIS2_PLACEMENT_3D ( 'NONE', #1044, #44, #2831 ) ;
#946 = DIRECTION ( 'NONE',  ( -1.047444401652940007E-14, -1.000000000000000000, 0.000000000000000000 ) ) ;
#947 = VECTOR ( 'NONE', #527, 100.0000000000000000 ) ;
#948 = CARTESIAN_POINT ( 'NONE',  ( 10.83000000000000362, -8.584999999999997300, 7.234999999999999432 ) ) ;
#949 = CARTESIAN_POINT ( 'NONE',  ( 8.585000000000034603, 10.82999999999997343, 6.734999999999999432 ) ) ;
#950 = DIRECTION ( 'NONE',  ( 0.000000000000000000, 0.000000000000000000, -1.000000000000000000 ) ) ;
#951 = FACE_OUTER_BOUND ( 'NONE', #374, .T. ) ;
#952 = ORIENTED_EDGE ( 'NONE', *, *, #1716, .F. ) ;
#953 = CARTESIAN_POINT ( 'NONE',  ( 10.36499999999996646, -7.635000000000031761, 6.917500000000000426 ) ) ;
#954 = AXIS2_PLACEMENT_3D ( 'NONE', #994, #1762, #533 ) ;
#955 = VERTEX_POINT ( 'NONE', #3054 ) ;
#956 = DIRECTION ( 'NONE',  ( -0.000000000000000000, 0.000000000000000000, 1.000000000000000000 ) ) ;
#957 = LINE ( 'NONE', #2410, #939 ) ;
#958 = ORIENTED_EDGE ( 'NONE', *, *, #209, .F. ) ;
#959 = DIRECTION ( 'NONE',  ( 0.000000000000000000, 0.000000000000000000, 1.000000000000000000 ) ) ;
#960 = ORIENTED_EDGE ( 'NONE', *, *, #2565, .T. ) ;
#961 = DIRECTION ( 'NONE',  ( 1.000000000000000000, -1.165488593167520006E-14, 0.000000000000000000 ) ) ;
#962 = FACE_OUTER_BOUND ( 'NONE', #1721, .T. ) ;
#963 = CARTESIAN_POINT ( 'NONE',  ( 9.000000000000028422, 9.299999999999970512, 5.234999999999999432 ) ) ;
#964 = CARTESIAN_POINT ( 'NONE',  ( 9.000000000000028422, 8.999999999999969802, 5.234999999999999432 ) ) ;
#965 = EDGE_CURVE ( 'NONE', #2488, #300, #466, .T. ) ;
#966 = LINE ( 'NONE', #766, #170 ) ;
#967 = EDGE_CURVE ( 'NONE', #2120, #3244, #826, .T. ) ;
#968 = ORIENTED_EDGE ( 'NONE', *, *, #2250, .T. ) ;
#969 = FACE_OUTER_BOUND ( 'NONE', #1293, .T. ) ;
#970 = EDGE_CURVE ( 'NONE', #2308, #2026, #537, .T. ) ;
#971 = ORIENTED_EDGE ( 'NONE', *, *, #682, .T. ) ;
#972 = LINE ( 'NONE', #2220, #1742 ) ;
#973 = CARTESIAN_POINT ( 'NONE',  ( -7.634999999999996234, -10.99999999999999645, 0.000000000000000000 ) ) ;
#974 = VERTEX_POINT ( 'NONE', #290 ) ;
#975 = LINE ( 'NONE', #1233, #3299 ) ;
#976 = VECTOR ( 'NONE', #3188, 100.0000000000000000 ) ;
#977 = ORIENTED_EDGE ( 'NONE', *, *, #2186, .T. ) ;
#978 = CARTESIAN_POINT ( 'NONE',  ( -10.83000000000008711, -8.584999999999890719, 6.734999999999999432 ) ) ;
#979 = DIRECTION ( 'NONE',  ( -0.000000000000000000, 0.000000000000000000, 1.000000000000000000 ) ) ;
#980 = DIRECTION ( 'NONE',  ( 0.000000000000000000, -1.000000000000000000, 0.000000000000000000 ) ) ;
#981 = DIRECTION ( 'NONE',  ( 0.000000000000000000, -0.7071067811865439090, 0.7071067811865512365 ) ) ;
#982 = VERTEX_POINT ( 'NONE', #2339 ) ;
#983 = DIRECTION ( 'NONE',  ( -0.000000000000000000, 0.000000000000000000, 1.000000000000000000 ) ) ;
#984 = EDGE_CURVE ( 'NONE', #147, #2369, #2350, .T. ) ;
#985 = VERTEX_POINT ( 'NONE', #1032 ) ;
#986 = DIRECTION ( 'NONE',  ( 3.486881358747459102E-16, 0.000000000000000000, -1.000000000000000000 ) ) ;
#987 = CARTESIAN_POINT ( 'NONE',  ( -8.585000000000112763, -10.99999999999991296, 6.734999999999999432 ) ) ;
#988 = ORIENTED_EDGE ( 'NONE', *, *, #1301, .T. ) ;
#989 = CARTESIAN_POINT ( 'NONE',  ( 10.19000000000003148, 9.784504172281332401, 6.734999999999999432 ) ) ;
#990 = ORIENTED_EDGE ( 'NONE', *, *, #1346, .F. ) ;
#991 = DIRECTION ( 'NONE',  ( -1.000000000000000000, 4.625929269271481378E-15, 0.000000000000000000 ) ) ;
#992 = VECTOR ( 'NONE', #3015, 100.0000000000000142 ) ;
#993 = LINE ( 'NONE', #948, #1447 ) ;
#994 = CARTESIAN_POINT ( 'NONE',  ( 7.799999999999999822, 7.799999999999999822, 2.174999999999999822 ) ) ;
#995 = DIRECTION ( 'NONE',  ( 0.000000000000000000, 0.000000000000000000, -1.000000000000000000 ) ) ;
#996 = VECTOR ( 'NONE', #115, 100.0000000000000000 ) ;
#997 = AXIS2_PLACEMENT_3D ( 'NONE', #2887, #600, #1613 ) ;
#998 = CARTESIAN_POINT ( 'NONE',  ( 7.635000000000006892, -25.63499999999999801, 6.917500000000000426 ) ) ;
#999 = ORIENTED_EDGE ( 'NONE', *, *, #2418, .F. ) ;
#1000 = DIRECTION ( 'NONE',  ( -8.163404592832066703E-15, -1.000000000000000000, 0.000000000000000000 ) ) ;
#1001 = AXIS2_PLACEMENT_3D ( 'NONE', #2809, #3312, #2564 ) ;
#1002 = VERTEX_POINT ( 'NONE', #3085 ) ;
#1003 = CARTESIAN_POINT ( 'NONE',  ( 9.000000000000001776, -8.699999999999995737, 5.234999999999999432 ) ) ;
#1004 = ORIENTED_EDGE ( 'NONE', *, *, #309, .T. ) ;
#1005 = CARTESIAN_POINT ( 'NONE',  ( -10.76776695296642394, -10.76776695296631381, 6.367766952966323224 ) ) ;
#1006 = EDGE_CURVE ( 'NONE', #3278, #440, #1825, .T. ) ;
#1007 = EDGE_CURVE ( 'NONE', #982, #2464, #551, .T. ) ;
#1008 = ORIENTED_EDGE ( 'NONE', *, *, #1588, .F. ) ;
#1009 = ADVANCED_FACE ( 'NONE', ( #7, #768, #1842, #3100, #2286 ), #813, .T. ) ;
#1010 = DIRECTION ( 'NONE',  ( 0.000000000000000000, 0.000000000000000000, 1.000000000000000000 ) ) ;
#1011 = CARTESIAN_POINT ( 'NONE',  ( 10.19000000000003148, 9.784504172281332401, 7.234999999999999432 ) ) ;
#1012 = FACE_OUTER_BOUND ( 'NONE', #3024, .T. ) ;
#1013 = CARTESIAN_POINT ( 'NONE',  ( -11.00000000000000355, 7.635000000000260911, 6.917500000000000426 ) ) ;
#1014 = VERTEX_POINT ( 'NONE', #1812 ) ;
#1015 = CARTESIAN_POINT ( 'NONE',  ( -11.00000000000000355, 7.499999999999983125, 7.234999999999999432 ) ) ;
#1016 = ORIENTED_EDGE ( 'NONE', *, *, #3110, .F. ) ;
#1017 = CARTESIAN_POINT ( 'NONE',  ( -10.19000000000000306, 8.215495827718632071, 6.734999999999999432 ) ) ;
#1018 = PRESENTATION_STYLE_ASSIGNMENT (( #703 ) ) ;
#1019 = ORIENTED_EDGE ( 'NONE', *, *, #1566, .F. ) ;
#1020 = DIRECTION ( 'NONE',  ( 0.5000000000000091038, 0.8660254037844334896, 0.000000000000000000 ) ) ;
#1021 = EDGE_LOOP ( 'NONE', ( #756, #2901, #3072, #2651 ) ) ;
#1022 = CIRCLE ( 'NONE', #301, 0.3000000000000002665 ) ;
#1023 = VECTOR ( 'NONE', #683, 100.0000000000000000 ) ;
#1024 = ADVANCED_FACE ( 'NONE', ( #2584 ), #500, .F. ) ;
#1025 = EDGE_CURVE ( 'NONE', #1282, #1396, #3068, .T. ) ;
#1026 = CARTESIAN_POINT ( 'NONE',  ( 10.83000000000003027, 9.414999999999965397, 7.234999999999999432 ) ) ;
#1027 = AXIS2_PLACEMENT_3D ( 'NONE', #1541, #41, #2570 ) ;
#1028 = CARTESIAN_POINT ( 'NONE',  ( 9.000000000000028422, 8.999999999999969802, -7.071067811865471953 ) ) ;
#1029 = DIRECTION ( 'NONE',  ( -0.000000000000000000, 0.000000000000000000, 1.000000000000000000 ) ) ;
#1030 = LINE ( 'NONE', #2048, #1071 ) ;
#1031 = EDGE_LOOP ( 'NONE', ( #2495, #1778, #2105, #1401 ) ) ;
#1032 = CARTESIAN_POINT ( 'NONE',  ( -9.000000000000090594, -9.299999999999908340, 5.234999999999999432 ) ) ;
#1033 = ORIENTED_EDGE ( 'NONE', *, *, #357, .T. ) ;
#1034 = CARTESIAN_POINT ( 'NONE',  ( 8.380000000000000782, 8.379999999999972360, 3.979999999999876525 ) ) ;
#1035 = DIRECTION ( 'NONE',  ( -1.000000000000000000, 3.330669073875470410E-15, 0.000000000000000000 ) ) ;
#1036 = EDGE_LOOP ( 'NONE', ( #1033, #691, #2164, #160 ) ) ;
#1037 = LINE ( 'NONE', #1066, #947 ) ;
#1038 = ORIENTED_EDGE ( 'NONE', *, *, #3146, .T. ) ;
#1039 = ORIENTED_EDGE ( 'NONE', *, *, #1591, .F. ) ;
#1040 = AXIS2_PLACEMENT_3D ( 'NONE', #823, #2893, #2137 ) ;
#1041 = VECTOR ( 'NONE', #2693, 100.0000000000000000 ) ;
#1042 = DIRECTION ( 'NONE',  ( -1.000000000000000000, 3.491481338843133355E-15, 0.000000000000000000 ) ) ;
#1043 = ORIENTED_EDGE ( 'NONE', *, *, #1007, .T. ) ;
#1044 = CARTESIAN_POINT ( 'NONE',  ( 9.000000000000001776, -8.999999999999996447, 7.234999999999999432 ) ) ;
#1045 = AXIS2_PLACEMENT_3D ( 'NONE', #3261, #736, #2239 ) ;
#1046 = AXIS2_PLACEMENT_3D ( 'NONE', #1090, #844, #2404 ) ;
#1047 = ORIENTED_EDGE ( 'NONE', *, *, #2839, .T. ) ;
#1048 = AXIS2_PLACEMENT_3D ( 'NONE', #2365, #1876, #2631 ) ;
#1049 = PLANE ( 'NONE',  #1630 ) ;
#1050 = LINE ( 'NONE', #1593, #326 ) ;
#1051 = ORIENTED_EDGE ( 'NONE', *, *, #373, .T. ) ;
#1052 = AXIS2_PLACEMENT_3D ( 'NONE', #2515, #1268, #2497 ) ;
#1053 = FACE_OUTER_BOUND ( 'NONE', #1638, .T. ) ;
#1054 = ORIENTED_EDGE ( 'NONE', *, *, #3274, .T. ) ;
#1055 = ORIENTED_EDGE ( 'NONE', *, *, #187, .F. ) ;
#1056 = DIRECTION ( 'NONE',  ( -0.000000000000000000, 0.000000000000000000, 1.000000000000000000 ) ) ;
#1057 = CARTESIAN_POINT ( 'NONE',  ( -9.000000000000090594, -9.299999999999908340, 7.234999999999999432 ) ) ;
#1058 = ORIENTED_EDGE ( 'NONE', *, *, #808, .F. ) ;
#1059 = DIRECTION ( 'NONE',  ( 0.000000000000000000, 1.000000000000000000, 0.000000000000000000 ) ) ;
#1060 = EDGE_CURVE ( 'NONE', #1140, #525, #1559, .T. ) ;
#1061 = ORIENTED_EDGE ( 'NONE', *, *, #1686, .F. ) ;
#1062 = ADVANCED_FACE ( 'NONE', ( #1263 ), #277, .F. ) ;
#1063 = DIRECTION ( 'NONE',  ( 1.000000000000000000, 0.000000000000000000, 0.000000000000000000 ) ) ;
#1064 = CARTESIAN_POINT ( 'NONE',  ( 9.000000000000001776, -8.699999999999995737, 5.234999999999999432 ) ) ;
#1065 = ORIENTED_EDGE ( 'NONE', *, *, #1818, .T. ) ;
#1066 = CARTESIAN_POINT ( 'NONE',  ( -11.00000000000010481, -10.49999999999990052, 7.234999999999999432 ) ) ;
#1067 = ORIENTED_EDGE ( 'NONE', *, *, #1301, .F. ) ;
#1068 = ORIENTED_EDGE ( 'NONE', *, *, #456, .F. ) ;
#1069 = AXIS2_PLACEMENT_3D ( 'NONE', #2787, #1728, #449 ) ;
#1070 = DIRECTION ( 'NONE',  ( -0.000000000000000000, 0.000000000000000000, 1.000000000000000000 ) ) ;
#1071 = VECTOR ( 'NONE', #3066, 100.0000000000000000 ) ;
#1072 = CARTESIAN_POINT ( 'NONE',  ( -10.19000000000008299, -8.215495827718530819, 6.734999999999999432 ) ) ;
#1073 = EDGE_LOOP ( 'NONE', ( #259, #3096, #2238, #641 ) ) ;
#1074 = DIRECTION ( 'NONE',  ( 0.000000000000000000, 0.000000000000000000, 1.000000000000000000 ) ) ;
#1075 = EDGE_CURVE ( 'NONE', #3139, #425, #2559, .T. ) ;
#1076 = EDGE_CURVE ( 'NONE', #896, #2340, #1278, .T. ) ;
#1077 = DIRECTION ( 'NONE',  ( -0.000000000000000000, 0.000000000000000000, 1.000000000000000000 ) ) ;
#1078 = CARTESIAN_POINT ( 'NONE',  ( -10.83000000000000362, 8.584999999999997300, 6.734999999999999432 ) ) ;
#1079 = EDGE_LOOP ( 'NONE', ( #2884, #45 ) ) ;
#1080 = CARTESIAN_POINT ( 'NONE',  ( 10.68408308751583924, -10.85145081841689318, 6.451450818416684996 ) ) ;
#1081 = VERTEX_POINT ( 'NONE', #2319 ) ;
#1082 = ORIENTED_EDGE ( 'NONE', *, *, #124, .F. ) ;
#1083 = DIRECTION ( 'NONE',  ( -0.000000000000000000, 0.000000000000000000, 1.000000000000000000 ) ) ;
#1084 = ORIENTED_EDGE ( 'NONE', *, *, #1452, .F. ) ;
#1085 = CARTESIAN_POINT ( 'NONE',  ( 0.000000000000000000, 0.000000000000000000, 6.734999999999999432 ) ) ;
#1086 = DIRECTION ( 'NONE',  ( 0.8660254037844299368, -0.5000000000000150990, 0.000000000000000000 ) ) ;
#1087 = VERTEX_POINT ( 'NONE', #24 ) ;
#1088 = FACE_OUTER_BOUND ( 'NONE', #1131, .T. ) ;
#1089 = EDGE_CURVE ( 'NONE', #2929, #1682, #2160, .T. ) ;
#1090 = CARTESIAN_POINT ( 'NONE',  ( 0.000000000000000000, 0.000000000000000000, 6.917500000000000426 ) ) ;
#1091 = DIRECTION ( 'NONE',  ( 1.000000000000000000, 0.000000000000000000, 0.000000000000000000 ) ) ;
#1092 = EDGE_LOOP ( 'NONE', ( #2364, #1315, #2172, #2122 ) ) ;
#1093 = VECTOR ( 'NONE', #1056, 100.0000000000000000 ) ;
#1094 = LINE ( 'NONE', #1865, #2112 ) ;
#1095 = AXIS2_PLACEMENT_3D ( 'NONE', #1222, #458, #221 ) ;
#1096 = VECTOR ( 'NONE', #2403, 100.0000000000000000 ) ;
#1097 = ORIENTED_EDGE ( 'NONE', *, *, #2459, .F. ) ;
#1098 = DIRECTION ( 'NONE',  ( -1.000000000000000000, 3.309715945158595366E-15, 0.000000000000000000 ) ) ;
#1099 = ORIENTED_EDGE ( 'NONE', *, *, #1270, .T. ) ;
#1100 = FACE_OUTER_BOUND ( 'NONE', #3095, .T. ) ;
#1101 = EDGE_CURVE ( 'NONE', #1277, #982, #1590, .T. ) ;
#1102 = EDGE_CURVE ( 'NONE', #525, #2619, #1376, .T. ) ;
#1103 = EDGE_CURVE ( 'NONE', #1464, #1700, #90, .T. ) ;
#1104 = ORIENTED_EDGE ( 'NONE', *, *, #267, .T. ) ;
#1105 = LINE ( 'NONE', #359, #2811 ) ;
#1106 = EDGE_CURVE ( 'NONE', #2926, #2251, #325, .T. ) ;
#1107 = AXIS2_PLACEMENT_3D ( 'NONE', #320, #1539, #239 ) ;
#1108 = CARTESIAN_POINT ( 'NONE',  ( 10.50000000000001599, -10.99999999999999645, 0.000000000000000000 ) ) ;
#1109 = VERTEX_POINT ( 'NONE', #2613 ) ;
#1110 = CARTESIAN_POINT ( 'NONE',  ( 9.000000000000001776, -8.999999999999996447, 5.234999999999999432 ) ) ;
#1111 = VECTOR ( 'NONE', #3303, 100.0000000000000000 ) ;
#1112 = DIRECTION ( 'NONE',  ( 0.000000000000000000, 0.000000000000000000, -1.000000000000000000 ) ) ;
#1113 = DIRECTION ( 'NONE',  ( 0.000000000000000000, -1.000000000000000000, 0.000000000000000000 ) ) ;
#1114 = VERTEX_POINT ( 'NONE', #1889 ) ;
#1115 = LINE ( 'NONE', #1915, #1156 ) ;
#1116 = VERTEX_POINT ( 'NONE', #3202 ) ;
#1117 = DIRECTION ( 'NONE',  ( -0.000000000000000000, 0.000000000000000000, 1.000000000000000000 ) ) ;
#1118 = EDGE_LOOP ( 'NONE', ( #723, #2616, #2431, #2358 ) ) ;
#1119 = CARTESIAN_POINT ( 'NONE',  ( -10.50000000000001599, 11.00000000000013323, 6.600000000000000533 ) ) ;
#1120 = ORIENTED_EDGE ( 'NONE', *, *, #780, .T. ) ;
#1121 = CARTESIAN_POINT ( 'NONE',  ( 8.215495827718639177, -10.18999999999999595, 6.734999999999999432 ) ) ;
#1122 = ADVANCED_FACE ( 'NONE', ( #1605 ), #1861, .T. ) ;
#1123 = EDGE_CURVE ( 'NONE', #1081, #1700, #2915, .T. ) ;
#1124 = DIRECTION ( 'NONE',  ( -1.000000000000000000, 0.000000000000000000, 0.000000000000000000 ) ) ;
#1125 = ORIENTED_EDGE ( 'NONE', *, *, #819, .T. ) ;
#1126 = CARTESIAN_POINT ( 'NONE',  ( 9.415000000000002700, -10.82999999999999652, 6.734999999999999432 ) ) ;
#1127 = CIRCLE ( 'NONE', #2999, 0.3000000000000002665 ) ;
#1128 = CARTESIAN_POINT ( 'NONE',  ( 11.00000000000000355, -8.584999999999997300, 6.734999999999999432 ) ) ;
#1129 = EDGE_LOOP ( 'NONE', ( #204, #1058, #454, #2671 ) ) ;
#1130 = DIRECTION ( 'NONE',  ( -0.000000000000000000, 0.000000000000000000, 1.000000000000000000 ) ) ;
#1131 = EDGE_LOOP ( 'NONE', ( #284, #188, #2174, #1352 ) ) ;
#1132 = DIRECTION ( 'NONE',  ( -0.000000000000000000, 0.000000000000000000, 1.000000000000000000 ) ) ;
#1133 = CYLINDRICAL_SURFACE ( 'NONE', #31, 0.3000000000000002665 ) ;
#1134 = ORIENTED_EDGE ( 'NONE', *, *, #2987, .F. ) ;
#1135 = LINE ( 'NONE', #869, #302 ) ;
#1136 = ORIENTED_EDGE ( 'NONE', *, *, #1406, .T. ) ;
#1137 = CARTESIAN_POINT ( 'NONE',  ( -10.19000000000008299, -8.215495827718530819, 7.234999999999999432 ) ) ;
#1138 = EDGE_CURVE ( 'NONE', #2713, #2926, #2435, .T. ) ;
#1139 = DIRECTION ( 'NONE',  ( 1.000000000000000000, -3.309715945158595366E-15, 0.000000000000000000 ) ) ;
#1140 = VERTEX_POINT ( 'NONE', #144 ) ;
#1141 = CARTESIAN_POINT ( 'NONE',  ( 11.00000000000000355, -9.414999999999997371, 6.734999999999999432 ) ) ;
#1142 = EDGE_CURVE ( 'NONE', #1311, #1785, #3136, .T. ) ;
#1143 = ADVANCED_FACE ( 'NONE', ( #897 ), #1160, .F. ) ;
#1144 = DIRECTION ( 'NONE',  ( 0.000000000000000000, 1.000000000000000000, -0.000000000000000000 ) ) ;
#1145 = ORIENTED_EDGE ( 'NONE', *, *, #679, .F. ) ;
#1146 = CARTESIAN_POINT ( 'NONE',  ( 8.585000000000004405, -10.82999999999999652, 6.734999999999999432 ) ) ;
#1147 = CARTESIAN_POINT ( 'NONE',  ( -7.799999999999999822, -7.500000000000000000, 2.174999999999999822 ) ) ;
#1148 = VECTOR ( 'NONE', #1585, 100.0000000000000000 ) ;
#1149 = DIRECTION ( 'NONE',  ( 1.000000000000000000, 0.000000000000000000, 0.000000000000000000 ) ) ;
#1150 = ORIENTED_EDGE ( 'NONE', *, *, #2715, .F. ) ;
#1151 = VECTOR ( 'NONE', #1466, 100.0000000000000000 ) ;
#1152 = LINE ( 'NONE', #2173, #3030 ) ;
#1153 = VECTOR ( 'NONE', #903, 100.0000000000000000 ) ;
#1154 = VECTOR ( 'NONE', #2341, 100.0000000000000000 ) ;
#1155 = ORIENTED_EDGE ( 'NONE', *, *, #3128, .F. ) ;
#1156 = VECTOR ( 'NONE', #666, 100.0000000000000000 ) ;
#1157 = CARTESIAN_POINT ( 'NONE',  ( -10.83000000000000362, 8.584999999999997300, 7.234999999999999432 ) ) ;
#1158 = CARTESIAN_POINT ( 'NONE',  ( -10.36500000000007482, -7.634999999999895870, 6.917500000000000426 ) ) ;
#1159 = DIRECTION ( 'NONE',  ( 0.000000000000000000, 1.000000000000000000, 0.000000000000000000 ) ) ;
#1160 = PLANE ( 'NONE',  #2217 ) ;
#1161 = LINE ( 'NONE', #1379, #548 ) ;
#1162 = ORIENTED_EDGE ( 'NONE', *, *, #2267, .T. ) ;
#1163 = FACE_OUTER_BOUND ( 'NONE', #1262, .T. ) ;
#1164 = EDGE_CURVE ( 'NONE', #2796, #3142, #516, .T. ) ;
#1165 = EDGE_CURVE ( 'NONE', #1866, #100, #581, .T. ) ;
#1166 = ORIENTED_EDGE ( 'NONE', *, *, #796, .F. ) ;
#1167 = DIRECTION ( 'NONE',  ( 0.8660254037844378194, 0.5000000000000016653, 0.000000000000000000 ) ) ;
#1168 = CARTESIAN_POINT ( 'NONE',  ( -8.585000000000004405, 10.82999999999999652, 7.234999999999999432 ) ) ;
#1169 = VERTEX_POINT ( 'NONE', #1141 ) ;
#1170 = DIRECTION ( 'NONE',  ( -0.000000000000000000, 0.000000000000000000, 1.000000000000000000 ) ) ;
#1171 = VERTEX_POINT ( 'NONE', #2933 ) ;
#1172 = DIRECTION ( 'NONE',  ( 0.000000000000000000, 1.000000000000000000, -0.000000000000000000 ) ) ;
#1173 = DIRECTION ( 'NONE',  ( -0.000000000000000000, 0.000000000000000000, 1.000000000000000000 ) ) ;
#1174 = DIRECTION ( 'NONE',  ( -1.000000000000000000, 3.491481338843133355E-15, 0.000000000000000000 ) ) ;
#1175 = CYLINDRICAL_SURFACE ( 'NONE', #2837, 0.3000000000000002665 ) ;
#1176 = VERTEX_POINT ( 'NONE', #1340 ) ;
#1177 = PLANE ( 'NONE',  #1793 ) ;
#1178 = VECTOR ( 'NONE', #2199, 100.0000000000000000 ) ;
#1179 = VERTEX_POINT ( 'NONE', #362 ) ;
#1180 = DIRECTION ( 'NONE',  ( 0.000000000000000000, 1.000000000000000000, 0.000000000000000000 ) ) ;
#1181 = AXIS2_PLACEMENT_3D ( 'NONE', #2316, #779, #1795 ) ;
#1182 = CARTESIAN_POINT ( 'NONE',  ( 10.19000000000002615, 8.215495827718601873, 6.734999999999999432 ) ) ;
#1183 = VERTEX_POINT ( 'NONE', #646 ) ;
#1184 = DIRECTION ( 'NONE',  ( -0.5000000000000150990, -0.8660254037844300479, 0.000000000000000000 ) ) ;
#1185 = ORIENTED_EDGE ( 'NONE', *, *, #3101, .F. ) ;
#1186 = LINE ( 'NONE', #154, #3293 ) ;
#1187 = DIRECTION ( 'NONE',  ( -1.000000000000000000, 3.330669073875470410E-15, 0.000000000000000000 ) ) ;
#1188 = CARTESIAN_POINT ( 'NONE',  ( -11.00000000000000355, 7.499999999999983125, 7.234999999999999432 ) ) ;
#1189 = CARTESIAN_POINT ( 'NONE',  ( -8.585000000000002629, 10.99999999999999645, 6.734999999999999432 ) ) ;
#1190 = VECTOR ( 'NONE', #2816, 100.0000000000000000 ) ;
#1191 = CARTESIAN_POINT ( 'NONE',  ( -10.83000000000008711, -8.584999999999890719, 7.234999999999999432 ) ) ;
#1192 = ORIENTED_EDGE ( 'NONE', *, *, #1495, .F. ) ;
#1193 = FACE_OUTER_BOUND ( 'NONE', #806, .T. ) ;
#1194 = VERTEX_POINT ( 'NONE', #1658 ) ;
#1195 = LINE ( 'NONE', #2184, #1575 ) ;
#1196 = FACE_OUTER_BOUND ( 'NONE', #629, .T. ) ;
#1197 = VERTEX_POINT ( 'NONE', #379 ) ;
#1198 = CARTESIAN_POINT ( 'NONE',  ( -11.00000000000000355, 8.584999999999997300, 6.734999999999999432 ) ) ;
#1199 = AXIS2_PLACEMENT_3D ( 'NONE', #874, #2179, #3150 ) ;
#1200 = ORIENTED_EDGE ( 'NONE', *, *, #40, .T. ) ;
#1201 = DIRECTION ( 'NONE',  ( 0.000000000000000000, 0.000000000000000000, -1.000000000000000000 ) ) ;
#1202 = AXIS2_PLACEMENT_3D ( 'NONE', #1919, #368, #1098 ) ;
#1203 = ADVANCED_FACE ( 'NONE', ( #630 ), #123, .T. ) ;
#1204 = CIRCLE ( 'NONE', #2649, 2.499999999999999556 ) ;
#1205 = ADVANCED_FACE ( 'NONE', ( #1088 ), #2111, .F. ) ;
#1206 = VECTOR ( 'NONE', #782, 100.0000000000000000 ) ;
#1207 = EDGE_CURVE ( 'NONE', #12, #638, #2879, .T. ) ;
#1208 = CARTESIAN_POINT ( 'NONE',  ( 10.19000000000000306, -9.784504172281362600, 6.734999999999999432 ) ) ;
#1209 = VECTOR ( 'NONE', #283, 100.0000000000000142 ) ;
#1210 = DIRECTION ( 'NONE',  ( 0.000000000000000000, -0.000000000000000000, 1.000000000000000000 ) ) ;
#1211 = DIRECTION ( 'NONE',  ( -1.000000000000000000, 0.000000000000000000, 0.000000000000000000 ) ) ;
#1212 = EDGE_CURVE ( 'NONE', #2914, #902, #448, .T. ) ;
#1213 = FACE_OUTER_BOUND ( 'NONE', #3164, .T. ) ;
#1214 = ORIENTED_EDGE ( 'NONE', *, *, #1582, .F. ) ;
#1215 = DIRECTION ( 'NONE',  ( -0.000000000000000000, 0.000000000000000000, 1.000000000000000000 ) ) ;
#1216 = EDGE_LOOP ( 'NONE', ( #1687, #2988, #715, #2858 ) ) ;
#1217 = FACE_OUTER_BOUND ( 'NONE', #507, .T. ) ;
#1218 = ORIENTED_EDGE ( 'NONE', *, *, #2897, .F. ) ;
#1219 = DIRECTION ( 'NONE',  ( 0.8660254037844299368, -0.5000000000000150990, 0.000000000000000000 ) ) ;
#1220 = VECTOR ( 'NONE', #1170, 100.0000000000000000 ) ;
#1221 = ORIENTED_EDGE ( 'NONE', *, *, #3016, .F. ) ;
#1222 = CARTESIAN_POINT ( 'NONE',  ( -9.415000000000111058, -10.82999999999990415, 6.734999999999999432 ) ) ;
#1223 = DIRECTION ( 'NONE',  ( 1.000000000000000000, -3.491481338843133355E-15, 0.000000000000000000 ) ) ;
#1224 = DIRECTION ( 'NONE',  ( 0.000000000000000000, 0.000000000000000000, -1.000000000000000000 ) ) ;
#1225 = ADVANCED_FACE ( 'NONE', ( #3255 ), #3216, .F. ) ;
#1226 = DIRECTION ( 'NONE',  ( 1.000000000000000000, -1.165488593167520006E-14, 0.000000000000000000 ) ) ;
#1227 = ORIENTED_EDGE ( 'NONE', *, *, #1551, .F. ) ;
#1228 = DIRECTION ( 'NONE',  ( 0.000000000000000000, 1.000000000000000000, 0.000000000000000000 ) ) ;
#1229 = EDGE_LOOP ( 'NONE', ( #2696, #1735, #2832, #243 ) ) ;
#1230 = CARTESIAN_POINT ( 'NONE',  ( 11.00000000000010836, 11.00000000000005862, 6.600000000000000533 ) ) ;
#1231 = DIRECTION ( 'NONE',  ( 1.047444401652940007E-14, 1.000000000000000000, 0.000000000000000000 ) ) ;
#1232 = ORIENTED_EDGE ( 'NONE', *, *, #2418, .T. ) ;
#1233 = CARTESIAN_POINT ( 'NONE',  ( -10.19000000000000306, 8.215495827718632071, 6.734999999999999432 ) ) ;
#1234 = AXIS2_PLACEMENT_3D ( 'NONE', #3038, #3285, #1496 ) ;
#1235 = VERTEX_POINT ( 'NONE', #211 ) ;
#1236 = EDGE_CURVE ( 'NONE', #331, #338, #2471, .T. ) ;
#1237 = CARTESIAN_POINT ( 'NONE',  ( -8.585000000000110987, -10.82999999999991303, 7.234999999999999432 ) ) ;
#1238 = EDGE_CURVE ( 'NONE', #3056, #484, #2505, .T. ) ;
#1239 = CARTESIAN_POINT ( 'NONE',  ( 0.000000000000000000, 0.000000000000000000, 6.917500000000000426 ) ) ;
#1240 = DIRECTION ( 'NONE',  ( 0.000000000000000000, -1.000000000000000000, 0.000000000000000000 ) ) ;
#1241 = DIRECTION ( 'NONE',  ( 1.000000000000000000, -1.047444401652940007E-14, 0.000000000000000000 ) ) ;
#1242 = ORIENTED_EDGE ( 'NONE', *, *, #2314, .T. ) ;
#1243 = FACE_OUTER_BOUND ( 'NONE', #1816, .T. ) ;
#1244 = EDGE_CURVE ( 'NONE', #1087, #699, #193, .T. ) ;
#1245 = ADVANCED_FACE ( 'NONE', ( #1460 ), #2486, .T. ) ;
#1246 = EDGE_CURVE ( 'NONE', #321, #100, #2982, .T. ) ;
#1247 = ORIENTED_EDGE ( 'NONE', *, *, #2925, .T. ) ;
#1248 = CARTESIAN_POINT ( 'NONE',  ( -10.19000000000000306, 9.784504172281362600, 7.234999999999999432 ) ) ;
#1249 = DIRECTION ( 'NONE',  ( 1.047444401652940007E-14, 1.000000000000000000, 0.000000000000000000 ) ) ;
#1250 = ORIENTED_EDGE ( 'NONE', *, *, #612, .F. ) ;
#1251 = VECTOR ( 'NONE', #2717, 100.0000000000000000 ) ;
#1252 = FACE_OUTER_BOUND ( 'NONE', #2036, .T. ) ;
#1253 = EDGE_LOOP ( 'NONE', ( #2285, #2375, #1084, #3004 ) ) ;
#1254 = CARTESIAN_POINT ( 'NONE',  ( 11.00000000000009948, 8.379999999999961702, 3.979999999999877414 ) ) ;
#1255 = VECTOR ( 'NONE', #643, 100.0000000000000000 ) ;
#1256 = DIRECTION ( 'NONE',  ( -3.491481338843133355E-15, -1.000000000000000000, 0.000000000000000000 ) ) ;
#1257 = DIRECTION ( 'NONE',  ( 0.000000000000000000, 1.000000000000000000, 0.000000000000000000 ) ) ;
#1258 = DIRECTION ( 'NONE',  ( -1.000000000000000000, 0.000000000000000000, 0.000000000000000000 ) ) ;
#1259 = AXIS2_PLACEMENT_3D ( 'NONE', #1491, #2278, #1774 ) ;
#1260 = VECTOR ( 'NONE', #1059, 100.0000000000000000 ) ;
#1261 = DIRECTION ( 'NONE',  ( 0.000000000000000000, 0.000000000000000000, 1.000000000000000000 ) ) ;
#1262 = EDGE_LOOP ( 'NONE', ( #2312, #586, #814, #2481 ) ) ;
#1263 = FACE_OUTER_BOUND ( 'NONE', #1391, .T. ) ;
#1264 = ORIENTED_EDGE ( 'NONE', *, *, #2985, .F. ) ;
#1265 = CARTESIAN_POINT ( 'NONE',  ( 10.50000000000001599, -10.99999999999999645, 7.234999999999999432 ) ) ;
#1266 = DIRECTION ( 'NONE',  ( -1.000000000000000000, 1.047444401652940007E-14, 0.000000000000000000 ) ) ;
#1267 = ORIENTED_EDGE ( 'NONE', *, *, #1238, .T. ) ;
#1268 = DIRECTION ( 'NONE',  ( 0.000000000000000000, 0.000000000000000000, 1.000000000000000000 ) ) ;
#1269 = ADVANCED_FACE ( 'NONE', ( #727 ), #1710, .F. ) ;
#1270 = EDGE_CURVE ( 'NONE', #573, #648, #2234, .T. ) ;
#1271 = ORIENTED_EDGE ( 'NONE', *, *, #1389, .T. ) ;
#1272 = DIRECTION ( 'NONE',  ( -3.491481338843133355E-15, -1.000000000000000000, 0.000000000000000000 ) ) ;
#1273 =( BOUNDED_CURVE ( )  B_SPLINE_CURVE ( 3, ( #1647, #2707, #1677, #75 ),
 .UNSPECIFIED., .F., .F. ) 
 B_SPLINE_CURVE_WITH_KNOTS ( ( 4, 4 ),
 ( 5.497787143782131736, 5.639684198386317071 ),
 .UNSPECIFIED. ) 
 CURVE ( )  GEOMETRIC_REPRESENTATION_ITEM ( )  RATIONAL_B_SPLINE_CURVE ( ( 1.000000000000000000, 0.9983228058750943656, 0.9983228058750943656, 1.000000000000000000 ) ) 
 REPRESENTATION_ITEM ( '' )  );
#1274 = CARTESIAN_POINT ( 'NONE',  ( 7.635000000000004228, -10.99999999999999645, 0.000000000000000000 ) ) ;
#1275 = DIRECTION ( 'NONE',  ( 0.000000000000000000, 0.000000000000000000, 1.000000000000000000 ) ) ;
#1276 = CARTESIAN_POINT ( 'NONE',  ( 8.380000000000002558, 8.379999999999974136, 0.000000000000000000 ) ) ;
#1277 = VERTEX_POINT ( 'NONE', #2748 ) ;
#1278 = LINE ( 'NONE', #2572, #2966 ) ;
#1279 = VERTEX_POINT ( 'NONE', #462 ) ;
#1280 = CARTESIAN_POINT ( 'NONE',  ( 10.92899188551690415, -10.59467748597746706, 6.528991885516807869 ) ) ;
#1281 =( NAMED_UNIT ( * ) SI_UNIT ( $, .STERADIAN. ) SOLID_ANGLE_UNIT ( ) );
#1282 = VERTEX_POINT ( 'NONE', #3001 ) ;
#1283 = DIRECTION ( 'NONE',  ( 0.000000000000000000, 1.000000000000000000, 0.000000000000000000 ) ) ;
#1284 = PRODUCT_DEFINITION ( 'UNKNOWN', '', #2906, #38 ) ;
#1285 = EDGE_LOOP ( 'NONE', ( #672, #748 ) ) ;
#1286 = CIRCLE ( 'NONE', #2416, 0.3000000000000002665 ) ;
#1287 = ORIENTED_EDGE ( 'NONE', *, *, #2925, .F. ) ;
#1288 = AXIS2_PLACEMENT_3D ( 'NONE', #2195, #2629, #2157 ) ;
#1289 = CARTESIAN_POINT ( 'NONE',  ( -11.00000000000009770, 10.49999999999998224, 6.600000000000000533 ) ) ;
#1290 = CARTESIAN_POINT ( 'NONE',  ( 9.784504172281369705, -10.18999999999999595, 7.234999999999999432 ) ) ;
#1291 = VERTEX_POINT ( 'NONE', #482 ) ;
#1292 = DIRECTION ( 'NONE',  ( 0.000000000000000000, 0.000000000000000000, 1.000000000000000000 ) ) ;
#1293 = EDGE_LOOP ( 'NONE', ( #1666, #960 ) ) ;
#1294 = DIRECTION ( 'NONE',  ( 3.491481338843132961E-15, 1.000000000000000000, 3.491481338843169248E-15 ) ) ;
#1295 = DIRECTION ( 'NONE',  ( 3.486881358747459102E-16, -3.486881358747496080E-16, -1.000000000000000000 ) ) ;
#1296 = ORIENTED_EDGE ( 'NONE', *, *, #3268, .F. ) ;
#1297 = CARTESIAN_POINT ( 'NONE',  ( -7.634999999999996234, -10.36499999999999311, 7.234999999999999432 ) ) ;
#1298 = EDGE_LOOP ( 'NONE', ( #74, #437, #908, #1636 ) ) ;
#1299 = ORIENTED_EDGE ( 'NONE', *, *, #1471, .F. ) ;
#1300 = FACE_OUTER_BOUND ( 'NONE', #356, .T. ) ;
#1301 = EDGE_CURVE ( 'NONE', #839, #794, #1360, .T. ) ;
#1302 = ADVANCED_FACE ( 'NONE', ( #1426 ), #2247, .F. ) ;
#1303 = VECTOR ( 'NONE', #2347, 100.0000000000000000 ) ;
#1305 = EDGE_CURVE ( 'NONE', #1396, #1697, #225, .T. ) ;
#1304 = AXIS2_PLACEMENT_3D ( 'NONE', #2776, #1231, #1266 ) ;
#1306 = LINE ( 'NONE', #1290, #1987 ) ;
#1307 = ORIENTED_EDGE ( 'NONE', *, *, #2395, .F. ) ;
#1308 = CARTESIAN_POINT ( 'NONE',  ( -9.000000000000090594, -9.299999999999908340, 5.234999999999999432 ) ) ;
#1309 = VECTOR ( 'NONE', #1423, 100.0000000000000000 ) ;
#1310 = AXIS2_PLACEMENT_3D ( 'NONE', #1733, #2512, #1180 ) ;
#1311 = VERTEX_POINT ( 'NONE', #1189 ) ;
#1312 = VECTOR ( 'NONE', #2031, 100.0000000000000000 ) ;
#1313 = CARTESIAN_POINT ( 'NONE',  ( 9.000000000000001776, -8.999999999999996447, 7.234999999999999432 ) ) ;
#1314 = CARTESIAN_POINT ( 'NONE',  ( 10.83000000000000362, -8.584999999999997300, 6.734999999999999432 ) ) ;
#1315 = ORIENTED_EDGE ( 'NONE', *, *, #1758, .F. ) ;
#1316 = VECTOR ( 'NONE', #2936, 100.0000000000000000 ) ;
#1317 = FACE_OUTER_BOUND ( 'NONE', #2758, .T. ) ;
#1318 = ORIENTED_EDGE ( 'NONE', *, *, #2352, .F. ) ;
#1319 = DIRECTION ( 'NONE',  ( 0.4999999999999956146, -0.8660254037844411501, 0.000000000000000000 ) ) ;
#1320 = EDGE_CURVE ( 'NONE', #1697, #1183, #431, .T. ) ;
#1321 = EDGE_CURVE ( 'NONE', #798, #1169, #1748, .T. ) ;
#1322 = VECTOR ( 'NONE', #1615, 100.0000000000000000 ) ;
#1323 = PLANE ( 'NONE',  #1288 ) ;
#1324 = ORIENTED_EDGE ( 'NONE', *, *, #2547, .F. ) ;
#1325 = CARTESIAN_POINT ( 'NONE',  ( 9.784504172281369705, -10.18999999999999595, 6.734999999999999432 ) ) ;
#1326 = CARTESIAN_POINT ( 'NONE',  ( -7.799999999999999822, -7.799999999999999822, 2.174999999999999822 ) ) ;
#1327 = DIRECTION ( 'NONE',  ( 0.000000000000000000, 0.000000000000000000, 1.000000000000000000 ) ) ;
#1328 = ORIENTED_EDGE ( 'NONE', *, *, #3002, .T. ) ;
#1329 = CARTESIAN_POINT ( 'NONE',  ( 10.50000000000001599, -11.00000000000020606, 6.600000000000000533 ) ) ;
#1330 = ADVANCED_FACE ( 'NONE', ( #2521 ), #2264, .F. ) ;
#1331 = ORIENTED_EDGE ( 'NONE', *, *, #2875, .T. ) ;
#1332 = CARTESIAN_POINT ( 'NONE',  ( 11.00000000000000355, -10.49999999999998224, 0.000000000000000000 ) ) ;
#1333 = ORIENTED_EDGE ( 'NONE', *, *, #1270, .F. ) ;
#1334 = ADVANCED_FACE ( 'NONE', ( #681 ), #1692, .F. ) ;
#1335 = VECTOR ( 'NONE', #647, 100.0000000000000000 ) ;
#1336 = CARTESIAN_POINT ( 'NONE',  ( -9.000000000000090594, -8.699999999999906919, 7.234999999999999432 ) ) ;
#1337 = CIRCLE ( 'NONE', #332, 0.3000000000000002665 ) ;
#1338 = DIRECTION ( 'NONE',  ( 1.047444401652940007E-14, 1.000000000000000000, 0.000000000000000000 ) ) ;
#1339 = ORIENTED_EDGE ( 'NONE', *, *, #2459, .T. ) ;
#1340 = CARTESIAN_POINT ( 'NONE',  ( -7.799999999999999822, -7.500000000000000000, 0.000000000000000000 ) ) ;
#1341 = CARTESIAN_POINT ( 'NONE',  ( -10.83000000000009422, -9.414999999999889013, 6.734999999999999432 ) ) ;
#1342 = CARTESIAN_POINT ( 'NONE',  ( -11.00000000000030731, -8.379999999999885318, 3.979999999999877414 ) ) ;
#1343 = ORIENTED_EDGE ( 'NONE', *, *, #2985, .T. ) ;
#1344 = FACE_OUTER_BOUND ( 'NONE', #406, .T. ) ;
#1345 = ADVANCED_FACE ( 'NONE', ( #1525 ), #1556, .F. ) ;
#1346 = EDGE_CURVE ( 'NONE', #1632, #2258, #2772, .T. ) ;
#1347 = EDGE_LOOP ( 'NONE', ( #2736, #2361, #2153, #2318, #603, #837 ) ) ;
#1348 = CARTESIAN_POINT ( 'NONE',  ( -11.00000000000009770, -10.49999999999989519, 6.600000000000000533 ) ) ;
#1349 = ORIENTED_EDGE ( 'NONE', *, *, #2898, .F. ) ;
#1350 = EDGE_CURVE ( 'NONE', #471, #1824, #1849, .T. ) ;
#1351 = CARTESIAN_POINT ( 'NONE',  ( -7.500000000000098588, -10.99999999999992362, 7.234999999999999432 ) ) ;
#1352 = ORIENTED_EDGE ( 'NONE', *, *, #2034, .F. ) ;
#1353 = CYLINDRICAL_SURFACE ( 'NONE', #1469, 0.3000000000000002665 ) ;
#1354 = CARTESIAN_POINT ( 'NONE',  ( 10.83000000000003027, 9.414999999999965397, 6.734999999999999432 ) ) ;
#1355 = DIRECTION ( 'NONE',  ( -3.491481338843133355E-15, -1.000000000000000000, 0.000000000000000000 ) ) ;
#1356 = VECTOR ( 'NONE', #2448, 100.0000000000000000 ) ;
#1357 = CARTESIAN_POINT ( 'NONE',  ( -8.215495827718639177, 10.18999999999999595, 6.734999999999999432 ) ) ;
#1358 = CARTESIAN_POINT ( 'NONE',  ( -10.36500000000007482, -7.634999999999895870, 7.234999999999999432 ) ) ;
#1359 = ORIENTED_EDGE ( 'NONE', *, *, #143, .T. ) ;
#1360 = CIRCLE ( 'NONE', #569, 0.3000000000000002665 ) ;
#1361 = CARTESIAN_POINT ( 'NONE',  ( 9.415000000000036451, 10.99999999999996980, 6.734999999999999432 ) ) ;
#1362 = VECTOR ( 'NONE', #2823, 100.0000000000000000 ) ;
#1363 = VECTOR ( 'NONE', #1971, 100.0000000000000000 ) ;
#1364 = EDGE_LOOP ( 'NONE', ( #2492, #2500, #864, #1560 ) ) ;
#1365 = AXIS2_PLACEMENT_3D ( 'NONE', #2006, #1520, #2242 ) ;
#1366 = PLANE ( 'NONE',  #2594 ) ;
#1367 = EDGE_CURVE ( 'NONE', #2389, #2568, #534, .T. ) ;
#1368 = VERTEX_POINT ( 'NONE', #2783 ) ;
#1369 = DIRECTION ( 'NONE',  ( 0.000000000000000000, -1.000000000000000000, 0.000000000000000000 ) ) ;
#1370 = ADVANCED_FACE ( 'NONE', ( #1300 ), #2595, .T. ) ;
#1371 = ORIENTED_EDGE ( 'NONE', *, *, #740, .T. ) ;
#1372 = FACE_OUTER_BOUND ( 'NONE', #3184, .T. ) ;
#1373 = CIRCLE ( 'NONE', #954, 0.3000000000000002665 ) ;
#1374 = DIRECTION ( 'NONE',  ( -1.000000000000000000, 3.491481338843133355E-15, 0.000000000000000000 ) ) ;
#1375 = ORIENTED_EDGE ( 'NONE', *, *, #1947, .T. ) ;
#1376 = LINE ( 'NONE', #858, #1631 ) ;
#1377 = VECTOR ( 'NONE', #2299, 100.0000000000000000 ) ;
#1378 = CARTESIAN_POINT ( 'NONE',  ( 10.19000000000000306, -8.215495827718632071, 6.734999999999999432 ) ) ;
#1379 = CARTESIAN_POINT ( 'NONE',  ( 9.415000000000034674, 10.82999999999996987, 6.734999999999999432 ) ) ;
#1380 = ORIENTED_EDGE ( 'NONE', *, *, #741, .T. ) ;
#1381 = CARTESIAN_POINT ( 'NONE',  ( 7.799999999999999822, -7.500000000000000000, 2.174999999999999822 ) ) ;
#1382 = CARTESIAN_POINT ( 'NONE',  ( 10.19000000000000306, -9.784504172281362600, 6.734999999999999432 ) ) ;
#1383 = FACE_OUTER_BOUND ( 'NONE', #2191, .T. ) ;
#1384 = ORIENTED_EDGE ( 'NONE', *, *, #1988, .T. ) ;
#1385 = CARTESIAN_POINT ( 'NONE',  ( 11.00000000000000355, -7.499999999999983125, 7.234999999999999432 ) ) ;
#1386 = ORIENTED_EDGE ( 'NONE', *, *, #309, .F. ) ;
#1387 = LINE ( 'NONE', #2860, #1148 ) ;
#1388 = EDGE_CURVE ( 'NONE', #2208, #1855, #1510, .T. ) ;
#1389 = EDGE_CURVE ( 'NONE', #2951, #1866, #562, .T. ) ;
#1390 = FACE_OUTER_BOUND ( 'NONE', #1712, .T. ) ;
#1391 = EDGE_LOOP ( 'NONE', ( #2181, #781, #848, #1371 ) ) ;
#1392 = DIRECTION ( 'NONE',  ( 0.000000000000000000, 0.000000000000000000, 1.000000000000000000 ) ) ;
#1393 = AXIS2_PLACEMENT_3D ( 'NONE', #2454, #1210, #1159 ) ;
#1394 = VECTOR ( 'NONE', #498, 100.0000000000000000 ) ;
#1395 = CARTESIAN_POINT ( 'NONE',  ( 11.00000000000000355, -9.414999999999997371, 6.734999999999999432 ) ) ;
#1396 = VERTEX_POINT ( 'NONE', #809 ) ;
#1397 = DIRECTION ( 'NONE',  ( 1.000000000000000000, -9.251858538542962756E-15, 0.000000000000000000 ) ) ;
#1398 = ORIENTED_EDGE ( 'NONE', *, *, #1102, .F. ) ;
#1399 = LINE ( 'NONE', #2132, #2756 ) ;
#1400 = CARTESIAN_POINT ( 'NONE',  ( 10.50000000000002132, 10.99999999999996625, 7.234999999999999432 ) ) ;
#1401 = ORIENTED_EDGE ( 'NONE', *, *, #2642, .T. ) ;
#1402 = CARTESIAN_POINT ( 'NONE',  ( 10.36500000000001975, 7.634999999999967812, 6.917500000000000426 ) ) ;
#1403 = VERTEX_POINT ( 'NONE', #2799 ) ;
#1404 = CARTESIAN_POINT ( 'NONE',  ( -8.380000000000000782, 8.380000000000030980, 3.979999999999876525 ) ) ;
#1405 = CARTESIAN_POINT ( 'NONE',  ( 0.000000000000000000, 0.000000000000000000, 6.734999999999999432 ) ) ;
#1406 = EDGE_CURVE ( 'NONE', #2679, #1279, #1822, .T. ) ;
#1407 = PLANE ( 'NONE',  #112 ) ;
#1408 = DIRECTION ( 'NONE',  ( -0.5773502691896217343, 0.5773502691896277295, -0.5773502691896277295 ) ) ;
#1409 = EDGE_CURVE ( 'NONE', #1197, #732, #777, .T. ) ;
#1410 = PLANE ( 'NONE',  #3157 ) ;
#1411 = ORIENTED_EDGE ( 'NONE', *, *, #3236, .T. ) ;
#1412 = LINE ( 'NONE', #1934, #3187 ) ;
#1413 = ORIENTED_EDGE ( 'NONE', *, *, #1409, .T. ) ;
#1414 = CARTESIAN_POINT ( 'NONE',  ( -7.635000000000004228, 10.36499999999999311, 6.917500000000000426 ) ) ;
#1415 = AXIS2_PLACEMENT_3D ( 'NONE', #1121, #627, #2398 ) ;
#1416 = CARTESIAN_POINT ( 'NONE',  ( -10.19000000000009898, -9.784504172281263124, 6.734999999999999432 ) ) ;
#1417 = VERTEX_POINT ( 'NONE', #2569 ) ;
#1418 = VECTOR ( 'NONE', #3265, 100.0000000000000000 ) ;
#1419 = DIRECTION ( 'NONE',  ( -0.000000000000000000, 0.000000000000000000, 1.000000000000000000 ) ) ;
#1420 = VECTOR ( 'NONE', #1000, 100.0000000000000000 ) ;
#1421 = VECTOR ( 'NONE', #1465, 100.0000000000000000 ) ;
#1422 = ORIENTED_EDGE ( 'NONE', *, *, #343, .T. ) ;
#1423 = DIRECTION ( 'NONE',  ( 1.000000000000000000, 0.000000000000000000, 0.000000000000000000 ) ) ;
#1424 = CARTESIAN_POINT ( 'NONE',  ( -9.415000000000002700, 10.82999999999999652, 6.734999999999999432 ) ) ;
#1425 = DIRECTION ( 'NONE',  ( 1.000000000000000000, 0.000000000000000000, 0.000000000000000000 ) ) ;
#1426 = FACE_OUTER_BOUND ( 'NONE', #2524, .T. ) ;
#1427 = DIRECTION ( 'NONE',  ( -0.000000000000000000, 0.000000000000000000, 1.000000000000000000 ) ) ;
#1428 = ORIENTED_EDGE ( 'NONE', *, *, #2352, .T. ) ;
#1429 = CARTESIAN_POINT ( 'NONE',  ( 9.000000000000001776, -8.999999999999996447, 7.234999999999999432 ) ) ;
#1430 = ORIENTED_EDGE ( 'NONE', *, *, #2841, .F. ) ;
#1431 = DIRECTION ( 'NONE',  ( -1.000000000000000000, -1.817653936845376936E-16, 0.000000000000000000 ) ) ;
#1432 = CARTESIAN_POINT ( 'NONE',  ( 9.000000000000001776, -8.999999999999996447, 5.234999999999999432 ) ) ;
#1433 = ORIENTED_EDGE ( 'NONE', *, *, #1236, .T. ) ;
#1434 = CARTESIAN_POINT ( 'NONE',  ( 9.000000000000028422, 8.999999999999969802, 5.234999999999999432 ) ) ;
#1435 = VERTEX_POINT ( 'NONE', #2017 ) ;
#1436 = CARTESIAN_POINT ( 'NONE',  ( -9.415000000000002700, 10.82999999999999652, 7.234999999999999432 ) ) ;
#1437 = ADVANCED_FACE ( 'NONE', ( #1012 ), #2062, .F. ) ;
#1438 = DIRECTION ( 'NONE',  ( -0.5000000000000046629, 0.8660254037844359321, 0.000000000000000000 ) ) ;
#1439 = PLANE ( 'NONE',  #2265 ) ;
#1440 = DIRECTION ( 'NONE',  ( -1.000000000000000000, 1.863784860936146835E-14, 0.000000000000000000 ) ) ;
#1441 = CARTESIAN_POINT ( 'NONE',  ( 8.380000000000002558, -10.99999999999999645, 0.000000000000000000 ) ) ;
#1442 = ORIENTED_EDGE ( 'NONE', *, *, #155, .F. ) ;
#1443 = FACE_BOUND ( 'NONE', #925, .T. ) ;
#1444 = AXIS2_PLACEMENT_3D ( 'NONE', #69, #797, #2611 ) ;
#1445 = ORIENTED_EDGE ( 'NONE', *, *, #805, .F. ) ;
#1446 = DIRECTION ( 'NONE',  ( 0.000000000000000000, 0.000000000000000000, 1.000000000000000000 ) ) ;
#1447 = VECTOR ( 'NONE', #238, 100.0000000000000000 ) ;
#1448 = CARTESIAN_POINT ( 'NONE',  ( -10.19000000000009898, -9.784504172281263124, 6.734999999999999432 ) ) ;
#1449 = EDGE_CURVE ( 'NONE', #3123, #1866, #240, .T. ) ;
#1450 = VERTEX_POINT ( 'NONE', #497 ) ;
#1451 = CARTESIAN_POINT ( 'NONE',  ( -9.784504172281369705, 10.18999999999999595, 6.734999999999999432 ) ) ;
#1452 = EDGE_CURVE ( 'NONE', #2208, #2442, #2536, .T. ) ;
#1453 = EDGE_CURVE ( 'NONE', #974, #1796, #511, .T. ) ;
#1454 = EDGE_CURVE ( 'NONE', #2090, #3196, #2300, .T. ) ;
#1455 = VERTEX_POINT ( 'NONE', #1791 ) ;
#1456 = CARTESIAN_POINT ( 'NONE',  ( 10.76776695296638664, 10.76776695296634934, 6.367766952966287697 ) ) ;
#1457 = LINE ( 'NONE', #1476, #1739 ) ;
#1458 = PRODUCT_CONTEXT ( 'NONE', #2119, 'mechanical' ) ;
#1459 = LINE ( 'NONE', #1188, #1820 ) ;
#1460 = FACE_OUTER_BOUND ( 'NONE', #2557, .T. ) ;
#1461 = CARTESIAN_POINT ( 'NONE',  ( -9.000000000000001776, 8.999999999999996447, 5.234999999999999432 ) ) ;
#1462 = ORIENTED_EDGE ( 'NONE', *, *, #905, .F. ) ;
#1463 = CARTESIAN_POINT ( 'NONE',  ( -10.36500000000007482, -7.634999999999895870, 6.917500000000000426 ) ) ;
#1464 = VERTEX_POINT ( 'NONE', #2817 ) ;
#1465 = DIRECTION ( 'NONE',  ( -0.000000000000000000, 0.000000000000000000, 1.000000000000000000 ) ) ;
#1466 = DIRECTION ( 'NONE',  ( 8.163404592832066703E-15, 1.000000000000000000, 0.000000000000000000 ) ) ;
#1467 = ORIENTED_EDGE ( 'NONE', *, *, #528, .T. ) ;
#1468 = CARTESIAN_POINT ( 'NONE',  ( -8.215495827718738653, -10.18999999999991779, 7.234999999999999432 ) ) ;
#1469 = AXIS2_PLACEMENT_3D ( 'NONE', #840, #391, #375 ) ;
#1470 = AXIS2_PLACEMENT_3D ( 'NONE', #263, #1769, #2023 ) ;
#1471 = EDGE_CURVE ( 'NONE', #3111, #2679, #2828, .T. ) ;
#1472 = ORIENTED_EDGE ( 'NONE', *, *, #2007, .T. ) ;
#1473 = VECTOR ( 'NONE', #1117, 100.0000000000000000 ) ;
#1474 = VECTOR ( 'NONE', #3025, 100.0000000000000000 ) ;
#1475 = VECTOR ( 'NONE', #95, 100.0000000000000000 ) ;
#1476 = CARTESIAN_POINT ( 'NONE',  ( 10.83000000000003027, 9.414999999999965397, 6.734999999999999432 ) ) ;
#1477 = VECTOR ( 'NONE', #2890, 100.0000000000000000 ) ;
#1478 = CARTESIAN_POINT ( 'NONE',  ( 10.76776695296638664, 10.76776695296634934, 6.367766952966287697 ) ) ;
#1479 = CARTESIAN_POINT ( 'NONE',  ( -9.000000000000001776, 9.299999999999997158, 7.234999999999999432 ) ) ;
#1480 = DIRECTION ( 'NONE',  ( 0.000000000000000000, 1.000000000000000000, 0.000000000000000000 ) ) ;
#1481 = DIRECTION ( 'NONE',  ( 0.000000000000000000, 0.000000000000000000, 1.000000000000000000 ) ) ;
#1482 = EDGE_LOOP ( 'NONE', ( #1888, #3193, #1287, #754 ) ) ;
#1483 = CARTESIAN_POINT ( 'NONE',  ( 7.500000000000015099, 10.99999999999999645, 6.917500000000001315 ) ) ;
#1484 = ORIENTED_EDGE ( 'NONE', *, *, #1212, .F. ) ;
#1485 = LINE ( 'NONE', #453, #194 ) ;
#1486 = DIRECTION ( 'NONE',  ( 0.000000000000000000, 0.000000000000000000, 1.000000000000000000 ) ) ;
#1487 = ORIENTED_EDGE ( 'NONE', *, *, #2638, .T. ) ;
#1488 = LINE ( 'NONE', #719, #2169 ) ;
#1489 = EDGE_CURVE ( 'NONE', #1277, #60, #68, .T. ) ;
#1490 = ORIENTED_EDGE ( 'NONE', *, *, #3113, .T. ) ;
#1491 = CARTESIAN_POINT ( 'NONE',  ( 9.784504172281369705, -10.18999999999999595, 6.734999999999999432 ) ) ;
#1492 = ADVANCED_FACE ( 'NONE', ( #604 ), #893, .T. ) ;
#1493 = CARTESIAN_POINT ( 'NONE',  ( 8.585000000000002629, -10.99999999999999645, 6.734999999999999432 ) ) ;
#1494 = DIRECTION ( 'NONE',  ( 0.000000000000000000, 0.000000000000000000, -1.000000000000000000 ) ) ;
#1495 = EDGE_CURVE ( 'NONE', #2840, #198, #853, .T. ) ;
#1496 = DIRECTION ( 'NONE',  ( 0.000000000000000000, -1.000000000000000000, 0.000000000000000000 ) ) ;
#1497 = ORIENTED_EDGE ( 'NONE', *, *, #1453, .T. ) ;
#1498 = DIRECTION ( 'NONE',  ( -1.000000000000000000, 0.000000000000000000, 0.000000000000000000 ) ) ;
#1499 = ORIENTED_EDGE ( 'NONE', *, *, #1906, .T. ) ;
#1500 = DIRECTION ( 'NONE',  ( -0.000000000000000000, 0.000000000000000000, 1.000000000000000000 ) ) ;
#1501 =( LENGTH_UNIT ( ) NAMED_UNIT ( * ) SI_UNIT ( .CENTI., .METRE. ) );
#1502 = ORIENTED_EDGE ( 'NONE', *, *, #517, .T. ) ;
#1503 = VECTOR ( 'NONE', #554, 100.0000000000000000 ) ;
#1504 = LINE ( 'NONE', #2778, #3080 ) ;
#1505 = AXIS2_PLACEMENT_3D ( 'NONE', #709, #2232, #1690 ) ;
#1506 = ORIENTED_EDGE ( 'NONE', *, *, #2928, .F. ) ;
#1507 = CARTESIAN_POINT ( 'NONE',  ( 7.799999999999999822, 7.500000000000000000, 0.000000000000000000 ) ) ;
#1508 = CARTESIAN_POINT ( 'NONE',  ( 0.000000000000000000, 0.000000000000000000, 0.000000000000000000 ) ) ;
#1509 = DIRECTION ( 'NONE',  ( -0.5773502691896257311, -0.5773502691896197359, 0.5773502691896317263 ) ) ;
#1510 = LINE ( 'NONE', #3304, #1093 ) ;
#1511 = ADVANCED_FACE ( 'NONE', ( #1372 ), #2930, .F. ) ;
#1512 = PLANE ( 'NONE',  #651 ) ;
#1513 = EDGE_CURVE ( 'NONE', #1179, #3009, #2106, .T. ) ;
#1514 = ORIENTED_EDGE ( 'NONE', *, *, #2502, .T. ) ;
#1515 = CARTESIAN_POINT ( 'NONE',  ( 10.83000000000002672, 8.584999999999967102, 6.734999999999999432 ) ) ;
#1516 = EDGE_LOOP ( 'NONE', ( #491, #504, #2622, #2706, #541 ) ) ;
#1517 = CARTESIAN_POINT ( 'NONE',  ( 8.215495827718639177, -10.18999999999999595, 6.734999999999999432 ) ) ;
#1518 = CARTESIAN_POINT ( 'NONE',  ( 9.000000000000028422, 8.999999999999969802, 7.234999999999999432 ) ) ;
#1519 = ORIENTED_EDGE ( 'NONE', *, *, #2627, .T. ) ;
#1520 = DIRECTION ( 'NONE',  ( 0.000000000000000000, 0.000000000000000000, -1.000000000000000000 ) ) ;
#1521 = EDGE_LOOP ( 'NONE', ( #1445, #166 ) ) ;
#1522 = CARTESIAN_POINT ( 'NONE',  ( -7.500000000000098588, -10.99999999999992362, 7.234999999999999432 ) ) ;
#1523 = AXIS2_PLACEMENT_3D ( 'NONE', #3284, #2197, #2963 ) ;
#1524 = FACE_OUTER_BOUND ( 'NONE', #885, .T. ) ;
#1525 = FACE_OUTER_BOUND ( 'NONE', #381, .T. ) ;
#1526 = VECTOR ( 'NONE', #2478, 100.0000000000000000 ) ;
#1527 = AXIS2_PLACEMENT_3D ( 'NONE', #148, #598, #1629 ) ;
#1528 = ADVANCED_FACE ( 'NONE', ( #1909 ), #2628, .F. ) ;
#1529 = DIRECTION ( 'NONE',  ( 0.000000000000000000, 0.000000000000000000, -1.000000000000000000 ) ) ;
#1530 = ORIENTED_EDGE ( 'NONE', *, *, #2598, .F. ) ;
#1531 = DIRECTION ( 'NONE',  ( -8.163404592832066703E-15, -1.000000000000000000, 0.000000000000000000 ) ) ;
#1532 = EDGE_LOOP ( 'NONE', ( #2822, #1583, #1047, #2830, #3091, #346 ) ) ;
#1533 = CARTESIAN_POINT ( 'NONE',  ( 10.36500000000001975, 7.634999999999967812, 6.917500000000000426 ) ) ;
#1534 = LINE ( 'NONE', #2562, #3180 ) ;
#1535 = ORIENTED_EDGE ( 'NONE', *, *, #1076, .F. ) ;
#1536 = CARTESIAN_POINT ( 'NONE',  ( -9.784504172281369705, 10.18999999999999595, 6.734999999999999432 ) ) ;
#1537 = ORIENTED_EDGE ( 'NONE', *, *, #764, .F. ) ;
#1538 = ORIENTED_EDGE ( 'NONE', *, *, #1305, .F. ) ;
#1539 = DIRECTION ( 'NONE',  ( 0.000000000000000000, 0.000000000000000000, -1.000000000000000000 ) ) ;
#1540 = DIRECTION ( 'NONE',  ( 0.000000000000000000, 0.000000000000000000, -1.000000000000000000 ) ) ;
#1541 = CARTESIAN_POINT ( 'NONE',  ( 9.000000000000028422, 8.999999999999969802, 5.234999999999999432 ) ) ;
#1542 = ORIENTED_EDGE ( 'NONE', *, *, #2292, .T. ) ;
#1543 = CARTESIAN_POINT ( 'NONE',  ( -11.00000000000000355, -7.634999999999887876, 0.000000000000000000 ) ) ;
#1544 = ORIENTED_EDGE ( 'NONE', *, *, #517, .F. ) ;
#1545 = DIRECTION ( 'NONE',  ( 0.000000000000000000, -1.000000000000000000, 0.000000000000000000 ) ) ;
#1546 = DIRECTION ( 'NONE',  ( -1.000000000000000000, 1.047444401652940007E-14, 0.000000000000000000 ) ) ;
#1547 = ORIENTED_EDGE ( 'NONE', *, *, #694, .F. ) ;
#1548 = DIRECTION ( 'NONE',  ( -0.8660254037844359321, 0.5000000000000046629, 0.000000000000000000 ) ) ;
#1549 = EDGE_CURVE ( 'NONE', #1002, #1403, #2646, .T. ) ;
#1550 = ORIENTED_EDGE ( 'NONE', *, *, #519, .T. ) ;
#1551 = EDGE_CURVE ( 'NONE', #1450, #1894, #1105, .T. ) ;
#1552 = VECTOR ( 'NONE', #710, 100.0000000000000000 ) ;
#1553 = VECTOR ( 'NONE', #3115, 100.0000000000000000 ) ;
#1554 = ADVANCED_FACE ( 'NONE', ( #1872 ), #1353, .F. ) ;
#1555 = ORIENTED_EDGE ( 'NONE', *, *, #1165, .T. ) ;
#1556 = CYLINDRICAL_SURFACE ( 'NONE', #2436, 0.3000000000000002665 ) ;
#1557 = CARTESIAN_POINT ( 'NONE',  ( -10.50000000000001599, 11.00000000000013323, 6.600000000000000533 ) ) ;
#1558 = VERTEX_POINT ( 'NONE', #2362 ) ;
#1559 = LINE ( 'NONE', #244, #1206 ) ;
#1560 = ORIENTED_EDGE ( 'NONE', *, *, #808, .T. ) ;
#1561 = CARTESIAN_POINT ( 'NONE',  ( 9.000000000000001776, -9.299999999999997158, 5.234999999999999432 ) ) ;
#1562 = DIRECTION ( 'NONE',  ( 0.000000000000000000, -1.000000000000000000, 0.000000000000000000 ) ) ;
#1563 = VERTEX_POINT ( 'NONE', #871 ) ;
#1564 = DIRECTION ( 'NONE',  ( -1.000000000000000000, 1.863784860936146835E-14, 0.000000000000000000 ) ) ;
#1565 = ORIENTED_EDGE ( 'NONE', *, *, #2818, .T. ) ;
#1566 = EDGE_CURVE ( 'NONE', #1563, #1194, #1655, .T. ) ;
#1567 = ADVANCED_FACE ( 'NONE', ( #589 ), #54, .T. ) ;
#1568 = ORIENTED_EDGE ( 'NONE', *, *, #267, .F. ) ;
#1569 = DIRECTION ( 'NONE',  ( -0.7071067811865439090, -0.000000000000000000, -0.7071067811865512365 ) ) ;
#1570 = VECTOR ( 'NONE', #322, 100.0000000000000000 ) ;
#1571 = AXIS2_PLACEMENT_3D ( 'NONE', #503, #717, #473 ) ;
#1572 = CARTESIAN_POINT ( 'NONE',  ( 10.50000000000001599, -10.99999999999999645, 7.234999999999999432 ) ) ;
#1573 = ORIENTED_EDGE ( 'NONE', *, *, #372, .T. ) ;
#1574 = DIRECTION ( 'NONE',  ( 0.000000000000000000, -1.000000000000000000, 0.000000000000000000 ) ) ;
#1575 = VECTOR ( 'NONE', #918, 100.0000000000000000 ) ;
#1576 = AXIS2_PLACEMENT_3D ( 'NONE', #1963, #1112, #428 ) ;
#1577 = CARTESIAN_POINT ( 'NONE',  ( -8.585000000000110987, -10.82999999999991303, 6.734999999999999432 ) ) ;
#1578 = CARTESIAN_POINT ( 'NONE',  ( 11.00000000000000355, -9.414999999999997371, 7.234999999999999432 ) ) ;
#1579 = EDGE_LOOP ( 'NONE', ( #2711, #2583, #2640, #1497 ) ) ;
#1580 = VECTOR ( 'NONE', #1130, 100.0000000000000000 ) ;
#1581 = DIRECTION ( 'NONE',  ( 1.000000000000000000, -1.047444401652940007E-14, 0.000000000000000000 ) ) ;
#1582 = EDGE_CURVE ( 'NONE', #1197, #25, #459, .T. ) ;
#1583 = ORIENTED_EDGE ( 'NONE', *, *, #1321, .T. ) ;
#1584 = ORIENTED_EDGE ( 'NONE', *, *, #2566, .T. ) ;
#1585 = DIRECTION ( 'NONE',  ( -1.000000000000000000, 3.309715945158595366E-15, 0.000000000000000000 ) ) ;
#1586 = EDGE_CURVE ( 'NONE', #1116, #397, #1387, .T. ) ;
#1587 = FACE_OUTER_BOUND ( 'NONE', #304, .T. ) ;
#1588 = EDGE_CURVE ( 'NONE', #638, #2914, #2417, .T. ) ;
#1589 = ORIENTED_EDGE ( 'NONE', *, *, #2506, .T. ) ;
#1590 = LINE ( 'NONE', #1126, #3079 ) ;
#1591 = EDGE_CURVE ( 'NONE', #122, #1464, #339, .T. ) ;
#1592 = DIRECTION ( 'NONE',  ( 1.000000000000000000, -1.047444401652940007E-14, 0.000000000000000000 ) ) ;
#1593 = CARTESIAN_POINT ( 'NONE',  ( -8.585000000000110987, -10.82999999999991303, 6.734999999999999432 ) ) ;
#1594 = ORIENTED_EDGE ( 'NONE', *, *, #270, .T. ) ;
#1595 = ORIENTED_EDGE ( 'NONE', *, *, #722, .T. ) ;
#1596 = CARTESIAN_POINT ( 'NONE',  ( -8.585000000000110987, -10.82999999999991303, 6.734999999999999432 ) ) ;
#1597 = VERTEX_POINT ( 'NONE', #1336 ) ;
#1598 = DIRECTION ( 'NONE',  ( 0.000000000000000000, -1.000000000000000000, 0.000000000000000000 ) ) ;
#1599 = ORIENTED_EDGE ( 'NONE', *, *, #2334, .F. ) ;
#1600 = VECTOR ( 'NONE', #1226, 100.0000000000000000 ) ;
#1601 = LINE ( 'NONE', #2123, #3020 ) ;
#1602 = VECTOR ( 'NONE', #1086, 99.99999999999998579 ) ;
#1603 = PLANE ( 'NONE',  #1444 ) ;
#1604 = DIRECTION ( 'NONE',  ( 3.491481338843133355E-15, 1.000000000000000000, 0.000000000000000000 ) ) ;
#1605 = FACE_OUTER_BOUND ( 'NONE', #1804, .T. ) ;
#1606 = EDGE_CURVE ( 'NONE', #648, #1116, #3132, .T. ) ;
#1607 = EDGE_CURVE ( 'NONE', #1641, #573, #1601, .T. ) ;
#1608 = LINE ( 'NONE', #827, #409 ) ;
#1609 = CARTESIAN_POINT ( 'NONE',  ( 11.00000000000003197, 10.49999999999997691, 7.234999999999999432 ) ) ;
#1610 = ORIENTED_EDGE ( 'NONE', *, *, #269, .T. ) ;
#1611 = DIRECTION ( 'NONE',  ( 0.000000000000000000, 0.000000000000000000, 1.000000000000000000 ) ) ;
#1612 = VERTEX_POINT ( 'NONE', #673 ) ;
#1613 = DIRECTION ( 'NONE',  ( 1.000000000000000000, -1.054711873393898871E-14, 0.000000000000000000 ) ) ;
#1614 = ORIENTED_EDGE ( 'NONE', *, *, #1668, .F. ) ;
#1615 = DIRECTION ( 'NONE',  ( 1.047444401652940007E-14, 1.000000000000000000, 0.000000000000000000 ) ) ;
#1616 = ADVANCED_FACE ( 'NONE', ( #3227 ), #444, .F. ) ;
#1617 = ORIENTED_EDGE ( 'NONE', *, *, #2869, .T. ) ;
#1618 = DIRECTION ( 'NONE',  ( 0.000000000000000000, -1.000000000000000000, 0.000000000000000000 ) ) ;
#1619 = LINE ( 'NONE', #2667, #2790 ) ;
#1620 = VERTEX_POINT ( 'NONE', #2432 ) ;
#1621 = DIRECTION ( 'NONE',  ( -0.000000000000000000, 0.000000000000000000, 1.000000000000000000 ) ) ;
#1622 = VECTOR ( 'NONE', #995, 100.0000000000000000 ) ;
#1623 = EDGE_CURVE ( 'NONE', #1612, #3276, #2192, .T. ) ;
#1624 = VECTOR ( 'NONE', #3301, 100.0000000000000000 ) ;
#1625 = CARTESIAN_POINT ( 'NONE',  ( 10.83000000000000362, -9.414999999999997371, 6.734999999999999432 ) ) ;
#1626 = CARTESIAN_POINT ( 'NONE',  ( 9.000000000000028422, 8.999999999999969802, 6.917499999999998650 ) ) ;
#1627 = EDGE_LOOP ( 'NONE', ( #2425, #367, #34, #2601 ) ) ;
#1628 = AXIS2_PLACEMENT_3D ( 'NONE', #1230, #3008, #934 ) ;
#1629 = DIRECTION ( 'NONE',  ( 0.000000000000000000, 1.000000000000000000, 0.000000000000000000 ) ) ;
#1630 = AXIS2_PLACEMENT_3D ( 'NONE', #1017, #1063, #3137 ) ;
#1631 = VECTOR ( 'NONE', #843, 100.0000000000000000 ) ;
#1632 = VERTEX_POINT ( 'NONE', #174 ) ;
#1633 = VECTOR ( 'NONE', #1369, 100.0000000000000000 ) ;
#1634 = PLANE ( 'NONE',  #1202 ) ;
#1635 = CARTESIAN_POINT ( 'NONE',  ( 10.50000000000001599, -10.99999999999999645, 6.917500000000000426 ) ) ;
#1636 = ORIENTED_EDGE ( 'NONE', *, *, #318, .T. ) ;
#1637 = CARTESIAN_POINT ( 'NONE',  ( -9.000000000000090594, -8.999999999999907629, 5.234999999999999432 ) ) ;
#1638 = EDGE_LOOP ( 'NONE', ( #231, #632, #28, #2677, #501, #271 ) ) ;
#1639 = CARTESIAN_POINT ( 'NONE',  ( -10.83000000000008711, -8.584999999999890719, 6.734999999999999432 ) ) ;
#1640 = DIRECTION ( 'NONE',  ( 0.000000000000000000, 0.000000000000000000, 1.000000000000000000 ) ) ;
#1641 = VERTEX_POINT ( 'NONE', #1962 ) ;
#1642 = DIRECTION ( 'NONE',  ( -0.000000000000000000, 0.000000000000000000, 1.000000000000000000 ) ) ;
#1643 = VECTOR ( 'NONE', #745, 100.0000000000000000 ) ;
#1644 = AXIS2_PLACEMENT_3D ( 'NONE', #639, #1684, #152 ) ;
#1645 = DIRECTION ( 'NONE',  ( -0.8660254037844359321, -0.5000000000000046629, 0.000000000000000000 ) ) ;
#1646 = ORIENTED_EDGE ( 'NONE', *, *, #21, .F. ) ;
#1647 = CARTESIAN_POINT ( 'NONE',  ( 10.76776695296638664, 10.76776695296634934, 6.367766952966287697 ) ) ;
#1648 = ORIENTED_EDGE ( 'NONE', *, *, #1164, .T. ) ;
#1649 = DIRECTION ( 'NONE',  ( 1.047444401652940007E-14, 1.000000000000000000, 0.000000000000000000 ) ) ;
#1650 = ORIENTED_EDGE ( 'NONE', *, *, #81, .F. ) ;
#1651 = LINE ( 'NONE', #3225, #1220 ) ;
#1652 = EDGE_CURVE ( 'NONE', #1700, #3177, #2714, .T. ) ;
#1653 = EDGE_CURVE ( 'NONE', #2590, #1183, #407, .T. ) ;
#1654 = ORIENTED_EDGE ( 'NONE', *, *, #343, .F. ) ;
#1655 = LINE ( 'NONE', #1404, #3127 ) ;
#1656 = FACE_OUTER_BOUND ( 'NONE', #1073, .T. ) ;
#1657 = ORIENTED_EDGE ( 'NONE', *, *, #2540, .F. ) ;
#1658 = CARTESIAN_POINT ( 'NONE',  ( -8.380000000000004334, 8.380000000000030980, 0.000000000000000000 ) ) ;
#1659 = VECTOR ( 'NONE', #1840, 100.0000000000000000 ) ;
#1660 = CARTESIAN_POINT ( 'NONE',  ( 11.00000000000002665, 8.584999999999963549, 6.734999999999999432 ) ) ;
#1661 = ORIENTED_EDGE ( 'NONE', *, *, #659, .T. ) ;
#1662 = LINE ( 'NONE', #2388, #1475 ) ;
#1663 = ORIENTED_EDGE ( 'NONE', *, *, #2008, .T. ) ;
#1664 = PLANE ( 'NONE',  #3026 ) ;
#1665 = CARTESIAN_POINT ( 'NONE',  ( -7.635000000000006892, 25.63499999999999801, 6.917500000000000426 ) ) ;
#1666 = ORIENTED_EDGE ( 'NONE', *, *, #905, .T. ) ;
#1667 = CARTESIAN_POINT ( 'NONE',  ( 7.799999999999999822, -8.099999999999999645, 2.174999999999999822 ) ) ;
#1668 = EDGE_CURVE ( 'NONE', #1785, #286, #2193, .T. ) ;
#1669 = EDGE_CURVE ( 'NONE', #829, #817, #2728, .T. ) ;
#1670 = ORIENTED_EDGE ( 'NONE', *, *, #81, .T. ) ;
#1671 = DIRECTION ( 'NONE',  ( 0.000000000000000000, 1.000000000000000000, -0.000000000000000000 ) ) ;
#1672 = CARTESIAN_POINT ( 'NONE',  ( 10.19000000000000306, -9.784504172281362600, 7.234999999999999432 ) ) ;
#1673 = CARTESIAN_POINT ( 'NONE',  ( -10.19000000000000306, 8.215495827718632071, 6.734999999999999432 ) ) ;
#1674 = DIRECTION ( 'NONE',  ( 0.000000000000000000, 1.000000000000000000, 0.000000000000000000 ) ) ;
#1675 = DIRECTION ( 'NONE',  ( -0.000000000000000000, 0.000000000000000000, 1.000000000000000000 ) ) ;
#1676 = ORIENTED_EDGE ( 'NONE', *, *, #1606, .T. ) ;
#1677 = CARTESIAN_POINT ( 'NONE',  ( 10.92899188551693079, 10.59467748597743864, 6.528991885516834515 ) ) ;
#1678 = ORIENTED_EDGE ( 'NONE', *, *, #721, .T. ) ;
#1679 = CARTESIAN_POINT ( 'NONE',  ( 10.19000000000002615, 8.215495827718601873, 6.734999999999999432 ) ) ;
#1680 = VECTOR ( 'NONE', #1355, 100.0000000000000000 ) ;
#1681 = LINE ( 'NONE', #669, #2377 ) ;
#1682 = VERTEX_POINT ( 'NONE', #1157 ) ;
#1683 = PRESENTATION_LAYER_ASSIGNMENT (  '', '', ( #3289 ) ) ;
#1684 = DIRECTION ( 'NONE',  ( 0.000000000000000000, 0.000000000000000000, -1.000000000000000000 ) ) ;
#1685 = AXIS2_PLACEMENT_3D ( 'NONE', #1896, #347, #469 ) ;
#1686 = EDGE_CURVE ( 'NONE', #2442, #1235, #1186, .T. ) ;
#1687 = ORIENTED_EDGE ( 'NONE', *, *, #2439, .T. ) ;
#1688 = CARTESIAN_POINT ( 'NONE',  ( -8.585000000000002629, 10.99999999999999645, 6.734999999999999432 ) ) ;
#1689 = DIRECTION ( 'NONE',  ( 0.000000000000000000, 0.000000000000000000, -1.000000000000000000 ) ) ;
#1690 = DIRECTION ( 'NONE',  ( -0.5000000000000016653, 0.8660254037844378194, 0.000000000000000000 ) ) ;
#1691 = CARTESIAN_POINT ( 'NONE',  ( 10.19000000000002615, 8.215495827718601873, 7.234999999999999432 ) ) ;
#1692 = PLANE ( 'NONE',  #408 ) ;
#1693 = EDGE_CURVE ( 'NONE', #236, #1558, #1941, .T. ) ;
#1694 = EDGE_CURVE ( 'NONE', #1311, #822, #3213, .T. ) ;
#1695 = DIRECTION ( 'NONE',  ( 1.000000000000000000, -1.029267862284486287E-14, 0.000000000000000000 ) ) ;
#1696 = EDGE_CURVE ( 'NONE', #2369, #1435, #2946, .T. ) ;
#1697 = VERTEX_POINT ( 'NONE', #1436 ) ;
#1698 = CARTESIAN_POINT ( 'NONE',  ( -10.36499999999991317, 7.635000000000104592, 6.917500000000000426 ) ) ;
#1699 = ADVANCED_FACE ( 'NONE', ( #189 ), #2467, .F. ) ;
#1700 = VERTEX_POINT ( 'NONE', #2426 ) ;
#1701 = PLANE ( 'NONE',  #1045 ) ;
#1702 = DIRECTION ( 'NONE',  ( -0.000000000000000000, 0.000000000000000000, 1.000000000000000000 ) ) ;
#1703 = VERTEX_POINT ( 'NONE', #1147 ) ;
#1704 = FACE_OUTER_BOUND ( 'NONE', #914, .T. ) ;
#1705 = ORIENTED_EDGE ( 'NONE', *, *, #2800, .F. ) ;
#1706 = CARTESIAN_POINT ( 'NONE',  ( 7.799999999999999822, -7.799999999999999822, 2.174999999999999822 ) ) ;
#1707 = CARTESIAN_POINT ( 'NONE',  ( 8.215495827718667599, 10.18999999999997463, 6.734999999999999432 ) ) ;
#1708 = CARTESIAN_POINT ( 'NONE',  ( -10.50000000000009592, -10.99999999999998757, 6.600000000000000533 ) ) ;
#1709 = DIRECTION ( 'NONE',  ( 0.000000000000000000, -1.000000000000000000, 0.000000000000000000 ) ) ;
#1710 = PLANE ( 'NONE',  #245 ) ;
#1711 = LINE ( 'NONE', #2214, #2526 ) ;
#1712 = EDGE_LOOP ( 'NONE', ( #2605, #1125, #1502, #2346 ) ) ;
#1713 = DIRECTION ( 'NONE',  ( 0.000000000000000000, -1.000000000000000000, 0.000000000000000000 ) ) ;
#1714 = VECTOR ( 'NONE', #1645, 100.0000000000000000 ) ;
#1715 = ADVANCED_FACE ( 'NONE', ( #113 ), #1366, .T. ) ;
#1716 = EDGE_CURVE ( 'NONE', #2840, #264, #2372, .T. ) ;
#1717 = ORIENTED_EDGE ( 'NONE', *, *, #740, .F. ) ;
#1718 = DIRECTION ( 'NONE',  ( 0.000000000000000000, -1.000000000000000000, 0.000000000000000000 ) ) ;
#1719 = VECTOR ( 'NONE', #2280, 100.0000000000000000 ) ;
#1720 =( NAMED_UNIT ( * ) PLANE_ANGLE_UNIT ( ) SI_UNIT ( $, .RADIAN. ) );
#1721 = EDGE_LOOP ( 'NONE', ( #2084, #3300, #742, #2110 ) ) ;
#1722 = DIRECTION ( 'NONE',  ( 1.000000000000000000, 0.000000000000000000, 0.000000000000000000 ) ) ;
#1723 = VERTEX_POINT ( 'NONE', #1903 ) ;
#1724 = CARTESIAN_POINT ( 'NONE',  ( -11.00000000000000355, 9.414999999999997371, 7.234999999999999432 ) ) ;
#1725 = CARTESIAN_POINT ( 'NONE',  ( -9.000000000000090594, -8.999999999999907629, 7.234999999999999432 ) ) ;
#1726 = FACE_OUTER_BOUND ( 'NONE', #1532, .T. ) ;
#1727 = DIRECTION ( 'NONE',  ( 0.000000000000000000, 1.000000000000000000, -0.000000000000000000 ) ) ;
#1728 = DIRECTION ( 'NONE',  ( 0.000000000000000000, 0.000000000000000000, 1.000000000000000000 ) ) ;
#1729 = ORIENTED_EDGE ( 'NONE', *, *, #3103, .F. ) ;
#1730 = DIRECTION ( 'NONE',  ( 0.000000000000000000, -1.000000000000000000, 0.000000000000000000 ) ) ;
#1731 = EDGE_CURVE ( 'NONE', #2619, #2308, #1867, .T. ) ;
#1732 = ORIENTED_EDGE ( 'NONE', *, *, #1164, .F. ) ;
#1733 = CARTESIAN_POINT ( 'NONE',  ( -7.799999999999999822, -7.799999999999999822, 0.000000000000000000 ) ) ;
#1734 = FILL_AREA_STYLE_COLOUR ( '', #3075 ) ;
#1735 = ORIENTED_EDGE ( 'NONE', *, *, #1388, .F. ) ;
#1736 = FACE_OUTER_BOUND ( 'NONE', #66, .T. ) ;
#1737 = AXIS2_PLACEMENT_3D ( 'NONE', #964, #1929, #1174 ) ;
#1738 = ADVANCED_FACE ( 'NONE', ( #2639 ), #1852, .F. ) ;
#1739 = VECTOR ( 'NONE', #2261, 100.0000000000000000 ) ;
#1740 = EDGE_CURVE ( 'NONE', #2542, #2770, #867, .T. ) ;
#1741 = VERTEX_POINT ( 'NONE', #2151 ) ;
#1742 = VECTOR ( 'NONE', #1953, 100.0000000000000000 ) ;
#1743 = VECTOR ( 'NONE', #2709, 100.0000000000000000 ) ;
#1744 = CIRCLE ( 'NONE', #2762, 0.3000000000000002665 ) ;
#1745 = CARTESIAN_POINT ( 'NONE',  ( 9.000000000000028422, 8.999999999999969802, 7.234999999999999432 ) ) ;
#1746 = VECTOR ( 'NONE', #2166, 100.0000000000000000 ) ;
#1747 = DIRECTION ( 'NONE',  ( 0.000000000000000000, -1.000000000000000000, 0.000000000000000000 ) ) ;
#1748 = LINE ( 'NONE', #2768, #2058 ) ;
#1749 = CARTESIAN_POINT ( 'NONE',  ( 9.784504172281369705, -10.18999999999999595, 6.734999999999999432 ) ) ;
#1750 = ORIENTED_EDGE ( 'NONE', *, *, #2190, .F. ) ;
#1751 = DIRECTION ( 'NONE',  ( 0.000000000000000000, 0.000000000000000000, 1.000000000000000000 ) ) ;
#1752 = ORIENTED_EDGE ( 'NONE', *, *, #1454, .F. ) ;
#1753 = CARTESIAN_POINT ( 'NONE',  ( -7.635000000000004228, 10.36499999999999311, 6.917500000000000426 ) ) ;
#1754 = DIRECTION ( 'NONE',  ( 0.000000000000000000, -1.000000000000000000, 0.000000000000000000 ) ) ;
#1755 = ORIENTED_EDGE ( 'NONE', *, *, #780, .F. ) ;
#1756 = LINE ( 'NONE', #2259, #415 ) ;
#1757 = VERTEX_POINT ( 'NONE', #130 ) ;
#1758 = EDGE_CURVE ( 'NONE', #3139, #2251, #616, .T. ) ;
#1759 = EDGE_CURVE ( 'NONE', #3053, #2926, #1399, .T. ) ;
#1760 = LINE ( 'NONE', #1522, #296 ) ;
#1761 =( NAMED_UNIT ( * ) SI_UNIT ( $, .STERADIAN. ) SOLID_ANGLE_UNIT ( ) );
#1762 = DIRECTION ( 'NONE',  ( 0.000000000000000000, 0.000000000000000000, -1.000000000000000000 ) ) ;
#1763 = DIRECTION ( 'NONE',  ( 0.000000000000000000, 0.000000000000000000, 1.000000000000000000 ) ) ;
#1764 = DIRECTION ( 'NONE',  ( -0.000000000000000000, 0.000000000000000000, 1.000000000000000000 ) ) ;
#1765 = ORIENTED_EDGE ( 'NONE', *, *, #1980, .F. ) ;
#1766 = DIRECTION ( 'NONE',  ( 0.000000000000000000, 1.000000000000000000, 0.000000000000000000 ) ) ;
#1767 = VERTEX_POINT ( 'NONE', #2659 ) ;
#1768 = CARTESIAN_POINT ( 'NONE',  ( 10.76776695296631203, -10.76776695296642394, 6.367766952966212202 ) ) ;
#1769 = DIRECTION ( 'NONE',  ( 0.8660254037844359321, 0.5000000000000046629, 0.000000000000000000 ) ) ;
#1770 = ORIENTED_EDGE ( 'NONE', *, *, #1207, .T. ) ;
#1771 = PLANE ( 'NONE',  #1052 ) ;
#1772 = AXIS2_PLACEMENT_3D ( 'NONE', #1108, #1172, #2650 ) ;
#1773 = ORIENTED_EDGE ( 'NONE', *, *, #2881, .T. ) ;
#1774 = DIRECTION ( 'NONE',  ( 0.5000000000000059952, 0.8660254037844352659, 0.000000000000000000 ) ) ;
#1775 = DIRECTION ( 'NONE',  ( 0.000000000000000000, -1.000000000000000000, 0.000000000000000000 ) ) ;
#1776 = CARTESIAN_POINT ( 'NONE',  ( -10.76776695296642394, -10.76776695296631381, 6.367766952966323224 ) ) ;
#1777 = DIRECTION ( 'NONE',  ( -1.047444401652940007E-14, -1.000000000000000000, 0.000000000000000000 ) ) ;
#1778 = ORIENTED_EDGE ( 'NONE', *, *, #1238, .F. ) ;
#1779 = CARTESIAN_POINT ( 'NONE',  ( 8.585000000000004405, -10.82999999999999652, 6.734999999999999432 ) ) ;
#1780 = ORIENTED_EDGE ( 'NONE', *, *, #924, .T. ) ;
#1781 = CARTESIAN_POINT ( 'NONE',  ( 11.00000000000003197, 10.49999999999995381, 6.599999999999936584 ) ) ;
#1782 = CARTESIAN_POINT ( 'NONE',  ( -8.585000000000004405, 10.82999999999999652, 6.734999999999999432 ) ) ;
#1783 = ORIENTED_EDGE ( 'NONE', *, *, #876, .F. ) ;
#1784 = CARTESIAN_POINT ( 'NONE',  ( 7.799999999999999822, 7.500000000000000000, 2.174999999999999822 ) ) ;
#1785 = VERTEX_POINT ( 'NONE', #3156 ) ;
#1786 = VECTOR ( 'NONE', #479, 100.0000000000000000 ) ;
#1787 = ORIENTED_EDGE ( 'NONE', *, *, #2413, .T. ) ;
#1788 = VECTOR ( 'NONE', #1763, 100.0000000000000000 ) ;
#1789 = LINE ( 'NONE', #2043, #2399 ) ;
#1790 = VECTOR ( 'NONE', #928, 100.0000000000000000 ) ;
#1791 = CARTESIAN_POINT ( 'NONE',  ( 10.83000000000000362, -8.584999999999997300, 7.234999999999999432 ) ) ;
#1792 = AXIS2_PLACEMENT_3D ( 'NONE', #566, #10, #1545 ) ;
#1793 = AXIS2_PLACEMENT_3D ( 'NONE', #2020, #2989, #2270 ) ;
#1794 = CIRCLE ( 'NONE', #1001, 0.3000000000000002665 ) ;
#1795 = DIRECTION ( 'NONE',  ( 0.000000000000000000, 1.000000000000000000, 0.000000000000000000 ) ) ;
#1796 = VERTEX_POINT ( 'NONE', #2904 ) ;
#1797 = LINE ( 'NONE', #1308, #2226 ) ;
#1798 = ADVANCED_FACE ( 'NONE', ( #882 ), #1634, .F. ) ;
#1799 = EDGE_CURVE ( 'NONE', #2754, #798, #2923, .T. ) ;
#1800 = VERTEX_POINT ( 'NONE', #2937 ) ;
#1801 = EDGE_CURVE ( 'NONE', #2542, #2075, #652, .T. ) ;
#1802 = DIRECTION ( 'NONE',  ( 0.000000000000000000, 0.000000000000000000, 1.000000000000000000 ) ) ;
#1803 = LINE ( 'NONE', #2114, #3051 ) ;
#1804 = EDGE_LOOP ( 'NONE', ( #665, #1617, #1813, #3158 ) ) ;
#1805 = DIRECTION ( 'NONE',  ( -0.8660254037844359321, -0.5000000000000046629, 0.000000000000000000 ) ) ;
#1806 = ADVANCED_FACE ( 'NONE', ( #2409 ), #1664, .F. ) ;
#1807 = VERTEX_POINT ( 'NONE', #1414 ) ;
#1808 = EDGE_LOOP ( 'NONE', ( #2511, #1472, #1375, #1019 ) ) ;
#1809 = DIRECTION ( 'NONE',  ( 0.000000000000000000, 0.000000000000000000, -1.000000000000000000 ) ) ;
#1810 = LINE ( 'NONE', #288, #1659 ) ;
#1811 = ORIENTED_EDGE ( 'NONE', *, *, #2675, .F. ) ;
#1812 = CARTESIAN_POINT ( 'NONE',  ( -9.784504172281469181, -10.18999999999990003, 6.734999999999999432 ) ) ;
#1813 = ORIENTED_EDGE ( 'NONE', *, *, #307, .T. ) ;
#1814 = DIRECTION ( 'NONE',  ( 1.000000000000000000, -1.047444401652940007E-14, 0.000000000000000000 ) ) ;
#1815 = LINE ( 'NONE', #2368, #2010 ) ;
#1816 = EDGE_LOOP ( 'NONE', ( #2060, #1599, #2744, #2956 ) ) ;
#1817 = DIRECTION ( 'NONE',  ( 0.000000000000000000, 0.000000000000000000, 1.000000000000000000 ) ) ;
#1818 = EDGE_CURVE ( 'NONE', #2414, #1785, #2100, .T. ) ;
#1819 = ORIENTED_EDGE ( 'NONE', *, *, #241, .T. ) ;
#1820 = VECTOR ( 'NONE', #3269, 100.0000000000000000 ) ;
#1821 = ORIENTED_EDGE ( 'NONE', *, *, #2540, .T. ) ;
#1822 = LINE ( 'NONE', #3, #1303 ) ;
#1823 = DIRECTION ( 'NONE',  ( -0.8660254037844411501, -0.4999999999999955036, 0.000000000000000000 ) ) ;
#1824 = VERTEX_POINT ( 'NONE', #1348 ) ;
#1825 = LINE ( 'NONE', #1543, #787 ) ;
#1826 = ADVANCED_FACE ( 'NONE', ( #835 ), #2870, .F. ) ;
#1827 = VERTEX_POINT ( 'NONE', #349 ) ;
#1828 = LINE ( 'NONE', #1003, #3182 ) ;
#1829 = LINE ( 'NONE', #816, #2253 ) ;
#1830 = ORIENTED_EDGE ( 'NONE', *, *, #1106, .F. ) ;
#1831 = DIRECTION ( 'NONE',  ( -0.000000000000000000, 0.000000000000000000, 1.000000000000000000 ) ) ;
#1832 = ORIENTED_EDGE ( 'NONE', *, *, #2598, .T. ) ;
#1833 = EDGE_CURVE ( 'NONE', #1171, #2428, #572, .T. ) ;
#1834 = EDGE_CURVE ( 'NONE', #60, #3059, #1195, .T. ) ;
#1835 = EDGE_CURVE ( 'NONE', #529, #2308, #972, .T. ) ;
#1836 = EDGE_LOOP ( 'NONE', ( #1544, #1547, #2668, #1333, #2449, #704, #2215, #1307, #1830, #2939, #1054, #3099, #2423, #386, #689, #2686, #3198, #3062, #1584, #96, #1646, #1614, #2560, #2722, #1901, #1932, #1538, #596, #3212, #268, #2953, #390, #2634, #220, #2588, #1650, #2820, #866, #3039, #2975, #1484, #1008, #2835, #1068, #1166, #315, #2241, #3175, #2991, #3131, #1296, #936, #2803, #546, #2612, #111, #1949, #1082, #253, #3313, #2466, #610, #3116, #3306, #1384, #489, #1299, #684, #3102, #1349, #450, #1654 ) ) ;
#1837 = DIRECTION ( 'NONE',  ( 0.000000000000000000, 0.000000000000000000, 1.000000000000000000 ) ) ;
#1838 = VECTOR ( 'NONE', #2731, 100.0000000000000000 ) ;
#1839 = VECTOR ( 'NONE', #203, 100.0000000000000000 ) ;
#1840 = DIRECTION ( 'NONE',  ( -0.000000000000000000, 0.000000000000000000, 1.000000000000000000 ) ) ;
#1841 = FACE_OUTER_BOUND ( 'NONE', #1918, .T. ) ;
#1842 = FACE_BOUND ( 'NONE', #1079, .T. ) ;
#1843 = VECTOR ( 'NONE', #2602, 100.0000000000000142 ) ;
#1844 = VECTOR ( 'NONE', #1924, 100.0000000000000000 ) ;
#1845 = DIRECTION ( 'NONE',  ( 1.000000000000000000, 0.000000000000000000, 0.000000000000000000 ) ) ;
#1846 = CYLINDRICAL_SURFACE ( 'NONE', #810, 2.499999999999999556 ) ;
#1847 = ORIENTED_EDGE ( 'NONE', *, *, #649, .T. ) ;
#1848 = VECTOR ( 'NONE', #133, 100.0000000000000000 ) ;
#1849 =( BOUNDED_CURVE ( )  B_SPLINE_CURVE ( 3, ( #1776, #306, #2282, #2581 ),
 .UNSPECIFIED., .F., .F. ) 
 B_SPLINE_CURVE_WITH_KNOTS ( ( 4, 4 ),
 ( 5.497787143782117525, 5.639684198386307301 ),
 .UNSPECIFIED. ) 
 CURVE ( )  GEOMETRIC_REPRESENTATION_ITEM ( )  RATIONAL_B_SPLINE_CURVE ( ( 1.000000000000000000, 0.9983228058750942546, 0.9983228058750942546, 1.000000000000000000 ) ) 
 REPRESENTATION_ITEM ( '' )  );
#1850 = FACE_OUTER_BOUND ( 'NONE', #2815, .T. ) ;
#1851 = ORIENTED_EDGE ( 'NONE', *, *, #435, .F. ) ;
#1852 = PLANE ( 'NONE',  #2443 ) ;
#1853 = ORIENTED_EDGE ( 'NONE', *, *, #2430, .T. ) ;
#1854 = DIRECTION ( 'NONE',  ( 0.000000000000000000, 0.000000000000000000, 1.000000000000000000 ) ) ;
#1855 = VERTEX_POINT ( 'NONE', #668 ) ;
#1856 = CARTESIAN_POINT ( 'NONE',  ( 11.00000000000002309, 7.634999999999966924, 0.000000000000000000 ) ) ;
#1857 = ADVANCED_FACE ( 'NONE', ( #3222 ), #2954, .F. ) ;
#1858 = ADVANCED_FACE ( 'NONE', ( #2528 ), #2493, .F. ) ;
#1859 = CARTESIAN_POINT ( 'NONE',  ( 9.415000000000002700, -10.82999999999999652, 7.234999999999999432 ) ) ;
#1860 = CARTESIAN_POINT ( 'NONE',  ( -10.19000000000008299, -8.215495827718530819, 6.734999999999999432 ) ) ;
#1861 = PLANE ( 'NONE',  #1048 ) ;
#1862 = DIRECTION ( 'NONE',  ( 1.000000000000000000, 0.000000000000000000, 0.000000000000000000 ) ) ;
#1863 = FACE_OUTER_BOUND ( 'NONE', #3262, .T. ) ;
#1864 = ORIENTED_EDGE ( 'NONE', *, *, #2885, .T. ) ;
#1865 = CARTESIAN_POINT ( 'NONE',  ( -10.50000000000009770, -10.99999999999989342, 0.000000000000000000 ) ) ;
#1866 = VERTEX_POINT ( 'NONE', #2755 ) ;
#1867 = LINE ( 'NONE', #77, #298 ) ;
#1868 = ORIENTED_EDGE ( 'NONE', *, *, #1835, .T. ) ;
#1869 = CYLINDRICAL_SURFACE ( 'NONE', #526, 0.3000000000000002665 ) ;
#1870 = ORIENTED_EDGE ( 'NONE', *, *, #1142, .F. ) ;
#1871 = VECTOR ( 'NONE', #2335, 100.0000000000000000 ) ;
#1872 = FACE_OUTER_BOUND ( 'NONE', #234, .T. ) ;
#1873 = EDGE_CURVE ( 'NONE', #1985, #3244, #202, .T. ) ;
#1874 = LINE ( 'NONE', #606, #495 ) ;
#1875 = CARTESIAN_POINT ( 'NONE',  ( -10.76776695296642394, -10.76776695296631381, 6.367766952966323224 ) ) ;
#1876 = DIRECTION ( 'NONE',  ( 0.000000000000000000, 0.000000000000000000, 1.000000000000000000 ) ) ;
#1877 = FACE_OUTER_BOUND ( 'NONE', #2000, .T. ) ;
#1878 = CARTESIAN_POINT ( 'NONE',  ( 10.19000000000000306, -8.215495827718632071, 6.734999999999999432 ) ) ;
#1879 = ORIENTED_EDGE ( 'NONE', *, *, #2086, .T. ) ;
#1880 = CARTESIAN_POINT ( 'NONE',  ( -9.000000000000090594, -8.999999999999907629, 5.234999999999999432 ) ) ;
#1881 = ORIENTED_EDGE ( 'NONE', *, *, #3236, .F. ) ;
#1882 = CARTESIAN_POINT ( 'NONE',  ( 10.83000000000000362, -8.584999999999997300, 6.734999999999999432 ) ) ;
#1883 = ORIENTED_EDGE ( 'NONE', *, *, #2007, .F. ) ;
#1884 = CARTESIAN_POINT ( 'NONE',  ( 9.000000000000001776, -8.699999999999995737, 7.234999999999999432 ) ) ;
#1885 = ORIENTED_EDGE ( 'NONE', *, *, #3006, .F. ) ;
#1886 = CARTESIAN_POINT ( 'NONE',  ( -7.799999999999998934, 7.800000000000001599, 2.174999999999999822 ) ) ;
#1887 = CARTESIAN_POINT ( 'NONE',  ( -7.635000000000004228, 10.36499999999999311, 6.917500000000000426 ) ) ;
#1888 = ORIENTED_EDGE ( 'NONE', *, *, #1607, .T. ) ;
#1889 = CARTESIAN_POINT ( 'NONE',  ( 8.585000000000004405, -10.82999999999999652, 7.234999999999999432 ) ) ;
#1890 = VECTOR ( 'NONE', #2382, 100.0000000000000000 ) ;
#1891 = CIRCLE ( 'NONE', #246, 2.499999999999999556 ) ;
#1892 = CARTESIAN_POINT ( 'NONE',  ( -10.83000000000000362, 8.584999999999997300, 6.734999999999999432 ) ) ;
#1893 = DIRECTION ( 'NONE',  ( 0.000000000000000000, 1.000000000000000000, 0.000000000000000000 ) ) ;
#1894 = VERTEX_POINT ( 'NONE', #3245 ) ;
#1895 = AXIS2_PLACEMENT_3D ( 'NONE', #2620, #335, #849 ) ;
#1896 = CARTESIAN_POINT ( 'NONE',  ( -9.000000000000001776, 8.999999999999996447, 7.234999999999999432 ) ) ;
#1897 = VECTOR ( 'NONE', #249, 100.0000000000000000 ) ;
#1898 = ADVANCED_FACE ( 'NONE', ( #1217 ), #2992, .F. ) ;
#1899 = VECTOR ( 'NONE', #1215, 100.0000000000000000 ) ;
#1900 = EDGE_CURVE ( 'NONE', #2183, #1697, #1485, .T. ) ;
#1901 = ORIENTED_EDGE ( 'NONE', *, *, #2439, .F. ) ;
#1902 = AXIS2_PLACEMENT_3D ( 'NONE', #185, #2225, #3263 ) ;
#1903 = CARTESIAN_POINT ( 'NONE',  ( 10.99999999999999645, -7.635000000000033538, 7.234999999999999432 ) ) ;
#1904 = DIRECTION ( 'NONE',  ( 0.000000000000000000, -1.000000000000000000, 0.000000000000000000 ) ) ;
#1905 = ORIENTED_EDGE ( 'NONE', *, *, #2206, .F. ) ;
#1906 = EDGE_CURVE ( 'NONE', #982, #3059, #2203, .T. ) ;
#1907 = LINE ( 'NONE', #2392, #531 ) ;
#1908 = EDGE_LOOP ( 'NONE', ( #1067, #2133 ) ) ;
#1909 = FACE_OUTER_BOUND ( 'NONE', #607, .T. ) ;
#1910 = CARTESIAN_POINT ( 'NONE',  ( 10.19000000000000306, -8.215495827718632071, 7.234999999999999432 ) ) ;
#1911 = ORIENTED_EDGE ( 'NONE', *, *, #2314, .F. ) ;
#1912 = DIRECTION ( 'NONE',  ( 1.000000000000000000, -8.163404592832066703E-15, 0.000000000000000000 ) ) ;
#1913 = LINE ( 'NONE', #2180, #1714 ) ;
#1914 = ORIENTED_EDGE ( 'NONE', *, *, #577, .T. ) ;
#1915 = CARTESIAN_POINT ( 'NONE',  ( -11.00000000000010481, -10.49999999999990052, 0.000000000000000000 ) ) ;
#1916 = EDGE_CURVE ( 'NONE', #2408, #2040, #1973, .T. ) ;
#1917 = ADVANCED_FACE ( 'NONE', ( #2462 ), #1701, .F. ) ;
#1918 = EDGE_LOOP ( 'NONE', ( #1433, #1145, #1097, #657 ) ) ;
#1919 = CARTESIAN_POINT ( 'NONE',  ( 25.63500000000002288, 7.634999999999918074, 6.917500000000000426 ) ) ;
#1920 = CARTESIAN_POINT ( 'NONE',  ( 9.784504172281369705, -10.18999999999999595, 6.734999999999999432 ) ) ;
#1921 = EDGE_LOOP ( 'NONE', ( #1750, #422, #846, #2545 ) ) ;
#1922 = CARTESIAN_POINT ( 'NONE',  ( -9.784504172281469181, -10.18999999999990003, 6.734999999999999432 ) ) ;
#1923 = VERTEX_POINT ( 'NONE', #1991 ) ;
#1924 = DIRECTION ( 'NONE',  ( -0.000000000000000000, 0.000000000000000000, 1.000000000000000000 ) ) ;
#1925 = ADVANCED_FACE ( 'NONE', ( #2003 ), #702, .F. ) ;
#1926 = VECTOR ( 'NONE', #396, 100.0000000000000000 ) ;
#1927 = PLANE ( 'NONE',  #3055 ) ;
#1928 = DIRECTION ( 'NONE',  ( 0.000000000000000000, 0.000000000000000000, 1.000000000000000000 ) ) ;
#1929 = DIRECTION ( 'NONE',  ( 0.000000000000000000, 0.000000000000000000, 1.000000000000000000 ) ) ;
#1930 = CIRCLE ( 'NONE', #1181, 0.3000000000000002665 ) ;
#1931 = LINE ( 'NONE', #1878, #1335 ) ;
#1932 = ORIENTED_EDGE ( 'NONE', *, *, #1320, .F. ) ;
#1933 = EDGE_CURVE ( 'NONE', #1894, #1176, #2329, .T. ) ;
#1934 = CARTESIAN_POINT ( 'NONE',  ( 8.585000000000036380, 10.99999999999997158, 6.734999999999999432 ) ) ;
#1935 = ORIENTED_EDGE ( 'NONE', *, *, #421, .T. ) ;
#1936 = CARTESIAN_POINT ( 'NONE',  ( -7.634999999999993570, -25.63499999999999801, 6.917500000000000426 ) ) ;
#1937 = LINE ( 'NONE', #1665, #1041 ) ;
#1938 = ORIENTED_EDGE ( 'NONE', *, *, #578, .F. ) ;
#1939 = DIRECTION ( 'NONE',  ( -1.029267862284486287E-14, -1.000000000000000000, 0.000000000000000000 ) ) ;
#1940 = ORIENTED_EDGE ( 'NONE', *, *, #1454, .T. ) ;
#1941 = LINE ( 'NONE', #692, #3181 ) ;
#1942 = EDGE_CURVE ( 'NONE', #1114, #213, #3207, .T. ) ;
#1943 = EDGE_CURVE ( 'NONE', #1169, #2679, #423, .T. ) ;
#1944 = CARTESIAN_POINT ( 'NONE',  ( 6.905537061679099864, 10.36499999999999311, 6.917500000000000426 ) ) ;
#1945 = LINE ( 'NONE', #2962, #784 ) ;
#1946 = CARTESIAN_POINT ( 'NONE',  ( -9.415000000000112834, -10.99999999999990408, 6.734999999999999432 ) ) ;
#1947 = EDGE_CURVE ( 'NONE', #3011, #1194, #2723, .T. ) ;
#1948 = FACE_OUTER_BOUND ( 'NONE', #2920, .T. ) ;
#1949 = ORIENTED_EDGE ( 'NONE', *, *, #3253, .F. ) ;
#1950 = LINE ( 'NONE', #2458, #1363 ) ;
#1951 = CIRCLE ( 'NONE', #2592, 0.3000000000000002665 ) ;
#1952 = EDGE_LOOP ( 'NONE', ( #1386, #1853, #1595, #291, #1851, #1264, #568, #1847, #772, #3078, #1104, #1670, #2243, #1783, #1868, #153 ) ) ;
#1953 = DIRECTION ( 'NONE',  ( -0.000000000000000000, 0.000000000000000000, 1.000000000000000000 ) ) ;
#1954 = AXIS2_PLACEMENT_3D ( 'NONE', #576, #1837, #1618 ) ;
#1955 = LINE ( 'NONE', #2993, #675 ) ;
#1956 = VERTEX_POINT ( 'NONE', #2774 ) ;
#1957 = CIRCLE ( 'NONE', #2108, 0.3000000000000002665 ) ;
#1958 = DIRECTION ( 'NONE',  ( -0.5773502691896245098, -0.5773502691896224004, -0.5773502691896303940 ) ) ;
#1959 = VECTOR ( 'NONE', #2069, 100.0000000000000000 ) ;
#1960 = VECTOR ( 'NONE', #1219, 99.99999999999998579 ) ;
#1961 = ORIENTED_EDGE ( 'NONE', *, *, #2266, .T. ) ;
#1962 = CARTESIAN_POINT ( 'NONE',  ( 10.83000000000002672, 8.584999999999967102, 7.234999999999999432 ) ) ;
#1963 = CARTESIAN_POINT ( 'NONE',  ( -7.799999999999999822, -7.799999999999999822, 2.174999999999999822 ) ) ;
#1964 = FACE_OUTER_BOUND ( 'NONE', #2720, .T. ) ;
#1965 = EDGE_CURVE ( 'NONE', #3258, #1597, #487, .T. ) ;
#1966 = LINE ( 'NONE', #142, #1251 ) ;
#1967 = DIRECTION ( 'NONE',  ( 0.000000000000000000, 0.000000000000000000, 1.000000000000000000 ) ) ;
#1968 = EDGE_CURVE ( 'NONE', #3308, #50, #183, .T. ) ;
#1969 = CYLINDRICAL_SURFACE ( 'NONE', #1234, 0.3000000000000002665 ) ;
#1970 = ORIENTED_EDGE ( 'NONE', *, *, #2775, .F. ) ;
#1971 = DIRECTION ( 'NONE',  ( 0.000000000000000000, 0.000000000000000000, -1.000000000000000000 ) ) ;
#1972 = ORIENTED_EDGE ( 'NONE', *, *, #659, .F. ) ;
#1973 = LINE ( 'NONE', #1679, #622 ) ;
#1974 = LINE ( 'NONE', #2660, #996 ) ;
#1975 = ORIENTED_EDGE ( 'NONE', *, *, #3032, .T. ) ;
#1976 = CARTESIAN_POINT ( 'NONE',  ( 8.585000000000034603, 10.82999999999997343, 6.734999999999999432 ) ) ;
#1977 = ORIENTED_EDGE ( 'NONE', *, *, #2034, .T. ) ;
#1978 = DIRECTION ( 'NONE',  ( -1.000000000000000000, -1.817653936845376936E-16, 0.000000000000000000 ) ) ;
#1979 = LINE ( 'NONE', #2997, #463 ) ;
#1980 = EDGE_CURVE ( 'NONE', #2689, #300, #1828, .T. ) ;
#1981 = DIRECTION ( 'NONE',  ( 1.000000000000000000, 0.000000000000000000, 0.000000000000000000 ) ) ;
#1982 = PLANE ( 'NONE',  #1393 ) ;
#1983 = CARTESIAN_POINT ( 'NONE',  ( 7.635000000000004228, -10.36499999999999311, 6.917500000000000426 ) ) ;
#1984 = DIRECTION ( 'NONE',  ( 0.000000000000000000, -1.000000000000000000, 0.000000000000000000 ) ) ;
#1985 = VERTEX_POINT ( 'NONE', #1517 ) ;
#1986 = CARTESIAN_POINT ( 'NONE',  ( 9.000000000000001776, -8.999999999999996447, 5.234999999999999432 ) ) ;
#1987 = VECTOR ( 'NONE', #2876, 100.0000000000000142 ) ;
#1988 = EDGE_CURVE ( 'NONE', #2055, #1279, #1204, .T. ) ;
#1989 = EDGE_CURVE ( 'NONE', #2303, #699, #299, .T. ) ;
#1990 = EDGE_LOOP ( 'NONE', ( #1555, #341, #1150, #3260 ) ) ;
#1991 = CARTESIAN_POINT ( 'NONE',  ( -10.83000000000009422, -9.414999999999889013, 6.734999999999999432 ) ) ;
#1992 = FILL_AREA_STYLE ('',( #1734 ) ) ;
#1993 = ORIENTED_EDGE ( 'NONE', *, *, #923, .T. ) ;
#1994 = DIRECTION ( 'NONE',  ( 0.8660254037844359321, -0.5000000000000046629, 0.000000000000000000 ) ) ;
#1995 = ORIENTED_EDGE ( 'NONE', *, *, #1623, .T. ) ;
#1996 = DIRECTION ( 'NONE',  ( 0.000000000000000000, -1.000000000000000000, 0.000000000000000000 ) ) ;
#1997 = FACE_OUTER_BOUND ( 'NONE', #707, .T. ) ;
#1998 = CARTESIAN_POINT ( 'NONE',  ( -9.784504172281369705, 10.18999999999999595, 7.234999999999999432 ) ) ;
#1999 = PLANE ( 'NONE',  #2941 ) ;
#2000 = EDGE_LOOP ( 'NONE', ( #891, #2002, #1134, #2791 ) ) ;
#2001 = CARTESIAN_POINT ( 'NONE',  ( -11.00000000000000355, 9.414999999999997371, 6.734999999999999432 ) ) ;
#2002 = ORIENTED_EDGE ( 'NONE', *, *, #2664, .F. ) ;
#2003 = FACE_OUTER_BOUND ( 'NONE', #2135, .T. ) ;
#2004 = CARTESIAN_POINT ( 'NONE',  ( -10.19000000000009898, -9.784504172281263124, 7.234999999999999432 ) ) ;
#2005 = ORIENTED_EDGE ( 'NONE', *, *, #819, .F. ) ;
#2006 = CARTESIAN_POINT ( 'NONE',  ( 7.799999999999999822, -7.799999999999999822, 2.174999999999999822 ) ) ;
#2007 = EDGE_CURVE ( 'NONE', #3177, #3011, #2033, .T. ) ;
#2008 = EDGE_CURVE ( 'NONE', #3244, #1114, #2053, .T. ) ;
#2009 = AXIS2_PLACEMENT_3D ( 'NONE', #178, #2455, #3270 ) ;
#2010 = VECTOR ( 'NONE', #789, 100.0000000000000142 ) ;
#2011 = ORIENTED_EDGE ( 'NONE', *, *, #1089, .F. ) ;
#2012 = VECTOR ( 'NONE', #1649, 100.0000000000000000 ) ;
#2013 = FACE_OUTER_BOUND ( 'NONE', #1118, .T. ) ;
#2014 = VECTOR ( 'NONE', #2116, 100.0000000000000000 ) ;
#2015 = CARTESIAN_POINT ( 'NONE',  ( -11.00000000000000355, -7.634999999999890541, 7.234999999999999432 ) ) ;
#2016 = FACE_OUTER_BOUND ( 'NONE', #2445, .T. ) ;
#2017 = CARTESIAN_POINT ( 'NONE',  ( 9.784504172281398127, 10.18999999999996930, 6.734999999999999432 ) ) ;
#2018 = DIRECTION ( 'NONE',  ( -1.817653936845376936E-16, 1.000000000000000000, 0.000000000000000000 ) ) ;
#2019 = VERTEX_POINT ( 'NONE', #502 ) ;
#2020 = CARTESIAN_POINT ( 'NONE',  ( -9.415000000000002700, 10.82999999999999652, 6.734999999999999432 ) ) ;
#2021 = VERTEX_POINT ( 'NONE', #1248 ) ;
#2022 = LINE ( 'NONE', #801, #1154 ) ;
#2023 = DIRECTION ( 'NONE',  ( -0.5000000000000046629, 0.8660254037844359321, 0.000000000000000000 ) ) ;
#2024 = ORIENTED_EDGE ( 'NONE', *, *, #1694, .T. ) ;
#2025 = LINE ( 'NONE', #1468, #3243 ) ;
#2026 = VERTEX_POINT ( 'NONE', #553 ) ;
#2027 = CARTESIAN_POINT ( 'NONE',  ( -9.000000000000090594, -8.699999999999906919, 5.234999999999999432 ) ) ;
#2028 = DIRECTION ( 'NONE',  ( 0.000000000000000000, 0.000000000000000000, 1.000000000000000000 ) ) ;
#2029 = DIRECTION ( 'NONE',  ( 0.000000000000000000, -1.000000000000000000, 0.000000000000000000 ) ) ;
#2030 = ORIENTED_EDGE ( 'NONE', *, *, #2207, .T. ) ;
#2031 = DIRECTION ( 'NONE',  ( 1.000000000000000000, 0.000000000000000000, 0.000000000000000000 ) ) ;
#2032 = ORIENTED_EDGE ( 'NONE', *, *, #1989, .F. ) ;
#2033 = LINE ( 'NONE', #1034, #2224 ) ;
#2034 = EDGE_CURVE ( 'NONE', #79, #2488, #3089, .T. ) ;
#2035 = DIRECTION ( 'NONE',  ( 3.491481338843133355E-15, 1.000000000000000000, 0.000000000000000000 ) ) ;
#2036 = EDGE_LOOP ( 'NONE', ( #2530, #514 ) ) ;
#2037 = VECTOR ( 'NONE', #595, 100.0000000000000000 ) ;
#2038 = PLANE ( 'NONE',  #892 ) ;
#2039 = AXIS2_PLACEMENT_3D ( 'NONE', #1158, #2177, #2947 ) ;
#2040 = VERTEX_POINT ( 'NONE', #2561 ) ;
#2041 = CARTESIAN_POINT ( 'NONE',  ( -8.585000000000004405, 10.82999999999999652, 6.734999999999999432 ) ) ;
#2042 = EDGE_CURVE ( 'NONE', #397, #2579, #815, .T. ) ;
#2043 = CARTESIAN_POINT ( 'NONE',  ( -3.666666666666847263, -3.666666666666809515, -0.7333333333333275084 ) ) ;
#2044 = CARTESIAN_POINT ( 'NONE',  ( 6.905537061679101640, 10.36499999999999311, -7.071067811865471953 ) ) ;
#2045 = EDGE_CURVE ( 'NONE', #397, #2019, #2022, .T. ) ;
#2046 = EDGE_CURVE ( 'NONE', #3221, #564, #539, .T. ) ;
#2047 = EDGE_CURVE ( 'NONE', #425, #236, #2272, .T. ) ;
#2048 = CARTESIAN_POINT ( 'NONE',  ( -10.36499999999991317, 7.635000000000104592, 6.917500000000000426 ) ) ;
#2049 = EDGE_LOOP ( 'NONE', ( #23, #184 ) ) ;
#2050 = DIRECTION ( 'NONE',  ( -1.165488593167520164E-14, -1.000000000000000000, 0.000000000000000000 ) ) ;
#2051 = EDGE_CURVE ( 'NONE', #1612, #3106, #2833, .T. ) ;
#2052 = ORIENTED_EDGE ( 'NONE', *, *, #1076, .T. ) ;
#2053 = LINE ( 'NONE', #3104, #465 ) ;
#2054 = CARTESIAN_POINT ( 'NONE',  ( -11.00000000000000355, 7.499999999999983125, 6.917500000000000426 ) ) ;
#2055 = VERTEX_POINT ( 'NONE', #1265 ) ;
#2056 = DIRECTION ( 'NONE',  ( -0.8660254037844333785, 0.5000000000000089928, 0.000000000000000000 ) ) ;
#2057 = VERTEX_POINT ( 'NONE', #3070 ) ;
#2058 = VECTOR ( 'NONE', #929, 100.0000000000000000 ) ;
#2059 =( GEOMETRIC_REPRESENTATION_CONTEXT ( 3 ) GLOBAL_UNCERTAINTY_ASSIGNED_CONTEXT ( ( #642 ) ) GLOBAL_UNIT_ASSIGNED_CONTEXT ( ( #1501, #1720, #1281 ) ) REPRESENTATION_CONTEXT ( 'NONE', 'WORKASPACE' ) );
#2060 = ORIENTED_EDGE ( 'NONE', *, *, #2046, .T. ) ;
#2061 = VECTOR ( 'NONE', #956, 100.0000000000000000 ) ;
#2062 = CYLINDRICAL_SURFACE ( 'NONE', #2856, 0.3000000000000002665 ) ;
#2063 = VECTOR ( 'NONE', #1862, 100.0000000000000000 ) ;
#2064 = CIRCLE ( 'NONE', #196, 0.3000000000000002665 ) ;
#2065 = AXIS2_PLACEMENT_3D ( 'NONE', #2325, #3122, #30 ) ;
#2066 = CARTESIAN_POINT ( 'NONE',  ( 9.000000000000028422, 8.999999999999969802, 5.234999999999999432 ) ) ;
#2067 = ADVANCED_FACE ( 'NONE', ( #770 ), #2849, .T. ) ;
#2068 = ORIENTED_EDGE ( 'NONE', *, *, #285, .T. ) ;
#2069 = DIRECTION ( 'NONE',  ( 0.000000000000000000, 0.000000000000000000, -1.000000000000000000 ) ) ;
#2070 = ORIENTED_EDGE ( 'NONE', *, *, #2839, .F. ) ;
#2071 = DIRECTION ( 'NONE',  ( 0.000000000000000000, 1.000000000000000000, 0.000000000000000000 ) ) ;
#2072 = LINE ( 'NONE', #2587, #2037 ) ;
#2073 = ORIENTED_EDGE ( 'NONE', *, *, #1489, .F. ) ;
#2074 = DIRECTION ( 'NONE',  ( -1.000000000000000000, 0.000000000000000000, 0.000000000000000000 ) ) ;
#2075 = VERTEX_POINT ( 'NONE', #1577 ) ;
#2076 = ORIENTED_EDGE ( 'NONE', *, *, #1588, .T. ) ;
#2077 = CARTESIAN_POINT ( 'NONE',  ( -10.92899188551691658, 10.59467748597745285, 6.528991885516818527 ) ) ;
#2078 = CARTESIAN_POINT ( 'NONE',  ( 8.215495827718667599, 10.18999999999997463, 7.234999999999999432 ) ) ;
#2079 = ORIENTED_EDGE ( 'NONE', *, *, #984, .F. ) ;
#2080 = DIRECTION ( 'NONE',  ( 0.000000000000000000, 0.000000000000000000, -1.000000000000000000 ) ) ;
#2081 = ORIENTED_EDGE ( 'NONE', *, *, #2742, .F. ) ;
#2082 = CARTESIAN_POINT ( 'NONE',  ( -11.00000000000033573, -10.99999999999998224, 6.600000000000000533 ) ) ;
#2083 = CARTESIAN_POINT ( 'NONE',  ( -11.00000000000000355, 8.584999999999997300, 6.734999999999999432 ) ) ;
#2084 = ORIENTED_EDGE ( 'NONE', *, *, #2644, .T. ) ;
#2085 = CARTESIAN_POINT ( 'NONE',  ( -11.00000000000009415, -9.414999999999887237, 6.734999999999999432 ) ) ;
#2086 = EDGE_CURVE ( 'NONE', #2373, #1682, #280, .T. ) ;
#2087 = EDGE_CURVE ( 'NONE', #2204, #2665, #2288, .T. ) ;
#2088 = EDGE_LOOP ( 'NONE', ( #2168, #1885, #701, #1914 ) ) ;
#2089 = VECTOR ( 'NONE', #1144, 100.0000000000000000 ) ;
#2090 = VERTEX_POINT ( 'NONE', #751 ) ;
#2091 = DIRECTION ( 'NONE',  ( -0.5000000000000076605, -0.8660254037844342667, 0.000000000000000000 ) ) ;
#2092 = CARTESIAN_POINT ( 'NONE',  ( -8.215495827718639177, 10.18999999999999595, 7.234999999999999432 ) ) ;
#2093 = EDGE_LOOP ( 'NONE', ( #1232, #2645, #2461, #3226 ) ) ;
#2094 = CARTESIAN_POINT ( 'NONE',  ( 0.000000000000000000, 0.000000000000000000, 7.234999999999999432 ) ) ;
#2095 = DIRECTION ( 'NONE',  ( 0.000000000000000000, 0.000000000000000000, -1.000000000000000000 ) ) ;
#2096 = LINE ( 'NONE', #1314, #706 ) ;
#2097 = ORIENTED_EDGE ( 'NONE', *, *, #543, .F. ) ;
#2098 = PLANE ( 'NONE',  #2333 ) ;
#2099 = ORIENTED_EDGE ( 'NONE', *, *, #477, .T. ) ;
#2100 = LINE ( 'NONE', #3124, #2859 ) ;
#2101 = EDGE_CURVE ( 'NONE', #2204, #1081, #399, .T. ) ;
#2102 = EDGE_LOOP ( 'NONE', ( #378, #1247, #1832, #2773, #334, #1787 ) ) ;
#2103 = CARTESIAN_POINT ( 'NONE',  ( -7.635000000000004228, 10.99999999999999645, 7.234999999999999432 ) ) ;
#2104 = ADVANCED_FACE ( 'NONE', ( #2321 ), #1049, .F. ) ;
#2105 = ORIENTED_EDGE ( 'NONE', *, *, #2301, .F. ) ;
#2106 = LINE ( 'NONE', #2666, #2490 ) ;
#2107 = AXIS2_PLACEMENT_3D ( 'NONE', #414, #1494, #1674 ) ;
#2108 = AXIS2_PLACEMENT_3D ( 'NONE', #509, #2231, #190 ) ;
#2109 = LINE ( 'NONE', #2819, #3108 ) ;
#2110 = ORIENTED_EDGE ( 'NONE', *, *, #578, .T. ) ;
#2111 = CYLINDRICAL_SURFACE ( 'NONE', #2378, 0.3000000000000002665 ) ;
#2112 = VECTOR ( 'NONE', #1611, 100.0000000000000000 ) ;
#2113 = DIRECTION ( 'NONE',  ( 0.000000000000000000, 0.000000000000000000, -1.000000000000000000 ) ) ;
#2114 = CARTESIAN_POINT ( 'NONE',  ( -10.83000000000009422, -9.414999999999889013, 6.734999999999999432 ) ) ;
#2115 = ORIENTED_EDGE ( 'NONE', *, *, #3275, .T. ) ;
#2116 = DIRECTION ( 'NONE',  ( -0.5000000000000016653, 0.8660254037844378194, 0.000000000000000000 ) ) ;
#2117 = ORIENTED_EDGE ( 'NONE', *, *, #2413, .F. ) ;
#2118 = DIRECTION ( 'NONE',  ( 8.163404592832066703E-15, 1.000000000000000000, 0.000000000000000000 ) ) ;
#2119 = APPLICATION_CONTEXT ( 'automotive_design' ) ;
#2120 = VERTEX_POINT ( 'NONE', #3151 ) ;
#2121 = LINE ( 'NONE', #1332, #1377 ) ;
#2122 = ORIENTED_EDGE ( 'NONE', *, *, #1759, .T. ) ;
#2123 = CARTESIAN_POINT ( 'NONE',  ( 10.83000000000002672, 8.584999999999967102, 7.234999999999999432 ) ) ;
#2124 = PLANE ( 'NONE',  #2198 ) ;
#2125 = ORIENTED_EDGE ( 'NONE', *, *, #543, .T. ) ;
#2126 = CARTESIAN_POINT ( 'NONE',  ( -10.19000000000008299, -8.215495827718530819, 6.734999999999999432 ) ) ;
#2127 = PLANE ( 'NONE',  #195 ) ;
#2128 = LINE ( 'NONE', #1660, #2621 ) ;
#2129 = EDGE_LOOP ( 'NONE', ( #940, #1120, #2846, #645, #2349 ) ) ;
#2130 = DIRECTION ( 'NONE',  ( -1.000000000000000000, 3.491481338843133355E-15, 0.000000000000000000 ) ) ;
#2131 = EDGE_LOOP ( 'NONE', ( #1359, #2236, #1343, #2708, #2970, #1514 ) ) ;
#2132 = CARTESIAN_POINT ( 'NONE',  ( 11.00000000000002842, 9.414999999999963620, 6.734999999999999432 ) ) ;
#2133 = ORIENTED_EDGE ( 'NONE', *, *, #376, .F. ) ;
#2134 = DIRECTION ( 'NONE',  ( 1.000000000000000000, -1.029267862284486287E-14, 0.000000000000000000 ) ) ;
#2135 = EDGE_LOOP ( 'NONE', ( #2387, #65, #3153, #1883 ) ) ;
#2136 = AXIS2_PLACEMENT_3D ( 'NONE', #2950, #1675, #2670 ) ;
#2137 = DIRECTION ( 'NONE',  ( 0.000000000000000000, 1.000000000000000000, 0.000000000000000000 ) ) ;
#2138 = VECTOR ( 'NONE', #2600, 100.0000000000000000 ) ;
#2139 = CARTESIAN_POINT ( 'NONE',  ( -9.000000000000090594, -8.999999999999907629, 7.234999999999999432 ) ) ;
#2140 = ADVANCED_FACE ( 'NONE', ( #2210 ), #2127, .F. ) ;
#2141 = FACE_OUTER_BOUND ( 'NONE', #1808, .T. ) ;
#2142 = CARTESIAN_POINT ( 'NONE',  ( -11.00000000000030731, -8.379999999999885318, 3.979999999999877414 ) ) ;
#2143 = ADVANCED_FACE ( 'NONE', ( #3231 ), #363, .F. ) ;
#2144 = ADVANCED_FACE ( 'NONE', ( #313 ), #2145, .T. ) ;
#2145 = PLANE ( 'NONE',  #1046 ) ;
#2146 = CARTESIAN_POINT ( 'NONE',  ( -9.784504172281469181, -10.18999999999990003, 6.734999999999999432 ) ) ;
#2147 = ORIENTED_EDGE ( 'NONE', *, *, #2566, .F. ) ;
#2148 = LINE ( 'NONE', #2424, #3291 ) ;
#2149 = EDGE_CURVE ( 'NONE', #974, #2269, #862, .T. ) ;
#2150 = ORIENTED_EDGE ( 'NONE', *, *, #1320, .T. ) ;
#2151 = CARTESIAN_POINT ( 'NONE',  ( -7.635000000000004228, 10.36499999999999311, 7.234999999999999432 ) ) ;
#2152 = CARTESIAN_POINT ( 'NONE',  ( 9.415000000000034674, 10.82999999999996987, 6.734999999999999432 ) ) ;
#2153 = ORIENTED_EDGE ( 'NONE', *, *, #2101, .T. ) ;
#2154 = CARTESIAN_POINT ( 'NONE',  ( -10.83000000000000362, 9.414999999999997371, 6.734999999999999432 ) ) ;
#2155 = EDGE_LOOP ( 'NONE', ( #538, #134, #2030, #1568 ) ) ;
#2156 = DIRECTION ( 'NONE',  ( 1.000000000000000000, 0.000000000000000000, 0.000000000000000000 ) ) ;
#2157 = DIRECTION ( 'NONE',  ( 0.000000000000000000, 1.000000000000000000, 0.000000000000000000 ) ) ;
#2158 = ORIENTED_EDGE ( 'NONE', *, *, #559, .T. ) ;
#2159 = ADVANCED_FACE ( 'NONE', ( #1877 ), #877, .F. ) ;
#2160 = LINE ( 'NONE', #3185, #833 ) ;
#2161 = MECHANICAL_DESIGN_GEOMETRIC_PRESENTATION_REPRESENTATION (  '', ( #3289 ), #2059 ) ;
#2162 = ADVANCED_FACE ( 'NONE', ( #107 ), #3167, .F. ) ;
#2163 = LINE ( 'NONE', #2146, #976 ) ;
#2164 = ORIENTED_EDGE ( 'NONE', *, *, #1586, .F. ) ;
#2165 = VECTOR ( 'NONE', #150, 100.0000000000000000 ) ;
#2166 = DIRECTION ( 'NONE',  ( 1.000000000000000000, 0.000000000000000000, 0.000000000000000000 ) ) ;
#2167 = AXIS2_PLACEMENT_3D ( 'NONE', #232, #788, #2071 ) ;
#2168 = ORIENTED_EDGE ( 'NONE', *, *, #125, .F. ) ;
#2169 = VECTOR ( 'NONE', #739, 100.0000000000000000 ) ;
#2170 = CARTESIAN_POINT ( 'NONE',  ( -7.799999999999999822, -7.799999999999999822, 2.174999999999999822 ) ) ;
#2171 = LINE ( 'NONE', #2152, #886 ) ;
#2172 = ORIENTED_EDGE ( 'NONE', *, *, #2254, .F. ) ;
#2173 = CARTESIAN_POINT ( 'NONE',  ( 11.00000000000003197, 10.49999999999997691, 0.000000000000000000 ) ) ;
#2174 = ORIENTED_EDGE ( 'NONE', *, *, #821, .T. ) ;
#2175 = CARTESIAN_POINT ( 'NONE',  ( -10.50000000000001599, 10.99999999999999645, 7.234999999999999432 ) ) ;
#2176 = EDGE_CURVE ( 'NONE', #732, #443, #354, .T. ) ;
#2177 = DIRECTION ( 'NONE',  ( 1.000000000000000000, -1.047444401652940007E-14, 0.000000000000000000 ) ) ;
#2178 = CARTESIAN_POINT ( 'NONE',  ( -8.380000000000000782, -8.379999999999915516, 0.000000000000000000 ) ) ;
#2179 = DIRECTION ( 'NONE',  ( 0.000000000000000000, 0.000000000000000000, 1.000000000000000000 ) ) ;
#2180 = CARTESIAN_POINT ( 'NONE',  ( -10.19000000000000306, 9.784504172281362600, 7.234999999999999432 ) ) ;
#2181 = ORIENTED_EDGE ( 'NONE', *, *, #1942, .T. ) ;
#2182 = LINE ( 'NONE', #2370, #626 ) ;
#2183 = VERTEX_POINT ( 'NONE', #3119 ) ;
#2184 = CARTESIAN_POINT ( 'NONE',  ( 9.415000000000002700, -10.82999999999999652, 7.234999999999999432 ) ) ;
#2185 = DIRECTION ( 'NONE',  ( -3.491481338843132961E-15, -1.000000000000000000, 0.000000000000000000 ) ) ;
#2186 = EDGE_CURVE ( 'NONE', #2727, #2929, #329, .T. ) ;
#2187 = ORIENTED_EDGE ( 'NONE', *, *, #1900, .F. ) ;
#2188 = PLANE ( 'NONE',  #254 ) ;
#2189 = EDGE_CURVE ( 'NONE', #1612, #2411, #2978, .T. ) ;
#2190 = EDGE_CURVE ( 'NONE', #1450, #1703, #944, .T. ) ;
#2191 = EDGE_LOOP ( 'NONE', ( #1055, #1573, #9, #1905 ) ) ;
#2192 =( BOUNDED_CURVE ( )  B_SPLINE_CURVE ( 3, ( #3251, #2482, #941, #1456 ),
 .UNSPECIFIED., .F., .F. ) 
 B_SPLINE_CURVE_WITH_KNOTS ( ( 4, 4 ),
 ( 0.6435011087932567264, 0.7853981633974393972 ),
 .UNSPECIFIED. ) 
 CURVE ( )  GEOMETRIC_REPRESENTATION_ITEM ( )  RATIONAL_B_SPLINE_CURVE ( ( 1.000000000000000000, 0.9983228058750945877, 0.9983228058750945877, 1.000000000000000000 ) ) 
 REPRESENTATION_ITEM ( '' )  );
#2193 = LINE ( 'NONE', #2175, #1309 ) ;
#2194 = VECTOR ( 'NONE', #1113, 100.0000000000000000 ) ;
#2195 = CARTESIAN_POINT ( 'NONE',  ( -11.00000000000000355, 7.499999999999983125, 0.000000000000000000 ) ) ;
#2196 = CARTESIAN_POINT ( 'NONE',  ( -10.19000000000008299, -8.215495827718530819, 6.734999999999999432 ) ) ;
#2197 = DIRECTION ( 'NONE',  ( 0.8660254037844307140, -0.5000000000000137668, 0.000000000000000000 ) ) ;
#2198 = AXIS2_PLACEMENT_3D ( 'NONE', #3183, #2685, #1124 ) ;
#2199 = DIRECTION ( 'NONE',  ( 0.000000000000000000, 0.000000000000000000, -1.000000000000000000 ) ) ;
#2200 = ORIENTED_EDGE ( 'NONE', *, *, #2440, .F. ) ;
#2201 = CARTESIAN_POINT ( 'NONE',  ( 7.799999999999999822, -7.500000000000000000, 0.000000000000000000 ) ) ;
#2202 = ORIENTED_EDGE ( 'NONE', *, *, #1346, .T. ) ;
#2203 = LINE ( 'NONE', #687, #2061 ) ;
#2204 = VERTEX_POINT ( 'NONE', #344 ) ;
#2205 = DIRECTION ( 'NONE',  ( 0.8660254037844299368, -0.5000000000000149880, 0.000000000000000000 ) ) ;
#2206 = EDGE_CURVE ( 'NONE', #718, #839, #2918, .T. ) ;
#2207 = EDGE_CURVE ( 'NONE', #1800, #1291, #1608, .T. ) ;
#2208 = VERTEX_POINT ( 'NONE', #175 ) ;
#2209 = CARTESIAN_POINT ( 'NONE',  ( -9.784504172281369705, 10.18999999999999595, 6.734999999999999432 ) ) ;
#2210 = FACE_OUTER_BOUND ( 'NONE', #1364, .T. ) ;
#2211 = PLANE ( 'NONE',  #1505 ) ;
#2212 = CARTESIAN_POINT ( 'NONE',  ( 7.799999999999999822, -8.099999999999999645, 2.174999999999999822 ) ) ;
#2213 = CARTESIAN_POINT ( 'NONE',  ( -8.215495827718738653, -10.18999999999991779, 6.734999999999999432 ) ) ;
#2214 = CARTESIAN_POINT ( 'NONE',  ( 10.19000000000000306, -8.215495827718632071, 7.234999999999999432 ) ) ;
#2215 = ORIENTED_EDGE ( 'NONE', *, *, #1693, .F. ) ;
#2216 = CARTESIAN_POINT ( 'NONE',  ( -9.415000000000002700, 10.99999999999999645, 6.734999999999999432 ) ) ;
#2217 = AXIS2_PLACEMENT_3D ( 'NONE', #912, #1912, #2864 ) ;
#2218 = VECTOR ( 'NONE', #2924, 100.0000000000000000 ) ;
#2219 = ORIENTED_EDGE ( 'NONE', *, *, #3006, .T. ) ;
#2220 = CARTESIAN_POINT ( 'NONE',  ( -11.00000000000000355, 9.414999999999997371, 6.734999999999999432 ) ) ;
#2221 = VECTOR ( 'NONE', #1440, 100.0000000000000000 ) ;
#2222 = CARTESIAN_POINT ( 'NONE',  ( 11.00000000000003197, 10.49999999999997691, 0.000000000000000000 ) ) ;
#2223 = VERTEX_POINT ( 'NONE', #2614 ) ;
#2224 = VECTOR ( 'NONE', #26, 100.0000000000000000 ) ;
#2225 = DIRECTION ( 'NONE',  ( 0.000000000000000000, 0.000000000000000000, -1.000000000000000000 ) ) ;
#2226 = VECTOR ( 'NONE', #1074, 100.0000000000000000 ) ;
#2227 = VECTOR ( 'NONE', #1548, 100.0000000000000000 ) ;
#2228 = PRODUCT_RELATED_PRODUCT_CATEGORY ( 'part', '', ( #3060 ) ) ;
#2229 = ORIENTED_EDGE ( 'NONE', *, *, #1513, .T. ) ;
#2230 = DIRECTION ( 'NONE',  ( 0.000000000000000000, 1.000000000000000000, 0.000000000000000000 ) ) ;
#2231 = DIRECTION ( 'NONE',  ( 0.000000000000000000, 0.000000000000000000, -1.000000000000000000 ) ) ;
#2232 = DIRECTION ( 'NONE',  ( 0.8660254037844378194, 0.5000000000000016653, 0.000000000000000000 ) ) ;
#2233 = LINE ( 'NONE', #157, #2549 ) ;
#2234 = LINE ( 'NONE', #2949, #2591 ) ;
#2235 = CARTESIAN_POINT ( 'NONE',  ( -11.00000000000033573, -10.99999999999998224, 6.600000000000000533 ) ) ;
#2236 = ORIENTED_EDGE ( 'NONE', *, *, #1549, .T. ) ;
#2237 = CARTESIAN_POINT ( 'NONE',  ( 9.000000000000028422, 8.699999999999970868, 7.234999999999999432 ) ) ;
#2238 = ORIENTED_EDGE ( 'NONE', *, *, #389, .F. ) ;
#2239 = DIRECTION ( 'NONE',  ( 0.8660254037844359321, 0.5000000000000046629, 0.000000000000000000 ) ) ;
#2240 = FACE_OUTER_BOUND ( 'NONE', #1579, .T. ) ;
#2241 = ORIENTED_EDGE ( 'NONE', *, *, #1833, .T. ) ;
#2242 = DIRECTION ( 'NONE',  ( 0.000000000000000000, 1.000000000000000000, 0.000000000000000000 ) ) ;
#2243 = ORIENTED_EDGE ( 'NONE', *, *, #477, .F. ) ;
#2244 = LINE ( 'NONE', #1237, #1418 ) ;
#2245 = SHAPE_DEFINITION_REPRESENTATION ( #13, #2624 ) ;
#2246 = CARTESIAN_POINT ( 'NONE',  ( 10.50000000000001599, -11.00000000000020606, 6.600000000000000533 ) ) ;
#2247 = PLANE ( 'NONE',  #2009 ) ;
#2248 = ADVANCED_FACE ( 'NONE', ( #2367 ), #72, .T. ) ;
#2249 = LINE ( 'NONE', #1749, #1394 ) ;
#2250 = EDGE_CURVE ( 'NONE', #1002, #2914, #92, .T. ) ;
#2251 = VERTEX_POINT ( 'NONE', #1026 ) ;
#2252 = PLANE ( 'NONE',  #624 ) ;
#2253 = VECTOR ( 'NONE', #314, 100.0000000000000000 ) ;
#2254 = EDGE_CURVE ( 'NONE', #3053, #3139, #1457, .T. ) ;
#2255 = ORIENTED_EDGE ( 'NONE', *, *, #1943, .T. ) ;
#2256 = CARTESIAN_POINT ( 'NONE',  ( 11.00000000000000355, -9.414999999999997371, 6.734999999999999432 ) ) ;
#2257 = CARTESIAN_POINT ( 'NONE',  ( 11.00000000000002665, 8.584999999999963549, 6.734999999999999432 ) ) ;
#2258 = VERTEX_POINT ( 'NONE', #743 ) ;
#2259 = CARTESIAN_POINT ( 'NONE',  ( 10.99999999999996803, -7.635000000000034426, 0.000000000000000000 ) ) ;
#2260 = EDGE_LOOP ( 'NONE', ( #2824, #1993, #1678, #2968, #1043, #881 ) ) ;
#2261 = DIRECTION ( 'NONE',  ( -1.000000000000000000, 3.491481338843133355E-15, 0.000000000000000000 ) ) ;
#2262 = LINE ( 'NONE', #176, #278 ) ;
#2263 = FACE_OUTER_BOUND ( 'NONE', #2093, .T. ) ;
#2264 = PLANE ( 'NONE',  #1523 ) ;
#2265 = AXIS2_PLACEMENT_3D ( 'NONE', #177, #2485, #1223 ) ;
#2266 = EDGE_CURVE ( 'NONE', #3177, #1563, #3048, .T. ) ;
#2267 = EDGE_CURVE ( 'NONE', #100, #2428, #1760, .T. ) ;
#2268 = PLANE ( 'NONE',  #2469 ) ;
#2269 = VERTEX_POINT ( 'NONE', #2041 ) ;
#2270 = DIRECTION ( 'NONE',  ( 0.000000000000000000, -1.000000000000000000, 0.000000000000000000 ) ) ;
#2271 = EDGE_LOOP ( 'NONE', ( #2573, #1318 ) ) ;
#2272 = LINE ( 'NONE', #2543, #1362 ) ;
#2273 = EDGE_LOOP ( 'NONE', ( #852, #1537, #348, #988 ) ) ;
#2274 = DIRECTION ( 'NONE',  ( -1.000000000000000000, 3.491481338843133355E-15, 0.000000000000000000 ) ) ;
#2275 = VECTOR ( 'NONE', #2156, 100.0000000000000000 ) ;
#2276 = ORIENTED_EDGE ( 'NONE', *, *, #2775, .T. ) ;
#2277 = VECTOR ( 'NONE', #260, 100.0000000000000142 ) ;
#2278 = DIRECTION ( 'NONE',  ( 0.8660254037844352659, -0.5000000000000059952, 0.000000000000000000 ) ) ;
#2279 = VECTOR ( 'NONE', #1831, 100.0000000000000000 ) ;
#2280 = DIRECTION ( 'NONE',  ( -1.000000000000000000, 1.047444401652940007E-14, 0.000000000000000000 ) ) ;
#2281 = CARTESIAN_POINT ( 'NONE',  ( -10.50000000000001599, 10.99999999999999645, 0.000000000000000000 ) ) ;
#2282 = CARTESIAN_POINT ( 'NONE',  ( -10.92899188551697343, -10.59467748597739600, 6.528991885516877147 ) ) ;
#2283 = ADVANCED_FACE ( 'NONE', ( #962 ), #3063, .F. ) ;
#2284 = DIRECTION ( 'NONE',  ( 1.000000000000000000, -1.047444401652940007E-14, 0.000000000000000000 ) ) ;
#2285 = ORIENTED_EDGE ( 'NONE', *, *, #2637, .T. ) ;
#2286 = FACE_BOUND ( 'NONE', #1521, .T. ) ;
#2287 = ORIENTED_EDGE ( 'NONE', *, *, #42, .T. ) ;
#2288 = LINE ( 'NONE', #1781, #2596 ) ;
#2289 = LINE ( 'NONE', #2257, #137 ) ;
#2290 = ORIENTED_EDGE ( 'NONE', *, *, #392, .T. ) ;
#2291 = LINE ( 'NONE', #219, #2917 ) ;
#2292 = EDGE_CURVE ( 'NONE', #2568, #638, #1979, .T. ) ;
#2293 = ADVANCED_FACE ( 'NONE', ( #2013 ), #2780, .F. ) ;
#2294 = ORIENTED_EDGE ( 'NONE', *, *, #752, .T. ) ;
#2295 = ADVANCED_FACE ( 'NONE', ( #1 ), #2483, .F. ) ;
#2296 = APPLICATION_CONTEXT ( 'automotive_design' ) ;
#2297 = ADVANCED_FACE ( 'NONE', ( #3012 ), #708, .T. ) ;
#2298 = LINE ( 'NONE', #1208, #518 ) ;
#2299 = DIRECTION ( 'NONE',  ( -0.000000000000000000, 0.000000000000000000, 1.000000000000000000 ) ) ;
#2300 = LINE ( 'NONE', #2044, #830 ) ;
#2301 = EDGE_CURVE ( 'NONE', #2075, #3056, #3281, .T. ) ;
#2302 = FACE_OUTER_BOUND ( 'NONE', #2805, .T. ) ;
#2303 = VERTEX_POINT ( 'NONE', #1507 ) ;
#2304 = DIRECTION ( 'NONE',  ( -1.000000000000000000, 0.000000000000000000, 0.000000000000000000 ) ) ;
#2305 = ORIENTED_EDGE ( 'NONE', *, *, #2702, .T. ) ;
#2306 = CARTESIAN_POINT ( 'NONE',  ( 10.85145081841681503, -10.68408308751592983, 6.451450818416716970 ) ) ;
#2307 = DIRECTION ( 'NONE',  ( 0.000000000000000000, 1.000000000000000000, 0.000000000000000000 ) ) ;
#2308 = VERTEX_POINT ( 'NONE', #1724 ) ;
#2309 = VECTOR ( 'NONE', #293, 100.0000000000000000 ) ;
#2310 = CARTESIAN_POINT ( 'NONE',  ( 10.19000000000003148, 9.784504172281332401, 6.734999999999999432 ) ) ;
#2311 = AXIS2_PLACEMENT_3D ( 'NONE', #2845, #2829, #1338 ) ;
#2312 = ORIENTED_EDGE ( 'NONE', *, *, #2506, .F. ) ;
#2313 = EDGE_CURVE ( 'NONE', #829, #3264, #2797, .T. ) ;
#2314 = EDGE_CURVE ( 'NONE', #25, #1197, #1957, .T. ) ;
#2315 = DIRECTION ( 'NONE',  ( -0.7071067811865512365, 0.000000000000000000, 0.7071067811865439090 ) ) ;
#2316 = CARTESIAN_POINT ( 'NONE',  ( 7.799999999999999822, 7.799999999999999822, 0.000000000000000000 ) ) ;
#2317 = VECTOR ( 'NONE', #2798, 100.0000000000000000 ) ;
#2318 = ORIENTED_EDGE ( 'NONE', *, *, #1123, .T. ) ;
#2319 = CARTESIAN_POINT ( 'NONE',  ( 10.76776695296631203, -10.76776695296642394, 6.367766952966212202 ) ) ;
#2320 = ORIENTED_EDGE ( 'NONE', *, *, #186, .F. ) ;
#2321 = FACE_OUTER_BOUND ( 'NONE', #365, .T. ) ;
#2322 = PLANE ( 'NONE',  #442 ) ;
#2323 = ORIENTED_EDGE ( 'NONE', *, *, #1101, .F. ) ;
#2324 =( BOUNDED_CURVE ( )  B_SPLINE_CURVE ( 3, ( #873, #2630, #2381, #1875 ),
 .UNSPECIFIED., .F., .F. ) 
 B_SPLINE_CURVE_WITH_KNOTS ( ( 4, 4 ),
 ( 0.6435011087932568374, 0.7853981633974183030 ),
 .UNSPECIFIED. ) 
 CURVE ( )  GEOMETRIC_REPRESENTATION_ITEM ( )  RATIONAL_B_SPLINE_CURVE ( ( 1.000000000000000000, 0.9983228058750950318, 0.9983228058750950318, 1.000000000000000000 ) ) 
 REPRESENTATION_ITEM ( '' )  );
#2325 = CARTESIAN_POINT ( 'NONE',  ( -11.00000000000009770, 10.99999999999999645, 6.600000000000000533 ) ) ;
#2326 = ORIENTED_EDGE ( 'NONE', *, *, #2881, .F. ) ;
#2327 = VECTOR ( 'NONE', #2533, 100.0000000000000000 ) ;
#2328 = ORIENTED_EDGE ( 'NONE', *, *, #2818, .F. ) ;
#2329 = CIRCLE ( 'NONE', #1310, 0.3000000000000002665 ) ;
#2330 = CARTESIAN_POINT ( 'NONE',  ( 7.799999999999999822, 7.799999999999999822, 2.174999999999999822 ) ) ;
#2331 = VECTOR ( 'NONE', #2574, 100.0000000000000000 ) ;
#2332 = AXIS2_PLACEMENT_3D ( 'NONE', #1429, #230, #1766 ) ;
#2333 = AXIS2_PLACEMENT_3D ( 'NONE', #2310, #1020, #2056 ) ;
#2334 = EDGE_CURVE ( 'NONE', #2754, #564, #2298, .T. ) ;
#2335 = DIRECTION ( 'NONE',  ( 0.000000000000000000, 0.000000000000000000, -1.000000000000000000 ) ) ;
#2336 = ADVANCED_FACE ( 'NONE', ( #237 ), #2745, .F. ) ;
#2337 = ORIENTED_EDGE ( 'NONE', *, *, #169, .T. ) ;
#2338 = CIRCLE ( 'NONE', #3266, 0.3000000000000002665 ) ;
#2339 = CARTESIAN_POINT ( 'NONE',  ( 9.415000000000002700, -10.82999999999999652, 6.734999999999999432 ) ) ;
#2340 = VERTEX_POINT ( 'NONE', #2503 ) ;
#2341 = DIRECTION ( 'NONE',  ( -0.000000000000000000, 0.000000000000000000, 1.000000000000000000 ) ) ;
#2342 = DIRECTION ( 'NONE',  ( -0.000000000000000000, 0.000000000000000000, 1.000000000000000000 ) ) ;
#2343 = EDGE_LOOP ( 'NONE', ( #2607, #2886, #618, #968 ) ) ;
#2344 = CARTESIAN_POINT ( 'NONE',  ( 11.00000000000002665, 8.584999999999963549, 7.234999999999999432 ) ) ;
#2345 = EDGE_LOOP ( 'NONE', ( #879, #2908 ) ) ;
#2346 = ORIENTED_EDGE ( 'NONE', *, *, #421, .F. ) ;
#2347 = DIRECTION ( 'NONE',  ( 0.000000000000000000, -1.000000000000000000, 0.000000000000000000 ) ) ;
#2348 = DIRECTION ( 'NONE',  ( -1.000000000000000000, 4.625929269271481378E-15, 0.000000000000000000 ) ) ;
#2349 = ORIENTED_EDGE ( 'NONE', *, *, #1350, .F. ) ;
#2350 = LINE ( 'NONE', #312, #1843 ) ;
#2351 = EDGE_CURVE ( 'NONE', #2770, #1109, #2244, .T. ) ;
#2352 = EDGE_CURVE ( 'NONE', #2057, #825, #1951, .T. ) ;
#2353 = CARTESIAN_POINT ( 'NONE',  ( -7.799999999999998934, 7.800000000000001599, 0.000000000000000000 ) ) ;
#2354 = CARTESIAN_POINT ( 'NONE',  ( -9.000000000000090594, -8.999999999999907629, -7.071067811865471953 ) ) ;
#2355 = ORIENTED_EDGE ( 'NONE', *, *, #3110, .T. ) ;
#2356 = FACE_OUTER_BOUND ( 'NONE', #1021, .T. ) ;
#2357 = VECTOR ( 'NONE', #899, 100.0000000000000000 ) ;
#2358 = ORIENTED_EDGE ( 'NONE', *, *, #3016, .T. ) ;
#2359 = DIRECTION ( 'NONE',  ( -0.8660254037844352659, 0.5000000000000059952, 0.000000000000000000 ) ) ;
#2360 = AXIS2_PLACEMENT_3D ( 'NONE', #1725, #2746, #3232 ) ;
#2361 = ORIENTED_EDGE ( 'NONE', *, *, #2087, .F. ) ;
#2362 = CARTESIAN_POINT ( 'NONE',  ( 10.19000000000002615, 8.215495827718601873, 7.234999999999999432 ) ) ;
#2363 = CARTESIAN_POINT ( 'NONE',  ( -7.799999999999999822, -7.500000000000000000, 2.174999999999999822 ) ) ;
#2364 = ORIENTED_EDGE ( 'NONE', *, *, #1106, .T. ) ;
#2365 = CARTESIAN_POINT ( 'NONE',  ( 0.000000000000000000, 0.000000000000000000, 6.917500000000000426 ) ) ;
#2366 = ADVANCED_FACE ( 'NONE', ( #1196 ), #439, .F. ) ;
#2367 = FACE_OUTER_BOUND ( 'NONE', #1516, .T. ) ;
#2368 = CARTESIAN_POINT ( 'NONE',  ( -11.00000000000005151, 11.00000000000008882, 6.599999999999954348 ) ) ;
#2369 = VERTEX_POINT ( 'NONE', #884 ) ;
#2370 = CARTESIAN_POINT ( 'NONE',  ( -10.19000000000000306, 8.215495827718632071, 7.234999999999999432 ) ) ;
#2371 = EDGE_LOOP ( 'NONE', ( #2873, #1821, #2024, #1411, #2158, #2779 ) ) ;
#2372 = LINE ( 'NONE', #97, #1473 ) ;
#2373 = VERTEX_POINT ( 'NONE', #2724 ) ;
#2374 = DIRECTION ( 'NONE',  ( -0.5000000000000059952, -0.8660254037844352659, 0.000000000000000000 ) ) ;
#2375 = ORIENTED_EDGE ( 'NONE', *, *, #2699, .F. ) ;
#2376 = DIRECTION ( 'NONE',  ( 0.000000000000000000, -1.000000000000000000, 0.000000000000000000 ) ) ;
#2377 = VECTOR ( 'NONE', #131, 100.0000000000000000 ) ;
#2378 = AXIS2_PLACEMENT_3D ( 'NONE', #1110, #1642, #2669 ) ;
#2379 = AXIS2_PLACEMENT_3D ( 'NONE', #2353, #2113, #2468 ) ;
#2380 = DIRECTION ( 'NONE',  ( -1.000000000000000000, 1.047444401652940007E-14, 0.000000000000000000 ) ) ;
#2381 = CARTESIAN_POINT ( 'NONE',  ( -10.68408308751596181, -10.85145081841677239, 6.451450818416788913 ) ) ;
#2382 = DIRECTION ( 'NONE',  ( -1.047444401652940007E-14, -1.000000000000000000, 0.000000000000000000 ) ) ;
#2383 = AXIS2_PLACEMENT_3D ( 'NONE', #1986, #3005, #2789 ) ;
#2384 = VECTOR ( 'NONE', #3296, 100.0000000000000000 ) ;
#2385 = DIRECTION ( 'NONE',  ( 0.000000000000000000, -1.000000000000000000, 0.000000000000000000 ) ) ;
#2386 = PLANE ( 'NONE',  #571 ) ;
#2387 = ORIENTED_EDGE ( 'NONE', *, *, #1652, .F. ) ;
#2388 = CARTESIAN_POINT ( 'NONE',  ( -25.63499999999991985, 7.635000000000260911, 6.917500000000000426 ) ) ;
#2389 = VERTEX_POINT ( 'NONE', #1448 ) ;
#2390 = DIRECTION ( 'NONE',  ( 0.4999999999999955036, -0.8660254037844411501, 0.000000000000000000 ) ) ;
#2391 = ORIENTED_EDGE ( 'NONE', *, *, #2101, .F. ) ;
#2392 = CARTESIAN_POINT ( 'NONE',  ( 25.63499999999996959, -7.635000000000082387, 6.917500000000000426 ) ) ;
#2393 = VECTOR ( 'NONE', #1083, 100.0000000000000000 ) ;
#2394 = EDGE_CURVE ( 'NONE', #1403, #902, #1955, .T. ) ;
#2395 = EDGE_CURVE ( 'NONE', #2251, #236, #385, .T. ) ;
#2396 = EDGE_CURVE ( 'NONE', #3278, #2340, #3223, .T. ) ;
#2397 = ORIENTED_EDGE ( 'NONE', *, *, #2802, .F. ) ;
#2398 = DIRECTION ( 'NONE',  ( 0.5000000000000046629, -0.8660254037844359321, 0.000000000000000000 ) ) ;
#2399 = VECTOR ( 'NONE', #1509, 100.0000000000000142 ) ;
#2400 = ADVANCED_FACE ( 'NONE', ( #164 ), #2463, .F. ) ;
#2401 = DIRECTION ( 'NONE',  ( -3.491481338843133355E-15, -1.000000000000000000, 0.000000000000000000 ) ) ;
#2402 = ORIENTED_EDGE ( 'NONE', *, *, #519, .F. ) ;
#2403 = DIRECTION ( 'NONE',  ( 1.000000000000000000, -1.047444401652940007E-14, 0.000000000000000000 ) ) ;
#2404 = DIRECTION ( 'NONE',  ( -1.000000000000000000, 3.491481338843133355E-15, 0.000000000000000000 ) ) ;
#2405 = CARTESIAN_POINT ( 'NONE',  ( -8.380000000000002558, 10.99999999999999645, 0.000000000000000000 ) ) ;
#2406 = ORIENTED_EDGE ( 'NONE', *, *, #2313, .T. ) ;
#2407 = LINE ( 'NONE', #2672, #2014 ) ;
#2408 = VERTEX_POINT ( 'NONE', #1182 ) ;
#2409 = FACE_OUTER_BOUND ( 'NONE', #251, .T. ) ;
#2410 = CARTESIAN_POINT ( 'NONE',  ( -7.635000000000004228, 10.36499999999999311, 7.234999999999999432 ) ) ;
#2411 = VERTEX_POINT ( 'NONE', #1400 ) ;
#2412 = DIRECTION ( 'NONE',  ( -1.000000000000000000, 3.309715945158595366E-15, 0.000000000000000000 ) ) ;
#2413 = EDGE_CURVE ( 'NONE', #425, #2408, #2427, .T. ) ;
#2414 = VERTEX_POINT ( 'NONE', #1168 ) ;
#2415 = CIRCLE ( 'NONE', #3107, 0.3000000000000002665 ) ;
#2416 = AXIS2_PLACEMENT_3D ( 'NONE', #2456, #2422, #1893 ) ;
#2417 = LINE ( 'NONE', #1137, #353 ) ;
#2418 = EDGE_CURVE ( 'NONE', #1235, #2656, #2955, .T. ) ;
#2419 = CARTESIAN_POINT ( 'NONE',  ( 25.63499999999996959, -7.635000000000082387, 6.917500000000000426 ) ) ;
#2420 = PLANE ( 'NONE',  #2848 ) ;
#2421 = DIRECTION ( 'NONE',  ( 0.000000000000000000, 1.000000000000000000, 0.000000000000000000 ) ) ;
#2422 = DIRECTION ( 'NONE',  ( 0.000000000000000000, 0.000000000000000000, -1.000000000000000000 ) ) ;
#2423 = ORIENTED_EDGE ( 'NONE', *, *, #1236, .F. ) ;
#2424 = CARTESIAN_POINT ( 'NONE',  ( -10.83000000000009422, -9.414999999999889013, 7.234999999999999432 ) ) ;
#2425 = ORIENTED_EDGE ( 'NONE', *, *, #456, .T. ) ;
#2426 = CARTESIAN_POINT ( 'NONE',  ( 8.380000000000000782, -8.380000000000089599, 3.979999999999877414 ) ) ;
#2427 = LINE ( 'NONE', #654, #1356 ) ;
#2428 = VERTEX_POINT ( 'NONE', #3208 ) ;
#2429 = DIRECTION ( 'NONE',  ( 0.000000000000000000, -1.000000000000000000, 0.000000000000000000 ) ) ;
#2430 = EDGE_CURVE ( 'NONE', #1632, #1824, #1681, .T. ) ;
#2431 = ORIENTED_EDGE ( 'NONE', *, *, #1916, .F. ) ;
#2432 = CARTESIAN_POINT ( 'NONE',  ( 9.784504172281398127, 10.18999999999996930, 7.234999999999999432 ) ) ;
#2433 = PLANE ( 'NONE',  #2039 ) ;
#2434 = CARTESIAN_POINT ( 'NONE',  ( -10.50000000000001599, 10.99999999999999645, 0.000000000000000000 ) ) ;
#2435 = LINE ( 'NONE', #3165, #1680 ) ;
#2436 = AXIS2_PLACEMENT_3D ( 'NONE', #2330, #1540, #547 ) ;
#2437 = EDGE_CURVE ( 'NONE', #1741, #2090, #957, .T. ) ;
#2438 = VECTOR ( 'NONE', #2604, 100.0000000000000000 ) ;
#2439 = EDGE_CURVE ( 'NONE', #1183, #1796, #935, .T. ) ;
#2440 = EDGE_CURVE ( 'NONE', #2464, #2120, #1974, .T. ) ;
#2441 = DIRECTION ( 'NONE',  ( -1.000000000000000000, 1.029267862284486287E-14, 0.000000000000000000 ) ) ;
#2442 = VERTEX_POINT ( 'NONE', #369 ) ;
#2443 = AXIS2_PLACEMENT_3D ( 'NONE', #1882, #384, #3194 ) ;
#2444 = CARTESIAN_POINT ( 'NONE',  ( 0.000000000000000000, 0.000000000000000000, 6.734999999999999432 ) ) ;
#2445 = EDGE_LOOP ( 'NONE', ( #2150, #3280, #172, #2794 ) ) ;
#2446 = VECTOR ( 'NONE', #705, 100.0000000000000000 ) ;
#2447 = DIRECTION ( 'NONE',  ( 0.000000000000000000, 1.000000000000000000, 0.000000000000000000 ) ) ;
#2448 = DIRECTION ( 'NONE',  ( -3.491481338843133355E-15, -1.000000000000000000, 0.000000000000000000 ) ) ;
#2449 = ORIENTED_EDGE ( 'NONE', *, *, #1607, .F. ) ;
#2450 = DIRECTION ( 'NONE',  ( 1.000000000000000000, -3.309715945158595366E-15, 0.000000000000000000 ) ) ;
#2451 = ORIENTED_EDGE ( 'NONE', *, *, #1740, .T. ) ;
#2452 = DIRECTION ( 'NONE',  ( -1.000000000000000000, 0.000000000000000000, 0.000000000000000000 ) ) ;
#2453 = DIRECTION ( 'NONE',  ( 0.000000000000000000, -1.000000000000000000, 0.000000000000000000 ) ) ;
#2454 = CARTESIAN_POINT ( 'NONE',  ( 0.000000000000000000, 0.000000000000000000, 6.734999999999999432 ) ) ;
#2455 = DIRECTION ( 'NONE',  ( -0.5000000000000046629, -0.8660254037844359321, 0.000000000000000000 ) ) ;
#2456 = CARTESIAN_POINT ( 'NONE',  ( -7.799999999999999822, -7.799999999999999822, 0.000000000000000000 ) ) ;
#2457 = ORIENTED_EDGE ( 'NONE', *, *, #2437, .T. ) ;
#2458 = CARTESIAN_POINT ( 'NONE',  ( -7.635000000000004228, 10.99999999999999645, 0.000000000000000000 ) ) ;
#2459 = EDGE_CURVE ( 'NONE', #2892, #3081, #2171, .T. ) ;
#2460 = ADVANCED_FACE ( 'NONE', ( #1383 ), #1133, .F. ) ;
#2461 = ORIENTED_EDGE ( 'NONE', *, *, #1452, .T. ) ;
#2462 = FACE_OUTER_BOUND ( 'NONE', #1129, .T. ) ;
#2463 = PLANE ( 'NONE',  #512 ) ;
#2464 = VERTEX_POINT ( 'NONE', #1920 ) ;
#2465 = DIRECTION ( 'NONE',  ( 0.000000000000000000, 0.000000000000000000, -1.000000000000000000 ) ) ;
#2466 = ORIENTED_EDGE ( 'NONE', *, *, #967, .F. ) ;
#2467 = CYLINDRICAL_SURFACE ( 'NONE', #729, 0.3000000000000002665 ) ;
#2468 = DIRECTION ( 'NONE',  ( 0.000000000000000000, 1.000000000000000000, 0.000000000000000000 ) ) ;
#2469 = AXIS2_PLACEMENT_3D ( 'NONE', #998, #513, #2018 ) ;
#2470 = CARTESIAN_POINT ( 'NONE',  ( 10.50000000000001599, -10.99999999999999645, 0.000000000000000000 ) ) ;
#2471 = LINE ( 'NONE', #3234, #1838 ) ;
#2472 = CIRCLE ( 'NONE', #2360, 0.3000000000000002665 ) ;
#2473 = DIRECTION ( 'NONE',  ( 0.000000000000000000, 0.000000000000000000, -1.000000000000000000 ) ) ;
#2474 = ORIENTED_EDGE ( 'NONE', *, *, #2190, .T. ) ;
#2475 = LINE ( 'NONE', #953, #1899 ) ;
#2476 = EDGE_LOOP ( 'NONE', ( #383, #2397, #3045, #132 ) ) ;
#2477 = DIRECTION ( 'NONE',  ( 1.817653936845376936E-16, -1.000000000000000000, 0.000000000000000000 ) ) ;
#2478 = DIRECTION ( 'NONE',  ( 1.000000000000000000, -1.029267862284486287E-14, 0.000000000000000000 ) ) ;
#2479 = ORIENTED_EDGE ( 'NONE', *, *, #752, .F. ) ;
#2480 = PLANE ( 'NONE',  #2499 ) ;
#2481 = ORIENTED_EDGE ( 'NONE', *, *, #1591, .T. ) ;
#2482 = CARTESIAN_POINT ( 'NONE',  ( 10.59467748597747594, 10.92899188551688994, 6.528991885516828297 ) ) ;
#2483 = PLANE ( 'NONE',  #1259 ) ;
#2484 = CARTESIAN_POINT ( 'NONE',  ( 7.500000000000022204, 10.99999999999997691, 7.234999999999999432 ) ) ;
#2485 = DIRECTION ( 'NONE',  ( -3.491481338843133355E-15, -1.000000000000000000, -3.486881358747458609E-16 ) ) ;
#2486 = PLANE ( 'NONE',  #1737 ) ;
#2487 = LINE ( 'NONE', #212, #1600 ) ;
#2488 = VERTEX_POINT ( 'NONE', #2938 ) ;
#2489 = CARTESIAN_POINT ( 'NONE',  ( 9.000000000000028422, 9.299999999999970512, 5.234999999999999432 ) ) ;
#2490 = VECTOR ( 'NONE', #2091, 100.0000000000000142 ) ;
#2491 = VECTOR ( 'NONE', #2519, 100.0000000000000000 ) ;
#2492 = ORIENTED_EDGE ( 'NONE', *, *, #1471, .T. ) ;
#2493 = PLANE ( 'NONE',  #3076 ) ;
#2494 = AXIS2_PLACEMENT_3D ( 'NONE', #1753, #1718, #2971 ) ;
#2495 = ORIENTED_EDGE ( 'NONE', *, *, #508, .T. ) ;
#2496 = VECTOR ( 'NONE', #3057, 100.0000000000000000 ) ;
#2497 = DIRECTION ( 'NONE',  ( 1.000000000000000000, -1.047444401652940007E-14, 0.000000000000000000 ) ) ;
#2498 = VECTOR ( 'NONE', #342, 100.0000000000000000 ) ;
#2499 = AXIS2_PLACEMENT_3D ( 'NONE', #2726, #2274, #3010 ) ;
#2500 = ORIENTED_EDGE ( 'NONE', *, *, #1943, .F. ) ;
#2501 = EDGE_CURVE ( 'NONE', #817, #1807, #1937, .T. ) ;
#2502 = EDGE_CURVE ( 'NONE', #2389, #12, #402, .T. ) ;
#2503 = CARTESIAN_POINT ( 'NONE',  ( -10.36500000000007482, -7.634999999999895870, 7.234999999999999432 ) ) ;
#2504 = DIRECTION ( 'NONE',  ( 0.000000000000000000, 0.000000000000000000, -1.000000000000000000 ) ) ;
#2505 = LINE ( 'NONE', #2213, #191 ) ;
#2506 = EDGE_CURVE ( 'NONE', #1563, #1464, #3294, .T. ) ;
#2507 = DIRECTION ( 'NONE',  ( 0.000000000000000000, 0.000000000000000000, 1.000000000000000000 ) ) ;
#2508 = ORIENTED_EDGE ( 'NONE', *, *, #2764, .F. ) ;
#2509 = DIRECTION ( 'NONE',  ( 0.000000000000000000, 0.000000000000000000, 1.000000000000000000 ) ) ;
#2510 = MANIFOLD_SOLID_BREP ( 'Cut-Extrude7', #3171 ) ;
#2511 = ORIENTED_EDGE ( 'NONE', *, *, #2266, .F. ) ;
#2512 = DIRECTION ( 'NONE',  ( 0.000000000000000000, 0.000000000000000000, -1.000000000000000000 ) ) ;
#2513 = CARTESIAN_POINT ( 'NONE',  ( -9.784504172281369705, 10.18999999999999595, 6.734999999999999432 ) ) ;
#2514 = EDGE_LOOP ( 'NONE', ( #2457, #1940, #2081, #635 ) ) ;
#2515 = CARTESIAN_POINT ( 'NONE',  ( 0.000000000000000000, 0.000000000000000000, 6.734999999999999432 ) ) ;
#2516 = EDGE_LOOP ( 'NONE', ( #1061, #842, #2932, #1324 ) ) ;
#2517 = EDGE_CURVE ( 'NONE', #321, #2542, #2529, .T. ) ;
#2518 = ADVANCED_FACE ( 'NONE', ( #2240 ), #2793, .F. ) ;
#2519 = DIRECTION ( 'NONE',  ( -1.000000000000000000, 3.491481338843133355E-15, -0.000000000000000000 ) ) ;
#2520 = DIRECTION ( 'NONE',  ( -1.817653936845376936E-16, 1.000000000000000000, 0.000000000000000000 ) ) ;
#2521 = FACE_OUTER_BOUND ( 'NONE', #1031, .T. ) ;
#2522 = AXIS2_PLACEMENT_3D ( 'NONE', #1626, #159, #364 ) ;
#2523 = CARTESIAN_POINT ( 'NONE',  ( -10.83000000000009422, -9.414999999999889013, 6.734999999999999432 ) ) ;
#2524 = EDGE_LOOP ( 'NONE', ( #971, #3241, #2097, #419 ) ) ;
#2525 = LINE ( 'NONE', #3287, #1420 ) ;
#2526 = VECTOR ( 'NONE', #2537, 100.0000000000000000 ) ;
#2527 = ORIENTED_EDGE ( 'NONE', *, *, #1582, .T. ) ;
#2528 = FACE_OUTER_BOUND ( 'NONE', #2516, .T. ) ;
#2529 = LINE ( 'NONE', #2738, #619 ) ;
#2530 = ORIENTED_EDGE ( 'NONE', *, *, #764, .T. ) ;
#2531 = CARTESIAN_POINT ( 'NONE',  ( -7.799999999999998934, 8.100000000000001421, 0.000000000000000000 ) ) ;
#2532 = ORIENTED_EDGE ( 'NONE', *, *, #1103, .T. ) ;
#2533 = DIRECTION ( 'NONE',  ( 0.000000000000000000, 0.000000000000000000, 1.000000000000000000 ) ) ;
#2534 = DIRECTION ( 'NONE',  ( 0.000000000000000000, -1.000000000000000000, 0.000000000000000000 ) ) ;
#2535 = CARTESIAN_POINT ( 'NONE',  ( -11.00000000000000355, 7.635000000000109921, 0.000000000000000000 ) ) ;
#2536 = LINE ( 'NONE', #3082, #942 ) ;
#2537 = DIRECTION ( 'NONE',  ( -0.8660254037844359321, 0.5000000000000046629, 0.000000000000000000 ) ) ;
#2538 = EDGE_LOOP ( 'NONE', ( #958, #2788, #16, #182, #800, #1530, #94, #1099, #1676, #545, #1935, #1422, #952, #2070, #2255, #1136 ) ) ;
#2539 = DIRECTION ( 'NONE',  ( 1.000000000000000000, -1.165488593167520164E-14, 0.000000000000000000 ) ) ;
#2540 = EDGE_CURVE ( 'NONE', #2269, #1311, #2757, .T. ) ;
#2541 = EDGE_CURVE ( 'NONE', #2739, #1116, #3058, .T. ) ;
#2542 = VERTEX_POINT ( 'NONE', #987 ) ;
#2543 = CARTESIAN_POINT ( 'NONE',  ( 10.19000000000003148, 9.784504172281332401, 6.734999999999999432 ) ) ;
#2544 = FACE_OUTER_BOUND ( 'NONE', #350, .T. ) ;
#2545 = ORIENTED_EDGE ( 'NONE', *, *, #3047, .F. ) ;
#2546 = CARTESIAN_POINT ( 'NONE',  ( -10.19000000000000306, 8.215495827718632071, 7.234999999999999432 ) ) ;
#2547 = EDGE_CURVE ( 'NONE', #1235, #1956, #753, .T. ) ;
#2548 = VECTOR ( 'NONE', #980, 100.0000000000000000 ) ;
#2549 = VECTOR ( 'NONE', #3254, 100.0000000000000000 ) ;
#2550 = AXIS2_PLACEMENT_3D ( 'NONE', #2553, #445, #758 ) ;
#2551 = EDGE_LOOP ( 'NONE', ( #1065, #1870, #1657, #3084 ) ) ;
#2552 = AXIS2_PLACEMENT_3D ( 'NONE', #2094, #565, #1574 ) ;
#2553 = CARTESIAN_POINT ( 'NONE',  ( 10.19000000000002615, 8.215495827718601873, 6.734999999999999432 ) ) ;
#2554 = CARTESIAN_POINT ( 'NONE',  ( -7.634999999999993570, -25.63499999999999801, 7.234999999999999432 ) ) ;
#2555 = CARTESIAN_POINT ( 'NONE',  ( -7.799999999999998934, 7.500000000000000888, 2.174999999999999822 ) ) ;
#2556 = LINE ( 'NONE', #2769, #593 ) ;
#2557 = EDGE_LOOP ( 'NONE', ( #2219, #2355 ) ) ;
#2558 = CIRCLE ( 'NONE', #1107, 0.3000000000000002665 ) ;
#2559 = LINE ( 'NONE', #799, #2277 ) ;
#2560 = ORIENTED_EDGE ( 'NONE', *, *, #1818, .F. ) ;
#2561 = CARTESIAN_POINT ( 'NONE',  ( 10.83000000000002672, 8.584999999999967102, 6.734999999999999432 ) ) ;
#2562 = CARTESIAN_POINT ( 'NONE',  ( -10.19000000000000306, 8.215495827718632071, 7.234999999999999432 ) ) ;
#2563 = EDGE_LOOP ( 'NONE', ( #1755, #282, #1200, #1490, #2073, #56, #2068, #2694, #1610, #999, #2593, #336, #3218, #2854, #2691, #1162 ) ) ;
#2564 = DIRECTION ( 'NONE',  ( -1.000000000000000000, 4.625929269271481378E-15, 0.000000000000000000 ) ) ;
#2565 = EDGE_CURVE ( 'NONE', #2689, #79, #832, .T. ) ;
#2566 = EDGE_CURVE ( 'NONE', #3264, #2090, #1891, .T. ) ;
#2567 = ORIENTED_EDGE ( 'NONE', *, *, #2642, .F. ) ;
#2568 = VERTEX_POINT ( 'NONE', #2004 ) ;
#2569 = CARTESIAN_POINT ( 'NONE',  ( -10.83000000000009422, -9.414999999999889013, 7.234999999999999432 ) ) ;
#2570 = DIRECTION ( 'NONE',  ( -1.000000000000000000, 4.625929269271481378E-15, 0.000000000000000000 ) ) ;
#2571 = ORIENTED_EDGE ( 'NONE', *, *, #307, .F. ) ;
#2572 = CARTESIAN_POINT ( 'NONE',  ( -10.36500000000007482, -7.634999999999895870, 6.917500000000000426 ) ) ;
#2573 = ORIENTED_EDGE ( 'NONE', *, *, #577, .F. ) ;
#2574 = DIRECTION ( 'NONE',  ( 0.000000000000000000, -1.000000000000000000, 0.000000000000000000 ) ) ;
#2575 = CARTESIAN_POINT ( 'NONE',  ( 11.00000000000009770, 10.49999999999997335, 6.600000000000000533 ) ) ;
#2576 = ORIENTED_EDGE ( 'NONE', *, *, #2880, .T. ) ;
#2577 = AXIS2_PLACEMENT_3D ( 'NONE', #483, #2029, #3052 ) ;
#2578 = CARTESIAN_POINT ( 'NONE',  ( -10.19000000000000306, 8.215495827718632071, 6.734999999999999432 ) ) ;
#2579 = VERTEX_POINT ( 'NONE', #771 ) ;
#2580 = EDGE_CURVE ( 'NONE', #2922, #440, #737, .T. ) ;
#2581 = CARTESIAN_POINT ( 'NONE',  ( -11.00000000000009770, -10.49999999999989519, 6.600000000000000533 ) ) ;
#2582 = DIRECTION ( 'NONE',  ( -0.000000000000000000, 0.000000000000000000, 1.000000000000000000 ) ) ;
#2583 = ORIENTED_EDGE ( 'NONE', *, *, #78, .F. ) ;
#2584 = FACE_OUTER_BOUND ( 'NONE', #1482, .T. ) ;
#2585 = ORIENTED_EDGE ( 'NONE', *, *, #1060, .F. ) ;
#2586 = DIRECTION ( 'NONE',  ( 0.5000000000000046629, -0.8660254037844359321, 0.000000000000000000 ) ) ;
#2587 = CARTESIAN_POINT ( 'NONE',  ( -7.634999999999996234, -10.36499999999999311, 6.917500000000000426 ) ) ;
#2588 = ORIENTED_EDGE ( 'NONE', *, *, #2086, .F. ) ;
#2589 = CARTESIAN_POINT ( 'NONE',  ( 10.99999999999999645, 7.634999999999966924, 7.234999999999999432 ) ) ;
#2590 = VERTEX_POINT ( 'NONE', #2513 ) ;
#2591 = VECTOR ( 'NONE', #1240, 100.0000000000000000 ) ;
#2592 = AXIS2_PLACEMENT_3D ( 'NONE', #1745, #2766, #991 ) ;
#2593 = ORIENTED_EDGE ( 'NONE', *, *, #2547, .T. ) ;
#2594 = AXIS2_PLACEMENT_3D ( 'NONE', #2170, #3141, #2447 ) ;
#2595 = PLANE ( 'NONE',  #29 ) ;
#2596 = VECTOR ( 'NONE', #1294, 100.0000000000000000 ) ;
#2597 = ADVANCED_FACE ( 'NONE', ( #2544 ), #524, .F. ) ;
#2598 = EDGE_CURVE ( 'NONE', #1827, #3053, #2289, .T. ) ;
#2599 = VECTOR ( 'NONE', #818, 100.0000000000000000 ) ;
#2600 = DIRECTION ( 'NONE',  ( -1.000000000000000000, 0.000000000000000000, 0.000000000000000000 ) ) ;
#2601 = ORIENTED_EDGE ( 'NONE', *, *, #2664, .T. ) ;
#2602 = DIRECTION ( 'NONE',  ( -0.5000000000000076605, -0.8660254037844342667, 0.000000000000000000 ) ) ;
#2603 = DIRECTION ( 'NONE',  ( 0.000000000000000000, -1.000000000000000000, 0.000000000000000000 ) ) ;
#2604 = DIRECTION ( 'NONE',  ( -1.000000000000000000, 0.000000000000000000, 0.000000000000000000 ) ) ;
#2605 = ORIENTED_EDGE ( 'NONE', *, *, #318, .F. ) ;
#2606 = CARTESIAN_POINT ( 'NONE',  ( 10.76776695296631203, -10.76776695296642394, 6.367766952966212202 ) ) ;
#2607 = ORIENTED_EDGE ( 'NONE', *, *, #1212, .T. ) ;
#2608 = CARTESIAN_POINT ( 'NONE',  ( -9.000000000000001776, 9.299999999999997158, 5.234999999999999432 ) ) ;
#2609 = VERTEX_POINT ( 'NONE', #2807 ) ;
#2610 = DIRECTION ( 'NONE',  ( -0.8660254037844411501, -0.4999999999999956146, 0.000000000000000000 ) ) ;
#2611 = DIRECTION ( 'NONE',  ( -0.5000000000000076605, -0.8660254037844342667, 0.000000000000000000 ) ) ;
#2612 = ORIENTED_EDGE ( 'NONE', *, *, #273, .F. ) ;
#2613 = CARTESIAN_POINT ( 'NONE',  ( -8.585000000000110987, -10.82999999999991303, 7.234999999999999432 ) ) ;
#2614 = CARTESIAN_POINT ( 'NONE',  ( 8.585000000000004405, -10.82999999999999652, 6.734999999999999432 ) ) ;
#2615 = LINE ( 'NONE', #93, #2194 ) ;
#2616 = ORIENTED_EDGE ( 'NONE', *, *, #3094, .F. ) ;
#2617 = CARTESIAN_POINT ( 'NONE',  ( 8.215495827718667599, 10.18999999999997463, 6.734999999999999432 ) ) ;
#2618 = EDGE_CURVE ( 'NONE', #499, #2021, #1534, .T. ) ;
#2619 = VERTEX_POINT ( 'NONE', #3071 ) ;
#2620 = CARTESIAN_POINT ( 'NONE',  ( 10.83000000000003027, 9.414999999999965397, 6.734999999999999432 ) ) ;
#2621 = VECTOR ( 'NONE', #1427, 100.0000000000000000 ) ;
#2622 = ORIENTED_EDGE ( 'NONE', *, *, #3274, .F. ) ;
#2623 = CARTESIAN_POINT ( 'NONE',  ( 7.635000000000006892, -25.63499999999999801, 6.917500000000000426 ) ) ;
#2624 = ADVANCED_BREP_SHAPE_REPRESENTATION ( 'elevated-cell_60', ( #2510, #875 ), #2641 ) ;
#2625 = AXIS2_PLACEMENT_3D ( 'NONE', #2419, #120, #1139 ) ;
#2626 = ORIENTED_EDGE ( 'NONE', *, *, #2440, .T. ) ;
#2627 = EDGE_CURVE ( 'NONE', #2258, #1563, #1815, .T. ) ;
#2628 = CYLINDRICAL_SURFACE ( 'NONE', #1954, 0.3000000000000002665 ) ;
#2629 = DIRECTION ( 'NONE',  ( 1.000000000000000000, 0.000000000000000000, 0.000000000000000000 ) ) ;
#2630 = CARTESIAN_POINT ( 'NONE',  ( -10.59467748597753634, -10.92899188551682599, 6.528991885516839844 ) ) ;
#2631 = DIRECTION ( 'NONE',  ( 1.000000000000000000, -1.047444401652940007E-14, 0.000000000000000000 ) ) ;
#2632 = DIRECTION ( 'NONE',  ( -1.000000000000000000, 1.029267862284486287E-14, -0.000000000000000000 ) ) ;
#2633 = LINE ( 'NONE', #3105, #757 ) ;
#2634 = ORIENTED_EDGE ( 'NONE', *, *, #2618, .F. ) ;
#2635 = CARTESIAN_POINT ( 'NONE',  ( 10.83000000000000362, -9.414999999999997371, 6.734999999999999432 ) ) ;
#2636 = ADVANCED_FACE ( 'NONE', ( #1863 ), #2386, .F. ) ;
#2637 = EDGE_CURVE ( 'NONE', #1855, #625, #47, .T. ) ;
#2638 = EDGE_CURVE ( 'NONE', #2340, #1800, #330, .T. ) ;
#2639 = FACE_OUTER_BOUND ( 'NONE', #575, .T. ) ;
#2640 = ORIENTED_EDGE ( 'NONE', *, *, #2149, .F. ) ;
#2641 =( GEOMETRIC_REPRESENTATION_CONTEXT ( 3 ) GLOBAL_UNCERTAINTY_ASSIGNED_CONTEXT ( ( #305 ) ) GLOBAL_UNIT_ASSIGNED_CONTEXT ( ( #460, #744, #1761 ) ) REPRESENTATION_CONTEXT ( 'NONE', 'WORKASPACE' ) );
#2642 = EDGE_CURVE ( 'NONE', #2075, #1109, #1050, .T. ) ;
#2643 = DIRECTION ( 'NONE',  ( 0.000000000000000000, 0.000000000000000000, -1.000000000000000000 ) ) ;
#2644 = EDGE_CURVE ( 'NONE', #3009, #1620, #1829, .T. ) ;
#2645 = ORIENTED_EDGE ( 'NONE', *, *, #171, .T. ) ;
#2646 = LINE ( 'NONE', #1639, #1255 ) ;
#2647 = VECTOR ( 'NONE', #1275, 100.0000000000000000 ) ;
#2648 = VECTOR ( 'NONE', #3310, 100.0000000000000000 ) ;
#2649 = AXIS2_PLACEMENT_3D ( 'NONE', #1313, #1802, #2806 ) ;
#2650 = DIRECTION ( 'NONE',  ( -1.000000000000000000, 0.000000000000000000, 0.000000000000000000 ) ) ;
#2651 = ORIENTED_EDGE ( 'NONE', *, *, #1758, .T. ) ;
#2652 = CARTESIAN_POINT ( 'NONE',  ( -9.415000000000111058, -10.82999999999990415, 7.234999999999999432 ) ) ;
#2653 = VECTOR ( 'NONE', #57, 100.0000000000000142 ) ;
#2654 = CIRCLE ( 'NONE', #358, 0.3000000000000002665 ) ;
#2655 = DIRECTION ( 'NONE',  ( 0.000000000000000000, 1.000000000000000000, 0.000000000000000000 ) ) ;
#2656 = VERTEX_POINT ( 'NONE', #540 ) ;
#2657 = CARTESIAN_POINT ( 'NONE',  ( -10.19000000000009898, -9.784504172281263124, 6.734999999999999432 ) ) ;
#2658 = EDGE_LOOP ( 'NONE', ( #48, #1221, #2117, #803 ) ) ;
#2659 = CARTESIAN_POINT ( 'NONE',  ( -9.000000000000001776, 8.699999999999995737, 7.234999999999999432 ) ) ;
#2660 = CARTESIAN_POINT ( 'NONE',  ( 9.784504172281369705, -10.18999999999999595, 6.734999999999999432 ) ) ;
#2661 = ADVANCED_FACE ( 'NONE', ( #27 ), #2322, .F. ) ;
#2662 = ORIENTED_EDGE ( 'NONE', *, *, #19, .T. ) ;
#2663 = FACE_OUTER_BOUND ( 'NONE', #1627, .T. ) ;
#2664 = EDGE_CURVE ( 'NONE', #1923, #1417, #1803, .T. ) ;
#2665 = VERTEX_POINT ( 'NONE', #2575 ) ;
#2666 = CARTESIAN_POINT ( 'NONE',  ( 8.215495827718667599, 10.18999999999997463, 7.234999999999999432 ) ) ;
#2667 = CARTESIAN_POINT ( 'NONE',  ( -8.215495827718738653, -10.18999999999991779, 6.734999999999999432 ) ) ;
#2668 = ORIENTED_EDGE ( 'NONE', *, *, #357, .F. ) ;
#2669 = DIRECTION ( 'NONE',  ( 0.000000000000000000, -1.000000000000000000, 0.000000000000000000 ) ) ;
#2670 = DIRECTION ( 'NONE',  ( 0.000000000000000000, -1.000000000000000000, 0.000000000000000000 ) ) ;
#2671 = ORIENTED_EDGE ( 'NONE', *, *, #2334, .T. ) ;
#2672 = CARTESIAN_POINT ( 'NONE',  ( 9.784504172281398127, 10.18999999999996930, 7.234999999999999432 ) ) ;
#2673 = ORIENTED_EDGE ( 'NONE', *, *, #125, .T. ) ;
#2674 = DIRECTION ( 'NONE',  ( -1.000000000000000000, 0.000000000000000000, 0.000000000000000000 ) ) ;
#2675 = EDGE_CURVE ( 'NONE', #1700, #2750, #3138, .T. ) ;
#2676 = DIRECTION ( 'NONE',  ( 0.000000000000000000, 0.000000000000000000, 1.000000000000000000 ) ) ;
#2677 = ORIENTED_EDGE ( 'NONE', *, *, #1801, .T. ) ;
#2678 = DIRECTION ( 'NONE',  ( 0.000000000000000000, 0.000000000000000000, 1.000000000000000000 ) ) ;
#2679 = VERTEX_POINT ( 'NONE', #1578 ) ;
#2680 = VECTOR ( 'NONE', #430, 100.0000000000000000 ) ;
#2681 = CIRCLE ( 'NONE', #274, 0.3000000000000002665 ) ;
#2682 = CARTESIAN_POINT ( 'NONE',  ( 10.83000000000000362, -8.584999999999997300, 6.734999999999999432 ) ) ;
#2683 = EDGE_CURVE ( 'NONE', #1757, #2754, #2615, .T. ) ;
#2684 = ADVANCED_FACE ( 'NONE', ( #2834 ), #1846, .T. ) ;
#2685 = DIRECTION ( 'NONE',  ( 0.000000000000000000, 1.000000000000000000, -0.000000000000000000 ) ) ;
#2686 = ORIENTED_EDGE ( 'NONE', *, *, #1513, .F. ) ;
#2687 = CARTESIAN_POINT ( 'NONE',  ( 11.00000000000002487, -11.00000000000014033, 6.599999999999928590 ) ) ;
#2688 = CARTESIAN_POINT ( 'NONE',  ( 9.415000000000002700, -10.82999999999999652, 6.734999999999999432 ) ) ;
#2689 = VERTEX_POINT ( 'NONE', #1064 ) ;
#2690 = DIRECTION ( 'NONE',  ( 0.8660254037844359321, -0.5000000000000046629, 0.000000000000000000 ) ) ;
#2691 = ORIENTED_EDGE ( 'NONE', *, *, #1246, .T. ) ;
#2692 = CARTESIAN_POINT ( 'NONE',  ( -9.784504172281469181, -10.18999999999990003, 6.734999999999999432 ) ) ;
#2693 = DIRECTION ( 'NONE',  ( 1.817653936845376936E-16, -1.000000000000000000, 0.000000000000000000 ) ) ;
#2694 = ORIENTED_EDGE ( 'NONE', *, *, #124, .T. ) ;
#2695 = CARTESIAN_POINT ( 'NONE',  ( 7.500000000000022204, 10.99999999999997691, 7.234999999999999432 ) ) ;
#2696 = ORIENTED_EDGE ( 'NONE', *, *, #3253, .T. ) ;
#2697 = CARTESIAN_POINT ( 'NONE',  ( -7.635000000000006892, 25.63499999999999801, 6.917500000000000426 ) ) ;
#2698 = DIRECTION ( 'NONE',  ( 0.000000000000000000, 0.000000000000000000, 1.000000000000000000 ) ) ;
#2699 = EDGE_CURVE ( 'NONE', #2442, #625, #2072, .T. ) ;
#2700 = DIRECTION ( 'NONE',  ( -0.000000000000000000, 0.000000000000000000, 1.000000000000000000 ) ) ;
#2701 = CARTESIAN_POINT ( 'NONE',  ( 7.799999999999999822, 8.099999999999999645, 2.174999999999999822 ) ) ;
#2702 = EDGE_CURVE ( 'NONE', #933, #1179, #3090, .T. ) ;
#2703 = AXIS2_PLACEMENT_3D ( 'NONE', #2882, #594, #2385 ) ;
#2704 = AXIS2_PLACEMENT_3D ( 'NONE', #2657, #3140, #3190 ) ;
#2705 = CARTESIAN_POINT ( 'NONE',  ( -25.63500000000007617, -7.634999999999739551, 6.917500000000000426 ) ) ;
#2706 = ORIENTED_EDGE ( 'NONE', *, *, #416, .F. ) ;
#2707 = CARTESIAN_POINT ( 'NONE',  ( 10.85145081841686299, 10.68408308751587477, 6.451450818416764044 ) ) ;
#2708 = ORIENTED_EDGE ( 'NONE', *, *, #2987, .T. ) ;
#2709 = DIRECTION ( 'NONE',  ( -8.163404592832066703E-15, -1.000000000000000000, 0.000000000000000000 ) ) ;
#2710 = DIRECTION ( 'NONE',  ( -1.000000000000000000, 3.491481338843132961E-15, 0.000000000000000000 ) ) ;
#2711 = ORIENTED_EDGE ( 'NONE', *, *, #3033, .T. ) ;
#2712 = CARTESIAN_POINT ( 'NONE',  ( 25.63500000000002288, 7.634999999999918074, 7.234999999999999432 ) ) ;
#2713 = VERTEX_POINT ( 'NONE', #1609 ) ;
#2714 = LINE ( 'NONE', #926, #32 ) ;
#2715 = EDGE_CURVE ( 'NONE', #3123, #321, #582, .T. ) ;
#2716 = APPLICATION_PROTOCOL_DEFINITION ( 'draft international standard', 'automotive_design', 1998, #2296 ) ;
#2717 = DIRECTION ( 'NONE',  ( 1.817653936845376936E-16, -1.000000000000000000, 0.000000000000000000 ) ) ;
#2718 = CARTESIAN_POINT ( 'NONE',  ( 11.00000000000009770, -10.99999999999999645, 6.600000000000000533 ) ) ;
#2719 = PLANE ( 'NONE',  #3267 ) ;
#2720 = EDGE_LOOP ( 'NONE', ( #2305, #2402, #3121, #3034 ) ) ;
#2721 = DIRECTION ( 'NONE',  ( 0.000000000000000000, -1.000000000000000000, 0.000000000000000000 ) ) ;
#2722 = ORIENTED_EDGE ( 'NONE', *, *, #3033, .F. ) ;
#2723 = LINE ( 'NONE', #163, #1474 ) ;
#2724 = CARTESIAN_POINT ( 'NONE',  ( -11.00000000000000355, 8.584999999999997300, 7.234999999999999432 ) ) ;
#2725 = EDGE_LOOP ( 'NONE', ( #1542, #738, #3155, #3295 ) ) ;
#2726 = CARTESIAN_POINT ( 'NONE',  ( 10.19000000000003148, 9.784504172281332401, 6.734999999999999432 ) ) ;
#2727 = VERTEX_POINT ( 'NONE', #2083 ) ;
#2728 = LINE ( 'NONE', #2960, #888 ) ;
#2729 = DIRECTION ( 'NONE',  ( 1.047444401652940007E-14, 1.000000000000000000, 0.000000000000000000 ) ) ;
#2730 = DIRECTION ( 'NONE',  ( 0.000000000000000000, 1.000000000000000000, 0.000000000000000000 ) ) ;
#2731 = DIRECTION ( 'NONE',  ( 3.491481338843133355E-15, 1.000000000000000000, 0.000000000000000000 ) ) ;
#2732 = VECTOR ( 'NONE', #2453, 100.0000000000000000 ) ;
#2733 = CARTESIAN_POINT ( 'NONE',  ( 11.00000000000002842, 9.414999999999963620, 7.234999999999999432 ) ) ;
#2734 = ORIENTED_EDGE ( 'NONE', *, *, #1409, .F. ) ;
#2735 = DIRECTION ( 'NONE',  ( 1.000000000000000000, -3.491481338843133355E-15, 0.000000000000000000 ) ) ;
#2736 = ORIENTED_EDGE ( 'NONE', *, *, #765, .T. ) ;
#2737 = DIRECTION ( 'NONE',  ( -1.000000000000000000, -0.000000000000000000, -3.486881358747459102E-16 ) ) ;
#2738 = CARTESIAN_POINT ( 'NONE',  ( -9.415000000000112834, -10.99999999999990408, 6.734999999999999432 ) ) ;
#2739 = VERTEX_POINT ( 'NONE', #567 ) ;
#2740 = DIRECTION ( 'NONE',  ( -0.000000000000000000, 0.000000000000000000, 1.000000000000000000 ) ) ;
#2741 = EDGE_CURVE ( 'NONE', #198, #1455, #2096, .T. ) ;
#2742 = EDGE_CURVE ( 'NONE', #1807, #3196, #2633, .T. ) ;
#2743 = ADVANCED_FACE ( 'NONE', ( #2866 ), #1175, .F. ) ;
#2744 = ORIENTED_EDGE ( 'NONE', *, *, #2683, .F. ) ;
#2745 = PLANE ( 'NONE',  #1095 ) ;
#2746 = DIRECTION ( 'NONE',  ( 0.000000000000000000, 0.000000000000000000, 1.000000000000000000 ) ) ;
#2747 = CARTESIAN_POINT ( 'NONE',  ( -7.799999999999998934, 8.100000000000001421, 2.174999999999999822 ) ) ;
#2748 = CARTESIAN_POINT ( 'NONE',  ( 9.415000000000002700, -10.99999999999999645, 6.734999999999999432 ) ) ;
#2749 = CARTESIAN_POINT ( 'NONE',  ( -7.799999999999998934, 7.800000000000001599, 0.000000000000000000 ) ) ;
#2750 = VERTEX_POINT ( 'NONE', #2900 ) ;
#2751 = CARTESIAN_POINT ( 'NONE',  ( 8.215495827718639177, -10.18999999999999595, 6.734999999999999432 ) ) ;
#2752 = VECTOR ( 'NONE', #1967, 100.0000000000000000 ) ;
#2753 = VECTOR ( 'NONE', #1754, 100.0000000000000000 ) ;
#2754 = VERTEX_POINT ( 'NONE', #878 ) ;
#2755 = CARTESIAN_POINT ( 'NONE',  ( -9.415000000000111058, -10.82999999999990415, 7.234999999999999432 ) ) ;
#2756 = VECTOR ( 'NONE', #1132, 100.0000000000000000 ) ;
#2757 = LINE ( 'NONE', #1782, #1151 ) ;
#2758 = EDGE_LOOP ( 'NONE', ( #793, #3161, #1506, #2626 ) ) ;
#2759 = VECTOR ( 'NONE', #1438, 100.0000000000000000 ) ;
#2760 = PLANE ( 'NONE',  #2065 ) ;
#2761 = ADVANCED_FACE ( 'NONE', ( #913 ), #2719, .F. ) ;
#2762 = AXIS2_PLACEMENT_3D ( 'NONE', #3040, #214, #1228 ) ;
#2763 = VECTOR ( 'NONE', #2921, 100.0000000000000000 ) ;
#2764 = EDGE_CURVE ( 'NONE', #1176, #1894, #1286, .T. ) ;
#2765 = ORIENTED_EDGE ( 'NONE', *, *, #856, .T. ) ;
#2766 = DIRECTION ( 'NONE',  ( 0.000000000000000000, 0.000000000000000000, 1.000000000000000000 ) ) ;
#2767 = LINE ( 'NONE', #2281, #2317 ) ;
#2768 = CARTESIAN_POINT ( 'NONE',  ( 10.83000000000000362, -9.414999999999997371, 6.734999999999999432 ) ) ;
#2769 = CARTESIAN_POINT ( 'NONE',  ( -9.415000000000002700, 10.99999999999999645, 6.734999999999999432 ) ) ;
#2770 = VERTEX_POINT ( 'NONE', #179 ) ;
#2771 = LINE ( 'NONE', #451, #2813 ) ;
#2772 =( BOUNDED_CURVE ( )  B_SPLINE_CURVE ( 3, ( #1289, #2077, #18, #2844 ),
 .UNSPECIFIED., .F., .F. ) 
 B_SPLINE_CURVE_WITH_KNOTS ( ( 4, 4 ),
 ( 0.6435011087932575036, 0.7853981633974609355 ),
 .UNSPECIFIED. ) 
 CURVE ( )  GEOMETRIC_REPRESENTATION_ITEM ( )  RATIONAL_B_SPLINE_CURVE ( ( 1.000000000000000000, 0.9983228058750939216, 0.9983228058750939216, 1.000000000000000000 ) ) 
 REPRESENTATION_ITEM ( '' )  );
#2773 = ORIENTED_EDGE ( 'NONE', *, *, #2254, .T. ) ;
#2774 = CARTESIAN_POINT ( 'NONE',  ( -7.634999999999996234, -10.99999999999999645, 7.234999999999999432 ) ) ;
#2775 = EDGE_CURVE ( 'NONE', #555, #2303, #2934, .T. ) ;
#2776 = CARTESIAN_POINT ( 'NONE',  ( -8.215495827718738653, -10.18999999999991779, 6.734999999999999432 ) ) ;
#2777 = ORIENTED_EDGE ( 'NONE', *, *, #1906, .F. ) ;
#2778 = CARTESIAN_POINT ( 'NONE',  ( -11.00000000000009415, -9.414999999999887237, 6.734999999999999432 ) ) ;
#2779 = ORIENTED_EDGE ( 'NONE', *, *, #436, .T. ) ;
#2780 = PLANE ( 'NONE',  #2550 ) ;
#2781 = EDGE_CURVE ( 'NONE', #2892, #331, #1161, .T. ) ;
#2782 = LINE ( 'NONE', #1351, #1111 ) ;
#2783 = CARTESIAN_POINT ( 'NONE',  ( 8.585000000000002629, -10.99999999999999645, 6.734999999999999432 ) ) ;
#2784 = EDGE_CURVE ( 'NONE', #1827, #573, #2128, .T. ) ;
#2785 = AXIS2_PLACEMENT_3D ( 'NONE', #1461, #2507, #1984 ) ;
#2786 = EDGE_CURVE ( 'NONE', #2750, #3011, #3152, .T. ) ;
#2787 = CARTESIAN_POINT ( 'NONE',  ( -9.000000000000001776, 8.999999999999996447, -7.071067811865471953 ) ) ;
#2788 = ORIENTED_EDGE ( 'NONE', *, *, #2087, .T. ) ;
#2789 = DIRECTION ( 'NONE',  ( 0.000000000000000000, 1.000000000000000000, 0.000000000000000000 ) ) ;
#2790 = VECTOR ( 'NONE', #2380, 100.0000000000000000 ) ;
#2791 = ORIENTED_EDGE ( 'NONE', *, *, #435, .T. ) ;
#2792 = CARTESIAN_POINT ( 'NONE',  ( 10.19000000000000306, -8.215495827718632071, 7.234999999999999432 ) ) ;
#2793 = PLANE ( 'NONE',  #1470 ) ;
#2794 = ORIENTED_EDGE ( 'NONE', *, *, #1900, .T. ) ;
#2795 = CARTESIAN_POINT ( 'NONE',  ( 8.585000000000034603, 10.82999999999997343, 6.734999999999999432 ) ) ;
#2796 = VERTEX_POINT ( 'NONE', #609 ) ;
#2797 = LINE ( 'NONE', #724, #2327 ) ;
#2798 = DIRECTION ( 'NONE',  ( -0.000000000000000000, 0.000000000000000000, 1.000000000000000000 ) ) ;
#2799 = CARTESIAN_POINT ( 'NONE',  ( -11.00000000000008527, -8.584999999999887166, 6.734999999999999432 ) ) ;
#2800 = EDGE_CURVE ( 'NONE', #1194, #122, #863, .T. ) ;
#2801 = FACE_OUTER_BOUND ( 'NONE', #1229, .T. ) ;
#2802 = EDGE_CURVE ( 'NONE', #1757, #3221, #1931, .T. ) ;
#2803 = ORIENTED_EDGE ( 'NONE', *, *, #2351, .F. ) ;
#2804 = DIRECTION ( 'NONE',  ( -1.000000000000000000, 8.163404592832066703E-15, 0.000000000000000000 ) ) ;
#2805 = EDGE_LOOP ( 'NONE', ( #2076, #3018, #686, #1770 ) ) ;
#2806 = DIRECTION ( 'NONE',  ( 0.000000000000000000, 1.000000000000000000, 0.000000000000000000 ) ) ;
#2807 = CARTESIAN_POINT ( 'NONE',  ( 10.36499999999996646, -7.635000000000031761, 7.234999999999999432 ) ) ;
#2808 = ORIENTED_EDGE ( 'NONE', *, *, #1103, .F. ) ;
#2809 = CARTESIAN_POINT ( 'NONE',  ( 9.000000000000028422, 8.999999999999969802, 7.234999999999999432 ) ) ;
#2810 = AXIS2_PLACEMENT_3D ( 'NONE', #1707, #1272, #494 ) ;
#2811 = VECTOR ( 'NONE', #103, 100.0000000000000000 ) ;
#2812 = ORIENTED_EDGE ( 'NONE', *, *, #2742, .T. ) ;
#2813 = VECTOR ( 'NONE', #983, 100.0000000000000000 ) ;
#2814 = VECTOR ( 'NONE', #1722, 100.0000000000000000 ) ;
#2815 = EDGE_LOOP ( 'NONE', ( #319, #1398, #2585, #1975 ) ) ;
#2816 = DIRECTION ( 'NONE',  ( -0.000000000000000000, 0.000000000000000000, 1.000000000000000000 ) ) ;
#2817 = CARTESIAN_POINT ( 'NONE',  ( -8.380000000000000782, -8.379999999999906635, 3.979999999999877414 ) ) ;
#2818 = EDGE_CURVE ( 'NONE', #829, #3196, #492, .T. ) ;
#2819 = CARTESIAN_POINT ( 'NONE',  ( 10.19000000000002615, 8.215495827718601873, 6.734999999999999432 ) ) ;
#2820 = ORIENTED_EDGE ( 'NONE', *, *, #2207, .F. ) ;
#2821 = CARTESIAN_POINT ( 'NONE',  ( -7.799999999999998934, 8.100000000000001421, 2.174999999999999822 ) ) ;
#2822 = ORIENTED_EDGE ( 'NONE', *, *, #1799, .T. ) ;
#2823 = DIRECTION ( 'NONE',  ( -0.000000000000000000, 0.000000000000000000, 1.000000000000000000 ) ) ;
#2824 = ORIENTED_EDGE ( 'NONE', *, *, #894, .T. ) ;
#2825 = LINE ( 'NONE', #3061, #734 ) ;
#2826 = ORIENTED_EDGE ( 'NONE', *, *, #3046, .T. ) ;
#2827 = EDGE_LOOP ( 'NONE', ( #1380, #520, #468, #2996 ) ) ;
#2828 = LINE ( 'NONE', #272, #2275 ) ;
#2829 = DIRECTION ( 'NONE',  ( 1.000000000000000000, -1.047444401652940007E-14, 0.000000000000000000 ) ) ;
#2830 = ORIENTED_EDGE ( 'NONE', *, *, #1495, .T. ) ;
#2831 = DIRECTION ( 'NONE',  ( 0.000000000000000000, 1.000000000000000000, 0.000000000000000000 ) ) ;
#2832 = ORIENTED_EDGE ( 'NONE', *, *, #171, .F. ) ;
#2833 = LINE ( 'NONE', #3292, #1897 ) ;
#2834 = FACE_OUTER_BOUND ( 'NONE', #2129, .T. ) ;
#2835 = ORIENTED_EDGE ( 'NONE', *, *, #2292, .F. ) ;
#2836 = VECTOR ( 'NONE', #979, 100.0000000000000000 ) ;
#2837 = AXIS2_PLACEMENT_3D ( 'NONE', #3168, #2473, #2655 ) ;
#2838 = FACE_OUTER_BOUND ( 'NONE', #2343, .T. ) ;
#2839 = EDGE_CURVE ( 'NONE', #1169, #2840, #108, .T. ) ;
#2840 = VERTEX_POINT ( 'NONE', #1128 ) ;
#2841 = EDGE_CURVE ( 'NONE', #1014, #2951, #2163, .T. ) ;
#2842 = ADVANCED_FACE ( 'NONE', ( #664 ), #1410, .F. ) ;
#2843 = ORIENTED_EDGE ( 'NONE', *, *, #3103, .T. ) ;
#2844 = CARTESIAN_POINT ( 'NONE',  ( -10.76776695296635111, 10.76776695296638664, 6.367766952966251282 ) ) ;
#2845 = CARTESIAN_POINT ( 'NONE',  ( -8.585000000000110987, -10.82999999999991303, 6.734999999999999432 ) ) ;
#2846 = ORIENTED_EDGE ( 'NONE', *, *, #1833, .F. ) ;
#2847 = CARTESIAN_POINT ( 'NONE',  ( 9.784504172281369705, -10.18999999999999595, 7.234999999999999432 ) ) ;
#2848 = AXIS2_PLACEMENT_3D ( 'NONE', #3135, #2878, #1604 ) ;
#2849 = PLANE ( 'NONE',  #1792 ) ;
#2850 = DIRECTION ( 'NONE',  ( 0.000000000000000000, 0.000000000000000000, 1.000000000000000000 ) ) ;
#2851 = ORIENTED_EDGE ( 'NONE', *, *, #2045, .T. ) ;
#2852 = PLANE ( 'NONE',  #791 ) ;
#2853 = EDGE_CURVE ( 'NONE', #2021, #2619, #1913, .T. ) ;
#2854 = ORIENTED_EDGE ( 'NONE', *, *, #2517, .F. ) ;
#2855 = ADVANCED_FACE ( 'NONE', ( #1948 ), #3203, .F. ) ;
#2856 = AXIS2_PLACEMENT_3D ( 'NONE', #3037, #746, #795 ) ;
#2857 = VECTOR ( 'NONE', #73, 100.0000000000000000 ) ;
#2858 = ORIENTED_EDGE ( 'NONE', *, *, #1653, .T. ) ;
#2859 = VECTOR ( 'NONE', #2118, 100.0000000000000000 ) ;
#2860 = CARTESIAN_POINT ( 'NONE',  ( 25.63500000000002288, 7.634999999999918074, 6.917500000000000426 ) ) ;
#2861 = VECTOR ( 'NONE', #252, 100.0000000000000000 ) ;
#2862 = CARTESIAN_POINT ( 'NONE',  ( -8.215495827718738653, -10.18999999999991779, 6.734999999999999432 ) ) ;
#2863 = ORIENTED_EDGE ( 'NONE', *, *, #1142, .T. ) ;
#2864 = DIRECTION ( 'NONE',  ( 8.163404592832066703E-15, 1.000000000000000000, 0.000000000000000000 ) ) ;
#2865 = DIRECTION ( 'NONE',  ( 0.5000000000000046629, 0.8660254037844359321, 0.000000000000000000 ) ) ;
#2866 = FACE_OUTER_BOUND ( 'NONE', #850, .T. ) ;
#2867 = ORIENTED_EDGE ( 'NONE', *, *, #2051, .F. ) ;
#2868 = DIRECTION ( 'NONE',  ( 1.863784860936146835E-14, 1.000000000000000000, 0.000000000000000000 ) ) ;
#2869 = EDGE_CURVE ( 'NONE', #440, #896, #380, .T. ) ;
#2870 = PLANE ( 'NONE',  #1895 ) ;
#2871 = ORIENTED_EDGE ( 'NONE', *, *, #3129, .F. ) ;
#2872 = CARTESIAN_POINT ( 'NONE',  ( -25.63500000000007617, -7.634999999999739551, 6.917500000000000426 ) ) ;
#2873 = ORIENTED_EDGE ( 'NONE', *, *, #2149, .T. ) ;
#2874 = DIRECTION ( 'NONE',  ( 0.000000000000000000, 0.000000000000000000, -1.000000000000000000 ) ) ;
#2875 = EDGE_CURVE ( 'NONE', #1435, #2892, #418, .T. ) ;
#2876 = DIRECTION ( 'NONE',  ( 0.5000000000000059952, 0.8660254037844350439, 0.000000000000000000 ) ) ;
#2877 = ADVANCED_FACE ( 'NONE', ( #126 ), #731, .T. ) ;
#2878 = DIRECTION ( 'NONE',  ( 1.000000000000000000, -3.491481338843133355E-15, 0.000000000000000000 ) ) ;
#2879 = LINE ( 'NONE', #2126, #783 ) ;
#2880 = EDGE_CURVE ( 'NONE', #443, #732, #2681, .T. ) ;
#2881 = EDGE_CURVE ( 'NONE', #822, #1396, #2556, .T. ) ;
#2882 = CARTESIAN_POINT ( 'NONE',  ( 9.000000000000028422, 8.999999999999969802, -7.071067811865471953 ) ) ;
#2883 = DIRECTION ( 'NONE',  ( 0.000000000000000000, -1.000000000000000000, 0.000000000000000000 ) ) ;
#2884 = ORIENTED_EDGE ( 'NONE', *, *, #965, .F. ) ;
#2885 = EDGE_CURVE ( 'NONE', #3142, #2796, #916, .T. ) ;
#2886 = ORIENTED_EDGE ( 'NONE', *, *, #2394, .F. ) ;
#2887 = CARTESIAN_POINT ( 'NONE',  ( -9.000000000000090594, -8.999999999999907629, 7.234999999999999432 ) ) ;
#2888 = VECTOR ( 'NONE', #1042, 100.0000000000000000 ) ;
#2889 = EDGE_LOOP ( 'NONE', ( #2391, #3286, #70, #486, #1972 ) ) ;
#2890 = DIRECTION ( 'NONE',  ( -1.000000000000000000, 0.000000000000000000, 0.000000000000000000 ) ) ;
#2891 = AXIS2_PLACEMENT_3D ( 'NONE', #2979, #3013, #1187 ) ;
#2892 = VERTEX_POINT ( 'NONE', #242 ) ;
#2893 = DIRECTION ( 'NONE',  ( 0.000000000000000000, 0.000000000000000000, -1.000000000000000000 ) ) ;
#2894 = DIRECTION ( 'NONE',  ( -0.000000000000000000, 0.000000000000000000, 1.000000000000000000 ) ) ;
#2895 = ORIENTED_EDGE ( 'NONE', *, *, #417, .T. ) ;
#2896 = CARTESIAN_POINT ( 'NONE',  ( -8.585000000000002629, 10.99999999999999645, 6.734999999999999432 ) ) ;
#2897 = EDGE_CURVE ( 'NONE', #1282, #2026, #653, .T. ) ;
#2898 = EDGE_CURVE ( 'NONE', #1455, #3221, #1711, .T. ) ;
#2899 = DIRECTION ( 'NONE',  ( 0.000000000000000000, 1.000000000000000000, 0.000000000000000000 ) ) ;
#2900 = CARTESIAN_POINT ( 'NONE',  ( 8.380000000000002558, -8.380000000000103810, 0.000000000000000000 ) ) ;
#2901 = ORIENTED_EDGE ( 'NONE', *, *, #2047, .F. ) ;
#2902 = DIRECTION ( 'NONE',  ( 3.486881358747459102E-16, 0.000000000000000000, 1.000000000000000000 ) ) ;
#2903 = EDGE_LOOP ( 'NONE', ( #1864, #1648 ) ) ;
#2904 = CARTESIAN_POINT ( 'NONE',  ( -8.215495827718639177, 10.18999999999999595, 7.234999999999999432 ) ) ;
#2905 = VERTEX_POINT ( 'NONE', #227 ) ;
#2906 = PRODUCT_DEFINITION_FORMATION_WITH_SPECIFIED_SOURCE ( 'ANY', '', #3060, .NOT_KNOWN. ) ;
#2907 = CARTESIAN_POINT ( 'NONE',  ( -9.415000000000112834, -10.99999999999990408, 6.734999999999999432 ) ) ;
#2908 = ORIENTED_EDGE ( 'NONE', *, *, #3275, .F. ) ;
#2909 = DIRECTION ( 'NONE',  ( 0.000000000000000000, 1.000000000000000000, 0.000000000000000000 ) ) ;
#2910 = AXIS2_PLACEMENT_3D ( 'NONE', #1085, #3145, #2376 ) ;
#2911 = AXIS2_PLACEMENT_3D ( 'NONE', #716, #2737, #986 ) ;
#2912 = AXIS2_PLACEMENT_3D ( 'NONE', #1326, #2095, #2899 ) ;
#2913 = DIRECTION ( 'NONE',  ( 0.8660254037844359321, 0.5000000000000046629, 0.000000000000000000 ) ) ;
#2914 = VERTEX_POINT ( 'NONE', #1191 ) ;
#2915 = LINE ( 'NONE', #2687, #2916 ) ;
#2916 = VECTOR ( 'NONE', #1408, 100.0000000000000142 ) ;
#2917 = VECTOR ( 'NONE', #1958, 100.0000000000000142 ) ;
#2918 = LINE ( 'NONE', #677, #33 ) ;
#2919 = DIRECTION ( 'NONE',  ( 1.000000000000000000, 0.000000000000000000, 0.000000000000000000 ) ) ;
#2920 = EDGE_LOOP ( 'NONE', ( #1016, #2673, #1428, #2871 ) ) ;
#2921 = DIRECTION ( 'NONE',  ( -0.000000000000000000, 0.000000000000000000, 1.000000000000000000 ) ) ;
#2922 = VERTEX_POINT ( 'NONE', #1013 ) ;
#2923 = LINE ( 'NONE', #1382, #1153 ) ;
#2924 = DIRECTION ( 'NONE',  ( 1.000000000000000000, 0.000000000000000000, 0.000000000000000000 ) ) ;
#2925 = EDGE_CURVE ( 'NONE', #2040, #1827, #2487, .T. ) ;
#2926 = VERTEX_POINT ( 'NONE', #2733 ) ;
#2927 = CARTESIAN_POINT ( 'NONE',  ( -10.59467748597744041, 10.92899188551692191, 6.528991885516788329 ) ) ;
#2928 = EDGE_CURVE ( 'NONE', #2464, #1985, #2249, .T. ) ;
#2929 = VERTEX_POINT ( 'NONE', #3003 ) ;
#2930 = PLANE ( 'NONE',  #1415 ) ;
#2931 = FACE_OUTER_BOUND ( 'NONE', #2102, .T. ) ;
#2932 = ORIENTED_EDGE ( 'NONE', *, *, #273, .T. ) ;
#2933 = CARTESIAN_POINT ( 'NONE',  ( -11.00000000000010481, -10.49999999999990052, 7.234999999999999432 ) ) ;
#2934 = LINE ( 'NONE', #146, #1178 ) ;
#2935 = ORIENTED_EDGE ( 'NONE', *, *, #938, .T. ) ;
#2936 = DIRECTION ( 'NONE',  ( -3.491481338843133355E-15, -1.000000000000000000, 0.000000000000000000 ) ) ;
#2937 = CARTESIAN_POINT ( 'NONE',  ( -10.36499999999991317, 7.635000000000104592, 7.234999999999999432 ) ) ;
#2938 = CARTESIAN_POINT ( 'NONE',  ( 9.000000000000001776, -9.299999999999997158, 7.234999999999999432 ) ) ;
#2939 = ORIENTED_EDGE ( 'NONE', *, *, #1138, .F. ) ;
#2940 = CARTESIAN_POINT ( 'NONE',  ( -10.19000000000009898, -9.784504172281263124, 6.734999999999999432 ) ) ;
#2941 = AXIS2_PLACEMENT_3D ( 'NONE', #2235, #3257, #981 ) ;
#2942 = ADVANCED_FACE ( 'NONE', ( #951 ), #1969, .F. ) ;
#2943 = ADVANCED_FACE ( 'NONE', ( #3271 ), #1512, .T. ) ;
#2944 = ORIENTED_EDGE ( 'NONE', *, *, #2618, .T. ) ;
#2945 = AXIS2_PLACEMENT_3D ( 'NONE', #3148, #1640, #3163 ) ;
#2946 = LINE ( 'NONE', #658, #411 ) ;
#2947 = DIRECTION ( 'NONE',  ( 1.047444401652940007E-14, 1.000000000000000000, 0.000000000000000000 ) ) ;
#2948 = LINE ( 'NONE', #1673, #943 ) ;
#2949 = CARTESIAN_POINT ( 'NONE',  ( 11.00000000000000355, -7.499999999999983125, 7.234999999999999432 ) ) ;
#2950 = CARTESIAN_POINT ( 'NONE',  ( 9.000000000000028422, 8.999999999999969802, 5.234999999999999432 ) ) ;
#2951 = VERTEX_POINT ( 'NONE', #3305 ) ;
#2952 = LINE ( 'NONE', #382, #1746 ) ;
#2953 = ORIENTED_EDGE ( 'NONE', *, *, #1731, .F. ) ;
#2954 = PLANE ( 'NONE',  #2494 ) ;
#2955 = LINE ( 'NONE', #1635, #2218 ) ;
#2956 = ORIENTED_EDGE ( 'NONE', *, *, #2802, .T. ) ;
#2957 = CARTESIAN_POINT ( 'NONE',  ( -10.36500000000007482, -7.634999999999895870, 6.917500000000000426 ) ) ;
#2958 = ADVANCED_FACE ( 'NONE', ( #712 ), #197, .F. ) ;
#2959 = ORIENTED_EDGE ( 'NONE', *, *, #1305, .T. ) ;
#2960 = CARTESIAN_POINT ( 'NONE',  ( -10.50000000000001599, 10.99999999999999645, 6.917500000000000426 ) ) ;
#2961 = CYLINDRICAL_SURFACE ( 'NONE', #2945, 2.499999999999999556 ) ;
#2962 = CARTESIAN_POINT ( 'NONE',  ( -11.00000000000030731, -8.379999999999887095, 0.000000000000000000 ) ) ;
#2963 = DIRECTION ( 'NONE',  ( 0.5000000000000137668, 0.8660254037844307140, 0.000000000000000000 ) ) ;
#2964 = VECTOR ( 'NONE', #1029, 100.0000000000000000 ) ;
#2965 = AXIS2_PLACEMENT_3D ( 'NONE', #1432, #1702, #1904 ) ;
#2966 = VECTOR ( 'NONE', #1292, 100.0000000000000000 ) ;
#2967 = CARTESIAN_POINT ( 'NONE',  ( 9.784504172281398127, 10.18999999999996930, 6.734999999999999432 ) ) ;
#2968 = ORIENTED_EDGE ( 'NONE', *, *, #1101, .T. ) ;
#2969 = LINE ( 'NONE', #2751, #84 ) ;
#2970 = ORIENTED_EDGE ( 'NONE', *, *, #3088, .T. ) ;
#2971 = DIRECTION ( 'NONE',  ( 1.000000000000000000, 0.000000000000000000, 0.000000000000000000 ) ) ;
#2972 = CARTESIAN_POINT ( 'NONE',  ( -9.784504172281369705, 10.18999999999999595, 7.234999999999999432 ) ) ;
#2973 = EDGE_LOOP ( 'NONE', ( #1705, #3311, #162, #1442 ) ) ;
#2974 = CARTESIAN_POINT ( 'NONE',  ( -11.00000000000000355, 9.414999999999997371, 6.734999999999999432 ) ) ;
#2975 = ORIENTED_EDGE ( 'NONE', *, *, #649, .F. ) ;
#2976 = AXIS2_PLACEMENT_3D ( 'NONE', #1239, #1854, #1598 ) ;
#2977 = DIRECTION ( 'NONE',  ( 1.817653936845376936E-16, -1.000000000000000000, 0.000000000000000000 ) ) ;
#2978 = LINE ( 'NONE', #693, #623 ) ;
#2979 = CARTESIAN_POINT ( 'NONE',  ( 9.000000000000028422, 8.999999999999969802, 7.234999999999999432 ) ) ;
#2980 = VECTOR ( 'NONE', #3143, 100.0000000000000000 ) ;
#2981 = DIRECTION ( 'NONE',  ( -0.000000000000000000, 0.000000000000000000, 1.000000000000000000 ) ) ;
#2982 = LINE ( 'NONE', #1946, #2752 ) ;
#2983 =( BOUNDED_CURVE ( )  B_SPLINE_CURVE ( 3, ( #3176, #101, #2927, #1119 ),
 .UNSPECIFIED., .F., .F. ) 
 B_SPLINE_CURVE_WITH_KNOTS ( ( 4, 4 ),
 ( 5.497787143782145947, 5.639684198386326841 ),
 .UNSPECIFIED. ) 
 CURVE ( )  GEOMETRIC_REPRESENTATION_ITEM ( )  RATIONAL_B_SPLINE_CURVE ( ( 1.000000000000000000, 0.9983228058750945877, 0.9983228058750945877, 1.000000000000000000 ) ) 
 REPRESENTATION_ITEM ( '' )  );
#2984 = ADVANCED_FACE ( 'NONE', ( #1213 ), #1999, .F. ) ;
#2985 = EDGE_CURVE ( 'NONE', #1403, #601, #966, .T. ) ;
#2986 = CARTESIAN_POINT ( 'NONE',  ( -9.000000000000090594, -8.999999999999907629, 5.234999999999999432 ) ) ;
#2987 = EDGE_CURVE ( 'NONE', #601, #1923, #3017, .T. ) ;
#2988 = ORIENTED_EDGE ( 'NONE', *, *, #1453, .F. ) ;
#2989 = DIRECTION ( 'NONE',  ( -1.000000000000000000, 0.000000000000000000, 0.000000000000000000 ) ) ;
#2990 = ADVANCED_FACE ( 'NONE', ( #2801 ), #2268, .F. ) ;
#2991 = ORIENTED_EDGE ( 'NONE', *, *, #1165, .F. ) ;
#2992 = PLANE ( 'NONE',  #1628 ) ;
#2993 = CARTESIAN_POINT ( 'NONE',  ( -11.00000000000008527, -8.584999999999887166, 6.734999999999999432 ) ) ;
#2994 = ORIENTED_EDGE ( 'NONE', *, *, #1123, .F. ) ;
#2995 = LINE ( 'NONE', #1451, #2814 ) ;
#2996 = ORIENTED_EDGE ( 'NONE', *, *, #388, .T. ) ;
#2997 = CARTESIAN_POINT ( 'NONE',  ( -10.19000000000009898, -9.784504172281263124, 7.234999999999999432 ) ) ;
#2998 = VECTOR ( 'NONE', #2981, 100.0000000000000000 ) ;
#2999 = AXIS2_PLACEMENT_3D ( 'NONE', #2066, #3083, #2348 ) ;
#3000 = CARTESIAN_POINT ( 'NONE',  ( -9.000000000000090594, -8.999999999999907629, 5.234999999999999432 ) ) ;
#3001 = CARTESIAN_POINT ( 'NONE',  ( -10.50000000000001599, 10.99999999999999645, 7.234999999999999432 ) ) ;
#3002 = EDGE_CURVE ( 'NONE', #3081, #955, #747, .T. ) ;
#3003 = CARTESIAN_POINT ( 'NONE',  ( -10.83000000000000362, 8.584999999999997300, 6.734999999999999432 ) ) ;
#3004 = ORIENTED_EDGE ( 'NONE', *, *, #1388, .T. ) ;
#3005 = DIRECTION ( 'NONE',  ( 0.000000000000000000, -0.000000000000000000, 1.000000000000000000 ) ) ;
#3006 = EDGE_CURVE ( 'NONE', #2905, #900, #1127, .T. ) ;
#3007 = VERTEX_POINT ( 'NONE', #1057 ) ;
#3008 = DIRECTION ( 'NONE',  ( -2.468850131082278360E-15, -0.7071067811865512365, 0.7071067811865439090 ) ) ;
#3009 = VERTEX_POINT ( 'NONE', #2078 ) ;
#3010 = DIRECTION ( 'NONE',  ( -3.491481338843133355E-15, -1.000000000000000000, 0.000000000000000000 ) ) ;
#3011 = VERTEX_POINT ( 'NONE', #1276 ) ;
#3012 = FACE_OUTER_BOUND ( 'NONE', #2903, .T. ) ;
#3013 = DIRECTION ( 'NONE',  ( 0.000000000000000000, 0.000000000000000000, 1.000000000000000000 ) ) ;
#3014 = CYLINDRICAL_SURFACE ( 'NONE', #3022, 0.3000000000000002665 ) ;
#3015 = DIRECTION ( 'NONE',  ( -0.5000000000000059952, -0.8660254037844350439, 0.000000000000000000 ) ) ;
#3016 = EDGE_CURVE ( 'NONE', #2408, #1558, #2109, .T. ) ;
#3017 = LINE ( 'NONE', #2523, #114 ) ;
#3018 = ORIENTED_EDGE ( 'NONE', *, *, #2250, .F. ) ;
#3019 = DIRECTION ( 'NONE',  ( 0.5000000000000046629, -0.8660254037844359321, 0.000000000000000000 ) ) ;
#3020 = VECTOR ( 'NONE', #961, 100.0000000000000000 ) ;
#3021 = ADVANCED_FACE ( 'NONE', ( #535 ), #1603, .F. ) ;
#3022 = AXIS2_PLACEMENT_3D ( 'NONE', #3000, #1928, #1747 ) ;
#3023 = VECTOR ( 'NONE', #637, 100.0000000000000142 ) ;
#3024 = EDGE_LOOP ( 'NONE', ( #1214, #1413, #906, #229 ) ) ;
#3025 = DIRECTION ( 'NONE',  ( -1.000000000000000000, 3.491481338843133355E-15, -0.000000000000000000 ) ) ;
#3026 = AXIS2_PLACEMENT_3D ( 'NONE', #2692, #401, #2390 ) ;
#3027 = ORIENTED_EDGE ( 'NONE', *, *, #1696, .T. ) ;
#3028 = AXIS2_PLACEMENT_3D ( 'NONE', #1341, #946, #1592 ) ;
#3029 = FACE_OUTER_BOUND ( 'NONE', #2658, .T. ) ;
#3030 = VECTOR ( 'NONE', #2740, 100.0000000000000000 ) ;
#3031 = ADVANCED_FACE ( 'NONE', ( #2302 ), #323, .F. ) ;
#3032 = EDGE_CURVE ( 'NONE', #1140, #2021, #1810, .T. ) ;
#3033 = EDGE_CURVE ( 'NONE', #1796, #2414, #22, .T. ) ;
#3034 = ORIENTED_EDGE ( 'NONE', *, *, #720, .T. ) ;
#3035 = CARTESIAN_POINT ( 'NONE',  ( -8.215495827718738653, -10.18999999999991779, 6.734999999999999432 ) ) ;
#3036 = CARTESIAN_POINT ( 'NONE',  ( 0.000000000000000000, 0.000000000000000000, 6.917500000000000426 ) ) ;
#3037 = CARTESIAN_POINT ( 'NONE',  ( -7.799999999999998934, 7.800000000000001599, 2.174999999999999822 ) ) ;
#3038 = CARTESIAN_POINT ( 'NONE',  ( -9.000000000000001776, 8.999999999999996447, 5.234999999999999432 ) ) ;
#3039 = ORIENTED_EDGE ( 'NONE', *, *, #2396, .F. ) ;
#3040 = CARTESIAN_POINT ( 'NONE',  ( 9.000000000000001776, -8.999999999999996447, 5.234999999999999432 ) ) ;
#3041 = EDGE_LOOP ( 'NONE', ( #870, #990, #1004, #1218, #3204 ) ) ;
#3042 = DIRECTION ( 'NONE',  ( 0.000000000000000000, 0.000000000000000000, 1.000000000000000000 ) ) ;
#3043 = ORIENTED_EDGE ( 'NONE', *, *, #2189, .F. ) ;
#3044 = PLANE ( 'NONE',  #1365 ) ;
#3045 = ORIENTED_EDGE ( 'NONE', *, *, #620, .F. ) ;
#3046 = EDGE_CURVE ( 'NONE', #3059, #2120, #1306, .T. ) ;
#3047 = EDGE_CURVE ( 'NONE', #1703, #1176, #55, .T. ) ;
#3048 = LINE ( 'NONE', #1254, #2491 ) ;
#3049 = LINE ( 'NONE', #2623, #91 ) ;
#3050 = CARTESIAN_POINT ( 'NONE',  ( -9.415000000000111058, -10.82999999999990415, 6.734999999999999432 ) ) ;
#3051 = VECTOR ( 'NONE', #1327, 100.0000000000000000 ) ;
#3052 = DIRECTION ( 'NONE',  ( 1.000000000000000000, 0.000000000000000000, 0.000000000000000000 ) ) ;
#3053 = VERTEX_POINT ( 'NONE', #824 ) ;
#3054 = CARTESIAN_POINT ( 'NONE',  ( 8.585000000000036380, 10.99999999999997158, 6.734999999999999432 ) ) ;
#3055 = AXIS2_PLACEMENT_3D ( 'NONE', #360, #1374, #2401 ) ;
#3056 = VERTEX_POINT ( 'NONE', #2862 ) ;
#3057 = DIRECTION ( 'NONE',  ( -0.000000000000000000, 0.000000000000000000, 1.000000000000000000 ) ) ;
#3058 = LINE ( 'NONE', #488, #1839 ) ;
#3059 = VERTEX_POINT ( 'NONE', #1859 ) ;
#3060 = PRODUCT ( 'elevated-cell_60', 'elevated-cell_60', '', ( #1458 ) ) ;
#3061 = CARTESIAN_POINT ( 'NONE',  ( -10.19000000000000306, 8.215495827718632071, 6.734999999999999432 ) ) ;
#3062 = ORIENTED_EDGE ( 'NONE', *, *, #373, .F. ) ;
#3063 = PLANE ( 'NONE',  #2810 ) ;
#3064 = DIRECTION ( 'NONE',  ( 1.817653936845376936E-16, -1.000000000000000000, 0.000000000000000000 ) ) ;
#3065 = DIRECTION ( 'NONE',  ( -0.000000000000000000, -0.000000000000000000, -1.000000000000000000 ) ) ;
#3066 = DIRECTION ( 'NONE',  ( 0.000000000000000000, 0.000000000000000000, 1.000000000000000000 ) ) ;
#3067 = EDGE_LOOP ( 'NONE', ( #2826, #2200, #215, #1499 ) ) ;
#3068 = LINE ( 'NONE', #3307, #1312 ) ;
#3069 = ORIENTED_EDGE ( 'NONE', *, *, #1244, .T. ) ;
#3070 = CARTESIAN_POINT ( 'NONE',  ( 9.000000000000028422, 9.299999999999970512, 7.234999999999999432 ) ) ;
#3071 = CARTESIAN_POINT ( 'NONE',  ( -10.83000000000000362, 9.414999999999997371, 7.234999999999999432 ) ) ;
#3072 = ORIENTED_EDGE ( 'NONE', *, *, #1075, .F. ) ;
#3073 = VECTOR ( 'NONE', #1319, 100.0000000000000000 ) ;
#3074 = PLANE ( 'NONE',  #200 ) ;
#3075 = COLOUR_RGB ( '',0.7921568627450980005, 0.8196078431372548767, 0.9333333333333333481 ) ;
#3076 = AXIS2_PLACEMENT_3D ( 'NONE', #1936, #1431, #2477 ) ;
#3077 = VECTOR ( 'NONE', #46, 100.0000000000000000 ) ;
#3078 = ORIENTED_EDGE ( 'NONE', *, *, #2580, .F. ) ;
#3079 = VECTOR ( 'NONE', #592, 100.0000000000000000 ) ;
#3080 = VECTOR ( 'NONE', #959, 100.0000000000000000 ) ;
#3081 = VERTEX_POINT ( 'NONE', #579 ) ;
#3082 = CARTESIAN_POINT ( 'NONE',  ( 7.635000000000004228, -10.36499999999999311, 6.917500000000000426 ) ) ;
#3083 = DIRECTION ( 'NONE',  ( 0.000000000000000000, 0.000000000000000000, 1.000000000000000000 ) ) ;
#3084 = ORIENTED_EDGE ( 'NONE', *, *, #78, .T. ) ;
#3085 = CARTESIAN_POINT ( 'NONE',  ( -10.83000000000008711, -8.584999999999890719, 6.734999999999999432 ) ) ;
#3086 = ADVANCED_FACE ( 'NONE', ( #1587 ), #590, .F. ) ;
#3087 = ORIENTED_EDGE ( 'NONE', *, *, #1025, .T. ) ;
#3088 = EDGE_CURVE ( 'NONE', #1923, #2389, #563, .T. ) ;
#3089 = LINE ( 'NONE', #1561, #2496 ) ;
#3090 = LINE ( 'NONE', #802, #1503 ) ;
#3091 = ORIENTED_EDGE ( 'NONE', *, *, #620, .T. ) ;
#3092 = PLANE ( 'NONE',  #145 ) ;
#3093 = AXIS2_PLACEMENT_3D ( 'NONE', #2, #2359, #2374 ) ;
#3094 = EDGE_CURVE ( 'NONE', #2040, #1641, #3134, .T. ) ;
#3095 = EDGE_LOOP ( 'NONE', ( #2328, #102, #247, #2812 ) ) ;
#3096 = ORIENTED_EDGE ( 'NONE', *, *, #1835, .F. ) ;
#3097 = CARTESIAN_POINT ( 'NONE',  ( -9.784504172281469181, -10.18999999999990003, 7.234999999999999432 ) ) ;
#3098 = LINE ( 'NONE', #1572, #2138 ) ;
#3099 = ORIENTED_EDGE ( 'NONE', *, *, #898, .F. ) ;
#3100 = FACE_BOUND ( 'NONE', #2345, .T. ) ;
#3101 = EDGE_CURVE ( 'NONE', #921, #1800, #1030, .T. ) ;
#3102 = ORIENTED_EDGE ( 'NONE', *, *, #2046, .F. ) ;
#3103 = EDGE_CURVE ( 'NONE', #699, #2303, #1930, .T. ) ;
#3104 = CARTESIAN_POINT ( 'NONE',  ( 8.215495827718639177, -10.18999999999999595, 7.234999999999999432 ) ) ;
#3105 = CARTESIAN_POINT ( 'NONE',  ( -7.635000000000004228, 10.36499999999999311, 6.917500000000000426 ) ) ;
#3106 = VERTEX_POINT ( 'NONE', #1557 ) ;
#3107 = AXIS2_PLACEMENT_3D ( 'NONE', #696, #2504, #2730 ) ;
#3108 = VECTOR ( 'NONE', #2582, 100.0000000000000000 ) ;
#3109 = CARTESIAN_POINT ( 'NONE',  ( -10.19000000000000306, 9.784504172281362600, 6.734999999999999432 ) ) ;
#3110 = EDGE_CURVE ( 'NONE', #900, #2905, #759, .T. ) ;
#3111 = VERTEX_POINT ( 'NONE', #275 ) ;
#3112 = ORIENTED_EDGE ( 'NONE', *, *, #1489, .T. ) ;
#3113 = EDGE_CURVE ( 'NONE', #2055, #60, #3098, .T. ) ;
#3114 = DIRECTION ( 'NONE',  ( -1.000000000000000000, 0.000000000000000000, 0.000000000000000000 ) ) ;
#3115 = DIRECTION ( 'NONE',  ( -0.5000000000000046629, 0.8660254037844359321, 0.000000000000000000 ) ) ;
#3116 = ORIENTED_EDGE ( 'NONE', *, *, #1834, .F. ) ;
#3117 = LINE ( 'NONE', #2821, #1959 ) ;
#3118 = ADVANCED_FACE ( 'NONE', ( #308 ), #1323, .F. ) ;
#3119 = CARTESIAN_POINT ( 'NONE',  ( -9.415000000000002700, 10.82999999999999652, 6.734999999999999432 ) ) ;
#3120 = CARTESIAN_POINT ( 'NONE',  ( 7.635000000000004228, -10.36499999999999311, 7.234999999999999432 ) ) ;
#3121 = ORIENTED_EDGE ( 'NONE', *, *, #417, .F. ) ;
#3122 = DIRECTION ( 'NONE',  ( 0.7071067811865512365, 0.000000000000000000, 0.7071067811865439090 ) ) ;
#3123 = VERTEX_POINT ( 'NONE', #340 ) ;
#3124 = CARTESIAN_POINT ( 'NONE',  ( -8.585000000000004405, 10.82999999999999652, 7.234999999999999432 ) ) ;
#3125 = ORIENTED_EDGE ( 'NONE', *, *, #694, .T. ) ;
#3126 = FACE_OUTER_BOUND ( 'NONE', #3249, .T. ) ;
#3127 = VECTOR ( 'NONE', #119, 100.0000000000000000 ) ;
#3128 = EDGE_CURVE ( 'NONE', #3056, #1014, #1619, .T. ) ;
#3129 = EDGE_CURVE ( 'NONE', #2905, #825, #1874, .T. ) ;
#3130 = CIRCLE ( 'NONE', #1527, 0.3000000000000002665 ) ;
#3131 = ORIENTED_EDGE ( 'NONE', *, *, #1389, .F. ) ;
#3132 = LINE ( 'NONE', #1856, #3179 ) ;
#3133 = ADVANCED_FACE ( 'NONE', ( #678 ), #2961, .T. ) ;
#3134 = LINE ( 'NONE', #5, #919 ) ;
#3135 = CARTESIAN_POINT ( 'NONE',  ( 9.415000000000034674, 10.82999999999996987, 6.734999999999999432 ) ) ;
#3136 = LINE ( 'NONE', #2896, #883 ) ;
#3137 = DIRECTION ( 'NONE',  ( 0.000000000000000000, 1.000000000000000000, 0.000000000000000000 ) ) ;
#3138 = LINE ( 'NONE', #845, #860 ) ;
#3139 = VERTEX_POINT ( 'NONE', #1354 ) ;
#3140 = DIRECTION ( 'NONE',  ( 1.000000000000000000, -1.047444401652940007E-14, 0.000000000000000000 ) ) ;
#3141 = DIRECTION ( 'NONE',  ( 0.000000000000000000, 0.000000000000000000, -1.000000000000000000 ) ) ;
#3142 = VERTEX_POINT ( 'NONE', #644 ) ;
#3143 = DIRECTION ( 'NONE',  ( 0.000000000000000000, 0.000000000000000000, -1.000000000000000000 ) ) ;
#3144 = ORIENTED_EDGE ( 'NONE', *, *, #1873, .T. ) ;
#3145 = DIRECTION ( 'NONE',  ( 0.000000000000000000, 0.000000000000000000, 1.000000000000000000 ) ) ;
#3146 = EDGE_CURVE ( 'NONE', #3007, #1597, #1337, .T. ) ;
#3147 = ADVANCED_FACE ( 'NONE', ( #910 ), #88, .F. ) ;
#3148 = CARTESIAN_POINT ( 'NONE',  ( 9.000000000000001776, -8.999999999999996447, -7.071067811865471953 ) ) ;
#3149 = ORIENTED_EDGE ( 'NONE', *, *, #1244, .F. ) ;
#3150 = DIRECTION ( 'NONE',  ( 0.000000000000000000, -1.000000000000000000, 0.000000000000000000 ) ) ;
#3151 = CARTESIAN_POINT ( 'NONE',  ( 9.784504172281369705, -10.18999999999999595, 7.234999999999999432 ) ) ;
#3152 = LINE ( 'NONE', #1441, #2089 ) ;
#3153 = ORIENTED_EDGE ( 'NONE', *, *, #2786, .T. ) ;
#3154 = DIRECTION ( 'NONE',  ( 1.000000000000000000, 0.000000000000000000, -3.486881358747459102E-16 ) ) ;
#3155 = ORIENTED_EDGE ( 'NONE', *, *, #2502, .F. ) ;
#3156 = CARTESIAN_POINT ( 'NONE',  ( -8.585000000000002629, 10.99999999999999645, 7.234999999999999432 ) ) ;
#3157 = AXIS2_PLACEMENT_3D ( 'NONE', #631, #930, #2441 ) ;
#3158 = ORIENTED_EDGE ( 'NONE', *, *, #760, .T. ) ;
#3159 = DIRECTION ( 'NONE',  ( 0.000000000000000000, 1.000000000000000000, 0.000000000000000000 ) ) ;
#3160 = VECTOR ( 'NONE', #2913, 100.0000000000000000 ) ;
#3161 = ORIENTED_EDGE ( 'NONE', *, *, #1873, .F. ) ;
#3162 = DIRECTION ( 'NONE',  ( 0.000000000000000000, 0.000000000000000000, -1.000000000000000000 ) ) ;
#3163 = DIRECTION ( 'NONE',  ( 0.000000000000000000, -1.000000000000000000, 0.000000000000000000 ) ) ;
#3164 = EDGE_LOOP ( 'NONE', ( #1661, #51, #2662, #118, #2532, #2994 ) ) ;
#3165 = CARTESIAN_POINT ( 'NONE',  ( 11.00000000000003197, 10.49999999999997691, 7.234999999999999432 ) ) ;
#3166 = ADVANCED_FACE ( 'NONE', ( #927 ), #1927, .F. ) ;
#3167 = CYLINDRICAL_SURFACE ( 'NONE', #1576, 0.3000000000000002665 ) ;
#3168 = CARTESIAN_POINT ( 'NONE',  ( -7.799999999999999822, -7.799999999999999822, 2.174999999999999822 ) ) ;
#3169 = ORIENTED_EDGE ( 'NONE', *, *, #405, .F. ) ;
#3170 = PLANE ( 'NONE',  #2704 ) ;
#3171 = CLOSED_SHELL ( 'NONE', ( #1437, #530, #2460, #2162, #2855, #1205, #1528, #1554, #2248, #3133, #2684, #2877, #1009, #859, #52, #3118, #614, #2104, #1302, #2661, #3191, #1492, #2518, #2958, #266, #861, #1143, #2067, #2942, #2297, #1616, #168, #1857, #165, #3147, #2400, #2293, #493, #613, #1826, #1024, #3229, #1917, #907, #2143, #1738, #2140, #98, #1511, #560, #2295, #2761, #1062, #1203, #1806, #2597, #1330, #3086, #2336, #634, #3031, #778, #310, #2159, #640, #522, #3256, #2283, #3021, #3298, #17, #660, #121, #2943, #2366, #836, #328, #1245, #3228, #1798, #2144, #3166, #1858, #2990, #226, #1269, #2842, #297, #1122, #3230, #544, #763, #20, #2636, #1898, #1334, #1925, #2984, #2743, #1715, #1699, #478, #1345, #1567, #1225, #1370 ) ) ;
#3172 = EDGE_LOOP ( 'NONE', ( #775, #769, #6, #977, #2125, #532 ) ) ;
#3173 = CARTESIAN_POINT ( 'NONE',  ( 10.83000000000003027, 9.414999999999965397, 6.734999999999999432 ) ) ;
#3174 = CARTESIAN_POINT ( 'NONE',  ( 7.799999999999999822, -7.799999999999999822, 2.174999999999999822 ) ) ;
#3175 = ORIENTED_EDGE ( 'NONE', *, *, #2267, .F. ) ;
#3176 = CARTESIAN_POINT ( 'NONE',  ( -10.76776695296635111, 10.76776695296638664, 6.367766952966251282 ) ) ;
#3177 = VERTEX_POINT ( 'NONE', #412 ) ;
#3178 = CARTESIAN_POINT ( 'NONE',  ( -8.380000000000000782, -8.379999999999911964, 3.979999999999884519 ) ) ;
#3179 = VECTOR ( 'NONE', #2874, 100.0000000000000000 ) ;
#3180 = VECTOR ( 'NONE', #2307, 100.0000000000000000 ) ;
#3181 = VECTOR ( 'NONE', #135, 100.0000000000000000 ) ;
#3182 = VECTOR ( 'NONE', #523, 100.0000000000000000 ) ;
#3183 = CARTESIAN_POINT ( 'NONE',  ( -10.83000000000000362, 9.414999999999997371, 6.734999999999999432 ) ) ;
#3184 = EDGE_LOOP ( 'NONE', ( #1663, #1717, #89, #3144 ) ) ;
#3185 = CARTESIAN_POINT ( 'NONE',  ( -10.83000000000000362, 8.584999999999997300, 6.734999999999999432 ) ) ;
#3186 = VECTOR ( 'NONE', #2304, 100.0000000000000000 ) ;
#3187 = VECTOR ( 'NONE', #110, 100.0000000000000000 ) ;
#3188 = DIRECTION ( 'NONE',  ( 0.000000000000000000, 0.000000000000000000, 1.000000000000000000 ) ) ;
#3189 = VERTEX_POINT ( 'NONE', #104 ) ;
#3190 = DIRECTION ( 'NONE',  ( 1.047444401652940007E-14, 1.000000000000000000, 0.000000000000000000 ) ) ;
#3191 = ADVANCED_FACE ( 'NONE', ( #1656 ), #2124, .F. ) ;
#3192 = EDGE_CURVE ( 'NONE', #1807, #1741, #872, .T. ) ;
#3193 = ORIENTED_EDGE ( 'NONE', *, *, #2784, .F. ) ;
#3194 = DIRECTION ( 'NONE',  ( -1.000000000000000000, 0.000000000000000000, 0.000000000000000000 ) ) ;
#3195 = DIRECTION ( 'NONE',  ( 0.000000000000000000, 0.000000000000000000, -1.000000000000000000 ) ) ;
#3196 = VERTEX_POINT ( 'NONE', #1944 ) ;
#3197 = CARTESIAN_POINT ( 'NONE',  ( 7.799999999999999822, -7.799999999999999822, 0.000000000000000000 ) ) ;
#3198 = ORIENTED_EDGE ( 'NONE', *, *, #2702, .F. ) ;
#3199 = DIRECTION ( 'NONE',  ( -1.000000000000000000, 0.000000000000000000, 0.000000000000000000 ) ) ;
#3200 = LINE ( 'NONE', #1672, #3160 ) ;
#3201 = LINE ( 'NONE', #963, #82 ) ;
#3202 = CARTESIAN_POINT ( 'NONE',  ( 10.99999999999999645, 7.634999999999966924, 6.917500000000000426 ) ) ;
#3203 = CYLINDRICAL_SURFACE ( 'NONE', #2136, 0.3000000000000002665 ) ;
#3204 = ORIENTED_EDGE ( 'NONE', *, *, #270, .F. ) ;
#3205 = LINE ( 'NONE', #1361, #2763 ) ;
#3206 = ORIENTED_EDGE ( 'NONE', *, *, #155, .T. ) ;
#3207 = LINE ( 'NONE', #216, #1743 ) ;
#3208 = CARTESIAN_POINT ( 'NONE',  ( -10.50000000000009770, -10.99999999999989342, 7.234999999999999432 ) ) ;
#3209 = ORIENTED_EDGE ( 'NONE', *, *, #140, .T. ) ;
#3210 = DIRECTION ( 'NONE',  ( 1.000000000000000000, -9.251858538542962756E-15, 0.000000000000000000 ) ) ;
#3211 = AXIS2_PLACEMENT_3D ( 'NONE', #467, #1481, #698 ) ;
#3212 = ORIENTED_EDGE ( 'NONE', *, *, #2897, .T. ) ;
#3213 = LINE ( 'NONE', #1688, #464 ) ;
#3214 = DIRECTION ( 'NONE',  ( -1.000000000000000000, 3.491481338843133355E-15, 0.000000000000000000 ) ) ;
#3215 = CARTESIAN_POINT ( 'NONE',  ( -9.415000000000112834, -10.99999999999990408, 7.234999999999999432 ) ) ;
#3216 = CYLINDRICAL_SURFACE ( 'NONE', #2107, 0.3000000000000002665 ) ;
#3217 = DIRECTION ( 'NONE',  ( 0.000000000000000000, 1.000000000000000000, 0.000000000000000000 ) ) ;
#3218 = ORIENTED_EDGE ( 'NONE', *, *, #1740, .F. ) ;
#3219 = EDGE_CURVE ( 'NONE', #564, #3111, #3200, .T. ) ;
#3220 = CARTESIAN_POINT ( 'NONE',  ( -9.000000000000001776, 8.999999999999996447, 7.234999999999999432 ) ) ;
#3221 = VERTEX_POINT ( 'NONE', #1910 ) ;
#3222 = FACE_OUTER_BOUND ( 'NONE', #2514, .T. ) ;
#3223 = LINE ( 'NONE', #688, #1526 ) ;
#3224 = ORIENTED_EDGE ( 'NONE', *, *, #3297, .T. ) ;
#3225 = CARTESIAN_POINT ( 'NONE',  ( -11.00000000000000355, 10.49999999999998224, 0.000000000000000000 ) ) ;
#3226 = ORIENTED_EDGE ( 'NONE', *, *, #1686, .T. ) ;
#3227 = FACE_OUTER_BOUND ( 'NONE', #476, .T. ) ;
#3228 = ADVANCED_FACE ( 'NONE', ( #1390 ), #895, .F. ) ;
#3229 = ADVANCED_FACE ( 'NONE', ( #2931 ), #393, .T. ) ;
#3230 = ADVANCED_FACE ( 'NONE', ( #141 ), #2433, .F. ) ;
#3231 = FACE_OUTER_BOUND ( 'NONE', #2476, .T. ) ;
#3232 = DIRECTION ( 'NONE',  ( 1.000000000000000000, -9.251858538542962756E-15, 0.000000000000000000 ) ) ;
#3233 = CARTESIAN_POINT ( 'NONE',  ( 9.415000000000002700, -10.99999999999999645, 7.234999999999999432 ) ) ;
#3234 = CARTESIAN_POINT ( 'NONE',  ( 9.415000000000034674, 10.82999999999996987, 7.234999999999999432 ) ) ;
#3236 = EDGE_CURVE ( 'NONE', #822, #2183, #661, .T. ) ;
#3235 = VECTOR ( 'NONE', #1149, 100.0000000000000000 ) ;
#3237 = AXIS2_PLACEMENT_3D ( 'NONE', #1886, #3162, #2909 ) ;
#3238 = VECTOR ( 'NONE', #1446, 100.0000000000000000 ) ;
#3239 = AXIS2_PLACEMENT_3D ( 'NONE', #1515, #2050, #2539 ) ;
#3240 = DIRECTION ( 'NONE',  ( 0.000000000000000000, 1.000000000000000000, 0.000000000000000000 ) ) ;
#3241 = ORIENTED_EDGE ( 'NONE', *, *, #140, .F. ) ;
#3242 = PLANE ( 'NONE',  #248 ) ;
#3243 = VECTOR ( 'NONE', #455, 100.0000000000000000 ) ;
#3244 = VERTEX_POINT ( 'NONE', #156 ) ;
#3245 = CARTESIAN_POINT ( 'NONE',  ( -7.799999999999999822, -8.099999999999999645, 0.000000000000000000 ) ) ;
#3246 = DIRECTION ( 'NONE',  ( 1.000000000000000000, 0.000000000000000000, 0.000000000000000000 ) ) ;
#3247 = ORIENTED_EDGE ( 'NONE', *, *, #327, .T. ) ;
#3248 = CARTESIAN_POINT ( 'NONE',  ( -11.00000000000000355, -7.634999999999890541, 6.917500000000000426 ) ) ;
#3249 = EDGE_LOOP ( 'NONE', ( #151, #1535, #261, #655 ) ) ;
#3250 = AXIS2_PLACEMENT_3D ( 'NONE', #1028, #2028, #1775 ) ;
#3251 = CARTESIAN_POINT ( 'NONE',  ( 10.50000000000002132, 11.00000000000006040, 6.600000000000000533 ) ) ;
#3252 = DIRECTION ( 'NONE',  ( -0.000000000000000000, 0.000000000000000000, 1.000000000000000000 ) ) ;
#3253 = EDGE_CURVE ( 'NONE', #3189, #1855, #2262, .T. ) ;
#3254 = DIRECTION ( 'NONE',  ( -1.000000000000000000, 1.047444401652940007E-14, 0.000000000000000000 ) ) ;
#3255 = FACE_OUTER_BOUND ( 'NONE', #276, .T. ) ;
#3256 = ADVANCED_FACE ( 'NONE', ( #429 ), #2211, .F. ) ;
#3257 = DIRECTION ( 'NONE',  ( 7.406550393246835868E-15, 0.7071067811865512365, 0.7071067811865439090 ) ) ;
#3258 = VERTEX_POINT ( 'NONE', #2027 ) ;
#3259 = CARTESIAN_POINT ( 'NONE',  ( -7.635000000000004228, 10.99999999999999645, 6.917500000000000426 ) ) ;
#3260 = ORIENTED_EDGE ( 'NONE', *, *, #1449, .T. ) ;
#3261 = CARTESIAN_POINT ( 'NONE',  ( 10.19000000000000306, -9.784504172281362600, 6.734999999999999432 ) ) ;
#3262 = EDGE_LOOP ( 'NONE', ( #3206, #1811, #2808, #1039 ) ) ;
#3263 = DIRECTION ( 'NONE',  ( 0.000000000000000000, 1.000000000000000000, 0.000000000000000000 ) ) ;
#3264 = VERTEX_POINT ( 'NONE', #2484 ) ;
#3265 = DIRECTION ( 'NONE',  ( 1.047444401652940007E-14, 1.000000000000000000, 0.000000000000000000 ) ) ;
#3266 = AXIS2_PLACEMENT_3D ( 'NONE', #1637, #2678, #3210 ) ;
#3267 = AXIS2_PLACEMENT_3D ( 'NONE', #2688, #2919, #3217 ) ;
#3268 = EDGE_CURVE ( 'NONE', #484, #2951, #3282, .T. ) ;
#3269 = DIRECTION ( 'NONE',  ( 0.000000000000000000, 1.000000000000000000, 0.000000000000000000 ) ) ;
#3270 = DIRECTION ( 'NONE',  ( 0.8660254037844359321, -0.5000000000000046629, 0.000000000000000000 ) ) ;
#3271 = FACE_OUTER_BOUND ( 'NONE', #180, .T. ) ;
#3272 = ORIENTED_EDGE ( 'NONE', *, *, #303, .T. ) ;
#3273 = CARTESIAN_POINT ( 'NONE',  ( 10.19000000000000306, -8.215495827718632071, 6.734999999999999432 ) ) ;
#3274 = EDGE_CURVE ( 'NONE', #2713, #2411, #173, .T. ) ;
#3275 = EDGE_CURVE ( 'NONE', #1597, #3007, #2472, .T. ) ;
#3276 = VERTEX_POINT ( 'NONE', #1478 ) ;
#3277 = DIRECTION ( 'NONE',  ( -0.000000000000000000, 0.000000000000000000, 1.000000000000000000 ) ) ;
#3278 = VERTEX_POINT ( 'NONE', #2015 ) ;
#3279 = DIRECTION ( 'NONE',  ( 0.000000000000000000, 0.000000000000000000, 1.000000000000000000 ) ) ;
#3280 = ORIENTED_EDGE ( 'NONE', *, *, #1653, .F. ) ;
#3281 = LINE ( 'NONE', #3035, #1624 ) ;
#3282 = LINE ( 'NONE', #223, #1719 ) ;
#3283 = PLANE ( 'NONE',  #2976 ) ;
#3284 = CARTESIAN_POINT ( 'NONE',  ( -8.215495827718738653, -10.18999999999991779, 6.734999999999999432 ) ) ;
#3285 = DIRECTION ( 'NONE',  ( -0.000000000000000000, 0.000000000000000000, 1.000000000000000000 ) ) ;
#3286 = ORIENTED_EDGE ( 'NONE', *, *, #209, .T. ) ;
#3287 = CARTESIAN_POINT ( 'NONE',  ( 8.585000000000004405, -10.82999999999999652, 6.734999999999999432 ) ) ;
#3288 = AXIS2_PLACEMENT_3D ( 'NONE', #2697, #1978, #909 ) ;
#3289 = STYLED_ITEM ( 'NONE', ( #1018 ), #2510 ) ;
#3290 = ORIENTED_EDGE ( 'NONE', *, *, #1933, .F. ) ;
#3291 = VECTOR ( 'NONE', #880, 100.0000000000000000 ) ;
#3292 = CARTESIAN_POINT ( 'NONE',  ( 11.00000000000010836, 11.00000000000005862, 6.600000000000000533 ) ) ;
#3293 = VECTOR ( 'NONE', #2977, 100.0000000000000000 ) ;
#3294 = LINE ( 'NONE', #233, #2648 ) ;
#3295 = ORIENTED_EDGE ( 'NONE', *, *, #1367, .T. ) ;
#3296 = DIRECTION ( 'NONE',  ( -3.491481338843133355E-15, -1.000000000000000000, 0.000000000000000000 ) ) ;
#3297 = EDGE_CURVE ( 'NONE', #264, #1455, #993, .T. ) ;
#3298 = ADVANCED_FACE ( 'NONE', ( #1964 ), #695, .F. ) ;
#3299 = VECTOR ( 'NONE', #1994, 100.0000000000000000 ) ;
#3300 = ORIENTED_EDGE ( 'NONE', *, *, #388, .F. ) ;
#3301 = DIRECTION ( 'NONE',  ( 0.5000000000000137668, 0.8660254037844307140, 0.000000000000000000 ) ) ;
#3302 = APPLICATION_PROTOCOL_DEFINITION ( 'draft international standard', 'automotive_design', 1998, #2119 ) ;
#3303 = DIRECTION ( 'NONE',  ( -1.000000000000000000, 1.047444401652940007E-14, 0.000000000000000000 ) ) ;
#3304 = CARTESIAN_POINT ( 'NONE',  ( 7.635000000000004228, -10.36499999999999311, 6.917500000000000426 ) ) ;
#3305 = CARTESIAN_POINT ( 'NONE',  ( -9.784504172281469181, -10.18999999999990003, 7.234999999999999432 ) ) ;
#3306 = ORIENTED_EDGE ( 'NONE', *, *, #3113, .F. ) ;
#3307 = CARTESIAN_POINT ( 'NONE',  ( -10.50000000000001599, 10.99999999999999645, 7.234999999999999432 ) ) ;
#3308 = VERTEX_POINT ( 'NONE', #1708 ) ;
#3309 = CARTESIAN_POINT ( 'NONE',  ( 11.00000000000009770, -10.49999999999998401, 6.600000000000000533 ) ) ;
#3310 = DIRECTION ( 'NONE',  ( 0.000000000000000000, -1.000000000000000000, 0.000000000000000000 ) ) ;
#3311 = ORIENTED_EDGE ( 'NONE', *, *, #1947, .F. ) ;
#3312 = DIRECTION ( 'NONE',  ( 0.000000000000000000, 0.000000000000000000, 1.000000000000000000 ) ) ;
#3313 = ORIENTED_EDGE ( 'NONE', *, *, #2008, .F. ) ;
ENDSEC;
END-ISO-10303-21;
