ISO-10303-21;
HEADER;
FILE_DESCRIPTION (( 'STEP AP214' ),
    '1' );
FILE_NAME ('vertex-base_62.STEP',
    '2026-06-05T23:33:44',
    ( '' ),
    ( '' ),
    'SwSTEP 2.0',
    'SolidWorks 2023',
    '' );
FILE_SCHEMA (( 'AUTOMOTIVE_DESIGN' ));
ENDSEC;

DATA;
#1 = LINE ( 'NONE', #1571, #1045 ) ;
#2 = ORIENTED_EDGE ( 'NONE', *, *, #1050, .T. ) ;
#3 = DIRECTION ( 'NONE',  ( 0.000000000000000000, 0.000000000000000000, -1.000000000000000000 ) ) ;
#4 = ORIENTED_EDGE ( 'NONE', *, *, #180, .T. ) ;
#5 = CARTESIAN_POINT ( 'NONE',  ( 0.7679571668975722076, 1.199999999999999956, 0.7000000000000000666 ) ) ;
#6 = CARTESIAN_POINT ( 'NONE',  ( 2.000000000000001776, -1.365000000000000213, 0.8824999999999999512 ) ) ;
#7 = PLANE ( 'NONE',  #622 ) ;
#8 = VERTEX_POINT ( 'NONE', #1468 ) ;
#9 = EDGE_CURVE ( 'NONE', #461, #179, #1235, .T. ) ;
#10 = DIRECTION ( 'NONE',  ( -6.816202263170164742E-17, 1.000000000000000000, 0.000000000000000000 ) ) ;
#11 = ORIENTED_EDGE ( 'NONE', *, *, #414, .T. ) ;
#12 = AXIS2_PLACEMENT_3D ( 'NONE', #1173, #1279, #413 ) ;
#13 = DIRECTION ( 'NONE',  ( 0.000000000000000000, 0.000000000000000000, 1.000000000000000000 ) ) ;
#14 = LINE ( 'NONE', #499, #229 ) ;
#15 = EDGE_CURVE ( 'NONE', #526, #32, #109, .T. ) ;
#16 = VECTOR ( 'NONE', #605, 100.0000000000000000 ) ;
#17 = DIRECTION ( 'NONE',  ( 0.8660254037844363761, -0.5000000000000041078, 0.000000000000000000 ) ) ;
#18 = EDGE_CURVE ( 'NONE', #1577, #1074, #617, .T. ) ;
#19 = ORIENTED_EDGE ( 'NONE', *, *, #1421, .F. ) ;
#20 = CARTESIAN_POINT ( 'NONE',  ( 0.000000000000000000, 0.000000000000000000, 0.8824999999999999512 ) ) ;
#21 = ORIENTED_EDGE ( 'NONE', *, *, #38, .T. ) ;
#22 = VECTOR ( 'NONE', #1169, 100.0000000000000000 ) ;
#23 = CARTESIAN_POINT ( 'NONE',  ( -16.63499999999999801, 1.364999999999996438, 1.199999999999999956 ) ) ;
#24 = CARTESIAN_POINT ( 'NONE',  ( -0.4100000000000000311, 2.000000000000000444, 0.7000000000000000666 ) ) ;
#25 = CARTESIAN_POINT ( 'NONE',  ( -1.500000000000000222, 2.000000000000000444, 1.199999999999999956 ) ) ;
#26 = VECTOR ( 'NONE', #1240, 100.0000000000000000 ) ;
#27 = CARTESIAN_POINT ( 'NONE',  ( -1.364999999999999991, -2.000000000000001776, 0.8824999999999999512 ) ) ;
#28 = VERTEX_POINT ( 'NONE', #1090 ) ;
#29 = AXIS2_PLACEMENT_3D ( 'NONE', #139, #375, #1008 ) ;
#30 = CARTESIAN_POINT ( 'NONE',  ( -0.4100000000000000311, 2.000000000000000444, 1.199999999999999956 ) ) ;
#31 = FACE_OUTER_BOUND ( 'NONE', #864, .T. ) ;
#32 = VERTEX_POINT ( 'NONE', #130 ) ;
#33 = CARTESIAN_POINT ( 'NONE',  ( -1.364999999999999991, 16.63499999999999801, 0.8824999999999999512 ) ) ;
#34 = FACE_OUTER_BOUND ( 'NONE', #61, .T. ) ;
#35 = ORIENTED_EDGE ( 'NONE', *, *, #884, .T. ) ;
#36 = DIRECTION ( 'NONE',  ( -1.000000000000000000, 4.818676322157798361E-16, 0.000000000000000000 ) ) ;
#37 = LINE ( 'NONE', #1393, #720 ) ;
#38 = EDGE_CURVE ( 'NONE', #272, #608, #260, .T. ) ;
#39 = ORIENTED_EDGE ( 'NONE', *, *, #1296, .F. ) ;
#40 = CARTESIAN_POINT ( 'NONE',  ( -2.000000000000000444, -0.4100000000000003642, 0.7000000000000000666 ) ) ;
#41 = CARTESIAN_POINT ( 'NONE',  ( -0.4099999999999997535, -2.000000000000000444, 0.7000000000000000666 ) ) ;
#42 = AXIS2_PLACEMENT_3D ( 'NONE', #972, #865, #1352 ) ;
#43 = ORIENTED_EDGE ( 'NONE', *, *, #1553, .F. ) ;
#44 = CARTESIAN_POINT ( 'NONE',  ( 1.500000000000000666, -2.000000000000000000, 0.000000000000000000 ) ) ;
#45 = DIRECTION ( 'NONE',  ( -0.5000000000000042188, 0.8660254037844362651, -0.000000000000000000 ) ) ;
#46 = VECTOR ( 'NONE', #768, 100.0000000000000000 ) ;
#47 = EDGE_CURVE ( 'NONE', #643, #732, #974, .T. ) ;
#48 = ORIENTED_EDGE ( 'NONE', *, *, #386, .F. ) ;
#49 = CARTESIAN_POINT ( 'NONE',  ( -1.364999999999999991, 16.63499999999999801, 0.8824999999999999512 ) ) ;
#50 = LINE ( 'NONE', #1273, #952 ) ;
#51 = VERTEX_POINT ( 'NONE', #744 ) ;
#52 = LINE ( 'NONE', #762, #482 ) ;
#53 = DIRECTION ( 'NONE',  ( 0.000000000000000000, 0.000000000000000000, -1.000000000000000000 ) ) ;
#54 = ORIENTED_EDGE ( 'NONE', *, *, #1351, .F. ) ;
#55 = CARTESIAN_POINT ( 'NONE',  ( 2.000000000000000444, 0.4100000000000001421, 0.7000000000000000666 ) ) ;
#56 = PLANE ( 'NONE',  #282 ) ;
#57 = EDGE_LOOP ( 'NONE', ( #1164, #1472, #1344, #1439 ) ) ;
#58 = EDGE_CURVE ( 'NONE', #1555, #962, #1581, .T. ) ;
#59 = CARTESIAN_POINT ( 'NONE',  ( 1.199999999999999956, 0.7679571668975723187, 0.7000000000000000666 ) ) ;
#60 = CARTESIAN_POINT ( 'NONE',  ( 1.364999999999999991, 2.000000000000001776, 0.8824999999999999512 ) ) ;
#61 = EDGE_LOOP ( 'NONE', ( #711, #1455, #1443, #334 ) ) ;
#62 = VECTOR ( 'NONE', #1506, 100.0000000000000000 ) ;
#63 = DIRECTION ( 'NONE',  ( 0.000000000000000000, -1.000000000000000000, 0.000000000000000000 ) ) ;
#64 = EDGE_CURVE ( 'NONE', #882, #187, #1363, .T. ) ;
#66 = CARTESIAN_POINT ( 'NONE',  ( -0.7679571668975722076, 1.199999999999999956, 1.199999999999999956 ) ) ;
#65 = AXIS2_PLACEMENT_3D ( 'NONE', #1379, #17, #384 ) ;
#67 = ORIENTED_EDGE ( 'NONE', *, *, #1296, .T. ) ;
#68 = FILL_AREA_STYLE_COLOUR ( '', #1182 ) ;
#69 = CARTESIAN_POINT ( 'NONE',  ( 0.4100000000000003086, -2.000000000000000444, 0.7000000000000000666 ) ) ;
#70 = EDGE_LOOP ( 'NONE', ( #2, #421, #1479, #741, #240, #453, #209, #1424, #955, #1309, #1387, #1497 ) ) ;
#71 = DIRECTION ( 'NONE',  ( -1.249637081581196951E-16, 1.000000000000000000, 0.000000000000000000 ) ) ;
#72 = LINE ( 'NONE', #671, #775 ) ;
#73 = VECTOR ( 'NONE', #1355, 100.0000000000000000 ) ;
#74 = ORIENTED_EDGE ( 'NONE', *, *, #213, .F. ) ;
#75 = ADVANCED_FACE ( 'NONE', ( #877 ), #498, .F. ) ;
#76 = SURFACE_STYLE_USAGE ( .BOTH. , #335 ) ;
#77 = CARTESIAN_POINT ( 'NONE',  ( -2.000000000000000444, 0.4099999999999996980, 1.199999999999999956 ) ) ;
#78 = VERTEX_POINT ( 'NONE', #365 ) ;
#79 = ORIENTED_EDGE ( 'NONE', *, *, #937, .T. ) ;
#80 = AXIS2_PLACEMENT_3D ( 'NONE', #1281, #84, #568 ) ;
#81 = VECTOR ( 'NONE', #277, 100.0000000000000000 ) ;
#82 = AXIS2_PLACEMENT_3D ( 'NONE', #792, #1276, #772 ) ;
#83 = DIRECTION ( 'NONE',  ( -1.000000000000000000, 4.818676322157799347E-16, -0.000000000000000000 ) ) ;
#84 = DIRECTION ( 'NONE',  ( 0.000000000000000000, 0.000000000000000000, 1.000000000000000000 ) ) ;
#85 = ORIENTED_EDGE ( 'NONE', *, *, #1166, .F. ) ;
#86 = CARTESIAN_POINT ( 'NONE',  ( -2.000000000000000444, 0.4099999999999996980, 0.7000000000000000666 ) ) ;
#87 = CARTESIAN_POINT ( 'NONE',  ( 0.000000000000000000, 0.000000000000000000, 1.199999999999999956 ) ) ;
#88 = ORIENTED_EDGE ( 'NONE', *, *, #471, .T. ) ;
#89 = ORIENTED_EDGE ( 'NONE', *, *, #808, .T. ) ;
#90 = ADVANCED_FACE ( 'NONE', ( #1456 ), #355, .F. ) ;
#91 = DIRECTION ( 'NONE',  ( -0.5000000000000042188, -0.8660254037844361541, 0.000000000000000000 ) ) ;
#92 = VECTOR ( 'NONE', #1388, 100.0000000000000000 ) ;
#93 = DIRECTION ( 'NONE',  ( 0.000000000000000000, -1.000000000000000000, 0.000000000000000000 ) ) ;
#94 = EDGE_LOOP ( 'NONE', ( #653, #126, #1394, #212 ) ) ;
#95 = DIRECTION ( 'NONE',  ( 0.8660254037844361541, 0.5000000000000042188, 0.000000000000000000 ) ) ;
#96 = CARTESIAN_POINT ( 'NONE',  ( 0.000000000000000000, -0.3099999999999999978, 0.000000000000000000 ) ) ;
#97 = ORIENTED_EDGE ( 'NONE', *, *, #480, .T. ) ;
#98 = EDGE_CURVE ( 'NONE', #1331, #159, #1340, .T. ) ;
#99 = DIRECTION ( 'NONE',  ( 3.067291018426574134E-16, -1.000000000000000000, 0.000000000000000000 ) ) ;
#100 = ORIENTED_EDGE ( 'NONE', *, *, #1491, .F. ) ;
#101 = LINE ( 'NONE', #341, #1227 ) ;
#102 = DIRECTION ( 'NONE',  ( -0.000000000000000000, 0.000000000000000000, 1.000000000000000000 ) ) ;
#103 = CARTESIAN_POINT ( 'NONE',  ( -0.4099999999999996980, -1.820000000000000506, 1.199999999999999956 ) ) ;
#104 = VECTOR ( 'NONE', #1185, 100.0000000000000000 ) ;
#105 = CARTESIAN_POINT ( 'NONE',  ( 16.63499999999999801, -1.364999999999998437, 1.199999999999999956 ) ) ;
#106 = VERTEX_POINT ( 'NONE', #236 ) ;
#107 = DIRECTION ( 'NONE',  ( 1.000000000000000000, 4.818676322157798361E-16, 0.000000000000000000 ) ) ;
#108 = EDGE_CURVE ( 'NONE', #190, #643, #721, .T. ) ;
#109 = LINE ( 'NONE', #596, #1459 ) ;
#110 = CARTESIAN_POINT ( 'NONE',  ( 0.000000000000000000, 0.000000000000000000, 1.199999999999999956 ) ) ;
#111 = ORIENTED_EDGE ( 'NONE', *, *, #597, .F. ) ;
#112 = ADVANCED_FACE ( 'NONE', ( #466 ), #843, .T. ) ;
#113 = DIRECTION ( 'NONE',  ( -0.000000000000000000, 0.000000000000000000, 1.000000000000000000 ) ) ;
#114 = EDGE_LOOP ( 'NONE', ( #908, #546, #1362, #1145, #692, #88, #1367, #1131, #788, #373, #534, #340 ) ) ;
#115 = DIRECTION ( 'NONE',  ( 1.000000000000000000, 2.312964634635742957E-16, 0.000000000000000000 ) ) ;
#116 = CARTESIAN_POINT ( 'NONE',  ( -0.4099999999999996980, -1.820000000000000506, 0.7000000000000000666 ) ) ;
#117 = LINE ( 'NONE', #1452, #1327 ) ;
#118 = ORIENTED_EDGE ( 'NONE', *, *, #1269, .F. ) ;
#119 = CARTESIAN_POINT ( 'NONE',  ( -2.000000000000000444, -0.4100000000000003642, 0.7000000000000000666 ) ) ;
#120 = ORIENTED_EDGE ( 'NONE', *, *, #268, .T. ) ;
#121 = LINE ( 'NONE', #1450, #1244 ) ;
#122 = LINE ( 'NONE', #116, #639 ) ;
#123 = PRODUCT_DEFINITION_SHAPE ( 'NONE', 'NONE',  #871 ) ;
#124 = EDGE_CURVE ( 'NONE', #998, #352, #121, .T. ) ;
#125 = CARTESIAN_POINT ( 'NONE',  ( 1.199999999999999956, -0.7679571668975722076, 0.7000000000000000666 ) ) ;
#126 = ORIENTED_EDGE ( 'NONE', *, *, #426, .F. ) ;
#127 = AXIS2_PLACEMENT_3D ( 'NONE', #403, #390, #1163 ) ;
#128 = CARTESIAN_POINT ( 'NONE',  ( 2.000000000000000444, -1.499999999999999334, 0.8824999999999999512 ) ) ;
#129 = EDGE_LOOP ( 'NONE', ( #235, #1231, #487, #1157, #693, #394 ) ) ;
#130 = CARTESIAN_POINT ( 'NONE',  ( -1.364999999999998215, 2.000000000000001776, 1.199999999999999956 ) ) ;
#131 = LINE ( 'NONE', #618, #802 ) ;
#132 = ADVANCED_FACE ( 'NONE', ( #349 ), #227, .F. ) ;
#133 = CARTESIAN_POINT ( 'NONE',  ( 0.7679571668975724297, -1.199999999999999956, 0.7000000000000000666 ) ) ;
#134 = ORIENTED_EDGE ( 'NONE', *, *, #869, .T. ) ;
#135 = DIRECTION ( 'NONE',  ( -0.000000000000000000, 0.000000000000000000, 1.000000000000000000 ) ) ;
#136 =( NAMED_UNIT ( * ) PLANE_ANGLE_UNIT ( ) SI_UNIT ( $, .RADIAN. ) );
#137 = EDGE_LOOP ( 'NONE', ( #1049, #1010, #572, #1400 ) ) ;
#138 = LINE ( 'NONE', #23, #1261 ) ;
#139 = CARTESIAN_POINT ( 'NONE',  ( -2.000000000000000444, 0.4099999999999996980, 0.7000000000000000666 ) ) ;
#140 = VECTOR ( 'NONE', #985, 100.0000000000000000 ) ;
#141 = EDGE_CURVE ( 'NONE', #684, #154, #860, .T. ) ;
#142 = CARTESIAN_POINT ( 'NONE',  ( 0.4100000000000003086, -2.000000000000000444, 0.7000000000000000666 ) ) ;
#143 = ORIENTED_EDGE ( 'NONE', *, *, #1333, .F. ) ;
#144 = LINE ( 'NONE', #518, #739 ) ;
#145 = ORIENTED_EDGE ( 'NONE', *, *, #1483, .T. ) ;
#146 = CARTESIAN_POINT ( 'NONE',  ( 2.000000000000000444, -0.4099999999999999201, 1.199999999999999956 ) ) ;
#147 = CARTESIAN_POINT ( 'NONE',  ( -0.4099999999999999201, -2.000000000000000444, 0.7000000000000000666 ) ) ;
#148 = VERTEX_POINT ( 'NONE', #983 ) ;
#149 = EDGE_CURVE ( 'NONE', #148, #1359, #1347, .T. ) ;
#150 = LINE ( 'NONE', #125, #969 ) ;
#151 = EDGE_CURVE ( 'NONE', #329, #938, #635, .T. ) ;
#152 = VECTOR ( 'NONE', #200, 100.0000000000000000 ) ;
#153 = CARTESIAN_POINT ( 'NONE',  ( -0.4099999999999996980, -1.820000000000000506, 0.7000000000000000666 ) ) ;
#154 = VERTEX_POINT ( 'NONE', #536 ) ;
#155 = VECTOR ( 'NONE', #1000, 100.0000000000000000 ) ;
#156 = LINE ( 'NONE', #389, #911 ) ;
#157 = EDGE_CURVE ( 'NONE', #1006, #461, #156, .T. ) ;
#158 = CARTESIAN_POINT ( 'NONE',  ( -1.364999999999999991, -2.000000000000001776, 1.199999999999999956 ) ) ;
#159 = VERTEX_POINT ( 'NONE', #906 ) ;
#160 = CARTESIAN_POINT ( 'NONE',  ( -1.999999999999999112, -1.364999999999997993, 1.199999999999999956 ) ) ;
#161 = PLANE ( 'NONE',  #1146 ) ;
#162 = ORIENTED_EDGE ( 'NONE', *, *, #141, .F. ) ;
#163 = ADVANCED_FACE ( 'NONE', ( #1258 ), #303, .T. ) ;
#164 = CARTESIAN_POINT ( 'NONE',  ( -1.364999999999998215, 1.364999999999999991, 0.8824999999999999512 ) ) ;
#165 = DIRECTION ( 'NONE',  ( 4.818676322157799347E-16, 1.000000000000000000, 0.000000000000000000 ) ) ;
#166 = VECTOR ( 'NONE', #655, 100.0000000000000000 ) ;
#167 = EDGE_LOOP ( 'NONE', ( #1405, #1061, #824, #614, #1150, #928 ) ) ;
#168 = DIRECTION ( 'NONE',  ( 0.5000000000000039968, 0.8660254037844362651, 0.000000000000000000 ) ) ;
#169 = CARTESIAN_POINT ( 'NONE',  ( 2.000000000000000444, 1.364999999999998437, 0.000000000000000000 ) ) ;
#170 = AXIS2_PLACEMENT_3D ( 'NONE', #726, #832, #1454 ) ;
#171 = VERTEX_POINT ( 'NONE', #1014 ) ;
#172 = FACE_OUTER_BOUND ( 'NONE', #94, .T. ) ;
#173 = DIRECTION ( 'NONE',  ( 0.000000000000000000, -1.000000000000000000, 0.000000000000000000 ) ) ;
#174 = ORIENTED_EDGE ( 'NONE', *, *, #1277, .T. ) ;
#175 = DIRECTION ( 'NONE',  ( 0.000000000000000000, -1.000000000000000000, 0.000000000000000000 ) ) ;
#176 = EDGE_CURVE ( 'NONE', #634, #1168, #1392, .T. ) ;
#177 = ORIENTED_EDGE ( 'NONE', *, *, #397, .F. ) ;
#178 = DIRECTION ( 'NONE',  ( 0.000000000000000000, 0.000000000000000000, 1.000000000000000000 ) ) ;
#179 = VERTEX_POINT ( 'NONE', #294 ) ;
#180 = EDGE_CURVE ( 'NONE', #276, #1513, #506, .T. ) ;
#181 = SURFACE_STYLE_FILL_AREA ( #1538 ) ;
#182 = LINE ( 'NONE', #1015, #1311 ) ;
#183 = ORIENTED_EDGE ( 'NONE', *, *, #1095, .F. ) ;
#184 = ADVANCED_FACE ( 'NONE', ( #1242 ), #1121, .T. ) ;
#185 = CARTESIAN_POINT ( 'NONE',  ( -16.63499999999999801, 1.364999999999996438, 0.8824999999999999512 ) ) ;
#186 = CARTESIAN_POINT ( 'NONE',  ( 1.820000000000000506, 0.4100000000000000311, 0.7000000000000000666 ) ) ;
#187 = VERTEX_POINT ( 'NONE', #791 ) ;
#188 =( LENGTH_UNIT ( ) NAMED_UNIT ( * ) SI_UNIT ( .CENTI., .METRE. ) );
#189 = CARTESIAN_POINT ( 'NONE',  ( -1.999999999999999112, -1.364999999999997993, 0.8824999999999999512 ) ) ;
#190 = VERTEX_POINT ( 'NONE', #1127 ) ;
#191 = DIRECTION ( 'NONE',  ( 0.000000000000000000, 0.000000000000000000, 1.000000000000000000 ) ) ;
#192 = ADVANCED_FACE ( 'NONE', ( #172 ), #1514, .F. ) ;
#193 = DIRECTION ( 'NONE',  ( 0.000000000000000000, 0.000000000000000000, -1.000000000000000000 ) ) ;
#194 = VERTEX_POINT ( 'NONE', #1250 ) ;
#195 = CARTESIAN_POINT ( 'NONE',  ( 0.000000000000000000, 0.000000000000000000, 0.8824999999999999512 ) ) ;
#196 = LINE ( 'NONE', #452, #662 ) ;
#197 = ORIENTED_EDGE ( 'NONE', *, *, #1563, .F. ) ;
#198 = ORIENTED_EDGE ( 'NONE', *, *, #230, .T. ) ;
#199 = CARTESIAN_POINT ( 'NONE',  ( 0.4100000000000000311, 2.000000000000000444, 0.7000000000000000666 ) ) ;
#200 = DIRECTION ( 'NONE',  ( 0.000000000000000000, -1.000000000000000000, 0.000000000000000000 ) ) ;
#201 = EDGE_LOOP ( 'NONE', ( #1408, #931, #986, #1270, #873, #79, #1266, #1550 ) ) ;
#202 = EDGE_CURVE ( 'NONE', #343, #354, #1275, .T. ) ;
#203 = DIRECTION ( 'NONE',  ( -0.000000000000000000, 0.000000000000000000, 1.000000000000000000 ) ) ;
#204 = CARTESIAN_POINT ( 'NONE',  ( -1.200000000000000178, 0.7679571668975719856, 0.7000000000000000666 ) ) ;
#205 = EDGE_LOOP ( 'NONE', ( #1420, #43, #701, #1586 ) ) ;
#206 = VECTOR ( 'NONE', #929, 100.0000000000000000 ) ;
#207 = DIRECTION ( 'NONE',  ( 4.818676322157799347E-16, 1.000000000000000000, 0.000000000000000000 ) ) ;
#208 = LINE ( 'NONE', #934, #1384 ) ;
#209 = ORIENTED_EDGE ( 'NONE', *, *, #834, .T. ) ;
#210 = LINE ( 'NONE', #1043, #502 ) ;
#211 = LINE ( 'NONE', #1300, #104 ) ;
#212 = ORIENTED_EDGE ( 'NONE', *, *, #1588, .T. ) ;
#213 = EDGE_CURVE ( 'NONE', #1445, #752, #138, .T. ) ;
#214 = VERTEX_POINT ( 'NONE', #164 ) ;
#215 = AXIS2_PLACEMENT_3D ( 'NONE', #1211, #115, #1096 ) ;
#216 = DIRECTION ( 'NONE',  ( 1.931257307898213426E-16, -1.000000000000000000, 0.000000000000000000 ) ) ;
#217 = ORIENTED_EDGE ( 'NONE', *, *, #321, .F. ) ;
#218 = VECTOR ( 'NONE', #863, 100.0000000000000000 ) ;
#219 = LINE ( 'NONE', #849, #376 ) ;
#220 = CARTESIAN_POINT ( 'NONE',  ( 16.63499999999999801, 1.365000000000001101, 0.8824999999999999512 ) ) ;
#221 = ORIENTED_EDGE ( 'NONE', *, *, #917, .T. ) ;
#222 = ADVANCED_FACE ( 'NONE', ( #1007 ), #659, .F. ) ;
#223 = CARTESIAN_POINT ( 'NONE',  ( 1.820000000000000506, -0.4099999999999998646, 0.7000000000000000666 ) ) ;
#224 = ORIENTED_EDGE ( 'NONE', *, *, #98, .F. ) ;
#225 = CARTESIAN_POINT ( 'NONE',  ( 0.000000000000000000, 0.000000000000000000, 1.199999999999999956 ) ) ;
#226 = ORIENTED_EDGE ( 'NONE', *, *, #779, .F. ) ;
#227 = PLANE ( 'NONE',  #215 ) ;
#228 = AXIS2_PLACEMENT_3D ( 'NONE', #1160, #178, #93 ) ;
#229 = VECTOR ( 'NONE', #907, 100.0000000000000000 ) ;
#230 = EDGE_CURVE ( 'NONE', #897, #187, #520, .T. ) ;
#231 = CARTESIAN_POINT ( 'NONE',  ( -2.000000000000000000, -1.500000000000000888, 0.000000000000000000 ) ) ;
#232 = EDGE_LOOP ( 'NONE', ( #97, #804, #217, #322 ) ) ;
#233 = CARTESIAN_POINT ( 'NONE',  ( -16.63499999999999801, -1.364999999999999103, 0.8824999999999999512 ) ) ;
#234 = APPLICATION_PROTOCOL_DEFINITION ( 'draft international standard', 'automotive_design', 1998, #1219 ) ;
#235 = ORIENTED_EDGE ( 'NONE', *, *, #590, .T. ) ;
#236 = CARTESIAN_POINT ( 'NONE',  ( -2.000000000000000000, -1.500000000000000888, 0.000000000000000000 ) ) ;
#237 = CARTESIAN_POINT ( 'NONE',  ( -1.364999999999997549, -16.63499999999999801, 0.8824999999999999512 ) ) ;
#238 = EDGE_CURVE ( 'NONE', #416, #1331, #52, .T. ) ;
#239 = CARTESIAN_POINT ( 'NONE',  ( 0.000000000000000000, 0.000000000000000000, 1.199999999999999956 ) ) ;
#240 = ORIENTED_EDGE ( 'NONE', *, *, #1151, .F. ) ;
#241 = CARTESIAN_POINT ( 'NONE',  ( -0.4099999999999997535, -2.000000000000000444, 0.7000000000000000666 ) ) ;
#242 = ORIENTED_EDGE ( 'NONE', *, *, #1186, .T. ) ;
#243 = CARTESIAN_POINT ( 'NONE',  ( -2.000000000000000000, -1.364999999999997993, 0.000000000000000000 ) ) ;
#244 = DIRECTION ( 'NONE',  ( 1.000000000000000000, 0.000000000000000000, 0.000000000000000000 ) ) ;
#245 = AXIS2_PLACEMENT_3D ( 'NONE', #1573, #1447, #1338 ) ;
#246 = ADVANCED_FACE ( 'NONE', ( #417 ), #914, .F. ) ;
#247 = FACE_OUTER_BOUND ( 'NONE', #569, .T. ) ;
#248 = VECTOR ( 'NONE', #656, 100.0000000000000000 ) ;
#249 = VERTEX_POINT ( 'NONE', #30 ) ;
#250 = FACE_OUTER_BOUND ( 'NONE', #1378, .T. ) ;
#251 = ORIENTED_EDGE ( 'NONE', *, *, #268, .F. ) ;
#252 = EDGE_CURVE ( 'NONE', #1445, #1329, #514, .T. ) ;
#253 = DIRECTION ( 'NONE',  ( -0.000000000000000000, 0.000000000000000000, 1.000000000000000000 ) ) ;
#254 = CARTESIAN_POINT ( 'NONE',  ( -1.199999999999999956, -0.7679571668975725407, 1.199999999999999956 ) ) ;
#255 = CARTESIAN_POINT ( 'NONE',  ( 1.199999999999999956, -0.7679571668975722076, 1.199999999999999956 ) ) ;
#256 = EDGE_LOOP ( 'NONE', ( #174, #1241, #599, #828 ) ) ;
#257 = CARTESIAN_POINT ( 'NONE',  ( -1.499999999999999334, -2.000000000000000888, 0.000000000000000000 ) ) ;
#258 = SHAPE_DEFINITION_REPRESENTATION ( #123, #677 ) ;
#259 = ORIENTED_EDGE ( 'NONE', *, *, #975, .F. ) ;
#260 = LINE ( 'NONE', #1228, #1446 ) ;
#261 = EDGE_CURVE ( 'NONE', #1168, #249, #782, .T. ) ;
#262 = PLANE ( 'NONE',  #29 ) ;
#263 = MANIFOLD_SOLID_BREP ( 'Cut-Extrude4', #429 ) ;
#264 = CARTESIAN_POINT ( 'NONE',  ( 2.000000000000000444, 1.500000000000000666, 0.000000000000000000 ) ) ;
#265 = VERTEX_POINT ( 'NONE', #579 ) ;
#266 = LINE ( 'NONE', #1027, #481 ) ;
#267 = ORIENTED_EDGE ( 'NONE', *, *, #702, .T. ) ;
#268 = EDGE_CURVE ( 'NONE', #1359, #799, #1409, .T. ) ;
#269 = CARTESIAN_POINT ( 'NONE',  ( 0.4100000000000000311, 2.000000000000000444, 0.7000000000000000666 ) ) ;
#270 = DIRECTION ( 'NONE',  ( -1.000000000000000000, -6.816202263170164742E-17, 0.000000000000000000 ) ) ;
#271 = CIRCLE ( 'NONE', #705, 0.3099999999999999978 ) ;
#272 = VERTEX_POINT ( 'NONE', #59 ) ;
#273 = EDGE_CURVE ( 'NONE', #8, #526, #1441, .T. ) ;
#274 = FACE_OUTER_BOUND ( 'NONE', #1184, .T. ) ;
#275 = LINE ( 'NONE', #292, #525 ) ;
#276 = VERTEX_POINT ( 'NONE', #805 ) ;
#277 = DIRECTION ( 'NONE',  ( 0.000000000000000000, 0.000000000000000000, -1.000000000000000000 ) ) ;
#278 = FACE_OUTER_BOUND ( 'NONE', #1092, .T. ) ;
#279 = ORIENTED_EDGE ( 'NONE', *, *, #917, .F. ) ;
#280 = CARTESIAN_POINT ( 'NONE',  ( -2.000000000000000000, -1.500000000000000888, 0.8824999999999999512 ) ) ;
#281 = EDGE_CURVE ( 'NONE', #882, #530, #210, .T. ) ;
#282 = AXIS2_PLACEMENT_3D ( 'NONE', #186, #680, #1430 ) ;
#283 = LINE ( 'NONE', #380, #46 ) ;
#284 = VECTOR ( 'NONE', #203, 100.0000000000000000 ) ;
#285 = VERTEX_POINT ( 'NONE', #562 ) ;
#286 = AXIS2_PLACEMENT_3D ( 'NONE', #636, #885, #1137 ) ;
#287 = CARTESIAN_POINT ( 'NONE',  ( 0.000000000000000000, 0.000000000000000000, 1.199999999999999956 ) ) ;
#288 = CARTESIAN_POINT ( 'NONE',  ( 0.000000000000000000, 0.000000000000000000, 0.000000000000000000 ) ) ;
#289 = EDGE_LOOP ( 'NONE', ( #1350, #1204, #516, #1448 ) ) ;
#290 = DIRECTION ( 'NONE',  ( 0.8660254037844362651, 0.5000000000000042188, 0.000000000000000000 ) ) ;
#291 = EDGE_LOOP ( 'NONE', ( #145, #727, #620, #1141 ) ) ;
#292 = CARTESIAN_POINT ( 'NONE',  ( -1.500000000000000222, 2.000000000000000444, 0.000000000000000000 ) ) ;
#293 = EDGE_LOOP ( 'NONE', ( #120, #818, #1042, #850 ) ) ;
#294 = CARTESIAN_POINT ( 'NONE',  ( -1.820000000000000506, -0.4100000000000003086, 1.199999999999999956 ) ) ;
#295 = CARTESIAN_POINT ( 'NONE',  ( -2.000000000000001776, 1.364999999999999991, 1.199999999999999956 ) ) ;
#296 = AXIS2_PLACEMENT_3D ( 'NONE', #287, #650, #1402 ) ;
#297 = VECTOR ( 'NONE', #872, 100.0000000000000000 ) ;
#298 = ADVANCED_FACE ( 'NONE', ( #667 ), #699, .F. ) ;
#299 = CARTESIAN_POINT ( 'NONE',  ( -2.000000000000000000, -1.500000000000000888, 1.199999999999999956 ) ) ;
#300 = EDGE_CURVE ( 'NONE', #998, #378, #451, .T. ) ;
#301 = CARTESIAN_POINT ( 'NONE',  ( 1.365000000000002212, -16.63499999999999801, 1.199999999999999956 ) ) ;
#302 = ORIENTED_EDGE ( 'NONE', *, *, #728, .F. ) ;
#303 = CYLINDRICAL_SURFACE ( 'NONE', #296, 2.500000000000000000 ) ;
#304 = LINE ( 'NONE', #1259, #982 ) ;
#305 = EDGE_CURVE ( 'NONE', #285, #310, #1556, .T. ) ;
#306 = ORIENTED_EDGE ( 'NONE', *, *, #1319, .F. ) ;
#307 = CARTESIAN_POINT ( 'NONE',  ( 0.4100000000000001976, -1.820000000000000506, 0.7000000000000000666 ) ) ;
#308 = VECTOR ( 'NONE', #102, 100.0000000000000000 ) ;
#309 = DIRECTION ( 'NONE',  ( 4.818676322157798361E-16, 1.000000000000000000, 0.000000000000000000 ) ) ;
#310 = VERTEX_POINT ( 'NONE', #1051 ) ;
#311 = CARTESIAN_POINT ( 'NONE',  ( -1.364999999999997549, -16.63499999999999801, 1.199999999999999956 ) ) ;
#312 = CARTESIAN_POINT ( 'NONE',  ( 0.4100000000000001976, -1.820000000000000506, 1.199999999999999956 ) ) ;
#313 = VECTOR ( 'NONE', #539, 100.0000000000000000 ) ;
#314 = EDGE_CURVE ( 'NONE', #154, #1391, #327, .T. ) ;
#315 = ORIENTED_EDGE ( 'NONE', *, *, #846, .T. ) ;
#316 = DIRECTION ( 'NONE',  ( 0.000000000000000000, 0.000000000000000000, -1.000000000000000000 ) ) ;
#317 = LINE ( 'NONE', #1312, #851 ) ;
#318 = ORIENTED_EDGE ( 'NONE', *, *, #1540, .T. ) ;
#319 = FACE_OUTER_BOUND ( 'NONE', #868, .T. ) ;
#320 = CYLINDRICAL_SURFACE ( 'NONE', #408, 2.500000000000000000 ) ;
#321 = EDGE_CURVE ( 'NONE', #1168, #391, #1299, .T. ) ;
#322 = ORIENTED_EDGE ( 'NONE', *, *, #261, .T. ) ;
#323 = LINE ( 'NONE', #55, #206 ) ;
#324 = ADVANCED_FACE ( 'NONE', ( #319 ), #953, .F. ) ;
#325 = DIRECTION ( 'NONE',  ( -0.5000000000000041078, -0.8660254037844363761, 0.000000000000000000 ) ) ;
#326 = VERTEX_POINT ( 'NONE', #1066 ) ;
#327 = LINE ( 'NONE', #1547, #921 ) ;
#328 = DIRECTION ( 'NONE',  ( 1.000000000000000000, 2.312964634635742957E-16, 0.000000000000000000 ) ) ;
#329 = VERTEX_POINT ( 'NONE', #1566 ) ;
#330 = VECTOR ( 'NONE', #524, 100.0000000000000000 ) ;
#331 = CARTESIAN_POINT ( 'NONE',  ( 0.000000000000000000, 0.000000000000000000, 0.7000000000000000666 ) ) ;
#332 = ADVANCED_FACE ( 'NONE', ( #543 ), #812, .F. ) ;
#333 = CARTESIAN_POINT ( 'NONE',  ( 0.4100000000000001421, 2.000000000000000444, 0.7000000000000000666 ) ) ;
#334 = ORIENTED_EDGE ( 'NONE', *, *, #18, .T. ) ;
#335 = SURFACE_SIDE_STYLE ('',( #181 ) ) ;
#336 = DIRECTION ( 'NONE',  ( 1.000000000000000000, 1.931257307898213426E-16, 0.000000000000000000 ) ) ;
#337 = ORIENTED_EDGE ( 'NONE', *, *, #774, .T. ) ;
#338 = VECTOR ( 'NONE', #1170, 100.0000000000000142 ) ;
#339 = DIRECTION ( 'NONE',  ( -0.000000000000000000, 0.000000000000000000, 1.000000000000000000 ) ) ;
#340 = ORIENTED_EDGE ( 'NONE', *, *, #1153, .T. ) ;
#341 = CARTESIAN_POINT ( 'NONE',  ( -1.820000000000000506, 0.4099999999999995870, 1.199999999999999956 ) ) ;
#342 = CARTESIAN_POINT ( 'NONE',  ( 0.000000000000000000, 0.000000000000000000, 0.8824999999999999512 ) ) ;
#343 = VERTEX_POINT ( 'NONE', #819 ) ;
#344 = EDGE_CURVE ( 'NONE', #1521, #381, #1307, .T. ) ;
#345 = DIRECTION ( 'NONE',  ( -4.818676322157798361E-16, -1.000000000000000000, 0.000000000000000000 ) ) ;
#346 = VERTEX_POINT ( 'NONE', #1345 ) ;
#347 = AXIS2_PLACEMENT_3D ( 'NONE', #239, #368, #1583 ) ;
#348 = PLANE ( 'NONE',  #1286 ) ;
#349 = FACE_OUTER_BOUND ( 'NONE', #70, .T. ) ;
#350 = ADVANCED_FACE ( 'NONE', ( #988 ), #348, .F. ) ;
#351 = CARTESIAN_POINT ( 'NONE',  ( 0.000000000000000000, -0.3099999999999999978, 0.000000000000000000 ) ) ;
#352 = VERTEX_POINT ( 'NONE', #709 ) ;
#353 = CARTESIAN_POINT ( 'NONE',  ( 2.000000000000000444, -1.365000000000000213, 0.000000000000000000 ) ) ;
#354 = VERTEX_POINT ( 'NONE', #1088 ) ;
#355 = PLANE ( 'NONE',  #545 ) ;
#356 = DIRECTION ( 'NONE',  ( 0.000000000000000000, -1.000000000000000000, 0.000000000000000000 ) ) ;
#357 = ADVANCED_FACE ( 'NONE', ( #250 ), #363, .F. ) ;
#358 = VECTOR ( 'NONE', #1133, 100.0000000000000000 ) ;
#359 = VECTOR ( 'NONE', #644, 100.0000000000000000 ) ;
#360 = VECTOR ( 'NONE', #165, 100.0000000000000000 ) ;
#361 = LINE ( 'NONE', #714, #497 ) ;
#362 = ORIENTED_EDGE ( 'NONE', *, *, #1580, .F. ) ;
#363 = PLANE ( 'NONE',  #930 ) ;
#364 = ORIENTED_EDGE ( 'NONE', *, *, #1058, .T. ) ;
#365 = CARTESIAN_POINT ( 'NONE',  ( 1.820000000000000506, 0.4100000000000000311, 0.7000000000000000666 ) ) ;
#366 = FACE_OUTER_BOUND ( 'NONE', #293, .T. ) ;
#367 = EDGE_CURVE ( 'NONE', #1577, #998, #1101, .T. ) ;
#368 = DIRECTION ( 'NONE',  ( 0.000000000000000000, 0.000000000000000000, 1.000000000000000000 ) ) ;
#369 = EDGE_CURVE ( 'NONE', #106, #1086, #1144, .T. ) ;
#370 = EDGE_LOOP ( 'NONE', ( #401, #1306, #111, #1294 ) ) ;
#371 = AXIS2_PLACEMENT_3D ( 'NONE', #331, #316, #686 ) ;
#372 = CARTESIAN_POINT ( 'NONE',  ( 0.7679571668975724297, -1.199999999999999956, 1.199999999999999956 ) ) ;
#373 = ORIENTED_EDGE ( 'NONE', *, *, #261, .F. ) ;
#374 = CARTESIAN_POINT ( 'NONE',  ( -1.200000000000000178, 0.7679571668975719856, 0.7000000000000000666 ) ) ;
#375 = DIRECTION ( 'NONE',  ( 4.818676322157798361E-16, 1.000000000000000000, 0.000000000000000000 ) ) ;
#376 = VECTOR ( 'NONE', #113, 100.0000000000000000 ) ;
#377 = PLANE ( 'NONE',  #469 ) ;
#378 = VERTEX_POINT ( 'NONE', #1466 ) ;
#379 = ADVANCED_FACE ( 'NONE', ( #1232 ), #858, .F. ) ;
#380 = CARTESIAN_POINT ( 'NONE',  ( 0.7679571668975722076, 1.199999999999999956, 1.199999999999999956 ) ) ;
#381 = VERTEX_POINT ( 'NONE', #128 ) ;
#382 = DIRECTION ( 'NONE',  ( -1.000000000000000000, 0.000000000000000000, 0.000000000000000000 ) ) ;
#383 = CARTESIAN_POINT ( 'NONE',  ( 2.000000000000001776, -1.365000000000000213, 1.199999999999999956 ) ) ;
#384 = DIRECTION ( 'NONE',  ( 0.5000000000000039968, 0.8660254037844362651, 0.000000000000000000 ) ) ;
#385 = ORIENTED_EDGE ( 'NONE', *, *, #305, .T. ) ;
#386 = EDGE_CURVE ( 'NONE', #1381, #829, #867, .T. ) ;
#387 = LINE ( 'NONE', #881, #560 ) ;
#388 = ORIENTED_EDGE ( 'NONE', *, *, #884, .F. ) ;
#389 = CARTESIAN_POINT ( 'NONE',  ( -2.000000000000000444, -0.4100000000000003642, 0.7000000000000000666 ) ) ;
#390 = DIRECTION ( 'NONE',  ( 0.000000000000000000, 0.000000000000000000, 1.000000000000000000 ) ) ;
#391 = VERTEX_POINT ( 'NONE', #965 ) ;
#392 = DIRECTION ( 'NONE',  ( -0.000000000000000000, 0.000000000000000000, 1.000000000000000000 ) ) ;
#393 = PLANE ( 'NONE',  #1181 ) ;
#394 = ORIENTED_EDGE ( 'NONE', *, *, #1285, .T. ) ;
#395 = CARTESIAN_POINT ( 'NONE',  ( 0.000000000000000000, 0.000000000000000000, 0.7000000000000000666 ) ) ;
#396 = DIRECTION ( 'NONE',  ( -1.000000000000000000, -2.258880508902365962E-16, 0.000000000000000000 ) ) ;
#397 = EDGE_CURVE ( 'NONE', #1278, #1298, #465, .T. ) ;
#398 = ORIENTED_EDGE ( 'NONE', *, *, #1588, .F. ) ;
#399 = DIRECTION ( 'NONE',  ( 1.000000000000000000, 1.249637081581196951E-16, 0.000000000000000000 ) ) ;
#400 = FACE_OUTER_BOUND ( 'NONE', #1065, .T. ) ;
#401 = ORIENTED_EDGE ( 'NONE', *, *, #213, .T. ) ;
#402 = DIRECTION ( 'NONE',  ( 0.000000000000000000, 0.000000000000000000, -1.000000000000000000 ) ) ;
#403 = CARTESIAN_POINT ( 'NONE',  ( 0.000000000000000000, 0.000000000000000000, 0.8824999999999999512 ) ) ;
#404 = EDGE_LOOP ( 'NONE', ( #1017, #39, #848, #1435 ) ) ;
#405 = CARTESIAN_POINT ( 'NONE',  ( 1.365000000000002212, -1.365000000000000213, 0.8824999999999999512 ) ) ;
#406 = FACE_BOUND ( 'NONE', #407, .T. ) ;
#407 = EDGE_LOOP ( 'NONE', ( #764, #1179 ) ) ;
#408 = AXIS2_PLACEMENT_3D ( 'NONE', #87, #943, #427 ) ;
#409 = ADVANCED_FACE ( 'NONE', ( #978 ), #1330, .T. ) ;
#410 = DIRECTION ( 'NONE',  ( -4.818676322157798361E-16, 1.000000000000000000, 0.000000000000000000 ) ) ;
#411 = DIRECTION ( 'NONE',  ( -0.000000000000000000, 0.000000000000000000, 1.000000000000000000 ) ) ;
#412 = ORIENTED_EDGE ( 'NONE', *, *, #1166, .T. ) ;
#413 = DIRECTION ( 'NONE',  ( 1.000000000000000000, 0.000000000000000000, 0.000000000000000000 ) ) ;
#414 = EDGE_CURVE ( 'NONE', #1427, #148, #716, .T. ) ;
#415 = LINE ( 'NONE', #301, #152 ) ;
#416 = VERTEX_POINT ( 'NONE', #372 ) ;
#417 = FACE_OUTER_BOUND ( 'NONE', #1302, .T. ) ;
#418 = DIRECTION ( 'NONE',  ( -0.000000000000000000, 0.000000000000000000, 1.000000000000000000 ) ) ;
#419 = VECTOR ( 'NONE', #1574, 100.0000000000000000 ) ;
#420 = AXIS2_PLACEMENT_3D ( 'NONE', #33, #399, #71 ) ;
#421 = ORIENTED_EDGE ( 'NONE', *, *, #252, .T. ) ;
#422 = VECTOR ( 'NONE', #290, 100.0000000000000142 ) ;
#423 = DIRECTION ( 'NONE',  ( -2.312964634635742957E-16, 1.000000000000000000, 0.000000000000000000 ) ) ;
#424 = PLANE ( 'NONE',  #638 ) ;
#425 = ORIENTED_EDGE ( 'NONE', *, *, #1153, .F. ) ;
#426 = EDGE_CURVE ( 'NONE', #582, #938, #219, .T. ) ;
#427 = DIRECTION ( 'NONE',  ( 0.000000000000000000, 1.000000000000000000, 0.000000000000000000 ) ) ;
#428 = ORIENTED_EDGE ( 'NONE', *, *, #108, .F. ) ;
#429 = CLOSED_SHELL ( 'NONE', ( #1460, #1519, #163, #409, #184, #694, #552, #132, #1449, #602, #1100, #673, #890, #1254, #1247, #75, #112, #790, #324, #1415, #713, #1220, #1062, #222, #379, #948, #876, #192, #1549, #1199, #576, #432, #679, #350, #246, #1016, #1115, #1018, #332, #750, #1024, #298, #90, #1436, #1365, #357, #1226, #540 ) ) ;
#430 = DIRECTION ( 'NONE',  ( 1.000000000000000000, 2.385670792109557660E-16, 0.000000000000000000 ) ) ;
#431 = LINE ( 'NONE', #1297, #1260 ) ;
#432 = ADVANCED_FACE ( 'NONE', ( #997 ), #615, .F. ) ;
#433 = ORIENTED_EDGE ( 'NONE', *, *, #281, .T. ) ;
#434 = CIRCLE ( 'NONE', #80, 2.500000000000000000 ) ;
#435 = CARTESIAN_POINT ( 'NONE',  ( -1.500000000000000222, 2.000000000000000444, 0.8824999999999999512 ) ) ;
#436 = AXIS2_PLACEMENT_3D ( 'NONE', #745, #489, #822 ) ;
#437 = ORIENTED_EDGE ( 'NONE', *, *, #697, .T. ) ;
#438 = EDGE_CURVE ( 'NONE', #900, #343, #1209, .T. ) ;
#439 = CARTESIAN_POINT ( 'NONE',  ( -1.200000000000000178, 0.7679571668975719856, 1.199999999999999956 ) ) ;
#440 = EDGE_CURVE ( 'NONE', #1565, #608, #600, .T. ) ;
#441 = CARTESIAN_POINT ( 'NONE',  ( 1.820000000000000506, 0.4100000000000000311, 0.7000000000000000666 ) ) ;
#442 = ORIENTED_EDGE ( 'NONE', *, *, #438, .F. ) ;
#443 = CARTESIAN_POINT ( 'NONE',  ( 1.820000000000000506, -0.4099999999999998646, 0.7000000000000000666 ) ) ;
#444 = DIRECTION ( 'NONE',  ( 0.000000000000000000, 0.000000000000000000, -1.000000000000000000 ) ) ;
#445 = VERTEX_POINT ( 'NONE', #1223 ) ;
#446 = EDGE_CURVE ( 'NONE', #1074, #352, #101, .T. ) ;
#447 = LINE ( 'NONE', #49, #574 ) ;
#448 = PLANE ( 'NONE',  #1462 ) ;
#449 = ORIENTED_EDGE ( 'NONE', *, *, #779, .T. ) ;
#450 = VECTOR ( 'NONE', #1578, 100.0000000000000000 ) ;
#451 = LINE ( 'NONE', #86, #22 ) ;
#452 = CARTESIAN_POINT ( 'NONE',  ( 1.820000000000000506, 0.4100000000000000311, 0.7000000000000000666 ) ) ;
#453 = ORIENTED_EDGE ( 'NONE', *, *, #733, .T. ) ;
#454 = VECTOR ( 'NONE', #135, 100.0000000000000000 ) ;
#455 = CARTESIAN_POINT ( 'NONE',  ( 0.7679571668975722076, 1.199999999999999956, 0.7000000000000000666 ) ) ;
#456 = LINE ( 'NONE', #591, #1246 ) ;
#457 =( GEOMETRIC_REPRESENTATION_CONTEXT ( 3 ) GLOBAL_UNCERTAINTY_ASSIGNED_CONTEXT ( ( #565 ) ) GLOBAL_UNIT_ASSIGNED_CONTEXT ( ( #735, #136, #594 ) ) REPRESENTATION_CONTEXT ( 'NONE', 'WORKASPACE' ) );
#458 = ORIENTED_EDGE ( 'NONE', *, *, #527, .T. ) ;
#459 = DIRECTION ( 'NONE',  ( 0.000000000000000000, -1.000000000000000000, 0.000000000000000000 ) ) ;
#460 = EDGE_CURVE ( 'NONE', #190, #688, #1585, .T. ) ;
#461 = VERTEX_POINT ( 'NONE', #780 ) ;
#462 = PLANE ( 'NONE',  #916 ) ;
#463 = ORIENTED_EDGE ( 'NONE', *, *, #531, .T. ) ;
#464 = EDGE_CURVE ( 'NONE', #194, #1579, #50, .T. ) ;
#465 = LINE ( 'NONE', #353, #450 ) ;
#466 = FACE_OUTER_BOUND ( 'NONE', #167, .T. ) ;
#467 = CARTESIAN_POINT ( 'NONE',  ( 2.000000000000000444, -0.4099999999999999201, 0.7000000000000000666 ) ) ;
#468 = VERTEX_POINT ( 'NONE', #1480 ) ;
#469 = AXIS2_PLACEMENT_3D ( 'NONE', #902, #1116, #756 ) ;
#470 = DIRECTION ( 'NONE',  ( 4.818676322157798361E-16, -1.000000000000000000, 0.000000000000000000 ) ) ;
#471 = EDGE_CURVE ( 'NONE', #194, #8, #275, .T. ) ;
#472 = DIRECTION ( 'NONE',  ( 1.000000000000000000, 4.818676322157799347E-16, 0.000000000000000000 ) ) ;
#473 = DIRECTION ( 'NONE',  ( 0.000000000000000000, 0.000000000000000000, 1.000000000000000000 ) ) ;
#474 = ORIENTED_EDGE ( 'NONE', *, *, #1505, .T. ) ;
#475 = AXIS2_PLACEMENT_3D ( 'NONE', #973, #1224, #717 ) ;
#476 = CARTESIAN_POINT ( 'NONE',  ( -0.7679571668975722076, 1.199999999999999956, 0.7000000000000000666 ) ) ;
#477 = ORIENTED_EDGE ( 'NONE', *, *, #490, .F. ) ;
#478 = DIRECTION ( 'NONE',  ( 1.000000000000000000, 0.000000000000000000, 0.000000000000000000 ) ) ;
#479 = DIRECTION ( 'NONE',  ( -1.000000000000000000, -4.818676322157799347E-16, 0.000000000000000000 ) ) ;
#480 = EDGE_CURVE ( 'NONE', #249, #1431, #1503, .T. ) ;
#481 = VECTOR ( 'NONE', #633, 100.0000000000000000 ) ;
#482 = VECTOR ( 'NONE', #1522, 100.0000000000000000 ) ;
#483 = AXIS2_PLACEMENT_3D ( 'NONE', #288, #418, #173 ) ;
#484 = LINE ( 'NONE', #105, #547 ) ;
#485 = ORIENTED_EDGE ( 'NONE', *, *, #369, .T. ) ;
#486 = CARTESIAN_POINT ( 'NONE',  ( 2.000000000000000444, -1.499999999999999334, 0.000000000000000000 ) ) ;
#487 = ORIENTED_EDGE ( 'NONE', *, *, #987, .T. ) ;
#488 = DIRECTION ( 'NONE',  ( -0.000000000000000000, 0.000000000000000000, 1.000000000000000000 ) ) ;
#489 = DIRECTION ( 'NONE',  ( -4.818676322157798361E-16, 1.000000000000000000, 0.000000000000000000 ) ) ;
#490 = EDGE_CURVE ( 'NONE', #1086, #346, #1012, .T. ) ;
#491 = CARTESIAN_POINT ( 'NONE',  ( 2.000000000000000444, 1.500000000000000666, 1.199999999999999956 ) ) ;
#492 = ORIENTED_EDGE ( 'NONE', *, *, #652, .T. ) ;
#493 = VECTOR ( 'NONE', #13, 100.0000000000000000 ) ;
#494 = VECTOR ( 'NONE', #175, 100.0000000000000000 ) ;
#495 = DIRECTION ( 'NONE',  ( -0.8660254037844360431, -0.5000000000000045519, 0.000000000000000000 ) ) ;
#496 = EDGE_LOOP ( 'NONE', ( #48, #1038, #505, #197 ) ) ;
#497 = VECTOR ( 'NONE', #976, 100.0000000000000000 ) ;
#498 = PLANE ( 'NONE',  #992 ) ;
#499 = CARTESIAN_POINT ( 'NONE',  ( 3.796405077356794548E-17, 0.3099999999999999978, 0.000000000000000000 ) ) ;
#500 = VECTOR ( 'NONE', #1283, 100.0000000000000000 ) ;
#501 = CARTESIAN_POINT ( 'NONE',  ( 2.000000000000000444, -0.4099999999999999201, 0.7000000000000000666 ) ) ;
#502 = VECTOR ( 'NONE', #674, 100.0000000000000000 ) ;
#503 = VERTEX_POINT ( 'NONE', #153 ) ;
#504 = DIRECTION ( 'NONE',  ( -0.000000000000000000, 0.000000000000000000, 1.000000000000000000 ) ) ;
#505 = ORIENTED_EDGE ( 'NONE', *, *, #755, .T. ) ;
#506 = LINE ( 'NONE', #44, #1192 ) ;
#507 = EDGE_CURVE ( 'NONE', #900, #326, #1380, .T. ) ;
#508 = CARTESIAN_POINT ( 'NONE',  ( 16.63499999999999801, -1.364999999999998437, 0.8824999999999999512 ) ) ;
#509 = VECTOR ( 'NONE', #1493, 100.0000000000000000 ) ;
#510 = FACE_OUTER_BOUND ( 'NONE', #912, .T. ) ;
#511 = DIRECTION ( 'NONE',  ( -0.5000000000000042188, 0.8660254037844362651, -0.000000000000000000 ) ) ;
#512 = VERTEX_POINT ( 'NONE', #27 ) ;
#513 = EDGE_CURVE ( 'NONE', #1006, #285, #144, .T. ) ;
#514 = LINE ( 'NONE', #1498, #81 ) ;
#515 = CARTESIAN_POINT ( 'NONE',  ( -0.7679571668975720966, -1.200000000000000178, 0.7000000000000000666 ) ) ;
#516 = ORIENTED_EDGE ( 'NONE', *, *, #513, .F. ) ;
#517 = DIRECTION ( 'NONE',  ( -4.818676322157799347E-16, 1.000000000000000000, 0.000000000000000000 ) ) ;
#518 = CARTESIAN_POINT ( 'NONE',  ( -2.000000000000000444, -0.4100000000000003642, 0.7000000000000000666 ) ) ;
#519 = ORIENTED_EDGE ( 'NONE', *, *, #597, .T. ) ;
#520 = LINE ( 'NONE', #146, #776 ) ;
#521 = CARTESIAN_POINT ( 'NONE',  ( 0.4099999999999999201, 1.820000000000000506, 0.7000000000000000666 ) ) ;
#522 = EDGE_LOOP ( 'NONE', ( #857, #1094, #773, #474 ) ) ;
#523 = PLANE ( 'NONE',  #420 ) ;
#524 = DIRECTION ( 'NONE',  ( -0.000000000000000000, 0.000000000000000000, 1.000000000000000000 ) ) ;
#525 = VECTOR ( 'NONE', #504, 100.0000000000000000 ) ;
#526 = VERTEX_POINT ( 'NONE', #1125 ) ;
#527 = EDGE_CURVE ( 'NONE', #688, #732, #283, .T. ) ;
#528 = CARTESIAN_POINT ( 'NONE',  ( 0.000000000000000000, 0.000000000000000000, 1.199999999999999956 ) ) ;
#529 = PLANE ( 'NONE',  #82 ) ;
#530 = VERTEX_POINT ( 'NONE', #751 ) ;
#531 = EDGE_CURVE ( 'NONE', #1207, #1481, #1496, .T. ) ;
#532 = LINE ( 'NONE', #1535, #789 ) ;
#533 = FACE_OUTER_BOUND ( 'NONE', #201, .T. ) ;
#534 = ORIENTED_EDGE ( 'NONE', *, *, #176, .F. ) ;
#535 = VECTOR ( 'NONE', #1539, 100.0000000000000000 ) ;
#536 = CARTESIAN_POINT ( 'NONE',  ( 1.364999999999999991, 2.000000000000001776, 1.199999999999999956 ) ) ;
#537 = DIRECTION ( 'NONE',  ( 0.000000000000000000, 1.000000000000000000, 0.000000000000000000 ) ) ;
#538 = ORIENTED_EDGE ( 'NONE', *, *, #841, .T. ) ;
#539 = DIRECTION ( 'NONE',  ( -0.000000000000000000, 0.000000000000000000, 1.000000000000000000 ) ) ;
#540 = ADVANCED_FACE ( 'NONE', ( #400 ), #161, .F. ) ;
#541 = DIRECTION ( 'NONE',  ( -0.5000000000000042188, -0.8660254037844362651, 0.000000000000000000 ) ) ;
#542 = ORIENTED_EDGE ( 'NONE', *, *, #747, .T. ) ;
#543 = FACE_OUTER_BOUND ( 'NONE', #1201, .T. ) ;
#544 = DIRECTION ( 'NONE',  ( 0.000000000000000000, -1.000000000000000000, 0.000000000000000000 ) ) ;
#545 = AXIS2_PLACEMENT_3D ( 'NONE', #853, #382, #753 ) ;
#546 = ORIENTED_EDGE ( 'NONE', *, *, #314, .T. ) ;
#547 = VECTOR ( 'NONE', #731, 100.0000000000000000 ) ;
#548 = EDGE_CURVE ( 'NONE', #732, #1517, #896, .T. ) ;
#549 = DIRECTION ( 'NONE',  ( -1.000000000000000000, -3.067291018426574134E-16, 0.000000000000000000 ) ) ;
#550 = PLANE ( 'NONE',  #1129 ) ;
#551 = ORIENTED_EDGE ( 'NONE', *, *, #1563, .T. ) ;
#552 = ADVANCED_FACE ( 'NONE', ( #406, #533 ), #393, .F. ) ;
#553 = CARTESIAN_POINT ( 'NONE',  ( -1.820000000000000506, -0.4100000000000003086, 0.7000000000000000666 ) ) ;
#554 = CARTESIAN_POINT ( 'NONE',  ( 1.499999999999999778, 2.000000000000000444, 0.000000000000000000 ) ) ;
#555 = EDGE_CURVE ( 'NONE', #1494, #445, #904, .T. ) ;
#556 = ORIENTED_EDGE ( 'NONE', *, *, #367, .T. ) ;
#557 = CARTESIAN_POINT ( 'NONE',  ( 1.364999999999995328, 16.63499999999999801, 0.8824999999999999512 ) ) ;
#558 = CARTESIAN_POINT ( 'NONE',  ( 1.199999999999999956, -0.7679571668975722076, 0.7000000000000000666 ) ) ;
#559 = ORIENTED_EDGE ( 'NONE', *, *, #1532, .F. ) ;
#560 = VECTOR ( 'NONE', #1368, 100.0000000000000000 ) ;
#561 = AXIS2_PLACEMENT_3D ( 'NONE', #395, #1492, #898 ) ;
#562 = CARTESIAN_POINT ( 'NONE',  ( -1.820000000000000506, -0.4100000000000003086, 0.7000000000000000666 ) ) ;
#563 = LINE ( 'NONE', #435, #1458 ) ;
#564 = VECTOR ( 'NONE', #1469, 100.0000000000000000 ) ;
#565 = UNCERTAINTY_MEASURE_WITH_UNIT (LENGTH_MEASURE( 1.000000000000000082E-05 ), #735, 'distance_accuracy_value', 'NONE');
#566 = ORIENTED_EDGE ( 'NONE', *, *, #548, .T. ) ;
#567 = LINE ( 'NONE', #307, #1271 ) ;
#568 = DIRECTION ( 'NONE',  ( 0.000000000000000000, -1.000000000000000000, 0.000000000000000000 ) ) ;
#569 = EDGE_LOOP ( 'NONE', ( #362, #221, #757, #1411 ) ) ;
#570 = DIRECTION ( 'NONE',  ( 0.000000000000000000, 0.000000000000000000, -1.000000000000000000 ) ) ;
#571 = CARTESIAN_POINT ( 'NONE',  ( 0.4099999999999999201, 1.820000000000000506, 1.199999999999999956 ) ) ;
#572 = ORIENTED_EDGE ( 'NONE', *, *, #1083, .F. ) ;
#573 = ORIENTED_EDGE ( 'NONE', *, *, #1532, .T. ) ;
#574 = VECTOR ( 'NONE', #1054, 100.0000000000000000 ) ;
#575 = FACE_OUTER_BOUND ( 'NONE', #205, .T. ) ;
#576 = ADVANCED_FACE ( 'NONE', ( #34 ), #1248, .F. ) ;
#577 = DIRECTION ( 'NONE',  ( 1.000000000000000000, -4.818676322157798361E-16, 0.000000000000000000 ) ) ;
#578 = ORIENTED_EDGE ( 'NONE', *, *, #968, .T. ) ;
#579 = CARTESIAN_POINT ( 'NONE',  ( 0.4100000000000003086, -2.000000000000000444, 0.7000000000000000666 ) ) ;
#580 = CARTESIAN_POINT ( 'NONE',  ( 0.000000000000000000, 0.000000000000000000, 0.7000000000000000666 ) ) ;
#581 = PRODUCT_RELATED_PRODUCT_CATEGORY ( 'part', '', ( #664 ) ) ;
#582 = VERTEX_POINT ( 'NONE', #1390 ) ;
#583 = EDGE_CURVE ( 'NONE', #962, #461, #387, .T. ) ;
#584 = CARTESIAN_POINT ( 'NONE',  ( 3.796405077356794548E-17, 0.3099999999999999978, 1.199999999999999956 ) ) ;
#585 = ORIENTED_EDGE ( 'NONE', *, *, #755, .F. ) ;
#586 = DIRECTION ( 'NONE',  ( -0.8660254037844360431, -0.5000000000000045519, 0.000000000000000000 ) ) ;
#587 = LINE ( 'NONE', #96, #1152 ) ;
#588 = AXIS2_PLACEMENT_3D ( 'NONE', #1155, #53, #537 ) ;
#589 = DIRECTION ( 'NONE',  ( 0.5000000000000045519, -0.8660254037844360431, 0.000000000000000000 ) ) ;
#590 = EDGE_CURVE ( 'NONE', #503, #1427, #1140, .T. ) ;
#591 = CARTESIAN_POINT ( 'NONE',  ( 1.199999999999999956, -0.7679571668975722076, 1.199999999999999956 ) ) ;
#592 = ORIENTED_EDGE ( 'NONE', *, *, #1559, .T. ) ;
#593 = CARTESIAN_POINT ( 'NONE',  ( -1.820000000000000506, 0.4099999999999995870, 0.7000000000000000666 ) ) ;
#594 =( NAMED_UNIT ( * ) SI_UNIT ( $, .STERADIAN. ) SOLID_ANGLE_UNIT ( ) );
#595 = ORIENTED_EDGE ( 'NONE', *, *, #801, .F. ) ;
#596 = CARTESIAN_POINT ( 'NONE',  ( -1.364999999999998215, 2.000000000000000444, 0.000000000000000000 ) ) ;
#597 = EDGE_CURVE ( 'NONE', #1329, #214, #266, .T. ) ;
#598 = DIRECTION ( 'NONE',  ( 0.8660254037844362651, 0.5000000000000042188, 0.000000000000000000 ) ) ;
#599 = ORIENTED_EDGE ( 'NONE', *, *, #590, .F. ) ;
#600 = LINE ( 'NONE', #1093, #657 ) ;
#601 = ORIENTED_EDGE ( 'NONE', *, *, #64, .T. ) ;
#602 = ADVANCED_FACE ( 'NONE', ( #1512 ), #550, .F. ) ;
#603 = DIRECTION ( 'NONE',  ( 0.000000000000000000, 0.000000000000000000, 1.000000000000000000 ) ) ;
#604 = LINE ( 'NONE', #611, #1490 ) ;
#605 = DIRECTION ( 'NONE',  ( 0.000000000000000000, 0.000000000000000000, -1.000000000000000000 ) ) ;
#606 = VERTEX_POINT ( 'NONE', #1545 ) ;
#607 = DIRECTION ( 'NONE',  ( -0.000000000000000000, 0.000000000000000000, 1.000000000000000000 ) ) ;
#608 = VERTEX_POINT ( 'NONE', #687 ) ;
#609 = CARTESIAN_POINT ( 'NONE',  ( 1.500000000000000666, -2.000000000000000000, 1.199999999999999956 ) ) ;
#610 = EDGE_CURVE ( 'NONE', #391, #190, #317, .T. ) ;
#611 = CARTESIAN_POINT ( 'NONE',  ( 0.4099999999999999201, 1.820000000000000506, 0.7000000000000000666 ) ) ;
#612 = VECTOR ( 'NONE', #826, 100.0000000000000000 ) ;
#613 = LINE ( 'NONE', #640, #422 ) ;
#614 = ORIENTED_EDGE ( 'NONE', *, *, #108, .T. ) ;
#615 = PLANE ( 'NONE',  #42 ) ;
#616 = ORIENTED_EDGE ( 'NONE', *, *, #1050, .F. ) ;
#617 = LINE ( 'NONE', #374, #73 ) ;
#618 = CARTESIAN_POINT ( 'NONE',  ( 16.63499999999999801, 1.365000000000001101, 1.199999999999999956 ) ) ;
#619 = DIRECTION ( 'NONE',  ( -2.312964634635742957E-16, 1.000000000000000000, 0.000000000000000000 ) ) ;
#620 = ORIENTED_EDGE ( 'NONE', *, *, #305, .F. ) ;
#621 = VECTOR ( 'NONE', #627, 100.0000000000000000 ) ;
#622 = AXIS2_PLACEMENT_3D ( 'NONE', #1366, #1264, #994 ) ;
#623 = EDGE_CURVE ( 'NONE', #354, #329, #431, .T. ) ;
#624 = DIRECTION ( 'NONE',  ( 1.000000000000000000, 0.000000000000000000, 0.000000000000000000 ) ) ;
#625 = EDGE_LOOP ( 'NONE', ( #1046, #388, #302, #21 ) ) ;
#626 = VECTOR ( 'NONE', #392, 100.0000000000000000 ) ;
#627 = DIRECTION ( 'NONE',  ( -1.000000000000000000, -2.312964634635742957E-16, 0.000000000000000000 ) ) ;
#628 = LINE ( 'NONE', #878, #564 ) ;
#629 = VECTOR ( 'NONE', #1314, 100.0000000000000000 ) ;
#630 = CARTESIAN_POINT ( 'NONE',  ( -1.200000000000000178, 0.7679571668975719856, 0.7000000000000000666 ) ) ;
#631 = EDGE_CURVE ( 'NONE', #503, #159, #208, .T. ) ;
#632 = AXIS2_PLACEMENT_3D ( 'NONE', #1292, #570, #1418 ) ;
#633 = DIRECTION ( 'NONE',  ( 1.000000000000000000, 2.385670792109557660E-16, 0.000000000000000000 ) ) ;
#634 = VERTEX_POINT ( 'NONE', #333 ) ;
#635 = LINE ( 'NONE', #771, #703 ) ;
#636 = CARTESIAN_POINT ( 'NONE',  ( 1.199999999999999956, -0.7679571668975722076, 0.7000000000000000666 ) ) ;
#637 = ORIENTED_EDGE ( 'NONE', *, *, #583, .F. ) ;
#638 = AXIS2_PLACEMENT_3D ( 'NONE', #910, #1041, #309 ) ;
#639 = VECTOR ( 'NONE', #1237, 100.0000000000000000 ) ;
#640 = CARTESIAN_POINT ( 'NONE',  ( 1.820000000000000506, -0.4099999999999998646, 1.199999999999999956 ) ) ;
#641 = EDGE_CURVE ( 'NONE', #78, #272, #1554, .T. ) ;
#642 = DIRECTION ( 'NONE',  ( 1.000000000000000000, 4.818676322157799347E-16, 0.000000000000000000 ) ) ;
#643 = VERTEX_POINT ( 'NONE', #1416 ) ;
#644 = DIRECTION ( 'NONE',  ( 0.000000000000000000, 0.000000000000000000, 1.000000000000000000 ) ) ;
#645 = DIRECTION ( 'NONE',  ( 0.000000000000000000, 0.000000000000000000, 1.000000000000000000 ) ) ;
#646 = ORIENTED_EDGE ( 'NONE', *, *, #697, .F. ) ;
#647 = DIRECTION ( 'NONE',  ( 0.000000000000000000, -1.000000000000000000, 0.000000000000000000 ) ) ;
#648 = DIRECTION ( 'NONE',  ( -0.8660254037844360431, -0.5000000000000045519, 0.000000000000000000 ) ) ;
#649 = ORIENTED_EDGE ( 'NONE', *, *, #1148, .F. ) ;
#650 = DIRECTION ( 'NONE',  ( 0.000000000000000000, 0.000000000000000000, -1.000000000000000000 ) ) ;
#651 = PLANE ( 'NONE',  #286 ) ;
#652 = EDGE_CURVE ( 'NONE', #445, #8, #932, .T. ) ;
#653 = ORIENTED_EDGE ( 'NONE', *, *, #151, .T. ) ;
#654 = VECTOR ( 'NONE', #1473, 100.0000000000000000 ) ;
#655 = DIRECTION ( 'NONE',  ( -2.312964634635742957E-16, 1.000000000000000000, 0.000000000000000000 ) ) ;
#656 = DIRECTION ( 'NONE',  ( 0.000000000000000000, 0.000000000000000000, 1.000000000000000000 ) ) ;
#657 = VECTOR ( 'NONE', #1109, 100.0000000000000142 ) ;
#658 = ORIENTED_EDGE ( 'NONE', *, *, #1343, .T. ) ;
#659 = PLANE ( 'NONE',  #981 ) ;
#660 = CARTESIAN_POINT ( 'NONE',  ( 0.000000000000000000, 0.000000000000000000, 0.000000000000000000 ) ) ;
#661 = VERTEX_POINT ( 'NONE', #1528 ) ;
#662 = VECTOR ( 'NONE', #1194, 100.0000000000000000 ) ;
#663 = PLANE ( 'NONE',  #371 ) ;
#664 = PRODUCT ( 'vertex-base_62', 'vertex-base_62', '', ( #1210 ) ) ;
#665 = LINE ( 'NONE', #558, #1412 ) ;
#666 = ORIENTED_EDGE ( 'NONE', *, *, #652, .F. ) ;
#667 = FACE_OUTER_BOUND ( 'NONE', #1346, .T. ) ;
#668 = PLANE ( 'NONE',  #127 ) ;
#669 = ORIENTED_EDGE ( 'NONE', *, *, #1343, .F. ) ;
#670 = LINE ( 'NONE', #439, #1475 ) ;
#671 = CARTESIAN_POINT ( 'NONE',  ( -1.365000000000000213, -1.364999999999997993, 0.8824999999999999512 ) ) ;
#672 = ORIENTED_EDGE ( 'NONE', *, *, #1499, .F. ) ;
#673 = ADVANCED_FACE ( 'NONE', ( #1167 ), #424, .F. ) ;
#674 = DIRECTION ( 'NONE',  ( 0.000000000000000000, 1.000000000000000000, 0.000000000000000000 ) ) ;
#675 = LINE ( 'NONE', #69, #1357 ) ;
#676 = ORIENTED_EDGE ( 'NONE', *, *, #480, .F. ) ;
#677 = ADVANCED_BREP_SHAPE_REPRESENTATION ( 'vertex-base_62', ( #263, #475 ), #457 ) ;
#678 = CARTESIAN_POINT ( 'NONE',  ( -1.499999999999999334, -2.000000000000000888, 0.000000000000000000 ) ) ;
#679 = ADVANCED_FACE ( 'NONE', ( #1520 ), #448, .F. ) ;
#680 = DIRECTION ( 'NONE',  ( 0.5000000000000043299, 0.8660254037844362651, 0.000000000000000000 ) ) ;
#681 = ORIENTED_EDGE ( 'NONE', *, *, #202, .F. ) ;
#682 = CARTESIAN_POINT ( 'NONE',  ( -0.4100000000000000311, 2.000000000000000444, 0.7000000000000000666 ) ) ;
#683 = CARTESIAN_POINT ( 'NONE',  ( 1.820000000000000506, 0.4100000000000000311, 1.199999999999999956 ) ) ;
#684 = VERTEX_POINT ( 'NONE', #696 ) ;
#685 = ORIENTED_EDGE ( 'NONE', *, *, #834, .F. ) ;
#686 = DIRECTION ( 'NONE',  ( 0.000000000000000000, 1.000000000000000000, 0.000000000000000000 ) ) ;
#687 = CARTESIAN_POINT ( 'NONE',  ( 1.199999999999999956, 0.7679571668975723187, 1.199999999999999956 ) ) ;
#688 = VERTEX_POINT ( 'NONE', #66 ) ;
#689 = VECTOR ( 'NONE', #511, 100.0000000000000142 ) ;
#690 = LINE ( 'NONE', #220, #1511 ) ;
#691 = VECTOR ( 'NONE', #1067, 100.0000000000000000 ) ;
#692 = ORIENTED_EDGE ( 'NONE', *, *, #464, .F. ) ;
#693 = ORIENTED_EDGE ( 'NONE', *, *, #1389, .T. ) ;
#694 = ADVANCED_FACE ( 'NONE', ( #950, #1190 ), #940, .T. ) ;
#695 = CARTESIAN_POINT ( 'NONE',  ( 2.000000000000000444, 0.4100000000000001421, 0.7000000000000000666 ) ) ;
#696 = CARTESIAN_POINT ( 'NONE',  ( 0.4100000000000000311, 2.000000000000000444, 1.199999999999999956 ) ) ;
#697 = EDGE_CURVE ( 'NONE', #326, #354, #415, .T. ) ;
#698 = ORIENTED_EDGE ( 'NONE', *, *, #555, .T. ) ;
#699 = PLANE ( 'NONE',  #632 ) ;
#700 = DIRECTION ( 'NONE',  ( 0.000000000000000000, 1.000000000000000000, 0.000000000000000000 ) ) ;
#701 = ORIENTED_EDGE ( 'NONE', *, *, #1205, .F. ) ;
#702 = EDGE_CURVE ( 'NONE', #1391, #718, #817, .T. ) ;
#703 = VECTOR ( 'NONE', #1136, 100.0000000000000000 ) ;
#704 = VECTOR ( 'NONE', #1124, 100.0000000000000000 ) ;
#705 = AXIS2_PLACEMENT_3D ( 'NONE', #110, #740, #1230 ) ;
#706 = PLANE ( 'NONE',  #1171 ) ;
#707 = ORIENTED_EDGE ( 'NONE', *, *, #440, .F. ) ;
#708 = PRESENTATION_LAYER_ASSIGNMENT (  '', '', ( #1404 ) ) ;
#709 = CARTESIAN_POINT ( 'NONE',  ( -1.820000000000000506, 0.4099999999999995870, 1.199999999999999956 ) ) ;
#710 = LINE ( 'NONE', #813, #1004 ) ;
#711 = ORIENTED_EDGE ( 'NONE', *, *, #446, .T. ) ;
#712 = EDGE_LOOP ( 'NONE', ( #1225, #162, #143, #725, #1059, #1013, #676, #996, #1069, #74, #616, #1504, #1529, #183, #736, #1077, #637, #669, #251, #918, #989, #224, #935, #1417, #1216, #964, #646, #1313, #259, #1249, #1320, #1287, #707, #1375, #1280, #306 ) ) ;
#713 = ADVANCED_FACE ( 'NONE', ( #795 ), #56, .F. ) ;
#714 = CARTESIAN_POINT ( 'NONE',  ( -1.364999999999998215, 1.364999999999999991, 0.8824999999999999512 ) ) ;
#715 = ORIENTED_EDGE ( 'NONE', *, *, #1070, .T. ) ;
#716 = LINE ( 'NONE', #241, #654 ) ;
#717 = DIRECTION ( 'NONE',  ( 1.000000000000000000, 0.000000000000000000, 0.000000000000000000 ) ) ;
#718 = VERTEX_POINT ( 'NONE', #1174 ) ;
#719 = VECTOR ( 'NONE', #339, 100.0000000000000000 ) ;
#720 = VECTOR ( 'NONE', #1377, 100.0000000000000000 ) ;
#721 = LINE ( 'NONE', #1084, #419 ) ;
#722 = EDGE_CURVE ( 'NONE', #1486, #799, #72, .T. ) ;
#723 = CARTESIAN_POINT ( 'NONE',  ( 16.63499999999999801, 1.365000000000001101, 0.8824999999999999512 ) ) ;
#724 = EDGE_CURVE ( 'NONE', #194, #1494, #434, .T. ) ;
#725 = ORIENTED_EDGE ( 'NONE', *, *, #548, .F. ) ;
#726 = CARTESIAN_POINT ( 'NONE',  ( 0.000000000000000000, 0.000000000000000000, 0.000000000000000000 ) ) ;
#727 = ORIENTED_EDGE ( 'NONE', *, *, #846, .F. ) ;
#728 = EDGE_CURVE ( 'NONE', #272, #821, #665, .T. ) ;
#729 = CARTESIAN_POINT ( 'NONE',  ( 0.000000000000000000, 0.000000000000000000, 0.7000000000000000666 ) ) ;
#730 = PLANE ( 'NONE',  #1262 ) ;
#731 = DIRECTION ( 'NONE',  ( -1.000000000000000000, -1.136033710528360955E-16, 0.000000000000000000 ) ) ;
#732 = VERTEX_POINT ( 'NONE', #1064 ) ;
#733 = EDGE_CURVE ( 'NONE', #106, #171, #839, .T. ) ;
#734 = DIRECTION ( 'NONE',  ( 0.000000000000000000, -1.000000000000000000, 0.000000000000000000 ) ) ;
#735 =( LENGTH_UNIT ( ) NAMED_UNIT ( * ) SI_UNIT ( .CENTI., .METRE. ) );
#736 = ORIENTED_EDGE ( 'NONE', *, *, #1483, .F. ) ;
#737 = DIRECTION ( 'NONE',  ( -1.000000000000000000, -4.818676322157798361E-16, 0.000000000000000000 ) ) ;
#738 = LINE ( 'NONE', #1122, #746 ) ;
#739 = VECTOR ( 'NONE', #642, 100.0000000000000000 ) ;
#740 = DIRECTION ( 'NONE',  ( 0.000000000000000000, 0.000000000000000000, 1.000000000000000000 ) ) ;
#741 = ORIENTED_EDGE ( 'NONE', *, *, #555, .F. ) ;
#742 = CARTESIAN_POINT ( 'NONE',  ( -0.4099999999999996980, -1.820000000000000506, 0.7000000000000000666 ) ) ;
#743 = ORIENTED_EDGE ( 'NONE', *, *, #774, .F. ) ;
#744 = CARTESIAN_POINT ( 'NONE',  ( 0.7679571668975724297, -1.199999999999999956, 0.7000000000000000666 ) ) ;
#745 = CARTESIAN_POINT ( 'NONE',  ( 2.000000000000000444, 0.4100000000000001421, 0.7000000000000000666 ) ) ;
#746 = VECTOR ( 'NONE', #207, 100.0000000000000000 ) ;
#747 = EDGE_CURVE ( 'NONE', #154, #468, #1200, .T. ) ;
#748 = LINE ( 'NONE', #778, #626 ) ;
#749 = VERTEX_POINT ( 'NONE', #584 ) ;
#750 = ADVANCED_FACE ( 'NONE', ( #247 ), #462, .F. ) ;
#751 = CARTESIAN_POINT ( 'NONE',  ( 2.000000000000000444, 0.4100000000000001421, 0.7000000000000000666 ) ) ;
#752 = VERTEX_POINT ( 'NONE', #1438 ) ;
#753 = DIRECTION ( 'NONE',  ( 0.000000000000000000, -1.000000000000000000, 0.000000000000000000 ) ) ;
#754 = LINE ( 'NONE', #1341, #1208 ) ;
#755 = EDGE_CURVE ( 'NONE', #749, #606, #271, .T. ) ;
#756 = DIRECTION ( 'NONE',  ( -0.5000000000000042188, 0.8660254037844361541, 0.000000000000000000 ) ) ;
#757 = ORIENTED_EDGE ( 'NONE', *, *, #1319, .T. ) ;
#758 = AXIS2_PLACEMENT_3D ( 'NONE', #729, #967, #1217 ) ;
#759 = DIRECTION ( 'NONE',  ( 0.000000000000000000, 0.000000000000000000, -1.000000000000000000 ) ) ;
#760 = ORIENTED_EDGE ( 'NONE', *, *, #438, .T. ) ;
#761 = AXIS2_PLACEMENT_3D ( 'NONE', #970, #473, #830 ) ;
#762 = CARTESIAN_POINT ( 'NONE',  ( -0.7679571668975720966, -1.200000000000000178, 1.199999999999999956 ) ) ;
#763 = LINE ( 'NONE', #1515, #1386 ) ;
#764 = ORIENTED_EDGE ( 'NONE', *, *, #1401, .T. ) ;
#765 = EDGE_CURVE ( 'NONE', #608, #979, #456, .T. ) ;
#766 = CARTESIAN_POINT ( 'NONE',  ( 1.500000000000000666, -2.000000000000000000, 0.000000000000000000 ) ) ;
#767 = EDGE_LOOP ( 'NONE', ( #442, #1031, #437, #681 ) ) ;
#768 = DIRECTION ( 'NONE',  ( 1.000000000000000000, 0.000000000000000000, 0.000000000000000000 ) ) ;
#769 = ORIENTED_EDGE ( 'NONE', *, *, #64, .F. ) ;
#770 = PRODUCT_DEFINITION_FORMATION_WITH_SPECIFIED_SOURCE ( 'ANY', '', #664, .NOT_KNOWN. ) ;
#771 = CARTESIAN_POINT ( 'NONE',  ( 0.4100000000000003086, -2.000000000000000444, 1.199999999999999956 ) ) ;
#772 = DIRECTION ( 'NONE',  ( -1.000000000000000000, -2.312964634635742957E-16, 0.000000000000000000 ) ) ;
#773 = ORIENTED_EDGE ( 'NONE', *, *, #610, .F. ) ;
#774 = EDGE_CURVE ( 'NONE', #880, #28, #1328, .T. ) ;
#775 = VECTOR ( 'NONE', #1183, 100.0000000000000000 ) ;
#776 = VECTOR ( 'NONE', #1022, 100.0000000000000000 ) ;
#777 = CIRCLE ( 'NONE', #1413, 0.3099999999999999978 ) ;
#778 = CARTESIAN_POINT ( 'NONE',  ( 1.364999999999999991, 1.364999999999998215, 0.8824999999999999512 ) ) ;
#779 = EDGE_CURVE ( 'NONE', #821, #866, #1461, .T. ) ;
#780 = CARTESIAN_POINT ( 'NONE',  ( -2.000000000000000444, -0.4100000000000003642, 1.199999999999999956 ) ) ;
#781 = ORIENTED_EDGE ( 'NONE', *, *, #273, .F. ) ;
#782 = LINE ( 'NONE', #1267, #284 ) ;
#783 = CARTESIAN_POINT ( 'NONE',  ( -0.7679571668975720966, -1.200000000000000178, 1.199999999999999956 ) ) ;
#784 = ORIENTED_EDGE ( 'NONE', *, *, #1575, .F. ) ;
#785 = CARTESIAN_POINT ( 'NONE',  ( -1.820000000000000506, 0.4099999999999995870, 0.7000000000000000666 ) ) ;
#786 = CARTESIAN_POINT ( 'NONE',  ( -0.4100000000000000311, 2.000000000000000444, 1.199999999999999956 ) ) ;
#787 = VECTOR ( 'NONE', #253, 100.0000000000000000 ) ;
#788 = ORIENTED_EDGE ( 'NONE', *, *, #1003, .T. ) ;
#789 = VECTOR ( 'NONE', #1289, 100.0000000000000142 ) ;
#790 = ADVANCED_FACE ( 'NONE', ( #1091 ), #706, .F. ) ;
#791 = CARTESIAN_POINT ( 'NONE',  ( 2.000000000000000444, -0.4099999999999999201, 1.199999999999999956 ) ) ;
#792 = CARTESIAN_POINT ( 'NONE',  ( 1.500000000000000666, -2.000000000000000000, 0.000000000000000000 ) ) ;
#793 = ORIENTED_EDGE ( 'NONE', *, *, #344, .F. ) ;
#794 = DIRECTION ( 'NONE',  ( -2.258880508902365962E-16, 1.000000000000000000, -0.000000000000000000 ) ) ;
#795 = FACE_OUTER_BOUND ( 'NONE', #57, .T. ) ;
#796 = ORIENTED_EDGE ( 'NONE', *, *, #1491, .T. ) ;
#797 =( NAMED_UNIT ( * ) SI_UNIT ( $, .STERADIAN. ) SOLID_ANGLE_UNIT ( ) );
#798 = LINE ( 'NONE', #1284, #338 ) ;
#799 = VERTEX_POINT ( 'NONE', #1318 ) ;
#800 = PLANE ( 'NONE',  #12 ) ;
#801 = EDGE_CURVE ( 'NONE', #606, #749, #1398, .T. ) ;
#802 = VECTOR ( 'NONE', #1364, 100.0000000000000000 ) ;
#803 = CARTESIAN_POINT ( 'NONE',  ( -1.820000000000000506, -0.4100000000000003086, 0.7000000000000000666 ) ) ;
#804 = ORIENTED_EDGE ( 'NONE', *, *, #1505, .F. ) ;
#805 = CARTESIAN_POINT ( 'NONE',  ( 1.500000000000000666, -2.000000000000000000, 0.000000000000000000 ) ) ;
#806 = DIRECTION ( 'NONE',  ( 0.000000000000000000, 0.000000000000000000, -1.000000000000000000 ) ) ;
#807 = ORIENTED_EDGE ( 'NONE', *, *, #1440, .F. ) ;
#808 = EDGE_CURVE ( 'NONE', #1278, #326, #484, .T. ) ;
#809 = CARTESIAN_POINT ( 'NONE',  ( -2.000000000000000000, -1.500000000000000888, 0.000000000000000000 ) ) ;
#810 = DIRECTION ( 'NONE',  ( -0.000000000000000000, 0.000000000000000000, 1.000000000000000000 ) ) ;
#811 = ORIENTED_EDGE ( 'NONE', *, *, #1285, .F. ) ;
#812 = PLANE ( 'NONE',  #1156 ) ;
#813 = CARTESIAN_POINT ( 'NONE',  ( 1.500000000000000666, -2.000000000000000000, 0.8824999999999999512 ) ) ;
#814 = VERTEX_POINT ( 'NONE', #958 ) ;
#815 = ORIENTED_EDGE ( 'NONE', *, *, #1040, .T. ) ;
#816 = LINE ( 'NONE', #1159, #1195 ) ;
#817 = LINE ( 'NONE', #1536, #1335 ) ;
#818 = ORIENTED_EDGE ( 'NONE', *, *, #722, .F. ) ;
#819 = CARTESIAN_POINT ( 'NONE',  ( 1.365000000000002212, -1.999999999999999112, 0.8824999999999999512 ) ) ;
#820 = CARTESIAN_POINT ( 'NONE',  ( 0.000000000000000000, 0.000000000000000000, 0.8824999999999999512 ) ) ;
#821 = VERTEX_POINT ( 'NONE', #1334 ) ;
#822 = DIRECTION ( 'NONE',  ( -1.000000000000000000, -4.818676322157798361E-16, 0.000000000000000000 ) ) ;
#823 = DIRECTION ( 'NONE',  ( 0.000000000000000000, -1.000000000000000000, 0.000000000000000000 ) ) ;
#824 = ORIENTED_EDGE ( 'NONE', *, *, #610, .T. ) ;
#825 = EDGE_CURVE ( 'NONE', #276, #1521, #1451, .T. ) ;
#826 = DIRECTION ( 'NONE',  ( -1.249637081581196951E-16, 1.000000000000000000, -0.000000000000000000 ) ) ;
#827 = VECTOR ( 'NONE', #423, 100.0000000000000000 ) ;
#828 = ORIENTED_EDGE ( 'NONE', *, *, #631, .T. ) ;
#829 = VERTEX_POINT ( 'NONE', #351 ) ;
#830 = DIRECTION ( 'NONE',  ( 0.000000000000000000, -1.000000000000000000, 0.000000000000000000 ) ) ;
#831 = ORIENTED_EDGE ( 'NONE', *, *, #631, .F. ) ;
#832 = DIRECTION ( 'NONE',  ( 0.000000000000000000, 0.000000000000000000, 1.000000000000000000 ) ) ;
#833 = DIRECTION ( 'NONE',  ( -0.000000000000000000, 0.000000000000000000, 1.000000000000000000 ) ) ;
#834 = EDGE_CURVE ( 'NONE', #171, #1555, #1080, .T. ) ;
#835 = ORIENTED_EDGE ( 'NONE', *, *, #47, .T. ) ;
#836 = VECTOR ( 'NONE', #589, 100.0000000000000000 ) ;
#837 = AXIS2_PLACEMENT_3D ( 'NONE', #920, #191, #1397 ) ;
#838 = VECTOR ( 'NONE', #847, 100.0000000000000000 ) ;
#839 = LINE ( 'NONE', #231, #719 ) ;
#840 = EDGE_LOOP ( 'NONE', ( #1028, #1196, #977, #485 ) ) ;
#841 = EDGE_CURVE ( 'NONE', #214, #752, #361, .T. ) ;
#842 = DIRECTION ( 'NONE',  ( 0.5000000000000045519, -0.8660254037844360431, 0.000000000000000000 ) ) ;
#843 = PLANE ( 'NONE',  #758 ) ;
#844 = AXIS2_PLACEMENT_3D ( 'NONE', #443, #942, #95 ) ;
#845 = EDGE_CURVE ( 'NONE', #1524, #1565, #1, .T. ) ;
#846 = EDGE_CURVE ( 'NONE', #310, #1317, #856, .T. ) ;
#847 = DIRECTION ( 'NONE',  ( -0.000000000000000000, 0.000000000000000000, 1.000000000000000000 ) ) ;
#848 = ORIENTED_EDGE ( 'NONE', *, *, #1389, .F. ) ;
#849 = CARTESIAN_POINT ( 'NONE',  ( 0.4100000000000001976, -1.820000000000000506, 0.7000000000000000666 ) ) ;
#850 = ORIENTED_EDGE ( 'NONE', *, *, #869, .F. ) ;
#851 = VECTOR ( 'NONE', #541, 100.0000000000000142 ) ;
#852 = CIRCLE ( 'NONE', #1234, 2.500000000000000000 ) ;
#853 = CARTESIAN_POINT ( 'NONE',  ( 1.365000000000002212, -16.63499999999999801, 0.8824999999999999512 ) ) ;
#854 = FACE_OUTER_BOUND ( 'NONE', #1053, .T. ) ;
#855 = EDGE_CURVE ( 'NONE', #381, #1298, #117, .T. ) ;
#856 = LINE ( 'NONE', #1444, #218 ) ;
#857 = ORIENTED_EDGE ( 'NONE', *, *, #1106, .T. ) ;
#858 = PLANE ( 'NONE',  #1561 ) ;
#859 = ORIENTED_EDGE ( 'NONE', *, *, #58, .F. ) ;
#860 = LINE ( 'NONE', #1587, #1321 ) ;
#861 = DIRECTION ( 'NONE',  ( 1.000000000000000000, 1.817653936845376936E-16, 0.000000000000000000 ) ) ;
#862 = CIRCLE ( 'NONE', #837, 2.500000000000000000 ) ;
#863 = DIRECTION ( 'NONE',  ( -0.000000000000000000, 0.000000000000000000, 1.000000000000000000 ) ) ;
#864 = EDGE_LOOP ( 'NONE', ( #89, #1078, #1291, #177 ) ) ;
#865 = DIRECTION ( 'NONE',  ( 1.000000000000000000, 2.258880508902365962E-16, 0.000000000000000000 ) ) ;
#866 = VERTEX_POINT ( 'NONE', #1342 ) ;
#867 = CIRCLE ( 'NONE', #170, 0.3099999999999999978 ) ;
#868 = EDGE_LOOP ( 'NONE', ( #1233, #19, #226, #35 ) ) ;
#869 = EDGE_CURVE ( 'NONE', #1359, #512, #1098, .T. ) ;
#870 = DIRECTION ( 'NONE',  ( -1.817653936845376936E-16, 1.000000000000000000, 0.000000000000000000 ) ) ;
#871 = PRODUCT_DEFINITION ( 'UNKNOWN', '', #770, #945 ) ;
#872 = DIRECTION ( 'NONE',  ( 0.000000000000000000, -1.000000000000000000, 0.000000000000000000 ) ) ;
#873 = ORIENTED_EDGE ( 'NONE', *, *, #825, .F. ) ;
#874 = DIRECTION ( 'NONE',  ( 0.000000000000000000, 1.000000000000000000, 0.000000000000000000 ) ) ;
#875 = ORIENTED_EDGE ( 'NONE', *, *, #1470, .F. ) ;
#876 = ADVANCED_FACE ( 'NONE', ( #1564 ), #1471, .F. ) ;
#877 = FACE_OUTER_BOUND ( 'NONE', #232, .T. ) ;
#878 = CARTESIAN_POINT ( 'NONE',  ( 2.000000000000000444, 1.500000000000000666, 0.000000000000000000 ) ) ;
#879 = DIRECTION ( 'NONE',  ( -1.000000000000000000, -2.312964634635742957E-16, 0.000000000000000000 ) ) ;
#880 = VERTEX_POINT ( 'NONE', #264 ) ;
#881 = CARTESIAN_POINT ( 'NONE',  ( -2.000000000000000000, -1.500000000000000888, 1.199999999999999956 ) ) ;
#882 = VERTEX_POINT ( 'NONE', #501 ) ;
#883 = DIRECTION ( 'NONE',  ( 1.000000000000000000, 4.818676322157798361E-16, 0.000000000000000000 ) ) ;
#884 = EDGE_CURVE ( 'NONE', #821, #979, #150, .T. ) ;
#885 = DIRECTION ( 'NONE',  ( -1.000000000000000000, 0.000000000000000000, 0.000000000000000000 ) ) ;
#886 = ORIENTED_EDGE ( 'NONE', *, *, #397, .T. ) ;
#887 = CARTESIAN_POINT ( 'NONE',  ( 0.000000000000000000, 0.000000000000000000, 0.000000000000000000 ) ) ;
#888 = CARTESIAN_POINT ( 'NONE',  ( 0.000000000000000000, 0.000000000000000000, 0.000000000000000000 ) ) ;
#889 = EDGE_LOOP ( 'NONE', ( #698, #492, #1560, #1325 ) ) ;
#890 = ADVANCED_FACE ( 'NONE', ( #1001 ), #377, .F. ) ;
#891 = DIRECTION ( 'NONE',  ( -0.000000000000000000, 0.000000000000000000, 1.000000000000000000 ) ) ;
#892 = DIRECTION ( 'NONE',  ( -1.000000000000000000, -1.136033710528360955E-16, 0.000000000000000000 ) ) ;
#893 = ORIENTED_EDGE ( 'NONE', *, *, #180, .F. ) ;
#894 = EDGE_CURVE ( 'NONE', #51, #416, #1485, .T. ) ;
#895 = DIRECTION ( 'NONE',  ( 0.000000000000000000, -1.000000000000000000, 0.000000000000000000 ) ) ;
#896 = LINE ( 'NONE', #1149, #689 ) ;
#897 = VERTEX_POINT ( 'NONE', #1510 ) ;
#898 = DIRECTION ( 'NONE',  ( 0.000000000000000000, 1.000000000000000000, 0.000000000000000000 ) ) ;
#899 = LINE ( 'NONE', #1251, #360 ) ;
#900 = VERTEX_POINT ( 'NONE', #405 ) ;
#901 = VECTOR ( 'NONE', #45, 100.0000000000000142 ) ;
#902 = CARTESIAN_POINT ( 'NONE',  ( 0.4099999999999999201, 1.820000000000000506, 0.7000000000000000666 ) ) ;
#903 = EDGE_CURVE ( 'NONE', #979, #897, #613, .T. ) ;
#904 = LINE ( 'NONE', #1360, #26 ) ;
#905 = ORIENTED_EDGE ( 'NONE', *, *, #202, .T. ) ;
#906 = CARTESIAN_POINT ( 'NONE',  ( -0.4099999999999996980, -1.820000000000000506, 1.199999999999999956 ) ) ;
#907 = DIRECTION ( 'NONE',  ( -0.000000000000000000, 0.000000000000000000, 1.000000000000000000 ) ) ;
#908 = ORIENTED_EDGE ( 'NONE', *, *, #141, .T. ) ;
#909 = DIRECTION ( 'NONE',  ( 2.385670792109557660E-16, -1.000000000000000000, 0.000000000000000000 ) ) ;
#910 = CARTESIAN_POINT ( 'NONE',  ( 0.4100000000000000311, 2.000000000000000444, 0.7000000000000000666 ) ) ;
#911 = VECTOR ( 'NONE', #891, 100.0000000000000000 ) ;
#912 = EDGE_LOOP ( 'NONE', ( #1474, #1002, #551, #1161 ) ) ;
#913 = VECTOR ( 'NONE', #517, 100.0000000000000000 ) ;
#914 = PLANE ( 'NONE',  #561 ) ;
#915 = CARTESIAN_POINT ( 'NONE',  ( 2.000000000000001776, 1.364999999999998437, 1.199999999999999956 ) ) ;
#916 = AXIS2_PLACEMENT_3D ( 'NONE', #723, #216, #1576 ) ;
#917 = EDGE_CURVE ( 'NONE', #718, #468, #748, .T. ) ;
#918 = ORIENTED_EDGE ( 'NONE', *, *, #149, .F. ) ;
#919 = MECHANICAL_DESIGN_GEOMETRIC_PRESENTATION_REPRESENTATION (  '', ( #1404 ), #1531 ) ;
#920 = CARTESIAN_POINT ( 'NONE',  ( 0.000000000000000000, 0.000000000000000000, 0.000000000000000000 ) ) ;
#921 = VECTOR ( 'NONE', #1193, 100.0000000000000000 ) ;
#922 = DIRECTION ( 'NONE',  ( 0.000000000000000000, 1.000000000000000000, 0.000000000000000000 ) ) ;
#923 = ORIENTED_EDGE ( 'NONE', *, *, #1570, .T. ) ;
#924 = CARTESIAN_POINT ( 'NONE',  ( -1.500000000000000222, 2.000000000000000444, 0.8824999999999999512 ) ) ;
#925 = PLANE ( 'NONE',  #1516 ) ;
#926 = EDGE_CURVE ( 'NONE', #1329, #445, #1238, .T. ) ;
#927 = UNCERTAINTY_MEASURE_WITH_UNIT (LENGTH_MEASURE( 1.000000000000000082E-05 ), #188, 'distance_accuracy_value', 'NONE');
#928 = ORIENTED_EDGE ( 'NONE', *, *, #1236, .T. ) ;
#929 = DIRECTION ( 'NONE',  ( -0.000000000000000000, 0.000000000000000000, 1.000000000000000000 ) ) ;
#930 = AXIS2_PLACEMENT_3D ( 'NONE', #233, #10, #1322 ) ;
#931 = ORIENTED_EDGE ( 'NONE', *, *, #464, .T. ) ;
#932 = CIRCLE ( 'NONE', #1542, 2.500000000000000000 ) ;
#933 = AXIS2_PLACEMENT_3D ( 'NONE', #237, #861, #1243 ) ;
#934 = CARTESIAN_POINT ( 'NONE',  ( -0.4099999999999996980, -1.820000000000000506, 0.7000000000000000666 ) ) ;
#935 = ORIENTED_EDGE ( 'NONE', *, *, #238, .F. ) ;
#936 = DIRECTION ( 'NONE',  ( 0.000000000000000000, 0.000000000000000000, 1.000000000000000000 ) ) ;
#937 = EDGE_CURVE ( 'NONE', #276, #1086, #1019, .T. ) ;
#938 = VERTEX_POINT ( 'NONE', #1107 ) ;
#939 = DIRECTION ( 'NONE',  ( 1.000000000000000000, 0.000000000000000000, 0.000000000000000000 ) ) ;
#940 = PLANE ( 'NONE',  #228 ) ;
#941 = ORIENTED_EDGE ( 'NONE', *, *, #1434, .F. ) ;
#942 = DIRECTION ( 'NONE',  ( 0.5000000000000043299, -0.8660254037844362651, 0.000000000000000000 ) ) ;
#943 = DIRECTION ( 'NONE',  ( 0.000000000000000000, 0.000000000000000000, -1.000000000000000000 ) ) ;
#944 = EDGE_LOOP ( 'NONE', ( #1369, #433, #1353, #1110, #1537, #449 ) ) ;
#945 = PRODUCT_DEFINITION_CONTEXT ( 'detailed design', #1304, 'design' ) ;
#946 = EDGE_LOOP ( 'NONE', ( #1222, #425, #1257, #971 ) ) ;
#947 = LINE ( 'NONE', #199, #313 ) ;
#948 = ADVANCED_FACE ( 'NONE', ( #1139 ), #7, .F. ) ;
#949 = VECTOR ( 'NONE', #734, 100.0000000000000000 ) ;
#950 = FACE_OUTER_BOUND ( 'NONE', #712, .T. ) ;
#951 = ORIENTED_EDGE ( 'NONE', *, *, #937, .F. ) ;
#952 = VECTOR ( 'NONE', #624, 100.0000000000000000 ) ;
#953 = PLANE ( 'NONE',  #844 ) ;
#954 = FACE_OUTER_BOUND ( 'NONE', #1533, .T. ) ;
#955 = ORIENTED_EDGE ( 'NONE', *, *, #583, .T. ) ;
#956 = ORIENTED_EDGE ( 'NONE', *, *, #975, .T. ) ;
#957 = CARTESIAN_POINT ( 'NONE',  ( -0.4099999999999999201, 1.820000000000000506, 0.7000000000000000666 ) ) ;
#958 = CARTESIAN_POINT ( 'NONE',  ( 1.499999999999999778, 2.000000000000000444, 0.8824999999999999512 ) ) ;
#959 = ORIENTED_EDGE ( 'NONE', *, *, #47, .F. ) ;
#960 =( NAMED_UNIT ( * ) PLANE_ANGLE_UNIT ( ) SI_UNIT ( $, .RADIAN. ) );
#961 = CARTESIAN_POINT ( 'NONE',  ( -1.364999999999999991, 16.63499999999999801, 1.199999999999999956 ) ) ;
#962 = VERTEX_POINT ( 'NONE', #160 ) ;
#963 = DIRECTION ( 'NONE',  ( 0.000000000000000000, -1.000000000000000000, 0.000000000000000000 ) ) ;
#964 = ORIENTED_EDGE ( 'NONE', *, *, #623, .F. ) ;
#965 = CARTESIAN_POINT ( 'NONE',  ( -0.4099999999999999201, 1.820000000000000506, 0.7000000000000000666 ) ) ;
#966 = ORIENTED_EDGE ( 'NONE', *, *, #1176, .F. ) ;
#967 = DIRECTION ( 'NONE',  ( 0.000000000000000000, 0.000000000000000000, 1.000000000000000000 ) ) ;
#968 = EDGE_CURVE ( 'NONE', #378, #1006, #1026, .T. ) ;
#969 = VECTOR ( 'NONE', #1373, 100.0000000000000000 ) ;
#970 = CARTESIAN_POINT ( 'NONE',  ( 0.000000000000000000, 0.000000000000000000, 0.000000000000000000 ) ) ;
#971 = ORIENTED_EDGE ( 'NONE', *, *, #1269, .T. ) ;
#972 = CARTESIAN_POINT ( 'NONE',  ( -1.200000000000000178, 0.7679571668975719856, 0.7000000000000000666 ) ) ;
#973 = CARTESIAN_POINT ( 'NONE',  ( 0.000000000000000000, 0.000000000000000000, 0.000000000000000000 ) ) ;
#974 = LINE ( 'NONE', #5, #787 ) ;
#975 = EDGE_CURVE ( 'NONE', #187, #1278, #1495, .T. ) ;
#976 = DIRECTION ( 'NONE',  ( -0.000000000000000000, 0.000000000000000000, 1.000000000000000000 ) ) ;
#977 = ORIENTED_EDGE ( 'NONE', *, *, #733, .F. ) ;
#978 = FACE_OUTER_BOUND ( 'NONE', #840, .T. ) ;
#979 = VERTEX_POINT ( 'NONE', #255 ) ;
#980 = VECTOR ( 'NONE', #1423, 100.0000000000000142 ) ;
#981 = AXIS2_PLACEMENT_3D ( 'NONE', #1154, #36, #1036 ) ;
#982 = VECTOR ( 'NONE', #1523, 100.0000000000000000 ) ;
#983 = CARTESIAN_POINT ( 'NONE',  ( -0.4099999999999997535, -2.000000000000000444, 1.199999999999999956 ) ) ;
#984 = DIRECTION ( 'NONE',  ( -1.000000000000000000, -1.136033710528360955E-16, 0.000000000000000000 ) ) ;
#985 = DIRECTION ( 'NONE',  ( -2.312964634635742957E-16, 1.000000000000000000, 0.000000000000000000 ) ) ;
#986 = ORIENTED_EDGE ( 'NONE', *, *, #1040, .F. ) ;
#987 = EDGE_CURVE ( 'NONE', #265, #582, #1245, .T. ) ;
#988 = FACE_OUTER_BOUND ( 'NONE', #289, .T. ) ;
#989 = ORIENTED_EDGE ( 'NONE', *, *, #1277, .F. ) ;
#990 = CARTESIAN_POINT ( 'NONE',  ( -0.4100000000000000311, 2.000000000000000444, 0.7000000000000000666 ) ) ;
#991 = CARTESIAN_POINT ( 'NONE',  ( 0.4099999999999999201, 1.820000000000000506, 0.7000000000000000666 ) ) ;
#992 = AXIS2_PLACEMENT_3D ( 'NONE', #990, #737, #1482 ) ;
#993 = AXIS2_PLACEMENT_3D ( 'NONE', #185, #909, #430 ) ;
#994 = DIRECTION ( 'NONE',  ( -1.000000000000000000, -2.258880508902365962E-16, 0.000000000000000000 ) ) ;
#995 = EDGE_CURVE ( 'NONE', #310, #1577, #1132, .T. ) ;
#996 = ORIENTED_EDGE ( 'NONE', *, *, #1003, .F. ) ;
#997 = FACE_OUTER_BOUND ( 'NONE', #1214, .T. ) ;
#998 = VERTEX_POINT ( 'NONE', #785 ) ;
#999 = CARTESIAN_POINT ( 'NONE',  ( 2.000000000000000444, -0.4099999999999999201, 0.7000000000000000666 ) ) ;
#1000 = DIRECTION ( 'NONE',  ( -0.000000000000000000, 0.000000000000000000, 1.000000000000000000 ) ) ;
#1001 = FACE_OUTER_BOUND ( 'NONE', #1172, .T. ) ;
#1002 = ORIENTED_EDGE ( 'NONE', *, *, #1401, .F. ) ;
#1003 = EDGE_CURVE ( 'NONE', #32, #249, #1478, .T. ) ;
#1004 = VECTOR ( 'NONE', #328, 100.0000000000000000 ) ;
#1005 = CARTESIAN_POINT ( 'NONE',  ( -1.820000000000000506, 0.4099999999999995870, 0.7000000000000000666 ) ) ;
#1006 = VERTEX_POINT ( 'NONE', #40 ) ;
#1007 = FACE_OUTER_BOUND ( 'NONE', #256, .T. ) ;
#1008 = DIRECTION ( 'NONE',  ( -1.000000000000000000, 4.818676322157798361E-16, 0.000000000000000000 ) ) ;
#1009 = CIRCLE ( 'NONE', #588, 2.500000000000000000 ) ;
#1010 = ORIENTED_EDGE ( 'NONE', *, *, #894, .F. ) ;
#1011 = CYLINDRICAL_SURFACE ( 'NONE', #1552, 0.3099999999999999978 ) ;
#1012 = LINE ( 'NONE', #257, #454 ) ;
#1013 = ORIENTED_EDGE ( 'NONE', *, *, #1106, .F. ) ;
#1014 = CARTESIAN_POINT ( 'NONE',  ( -1.999999999999999778, -1.500000000000000666, 0.8824999999999999512 ) ) ;
#1015 = CARTESIAN_POINT ( 'NONE',  ( -16.63499999999999801, -1.364999999999999103, 1.199999999999999956 ) ) ;
#1016 = ADVANCED_FACE ( 'NONE', ( #510 ), #1011, .F. ) ;
#1017 = ORIENTED_EDGE ( 'NONE', *, *, #238, .T. ) ;
#1018 = ADVANCED_FACE ( 'NONE', ( #274 ), #523, .F. ) ;
#1019 = LINE ( 'NONE', #766, #1324 ) ;
#1020 = DIRECTION ( 'NONE',  ( 0.000000000000000000, 0.000000000000000000, 1.000000000000000000 ) ) ;
#1021 = EDGE_LOOP ( 'NONE', ( #1120, #463, #715, #649, #1191, #601, #956, #886, #1572, #793, #966, #337 ) ) ;
#1022 = DIRECTION ( 'NONE',  ( 1.000000000000000000, -4.818676322157799347E-16, 0.000000000000000000 ) ) ;
#1023 = FACE_OUTER_BOUND ( 'NONE', #496, .T. ) ;
#1024 = ADVANCED_FACE ( 'NONE', ( #1180 ), #1039, .F. ) ;
#1025 = ORIENTED_EDGE ( 'NONE', *, *, #1135, .F. ) ;
#1026 = LINE ( 'NONE', #1253, #297 ) ;
#1027 = CARTESIAN_POINT ( 'NONE',  ( -16.63499999999999801, 1.364999999999996438, 0.8824999999999999512 ) ) ;
#1028 = ORIENTED_EDGE ( 'NONE', *, *, #490, .T. ) ;
#1029 = DIRECTION ( 'NONE',  ( 0.000000000000000000, 1.000000000000000000, 0.000000000000000000 ) ) ;
#1030 = FACE_OUTER_BOUND ( 'NONE', #1189, .T. ) ;
#1031 = ORIENTED_EDGE ( 'NONE', *, *, #507, .T. ) ;
#1032 = VECTOR ( 'NONE', #479, 100.0000000000000000 ) ;
#1033 = FACE_OUTER_BOUND ( 'NONE', #370, .T. ) ;
#1034 = DIRECTION ( 'NONE',  ( -1.000000000000000000, -2.312964634635742957E-16, 0.000000000000000000 ) ) ;
#1035 = ORIENTED_EDGE ( 'NONE', *, *, #460, .T. ) ;
#1036 = DIRECTION ( 'NONE',  ( -4.818676322157798361E-16, -1.000000000000000000, 0.000000000000000000 ) ) ;
#1037 = PLANE ( 'NONE',  #1130 ) ;
#1038 = ORIENTED_EDGE ( 'NONE', *, *, #1326, .T. ) ;
#1039 = PLANE ( 'NONE',  #1525 ) ;
#1040 = EDGE_CURVE ( 'NONE', #880, #1579, #862, .T. ) ;
#1041 = DIRECTION ( 'NONE',  ( 1.000000000000000000, -4.818676322157798361E-16, 0.000000000000000000 ) ) ;
#1042 = ORIENTED_EDGE ( 'NONE', *, *, #1212, .F. ) ;
#1043 = CARTESIAN_POINT ( 'NONE',  ( 2.000000000000000444, -0.4099999999999999201, 0.7000000000000000666 ) ) ;
#1044 = FACE_OUTER_BOUND ( 'NONE', #625, .T. ) ;
#1045 = VECTOR ( 'NONE', #1206, 100.0000000000000000 ) ;
#1046 = ORIENTED_EDGE ( 'NONE', *, *, #765, .T. ) ;
#1047 = PLANE ( 'NONE',  #993 ) ;
#1048 = DIRECTION ( 'NONE',  ( -1.000000000000000000, 0.000000000000000000, 0.000000000000000000 ) ) ;
#1049 = ORIENTED_EDGE ( 'NONE', *, *, #1582, .T. ) ;
#1050 = EDGE_CURVE ( 'NONE', #1569, #1445, #1063, .T. ) ;
#1051 = CARTESIAN_POINT ( 'NONE',  ( -1.199999999999999956, -0.7679571668975725407, 0.7000000000000000666 ) ) ;
#1052 = DIRECTION ( 'NONE',  ( -0.000000000000000000, 0.000000000000000000, 1.000000000000000000 ) ) ;
#1053 = EDGE_LOOP ( 'NONE', ( #364, #941, #1546, #1316 ) ) ;
#1054 = DIRECTION ( 'NONE',  ( -1.249637081581196951E-16, 1.000000000000000000, -0.000000000000000000 ) ) ;
#1055 = AXIS2_PLACEMENT_3D ( 'NONE', #1005, #1265, #648 ) ;
#1056 = VECTOR ( 'NONE', #939, 100.0000000000000000 ) ;
#1057 = DIRECTION ( 'NONE',  ( 0.000000000000000000, -1.000000000000000000, 0.000000000000000000 ) ) ;
#1058 = EDGE_CURVE ( 'NONE', #352, #1569, #1165, .T. ) ;
#1059 = ORIENTED_EDGE ( 'NONE', *, *, #527, .F. ) ;
#1060 = CARTESIAN_POINT ( 'NONE',  ( -2.000000000000000888, 1.499999999999999334, 0.000000000000000000 ) ) ;
#1061 = ORIENTED_EDGE ( 'NONE', *, *, #321, .T. ) ;
#1062 = ADVANCED_FACE ( 'NONE', ( #1147 ), #663, .F. ) ;
#1063 = LINE ( 'NONE', #299, #166 ) ;
#1064 = CARTESIAN_POINT ( 'NONE',  ( 0.7679571668975722076, 1.199999999999999956, 1.199999999999999956 ) ) ;
#1065 = EDGE_LOOP ( 'NONE', ( #875, #85, #1584, #1372, #685 ) ) ;
#1066 = CARTESIAN_POINT ( 'NONE',  ( 1.365000000000002212, -1.365000000000000213, 1.199999999999999956 ) ) ;
#1067 = DIRECTION ( 'NONE',  ( 1.000000000000000000, -4.818676322157799347E-16, 0.000000000000000000 ) ) ;
#1068 = VECTOR ( 'NONE', #83, 100.0000000000000000 ) ;
#1069 = ORIENTED_EDGE ( 'NONE', *, *, #1540, .F. ) ;
#1070 = EDGE_CURVE ( 'NONE', #1481, #1524, #1428, .T. ) ;
#1071 = PLANE ( 'NONE',  #933 ) ;
#1072 = AXIS2_PLACEMENT_3D ( 'NONE', #225, #3, #1215 ) ;
#1073 = CARTESIAN_POINT ( 'NONE',  ( -2.000000000000000000, -1.500000000000000888, 0.8824999999999999512 ) ) ;
#1074 = VERTEX_POINT ( 'NONE', #1406 ) ;
#1075 = DIRECTION ( 'NONE',  ( 4.818676322157799347E-16, -1.000000000000000000, 0.000000000000000000 ) ) ;
#1076 = LINE ( 'NONE', #1308, #535 ) ;
#1077 = ORIENTED_EDGE ( 'NONE', *, *, #9, .F. ) ;
#1078 = ORIENTED_EDGE ( 'NONE', *, *, #507, .F. ) ;
#1079 = VECTOR ( 'NONE', #1293, 100.0000000000000142 ) ;
#1080 = LINE ( 'NONE', #1073, #140 ) ;
#1081 = ORIENTED_EDGE ( 'NONE', *, *, #1087, .F. ) ;
#1082 = DIRECTION ( 'NONE',  ( -0.8660254037844360431, -0.5000000000000045519, 0.000000000000000000 ) ) ;
#1083 = EDGE_CURVE ( 'NONE', #582, #51, #567, .T. ) ;
#1084 = CARTESIAN_POINT ( 'NONE',  ( 0.7679571668975722076, 1.199999999999999956, 0.7000000000000000666 ) ) ;
#1085 = DIRECTION ( 'NONE',  ( 0.000000000000000000, 1.000000000000000000, 0.000000000000000000 ) ) ;
#1086 = VERTEX_POINT ( 'NONE', #678 ) ;
#1087 = EDGE_CURVE ( 'NONE', #214, #526, #447, .T. ) ;
#1088 = CARTESIAN_POINT ( 'NONE',  ( 1.365000000000002212, -1.999999999999999112, 1.199999999999999956 ) ) ;
#1089 = EDGE_LOOP ( 'NONE', ( #1239, #831, #811, #67 ) ) ;
#1090 = CARTESIAN_POINT ( 'NONE',  ( 2.000000000000000000, 1.500000000000000222, 0.8824999999999999512 ) ) ;
#1091 = FACE_OUTER_BOUND ( 'NONE', #1508, .T. ) ;
#1092 = EDGE_LOOP ( 'NONE', ( #1489, #134, #412, #477, #951, #4, #1104, #905, #1138, #398, #1282, #11 ) ) ;
#1093 = CARTESIAN_POINT ( 'NONE',  ( 1.820000000000000506, 0.4100000000000000311, 1.199999999999999956 ) ) ;
#1094 = ORIENTED_EDGE ( 'NONE', *, *, #460, .F. ) ;
#1095 = EDGE_CURVE ( 'NONE', #1317, #1074, #670, .T. ) ;
#1096 = DIRECTION ( 'NONE',  ( -2.312964634635742957E-16, 1.000000000000000000, 0.000000000000000000 ) ) ;
#1097 = LINE ( 'NONE', #1229, #155 ) ;
#1098 = LINE ( 'NONE', #1221, #16 ) ;
#1099 = ORIENTED_EDGE ( 'NONE', *, *, #344, .T. ) ;
#1100 = ADVANCED_FACE ( 'NONE', ( #1526 ), #800, .F. ) ;
#1101 = LINE ( 'NONE', #593, #1395 ) ;
#1102 = ORIENTED_EDGE ( 'NONE', *, *, #18, .F. ) ;
#1103 = AXIS2_PLACEMENT_3D ( 'NONE', #342, #444, #700 ) ;
#1104 = ORIENTED_EDGE ( 'NONE', *, *, #1570, .F. ) ;
#1105 = DIRECTION ( 'NONE',  ( -4.818676322157799347E-16, -1.000000000000000000, 0.000000000000000000 ) ) ;
#1106 = EDGE_CURVE ( 'NONE', #1431, #688, #532, .T. ) ;
#1107 = CARTESIAN_POINT ( 'NONE',  ( 0.4100000000000001976, -1.820000000000000506, 1.199999999999999956 ) ) ;
#1108 = ORIENTED_EDGE ( 'NONE', *, *, #722, .T. ) ;
#1109 = DIRECTION ( 'NONE',  ( -0.8660254037844362651, 0.5000000000000042188, 0.000000000000000000 ) ) ;
#1110 = ORIENTED_EDGE ( 'NONE', *, *, #641, .T. ) ;
#1111 = DIRECTION ( 'NONE',  ( -0.000000000000000000, 0.000000000000000000, 1.000000000000000000 ) ) ;
#1112 = PLANE ( 'NONE',  #436 ) ;
#1113 = VECTOR ( 'NONE', #1111, 100.0000000000000000 ) ;
#1114 = VECTOR ( 'NONE', #619, 100.0000000000000000 ) ;
#1115 = ADVANCED_FACE ( 'NONE', ( #1033 ), #1047, .F. ) ;
#1116 = DIRECTION ( 'NONE',  ( 0.8660254037844362651, 0.5000000000000043299, 0.000000000000000000 ) ) ;
#1117 = VECTOR ( 'NONE', #1358, 100.0000000000000000 ) ;
#1118 = ORIENTED_EDGE ( 'NONE', *, *, #926, .F. ) ;
#1119 = DIRECTION ( 'NONE',  ( 4.818676322157799347E-16, -1.000000000000000000, 0.000000000000000000 ) ) ;
#1120 = ORIENTED_EDGE ( 'NONE', *, *, #1135, .T. ) ;
#1121 = CYLINDRICAL_SURFACE ( 'NONE', #1385, 2.500000000000000000 ) ;
#1122 = CARTESIAN_POINT ( 'NONE',  ( 0.4100000000000000311, 2.000000000000000444, 0.7000000000000000666 ) ) ;
#1123 = VECTOR ( 'NONE', #1075, 100.0000000000000000 ) ;
#1124 = DIRECTION ( 'NONE',  ( -2.258880508902365962E-16, 1.000000000000000000, -0.000000000000000000 ) ) ;
#1125 = CARTESIAN_POINT ( 'NONE',  ( -1.364999999999998215, 2.000000000000000444, 0.8824999999999999512 ) ) ;
#1126 = ORIENTED_EDGE ( 'NONE', *, *, #995, .T. ) ;
#1127 = CARTESIAN_POINT ( 'NONE',  ( -0.7679571668975722076, 1.199999999999999956, 0.7000000000000000666 ) ) ;
#1128 = CARTESIAN_POINT ( 'NONE',  ( 3.796405077356794548E-17, 0.3099999999999999978, 0.000000000000000000 ) ) ;
#1129 = AXIS2_PLACEMENT_3D ( 'NONE', #1407, #1048, #823 ) ;
#1130 = AXIS2_PLACEMENT_3D ( 'NONE', #1143, #1500, #892 ) ;
#1131 = ORIENTED_EDGE ( 'NONE', *, *, #15, .T. ) ;
#1132 = LINE ( 'NONE', #630, #704 ) ;
#1133 = DIRECTION ( 'NONE',  ( -4.818676322157799347E-16, -1.000000000000000000, 0.000000000000000000 ) ) ;
#1134 = ORIENTED_EDGE ( 'NONE', *, *, #855, .T. ) ;
#1135 = EDGE_CURVE ( 'NONE', #28, #1207, #816, .T. ) ;
#1136 = DIRECTION ( 'NONE',  ( -4.818676322157799347E-16, 1.000000000000000000, 0.000000000000000000 ) ) ;
#1137 = DIRECTION ( 'NONE',  ( 0.000000000000000000, -1.000000000000000000, 0.000000000000000000 ) ) ;
#1138 = ORIENTED_EDGE ( 'NONE', *, *, #623, .T. ) ;
#1139 = FACE_OUTER_BOUND ( 'NONE', #404, .T. ) ;
#1140 = LINE ( 'NONE', #41, #358 ) ;
#1141 = ORIENTED_EDGE ( 'NONE', *, *, #1509, .T. ) ;
#1142 = CARTESIAN_POINT ( 'NONE',  ( 0.4100000000000003086, -2.000000000000000444, 0.7000000000000000666 ) ) ;
#1143 = CARTESIAN_POINT ( 'NONE',  ( 16.63499999999999801, -1.364999999999998437, 0.8824999999999999512 ) ) ;
#1144 = CIRCLE ( 'NONE', #245, 2.500000000000000000 ) ;
#1145 = ORIENTED_EDGE ( 'NONE', *, *, #1559, .F. ) ;
#1146 = AXIS2_PLACEMENT_3D ( 'NONE', #20, #759, #874 ) ;
#1147 = FACE_OUTER_BOUND ( 'NONE', #944, .T. ) ;
#1148 = EDGE_CURVE ( 'NONE', #530, #1524, #323, .T. ) ;
#1149 = CARTESIAN_POINT ( 'NONE',  ( 0.4099999999999999201, 1.820000000000000506, 1.199999999999999956 ) ) ;
#1150 = ORIENTED_EDGE ( 'NONE', *, *, #1440, .T. ) ;
#1151 = EDGE_CURVE ( 'NONE', #106, #1494, #1544, .T. ) ;
#1152 = VECTOR ( 'NONE', #833, 100.0000000000000000 ) ;
#1153 = EDGE_CURVE ( 'NONE', #634, #684, #947, .T. ) ;
#1154 = CARTESIAN_POINT ( 'NONE',  ( -0.4099999999999997535, -2.000000000000000444, 0.7000000000000000666 ) ) ;
#1155 = CARTESIAN_POINT ( 'NONE',  ( 0.000000000000000000, 0.000000000000000000, 0.8824999999999999512 ) ) ;
#1156 = AXIS2_PLACEMENT_3D ( 'NONE', #195, #1177, #1425 ) ;
#1157 = ORIENTED_EDGE ( 'NONE', *, *, #1083, .T. ) ;
#1158 = EDGE_CURVE ( 'NONE', #1427, #265, #1414, .T. ) ;
#1159 = CARTESIAN_POINT ( 'NONE',  ( 2.000000000000000444, 1.500000000000000666, 0.8824999999999999512 ) ) ;
#1160 = CARTESIAN_POINT ( 'NONE',  ( 0.000000000000000000, 0.000000000000000000, 1.199999999999999956 ) ) ;
#1161 = ORIENTED_EDGE ( 'NONE', *, *, #801, .T. ) ;
#1162 = DIRECTION ( 'NONE',  ( 0.8660254037844362651, -0.5000000000000039968, 0.000000000000000000 ) ) ;
#1163 = DIRECTION ( 'NONE',  ( 0.000000000000000000, -1.000000000000000000, 0.000000000000000000 ) ) ;
#1164 = ORIENTED_EDGE ( 'NONE', *, *, #440, .T. ) ;
#1165 = LINE ( 'NONE', #1551, #1068 ) ;
#1166 = EDGE_CURVE ( 'NONE', #512, #346, #1422, .T. ) ;
#1167 = FACE_OUTER_BOUND ( 'NONE', #946, .T. ) ;
#1168 = VERTEX_POINT ( 'NONE', #24 ) ;
#1169 = DIRECTION ( 'NONE',  ( -1.000000000000000000, 4.818676322157799347E-16, -0.000000000000000000 ) ) ;
#1170 = DIRECTION ( 'NONE',  ( 0.8660254037844362651, -0.5000000000000039968, 0.000000000000000000 ) ) ;
#1171 = AXIS2_PLACEMENT_3D ( 'NONE', #467, #345, #577 ) ;
#1172 = EDGE_LOOP ( 'NONE', ( #566, #118, #807, #835 ) ) ;
#1173 = CARTESIAN_POINT ( 'NONE',  ( -1.500000000000000222, 2.000000000000000444, 0.000000000000000000 ) ) ;
#1174 = CARTESIAN_POINT ( 'NONE',  ( 1.364999999999999991, 1.364999999999998215, 0.8824999999999999512 ) ) ;
#1175 = EDGE_LOOP ( 'NONE', ( #595, #585 ) ) ;
#1176 = EDGE_CURVE ( 'NONE', #880, #1521, #628, .T. ) ;
#1177 = DIRECTION ( 'NONE',  ( 0.000000000000000000, 0.000000000000000000, -1.000000000000000000 ) ) ;
#1178 = FACE_OUTER_BOUND ( 'NONE', #129, .T. ) ;
#1179 = ORIENTED_EDGE ( 'NONE', *, *, #386, .T. ) ;
#1180 = FACE_OUTER_BOUND ( 'NONE', #1263, .T. ) ;
#1181 = AXIS2_PLACEMENT_3D ( 'NONE', #888, #1020, #1256 ) ;
#1182 = COLOUR_RGB ( '',0.7921568627450980005, 0.8196078431372548767, 0.9333333333333333481 ) ;
#1183 = DIRECTION ( 'NONE',  ( -0.000000000000000000, 0.000000000000000000, 1.000000000000000000 ) ) ;
#1184 = EDGE_LOOP ( 'NONE', ( #1081, #538, #318, #1252 ) ) ;
#1185 = DIRECTION ( 'NONE',  ( -0.000000000000000000, 0.000000000000000000, 1.000000000000000000 ) ) ;
#1186 = EDGE_CURVE ( 'NONE', #1298, #900, #1589, .T. ) ;
#1187 = ORIENTED_EDGE ( 'NONE', *, *, #1095, .T. ) ;
#1188 = FACE_OUTER_BOUND ( 'NONE', #522, .T. ) ;
#1189 = EDGE_LOOP ( 'NONE', ( #923, #796, #1134, #242, #760 ) ) ;
#1190 = FACE_BOUND ( 'NONE', #1175, .T. ) ;
#1191 = ORIENTED_EDGE ( 'NONE', *, *, #281, .F. ) ;
#1192 = VECTOR ( 'NONE', #1382, 100.0000000000000000 ) ;
#1193 = DIRECTION ( 'NONE',  ( 0.000000000000000000, 0.000000000000000000, -1.000000000000000000 ) ) ;
#1194 = DIRECTION ( 'NONE',  ( -0.000000000000000000, 0.000000000000000000, 1.000000000000000000 ) ) ;
#1195 = VECTOR ( 'NONE', #63, 100.0000000000000000 ) ;
#1196 = ORIENTED_EDGE ( 'NONE', *, *, #1470, .T. ) ;
#1197 = ORIENTED_EDGE ( 'NONE', *, *, #1580, .T. ) ;
#1198 = VECTOR ( 'NONE', #598, 100.0000000000000142 ) ;
#1199 = ADVANCED_FACE ( 'NONE', ( #854 ), #262, .F. ) ;
#1200 = LINE ( 'NONE', #1349, #1527 ) ;
#1201 = EDGE_LOOP ( 'NONE', ( #519, #1463, #781, #666, #1118 ) ) ;
#1202 = CARTESIAN_POINT ( 'NONE',  ( 1.365000000000002212, -16.63499999999999801, 0.8824999999999999512 ) ) ;
#1203 = LINE ( 'NONE', #312, #1079 ) ;
#1204 = ORIENTED_EDGE ( 'NONE', *, *, #1509, .F. ) ;
#1205 = EDGE_CURVE ( 'NONE', #530, #78, #1310, .T. ) ;
#1206 = DIRECTION ( 'NONE',  ( -1.000000000000000000, -4.818676322157799347E-16, 0.000000000000000000 ) ) ;
#1207 = VERTEX_POINT ( 'NONE', #1356 ) ;
#1208 = VECTOR ( 'NONE', #870, 100.0000000000000000 ) ;
#1209 = LINE ( 'NONE', #1202, #949 ) ;
#1210 = PRODUCT_CONTEXT ( 'NONE', #1219, 'mechanical' ) ;
#1211 = CARTESIAN_POINT ( 'NONE',  ( -2.000000000000000000, -1.500000000000000888, 0.000000000000000000 ) ) ;
#1212 = EDGE_CURVE ( 'NONE', #512, #1486, #754, .T. ) ;
#1213 = CARTESIAN_POINT ( 'NONE',  ( 2.000000000000000444, 1.500000000000000666, 0.000000000000000000 ) ) ;
#1214 = EDGE_LOOP ( 'NONE', ( #1187, #1102, #1453, #315 ) ) ;
#1215 = DIRECTION ( 'NONE',  ( 0.000000000000000000, 1.000000000000000000, 0.000000000000000000 ) ) ;
#1216 = ORIENTED_EDGE ( 'NONE', *, *, #151, .F. ) ;
#1217 = DIRECTION ( 'NONE',  ( 0.000000000000000000, -1.000000000000000000, 0.000000000000000000 ) ) ;
#1218 = LINE ( 'NONE', #1484, #1288 ) ;
#1219 = APPLICATION_CONTEXT ( 'automotive_design' ) ;
#1220 = ADVANCED_FACE ( 'NONE', ( #575 ), #1112, .F. ) ;
#1221 = CARTESIAN_POINT ( 'NONE',  ( -1.365000000000000213, -2.000000000000000888, 0.000000000000000000 ) ) ;
#1222 = ORIENTED_EDGE ( 'NONE', *, *, #1333, .T. ) ;
#1223 = CARTESIAN_POINT ( 'NONE',  ( -2.000000000000000888, 1.499999999999999112, 0.8824999999999999512 ) ) ;
#1224 = DIRECTION ( 'NONE',  ( 0.000000000000000000, -1.000000000000000000, 0.000000000000000000 ) ) ;
#1225 = ORIENTED_EDGE ( 'NONE', *, *, #747, .F. ) ;
#1226 = ADVANCED_FACE ( 'NONE', ( #366 ), #1071, .F. ) ;
#1227 = VECTOR ( 'NONE', #586, 100.0000000000000000 ) ;
#1228 = CARTESIAN_POINT ( 'NONE',  ( 1.199999999999999956, 0.7679571668975723187, 0.7000000000000000666 ) ) ;
#1229 = CARTESIAN_POINT ( 'NONE',  ( -0.7679571668975720966, -1.200000000000000178, 0.7000000000000000666 ) ) ;
#1230 = DIRECTION ( 'NONE',  ( 0.000000000000000000, -1.000000000000000000, 0.000000000000000000 ) ) ;
#1231 = ORIENTED_EDGE ( 'NONE', *, *, #1158, .T. ) ;
#1232 = FACE_OUTER_BOUND ( 'NONE', #1089, .T. ) ;
#1233 = ORIENTED_EDGE ( 'NONE', *, *, #903, .T. ) ;
#1234 = AXIS2_PLACEMENT_3D ( 'NONE', #820, #936, #459 ) ;
#1235 = LINE ( 'NONE', #1476, #1255 ) ;
#1236 = EDGE_CURVE ( 'NONE', #1301, #634, #738, .T. ) ;
#1237 = DIRECTION ( 'NONE',  ( 0.5000000000000045519, -0.8660254037844360431, 0.000000000000000000 ) ) ;
#1238 = LINE ( 'NONE', #280, #1114 ) ;
#1239 = ORIENTED_EDGE ( 'NONE', *, *, #98, .T. ) ;
#1240 = DIRECTION ( 'NONE',  ( -0.000000000000000000, 0.000000000000000000, 1.000000000000000000 ) ) ;
#1241 = ORIENTED_EDGE ( 'NONE', *, *, #414, .F. ) ;
#1242 = FACE_OUTER_BOUND ( 'NONE', #889, .T. ) ;
#1243 = DIRECTION ( 'NONE',  ( -1.817653936845376936E-16, 1.000000000000000000, 0.000000000000000000 ) ) ;
#1244 = VECTOR ( 'NONE', #1332, 100.0000000000000000 ) ;
#1245 = LINE ( 'NONE', #142, #913 ) ;
#1246 = VECTOR ( 'NONE', #963, 100.0000000000000000 ) ;
#1247 = ADVANCED_FACE ( 'NONE', ( #1188 ), #730, .F. ) ;
#1248 = PLANE ( 'NONE',  #1055 ) ;
#1249 = ORIENTED_EDGE ( 'NONE', *, *, #230, .F. ) ;
#1250 = CARTESIAN_POINT ( 'NONE',  ( -1.500000000000000222, 2.000000000000000444, 0.000000000000000000 ) ) ;
#1251 = CARTESIAN_POINT ( 'NONE',  ( 0.4100000000000000311, 2.000000000000000444, 1.199999999999999956 ) ) ;
#1252 = ORIENTED_EDGE ( 'NONE', *, *, #15, .F. ) ;
#1253 = CARTESIAN_POINT ( 'NONE',  ( -2.000000000000000444, 0.4099999999999996980, 0.7000000000000000666 ) ) ;
#1254 = ADVANCED_FACE ( 'NONE', ( #1562 ), #1348, .F. ) ;
#1255 = VECTOR ( 'NONE', #472, 100.0000000000000000 ) ;
#1256 = DIRECTION ( 'NONE',  ( 0.000000000000000000, -1.000000000000000000, 0.000000000000000000 ) ) ;
#1257 = ORIENTED_EDGE ( 'NONE', *, *, #1236, .F. ) ;
#1258 = FACE_OUTER_BOUND ( 'NONE', #1501, .T. ) ;
#1259 = CARTESIAN_POINT ( 'NONE',  ( -16.63499999999999801, -1.364999999999999103, 0.8824999999999999512 ) ) ;
#1260 = VECTOR ( 'NONE', #1034, 100.0000000000000000 ) ;
#1261 = VECTOR ( 'NONE', #1376, 100.0000000000000000 ) ;
#1262 = AXIS2_PLACEMENT_3D ( 'NONE', #957, #1457, #91 ) ;
#1263 = EDGE_LOOP ( 'NONE', ( #542, #279, #1336, #1568 ) ) ;
#1264 = DIRECTION ( 'NONE',  ( -2.258880508902365962E-16, 1.000000000000000000, 0.000000000000000000 ) ) ;
#1265 = DIRECTION ( 'NONE',  ( -0.5000000000000045519, 0.8660254037844360431, 0.000000000000000000 ) ) ;
#1266 = ORIENTED_EDGE ( 'NONE', *, *, #369, .F. ) ;
#1267 = CARTESIAN_POINT ( 'NONE',  ( -0.4100000000000000311, 2.000000000000000444, 0.7000000000000000666 ) ) ;
#1268 = CARTESIAN_POINT ( 'NONE',  ( -0.4099999999999999201, 1.820000000000000506, 1.199999999999999956 ) ) ;
#1269 = EDGE_CURVE ( 'NONE', #1301, #1517, #604, .T. ) ;
#1270 = ORIENTED_EDGE ( 'NONE', *, *, #1176, .T. ) ;
#1271 = VECTOR ( 'NONE', #168, 100.0000000000000142 ) ;
#1272 = CARTESIAN_POINT ( 'NONE',  ( 2.000000000000000444, 1.500000000000000666, 1.199999999999999956 ) ) ;
#1273 = CARTESIAN_POINT ( 'NONE',  ( -1.500000000000000222, 2.000000000000000444, 0.000000000000000000 ) ) ;
#1274 = ORIENTED_EDGE ( 'NONE', *, *, #300, .T. ) ;
#1275 = LINE ( 'NONE', #1370, #359 ) ;
#1276 = DIRECTION ( 'NONE',  ( -2.312964634635742957E-16, 1.000000000000000000, 0.000000000000000000 ) ) ;
#1277 = EDGE_CURVE ( 'NONE', #159, #148, #1218, .T. ) ;
#1278 = VERTEX_POINT ( 'NONE', #383 ) ;
#1279 = DIRECTION ( 'NONE',  ( 0.000000000000000000, -1.000000000000000000, 0.000000000000000000 ) ) ;
#1280 = ORIENTED_EDGE ( 'NONE', *, *, #1070, .F. ) ;
#1281 = CARTESIAN_POINT ( 'NONE',  ( 0.000000000000000000, 0.000000000000000000, 0.000000000000000000 ) ) ;
#1282 = ORIENTED_EDGE ( 'NONE', *, *, #1158, .F. ) ;
#1283 = DIRECTION ( 'NONE',  ( 1.000000000000000000, 0.000000000000000000, 0.000000000000000000 ) ) ;
#1284 = CARTESIAN_POINT ( 'NONE',  ( -1.820000000000000506, -0.4100000000000003086, 1.199999999999999956 ) ) ;
#1285 = EDGE_CURVE ( 'NONE', #661, #503, #122, .T. ) ;
#1286 = AXIS2_PLACEMENT_3D ( 'NONE', #119, #470, #107 ) ;
#1287 = ORIENTED_EDGE ( 'NONE', *, *, #765, .F. ) ;
#1288 = VECTOR ( 'NONE', #1105, 100.0000000000000000 ) ;
#1289 = DIRECTION ( 'NONE',  ( -0.5000000000000042188, -0.8660254037844362651, 0.000000000000000000 ) ) ;
#1290 = DIRECTION ( 'NONE',  ( 0.8660254037844362651, -0.5000000000000039968, 0.000000000000000000 ) ) ;
#1291 = ORIENTED_EDGE ( 'NONE', *, *, #1186, .F. ) ;
#1292 = CARTESIAN_POINT ( 'NONE',  ( 0.000000000000000000, 0.000000000000000000, 0.8824999999999999512 ) ) ;
#1293 = DIRECTION ( 'NONE',  ( 0.5000000000000039968, 0.8660254037844362651, 0.000000000000000000 ) ) ;
#1294 = ORIENTED_EDGE ( 'NONE', *, *, #252, .F. ) ;
#1295 = CARTESIAN_POINT ( 'NONE',  ( -0.4099999999999997535, -2.000000000000000444, 0.7000000000000000666 ) ) ;
#1296 = EDGE_CURVE ( 'NONE', #661, #1331, #1097, .T. ) ;
#1297 = CARTESIAN_POINT ( 'NONE',  ( 1.500000000000000666, -2.000000000000000000, 1.199999999999999956 ) ) ;
#1298 = VERTEX_POINT ( 'NONE', #6 ) ;
#1299 = LINE ( 'NONE', #682, #1123 ) ;
#1300 = CARTESIAN_POINT ( 'NONE',  ( -0.4099999999999999201, 1.820000000000000506, 0.7000000000000000666 ) ) ;
#1301 = VERTEX_POINT ( 'NONE', #991 ) ;
#1302 = EDGE_LOOP ( 'NONE', ( #1274, #578, #1541, #385, #1126, #556 ) ) ;
#1303 = CARTESIAN_POINT ( 'NONE',  ( 1.500000000000000666, -2.000000000000000000, 0.8824999999999999512 ) ) ;
#1304 = APPLICATION_CONTEXT ( 'automotive_design' ) ;
#1305 = DIRECTION ( 'NONE',  ( 3.067291018426574134E-16, -1.000000000000000000, 0.000000000000000000 ) ) ;
#1306 = ORIENTED_EDGE ( 'NONE', *, *, #841, .F. ) ;
#1307 = LINE ( 'NONE', #486, #1487 ) ;
#1308 = CARTESIAN_POINT ( 'NONE',  ( -1.820000000000000506, -0.4100000000000003086, 0.7000000000000000666 ) ) ;
#1309 = ORIENTED_EDGE ( 'NONE', *, *, #157, .F. ) ;
#1310 = LINE ( 'NONE', #695, #1032 ) ;
#1311 = VECTOR ( 'NONE', #270, 100.0000000000000000 ) ;
#1312 = CARTESIAN_POINT ( 'NONE',  ( -0.4099999999999999201, 1.820000000000000506, 0.7000000000000000666 ) ) ;
#1313 = ORIENTED_EDGE ( 'NONE', *, *, #808, .F. ) ;
#1314 = DIRECTION ( 'NONE',  ( -1.817653936845376936E-16, 1.000000000000000000, 0.000000000000000000 ) ) ;
#1315 = CARTESIAN_POINT ( 'NONE',  ( -1.365000000000000213, -1.364999999999997993, 0.8824999999999999512 ) ) ;
#1316 = ORIENTED_EDGE ( 'NONE', *, *, #124, .T. ) ;
#1317 = VERTEX_POINT ( 'NONE', #254 ) ;
#1318 = CARTESIAN_POINT ( 'NONE',  ( -1.365000000000000213, -1.364999999999997993, 1.199999999999999956 ) ) ;
#1319 = EDGE_CURVE ( 'NONE', #468, #1481, #131, .T. ) ;
#1320 = ORIENTED_EDGE ( 'NONE', *, *, #903, .F. ) ;
#1321 = VECTOR ( 'NONE', #478, 100.0000000000000000 ) ;
#1322 = DIRECTION ( 'NONE',  ( -1.000000000000000000, -6.816202263170164742E-17, 0.000000000000000000 ) ) ;
#1323 = LINE ( 'NONE', #554, #308 ) ;
#1324 = VECTOR ( 'NONE', #879, 100.0000000000000000 ) ;
#1325 = ORIENTED_EDGE ( 'NONE', *, *, #724, .T. ) ;
#1326 = EDGE_CURVE ( 'NONE', #1381, #749, #14, .T. ) ;
#1327 = VECTOR ( 'NONE', #1085, 100.0000000000000000 ) ;
#1328 = LINE ( 'NONE', #1213, #838 ) ;
#1329 = VERTEX_POINT ( 'NONE', #1371 ) ;
#1330 = CYLINDRICAL_SURFACE ( 'NONE', #1072, 2.500000000000000000 ) ;
#1331 = VERTEX_POINT ( 'NONE', #783 ) ;
#1332 = DIRECTION ( 'NONE',  ( -0.000000000000000000, 0.000000000000000000, 1.000000000000000000 ) ) ;
#1333 = EDGE_CURVE ( 'NONE', #1517, #684, #899, .T. ) ;
#1334 = CARTESIAN_POINT ( 'NONE',  ( 1.199999999999999956, -0.7679571668975722076, 0.7000000000000000666 ) ) ;
#1335 = VECTOR ( 'NONE', #1305, 100.0000000000000000 ) ;
#1336 = ORIENTED_EDGE ( 'NONE', *, *, #702, .F. ) ;
#1337 = VECTOR ( 'NONE', #984, 100.0000000000000000 ) ;
#1338 = DIRECTION ( 'NONE',  ( 0.000000000000000000, -1.000000000000000000, 0.000000000000000000 ) ) ;
#1339 = EDGE_LOOP ( 'NONE', ( #458, #959, #428, #1035 ) ) ;
#1340 = LINE ( 'NONE', #103, #836 ) ;
#1341 = CARTESIAN_POINT ( 'NONE',  ( -1.364999999999997549, -16.63499999999999801, 0.8824999999999999512 ) ) ;
#1342 = CARTESIAN_POINT ( 'NONE',  ( 1.820000000000000506, -0.4099999999999998646, 0.7000000000000000666 ) ) ;
#1343 = EDGE_CURVE ( 'NONE', #799, #962, #182, .T. ) ;
#1344 = ORIENTED_EDGE ( 'NONE', *, *, #641, .F. ) ;
#1345 = CARTESIAN_POINT ( 'NONE',  ( -1.499999999999999334, -2.000000000000000888, 0.8824999999999999512 ) ) ;
#1346 = EDGE_LOOP ( 'NONE', ( #559, #784, #267, #1197, #1025 ) ) ;
#1347 = LINE ( 'NONE', #609, #621 ) ;
#1348 = PLANE ( 'NONE',  #1465 ) ;
#1349 = CARTESIAN_POINT ( 'NONE',  ( 1.364999999999995328, 16.63499999999999801, 1.199999999999999956 ) ) ;
#1350 = ORIENTED_EDGE ( 'NONE', *, *, #9, .T. ) ;
#1351 = EDGE_CURVE ( 'NONE', #1486, #1555, #304, .T. ) ;
#1352 = DIRECTION ( 'NONE',  ( -2.258880508902365962E-16, 1.000000000000000000, 0.000000000000000000 ) ) ;
#1353 = ORIENTED_EDGE ( 'NONE', *, *, #1205, .T. ) ;
#1354 = VECTOR ( 'NONE', #1119, 100.0000000000000000 ) ;
#1355 = DIRECTION ( 'NONE',  ( -0.000000000000000000, 0.000000000000000000, 1.000000000000000000 ) ) ;
#1356 = CARTESIAN_POINT ( 'NONE',  ( 2.000000000000001776, 1.364999999999998437, 0.8824999999999999512 ) ) ;
#1357 = VECTOR ( 'NONE', #1052, 100.0000000000000000 ) ;
#1358 = DIRECTION ( 'NONE',  ( -0.000000000000000000, 0.000000000000000000, 1.000000000000000000 ) ) ;
#1359 = VERTEX_POINT ( 'NONE', #158 ) ;
#1360 = CARTESIAN_POINT ( 'NONE',  ( -2.000000000000000888, 1.499999999999999112, 0.000000000000000000 ) ) ;
#1361 = APPLICATION_PROTOCOL_DEFINITION ( 'draft international standard', 'automotive_design', 1998, #1304 ) ;
#1362 = ORIENTED_EDGE ( 'NONE', *, *, #1575, .T. ) ;
#1363 = LINE ( 'NONE', #999, #1113 ) ;
#1364 = DIRECTION ( 'NONE',  ( 1.000000000000000000, 1.931257307898213426E-16, 0.000000000000000000 ) ) ;
#1365 = ADVANCED_FACE ( 'NONE', ( #1030 ), #668, .T. ) ;
#1366 = CARTESIAN_POINT ( 'NONE',  ( -0.7679571668975720966, -1.200000000000000178, 0.7000000000000000666 ) ) ;
#1367 = ORIENTED_EDGE ( 'NONE', *, *, #273, .T. ) ;
#1368 = DIRECTION ( 'NONE',  ( -2.312964634635742957E-16, 1.000000000000000000, 0.000000000000000000 ) ) ;
#1369 = ORIENTED_EDGE ( 'NONE', *, *, #1499, .T. ) ;
#1370 = CARTESIAN_POINT ( 'NONE',  ( 1.365000000000002212, -2.000000000000000000, 0.000000000000000000 ) ) ;
#1371 = CARTESIAN_POINT ( 'NONE',  ( -2.000000000000001776, 1.364999999999999991, 0.8824999999999999512 ) ) ;
#1372 = ORIENTED_EDGE ( 'NONE', *, *, #1351, .T. ) ;
#1373 = DIRECTION ( 'NONE',  ( -0.000000000000000000, 0.000000000000000000, 1.000000000000000000 ) ) ;
#1374 = DIRECTION ( 'NONE',  ( -0.000000000000000000, 0.000000000000000000, 1.000000000000000000 ) ) ;
#1375 = ORIENTED_EDGE ( 'NONE', *, *, #845, .F. ) ;
#1376 = DIRECTION ( 'NONE',  ( 1.000000000000000000, 2.385670792109557660E-16, 0.000000000000000000 ) ) ;
#1377 = DIRECTION ( 'NONE',  ( -0.000000000000000000, 0.000000000000000000, 1.000000000000000000 ) ) ;
#1378 = EDGE_LOOP ( 'NONE', ( #54, #1108, #658, #859 ) ) ;
#1379 = CARTESIAN_POINT ( 'NONE',  ( 0.4100000000000001976, -1.820000000000000506, 0.7000000000000000666 ) ) ;
#1380 = LINE ( 'NONE', #1488, #1429 ) ;
#1381 = VERTEX_POINT ( 'NONE', #1128 ) ;
#1382 = DIRECTION ( 'NONE',  ( -0.000000000000000000, 0.000000000000000000, 1.000000000000000000 ) ) ;
#1383 = LINE ( 'NONE', #515, #1543 ) ;
#1384 = VECTOR ( 'NONE', #810, 100.0000000000000000 ) ;
#1385 = AXIS2_PLACEMENT_3D ( 'NONE', #528, #402, #1029 ) ;
#1386 = VECTOR ( 'NONE', #411, 100.0000000000000000 ) ;
#1387 = ORIENTED_EDGE ( 'NONE', *, *, #968, .F. ) ;
#1388 = DIRECTION ( 'NONE',  ( 1.000000000000000000, 0.000000000000000000, 0.000000000000000000 ) ) ;
#1389 = EDGE_CURVE ( 'NONE', #51, #661, #1383, .T. ) ;
#1390 = CARTESIAN_POINT ( 'NONE',  ( 0.4100000000000001976, -1.820000000000000506, 0.7000000000000000666 ) ) ;
#1391 = VERTEX_POINT ( 'NONE', #60 ) ;
#1392 = LINE ( 'NONE', #269, #62 ) ;
#1393 = CARTESIAN_POINT ( 'NONE',  ( -2.000000000000000444, 0.4099999999999996980, 0.7000000000000000666 ) ) ;
#1394 = ORIENTED_EDGE ( 'NONE', *, *, #987, .F. ) ;
#1395 = VECTOR ( 'NONE', #1082, 100.0000000000000000 ) ;
#1396 = VECTOR ( 'NONE', #647, 100.0000000000000000 ) ;
#1397 = DIRECTION ( 'NONE',  ( 0.000000000000000000, -1.000000000000000000, 0.000000000000000000 ) ) ;
#1399 = CARTESIAN_POINT ( 'NONE',  ( 0.000000000000000000, 0.000000000000000000, 0.8824999999999999512 ) ) ;
#1398 = CIRCLE ( 'NONE', #347, 0.3099999999999999978 ) ;
#1400 = ORIENTED_EDGE ( 'NONE', *, *, #426, .T. ) ;
#1401 = EDGE_CURVE ( 'NONE', #829, #1381, #777, .T. ) ;
#1402 = DIRECTION ( 'NONE',  ( 0.000000000000000000, 1.000000000000000000, 0.000000000000000000 ) ) ;
#1403 = LINE ( 'NONE', #521, #901 ) ;
#1404 = STYLED_ITEM ( 'NONE', ( #1432 ), #263 ) ;
#1405 = ORIENTED_EDGE ( 'NONE', *, *, #176, .T. ) ;
#1406 = CARTESIAN_POINT ( 'NONE',  ( -1.200000000000000178, 0.7679571668975719856, 1.199999999999999956 ) ) ;
#1407 = CARTESIAN_POINT ( 'NONE',  ( 2.000000000000000444, 1.500000000000000666, 0.000000000000000000 ) ) ;
#1408 = ORIENTED_EDGE ( 'NONE', *, *, #724, .F. ) ;
#1409 = LINE ( 'NONE', #311, #629 ) ;
#1410 = CARTESIAN_POINT ( 'NONE',  ( 1.499999999999999778, 2.000000000000000444, 0.000000000000000000 ) ) ;
#1411 = ORIENTED_EDGE ( 'NONE', *, *, #531, .F. ) ;
#1412 = VECTOR ( 'NONE', #1057, 100.0000000000000000 ) ;
#1413 = AXIS2_PLACEMENT_3D ( 'NONE', #660, #645, #544 ) ;
#1414 = LINE ( 'NONE', #1295, #1056 ) ;
#1415 = ADVANCED_FACE ( 'NONE', ( #1044 ), #651, .F. ) ;
#1416 = CARTESIAN_POINT ( 'NONE',  ( 0.7679571668975722076, 1.199999999999999956, 0.7000000000000000666 ) ) ;
#1417 = ORIENTED_EDGE ( 'NONE', *, *, #1582, .F. ) ;
#1418 = DIRECTION ( 'NONE',  ( 0.000000000000000000, 1.000000000000000000, 0.000000000000000000 ) ) ;
#1419 = CARTESIAN_POINT ( 'NONE',  ( 2.000000000000000444, -0.4099999999999999201, 0.7000000000000000666 ) ) ;
#1420 = ORIENTED_EDGE ( 'NONE', *, *, #845, .T. ) ;
#1421 = EDGE_CURVE ( 'NONE', #866, #897, #763, .T. ) ;
#1422 = LINE ( 'NONE', #1303, #509 ) ;
#1423 = DIRECTION ( 'NONE',  ( -0.8660254037844362651, 0.5000000000000042188, 0.000000000000000000 ) ) ;
#1424 = ORIENTED_EDGE ( 'NONE', *, *, #58, .T. ) ;
#1425 = DIRECTION ( 'NONE',  ( 0.000000000000000000, 1.000000000000000000, 0.000000000000000000 ) ) ;
#1426 = DIRECTION ( 'NONE',  ( 0.000000000000000000, 1.000000000000000000, 0.000000000000000000 ) ) ;
#1427 = VERTEX_POINT ( 'NONE', #147 ) ;
#1428 = LINE ( 'NONE', #1272, #494 ) ;
#1429 = VECTOR ( 'NONE', #1374, 100.0000000000000000 ) ;
#1430 = DIRECTION ( 'NONE',  ( -0.8660254037844361541, 0.5000000000000042188, 0.000000000000000000 ) ) ;
#1431 = VERTEX_POINT ( 'NONE', #1268 ) ;
#1432 = PRESENTATION_STYLE_ASSIGNMENT (( #76 ) ) ;
#1433 = DIRECTION ( 'NONE',  ( 1.000000000000000000, 0.000000000000000000, 0.000000000000000000 ) ) ;
#1434 = EDGE_CURVE ( 'NONE', #378, #1569, #37, .T. ) ;
#1435 = ORIENTED_EDGE ( 'NONE', *, *, #894, .T. ) ;
#1436 = ADVANCED_FACE ( 'NONE', ( #31 ), #1037, .F. ) ;
#1437 = CIRCLE ( 'NONE', #1103, 2.500000000000000000 ) ;
#1438 = CARTESIAN_POINT ( 'NONE',  ( -1.364999999999998215, 1.364999999999999991, 1.199999999999999956 ) ) ;
#1439 = ORIENTED_EDGE ( 'NONE', *, *, #1553, .T. ) ;
#1440 = EDGE_CURVE ( 'NONE', #643, #1301, #1403, .T. ) ;
#1441 = LINE ( 'NONE', #924, #500 ) ;
#1442 = CARTESIAN_POINT ( 'NONE',  ( 1.500000000000000444, -1.999999999999999778, 0.8824999999999999512 ) ) ;
#1443 = ORIENTED_EDGE ( 'NONE', *, *, #367, .F. ) ;
#1444 = CARTESIAN_POINT ( 'NONE',  ( -1.199999999999999956, -0.7679571668975725407, 0.7000000000000000666 ) ) ;
#1445 = VERTEX_POINT ( 'NONE', #295 ) ;
#1446 = VECTOR ( 'NONE', #488, 100.0000000000000000 ) ;
#1447 = DIRECTION ( 'NONE',  ( 0.000000000000000000, 0.000000000000000000, 1.000000000000000000 ) ) ;
#1448 = ORIENTED_EDGE ( 'NONE', *, *, #157, .T. ) ;
#1449 = ADVANCED_FACE ( 'NONE', ( #278 ), #529, .F. ) ;
#1450 = CARTESIAN_POINT ( 'NONE',  ( -1.820000000000000506, 0.4099999999999995870, 0.7000000000000000666 ) ) ;
#1451 = CIRCLE ( 'NONE', #761, 2.500000000000000000 ) ;
#1452 = CARTESIAN_POINT ( 'NONE',  ( 2.000000000000000444, 1.500000000000000666, 0.8824999999999999512 ) ) ;
#1453 = ORIENTED_EDGE ( 'NONE', *, *, #995, .F. ) ;
#1454 = DIRECTION ( 'NONE',  ( 0.000000000000000000, -1.000000000000000000, 0.000000000000000000 ) ) ;
#1455 = ORIENTED_EDGE ( 'NONE', *, *, #124, .F. ) ;
#1456 = FACE_OUTER_BOUND ( 'NONE', #767, .T. ) ;
#1457 = DIRECTION ( 'NONE',  ( -0.8660254037844362651, 0.5000000000000043299, 0.000000000000000000 ) ) ;
#1458 = VECTOR ( 'NONE', #1433, 100.0000000000000000 ) ;
#1459 = VECTOR ( 'NONE', #603, 100.0000000000000000 ) ;
#1460 = ADVANCED_FACE ( 'NONE', ( #1023 ), #1507, .F. ) ;
#1461 = LINE ( 'NONE', #223, #1198 ) ;
#1462 = AXIS2_PLACEMENT_3D ( 'NONE', #803, #325, #1290 ) ;
#1463 = ORIENTED_EDGE ( 'NONE', *, *, #1087, .T. ) ;
#1464 = AXIS2_PLACEMENT_3D ( 'NONE', #1142, #883, #410 ) ;
#1465 = AXIS2_PLACEMENT_3D ( 'NONE', #455, #356, #244 ) ;
#1466 = CARTESIAN_POINT ( 'NONE',  ( -2.000000000000000444, 0.4099999999999997535, 0.7000000000000000666 ) ) ;
#1467 = ORIENTED_EDGE ( 'NONE', *, *, #1421, .T. ) ;
#1468 = CARTESIAN_POINT ( 'NONE',  ( -1.500000000000000222, 2.000000000000000444, 0.8824999999999999512 ) ) ;
#1469 = DIRECTION ( 'NONE',  ( 0.000000000000000000, -1.000000000000000000, 0.000000000000000000 ) ) ;
#1470 = EDGE_CURVE ( 'NONE', #346, #171, #1009, .T. ) ;
#1471 = PLANE ( 'NONE',  #65 ) ;
#1472 = ORIENTED_EDGE ( 'NONE', *, *, #38, .F. ) ;
#1473 = DIRECTION ( 'NONE',  ( -0.000000000000000000, 0.000000000000000000, 1.000000000000000000 ) ) ;
#1474 = ORIENTED_EDGE ( 'NONE', *, *, #1326, .F. ) ;
#1475 = VECTOR ( 'NONE', #794, 100.0000000000000000 ) ;
#1476 = CARTESIAN_POINT ( 'NONE',  ( -2.000000000000000444, -0.4100000000000003642, 1.199999999999999956 ) ) ;
#1477 = DIRECTION ( 'NONE',  ( -0.000000000000000000, 0.000000000000000000, 1.000000000000000000 ) ) ;
#1478 = LINE ( 'NONE', #25, #92 ) ;
#1479 = ORIENTED_EDGE ( 'NONE', *, *, #926, .T. ) ;
#1480 = CARTESIAN_POINT ( 'NONE',  ( 1.364999999999999991, 1.364999999999998215, 1.199999999999999956 ) ) ;
#1481 = VERTEX_POINT ( 'NONE', #915 ) ;
#1482 = DIRECTION ( 'NONE',  ( 4.818676322157798361E-16, -1.000000000000000000, 0.000000000000000000 ) ) ;
#1483 = EDGE_CURVE ( 'NONE', #179, #1317, #798, .T. ) ;
#1484 = CARTESIAN_POINT ( 'NONE',  ( -0.4099999999999997535, -2.000000000000000444, 1.199999999999999956 ) ) ;
#1485 = LINE ( 'NONE', #133, #1117 ) ;
#1486 = VERTEX_POINT ( 'NONE', #1315 ) ;
#1487 = VECTOR ( 'NONE', #607, 100.0000000000000000 ) ;
#1488 = CARTESIAN_POINT ( 'NONE',  ( 1.365000000000002212, -1.365000000000000213, 0.8824999999999999512 ) ) ;
#1489 = ORIENTED_EDGE ( 'NONE', *, *, #149, .T. ) ;
#1490 = VECTOR ( 'NONE', #1477, 100.0000000000000000 ) ;
#1491 = EDGE_CURVE ( 'NONE', #1513, #381, #852, .T. ) ;
#1492 = DIRECTION ( 'NONE',  ( 0.000000000000000000, 0.000000000000000000, -1.000000000000000000 ) ) ;
#1493 = DIRECTION ( 'NONE',  ( -1.000000000000000000, -2.312964634635742957E-16, 0.000000000000000000 ) ) ;
#1494 = VERTEX_POINT ( 'NONE', #1060 ) ;
#1495 = LINE ( 'NONE', #491, #1396 ) ;
#1496 = LINE ( 'NONE', #169, #248 ) ;
#1497 = ORIENTED_EDGE ( 'NONE', *, *, #1434, .T. ) ;
#1498 = CARTESIAN_POINT ( 'NONE',  ( -2.000000000000000888, 1.364999999999999991, 0.000000000000000000 ) ) ;
#1499 = EDGE_CURVE ( 'NONE', #866, #882, #1530, .T. ) ;
#1500 = DIRECTION ( 'NONE',  ( -1.136033710528360955E-16, 1.000000000000000000, 0.000000000000000000 ) ) ;
#1501 = EDGE_LOOP ( 'NONE', ( #592, #573, #743, #815 ) ) ;
#1502 = DIRECTION ( 'NONE',  ( -0.000000000000000000, 0.000000000000000000, 1.000000000000000000 ) ) ;
#1503 = LINE ( 'NONE', #786, #1354 ) ;
#1504 = ORIENTED_EDGE ( 'NONE', *, *, #1058, .F. ) ;
#1505 = EDGE_CURVE ( 'NONE', #391, #1431, #211, .T. ) ;
#1506 = DIRECTION ( 'NONE',  ( -1.000000000000000000, 0.000000000000000000, 0.000000000000000000 ) ) ;
#1507 = CYLINDRICAL_SURFACE ( 'NONE', #483, 0.3099999999999999978 ) ;
#1508 = EDGE_LOOP ( 'NONE', ( #198, #769, #672, #1467 ) ) ;
#1509 = EDGE_CURVE ( 'NONE', #285, #179, #1076, .T. ) ;
#1510 = CARTESIAN_POINT ( 'NONE',  ( 1.820000000000000506, -0.4099999999999998646, 1.199999999999999956 ) ) ;
#1511 = VECTOR ( 'NONE', #336, 100.0000000000000000 ) ;
#1512 = FACE_OUTER_BOUND ( 'NONE', #1021, .T. ) ;
#1513 = VERTEX_POINT ( 'NONE', #1442 ) ;
#1514 = PLANE ( 'NONE',  #1464 ) ;
#1515 = CARTESIAN_POINT ( 'NONE',  ( 1.820000000000000506, -0.4099999999999998646, 0.7000000000000000666 ) ) ;
#1516 = AXIS2_PLACEMENT_3D ( 'NONE', #580, #806, #1426 ) ;
#1517 = VERTEX_POINT ( 'NONE', #571 ) ;
#1518 = DIRECTION ( 'NONE',  ( 3.067291018426574134E-16, -1.000000000000000000, 0.000000000000000000 ) ) ;
#1519 = ADVANCED_FACE ( 'NONE', ( #954 ), #320, .T. ) ;
#1520 = FACE_OUTER_BOUND ( 'NONE', #291, .T. ) ;
#1521 = VERTEX_POINT ( 'NONE', #1548 ) ;
#1522 = DIRECTION ( 'NONE',  ( -1.000000000000000000, -2.258880508902365962E-16, 0.000000000000000000 ) ) ;
#1523 = DIRECTION ( 'NONE',  ( -1.000000000000000000, -6.816202263170164742E-17, 0.000000000000000000 ) ) ;
#1524 = VERTEX_POINT ( 'NONE', #1567 ) ;
#1525 = AXIS2_PLACEMENT_3D ( 'NONE', #557, #549, #1518 ) ;
#1526 = FACE_OUTER_BOUND ( 'NONE', #114, .T. ) ;
#1528 = CARTESIAN_POINT ( 'NONE',  ( -0.7679571668975720966, -1.200000000000000178, 0.7000000000000000666 ) ) ;
#1527 = VECTOR ( 'NONE', #99, 100.0000000000000000 ) ;
#1529 = ORIENTED_EDGE ( 'NONE', *, *, #446, .F. ) ;
#1530 = LINE ( 'NONE', #1419, #691 ) ;
#1531 =( GEOMETRIC_REPRESENTATION_CONTEXT ( 3 ) GLOBAL_UNCERTAINTY_ASSIGNED_CONTEXT ( ( #927 ) ) GLOBAL_UNIT_ASSIGNED_CONTEXT ( ( #188, #960, #797 ) ) REPRESENTATION_CONTEXT ( 'NONE', 'WORKASPACE' ) );
#1532 = EDGE_CURVE ( 'NONE', #814, #28, #1437, .T. ) ;
#1533 = EDGE_LOOP ( 'NONE', ( #100, #893, #1558, #1099 ) ) ;
#1534 = VECTOR ( 'NONE', #1162, 100.0000000000000142 ) ;
#1535 = CARTESIAN_POINT ( 'NONE',  ( -0.4099999999999999201, 1.820000000000000506, 1.199999999999999956 ) ) ;
#1536 = CARTESIAN_POINT ( 'NONE',  ( 1.364999999999995328, 16.63499999999999801, 0.8824999999999999512 ) ) ;
#1537 = ORIENTED_EDGE ( 'NONE', *, *, #728, .T. ) ;
#1538 = FILL_AREA_STYLE ('',( #68 ) ) ;
#1539 = DIRECTION ( 'NONE',  ( -0.000000000000000000, 0.000000000000000000, 1.000000000000000000 ) ) ;
#1540 = EDGE_CURVE ( 'NONE', #752, #32, #1557, .T. ) ;
#1541 = ORIENTED_EDGE ( 'NONE', *, *, #513, .T. ) ;
#1542 = AXIS2_PLACEMENT_3D ( 'NONE', #1399, #193, #922 ) ;
#1543 = VECTOR ( 'NONE', #396, 100.0000000000000000 ) ;
#1544 = LINE ( 'NONE', #809, #827 ) ;
#1545 = CARTESIAN_POINT ( 'NONE',  ( 0.000000000000000000, -0.3099999999999999978, 1.199999999999999956 ) ) ;
#1546 = ORIENTED_EDGE ( 'NONE', *, *, #300, .F. ) ;
#1547 = CARTESIAN_POINT ( 'NONE',  ( 1.364999999999999769, 2.000000000000000444, 0.000000000000000000 ) ) ;
#1548 = CARTESIAN_POINT ( 'NONE',  ( 2.000000000000000444, -1.499999999999999778, 0.000000000000000000 ) ) ;
#1549 = ADVANCED_FACE ( 'NONE', ( #1178 ), #925, .F. ) ;
#1550 = ORIENTED_EDGE ( 'NONE', *, *, #1151, .T. ) ;
#1551 = CARTESIAN_POINT ( 'NONE',  ( -2.000000000000000444, 0.4099999999999996980, 1.199999999999999956 ) ) ;
#1552 = AXIS2_PLACEMENT_3D ( 'NONE', #887, #1502, #895 ) ;
#1553 = EDGE_CURVE ( 'NONE', #78, #1565, #196, .T. ) ;
#1554 = LINE ( 'NONE', #441, #980 ) ;
#1555 = VERTEX_POINT ( 'NONE', #189 ) ;
#1556 = LINE ( 'NONE', #553, #1534 ) ;
#1557 = LINE ( 'NONE', #961, #612 ) ;
#1558 = ORIENTED_EDGE ( 'NONE', *, *, #825, .T. ) ;
#1559 = EDGE_CURVE ( 'NONE', #1579, #814, #1323, .T. ) ;
#1560 = ORIENTED_EDGE ( 'NONE', *, *, #471, .F. ) ;
#1561 = AXIS2_PLACEMENT_3D ( 'NONE', #742, #495, #842 ) ;
#1562 = FACE_OUTER_BOUND ( 'NONE', #1339, .T. ) ;
#1563 = EDGE_CURVE ( 'NONE', #829, #606, #587, .T. ) ;
#1564 = FACE_OUTER_BOUND ( 'NONE', #137, .T. ) ;
#1565 = VERTEX_POINT ( 'NONE', #683 ) ;
#1566 = CARTESIAN_POINT ( 'NONE',  ( 0.4100000000000003086, -2.000000000000000444, 1.199999999999999956 ) ) ;
#1567 = CARTESIAN_POINT ( 'NONE',  ( 2.000000000000000444, 0.4100000000000001421, 1.199999999999999956 ) ) ;
#1568 = ORIENTED_EDGE ( 'NONE', *, *, #314, .F. ) ;
#1569 = VERTEX_POINT ( 'NONE', #77 ) ;
#1570 = EDGE_CURVE ( 'NONE', #343, #1513, #710, .T. ) ;
#1571 = CARTESIAN_POINT ( 'NONE',  ( 2.000000000000000444, 0.4100000000000001421, 1.199999999999999956 ) ) ;
#1572 = ORIENTED_EDGE ( 'NONE', *, *, #855, .F. ) ;
#1573 = CARTESIAN_POINT ( 'NONE',  ( 0.000000000000000000, 0.000000000000000000, 0.000000000000000000 ) ) ;
#1574 = DIRECTION ( 'NONE',  ( 1.000000000000000000, 0.000000000000000000, 0.000000000000000000 ) ) ;
#1575 = EDGE_CURVE ( 'NONE', #1391, #814, #563, .T. ) ;
#1576 = DIRECTION ( 'NONE',  ( 1.000000000000000000, 1.931257307898213426E-16, 0.000000000000000000 ) ) ;
#1577 = VERTEX_POINT ( 'NONE', #204 ) ;
#1578 = DIRECTION ( 'NONE',  ( 0.000000000000000000, 0.000000000000000000, -1.000000000000000000 ) ) ;
#1579 = VERTEX_POINT ( 'NONE', #1410 ) ;
#1580 = EDGE_CURVE ( 'NONE', #718, #1207, #690, .T. ) ;
#1581 = LINE ( 'NONE', #243, #493 ) ;
#1582 = EDGE_CURVE ( 'NONE', #938, #416, #1203, .T. ) ;
#1583 = DIRECTION ( 'NONE',  ( 0.000000000000000000, -1.000000000000000000, 0.000000000000000000 ) ) ;
#1584 = ORIENTED_EDGE ( 'NONE', *, *, #1212, .T. ) ;
#1585 = LINE ( 'NONE', #476, #330 ) ;
#1586 = ORIENTED_EDGE ( 'NONE', *, *, #1148, .T. ) ;
#1587 = CARTESIAN_POINT ( 'NONE',  ( -1.500000000000000222, 2.000000000000000444, 1.199999999999999956 ) ) ;
#1588 = EDGE_CURVE ( 'NONE', #265, #329, #675, .T. ) ;
#1589 = LINE ( 'NONE', #508, #1337 ) ;
ENDSEC;
END-ISO-10303-21;
