ISO-10303-21;
HEADER;
FILE_DESCRIPTION (( 'STEP AP214' ),
    '1' );
FILE_NAME ('vertex-base_61.STEP',
    '2026-06-19T13:49:19',
    ( '' ),
    ( '' ),
    'SwSTEP 2.0',
    'SolidWorks 2023',
    '' );
FILE_SCHEMA (( 'AUTOMOTIVE_DESIGN' ));
ENDSEC;

DATA;
#1 = ORIENTED_EDGE ( 'NONE', *, *, #1022, .T. ) ;
#2 = PLANE ( 'NONE',  #1456 ) ;
#3 = PLANE ( 'NONE',  #33 ) ;
#4 = LINE ( 'NONE', #749, #1223 ) ;
#5 = CARTESIAN_POINT ( 'NONE',  ( 1.364999999999999991, 2.000000000000001776, 1.199999999999999956 ) ) ;
#6 = PLANE ( 'NONE',  #549 ) ;
#7 = FACE_OUTER_BOUND ( 'NONE', #1191, .T. ) ;
#8 = VERTEX_POINT ( 'NONE', #812 ) ;
#9 = ORIENTED_EDGE ( 'NONE', *, *, #270, .T. ) ;
#10 = CARTESIAN_POINT ( 'NONE',  ( -1.364999999999997549, -16.63499999999999801, 0.8824999999999999512 ) ) ;
#11 = CARTESIAN_POINT ( 'NONE',  ( 2.000000000000000444, 0.4100000000000001421, 1.199999999999999956 ) ) ;
#12 = EDGE_LOOP ( 'NONE', ( #56, #721 ) ) ;
#13 = CIRCLE ( 'NONE', #761, 2.500000000000000000 ) ;
#14 = VECTOR ( 'NONE', #161, 100.0000000000000000 ) ;
#15 = VECTOR ( 'NONE', #1224, 100.0000000000000000 ) ;
#16 = VERTEX_POINT ( 'NONE', #542 ) ;
#17 = VECTOR ( 'NONE', #948, 100.0000000000000000 ) ;
#18 = ORIENTED_EDGE ( 'NONE', *, *, #1190, .T. ) ;
#19 = DIRECTION ( 'NONE',  ( -0.5000000000000042188, 0.8660254037844362651, -0.000000000000000000 ) ) ;
#20 = PLANE ( 'NONE',  #922 ) ;
#21 = VERTEX_POINT ( 'NONE', #1164 ) ;
#22 = DIRECTION ( 'NONE',  ( -0.000000000000000000, 0.000000000000000000, 1.000000000000000000 ) ) ;
#23 = EDGE_CURVE ( 'NONE', #920, #866, #49, .T. ) ;
#24 = LINE ( 'NONE', #988, #1307 ) ;
#25 = LINE ( 'NONE', #1137, #176 ) ;
#26 = LINE ( 'NONE', #1504, #710 ) ;
#27 = ORIENTED_EDGE ( 'NONE', *, *, #1096, .T. ) ;
#28 = LINE ( 'NONE', #44, #1080 ) ;
#29 = VERTEX_POINT ( 'NONE', #1064 ) ;
#30 = DIRECTION ( 'NONE',  ( -0.000000000000000000, 0.000000000000000000, 1.000000000000000000 ) ) ;
#31 = ORIENTED_EDGE ( 'NONE', *, *, #581, .T. ) ;
#32 = EDGE_CURVE ( 'NONE', #796, #1085, #1523, .T. ) ;
#33 = AXIS2_PLACEMENT_3D ( 'NONE', #1151, #1518, #525 ) ;
#34 = LINE ( 'NONE', #50, #63 ) ;
#35 = ORIENTED_EDGE ( 'NONE', *, *, #643, .F. ) ;
#36 = DIRECTION ( 'NONE',  ( 0.000000000000000000, 0.000000000000000000, -1.000000000000000000 ) ) ;
#37 = AXIS2_PLACEMENT_3D ( 'NONE', #1193, #54, #570 ) ;
#38 = AXIS2_PLACEMENT_3D ( 'NONE', #835, #1197, #1318 ) ;
#39 = CARTESIAN_POINT ( 'NONE',  ( -1.364999999999999991, -2.000000000000001776, 0.8824999999999999512 ) ) ;
#40 = VECTOR ( 'NONE', #1074, 100.0000000000000000 ) ;
#41 = EDGE_LOOP ( 'NONE', ( #126, #678, #1497, #1480 ) ) ;
#42 = ADVANCED_FACE ( 'NONE', ( #183 ), #1420, .F. ) ;
#43 = EDGE_CURVE ( 'NONE', #16, #1160, #1308, .T. ) ;
#44 = CARTESIAN_POINT ( 'NONE',  ( 0.000000000000000000, -0.3049999999999999933, 0.000000000000000000 ) ) ;
#45 = ORIENTED_EDGE ( 'NONE', *, *, #898, .F. ) ;
#46 = CARTESIAN_POINT ( 'NONE',  ( 2.000000000000000444, -1.499999999999999778, 0.000000000000000000 ) ) ;
#47 = LINE ( 'NONE', #566, #146 ) ;
#48 = EDGE_CURVE ( 'NONE', #928, #992, #692, .T. ) ;
#49 = LINE ( 'NONE', #1293, #1506 ) ;
#50 = CARTESIAN_POINT ( 'NONE',  ( 2.000000000000000444, 1.500000000000000666, 0.000000000000000000 ) ) ;
#51 = CARTESIAN_POINT ( 'NONE',  ( 2.000000000000000444, -1.365000000000000213, 0.000000000000000000 ) ) ;
#52 = CARTESIAN_POINT ( 'NONE',  ( 1.364999999999999769, 2.000000000000000444, 0.000000000000000000 ) ) ;
#53 = PLANE ( 'NONE',  #1372 ) ;
#54 = DIRECTION ( 'NONE',  ( 0.000000000000000000, 0.000000000000000000, -1.000000000000000000 ) ) ;
#55 = VERTEX_POINT ( 'NONE', #1211 ) ;
#56 = ORIENTED_EDGE ( 'NONE', *, *, #1356, .F. ) ;
#57 = DIRECTION ( 'NONE',  ( 0.000000000000000000, -1.000000000000000000, 0.000000000000000000 ) ) ;
#58 = ORIENTED_EDGE ( 'NONE', *, *, #236, .T. ) ;
#59 = ADVANCED_FACE ( 'NONE', ( #860 ), #6, .F. ) ;
#60 = VECTOR ( 'NONE', #1417, 100.0000000000000000 ) ;
#61 = LINE ( 'NONE', #1288, #1031 ) ;
#62 = LINE ( 'NONE', #555, #765 ) ;
#63 = VECTOR ( 'NONE', #1257, 100.0000000000000000 ) ;
#64 = LINE ( 'NONE', #52, #249 ) ;
#65 = EDGE_CURVE ( 'NONE', #418, #1008, #854, .T. ) ;
#66 = ORIENTED_EDGE ( 'NONE', *, *, #270, .F. ) ;
#67 = CARTESIAN_POINT ( 'NONE',  ( 1.500000000000000666, -2.000000000000000000, 0.000000000000000000 ) ) ;
#68 = VECTOR ( 'NONE', #128, 100.0000000000000000 ) ;
#69 = DIRECTION ( 'NONE',  ( 0.000000000000000000, 0.000000000000000000, 1.000000000000000000 ) ) ;
#70 = VERTEX_POINT ( 'NONE', #232 ) ;
#71 = ORIENTED_EDGE ( 'NONE', *, *, #474, .F. ) ;
#72 = ORIENTED_EDGE ( 'NONE', *, *, #1176, .F. ) ;
#73 = DIRECTION ( 'NONE',  ( 4.818676322157799347E-16, 1.000000000000000000, 0.000000000000000000 ) ) ;
#74 = PLANE ( 'NONE',  #410 ) ;
#75 = DIRECTION ( 'NONE',  ( 0.000000000000000000, -1.000000000000000000, 0.000000000000000000 ) ) ;
#76 = ORIENTED_EDGE ( 'NONE', *, *, #275, .F. ) ;
#77 = FACE_OUTER_BOUND ( 'NONE', #825, .T. ) ;
#78 = EDGE_LOOP ( 'NONE', ( #1196, #1551, #1496, #1358 ) ) ;
#79 = VERTEX_POINT ( 'NONE', #867 ) ;
#80 = CARTESIAN_POINT ( 'NONE',  ( -1.199999999999999956, -0.7679571668975725407, 0.7000000000000000666 ) ) ;
#81 = LINE ( 'NONE', #702, #306 ) ;
#82 = CARTESIAN_POINT ( 'NONE',  ( 1.499999999999999778, 2.000000000000000444, 0.000000000000000000 ) ) ;
#83 = ORIENTED_EDGE ( 'NONE', *, *, #148, .F. ) ;
#84 = EDGE_CURVE ( 'NONE', #1008, #866, #1203, .T. ) ;
#85 = ORIENTED_EDGE ( 'NONE', *, *, #1567, .T. ) ;
#86 = ORIENTED_EDGE ( 'NONE', *, *, #643, .T. ) ;
#87 = LINE ( 'NONE', #331, #770 ) ;
#88 = DIRECTION ( 'NONE',  ( -0.000000000000000000, 0.000000000000000000, 1.000000000000000000 ) ) ;
#89 = VECTOR ( 'NONE', #1329, 100.0000000000000000 ) ;
#90 = VECTOR ( 'NONE', #239, 100.0000000000000000 ) ;
#91 = ORIENTED_EDGE ( 'NONE', *, *, #166, .T. ) ;
#92 = CARTESIAN_POINT ( 'NONE',  ( -1.500000000000000222, 2.000000000000000444, 0.000000000000000000 ) ) ;
#93 = DIRECTION ( 'NONE',  ( 0.000000000000000000, 1.000000000000000000, 0.000000000000000000 ) ) ;
#94 = VECTOR ( 'NONE', #1378, 100.0000000000000000 ) ;
#95 = EDGE_CURVE ( 'NONE', #1402, #1044, #475, .T. ) ;
#96 = CARTESIAN_POINT ( 'NONE',  ( -2.000000000000000444, -0.4100000000000003642, 1.199999999999999956 ) ) ;
#97 = EDGE_CURVE ( 'NONE', #165, #915, #406, .T. ) ;
#98 = PLANE ( 'NONE',  #358 ) ;
#99 = CARTESIAN_POINT ( 'NONE',  ( 2.000000000000000444, 1.500000000000000666, 0.8824999999999999512 ) ) ;
#100 = FACE_OUTER_BOUND ( 'NONE', #1572, .T. ) ;
#101 = VERTEX_POINT ( 'NONE', #96 ) ;
#102 = DIRECTION ( 'NONE',  ( 1.000000000000000000, 0.000000000000000000, 0.000000000000000000 ) ) ;
#103 = CARTESIAN_POINT ( 'NONE',  ( -1.364999999999997549, -16.63499999999999801, 1.199999999999999956 ) ) ;
#104 = LINE ( 'NONE', #597, #1330 ) ;
#105 = LINE ( 'NONE', #1554, #1347 ) ;
#106 = DIRECTION ( 'NONE',  ( -0.000000000000000000, 0.000000000000000000, 1.000000000000000000 ) ) ;
#107 = ORIENTED_EDGE ( 'NONE', *, *, #139, .T. ) ;
#108 = CARTESIAN_POINT ( 'NONE',  ( 0.000000000000000000, 0.000000000000000000, 0.8824999999999999512 ) ) ;
#109 = CARTESIAN_POINT ( 'NONE',  ( 1.820000000000000506, -0.4099999999999998646, 1.199999999999999956 ) ) ;
#110 = CARTESIAN_POINT ( 'NONE',  ( 1.500000000000000666, -2.000000000000000000, 0.000000000000000000 ) ) ;
#111 = DIRECTION ( 'NONE',  ( 4.818676322157799347E-16, -1.000000000000000000, 0.000000000000000000 ) ) ;
#112 = EDGE_CURVE ( 'NONE', #265, #207, #723, .T. ) ;
#113 = ORIENTED_EDGE ( 'NONE', *, *, #1118, .T. ) ;
#114 = AXIS2_PLACEMENT_3D ( 'NONE', #1163, #1049, #444 ) ;
#115 = DIRECTION ( 'NONE',  ( -1.136033710528360955E-16, 1.000000000000000000, 0.000000000000000000 ) ) ;
#116 = EDGE_CURVE ( 'NONE', #870, #883, #1482, .T. ) ;
#117 = VECTOR ( 'NONE', #252, 100.0000000000000000 ) ;
#118 = DIRECTION ( 'NONE',  ( -1.000000000000000000, -6.816202263170164742E-17, 0.000000000000000000 ) ) ;
#119 = AXIS2_PLACEMENT_3D ( 'NONE', #173, #106, #1435 ) ;
#120 = CIRCLE ( 'NONE', #1027, 0.3049999999999999933 ) ;
#121 = DIRECTION ( 'NONE',  ( 4.818676322157798361E-16, 1.000000000000000000, 0.000000000000000000 ) ) ;
#122 = FACE_OUTER_BOUND ( 'NONE', #1443, .T. ) ;
#123 = VECTOR ( 'NONE', #1142, 100.0000000000000000 ) ;
#124 = DIRECTION ( 'NONE',  ( 0.8660254037844362651, 0.5000000000000043299, 0.000000000000000000 ) ) ;
#125 = EDGE_LOOP ( 'NONE', ( #1303, #715, #445, #1081 ) ) ;
#126 = ORIENTED_EDGE ( 'NONE', *, *, #567, .T. ) ;
#127 = CARTESIAN_POINT ( 'NONE',  ( -0.4100000000000000311, 2.000000000000000444, 0.7000000000000000666 ) ) ;
#128 = DIRECTION ( 'NONE',  ( -0.000000000000000000, 0.000000000000000000, 1.000000000000000000 ) ) ;
#129 = DIRECTION ( 'NONE',  ( 0.000000000000000000, 0.000000000000000000, 1.000000000000000000 ) ) ;
#130 = CARTESIAN_POINT ( 'NONE',  ( 2.000000000000000444, 1.500000000000000666, 1.199999999999999956 ) ) ;
#131 = CARTESIAN_POINT ( 'NONE',  ( 1.199999999999999956, 0.7679571668975723187, 0.7000000000000000666 ) ) ;
#132 = CARTESIAN_POINT ( 'NONE',  ( 0.4099999999999999201, 1.820000000000000506, 0.7000000000000000666 ) ) ;
#133 = ORIENTED_EDGE ( 'NONE', *, *, #1398, .T. ) ;
#134 = VERTEX_POINT ( 'NONE', #1116 ) ;
#135 = DIRECTION ( 'NONE',  ( 0.8660254037844362651, 0.5000000000000042188, 0.000000000000000000 ) ) ;
#136 = VERTEX_POINT ( 'NONE', #596 ) ;
#137 = DIRECTION ( 'NONE',  ( 0.000000000000000000, 0.000000000000000000, 1.000000000000000000 ) ) ;
#138 = DIRECTION ( 'NONE',  ( 0.000000000000000000, -1.000000000000000000, 0.000000000000000000 ) ) ;
#139 = EDGE_CURVE ( 'NONE', #165, #55, #613, .T. ) ;
#140 = ORIENTED_EDGE ( 'NONE', *, *, #217, .F. ) ;
#141 = ORIENTED_EDGE ( 'NONE', *, *, #1449, .T. ) ;
#142 = DIRECTION ( 'NONE',  ( -0.8660254037844361541, 0.5000000000000042188, 0.000000000000000000 ) ) ;
#143 = ORIENTED_EDGE ( 'NONE', *, *, #846, .F. ) ;
#144 = VECTOR ( 'NONE', #1234, 100.0000000000000142 ) ;
#145 = EDGE_CURVE ( 'NONE', #237, #574, #1108, .T. ) ;
#146 = VECTOR ( 'NONE', #1510, 100.0000000000000000 ) ;
#147 = DIRECTION ( 'NONE',  ( 0.000000000000000000, 1.000000000000000000, 0.000000000000000000 ) ) ;
#148 = EDGE_CURVE ( 'NONE', #857, #1389, #1093, .T. ) ;
#149 = AXIS2_PLACEMENT_3D ( 'NONE', #1290, #305, #1279 ) ;
#150 = EDGE_LOOP ( 'NONE', ( #1237, #543, #1327, #908, #225, #1200, #890, #1147, #308, #218, #72, #931 ) ) ;
#151 = AXIS2_PLACEMENT_3D ( 'NONE', #364, #724, #1010 ) ;
#152 = DIRECTION ( 'NONE',  ( -0.8660254037844362651, 0.5000000000000042188, 0.000000000000000000 ) ) ;
#153 = LINE ( 'NONE', #762, #94 ) ;
#154 = CARTESIAN_POINT ( 'NONE',  ( 1.199999999999999956, 0.7679571668975723187, 1.199999999999999956 ) ) ;
#155 = ORIENTED_EDGE ( 'NONE', *, *, #1212, .T. ) ;
#156 = DIRECTION ( 'NONE',  ( 0.8660254037844361541, 0.5000000000000042188, 0.000000000000000000 ) ) ;
#157 = ADVANCED_FACE ( 'NONE', ( #484 ), #490, .T. ) ;
#158 = LINE ( 'NONE', #1036, #172 ) ;
#159 = ORIENTED_EDGE ( 'NONE', *, *, #518, .T. ) ;
#160 = DIRECTION ( 'NONE',  ( -0.8660254037844360431, -0.5000000000000045519, 0.000000000000000000 ) ) ;
#161 = DIRECTION ( 'NONE',  ( -2.258880508902365962E-16, 1.000000000000000000, -0.000000000000000000 ) ) ;
#162 = ORIENTED_EDGE ( 'NONE', *, *, #1517, .T. ) ;
#163 = PRODUCT_DEFINITION_CONTEXT ( 'detailed design', #808, 'design' ) ;
#164 = DIRECTION ( 'NONE',  ( -0.000000000000000000, 0.000000000000000000, 1.000000000000000000 ) ) ;
#165 = VERTEX_POINT ( 'NONE', #110 ) ;
#166 = EDGE_CURVE ( 'NONE', #1320, #1265, #500, .T. ) ;
#167 = LINE ( 'NONE', #534, #411 ) ;
#168 = CARTESIAN_POINT ( 'NONE',  ( 1.499999999999999778, 2.000000000000000444, 0.8824999999999999512 ) ) ;
#169 = ADVANCED_FACE ( 'NONE', ( #369 ), #1088, .T. ) ;
#170 = ORIENTED_EDGE ( 'NONE', *, *, #1520, .T. ) ;
#171 = CLOSED_SHELL ( 'NONE', ( #291, #157, #169, #425, #317, #733, #781, #309, #288, #233, #451, #59, #1574, #1032, #1239, #1087, #966, #1583, #1242, #896, #719, #1586, #1310, #984, #601, #1029, #536, #42, #491, #1350, #1166, #912, #1282, #1565, #514, #593, #1128, #1474, #261, #598, #658, #862, #811, #437, #399, #1394, #1132, #620 ) ) ;
#172 = VECTOR ( 'NONE', #421, 100.0000000000000000 ) ;
#173 = CARTESIAN_POINT ( 'NONE',  ( 0.000000000000000000, 0.000000000000000000, 0.000000000000000000 ) ) ;
#174 = ORIENTED_EDGE ( 'NONE', *, *, #975, .T. ) ;
#175 = CARTESIAN_POINT ( 'NONE',  ( 0.4100000000000003086, -2.000000000000000444, 1.199999999999999956 ) ) ;
#176 = VECTOR ( 'NONE', #521, 100.0000000000000000 ) ;
#177 = EDGE_CURVE ( 'NONE', #1436, #440, #376, .T. ) ;
#178 = CARTESIAN_POINT ( 'NONE',  ( 2.000000000000001776, 1.364999999999998437, 0.8824999999999999512 ) ) ;
#179 = EDGE_CURVE ( 'NONE', #899, #673, #1446, .T. ) ;
#180 = DIRECTION ( 'NONE',  ( 0.000000000000000000, 1.000000000000000000, 0.000000000000000000 ) ) ;
#181 = ORIENTED_EDGE ( 'NONE', *, *, #390, .T. ) ;
#182 = DIRECTION ( 'NONE',  ( -2.312964634635742957E-16, 1.000000000000000000, 0.000000000000000000 ) ) ;
#183 = FACE_OUTER_BOUND ( 'NONE', #1560, .T. ) ;
#184 = ORIENTED_EDGE ( 'NONE', *, *, #112, .T. ) ;
#185 = EDGE_CURVE ( 'NONE', #207, #706, #355, .T. ) ;
#186 = ORIENTED_EDGE ( 'NONE', *, *, #958, .T. ) ;
#187 = CARTESIAN_POINT ( 'NONE',  ( -1.200000000000000178, 0.7679571668975719856, 1.199999999999999956 ) ) ;
#188 = CARTESIAN_POINT ( 'NONE',  ( 0.4100000000000000311, 2.000000000000000444, 1.199999999999999956 ) ) ;
#189 = CARTESIAN_POINT ( 'NONE',  ( 1.820000000000000506, -0.4099999999999998646, 1.199999999999999956 ) ) ;
#190 = ORIENTED_EDGE ( 'NONE', *, *, #1423, .F. ) ;
#191 = CARTESIAN_POINT ( 'NONE',  ( 1.820000000000000506, 0.4100000000000000311, 0.7000000000000000666 ) ) ;
#192 = CARTESIAN_POINT ( 'NONE',  ( 0.000000000000000000, 0.000000000000000000, 0.000000000000000000 ) ) ;
#193 = ORIENTED_EDGE ( 'NONE', *, *, #1155, .F. ) ;
#194 = EDGE_LOOP ( 'NONE', ( #454, #562, #1562, #1501 ) ) ;
#195 = LINE ( 'NONE', #1066, #1227 ) ;
#196 = AXIS2_PLACEMENT_3D ( 'NONE', #307, #800, #1467 ) ;
#197 = LINE ( 'NONE', #1067, #254 ) ;
#198 = LINE ( 'NONE', #565, #871 ) ;
#199 = ORIENTED_EDGE ( 'NONE', *, *, #909, .T. ) ;
#200 = DIRECTION ( 'NONE',  ( 0.000000000000000000, -1.000000000000000000, 0.000000000000000000 ) ) ;
#201 = VECTOR ( 'NONE', #152, 100.0000000000000142 ) ;
#202 = VECTOR ( 'NONE', #73, 100.0000000000000000 ) ;
#203 = DIRECTION ( 'NONE',  ( -0.000000000000000000, 0.000000000000000000, 1.000000000000000000 ) ) ;
#204 = ORIENTED_EDGE ( 'NONE', *, *, #1499, .T. ) ;
#205 = DIRECTION ( 'NONE',  ( -0.5000000000000042188, 0.8660254037844362651, -0.000000000000000000 ) ) ;
#206 = DIRECTION ( 'NONE',  ( -0.000000000000000000, 0.000000000000000000, 1.000000000000000000 ) ) ;
#207 = VERTEX_POINT ( 'NONE', #230 ) ;
#208 = ORIENTED_EDGE ( 'NONE', *, *, #280, .F. ) ;
#209 = DIRECTION ( 'NONE',  ( 0.000000000000000000, 1.000000000000000000, 0.000000000000000000 ) ) ;
#210 = EDGE_CURVE ( 'NONE', #134, #682, #1001, .T. ) ;
#211 = FACE_OUTER_BOUND ( 'NONE', #367, .T. ) ;
#212 = ORIENTED_EDGE ( 'NONE', *, *, #707, .F. ) ;
#213 = VERTEX_POINT ( 'NONE', #1243 ) ;
#214 = LINE ( 'NONE', #701, #1273 ) ;
#215 = CARTESIAN_POINT ( 'NONE',  ( -1.364999999999999991, 16.63499999999999801, 0.8824999999999999512 ) ) ;
#216 = LINE ( 'NONE', #1199, #851 ) ;
#217 = EDGE_CURVE ( 'NONE', #615, #250, #629, .T. ) ;
#218 = ORIENTED_EDGE ( 'NONE', *, *, #23, .F. ) ;
#219 = CARTESIAN_POINT ( 'NONE',  ( 0.7679571668975722076, 1.199999999999999956, 0.7000000000000000666 ) ) ;
#220 = LINE ( 'NONE', #1461, #1153 ) ;
#221 = EDGE_CURVE ( 'NONE', #1365, #395, #814, .T. ) ;
#222 = CARTESIAN_POINT ( 'NONE',  ( -1.999999999999999778, -1.500000000000000666, 0.8824999999999999512 ) ) ;
#223 = CARTESIAN_POINT ( 'NONE',  ( -2.000000000000000444, -0.4100000000000003642, 0.7000000000000000666 ) ) ;
#224 = AXIS2_PLACEMENT_3D ( 'NONE', #667, #778, #1043 ) ;
#225 = ORIENTED_EDGE ( 'NONE', *, *, #1022, .F. ) ;
#226 = CYLINDRICAL_SURFACE ( 'NONE', #585, 2.500000000000000000 ) ;
#227 = VECTOR ( 'NONE', #423, 100.0000000000000000 ) ;
#228 = AXIS2_PLACEMENT_3D ( 'NONE', #1360, #264, #156 ) ;
#229 = PRESENTATION_LAYER_ASSIGNMENT (  '', '', ( #1274 ) ) ;
#230 = CARTESIAN_POINT ( 'NONE',  ( 2.000000000000000444, 0.4100000000000001421, 0.7000000000000000666 ) ) ;
#231 = FACE_OUTER_BOUND ( 'NONE', #933, .T. ) ;
#232 = CARTESIAN_POINT ( 'NONE',  ( 1.364999999999999991, 1.364999999999998215, 1.199999999999999956 ) ) ;
#233 = ADVANCED_FACE ( 'NONE', ( #1204 ), #98, .F. ) ;
#234 = CARTESIAN_POINT ( 'NONE',  ( -1.500000000000000222, 2.000000000000000444, 0.000000000000000000 ) ) ;
#235 = LINE ( 'NONE', #223, #1429 ) ;
#236 = EDGE_CURVE ( 'NONE', #1172, #693, #438, .T. ) ;
#237 = VERTEX_POINT ( 'NONE', #810 ) ;
#238 = DIRECTION ( 'NONE',  ( 0.000000000000000000, 1.000000000000000000, 0.000000000000000000 ) ) ;
#239 = DIRECTION ( 'NONE',  ( -0.000000000000000000, 0.000000000000000000, 1.000000000000000000 ) ) ;
#240 = CARTESIAN_POINT ( 'NONE',  ( 1.500000000000000666, -2.000000000000000000, 0.000000000000000000 ) ) ;
#241 = EDGE_CURVE ( 'NONE', #883, #395, #337, .T. ) ;
#242 = ORIENTED_EDGE ( 'NONE', *, *, #855, .F. ) ;
#243 = EDGE_LOOP ( 'NONE', ( #1165, #493, #568, #66, #422 ) ) ;
#244 = FACE_OUTER_BOUND ( 'NONE', #1374, .T. ) ;
#245 = VECTOR ( 'NONE', #728, 100.0000000000000000 ) ;
#246 = DIRECTION ( 'NONE',  ( -0.000000000000000000, 0.000000000000000000, 1.000000000000000000 ) ) ;
#247 = LINE ( 'NONE', #368, #1101 ) ;
#248 = DIRECTION ( 'NONE',  ( -1.000000000000000000, -6.816202263170164742E-17, 0.000000000000000000 ) ) ;
#249 = VECTOR ( 'NONE', #687, 100.0000000000000000 ) ;
#250 = VERTEX_POINT ( 'NONE', #1542 ) ;
#251 = VECTOR ( 'NONE', #22, 100.0000000000000000 ) ;
#252 = DIRECTION ( 'NONE',  ( -1.817653936845376936E-16, 1.000000000000000000, 0.000000000000000000 ) ) ;
#253 = CARTESIAN_POINT ( 'NONE',  ( -0.4099999999999999201, 1.820000000000000506, 0.7000000000000000666 ) ) ;
#254 = VECTOR ( 'NONE', #447, 100.0000000000000000 ) ;
#255 = DIRECTION ( 'NONE',  ( 1.000000000000000000, 4.818676322157798361E-16, 0.000000000000000000 ) ) ;
#256 = ORIENTED_EDGE ( 'NONE', *, *, #688, .T. ) ;
#257 = ORIENTED_EDGE ( 'NONE', *, *, #1513, .T. ) ;
#258 = FACE_OUTER_BOUND ( 'NONE', #627, .T. ) ;
#259 = CARTESIAN_POINT ( 'NONE',  ( 1.820000000000000506, -0.4099999999999998646, 0.7000000000000000666 ) ) ;
#260 = CARTESIAN_POINT ( 'NONE',  ( -1.999999999999999112, -1.364999999999997993, 0.8824999999999999512 ) ) ;
#261 = ADVANCED_FACE ( 'NONE', ( #697 ), #1522, .F. ) ;
#262 = VERTEX_POINT ( 'NONE', #1408 ) ;
#263 = DIRECTION ( 'NONE',  ( 0.000000000000000000, 0.000000000000000000, 1.000000000000000000 ) ) ;
#264 = DIRECTION ( 'NONE',  ( 0.5000000000000043299, -0.8660254037844362651, 0.000000000000000000 ) ) ;
#265 = VERTEX_POINT ( 'NONE', #540 ) ;
#266 = ORIENTED_EDGE ( 'NONE', *, *, #1194, .T. ) ;
#267 = DIRECTION ( 'NONE',  ( 4.818676322157798361E-16, -1.000000000000000000, 0.000000000000000000 ) ) ;
#268 = EDGE_CURVE ( 'NONE', #436, #841, #1039, .T. ) ;
#269 = ORIENTED_EDGE ( 'NONE', *, *, #1445, .F. ) ;
#270 = EDGE_CURVE ( 'NONE', #262, #1069, #13, .T. ) ;
#271 = DIRECTION ( 'NONE',  ( -1.000000000000000000, -6.816202263170164742E-17, 0.000000000000000000 ) ) ;
#272 = ORIENTED_EDGE ( 'NONE', *, *, #1187, .F. ) ;
#273 = PLANE ( 'NONE',  #638 ) ;
#274 = DIRECTION ( 'NONE',  ( -1.000000000000000000, -3.067291018426574134E-16, 0.000000000000000000 ) ) ;
#275 = EDGE_CURVE ( 'NONE', #872, #1407, #316, .T. ) ;
#276 = VERTEX_POINT ( 'NONE', #178 ) ;
#277 = AXIS2_PLACEMENT_3D ( 'NONE', #67, #182, #559 ) ;
#278 = VECTOR ( 'NONE', #1479, 100.0000000000000142 ) ;
#279 = AXIS2_PLACEMENT_3D ( 'NONE', #774, #755, #886 ) ;
#280 = EDGE_CURVE ( 'NONE', #1512, #725, #548, .T. ) ;
#281 = LINE ( 'NONE', #1146, #1453 ) ;
#282 = EDGE_LOOP ( 'NONE', ( #840, #1438, #1042, #907 ) ) ;
#283 = VECTOR ( 'NONE', #816, 100.0000000000000000 ) ;
#284 = CARTESIAN_POINT ( 'NONE',  ( -1.364999999999998215, 1.364999999999999991, 0.8824999999999999512 ) ) ;
#285 = LINE ( 'NONE', #130, #1026 ) ;
#286 = ORIENTED_EDGE ( 'NONE', *, *, #813, .F. ) ;
#287 = CARTESIAN_POINT ( 'NONE',  ( -2.000000000000000444, 0.4099999999999996980, 0.7000000000000000666 ) ) ;
#288 = ADVANCED_FACE ( 'NONE', ( #77 ), #417, .F. ) ;
#289 = CARTESIAN_POINT ( 'NONE',  ( 0.000000000000000000, 0.000000000000000000, 0.7000000000000000666 ) ) ;
#290 = ORIENTED_EDGE ( 'NONE', *, *, #268, .T. ) ;
#291 = ADVANCED_FACE ( 'NONE', ( #1061 ), #944, .F. ) ;
#292 = FACE_BOUND ( 'NONE', #962, .T. ) ;
#293 = ORIENTED_EDGE ( 'NONE', *, *, #898, .T. ) ;
#294 = FACE_OUTER_BOUND ( 'NONE', #311, .T. ) ;
#295 = EDGE_LOOP ( 'NONE', ( #443, #1185, #1384, #746 ) ) ;
#296 = LINE ( 'NONE', #817, #1136 ) ;
#297 = CARTESIAN_POINT ( 'NONE',  ( 0.7679571668975722076, 1.199999999999999956, 1.199999999999999956 ) ) ;
#298 = DIRECTION ( 'NONE',  ( -2.312964634635742957E-16, 1.000000000000000000, 0.000000000000000000 ) ) ;
#299 = AXIS2_PLACEMENT_3D ( 'NONE', #1557, #1444, #589 ) ;
#300 = ORIENTED_EDGE ( 'NONE', *, *, #179, .F. ) ;
#301 = DIRECTION ( 'NONE',  ( 0.000000000000000000, 0.000000000000000000, 1.000000000000000000 ) ) ;
#302 = VERTEX_POINT ( 'NONE', #691 ) ;
#303 = PLANE ( 'NONE',  #826 ) ;
#304 = AXIS2_PLACEMENT_3D ( 'NONE', #253, #999, #622 ) ;
#305 = DIRECTION ( 'NONE',  ( -1.000000000000000000, 4.818676322157798361E-16, 0.000000000000000000 ) ) ;
#306 = VECTOR ( 'NONE', #1325, 100.0000000000000142 ) ;
#307 = CARTESIAN_POINT ( 'NONE',  ( 0.000000000000000000, 0.000000000000000000, 1.199999999999999956 ) ) ;
#308 = ORIENTED_EDGE ( 'NONE', *, *, #84, .T. ) ;
#309 = ADVANCED_FACE ( 'NONE', ( #426 ), #53, .F. ) ;
#310 = ORIENTED_EDGE ( 'NONE', *, *, #478, .T. ) ;
#311 = EDGE_LOOP ( 'NONE', ( #683, #1041, #689, #526 ) ) ;
#312 = PLANE ( 'NONE',  #1426 ) ;
#313 = EDGE_LOOP ( 'NONE', ( #734, #300, #1338, #832 ) ) ;
#314 = CARTESIAN_POINT ( 'NONE',  ( 0.000000000000000000, 0.000000000000000000, 0.000000000000000000 ) ) ;
#315 = ORIENTED_EDGE ( 'NONE', *, *, #43, .F. ) ;
#316 = LINE ( 'NONE', #191, #427 ) ;
#317 = ADVANCED_FACE ( 'NONE', ( #790 ), #919, .T. ) ;
#318 = EDGE_LOOP ( 'NONE', ( #1158, #745, #1106, #1055 ) ) ;
#319 = ORIENTED_EDGE ( 'NONE', *, *, #861, .F. ) ;
#320 = ORIENTED_EDGE ( 'NONE', *, *, #523, .F. ) ;
#321 = CARTESIAN_POINT ( 'NONE',  ( -0.4099999999999996980, -1.820000000000000506, 0.7000000000000000666 ) ) ;
#322 = DIRECTION ( 'NONE',  ( 0.000000000000000000, -1.000000000000000000, 0.000000000000000000 ) ) ;
#323 = CARTESIAN_POINT ( 'NONE',  ( -2.000000000000000444, 0.4099999999999997535, 0.7000000000000000666 ) ) ;
#324 = VERTEX_POINT ( 'NONE', #595 ) ;
#325 = CARTESIAN_POINT ( 'NONE',  ( 0.000000000000000000, 0.000000000000000000, 0.000000000000000000 ) ) ;
#326 = ORIENTED_EDGE ( 'NONE', *, *, #1423, .T. ) ;
#327 = VECTOR ( 'NONE', #1335, 100.0000000000000000 ) ;
#328 = ORIENTED_EDGE ( 'NONE', *, *, #921, .T. ) ;
#329 = CARTESIAN_POINT ( 'NONE',  ( -1.820000000000000506, 0.4099999999999995870, 1.199999999999999956 ) ) ;
#330 = VECTOR ( 'NONE', #1386, 100.0000000000000000 ) ;
#331 = CARTESIAN_POINT ( 'NONE',  ( 2.000000000000000444, 1.364999999999998437, 0.000000000000000000 ) ) ;
#332 = EDGE_CURVE ( 'NONE', #29, #1008, #469, .T. ) ;
#333 = VECTOR ( 'NONE', #1462, 100.0000000000000000 ) ;
#334 = ORIENTED_EDGE ( 'NONE', *, *, #1206, .T. ) ;
#335 = CARTESIAN_POINT ( 'NONE',  ( 16.63499999999999801, 1.365000000000001101, 0.8824999999999999512 ) ) ;
#336 = ORIENTED_EDGE ( 'NONE', *, *, #560, .F. ) ;
#337 = LINE ( 'NONE', #1302, #607 ) ;
#338 = VECTOR ( 'NONE', #365, 100.0000000000000000 ) ;
#339 = CARTESIAN_POINT ( 'NONE',  ( -16.63499999999999801, 1.364999999999996438, 0.8824999999999999512 ) ) ;
#340 = COLOUR_RGB ( '',0.7921568627450980005, 0.8196078431372548767, 0.9333333333333333481 ) ;
#341 = DIRECTION ( 'NONE',  ( -4.818676322157798361E-16, 1.000000000000000000, 0.000000000000000000 ) ) ;
#342 = ORIENTED_EDGE ( 'NONE', *, *, #393, .T. ) ;
#343 = PLANE ( 'NONE',  #38 ) ;
#344 = EDGE_CURVE ( 'NONE', #461, #647, #247, .T. ) ;
#345 = SURFACE_STYLE_USAGE ( .BOTH. , #1434 ) ;
#346 = EDGE_CURVE ( 'NONE', #1069, #29, #1092, .T. ) ;
#347 = LINE ( 'NONE', #462, #245 ) ;
#348 = CARTESIAN_POINT ( 'NONE',  ( 0.000000000000000000, 0.000000000000000000, 0.8824999999999999512 ) ) ;
#349 = ORIENTED_EDGE ( 'NONE', *, *, #567, .F. ) ;
#350 = ORIENTED_EDGE ( 'NONE', *, *, #1149, .F. ) ;
#351 = EDGE_LOOP ( 'NONE', ( #650, #602, #269, #91 ) ) ;
#352 = DIRECTION ( 'NONE',  ( -1.249637081581196951E-16, 1.000000000000000000, 0.000000000000000000 ) ) ;
#353 = EDGE_LOOP ( 'NONE', ( #266, #193, #696, #736 ) ) ;
#354 = PLANE ( 'NONE',  #1375 ) ;
#355 = LINE ( 'NONE', #847, #89 ) ;
#356 = DIRECTION ( 'NONE',  ( -1.000000000000000000, 0.000000000000000000, 0.000000000000000000 ) ) ;
#357 = PRODUCT_CONTEXT ( 'NONE', #977, 'mechanical' ) ;
#358 = AXIS2_PLACEMENT_3D ( 'NONE', #591, #356, #57 ) ;
#359 = CIRCLE ( 'NONE', #224, 2.500000000000000000 ) ;
#360 = FACE_OUTER_BOUND ( 'NONE', #651, .T. ) ;
#361 = EDGE_CURVE ( 'NONE', #841, #276, #845, .T. ) ;
#362 = EDGE_CURVE ( 'NONE', #752, #519, #347, .T. ) ;
#363 = DIRECTION ( 'NONE',  ( 1.000000000000000000, 0.000000000000000000, 0.000000000000000000 ) ) ;
#364 = CARTESIAN_POINT ( 'NONE',  ( 0.000000000000000000, 0.000000000000000000, 0.000000000000000000 ) ) ;
#365 = DIRECTION ( 'NONE',  ( 1.000000000000000000, 2.385670792109557660E-16, 0.000000000000000000 ) ) ;
#366 = ORIENTED_EDGE ( 'NONE', *, *, #1047, .T. ) ;
#367 = EDGE_LOOP ( 'NONE', ( #699, #897, #372, #186, #208 ) ) ;
#368 = CARTESIAN_POINT ( 'NONE',  ( -2.000000000000000000, -1.500000000000000888, 0.000000000000000000 ) ) ;
#369 = FACE_OUTER_BOUND ( 'NONE', #486, .T. ) ;
#370 = CARTESIAN_POINT ( 'NONE',  ( 0.000000000000000000, 0.000000000000000000, 0.8824999999999999512 ) ) ;
#371 = FACE_OUTER_BOUND ( 'NONE', #194, .T. ) ;
#372 = ORIENTED_EDGE ( 'NONE', *, *, #547, .T. ) ;
#373 = VERTEX_POINT ( 'NONE', #1582 ) ;
#374 = CARTESIAN_POINT ( 'NONE',  ( -0.7679571668975720966, -1.200000000000000178, 0.7000000000000000666 ) ) ;
#375 = FACE_OUTER_BOUND ( 'NONE', #1209, .T. ) ;
#376 = LINE ( 'NONE', #744, #144 ) ;
#377 = CARTESIAN_POINT ( 'NONE',  ( 2.000000000000000444, 1.500000000000000666, 0.8824999999999999512 ) ) ;
#378 = ORIENTED_EDGE ( 'NONE', *, *, #560, .T. ) ;
#379 = ORIENTED_EDGE ( 'NONE', *, *, #236, .F. ) ;
#380 = DIRECTION ( 'NONE',  ( -2.258880508902365962E-16, 1.000000000000000000, 0.000000000000000000 ) ) ;
#381 = DIRECTION ( 'NONE',  ( -0.000000000000000000, 0.000000000000000000, 1.000000000000000000 ) ) ;
#382 = DIRECTION ( 'NONE',  ( 0.000000000000000000, 0.000000000000000000, -1.000000000000000000 ) ) ;
#383 = DIRECTION ( 'NONE',  ( -1.000000000000000000, -4.818676322157799347E-16, 0.000000000000000000 ) ) ;
#384 = ORIENTED_EDGE ( 'NONE', *, *, #65, .F. ) ;
#385 = VECTOR ( 'NONE', #489, 100.0000000000000000 ) ;
#386 = DIRECTION ( 'NONE',  ( 0.000000000000000000, -1.000000000000000000, 0.000000000000000000 ) ) ;
#387 = LINE ( 'NONE', #1102, #15 ) ;
#388 = VECTOR ( 'NONE', #1447, 100.0000000000000000 ) ;
#389 = PLANE ( 'NONE',  #660 ) ;
#390 = EDGE_CURVE ( 'NONE', #395, #1541, #220, .T. ) ;
#391 = ORIENTED_EDGE ( 'NONE', *, *, #1058, .T. ) ;
#392 = ORIENTED_EDGE ( 'NONE', *, *, #456, .T. ) ;
#393 = EDGE_CURVE ( 'NONE', #79, #1226, #722, .T. ) ;
#394 = DIRECTION ( 'NONE',  ( -0.000000000000000000, 0.000000000000000000, 1.000000000000000000 ) ) ;
#395 = VERTEX_POINT ( 'NONE', #1450 ) ;
#396 = ORIENTED_EDGE ( 'NONE', *, *, #390, .F. ) ;
#397 = LINE ( 'NONE', #894, #201 ) ;
#398 = EDGE_LOOP ( 'NONE', ( #155, #204, #830, #1133, #511, #1324, #483, #293, #582, #1262, #1037, #499 ) ) ;
#399 = ADVANCED_FACE ( 'NONE', ( #360 ), #354, .T. ) ;
#400 = ORIENTED_EDGE ( 'NONE', *, *, #664, .T. ) ;
#401 = CARTESIAN_POINT ( 'NONE',  ( -1.365000000000000213, -1.364999999999997993, 1.199999999999999956 ) ) ;
#402 = CARTESIAN_POINT ( 'NONE',  ( 0.4100000000000000311, 2.000000000000000444, 0.7000000000000000666 ) ) ;
#403 = CARTESIAN_POINT ( 'NONE',  ( -1.200000000000000178, 0.7679571668975719856, 1.199999999999999956 ) ) ;
#404 = ORIENTED_EDGE ( 'NONE', *, *, #501, .T. ) ;
#405 = EDGE_CURVE ( 'NONE', #465, #1017, #530, .T. ) ;
#406 = CIRCLE ( 'NONE', #1268, 2.500000000000000000 ) ;
#407 = DIRECTION ( 'NONE',  ( -0.000000000000000000, 0.000000000000000000, 1.000000000000000000 ) ) ;
#408 = AXIS2_PLACEMENT_3D ( 'NONE', #1286, #301, #649 ) ;
#409 = EDGE_CURVE ( 'NONE', #1091, #928, #1231, .T. ) ;
#410 = AXIS2_PLACEMENT_3D ( 'NONE', #1045, #36, #669 ) ;
#411 = VECTOR ( 'NONE', #1521, 100.0000000000000000 ) ;
#412 = DIRECTION ( 'NONE',  ( 1.000000000000000000, 0.000000000000000000, 0.000000000000000000 ) ) ;
#413 = ORIENTED_EDGE ( 'NONE', *, *, #116, .T. ) ;
#414 = ORIENTED_EDGE ( 'NONE', *, *, #65, .T. ) ;
#415 = LINE ( 'NONE', #910, #330 ) ;
#416 = PLANE ( 'NONE',  #764 ) ;
#417 = PLANE ( 'NONE',  #277 ) ;
#418 = VERTEX_POINT ( 'NONE', #1098 ) ;
#419 = LINE ( 'NONE', #685, #1205 ) ;
#420 = ORIENTED_EDGE ( 'NONE', *, *, #1313, .F. ) ;
#421 = DIRECTION ( 'NONE',  ( -1.817653936845376936E-16, 1.000000000000000000, 0.000000000000000000 ) ) ;
#422 = ORIENTED_EDGE ( 'NONE', *, *, #983, .F. ) ;
#423 = DIRECTION ( 'NONE',  ( 0.000000000000000000, 0.000000000000000000, -1.000000000000000000 ) ) ;
#424 = DIRECTION ( 'NONE',  ( 0.000000000000000000, -1.000000000000000000, 0.000000000000000000 ) ) ;
#425 = ADVANCED_FACE ( 'NONE', ( #231 ), #226, .T. ) ;
#426 = FACE_OUTER_BOUND ( 'NONE', #1550, .T. ) ;
#427 = VECTOR ( 'NONE', #1179, 100.0000000000000000 ) ;
#428 = VECTOR ( 'NONE', #1406, 100.0000000000000000 ) ;
#429 = ORIENTED_EDGE ( 'NONE', *, *, #1071, .F. ) ;
#430 = ORIENTED_EDGE ( 'NONE', *, *, #909, .F. ) ;
#431 = CARTESIAN_POINT ( 'NONE',  ( -0.4099999999999997535, -2.000000000000000444, 0.7000000000000000666 ) ) ;
#432 = CARTESIAN_POINT ( 'NONE',  ( 1.365000000000002212, -1.365000000000000213, 0.8824999999999999512 ) ) ;
#433 = VECTOR ( 'NONE', #1588, 100.0000000000000000 ) ;
#434 = EDGE_CURVE ( 'NONE', #1245, #440, #481, .T. ) ;
#435 = CARTESIAN_POINT ( 'NONE',  ( -2.000000000000000444, -0.4100000000000003642, 0.7000000000000000666 ) ) ;
#436 = VERTEX_POINT ( 'NONE', #852 ) ;
#437 = ADVANCED_FACE ( 'NONE', ( #375 ), #865, .F. ) ;
#438 = LINE ( 'NONE', #932, #1249 ) ;
#439 = CARTESIAN_POINT ( 'NONE',  ( 0.4100000000000001976, -1.820000000000000506, 0.7000000000000000666 ) ) ;
#440 = VERTEX_POINT ( 'NONE', #1201 ) ;
#441 = VERTEX_POINT ( 'NONE', #1210 ) ;
#442 = DIRECTION ( 'NONE',  ( 0.000000000000000000, -1.000000000000000000, 0.000000000000000000 ) ) ;
#443 = ORIENTED_EDGE ( 'NONE', *, *, #799, .T. ) ;
#444 = DIRECTION ( 'NONE',  ( 0.000000000000000000, 1.000000000000000000, 0.000000000000000000 ) ) ;
#445 = ORIENTED_EDGE ( 'NONE', *, *, #97, .T. ) ;
#446 = ORIENTED_EDGE ( 'NONE', *, *, #361, .T. ) ;
#447 = DIRECTION ( 'NONE',  ( -0.000000000000000000, 0.000000000000000000, 1.000000000000000000 ) ) ;
#448 = CARTESIAN_POINT ( 'NONE',  ( 0.7679571668975724297, -1.199999999999999956, 1.199999999999999956 ) ) ;
#449 = ORIENTED_EDGE ( 'NONE', *, *, #1082, .F. ) ;
#450 = DIRECTION ( 'NONE',  ( -0.000000000000000000, 0.000000000000000000, 1.000000000000000000 ) ) ;
#451 = ADVANCED_FACE ( 'NONE', ( #1331 ), #1214, .F. ) ;
#452 = VERTEX_POINT ( 'NONE', #1568 ) ;
#453 = VECTOR ( 'NONE', #1440, 100.0000000000000000 ) ;
#454 = ORIENTED_EDGE ( 'NONE', *, *, #217, .T. ) ;
#455 = DIRECTION ( 'NONE',  ( -1.249637081581196951E-16, 1.000000000000000000, -0.000000000000000000 ) ) ;
#456 = EDGE_CURVE ( 'NONE', #452, #883, #473, .T. ) ;
#457 = VECTOR ( 'NONE', #1397, 100.0000000000000000 ) ;
#458 = LINE ( 'NONE', #1553, #388 ) ;
#459 = DIRECTION ( 'NONE',  ( 1.000000000000000000, 4.818676322157799347E-16, 0.000000000000000000 ) ) ;
#460 = CIRCLE ( 'NONE', #1138, 0.3049999999999999933 ) ;
#461 = VERTEX_POINT ( 'NONE', #661 ) ;
#462 = CARTESIAN_POINT ( 'NONE',  ( 1.500000000000000666, -2.000000000000000000, 0.8824999999999999512 ) ) ;
#463 = AXIS2_PLACEMENT_3D ( 'NONE', #132, #124, #1485 ) ;
#464 = ORIENTED_EDGE ( 'NONE', *, *, #963, .T. ) ;
#465 = VERTEX_POINT ( 'NONE', #1507 ) ;
#466 = DIRECTION ( 'NONE',  ( -0.000000000000000000, 0.000000000000000000, 1.000000000000000000 ) ) ;
#467 = CARTESIAN_POINT ( 'NONE',  ( 1.199999999999999956, -0.7679571668975722076, 0.7000000000000000666 ) ) ;
#468 = ORIENTED_EDGE ( 'NONE', *, *, #789, .F. ) ;
#469 = LINE ( 'NONE', #839, #900 ) ;
#470 = CARTESIAN_POINT ( 'NONE',  ( -1.999999999999999112, -1.364999999999997993, 1.199999999999999956 ) ) ;
#471 = DIRECTION ( 'NONE',  ( 0.000000000000000000, 1.000000000000000000, 0.000000000000000000 ) ) ;
#472 = LINE ( 'NONE', #1425, #831 ) ;
#473 = LINE ( 'NONE', #974, #1154 ) ;
#474 = EDGE_CURVE ( 'NONE', #1226, #793, #1276, .T. ) ;
#475 = LINE ( 'NONE', #103, #117 ) ;
#476 = CARTESIAN_POINT ( 'NONE',  ( -0.7679571668975722076, 1.199999999999999956, 1.199999999999999956 ) ) ;
#477 = VERTEX_POINT ( 'NONE', #771 ) ;
#478 = EDGE_CURVE ( 'NONE', #1213, #647, #1103, .T. ) ;
#479 = VECTOR ( 'NONE', #1218, 100.0000000000000000 ) ;
#480 = CARTESIAN_POINT ( 'NONE',  ( -1.820000000000000506, 0.4099999999999995870, 1.199999999999999956 ) ) ;
#481 = LINE ( 'NONE', #1086, #479 ) ;
#482 = VECTOR ( 'NONE', #381, 100.0000000000000000 ) ;
#483 = ORIENTED_EDGE ( 'NONE', *, *, #707, .T. ) ;
#484 = FACE_OUTER_BOUND ( 'NONE', #125, .T. ) ;
#485 = ORIENTED_EDGE ( 'NONE', *, *, #221, .F. ) ;
#486 = EDGE_LOOP ( 'NONE', ( #1141, #545, #954, #809 ) ) ;
#487 = CARTESIAN_POINT ( 'NONE',  ( 1.500000000000000666, -2.000000000000000000, 0.000000000000000000 ) ) ;
#488 = DIRECTION ( 'NONE',  ( 0.000000000000000000, -1.000000000000000000, 0.000000000000000000 ) ) ;
#489 = DIRECTION ( 'NONE',  ( -2.312964634635742957E-16, 1.000000000000000000, 0.000000000000000000 ) ) ;
#490 = CYLINDRICAL_SURFACE ( 'NONE', #655, 2.500000000000000000 ) ;
#491 = ADVANCED_FACE ( 'NONE', ( #1159 ), #1114, .F. ) ;
#492 = ORIENTED_EDGE ( 'NONE', *, *, #95, .F. ) ;
#493 = ORIENTED_EDGE ( 'NONE', *, *, #1250, .T. ) ;
#494 = CARTESIAN_POINT ( 'NONE',  ( 0.4100000000000001421, 2.000000000000000444, 0.7000000000000000666 ) ) ;
#495 = CARTESIAN_POINT ( 'NONE',  ( 2.000000000000000444, -1.499999999999999334, 0.000000000000000000 ) ) ;
#496 = LINE ( 'NONE', #532, #278 ) ;
#497 = DIRECTION ( 'NONE',  ( 0.000000000000000000, -1.000000000000000000, 0.000000000000000000 ) ) ;
#498 = FACE_OUTER_BOUND ( 'NONE', #631, .T. ) ;
#499 = ORIENTED_EDGE ( 'NONE', *, *, #665, .T. ) ;
#500 = LINE ( 'NONE', #590, #788 ) ;
#501 = EDGE_CURVE ( 'NONE', #1245, #1385, #875, .T. ) ;
#502 = PLANE ( 'NONE',  #228 ) ;
#503 = CARTESIAN_POINT ( 'NONE',  ( 2.000000000000000444, 0.4100000000000001421, 0.7000000000000000666 ) ) ;
#504 = EDGE_CURVE ( 'NONE', #682, #1017, #28, .T. ) ;
#505 = ORIENTED_EDGE ( 'NONE', *, *, #362, .T. ) ;
#506 = ORIENTED_EDGE ( 'NONE', *, *, #1398, .F. ) ;
#507 = FACE_OUTER_BOUND ( 'NONE', #1105, .T. ) ;
#508 = DIRECTION ( 'NONE',  ( -0.5000000000000045519, 0.8660254037844360431, 0.000000000000000000 ) ) ;
#509 = FACE_BOUND ( 'NONE', #12, .T. ) ;
#510 = AXIS2_PLACEMENT_3D ( 'NONE', #92, #982, #102 ) ;
#511 = ORIENTED_EDGE ( 'NONE', *, *, #112, .F. ) ;
#512 = DIRECTION ( 'NONE',  ( -0.000000000000000000, 0.000000000000000000, 1.000000000000000000 ) ) ;
#513 = VECTOR ( 'NONE', #442, 100.0000000000000000 ) ;
#514 = ADVANCED_FACE ( 'NONE', ( #1383 ), #312, .F. ) ;
#515 = ORIENTED_EDGE ( 'NONE', *, *, #1015, .F. ) ;
#516 = LINE ( 'NONE', #495, #68 ) ;
#517 = CARTESIAN_POINT ( 'NONE',  ( -0.4099999999999999201, 1.820000000000000506, 0.7000000000000000666 ) ) ;
#518 = EDGE_CURVE ( 'NONE', #461, #779, #359, .T. ) ;
#519 = VERTEX_POINT ( 'NONE', #803 ) ;
#520 = EDGE_CURVE ( 'NONE', #136, #1436, #1167, .T. ) ;
#521 = DIRECTION ( 'NONE',  ( -0.000000000000000000, 0.000000000000000000, 1.000000000000000000 ) ) ;
#522 = DIRECTION ( 'NONE',  ( 3.067291018426574134E-16, -1.000000000000000000, 0.000000000000000000 ) ) ;
#523 = EDGE_CURVE ( 'NONE', #16, #237, #995, .T. ) ;
#524 = ORIENTED_EDGE ( 'NONE', *, *, #1366, .T. ) ;
#525 = DIRECTION ( 'NONE',  ( 0.5000000000000039968, 0.8660254037844362651, 0.000000000000000000 ) ) ;
#526 = ORIENTED_EDGE ( 'NONE', *, *, #1356, .T. ) ;
#527 = CARTESIAN_POINT ( 'NONE',  ( 0.4099999999999999201, 1.820000000000000506, 1.199999999999999956 ) ) ;
#528 = VECTOR ( 'NONE', #708, 100.0000000000000000 ) ;
#529 = ORIENTED_EDGE ( 'NONE', *, *, #1366, .F. ) ;
#530 = CIRCLE ( 'NONE', #299, 0.3049999999999999933 ) ;
#531 = AXIS2_PLACEMENT_3D ( 'NONE', #370, #1484, #147 ) ;
#532 = CARTESIAN_POINT ( 'NONE',  ( 0.4100000000000001976, -1.820000000000000506, 0.7000000000000000666 ) ) ;
#533 = FACE_OUTER_BOUND ( 'NONE', #353, .T. ) ;
#534 = CARTESIAN_POINT ( 'NONE',  ( -2.000000000000000000, -1.500000000000000888, 0.8824999999999999512 ) ) ;
#535 = LINE ( 'NONE', #539, #457 ) ;
#536 = ADVANCED_FACE ( 'NONE', ( #537 ), #3, .F. ) ;
#537 = FACE_OUTER_BOUND ( 'NONE', #1351, .T. ) ;
#538 = CARTESIAN_POINT ( 'NONE',  ( -2.000000000000000000, -1.500000000000000888, 1.199999999999999956 ) ) ;
#539 = CARTESIAN_POINT ( 'NONE',  ( 2.000000000000000444, -0.4099999999999999201, 0.7000000000000000666 ) ) ;
#540 = CARTESIAN_POINT ( 'NONE',  ( 2.000000000000000444, -0.4099999999999999201, 0.7000000000000000666 ) ) ;
#541 = EDGE_CURVE ( 'NONE', #863, #915, #34, .T. ) ;
#542 = CARTESIAN_POINT ( 'NONE',  ( -0.4099999999999999201, -2.000000000000000444, 0.7000000000000000666 ) ) ;
#543 = ORIENTED_EDGE ( 'NONE', *, *, #769, .T. ) ;
#544 = DIRECTION ( 'NONE',  ( -2.258880508902365962E-16, 1.000000000000000000, -0.000000000000000000 ) ) ;
#545 = ORIENTED_EDGE ( 'NONE', *, *, #1256, .T. ) ;
#546 = FACE_OUTER_BOUND ( 'NONE', #939, .T. ) ;
#547 = EDGE_CURVE ( 'NONE', #752, #838, #158, .T. ) ;
#548 = LINE ( 'NONE', #1078, #60 ) ;
#549 = AXIS2_PLACEMENT_3D ( 'NONE', #1100, #1333, #121 ) ;
#550 = VECTOR ( 'NONE', #394, 100.0000000000000000 ) ;
#551 = ORIENTED_EDGE ( 'NONE', *, *, #1492, .F. ) ;
#552 = ORIENTED_EDGE ( 'NONE', *, *, #1283, .F. ) ;
#553 = ORIENTED_EDGE ( 'NONE', *, *, #853, .T. ) ;
#554 = PLANE ( 'NONE',  #1433 ) ;
#555 = CARTESIAN_POINT ( 'NONE',  ( -0.4099999999999997535, -2.000000000000000444, 0.7000000000000000666 ) ) ;
#556 = VECTOR ( 'NONE', #1229, 100.0000000000000000 ) ;
#557 = PLANE ( 'NONE',  #849 ) ;
#558 = ORIENTED_EDGE ( 'NONE', *, *, #1011, .T. ) ;
#559 = DIRECTION ( 'NONE',  ( -1.000000000000000000, -2.312964634635742957E-16, 0.000000000000000000 ) ) ;
#560 = EDGE_CURVE ( 'NONE', #1323, #452, #496, .T. ) ;
#561 = LINE ( 'NONE', #1063, #1486 ) ;
#562 = ORIENTED_EDGE ( 'NONE', *, *, #740, .F. ) ;
#563 = CARTESIAN_POINT ( 'NONE',  ( 2.000000000000001776, -1.365000000000000213, 0.8824999999999999512 ) ) ;
#564 = PLANE ( 'NONE',  #1488 ) ;
#565 = CARTESIAN_POINT ( 'NONE',  ( -1.499999999999999334, -2.000000000000000888, 0.000000000000000000 ) ) ;
#566 = CARTESIAN_POINT ( 'NONE',  ( 0.4100000000000001976, -1.820000000000000506, 0.7000000000000000666 ) ) ;
#567 = EDGE_CURVE ( 'NONE', #101, #1436, #1033, .T. ) ;
#568 = ORIENTED_EDGE ( 'NONE', *, *, #346, .F. ) ;
#569 = DIRECTION ( 'NONE',  ( 3.067291018426574134E-16, -1.000000000000000000, 0.000000000000000000 ) ) ;
#570 = DIRECTION ( 'NONE',  ( 0.000000000000000000, 1.000000000000000000, 0.000000000000000000 ) ) ;
#571 = EDGE_CURVE ( 'NONE', #1316, #987, #281, .T. ) ;
#572 = ORIENTED_EDGE ( 'NONE', *, *, #1540, .F. ) ;
#573 = ADVANCED_BREP_SHAPE_REPRESENTATION ( 'vertex-base_61', ( #1563, #151 ), #794 ) ;
#574 = VERTEX_POINT ( 'NONE', #1514 ) ;
#575 = DIRECTION ( 'NONE',  ( 0.000000000000000000, 0.000000000000000000, -1.000000000000000000 ) ) ;
#576 = DIRECTION ( 'NONE',  ( -1.000000000000000000, -2.312964634635742957E-16, 0.000000000000000000 ) ) ;
#577 = LINE ( 'NONE', #1326, #338 ) ;
#578 = PLANE ( 'NONE',  #1202 ) ;
#579 = ORIENTED_EDGE ( 'NONE', *, *, #747, .F. ) ;
#580 = DIRECTION ( 'NONE',  ( 0.000000000000000000, 0.000000000000000000, -1.000000000000000000 ) ) ;
#581 = EDGE_CURVE ( 'NONE', #1365, #834, #415, .T. ) ;
#582 = ORIENTED_EDGE ( 'NONE', *, *, #1533, .F. ) ;
#583 = VECTOR ( 'NONE', #605, 100.0000000000000000 ) ;
#584 = ORIENTED_EDGE ( 'NONE', *, *, #344, .T. ) ;
#585 = AXIS2_PLACEMENT_3D ( 'NONE', #960, #716, #238 ) ;
#586 = DIRECTION ( 'NONE',  ( 0.000000000000000000, 0.000000000000000000, 1.000000000000000000 ) ) ;
#587 = VECTOR ( 'NONE', #1192, 100.0000000000000000 ) ;
#588 = ORIENTED_EDGE ( 'NONE', *, *, #641, .F. ) ;
#589 = DIRECTION ( 'NONE',  ( 0.000000000000000000, -1.000000000000000000, 0.000000000000000000 ) ) ;
#590 = CARTESIAN_POINT ( 'NONE',  ( -1.820000000000000506, 0.4099999999999995870, 0.7000000000000000666 ) ) ;
#591 = CARTESIAN_POINT ( 'NONE',  ( 2.000000000000000444, 1.500000000000000666, 0.000000000000000000 ) ) ;
#592 = CARTESIAN_POINT ( 'NONE',  ( -1.820000000000000506, -0.4100000000000003086, 1.199999999999999956 ) ) ;
#593 = ADVANCED_FACE ( 'NONE', ( #294 ), #1266, .F. ) ;
#594 = EDGE_LOOP ( 'NONE', ( #174, #9, #350, #310 ) ) ;
#595 = CARTESIAN_POINT ( 'NONE',  ( 0.7679571668975722076, 1.199999999999999956, 0.7000000000000000666 ) ) ;
#596 = CARTESIAN_POINT ( 'NONE',  ( -1.820000000000000506, -0.4100000000000003086, 0.7000000000000000666 ) ) ;
#597 = CARTESIAN_POINT ( 'NONE',  ( -1.364999999999999991, 16.63499999999999801, 0.8824999999999999512 ) ) ;
#598 = ADVANCED_FACE ( 'NONE', ( #965 ), #578, .F. ) ;
#599 = DIRECTION ( 'NONE',  ( 0.000000000000000000, 0.000000000000000000, 1.000000000000000000 ) ) ;
#600 = CARTESIAN_POINT ( 'NONE',  ( -0.4099999999999996980, -1.820000000000000506, 0.7000000000000000666 ) ) ;
#601 = ADVANCED_FACE ( 'NONE', ( #703 ), #713, .F. ) ;
#602 = ORIENTED_EDGE ( 'NONE', *, *, #32, .F. ) ;
#603 = DIRECTION ( 'NONE',  ( 0.000000000000000000, 0.000000000000000000, 1.000000000000000000 ) ) ;
#604 = CARTESIAN_POINT ( 'NONE',  ( 0.4100000000000000311, 2.000000000000000444, 0.7000000000000000666 ) ) ;
#605 = DIRECTION ( 'NONE',  ( 0.000000000000000000, 1.000000000000000000, 0.000000000000000000 ) ) ;
#606 = FACE_OUTER_BOUND ( 'NONE', #1589, .T. ) ;
#607 = VECTOR ( 'NONE', #1315, 100.0000000000000000 ) ;
#608 = VERTEX_POINT ( 'NONE', #470 ) ;
#609 = VECTOR ( 'NONE', #30, 100.0000000000000000 ) ;
#610 = DIRECTION ( 'NONE',  ( -0.5000000000000042188, -0.8660254037844362651, 0.000000000000000000 ) ) ;
#611 = CIRCLE ( 'NONE', #531, 2.500000000000000000 ) ;
#612 = LINE ( 'NONE', #1107, #385 ) ;
#613 = LINE ( 'NONE', #240, #1178 ) ;
#614 = ORIENTED_EDGE ( 'NONE', *, *, #1250, .F. ) ;
#615 = VERTEX_POINT ( 'NONE', #109 ) ;
#616 = CARTESIAN_POINT ( 'NONE',  ( -2.000000000000001776, 1.364999999999999991, 1.199999999999999956 ) ) ;
#617 = CARTESIAN_POINT ( 'NONE',  ( -1.500000000000000222, 2.000000000000000444, 0.8824999999999999512 ) ) ;
#618 = DIRECTION ( 'NONE',  ( 4.818676322157799347E-16, -1.000000000000000000, 0.000000000000000000 ) ) ;
#619 = EDGE_CURVE ( 'NONE', #959, #772, #1468, .T. ) ;
#620 = ADVANCED_FACE ( 'NONE', ( #211 ), #859, .F. ) ;
#621 = DIRECTION ( 'NONE',  ( -0.000000000000000000, 0.000000000000000000, 1.000000000000000000 ) ) ;
#622 = DIRECTION ( 'NONE',  ( -0.5000000000000042188, -0.8660254037844361541, 0.000000000000000000 ) ) ;
#623 = PLANE ( 'NONE',  #1352 ) ;
#624 = ORIENTED_EDGE ( 'NONE', *, *, #1015, .T. ) ;
#625 = ORIENTED_EDGE ( 'NONE', *, *, #474, .T. ) ;
#626 = DIRECTION ( 'NONE',  ( 0.000000000000000000, -1.000000000000000000, 0.000000000000000000 ) ) ;
#627 = EDGE_LOOP ( 'NONE', ( #925, #485, #1292, #392 ) ) ;
#628 = LINE ( 'NONE', #1585, #792 ) ;
#629 = LINE ( 'NONE', #1126, #1392 ) ;
#630 = ORIENTED_EDGE ( 'NONE', *, *, #1298, .F. ) ;
#631 = EDGE_LOOP ( 'NONE', ( #1244, #1505, #1275, #242 ) ) ;
#632 = VECTOR ( 'NONE', #1544, 100.0000000000000000 ) ;
#633 = CARTESIAN_POINT ( 'NONE',  ( -0.4099999999999997535, -2.000000000000000444, 1.199999999999999956 ) ) ;
#634 = FACE_OUTER_BOUND ( 'NONE', #1487, .T. ) ;
#635 = VECTOR ( 'NONE', #412, 100.0000000000000000 ) ;
#636 = VECTOR ( 'NONE', #1528, 100.0000000000000000 ) ;
#637 = ORIENTED_EDGE ( 'NONE', *, *, #843, .F. ) ;
#638 = AXIS2_PLACEMENT_3D ( 'NONE', #10, #1246, #1014 ) ;
#639 = LINE ( 'NONE', #377, #1509 ) ;
#640 =( GEOMETRIC_REPRESENTATION_CONTEXT ( 3 ) GLOBAL_UNCERTAINTY_ASSIGNED_CONTEXT ( ( #888 ) ) GLOBAL_UNIT_ASSIGNED_CONTEXT ( ( #856, #731, #1473 ) ) REPRESENTATION_CONTEXT ( 'NONE', 'WORKASPACE' ) );
#641 = EDGE_CURVE ( 'NONE', #1028, #857, #969, .T. ) ;
#642 = ORIENTED_EDGE ( 'NONE', *, *, #1259, .T. ) ;
#643 = EDGE_CURVE ( 'NONE', #207, #872, #729, .T. ) ;
#644 = CARTESIAN_POINT ( 'NONE',  ( -0.4099999999999997535, -2.000000000000000444, 1.199999999999999956 ) ) ;
#645 = LINE ( 'NONE', #259, #1030 ) ;
#646 = LINE ( 'NONE', #996, #550 ) ;
#647 = VERTEX_POINT ( 'NONE', #1380 ) ;
#648 = DIRECTION ( 'NONE',  ( 4.818676322157798361E-16, 1.000000000000000000, 0.000000000000000000 ) ) ;
#649 = DIRECTION ( 'NONE',  ( 0.000000000000000000, -1.000000000000000000, 0.000000000000000000 ) ) ;
#650 = ORIENTED_EDGE ( 'NONE', *, *, #889, .T. ) ;
#651 = EDGE_LOOP ( 'NONE', ( #1432, #1362, #1515, #1416, #18 ) ) ;
#652 = DIRECTION ( 'NONE',  ( 0.000000000000000000, 0.000000000000000000, -1.000000000000000000 ) ) ;
#653 = ORIENTED_EDGE ( 'NONE', *, *, #1058, .F. ) ;
#654 = CARTESIAN_POINT ( 'NONE',  ( -1.499999999999999334, -2.000000000000000888, 0.000000000000000000 ) ) ;
#655 = AXIS2_PLACEMENT_3D ( 'NONE', #1359, #990, #471 ) ;
#656 = ORIENTED_EDGE ( 'NONE', *, *, #1340, .F. ) ;
#657 = VECTOR ( 'NONE', #942, 100.0000000000000142 ) ;
#658 = ADVANCED_FACE ( 'NONE', ( #1124 ), #1357, .F. ) ;
#659 = VECTOR ( 'NONE', #1009, 100.0000000000000000 ) ;
#660 = AXIS2_PLACEMENT_3D ( 'NONE', #503, #1104, #882 ) ;
#661 = CARTESIAN_POINT ( 'NONE',  ( -2.000000000000000000, -1.500000000000000888, 0.000000000000000000 ) ) ;
#662 = ORIENTED_EDGE ( 'NONE', *, *, #48, .F. ) ;
#663 = LINE ( 'NONE', #806, #1376 ) ;
#664 = EDGE_CURVE ( 'NONE', #1316, #79, #1007, .T. ) ;
#665 = EDGE_CURVE ( 'NONE', #863, #8, #1261, .T. ) ;
#666 = ORIENTED_EDGE ( 'NONE', *, *, #523, .T. ) ;
#667 = CARTESIAN_POINT ( 'NONE',  ( 0.000000000000000000, 0.000000000000000000, 0.000000000000000000 ) ) ;
#668 = EDGE_LOOP ( 'NONE', ( #558, #782, #1387, #257 ) ) ;
#669 = DIRECTION ( 'NONE',  ( 0.000000000000000000, 1.000000000000000000, 0.000000000000000000 ) ) ;
#670 = CARTESIAN_POINT ( 'NONE',  ( -0.4099999999999996980, -1.820000000000000506, 0.7000000000000000666 ) ) ;
#671 = LINE ( 'NONE', #339, #741 ) ;
#672 = EDGE_LOOP ( 'NONE', ( #1111, #1, #420, #1404, #884, #1182, #1053, #584 ) ) ;
#673 = VERTEX_POINT ( 'NONE', #154 ) ;
#674 = DIRECTION ( 'NONE',  ( 0.000000000000000000, 0.000000000000000000, -1.000000000000000000 ) ) ;
#675 = CARTESIAN_POINT ( 'NONE',  ( 1.199999999999999956, 0.7679571668975723187, 0.7000000000000000666 ) ) ;
#676 = EDGE_CURVE ( 'NONE', #134, #465, #646, .T. ) ;
#677 = CARTESIAN_POINT ( 'NONE',  ( 1.364999999999995328, 16.63499999999999801, 1.199999999999999956 ) ) ;
#678 = ORIENTED_EDGE ( 'NONE', *, *, #520, .F. ) ;
#679 = DIRECTION ( 'NONE',  ( -0.000000000000000000, 0.000000000000000000, 1.000000000000000000 ) ) ;
#680 = AXIS2_PLACEMENT_3D ( 'NONE', #325, #450, #200 ) ;
#681 = ORIENTED_EDGE ( 'NONE', *, *, #1513, .F. ) ;
#682 = VERTEX_POINT ( 'NONE', #887 ) ;
#683 = ORIENTED_EDGE ( 'NONE', *, *, #676, .F. ) ;
#684 = EDGE_CURVE ( 'NONE', #1044, #608, #26, .T. ) ;
#685 = CARTESIAN_POINT ( 'NONE',  ( 0.4099999999999999201, 1.820000000000000506, 1.199999999999999956 ) ) ;
#686 = VECTOR ( 'NONE', #246, 100.0000000000000000 ) ;
#687 = DIRECTION ( 'NONE',  ( 0.000000000000000000, 0.000000000000000000, -1.000000000000000000 ) ) ;
#688 = EDGE_CURVE ( 'NONE', #440, #1411, #1232, .T. ) ;
#689 = ORIENTED_EDGE ( 'NONE', *, *, #504, .T. ) ;
#690 = CARTESIAN_POINT ( 'NONE',  ( -0.7679571668975722076, 1.199999999999999956, 0.7000000000000000666 ) ) ;
#691 = CARTESIAN_POINT ( 'NONE',  ( -1.364999999999998215, 1.364999999999999991, 0.8824999999999999512 ) ) ;
#692 = LINE ( 'NONE', #833, #732 ) ;
#693 = VERTEX_POINT ( 'NONE', #527 ) ;
#694 = LINE ( 'NONE', #1183, #283 ) ;
#695 = DIRECTION ( 'NONE',  ( -4.818676322157799347E-16, 1.000000000000000000, 0.000000000000000000 ) ) ;
#696 = ORIENTED_EDGE ( 'NONE', *, *, #930, .F. ) ;
#697 = FACE_OUTER_BOUND ( 'NONE', #243, .T. ) ;
#698 = DIRECTION ( 'NONE',  ( 0.000000000000000000, 0.000000000000000000, -1.000000000000000000 ) ) ;
#699 = ORIENTED_EDGE ( 'NONE', *, *, #1206, .F. ) ;
#700 = ORIENTED_EDGE ( 'NONE', *, *, #1472, .F. ) ;
#701 = CARTESIAN_POINT ( 'NONE',  ( -1.365000000000000213, -1.364999999999997993, 0.8824999999999999512 ) ) ;
#702 = CARTESIAN_POINT ( 'NONE',  ( 1.820000000000000506, 0.4100000000000000311, 1.199999999999999956 ) ) ;
#703 = FACE_OUTER_BOUND ( 'NONE', #1072, .T. ) ;
#704 = ORIENTED_EDGE ( 'NONE', *, *, #1194, .F. ) ;
#705 = DIRECTION ( 'NONE',  ( -1.000000000000000000, -1.136033710528360955E-16, 0.000000000000000000 ) ) ;
#706 = VERTEX_POINT ( 'NONE', #11 ) ;
#707 = EDGE_CURVE ( 'NONE', #250, #1091, #285, .T. ) ;
#708 = DIRECTION ( 'NONE',  ( 1.000000000000000000, 0.000000000000000000, 0.000000000000000000 ) ) ;
#709 = AXIS2_PLACEMENT_3D ( 'NONE', #718, #263, #138 ) ;
#710 = VECTOR ( 'NONE', #248, 100.0000000000000000 ) ;
#711 = CARTESIAN_POINT ( 'NONE',  ( 1.365000000000002212, -2.000000000000000000, 0.000000000000000000 ) ) ;
#712 = DIRECTION ( 'NONE',  ( 0.000000000000000000, -1.000000000000000000, 0.000000000000000000 ) ) ;
#713 = PLANE ( 'NONE',  #791 ) ;
#714 = VECTOR ( 'NONE', #827, 100.0000000000000000 ) ;
#715 = ORIENTED_EDGE ( 'NONE', *, *, #139, .F. ) ;
#716 = DIRECTION ( 'NONE',  ( 0.000000000000000000, 0.000000000000000000, -1.000000000000000000 ) ) ;
#717 = EDGE_CURVE ( 'NONE', #866, #79, #775, .T. ) ;
#718 = CARTESIAN_POINT ( 'NONE',  ( 0.000000000000000000, 0.000000000000000000, 0.000000000000000000 ) ) ;
#719 = ADVANCED_FACE ( 'NONE', ( #1115 ), #877, .F. ) ;
#720 = APPLICATION_PROTOCOL_DEFINITION ( 'draft international standard', 'automotive_design', 1998, #977 ) ;
#721 = ORIENTED_EDGE ( 'NONE', *, *, #405, .F. ) ;
#722 = LINE ( 'NONE', #1328, #1304 ) ;
#723 = LINE ( 'NONE', #730, #583 ) ;
#724 = DIRECTION ( 'NONE',  ( 0.000000000000000000, -1.000000000000000000, 0.000000000000000000 ) ) ;
#725 = VERTEX_POINT ( 'NONE', #260 ) ;
#726 = EDGE_CURVE ( 'NONE', #136, #1245, #4, .T. ) ;
#727 = CARTESIAN_POINT ( 'NONE',  ( 1.365000000000002212, -1.999999999999999112, 1.199999999999999956 ) ) ;
#728 = DIRECTION ( 'NONE',  ( -1.000000000000000000, -2.312964634635742957E-16, 0.000000000000000000 ) ) ;
#729 = LINE ( 'NONE', #1219, #1270 ) ;
#730 = CARTESIAN_POINT ( 'NONE',  ( 2.000000000000000444, -0.4099999999999999201, 0.7000000000000000666 ) ) ;
#731 =( NAMED_UNIT ( * ) PLANE_ANGLE_UNIT ( ) SI_UNIT ( $, .RADIAN. ) );
#732 = VECTOR ( 'NONE', #1455, 100.0000000000000000 ) ;
#733 = ADVANCED_FACE ( 'NONE', ( #634, #509 ), #20, .T. ) ;
#734 = ORIENTED_EDGE ( 'NONE', *, *, #1492, .T. ) ;
#735 = VECTOR ( 'NONE', #807, 100.0000000000000000 ) ;
#736 = ORIENTED_EDGE ( 'NONE', *, *, #179, .T. ) ;
#737 = PLANE ( 'NONE',  #1006 ) ;
#738 = DIRECTION ( 'NONE',  ( -1.000000000000000000, 0.000000000000000000, 0.000000000000000000 ) ) ;
#739 = DIRECTION ( 'NONE',  ( -2.312964634635742957E-16, 1.000000000000000000, 0.000000000000000000 ) ) ;
#740 = EDGE_CURVE ( 'NONE', #265, #250, #535, .T. ) ;
#741 = VECTOR ( 'NONE', #1549, 100.0000000000000000 ) ;
#742 = VECTOR ( 'NONE', #738, 100.0000000000000000 ) ;
#743 = MECHANICAL_DESIGN_GEOMETRIC_PRESENTATION_REPRESENTATION (  '', ( #1274 ), #640 ) ;
#744 = CARTESIAN_POINT ( 'NONE',  ( -1.820000000000000506, -0.4100000000000003086, 1.199999999999999956 ) ) ;
#745 = ORIENTED_EDGE ( 'NONE', *, *, #1370, .T. ) ;
#746 = ORIENTED_EDGE ( 'NONE', *, *, #769, .F. ) ;
#747 = EDGE_CURVE ( 'NONE', #441, #615, #780, .T. ) ;
#748 = LINE ( 'NONE', #284, #686 ) ;
#749 = CARTESIAN_POINT ( 'NONE',  ( -1.820000000000000506, -0.4100000000000003086, 0.7000000000000000666 ) ) ;
#750 = DIRECTION ( 'NONE',  ( 1.000000000000000000, -4.818676322157799347E-16, 0.000000000000000000 ) ) ;
#751 = CARTESIAN_POINT ( 'NONE',  ( -2.000000000000000444, -0.4100000000000003642, 0.7000000000000000666 ) ) ;
#752 = VERTEX_POINT ( 'NONE', #39 ) ;
#753 = EDGE_LOOP ( 'NONE', ( #943, #319, #290, #446, #776 ) ) ;
#754 = CARTESIAN_POINT ( 'NONE',  ( 2.000000000000001776, -1.365000000000000213, 1.199999999999999956 ) ) ;
#755 = DIRECTION ( 'NONE',  ( 2.385670792109557660E-16, -1.000000000000000000, 0.000000000000000000 ) ) ;
#756 = ORIENTED_EDGE ( 'NONE', *, *, #1430, .T. ) ;
#757 = DIRECTION ( 'NONE',  ( -1.000000000000000000, 4.818676322157798361E-16, 0.000000000000000000 ) ) ;
#758 = EDGE_CURVE ( 'NONE', #1267, #55, #818, .T. ) ;
#759 = EDGE_LOOP ( 'NONE', ( #1465, #1421, #937, #1180 ) ) ;
#760 = DIRECTION ( 'NONE',  ( 0.000000000000000000, -1.000000000000000000, 0.000000000000000000 ) ) ;
#761 = AXIS2_PLACEMENT_3D ( 'NONE', #1272, #580, #209 ) ;
#762 = CARTESIAN_POINT ( 'NONE',  ( 1.199999999999999956, -0.7679571668975722076, 0.7000000000000000666 ) ) ;
#763 = CARTESIAN_POINT ( 'NONE',  ( 2.000000000000000444, 1.500000000000000666, 0.000000000000000000 ) ) ;
#764 = AXIS2_PLACEMENT_3D ( 'NONE', #314, #1531, #913 ) ;
#765 = VECTOR ( 'NONE', #1068, 100.0000000000000000 ) ;
#766 = ORIENTED_EDGE ( 'NONE', *, *, #1540, .T. ) ;
#767 = PLANE ( 'NONE',  #1157 ) ;
#768 = VECTOR ( 'NONE', #19, 100.0000000000000142 ) ;
#769 = EDGE_CURVE ( 'NONE', #1389, #436, #64, .T. ) ;
#770 = VECTOR ( 'NONE', #586, 100.0000000000000000 ) ;
#771 = CARTESIAN_POINT ( 'NONE',  ( -2.000000000000000444, -0.4100000000000003642, 0.7000000000000000666 ) ) ;
#772 = VERTEX_POINT ( 'NONE', #168 ) ;
#773 = PLANE ( 'NONE',  #904 ) ;
#774 = CARTESIAN_POINT ( 'NONE',  ( -16.63499999999999801, 1.364999999999996438, 0.8824999999999999512 ) ) ;
#775 = LINE ( 'NONE', #1025, #1508 ) ;
#776 = ORIENTED_EDGE ( 'NONE', *, *, #1212, .F. ) ;
#777 = CARTESIAN_POINT ( 'NONE',  ( 0.000000000000000000, 0.000000000000000000, 1.199999999999999956 ) ) ;
#778 = DIRECTION ( 'NONE',  ( 0.000000000000000000, 0.000000000000000000, 1.000000000000000000 ) ) ;
#779 = VERTEX_POINT ( 'NONE', #654 ) ;
#780 = LINE ( 'NONE', #189, #657 ) ;
#781 = ADVANCED_FACE ( 'NONE', ( #292, #798 ), #416, .F. ) ;
#782 = ORIENTED_EDGE ( 'NONE', *, *, #166, .F. ) ;
#783 = CARTESIAN_POINT ( 'NONE',  ( 0.7679571668975722076, 1.199999999999999956, 1.199999999999999956 ) ) ;
#784 = EDGE_LOOP ( 'NONE', ( #642, #184, #86, #366, #1309, #27 ) ) ;
#785 = DIRECTION ( 'NONE',  ( 0.000000000000000000, 0.000000000000000000, -1.000000000000000000 ) ) ;
#786 = EDGE_CURVE ( 'NONE', #237, #1323, #1291, .T. ) ;
#787 = LINE ( 'NONE', #677, #428 ) ;
#788 = VECTOR ( 'NONE', #1463, 100.0000000000000000 ) ;
#789 = EDGE_CURVE ( 'NONE', #477, #101, #1280, .T. ) ;
#790 = FACE_OUTER_BOUND ( 'NONE', #594, .T. ) ;
#791 = AXIS2_PLACEMENT_3D ( 'NONE', #600, #1217, #1571 ) ;
#792 = VECTOR ( 'NONE', #512, 100.0000000000000000 ) ;
#793 = VERTEX_POINT ( 'NONE', #297 ) ;
#794 =( GEOMETRIC_REPRESENTATION_CONTEXT ( 3 ) GLOBAL_UNCERTAINTY_ASSIGNED_CONTEXT ( ( #1493 ) ) GLOBAL_UNIT_ASSIGNED_CONTEXT ( ( #1570, #986, #1130 ) ) REPRESENTATION_CONTEXT ( 'NONE', 'WORKASPACE' ) );
#795 = DIRECTION ( 'NONE',  ( -0.000000000000000000, 0.000000000000000000, 1.000000000000000000 ) ) ;
#796 = VERTEX_POINT ( 'NONE', #323 ) ;
#797 = CARTESIAN_POINT ( 'NONE',  ( -1.200000000000000178, 0.7679571668975719856, 0.7000000000000000666 ) ) ;
#798 = FACE_OUTER_BOUND ( 'NONE', #672, .T. ) ;
#799 = EDGE_CURVE ( 'NONE', #1389, #70, #787, .T. ) ;
#800 = DIRECTION ( 'NONE',  ( 0.000000000000000000, 0.000000000000000000, -1.000000000000000000 ) ) ;
#801 = CARTESIAN_POINT ( 'NONE',  ( -2.000000000000000444, 0.4099999999999996980, 0.7000000000000000666 ) ) ;
#802 = ORIENTED_EDGE ( 'NONE', *, *, #1543, .F. ) ;
#803 = CARTESIAN_POINT ( 'NONE',  ( -1.499999999999999334, -2.000000000000000888, 0.8824999999999999512 ) ) ;
#804 = ORIENTED_EDGE ( 'NONE', *, *, #405, .T. ) ;
#805 = CARTESIAN_POINT ( 'NONE',  ( -0.4099999999999996980, -1.820000000000000506, 1.199999999999999956 ) ) ;
#806 = CARTESIAN_POINT ( 'NONE',  ( -2.000000000000000000, -1.364999999999997993, 0.000000000000000000 ) ) ;
#807 = DIRECTION ( 'NONE',  ( 1.000000000000000000, 2.312964634635742957E-16, 0.000000000000000000 ) ) ;
#808 = APPLICATION_CONTEXT ( 'automotive_design' ) ;
#809 = ORIENTED_EDGE ( 'NONE', *, *, #1313, .T. ) ;
#810 = CARTESIAN_POINT ( 'NONE',  ( 0.4100000000000003086, -2.000000000000000444, 0.7000000000000000666 ) ) ;
#811 = ADVANCED_FACE ( 'NONE', ( #1177 ), #557, .F. ) ;
#812 = CARTESIAN_POINT ( 'NONE',  ( 2.000000000000000000, 1.500000000000000222, 0.8824999999999999512 ) ) ;
#813 = EDGE_CURVE ( 'NONE', #1323, #870, #47, .T. ) ;
#814 = LINE ( 'NONE', #1424, #453 ) ;
#815 = ORIENTED_EDGE ( 'NONE', *, *, #1118, .F. ) ;
#816 = DIRECTION ( 'NONE',  ( 1.000000000000000000, 0.000000000000000000, 0.000000000000000000 ) ) ;
#817 = CARTESIAN_POINT ( 'NONE',  ( -2.000000000000000888, 1.364999999999999991, 0.000000000000000000 ) ) ;
#818 = LINE ( 'NONE', #1271, #735 ) ;
#819 = EDGE_LOOP ( 'NONE', ( #391, #315, #430, #326 ) ) ;
#820 = ORIENTED_EDGE ( 'NONE', *, *, #185, .T. ) ;
#821 = LINE ( 'NONE', #1305, #251 ) ;
#822 = PRODUCT_DEFINITION ( 'UNKNOWN', '', #1054, #163 ) ;
#823 = VECTOR ( 'NONE', #858, 100.0000000000000000 ) ;
#824 = CARTESIAN_POINT ( 'NONE',  ( -0.4099999999999997535, -2.000000000000000444, 0.7000000000000000666 ) ) ;
#825 = EDGE_LOOP ( 'NONE', ( #170, #917, #505, #1012, #429, #107, #1427, #162, #1034, #1052, #320, #1314 ) ) ;
#826 = AXIS2_PLACEMENT_3D ( 'NONE', #797, #1269, #1161 ) ;
#827 = DIRECTION ( 'NONE',  ( -0.8660254037844360431, -0.5000000000000045519, 0.000000000000000000 ) ) ;
#828 = CARTESIAN_POINT ( 'NONE',  ( 1.820000000000000506, 0.4100000000000000311, 0.7000000000000000666 ) ) ;
#829 = CIRCLE ( 'NONE', #1532, 2.500000000000000000 ) ;
#830 = ORIENTED_EDGE ( 'NONE', *, *, #1419, .T. ) ;
#831 = VECTOR ( 'NONE', #576, 100.0000000000000000 ) ;
#832 = ORIENTED_EDGE ( 'NONE', *, *, #275, .T. ) ;
#833 = CARTESIAN_POINT ( 'NONE',  ( 1.365000000000002212, -16.63499999999999801, 1.199999999999999956 ) ) ;
#834 = VERTEX_POINT ( 'NONE', #670 ) ;
#835 = CARTESIAN_POINT ( 'NONE',  ( -1.820000000000000506, -0.4100000000000003086, 0.7000000000000000666 ) ) ;
#836 = PRESENTATION_STYLE_ASSIGNMENT (( #345 ) ) ;
#837 = DIRECTION ( 'NONE',  ( 1.931257307898213426E-16, -1.000000000000000000, 0.000000000000000000 ) ) ;
#838 = VERTEX_POINT ( 'NONE', #1059 ) ;
#839 = CARTESIAN_POINT ( 'NONE',  ( -1.364999999999998215, 2.000000000000000444, 0.000000000000000000 ) ) ;
#840 = ORIENTED_EDGE ( 'NONE', *, *, #1190, .F. ) ;
#841 = VERTEX_POINT ( 'NONE', #1169 ) ;
#842 = LINE ( 'NONE', #1413, #513 ) ;
#843 = EDGE_CURVE ( 'NONE', #574, #870, #981, .T. ) ;
#844 = ORIENTED_EDGE ( 'NONE', *, *, #676, .T. ) ;
#845 = LINE ( 'NONE', #1437, #327 ) ;
#846 = EDGE_CURVE ( 'NONE', #693, #857, #1405, .T. ) ;
#847 = CARTESIAN_POINT ( 'NONE',  ( 2.000000000000000444, 0.4100000000000001421, 0.7000000000000000666 ) ) ;
#848 = AXIS2_PLACEMENT_3D ( 'NONE', #970, #1564, #1471 ) ;
#849 = AXIS2_PLACEMENT_3D ( 'NONE', #1162, #1539, #75 ) ;
#850 = SHAPE_DEFINITION_REPRESENTATION ( #947, #573 ) ;
#851 = VECTOR ( 'NONE', #88, 100.0000000000000000 ) ;
#852 = CARTESIAN_POINT ( 'NONE',  ( 1.364999999999999991, 2.000000000000001776, 0.8824999999999999512 ) ) ;
#853 = EDGE_CURVE ( 'NONE', #779, #519, #198, .T. ) ;
#854 = LINE ( 'NONE', #1345, #1300 ) ;
#855 = EDGE_CURVE ( 'NONE', #725, #608, #663, .T. ) ;
#856 =( LENGTH_UNIT ( ) NAMED_UNIT ( * ) SI_UNIT ( .CENTI., .METRE. ) );
#857 = VERTEX_POINT ( 'NONE', #1168 ) ;
#858 = DIRECTION ( 'NONE',  ( -1.000000000000000000, -1.136033710528360955E-16, 0.000000000000000000 ) ) ;
#859 = PLANE ( 'NONE',  #902 ) ;
#860 = FACE_OUTER_BOUND ( 'NONE', #961, .T. ) ;
#861 = EDGE_CURVE ( 'NONE', #436, #772, #1538, .T. ) ;
#862 = ADVANCED_FACE ( 'NONE', ( #1289 ), #74, .F. ) ;
#863 = VERTEX_POINT ( 'NONE', #1035 ) ;
#864 = DIRECTION ( 'NONE',  ( 1.000000000000000000, 1.931257307898213426E-16, 0.000000000000000000 ) ) ;
#865 = PLANE ( 'NONE',  #953 ) ;
#866 = VERTEX_POINT ( 'NONE', #1519 ) ;
#867 = CARTESIAN_POINT ( 'NONE',  ( -0.4099999999999999201, 1.820000000000000506, 1.199999999999999956 ) ) ;
#868 = DIRECTION ( 'NONE',  ( 0.000000000000000000, -1.000000000000000000, 0.000000000000000000 ) ) ;
#869 = FACE_OUTER_BOUND ( 'NONE', #41, .T. ) ;
#870 = VERTEX_POINT ( 'NONE', #1312 ) ;
#871 = VECTOR ( 'NONE', #206, 100.0000000000000000 ) ;
#872 = VERTEX_POINT ( 'NONE', #828 ) ;
#873 = LINE ( 'NONE', #1377, #924 ) ;
#874 = LINE ( 'NONE', #1005, #876 ) ;
#875 = LINE ( 'NONE', #1390, #1346 ) ;
#876 = VECTOR ( 'NONE', #1490, 100.0000000000000000 ) ;
#877 = PLANE ( 'NONE',  #1225 ) ;
#878 = ORIENTED_EDGE ( 'NONE', *, *, #1176, .T. ) ;
#879 = CARTESIAN_POINT ( 'NONE',  ( -2.000000000000000000, -1.500000000000000888, 0.000000000000000000 ) ) ;
#880 = CARTESIAN_POINT ( 'NONE',  ( -1.500000000000000222, 2.000000000000000444, 1.199999999999999956 ) ) ;
#881 = PLANE ( 'NONE',  #304 ) ;
#882 = DIRECTION ( 'NONE',  ( -1.000000000000000000, -4.818676322157798361E-16, 0.000000000000000000 ) ) ;
#883 = VERTEX_POINT ( 'NONE', #448 ) ;
#884 = ORIENTED_EDGE ( 'NONE', *, *, #97, .F. ) ;
#885 = DIRECTION ( 'NONE',  ( -4.818676322157799347E-16, -1.000000000000000000, 0.000000000000000000 ) ) ;
#886 = DIRECTION ( 'NONE',  ( 1.000000000000000000, 2.385670792109557660E-16, 0.000000000000000000 ) ) ;
#887 = CARTESIAN_POINT ( 'NONE',  ( 0.000000000000000000, -0.3049999999999999933, 0.000000000000000000 ) ) ;
#888 = UNCERTAINTY_MEASURE_WITH_UNIT (LENGTH_MEASURE( 1.000000000000000082E-05 ), #856, 'distance_accuracy_value', 'NONE');
#889 = EDGE_CURVE ( 'NONE', #1265, #1085, #949, .T. ) ;
#890 = ORIENTED_EDGE ( 'NONE', *, *, #346, .T. ) ;
#891 = CARTESIAN_POINT ( 'NONE',  ( -0.7679571668975720966, -1.200000000000000178, 0.7000000000000000666 ) ) ;
#892 = LINE ( 'NONE', #1129, #433 ) ;
#893 = ORIENTED_EDGE ( 'NONE', *, *, #726, .T. ) ;
#894 = CARTESIAN_POINT ( 'NONE',  ( 1.820000000000000506, 0.4100000000000000311, 0.7000000000000000666 ) ) ;
#895 = LINE ( 'NONE', #1368, #980 ) ;
#896 = ADVANCED_FACE ( 'NONE', ( #533 ), #918, .F. ) ;
#897 = ORIENTED_EDGE ( 'NONE', *, *, #362, .F. ) ;
#898 = EDGE_CURVE ( 'NONE', #1091, #1258, #911, .T. ) ;
#899 = VERTEX_POINT ( 'NONE', #675 ) ;
#900 = VECTOR ( 'NONE', #129, 100.0000000000000000 ) ;
#901 = FACE_OUTER_BOUND ( 'NONE', #1369, .T. ) ;
#902 = AXIS2_PLACEMENT_3D ( 'NONE', #348, #698, #93 ) ;
#903 = ORIENTED_EDGE ( 'NONE', *, *, #1419, .F. ) ;
#904 = AXIS2_PLACEMENT_3D ( 'NONE', #374, #380, #1013 ) ;
#905 = EDGE_CURVE ( 'NONE', #1150, #1559, #296, .T. ) ;
#906 = CARTESIAN_POINT ( 'NONE',  ( 0.000000000000000000, 0.000000000000000000, 0.7000000000000000666 ) ) ;
#907 = ORIENTED_EDGE ( 'NONE', *, *, #1517, .F. ) ;
#908 = ORIENTED_EDGE ( 'NONE', *, *, #619, .F. ) ;
#909 = EDGE_CURVE ( 'NONE', #834, #16, #62, .T. ) ;
#910 = CARTESIAN_POINT ( 'NONE',  ( -0.4099999999999996980, -1.820000000000000506, 0.7000000000000000666 ) ) ;
#911 = LINE ( 'NONE', #51, #227 ) ;
#912 = ADVANCED_FACE ( 'NONE', ( #546 ), #303, .F. ) ;
#913 = DIRECTION ( 'NONE',  ( 0.000000000000000000, -1.000000000000000000, 0.000000000000000000 ) ) ;
#914 = DIRECTION ( 'NONE',  ( 1.000000000000000000, 2.312964634635742957E-16, 0.000000000000000000 ) ) ;
#915 = VERTEX_POINT ( 'NONE', #46 ) ;
#916 = CARTESIAN_POINT ( 'NONE',  ( -2.000000000000000444, -0.4100000000000003642, 1.199999999999999956 ) ) ;
#917 = ORIENTED_EDGE ( 'NONE', *, *, #1543, .T. ) ;
#918 = PLANE ( 'NONE',  #1156 ) ;
#919 = CYLINDRICAL_SURFACE ( 'NONE', #196, 2.500000000000000000 ) ;
#920 = VERTEX_POINT ( 'NONE', #1278 ) ;
#921 = EDGE_CURVE ( 'NONE', #608, #101, #1057, .T. ) ;
#922 = AXIS2_PLACEMENT_3D ( 'NONE', #929, #1046, #424 ) ;
#923 = FACE_OUTER_BOUND ( 'NONE', #784, .T. ) ;
#924 = VECTOR ( 'NONE', #1581, 100.0000000000000000 ) ;
#925 = ORIENTED_EDGE ( 'NONE', *, *, #241, .T. ) ;
#926 = VERTEX_POINT ( 'NONE', #432 ) ;
#927 = DIRECTION ( 'NONE',  ( 1.000000000000000000, 0.000000000000000000, 0.000000000000000000 ) ) ;
#928 = VERTEX_POINT ( 'NONE', #1297 ) ;
#929 = CARTESIAN_POINT ( 'NONE',  ( 0.000000000000000000, 0.000000000000000000, 1.199999999999999956 ) ) ;
#930 = EDGE_CURVE ( 'NONE', #899, #1284, #1442, .T. ) ;
#931 = ORIENTED_EDGE ( 'NONE', *, *, #641, .T. ) ;
#932 = CARTESIAN_POINT ( 'NONE',  ( 0.4099999999999999201, 1.820000000000000506, 0.7000000000000000666 ) ) ;
#933 = EDGE_LOOP ( 'NONE', ( #553, #334, #529, #159 ) ) ;
#934 = CARTESIAN_POINT ( 'NONE',  ( -0.4099999999999999201, 1.820000000000000506, 0.7000000000000000666 ) ) ;
#935 = EDGE_CURVE ( 'NONE', #682, #134, #120, .T. ) ;
#936 = ORIENTED_EDGE ( 'NONE', *, *, #1148, .F. ) ;
#937 = ORIENTED_EDGE ( 'NONE', *, *, #726, .F. ) ;
#938 = DIRECTION ( 'NONE',  ( 0.000000000000000000, 1.000000000000000000, 0.000000000000000000 ) ) ;
#939 = EDGE_LOOP ( 'NONE', ( #256, #681, #1181, #1188 ) ) ;
#940 = FACE_OUTER_BOUND ( 'NONE', #1460, .T. ) ;
#941 = CARTESIAN_POINT ( 'NONE',  ( -1.500000000000000222, 2.000000000000000444, 0.8824999999999999512 ) ) ;
#942 = DIRECTION ( 'NONE',  ( 0.8660254037844362651, 0.5000000000000042188, 0.000000000000000000 ) ) ;
#943 = ORIENTED_EDGE ( 'NONE', *, *, #1256, .F. ) ;
#944 = CYLINDRICAL_SURFACE ( 'NONE', #680, 0.3049999999999999933 ) ;
#945 = ORIENTED_EDGE ( 'NONE', *, *, #1011, .F. ) ;
#946 = ORIENTED_EDGE ( 'NONE', *, *, #1079, .F. ) ;
#948 = DIRECTION ( 'NONE',  ( 0.000000000000000000, 0.000000000000000000, 1.000000000000000000 ) ) ;
#947 = PRODUCT_DEFINITION_SHAPE ( 'NONE', 'NONE',  #822 ) ;
#949 = LINE ( 'NONE', #1038, #1576 ) ;
#950 = ORIENTED_EDGE ( 'NONE', *, *, #935, .T. ) ;
#951 = LINE ( 'NONE', #480, #587 ) ;
#952 = ORIENTED_EDGE ( 'NONE', *, *, #1472, .T. ) ;
#953 = AXIS2_PLACEMENT_3D ( 'NONE', #1342, #115, #705 ) ;
#954 = ORIENTED_EDGE ( 'NONE', *, *, #665, .F. ) ;
#955 = ORIENTED_EDGE ( 'NONE', *, *, #786, .F. ) ;
#956 = CIRCLE ( 'NONE', #1051, 2.500000000000000000 ) ;
#957 = SURFACE_STYLE_FILL_AREA ( #1537 ) ;
#958 = EDGE_CURVE ( 'NONE', #838, #725, #105, .T. ) ;
#959 = VERTEX_POINT ( 'NONE', #82 ) ;
#960 = CARTESIAN_POINT ( 'NONE',  ( 0.000000000000000000, 0.000000000000000000, 1.199999999999999956 ) ) ;
#961 = EDGE_LOOP ( 'NONE', ( #1391, #588, #1135, #58 ) ) ;
#962 = EDGE_LOOP ( 'NONE', ( #950, #1412 ) ) ;
#963 = EDGE_CURVE ( 'NONE', #1150, #418, #577, .T. ) ;
#964 = CARTESIAN_POINT ( 'NONE',  ( 0.4100000000000000311, 2.000000000000000444, 0.7000000000000000666 ) ) ;
#965 = FACE_OUTER_BOUND ( 'NONE', #318, .T. ) ;
#966 = ADVANCED_FACE ( 'NONE', ( #100 ), #972, .T. ) ;
#967 = ORIENTED_EDGE ( 'NONE', *, *, #1233, .F. ) ;
#968 = DIRECTION ( 'NONE',  ( 1.000000000000000000, 0.000000000000000000, 0.000000000000000000 ) ) ;
#969 = LINE ( 'NONE', #604, #90 ) ;
#970 = CARTESIAN_POINT ( 'NONE',  ( 0.000000000000000000, 0.000000000000000000, 1.199999999999999956 ) ) ;
#971 = CARTESIAN_POINT ( 'NONE',  ( -2.000000000000000444, 0.4099999999999996980, 0.7000000000000000666 ) ) ;
#972 = PLANE ( 'NONE',  #1254 ) ;
#973 = EDGE_CURVE ( 'NONE', #477, #136, #235, .T. ) ;
#974 = CARTESIAN_POINT ( 'NONE',  ( 0.7679571668975724297, -1.199999999999999956, 0.7000000000000000666 ) ) ;
#975 = EDGE_CURVE ( 'NONE', #647, #262, #216, .T. ) ;
#976 = CARTESIAN_POINT ( 'NONE',  ( 0.4100000000000001976, -1.820000000000000506, 1.199999999999999956 ) ) ;
#977 = APPLICATION_CONTEXT ( 'automotive_design' ) ;
#978 = VECTOR ( 'NONE', #927, 100.0000000000000000 ) ;
#979 = DIRECTION ( 'NONE',  ( -4.818676322157798361E-16, -1.000000000000000000, 0.000000000000000000 ) ) ;
#980 = VECTOR ( 'NONE', #626, 100.0000000000000000 ) ;
#981 = LINE ( 'NONE', #175, #1050 ) ;
#982 = DIRECTION ( 'NONE',  ( 0.000000000000000000, -1.000000000000000000, 0.000000000000000000 ) ) ;
#983 = EDGE_CURVE ( 'NONE', #1559, #262, #167, .T. ) ;
#984 = ADVANCED_FACE ( 'NONE', ( #1395 ), #1529, .F. ) ;
#985 = CARTESIAN_POINT ( 'NONE',  ( -1.500000000000000222, 2.000000000000000444, 1.199999999999999956 ) ) ;
#986 =( NAMED_UNIT ( * ) PLANE_ANGLE_UNIT ( ) SI_UNIT ( $, .RADIAN. ) );
#987 = VERTEX_POINT ( 'NONE', #690 ) ;
#988 = CARTESIAN_POINT ( 'NONE',  ( 16.63499999999999801, 1.365000000000001101, 1.199999999999999956 ) ) ;
#989 = CARTESIAN_POINT ( 'NONE',  ( -1.364999999999999991, -2.000000000000001776, 1.199999999999999956 ) ) ;
#990 = DIRECTION ( 'NONE',  ( 0.000000000000000000, 0.000000000000000000, -1.000000000000000000 ) ) ;
#991 = ORIENTED_EDGE ( 'NONE', *, *, #571, .T. ) ;
#992 = VERTEX_POINT ( 'NONE', #727 ) ;
#993 = DIRECTION ( 'NONE',  ( -1.000000000000000000, -4.818676322157798361E-16, 0.000000000000000000 ) ) ;
#994 = DIRECTION ( 'NONE',  ( 0.000000000000000000, -1.000000000000000000, 0.000000000000000000 ) ) ;
#995 = LINE ( 'NONE', #431, #978 ) ;
#996 = CARTESIAN_POINT ( 'NONE',  ( 3.735172737399427023E-17, 0.3049999999999999933, 0.000000000000000000 ) ) ;
#997 = ORIENTED_EDGE ( 'NONE', *, *, #547, .F. ) ;
#998 = DIRECTION ( 'NONE',  ( -1.249637081581196951E-16, 1.000000000000000000, -0.000000000000000000 ) ) ;
#999 = DIRECTION ( 'NONE',  ( -0.8660254037844362651, 0.5000000000000043299, 0.000000000000000000 ) ) ;
#1000 = CARTESIAN_POINT ( 'NONE',  ( 2.000000000000000444, -0.4099999999999999201, 0.7000000000000000666 ) ) ;
#1001 = CIRCLE ( 'NONE', #709, 0.3049999999999999933 ) ;
#1002 = ORIENTED_EDGE ( 'NONE', *, *, #504, .F. ) ;
#1003 = AXIS2_PLACEMENT_3D ( 'NONE', #1139, #274, #522 ) ;
#1004 = ORIENTED_EDGE ( 'NONE', *, *, #145, .T. ) ;
#1005 = CARTESIAN_POINT ( 'NONE',  ( -1.500000000000000222, 2.000000000000000444, 0.000000000000000000 ) ) ;
#1006 = AXIS2_PLACEMENT_3D ( 'NONE', #127, #993, #267 ) ;
#1007 = LINE ( 'NONE', #517, #609 ) ;
#1008 = VERTEX_POINT ( 'NONE', #1077 ) ;
#1009 = DIRECTION ( 'NONE',  ( -1.000000000000000000, -2.258880508902365962E-16, 0.000000000000000000 ) ) ;
#1010 = DIRECTION ( 'NONE',  ( 1.000000000000000000, 0.000000000000000000, 0.000000000000000000 ) ) ;
#1011 = EDGE_CURVE ( 'NONE', #1411, #1265, #951, .T. ) ;
#1012 = ORIENTED_EDGE ( 'NONE', *, *, #853, .F. ) ;
#1013 = DIRECTION ( 'NONE',  ( -1.000000000000000000, -2.258880508902365962E-16, 0.000000000000000000 ) ) ;
#1014 = DIRECTION ( 'NONE',  ( -1.817653936845376936E-16, 1.000000000000000000, 0.000000000000000000 ) ) ;
#1015 = EDGE_CURVE ( 'NONE', #324, #793, #1321, .T. ) ;
#1016 = ORIENTED_EDGE ( 'NONE', *, *, #889, .F. ) ;
#1017 = VERTEX_POINT ( 'NONE', #1498 ) ;
#1018 = LINE ( 'NONE', #1477, #768 ) ;
#1019 = CARTESIAN_POINT ( 'NONE',  ( 0.4099999999999999201, 1.820000000000000506, 0.7000000000000000666 ) ) ;
#1020 = ORIENTED_EDGE ( 'NONE', *, *, #280, .T. ) ;
#1021 = LINE ( 'NONE', #879, #1349 ) ;
#1022 = EDGE_CURVE ( 'NONE', #1213, #959, #873, .T. ) ;
#1023 = DIRECTION ( 'NONE',  ( -0.5000000000000042188, -0.8660254037844362651, 0.000000000000000000 ) ) ;
#1024 = VECTOR ( 'NONE', #968, 100.0000000000000000 ) ;
#1025 = CARTESIAN_POINT ( 'NONE',  ( -0.4100000000000000311, 2.000000000000000444, 1.199999999999999956 ) ) ;
#1026 = VECTOR ( 'NONE', #497, 100.0000000000000000 ) ;
#1027 = AXIS2_PLACEMENT_3D ( 'NONE', #1448, #599, #1095 ) ;
#1028 = VERTEX_POINT ( 'NONE', #494 ) ;
#1029 = ADVANCED_FACE ( 'NONE', ( #258 ), #773, .F. ) ;
#1030 = VECTOR ( 'NONE', #135, 100.0000000000000142 ) ;
#1031 = VECTOR ( 'NONE', #674, 100.0000000000000000 ) ;
#1032 = ADVANCED_FACE ( 'NONE', ( #507 ), #2, .F. ) ;
#1033 = LINE ( 'NONE', #916, #1575 ) ;
#1034 = ORIENTED_EDGE ( 'NONE', *, *, #1332, .T. ) ;
#1035 = CARTESIAN_POINT ( 'NONE',  ( 2.000000000000000444, 1.500000000000000666, 0.000000000000000000 ) ) ;
#1036 = CARTESIAN_POINT ( 'NONE',  ( -1.364999999999997549, -16.63499999999999801, 0.8824999999999999512 ) ) ;
#1037 = ORIENTED_EDGE ( 'NONE', *, *, #541, .F. ) ;
#1038 = CARTESIAN_POINT ( 'NONE',  ( -2.000000000000000444, 0.4099999999999996980, 1.199999999999999956 ) ) ;
#1039 = LINE ( 'NONE', #1281, #1131 ) ;
#1040 = CARTESIAN_POINT ( 'NONE',  ( 1.199999999999999956, -0.7679571668975722076, 0.7000000000000000666 ) ) ;
#1041 = ORIENTED_EDGE ( 'NONE', *, *, #935, .F. ) ;
#1042 = ORIENTED_EDGE ( 'NONE', *, *, #48, .T. ) ;
#1043 = DIRECTION ( 'NONE',  ( 0.000000000000000000, -1.000000000000000000, 0.000000000000000000 ) ) ;
#1044 = VERTEX_POINT ( 'NONE', #401 ) ;
#1045 = CARTESIAN_POINT ( 'NONE',  ( 0.000000000000000000, 0.000000000000000000, 0.8824999999999999512 ) ) ;
#1046 = DIRECTION ( 'NONE',  ( 0.000000000000000000, 0.000000000000000000, 1.000000000000000000 ) ) ;
#1047 = EDGE_CURVE ( 'NONE', #872, #899, #397, .T. ) ;
#1048 = VECTOR ( 'NONE', #621, 100.0000000000000000 ) ;
#1049 = DIRECTION ( 'NONE',  ( 0.000000000000000000, 0.000000000000000000, -1.000000000000000000 ) ) ;
#1050 = VECTOR ( 'NONE', #695, 100.0000000000000000 ) ;
#1051 = AXIS2_PLACEMENT_3D ( 'NONE', #192, #69, #1534 ) ;
#1052 = ORIENTED_EDGE ( 'NONE', *, *, #145, .F. ) ;
#1053 = ORIENTED_EDGE ( 'NONE', *, *, #518, .F. ) ;
#1054 = PRODUCT_DEFINITION_FORMATION_WITH_SPECIFIED_SOURCE ( 'ANY', '', #1186, .NOT_KNOWN. ) ;
#1055 = ORIENTED_EDGE ( 'NONE', *, *, #1499, .F. ) ;
#1056 = FILL_AREA_STYLE_COLOUR ( '', #340 ) ;
#1057 = LINE ( 'NONE', #538, #636 ) ;
#1058 = EDGE_CURVE ( 'NONE', #1541, #1160, #1502, .T. ) ;
#1059 = CARTESIAN_POINT ( 'NONE',  ( -1.365000000000000213, -1.364999999999997993, 0.8824999999999999512 ) ) ;
#1060 = ORIENTED_EDGE ( 'NONE', *, *, #843, .T. ) ;
#1061 = FACE_OUTER_BOUND ( 'NONE', #1144, .T. ) ;
#1062 = ORIENTED_EDGE ( 'NONE', *, *, #799, .F. ) ;
#1063 = CARTESIAN_POINT ( 'NONE',  ( 1.500000000000000666, -2.000000000000000000, 1.199999999999999956 ) ) ;
#1064 = CARTESIAN_POINT ( 'NONE',  ( -1.364999999999998215, 2.000000000000000444, 0.8824999999999999512 ) ) ;
#1065 = ORIENTED_EDGE ( 'NONE', *, *, #571, .F. ) ;
#1066 = CARTESIAN_POINT ( 'NONE',  ( 2.000000000000000444, -0.4099999999999999201, 0.7000000000000000666 ) ) ;
#1067 = CARTESIAN_POINT ( 'NONE',  ( -1.200000000000000178, 0.7679571668975719856, 0.7000000000000000666 ) ) ;
#1068 = DIRECTION ( 'NONE',  ( -4.818676322157799347E-16, -1.000000000000000000, 0.000000000000000000 ) ) ;
#1069 = VERTEX_POINT ( 'NONE', #1112 ) ;
#1070 = CARTESIAN_POINT ( 'NONE',  ( -2.000000000000000000, -1.500000000000000888, 0.000000000000000000 ) ) ;
#1071 = EDGE_CURVE ( 'NONE', #165, #779, #1466, .T. ) ;
#1072 = EDGE_LOOP ( 'NONE', ( #181, #190, #1475, #1255 ) ) ;
#1073 = CARTESIAN_POINT ( 'NONE',  ( 1.365000000000002212, -1.999999999999999112, 0.8824999999999999512 ) ) ;
#1074 = DIRECTION ( 'NONE',  ( 0.000000000000000000, 1.000000000000000000, 0.000000000000000000 ) ) ;
#1075 = DIRECTION ( 'NONE',  ( 1.000000000000000000, 1.931257307898213426E-16, 0.000000000000000000 ) ) ;
#1076 = ORIENTED_EDGE ( 'NONE', *, *, #983, .T. ) ;
#1077 = CARTESIAN_POINT ( 'NONE',  ( -1.364999999999998215, 2.000000000000001776, 1.199999999999999956 ) ) ;
#1078 = CARTESIAN_POINT ( 'NONE',  ( -2.000000000000000000, -1.500000000000000888, 0.8824999999999999512 ) ) ;
#1079 = EDGE_CURVE ( 'NONE', #324, #1172, #1018, .T. ) ;
#1080 = VECTOR ( 'NONE', #795, 100.0000000000000000 ) ;
#1081 = ORIENTED_EDGE ( 'NONE', *, *, #1099, .T. ) ;
#1082 = EDGE_CURVE ( 'NONE', #70, #213, #24, .T. ) ;
#1083 = VECTOR ( 'NONE', #885, 100.0000000000000000 ) ;
#1084 = LINE ( 'NONE', #99, #40 ) ;
#1085 = VERTEX_POINT ( 'NONE', #1341 ) ;
#1086 = CARTESIAN_POINT ( 'NONE',  ( -1.199999999999999956, -0.7679571668975725407, 0.7000000000000000666 ) ) ;
#1087 = ADVANCED_FACE ( 'NONE', ( #244 ), #737, .F. ) ;
#1088 = CYLINDRICAL_SURFACE ( 'NONE', #848, 2.500000000000000000 ) ;
#1089 = LINE ( 'NONE', #964, #202 ) ;
#1090 = DIRECTION ( 'NONE',  ( 0.000000000000000000, -1.000000000000000000, 0.000000000000000000 ) ) ;
#1091 = VERTEX_POINT ( 'NONE', #754 ) ;
#1092 = LINE ( 'NONE', #617, #1024 ) ;
#1093 = LINE ( 'NONE', #880, #1481 ) ;
#1094 = CARTESIAN_POINT ( 'NONE',  ( 0.000000000000000000, 0.000000000000000000, 0.8824999999999999512 ) ) ;
#1095 = DIRECTION ( 'NONE',  ( 0.000000000000000000, -1.000000000000000000, 0.000000000000000000 ) ) ;
#1096 = EDGE_CURVE ( 'NONE', #1284, #373, #645, .T. ) ;
#1097 = ORIENTED_EDGE ( 'NONE', *, *, #684, .F. ) ;
#1098 = CARTESIAN_POINT ( 'NONE',  ( -1.364999999999998215, 1.364999999999999991, 1.199999999999999956 ) ) ;
#1099 = EDGE_CURVE ( 'NONE', #915, #21, #516, .T. ) ;
#1100 = CARTESIAN_POINT ( 'NONE',  ( 0.4100000000000000311, 2.000000000000000444, 0.7000000000000000666 ) ) ;
#1101 = VECTOR ( 'NONE', #739, 100.0000000000000000 ) ;
#1102 = CARTESIAN_POINT ( 'NONE',  ( 16.63499999999999801, -1.364999999999998437, 0.8824999999999999512 ) ) ;
#1103 = CIRCLE ( 'NONE', #408, 2.500000000000000000 ) ;
#1104 = DIRECTION ( 'NONE',  ( -4.818676322157798361E-16, 1.000000000000000000, 0.000000000000000000 ) ) ;
#1105 = EDGE_LOOP ( 'NONE', ( #625, #515, #700, #1277 ) ) ;
#1106 = ORIENTED_EDGE ( 'NONE', *, *, #1082, .T. ) ;
#1107 = CARTESIAN_POINT ( 'NONE',  ( -2.000000000000000000, -1.500000000000000888, 1.199999999999999956 ) ) ;
#1108 = LINE ( 'NONE', #1215, #1527 ) ;
#1109 = APPLICATION_PROTOCOL_DEFINITION ( 'draft international standard', 'automotive_design', 1998, #808 ) ;
#1110 = EDGE_LOOP ( 'NONE', ( #1353, #552, #997, #802 ) ) ;
#1111 = ORIENTED_EDGE ( 'NONE', *, *, #478, .F. ) ;
#1112 = CARTESIAN_POINT ( 'NONE',  ( -1.500000000000000222, 2.000000000000000444, 0.8824999999999999512 ) ) ;
#1113 = CARTESIAN_POINT ( 'NONE',  ( 1.365000000000002212, -16.63499999999999801, 0.8824999999999999512 ) ) ;
#1114 = PLANE ( 'NONE',  #1483 ) ;
#1115 = FACE_OUTER_BOUND ( 'NONE', #313, .T. ) ;
#1116 = CARTESIAN_POINT ( 'NONE',  ( 3.735172737399427023E-17, 0.3049999999999999933, 0.000000000000000000 ) ) ;
#1117 = FACE_OUTER_BOUND ( 'NONE', #78, .T. ) ;
#1118 = EDGE_CURVE ( 'NONE', #796, #477, #895, .T. ) ;
#1119 = DIRECTION ( 'NONE',  ( 1.000000000000000000, -4.818676322157798361E-16, 0.000000000000000000 ) ) ;
#1120 = ORIENTED_EDGE ( 'NONE', *, *, #210, .F. ) ;
#1121 = ORIENTED_EDGE ( 'NONE', *, *, #1079, .T. ) ;
#1122 = DIRECTION ( 'NONE',  ( 1.000000000000000000, 0.000000000000000000, 0.000000000000000000 ) ) ;
#1123 = FACE_OUTER_BOUND ( 'NONE', #1110, .T. ) ;
#1124 = FACE_OUTER_BOUND ( 'NONE', #295, .T. ) ;
#1125 = ORIENTED_EDGE ( 'NONE', *, *, #963, .F. ) ;
#1126 = CARTESIAN_POINT ( 'NONE',  ( 2.000000000000000444, -0.4099999999999999201, 1.199999999999999956 ) ) ;
#1127 = DIRECTION ( 'NONE',  ( 0.000000000000000000, 0.000000000000000000, 1.000000000000000000 ) ) ;
#1128 = ADVANCED_FACE ( 'NONE', ( #901 ), #1363, .F. ) ;
#1129 = CARTESIAN_POINT ( 'NONE',  ( 1.199999999999999956, -0.7679571668975722076, 1.199999999999999956 ) ) ;
#1130 =( NAMED_UNIT ( * ) SI_UNIT ( $, .STERADIAN. ) SOLID_ANGLE_UNIT ( ) );
#1131 = VECTOR ( 'NONE', #569, 100.0000000000000000 ) ;
#1132 = ADVANCED_FACE ( 'NONE', ( #1123 ), #273, .F. ) ;
#1133 = ORIENTED_EDGE ( 'NONE', *, *, #185, .F. ) ;
#1134 = VECTOR ( 'NONE', #1299, 100.0000000000000000 ) ;
#1135 = ORIENTED_EDGE ( 'NONE', *, *, #1449, .F. ) ;
#1136 = VECTOR ( 'NONE', #785, 100.0000000000000000 ) ;
#1137 = CARTESIAN_POINT ( 'NONE',  ( 1.820000000000000506, -0.4099999999999998646, 0.7000000000000000666 ) ) ;
#1138 = AXIS2_PLACEMENT_3D ( 'NONE', #777, #137, #1145 ) ;
#1139 = CARTESIAN_POINT ( 'NONE',  ( 1.364999999999995328, 16.63499999999999801, 0.8824999999999999512 ) ) ;
#1140 = ORIENTED_EDGE ( 'NONE', *, *, #813, .T. ) ;
#1141 = ORIENTED_EDGE ( 'NONE', *, *, #619, .T. ) ;
#1142 = DIRECTION ( 'NONE',  ( -1.000000000000000000, -2.312964634635742957E-16, 0.000000000000000000 ) ) ;
#1143 = CARTESIAN_POINT ( 'NONE',  ( -1.820000000000000506, 0.4099999999999995870, 0.7000000000000000666 ) ) ;
#1144 = EDGE_LOOP ( 'NONE', ( #1120, #844, #804, #1002 ) ) ;
#1145 = DIRECTION ( 'NONE',  ( 0.000000000000000000, -1.000000000000000000, 0.000000000000000000 ) ) ;
#1146 = CARTESIAN_POINT ( 'NONE',  ( -0.4099999999999999201, 1.820000000000000506, 0.7000000000000000666 ) ) ;
#1147 = ORIENTED_EDGE ( 'NONE', *, *, #332, .T. ) ;
#1148 = EDGE_CURVE ( 'NONE', #987, #1226, #1260, .T. ) ;
#1149 = EDGE_CURVE ( 'NONE', #1213, #1069, #874, .T. ) ;
#1150 = VERTEX_POINT ( 'NONE', #616 ) ;
#1151 = CARTESIAN_POINT ( 'NONE',  ( 0.4100000000000001976, -1.820000000000000506, 0.7000000000000000666 ) ) ;
#1152 = ORIENTED_EDGE ( 'NONE', *, *, #905, .F. ) ;
#1153 = VECTOR ( 'NONE', #1573, 100.0000000000000000 ) ;
#1154 = VECTOR ( 'NONE', #1264, 100.0000000000000000 ) ;
#1155 = EDGE_CURVE ( 'NONE', #1284, #441, #153, .T. ) ;
#1156 = AXIS2_PLACEMENT_3D ( 'NONE', #1516, #1414, #322 ) ;
#1157 = AXIS2_PLACEMENT_3D ( 'NONE', #287, #648, #757 ) ;
#1158 = ORIENTED_EDGE ( 'NONE', *, *, #361, .F. ) ;
#1159 = FACE_OUTER_BOUND ( 'NONE', #1195, .T. ) ;
#1160 = VERTEX_POINT ( 'NONE', #633 ) ;
#1161 = DIRECTION ( 'NONE',  ( -2.258880508902365962E-16, 1.000000000000000000, 0.000000000000000000 ) ) ;
#1162 = CARTESIAN_POINT ( 'NONE',  ( 1.365000000000002212, -16.63499999999999801, 0.8824999999999999512 ) ) ;
#1163 = CARTESIAN_POINT ( 'NONE',  ( 0.000000000000000000, 0.000000000000000000, 0.8824999999999999512 ) ) ;
#1164 = CARTESIAN_POINT ( 'NONE',  ( 2.000000000000000444, -1.499999999999999334, 0.8824999999999999512 ) ) ;
#1165 = ORIENTED_EDGE ( 'NONE', *, *, #1298, .T. ) ;
#1166 = ADVANCED_FACE ( 'NONE', ( #1253 ), #1355, .F. ) ;
#1167 = LINE ( 'NONE', #1525, #1530 ) ;
#1168 = CARTESIAN_POINT ( 'NONE',  ( 0.4100000000000000311, 2.000000000000000444, 1.199999999999999956 ) ) ;
#1169 = CARTESIAN_POINT ( 'NONE',  ( 1.364999999999999991, 1.364999999999998215, 0.8824999999999999512 ) ) ;
#1170 = EDGE_CURVE ( 'NONE', #373, #615, #25, .T. ) ;
#1171 = CARTESIAN_POINT ( 'NONE',  ( 0.4100000000000003086, -2.000000000000000444, 0.7000000000000000666 ) ) ;
#1172 = VERTEX_POINT ( 'NONE', #1019 ) ;
#1173 = ORIENTED_EDGE ( 'NONE', *, *, #456, .F. ) ;
#1174 = CARTESIAN_POINT ( 'NONE',  ( -2.000000000000001776, 1.364999999999999991, 0.8824999999999999512 ) ) ;
#1175 = DIRECTION ( 'NONE',  ( -1.000000000000000000, 4.818676322157799347E-16, -0.000000000000000000 ) ) ;
#1176 = EDGE_CURVE ( 'NONE', #1028, #920, #1503, .T. ) ;
#1177 = FACE_OUTER_BOUND ( 'NONE', #282, .T. ) ;
#1178 = VECTOR ( 'NONE', #1222, 100.0000000000000000 ) ;
#1179 = DIRECTION ( 'NONE',  ( -0.000000000000000000, 0.000000000000000000, 1.000000000000000000 ) ) ;
#1180 = ORIENTED_EDGE ( 'NONE', *, *, #520, .T. ) ;
#1181 = ORIENTED_EDGE ( 'NONE', *, *, #501, .F. ) ;
#1182 = ORIENTED_EDGE ( 'NONE', *, *, #1071, .T. ) ;
#1183 = CARTESIAN_POINT ( 'NONE',  ( 0.7679571668975722076, 1.199999999999999956, 0.7000000000000000666 ) ) ;
#1184 = DIRECTION ( 'NONE',  ( 4.818676322157799347E-16, 1.000000000000000000, 0.000000000000000000 ) ) ;
#1185 = ORIENTED_EDGE ( 'NONE', *, *, #1370, .F. ) ;
#1186 = PRODUCT ( 'vertex-base_61', 'vertex-base_61', '', ( #357 ) ) ;
#1187 = EDGE_CURVE ( 'NONE', #302, #418, #748, .T. ) ;
#1188 = ORIENTED_EDGE ( 'NONE', *, *, #434, .T. ) ;
#1189 = CARTESIAN_POINT ( 'NONE',  ( -1.820000000000000506, 0.4099999999999995870, 0.7000000000000000666 ) ) ;
#1190 = EDGE_CURVE ( 'NONE', #926, #1267, #1230, .T. ) ;
#1191 = EDGE_LOOP ( 'NONE', ( #766, #76, #35, #820 ) ) ;
#1192 = DIRECTION ( 'NONE',  ( -0.8660254037844360431, -0.5000000000000045519, 0.000000000000000000 ) ) ;
#1193 = CARTESIAN_POINT ( 'NONE',  ( 0.000000000000000000, 0.000000000000000000, 0.7000000000000000666 ) ) ;
#1194 = EDGE_CURVE ( 'NONE', #673, #441, #892, .T. ) ;
#1195 = EDGE_LOOP ( 'NONE', ( #199, #666, #1317, #378, #1470, #31 ) ) ;
#1196 = ORIENTED_EDGE ( 'NONE', *, *, #747, .T. ) ;
#1197 = DIRECTION ( 'NONE',  ( -0.5000000000000041078, -0.8660254037844363761, 0.000000000000000000 ) ) ;
#1198 = LINE ( 'NONE', #1189, #714 ) ;
#1199 = CARTESIAN_POINT ( 'NONE',  ( -2.000000000000000888, 1.499999999999999112, 0.000000000000000000 ) ) ;
#1200 = ORIENTED_EDGE ( 'NONE', *, *, #1149, .T. ) ;
#1201 = CARTESIAN_POINT ( 'NONE',  ( -1.199999999999999956, -0.7679571668975725407, 1.199999999999999956 ) ) ;
#1202 = AXIS2_PLACEMENT_3D ( 'NONE', #335, #837, #1075 ) ;
#1203 = LINE ( 'NONE', #985, #528 ) ;
#1204 = FACE_OUTER_BOUND ( 'NONE', #398, .T. ) ;
#1205 = VECTOR ( 'NONE', #205, 100.0000000000000142 ) ;
#1206 = EDGE_CURVE ( 'NONE', #519, #1512, #611, .T. ) ;
#1207 = DIRECTION ( 'NONE',  ( 0.000000000000000000, 0.000000000000000000, 1.000000000000000000 ) ) ;
#1208 = CIRCLE ( 'NONE', #1511, 2.500000000000000000 ) ;
#1209 = EDGE_LOOP ( 'NONE', ( #1228, #656, #967, #45 ) ) ;
#1210 = CARTESIAN_POINT ( 'NONE',  ( 1.199999999999999956, -0.7679571668975722076, 1.199999999999999956 ) ) ;
#1211 = CARTESIAN_POINT ( 'NONE',  ( 1.500000000000000444, -1.999999999999999778, 0.8824999999999999512 ) ) ;
#1212 = EDGE_CURVE ( 'NONE', #8, #276, #639, .T. ) ;
#1213 = VERTEX_POINT ( 'NONE', #234 ) ;
#1214 = PLANE ( 'NONE',  #510 ) ;
#1215 = CARTESIAN_POINT ( 'NONE',  ( 0.4100000000000003086, -2.000000000000000444, 0.7000000000000000666 ) ) ;
#1216 = PLANE ( 'NONE',  #463 ) ;
#1217 = DIRECTION ( 'NONE',  ( -0.8660254037844360431, -0.5000000000000045519, 0.000000000000000000 ) ) ;
#1218 = DIRECTION ( 'NONE',  ( -0.000000000000000000, 0.000000000000000000, 1.000000000000000000 ) ) ;
#1219 = CARTESIAN_POINT ( 'NONE',  ( 2.000000000000000444, 0.4100000000000001421, 0.7000000000000000666 ) ) ;
#1220 = DIRECTION ( 'NONE',  ( -6.816202263170164742E-17, 1.000000000000000000, 0.000000000000000000 ) ) ;
#1221 = AXIS2_PLACEMENT_3D ( 'NONE', #1171, #1431, #341 ) ;
#1222 = DIRECTION ( 'NONE',  ( -0.000000000000000000, 0.000000000000000000, 1.000000000000000000 ) ) ;
#1223 = VECTOR ( 'NONE', #1238, 100.0000000000000142 ) ;
#1224 = DIRECTION ( 'NONE',  ( -1.000000000000000000, -1.136033710528360955E-16, 0.000000000000000000 ) ) ;
#1225 = AXIS2_PLACEMENT_3D ( 'NONE', #1364, #1247, #142 ) ;
#1226 = VERTEX_POINT ( 'NONE', #476 ) ;
#1227 = VECTOR ( 'NONE', #1422, 100.0000000000000000 ) ;
#1228 = ORIENTED_EDGE ( 'NONE', *, *, #409, .T. ) ;
#1229 = DIRECTION ( 'NONE',  ( -0.000000000000000000, 0.000000000000000000, 1.000000000000000000 ) ) ;
#1230 = LINE ( 'NONE', #1113, #1578 ) ;
#1231 = LINE ( 'NONE', #1322, #823 ) ;
#1232 = LINE ( 'NONE', #403, #14 ) ;
#1233 = EDGE_CURVE ( 'NONE', #1258, #926, #387, .T. ) ;
#1234 = DIRECTION ( 'NONE',  ( 0.8660254037844362651, -0.5000000000000039968, 0.000000000000000000 ) ) ;
#1235 = CARTESIAN_POINT ( 'NONE',  ( -0.4100000000000000311, 2.000000000000000444, 0.7000000000000000666 ) ) ;
#1236 = ORIENTED_EDGE ( 'NONE', *, *, #1445, .T. ) ;
#1237 = ORIENTED_EDGE ( 'NONE', *, *, #148, .T. ) ;
#1238 = DIRECTION ( 'NONE',  ( 0.8660254037844362651, -0.5000000000000039968, 0.000000000000000000 ) ) ;
#1239 = ADVANCED_FACE ( 'NONE', ( #122 ), #881, .F. ) ;
#1240 = PLANE ( 'NONE',  #1558 ) ;
#1241 = ORIENTED_EDGE ( 'NONE', *, *, #664, .F. ) ;
#1242 = ADVANCED_FACE ( 'NONE', ( #1117 ), #502, .F. ) ;
#1243 = CARTESIAN_POINT ( 'NONE',  ( 2.000000000000001776, 1.364999999999998437, 1.199999999999999956 ) ) ;
#1244 = ORIENTED_EDGE ( 'NONE', *, *, #958, .F. ) ;
#1245 = VERTEX_POINT ( 'NONE', #80 ) ;
#1246 = DIRECTION ( 'NONE',  ( 1.000000000000000000, 1.817653936845376936E-16, 0.000000000000000000 ) ) ;
#1247 = DIRECTION ( 'NONE',  ( 0.5000000000000043299, 0.8660254037844362651, 0.000000000000000000 ) ) ;
#1248 = ORIENTED_EDGE ( 'NONE', *, *, #717, .F. ) ;
#1249 = VECTOR ( 'NONE', #679, 100.0000000000000000 ) ;
#1250 = EDGE_CURVE ( 'NONE', #302, #29, #104, .T. ) ;
#1251 = ORIENTED_EDGE ( 'NONE', *, *, #32, .T. ) ;
#1252 = VECTOR ( 'NONE', #1388, 100.0000000000000000 ) ;
#1253 = FACE_OUTER_BOUND ( 'NONE', #668, .T. ) ;
#1254 = AXIS2_PLACEMENT_3D ( 'NONE', #1458, #1127, #1090 ) ;
#1255 = ORIENTED_EDGE ( 'NONE', *, *, #221, .T. ) ;
#1256 = EDGE_CURVE ( 'NONE', #772, #8, #829, .T. ) ;
#1257 = DIRECTION ( 'NONE',  ( 0.000000000000000000, -1.000000000000000000, 0.000000000000000000 ) ) ;
#1258 = VERTEX_POINT ( 'NONE', #563 ) ;
#1259 = EDGE_CURVE ( 'NONE', #373, #265, #195, .T. ) ;
#1260 = LINE ( 'NONE', #1478, #482 ) ;
#1261 = LINE ( 'NONE', #763, #1396 ) ;
#1262 = ORIENTED_EDGE ( 'NONE', *, *, #1099, .F. ) ;
#1263 = CARTESIAN_POINT ( 'NONE',  ( -0.7679571668975720966, -1.200000000000000178, 0.7000000000000000666 ) ) ;
#1264 = DIRECTION ( 'NONE',  ( -0.000000000000000000, 0.000000000000000000, 1.000000000000000000 ) ) ;
#1265 = VERTEX_POINT ( 'NONE', #329 ) ;
#1266 = CYLINDRICAL_SURFACE ( 'NONE', #119, 0.3049999999999999933 ) ;
#1267 = VERTEX_POINT ( 'NONE', #1073 ) ;
#1268 = AXIS2_PLACEMENT_3D ( 'NONE', #1569, #1337, #386 ) ;
#1269 = DIRECTION ( 'NONE',  ( 1.000000000000000000, 2.258880508902365962E-16, 0.000000000000000000 ) ) ;
#1270 = VECTOR ( 'NONE', #383, 100.0000000000000000 ) ;
#1271 = CARTESIAN_POINT ( 'NONE',  ( 1.500000000000000666, -2.000000000000000000, 0.8824999999999999512 ) ) ;
#1272 = CARTESIAN_POINT ( 'NONE',  ( 0.000000000000000000, 0.000000000000000000, 0.8824999999999999512 ) ) ;
#1273 = VECTOR ( 'NONE', #1428, 100.0000000000000000 ) ;
#1274 = STYLED_ITEM ( 'NONE', ( #836 ), #1563 ) ;
#1275 = ORIENTED_EDGE ( 'NONE', *, *, #684, .T. ) ;
#1276 = LINE ( 'NONE', #783, #635 ) ;
#1277 = ORIENTED_EDGE ( 'NONE', *, *, #1148, .T. ) ;
#1278 = CARTESIAN_POINT ( 'NONE',  ( -0.4100000000000000311, 2.000000000000000444, 0.7000000000000000666 ) ) ;
#1279 = DIRECTION ( 'NONE',  ( -4.818676322157798361E-16, -1.000000000000000000, 0.000000000000000000 ) ) ;
#1280 = LINE ( 'NONE', #435, #1252 ) ;
#1281 = CARTESIAN_POINT ( 'NONE',  ( 1.364999999999995328, 16.63499999999999801, 0.8824999999999999512 ) ) ;
#1282 = ADVANCED_FACE ( 'NONE', ( #1552 ), #343, .F. ) ;
#1283 = EDGE_CURVE ( 'NONE', #838, #1044, #214, .T. ) ;
#1284 = VERTEX_POINT ( 'NONE', #1040 ) ;
#1285 = ORIENTED_EDGE ( 'NONE', *, *, #688, .F. ) ;
#1286 = CARTESIAN_POINT ( 'NONE',  ( 0.000000000000000000, 0.000000000000000000, 0.000000000000000000 ) ) ;
#1287 = ORIENTED_EDGE ( 'NONE', *, *, #241, .F. ) ;
#1288 = CARTESIAN_POINT ( 'NONE',  ( -1.365000000000000213, -2.000000000000000888, 0.000000000000000000 ) ) ;
#1289 = FACE_OUTER_BOUND ( 'NONE', #753, .T. ) ;
#1290 = CARTESIAN_POINT ( 'NONE',  ( -0.4099999999999997535, -2.000000000000000444, 0.7000000000000000666 ) ) ;
#1291 = LINE ( 'NONE', #1415, #1134 ) ;
#1292 = ORIENTED_EDGE ( 'NONE', *, *, #1371, .F. ) ;
#1293 = CARTESIAN_POINT ( 'NONE',  ( -0.4100000000000000311, 2.000000000000000444, 0.7000000000000000666 ) ) ;
#1294 = ORIENTED_EDGE ( 'NONE', *, *, #973, .T. ) ;
#1295 = ORIENTED_EDGE ( 'NONE', *, *, #1187, .T. ) ;
#1296 = DIRECTION ( 'NONE',  ( 1.000000000000000000, 1.249637081581196951E-16, 0.000000000000000000 ) ) ;
#1297 = CARTESIAN_POINT ( 'NONE',  ( 1.365000000000002212, -1.365000000000000213, 1.199999999999999956 ) ) ;
#1298 = EDGE_CURVE ( 'NONE', #1559, #302, #671, .T. ) ;
#1299 = DIRECTION ( 'NONE',  ( -4.818676322157799347E-16, 1.000000000000000000, 0.000000000000000000 ) ) ;
#1300 = VECTOR ( 'NONE', #998, 100.0000000000000000 ) ;
#1301 = ORIENTED_EDGE ( 'NONE', *, *, #1520, .F. ) ;
#1302 = CARTESIAN_POINT ( 'NONE',  ( -0.7679571668975720966, -1.200000000000000178, 1.199999999999999956 ) ) ;
#1303 = ORIENTED_EDGE ( 'NONE', *, *, #1452, .F. ) ;
#1304 = VECTOR ( 'NONE', #610, 100.0000000000000142 ) ;
#1305 = CARTESIAN_POINT ( 'NONE',  ( 1.365000000000002212, -1.365000000000000213, 0.8824999999999999512 ) ) ;
#1306 = VECTOR ( 'NONE', #712, 100.0000000000000000 ) ;
#1307 = VECTOR ( 'NONE', #864, 100.0000000000000000 ) ;
#1308 = LINE ( 'NONE', #824, #1555 ) ;
#1309 = ORIENTED_EDGE ( 'NONE', *, *, #930, .T. ) ;
#1310 = ADVANCED_FACE ( 'NONE', ( #923 ), #1409, .F. ) ;
#1311 = DIRECTION ( 'NONE',  ( -1.000000000000000000, 4.818676322157799347E-16, -0.000000000000000000 ) ) ;
#1312 = CARTESIAN_POINT ( 'NONE',  ( 0.4100000000000001976, -1.820000000000000506, 1.199999999999999956 ) ) ;
#1313 = EDGE_CURVE ( 'NONE', #863, #959, #956, .T. ) ;
#1314 = ORIENTED_EDGE ( 'NONE', *, *, #43, .T. ) ;
#1315 = DIRECTION ( 'NONE',  ( -1.000000000000000000, -2.258880508902365962E-16, 0.000000000000000000 ) ) ;
#1316 = VERTEX_POINT ( 'NONE', #934 ) ;
#1317 = ORIENTED_EDGE ( 'NONE', *, *, #786, .T. ) ;
#1318 = DIRECTION ( 'NONE',  ( 0.8660254037844362651, -0.5000000000000039968, 0.000000000000000000 ) ) ;
#1319 = LINE ( 'NONE', #321, #1399 ) ;
#1320 = VERTEX_POINT ( 'NONE', #1400 ) ;
#1321 = LINE ( 'NONE', #219, #556 ) ;
#1322 = CARTESIAN_POINT ( 'NONE',  ( 16.63499999999999801, -1.364999999999998437, 1.199999999999999956 ) ) ;
#1323 = VERTEX_POINT ( 'NONE', #439 ) ;
#1324 = ORIENTED_EDGE ( 'NONE', *, *, #740, .T. ) ;
#1325 = DIRECTION ( 'NONE',  ( -0.8660254037844362651, 0.5000000000000042188, 0.000000000000000000 ) ) ;
#1326 = CARTESIAN_POINT ( 'NONE',  ( -16.63499999999999801, 1.364999999999996438, 1.199999999999999956 ) ) ;
#1327 = ORIENTED_EDGE ( 'NONE', *, *, #861, .T. ) ;
#1328 = CARTESIAN_POINT ( 'NONE',  ( -0.4099999999999999201, 1.820000000000000506, 1.199999999999999956 ) ) ;
#1329 = DIRECTION ( 'NONE',  ( -0.000000000000000000, 0.000000000000000000, 1.000000000000000000 ) ) ;
#1330 = VECTOR ( 'NONE', #455, 100.0000000000000000 ) ;
#1331 = FACE_OUTER_BOUND ( 'NONE', #150, .T. ) ;
#1332 = EDGE_CURVE ( 'NONE', #992, #574, #561, .T. ) ;
#1333 = DIRECTION ( 'NONE',  ( 1.000000000000000000, -4.818676322157798361E-16, 0.000000000000000000 ) ) ;
#1334 = ORIENTED_EDGE ( 'NONE', *, *, #23, .T. ) ;
#1335 = DIRECTION ( 'NONE',  ( 1.000000000000000000, 1.931257307898213426E-16, 0.000000000000000000 ) ) ;
#1336 = CARTESIAN_POINT ( 'NONE',  ( 1.499999999999999778, 2.000000000000000444, 0.000000000000000000 ) ) ;
#1337 = DIRECTION ( 'NONE',  ( 0.000000000000000000, 0.000000000000000000, 1.000000000000000000 ) ) ;
#1338 = ORIENTED_EDGE ( 'NONE', *, *, #1047, .F. ) ;
#1339 = ORIENTED_EDGE ( 'NONE', *, *, #116, .F. ) ;
#1340 = EDGE_CURVE ( 'NONE', #926, #928, #821, .T. ) ;
#1341 = CARTESIAN_POINT ( 'NONE',  ( -2.000000000000000444, 0.4099999999999996980, 1.199999999999999956 ) ) ;
#1342 = CARTESIAN_POINT ( 'NONE',  ( 16.63499999999999801, -1.364999999999998437, 0.8824999999999999512 ) ) ;
#1343 = ORIENTED_EDGE ( 'NONE', *, *, #717, .T. ) ;
#1344 = FACE_OUTER_BOUND ( 'NONE', #351, .T. ) ;
#1345 = CARTESIAN_POINT ( 'NONE',  ( -1.364999999999999991, 16.63499999999999801, 1.199999999999999956 ) ) ;
#1346 = VECTOR ( 'NONE', #544, 100.0000000000000000 ) ;
#1347 = VECTOR ( 'NONE', #271, 100.0000000000000000 ) ;
#1348 = DIRECTION ( 'NONE',  ( 4.818676322157798361E-16, -1.000000000000000000, 0.000000000000000000 ) ) ;
#1349 = VECTOR ( 'NONE', #407, 100.0000000000000000 ) ;
#1350 = ADVANCED_FACE ( 'NONE', ( #1344 ), #767, .F. ) ;
#1351 = EDGE_LOOP ( 'NONE', ( #413, #1173, #336, #1140 ) ) ;
#1352 = AXIS2_PLACEMENT_3D ( 'NONE', #1000, #979, #1119 ) ;
#1353 = ORIENTED_EDGE ( 'NONE', *, *, #95, .T. ) ;
#1354 = CARTESIAN_POINT ( 'NONE',  ( 0.7679571668975722076, 1.199999999999999956, 0.7000000000000000666 ) ) ;
#1355 = PLANE ( 'NONE',  #1379 ) ;
#1356 = EDGE_CURVE ( 'NONE', #1017, #465, #460, .T. ) ;
#1357 = PLANE ( 'NONE',  #1003 ) ;
#1358 = ORIENTED_EDGE ( 'NONE', *, *, #1155, .T. ) ;
#1359 = CARTESIAN_POINT ( 'NONE',  ( 0.000000000000000000, 0.000000000000000000, 1.199999999999999956 ) ) ;
#1360 = CARTESIAN_POINT ( 'NONE',  ( 1.820000000000000506, -0.4099999999999998646, 0.7000000000000000666 ) ) ;
#1361 = ORIENTED_EDGE ( 'NONE', *, *, #1567, .F. ) ;
#1362 = ORIENTED_EDGE ( 'NONE', *, *, #1452, .T. ) ;
#1363 = PLANE ( 'NONE',  #279 ) ;
#1364 = CARTESIAN_POINT ( 'NONE',  ( 1.820000000000000506, 0.4100000000000000311, 0.7000000000000000666 ) ) ;
#1365 = VERTEX_POINT ( 'NONE', #891 ) ;
#1366 = EDGE_CURVE ( 'NONE', #461, #1512, #1021, .T. ) ;
#1367 = ORIENTED_EDGE ( 'NONE', *, *, #393, .F. ) ;
#1368 = CARTESIAN_POINT ( 'NONE',  ( -2.000000000000000444, 0.4099999999999996980, 0.7000000000000000666 ) ) ;
#1369 = EDGE_LOOP ( 'NONE', ( #464, #272, #630, #1152 ) ) ;
#1370 = EDGE_CURVE ( 'NONE', #841, #70, #628, .T. ) ;
#1371 = EDGE_CURVE ( 'NONE', #452, #1365, #1382, .T. ) ;
#1372 = AXIS2_PLACEMENT_3D ( 'NONE', #1070, #914, #298 ) ;
#1373 = DIRECTION ( 'NONE',  ( 1.000000000000000000, 4.818676322157799347E-16, 0.000000000000000000 ) ) ;
#1374 = EDGE_LOOP ( 'NONE', ( #1343, #1241, #1361, #1334 ) ) ;
#1375 = AXIS2_PLACEMENT_3D ( 'NONE', #108, #603, #488 ) ;
#1376 = VECTOR ( 'NONE', #1547, 100.0000000000000000 ) ;
#1377 = CARTESIAN_POINT ( 'NONE',  ( -1.500000000000000222, 2.000000000000000444, 0.000000000000000000 ) ) ;
#1378 = DIRECTION ( 'NONE',  ( -0.000000000000000000, 0.000000000000000000, 1.000000000000000000 ) ) ;
#1379 = AXIS2_PLACEMENT_3D ( 'NONE', #1143, #508, #160 ) ;
#1380 = CARTESIAN_POINT ( 'NONE',  ( -2.000000000000000888, 1.499999999999999334, 0.000000000000000000 ) ) ;
#1381 = ORIENTED_EDGE ( 'NONE', *, *, #905, .T. ) ;
#1382 = LINE ( 'NONE', #1263, #659 ) ;
#1383 = FACE_OUTER_BOUND ( 'NONE', #1536, .T. ) ;
#1384 = ORIENTED_EDGE ( 'NONE', *, *, #268, .F. ) ;
#1385 = VERTEX_POINT ( 'NONE', #1495 ) ;
#1386 = DIRECTION ( 'NONE',  ( 0.5000000000000045519, -0.8660254037844360431, 0.000000000000000000 ) ) ;
#1387 = ORIENTED_EDGE ( 'NONE', *, *, #1430, .F. ) ;
#1388 = DIRECTION ( 'NONE',  ( -0.000000000000000000, 0.000000000000000000, 1.000000000000000000 ) ) ;
#1389 = VERTEX_POINT ( 'NONE', #5 ) ;
#1390 = CARTESIAN_POINT ( 'NONE',  ( -1.200000000000000178, 0.7679571668975719856, 0.7000000000000000666 ) ) ;
#1391 = ORIENTED_EDGE ( 'NONE', *, *, #846, .T. ) ;
#1392 = VECTOR ( 'NONE', #750, 100.0000000000000000 ) ;
#1393 = DIRECTION ( 'NONE',  ( 1.000000000000000000, 0.000000000000000000, 0.000000000000000000 ) ) ;
#1394 = ADVANCED_FACE ( 'NONE', ( #498 ), #1240, .F. ) ;
#1395 = FACE_OUTER_BOUND ( 'NONE', #819, .T. ) ;
#1396 = VECTOR ( 'NONE', #1491, 100.0000000000000000 ) ;
#1397 = DIRECTION ( 'NONE',  ( -0.000000000000000000, 0.000000000000000000, 1.000000000000000000 ) ) ;
#1398 = EDGE_CURVE ( 'NONE', #1085, #1150, #612, .T. ) ;
#1399 = VECTOR ( 'NONE', #466, 100.0000000000000000 ) ;
#1400 = CARTESIAN_POINT ( 'NONE',  ( -1.820000000000000506, 0.4099999999999995870, 0.7000000000000000666 ) ) ;
#1401 = DIRECTION ( 'NONE',  ( -0.000000000000000000, 0.000000000000000000, 1.000000000000000000 ) ) ;
#1402 = VERTEX_POINT ( 'NONE', #989 ) ;
#1403 = DIRECTION ( 'NONE',  ( 0.000000000000000000, 1.000000000000000000, 0.000000000000000000 ) ) ;
#1404 = ORIENTED_EDGE ( 'NONE', *, *, #541, .T. ) ;
#1405 = LINE ( 'NONE', #188, #1556 ) ;
#1406 = DIRECTION ( 'NONE',  ( 3.067291018426574134E-16, -1.000000000000000000, 0.000000000000000000 ) ) ;
#1407 = VERTEX_POINT ( 'NONE', #1469 ) ;
#1408 = CARTESIAN_POINT ( 'NONE',  ( -2.000000000000000888, 1.499999999999999112, 0.8824999999999999512 ) ) ;
#1409 = PLANE ( 'NONE',  #37 ) ;
#1410 = EDGE_CURVE ( 'NONE', #793, #693, #419, .T. ) ;
#1411 = VERTEX_POINT ( 'NONE', #187 ) ;
#1412 = ORIENTED_EDGE ( 'NONE', *, *, #210, .T. ) ;
#1413 = CARTESIAN_POINT ( 'NONE',  ( 2.000000000000000444, 1.500000000000000666, 1.199999999999999956 ) ) ;
#1414 = DIRECTION ( 'NONE',  ( -1.000000000000000000, 0.000000000000000000, 0.000000000000000000 ) ) ;
#1415 = CARTESIAN_POINT ( 'NONE',  ( 0.4100000000000003086, -2.000000000000000444, 0.7000000000000000666 ) ) ;
#1416 = ORIENTED_EDGE ( 'NONE', *, *, #1233, .T. ) ;
#1417 = DIRECTION ( 'NONE',  ( -2.312964634635742957E-16, 1.000000000000000000, 0.000000000000000000 ) ) ;
#1418 = DIRECTION ( 'NONE',  ( -1.000000000000000000, -2.312964634635742957E-16, 0.000000000000000000 ) ) ;
#1419 = EDGE_CURVE ( 'NONE', #213, #706, #842, .T. ) ;
#1420 = PLANE ( 'NONE',  #1221 ) ;
#1421 = ORIENTED_EDGE ( 'NONE', *, *, #434, .F. ) ;
#1422 = DIRECTION ( 'NONE',  ( 1.000000000000000000, -4.818676322157799347E-16, 0.000000000000000000 ) ) ;
#1423 = EDGE_CURVE ( 'NONE', #834, #1541, #1319, .T. ) ;
#1424 = CARTESIAN_POINT ( 'NONE',  ( -0.7679571668975720966, -1.200000000000000178, 0.7000000000000000666 ) ) ;
#1425 = CARTESIAN_POINT ( 'NONE',  ( 1.500000000000000666, -2.000000000000000000, 1.199999999999999956 ) ) ;
#1426 = AXIS2_PLACEMENT_3D ( 'NONE', #289, #652, #180 ) ;
#1427 = ORIENTED_EDGE ( 'NONE', *, *, #758, .F. ) ;
#1428 = DIRECTION ( 'NONE',  ( -0.000000000000000000, 0.000000000000000000, 1.000000000000000000 ) ) ;
#1429 = VECTOR ( 'NONE', #459, 100.0000000000000000 ) ;
#1430 = EDGE_CURVE ( 'NONE', #1385, #1320, #1198, .T. ) ;
#1431 = DIRECTION ( 'NONE',  ( 1.000000000000000000, 4.818676322157798361E-16, 0.000000000000000000 ) ) ;
#1432 = ORIENTED_EDGE ( 'NONE', *, *, #758, .T. ) ;
#1433 = AXIS2_PLACEMENT_3D ( 'NONE', #751, #1348, #255 ) ;
#1434 = SURFACE_SIDE_STYLE ('',( #957 ) ) ;
#1435 = DIRECTION ( 'NONE',  ( 0.000000000000000000, -1.000000000000000000, 0.000000000000000000 ) ) ;
#1436 = VERTEX_POINT ( 'NONE', #592 ) ;
#1437 = CARTESIAN_POINT ( 'NONE',  ( 16.63499999999999801, 1.365000000000001101, 0.8824999999999999512 ) ) ;
#1438 = ORIENTED_EDGE ( 'NONE', *, *, #1340, .T. ) ;
#1439 = ORIENTED_EDGE ( 'NONE', *, *, #1410, .F. ) ;
#1440 = DIRECTION ( 'NONE',  ( -0.000000000000000000, 0.000000000000000000, 1.000000000000000000 ) ) ;
#1441 = DIRECTION ( 'NONE',  ( 0.000000000000000000, -1.000000000000000000, 0.000000000000000000 ) ) ;
#1442 = LINE ( 'NONE', #467, #1306 ) ;
#1443 = EDGE_LOOP ( 'NONE', ( #342, #936, #1065, #400 ) ) ;
#1444 = DIRECTION ( 'NONE',  ( 0.000000000000000000, 0.000000000000000000, 1.000000000000000000 ) ) ;
#1445 = EDGE_CURVE ( 'NONE', #1320, #796, #1546, .T. ) ;
#1446 = LINE ( 'NONE', #131, #1048 ) ;
#1447 = DIRECTION ( 'NONE',  ( -1.000000000000000000, -4.818676322157799347E-16, 0.000000000000000000 ) ) ;
#1448 = CARTESIAN_POINT ( 'NONE',  ( 0.000000000000000000, 0.000000000000000000, 0.000000000000000000 ) ) ;
#1449 = EDGE_CURVE ( 'NONE', #1172, #1028, #1089, .T. ) ;
#1450 = CARTESIAN_POINT ( 'NONE',  ( -0.7679571668975720966, -1.200000000000000178, 1.199999999999999956 ) ) ;
#1451 = VECTOR ( 'NONE', #1577, 100.0000000000000142 ) ;
#1452 = EDGE_CURVE ( 'NONE', #55, #21, #1208, .T. ) ;
#1453 = VECTOR ( 'NONE', #1023, 100.0000000000000142 ) ;
#1454 = VECTOR ( 'NONE', #1393, 100.0000000000000000 ) ;
#1455 = DIRECTION ( 'NONE',  ( 0.000000000000000000, -1.000000000000000000, 0.000000000000000000 ) ) ;
#1456 = AXIS2_PLACEMENT_3D ( 'NONE', #1354, #760, #1122 ) ;
#1457 = LINE ( 'NONE', #1235, #1535 ) ;
#1458 = CARTESIAN_POINT ( 'NONE',  ( 0.000000000000000000, 0.000000000000000000, 0.7000000000000000666 ) ) ;
#1459 = VECTOR ( 'NONE', #1311, 100.0000000000000000 ) ;
#1460 = EDGE_LOOP ( 'NONE', ( #614, #1295, #414, #1476 ) ) ;
#1461 = CARTESIAN_POINT ( 'NONE',  ( -0.4099999999999996980, -1.820000000000000506, 1.199999999999999956 ) ) ;
#1462 = DIRECTION ( 'NONE',  ( -0.000000000000000000, 0.000000000000000000, 1.000000000000000000 ) ) ;
#1463 = DIRECTION ( 'NONE',  ( -0.000000000000000000, 0.000000000000000000, 1.000000000000000000 ) ) ;
#1464 = ORIENTED_EDGE ( 'NONE', *, *, #975, .F. ) ;
#1465 = ORIENTED_EDGE ( 'NONE', *, *, #177, .T. ) ;
#1466 = LINE ( 'NONE', #487, #123 ) ;
#1467 = DIRECTION ( 'NONE',  ( 0.000000000000000000, 1.000000000000000000, 0.000000000000000000 ) ) ;
#1468 = LINE ( 'NONE', #1336, #333 ) ;
#1469 = CARTESIAN_POINT ( 'NONE',  ( 1.820000000000000506, 0.4100000000000000311, 1.199999999999999956 ) ) ;
#1470 = ORIENTED_EDGE ( 'NONE', *, *, #1371, .T. ) ;
#1471 = DIRECTION ( 'NONE',  ( 0.000000000000000000, 1.000000000000000000, 0.000000000000000000 ) ) ;
#1472 = EDGE_CURVE ( 'NONE', #987, #324, #694, .T. ) ;
#1473 =( NAMED_UNIT ( * ) SI_UNIT ( $, .STERADIAN. ) SOLID_ANGLE_UNIT ( ) );
#1474 = ADVANCED_FACE ( 'NONE', ( #940 ), #564, .F. ) ;
#1475 = ORIENTED_EDGE ( 'NONE', *, *, #581, .F. ) ;
#1476 = ORIENTED_EDGE ( 'NONE', *, *, #332, .F. ) ;
#1477 = CARTESIAN_POINT ( 'NONE',  ( 0.4099999999999999201, 1.820000000000000506, 0.7000000000000000666 ) ) ;
#1478 = CARTESIAN_POINT ( 'NONE',  ( -0.7679571668975722076, 1.199999999999999956, 0.7000000000000000666 ) ) ;
#1479 = DIRECTION ( 'NONE',  ( 0.5000000000000039968, 0.8660254037844362651, 0.000000000000000000 ) ) ;
#1480 = ORIENTED_EDGE ( 'NONE', *, *, #789, .T. ) ;
#1481 = VECTOR ( 'NONE', #363, 100.0000000000000000 ) ;
#1482 = LINE ( 'NONE', #976, #1451 ) ;
#1483 = AXIS2_PLACEMENT_3D ( 'NONE', #906, #382, #1403 ) ;
#1484 = DIRECTION ( 'NONE',  ( 0.000000000000000000, 0.000000000000000000, -1.000000000000000000 ) ) ;
#1485 = DIRECTION ( 'NONE',  ( -0.5000000000000042188, 0.8660254037844361541, 0.000000000000000000 ) ) ;
#1486 = VECTOR ( 'NONE', #1418, 100.0000000000000000 ) ;
#1487 = EDGE_LOOP ( 'NONE', ( #1062, #83, #143, #1439, #71, #1367, #1248, #1579, #384, #1125, #506, #1016, #945, #1285, #1494, #349, #1526, #1097, #492, #1301, #653, #396, #1287, #1339, #637, #1500, #662, #1489, #212, #140, #579, #704, #551, #572, #903, #449 ) ) ;
#1488 = AXIS2_PLACEMENT_3D ( 'NONE', #215, #1296, #352 ) ;
#1489 = ORIENTED_EDGE ( 'NONE', *, *, #409, .F. ) ;
#1490 = DIRECTION ( 'NONE',  ( -0.000000000000000000, 0.000000000000000000, 1.000000000000000000 ) ) ;
#1491 = DIRECTION ( 'NONE',  ( -0.000000000000000000, 0.000000000000000000, 1.000000000000000000 ) ) ;
#1492 = EDGE_CURVE ( 'NONE', #1407, #673, #81, .T. ) ;
#1493 = UNCERTAINTY_MEASURE_WITH_UNIT (LENGTH_MEASURE( 1.000000000000000082E-05 ), #1570, 'distance_accuracy_value', 'NONE');
#1494 = ORIENTED_EDGE ( 'NONE', *, *, #177, .F. ) ;
#1495 = CARTESIAN_POINT ( 'NONE',  ( -1.200000000000000178, 0.7679571668975719856, 0.7000000000000000666 ) ) ;
#1496 = ORIENTED_EDGE ( 'NONE', *, *, #1096, .F. ) ;
#1497 = ORIENTED_EDGE ( 'NONE', *, *, #973, .F. ) ;
#1498 = CARTESIAN_POINT ( 'NONE',  ( 0.000000000000000000, -0.3049999999999999933, 1.199999999999999956 ) ) ;
#1499 = EDGE_CURVE ( 'NONE', #276, #213, #87, .T. ) ;
#1500 = ORIENTED_EDGE ( 'NONE', *, *, #1332, .F. ) ;
#1501 = ORIENTED_EDGE ( 'NONE', *, *, #1170, .T. ) ;
#1502 = LINE ( 'NONE', #644, #1083 ) ;
#1503 = LINE ( 'NONE', #402, #742 ) ;
#1504 = CARTESIAN_POINT ( 'NONE',  ( -16.63499999999999801, -1.364999999999999103, 1.199999999999999956 ) ) ;
#1505 = ORIENTED_EDGE ( 'NONE', *, *, #1283, .T. ) ;
#1506 = VECTOR ( 'NONE', #1401, 100.0000000000000000 ) ;
#1507 = CARTESIAN_POINT ( 'NONE',  ( 3.735172737399427023E-17, 0.3049999999999999933, 1.199999999999999956 ) ) ;
#1508 = VECTOR ( 'NONE', #618, 100.0000000000000000 ) ;
#1509 = VECTOR ( 'NONE', #868, 100.0000000000000000 ) ;
#1510 = DIRECTION ( 'NONE',  ( -0.000000000000000000, 0.000000000000000000, 1.000000000000000000 ) ) ;
#1511 = AXIS2_PLACEMENT_3D ( 'NONE', #1566, #1207, #1441 ) ;
#1512 = VERTEX_POINT ( 'NONE', #222 ) ;
#1513 = EDGE_CURVE ( 'NONE', #1385, #1411, #197, .T. ) ;
#1514 = CARTESIAN_POINT ( 'NONE',  ( 0.4100000000000003086, -2.000000000000000444, 1.199999999999999956 ) ) ;
#1515 = ORIENTED_EDGE ( 'NONE', *, *, #1533, .T. ) ;
#1516 = CARTESIAN_POINT ( 'NONE',  ( 1.199999999999999956, -0.7679571668975722076, 0.7000000000000000666 ) ) ;
#1517 = EDGE_CURVE ( 'NONE', #1267, #992, #1561, .T. ) ;
#1518 = DIRECTION ( 'NONE',  ( 0.8660254037844363761, -0.5000000000000041078, 0.000000000000000000 ) ) ;
#1519 = CARTESIAN_POINT ( 'NONE',  ( -0.4100000000000000311, 2.000000000000000444, 1.199999999999999956 ) ) ;
#1520 = EDGE_CURVE ( 'NONE', #1160, #1402, #472, .T. ) ;
#1521 = DIRECTION ( 'NONE',  ( -2.312964634635742957E-16, 1.000000000000000000, 0.000000000000000000 ) ) ;
#1522 = PLANE ( 'NONE',  #114 ) ;
#1523 = LINE ( 'NONE', #801, #632 ) ;
#1524 = PRODUCT_RELATED_PRODUCT_CATEGORY ( 'part', '', ( #1186 ) ) ;
#1525 = CARTESIAN_POINT ( 'NONE',  ( -1.820000000000000506, -0.4100000000000003086, 0.7000000000000000666 ) ) ;
#1526 = ORIENTED_EDGE ( 'NONE', *, *, #921, .F. ) ;
#1527 = VECTOR ( 'NONE', #1587, 100.0000000000000000 ) ;
#1528 = DIRECTION ( 'NONE',  ( -2.312964634635742957E-16, 1.000000000000000000, 0.000000000000000000 ) ) ;
#1529 = PLANE ( 'NONE',  #149 ) ;
#1530 = VECTOR ( 'NONE', #164, 100.0000000000000000 ) ;
#1531 = DIRECTION ( 'NONE',  ( 0.000000000000000000, 0.000000000000000000, 1.000000000000000000 ) ) ;
#1532 = AXIS2_PLACEMENT_3D ( 'NONE', #1094, #575, #938 ) ;
#1533 = EDGE_CURVE ( 'NONE', #21, #1258, #1084, .T. ) ;
#1534 = DIRECTION ( 'NONE',  ( 0.000000000000000000, -1.000000000000000000, 0.000000000000000000 ) ) ;
#1535 = VECTOR ( 'NONE', #111, 100.0000000000000000 ) ;
#1536 = EDGE_LOOP ( 'NONE', ( #1236, #113, #1294, #893, #404, #756 ) ) ;
#1537 = FILL_AREA_STYLE ('',( #1056 ) ) ;
#1538 = LINE ( 'NONE', #941, #1454 ) ;
#1539 = DIRECTION ( 'NONE',  ( -1.000000000000000000, 0.000000000000000000, 0.000000000000000000 ) ) ;
#1540 = EDGE_CURVE ( 'NONE', #706, #1407, #458, .T. ) ;
#1541 = VERTEX_POINT ( 'NONE', #805 ) ;
#1542 = CARTESIAN_POINT ( 'NONE',  ( 2.000000000000000444, -0.4099999999999999201, 1.199999999999999956 ) ) ;
#1543 = EDGE_CURVE ( 'NONE', #1402, #752, #61, .T. ) ;
#1544 = DIRECTION ( 'NONE',  ( -0.000000000000000000, 0.000000000000000000, 1.000000000000000000 ) ) ;
#1545 = ORIENTED_EDGE ( 'NONE', *, *, #344, .F. ) ;
#1546 = LINE ( 'NONE', #971, #1459 ) ;
#1547 = DIRECTION ( 'NONE',  ( 0.000000000000000000, 0.000000000000000000, 1.000000000000000000 ) ) ;
#1548 = ORIENTED_EDGE ( 'NONE', *, *, #855, .T. ) ;
#1549 = DIRECTION ( 'NONE',  ( 1.000000000000000000, 2.385670792109557660E-16, 0.000000000000000000 ) ) ;
#1550 = EDGE_LOOP ( 'NONE', ( #133, #1381, #1076, #1464, #1545, #524, #1020, #1548, #328, #468, #815, #1251 ) ) ;
#1551 = ORIENTED_EDGE ( 'NONE', *, *, #1170, .F. ) ;
#1552 = FACE_OUTER_BOUND ( 'NONE', #759, .T. ) ;
#1553 = CARTESIAN_POINT ( 'NONE',  ( 2.000000000000000444, 0.4100000000000001421, 1.199999999999999956 ) ) ;
#1554 = CARTESIAN_POINT ( 'NONE',  ( -16.63499999999999801, -1.364999999999999103, 0.8824999999999999512 ) ) ;
#1555 = VECTOR ( 'NONE', #203, 100.0000000000000000 ) ;
#1556 = VECTOR ( 'NONE', #1184, 100.0000000000000000 ) ;
#1557 = CARTESIAN_POINT ( 'NONE',  ( 0.000000000000000000, 0.000000000000000000, 1.199999999999999956 ) ) ;
#1558 = AXIS2_PLACEMENT_3D ( 'NONE', #1584, #1220, #118 ) ;
#1559 = VERTEX_POINT ( 'NONE', #1174 ) ;
#1560 = EDGE_LOOP ( 'NONE', ( #1060, #286, #955, #1004 ) ) ;
#1561 = LINE ( 'NONE', #711, #17 ) ;
#1562 = ORIENTED_EDGE ( 'NONE', *, *, #1259, .F. ) ;
#1563 = MANIFOLD_SOLID_BREP ( 'Cut-Extrude4', #171 ) ;
#1564 = DIRECTION ( 'NONE',  ( 0.000000000000000000, 0.000000000000000000, -1.000000000000000000 ) ) ;
#1565 = ADVANCED_FACE ( 'NONE', ( #869 ), #554, .F. ) ;
#1566 = CARTESIAN_POINT ( 'NONE',  ( 0.000000000000000000, 0.000000000000000000, 0.8824999999999999512 ) ) ;
#1567 = EDGE_CURVE ( 'NONE', #920, #1316, #1457, .T. ) ;
#1568 = CARTESIAN_POINT ( 'NONE',  ( 0.7679571668975724297, -1.199999999999999956, 0.7000000000000000666 ) ) ;
#1569 = CARTESIAN_POINT ( 'NONE',  ( 0.000000000000000000, 0.000000000000000000, 0.000000000000000000 ) ) ;
#1570 =( LENGTH_UNIT ( ) NAMED_UNIT ( * ) SI_UNIT ( .CENTI., .METRE. ) );
#1571 = DIRECTION ( 'NONE',  ( 0.5000000000000045519, -0.8660254037844360431, 0.000000000000000000 ) ) ;
#1572 = EDGE_LOOP ( 'NONE', ( #878, #85, #991, #952, #1121, #141 ) ) ;
#1573 = DIRECTION ( 'NONE',  ( 0.5000000000000045519, -0.8660254037844360431, 0.000000000000000000 ) ) ;
#1574 = ADVANCED_FACE ( 'NONE', ( #606 ), #1216, .F. ) ;
#1575 = VECTOR ( 'NONE', #1373, 100.0000000000000000 ) ;
#1576 = VECTOR ( 'NONE', #1175, 100.0000000000000000 ) ;
#1577 = DIRECTION ( 'NONE',  ( 0.5000000000000039968, 0.8660254037844362651, 0.000000000000000000 ) ) ;
#1578 = VECTOR ( 'NONE', #994, 100.0000000000000000 ) ;
#1579 = ORIENTED_EDGE ( 'NONE', *, *, #84, .F. ) ;
#1580 = ORIENTED_EDGE ( 'NONE', *, *, #1410, .T. ) ;
#1581 = DIRECTION ( 'NONE',  ( 1.000000000000000000, 0.000000000000000000, 0.000000000000000000 ) ) ;
#1582 = CARTESIAN_POINT ( 'NONE',  ( 1.820000000000000506, -0.4099999999999998646, 0.7000000000000000666 ) ) ;
#1583 = ADVANCED_FACE ( 'NONE', ( #371 ), #623, .F. ) ;
#1584 = CARTESIAN_POINT ( 'NONE',  ( -16.63499999999999801, -1.364999999999999103, 0.8824999999999999512 ) ) ;
#1585 = CARTESIAN_POINT ( 'NONE',  ( 1.364999999999999991, 1.364999999999998215, 0.8824999999999999512 ) ) ;
#1586 = ADVANCED_FACE ( 'NONE', ( #7 ), #389, .F. ) ;
#1587 = DIRECTION ( 'NONE',  ( -0.000000000000000000, 0.000000000000000000, 1.000000000000000000 ) ) ;
#1588 = DIRECTION ( 'NONE',  ( 0.000000000000000000, -1.000000000000000000, 0.000000000000000000 ) ) ;
#1589 = EDGE_LOOP ( 'NONE', ( #1580, #379, #946, #624 ) ) ;
ENDSEC;
END-ISO-10303-21;
