ISO-10303-21;
HEADER;
FILE_DESCRIPTION (( 'STEP AP214' ),
    '1' );
FILE_NAME ('vertex-base_60.STEP',
    '2026-06-10T13:06:54',
    ( '' ),
    ( '' ),
    'SwSTEP 2.0',
    'SolidWorks 2023',
    '' );
FILE_SCHEMA (( 'AUTOMOTIVE_DESIGN' ));
ENDSEC;

DATA;
#1 = VERTEX_POINT ( 'NONE', #1239 ) ;
#2 = ORIENTED_EDGE ( 'NONE', *, *, #233, .T. ) ;
#3 = ORIENTED_EDGE ( 'NONE', *, *, #974, .T. ) ;
#4 = LINE ( 'NONE', #501, #1150 ) ;
#5 = LINE ( 'NONE', #23, #988 ) ;
#6 = EDGE_CURVE ( 'NONE', #648, #505, #127, .T. ) ;
#7 = EDGE_CURVE ( 'NONE', #927, #839, #738, .T. ) ;
#8 = EDGE_LOOP ( 'NONE', ( #1153, #370, #1527, #224 ) ) ;
#9 = PRODUCT_CONTEXT ( 'NONE', #372, 'mechanical' ) ;
#10 = DIRECTION ( 'NONE',  ( -4.818676322157799347E-16, 1.000000000000000000, 0.000000000000000000 ) ) ;
#11 = ORIENTED_EDGE ( 'NONE', *, *, #504, .F. ) ;
#12 = CARTESIAN_POINT ( 'NONE',  ( -0.4099999999999997535, -2.000000000000000444, 1.199999999999999956 ) ) ;
#13 = DIRECTION ( 'NONE',  ( 0.000000000000000000, -1.000000000000000000, 0.000000000000000000 ) ) ;
#14 = CIRCLE ( 'NONE', #919, 0.3000000000000000444 ) ;
#15 = VECTOR ( 'NONE', #297, 100.0000000000000000 ) ;
#16 = DIRECTION ( 'NONE',  ( -0.000000000000000000, 0.000000000000000000, 1.000000000000000000 ) ) ;
#17 = AXIS2_PLACEMENT_3D ( 'NONE', #1228, #129, #623 ) ;
#18 = ORIENTED_EDGE ( 'NONE', *, *, #696, .F. ) ;
#19 = EDGE_CURVE ( 'NONE', #131, #1215, #481, .T. ) ;
#20 = CARTESIAN_POINT ( 'NONE',  ( -0.4099999999999999201, 1.820000000000000506, 1.199999999999999956 ) ) ;
#21 = ORIENTED_EDGE ( 'NONE', *, *, #999, .F. ) ;
#22 = PLANE ( 'NONE',  #78 ) ;
#23 = CARTESIAN_POINT ( 'NONE',  ( 2.000000000000000444, 1.500000000000000666, 1.199999999999999956 ) ) ;
#24 = CARTESIAN_POINT ( 'NONE',  ( -1.820000000000000506, -0.4100000000000003086, 0.7000000000000000666 ) ) ;
#25 = ORIENTED_EDGE ( 'NONE', *, *, #1128, .F. ) ;
#26 = CARTESIAN_POINT ( 'NONE',  ( -16.63499999999999801, -1.364999999999999103, 0.8824999999999999512 ) ) ;
#27 = ORIENTED_EDGE ( 'NONE', *, *, #792, .F. ) ;
#28 = EDGE_CURVE ( 'NONE', #311, #1278, #355, .T. ) ;
#29 = EDGE_CURVE ( 'NONE', #1346, #754, #731, .T. ) ;
#30 = DIRECTION ( 'NONE',  ( -1.000000000000000000, -2.312964634635742957E-16, 0.000000000000000000 ) ) ;
#31 = DIRECTION ( 'NONE',  ( 1.000000000000000000, 1.817653936845376936E-16, 0.000000000000000000 ) ) ;
#32 = DIRECTION ( 'NONE',  ( 0.000000000000000000, -1.000000000000000000, 0.000000000000000000 ) ) ;
#33 = DIRECTION ( 'NONE',  ( -0.000000000000000000, 0.000000000000000000, 1.000000000000000000 ) ) ;
#34 = ORIENTED_EDGE ( 'NONE', *, *, #427, .T. ) ;
#35 = DIRECTION ( 'NONE',  ( 0.000000000000000000, 0.000000000000000000, 1.000000000000000000 ) ) ;
#36 = VERTEX_POINT ( 'NONE', #1105 ) ;
#37 = LINE ( 'NONE', #645, #277 ) ;
#38 = CARTESIAN_POINT ( 'NONE',  ( -2.000000000000000000, -1.500000000000000888, 1.199999999999999956 ) ) ;
#39 = EDGE_CURVE ( 'NONE', #756, #1468, #499, .T. ) ;
#40 = LINE ( 'NONE', #1525, #638 ) ;
#41 = ADVANCED_FACE ( 'NONE', ( #1469 ), #990, .F. ) ;
#42 = AXIS2_PLACEMENT_3D ( 'NONE', #420, #435, #30 ) ;
#43 = DIRECTION ( 'NONE',  ( -0.000000000000000000, 0.000000000000000000, 1.000000000000000000 ) ) ;
#44 = ORIENTED_EDGE ( 'NONE', *, *, #604, .F. ) ;
#45 = VECTOR ( 'NONE', #1166, 100.0000000000000142 ) ;
#46 = VECTOR ( 'NONE', #573, 100.0000000000000000 ) ;
#47 = CARTESIAN_POINT ( 'NONE',  ( 1.364999999999999991, 1.364999999999998215, 1.199999999999999956 ) ) ;
#48 = EDGE_LOOP ( 'NONE', ( #829, #801, #387, #1143 ) ) ;
#49 = CIRCLE ( 'NONE', #796, 2.500000000000000000 ) ;
#50 = DIRECTION ( 'NONE',  ( 1.000000000000000000, -4.818676322157799347E-16, 0.000000000000000000 ) ) ;
#51 = CARTESIAN_POINT ( 'NONE',  ( 1.364999999999995328, 16.63499999999999801, 1.199999999999999956 ) ) ;
#52 = ORIENTED_EDGE ( 'NONE', *, *, #1531, .T. ) ;
#53 = CARTESIAN_POINT ( 'NONE',  ( 2.000000000000000444, -0.4099999999999999201, 0.7000000000000000666 ) ) ;
#54 = EDGE_CURVE ( 'NONE', #1545, #641, #1099, .T. ) ;
#55 = LINE ( 'NONE', #1049, #712 ) ;
#56 = VERTEX_POINT ( 'NONE', #156 ) ;
#57 = FACE_OUTER_BOUND ( 'NONE', #154, .T. ) ;
#58 = VERTEX_POINT ( 'NONE', #1246 ) ;
#59 = CARTESIAN_POINT ( 'NONE',  ( -16.63499999999999801, 1.364999999999996438, 0.8824999999999999512 ) ) ;
#60 = FACE_BOUND ( 'NONE', #553, .T. ) ;
#61 = ORIENTED_EDGE ( 'NONE', *, *, #1033, .T. ) ;
#62 = DIRECTION ( 'NONE',  ( -1.000000000000000000, 4.818676322157798361E-16, 0.000000000000000000 ) ) ;
#63 = DIRECTION ( 'NONE',  ( 1.000000000000000000, 0.000000000000000000, 0.000000000000000000 ) ) ;
#64 = PRODUCT ( 'vertex-base_60', 'vertex-base_60', '', ( #9 ) ) ;
#65 = EDGE_CURVE ( 'NONE', #1041, #756, #907, .T. ) ;
#66 = ORIENTED_EDGE ( 'NONE', *, *, #348, .T. ) ;
#67 = VERTEX_POINT ( 'NONE', #20 ) ;
#68 = CARTESIAN_POINT ( 'NONE',  ( -0.4099999999999996980, -1.820000000000000506, 0.7000000000000000666 ) ) ;
#69 = CARTESIAN_POINT ( 'NONE',  ( 1.365000000000002212, -16.63499999999999801, 0.8824999999999999512 ) ) ;
#70 = DIRECTION ( 'NONE',  ( 1.000000000000000000, 1.931257307898213426E-16, 0.000000000000000000 ) ) ;
#71 = DIRECTION ( 'NONE',  ( 0.000000000000000000, -1.000000000000000000, 0.000000000000000000 ) ) ;
#72 = VECTOR ( 'NONE', #1552, 100.0000000000000000 ) ;
#73 = ORIENTED_EDGE ( 'NONE', *, *, #1011, .F. ) ;
#74 = VECTOR ( 'NONE', #43, 100.0000000000000000 ) ;
#75 = EDGE_CURVE ( 'NONE', #317, #799, #1514, .T. ) ;
#76 = DIRECTION ( 'NONE',  ( 0.000000000000000000, 0.000000000000000000, -1.000000000000000000 ) ) ;
#77 = DIRECTION ( 'NONE',  ( 0.000000000000000000, 0.000000000000000000, -1.000000000000000000 ) ) ;
#78 = AXIS2_PLACEMENT_3D ( 'NONE', #1357, #253, #742 ) ;
#79 = CIRCLE ( 'NONE', #147, 0.3000000000000000444 ) ;
#80 = DIRECTION ( 'NONE',  ( -0.000000000000000000, 0.000000000000000000, 1.000000000000000000 ) ) ;
#81 = CARTESIAN_POINT ( 'NONE',  ( -2.000000000000000000, -1.500000000000000888, 0.000000000000000000 ) ) ;
#82 = VERTEX_POINT ( 'NONE', #997 ) ;
#83 = LINE ( 'NONE', #1431, #892 ) ;
#84 = ORIENTED_EDGE ( 'NONE', *, *, #1054, .F. ) ;
#85 = PLANE ( 'NONE',  #743 ) ;
#86 = LINE ( 'NONE', #1558, #382 ) ;
#87 = VERTEX_POINT ( 'NONE', #1390 ) ;
#88 = DIRECTION ( 'NONE',  ( 0.000000000000000000, 0.000000000000000000, 1.000000000000000000 ) ) ;
#89 = ORIENTED_EDGE ( 'NONE', *, *, #811, .T. ) ;
#90 = EDGE_CURVE ( 'NONE', #1283, #856, #176, .T. ) ;
#91 = ADVANCED_FACE ( 'NONE', ( #643 ), #658, .F. ) ;
#92 = PLANE ( 'NONE',  #1502 ) ;
#93 = ORIENTED_EDGE ( 'NONE', *, *, #557, .T. ) ;
#94 = AXIS2_PLACEMENT_3D ( 'NONE', #569, #88, #706 ) ;
#95 = LINE ( 'NONE', #195, #537 ) ;
#96 = PLANE ( 'NONE',  #232 ) ;
#97 = VECTOR ( 'NONE', #1435, 100.0000000000000000 ) ;
#98 = DIRECTION ( 'NONE',  ( -1.817653936845376936E-16, 1.000000000000000000, 0.000000000000000000 ) ) ;
#99 = VECTOR ( 'NONE', #196, 100.0000000000000000 ) ;
#100 = CARTESIAN_POINT ( 'NONE',  ( 0.000000000000000000, 0.000000000000000000, 0.8824999999999999512 ) ) ;
#101 = EDGE_CURVE ( 'NONE', #87, #607, #272, .T. ) ;
#102 = ORIENTED_EDGE ( 'NONE', *, *, #322, .F. ) ;
#103 = DIRECTION ( 'NONE',  ( 0.000000000000000000, 1.000000000000000000, 0.000000000000000000 ) ) ;
#104 = PLANE ( 'NONE',  #1251 ) ;
#105 = VERTEX_POINT ( 'NONE', #900 ) ;
#106 = FILL_AREA_STYLE ('',( #1319 ) ) ;
#107 = CARTESIAN_POINT ( 'NONE',  ( 0.000000000000000000, 0.000000000000000000, 0.7000000000000000666 ) ) ;
#108 = EDGE_CURVE ( 'NONE', #1053, #1545, #1272, .T. ) ;
#109 = ORIENTED_EDGE ( 'NONE', *, *, #1161, .T. ) ;
#110 = CARTESIAN_POINT ( 'NONE',  ( -1.364999999999998215, 2.000000000000000444, 0.8824999999999999512 ) ) ;
#111 = CARTESIAN_POINT ( 'NONE',  ( 1.820000000000000506, 0.4100000000000000311, 0.7000000000000000666 ) ) ;
#112 = ORIENTED_EDGE ( 'NONE', *, *, #833, .F. ) ;
#113 = LINE ( 'NONE', #973, #205 ) ;
#114 = CARTESIAN_POINT ( 'NONE',  ( 2.000000000000000444, 1.500000000000000666, 0.8824999999999999512 ) ) ;
#115 = ORIENTED_EDGE ( 'NONE', *, *, #974, .F. ) ;
#116 = ORIENTED_EDGE ( 'NONE', *, *, #444, .F. ) ;
#117 = ORIENTED_EDGE ( 'NONE', *, *, #751, .T. ) ;
#118 = ADVANCED_FACE ( 'NONE', ( #57 ), #1144, .F. ) ;
#119 = FACE_OUTER_BOUND ( 'NONE', #908, .T. ) ;
#120 = VECTOR ( 'NONE', #310, 100.0000000000000000 ) ;
#121 = VECTOR ( 'NONE', #995, 100.0000000000000142 ) ;
#122 = CARTESIAN_POINT ( 'NONE',  ( 0.4100000000000000311, 2.000000000000000444, 0.7000000000000000666 ) ) ;
#123 = AXIS2_PLACEMENT_3D ( 'NONE', #834, #1336, #1060 ) ;
#124 = VECTOR ( 'NONE', #188, 100.0000000000000000 ) ;
#125 = ORIENTED_EDGE ( 'NONE', *, *, #19, .T. ) ;
#126 = APPLICATION_PROTOCOL_DEFINITION ( 'draft international standard', 'automotive_design', 1998, #189 ) ;
#127 = LINE ( 'NONE', #250, #1399 ) ;
#128 = ORIENTED_EDGE ( 'NONE', *, *, #662, .F. ) ;
#129 = DIRECTION ( 'NONE',  ( 1.000000000000000000, 2.312964634635742957E-16, 0.000000000000000000 ) ) ;
#130 = DIRECTION ( 'NONE',  ( 1.000000000000000000, 4.818676322157799347E-16, 0.000000000000000000 ) ) ;
#131 = VERTEX_POINT ( 'NONE', #887 ) ;
#132 = VERTEX_POINT ( 'NONE', #47 ) ;
#133 = ORIENTED_EDGE ( 'NONE', *, *, #1566, .T. ) ;
#134 = CARTESIAN_POINT ( 'NONE',  ( 0.4100000000000001976, -1.820000000000000506, 1.199999999999999956 ) ) ;
#135 = CARTESIAN_POINT ( 'NONE',  ( -1.364999999999998215, 1.364999999999999991, 1.199999999999999956 ) ) ;
#136 = EDGE_CURVE ( 'NONE', #192, #870, #1503, .T. ) ;
#137 = DIRECTION ( 'NONE',  ( 0.000000000000000000, -1.000000000000000000, 0.000000000000000000 ) ) ;
#138 = ORIENTED_EDGE ( 'NONE', *, *, #651, .F. ) ;
#139 = CARTESIAN_POINT ( 'NONE',  ( 1.820000000000000506, -0.4099999999999998646, 0.7000000000000000666 ) ) ;
#140 = ORIENTED_EDGE ( 'NONE', *, *, #1429, .F. ) ;
#141 = LINE ( 'NONE', #518, #921 ) ;
#142 = AXIS2_PLACEMENT_3D ( 'NONE', #1472, #894, #32 ) ;
#143 = CARTESIAN_POINT ( 'NONE',  ( -1.199999999999999956, -0.7679571668975725407, 0.7000000000000000666 ) ) ;
#144 = VECTOR ( 'NONE', #215, 100.0000000000000000 ) ;
#145 = ADVANCED_FACE ( 'NONE', ( #549 ), #1376, .F. ) ;
#146 = EDGE_LOOP ( 'NONE', ( #584, #475, #1210, #273 ) ) ;
#147 = AXIS2_PLACEMENT_3D ( 'NONE', #414, #1563, #468 ) ;
#148 = CARTESIAN_POINT ( 'NONE',  ( 1.364999999999995328, 16.63499999999999801, 0.8824999999999999512 ) ) ;
#149 = ORIENTED_EDGE ( 'NONE', *, *, #323, .T. ) ;
#150 = CARTESIAN_POINT ( 'NONE',  ( -0.4099999999999997535, -2.000000000000000444, 0.7000000000000000666 ) ) ;
#151 = DIRECTION ( 'NONE',  ( 0.000000000000000000, 0.000000000000000000, 1.000000000000000000 ) ) ;
#152 = DIRECTION ( 'NONE',  ( -0.000000000000000000, 0.000000000000000000, 1.000000000000000000 ) ) ;
#153 = DIRECTION ( 'NONE',  ( 0.000000000000000000, 0.000000000000000000, 1.000000000000000000 ) ) ;
#154 = EDGE_LOOP ( 'NONE', ( #582, #939, #1487, #659 ) ) ;
#155 = ADVANCED_FACE ( 'NONE', ( #800 ), #418, .F. ) ;
#156 = CARTESIAN_POINT ( 'NONE',  ( -0.4099999999999996980, -1.820000000000000506, 1.199999999999999956 ) ) ;
#157 = ORIENTED_EDGE ( 'NONE', *, *, #406, .F. ) ;
#158 = EDGE_CURVE ( 'NONE', #1179, #56, #1521, .T. ) ;
#159 = PLANE ( 'NONE',  #1473 ) ;
#160 = DIRECTION ( 'NONE',  ( -1.000000000000000000, 0.000000000000000000, 0.000000000000000000 ) ) ;
#161 = CARTESIAN_POINT ( 'NONE',  ( 0.000000000000000000, 0.000000000000000000, 1.199999999999999956 ) ) ;
#162 = LINE ( 'NONE', #647, #279 ) ;
#163 = ORIENTED_EDGE ( 'NONE', *, *, #199, .F. ) ;
#164 = UNCERTAINTY_MEASURE_WITH_UNIT (LENGTH_MEASURE( 1.000000000000000082E-05 ), #442, 'distance_accuracy_value', 'NONE');
#165 = DIRECTION ( 'NONE',  ( 3.067291018426574134E-16, -1.000000000000000000, 0.000000000000000000 ) ) ;
#166 = ORIENTED_EDGE ( 'NONE', *, *, #1008, .F. ) ;
#167 = DIRECTION ( 'NONE',  ( 0.8660254037844362651, 0.5000000000000042188, 0.000000000000000000 ) ) ;
#168 = DIRECTION ( 'NONE',  ( 0.000000000000000000, -1.000000000000000000, 0.000000000000000000 ) ) ;
#169 = EDGE_CURVE ( 'NONE', #1, #748, #400, .T. ) ;
#170 = PLANE ( 'NONE',  #175 ) ;
#171 = CIRCLE ( 'NONE', #533, 2.500000000000000000 ) ;
#172 = CARTESIAN_POINT ( 'NONE',  ( 1.820000000000000506, -0.4099999999999998646, 1.199999999999999956 ) ) ;
#173 = ORIENTED_EDGE ( 'NONE', *, *, #322, .T. ) ;
#174 = AXIS2_PLACEMENT_3D ( 'NONE', #879, #1499, #1261 ) ;
#175 = AXIS2_PLACEMENT_3D ( 'NONE', #535, #1395, #70 ) ;
#176 = LINE ( 'NONE', #411, #663 ) ;
#177 = ORIENTED_EDGE ( 'NONE', *, *, #437, .F. ) ;
#178 = DIRECTION ( 'NONE',  ( -0.5000000000000042188, 0.8660254037844362651, -0.000000000000000000 ) ) ;
#179 = DIRECTION ( 'NONE',  ( 0.000000000000000000, 0.000000000000000000, 1.000000000000000000 ) ) ;
#180 = ORIENTED_EDGE ( 'NONE', *, *, #158, .T. ) ;
#181 = EDGE_CURVE ( 'NONE', #520, #1346, #284, .T. ) ;
#182 = CARTESIAN_POINT ( 'NONE',  ( -1.365000000000000213, -1.364999999999997993, 0.8824999999999999512 ) ) ;
#183 = LINE ( 'NONE', #1295, #536 ) ;
#184 = ORIENTED_EDGE ( 'NONE', *, *, #1566, .F. ) ;
#185 = PLANE ( 'NONE',  #252 ) ;
#186 = ORIENTED_EDGE ( 'NONE', *, *, #1009, .F. ) ;
#187 = CARTESIAN_POINT ( 'NONE',  ( -16.63499999999999801, 1.364999999999996438, 1.199999999999999956 ) ) ;
#188 = DIRECTION ( 'NONE',  ( -2.258880508902365962E-16, 1.000000000000000000, -0.000000000000000000 ) ) ;
#189 = APPLICATION_CONTEXT ( 'automotive_design' ) ;
#190 = DIRECTION ( 'NONE',  ( 0.8660254037844362651, 0.5000000000000043299, 0.000000000000000000 ) ) ;
#191 = CARTESIAN_POINT ( 'NONE',  ( -0.7679571668975722076, 1.199999999999999956, 0.7000000000000000666 ) ) ;
#192 = VERTEX_POINT ( 'NONE', #1137 ) ;
#193 = EDGE_CURVE ( 'NONE', #1064, #1189, #171, .T. ) ;
#194 = EDGE_LOOP ( 'NONE', ( #1232, #1146, #393, #1338, #27, #1092, #1421, #93, #1003, #513, #1539, #787 ) ) ;
#195 = CARTESIAN_POINT ( 'NONE',  ( 1.364999999999999991, 1.364999999999998215, 0.8824999999999999512 ) ) ;
#196 = DIRECTION ( 'NONE',  ( -0.000000000000000000, 0.000000000000000000, 1.000000000000000000 ) ) ;
#197 = CARTESIAN_POINT ( 'NONE',  ( 0.4099999999999999201, 1.820000000000000506, 0.7000000000000000666 ) ) ;
#198 = CARTESIAN_POINT ( 'NONE',  ( 0.7679571668975722076, 1.199999999999999956, 1.199999999999999956 ) ) ;
#199 = EDGE_CURVE ( 'NONE', #880, #1324, #1014, .T. ) ;
#200 = VECTOR ( 'NONE', #50, 100.0000000000000000 ) ;
#201 = ORIENTED_EDGE ( 'NONE', *, *, #278, .T. ) ;
#202 = AXIS2_PLACEMENT_3D ( 'NONE', #1526, #1152, #690 ) ;
#203 = DIRECTION ( 'NONE',  ( -0.000000000000000000, 0.000000000000000000, 1.000000000000000000 ) ) ;
#204 = EDGE_LOOP ( 'NONE', ( #426, #44, #732, #1112 ) ) ;
#205 = VECTOR ( 'NONE', #98, 100.0000000000000000 ) ;
#206 = AXIS2_PLACEMENT_3D ( 'NONE', #460, #951, #831 ) ;
#207 = DIRECTION ( 'NONE',  ( 4.818676322157799347E-16, -1.000000000000000000, 0.000000000000000000 ) ) ;
#208 = DIRECTION ( 'NONE',  ( -0.000000000000000000, 0.000000000000000000, 1.000000000000000000 ) ) ;
#209 = ORIENTED_EDGE ( 'NONE', *, *, #1497, .F. ) ;
#210 = EDGE_CURVE ( 'NONE', #870, #1444, #1186, .T. ) ;
#211 = DIRECTION ( 'NONE',  ( -1.000000000000000000, -4.818676322157799347E-16, 0.000000000000000000 ) ) ;
#212 = PLANE ( 'NONE',  #206 ) ;
#213 = ORIENTED_EDGE ( 'NONE', *, *, #1191, .F. ) ;
#214 = ADVANCED_FACE ( 'NONE', ( #1436 ), #581, .F. ) ;
#215 = DIRECTION ( 'NONE',  ( 1.000000000000000000, -4.818676322157799347E-16, 0.000000000000000000 ) ) ;
#216 = DIRECTION ( 'NONE',  ( 0.000000000000000000, 0.000000000000000000, -1.000000000000000000 ) ) ;
#217 = ORIENTED_EDGE ( 'NONE', *, *, #683, .T. ) ;
#218 = PLANE ( 'NONE',  #94 ) ;
#219 = LINE ( 'NONE', #961, #1508 ) ;
#220 = ORIENTED_EDGE ( 'NONE', *, *, #1328, .F. ) ;
#221 = CARTESIAN_POINT ( 'NONE',  ( 2.000000000000001776, 1.364999999999998437, 0.8824999999999999512 ) ) ;
#222 = ADVANCED_FACE ( 'NONE', ( #1559 ), #185, .F. ) ;
#223 = LINE ( 'NONE', #853, #944 ) ;
#224 = ORIENTED_EDGE ( 'NONE', *, *, #906, .T. ) ;
#225 = VECTOR ( 'NONE', #1051, 100.0000000000000000 ) ;
#226 = CARTESIAN_POINT ( 'NONE',  ( 2.000000000000000444, 0.4100000000000001421, 0.7000000000000000666 ) ) ;
#227 = LINE ( 'NONE', #354, #769 ) ;
#228 = ORIENTED_EDGE ( 'NONE', *, *, #340, .F. ) ;
#229 = VECTOR ( 'NONE', #439, 100.0000000000000000 ) ;
#230 = LINE ( 'NONE', #1080, #1505 ) ;
#231 = VECTOR ( 'NONE', #1149, 100.0000000000000000 ) ;
#232 = AXIS2_PLACEMENT_3D ( 'NONE', #346, #591, #1310 ) ;
#233 = EDGE_CURVE ( 'NONE', #873, #1368, #671, .T. ) ;
#234 = ORIENTED_EDGE ( 'NONE', *, *, #741, .F. ) ;
#235 = DIRECTION ( 'NONE',  ( -0.000000000000000000, 0.000000000000000000, 1.000000000000000000 ) ) ;
#236 = DIRECTION ( 'NONE',  ( -4.818676322157798361E-16, 1.000000000000000000, 0.000000000000000000 ) ) ;
#237 = DIRECTION ( 'NONE',  ( 0.8660254037844362651, -0.5000000000000039968, 0.000000000000000000 ) ) ;
#238 = EDGE_LOOP ( 'NONE', ( #1415, #562, #1362, #34 ) ) ;
#239 = CARTESIAN_POINT ( 'NONE',  ( -0.4099999999999999201, -2.000000000000000444, 0.7000000000000000666 ) ) ;
#240 = CARTESIAN_POINT ( 'NONE',  ( -1.364999999999999991, 16.63499999999999801, 0.8824999999999999512 ) ) ;
#241 = EDGE_CURVE ( 'NONE', #687, #1257, #1495, .T. ) ;
#242 = ORIENTED_EDGE ( 'NONE', *, *, #851, .T. ) ;
#243 = ORIENTED_EDGE ( 'NONE', *, *, #792, .T. ) ;
#244 = ORIENTED_EDGE ( 'NONE', *, *, #444, .T. ) ;
#245 = FACE_OUTER_BOUND ( 'NONE', #522, .T. ) ;
#246 = CARTESIAN_POINT ( 'NONE',  ( -0.7679571668975722076, 1.199999999999999956, 1.199999999999999956 ) ) ;
#247 = ORIENTED_EDGE ( 'NONE', *, *, #666, .T. ) ;
#248 = ADVANCED_FACE ( 'NONE', ( #274 ), #890, .F. ) ;
#249 = CARTESIAN_POINT ( 'NONE',  ( 0.000000000000000000, 0.000000000000000000, 0.000000000000000000 ) ) ;
#250 = CARTESIAN_POINT ( 'NONE',  ( 2.000000000000000444, 1.500000000000000666, 0.000000000000000000 ) ) ;
#251 = ORIENTED_EDGE ( 'NONE', *, *, #613, .T. ) ;
#252 = AXIS2_PLACEMENT_3D ( 'NONE', #448, #1420, #558 ) ;
#253 = DIRECTION ( 'NONE',  ( 0.000000000000000000, 0.000000000000000000, -1.000000000000000000 ) ) ;
#254 = VECTOR ( 'NONE', #270, 100.0000000000000142 ) ;
#255 = CIRCLE ( 'NONE', #615, 2.500000000000000000 ) ;
#256 = FACE_OUTER_BOUND ( 'NONE', #238, .T. ) ;
#257 = VECTOR ( 'NONE', #1547, 100.0000000000000142 ) ;
#258 = ORIENTED_EDGE ( 'NONE', *, *, #28, .F. ) ;
#259 = ORIENTED_EDGE ( 'NONE', *, *, #210, .T. ) ;
#260 = ORIENTED_EDGE ( 'NONE', *, *, #348, .F. ) ;
#261 = CARTESIAN_POINT ( 'NONE',  ( -1.820000000000000506, -0.4100000000000003086, 1.199999999999999956 ) ) ;
#262 = EDGE_CURVE ( 'NONE', #1215, #676, #678, .T. ) ;
#263 = CARTESIAN_POINT ( 'NONE',  ( 0.000000000000000000, 0.000000000000000000, 0.000000000000000000 ) ) ;
#264 = LINE ( 'NONE', #1372, #1427 ) ;
#265 = ORIENTED_EDGE ( 'NONE', *, *, #980, .F. ) ;
#266 = ORIENTED_EDGE ( 'NONE', *, *, #241, .T. ) ;
#267 = ORIENTED_EDGE ( 'NONE', *, *, #193, .F. ) ;
#268 = EDGE_CURVE ( 'NONE', #1053, #443, #1138, .T. ) ;
#269 = CARTESIAN_POINT ( 'NONE',  ( 1.499999999999999778, 2.000000000000000444, 0.000000000000000000 ) ) ;
#270 = DIRECTION ( 'NONE',  ( 0.5000000000000039968, 0.8660254037844362651, 0.000000000000000000 ) ) ;
#271 = ORIENTED_EDGE ( 'NONE', *, *, #1011, .T. ) ;
#272 = LINE ( 'NONE', #515, #1528 ) ;
#273 = ORIENTED_EDGE ( 'NONE', *, *, #54, .F. ) ;
#274 = FACE_OUTER_BOUND ( 'NONE', #1366, .T. ) ;
#275 = DIRECTION ( 'NONE',  ( -1.000000000000000000, -4.818676322157798361E-16, 0.000000000000000000 ) ) ;
#276 = DIRECTION ( 'NONE',  ( 0.000000000000000000, 0.000000000000000000, 1.000000000000000000 ) ) ;
#277 = VECTOR ( 'NONE', #1276, 100.0000000000000000 ) ;
#278 = EDGE_CURVE ( 'NONE', #575, #1041, #37, .T. ) ;
#279 = VECTOR ( 'NONE', #1573, 100.0000000000000000 ) ;
#280 = PLANE ( 'NONE',  #868 ) ;
#281 = AXIS2_PLACEMENT_3D ( 'NONE', #1174, #62, #804 ) ;
#282 = ORIENTED_EDGE ( 'NONE', *, *, #504, .T. ) ;
#283 = EDGE_CURVE ( 'NONE', #1064, #87, #1378, .T. ) ;
#284 = LINE ( 'NONE', #1256, #1145 ) ;
#285 = ORIENTED_EDGE ( 'NONE', *, *, #709, .F. ) ;
#286 = LINE ( 'NONE', #1258, #610 ) ;
#287 = CARTESIAN_POINT ( 'NONE',  ( 0.000000000000000000, 0.000000000000000000, 0.8824999999999999512 ) ) ;
#288 = LINE ( 'NONE', #1358, #637 ) ;
#289 = CARTESIAN_POINT ( 'NONE',  ( 0.4100000000000001976, -1.820000000000000506, 1.199999999999999956 ) ) ;
#290 = EDGE_CURVE ( 'NONE', #1111, #684, #312, .T. ) ;
#291 = CARTESIAN_POINT ( 'NONE',  ( 0.000000000000000000, 0.000000000000000000, 0.000000000000000000 ) ) ;
#292 = ORIENTED_EDGE ( 'NONE', *, *, #720, .T. ) ;
#293 = DIRECTION ( 'NONE',  ( -1.000000000000000000, -1.136033710528360955E-16, 0.000000000000000000 ) ) ;
#294 = LINE ( 'NONE', #1029, #487 ) ;
#295 = ADVANCED_BREP_SHAPE_REPRESENTATION ( 'vertex-base_60', ( #1211, #1178 ), #1123 ) ;
#296 = DIRECTION ( 'NONE',  ( -2.312964634635742957E-16, 1.000000000000000000, 0.000000000000000000 ) ) ;
#297 = DIRECTION ( 'NONE',  ( -0.000000000000000000, 0.000000000000000000, 1.000000000000000000 ) ) ;
#298 = ORIENTED_EDGE ( 'NONE', *, *, #181, .F. ) ;
#299 = CARTESIAN_POINT ( 'NONE',  ( -1.200000000000000178, 0.7679571668975719856, 0.7000000000000000666 ) ) ;
#300 = ORIENTED_EDGE ( 'NONE', *, *, #19, .F. ) ;
#301 = PRODUCT_RELATED_PRODUCT_CATEGORY ( 'part', '', ( #64 ) ) ;
#302 = DIRECTION ( 'NONE',  ( -0.8660254037844360431, -0.5000000000000045519, 0.000000000000000000 ) ) ;
#303 = CARTESIAN_POINT ( 'NONE',  ( 0.000000000000000000, 0.000000000000000000, 1.199999999999999956 ) ) ;
#304 = DIRECTION ( 'NONE',  ( 1.000000000000000000, 4.818676322157799347E-16, 0.000000000000000000 ) ) ;
#305 = AXIS2_PLACEMENT_3D ( 'NONE', #59, #1267, #560 ) ;
#306 = LINE ( 'NONE', #681, #1474 ) ;
#307 = ORIENTED_EDGE ( 'NONE', *, *, #1389, .T. ) ;
#308 = VECTOR ( 'NONE', #511, 100.0000000000000000 ) ;
#309 = VECTOR ( 'NONE', #1587, 100.0000000000000000 ) ;
#310 = DIRECTION ( 'NONE',  ( 0.000000000000000000, -1.000000000000000000, 0.000000000000000000 ) ) ;
#311 = VERTEX_POINT ( 'NONE', #1393 ) ;
#312 = LINE ( 'NONE', #531, #736 ) ;
#313 = LINE ( 'NONE', #38, #433 ) ;
#314 = DIRECTION ( 'NONE',  ( 0.000000000000000000, 1.000000000000000000, 0.000000000000000000 ) ) ;
#315 = EDGE_CURVE ( 'NONE', #1344, #832, #928, .T. ) ;
#316 = CARTESIAN_POINT ( 'NONE',  ( -0.4099999999999996980, -1.820000000000000506, 0.7000000000000000666 ) ) ;
#317 = VERTEX_POINT ( 'NONE', #543 ) ;
#318 = VERTEX_POINT ( 'NONE', #1384 ) ;
#319 = CARTESIAN_POINT ( 'NONE',  ( -1.499999999999999334, -2.000000000000000888, 0.000000000000000000 ) ) ;
#320 = CARTESIAN_POINT ( 'NONE',  ( 0.4100000000000001421, 2.000000000000000444, 0.7000000000000000666 ) ) ;
#321 = CARTESIAN_POINT ( 'NONE',  ( 0.4099999999999999201, 1.820000000000000506, 0.7000000000000000666 ) ) ;
#322 = EDGE_CURVE ( 'NONE', #388, #1, #286, .T. ) ;
#323 = EDGE_CURVE ( 'NONE', #362, #684, #551, .T. ) ;
#324 = LINE ( 'NONE', #191, #1245 ) ;
#325 = EDGE_LOOP ( 'NONE', ( #1335, #1274, #609, #506 ) ) ;
#326 = CARTESIAN_POINT ( 'NONE',  ( -2.000000000000000888, 1.499999999999999112, 0.8824999999999999512 ) ) ;
#327 = ORIENTED_EDGE ( 'NONE', *, *, #1520, .T. ) ;
#328 = CARTESIAN_POINT ( 'NONE',  ( 1.820000000000000506, 0.4100000000000000311, 0.7000000000000000666 ) ) ;
#329 = ADVANCED_FACE ( 'NONE', ( #1163 ), #159, .F. ) ;
#330 = AXIS2_PLACEMENT_3D ( 'NONE', #1026, #1004, #1284 ) ;
#331 = VECTOR ( 'NONE', #10, 100.0000000000000000 ) ;
#332 = EDGE_CURVE ( 'NONE', #875, #687, #783, .T. ) ;
#333 = ORIENTED_EDGE ( 'NONE', *, *, #702, .F. ) ;
#334 = CIRCLE ( 'NONE', #202, 2.500000000000000000 ) ;
#335 = FACE_OUTER_BOUND ( 'NONE', #1034, .T. ) ;
#336 = FACE_OUTER_BOUND ( 'NONE', #466, .T. ) ;
#337 = VECTOR ( 'NONE', #152, 100.0000000000000000 ) ;
#338 = LINE ( 'NONE', #1426, #1072 ) ;
#339 = ORIENTED_EDGE ( 'NONE', *, *, #90, .T. ) ;
#340 = EDGE_CURVE ( 'NONE', #1087, #131, #1037, .T. ) ;
#341 = CARTESIAN_POINT ( 'NONE',  ( 0.000000000000000000, 0.000000000000000000, 1.199999999999999956 ) ) ;
#342 = CYLINDRICAL_SURFACE ( 'NONE', #798, 2.500000000000000000 ) ;
#343 = FACE_OUTER_BOUND ( 'NONE', #949, .T. ) ;
#344 = ORIENTED_EDGE ( 'NONE', *, *, #1337, .F. ) ;
#345 = FACE_OUTER_BOUND ( 'NONE', #204, .T. ) ;
#346 = CARTESIAN_POINT ( 'NONE',  ( 2.000000000000000444, -0.4099999999999999201, 0.7000000000000000666 ) ) ;
#347 = EDGE_LOOP ( 'NONE', ( #1187, #1586, #1572, #112 ) ) ;
#348 = EDGE_CURVE ( 'NONE', #888, #388, #1249, .T. ) ;
#349 = ADVANCED_FACE ( 'NONE', ( #1132 ), #1028, .F. ) ;
#350 = DIRECTION ( 'NONE',  ( -1.000000000000000000, -4.818676322157799347E-16, 0.000000000000000000 ) ) ;
#351 = VERTEX_POINT ( 'NONE', #428 ) ;
#352 = VECTOR ( 'NONE', #1538, 100.0000000000000000 ) ;
#353 = CARTESIAN_POINT ( 'NONE',  ( -1.999999999999999112, -1.364999999999997993, 1.199999999999999956 ) ) ;
#354 = CARTESIAN_POINT ( 'NONE',  ( -0.4099999999999999201, 1.820000000000000506, 0.7000000000000000666 ) ) ;
#355 = LINE ( 'NONE', #1086, #331 ) ;
#356 = ORIENTED_EDGE ( 'NONE', *, *, #728, .F. ) ;
#357 = VECTOR ( 'NONE', #33, 100.0000000000000000 ) ;
#358 = DIRECTION ( 'NONE',  ( -0.000000000000000000, 0.000000000000000000, 1.000000000000000000 ) ) ;
#359 = VECTOR ( 'NONE', #703, 100.0000000000000000 ) ;
#360 = AXIS2_PLACEMENT_3D ( 'NONE', #303, #179, #686 ) ;
#361 = DIRECTION ( 'NONE',  ( -0.000000000000000000, 0.000000000000000000, 1.000000000000000000 ) ) ;
#362 = VERTEX_POINT ( 'NONE', #917 ) ;
#363 = CARTESIAN_POINT ( 'NONE',  ( -2.000000000000000000, -1.364999999999997993, 0.000000000000000000 ) ) ;
#364 = ORIENTED_EDGE ( 'NONE', *, *, #595, .F. ) ;
#365 = CARTESIAN_POINT ( 'NONE',  ( -0.7679571668975720966, -1.200000000000000178, 1.199999999999999956 ) ) ;
#366 = DIRECTION ( 'NONE',  ( 0.000000000000000000, 0.000000000000000000, -1.000000000000000000 ) ) ;
#367 = EDGE_CURVE ( 'NONE', #756, #927, #1286, .T. ) ;
#368 = ORIENTED_EDGE ( 'NONE', *, *, #989, .T. ) ;
#369 = ORIENTED_EDGE ( 'NONE', *, *, #1405, .T. ) ;
#370 = ORIENTED_EDGE ( 'NONE', *, *, #1235, .F. ) ;
#371 = CARTESIAN_POINT ( 'NONE',  ( -1.364999999999997549, -16.63499999999999801, 0.8824999999999999512 ) ) ;
#372 = APPLICATION_CONTEXT ( 'automotive_design' ) ;
#373 = CARTESIAN_POINT ( 'NONE',  ( 0.000000000000000000, 0.000000000000000000, 1.199999999999999956 ) ) ;
#374 = EDGE_CURVE ( 'NONE', #379, #87, #943, .T. ) ;
#375 = ORIENTED_EDGE ( 'NONE', *, *, #1131, .T. ) ;
#376 = ADVANCED_FACE ( 'NONE', ( #807 ), #830, .F. ) ;
#377 = DIRECTION ( 'NONE',  ( 1.000000000000000000, 0.000000000000000000, 0.000000000000000000 ) ) ;
#378 = EDGE_LOOP ( 'NONE', ( #217, #721, #356, #862 ) ) ;
#379 = VERTEX_POINT ( 'NONE', #326 ) ;
#380 = VECTOR ( 'NONE', #724, 100.0000000000000000 ) ;
#381 = DIRECTION ( 'NONE',  ( -0.000000000000000000, 0.000000000000000000, 1.000000000000000000 ) ) ;
#382 = VECTOR ( 'NONE', #1199, 100.0000000000000000 ) ;
#383 = STYLED_ITEM ( 'NONE', ( #965 ), #1211 ) ;
#384 = CYLINDRICAL_SURFACE ( 'NONE', #992, 2.500000000000000000 ) ;
#385 = FACE_OUTER_BOUND ( 'NONE', #882, .T. ) ;
#386 = ORIENTED_EDGE ( 'NONE', *, *, #374, .F. ) ;
#387 = ORIENTED_EDGE ( 'NONE', *, *, #720, .F. ) ;
#388 = VERTEX_POINT ( 'NONE', #441 ) ;
#389 = ADVANCED_FACE ( 'NONE', ( #1188, #335 ), #218, .F. ) ;
#390 = CARTESIAN_POINT ( 'NONE',  ( -0.7679571668975722076, 1.199999999999999956, 0.7000000000000000666 ) ) ;
#391 = LINE ( 'NONE', #1498, #1305 ) ;
#392 = LINE ( 'NONE', #770, #357 ) ;
#393 = ORIENTED_EDGE ( 'NONE', *, *, #199, .T. ) ;
#394 = DIRECTION ( 'NONE',  ( 0.8660254037844361541, 0.5000000000000042188, 0.000000000000000000 ) ) ;
#395 = ORIENTED_EDGE ( 'NONE', *, *, #1235, .T. ) ;
#396 = DIRECTION ( 'NONE',  ( -1.000000000000000000, -6.816202263170164742E-17, 0.000000000000000000 ) ) ;
#397 = CARTESIAN_POINT ( 'NONE',  ( 0.7679571668975724297, -1.199999999999999956, 0.7000000000000000666 ) ) ;
#398 = CARTESIAN_POINT ( 'NONE',  ( -1.820000000000000506, 0.4099999999999995870, 1.199999999999999956 ) ) ;
#399 = VERTEX_POINT ( 'NONE', #1194 ) ;
#400 = LINE ( 'NONE', #914, #120 ) ;
#401 = EDGE_LOOP ( 'NONE', ( #474, #1299, #1285, #1247 ) ) ;
#402 = DIRECTION ( 'NONE',  ( -4.818676322157799347E-16, -1.000000000000000000, 0.000000000000000000 ) ) ;
#403 = LINE ( 'NONE', #1524, #124 ) ;
#404 = LINE ( 'NONE', #1124, #308 ) ;
#405 = VECTOR ( 'NONE', #1419, 100.0000000000000000 ) ;
#406 = EDGE_CURVE ( 'NONE', #105, #1110, #987, .T. ) ;
#407 = CARTESIAN_POINT ( 'NONE',  ( 0.000000000000000000, 0.000000000000000000, 0.7000000000000000666 ) ) ;
#408 = AXIS2_PLACEMENT_3D ( 'NONE', #930, #1413, #1294 ) ;
#409 = ORIENTED_EDGE ( 'NONE', *, *, #931, .T. ) ;
#410 = UNCERTAINTY_MEASURE_WITH_UNIT (LENGTH_MEASURE( 1.000000000000000082E-05 ), #1213, 'distance_accuracy_value', 'NONE');
#411 = CARTESIAN_POINT ( 'NONE',  ( -0.4100000000000000311, 2.000000000000000444, 0.7000000000000000666 ) ) ;
#412 = EDGE_LOOP ( 'NONE', ( #1307, #1408, #1291, #173, #1231 ) ) ;
#413 = CARTESIAN_POINT ( 'NONE',  ( 1.820000000000000506, 0.4100000000000000311, 0.7000000000000000666 ) ) ;
#414 = CARTESIAN_POINT ( 'NONE',  ( 0.000000000000000000, 0.000000000000000000, 0.000000000000000000 ) ) ;
#415 = DIRECTION ( 'NONE',  ( -0.5000000000000042188, 0.8660254037844361541, 0.000000000000000000 ) ) ;
#416 = LINE ( 'NONE', #905, #1555 ) ;
#417 = EDGE_LOOP ( 'NONE', ( #789, #128, #1575, #395 ) ) ;
#418 = PLANE ( 'NONE',  #1220 ) ;
#419 = ORIENTED_EDGE ( 'NONE', *, *, #136, .T. ) ;
#420 = CARTESIAN_POINT ( 'NONE',  ( 1.500000000000000666, -2.000000000000000000, 0.000000000000000000 ) ) ;
#421 = CARTESIAN_POINT ( 'NONE',  ( 1.365000000000002212, -16.63499999999999801, 1.199999999999999956 ) ) ;
#422 = CARTESIAN_POINT ( 'NONE',  ( -1.999999999999999778, -1.500000000000000666, 0.8824999999999999512 ) ) ;
#423 = LINE ( 'NONE', #81, #483 ) ;
#424 = ORIENTED_EDGE ( 'NONE', *, *, #1543, .T. ) ;
#425 = CARTESIAN_POINT ( 'NONE',  ( -0.4099999999999996980, -1.820000000000000506, 1.199999999999999956 ) ) ;
#426 = ORIENTED_EDGE ( 'NONE', *, *, #1337, .T. ) ;
#427 = EDGE_CURVE ( 'NONE', #36, #863, #14, .T. ) ;
#428 = CARTESIAN_POINT ( 'NONE',  ( 1.199999999999999956, 0.7679571668975723187, 1.199999999999999956 ) ) ;
#429 = CARTESIAN_POINT ( 'NONE',  ( -1.820000000000000506, 0.4099999999999995870, 0.7000000000000000666 ) ) ;
#430 = LINE ( 'NONE', #680, #1476 ) ;
#431 = AXIS2_PLACEMENT_3D ( 'NONE', #299, #1367, #780 ) ;
#432 = ORIENTED_EDGE ( 'NONE', *, *, #1008, .T. ) ;
#433 = VECTOR ( 'NONE', #552, 100.0000000000000000 ) ;
#434 = ORIENTED_EDGE ( 'NONE', *, *, #1308, .T. ) ;
#435 = DIRECTION ( 'NONE',  ( -2.312964634635742957E-16, 1.000000000000000000, 0.000000000000000000 ) ) ;
#436 = LINE ( 'NONE', #51, #1454 ) ;
#437 = EDGE_CURVE ( 'NONE', #351, #963, #1292, .T. ) ;
#438 = FACE_OUTER_BOUND ( 'NONE', #347, .T. ) ;
#439 = DIRECTION ( 'NONE',  ( -1.817653936845376936E-16, 1.000000000000000000, 0.000000000000000000 ) ) ;
#440 = VERTEX_POINT ( 'NONE', #1181 ) ;
#441 = CARTESIAN_POINT ( 'NONE',  ( 2.000000000000001776, -1.365000000000000213, 0.8824999999999999512 ) ) ;
#442 =( LENGTH_UNIT ( ) NAMED_UNIT ( * ) SI_UNIT ( .CENTI., .METRE. ) );
#443 = VERTEX_POINT ( 'NONE', #472 ) ;
#444 = EDGE_CURVE ( 'NONE', #1468, #1377, #940, .T. ) ;
#445 = LINE ( 'NONE', #321, #1121 ) ;
#446 = EDGE_CURVE ( 'NONE', #599, #1324, #1084, .T. ) ;
#447 = DIRECTION ( 'NONE',  ( 4.818676322157798361E-16, -1.000000000000000000, 0.000000000000000000 ) ) ;
#448 = CARTESIAN_POINT ( 'NONE',  ( -0.4099999999999996980, -1.820000000000000506, 0.7000000000000000666 ) ) ;
#449 = ORIENTED_EDGE ( 'NONE', *, *, #101, .F. ) ;
#450 = DIRECTION ( 'NONE',  ( 0.000000000000000000, 0.000000000000000000, 1.000000000000000000 ) ) ;
#451 = DIRECTION ( 'NONE',  ( 1.000000000000000000, 4.818676322157798361E-16, 0.000000000000000000 ) ) ;
#452 = ORIENTED_EDGE ( 'NONE', *, *, #1227, .F. ) ;
#453 = CARTESIAN_POINT ( 'NONE',  ( 1.820000000000000506, 0.4100000000000000311, 0.7000000000000000666 ) ) ;
#454 = ADVANCED_FACE ( 'NONE', ( #345 ), #837, .F. ) ;
#455 = AXIS2_PLACEMENT_3D ( 'NONE', #1006, #76, #103 ) ;
#456 = AXIS2_PLACEMENT_3D ( 'NONE', #1414, #1544, #447 ) ;
#457 = ORIENTED_EDGE ( 'NONE', *, *, #75, .T. ) ;
#458 = AXIS2_PLACEMENT_3D ( 'NONE', #876, #1341, #733 ) ;
#459 = CARTESIAN_POINT ( 'NONE',  ( 2.000000000000000444, -0.4099999999999999201, 0.7000000000000000666 ) ) ;
#460 = CARTESIAN_POINT ( 'NONE',  ( 0.4100000000000000311, 2.000000000000000444, 0.7000000000000000666 ) ) ;
#461 = ORIENTED_EDGE ( 'NONE', *, *, #568, .T. ) ;
#462 = VECTOR ( 'NONE', #929, 100.0000000000000000 ) ;
#463 = LINE ( 'NONE', #1549, #767 ) ;
#464 = CARTESIAN_POINT ( 'NONE',  ( -0.4099999999999999201, 1.820000000000000506, 0.7000000000000000666 ) ) ;
#465 = EDGE_CURVE ( 'NONE', #1079, #634, #1173, .T. ) ;
#466 = EDGE_LOOP ( 'NONE', ( #556, #1204, #166, #149 ) ) ;
#467 = DIRECTION ( 'NONE',  ( -1.000000000000000000, -6.816202263170164742E-17, 0.000000000000000000 ) ) ;
#468 = DIRECTION ( 'NONE',  ( 0.000000000000000000, -1.000000000000000000, 0.000000000000000000 ) ) ;
#469 = CARTESIAN_POINT ( 'NONE',  ( 1.820000000000000506, -0.4099999999999998646, 1.199999999999999956 ) ) ;
#470 = CARTESIAN_POINT ( 'NONE',  ( 3.673940397442060115E-17, 0.3000000000000000444, 1.199999999999999956 ) ) ;
#471 = ORIENTED_EDGE ( 'NONE', *, *, #702, .T. ) ;
#472 = CARTESIAN_POINT ( 'NONE',  ( -1.365000000000000213, -1.364999999999997993, 1.199999999999999956 ) ) ;
#473 = DIRECTION ( 'NONE',  ( 0.000000000000000000, 0.000000000000000000, 1.000000000000000000 ) ) ;
#474 = ORIENTED_EDGE ( 'NONE', *, *, #1227, .T. ) ;
#475 = ORIENTED_EDGE ( 'NONE', *, *, #268, .T. ) ;
#476 = EDGE_CURVE ( 'NONE', #1083, #676, #934, .T. ) ;
#477 = CARTESIAN_POINT ( 'NONE',  ( -1.200000000000000178, 0.7679571668975719856, 1.199999999999999956 ) ) ;
#478 = CARTESIAN_POINT ( 'NONE',  ( 0.000000000000000000, 0.000000000000000000, 1.199999999999999956 ) ) ;
#479 = ORIENTED_EDGE ( 'NONE', *, *, #315, .F. ) ;
#480 = AXIS2_PLACEMENT_3D ( 'NONE', #1423, #450, #597 ) ;
#481 = LINE ( 'NONE', #139, #1303 ) ;
#482 = ORIENTED_EDGE ( 'NONE', *, *, #860, .T. ) ;
#483 = VECTOR ( 'NONE', #912, 100.0000000000000000 ) ;
#484 = CARTESIAN_POINT ( 'NONE',  ( 2.000000000000000444, -0.4099999999999999201, 0.7000000000000000666 ) ) ;
#485 = CIRCLE ( 'NONE', #510, 0.3000000000000000444 ) ;
#486 = EDGE_CURVE ( 'NONE', #1233, #1111, #1309, .T. ) ;
#487 = VECTOR ( 'NONE', #77, 100.0000000000000000 ) ;
#488 = LINE ( 'NONE', #1205, #1451 ) ;
#489 = EDGE_LOOP ( 'NONE', ( #915, #282, #409, #977 ) ) ;
#490 = DIRECTION ( 'NONE',  ( 0.000000000000000000, -1.000000000000000000, 0.000000000000000000 ) ) ;
#491 = ORIENTED_EDGE ( 'NONE', *, *, #1093, .T. ) ;
#492 = ORIENTED_EDGE ( 'NONE', *, *, #906, .F. ) ;
#493 = LINE ( 'NONE', #12, #1453 ) ;
#494 = EDGE_CURVE ( 'NONE', #634, #388, #83, .T. ) ;
#495 = DIRECTION ( 'NONE',  ( -1.000000000000000000, 4.818676322157798361E-16, 0.000000000000000000 ) ) ;
#496 = EDGE_CURVE ( 'NONE', #1344, #873, #814, .T. ) ;
#497 = ORIENTED_EDGE ( 'NONE', *, *, #290, .T. ) ;
#498 = SHAPE_DEFINITION_REPRESENTATION ( #1120, #295 ) ;
#499 = LINE ( 'NONE', #982, #380 ) ;
#500 = ORIENTED_EDGE ( 'NONE', *, *, #136, .F. ) ;
#501 = CARTESIAN_POINT ( 'NONE',  ( 1.500000000000000666, -2.000000000000000000, 0.000000000000000000 ) ) ;
#502 = LINE ( 'NONE', #397, #337 ) ;
#503 = DIRECTION ( 'NONE',  ( 0.000000000000000000, 0.000000000000000000, 1.000000000000000000 ) ) ;
#504 = EDGE_CURVE ( 'NONE', #799, #132, #95, .T. ) ;
#505 = VERTEX_POINT ( 'NONE', #1065 ) ;
#506 = ORIENTED_EDGE ( 'NONE', *, *, #696, .T. ) ;
#507 = ORIENTED_EDGE ( 'NONE', *, *, #6, .F. ) ;
#508 = PLANE ( 'NONE',  #566 ) ;
#509 = VECTOR ( 'NONE', #153, 100.0000000000000000 ) ;
#510 = AXIS2_PLACEMENT_3D ( 'NONE', #1103, #276, #1010 ) ;
#511 = DIRECTION ( 'NONE',  ( -0.000000000000000000, 0.000000000000000000, 1.000000000000000000 ) ) ;
#512 = CARTESIAN_POINT ( 'NONE',  ( 1.365000000000002212, -2.000000000000000000, 0.000000000000000000 ) ) ;
#513 = ORIENTED_EDGE ( 'NONE', *, *, #841, .F. ) ;
#514 = EDGE_CURVE ( 'NONE', #748, #1079, #715, .T. ) ;
#515 = CARTESIAN_POINT ( 'NONE',  ( -1.500000000000000222, 2.000000000000000444, 0.8824999999999999512 ) ) ;
#516 = EDGE_LOOP ( 'NONE', ( #755, #1519, #1455, #981, #1302, #925, #213, #901, #1500, #1464, #1097, #1271, #761, #452, #1317, #84, #1015, #220, #1353, #1339, #1548, #677, #344, #1462, #258, #234, #140, #1470, #539, #694, #333, #177, #848, #983, #186, #1311 ) ) ;
#517 = PLANE ( 'NONE',  #947 ) ;
#518 = CARTESIAN_POINT ( 'NONE',  ( -0.7679571668975720966, -1.200000000000000178, 0.7000000000000000666 ) ) ;
#519 = DIRECTION ( 'NONE',  ( 0.000000000000000000, -1.000000000000000000, 0.000000000000000000 ) ) ;
#520 = VERTEX_POINT ( 'NONE', #1058 ) ;
#521 = DIRECTION ( 'NONE',  ( -0.000000000000000000, 0.000000000000000000, 1.000000000000000000 ) ) ;
#522 = EDGE_LOOP ( 'NONE', ( #1355, #845, #285, #1354 ) ) ;
#523 = DIRECTION ( 'NONE',  ( 1.000000000000000000, 2.385670792109557660E-16, 0.000000000000000000 ) ) ;
#524 = LINE ( 'NONE', #1488, #970 ) ;
#525 = EDGE_CURVE ( 'NONE', #1257, #874, #1562, .T. ) ;
#526 = DIRECTION ( 'NONE',  ( 4.818676322157798361E-16, 1.000000000000000000, 0.000000000000000000 ) ) ;
#527 = LINE ( 'NONE', #1491, #691 ) ;
#528 = ORIENTED_EDGE ( 'NONE', *, *, #1033, .F. ) ;
#529 = DIRECTION ( 'NONE',  ( 0.000000000000000000, -1.000000000000000000, 0.000000000000000000 ) ) ;
#530 = ORIENTED_EDGE ( 'NONE', *, *, #642, .T. ) ;
#531 = CARTESIAN_POINT ( 'NONE',  ( 0.4099999999999999201, 1.820000000000000506, 1.199999999999999956 ) ) ;
#532 = CARTESIAN_POINT ( 'NONE',  ( -2.000000000000000444, -0.4100000000000003642, 0.7000000000000000666 ) ) ;
#533 = AXIS2_PLACEMENT_3D ( 'NONE', #291, #35, #529 ) ;
#534 = ADVANCED_FACE ( 'NONE', ( #1381 ), #1475, .F. ) ;
#535 = CARTESIAN_POINT ( 'NONE',  ( 16.63499999999999801, 1.365000000000001101, 0.8824999999999999512 ) ) ;
#536 = VECTOR ( 'NONE', #923, 100.0000000000000000 ) ;
#537 = VECTOR ( 'NONE', #576, 100.0000000000000000 ) ;
#538 = DIRECTION ( 'NONE',  ( -0.000000000000000000, 0.000000000000000000, 1.000000000000000000 ) ) ;
#539 = ORIENTED_EDGE ( 'NONE', *, *, #899, .F. ) ;
#540 = VECTOR ( 'NONE', #1507, 100.0000000000000000 ) ;
#541 = CARTESIAN_POINT ( 'NONE',  ( -2.000000000000000444, 0.4099999999999996980, 0.7000000000000000666 ) ) ;
#542 = ORIENTED_EDGE ( 'NONE', *, *, #852, .F. ) ;
#543 = CARTESIAN_POINT ( 'NONE',  ( 1.364999999999999991, 2.000000000000001776, 0.8824999999999999512 ) ) ;
#544 = DIRECTION ( 'NONE',  ( 3.067291018426574134E-16, -1.000000000000000000, 0.000000000000000000 ) ) ;
#545 = DIRECTION ( 'NONE',  ( 0.000000000000000000, 0.000000000000000000, -1.000000000000000000 ) ) ;
#546 = CARTESIAN_POINT ( 'NONE',  ( 2.000000000000000444, -0.4099999999999999201, 1.199999999999999956 ) ) ;
#547 = ORIENTED_EDGE ( 'NONE', *, *, #1127, .T. ) ;
#548 = ADVANCED_FACE ( 'NONE', ( #385 ), #280, .F. ) ;
#549 = FACE_OUTER_BOUND ( 'NONE', #417, .T. ) ;
#550 = VERTEX_POINT ( 'NONE', #1208 ) ;
#551 = LINE ( 'NONE', #1515, #1450 ) ;
#552 = DIRECTION ( 'NONE',  ( -2.312964634635742957E-16, 1.000000000000000000, 0.000000000000000000 ) ) ;
#553 = EDGE_LOOP ( 'NONE', ( #886, #542 ) ) ;
#554 = FACE_OUTER_BOUND ( 'NONE', #954, .T. ) ;
#555 = CARTESIAN_POINT ( 'NONE',  ( -1.500000000000000222, 2.000000000000000444, 0.8824999999999999512 ) ) ;
#556 = ORIENTED_EDGE ( 'NONE', *, *, #1140, .T. ) ;
#557 = EDGE_CURVE ( 'NONE', #748, #1512, #640, .T. ) ;
#558 = DIRECTION ( 'NONE',  ( 0.5000000000000045519, -0.8660254037844360431, 0.000000000000000000 ) ) ;
#559 = ORIENTED_EDGE ( 'NONE', *, *, #1197, .F. ) ;
#560 = DIRECTION ( 'NONE',  ( 1.000000000000000000, 2.385670792109557660E-16, 0.000000000000000000 ) ) ;
#561 = PLANE ( 'NONE',  #360 ) ;
#562 = ORIENTED_EDGE ( 'NONE', *, *, #989, .F. ) ;
#563 = CARTESIAN_POINT ( 'NONE',  ( 1.500000000000000444, -1.999999999999999778, 0.8824999999999999512 ) ) ;
#564 = VECTOR ( 'NONE', #773, 100.0000000000000000 ) ;
#565 = PLANE ( 'NONE',  #1375 ) ;
#566 = AXIS2_PLACEMENT_3D ( 'NONE', #371, #31, #872 ) ;
#567 = ORIENTED_EDGE ( 'NONE', *, *, #728, .T. ) ;
#568 = EDGE_CURVE ( 'NONE', #1064, #933, #527, .T. ) ;
#569 = CARTESIAN_POINT ( 'NONE',  ( 0.000000000000000000, 0.000000000000000000, 0.000000000000000000 ) ) ;
#570 = DIRECTION ( 'NONE',  ( 0.000000000000000000, -1.000000000000000000, 0.000000000000000000 ) ) ;
#571 = ORIENTED_EDGE ( 'NONE', *, *, #283, .T. ) ;
#572 = EDGE_CURVE ( 'NONE', #799, #1207, #162, .T. ) ;
#573 = DIRECTION ( 'NONE',  ( -1.000000000000000000, -1.136033710528360955E-16, 0.000000000000000000 ) ) ;
#574 = FACE_OUTER_BOUND ( 'NONE', #8, .T. ) ;
#575 = VERTEX_POINT ( 'NONE', #398 ) ;
#576 = DIRECTION ( 'NONE',  ( -0.000000000000000000, 0.000000000000000000, 1.000000000000000000 ) ) ;
#577 = ORIENTED_EDGE ( 'NONE', *, *, #1429, .T. ) ;
#578 = DIRECTION ( 'NONE',  ( -1.136033710528360955E-16, 1.000000000000000000, 0.000000000000000000 ) ) ;
#579 = EDGE_CURVE ( 'NONE', #1278, #746, #776, .T. ) ;
#580 = CARTESIAN_POINT ( 'NONE',  ( -1.364999999999999991, -2.000000000000001776, 0.8824999999999999512 ) ) ;
#581 = PLANE ( 'NONE',  #635 ) ;
#582 = ORIENTED_EDGE ( 'NONE', *, *, #1489, .F. ) ;
#583 = DIRECTION ( 'NONE',  ( -1.000000000000000000, -2.258880508902365962E-16, 0.000000000000000000 ) ) ;
#584 = ORIENTED_EDGE ( 'NONE', *, *, #108, .F. ) ;
#585 = CARTESIAN_POINT ( 'NONE',  ( 1.364999999999995328, 16.63499999999999801, 0.8824999999999999512 ) ) ;
#586 = VECTOR ( 'NONE', #1493, 100.0000000000000000 ) ;
#587 = AXIS2_PLACEMENT_3D ( 'NONE', #1445, #1365, #519 ) ;
#588 = ORIENTED_EDGE ( 'NONE', *, *, #1297, .F. ) ;
#589 = VECTOR ( 'NONE', #1241, 100.0000000000000000 ) ;
#590 = CARTESIAN_POINT ( 'NONE',  ( 1.500000000000000666, -2.000000000000000000, 0.8824999999999999512 ) ) ;
#591 = DIRECTION ( 'NONE',  ( -4.818676322157798361E-16, -1.000000000000000000, 0.000000000000000000 ) ) ;
#592 = ORIENTED_EDGE ( 'NONE', *, *, #751, .F. ) ;
#593 = DIRECTION ( 'NONE',  ( -0.000000000000000000, 0.000000000000000000, 1.000000000000000000 ) ) ;
#594 = DIRECTION ( 'NONE',  ( 0.000000000000000000, 1.000000000000000000, 0.000000000000000000 ) ) ;
#595 = EDGE_CURVE ( 'NONE', #520, #58, #1242, .T. ) ;
#596 = ORIENTED_EDGE ( 'NONE', *, *, #833, .T. ) ;
#597 = DIRECTION ( 'NONE',  ( 0.000000000000000000, -1.000000000000000000, 0.000000000000000000 ) ) ;
#598 = LINE ( 'NONE', #1203, #1583 ) ;
#599 = VERTEX_POINT ( 'NONE', #1359 ) ;
#600 = DIRECTION ( 'NONE',  ( -0.000000000000000000, 0.000000000000000000, 1.000000000000000000 ) ) ;
#601 = DIRECTION ( 'NONE',  ( 0.000000000000000000, 1.000000000000000000, 0.000000000000000000 ) ) ;
#602 = VERTEX_POINT ( 'NONE', #760 ) ;
#603 = EDGE_CURVE ( 'NONE', #687, #56, #1012, .T. ) ;
#604 = EDGE_CURVE ( 'NONE', #875, #1179, #392, .T. ) ;
#605 = LINE ( 'NONE', #632, #1222 ) ;
#606 = DIRECTION ( 'NONE',  ( -0.000000000000000000, 0.000000000000000000, 1.000000000000000000 ) ) ;
#607 = VERTEX_POINT ( 'NONE', #110 ) ;
#608 = CARTESIAN_POINT ( 'NONE',  ( -1.364999999999998215, 2.000000000000001776, 1.199999999999999956 ) ) ;
#609 = ORIENTED_EDGE ( 'NONE', *, *, #233, .F. ) ;
#610 = VECTOR ( 'NONE', #293, 100.0000000000000000 ) ;
#611 = ORIENTED_EDGE ( 'NONE', *, *, #1345, .F. ) ;
#612 = ORIENTED_EDGE ( 'NONE', *, *, #1127, .F. ) ;
#613 = EDGE_CURVE ( 'NONE', #870, #1041, #264, .T. ) ;
#614 = VECTOR ( 'NONE', #361, 100.0000000000000000 ) ;
#615 = AXIS2_PLACEMENT_3D ( 'NONE', #263, #1114, #13 ) ;
#616 = ADVANCED_FACE ( 'NONE', ( #753 ), #1484, .T. ) ;
#617 = VECTOR ( 'NONE', #1085, 100.0000000000000000 ) ;
#618 = CARTESIAN_POINT ( 'NONE',  ( 16.63499999999999801, 1.365000000000001101, 1.199999999999999956 ) ) ;
#619 = ORIENTED_EDGE ( 'NONE', *, *, #1131, .F. ) ;
#620 = APPLICATION_PROTOCOL_DEFINITION ( 'draft international standard', 'automotive_design', 1998, #372 ) ;
#621 = ORIENTED_EDGE ( 'NONE', *, *, #367, .T. ) ;
#622 = EDGE_LOOP ( 'NONE', ( #244, #1290, #449, #386, #619 ) ) ;
#623 = DIRECTION ( 'NONE',  ( -2.312964634635742957E-16, 1.000000000000000000, 0.000000000000000000 ) ) ;
#624 = ADVANCED_FACE ( 'NONE', ( #1090 ), #656, .F. ) ;
#625 = CARTESIAN_POINT ( 'NONE',  ( 1.499999999999999778, 2.000000000000000444, 0.000000000000000000 ) ) ;
#626 = EDGE_LOOP ( 'NONE', ( #1397, #1264, #577, #998 ) ) ;
#627 = ORIENTED_EDGE ( 'NONE', *, *, #1093, .F. ) ;
#628 = VERTEX_POINT ( 'NONE', #897 ) ;
#629 = CARTESIAN_POINT ( 'NONE',  ( 2.000000000000000444, 1.364999999999998437, 0.000000000000000000 ) ) ;
#630 = LINE ( 'NONE', #618, #1198 ) ;
#631 = EDGE_CURVE ( 'NONE', #58, #754, #1142, .T. ) ;
#632 = CARTESIAN_POINT ( 'NONE',  ( 1.365000000000002212, -1.365000000000000213, 0.8824999999999999512 ) ) ;
#633 = ORIENTED_EDGE ( 'NONE', *, *, #437, .T. ) ;
#634 = VERTEX_POINT ( 'NONE', #985 ) ;
#635 = AXIS2_PLACEMENT_3D ( 'NONE', #828, #693, #1063 ) ;
#636 = CARTESIAN_POINT ( 'NONE',  ( -0.4100000000000000311, 2.000000000000000444, 0.7000000000000000666 ) ) ;
#637 = VECTOR ( 'NONE', #130, 100.0000000000000000 ) ;
#638 = VECTOR ( 'NONE', #1055, 100.0000000000000000 ) ;
#639 = DIRECTION ( 'NONE',  ( 3.067291018426574134E-16, -1.000000000000000000, 0.000000000000000000 ) ) ;
#640 = LINE ( 'NONE', #512, #509 ) ;
#641 = VERTEX_POINT ( 'NONE', #353 ) ;
#642 = EDGE_CURVE ( 'NONE', #318, #1360, #846, .T. ) ;
#643 = FACE_OUTER_BOUND ( 'NONE', #401, .T. ) ;
#644 = ORIENTED_EDGE ( 'NONE', *, *, #374, .T. ) ;
#645 = CARTESIAN_POINT ( 'NONE',  ( -2.000000000000000444, 0.4099999999999996980, 1.199999999999999956 ) ) ;
#646 = DIRECTION ( 'NONE',  ( 0.000000000000000000, -1.000000000000000000, 0.000000000000000000 ) ) ;
#647 = CARTESIAN_POINT ( 'NONE',  ( 16.63499999999999801, 1.365000000000001101, 0.8824999999999999512 ) ) ;
#648 = VERTEX_POINT ( 'NONE', #722 ) ;
#649 = DIRECTION ( 'NONE',  ( -0.000000000000000000, 0.000000000000000000, 1.000000000000000000 ) ) ;
#650 = EDGE_LOOP ( 'NONE', ( #547, #644, #836, #1447 ) ) ;
#651 = EDGE_CURVE ( 'NONE', #1, #550, #605, .T. ) ;
#652 = EDGE_CURVE ( 'NONE', #805, #505, #334, .T. ) ;
#653 = DIRECTION ( 'NONE',  ( 0.5000000000000045519, -0.8660254037844360431, 0.000000000000000000 ) ) ;
#654 = DIRECTION ( 'NONE',  ( 0.000000000000000000, -1.000000000000000000, 0.000000000000000000 ) ) ;
#655 = DIRECTION ( 'NONE',  ( 1.000000000000000000, 0.000000000000000000, 0.000000000000000000 ) ) ;
#656 = PLANE ( 'NONE',  #174 ) ;
#657 = ORIENTED_EDGE ( 'NONE', *, *, #1371, .T. ) ;
#658 = PLANE ( 'NONE',  #431 ) ;
#659 = ORIENTED_EDGE ( 'NONE', *, *, #674, .F. ) ;
#660 = DIRECTION ( 'NONE',  ( -0.5000000000000045519, 0.8660254037844360431, 0.000000000000000000 ) ) ;
#661 = CARTESIAN_POINT ( 'NONE',  ( 1.199999999999999956, 0.7679571668975723187, 0.7000000000000000666 ) ) ;
#662 = EDGE_CURVE ( 'NONE', #1340, #826, #324, .T. ) ;
#663 = VECTOR ( 'NONE', #1154, 100.0000000000000000 ) ;
#664 = DIRECTION ( 'NONE',  ( 4.818676322157799347E-16, 1.000000000000000000, 0.000000000000000000 ) ) ;
#665 = VECTOR ( 'NONE', #1300, 100.0000000000000000 ) ;
#666 = EDGE_CURVE ( 'NONE', #648, #1110, #55, .T. ) ;
#667 = AXIS2_PLACEMENT_3D ( 'NONE', #161, #545, #794 ) ;
#668 = DIRECTION ( 'NONE',  ( -0.000000000000000000, 0.000000000000000000, 1.000000000000000000 ) ) ;
#669 = ORIENTED_EDGE ( 'NONE', *, *, #1588, .F. ) ;
#670 = ORIENTED_EDGE ( 'NONE', *, *, #332, .F. ) ;
#671 = LINE ( 'NONE', #413, #1578 ) ;
#672 = FACE_OUTER_BOUND ( 'NONE', #626, .T. ) ;
#673 = LINE ( 'NONE', #1039, #46 ) ;
#674 = EDGE_CURVE ( 'NONE', #1331, #36, #306, .T. ) ;
#675 = DIRECTION ( 'NONE',  ( -0.000000000000000000, 0.000000000000000000, 1.000000000000000000 ) ) ;
#676 = VERTEX_POINT ( 'NONE', #546 ) ;
#677 = ORIENTED_EDGE ( 'NONE', *, *, #158, .F. ) ;
#678 = LINE ( 'NONE', #1148, #200 ) ;
#679 = LINE ( 'NONE', #421, #1279 ) ;
#680 = CARTESIAN_POINT ( 'NONE',  ( -2.000000000000000000, -1.500000000000000888, 0.8824999999999999512 ) ) ;
#681 = CARTESIAN_POINT ( 'NONE',  ( 0.000000000000000000, -0.3000000000000000444, 0.000000000000000000 ) ) ;
#682 = EDGE_CURVE ( 'NONE', #1433, #1089, #183, .T. ) ;
#683 = EDGE_CURVE ( 'NONE', #826, #1111, #1306, .T. ) ;
#684 = VERTEX_POINT ( 'NONE', #1537 ) ;
#685 = CARTESIAN_POINT ( 'NONE',  ( -0.4099999999999997535, -2.000000000000000444, 0.7000000000000000666 ) ) ;
#686 = DIRECTION ( 'NONE',  ( 0.000000000000000000, -1.000000000000000000, 0.000000000000000000 ) ) ;
#687 = VERTEX_POINT ( 'NONE', #316 ) ;
#688 = CARTESIAN_POINT ( 'NONE',  ( -0.7679571668975720966, -1.200000000000000178, 1.199999999999999956 ) ) ;
#689 = VECTOR ( 'NONE', #237, 100.0000000000000142 ) ;
#690 = DIRECTION ( 'NONE',  ( 0.000000000000000000, -1.000000000000000000, 0.000000000000000000 ) ) ;
#691 = VECTOR ( 'NONE', #1253, 100.0000000000000000 ) ;
#692 = AXIS2_PLACEMENT_3D ( 'NONE', #1483, #526, #495 ) ;
#693 = DIRECTION ( 'NONE',  ( 0.000000000000000000, 0.000000000000000000, -1.000000000000000000 ) ) ;
#694 = ORIENTED_EDGE ( 'NONE', *, *, #262, .F. ) ;
#695 = CIRCLE ( 'NONE', #1406, 2.500000000000000000 ) ;
#696 = EDGE_CURVE ( 'NONE', #873, #762, #1289, .T. ) ;
#697 = DIRECTION ( 'NONE',  ( -0.000000000000000000, 0.000000000000000000, 1.000000000000000000 ) ) ;
#698 = CARTESIAN_POINT ( 'NONE',  ( 0.7679571668975722076, 1.199999999999999956, 0.7000000000000000666 ) ) ;
#699 = ORIENTED_EDGE ( 'NONE', *, *, #595, .T. ) ;
#700 = DIRECTION ( 'NONE',  ( 0.000000000000000000, 0.000000000000000000, -1.000000000000000000 ) ) ;
#701 = ORIENTED_EDGE ( 'NONE', *, *, #39, .T. ) ;
#702 = EDGE_CURVE ( 'NONE', #963, #1215, #1518, .T. ) ;
#703 = DIRECTION ( 'NONE',  ( -2.258880508902365962E-16, 1.000000000000000000, -0.000000000000000000 ) ) ;
#704 = CARTESIAN_POINT ( 'NONE',  ( -2.000000000000000444, 0.4099999999999997535, 0.7000000000000000666 ) ) ;
#705 = EDGE_LOOP ( 'NONE', ( #1262, #701, #375, #612, #669, #292, #61, #822, #307, #976, #1400, #251 ) ) ;
#706 = DIRECTION ( 'NONE',  ( 0.000000000000000000, -1.000000000000000000, 0.000000000000000000 ) ) ;
#707 = DIRECTION ( 'NONE',  ( -1.000000000000000000, 0.000000000000000000, 0.000000000000000000 ) ) ;
#708 = ORIENTED_EDGE ( 'NONE', *, *, #496, .F. ) ;
#709 = EDGE_CURVE ( 'NONE', #880, #1053, #1159, .T. ) ;
#710 = CARTESIAN_POINT ( 'NONE',  ( 1.364999999999999991, 1.364999999999998215, 0.8824999999999999512 ) ) ;
#711 = AXIS2_PLACEMENT_3D ( 'NONE', #824, #700, #1438 ) ;
#712 = VECTOR ( 'NONE', #538, 100.0000000000000000 ) ;
#713 = ORIENTED_EDGE ( 'NONE', *, *, #1459, .T. ) ;
#714 =( GEOMETRIC_REPRESENTATION_CONTEXT ( 3 ) GLOBAL_UNCERTAINTY_ASSIGNED_CONTEXT ( ( #410 ) ) GLOBAL_UNIT_ASSIGNED_CONTEXT ( ( #1213, #1434, #1312 ) ) REPRESENTATION_CONTEXT ( 'NONE', 'WORKASPACE' ) );
#715 = LINE ( 'NONE', #590, #1047 ) ;
#716 = CARTESIAN_POINT ( 'NONE',  ( -2.000000000000000000, -1.500000000000000888, 0.000000000000000000 ) ) ;
#717 = ORIENTED_EDGE ( 'NONE', *, *, #603, .F. ) ;
#718 = DIRECTION ( 'NONE',  ( 0.000000000000000000, 0.000000000000000000, -1.000000000000000000 ) ) ;
#719 = DIRECTION ( 'NONE',  ( 0.5000000000000039968, 0.8660254037844362651, 0.000000000000000000 ) ) ;
#720 = EDGE_CURVE ( 'NONE', #1162, #1130, #423, .T. ) ;
#721 = ORIENTED_EDGE ( 'NONE', *, *, #486, .F. ) ;
#722 = CARTESIAN_POINT ( 'NONE',  ( 2.000000000000000444, 1.500000000000000666, 0.000000000000000000 ) ) ;
#723 = CARTESIAN_POINT ( 'NONE',  ( 0.4100000000000001976, -1.820000000000000506, 0.7000000000000000666 ) ) ;
#724 = DIRECTION ( 'NONE',  ( 0.000000000000000000, 0.000000000000000000, -1.000000000000000000 ) ) ;
#725 = EDGE_LOOP ( 'NONE', ( #109, #957, #117, #115, #1565, #571, #1373, #596, #1160, #492, #209, #1504 ) ) ;
#726 = FACE_OUTER_BOUND ( 'NONE', #1201, .T. ) ;
#727 = CARTESIAN_POINT ( 'NONE',  ( 1.500000000000000666, -2.000000000000000000, 0.000000000000000000 ) ) ;
#728 = EDGE_CURVE ( 'NONE', #1340, #1233, #416, .T. ) ;
#729 = ORIENTED_EDGE ( 'NONE', *, *, #29, .T. ) ;
#730 = ADVANCED_FACE ( 'NONE', ( #1177 ), #565, .F. ) ;
#731 = LINE ( 'NONE', #1334, #689 ) ;
#732 = ORIENTED_EDGE ( 'NONE', *, *, #946, .F. ) ;
#733 = DIRECTION ( 'NONE',  ( 0.000000000000000000, 1.000000000000000000, 0.000000000000000000 ) ) ;
#734 = CARTESIAN_POINT ( 'NONE',  ( 0.4100000000000003086, -2.000000000000000444, 0.7000000000000000666 ) ) ;
#735 = ORIENTED_EDGE ( 'NONE', *, *, #579, .T. ) ;
#736 = VECTOR ( 'NONE', #178, 100.0000000000000142 ) ;
#737 = VECTOR ( 'NONE', #350, 100.0000000000000000 ) ;
#738 = LINE ( 'NONE', #1225, #1016 ) ;
#739 = ORIENTED_EDGE ( 'NONE', *, *, #6, .T. ) ;
#740 = VECTOR ( 'NONE', #593, 100.0000000000000000 ) ;
#741 = EDGE_CURVE ( 'NONE', #1512, #311, #797, .T. ) ;
#742 = DIRECTION ( 'NONE',  ( 0.000000000000000000, 1.000000000000000000, 0.000000000000000000 ) ) ;
#743 = AXIS2_PLACEMENT_3D ( 'NONE', #1448, #578, #958 ) ;
#744 = VECTOR ( 'NONE', #1553, 100.0000000000000000 ) ;
#745 = CARTESIAN_POINT ( 'NONE',  ( 1.364999999999999991, 2.000000000000001776, 1.199999999999999956 ) ) ;
#746 = VERTEX_POINT ( 'NONE', #1185 ) ;
#747 = ORIENTED_EDGE ( 'NONE', *, *, #181, .T. ) ;
#748 = VERTEX_POINT ( 'NONE', #932 ) ;
#749 = DIRECTION ( 'NONE',  ( 0.000000000000000000, 0.000000000000000000, -1.000000000000000000 ) ) ;
#750 = ADVANCED_FACE ( 'NONE', ( #574 ), #1056, .F. ) ;
#751 = EDGE_CURVE ( 'NONE', #317, #105, #938, .T. ) ;
#752 = DIRECTION ( 'NONE',  ( -0.000000000000000000, 0.000000000000000000, 1.000000000000000000 ) ) ;
#753 = FACE_OUTER_BOUND ( 'NONE', #1347, .T. ) ;
#754 = VERTEX_POINT ( 'NONE', #1040 ) ;
#755 = ORIENTED_EDGE ( 'NONE', *, *, #1405, .F. ) ;
#756 = VERTEX_POINT ( 'NONE', #819 ) ;
#757 = DIRECTION ( 'NONE',  ( -4.818676322157799347E-16, -1.000000000000000000, 0.000000000000000000 ) ) ;
#758 = DIRECTION ( 'NONE',  ( -1.000000000000000000, -2.258880508902365962E-16, 0.000000000000000000 ) ) ;
#759 = EDGE_CURVE ( 'NONE', #1368, #351, #1024, .T. ) ;
#760 = CARTESIAN_POINT ( 'NONE',  ( 0.4100000000000000311, 2.000000000000000444, 1.199999999999999956 ) ) ;
#761 = ORIENTED_EDGE ( 'NONE', *, *, #803, .F. ) ;
#762 = VERTEX_POINT ( 'NONE', #786 ) ;
#763 = VECTOR ( 'NONE', #653, 100.0000000000000000 ) ;
#764 = CARTESIAN_POINT ( 'NONE',  ( -1.820000000000000506, 0.4099999999999995870, 0.7000000000000000666 ) ) ;
#765 = PLANE ( 'NONE',  #17 ) ;
#766 = CIRCLE ( 'NONE', #1275, 0.3000000000000000444 ) ;
#767 = VECTOR ( 'NONE', #718, 100.0000000000000000 ) ;
#768 = DIRECTION ( 'NONE',  ( 0.000000000000000000, -1.000000000000000000, 0.000000000000000000 ) ) ;
#769 = VECTOR ( 'NONE', #1209, 100.0000000000000142 ) ;
#770 = CARTESIAN_POINT ( 'NONE',  ( -0.7679571668975720966, -1.200000000000000178, 0.7000000000000000666 ) ) ;
#771 = ORIENTED_EDGE ( 'NONE', *, *, #494, .F. ) ;
#772 = EDGE_LOOP ( 'NONE', ( #986, #969, #1057, #1067 ) ) ;
#773 = DIRECTION ( 'NONE',  ( -0.000000000000000000, 0.000000000000000000, 1.000000000000000000 ) ) ;
#774 = PLANE ( 'NONE',  #895 ) ;
#775 = DIRECTION ( 'NONE',  ( -0.5000000000000042188, 0.8660254037844362651, -0.000000000000000000 ) ) ;
#776 = LINE ( 'NONE', #289, #254 ) ;
#777 = ORIENTED_EDGE ( 'NONE', *, *, #476, .F. ) ;
#778 = EDGE_CURVE ( 'NONE', #1377, #607, #1270, .T. ) ;
#779 = PRODUCT_DEFINITION_CONTEXT ( 'detailed design', #189, 'design' ) ;
#780 = DIRECTION ( 'NONE',  ( -2.258880508902365962E-16, 1.000000000000000000, 0.000000000000000000 ) ) ;
#781 = ORIENTED_EDGE ( 'NONE', *, *, #1216, .F. ) ;
#782 = EDGE_CURVE ( 'NONE', #832, #762, #859, .T. ) ;
#783 = LINE ( 'NONE', #68, #763 ) ;
#784 = PLANE ( 'NONE',  #922 ) ;
#785 = CYLINDRICAL_SURFACE ( 'NONE', #667, 2.500000000000000000 ) ;
#786 = CARTESIAN_POINT ( 'NONE',  ( 1.820000000000000506, 0.4100000000000000311, 1.199999999999999956 ) ) ;
#787 = ORIENTED_EDGE ( 'NONE', *, *, #1392, .T. ) ;
#788 = DIRECTION ( 'NONE',  ( -1.000000000000000000, -6.816202263170164742E-17, 0.000000000000000000 ) ) ;
#789 = ORIENTED_EDGE ( 'NONE', *, *, #1530, .T. ) ;
#790 = CARTESIAN_POINT ( 'NONE',  ( -1.365000000000000213, -1.364999999999997993, 0.8824999999999999512 ) ) ;
#791 = CARTESIAN_POINT ( 'NONE',  ( -0.4099999999999997535, -2.000000000000000444, 1.199999999999999956 ) ) ;
#792 = EDGE_CURVE ( 'NONE', #805, #599, #1329, .T. ) ;
#793 = VECTOR ( 'NONE', #523, 100.0000000000000000 ) ;
#794 = DIRECTION ( 'NONE',  ( 0.000000000000000000, 1.000000000000000000, 0.000000000000000000 ) ) ;
#795 = AXIS2_PLACEMENT_3D ( 'NONE', #107, #216, #601 ) ;
#796 = AXIS2_PLACEMENT_3D ( 'NONE', #1348, #864, #978 ) ;
#797 = LINE ( 'NONE', #1282, #1070 ) ;
#798 = AXIS2_PLACEMENT_3D ( 'NONE', #1568, #935, #1446 ) ;
#799 = VERTEX_POINT ( 'NONE', #710 ) ;
#800 = FACE_OUTER_BOUND ( 'NONE', #1136, .T. ) ;
#801 = ORIENTED_EDGE ( 'NONE', *, *, #1297, .T. ) ;
#802 = CARTESIAN_POINT ( 'NONE',  ( -0.4099999999999997535, -2.000000000000000444, 0.7000000000000000666 ) ) ;
#803 = EDGE_CURVE ( 'NONE', #1360, #575, #223, .T. ) ;
#804 = DIRECTION ( 'NONE',  ( -4.818676322157798361E-16, -1.000000000000000000, 0.000000000000000000 ) ) ;
#805 = VERTEX_POINT ( 'NONE', #727 ) ;
#806 = EDGE_LOOP ( 'NONE', ( #1100, #298, #816, #1217 ) ) ;
#807 = FACE_OUTER_BOUND ( 'NONE', #146, .T. ) ;
#808 = DIRECTION ( 'NONE',  ( -0.8660254037844362651, 0.5000000000000042188, 0.000000000000000000 ) ) ;
#809 = LINE ( 'NONE', #920, #893 ) ;
#810 = CARTESIAN_POINT ( 'NONE',  ( -1.364999999999997549, -16.63499999999999801, 0.8824999999999999512 ) ) ;
#811 = EDGE_CURVE ( 'NONE', #1110, #1207, #1320, .T. ) ;
#812 = DIRECTION ( 'NONE',  ( -1.000000000000000000, -2.312964634635742957E-16, 0.000000000000000000 ) ) ;
#813 = ORIENTED_EDGE ( 'NONE', *, *, #486, .T. ) ;
#814 = LINE ( 'NONE', #226, #844 ) ;
#815 = LINE ( 'NONE', #1059, #257 ) ;
#816 = ORIENTED_EDGE ( 'NONE', *, *, #916, .F. ) ;
#817 = SURFACE_SIDE_STYLE ('',( #1068 ) ) ;
#818 = VECTOR ( 'NONE', #788, 100.0000000000000000 ) ;
#819 = CARTESIAN_POINT ( 'NONE',  ( -2.000000000000001776, 1.364999999999999991, 1.199999999999999956 ) ) ;
#820 = VECTOR ( 'NONE', #1170, 100.0000000000000000 ) ;
#821 = VECTOR ( 'NONE', #600, 100.0000000000000000 ) ;
#822 = ORIENTED_EDGE ( 'NONE', *, *, #54, .T. ) ;
#823 = AXIS2_PLACEMENT_3D ( 'NONE', #825, #570, #1052 ) ;
#824 = CARTESIAN_POINT ( 'NONE',  ( 0.000000000000000000, 0.000000000000000000, 0.8824999999999999512 ) ) ;
#825 = CARTESIAN_POINT ( 'NONE',  ( -1.500000000000000222, 2.000000000000000444, 0.000000000000000000 ) ) ;
#826 = VERTEX_POINT ( 'NONE', #246 ) ;
#827 = CARTESIAN_POINT ( 'NONE',  ( 2.000000000000000444, 0.4100000000000001421, 1.199999999999999956 ) ) ;
#828 = CARTESIAN_POINT ( 'NONE',  ( 0.000000000000000000, 0.000000000000000000, 0.7000000000000000666 ) ) ;
#829 = ORIENTED_EDGE ( 'NONE', *, *, #446, .T. ) ;
#830 = PLANE ( 'NONE',  #1069 ) ;
#831 = DIRECTION ( 'NONE',  ( 4.818676322157798361E-16, 1.000000000000000000, 0.000000000000000000 ) ) ;
#832 = VERTEX_POINT ( 'NONE', #827 ) ;
#833 = EDGE_CURVE ( 'NONE', #607, #839, #86, .T. ) ;
#834 = CARTESIAN_POINT ( 'NONE',  ( -2.000000000000000444, -0.4100000000000003642, 0.7000000000000000666 ) ) ;
#835 = PLANE ( 'NONE',  #795 ) ;
#836 = ORIENTED_EDGE ( 'NONE', *, *, #283, .F. ) ;
#837 = PLANE ( 'NONE',  #967 ) ;
#838 = PLANE ( 'NONE',  #823 ) ;
#839 = VERTEX_POINT ( 'NONE', #608 ) ;
#840 = LINE ( 'NONE', #1556, #740 ) ;
#841 = EDGE_CURVE ( 'NONE', #874, #311, #1313, .T. ) ;
#842 = FACE_OUTER_BOUND ( 'NONE', #855, .T. ) ;
#843 = VECTOR ( 'NONE', #1118, 100.0000000000000000 ) ;
#844 = VECTOR ( 'NONE', #211, 100.0000000000000000 ) ;
#845 = ORIENTED_EDGE ( 'NONE', *, *, #268, .F. ) ;
#846 = LINE ( 'NONE', #1332, #1096 ) ;
#847 = CARTESIAN_POINT ( 'NONE',  ( -1.999999999999999112, -1.364999999999997993, 0.8824999999999999512 ) ) ;
#848 = ORIENTED_EDGE ( 'NONE', *, *, #1441, .F. ) ;
#849 = ORIENTED_EDGE ( 'NONE', *, *, #1588, .T. ) ;
#850 = FACE_OUTER_BOUND ( 'NONE', #806, .T. ) ;
#851 = EDGE_CURVE ( 'NONE', #440, #1569, #488, .T. ) ;
#852 = EDGE_CURVE ( 'NONE', #863, #36, #766, .T. ) ;
#853 = CARTESIAN_POINT ( 'NONE',  ( -1.820000000000000506, 0.4099999999999995870, 1.199999999999999956 ) ) ;
#854 = ADVANCED_FACE ( 'NONE', ( #842 ), #835, .F. ) ;
#855 = EDGE_LOOP ( 'NONE', ( #419, #259, #1585, #699, #1226, #657 ) ) ;
#856 = VERTEX_POINT ( 'NONE', #464 ) ;
#857 = ORIENTED_EDGE ( 'NONE', *, *, #332, .T. ) ;
#858 = CYLINDRICAL_SURFACE ( 'NONE', #458, 2.500000000000000000 ) ;
#859 = LINE ( 'NONE', #1214, #737 ) ;
#860 = EDGE_CURVE ( 'NONE', #1087, #963, #1460, .T. ) ;
#861 = EDGE_LOOP ( 'NONE', ( #201, #1218, #500, #1104 ) ) ;
#862 = ORIENTED_EDGE ( 'NONE', *, *, #662, .T. ) ;
#863 = VERTEX_POINT ( 'NONE', #470 ) ;
#864 = DIRECTION ( 'NONE',  ( 0.000000000000000000, 0.000000000000000000, -1.000000000000000000 ) ) ;
#865 = LINE ( 'NONE', #1108, #1176 ) ;
#866 = ORIENTED_EDGE ( 'NONE', *, *, #1009, .T. ) ;
#867 = CLOSED_SHELL ( 'NONE', ( #118, #1343, #1042, #1061, #1513, #1449, #389, #1318, #349, #534, #1579, #1560, #1082, #730, #145, #750, #616, #1576, #155, #1479, #41, #1265, #1298, #1073, #222, #454, #1356, #1510, #214, #1023, #329, #91, #548, #1255, #854, #948, #248, #1168, #877, #1167, #896, #1266, #1363, #1229, #1478, #376, #1296, #624 ) ) ;
#868 = AXIS2_PLACEMENT_3D ( 'NONE', #1125, #1002, #1237 ) ;
#869 = ORIENTED_EDGE ( 'NONE', *, *, #1489, .T. ) ;
#870 = VERTEX_POINT ( 'NONE', #704 ) ;
#871 = VECTOR ( 'NONE', #1380, 100.0000000000000000 ) ;
#872 = DIRECTION ( 'NONE',  ( -1.817653936845376936E-16, 1.000000000000000000, 0.000000000000000000 ) ) ;
#873 = VERTEX_POINT ( 'NONE', #453 ) ;
#874 = VERTEX_POINT ( 'NONE', #734 ) ;
#875 = VERTEX_POINT ( 'NONE', #1452 ) ;
#876 = CARTESIAN_POINT ( 'NONE',  ( 0.000000000000000000, 0.000000000000000000, 1.199999999999999956 ) ) ;
#877 = ADVANCED_FACE ( 'NONE', ( #1443 ), #953, .F. ) ;
#878 = DIRECTION ( 'NONE',  ( -2.312964634635742957E-16, 1.000000000000000000, 0.000000000000000000 ) ) ;
#879 = CARTESIAN_POINT ( 'NONE',  ( 0.000000000000000000, 0.000000000000000000, 0.8824999999999999512 ) ) ;
#880 = VERTEX_POINT ( 'NONE', #580 ) ;
#881 = CARTESIAN_POINT ( 'NONE',  ( -2.000000000000000000, -1.500000000000000888, 1.199999999999999956 ) ) ;
#882 = EDGE_LOOP ( 'NONE', ( #729, #1388, #364, #747 ) ) ;
#883 = EDGE_CURVE ( 'NONE', #839, #628, #1062, .T. ) ;
#884 = LINE ( 'NONE', #1370, #589 ) ;
#885 = CARTESIAN_POINT ( 'NONE',  ( -0.4099999999999996980, -1.820000000000000506, 0.7000000000000000666 ) ) ;
#886 = ORIENTED_EDGE ( 'NONE', *, *, #427, .F. ) ;
#887 = CARTESIAN_POINT ( 'NONE',  ( 1.820000000000000506, -0.4099999999999998646, 0.7000000000000000666 ) ) ;
#888 = VERTEX_POINT ( 'NONE', #1428 ) ;
#889 = AXIS2_PLACEMENT_3D ( 'NONE', #1263, #521, #1398 ) ;
#890 = PLANE ( 'NONE',  #305 ) ;
#891 = FACE_OUTER_BOUND ( 'NONE', #412, .T. ) ;
#892 = VECTOR ( 'NONE', #1540, 100.0000000000000000 ) ;
#893 = VECTOR ( 'NONE', #664, 100.0000000000000000 ) ;
#894 = DIRECTION ( 'NONE',  ( -0.000000000000000000, 0.000000000000000000, 1.000000000000000000 ) ) ;
#895 = AXIS2_PLACEMENT_3D ( 'NONE', #1018, #1259, #654 ) ;
#896 = ADVANCED_FACE ( 'NONE', ( #1192 ), #92, .F. ) ;
#897 = CARTESIAN_POINT ( 'NONE',  ( -0.4100000000000000311, 2.000000000000000444, 1.199999999999999956 ) ) ;
#898 = ORIENTED_EDGE ( 'NONE', *, *, #759, .T. ) ;
#899 = EDGE_CURVE ( 'NONE', #676, #888, #5, .T. ) ;
#900 = CARTESIAN_POINT ( 'NONE',  ( 1.499999999999999778, 2.000000000000000444, 0.8824999999999999512 ) ) ;
#901 = ORIENTED_EDGE ( 'NONE', *, *, #883, .F. ) ;
#902 = CARTESIAN_POINT ( 'NONE',  ( 2.000000000000000444, 0.4100000000000001421, 0.7000000000000000666 ) ) ;
#903 = CARTESIAN_POINT ( 'NONE',  ( 0.4100000000000001976, -1.820000000000000506, 0.7000000000000000666 ) ) ;
#904 = CARTESIAN_POINT ( 'NONE',  ( 1.199999999999999956, -0.7679571668975722076, 0.7000000000000000666 ) ) ;
#905 = CARTESIAN_POINT ( 'NONE',  ( 0.7679571668975722076, 1.199999999999999956, 0.7000000000000000666 ) ) ;
#906 = EDGE_CURVE ( 'NONE', #1283, #628, #404, .T. ) ;
#907 = LINE ( 'NONE', #881, #843 ) ;
#908 = EDGE_LOOP ( 'NONE', ( #1314, #271, #1013, #2, #713, #1254 ) ) ;
#909 = CARTESIAN_POINT ( 'NONE',  ( -1.500000000000000222, 2.000000000000000444, 0.000000000000000000 ) ) ;
#910 = FACE_OUTER_BOUND ( 'NONE', #516, .T. ) ;
#911 = CARTESIAN_POINT ( 'NONE',  ( -1.364999999999999991, -2.000000000000001776, 1.199999999999999956 ) ) ;
#912 = DIRECTION ( 'NONE',  ( -0.000000000000000000, 0.000000000000000000, 1.000000000000000000 ) ) ;
#913 = ORIENTED_EDGE ( 'NONE', *, *, #851, .F. ) ;
#914 = CARTESIAN_POINT ( 'NONE',  ( 1.365000000000002212, -16.63499999999999801, 0.8824999999999999512 ) ) ;
#915 = ORIENTED_EDGE ( 'NONE', *, *, #572, .F. ) ;
#916 = EDGE_CURVE ( 'NONE', #1444, #520, #288, .T. ) ;
#917 = CARTESIAN_POINT ( 'NONE',  ( 0.4099999999999999201, 1.820000000000000506, 0.7000000000000000666 ) ) ;
#918 = LINE ( 'NONE', #429, #231 ) ;
#919 = AXIS2_PLACEMENT_3D ( 'NONE', #341, #1567, #950 ) ;
#920 = CARTESIAN_POINT ( 'NONE',  ( 0.4100000000000000311, 2.000000000000000444, 1.199999999999999956 ) ) ;
#921 = VECTOR ( 'NONE', #758, 100.0000000000000000 ) ;
#922 = AXIS2_PLACEMENT_3D ( 'NONE', #903, #1403, #1268 ) ;
#923 = DIRECTION ( 'NONE',  ( -1.000000000000000000, -2.312964634635742957E-16, 0.000000000000000000 ) ) ;
#924 = VECTOR ( 'NONE', #808, 100.0000000000000142 ) ;
#925 = ORIENTED_EDGE ( 'NONE', *, *, #1530, .F. ) ;
#926 = CARTESIAN_POINT ( 'NONE',  ( 1.500000000000000666, -2.000000000000000000, 0.8824999999999999512 ) ) ;
#927 = VERTEX_POINT ( 'NONE', #135 ) ;
#928 = LINE ( 'NONE', #902, #564 ) ;
#929 = DIRECTION ( 'NONE',  ( 0.000000000000000000, -1.000000000000000000, 0.000000000000000000 ) ) ;
#930 = CARTESIAN_POINT ( 'NONE',  ( -1.364999999999999991, 16.63499999999999801, 0.8824999999999999512 ) ) ;
#931 = EDGE_CURVE ( 'NONE', #132, #399, #630, .T. ) ;
#932 = CARTESIAN_POINT ( 'NONE',  ( 1.365000000000002212, -1.999999999999999112, 0.8824999999999999512 ) ) ;
#933 = VERTEX_POINT ( 'NONE', #625 ) ;
#934 = LINE ( 'NONE', #459, #665 ) ;
#935 = DIRECTION ( 'NONE',  ( 0.000000000000000000, 0.000000000000000000, -1.000000000000000000 ) ) ;
#936 = ORIENTED_EDGE ( 'NONE', *, *, #1206, .F. ) ;
#937 = CARTESIAN_POINT ( 'NONE',  ( 2.000000000000000000, 1.500000000000000222, 0.8824999999999999512 ) ) ;
#938 = LINE ( 'NONE', #555, #405 ) ;
#939 = ORIENTED_EDGE ( 'NONE', *, *, #1461, .T. ) ;
#940 = LINE ( 'NONE', #1416, #225 ) ;
#941 = CARTESIAN_POINT ( 'NONE',  ( 0.4100000000000003086, -2.000000000000000444, 0.7000000000000000666 ) ) ;
#942 = CARTESIAN_POINT ( 'NONE',  ( -2.000000000000000888, 1.499999999999999334, 0.000000000000000000 ) ) ;
#943 = CIRCLE ( 'NONE', #455, 2.500000000000000000 ) ;
#944 = VECTOR ( 'NONE', #966, 100.0000000000000000 ) ;
#945 = CARTESIAN_POINT ( 'NONE',  ( -1.500000000000000222, 2.000000000000000444, 1.199999999999999956 ) ) ;
#946 = EDGE_CURVE ( 'NONE', #1569, #875, #141, .T. ) ;
#947 = AXIS2_PLACEMENT_3D ( 'NONE', #1240, #749, #1133 ) ;
#948 = ADVANCED_FACE ( 'NONE', ( #256 ), #1001, .F. ) ;
#949 = EDGE_LOOP ( 'NONE', ( #1440, #138, #102, #260 ) ) ;
#950 = DIRECTION ( 'NONE',  ( 0.000000000000000000, -1.000000000000000000, 0.000000000000000000 ) ) ;
#951 = DIRECTION ( 'NONE',  ( 1.000000000000000000, -4.818676322157798361E-16, 0.000000000000000000 ) ) ;
#952 = CARTESIAN_POINT ( 'NONE',  ( 0.7679571668975722076, 1.199999999999999956, 0.7000000000000000666 ) ) ;
#953 = PLANE ( 'NONE',  #968 ) ;
#954 = EDGE_LOOP ( 'NONE', ( #497, #1457, #25, #813 ) ) ;
#955 = DIRECTION ( 'NONE',  ( -6.816202263170164742E-17, 1.000000000000000000, 0.000000000000000000 ) ) ;
#956 = CARTESIAN_POINT ( 'NONE',  ( 1.365000000000002212, -1.999999999999999112, 1.199999999999999956 ) ) ;
#957 = ORIENTED_EDGE ( 'NONE', *, *, #1216, .T. ) ;
#958 = DIRECTION ( 'NONE',  ( -1.000000000000000000, -1.136033710528360955E-16, 0.000000000000000000 ) ) ;
#959 = CARTESIAN_POINT ( 'NONE',  ( 1.500000000000000666, -2.000000000000000000, 0.000000000000000000 ) ) ;
#960 = EDGE_LOOP ( 'NONE', ( #369, #11, #1554, #781 ) ) ;
#961 = CARTESIAN_POINT ( 'NONE',  ( 0.4100000000000000311, 2.000000000000000444, 0.7000000000000000666 ) ) ;
#962 = DIRECTION ( 'NONE',  ( -1.249637081581196951E-16, 1.000000000000000000, -0.000000000000000000 ) ) ;
#963 = VERTEX_POINT ( 'NONE', #1252 ) ;
#964 = EDGE_CURVE ( 'NONE', #1361, #602, #1364, .T. ) ;
#965 = PRESENTATION_STYLE_ASSIGNMENT (( #1325 ) ) ;
#966 = DIRECTION ( 'NONE',  ( -0.8660254037844360431, -0.5000000000000045519, 0.000000000000000000 ) ) ;
#967 = AXIS2_PLACEMENT_3D ( 'NONE', #1202, #1546, #583 ) ;
#968 = AXIS2_PLACEMENT_3D ( 'NONE', #100, #366, #594 ) ;
#969 = ORIENTED_EDGE ( 'NONE', *, *, #1392, .F. ) ;
#970 = VECTOR ( 'NONE', #396, 100.0000000000000000 ) ;
#971 = DIRECTION ( 'NONE',  ( 0.5000000000000043299, 0.8660254037844362651, 0.000000000000000000 ) ) ;
#972 = VERTEX_POINT ( 'NONE', #745 ) ;
#973 = CARTESIAN_POINT ( 'NONE',  ( -1.364999999999997549, -16.63499999999999801, 1.199999999999999956 ) ) ;
#974 = EDGE_CURVE ( 'NONE', #933, #105, #1490, .T. ) ;
#975 = DIRECTION ( 'NONE',  ( -1.249637081581196951E-16, 1.000000000000000000, -0.000000000000000000 ) ) ;
#976 = ORIENTED_EDGE ( 'NONE', *, *, #1180, .F. ) ;
#977 = ORIENTED_EDGE ( 'NONE', *, *, #1308, .F. ) ;
#978 = DIRECTION ( 'NONE',  ( 0.000000000000000000, 1.000000000000000000, 0.000000000000000000 ) ) ;
#979 = CARTESIAN_POINT ( 'NONE',  ( -2.000000000000000444, 0.4099999999999996980, 1.199999999999999956 ) ) ;
#980 = EDGE_CURVE ( 'NONE', #1569, #746, #502, .T. ) ;
#981 = ORIENTED_EDGE ( 'NONE', *, *, #290, .F. ) ;
#982 = CARTESIAN_POINT ( 'NONE',  ( -2.000000000000000888, 1.364999999999999991, 0.000000000000000000 ) ) ;
#983 = ORIENTED_EDGE ( 'NONE', *, *, #782, .F. ) ;
#984 = FACE_OUTER_BOUND ( 'NONE', #861, .T. ) ;
#985 = CARTESIAN_POINT ( 'NONE',  ( 2.000000000000000444, -1.499999999999999334, 0.8824999999999999512 ) ) ;
#986 = ORIENTED_EDGE ( 'NONE', *, *, #1288, .T. ) ;
#987 = CIRCLE ( 'NONE', #711, 2.500000000000000000 ) ;
#988 = VECTOR ( 'NONE', #768, 100.0000000000000000 ) ;
#989 = EDGE_CURVE ( 'NONE', #1331, #1485, #485, .T. ) ;
#990 = PLANE ( 'NONE',  #1501 ) ;
#991 = EDGE_LOOP ( 'NONE', ( #180, #717, #670, #1492 ) ) ;
#992 = AXIS2_PLACEMENT_3D ( 'NONE', #373, #1349, #314 ) ;
#993 = CARTESIAN_POINT ( 'NONE',  ( -1.499999999999999334, -2.000000000000000888, 0.8824999999999999512 ) ) ;
#994 = DIRECTION ( 'NONE',  ( 1.000000000000000000, 1.931257307898213426E-16, 0.000000000000000000 ) ) ;
#995 = DIRECTION ( 'NONE',  ( 0.8660254037844362651, -0.5000000000000039968, 0.000000000000000000 ) ) ;
#996 = ORIENTED_EDGE ( 'NONE', *, *, #476, .T. ) ;
#997 = CARTESIAN_POINT ( 'NONE',  ( -2.000000000000000444, -0.4100000000000003642, 1.199999999999999956 ) ) ;
#998 = ORIENTED_EDGE ( 'NONE', *, *, #557, .F. ) ;
#999 = EDGE_CURVE ( 'NONE', #1162, #599, #255, .T. ) ;
#1000 = LINE ( 'NONE', #629, #1020 ) ;
#1001 = CYLINDRICAL_SURFACE ( 'NONE', #142, 0.3000000000000000444 ) ;
#1002 = DIRECTION ( 'NONE',  ( -0.5000000000000041078, -0.8660254037844363761, 0.000000000000000000 ) ) ;
#1003 = ORIENTED_EDGE ( 'NONE', *, *, #741, .T. ) ;
#1004 = DIRECTION ( 'NONE',  ( -0.8660254037844362651, 0.5000000000000043299, 0.000000000000000000 ) ) ;
#1005 = ORIENTED_EDGE ( 'NONE', *, *, #782, .T. ) ;
#1006 = CARTESIAN_POINT ( 'NONE',  ( 0.000000000000000000, 0.000000000000000000, 0.8824999999999999512 ) ) ;
#1007 = LINE ( 'NONE', #1516, #924 ) ;
#1008 = EDGE_CURVE ( 'NONE', #362, #1361, #884, .T. ) ;
#1009 = EDGE_CURVE ( 'NONE', #399, #832, #865, .T. ) ;
#1010 = DIRECTION ( 'NONE',  ( 0.000000000000000000, -1.000000000000000000, 0.000000000000000000 ) ) ;
#1011 = EDGE_CURVE ( 'NONE', #1083, #1344, #1134, .T. ) ;
#1012 = LINE ( 'NONE', #885, #1580 ) ;
#1013 = ORIENTED_EDGE ( 'NONE', *, *, #496, .T. ) ;
#1014 = LINE ( 'NONE', #926, #1326 ) ;
#1015 = ORIENTED_EDGE ( 'NONE', *, *, #1389, .F. ) ;
#1016 = VECTOR ( 'NONE', #962, 100.0000000000000000 ) ;
#1017 = CARTESIAN_POINT ( 'NONE',  ( 2.000000000000000444, -1.365000000000000213, 0.000000000000000000 ) ) ;
#1018 = CARTESIAN_POINT ( 'NONE',  ( 1.199999999999999956, -0.7679571668975722076, 0.7000000000000000666 ) ) ;
#1019 = VECTOR ( 'NONE', #668, 100.0000000000000000 ) ;
#1020 = VECTOR ( 'NONE', #151, 100.0000000000000000 ) ;
#1021 = LINE ( 'NONE', #1190, #821 ) ;
#1022 = PRODUCT_DEFINITION_FORMATION_WITH_SPECIFIED_SOURCE ( 'ANY', '', #64, .NOT_KNOWN. ) ;
#1023 = ADVANCED_FACE ( 'NONE', ( #984 ), #1236, .F. ) ;
#1024 = LINE ( 'NONE', #1511, #15 ) ;
#1025 = EDGE_LOOP ( 'NONE', ( #1027, #936, #1193, #530 ) ) ;
#1026 = CARTESIAN_POINT ( 'NONE',  ( -0.4099999999999999201, 1.820000000000000506, 0.7000000000000000666 ) ) ;
#1027 = ORIENTED_EDGE ( 'NONE', *, *, #803, .T. ) ;
#1028 = PLANE ( 'NONE',  #42 ) ;
#1029 = CARTESIAN_POINT ( 'NONE',  ( -1.365000000000000213, -2.000000000000000888, 0.000000000000000000 ) ) ;
#1030 = EDGE_LOOP ( 'NONE', ( #1050, #777, #559, #125 ) ) ;
#1031 = LINE ( 'NONE', #1269, #1582 ) ;
#1032 = DIRECTION ( 'NONE',  ( 1.000000000000000000, 0.000000000000000000, 0.000000000000000000 ) ) ;
#1033 = EDGE_CURVE ( 'NONE', #1130, #1545, #391, .T. ) ;
#1034 = EDGE_LOOP ( 'NONE', ( #267, #461, #1169, #739, #1409, #243, #21, #849 ) ) ;
#1035 = CARTESIAN_POINT ( 'NONE',  ( 1.820000000000000506, -0.4099999999999998646, 0.7000000000000000666 ) ) ;
#1036 = ORIENTED_EDGE ( 'NONE', *, *, #315, .T. ) ;
#1037 = LINE ( 'NONE', #1523, #1350 ) ;
#1038 = CARTESIAN_POINT ( 'NONE',  ( 1.199999999999999956, -0.7679571668975722076, 0.7000000000000000666 ) ) ;
#1039 = CARTESIAN_POINT ( 'NONE',  ( 16.63499999999999801, -1.364999999999998437, 1.199999999999999956 ) ) ;
#1040 = CARTESIAN_POINT ( 'NONE',  ( -1.199999999999999956, -0.7679571668975725407, 1.199999999999999956 ) ) ;
#1041 = VERTEX_POINT ( 'NONE', #979 ) ;
#1042 = ADVANCED_FACE ( 'NONE', ( #1230 ), #384, .T. ) ;
#1043 = DIRECTION ( 'NONE',  ( 0.000000000000000000, 0.000000000000000000, -1.000000000000000000 ) ) ;
#1044 = DIRECTION ( 'NONE',  ( 0.000000000000000000, 0.000000000000000000, 1.000000000000000000 ) ) ;
#1045 = EDGE_LOOP ( 'NONE', ( #368, #869 ) ) ;
#1046 = CARTESIAN_POINT ( 'NONE',  ( 0.7679571668975722076, 1.199999999999999956, 1.199999999999999956 ) ) ;
#1047 = VECTOR ( 'NONE', #1077, 100.0000000000000000 ) ;
#1048 = MECHANICAL_DESIGN_GEOMETRIC_PRESENTATION_REPRESENTATION (  '', ( #383 ), #714 ) ;
#1049 = CARTESIAN_POINT ( 'NONE',  ( 2.000000000000000444, 1.500000000000000666, 0.000000000000000000 ) ) ;
#1050 = ORIENTED_EDGE ( 'NONE', *, *, #262, .T. ) ;
#1051 = DIRECTION ( 'NONE',  ( 1.000000000000000000, 2.385670792109557660E-16, 0.000000000000000000 ) ) ;
#1052 = DIRECTION ( 'NONE',  ( 1.000000000000000000, 0.000000000000000000, 0.000000000000000000 ) ) ;
#1053 = VERTEX_POINT ( 'NONE', #182 ) ;
#1054 = EDGE_CURVE ( 'NONE', #82, #1346, #1509, .T. ) ;
#1055 = DIRECTION ( 'NONE',  ( -0.000000000000000000, 0.000000000000000000, 1.000000000000000000 ) ) ;
#1056 = PLANE ( 'NONE',  #456 ) ;
#1057 = ORIENTED_EDGE ( 'NONE', *, *, #241, .F. ) ;
#1058 = CARTESIAN_POINT ( 'NONE',  ( -1.820000000000000506, -0.4100000000000003086, 0.7000000000000000666 ) ) ;
#1059 = CARTESIAN_POINT ( 'NONE',  ( -0.4099999999999999201, 1.820000000000000506, 1.199999999999999956 ) ) ;
#1060 = DIRECTION ( 'NONE',  ( 1.000000000000000000, 4.818676322157798361E-16, 0.000000000000000000 ) ) ;
#1061 = ADVANCED_FACE ( 'NONE', ( #1517 ), #785, .T. ) ;
#1062 = LINE ( 'NONE', #945, #97 ) ;
#1063 = DIRECTION ( 'NONE',  ( 0.000000000000000000, 1.000000000000000000, 0.000000000000000000 ) ) ;
#1064 = VERTEX_POINT ( 'NONE', #1407 ) ;
#1065 = CARTESIAN_POINT ( 'NONE',  ( 2.000000000000000444, -1.499999999999999778, 0.000000000000000000 ) ) ;
#1066 = LINE ( 'NONE', #723, #744 ) ;
#1067 = ORIENTED_EDGE ( 'NONE', *, *, #603, .T. ) ;
#1068 = SURFACE_STYLE_FILL_AREA ( #106 ) ;
#1069 = AXIS2_PLACEMENT_3D ( 'NONE', #1315, #955, #467 ) ;
#1070 = VECTOR ( 'NONE', #1387, 100.0000000000000000 ) ;
#1071 = DIRECTION ( 'NONE',  ( -1.000000000000000000, -3.067291018426574134E-16, 0.000000000000000000 ) ) ;
#1072 = VECTOR ( 'NONE', #207, 100.0000000000000000 ) ;
#1073 = ADVANCED_FACE ( 'NONE', ( #1280 ), #1542, .F. ) ;
#1074 = AXIS2_PLACEMENT_3D ( 'NONE', #287, #1044, #1534 ) ;
#1075 = CARTESIAN_POINT ( 'NONE',  ( -2.000000000000000444, 0.4099999999999996980, 0.7000000000000000666 ) ) ;
#1076 = ORIENTED_EDGE ( 'NONE', *, *, #572, .T. ) ;
#1077 = DIRECTION ( 'NONE',  ( 1.000000000000000000, 2.312964634635742957E-16, 0.000000000000000000 ) ) ;
#1078 = LINE ( 'NONE', #716, #617 ) ;
#1079 = VERTEX_POINT ( 'NONE', #563 ) ;
#1080 = CARTESIAN_POINT ( 'NONE',  ( -0.4099999999999999201, 1.820000000000000506, 0.7000000000000000666 ) ) ;
#1081 = DIRECTION ( 'NONE',  ( 0.000000000000000000, -1.000000000000000000, 0.000000000000000000 ) ) ;
#1082 = ADVANCED_FACE ( 'NONE', ( #554 ), #1158, .F. ) ;
#1083 = VERTEX_POINT ( 'NONE', #53 ) ;
#1084 = LINE ( 'NONE', #319, #1117 ) ;
#1085 = DIRECTION ( 'NONE',  ( -2.312964634635742957E-16, 1.000000000000000000, 0.000000000000000000 ) ) ;
#1086 = CARTESIAN_POINT ( 'NONE',  ( 0.4100000000000003086, -2.000000000000000444, 1.199999999999999956 ) ) ;
#1087 = VERTEX_POINT ( 'NONE', #904 ) ;
#1088 = CARTESIAN_POINT ( 'NONE',  ( 1.199999999999999956, -0.7679571668975722076, 0.7000000000000000666 ) ) ;
#1089 = VERTEX_POINT ( 'NONE', #911 ) ;
#1090 = FACE_OUTER_BOUND ( 'NONE', #1570, .T. ) ;
#1091 = ORIENTED_EDGE ( 'NONE', *, *, #899, .T. ) ;
#1092 = ORIENTED_EDGE ( 'NONE', *, *, #1345, .T. ) ;
#1093 = EDGE_CURVE ( 'NONE', #505, #634, #1031, .T. ) ;
#1094 = PLANE ( 'NONE',  #1200 ) ;
#1095 = DIRECTION ( 'NONE',  ( 0.000000000000000000, 0.000000000000000000, 1.000000000000000000 ) ) ;
#1096 = VECTOR ( 'NONE', #235, 100.0000000000000000 ) ;
#1097 = ORIENTED_EDGE ( 'NONE', *, *, #65, .F. ) ;
#1098 = AXIS2_PLACEMENT_3D ( 'NONE', #197, #190, #415 ) ;
#1099 = LINE ( 'NONE', #363, #1551 ) ;
#1100 = ORIENTED_EDGE ( 'NONE', *, *, #1054, .T. ) ;
#1101 = CARTESIAN_POINT ( 'NONE',  ( -1.364999999999998215, 1.364999999999999991, 0.8824999999999999512 ) ) ;
#1102 = PRODUCT_DEFINITION ( 'UNKNOWN', '', #1022, #779 ) ;
#1103 = CARTESIAN_POINT ( 'NONE',  ( 0.000000000000000000, 0.000000000000000000, 0.000000000000000000 ) ) ;
#1104 = ORIENTED_EDGE ( 'NONE', *, *, #1206, .T. ) ;
#1105 = CARTESIAN_POINT ( 'NONE',  ( 0.000000000000000000, -0.3000000000000000444, 1.199999999999999956 ) ) ;
#1106 = ORIENTED_EDGE ( 'NONE', *, *, #860, .F. ) ;
#1107 = FACE_OUTER_BOUND ( 'NONE', #1243, .T. ) ;
#1108 = CARTESIAN_POINT ( 'NONE',  ( 2.000000000000000444, 1.500000000000000666, 1.199999999999999956 ) ) ;
#1109 = EDGE_CURVE ( 'NONE', #888, #550, #673, .T. ) ;
#1110 = VERTEX_POINT ( 'NONE', #937 ) ;
#1111 = VERTEX_POINT ( 'NONE', #1046 ) ;
#1112 = ORIENTED_EDGE ( 'NONE', *, *, #980, .T. ) ;
#1113 = FACE_OUTER_BOUND ( 'NONE', #1494, .T. ) ;
#1114 = DIRECTION ( 'NONE',  ( 0.000000000000000000, 0.000000000000000000, 1.000000000000000000 ) ) ;
#1115 = DIRECTION ( 'NONE',  ( -0.000000000000000000, 0.000000000000000000, 1.000000000000000000 ) ) ;
#1116 = ORIENTED_EDGE ( 'NONE', *, *, #1281, .F. ) ;
#1117 = VECTOR ( 'NONE', #697, 100.0000000000000000 ) ;
#1118 = DIRECTION ( 'NONE',  ( -2.312964634635742957E-16, 1.000000000000000000, 0.000000000000000000 ) ) ;
#1119 = ORIENTED_EDGE ( 'NONE', *, *, #709, .T. ) ;
#1120 = PRODUCT_DEFINITION_SHAPE ( 'NONE', 'NONE',  #1102 ) ;
#1121 = VECTOR ( 'NONE', #775, 100.0000000000000142 ) ;
#1122 = DIRECTION ( 'NONE',  ( -4.818676322157798361E-16, 1.000000000000000000, 0.000000000000000000 ) ) ;
#1123 =( GEOMETRIC_REPRESENTATION_CONTEXT ( 3 ) GLOBAL_UNCERTAINTY_ASSIGNED_CONTEXT ( ( #164 ) ) GLOBAL_UNIT_ASSIGNED_CONTEXT ( ( #442, #1301, #1182 ) ) REPRESENTATION_CONTEXT ( 'NONE', 'WORKASPACE' ) );
#1124 = CARTESIAN_POINT ( 'NONE',  ( -0.4100000000000000311, 2.000000000000000444, 0.7000000000000000666 ) ) ;
#1125 = CARTESIAN_POINT ( 'NONE',  ( -1.820000000000000506, -0.4100000000000003086, 0.7000000000000000666 ) ) ;
#1126 = ORIENTED_EDGE ( 'NONE', *, *, #652, .T. ) ;
#1127 = EDGE_CURVE ( 'NONE', #1189, #379, #40, .T. ) ;
#1128 = EDGE_CURVE ( 'NONE', #1233, #362, #445, .T. ) ;
#1129 = DIRECTION ( 'NONE',  ( 1.000000000000000000, 0.000000000000000000, 0.000000000000000000 ) ) ;
#1130 = VERTEX_POINT ( 'NONE', #422 ) ;
#1131 = EDGE_CURVE ( 'NONE', #1468, #379, #430, .T. ) ;
#1132 = FACE_OUTER_BOUND ( 'NONE', #194, .T. ) ;
#1133 = DIRECTION ( 'NONE',  ( 0.000000000000000000, 1.000000000000000000, 0.000000000000000000 ) ) ;
#1134 = LINE ( 'NONE', #1466, #1248 ) ;
#1135 = DIRECTION ( 'NONE',  ( -0.000000000000000000, 0.000000000000000000, 1.000000000000000000 ) ) ;
#1136 = EDGE_LOOP ( 'NONE', ( #471, #300, #228, #482 ) ) ;
#1137 = CARTESIAN_POINT ( 'NONE',  ( -1.820000000000000506, 0.4099999999999995870, 0.7000000000000000666 ) ) ;
#1138 = LINE ( 'NONE', #790, #1422 ) ;
#1139 = CARTESIAN_POINT ( 'NONE',  ( 3.673940397442060115E-17, 0.3000000000000000444, 0.000000000000000000 ) ) ;
#1140 = EDGE_CURVE ( 'NONE', #684, #602, #809, .T. ) ;
#1141 = FACE_OUTER_BOUND ( 'NONE', #489, .T. ) ;
#1142 = LINE ( 'NONE', #143, #74 ) ;
#1143 = ORIENTED_EDGE ( 'NONE', *, *, #999, .T. ) ;
#1144 = CYLINDRICAL_SURFACE ( 'NONE', #889, 0.3000000000000000444 ) ;
#1145 = VECTOR ( 'NONE', #649, 100.0000000000000000 ) ;
#1146 = ORIENTED_EDGE ( 'NONE', *, *, #1412, .T. ) ;
#1147 = AXIS2_PLACEMENT_3D ( 'NONE', #407, #503, #137 ) ;
#1148 = CARTESIAN_POINT ( 'NONE',  ( 2.000000000000000444, -0.4099999999999999201, 1.199999999999999956 ) ) ;
#1149 = DIRECTION ( 'NONE',  ( -0.8660254037844360431, -0.5000000000000045519, 0.000000000000000000 ) ) ;
#1150 = VECTOR ( 'NONE', #381, 100.0000000000000000 ) ;
#1151 = PLANE ( 'NONE',  #408 ) ;
#1152 = DIRECTION ( 'NONE',  ( 0.000000000000000000, 0.000000000000000000, 1.000000000000000000 ) ) ;
#1153 = ORIENTED_EDGE ( 'NONE', *, *, #1191, .T. ) ;
#1154 = DIRECTION ( 'NONE',  ( 4.818676322157799347E-16, -1.000000000000000000, 0.000000000000000000 ) ) ;
#1155 = ORIENTED_EDGE ( 'NONE', *, *, #465, .F. ) ;
#1156 = DIRECTION ( 'NONE',  ( -0.000000000000000000, 0.000000000000000000, 1.000000000000000000 ) ) ;
#1157 = DIRECTION ( 'NONE',  ( 0.000000000000000000, -1.000000000000000000, 0.000000000000000000 ) ) ;
#1158 = PLANE ( 'NONE',  #1098 ) ;
#1159 = LINE ( 'NONE', #810, #229 ) ;
#1160 = ORIENTED_EDGE ( 'NONE', *, *, #883, .T. ) ;
#1161 = EDGE_CURVE ( 'NONE', #602, #972, #1260, .T. ) ;
#1162 = VERTEX_POINT ( 'NONE', #1536 ) ;
#1163 = FACE_OUTER_BOUND ( 'NONE', #1025, .T. ) ;
#1164 = CARTESIAN_POINT ( 'NONE',  ( -2.000000000000001776, 1.364999999999999991, 0.8824999999999999512 ) ) ;
#1165 = CARTESIAN_POINT ( 'NONE',  ( -1.500000000000000222, 2.000000000000000444, 1.199999999999999956 ) ) ;
#1166 = DIRECTION ( 'NONE',  ( 0.8660254037844362651, 0.5000000000000042188, 0.000000000000000000 ) ) ;
#1167 = ADVANCED_FACE ( 'NONE', ( #1141 ), #170, .F. ) ;
#1168 = ADVANCED_FACE ( 'NONE', ( #438 ), #1151, .F. ) ;
#1169 = ORIENTED_EDGE ( 'NONE', *, *, #1531, .F. ) ;
#1170 = DIRECTION ( 'NONE',  ( 1.000000000000000000, 0.000000000000000000, 0.000000000000000000 ) ) ;
#1171 = LINE ( 'NONE', #802, #540 ) ;
#1172 = ORIENTED_EDGE ( 'NONE', *, *, #666, .F. ) ;
#1173 = CIRCLE ( 'NONE', #480, 2.500000000000000000 ) ;
#1174 = CARTESIAN_POINT ( 'NONE',  ( -0.4099999999999997535, -2.000000000000000444, 0.7000000000000000666 ) ) ;
#1175 = VECTOR ( 'NONE', #1032, 100.0000000000000000 ) ;
#1176 = VECTOR ( 'NONE', #646, 100.0000000000000000 ) ;
#1177 = FACE_OUTER_BOUND ( 'NONE', #378, .T. ) ;
#1178 = AXIS2_PLACEMENT_3D ( 'NONE', #249, #490, #377 ) ;
#1179 = VERTEX_POINT ( 'NONE', #688 ) ;
#1180 = EDGE_CURVE ( 'NONE', #1444, #82, #1021, .T. ) ;
#1181 = CARTESIAN_POINT ( 'NONE',  ( 0.4100000000000001976, -1.820000000000000506, 0.7000000000000000666 ) ) ;
#1182 =( NAMED_UNIT ( * ) SI_UNIT ( $, .STERADIAN. ) SOLID_ANGLE_UNIT ( ) );
#1183 = EDGE_CURVE ( 'NONE', #1089, #443, #113, .T. ) ;
#1184 = LINE ( 'NONE', #477, #359 ) ;
#1185 = CARTESIAN_POINT ( 'NONE',  ( 0.7679571668975724297, -1.199999999999999956, 1.199999999999999956 ) ) ;
#1186 = LINE ( 'NONE', #1075, #352 ) ;
#1187 = ORIENTED_EDGE ( 'NONE', *, *, #778, .F. ) ;
#1188 = FACE_BOUND ( 'NONE', #1045, .T. ) ;
#1189 = VERTEX_POINT ( 'NONE', #942 ) ;
#1190 = CARTESIAN_POINT ( 'NONE',  ( -2.000000000000000444, -0.4100000000000003642, 0.7000000000000000666 ) ) ;
#1191 = EDGE_CURVE ( 'NONE', #628, #67, #338, .T. ) ;
#1192 = FACE_OUTER_BOUND ( 'NONE', #960, .T. ) ;
#1193 = ORIENTED_EDGE ( 'NONE', *, *, #1371, .F. ) ;
#1194 = CARTESIAN_POINT ( 'NONE',  ( 2.000000000000001776, 1.364999999999998437, 1.199999999999999956 ) ) ;
#1195 = DIRECTION ( 'NONE',  ( -4.818676322157799347E-16, 1.000000000000000000, 0.000000000000000000 ) ) ;
#1196 = VECTOR ( 'NONE', #1043, 100.0000000000000000 ) ;
#1197 = EDGE_CURVE ( 'NONE', #131, #1083, #1577, .T. ) ;
#1198 = VECTOR ( 'NONE', #994, 100.0000000000000000 ) ;
#1199 = DIRECTION ( 'NONE',  ( 0.000000000000000000, 0.000000000000000000, 1.000000000000000000 ) ) ;
#1200 = AXIS2_PLACEMENT_3D ( 'NONE', #1471, #1122, #275 ) ;
#1201 = EDGE_LOOP ( 'NONE', ( #1005, #18, #708, #1036 ) ) ;
#1202 = CARTESIAN_POINT ( 'NONE',  ( -0.7679571668975720966, -1.200000000000000178, 0.7000000000000000666 ) ) ;
#1203 = CARTESIAN_POINT ( 'NONE',  ( 0.4100000000000003086, -2.000000000000000444, 0.7000000000000000666 ) ) ;
#1204 = ORIENTED_EDGE ( 'NONE', *, *, #964, .F. ) ;
#1205 = CARTESIAN_POINT ( 'NONE',  ( 0.4100000000000001976, -1.820000000000000506, 0.7000000000000000666 ) ) ;
#1206 = EDGE_CURVE ( 'NONE', #192, #575, #840, .T. ) ;
#1207 = VERTEX_POINT ( 'NONE', #221 ) ;
#1208 = CARTESIAN_POINT ( 'NONE',  ( 1.365000000000002212, -1.365000000000000213, 1.199999999999999956 ) ) ;
#1209 = DIRECTION ( 'NONE',  ( -0.5000000000000042188, -0.8660254037844362651, 0.000000000000000000 ) ) ;
#1210 = ORIENTED_EDGE ( 'NONE', *, *, #1328, .T. ) ;
#1211 = MANIFOLD_SOLID_BREP ( 'Cut-Extrude4', #867 ) ;
#1212 = EDGE_LOOP ( 'NONE', ( #89, #434, #866, #479, #73, #996, #1091, #66, #771, #627, #507, #247 ) ) ;
#1213 =( LENGTH_UNIT ( ) NAMED_UNIT ( * ) SI_UNIT ( .CENTI., .METRE. ) );
#1214 = CARTESIAN_POINT ( 'NONE',  ( 2.000000000000000444, 0.4100000000000001421, 1.199999999999999956 ) ) ;
#1215 = VERTEX_POINT ( 'NONE', #469 ) ;
#1216 = EDGE_CURVE ( 'NONE', #972, #317, #463, .T. ) ;
#1217 = ORIENTED_EDGE ( 'NONE', *, *, #1180, .T. ) ;
#1218 = ORIENTED_EDGE ( 'NONE', *, *, #613, .F. ) ;
#1219 = CARTESIAN_POINT ( 'NONE',  ( 2.000000000000000444, 0.4100000000000001421, 0.7000000000000000666 ) ) ;
#1220 = AXIS2_PLACEMENT_3D ( 'NONE', #1035, #1382, #394 ) ;
#1221 = VECTOR ( 'NONE', #1486, 100.0000000000000000 ) ;
#1222 = VECTOR ( 'NONE', #16, 100.0000000000000000 ) ;
#1223 = EDGE_LOOP ( 'NONE', ( #1541, #1481, #184, #1529 ) ) ;
#1224 = PRESENTATION_LAYER_ASSIGNMENT (  '', '', ( #383 ) ) ;
#1225 = CARTESIAN_POINT ( 'NONE',  ( -1.364999999999999991, 16.63499999999999801, 1.199999999999999956 ) ) ;
#1226 = ORIENTED_EDGE ( 'NONE', *, *, #1467, .T. ) ;
#1227 = EDGE_CURVE ( 'NONE', #754, #1360, #1184, .T. ) ;
#1228 = CARTESIAN_POINT ( 'NONE',  ( -2.000000000000000000, -1.500000000000000888, 0.000000000000000000 ) ) ;
#1229 = ADVANCED_FACE ( 'NONE', ( #343 ), #85, .F. ) ;
#1230 = FACE_OUTER_BOUND ( 'NONE', #1463, .T. ) ;
#1231 = ORIENTED_EDGE ( 'NONE', *, *, #169, .T. ) ;
#1232 = ORIENTED_EDGE ( 'NONE', *, *, #682, .T. ) ;
#1233 = VERTEX_POINT ( 'NONE', #952 ) ;
#1234 = CARTESIAN_POINT ( 'NONE',  ( 0.000000000000000000, -0.3000000000000000444, 0.000000000000000000 ) ) ;
#1235 = EDGE_CURVE ( 'NONE', #856, #67, #230, .T. ) ;
#1236 = PLANE ( 'NONE',  #692 ) ;
#1237 = DIRECTION ( 'NONE',  ( 0.8660254037844362651, -0.5000000000000039968, 0.000000000000000000 ) ) ;
#1238 = ORIENTED_EDGE ( 'NONE', *, *, #39, .F. ) ;
#1239 = CARTESIAN_POINT ( 'NONE',  ( 1.365000000000002212, -1.365000000000000213, 0.8824999999999999512 ) ) ;
#1240 = CARTESIAN_POINT ( 'NONE',  ( 0.000000000000000000, 0.000000000000000000, 0.8824999999999999512 ) ) ;
#1241 = DIRECTION ( 'NONE',  ( 4.818676322157799347E-16, 1.000000000000000000, 0.000000000000000000 ) ) ;
#1242 = LINE ( 'NONE', #24, #121 ) ;
#1243 = EDGE_LOOP ( 'NONE', ( #1155, #611, #1126, #491 ) ) ;
#1244 = VECTOR ( 'NONE', #402, 100.0000000000000000 ) ;
#1245 = VECTOR ( 'NONE', #208, 100.0000000000000000 ) ;
#1246 = CARTESIAN_POINT ( 'NONE',  ( -1.199999999999999956, -0.7679571668975725407, 0.7000000000000000666 ) ) ;
#1247 = ORIENTED_EDGE ( 'NONE', *, *, #631, .T. ) ;
#1248 = VECTOR ( 'NONE', #1589, 100.0000000000000000 ) ;
#1249 = LINE ( 'NONE', #1017, #1196 ) ;
#1250 = FACE_OUTER_BOUND ( 'NONE', #705, .T. ) ;
#1251 = AXIS2_PLACEMENT_3D ( 'NONE', #941, #451, #236 ) ;
#1252 = CARTESIAN_POINT ( 'NONE',  ( 1.199999999999999956, -0.7679571668975722076, 1.199999999999999956 ) ) ;
#1253 = DIRECTION ( 'NONE',  ( 1.000000000000000000, 0.000000000000000000, 0.000000000000000000 ) ) ;
#1254 = ORIENTED_EDGE ( 'NONE', *, *, #340, .T. ) ;
#1255 = ADVANCED_FACE ( 'NONE', ( #850 ), #1442, .F. ) ;
#1256 = CARTESIAN_POINT ( 'NONE',  ( -1.820000000000000506, -0.4100000000000003086, 0.7000000000000000666 ) ) ;
#1257 = VERTEX_POINT ( 'NONE', #239 ) ;
#1258 = CARTESIAN_POINT ( 'NONE',  ( 16.63499999999999801, -1.364999999999998437, 0.8824999999999999512 ) ) ;
#1259 = DIRECTION ( 'NONE',  ( -1.000000000000000000, 0.000000000000000000, 0.000000000000000000 ) ) ;
#1260 = LINE ( 'NONE', #1165, #1557 ) ;
#1261 = DIRECTION ( 'NONE',  ( 0.000000000000000000, 1.000000000000000000, 0.000000000000000000 ) ) ;
#1262 = ORIENTED_EDGE ( 'NONE', *, *, #65, .T. ) ;
#1263 = CARTESIAN_POINT ( 'NONE',  ( 0.000000000000000000, 0.000000000000000000, 0.000000000000000000 ) ) ;
#1264 = ORIENTED_EDGE ( 'NONE', *, *, #651, .T. ) ;
#1265 = ADVANCED_FACE ( 'NONE', ( #726 ), #1094, .F. ) ;
#1266 = ADVANCED_FACE ( 'NONE', ( #1465 ), #517, .F. ) ;
#1267 = DIRECTION ( 'NONE',  ( 2.385670792109557660E-16, -1.000000000000000000, 0.000000000000000000 ) ) ;
#1268 = DIRECTION ( 'NONE',  ( 0.5000000000000039968, 0.8660254037844362651, 0.000000000000000000 ) ) ;
#1269 = CARTESIAN_POINT ( 'NONE',  ( 2.000000000000000444, -1.499999999999999334, 0.000000000000000000 ) ) ;
#1270 = LINE ( 'NONE', #240, #1304 ) ;
#1271 = ORIENTED_EDGE ( 'NONE', *, *, #278, .F. ) ;
#1272 = LINE ( 'NONE', #26, #818 ) ;
#1273 = VECTOR ( 'NONE', #1156, 100.0000000000000000 ) ;
#1274 = ORIENTED_EDGE ( 'NONE', *, *, #759, .F. ) ;
#1275 = AXIS2_PLACEMENT_3D ( 'NONE', #478, #1095, #1581 ) ;
#1276 = DIRECTION ( 'NONE',  ( -1.000000000000000000, 4.818676322157799347E-16, -0.000000000000000000 ) ) ;
#1277 = PLANE ( 'NONE',  #1352 ) ;
#1278 = VERTEX_POINT ( 'NONE', #134 ) ;
#1279 = VECTOR ( 'NONE', #1157, 100.0000000000000000 ) ;
#1280 = FACE_OUTER_BOUND ( 'NONE', #772, .T. ) ;
#1281 = EDGE_CURVE ( 'NONE', #1377, #927, #1369, .T. ) ;
#1282 = CARTESIAN_POINT ( 'NONE',  ( 1.500000000000000666, -2.000000000000000000, 1.199999999999999956 ) ) ;
#1283 = VERTEX_POINT ( 'NONE', #636 ) ;
#1284 = DIRECTION ( 'NONE',  ( -0.5000000000000042188, -0.8660254037844361541, 0.000000000000000000 ) ) ;
#1285 = ORIENTED_EDGE ( 'NONE', *, *, #1467, .F. ) ;
#1286 = LINE ( 'NONE', #187, #793 ) ;
#1287 = LINE ( 'NONE', #1038, #462 ) ;
#1288 = EDGE_CURVE ( 'NONE', #56, #1433, #493, .T. ) ;
#1289 = LINE ( 'NONE', #328, #1019 ) ;
#1290 = ORIENTED_EDGE ( 'NONE', *, *, #778, .T. ) ;
#1291 = ORIENTED_EDGE ( 'NONE', *, *, #494, .T. ) ;
#1292 = LINE ( 'NONE', #1322, #72 ) ;
#1293 = LINE ( 'NONE', #1496, #99 ) ;
#1294 = DIRECTION ( 'NONE',  ( -1.249637081581196951E-16, 1.000000000000000000, 0.000000000000000000 ) ) ;
#1295 = CARTESIAN_POINT ( 'NONE',  ( 1.500000000000000666, -2.000000000000000000, 1.199999999999999956 ) ) ;
#1296 = ADVANCED_FACE ( 'NONE', ( #245 ), #508, .F. ) ;
#1297 = EDGE_CURVE ( 'NONE', #1324, #1130, #49, .T. ) ;
#1298 = ADVANCED_FACE ( 'NONE', ( #119 ), #22, .F. ) ;
#1299 = ORIENTED_EDGE ( 'NONE', *, *, #642, .F. ) ;
#1300 = DIRECTION ( 'NONE',  ( -0.000000000000000000, 0.000000000000000000, 1.000000000000000000 ) ) ;
#1301 =( NAMED_UNIT ( * ) PLANE_ANGLE_UNIT ( ) SI_UNIT ( $, .RADIAN. ) );
#1302 = ORIENTED_EDGE ( 'NONE', *, *, #683, .F. ) ;
#1303 = VECTOR ( 'NONE', #606, 100.0000000000000000 ) ;
#1304 = VECTOR ( 'NONE', #975, 100.0000000000000000 ) ;
#1305 = VECTOR ( 'NONE', #878, 100.0000000000000000 ) ;
#1306 = LINE ( 'NONE', #198, #1175 ) ;
#1307 = ORIENTED_EDGE ( 'NONE', *, *, #514, .T. ) ;
#1308 = EDGE_CURVE ( 'NONE', #1207, #399, #1000, .T. ) ;
#1309 = LINE ( 'NONE', #1410, #1532 ) ;
#1310 = DIRECTION ( 'NONE',  ( 1.000000000000000000, -4.818676322157798361E-16, 0.000000000000000000 ) ) ;
#1311 = ORIENTED_EDGE ( 'NONE', *, *, #931, .F. ) ;
#1312 =( NAMED_UNIT ( * ) SI_UNIT ( $, .STERADIAN. ) SOLID_ANGLE_UNIT ( ) );
#1313 = LINE ( 'NONE', #1564, #1401 ) ;
#1314 = ORIENTED_EDGE ( 'NONE', *, *, #1197, .T. ) ;
#1315 = CARTESIAN_POINT ( 'NONE',  ( -16.63499999999999801, -1.364999999999999103, 0.8824999999999999512 ) ) ;
#1316 = CARTESIAN_POINT ( 'NONE',  ( 0.7679571668975724297, -1.199999999999999956, 0.7000000000000000666 ) ) ;
#1317 = ORIENTED_EDGE ( 'NONE', *, *, #29, .F. ) ;
#1318 = ADVANCED_FACE ( 'NONE', ( #1250 ), #765, .F. ) ;
#1319 = FILL_AREA_STYLE_COLOUR ( '', #1330 ) ;
#1320 = LINE ( 'NONE', #114, #1351 ) ;
#1321 = ORIENTED_EDGE ( 'NONE', *, *, #946, .T. ) ;
#1322 = CARTESIAN_POINT ( 'NONE',  ( 1.199999999999999956, -0.7679571668975722076, 1.199999999999999956 ) ) ;
#1323 = FACE_OUTER_BOUND ( 'NONE', #650, .T. ) ;
#1324 = VERTEX_POINT ( 'NONE', #993 ) ;
#1325 = SURFACE_STYLE_USAGE ( .BOTH. , #817 ) ;
#1326 = VECTOR ( 'NONE', #812, 100.0000000000000000 ) ;
#1327 = VECTOR ( 'NONE', #752, 100.0000000000000000 ) ;
#1328 = EDGE_CURVE ( 'NONE', #443, #641, #524, .T. ) ;
#1329 = LINE ( 'NONE', #959, #1425 ) ;
#1330 = COLOUR_RGB ( '',0.7921568627450980005, 0.8196078431372548767, 0.9333333333333333481 ) ;
#1331 = VERTEX_POINT ( 'NONE', #1234 ) ;
#1332 = CARTESIAN_POINT ( 'NONE',  ( -1.200000000000000178, 0.7679571668975719856, 0.7000000000000000666 ) ) ;
#1333 = FACE_OUTER_BOUND ( 'NONE', #725, .T. ) ;
#1334 = CARTESIAN_POINT ( 'NONE',  ( -1.820000000000000506, -0.4100000000000003086, 1.199999999999999956 ) ) ;
#1335 = ORIENTED_EDGE ( 'NONE', *, *, #1441, .T. ) ;
#1336 = DIRECTION ( 'NONE',  ( 4.818676322157798361E-16, -1.000000000000000000, 0.000000000000000000 ) ) ;
#1337 = EDGE_CURVE ( 'NONE', #746, #1179, #1458, .T. ) ;
#1338 = ORIENTED_EDGE ( 'NONE', *, *, #446, .F. ) ;
#1339 = ORIENTED_EDGE ( 'NONE', *, *, #682, .F. ) ;
#1340 = VERTEX_POINT ( 'NONE', #390 ) ;
#1341 = DIRECTION ( 'NONE',  ( 0.000000000000000000, 0.000000000000000000, -1.000000000000000000 ) ) ;
#1342 = DIRECTION ( 'NONE',  ( -1.000000000000000000, -2.312964634635742957E-16, 0.000000000000000000 ) ) ;
#1343 = ADVANCED_FACE ( 'NONE', ( #1107 ), #858, .T. ) ;
#1344 = VERTEX_POINT ( 'NONE', #1219 ) ;
#1345 = EDGE_CURVE ( 'NONE', #805, #1079, #4, .T. ) ;
#1346 = VERTEX_POINT ( 'NONE', #261 ) ;
#1347 = EDGE_LOOP ( 'NONE', ( #1550, #339, #424, #567, #1477, #432 ) ) ;
#1348 = CARTESIAN_POINT ( 'NONE',  ( 0.000000000000000000, 0.000000000000000000, 0.8824999999999999512 ) ) ;
#1349 = DIRECTION ( 'NONE',  ( 0.000000000000000000, 0.000000000000000000, -1.000000000000000000 ) ) ;
#1350 = VECTOR ( 'NONE', #167, 100.0000000000000142 ) ;
#1351 = VECTOR ( 'NONE', #1081, 100.0000000000000000 ) ;
#1352 = AXIS2_PLACEMENT_3D ( 'NONE', #69, #160, #168 ) ;
#1353 = ORIENTED_EDGE ( 'NONE', *, *, #1183, .F. ) ;
#1354 = ORIENTED_EDGE ( 'NONE', *, *, #1412, .F. ) ;
#1355 = ORIENTED_EDGE ( 'NONE', *, *, #1183, .T. ) ;
#1356 = ADVANCED_FACE ( 'NONE', ( #1113 ), #784, .F. ) ;
#1357 = CARTESIAN_POINT ( 'NONE',  ( 0.000000000000000000, 0.000000000000000000, 0.7000000000000000666 ) ) ;
#1358 = CARTESIAN_POINT ( 'NONE',  ( -2.000000000000000444, -0.4100000000000003642, 0.7000000000000000666 ) ) ;
#1359 = CARTESIAN_POINT ( 'NONE',  ( -1.499999999999999334, -2.000000000000000888, 0.000000000000000000 ) ) ;
#1360 = VERTEX_POINT ( 'NONE', #1394 ) ;
#1361 = VERTEX_POINT ( 'NONE', #320 ) ;
#1362 = ORIENTED_EDGE ( 'NONE', *, *, #674, .T. ) ;
#1363 = ADVANCED_FACE ( 'NONE', ( #672 ), #1277, .F. ) ;
#1364 = LINE ( 'NONE', #122, #1327 ) ;
#1365 = DIRECTION ( 'NONE',  ( -1.000000000000000000, 0.000000000000000000, 0.000000000000000000 ) ) ;
#1366 = EDGE_LOOP ( 'NONE', ( #621, #1116, #116, #1238 ) ) ;
#1367 = DIRECTION ( 'NONE',  ( 1.000000000000000000, 2.258880508902365962E-16, 0.000000000000000000 ) ) ;
#1368 = VERTEX_POINT ( 'NONE', #661 ) ;
#1369 = LINE ( 'NONE', #1101, #309 ) ;
#1370 = CARTESIAN_POINT ( 'NONE',  ( 0.4100000000000000311, 2.000000000000000444, 0.7000000000000000666 ) ) ;
#1371 = EDGE_CURVE ( 'NONE', #318, #192, #918, .T. ) ;
#1372 = CARTESIAN_POINT ( 'NONE',  ( -2.000000000000000444, 0.4099999999999996980, 0.7000000000000000666 ) ) ;
#1373 = ORIENTED_EDGE ( 'NONE', *, *, #101, .T. ) ;
#1374 = VECTOR ( 'NONE', #165, 100.0000000000000000 ) ;
#1375 = AXIS2_PLACEMENT_3D ( 'NONE', #698, #71, #1396 ) ;
#1376 = PLANE ( 'NONE',  #330 ) ;
#1377 = VERTEX_POINT ( 'NONE', #1385 ) ;
#1378 = LINE ( 'NONE', #909, #1273 ) ;
#1379 = PLANE ( 'NONE',  #1074 ) ;
#1380 = DIRECTION ( 'NONE',  ( -0.000000000000000000, 0.000000000000000000, 1.000000000000000000 ) ) ;
#1381 = FACE_OUTER_BOUND ( 'NONE', #1212, .T. ) ;
#1382 = DIRECTION ( 'NONE',  ( 0.5000000000000043299, -0.8660254037844362651, 0.000000000000000000 ) ) ;
#1383 = ORIENTED_EDGE ( 'NONE', *, *, #525, .T. ) ;
#1384 = CARTESIAN_POINT ( 'NONE',  ( -1.200000000000000178, 0.7679571668975719856, 0.7000000000000000666 ) ) ;
#1385 = CARTESIAN_POINT ( 'NONE',  ( -1.364999999999998215, 1.364999999999999991, 0.8824999999999999512 ) ) ;
#1386 = CARTESIAN_POINT ( 'NONE',  ( -2.000000000000000444, -0.4100000000000003642, 1.199999999999999956 ) ) ;
#1387 = DIRECTION ( 'NONE',  ( -1.000000000000000000, -2.312964634635742957E-16, 0.000000000000000000 ) ) ;
#1388 = ORIENTED_EDGE ( 'NONE', *, *, #631, .F. ) ;
#1389 = EDGE_CURVE ( 'NONE', #641, #82, #313, .T. ) ;
#1390 = CARTESIAN_POINT ( 'NONE',  ( -1.500000000000000222, 2.000000000000000444, 0.8824999999999999512 ) ) ;
#1391 = ORIENTED_EDGE ( 'NONE', *, *, #811, .F. ) ;
#1392 = EDGE_CURVE ( 'NONE', #1257, #1433, #1171, .T. ) ;
#1393 = CARTESIAN_POINT ( 'NONE',  ( 0.4100000000000003086, -2.000000000000000444, 1.199999999999999956 ) ) ;
#1394 = CARTESIAN_POINT ( 'NONE',  ( -1.200000000000000178, 0.7679571668975719856, 1.199999999999999956 ) ) ;
#1395 = DIRECTION ( 'NONE',  ( 1.931257307898213426E-16, -1.000000000000000000, 0.000000000000000000 ) ) ;
#1396 = DIRECTION ( 'NONE',  ( 1.000000000000000000, 0.000000000000000000, 0.000000000000000000 ) ) ;
#1397 = ORIENTED_EDGE ( 'NONE', *, *, #169, .F. ) ;
#1398 = DIRECTION ( 'NONE',  ( 0.000000000000000000, -1.000000000000000000, 0.000000000000000000 ) ) ;
#1399 = VECTOR ( 'NONE', #1574, 100.0000000000000000 ) ;
#1400 = ORIENTED_EDGE ( 'NONE', *, *, #210, .F. ) ;
#1401 = VECTOR ( 'NONE', #1571, 100.0000000000000000 ) ;
#1402 = DIRECTION ( 'NONE',  ( -0.000000000000000000, 0.000000000000000000, 1.000000000000000000 ) ) ;
#1403 = DIRECTION ( 'NONE',  ( 0.8660254037844363761, -0.5000000000000041078, 0.000000000000000000 ) ) ;
#1404 = VECTOR ( 'NONE', #304, 100.0000000000000000 ) ;
#1405 = EDGE_CURVE ( 'NONE', #972, #132, #436, .T. ) ;
#1406 = AXIS2_PLACEMENT_3D ( 'NONE', #1424, #473, #1439 ) ;
#1407 = CARTESIAN_POINT ( 'NONE',  ( -1.500000000000000222, 2.000000000000000444, 0.000000000000000000 ) ) ;
#1408 = ORIENTED_EDGE ( 'NONE', *, *, #465, .T. ) ;
#1409 = ORIENTED_EDGE ( 'NONE', *, *, #652, .F. ) ;
#1410 = CARTESIAN_POINT ( 'NONE',  ( 0.7679571668975722076, 1.199999999999999956, 0.7000000000000000666 ) ) ;
#1411 = FACE_OUTER_BOUND ( 'NONE', #1418, .T. ) ;
#1412 = EDGE_CURVE ( 'NONE', #1089, #880, #294, .T. ) ;
#1413 = DIRECTION ( 'NONE',  ( 1.000000000000000000, 1.249637081581196951E-16, 0.000000000000000000 ) ) ;
#1414 = CARTESIAN_POINT ( 'NONE',  ( -0.4100000000000000311, 2.000000000000000444, 0.7000000000000000666 ) ) ;
#1415 = ORIENTED_EDGE ( 'NONE', *, *, #1461, .F. ) ;
#1416 = CARTESIAN_POINT ( 'NONE',  ( -16.63499999999999801, 1.364999999999996438, 0.8824999999999999512 ) ) ;
#1417 = FACE_OUTER_BOUND ( 'NONE', #1030, .T. ) ;
#1418 = EDGE_LOOP ( 'NONE', ( #633, #1106, #1437, #898 ) ) ;
#1419 = DIRECTION ( 'NONE',  ( 1.000000000000000000, 0.000000000000000000, 0.000000000000000000 ) ) ;
#1420 = DIRECTION ( 'NONE',  ( -0.8660254037844360431, -0.5000000000000045519, 0.000000000000000000 ) ) ;
#1421 = ORIENTED_EDGE ( 'NONE', *, *, #514, .F. ) ;
#1422 = VECTOR ( 'NONE', #1402, 100.0000000000000000 ) ;
#1423 = CARTESIAN_POINT ( 'NONE',  ( 0.000000000000000000, 0.000000000000000000, 0.8824999999999999512 ) ) ;
#1424 = CARTESIAN_POINT ( 'NONE',  ( 0.000000000000000000, 0.000000000000000000, 0.000000000000000000 ) ) ;
#1425 = VECTOR ( 'NONE', #1342, 100.0000000000000000 ) ;
#1426 = CARTESIAN_POINT ( 'NONE',  ( -0.4100000000000000311, 2.000000000000000444, 1.199999999999999956 ) ) ;
#1427 = VECTOR ( 'NONE', #1115, 100.0000000000000000 ) ;
#1428 = CARTESIAN_POINT ( 'NONE',  ( 2.000000000000001776, -1.365000000000000213, 1.199999999999999956 ) ) ;
#1429 = EDGE_CURVE ( 'NONE', #550, #1512, #679, .T. ) ;
#1430 = ORIENTED_EDGE ( 'NONE', *, *, #108, .T. ) ;
#1431 = CARTESIAN_POINT ( 'NONE',  ( 2.000000000000000444, 1.500000000000000666, 0.8824999999999999512 ) ) ;
#1432 = FACE_OUTER_BOUND ( 'NONE', #1223, .T. ) ;
#1433 = VERTEX_POINT ( 'NONE', #791 ) ;
#1434 =( NAMED_UNIT ( * ) PLANE_ANGLE_UNIT ( ) SI_UNIT ( $, .RADIAN. ) );
#1435 = DIRECTION ( 'NONE',  ( 1.000000000000000000, 0.000000000000000000, 0.000000000000000000 ) ) ;
#1436 = FACE_OUTER_BOUND ( 'NONE', #1522, .T. ) ;
#1437 = ORIENTED_EDGE ( 'NONE', *, *, #1459, .F. ) ;
#1438 = DIRECTION ( 'NONE',  ( 0.000000000000000000, 1.000000000000000000, 0.000000000000000000 ) ) ;
#1439 = DIRECTION ( 'NONE',  ( 0.000000000000000000, -1.000000000000000000, 0.000000000000000000 ) ) ;
#1440 = ORIENTED_EDGE ( 'NONE', *, *, #1109, .T. ) ;
#1441 = EDGE_CURVE ( 'NONE', #762, #351, #1007, .T. ) ;
#1442 = PLANE ( 'NONE',  #123 ) ;
#1443 = FACE_OUTER_BOUND ( 'NONE', #622, .T. ) ;
#1444 = VERTEX_POINT ( 'NONE', #532 ) ;
#1445 = CARTESIAN_POINT ( 'NONE',  ( 2.000000000000000444, 1.500000000000000666, 0.000000000000000000 ) ) ;
#1446 = DIRECTION ( 'NONE',  ( 0.000000000000000000, 1.000000000000000000, 0.000000000000000000 ) ) ;
#1447 = ORIENTED_EDGE ( 'NONE', *, *, #193, .T. ) ;
#1448 = CARTESIAN_POINT ( 'NONE',  ( 16.63499999999999801, -1.364999999999998437, 0.8824999999999999512 ) ) ;
#1449 = ADVANCED_FACE ( 'NONE', ( #910, #60 ), #561, .T. ) ;
#1450 = VECTOR ( 'NONE', #1533, 100.0000000000000000 ) ;
#1451 = VECTOR ( 'NONE', #719, 100.0000000000000142 ) ;
#1452 = CARTESIAN_POINT ( 'NONE',  ( -0.7679571668975720966, -1.200000000000000178, 0.7000000000000000666 ) ) ;
#1453 = VECTOR ( 'NONE', #757, 100.0000000000000000 ) ;
#1454 = VECTOR ( 'NONE', #544, 100.0000000000000000 ) ;
#1455 = ORIENTED_EDGE ( 'NONE', *, *, #1140, .F. ) ;
#1456 = DIRECTION ( 'NONE',  ( -0.8660254037844361541, 0.5000000000000042188, 0.000000000000000000 ) ) ;
#1457 = ORIENTED_EDGE ( 'NONE', *, *, #323, .F. ) ;
#1458 = LINE ( 'NONE', #365, #1535 ) ;
#1459 = EDGE_CURVE ( 'NONE', #1368, #1087, #1287, .T. ) ;
#1460 = LINE ( 'NONE', #1088, #614 ) ;
#1461 = EDGE_CURVE ( 'NONE', #1485, #863, #1293, .T. ) ;
#1462 = ORIENTED_EDGE ( 'NONE', *, *, #579, .F. ) ;
#1463 = EDGE_LOOP ( 'NONE', ( #3, #1584, #1172, #52 ) ) ;
#1464 = ORIENTED_EDGE ( 'NONE', *, *, #367, .F. ) ;
#1465 = FACE_OUTER_BOUND ( 'NONE', #1561, .T. ) ;
#1466 = CARTESIAN_POINT ( 'NONE',  ( 2.000000000000000444, -0.4099999999999999201, 0.7000000000000000666 ) ) ;
#1467 = EDGE_CURVE ( 'NONE', #58, #318, #403, .T. ) ;
#1468 = VERTEX_POINT ( 'NONE', #1164 ) ;
#1469 = FACE_OUTER_BOUND ( 'NONE', #325, .T. ) ;
#1470 = ORIENTED_EDGE ( 'NONE', *, *, #1109, .F. ) ;
#1471 = CARTESIAN_POINT ( 'NONE',  ( 2.000000000000000444, 0.4100000000000001421, 0.7000000000000000666 ) ) ;
#1472 = CARTESIAN_POINT ( 'NONE',  ( 0.000000000000000000, 0.000000000000000000, 0.000000000000000000 ) ) ;
#1473 = AXIS2_PLACEMENT_3D ( 'NONE', #764, #660, #302 ) ;
#1474 = VECTOR ( 'NONE', #675, 100.0000000000000000 ) ;
#1475 = PLANE ( 'NONE',  #587 ) ;
#1476 = VECTOR ( 'NONE', #296, 100.0000000000000000 ) ;
#1477 = ORIENTED_EDGE ( 'NONE', *, *, #1128, .T. ) ;
#1478 = ADVANCED_FACE ( 'NONE', ( #891 ), #1379, .T. ) ;
#1479 = ADVANCED_FACE ( 'NONE', ( #1411 ), #774, .F. ) ;
#1480 = DIRECTION ( 'NONE',  ( 0.000000000000000000, 0.000000000000000000, 1.000000000000000000 ) ) ;
#1481 = ORIENTED_EDGE ( 'NONE', *, *, #1520, .F. ) ;
#1482 = DIRECTION ( 'NONE',  ( -1.000000000000000000, -2.258880508902365962E-16, 0.000000000000000000 ) ) ;
#1483 = CARTESIAN_POINT ( 'NONE',  ( -2.000000000000000444, 0.4099999999999996980, 0.7000000000000000666 ) ) ;
#1484 = PLANE ( 'NONE',  #1147 ) ;
#1485 = VERTEX_POINT ( 'NONE', #1139 ) ;
#1486 = DIRECTION ( 'NONE',  ( -1.000000000000000000, 4.818676322157799347E-16, -0.000000000000000000 ) ) ;
#1487 = ORIENTED_EDGE ( 'NONE', *, *, #852, .T. ) ;
#1488 = CARTESIAN_POINT ( 'NONE',  ( -16.63499999999999801, -1.364999999999999103, 1.199999999999999956 ) ) ;
#1489 = EDGE_CURVE ( 'NONE', #1485, #1331, #79, .T. ) ;
#1490 = LINE ( 'NONE', #269, #871 ) ;
#1491 = CARTESIAN_POINT ( 'NONE',  ( -1.500000000000000222, 2.000000000000000444, 0.000000000000000000 ) ) ;
#1492 = ORIENTED_EDGE ( 'NONE', *, *, #604, .T. ) ;
#1493 = DIRECTION ( 'NONE',  ( 0.5000000000000045519, -0.8660254037844360431, 0.000000000000000000 ) ) ;
#1494 = EDGE_LOOP ( 'NONE', ( #735, #265, #913, #327 ) ) ;
#1495 = LINE ( 'NONE', #150, #1244 ) ;
#1496 = CARTESIAN_POINT ( 'NONE',  ( 3.673940397442060115E-17, 0.3000000000000000444, 0.000000000000000000 ) ) ;
#1497 = EDGE_CURVE ( 'NONE', #1361, #1283, #219, .T. ) ;
#1498 = CARTESIAN_POINT ( 'NONE',  ( -2.000000000000000000, -1.500000000000000888, 0.8824999999999999512 ) ) ;
#1499 = DIRECTION ( 'NONE',  ( 0.000000000000000000, 0.000000000000000000, -1.000000000000000000 ) ) ;
#1500 = ORIENTED_EDGE ( 'NONE', *, *, #7, .F. ) ;
#1501 = AXIS2_PLACEMENT_3D ( 'NONE', #111, #971, #1456 ) ;
#1502 = AXIS2_PLACEMENT_3D ( 'NONE', #585, #1071, #639 ) ;
#1503 = LINE ( 'NONE', #541, #1221 ) ;
#1504 = ORIENTED_EDGE ( 'NONE', *, *, #964, .T. ) ;
#1505 = VECTOR ( 'NONE', #358, 100.0000000000000000 ) ;
#1506 = DIRECTION ( 'NONE',  ( -0.8660254037844362651, 0.5000000000000042188, 0.000000000000000000 ) ) ;
#1507 = DIRECTION ( 'NONE',  ( -0.000000000000000000, 0.000000000000000000, 1.000000000000000000 ) ) ;
#1508 = VECTOR ( 'NONE', #707, 100.0000000000000000 ) ;
#1509 = LINE ( 'NONE', #1386, #1404 ) ;
#1510 = ADVANCED_FACE ( 'NONE', ( #1432 ), #104, .F. ) ;
#1511 = CARTESIAN_POINT ( 'NONE',  ( 1.199999999999999956, 0.7679571668975723187, 0.7000000000000000666 ) ) ;
#1512 = VERTEX_POINT ( 'NONE', #956 ) ;
#1513 = ADVANCED_FACE ( 'NONE', ( #1323 ), #342, .T. ) ;
#1514 = LINE ( 'NONE', #148, #1374 ) ;
#1515 = CARTESIAN_POINT ( 'NONE',  ( 0.4099999999999999201, 1.820000000000000506, 0.7000000000000000666 ) ) ;
#1516 = CARTESIAN_POINT ( 'NONE',  ( 1.820000000000000506, 0.4100000000000000311, 1.199999999999999956 ) ) ;
#1517 = FACE_OUTER_BOUND ( 'NONE', #48, .T. ) ;
#1518 = LINE ( 'NONE', #172, #45 ) ;
#1519 = ORIENTED_EDGE ( 'NONE', *, *, #1161, .F. ) ;
#1520 = EDGE_CURVE ( 'NONE', #440, #1278, #1066, .T. ) ;
#1521 = LINE ( 'NONE', #425, #586 ) ;
#1522 = EDGE_LOOP ( 'NONE', ( #266, #1383, #133, #242, #1321, #857 ) ) ;
#1523 = CARTESIAN_POINT ( 'NONE',  ( 1.820000000000000506, -0.4099999999999998646, 0.7000000000000000666 ) ) ;
#1524 = CARTESIAN_POINT ( 'NONE',  ( -1.200000000000000178, 0.7679571668975719856, 0.7000000000000000666 ) ) ;
#1525 = CARTESIAN_POINT ( 'NONE',  ( -2.000000000000000888, 1.499999999999999112, 0.000000000000000000 ) ) ;
#1526 = CARTESIAN_POINT ( 'NONE',  ( 0.000000000000000000, 0.000000000000000000, 0.000000000000000000 ) ) ;
#1527 = ORIENTED_EDGE ( 'NONE', *, *, #90, .F. ) ;
#1528 = VECTOR ( 'NONE', #1129, 100.0000000000000000 ) ;
#1529 = ORIENTED_EDGE ( 'NONE', *, *, #841, .T. ) ;
#1530 = EDGE_CURVE ( 'NONE', #67, #826, #815, .T. ) ;
#1531 = EDGE_CURVE ( 'NONE', #648, #933, #695, .T. ) ;
#1532 = VECTOR ( 'NONE', #203, 100.0000000000000000 ) ;
#1533 = DIRECTION ( 'NONE',  ( -0.000000000000000000, 0.000000000000000000, 1.000000000000000000 ) ) ;
#1534 = DIRECTION ( 'NONE',  ( 0.000000000000000000, -1.000000000000000000, 0.000000000000000000 ) ) ;
#1535 = VECTOR ( 'NONE', #1482, 100.0000000000000000 ) ;
#1536 = CARTESIAN_POINT ( 'NONE',  ( -2.000000000000000000, -1.500000000000000888, 0.000000000000000000 ) ) ;
#1537 = CARTESIAN_POINT ( 'NONE',  ( 0.4099999999999999201, 1.820000000000000506, 1.199999999999999956 ) ) ;
#1538 = DIRECTION ( 'NONE',  ( 0.000000000000000000, -1.000000000000000000, 0.000000000000000000 ) ) ;
#1539 = ORIENTED_EDGE ( 'NONE', *, *, #525, .F. ) ;
#1540 = DIRECTION ( 'NONE',  ( 0.000000000000000000, 1.000000000000000000, 0.000000000000000000 ) ) ;
#1541 = ORIENTED_EDGE ( 'NONE', *, *, #28, .T. ) ;
#1542 = PLANE ( 'NONE',  #281 ) ;
#1543 = EDGE_CURVE ( 'NONE', #856, #1340, #227, .T. ) ;
#1544 = DIRECTION ( 'NONE',  ( -1.000000000000000000, -4.818676322157798361E-16, 0.000000000000000000 ) ) ;
#1545 = VERTEX_POINT ( 'NONE', #847 ) ;
#1546 = DIRECTION ( 'NONE',  ( -2.258880508902365962E-16, 1.000000000000000000, 0.000000000000000000 ) ) ;
#1547 = DIRECTION ( 'NONE',  ( -0.5000000000000042188, -0.8660254037844362651, 0.000000000000000000 ) ) ;
#1548 = ORIENTED_EDGE ( 'NONE', *, *, #1288, .F. ) ;
#1549 = CARTESIAN_POINT ( 'NONE',  ( 1.364999999999999769, 2.000000000000000444, 0.000000000000000000 ) ) ;
#1550 = ORIENTED_EDGE ( 'NONE', *, *, #1497, .T. ) ;
#1551 = VECTOR ( 'NONE', #1480, 100.0000000000000000 ) ;
#1552 = DIRECTION ( 'NONE',  ( 0.000000000000000000, -1.000000000000000000, 0.000000000000000000 ) ) ;
#1553 = DIRECTION ( 'NONE',  ( -0.000000000000000000, 0.000000000000000000, 1.000000000000000000 ) ) ;
#1554 = ORIENTED_EDGE ( 'NONE', *, *, #75, .F. ) ;
#1555 = VECTOR ( 'NONE', #63, 100.0000000000000000 ) ;
#1556 = CARTESIAN_POINT ( 'NONE',  ( -1.820000000000000506, 0.4099999999999995870, 0.7000000000000000666 ) ) ;
#1557 = VECTOR ( 'NONE', #655, 100.0000000000000000 ) ;
#1558 = CARTESIAN_POINT ( 'NONE',  ( -1.364999999999998215, 2.000000000000000444, 0.000000000000000000 ) ) ;
#1559 = FACE_OUTER_BOUND ( 'NONE', #991, .T. ) ;
#1560 = ADVANCED_FACE ( 'NONE', ( #336 ), #212, .F. ) ;
#1561 = EDGE_LOOP ( 'NONE', ( #157, #592, #457, #1076, #1391 ) ) ;
#1562 = LINE ( 'NONE', #685, #820 ) ;
#1563 = DIRECTION ( 'NONE',  ( 0.000000000000000000, 0.000000000000000000, 1.000000000000000000 ) ) ;
#1564 = CARTESIAN_POINT ( 'NONE',  ( 0.4100000000000003086, -2.000000000000000444, 0.7000000000000000666 ) ) ;
#1565 = ORIENTED_EDGE ( 'NONE', *, *, #568, .F. ) ;
#1566 = EDGE_CURVE ( 'NONE', #874, #440, #598, .T. ) ;
#1567 = DIRECTION ( 'NONE',  ( 0.000000000000000000, 0.000000000000000000, 1.000000000000000000 ) ) ;
#1568 = CARTESIAN_POINT ( 'NONE',  ( 0.000000000000000000, 0.000000000000000000, 1.199999999999999956 ) ) ;
#1569 = VERTEX_POINT ( 'NONE', #1316 ) ;
#1570 = EDGE_LOOP ( 'NONE', ( #588, #163, #1119, #1430, #528 ) ) ;
#1571 = DIRECTION ( 'NONE',  ( -0.000000000000000000, 0.000000000000000000, 1.000000000000000000 ) ) ;
#1572 = ORIENTED_EDGE ( 'NONE', *, *, #7, .T. ) ;
#1573 = DIRECTION ( 'NONE',  ( 1.000000000000000000, 1.931257307898213426E-16, 0.000000000000000000 ) ) ;
#1574 = DIRECTION ( 'NONE',  ( 0.000000000000000000, -1.000000000000000000, 0.000000000000000000 ) ) ;
#1575 = ORIENTED_EDGE ( 'NONE', *, *, #1543, .F. ) ;
#1576 = ADVANCED_FACE ( 'NONE', ( #1417 ), #96, .F. ) ;
#1577 = LINE ( 'NONE', #484, #144 ) ;
#1578 = VECTOR ( 'NONE', #1506, 100.0000000000000142 ) ;
#1579 = ADVANCED_FACE ( 'NONE', ( #1333 ), #838, .F. ) ;
#1580 = VECTOR ( 'NONE', #1135, 100.0000000000000000 ) ;
#1581 = DIRECTION ( 'NONE',  ( 0.000000000000000000, -1.000000000000000000, 0.000000000000000000 ) ) ;
#1582 = VECTOR ( 'NONE', #80, 100.0000000000000000 ) ;
#1583 = VECTOR ( 'NONE', #1195, 100.0000000000000000 ) ;
#1584 = ORIENTED_EDGE ( 'NONE', *, *, #406, .T. ) ;
#1585 = ORIENTED_EDGE ( 'NONE', *, *, #916, .T. ) ;
#1586 = ORIENTED_EDGE ( 'NONE', *, *, #1281, .T. ) ;
#1587 = DIRECTION ( 'NONE',  ( -0.000000000000000000, 0.000000000000000000, 1.000000000000000000 ) ) ;
#1588 = EDGE_CURVE ( 'NONE', #1162, #1189, #1078, .T. ) ;
#1589 = DIRECTION ( 'NONE',  ( 0.000000000000000000, 1.000000000000000000, 0.000000000000000000 ) ) ;
ENDSEC;
END-ISO-10303-21;
