ISO-10303-21;
HEADER;
FILE_DESCRIPTION (( 'STEP AP214' ),
    '1' );
FILE_NAME ('ramp-vertex_61.STEP',
    '2026-06-17T01:45:49',
    ( '' ),
    ( '' ),
    'SwSTEP 2.0',
    'SolidWorks 2023',
    '' );
FILE_SCHEMA (( 'AUTOMOTIVE_DESIGN' ));
ENDSEC;

DATA;
#1 = FACE_OUTER_BOUND ( 'NONE', #1213, .T. ) ;
#2 = EDGE_LOOP ( 'NONE', ( #970, #809, #1028, #384 ) ) ;
#3 = EDGE_CURVE ( 'NONE', #911, #582, #630, .T. ) ;
#4 = DIRECTION ( 'NONE',  ( -0.000000000000000000, 0.000000000000000000, 1.000000000000000000 ) ) ;
#5 = LINE ( 'NONE', #1263, #1816 ) ;
#6 = DIRECTION ( 'NONE',  ( 1.000000000000000000, -2.312964634635742957E-16, 0.000000000000000000 ) ) ;
#7 = EDGE_CURVE ( 'NONE', #1392, #368, #5, .T. ) ;
#8 = ORIENTED_EDGE ( 'NONE', *, *, #1114, .T. ) ;
#9 = AXIS2_PLACEMENT_3D ( 'NONE', #301, #928, #222 ) ;
#10 = CARTESIAN_POINT ( 'NONE',  ( -20.00000000000000711, 1.500000000000000666, 0.000000000000000000 ) ) ;
#11 = VECTOR ( 'NONE', #1614, 100.0000000000000000 ) ;
#12 = DIRECTION ( 'NONE',  ( 0.000000000000000000, -1.000000000000000000, 0.000000000000000000 ) ) ;
#13 = ORIENTED_EDGE ( 'NONE', *, *, #108, .T. ) ;
#14 = LINE ( 'NONE', #493, #736 ) ;
#15 = CARTESIAN_POINT ( 'NONE',  ( 0.000000000000000000, 0.000000000000000000, 0.000000000000000000 ) ) ;
#16 = VECTOR ( 'NONE', #1047, 100.0000000000000000 ) ;
#17 = DIRECTION ( 'NONE',  ( 0.000000000000000000, -1.000000000000000000, 0.000000000000000000 ) ) ;
#18 = ORIENTED_EDGE ( 'NONE', *, *, #932, .F. ) ;
#19 = EDGE_CURVE ( 'NONE', #1225, #260, #622, .T. ) ;
#20 = CARTESIAN_POINT ( 'NONE',  ( 1.365000000000002212, -1.999999999999999112, 0.3175000000000000044 ) ) ;
#21 = DIRECTION ( 'NONE',  ( -1.931257307898213426E-16, -1.000000000000000000, 0.000000000000000000 ) ) ;
#22 = ORIENTED_EDGE ( 'NONE', *, *, #1794, .F. ) ;
#23 = DIRECTION ( 'NONE',  ( 0.000000000000000000, -1.000000000000000000, 0.000000000000000000 ) ) ;
#24 = ADVANCED_FACE ( 'NONE', ( #1294 ), #321, .F. ) ;
#25 = ORIENTED_EDGE ( 'NONE', *, *, #1127, .F. ) ;
#26 = LINE ( 'NONE', #352, #941 ) ;
#27 = ORIENTED_EDGE ( 'NONE', *, *, #1082, .T. ) ;
#28 = CARTESIAN_POINT ( 'NONE',  ( -16.50000000000000355, 2.000000000000000444, 0.000000000000000000 ) ) ;
#29 = DIRECTION ( 'NONE',  ( 0.000000000000000000, -1.000000000000000000, 0.000000000000000000 ) ) ;
#30 = ORIENTED_EDGE ( 'NONE', *, *, #684, .F. ) ;
#31 = CARTESIAN_POINT ( 'NONE',  ( -18.41000000000000369, 2.000000000000000444, 0.6350000000000000089 ) ) ;
#32 = EDGE_CURVE ( 'NONE', #492, #824, #503, .T. ) ;
#33 = DIRECTION ( 'NONE',  ( 1.931257307898213426E-16, -1.000000000000000000, 0.000000000000000000 ) ) ;
#34 = LINE ( 'NONE', #1556, #807 ) ;
#35 = EDGE_LOOP ( 'NONE', ( #1224, #1423, #479, #1003 ) ) ;
#36 = CIRCLE ( 'NONE', #1203, 2.500000000000000000 ) ;
#37 = CARTESIAN_POINT ( 'NONE',  ( 0.000000000000000000, 0.000000000000000000, 0.1349999999999999534 ) ) ;
#38 = VECTOR ( 'NONE', #442, 100.0000000000000000 ) ;
#39 = FACE_OUTER_BOUND ( 'NONE', #713, .T. ) ;
#40 = EDGE_CURVE ( 'NONE', #938, #49, #1778, .T. ) ;
#41 = VECTOR ( 'NONE', #1102, 100.0000000000000000 ) ;
#42 = LINE ( 'NONE', #832, #1606 ) ;
#43 = VECTOR ( 'NONE', #1431, 100.0000000000000000 ) ;
#44 = EDGE_CURVE ( 'NONE', #1979, #1837, #1593, .T. ) ;
#45 = ORIENTED_EDGE ( 'NONE', *, *, #1919, .T. ) ;
#46 = CARTESIAN_POINT ( 'NONE',  ( -20.00000000000000711, -1.499999999999999334, 0.3175000000000000044 ) ) ;
#47 = DIRECTION ( 'NONE',  ( -0.5000000000000042188, -0.8660254037844362651, 0.000000000000000000 ) ) ;
#48 = VERTEX_POINT ( 'NONE', #163 ) ;
#49 = VERTEX_POINT ( 'NONE', #1430 ) ;
#50 = COLOUR_RGB ( '',0.7921568627450980005, 0.8196078431372548767, 0.9333333333333333481 ) ;
#51 = LINE ( 'NONE', #1316, #1920 ) ;
#52 = DIRECTION ( 'NONE',  ( 0.8660254037844360431, 0.5000000000000042188, 0.000000000000000000 ) ) ;
#53 = CARTESIAN_POINT ( 'NONE',  ( 1.365000000000002212, -1.365000000000000213, 0.3175000000000000044 ) ) ;
#54 = LINE ( 'NONE', #1461, #667 ) ;
#55 = PLANE ( 'NONE',  #385 ) ;
#56 = LINE ( 'NONE', #1012, #2044 ) ;
#57 = ORIENTED_EDGE ( 'NONE', *, *, #1981, .T. ) ;
#58 = VERTEX_POINT ( 'NONE', #1570 ) ;
#59 = DIRECTION ( 'NONE',  ( 0.000000000000000000, 1.000000000000000000, 0.000000000000000000 ) ) ;
#60 = EDGE_CURVE ( 'NONE', #815, #304, #547, .T. ) ;
#61 = DIRECTION ( 'NONE',  ( -0.000000000000000000, 0.000000000000000000, 1.000000000000000000 ) ) ;
#62 = LINE ( 'NONE', #529, #1743 ) ;
#63 = DIRECTION ( 'NONE',  ( -3.067291018426574134E-16, -1.000000000000000000, 0.000000000000000000 ) ) ;
#64 = LINE ( 'NONE', #522, #420 ) ;
#65 = CARTESIAN_POINT ( 'NONE',  ( 0.4099999999999999201, 1.820000000000000506, 0.6350000000000000089 ) ) ;
#66 = PRODUCT_DEFINITION ( 'UNKNOWN', '', #456, #605 ) ;
#67 = ORIENTED_EDGE ( 'NONE', *, *, #1875, .F. ) ;
#68 = ORIENTED_EDGE ( 'NONE', *, *, #740, .F. ) ;
#69 = ORIENTED_EDGE ( 'NONE', *, *, #521, .F. ) ;
#70 = CARTESIAN_POINT ( 'NONE',  ( 0.000000000000000000, 0.000000000000000000, 0.6350000000000000089 ) ) ;
#71 = CARTESIAN_POINT ( 'NONE',  ( 1.500000000000000666, -2.000000000000000000, 0.3175000000000000044 ) ) ;
#72 = EDGE_CURVE ( 'NONE', #1465, #1847, #1273, .T. ) ;
#73 = DIRECTION ( 'NONE',  ( 0.000000000000000000, 0.000000000000000000, -1.000000000000000000 ) ) ;
#74 = AXIS2_PLACEMENT_3D ( 'NONE', #1865, #1066, #1707 ) ;
#75 = LINE ( 'NONE', #1653, #2006 ) ;
#76 = CIRCLE ( 'NONE', #776, 0.3049999999999999933 ) ;
#77 = VECTOR ( 'NONE', #910, 100.0000000000000000 ) ;
#78 = CARTESIAN_POINT ( 'NONE',  ( 0.6200000000000001066, -0.5700000000000000622, 0.6350000000000000089 ) ) ;
#79 = CARTESIAN_POINT ( 'NONE',  ( -18.00000000000000355, 0.000000000000000000, 0.6350000000000000089 ) ) ;
#80 = ORIENTED_EDGE ( 'NONE', *, *, #1567, .F. ) ;
#81 = ORIENTED_EDGE ( 'NONE', *, *, #327, .F. ) ;
#82 = ORIENTED_EDGE ( 'NONE', *, *, #899, .F. ) ;
#83 = CARTESIAN_POINT ( 'NONE',  ( 2.000000000000000444, -0.4099999999999999201, 0.1349999999999999534 ) ) ;
#84 = ADVANCED_FACE ( 'NONE', ( #1483 ), #1956, .F. ) ;
#85 = VECTOR ( 'NONE', #1792, 100.0000000000000142 ) ;
#86 = CARTESIAN_POINT ( 'NONE',  ( -20.00000000000000711, 1.500000000000000666, 0.000000000000000000 ) ) ;
#87 = FACE_OUTER_BOUND ( 'NONE', #583, .T. ) ;
#88 = CARTESIAN_POINT ( 'NONE',  ( 1.820000000000000506, 0.4100000000000000311, 0.6350000000000000089 ) ) ;
#89 = CARTESIAN_POINT ( 'NONE',  ( -18.41000000000000369, 2.000000000000000444, 0.6350000000000000089 ) ) ;
#90 = CARTESIAN_POINT ( 'NONE',  ( 1.500000000000000666, -2.000000000000000000, 0.000000000000000000 ) ) ;
#91 = EDGE_CURVE ( 'NONE', #1068, #116, #64, .T. ) ;
#92 = ORIENTED_EDGE ( 'NONE', *, *, #1149, .F. ) ;
#93 = ORIENTED_EDGE ( 'NONE', *, *, #1121, .T. ) ;
#94 = ORIENTED_EDGE ( 'NONE', *, *, #629, .T. ) ;
#95 = ADVANCED_FACE ( 'NONE', ( #1313 ), #544, .F. ) ;
#96 = LINE ( 'NONE', #1359, #2041 ) ;
#97 = CARTESIAN_POINT ( 'NONE',  ( -18.62000000000000455, -0.5700000000000000622, 0.6350000000000000089 ) ) ;
#98 = CARTESIAN_POINT ( 'NONE',  ( -16.63500000000000512, 16.63499999999999801, 0.3175000000000000044 ) ) ;
#99 = CARTESIAN_POINT ( 'NONE',  ( -19.50000000000000355, 2.000000000000000444, 0.000000000000000000 ) ) ;
#100 = CARTESIAN_POINT ( 'NONE',  ( -18.00000000000000355, 0.000000000000000000, 0.3175000000000000044 ) ) ;
#101 = ORIENTED_EDGE ( 'NONE', *, *, #1604, .T. ) ;
#102 = ORIENTED_EDGE ( 'NONE', *, *, #1812, .T. ) ;
#103 = ORIENTED_EDGE ( 'NONE', *, *, #440, .T. ) ;
#104 = SHAPE_DEFINITION_REPRESENTATION ( #1782, #1370 ) ;
#105 = CARTESIAN_POINT ( 'NONE',  ( -20.00000000000000711, -1.365000000000000213, 0.3175000000000000044 ) ) ;
#106 = DIRECTION ( 'NONE',  ( 1.000000000000000000, 0.000000000000000000, 0.000000000000000000 ) ) ;
#107 = LINE ( 'NONE', #88, #1677 ) ;
#108 = EDGE_CURVE ( 'NONE', #48, #1528, #1157, .T. ) ;
#109 = AXIS2_PLACEMENT_3D ( 'NONE', #520, #1156, #995 ) ;
#110 = ADVANCED_FACE ( 'NONE', ( #513 ), #1493, .F. ) ;
#111 = DIRECTION ( 'NONE',  ( 0.000000000000000000, 0.000000000000000000, 1.000000000000000000 ) ) ;
#112 = CARTESIAN_POINT ( 'NONE',  ( 1.200000000000000622, -0.7679571668975718746, 0.6350000000000000089 ) ) ;
#113 = AXIS2_PLACEMENT_3D ( 'NONE', #499, #1133, #1994 ) ;
#114 = ORIENTED_EDGE ( 'NONE', *, *, #284, .F. ) ;
#115 = AXIS2_PLACEMENT_3D ( 'NONE', #1295, #796, #1303 ) ;
#116 = VERTEX_POINT ( 'NONE', #193 ) ;
#117 = ORIENTED_EDGE ( 'NONE', *, *, #919, .T. ) ;
#118 = CARTESIAN_POINT ( 'NONE',  ( 0.6200000000000004396, -2.000000000000000444, 0.000000000000000000 ) ) ;
#119 = ADVANCED_FACE ( 'NONE', ( #865 ), #709, .T. ) ;
#120 = AXIS2_PLACEMENT_3D ( 'NONE', #917, #1092, #749 ) ;
#121 = CARTESIAN_POINT ( 'NONE',  ( 1.365000000000002212, -1.999999999999999112, 0.6350000000000000089 ) ) ;
#122 = VECTOR ( 'NONE', #1386, 100.0000000000000000 ) ;
#123 = CARTESIAN_POINT ( 'NONE',  ( -16.63500000000000512, 1.682500000000000329, 0.000000000000000000 ) ) ;
#124 = AXIS2_PLACEMENT_3D ( 'NONE', #2063, #178, #1619 ) ;
#125 = CARTESIAN_POINT ( 'NONE',  ( 1.200000000000000622, -0.7679571668975718746, 0.6350000000000000089 ) ) ;
#126 = DIRECTION ( 'NONE',  ( 0.000000000000000000, 0.000000000000000000, -1.000000000000000000 ) ) ;
#127 = VERTEX_POINT ( 'NONE', #46 ) ;
#128 = VERTEX_POINT ( 'NONE', #987 ) ;
#129 = ORIENTED_EDGE ( 'NONE', *, *, #1363, .T. ) ;
#130 = FACE_OUTER_BOUND ( 'NONE', #1426, .T. ) ;
#131 = DIRECTION ( 'NONE',  ( -1.000000000000000000, -1.136033710528360955E-16, 0.000000000000000000 ) ) ;
#132 = EDGE_CURVE ( 'NONE', #679, #1883, #998, .T. ) ;
#133 = DIRECTION ( 'NONE',  ( -0.000000000000000000, 0.000000000000000000, 1.000000000000000000 ) ) ;
#134 = CARTESIAN_POINT ( 'NONE',  ( 0.6200000000000001066, -0.5700000000000000622, 0.6350000000000000089 ) ) ;
#135 = CARTESIAN_POINT ( 'NONE',  ( -17.23204283310243312, 1.199999999999999956, 0.6350000000000000089 ) ) ;
#136 = ADVANCED_FACE ( 'NONE', ( #1321 ), #1823, .F. ) ;
#137 = ORIENTED_EDGE ( 'NONE', *, *, #264, .T. ) ;
#138 = ORIENTED_EDGE ( 'NONE', *, *, #180, .T. ) ;
#139 = ORIENTED_EDGE ( 'NONE', *, *, #860, .F. ) ;
#140 = CARTESIAN_POINT ( 'NONE',  ( -18.00000000000000355, 0.000000000000000000, 0.000000000000000000 ) ) ;
#141 = CARTESIAN_POINT ( 'NONE',  ( -0.4100000000000000311, 2.000000000000000444, 0.1349999999999999534 ) ) ;
#142 = CARTESIAN_POINT ( 'NONE',  ( -16.63500000000000512, 2.000000000000000444, 0.3175000000000000044 ) ) ;
#143 = ORIENTED_EDGE ( 'NONE', *, *, #1830, .F. ) ;
#144 = AXIS2_PLACEMENT_3D ( 'NONE', #1756, #951, #656 ) ;
#145 = EDGE_LOOP ( 'NONE', ( #1968, #548, #1905, #1893 ) ) ;
#146 = VECTOR ( 'NONE', #1896, 100.0000000000000000 ) ;
#147 = ORIENTED_EDGE ( 'NONE', *, *, #1833, .T. ) ;
#148 = VECTOR ( 'NONE', #1443, 100.0000000000000000 ) ;
#149 = DIRECTION ( 'NONE',  ( 1.000000000000000000, -1.136033710528360955E-16, 0.000000000000000000 ) ) ;
#150 = LINE ( 'NONE', #619, #1470 ) ;
#151 = ORIENTED_EDGE ( 'NONE', *, *, #1740, .T. ) ;
#152 = CARTESIAN_POINT ( 'NONE',  ( -18.00000000000000355, 0.3049999999999999933, 0.6350000000000000089 ) ) ;
#153 = STYLED_ITEM ( 'NONE', ( #783 ), #1720 ) ;
#154 = ORIENTED_EDGE ( 'NONE', *, *, #1436, .F. ) ;
#155 = ADVANCED_FACE ( 'NONE', ( #1463 ), #55, .F. ) ;
#156 = ORIENTED_EDGE ( 'NONE', *, *, #1153, .F. ) ;
#157 = ORIENTED_EDGE ( 'NONE', *, *, #170, .T. ) ;
#158 = CARTESIAN_POINT ( 'NONE',  ( -16.15089379699272243, 1.682500000000000329, 0.6350000000000000089 ) ) ;
#159 = PLANE ( 'NONE',  #1301 ) ;
#160 = EDGE_LOOP ( 'NONE', ( #989, #1013, #770, #1323, #1170, #147, #668, #1749, #1402, #848, #785, #1572 ) ) ;
#161 = CARTESIAN_POINT ( 'NONE',  ( 2.000000000000000444, -1.499999999999999334, 0.000000000000000000 ) ) ;
#162 = EDGE_CURVE ( 'NONE', #701, #882, #685, .T. ) ;
#163 = CARTESIAN_POINT ( 'NONE',  ( 0.6200000000000001066, -0.5700000000000000622, 0.6350000000000000089 ) ) ;
#164 = PLANE ( 'NONE',  #115 ) ;
#165 = ADVANCED_FACE ( 'NONE', ( #556 ), #834, .F. ) ;
#166 = ORIENTED_EDGE ( 'NONE', *, *, #895, .F. ) ;
#167 = DIRECTION ( 'NONE',  ( -0.000000000000000000, 0.000000000000000000, 1.000000000000000000 ) ) ;
#168 = CARTESIAN_POINT ( 'NONE',  ( -18.00000000000000355, 0.000000000000000000, 0.6350000000000000089 ) ) ;
#169 = ORIENTED_EDGE ( 'NONE', *, *, #1276, .T. ) ;
#170 = EDGE_CURVE ( 'NONE', #1847, #746, #224, .T. ) ;
#171 = CARTESIAN_POINT ( 'NONE',  ( -19.36500000000000554, -1.365000000000000213, 0.3175000000000000044 ) ) ;
#172 = EDGE_CURVE ( 'NONE', #1168, #1581, #1989, .T. ) ;
#173 = ORIENTED_EDGE ( 'NONE', *, *, #347, .F. ) ;
#174 = CARTESIAN_POINT ( 'NONE',  ( -19.50000000000000711, -2.000000000000000000, 0.000000000000000000 ) ) ;
#175 = ORIENTED_EDGE ( 'NONE', *, *, #1462, .T. ) ;
#176 = VECTOR ( 'NONE', #1857, 100.0000000000000000 ) ;
#177 = VECTOR ( 'NONE', #993, 100.0000000000000000 ) ;
#178 = DIRECTION ( 'NONE',  ( 0.000000000000000000, 0.000000000000000000, -1.000000000000000000 ) ) ;
#179 = VECTOR ( 'NONE', #2008, 100.0000000000000000 ) ;
#180 = EDGE_CURVE ( 'NONE', #1868, #746, #981, .T. ) ;
#181 = CARTESIAN_POINT ( 'NONE',  ( -19.82000000000000384, 0.4100000000000000311, 0.1349999999999999534 ) ) ;
#182 = ORIENTED_EDGE ( 'NONE', *, *, #1194, .T. ) ;
#183 = CARTESIAN_POINT ( 'NONE',  ( -20.00000000000000711, -0.4099999999999999201, 0.6350000000000000089 ) ) ;
#184 = VERTEX_POINT ( 'NONE', #1302 ) ;
#185 = PRODUCT ( 'ramp-vertex_61', 'ramp-vertex_61', '', ( #1053 ) ) ;
#186 = AXIS2_PLACEMENT_3D ( 'NONE', #1033, #1364, #579 ) ;
#187 = LINE ( 'NONE', #961, #245 ) ;
#188 = ORIENTED_EDGE ( 'NONE', *, *, #808, .T. ) ;
#189 = CARTESIAN_POINT ( 'NONE',  ( -18.00000000000000355, 0.000000000000000000, 0.3175000000000000044 ) ) ;
#190 = DIRECTION ( 'NONE',  ( -0.5000000000000043299, 0.8660254037844362651, 0.000000000000000000 ) ) ;
#191 = EDGE_LOOP ( 'NONE', ( #1183, #273, #1108, #1369 ) ) ;
#192 = DIRECTION ( 'NONE',  ( -0.000000000000000000, 0.000000000000000000, 1.000000000000000000 ) ) ;
#193 = CARTESIAN_POINT ( 'NONE',  ( 1.820000000000000506, 0.4100000000000000311, 0.1349999999999999534 ) ) ;
#194 = DIRECTION ( 'NONE',  ( 0.5000000000000042188, -0.8660254037844362651, 0.000000000000000000 ) ) ;
#195 = VERTEX_POINT ( 'NONE', #1945 ) ;
#196 = DIRECTION ( 'NONE',  ( 0.000000000000000000, 0.000000000000000000, 1.000000000000000000 ) ) ;
#197 = EDGE_CURVE ( 'NONE', #2057, #1069, #816, .T. ) ;
#198 = CARTESIAN_POINT ( 'NONE',  ( -1.500000000000000222, 2.000000000000000444, 0.3175000000000000044 ) ) ;
#199 = CARTESIAN_POINT ( 'NONE',  ( 2.000000000000000444, -0.4099999999999999201, 0.1349999999999999534 ) ) ;
#200 = DIRECTION ( 'NONE',  ( 0.000000000000000000, 0.000000000000000000, 1.000000000000000000 ) ) ;
#201 = DIRECTION ( 'NONE',  ( -0.8660254037844360431, 0.5000000000000042188, 0.000000000000000000 ) ) ;
#202 = ORIENTED_EDGE ( 'NONE', *, *, #172, .F. ) ;
#203 = ORIENTED_EDGE ( 'NONE', *, *, #272, .T. ) ;
#204 = AXIS2_PLACEMENT_3D ( 'NONE', #2058, #966, #1428 ) ;
#205 = CARTESIAN_POINT ( 'NONE',  ( 2.000000000000000444, 1.500000000000000666, 0.000000000000000000 ) ) ;
#206 = VECTOR ( 'NONE', #430, 100.0000000000000000 ) ;
#207 = DIRECTION ( 'NONE',  ( -1.000000000000000000, 1.931257307898213426E-16, 0.000000000000000000 ) ) ;
#208 = VECTOR ( 'NONE', #241, 100.0000000000000000 ) ;
#209 = DIRECTION ( 'NONE',  ( 0.000000000000000000, 1.000000000000000000, 0.000000000000000000 ) ) ;
#210 = LINE ( 'NONE', #348, #1300 ) ;
#211 = ORIENTED_EDGE ( 'NONE', *, *, #1674, .T. ) ;
#212 = CARTESIAN_POINT ( 'NONE',  ( 1.364999999999995328, 16.63499999999999801, 0.3175000000000000044 ) ) ;
#213 = CARTESIAN_POINT ( 'NONE',  ( 1.820000000000000506, 0.4100000000000000311, 0.6350000000000000089 ) ) ;
#214 = EDGE_LOOP ( 'NONE', ( #473, #515, #1659, #725 ) ) ;
#215 = EDGE_CURVE ( 'NONE', #1581, #1907, #2036, .T. ) ;
#216 = ORIENTED_EDGE ( 'NONE', *, *, #518, .T. ) ;
#217 = VECTOR ( 'NONE', #1288, 100.0000000000000000 ) ;
#218 = DIRECTION ( 'NONE',  ( 0.000000000000000000, 0.000000000000000000, 1.000000000000000000 ) ) ;
#219 = LINE ( 'NONE', #1327, #669 ) ;
#220 = EDGE_CURVE ( 'NONE', #1633, #1825, #729, .T. ) ;
#221 = LINE ( 'NONE', #410, #208 ) ;
#222 = DIRECTION ( 'NONE',  ( 0.000000000000000000, 1.000000000000000000, 0.000000000000000000 ) ) ;
#223 = EDGE_CURVE ( 'NONE', #882, #500, #1516, .T. ) ;
#224 = LINE ( 'NONE', #1665, #1650 ) ;
#225 = CARTESIAN_POINT ( 'NONE',  ( 0.4099999999999999201, 1.820000000000000506, 0.1349999999999999534 ) ) ;
#226 = ORIENTED_EDGE ( 'NONE', *, *, #1235, .T. ) ;
#227 = VERTEX_POINT ( 'NONE', #278 ) ;
#228 = ORIENTED_EDGE ( 'NONE', *, *, #291, .T. ) ;
#229 = LINE ( 'NONE', #552, #1583 ) ;
#230 = CARTESIAN_POINT ( 'NONE',  ( 3.735172737399427023E-17, 0.3049999999999999933, 0.000000000000000000 ) ) ;
#231 = FACE_OUTER_BOUND ( 'NONE', #790, .T. ) ;
#232 = CARTESIAN_POINT ( 'NONE',  ( -18.00000000000000355, 0.000000000000000000, 0.000000000000000000 ) ) ;
#233 = CARTESIAN_POINT ( 'NONE',  ( -20.00000000000000711, 0.4100000000000001421, 0.1349999999999999534 ) ) ;
#234 = PLANE ( 'NONE',  #282 ) ;
#235 = ADVANCED_FACE ( 'NONE', ( #1526 ), #1997, .F. ) ;
#236 = VERTEX_POINT ( 'NONE', #99 ) ;
#237 = ORIENTED_EDGE ( 'NONE', *, *, #968, .T. ) ;
#238 = ORIENTED_EDGE ( 'NONE', *, *, #1422, .F. ) ;
#239 = CARTESIAN_POINT ( 'NONE',  ( -1.364999999999998215, 2.000000000000001776, 0.6350000000000000089 ) ) ;
#240 = CARTESIAN_POINT ( 'NONE',  ( 2.000000000000001776, 1.364999999999998437, 0.6350000000000000089 ) ) ;
#241 = DIRECTION ( 'NONE',  ( 0.000000000000000000, 1.000000000000000000, 0.000000000000000000 ) ) ;
#242 = AXIS2_PLACEMENT_3D ( 'NONE', #920, #565, #1199 ) ;
#243 = EDGE_CURVE ( 'NONE', #688, #1601, #1689, .T. ) ;
#244 = DIRECTION ( 'NONE',  ( 0.000000000000000000, -1.000000000000000000, 0.000000000000000000 ) ) ;
#245 = VECTOR ( 'NONE', #1236, 100.0000000000000000 ) ;
#246 = VECTOR ( 'NONE', #545, 100.0000000000000000 ) ;
#247 = CARTESIAN_POINT ( 'NONE',  ( -18.00000000000000355, 0.3049999999999999933, 0.000000000000000000 ) ) ;
#248 = LINE ( 'NONE', #557, #1304 ) ;
#249 = ORIENTED_EDGE ( 'NONE', *, *, #1515, .T. ) ;
#250 = ORIENTED_EDGE ( 'NONE', *, *, #172, .T. ) ;
#251 = ORIENTED_EDGE ( 'NONE', *, *, #1552, .T. ) ;
#252 = VECTOR ( 'NONE', #351, 100.0000000000000000 ) ;
#253 = CARTESIAN_POINT ( 'NONE',  ( -18.41000000000000369, 1.820000000000000506, 0.6350000000000000089 ) ) ;
#254 = DIRECTION ( 'NONE',  ( 1.000000000000000000, 0.000000000000000000, 0.000000000000000000 ) ) ;
#255 = FACE_OUTER_BOUND ( 'NONE', #689, .T. ) ;
#256 = FACE_OUTER_BOUND ( 'NONE', #214, .T. ) ;
#257 = ADVANCED_FACE ( 'NONE', ( #2028 ), #1221, .F. ) ;
#258 = DIRECTION ( 'NONE',  ( 0.000000000000000000, 0.000000000000000000, 1.000000000000000000 ) ) ;
#259 = FACE_OUTER_BOUND ( 'NONE', #1287, .T. ) ;
#260 = VERTEX_POINT ( 'NONE', #755 ) ;
#261 = ORIENTED_EDGE ( 'NONE', *, *, #1082, .F. ) ;
#262 = ORIENTED_EDGE ( 'NONE', *, *, #1546, .T. ) ;
#263 = DIRECTION ( 'NONE',  ( 1.000000000000000000, 0.000000000000000000, 0.000000000000000000 ) ) ;
#264 = EDGE_CURVE ( 'NONE', #1242, #1045, #444, .T. ) ;
#265 = DIRECTION ( 'NONE',  ( 1.000000000000000000, 2.312964634635742957E-16, 0.000000000000000000 ) ) ;
#266 = EDGE_CURVE ( 'NONE', #1701, #1969, #433, .T. ) ;
#267 = DIRECTION ( 'NONE',  ( 1.000000000000000000, 0.000000000000000000, 0.000000000000000000 ) ) ;
#268 = LINE ( 'NONE', #1832, #1573 ) ;
#269 = EDGE_CURVE ( 'NONE', #2052, #1979, #567, .T. ) ;
#270 = DIRECTION ( 'NONE',  ( -3.067291018426574134E-16, -1.000000000000000000, 0.000000000000000000 ) ) ;
#271 = PLANE ( 'NONE',  #1240 ) ;
#272 = EDGE_CURVE ( 'NONE', #1861, #1613, #722, .T. ) ;
#273 = ORIENTED_EDGE ( 'NONE', *, *, #937, .F. ) ;
#274 = ORIENTED_EDGE ( 'NONE', *, *, #1216, .T. ) ;
#275 = DIRECTION ( 'NONE',  ( 0.000000000000000000, 0.000000000000000000, -1.000000000000000000 ) ) ;
#276 = LINE ( 'NONE', #893, #947 ) ;
#277 = FACE_BOUND ( 'NONE', #1378, .T. ) ;
#278 = CARTESIAN_POINT ( 'NONE',  ( 0.6200000000000002176, -2.000000000000000000, 0.6350000000000000089 ) ) ;
#279 = LINE ( 'NONE', #1698, #1542 ) ;
#280 = CIRCLE ( 'NONE', #1439, 2.500000000000000000 ) ;
#281 = ORIENTED_EDGE ( 'NONE', *, *, #1803, .F. ) ;
#282 = AXIS2_PLACEMENT_3D ( 'NONE', #1517, #1148, #201 ) ;
#283 = ORIENTED_EDGE ( 'NONE', *, *, #1451, .T. ) ;
#284 = EDGE_CURVE ( 'NONE', #838, #1738, #1241, .T. ) ;
#285 = ORIENTED_EDGE ( 'NONE', *, *, #1699, .T. ) ;
#286 = DIRECTION ( 'NONE',  ( 0.000000000000000000, -1.000000000000000000, 0.000000000000000000 ) ) ;
#287 = VECTOR ( 'NONE', #2015, 100.0000000000000000 ) ;
#288 = DIRECTION ( 'NONE',  ( 0.000000000000000000, 1.000000000000000000, 0.000000000000000000 ) ) ;
#289 = AXIS2_PLACEMENT_3D ( 'NONE', #1181, #359, #1797 ) ;
#290 = CARTESIAN_POINT ( 'NONE',  ( -18.41000000000000369, 1.820000000000000506, 0.1349999999999999534 ) ) ;
#291 = EDGE_CURVE ( 'NONE', #645, #824, #921, .T. ) ;
#292 = PLANE ( 'NONE',  #374 ) ;
#293 = DIRECTION ( 'NONE',  ( -4.818676322157799347E-16, -1.000000000000000000, 0.000000000000000000 ) ) ;
#294 = EDGE_LOOP ( 'NONE', ( #505, #30, #1967, #1921, #857, #1608 ) ) ;
#295 = ADVANCED_FACE ( 'NONE', ( #1716 ), #292, .T. ) ;
#296 = EDGE_LOOP ( 'NONE', ( #978, #1562, #780, #1678 ) ) ;
#297 = ORIENTED_EDGE ( 'NONE', *, *, #1715, .F. ) ;
#298 = EDGE_CURVE ( 'NONE', #1737, #227, #1057, .T. ) ;
#299 = CARTESIAN_POINT ( 'NONE',  ( 1.200000000000000622, 0.7679571668975720966, 0.1349999999999999534 ) ) ;
#300 = CARTESIAN_POINT ( 'NONE',  ( -18.00000000000000355, 0.000000000000000000, 0.000000000000000000 ) ) ;
#301 = CARTESIAN_POINT ( 'NONE',  ( -18.00000000000000355, 0.000000000000000000, 0.3175000000000000044 ) ) ;
#302 = EDGE_LOOP ( 'NONE', ( #1173, #203, #494, #1647, #592 ) ) ;
#303 = VERTEX_POINT ( 'NONE', #247 ) ;
#304 = VERTEX_POINT ( 'NONE', #886 ) ;
#305 = CARTESIAN_POINT ( 'NONE',  ( -18.41000000000000369, 2.000000000000000444, 0.1349999999999999534 ) ) ;
#306 = DIRECTION ( 'NONE',  ( -1.136033710528360955E-16, 1.000000000000000000, 0.000000000000000000 ) ) ;
#307 = ORIENTED_EDGE ( 'NONE', *, *, #1264, .F. ) ;
#308 = DIRECTION ( 'NONE',  ( 0.000000000000000000, -1.000000000000000000, 0.000000000000000000 ) ) ;
#309 = CIRCLE ( 'NONE', #1468, 0.3049999999999999933 ) ;
#310 = ORIENTED_EDGE ( 'NONE', *, *, #486, .T. ) ;
#311 = VECTOR ( 'NONE', #918, 100.0000000000000000 ) ;
#312 = ORIENTED_EDGE ( 'NONE', *, *, #992, .F. ) ;
#313 = EDGE_CURVE ( 'NONE', #428, #502, #1332, .T. ) ;
#314 = ORIENTED_EDGE ( 'NONE', *, *, #1724, .F. ) ;
#315 = AXIS2_PLACEMENT_3D ( 'NONE', #439, #1071, #286 ) ;
#316 = LINE ( 'NONE', #10, #1717 ) ;
#317 = DIRECTION ( 'NONE',  ( 0.000000000000000000, -1.000000000000000000, 0.000000000000000000 ) ) ;
#318 = ORIENTED_EDGE ( 'NONE', *, *, #566, .T. ) ;
#319 = LINE ( 'NONE', #786, #1538 ) ;
#320 = AXIS2_PLACEMENT_3D ( 'NONE', #1266, #1605, #1911 ) ;
#321 = CYLINDRICAL_SURFACE ( 'NONE', #349, 0.3049999999999999933 ) ;
#322 = CARTESIAN_POINT ( 'NONE',  ( 16.63499999999999801, 1.365000000000001101, 0.6350000000000000089 ) ) ;
#323 = ORIENTED_EDGE ( 'NONE', *, *, #1784, .T. ) ;
#324 = ADVANCED_FACE ( 'NONE', ( #1535 ), #742, .F. ) ;
#325 = CARTESIAN_POINT ( 'NONE',  ( -19.82000000000000384, 0.4100000000000000311, 0.6350000000000000089 ) ) ;
#326 = FACE_OUTER_BOUND ( 'NONE', #1049, .T. ) ;
#327 = EDGE_CURVE ( 'NONE', #467, #1509, #1548, .T. ) ;
#328 = EDGE_LOOP ( 'NONE', ( #997, #900, #1315, #1734 ) ) ;
#329 = CARTESIAN_POINT ( 'NONE',  ( -19.36500000000000554, 1.364999999999998215, 0.6350000000000000089 ) ) ;
#330 = ORIENTED_EDGE ( 'NONE', *, *, #1362, .T. ) ;
#331 = LINE ( 'NONE', #1139, #11 ) ;
#332 = ORIENTED_EDGE ( 'NONE', *, *, #1681, .F. ) ;
#333 = EDGE_CURVE ( 'NONE', #116, #1747, #1611, .T. ) ;
#334 = DIRECTION ( 'NONE',  ( 1.000000000000000000, 2.385670792109557660E-16, 0.000000000000000000 ) ) ;
#335 = CARTESIAN_POINT ( 'NONE',  ( -19.82000000000000384, 0.4100000000000000311, 0.1349999999999999534 ) ) ;
#336 = ORIENTED_EDGE ( 'NONE', *, *, #480, .F. ) ;
#337 = CARTESIAN_POINT ( 'NONE',  ( 0.000000000000000000, 0.000000000000000000, 0.6350000000000000089 ) ) ;
#338 = DIRECTION ( 'NONE',  ( 4.818676322157799347E-16, -1.000000000000000000, 0.000000000000000000 ) ) ;
#339 = DIRECTION ( 'NONE',  ( 0.5000000000000042188, -0.8660254037844361541, 0.000000000000000000 ) ) ;
#340 = EDGE_LOOP ( 'NONE', ( #1692, #437, #226, #858 ) ) ;
#341 = VECTOR ( 'NONE', #308, 100.0000000000000000 ) ;
#342 = VECTOR ( 'NONE', #1862, 100.0000000000000000 ) ;
#343 = CARTESIAN_POINT ( 'NONE',  ( 0.4099999999999999201, 1.820000000000000506, 0.6350000000000000089 ) ) ;
#344 = AXIS2_PLACEMENT_3D ( 'NONE', #100, #126, #922 ) ;
#345 = LINE ( 'NONE', #1298, #177 ) ;
#346 = VERTEX_POINT ( 'NONE', #152 ) ;
#347 = EDGE_CURVE ( 'NONE', #419, #1738, #319, .T. ) ;
#348 = CARTESIAN_POINT ( 'NONE',  ( 2.000000000000000444, 1.500000000000000666, 0.6350000000000000089 ) ) ;
#349 = AXIS2_PLACEMENT_3D ( 'NONE', #15, #1253, #649 ) ;
#350 = AXIS2_PLACEMENT_3D ( 'NONE', #859, #1186, #702 ) ;
#351 = DIRECTION ( 'NONE',  ( 1.000000000000000000, -4.818676322157799347E-16, 0.000000000000000000 ) ) ;
#352 = CARTESIAN_POINT ( 'NONE',  ( -34.63500000000000512, 1.365000000000001101, 0.3175000000000000044 ) ) ;
#353 = ADVANCED_FACE ( 'NONE', ( #794 ), #959, .F. ) ;
#354 = ORIENTED_EDGE ( 'NONE', *, *, #1114, .F. ) ;
#355 = CARTESIAN_POINT ( 'NONE',  ( -19.50000000000000355, 2.000000000000000444, 0.3175000000000000044 ) ) ;
#356 = EDGE_CURVE ( 'NONE', #1528, #1947, #1748, .T. ) ;
#357 = FACE_OUTER_BOUND ( 'NONE', #1520, .T. ) ;
#358 = CARTESIAN_POINT ( 'NONE',  ( 2.000000000000000444, 1.500000000000000666, 0.3175000000000000044 ) ) ;
#359 = DIRECTION ( 'NONE',  ( 0.000000000000000000, 0.000000000000000000, -1.000000000000000000 ) ) ;
#360 = DIRECTION ( 'NONE',  ( 0.000000000000000000, -1.000000000000000000, 0.000000000000000000 ) ) ;
#361 = VERTEX_POINT ( 'NONE', #142 ) ;
#362 = ORIENTED_EDGE ( 'NONE', *, *, #587, .T. ) ;
#363 = FACE_OUTER_BOUND ( 'NONE', #2031, .T. ) ;
#364 = LINE ( 'NONE', #841, #376 ) ;
#365 = CARTESIAN_POINT ( 'NONE',  ( -16.63500000000000512, 2.000000000000000444, 0.000000000000000000 ) ) ;
#366 = PLANE ( 'NONE',  #109 ) ;
#367 = EDGE_CURVE ( 'NONE', #724, #1561, #1440, .T. ) ;
#368 = VERTEX_POINT ( 'NONE', #1096 ) ;
#369 = DIRECTION ( 'NONE',  ( 0.000000000000000000, -1.000000000000000000, 0.000000000000000000 ) ) ;
#370 = DIRECTION ( 'NONE',  ( 0.000000000000000000, 0.000000000000000000, -1.000000000000000000 ) ) ;
#371 = ORIENTED_EDGE ( 'NONE', *, *, #864, .F. ) ;
#372 = ORIENTED_EDGE ( 'NONE', *, *, #373, .F. ) ;
#373 = EDGE_CURVE ( 'NONE', #581, #1185, #620, .T. ) ;
#374 = AXIS2_PLACEMENT_3D ( 'NONE', #134, #766, #1398 ) ;
#375 = CYLINDRICAL_SURFACE ( 'NONE', #1446, 2.500000000000000000 ) ;
#376 = VECTOR ( 'NONE', #1940, 100.0000000000000000 ) ;
#377 = CARTESIAN_POINT ( 'NONE',  ( 1.820000000000000506, -0.4099999999999998646, 0.1349999999999999534 ) ) ;
#378 = CIRCLE ( 'NONE', #344, 2.500000000000000000 ) ;
#379 = ADVANCED_FACE ( 'NONE', ( #464 ), #1419, .F. ) ;
#380 = FACE_OUTER_BOUND ( 'NONE', #35, .T. ) ;
#381 = LINE ( 'NONE', #358, #1136 ) ;
#382 = CARTESIAN_POINT ( 'NONE',  ( 0.000000000000000000, 0.000000000000000000, 0.3175000000000000044 ) ) ;
#383 = CARTESIAN_POINT ( 'NONE',  ( -0.4100000000000000311, 2.000000000000000444, 0.1349999999999999534 ) ) ;
#384 = ORIENTED_EDGE ( 'NONE', *, *, #975, .T. ) ;
#385 = AXIS2_PLACEMENT_3D ( 'NONE', #233, #1011, #676 ) ;
#386 = ORIENTED_EDGE ( 'NONE', *, *, #1394, .T. ) ;
#387 = EDGE_LOOP ( 'NONE', ( #1296, #731, #1089, #1460, #68, #615, #80, #1867, #81, #1960, #407, #307, #1456, #447, #1109, #1590, #238, #944, #1403, #1758, #1722, #332, #427, #101, #438, #1091, #1090, #1080, #1095, #1254, #188, #1814, #237, #990, #1791, #787, #330, #1777, #666, #1711, #868, #1982, #262, #318 ) ) ;
#388 = DIRECTION ( 'NONE',  ( 0.8660254037844360431, 0.5000000000000042188, 0.000000000000000000 ) ) ;
#389 = CARTESIAN_POINT ( 'NONE',  ( -0.4099999999999999201, 1.820000000000000506, 0.6350000000000000089 ) ) ;
#390 = CARTESIAN_POINT ( 'NONE',  ( -1.364999999999999991, 16.63499999999999801, 0.6350000000000000089 ) ) ;
#391 = LINE ( 'NONE', #1291, #1710 ) ;
#392 = ADVANCED_FACE ( 'NONE', ( #1888 ), #940, .F. ) ;
#393 = DIRECTION ( 'NONE',  ( 1.000000000000000000, -4.818676322157798361E-16, 0.000000000000000000 ) ) ;
#394 = LINE ( 'NONE', #65, #1976 ) ;
#395 = ORIENTED_EDGE ( 'NONE', *, *, #1281, .T. ) ;
#396 = EDGE_LOOP ( 'NONE', ( #323, #156, #1551, #1813 ) ) ;
#397 = EDGE_CURVE ( 'NONE', #1151, #724, #471, .T. ) ;
#398 = ORIENTED_EDGE ( 'NONE', *, *, #1457, .F. ) ;
#399 = FACE_OUTER_BOUND ( 'NONE', #1390, .T. ) ;
#400 = LINE ( 'NONE', #1829, #1137 ) ;
#401 = FACE_OUTER_BOUND ( 'NONE', #602, .T. ) ;
#402 = CARTESIAN_POINT ( 'NONE',  ( 0.4100000000000000311, 2.000000000000000444, 0.6350000000000000089 ) ) ;
#403 = DIRECTION ( 'NONE',  ( 0.000000000000000000, -1.000000000000000000, 0.000000000000000000 ) ) ;
#404 = LINE ( 'NONE', #523, #741 ) ;
#405 = EDGE_LOOP ( 'NONE', ( #2021, #1358, #1411, #45 ) ) ;
#406 = ORIENTED_EDGE ( 'NONE', *, *, #132, .F. ) ;
#407 = ORIENTED_EDGE ( 'NONE', *, *, #1476, .F. ) ;
#408 = FACE_OUTER_BOUND ( 'NONE', #489, .T. ) ;
#409 = CARTESIAN_POINT ( 'NONE',  ( -1.849106203007280014, 1.682500000000000329, 0.6350000000000000089 ) ) ;
#410 = CARTESIAN_POINT ( 'NONE',  ( -20.00000000000000711, -0.4099999999999999201, 0.1349999999999999534 ) ) ;
#411 = VECTOR ( 'NONE', #1491, 100.0000000000000000 ) ;
#412 = ORIENTED_EDGE ( 'NONE', *, *, #1833, .F. ) ;
#413 = LINE ( 'NONE', #2004, #1879 ) ;
#414 = VECTOR ( 'NONE', #1726, 100.0000000000000000 ) ;
#415 = CIRCLE ( 'NONE', #1577, 2.500000000000000000 ) ;
#416 = DIRECTION ( 'NONE',  ( 0.000000000000000000, -1.000000000000000000, 0.000000000000000000 ) ) ;
#417 = CARTESIAN_POINT ( 'NONE',  ( 2.000000000000000444, -0.4099999999999999201, 0.6350000000000000089 ) ) ;
#418 = ORIENTED_EDGE ( 'NONE', *, *, #803, .T. ) ;
#419 = VERTEX_POINT ( 'NONE', #171 ) ;
#420 = VECTOR ( 'NONE', #1503, 100.0000000000000000 ) ;
#421 = AXIS2_PLACEMENT_3D ( 'NONE', #28, #468, #624 ) ;
#422 = CARTESIAN_POINT ( 'NONE',  ( -18.62000000000000455, -0.5700000000000000622, 0.6350000000000000089 ) ) ;
#423 = FACE_OUTER_BOUND ( 'NONE', #818, .T. ) ;
#424 = FACE_BOUND ( 'NONE', #1079, .T. ) ;
#425 = CARTESIAN_POINT ( 'NONE',  ( -20.00000000000000711, 1.500000000000000666, 0.3175000000000000044 ) ) ;
#426 = DIRECTION ( 'NONE',  ( -1.000000000000000000, 0.000000000000000000, 0.000000000000000000 ) ) ;
#427 = ORIENTED_EDGE ( 'NONE', *, *, #1892, .F. ) ;
#428 = VERTEX_POINT ( 'NONE', #648 ) ;
#429 = CARTESIAN_POINT ( 'NONE',  ( -20.00000000000000711, 0.4100000000000001421, 0.1349999999999999534 ) ) ;
#430 = DIRECTION ( 'NONE',  ( -0.000000000000000000, 0.000000000000000000, 1.000000000000000000 ) ) ;
#431 = CARTESIAN_POINT ( 'NONE',  ( -16.15089379699272243, 1.682500000000000329, 0.3175000000000000044 ) ) ;
#432 = LINE ( 'NONE', #123, #774 ) ;
#433 = LINE ( 'NONE', #1229, #454 ) ;
#434 = CARTESIAN_POINT ( 'NONE',  ( 0.6200000000000001066, -0.5700000000000000622, 0.000000000000000000 ) ) ;
#435 = EDGE_CURVE ( 'NONE', #1701, #1826, #484, .T. ) ;
#436 = ORIENTED_EDGE ( 'NONE', *, *, #1615, .T. ) ;
#437 = ORIENTED_EDGE ( 'NONE', *, *, #521, .T. ) ;
#438 = ORIENTED_EDGE ( 'NONE', *, *, #1724, .T. ) ;
#439 = CARTESIAN_POINT ( 'NONE',  ( 0.000000000000000000, 0.000000000000000000, 0.6350000000000000089 ) ) ;
#440 = EDGE_CURVE ( 'NONE', #502, #304, #1410, .T. ) ;
#441 = DIRECTION ( 'NONE',  ( 0.000000000000000000, 0.000000000000000000, 1.000000000000000000 ) ) ;
#442 = DIRECTION ( 'NONE',  ( -1.000000000000000000, -1.136033710528360955E-16, 0.000000000000000000 ) ) ;
#443 = AXIS2_PLACEMENT_3D ( 'NONE', #1353, #258, #1697 ) ;
#444 = LINE ( 'NONE', #2007, #1985 ) ;
#445 = LINE ( 'NONE', #568, #640 ) ;
#446 = VECTOR ( 'NONE', #462, 100.0000000000000000 ) ;
#447 = ORIENTED_EDGE ( 'NONE', *, *, #1281, .F. ) ;
#448 = VECTOR ( 'NONE', #1345, 100.0000000000000000 ) ;
#449 = EDGE_CURVE ( 'NONE', #1564, #1907, #14, .T. ) ;
#450 = EDGE_LOOP ( 'NONE', ( #2000, #1908, #1530, #2059, #1700, #2012, #732, #283, #711, #139, #2010, #138 ) ) ;
#451 = ORIENTED_EDGE ( 'NONE', *, *, #1476, .T. ) ;
#452 = DIRECTION ( 'NONE',  ( 0.000000000000000000, -1.000000000000000000, 0.000000000000000000 ) ) ;
#453 = PRESENTATION_LAYER_ASSIGNMENT (  '', '', ( #153 ) ) ;
#454 = VECTOR ( 'NONE', #270, 100.0000000000000000 ) ;
#455 = CARTESIAN_POINT ( 'NONE',  ( -20.00000000000000711, 1.500000000000000666, 0.000000000000000000 ) ) ;
#456 = PRODUCT_DEFINITION_FORMATION_WITH_SPECIFIED_SOURCE ( 'ANY', '', #185, .NOT_KNOWN. ) ;
#457 = LINE ( 'NONE', #1727, #1205 ) ;
#458 = ORIENTED_EDGE ( 'NONE', *, *, #2045, .T. ) ;
#459 = ORIENTED_EDGE ( 'NONE', *, *, #826, .T. ) ;
#460 = VERTEX_POINT ( 'NONE', #1260 ) ;
#461 = CARTESIAN_POINT ( 'NONE',  ( -18.62000000000000455, -2.000000000000000444, 0.000000000000000000 ) ) ;
#462 = DIRECTION ( 'NONE',  ( -1.000000000000000000, 0.000000000000000000, 0.000000000000000000 ) ) ;
#463 = EDGE_CURVE ( 'NONE', #2052, #797, #802, .T. ) ;
#464 = FACE_OUTER_BOUND ( 'NONE', #302, .T. ) ;
#465 = VERTEX_POINT ( 'NONE', #1126 ) ;
#466 = ORIENTED_EDGE ( 'NONE', *, *, #1492, .T. ) ;
#467 = VERTEX_POINT ( 'NONE', #1117 ) ;
#468 = DIRECTION ( 'NONE',  ( 0.000000000000000000, -1.000000000000000000, 0.000000000000000000 ) ) ;
#469 = CARTESIAN_POINT ( 'NONE',  ( 2.000000000000000444, -1.365000000000000213, 0.000000000000000000 ) ) ;
#470 = VERTEX_POINT ( 'NONE', #329 ) ;
#471 = LINE ( 'NONE', #775, #1806 ) ;
#472 = VECTOR ( 'NONE', #964, 100.0000000000000000 ) ;
#473 = ORIENTED_EDGE ( 'NONE', *, *, #40, .T. ) ;
#474 = AXIS2_PLACEMENT_3D ( 'NONE', #1694, #1018, #1062 ) ;
#475 = DIRECTION ( 'NONE',  ( -0.000000000000000000, 0.000000000000000000, 1.000000000000000000 ) ) ;
#476 = CARTESIAN_POINT ( 'NONE',  ( -17.59000000000000696, 1.820000000000000506, 0.1349999999999999534 ) ) ;
#477 = EDGE_CURVE ( 'NONE', #195, #734, #1037, .T. ) ;
#478 = VECTOR ( 'NONE', #1811, 100.0000000000000000 ) ;
#479 = ORIENTED_EDGE ( 'NONE', *, *, #751, .T. ) ;
#480 = EDGE_CURVE ( 'NONE', #1185, #838, #457, .T. ) ;
#481 = CARTESIAN_POINT ( 'NONE',  ( 1.364999999999999991, 1.364999999999998215, 0.3175000000000000044 ) ) ;
#482 = CARTESIAN_POINT ( 'NONE',  ( -1.849106203007280680, 1.682500000000000329, 0.000000000000000000 ) ) ;
#483 = EDGE_LOOP ( 'NONE', ( #129, #1150 ) ) ;
#484 = LINE ( 'NONE', #1915, #1846 ) ;
#485 = AXIS2_PLACEMENT_3D ( 'NONE', #490, #963, #1903 ) ;
#486 = EDGE_CURVE ( 'NONE', #1780, #628, #609, .T. ) ;
#487 = CARTESIAN_POINT ( 'NONE',  ( 0.4099999999999999201, 1.820000000000000506, 0.1349999999999999534 ) ) ;
#488 = CARTESIAN_POINT ( 'NONE',  ( 2.000000000000001776, 1.364999999999998437, 0.3175000000000000044 ) ) ;
#489 = EDGE_LOOP ( 'NONE', ( #973, #1646, #175, #931, #747, #1202 ) ) ;
#490 = CARTESIAN_POINT ( 'NONE',  ( -1.364999999999999991, 16.63499999999999801, 0.3175000000000000044 ) ) ;
#491 = FACE_BOUND ( 'NONE', #1625, .T. ) ;
#492 = VERTEX_POINT ( 'NONE', #1934 ) ;
#493 = CARTESIAN_POINT ( 'NONE',  ( -18.76795716689757754, 1.199999999999999956, 0.6350000000000000089 ) ) ;
#494 = ORIENTED_EDGE ( 'NONE', *, *, #1231, .F. ) ;
#495 = CARTESIAN_POINT ( 'NONE',  ( -19.36500000000000554, -1.999999999999999112, 0.6350000000000000089 ) ) ;
#496 = ORIENTED_EDGE ( 'NONE', *, *, #327, .T. ) ;
#497 = EDGE_CURVE ( 'NONE', #1036, #1881, #1502, .T. ) ;
#498 = FACE_OUTER_BOUND ( 'NONE', #1348, .T. ) ;
#499 = CARTESIAN_POINT ( 'NONE',  ( -1.500000000000000222, 2.000000000000000444, 0.000000000000000000 ) ) ;
#500 = VERTEX_POINT ( 'NONE', #31 ) ;
#501 = CARTESIAN_POINT ( 'NONE',  ( 2.000000000000000444, -1.499999999999999778, 0.000000000000000000 ) ) ;
#502 = VERTEX_POINT ( 'NONE', #501 ) ;
#503 = LINE ( 'NONE', #1285, #2049 ) ;
#504 = LINE ( 'NONE', #1767, #1104 ) ;
#505 = ORIENTED_EDGE ( 'NONE', *, *, #243, .F. ) ;
#506 = VECTOR ( 'NONE', #1714, 100.0000000000000000 ) ;
#507 = VECTOR ( 'NONE', #672, 100.0000000000000000 ) ;
#508 = CARTESIAN_POINT ( 'NONE',  ( 0.000000000000000000, -0.3049999999999999933, 0.000000000000000000 ) ) ;
#509 = VECTOR ( 'NONE', #1795, 100.0000000000000000 ) ;
#510 = CARTESIAN_POINT ( 'NONE',  ( 2.000000000000000444, 0.4100000000000001421, 0.1349999999999999534 ) ) ;
#511 = CARTESIAN_POINT ( 'NONE',  ( -19.36499999999999844, 16.63499999999999801, 0.6350000000000000089 ) ) ;
#512 = VECTOR ( 'NONE', #196, 100.0000000000000000 ) ;
#513 = FACE_OUTER_BOUND ( 'NONE', #294, .T. ) ;
#514 = DIRECTION ( 'NONE',  ( 1.249637081581196951E-16, 1.000000000000000000, 0.000000000000000000 ) ) ;
#515 = ORIENTED_EDGE ( 'NONE', *, *, #525, .F. ) ;
#516 = ORIENTED_EDGE ( 'NONE', *, *, #763, .F. ) ;
#517 = CARTESIAN_POINT ( 'NONE',  ( -19.82000000000000384, 0.4100000000000000311, 0.1349999999999999534 ) ) ;
#518 = EDGE_CURVE ( 'NONE', #428, #815, #75, .T. ) ;
#519 = CARTESIAN_POINT ( 'NONE',  ( -18.41000000000000369, 1.820000000000000506, 0.6350000000000000089 ) ) ;
#520 = CARTESIAN_POINT ( 'NONE',  ( -19.36500000000000554, -16.63499999999999801, 0.3175000000000000044 ) ) ;
#521 = EDGE_CURVE ( 'NONE', #1883, #1495, #42, .T. ) ;
#522 = CARTESIAN_POINT ( 'NONE',  ( 2.000000000000000444, 0.4100000000000001421, 0.1349999999999999534 ) ) ;
#523 = CARTESIAN_POINT ( 'NONE',  ( -1.500000000000000222, 2.000000000000000444, 0.000000000000000000 ) ) ;
#524 = ORIENTED_EDGE ( 'NONE', *, *, #313, .F. ) ;
#525 = EDGE_CURVE ( 'NONE', #368, #49, #1639, .T. ) ;
#526 = DIRECTION ( 'NONE',  ( 0.000000000000000000, 0.000000000000000000, -1.000000000000000000 ) ) ;
#527 = CARTESIAN_POINT ( 'NONE',  ( 1.820000000000000506, 0.4100000000000000311, 0.1349999999999999534 ) ) ;
#528 = EDGE_CURVE ( 'NONE', #1736, #715, #210, .T. ) ;
#529 = CARTESIAN_POINT ( 'NONE',  ( -1.500000000000000222, 2.000000000000000444, 0.6350000000000000089 ) ) ;
#530 = DIRECTION ( 'NONE',  ( -0.000000000000000000, 0.000000000000000000, 1.000000000000000000 ) ) ;
#531 = ORIENTED_EDGE ( 'NONE', *, *, #714, .T. ) ;
#532 = DIRECTION ( 'NONE',  ( -0.000000000000000000, 0.000000000000000000, 1.000000000000000000 ) ) ;
#533 = CARTESIAN_POINT ( 'NONE',  ( -1.500000000000000222, 2.000000000000000444, 0.6350000000000000089 ) ) ;
#534 = ORIENTED_EDGE ( 'NONE', *, *, #598, .F. ) ;
#535 = EDGE_LOOP ( 'NONE', ( #1827, #1421, #1890, #516, #1518 ) ) ;
#536 = ORIENTED_EDGE ( 'NONE', *, *, #1087, .F. ) ;
#537 = PLANE ( 'NONE',  #1081 ) ;
#538 = EDGE_CURVE ( 'NONE', #890, #1099, #1774, .T. ) ;
#539 = VECTOR ( 'NONE', #29, 100.0000000000000000 ) ;
#540 = DIRECTION ( 'NONE',  ( 0.000000000000000000, 0.000000000000000000, 1.000000000000000000 ) ) ;
#541 = CIRCLE ( 'NONE', #315, 0.3049999999999999933 ) ;
#542 = CARTESIAN_POINT ( 'NONE',  ( -19.20000000000000639, -0.7679571668975718746, 0.1349999999999999534 ) ) ;
#543 = DIRECTION ( 'NONE',  ( 0.000000000000000000, 0.000000000000000000, 1.000000000000000000 ) ) ;
#544 = PLANE ( 'NONE',  #1854 ) ;
#545 = DIRECTION ( 'NONE',  ( 0.000000000000000000, 0.000000000000000000, 1.000000000000000000 ) ) ;
#546 = EDGE_CURVE ( 'NONE', #1099, #1282, #381, .T. ) ;
#547 = CIRCLE ( 'NONE', #1445, 2.500000000000000000 ) ;
#548 = ORIENTED_EDGE ( 'NONE', *, *, #798, .F. ) ;
#549 = VECTOR ( 'NONE', #1023, 100.0000000000000000 ) ;
#550 = ORIENTED_EDGE ( 'NONE', *, *, #968, .F. ) ;
#551 = ORIENTED_EDGE ( 'NONE', *, *, #3, .F. ) ;
#552 = CARTESIAN_POINT ( 'NONE',  ( 1.820000000000000506, -0.4099999999999998646, 0.6350000000000000089 ) ) ;
#553 = DIRECTION ( 'NONE',  ( 0.000000000000000000, -1.000000000000000000, 0.000000000000000000 ) ) ;
#554 = CARTESIAN_POINT ( 'NONE',  ( 1.200000000000000622, -0.7679571668975718746, 0.1349999999999999534 ) ) ;
#555 = DIRECTION ( 'NONE',  ( 0.000000000000000000, 0.000000000000000000, 1.000000000000000000 ) ) ;
#556 = FACE_OUTER_BOUND ( 'NONE', #1800, .T. ) ;
#557 = CARTESIAN_POINT ( 'NONE',  ( 2.000000000000000444, 0.4100000000000001421, 0.6350000000000000089 ) ) ;
#558 = VERTEX_POINT ( 'NONE', #979 ) ;
#559 = ORIENTED_EDGE ( 'NONE', *, *, #1044, .F. ) ;
#560 = ORIENTED_EDGE ( 'NONE', *, *, #1124, .T. ) ;
#561 = LINE ( 'NONE', #1648, #914 ) ;
#562 = LINE ( 'NONE', #230, #206 ) ;
#563 = ADVANCED_FACE ( 'NONE', ( #1954 ), #1008, .T. ) ;
#564 = DIRECTION ( 'NONE',  ( -1.000000000000000000, 0.000000000000000000, 0.000000000000000000 ) ) ;
#565 = DIRECTION ( 'NONE',  ( 0.000000000000000000, 0.000000000000000000, -1.000000000000000000 ) ) ;
#566 = EDGE_CURVE ( 'NONE', #460, #1097, #54, .T. ) ;
#567 = LINE ( 'NONE', #589, #1343 ) ;
#568 = CARTESIAN_POINT ( 'NONE',  ( 16.63499999999999801, 1.365000000000001101, 0.3175000000000000044 ) ) ;
#569 = ORIENTED_EDGE ( 'NONE', *, *, #1563, .T. ) ;
#570 = ORIENTED_EDGE ( 'NONE', *, *, #197, .F. ) ;
#571 = ADVANCED_FACE ( 'NONE', ( #683 ), #843, .F. ) ;
#572 = ORIENTED_EDGE ( 'NONE', *, *, #180, .F. ) ;
#573 = DIRECTION ( 'NONE',  ( 0.000000000000000000, 0.000000000000000000, 1.000000000000000000 ) ) ;
#574 = VECTOR ( 'NONE', #1568, 100.0000000000000000 ) ;
#575 = CIRCLE ( 'NONE', #1334, 2.500000000000000000 ) ;
#576 = PLANE ( 'NONE',  #1404 ) ;
#577 = AXIS2_PLACEMENT_3D ( 'NONE', #2003, #682, #1652 ) ;
#578 = VECTOR ( 'NONE', #1163, 100.0000000000000000 ) ;
#579 = DIRECTION ( 'NONE',  ( -1.000000000000000000, -4.818676322157798361E-16, 0.000000000000000000 ) ) ;
#580 = DIRECTION ( 'NONE',  ( -0.5000000000000042188, 0.8660254037844361541, 0.000000000000000000 ) ) ;
#581 = VERTEX_POINT ( 'NONE', #1664 ) ;
#582 = VERTEX_POINT ( 'NONE', #199 ) ;
#583 = EDGE_LOOP ( 'NONE', ( #496, #1553, #1337, #593 ) ) ;
#584 = CARTESIAN_POINT ( 'NONE',  ( -19.36500000000000554, -2.000000000000000000, 0.000000000000000000 ) ) ;
#585 = CARTESIAN_POINT ( 'NONE',  ( -18.00000000000000355, 0.000000000000000000, 0.000000000000000000 ) ) ;
#586 = LINE ( 'NONE', #2026, #1342 ) ;
#587 = EDGE_CURVE ( 'NONE', #1380, #1737, #1482, .T. ) ;
#588 = DIRECTION ( 'NONE',  ( 0.000000000000000000, 0.000000000000000000, 1.000000000000000000 ) ) ;
#589 = CARTESIAN_POINT ( 'NONE',  ( -20.00000000000000711, 0.4100000000000001421, 0.1349999999999999534 ) ) ;
#590 = LINE ( 'NONE', #1858, #77 ) ;
#591 = ORIENTED_EDGE ( 'NONE', *, *, #223, .F. ) ;
#592 = ORIENTED_EDGE ( 'NONE', *, *, #435, .T. ) ;
#593 = ORIENTED_EDGE ( 'NONE', *, *, #1586, .T. ) ;
#594 = EDGE_CURVE ( 'NONE', #2013, #470, #1943, .T. ) ;
#595 = CARTESIAN_POINT ( 'NONE',  ( 1.499999999999999778, 2.000000000000000444, 0.000000000000000000 ) ) ;
#596 = LINE ( 'NONE', #1055, #1414 ) ;
#597 = CARTESIAN_POINT ( 'NONE',  ( 16.63499999999999801, -1.364999999999998437, 0.6350000000000000089 ) ) ;
#598 = EDGE_CURVE ( 'NONE', #1881, #127, #674, .T. ) ;
#599 = DIRECTION ( 'NONE',  ( 0.000000000000000000, 0.000000000000000000, 1.000000000000000000 ) ) ;
#600 = DIRECTION ( 'NONE',  ( -1.156482317317871725E-16, 1.000000000000000000, -0.000000000000000000 ) ) ;
#601 = ORIENTED_EDGE ( 'NONE', *, *, #2048, .F. ) ;
#602 = EDGE_LOOP ( 'NONE', ( #1059, #1116, #1444, #847 ) ) ;
#603 = ORIENTED_EDGE ( 'NONE', *, *, #1546, .F. ) ;
#604 = DIRECTION ( 'NONE',  ( -1.000000000000000000, 1.249637081581196951E-16, 0.000000000000000000 ) ) ;
#605 = PRODUCT_DEFINITION_CONTEXT ( 'detailed design', #1262, 'design' ) ;
#606 = ADVANCED_FACE ( 'NONE', ( #1311 ), #366, .F. ) ;
#607 = FILL_AREA_STYLE ('',( #1237 ) ) ;
#608 = DIRECTION ( 'NONE',  ( 0.000000000000000000, 1.000000000000000000, 0.000000000000000000 ) ) ;
#609 = CIRCLE ( 'NONE', #9, 2.500000000000000000 ) ;
#610 = CARTESIAN_POINT ( 'NONE',  ( 1.365000000000002212, -16.63499999999999801, 0.3175000000000000044 ) ) ;
#611 = CIRCLE ( 'NONE', #1773, 0.3049999999999999933 ) ;
#612 = VERTEX_POINT ( 'NONE', #1964 ) ;
#613 = VECTOR ( 'NONE', #1995, 100.0000000000000000 ) ;
#614 = ORIENTED_EDGE ( 'NONE', *, *, #1216, .F. ) ;
#615 = ORIENTED_EDGE ( 'NONE', *, *, #528, .F. ) ;
#616 = FACE_OUTER_BOUND ( 'NONE', #328, .T. ) ;
#617 = ADVANCED_FACE ( 'NONE', ( #1329 ), #1786, .F. ) ;
#618 = VECTOR ( 'NONE', #1670, 100.0000000000000142 ) ;
#619 = CARTESIAN_POINT ( 'NONE',  ( 1.365000000000002212, -1.365000000000000213, 0.3175000000000000044 ) ) ;
#620 = LINE ( 'NONE', #183, #574 ) ;
#621 = ORIENTED_EDGE ( 'NONE', *, *, #906, .F. ) ;
#622 = LINE ( 'NONE', #2053, #1948 ) ;
#623 = EDGE_LOOP ( 'NONE', ( #1584, #1232, #915, #1992, #954 ) ) ;
#624 = DIRECTION ( 'NONE',  ( -1.000000000000000000, 0.000000000000000000, 0.000000000000000000 ) ) ;
#625 = DIRECTION ( 'NONE',  ( 0.8660254037844360431, 0.5000000000000042188, 0.000000000000000000 ) ) ;
#626 = ORIENTED_EDGE ( 'NONE', *, *, #1926, .F. ) ;
#627 = DIRECTION ( 'NONE',  ( -1.000000000000000000, 0.000000000000000000, 0.000000000000000000 ) ) ;
#628 = VERTEX_POINT ( 'NONE', #1822 ) ;
#629 = EDGE_CURVE ( 'NONE', #303, #346, #391, .T. ) ;
#630 = LINE ( 'NONE', #1118, #1245 ) ;
#631 = ORIENTED_EDGE ( 'NONE', *, *, #538, .F. ) ;
#632 = FACE_OUTER_BOUND ( 'NONE', #1554, .T. ) ;
#633 = DIRECTION ( 'NONE',  ( 2.312964634635742957E-16, 1.000000000000000000, 0.000000000000000000 ) ) ;
#634 = ORIENTED_EDGE ( 'NONE', *, *, #356, .T. ) ;
#635 = CARTESIAN_POINT ( 'NONE',  ( -20.00000000000000711, 0.4100000000000001421, 0.1349999999999999534 ) ) ;
#636 = VECTOR ( 'NONE', #1600, 100.0000000000000000 ) ;
#637 = AXIS2_PLACEMENT_3D ( 'NONE', #2035, #1239, #1887 ) ;
#638 = DIRECTION ( 'NONE',  ( 0.000000000000000000, -1.000000000000000000, 0.000000000000000000 ) ) ;
#639 = LINE ( 'NONE', #322, #311 ) ;
#640 = VECTOR ( 'NONE', #1718, 100.0000000000000000 ) ;
#641 = ORIENTED_EDGE ( 'NONE', *, *, #1284, .F. ) ;
#642 = FACE_OUTER_BOUND ( 'NONE', #1103, .T. ) ;
#643 = CARTESIAN_POINT ( 'NONE',  ( 0.6200000000000001066, -0.5700000000000000622, 0.000000000000000000 ) ) ;
#644 = AXIS2_PLACEMENT_3D ( 'NONE', #1393, #452, #263 ) ;
#645 = VERTEX_POINT ( 'NONE', #894 ) ;
#646 = ADVANCED_FACE ( 'NONE', ( #1558 ), #1855, .F. ) ;
#647 = VECTOR ( 'NONE', #664, 100.0000000000000000 ) ;
#648 = CARTESIAN_POINT ( 'NONE',  ( 1.500000000000000666, -2.000000000000000000, 0.000000000000000000 ) ) ;
#649 = DIRECTION ( 'NONE',  ( 0.000000000000000000, -1.000000000000000000, 0.000000000000000000 ) ) ;
#650 = LINE ( 'NONE', #819, #1140 ) ;
#651 = ORIENTED_EDGE ( 'NONE', *, *, #992, .T. ) ;
#652 = LINE ( 'NONE', #508, #1751 ) ;
#653 = ADVANCED_FACE ( 'NONE', ( #1996 ), #1032, .T. ) ;
#654 = FACE_OUTER_BOUND ( 'NONE', #450, .T. ) ;
#655 = EDGE_LOOP ( 'NONE', ( #395, #69, #406, #837 ) ) ;
#656 = DIRECTION ( 'NONE',  ( -4.818676322157798361E-16, -1.000000000000000000, 0.000000000000000000 ) ) ;
#657 = ORIENTED_EDGE ( 'NONE', *, *, #518, .F. ) ;
#658 = FACE_OUTER_BOUND ( 'NONE', #160, .T. ) ;
#659 = EDGE_LOOP ( 'NONE', ( #1234, #412, #551, #458 ) ) ;
#660 = CARTESIAN_POINT ( 'NONE',  ( -19.50000000000000355, 2.000000000000000444, 0.000000000000000000 ) ) ;
#661 = LINE ( 'NONE', #198, #1074 ) ;
#662 = CARTESIAN_POINT ( 'NONE',  ( 2.000000000000000444, 1.500000000000000666, 0.000000000000000000 ) ) ;
#663 = ORIENTED_EDGE ( 'NONE', *, *, #397, .F. ) ;
#664 = DIRECTION ( 'NONE',  ( -0.000000000000000000, 0.000000000000000000, 1.000000000000000000 ) ) ;
#665 = PLANE ( 'NONE',  #1441 ) ;
#666 = ORIENTED_EDGE ( 'NONE', *, *, #373, .T. ) ;
#667 = VECTOR ( 'NONE', #1299, 100.0000000000000000 ) ;
#668 = ORIENTED_EDGE ( 'NONE', *, *, #528, .T. ) ;
#669 = VECTOR ( 'NONE', #1162, 100.0000000000000000 ) ;
#670 = DIRECTION ( 'NONE',  ( 0.000000000000000000, 1.000000000000000000, 0.000000000000000000 ) ) ;
#671 = VECTOR ( 'NONE', #1024, 100.0000000000000000 ) ;
#672 = DIRECTION ( 'NONE',  ( -4.818676322157799347E-16, 1.000000000000000000, 0.000000000000000000 ) ) ;
#673 = ADVANCED_FACE ( 'NONE', ( #256 ), #1534, .F. ) ;
#674 = LINE ( 'NONE', #1319, #1739 ) ;
#675 = AXIS2_PLACEMENT_3D ( 'NONE', #1828, #1039, #670 ) ;
#676 = DIRECTION ( 'NONE',  ( 1.000000000000000000, -4.818676322157798361E-16, 0.000000000000000000 ) ) ;
#677 = CARTESIAN_POINT ( 'NONE',  ( 1.365000000000002212, -1.365000000000000213, 0.6350000000000000089 ) ) ;
#678 = VERTEX_POINT ( 'NONE', #1843 ) ;
#679 = VERTEX_POINT ( 'NONE', #885 ) ;
#680 = CARTESIAN_POINT ( 'NONE',  ( -18.00000000000000355, 0.000000000000000000, 0.6350000000000000089 ) ) ;
#681 = LINE ( 'NONE', #692, #507 ) ;
#682 = DIRECTION ( 'NONE',  ( -0.8660254037844362651, 0.5000000000000043299, 0.000000000000000000 ) ) ;
#683 = FACE_OUTER_BOUND ( 'NONE', #1768, .T. ) ;
#684 = EDGE_CURVE ( 'NONE', #1519, #688, #413, .T. ) ;
#685 = LINE ( 'NONE', #1655, #549 ) ;
#686 = LINE ( 'NONE', #1656, #246 ) ;
#687 = ADVANCED_FACE ( 'NONE', ( #424, #1046, #277 ), #576, .T. ) ;
#688 = VERTEX_POINT ( 'NONE', #739 ) ;
#689 = EDGE_LOOP ( 'NONE', ( #1346, #958, #362, #1603 ) ) ;
#690 = EDGE_LOOP ( 'NONE', ( #1682, #869, #151, #1120, #314, #1668, #1290, #1937, #699, #930, #1582, #354 ) ) ;
#691 = DIRECTION ( 'NONE',  ( -1.000000000000000000, -3.067291018426574134E-16, 0.000000000000000000 ) ) ;
#692 = CARTESIAN_POINT ( 'NONE',  ( -18.41000000000000369, 2.000000000000000444, 0.1349999999999999534 ) ) ;
#693 = CARTESIAN_POINT ( 'NONE',  ( -20.00000000000000711, -0.4099999999999999201, 0.1349999999999999534 ) ) ;
#694 = EDGE_CURVE ( 'NONE', #1151, #1914, #1706, .T. ) ;
#695 = DIRECTION ( 'NONE',  ( 0.000000000000000000, 0.000000000000000000, 1.000000000000000000 ) ) ;
#696 = DIRECTION ( 'NONE',  ( 3.067291018426574134E-16, -1.000000000000000000, 0.000000000000000000 ) ) ;
#697 = CARTESIAN_POINT ( 'NONE',  ( -16.50000000000000355, 2.000000000000000444, 0.000000000000000000 ) ) ;
#698 = ORIENTED_EDGE ( 'NONE', *, *, #864, .T. ) ;
#699 = ORIENTED_EDGE ( 'NONE', *, *, #1589, .T. ) ;
#700 = VECTOR ( 'NONE', #530, 100.0000000000000000 ) ;
#701 = VERTEX_POINT ( 'NONE', #290 ) ;
#702 = DIRECTION ( 'NONE',  ( 0.000000000000000000, 1.000000000000000000, 0.000000000000000000 ) ) ;
#703 = AXIS2_PLACEMENT_3D ( 'NONE', #181, #190, #52 ) ;
#704 = CARTESIAN_POINT ( 'NONE',  ( -18.00000000000000355, 0.000000000000000000, 0.000000000000000000 ) ) ;
#705 = VECTOR ( 'NONE', #1549, 100.0000000000000142 ) ;
#706 = DIRECTION ( 'NONE',  ( 1.136033710528360955E-16, 1.000000000000000000, 0.000000000000000000 ) ) ;
#707 = CARTESIAN_POINT ( 'NONE',  ( 0.7679571668975722076, 1.199999999999999956, 0.1349999999999999534 ) ) ;
#708 = EDGE_CURVE ( 'NONE', #1151, #361, #1696, .T. ) ;
#709 = PLANE ( 'NONE',  #1278 ) ;
#710 = CARTESIAN_POINT ( 'NONE',  ( -17.59000000000000696, 1.820000000000000506, 0.6350000000000000089 ) ) ;
#711 = ORIENTED_EDGE ( 'NONE', *, *, #1654, .T. ) ;
#712 = VECTOR ( 'NONE', #1533, 100.0000000000000000 ) ;
#713 = EDGE_LOOP ( 'NONE', ( #297, #1195, #769, #137 ) ) ;
#714 = EDGE_CURVE ( 'NONE', #1160, #500, #268, .T. ) ;
#715 = VERTEX_POINT ( 'NONE', #728 ) ;
#716 = PLANE ( 'NONE',  #350 ) ;
#717 = LINE ( 'NONE', #902, #2009 ) ;
#718 = EDGE_CURVE ( 'NONE', #1415, #467, #107, .T. ) ;
#719 = DIRECTION ( 'NONE',  ( 1.000000000000000000, 0.000000000000000000, 0.000000000000000000 ) ) ;
#720 = CARTESIAN_POINT ( 'NONE',  ( -19.20000000000000639, -0.7679571668975718746, 0.1349999999999999534 ) ) ;
#721 = EDGE_CURVE ( 'NONE', #779, #1366, #432, .T. ) ;
#722 = LINE ( 'NONE', #425, #1819 ) ;
#723 = FACE_OUTER_BOUND ( 'NONE', #2, .T. ) ;
#724 = VERTEX_POINT ( 'NONE', #1673 ) ;
#725 = ORIENTED_EDGE ( 'NONE', *, *, #860, .T. ) ;
#726 = CARTESIAN_POINT ( 'NONE',  ( -1.849106203007280680, 1.682500000000000329, 0.3175000000000011147 ) ) ;
#727 = PLANE ( 'NONE',  #943 ) ;
#728 = CARTESIAN_POINT ( 'NONE',  ( 2.000000000000001776, -1.365000000000000213, 0.6350000000000000089 ) ) ;
#729 = LINE ( 'NONE', #610, #748 ) ;
#730 = CARTESIAN_POINT ( 'NONE',  ( -18.41000000000000369, 1.820000000000000506, 0.1349999999999999534 ) ) ;
#731 = ORIENTED_EDGE ( 'NONE', *, *, #1515, .F. ) ;
#732 = ORIENTED_EDGE ( 'NONE', *, *, #899, .T. ) ;
#733 = ADVANCED_FACE ( 'NONE', ( #754 ), #1228, .T. ) ;
#734 = VERTEX_POINT ( 'NONE', #877 ) ;
#735 = DIRECTION ( 'NONE',  ( 0.000000000000000000, 0.000000000000000000, -1.000000000000000000 ) ) ;
#736 = VECTOR ( 'NONE', #1271, 100.0000000000000000 ) ;
#737 = CARTESIAN_POINT ( 'NONE',  ( -20.00000000000000711, 1.364999999999998437, 0.000000000000000000 ) ) ;
#738 = VECTOR ( 'NONE', #265, 100.0000000000000000 ) ;
#739 = CARTESIAN_POINT ( 'NONE',  ( -19.82000000000000384, -0.4099999999999998646, 0.1349999999999999534 ) ) ;
#740 = EDGE_CURVE ( 'NONE', #715, #1380, #1385, .T. ) ;
#741 = VECTOR ( 'NONE', #1158, 100.0000000000000000 ) ;
#742 = PLANE ( 'NONE',  #74 ) ;
#743 = CARTESIAN_POINT ( 'NONE',  ( 0.6200000000000001066, -0.5700000000000000622, 0.6350000000000000089 ) ) ;
#744 = VERTEX_POINT ( 'NONE', #1075 ) ;
#745 = EDGE_CURVE ( 'NONE', #890, #1766, #36, .T. ) ;
#746 = VERTEX_POINT ( 'NONE', #402 ) ;
#747 = ORIENTED_EDGE ( 'NONE', *, *, #1284, .T. ) ;
#748 = VECTOR ( 'NONE', #403, 100.0000000000000000 ) ;
#749 = DIRECTION ( 'NONE',  ( 0.8660254037844360431, 0.5000000000000042188, 0.000000000000000000 ) ) ;
#750 = VECTOR ( 'NONE', #1477, 100.0000000000000142 ) ;
#751 = EDGE_CURVE ( 'NONE', #1242, #1519, #1513, .T. ) ;
#752 = PLANE ( 'NONE',  #474 ) ;
#753 = SURFACE_STYLE_USAGE ( .BOTH. , #1574 ) ;
#754 = FACE_OUTER_BOUND ( 'NONE', #1815, .T. ) ;
#755 = CARTESIAN_POINT ( 'NONE',  ( -1.500000000000000222, 2.000000000000000444, 0.3175000000000000044 ) ) ;
#756 = FACE_OUTER_BOUND ( 'NONE', #1799, .T. ) ;
#757 = EDGE_CURVE ( 'NONE', #777, #346, #309, .T. ) ;
#758 = ORIENTED_EDGE ( 'NONE', *, *, #781, .T. ) ;
#759 = ORIENTED_EDGE ( 'NONE', *, *, #975, .F. ) ;
#760 = ADVANCED_FACE ( 'NONE', ( #1733 ), #1115, .F. ) ;
#761 = ORIENTED_EDGE ( 'NONE', *, *, #1320, .F. ) ;
#762 = LINE ( 'NONE', #1779, #43 ) ;
#763 = EDGE_CURVE ( 'NONE', #127, #1038, #1576, .T. ) ;
#764 = LINE ( 'NONE', #737, #1912 ) ;
#765 = CARTESIAN_POINT ( 'NONE',  ( -19.20000000000000639, -0.7679571668975718746, 0.6350000000000000089 ) ) ;
#766 = DIRECTION ( 'NONE',  ( -1.000000000000000000, -1.156482317317871725E-16, 0.000000000000000000 ) ) ;
#767 = CARTESIAN_POINT ( 'NONE',  ( -1.364999999999998215, 1.364999999999999991, 0.6350000000000000089 ) ) ;
#768 = ORIENTED_EDGE ( 'NONE', *, *, #1388, .T. ) ;
#769 = ORIENTED_EDGE ( 'NONE', *, *, #2022, .T. ) ;
#770 = ORIENTED_EDGE ( 'NONE', *, *, #1264, .T. ) ;
#771 =( LENGTH_UNIT ( ) NAMED_UNIT ( * ) SI_UNIT ( .CENTI., .METRE. ) );
#772 = DIRECTION ( 'NONE',  ( 0.000000000000000000, 0.000000000000000000, 1.000000000000000000 ) ) ;
#773 = DIRECTION ( 'NONE',  ( 0.000000000000000000, -1.000000000000000000, 0.000000000000000000 ) ) ;
#774 = VECTOR ( 'NONE', #1545, 100.0000000000000000 ) ;
#775 = CARTESIAN_POINT ( 'NONE',  ( -16.63499999999999801, 1.364999999999996438, 0.3175000000000000044 ) ) ;
#776 = AXIS2_PLACEMENT_3D ( 'NONE', #585, #1499, #1339 ) ;
#777 = VERTEX_POINT ( 'NONE', #949 ) ;
#778 = VECTOR ( 'NONE', #1034, 100.0000000000000000 ) ;
#779 = VERTEX_POINT ( 'NONE', #482 ) ;
#780 = ORIENTED_EDGE ( 'NONE', *, *, #1131, .T. ) ;
#781 = EDGE_CURVE ( 'NONE', #744, #911, #1123, .T. ) ;
#782 = VECTOR ( 'NONE', #1587, 100.0000000000000000 ) ;
#783 = PRESENTATION_STYLE_ASSIGNMENT (( #753 ) ) ;
#784 = DIRECTION ( 'NONE',  ( -1.000000000000000000, -1.136033710528360955E-16, 0.000000000000000000 ) ) ;
#785 = ORIENTED_EDGE ( 'NONE', *, *, #1981, .F. ) ;
#786 = CARTESIAN_POINT ( 'NONE',  ( -19.36500000000000554, -1.365000000000000213, 0.3175000000000000044 ) ) ;
#787 = ORIENTED_EDGE ( 'NONE', *, *, #1715, .T. ) ;
#788 = ADVANCED_FACE ( 'NONE', ( #1 ), #1763, .F. ) ;
#789 = EDGE_LOOP ( 'NONE', ( #570, #1878, #960, #143 ) ) ;
#790 = EDGE_LOOP ( 'NONE', ( #114, #466, #965, #1125 ) ) ;
#791 = DIRECTION ( 'NONE',  ( -0.000000000000000000, -0.000000000000000000, 1.000000000000000000 ) ) ;
#792 = CARTESIAN_POINT ( 'NONE',  ( -19.50000000000000711, -1.999999999999999778, 0.3175000000000000044 ) ) ;
#793 = ORIENTED_EDGE ( 'NONE', *, *, #1875, .T. ) ;
#794 = FACE_OUTER_BOUND ( 'NONE', #191, .T. ) ;
#795 = DIRECTION ( 'NONE',  ( 1.000000000000000000, -4.818676322157799347E-16, 0.000000000000000000 ) ) ;
#796 = DIRECTION ( 'NONE',  ( -1.000000000000000000, 0.000000000000000000, 0.000000000000000000 ) ) ;
#797 = VERTEX_POINT ( 'NONE', #335 ) ;
#798 = EDGE_CURVE ( 'NONE', #1633, #1380, #150, .T. ) ;
#799 = CARTESIAN_POINT ( 'NONE',  ( -16.63499999999999801, 1.364999999999996438, 0.6350000000000000089 ) ) ;
#800 = CARTESIAN_POINT ( 'NONE',  ( -0.7679571668975722076, 1.199999999999999956, 0.1349999999999999534 ) ) ;
#801 = ORIENTED_EDGE ( 'NONE', *, *, #1422, .T. ) ;
#802 = LINE ( 'NONE', #635, #903 ) ;
#803 = EDGE_CURVE ( 'NONE', #419, #645, #1408, .T. ) ;
#804 = AXIS2_PLACEMENT_3D ( 'NONE', #455, #1250, #317 ) ;
#805 = EDGE_LOOP ( 'NONE', ( #27, #871, #1420, #793 ) ) ;
#806 = CARTESIAN_POINT ( 'NONE',  ( -17.59000000000000696, 1.820000000000000506, 0.1349999999999999534 ) ) ;
#807 = VECTOR ( 'NONE', #1454, 100.0000000000000000 ) ;
#808 = EDGE_CURVE ( 'NONE', #500, #2013, #1417, .T. ) ;
#809 = ORIENTED_EDGE ( 'NONE', *, *, #1586, .F. ) ;
#810 = DIRECTION ( 'NONE',  ( 0.000000000000000000, -1.000000000000000000, 0.000000000000000000 ) ) ;
#811 = EDGE_CURVE ( 'NONE', #715, #612, #1923, .T. ) ;
#812 = CARTESIAN_POINT ( 'NONE',  ( -17.59000000000000696, 2.000000000000000444, 0.1349999999999999534 ) ) ;
#813 = VECTOR ( 'NONE', #532, 100.0000000000000000 ) ;
#814 = VECTOR ( 'NONE', #1248, 100.0000000000000000 ) ;
#815 = VERTEX_POINT ( 'NONE', #1744 ) ;
#816 = CIRCLE ( 'NONE', #1084, 0.3049999999999999933 ) ;
#817 = DIRECTION ( 'NONE',  ( 0.000000000000000000, 0.000000000000000000, 1.000000000000000000 ) ) ;
#818 = EDGE_LOOP ( 'NONE', ( #1292, #94, #829, #1595 ) ) ;
#819 = CARTESIAN_POINT ( 'NONE',  ( 0.4099999999999999201, 1.820000000000000506, 0.1349999999999999534 ) ) ;
#820 = VERTEX_POINT ( 'NONE', #765 ) ;
#821 = EDGE_CURVE ( 'NONE', #1723, #1215, #1094, .T. ) ;
#822 = DIRECTION ( 'NONE',  ( -0.5000000000000043299, -0.8660254037844362651, 0.000000000000000000 ) ) ;
#823 = DIRECTION ( 'NONE',  ( -0.000000000000000000, 0.000000000000000000, 1.000000000000000000 ) ) ;
#824 = VERTEX_POINT ( 'NONE', #792 ) ;
#825 = CARTESIAN_POINT ( 'NONE',  ( -18.62000000000000455, -0.5700000000000000622, 0.6350000000000000089 ) ) ;
#826 = EDGE_CURVE ( 'NONE', #1128, #1528, #1268, .T. ) ;
#827 = CARTESIAN_POINT ( 'NONE',  ( 0.4100000000000000311, 2.000000000000000444, 0.1349999999999999534 ) ) ;
#828 = CARTESIAN_POINT ( 'NONE',  ( -0.7679571668975722076, 1.199999999999999956, 0.6350000000000000089 ) ) ;
#829 = ORIENTED_EDGE ( 'NONE', *, *, #757, .F. ) ;
#830 = PLANE ( 'NONE',  #485 ) ;
#831 = CARTESIAN_POINT ( 'NONE',  ( 2.000000000000000444, 1.500000000000000666, 0.000000000000000000 ) ) ;
#832 = CARTESIAN_POINT ( 'NONE',  ( 1.364999999999999991, 1.364999999999998215, 0.3175000000000000044 ) ) ;
#833 = ADVANCED_FACE ( 'NONE', ( #326 ), #159, .F. ) ;
#834 = PLANE ( 'NONE',  #1719 ) ;
#835 = LINE ( 'NONE', #1504, #1642 ) ;
#836 = VECTOR ( 'NONE', #608, 100.0000000000000000 ) ;
#837 = ORIENTED_EDGE ( 'NONE', *, *, #1063, .F. ) ;
#838 = VERTEX_POINT ( 'NONE', #957 ) ;
#839 = AXIS2_PLACEMENT_3D ( 'NONE', #542, #1031, #1318 ) ;
#840 = CARTESIAN_POINT ( 'NONE',  ( -19.82000000000000384, -0.4099999999999998646, 0.6350000000000000089 ) ) ;
#841 = CARTESIAN_POINT ( 'NONE',  ( 0.7679571668975722076, 1.199999999999999956, 0.1349999999999999534 ) ) ;
#842 = CARTESIAN_POINT ( 'NONE',  ( -18.76795716689757754, 1.199999999999999956, 0.1349999999999999534 ) ) ;
#843 = PLANE ( 'NONE',  #1435 ) ;
#844 = VECTOR ( 'NONE', #1196, 100.0000000000000000 ) ;
#845 = DIRECTION ( 'NONE',  ( -4.818676322157798361E-16, -1.000000000000000000, 0.000000000000000000 ) ) ;
#846 = LINE ( 'NONE', #697, #778 ) ;
#847 = ORIENTED_EDGE ( 'NONE', *, *, #525, .T. ) ;
#848 = ORIENTED_EDGE ( 'NONE', *, *, #440, .F. ) ;
#849 = ADVANCED_FACE ( 'NONE', ( #1437, #1280, #491 ), #1396, .F. ) ;
#850 = DIRECTION ( 'NONE',  ( 0.000000000000000000, 1.000000000000000000, 0.000000000000000000 ) ) ;
#851 = DIRECTION ( 'NONE',  ( 0.000000000000000000, 0.000000000000000000, -1.000000000000000000 ) ) ;
#852 = PLANE ( 'NONE',  #839 ) ;
#853 = DIRECTION ( 'NONE',  ( -1.000000000000000000, -4.818676322157798361E-16, 0.000000000000000000 ) ) ;
#854 = DIRECTION ( 'NONE',  ( 4.818676322157799347E-16, 1.000000000000000000, 0.000000000000000000 ) ) ;
#855 = LINE ( 'NONE', #988, #671 ) ;
#856 = ORIENTED_EDGE ( 'NONE', *, *, #1153, .T. ) ;
#857 = ORIENTED_EDGE ( 'NONE', *, *, #463, .F. ) ;
#858 = ORIENTED_EDGE ( 'NONE', *, *, #1757, .F. ) ;
#859 = CARTESIAN_POINT ( 'NONE',  ( 0.000000000000000000, 0.000000000000000000, 0.3175000000000000044 ) ) ;
#860 = EDGE_CURVE ( 'NONE', #1392, #938, #1086, .T. ) ;
#861 = DIRECTION ( 'NONE',  ( 0.000000000000000000, 0.000000000000000000, -1.000000000000000000 ) ) ;
#862 = PLANE ( 'NONE',  #1371 ) ;
#863 = CARTESIAN_POINT ( 'NONE',  ( -20.00000000000000711, 1.500000000000000666, 0.000000000000000000 ) ) ;
#864 = EDGE_CURVE ( 'NONE', #492, #1881, #1975, .T. ) ;
#865 = FACE_OUTER_BOUND ( 'NONE', #623, .T. ) ;
#866 = CARTESIAN_POINT ( 'NONE',  ( -19.20000000000000639, -0.7679571668975718746, 0.6350000000000000089 ) ) ;
#867 = EDGE_CURVE ( 'NONE', #1083, #260, #280, .T. ) ;
#868 = ORIENTED_EDGE ( 'NONE', *, *, #284, .T. ) ;
#869 = ORIENTED_EDGE ( 'NONE', *, *, #714, .F. ) ;
#870 = AXIS2_PLACEMENT_3D ( 'NONE', #707, #2016, #1687 ) ;
#871 = ORIENTED_EDGE ( 'NONE', *, *, #1087, .T. ) ;
#872 = CARTESIAN_POINT ( 'NONE',  ( -18.62000000000000455, -0.5700000000000000622, 0.000000000000000000 ) ) ;
#873 = AXIS2_PLACEMENT_3D ( 'NONE', #1793, #1143, #1627 ) ;
#874 = CARTESIAN_POINT ( 'NONE',  ( -18.00000000000000355, -0.3049999999999999933, 0.000000000000000000 ) ) ;
#875 = VECTOR ( 'NONE', #1835, 100.0000000000000000 ) ;
#876 = DIRECTION ( 'NONE',  ( -1.000000000000000000, 0.000000000000000000, 0.000000000000000000 ) ) ;
#877 = CARTESIAN_POINT ( 'NONE',  ( 3.735172737399427023E-17, 0.3049999999999999933, 0.6350000000000000089 ) ) ;
#878 = CARTESIAN_POINT ( 'NONE',  ( -18.76795716689757754, 1.199999999999999956, 0.1349999999999999534 ) ) ;
#879 = LINE ( 'NONE', #1387, #1474 ) ;
#880 = ORIENTED_EDGE ( 'NONE', *, *, #1803, .T. ) ;
#881 = ORIENTED_EDGE ( 'NONE', *, *, #1363, .F. ) ;
#882 = VERTEX_POINT ( 'NONE', #519 ) ;
#883 = DIRECTION ( 'NONE',  ( -0.000000000000000000, 0.000000000000000000, 1.000000000000000000 ) ) ;
#884 = DIRECTION ( 'NONE',  ( 1.249637081581196951E-16, 1.000000000000000000, 0.000000000000000000 ) ) ;
#885 = CARTESIAN_POINT ( 'NONE',  ( 1.364999999999999991, 2.000000000000001776, 0.3175000000000000044 ) ) ;
#886 = CARTESIAN_POINT ( 'NONE',  ( 2.000000000000000444, -1.499999999999999334, 0.3175000000000000044 ) ) ;
#887 = CARTESIAN_POINT ( 'NONE',  ( -19.50000000000000711, -2.000000000000000000, 0.6350000000000000089 ) ) ;
#888 = EDGE_LOOP ( 'NONE', ( #1051, #312, #250, #1497 ) ) ;
#889 = ORIENTED_EDGE ( 'NONE', *, *, #708, .T. ) ;
#890 = VERTEX_POINT ( 'NONE', #831 ) ;
#891 = PLANE ( 'NONE',  #120 ) ;
#892 = DIRECTION ( 'NONE',  ( 0.000000000000000000, 0.000000000000000000, -1.000000000000000000 ) ) ;
#893 = CARTESIAN_POINT ( 'NONE',  ( -19.82000000000000384, 0.4100000000000000311, 0.6350000000000000089 ) ) ;
#894 = CARTESIAN_POINT ( 'NONE',  ( -19.36500000000000554, -1.999999999999999112, 0.3175000000000000044 ) ) ;
#895 = EDGE_CURVE ( 'NONE', #1225, #779, #1575, .T. ) ;
#896 = CARTESIAN_POINT ( 'NONE',  ( 1.500000000000000666, -2.000000000000000000, 0.6350000000000000089 ) ) ;
#897 = LINE ( 'NONE', #1536, #1508 ) ;
#898 = VERTEX_POINT ( 'NONE', #1489 ) ;
#899 = EDGE_CURVE ( 'NONE', #260, #1453, #661, .T. ) ;
#900 = ORIENTED_EDGE ( 'NONE', *, *, #2045, .F. ) ;
#901 = ORIENTED_EDGE ( 'NONE', *, *, #1838, .F. ) ;
#902 = CARTESIAN_POINT ( 'NONE',  ( 1.364999999999999769, 2.000000000000000444, 0.000000000000000000 ) ) ;
#903 = VECTOR ( 'NONE', #1106, 100.0000000000000000 ) ;
#904 = VECTOR ( 'NONE', #625, 100.0000000000000142 ) ;
#905 = DIRECTION ( 'NONE',  ( 0.000000000000000000, 0.000000000000000000, 1.000000000000000000 ) ) ;
#906 = EDGE_CURVE ( 'NONE', #184, #1979, #976, .T. ) ;
#907 = VECTOR ( 'NONE', #17, 100.0000000000000000 ) ;
#908 = EDGE_CURVE ( 'NONE', #1068, #558, #1154, .T. ) ;
#909 = DIRECTION ( 'NONE',  ( -1.000000000000000000, -4.818676322157799347E-16, 0.000000000000000000 ) ) ;
#910 = DIRECTION ( 'NONE',  ( 0.000000000000000000, 0.000000000000000000, -1.000000000000000000 ) ) ;
#911 = VERTEX_POINT ( 'NONE', #377 ) ;
#912 = VERTEX_POINT ( 'NONE', #812 ) ;
#913 = EDGE_CURVE ( 'NONE', #1723, #2020, #364, .T. ) ;
#914 = VECTOR ( 'NONE', #218, 100.0000000000000000 ) ;
#915 = ORIENTED_EDGE ( 'NONE', *, *, #929, .T. ) ;
#916 = VECTOR ( 'NONE', #1211, 100.0000000000000000 ) ;
#917 = CARTESIAN_POINT ( 'NONE',  ( 1.820000000000000506, -0.4099999999999998646, 0.1349999999999999534 ) ) ;
#918 = DIRECTION ( 'NONE',  ( 1.000000000000000000, 1.931257307898213426E-16, 0.000000000000000000 ) ) ;
#919 = EDGE_CURVE ( 'NONE', #701, #1160, #681, .T. ) ;
#920 = CARTESIAN_POINT ( 'NONE',  ( 0.000000000000000000, 0.000000000000000000, 0.6350000000000000089 ) ) ;
#921 = LINE ( 'NONE', #1559, #16 ) ;
#922 = DIRECTION ( 'NONE',  ( 0.000000000000000000, -1.000000000000000000, 0.000000000000000000 ) ) ;
#923 = EDGE_LOOP ( 'NONE', ( #157, #572, #25, #1438 ) ) ;
#924 = ORIENTED_EDGE ( 'NONE', *, *, #132, .T. ) ;
#925 = ORIENTED_EDGE ( 'NONE', *, *, #1746, .T. ) ;
#926 =( NAMED_UNIT ( * ) PLANE_ANGLE_UNIT ( ) SI_UNIT ( $, .RADIAN. ) );
#927 = DIRECTION ( 'NONE',  ( 0.000000000000000000, 0.000000000000000000, -1.000000000000000000 ) ) ;
#928 = DIRECTION ( 'NONE',  ( -0.000000000000000000, 0.000000000000000000, 1.000000000000000000 ) ) ;
#929 = EDGE_CURVE ( 'NONE', #304, #612, #345, .T. ) ;
#930 = ORIENTED_EDGE ( 'NONE', *, *, #1838, .T. ) ;
#931 = ORIENTED_EDGE ( 'NONE', *, *, #913, .T. ) ;
#932 = EDGE_CURVE ( 'NONE', #678, #1366, #575, .T. ) ;
#933 = ORIENTED_EDGE ( 'NONE', *, *, #745, .T. ) ;
#934 = ADVANCED_FACE ( 'NONE', ( #357 ), #1459, .F. ) ;
#935 = DIRECTION ( 'NONE',  ( 0.000000000000000000, 0.000000000000000000, -1.000000000000000000 ) ) ;
#936 = CARTESIAN_POINT ( 'NONE',  ( 1.820000000000000506, -0.4099999999999998646, 0.1349999999999999534 ) ) ;
#937 = EDGE_CURVE ( 'NONE', #912, #1450, #1478, .T. ) ;
#938 = VERTEX_POINT ( 'NONE', #1607 ) ;
#939 = VECTOR ( 'NONE', #1251, 100.0000000000000142 ) ;
#940 = CYLINDRICAL_SURFACE ( 'NONE', #2039, 0.3049999999999999933 ) ;
#941 = VECTOR ( 'NONE', #1110, 100.0000000000000000 ) ;
#942 = ORIENTED_EDGE ( 'NONE', *, *, #1740, .F. ) ;
#943 = AXIS2_PLACEMENT_3D ( 'NONE', #1360, #1188, #1512 ) ;
#944 = ORIENTED_EDGE ( 'NONE', *, *, #1784, .F. ) ;
#945 = ORIENTED_EDGE ( 'NONE', *, *, #1552, .F. ) ;
#946 = VECTOR ( 'NONE', #1977, 100.0000000000000000 ) ;
#947 = VECTOR ( 'NONE', #1073, 100.0000000000000142 ) ;
#948 = CARTESIAN_POINT ( 'NONE',  ( -17.59000000000000696, 2.000000000000000444, 0.6350000000000000089 ) ) ;
#949 = CARTESIAN_POINT ( 'NONE',  ( -18.00000000000000355, -0.3049999999999999933, 0.6350000000000000089 ) ) ;
#950 = ORIENTED_EDGE ( 'NONE', *, *, #1394, .F. ) ;
#951 = DIRECTION ( 'NONE',  ( 1.000000000000000000, -4.818676322157798361E-16, 0.000000000000000000 ) ) ;
#952 = CARTESIAN_POINT ( 'NONE',  ( -0.4100000000000000311, 2.000000000000000444, 0.6350000000000000089 ) ) ;
#953 = CARTESIAN_POINT ( 'NONE',  ( -1.500000000000000222, 2.000000000000000444, 0.000000000000000000 ) ) ;
#954 = ORIENTED_EDGE ( 'NONE', *, *, #220, .T. ) ;
#955 = ADVANCED_FACE ( 'NONE', ( #39 ), #985, .F. ) ;
#956 = DIRECTION ( 'NONE',  ( -0.000000000000000000, 0.000000000000000000, 1.000000000000000000 ) ) ;
#957 = CARTESIAN_POINT ( 'NONE',  ( -20.00000000000000711, -1.365000000000000213, 0.6350000000000000089 ) ) ;
#958 = ORIENTED_EDGE ( 'NONE', *, *, #798, .T. ) ;
#959 = PLANE ( 'NONE',  #144 ) ;
#960 = ORIENTED_EDGE ( 'NONE', *, *, #1320, .T. ) ;
#961 = CARTESIAN_POINT ( 'NONE',  ( 1.200000000000000622, -0.7679571668975718746, 0.1349999999999999534 ) ) ;
#962 = ORIENTED_EDGE ( 'NONE', *, *, #1555, .T. ) ;
#963 = DIRECTION ( 'NONE',  ( 1.000000000000000000, 1.249637081581196951E-16, 0.000000000000000000 ) ) ;
#964 = DIRECTION ( 'NONE',  ( 0.000000000000000000, -1.000000000000000000, 0.000000000000000000 ) ) ;
#965 = ORIENTED_EDGE ( 'NONE', *, *, #1293, .T. ) ;
#966 = DIRECTION ( 'NONE',  ( 0.000000000000000000, 0.000000000000000000, -1.000000000000000000 ) ) ;
#967 = VECTOR ( 'NONE', #1898, 100.0000000000000000 ) ;
#968 = EDGE_CURVE ( 'NONE', #470, #184, #1931, .T. ) ;
#969 = VECTOR ( 'NONE', #892, 100.0000000000000000 ) ;
#970 = ORIENTED_EDGE ( 'NONE', *, *, #718, .T. ) ;
#971 = CARTESIAN_POINT ( 'NONE',  ( 2.000000000000000444, 1.500000000000000666, 0.6350000000000000089 ) ) ;
#972 = VECTOR ( 'NONE', #2037, 100.0000000000000000 ) ;
#973 = ORIENTED_EDGE ( 'NONE', *, *, #1487, .T. ) ;
#974 = PLANE ( 'NONE',  #320 ) ;
#975 = EDGE_CURVE ( 'NONE', #116, #1415, #1953, .T. ) ;
#976 = LINE ( 'NONE', #1771, #539 ) ;
#977 = AXIS2_PLACEMENT_3D ( 'NONE', #140, #772, #1895 ) ;
#978 = ORIENTED_EDGE ( 'NONE', *, *, #629, .F. ) ;
#979 = CARTESIAN_POINT ( 'NONE',  ( 2.000000000000000444, 0.4100000000000001421, 0.6350000000000000089 ) ) ;
#980 = ORIENTED_EDGE ( 'NONE', *, *, #2048, .T. ) ;
#981 = LINE ( 'NONE', #827, #647 ) ;
#982 = CARTESIAN_POINT ( 'NONE',  ( -17.23204283310243312, 1.199999999999999956, 0.1349999999999999534 ) ) ;
#983 = ORIENTED_EDGE ( 'NONE', *, *, #1547, .F. ) ;
#984 = LINE ( 'NONE', #1762, #1010 ) ;
#985 = PLANE ( 'NONE',  #703 ) ;
#986 = DIRECTION ( 'NONE',  ( 1.000000000000000000, -1.156482317317871725E-16, 0.000000000000000000 ) ) ;
#987 = CARTESIAN_POINT ( 'NONE',  ( -16.63500000000000512, 2.000000000000001776, 0.6350000000000000089 ) ) ;
#988 = CARTESIAN_POINT ( 'NONE',  ( 1.200000000000000622, -0.7679571668975718746, 0.1349999999999999534 ) ) ;
#989 = ORIENTED_EDGE ( 'NONE', *, *, #546, .T. ) ;
#990 = ORIENTED_EDGE ( 'NONE', *, *, #906, .T. ) ;
#991 = CARTESIAN_POINT ( 'NONE',  ( -19.36500000000000554, 1.364999999999998215, 0.3175000000000000044 ) ) ;
#992 = EDGE_CURVE ( 'NONE', #1168, #1564, #219, .T. ) ;
#993 = DIRECTION ( 'NONE',  ( 0.000000000000000000, 1.000000000000000000, 0.000000000000000000 ) ) ;
#994 = LINE ( 'NONE', #1963, #1042 ) ;
#995 = DIRECTION ( 'NONE',  ( 0.000000000000000000, -1.000000000000000000, 0.000000000000000000 ) ) ;
#996 = EDGE_CURVE ( 'NONE', #688, #581, #1804, .T. ) ;
#997 = ORIENTED_EDGE ( 'NONE', *, *, #1951, .T. ) ;
#998 = LINE ( 'NONE', #212, #1447 ) ;
#999 = LINE ( 'NONE', #533, #448 ) ;
#1000 = VECTOR ( 'NONE', #63, 100.0000000000000000 ) ;
#1001 = ORIENTED_EDGE ( 'NONE', *, *, #333, .T. ) ;
#1002 = VECTOR ( 'NONE', #1317, 100.0000000000000000 ) ;
#1003 = ORIENTED_EDGE ( 'NONE', *, *, #1180, .T. ) ;
#1004 = AXIS2_PLACEMENT_3D ( 'NONE', #1230, #1560, #2018 ) ;
#1005 = CARTESIAN_POINT ( 'NONE',  ( 1.364999999999995328, 16.63499999999999801, 0.3175000000000000044 ) ) ;
#1006 = DIRECTION ( 'NONE',  ( 1.000000000000000000, 0.000000000000000000, 0.000000000000000000 ) ) ;
#1007 = LINE ( 'NONE', #1043, #1775 ) ;
#1008 = PLANE ( 'NONE',  #1167 ) ;
#1009 = VECTOR ( 'NONE', #1834, 100.0000000000000000 ) ;
#1010 = VECTOR ( 'NONE', #1424, 100.0000000000000000 ) ;
#1011 = DIRECTION ( 'NONE',  ( 4.818676322157798361E-16, 1.000000000000000000, 0.000000000000000000 ) ) ;
#1012 = CARTESIAN_POINT ( 'NONE',  ( -1.364999999999999991, 16.63499999999999801, 0.3175000000000000044 ) ) ;
#1013 = ORIENTED_EDGE ( 'NONE', *, *, #1757, .T. ) ;
#1014 = EDGE_CURVE ( 'NONE', #49, #1215, #1175, .T. ) ;
#1015 = ORIENTED_EDGE ( 'NONE', *, *, #598, .T. ) ;
#1016 = ORIENTED_EDGE ( 'NONE', *, *, #919, .F. ) ;
#1017 = DIRECTION ( 'NONE',  ( 0.000000000000000000, 1.000000000000000000, 0.000000000000000000 ) ) ;
#1018 = DIRECTION ( 'NONE',  ( 0.000000000000000000, -1.000000000000000000, 0.000000000000000000 ) ) ;
#1019 = ADVANCED_FACE ( 'NONE', ( #654 ), #1289, .F. ) ;
#1020 = DIRECTION ( 'NONE',  ( -1.249637081581196951E-16, 1.000000000000000000, -0.000000000000000000 ) ) ;
#1021 = DIRECTION ( 'NONE',  ( -1.156482317317871725E-16, -1.000000000000000000, 0.000000000000000000 ) ) ;
#1022 = EDGE_CURVE ( 'NONE', #2057, #734, #562, .T. ) ;
#1023 = DIRECTION ( 'NONE',  ( 0.000000000000000000, 0.000000000000000000, 1.000000000000000000 ) ) ;
#1024 = DIRECTION ( 'NONE',  ( 0.000000000000000000, -1.000000000000000000, 0.000000000000000000 ) ) ;
#1025 = ORIENTED_EDGE ( 'NONE', *, *, #272, .F. ) ;
#1026 = ORIENTED_EDGE ( 'NONE', *, *, #867, .T. ) ;
#1027 = ADVANCED_FACE ( 'NONE', ( #1383 ), #1372, .F. ) ;
#1028 = ORIENTED_EDGE ( 'NONE', *, *, #333, .F. ) ;
#1029 = LINE ( 'NONE', #517, #618 ) ;
#1030 = LINE ( 'NONE', #1522, #1942 ) ;
#1031 = DIRECTION ( 'NONE',  ( 1.000000000000000000, 0.000000000000000000, 0.000000000000000000 ) ) ;
#1032 = CYLINDRICAL_SURFACE ( 'NONE', #242, 2.500000000000000000 ) ;
#1033 = CARTESIAN_POINT ( 'NONE',  ( -20.00000000000000711, -0.4099999999999999201, 0.1349999999999999534 ) ) ;
#1034 = DIRECTION ( 'NONE',  ( 0.000000000000000000, 0.000000000000000000, 1.000000000000000000 ) ) ;
#1035 = EDGE_LOOP ( 'NONE', ( #1850, #1355, #182, #651 ) ) ;
#1036 = VERTEX_POINT ( 'NONE', #86 ) ;
#1037 = CIRCLE ( 'NONE', #1973, 0.3049999999999999933 ) ;
#1038 = VERTEX_POINT ( 'NONE', #105 ) ;
#1039 = DIRECTION ( 'NONE',  ( 0.000000000000000000, 0.000000000000000000, -1.000000000000000000 ) ) ;
#1040 = VECTOR ( 'NONE', #194, 100.0000000000000142 ) ;
#1041 = CARTESIAN_POINT ( 'NONE',  ( -19.36500000000000554, 2.000000000000000444, 0.000000000000000000 ) ) ;
#1042 = VECTOR ( 'NONE', #884, 100.0000000000000000 ) ;
#1043 = CARTESIAN_POINT ( 'NONE',  ( -16.50000000000000355, 2.000000000000000444, 0.000000000000000000 ) ) ;
#1044 = EDGE_CURVE ( 'NONE', #1825, #815, #1851, .T. ) ;
#1045 = VERTEX_POINT ( 'NONE', #1197 ) ;
#1046 = FACE_OUTER_BOUND ( 'NONE', #387, .T. ) ;
#1047 = DIRECTION ( 'NONE',  ( -1.000000000000000000, 2.312964634635742957E-16, 0.000000000000000000 ) ) ;
#1048 = CARTESIAN_POINT ( 'NONE',  ( 0.4099999999999999201, 1.820000000000000506, 0.1349999999999999534 ) ) ;
#1049 = EDGE_LOOP ( 'NONE', ( #925, #603, #601, #228, #2060, #274 ) ) ;
#1050 = AXIS2_PLACEMENT_3D ( 'NONE', #189, #956, #1434 ) ;
#1051 = ORIENTED_EDGE ( 'NONE', *, *, #449, .F. ) ;
#1052 = ORIENTED_EDGE ( 'NONE', *, *, #367, .F. ) ;
#1053 = PRODUCT_CONTEXT ( 'NONE', #1399, 'mechanical' ) ;
#1054 = DIRECTION ( 'NONE',  ( 0.000000000000000000, 1.000000000000000000, 0.000000000000000000 ) ) ;
#1055 = CARTESIAN_POINT ( 'NONE',  ( 0.7679571668975722076, 1.199999999999999956, 0.6350000000000000089 ) ) ;
#1056 = DIRECTION ( 'NONE',  ( 0.000000000000000000, 0.000000000000000000, 1.000000000000000000 ) ) ;
#1057 = LINE ( 'NONE', #896, #176 ) ;
#1058 = CARTESIAN_POINT ( 'NONE',  ( 1.364999999999999991, 1.364999999999998215, 0.6350000000000000089 ) ) ;
#1059 = ORIENTED_EDGE ( 'NONE', *, *, #1014, .T. ) ;
#1060 = ORIENTED_EDGE ( 'NONE', *, *, #477, .T. ) ;
#1061 = EDGE_LOOP ( 'NONE', ( #1702, #657, #1244, #103 ) ) ;
#1062 = DIRECTION ( 'NONE',  ( 1.000000000000000000, 0.000000000000000000, 0.000000000000000000 ) ) ;
#1063 = EDGE_CURVE ( 'NONE', #1839, #679, #717, .T. ) ;
#1064 = CYLINDRICAL_SURFACE ( 'NONE', #1950, 2.500000000000000000 ) ;
#1065 = CARTESIAN_POINT ( 'NONE',  ( -0.4100000000000000311, 2.000000000000000444, 0.1349999999999999534 ) ) ;
#1066 = DIRECTION ( 'NONE',  ( 0.000000000000000000, -1.000000000000000000, 0.000000000000000000 ) ) ;
#1067 = PLANE ( 'NONE',  #1680 ) ;
#1068 = VERTEX_POINT ( 'NONE', #1532 ) ;
#1069 = VERTEX_POINT ( 'NONE', #1984 ) ;
#1070 = APPLICATION_PROTOCOL_DEFINITION ( 'draft international standard', 'automotive_design', 1998, #1399 ) ;
#1071 = DIRECTION ( 'NONE',  ( 0.000000000000000000, 0.000000000000000000, 1.000000000000000000 ) ) ;
#1072 = AXIS2_PLACEMENT_3D ( 'NONE', #1065, #1361, #2027 ) ;
#1073 = DIRECTION ( 'NONE',  ( 0.8660254037844360431, 0.5000000000000042188, 0.000000000000000000 ) ) ;
#1074 = VECTOR ( 'NONE', #1006, 100.0000000000000000 ) ;
#1075 = CARTESIAN_POINT ( 'NONE',  ( 1.200000000000000622, -0.7679571668975718746, 0.1349999999999999534 ) ) ;
#1076 = VECTOR ( 'NONE', #600, 100.0000000000000000 ) ;
#1077 = DIRECTION ( 'NONE',  ( 0.000000000000000000, -1.000000000000000000, 0.000000000000000000 ) ) ;
#1078 = FACE_OUTER_BOUND ( 'NONE', #1496, .T. ) ;
#1079 = EDGE_LOOP ( 'NONE', ( #1134, #761 ) ) ;
#1080 = ORIENTED_EDGE ( 'NONE', *, *, #449, .T. ) ;
#1081 = AXIS2_PLACEMENT_3D ( 'NONE', #1005, #691, #1326 ) ;
#1082 = EDGE_CURVE ( 'NONE', #1780, #1083, #1208, .T. ) ;
#1083 = VERTEX_POINT ( 'NONE', #726 ) ;
#1084 = AXIS2_PLACEMENT_3D ( 'NONE', #1147, #1630, #416 ) ;
#1085 = CARTESIAN_POINT ( 'NONE',  ( -19.36500000000000554, 2.000000000000001776, 0.3175000000000000044 ) ) ;
#1086 = LINE ( 'NONE', #141, #414 ) ;
#1087 = EDGE_CURVE ( 'NONE', #1083, #779, #1187, .T. ) ;
#1088 = CARTESIAN_POINT ( 'NONE',  ( 0.000000000000000000, 0.000000000000000000, 0.000000000000000000 ) ) ;
#1089 = ORIENTED_EDGE ( 'NONE', *, *, #298, .F. ) ;
#1090 = ORIENTED_EDGE ( 'NONE', *, *, #1429, .T. ) ;
#1091 = ORIENTED_EDGE ( 'NONE', *, *, #1872, .T. ) ;
#1092 = DIRECTION ( 'NONE',  ( 0.5000000000000043299, -0.8660254037844362651, 0.000000000000000000 ) ) ;
#1093 = CARTESIAN_POINT ( 'NONE',  ( -0.7679571668975722076, 1.199999999999999956, 0.1349999999999999534 ) ) ;
#1094 = LINE ( 'NONE', #800, #41 ) ;
#1095 = ORIENTED_EDGE ( 'NONE', *, *, #1926, .T. ) ;
#1096 = CARTESIAN_POINT ( 'NONE',  ( -0.4099999999999999201, 1.820000000000000506, 0.1349999999999999534 ) ) ;
#1097 = VERTEX_POINT ( 'NONE', #422 ) ;
#1098 = DIRECTION ( 'NONE',  ( 0.000000000000000000, 0.000000000000000000, 1.000000000000000000 ) ) ;
#1099 = VERTEX_POINT ( 'NONE', #2014 ) ;
#1100 = LINE ( 'NONE', #948, #782 ) ;
#1101 = AXIS2_PLACEMENT_3D ( 'NONE', #1257, #306, #784 ) ;
#1102 = DIRECTION ( 'NONE',  ( -0.000000000000000000, 0.000000000000000000, 1.000000000000000000 ) ) ;
#1103 = EDGE_LOOP ( 'NONE', ( #67, #18, #1258, #1902 ) ) ;
#1104 = VECTOR ( 'NONE', #1464, 100.0000000000000000 ) ;
#1105 = ADVANCED_FACE ( 'NONE', ( #1350 ), #752, .T. ) ;
#1106 = DIRECTION ( 'NONE',  ( 1.000000000000000000, -4.818676322157799347E-16, 0.000000000000000000 ) ) ;
#1107 = VECTOR ( 'NONE', #1020, 100.0000000000000000 ) ;
#1108 = ORIENTED_EDGE ( 'NONE', *, *, #1547, .T. ) ;
#1109 = ORIENTED_EDGE ( 'NONE', *, *, #1397, .F. ) ;
#1110 = DIRECTION ( 'NONE',  ( -1.000000000000000000, 1.931257307898213426E-16, 0.000000000000000000 ) ) ;
#1111 = EDGE_CURVE ( 'NONE', #898, #303, #76, .T. ) ;
#1112 = ORIENTED_EDGE ( 'NONE', *, *, #867, .F. ) ;
#1113 = LINE ( 'NONE', #799, #1617 ) ;
#1114 = EDGE_CURVE ( 'NONE', #2013, #1701, #1218, .T. ) ;
#1115 = PLANE ( 'NONE',  #1101 ) ;
#1116 = ORIENTED_EDGE ( 'NONE', *, *, #821, .F. ) ;
#1117 = CARTESIAN_POINT ( 'NONE',  ( 1.200000000000000622, 0.7679571668975720966, 0.6350000000000000089 ) ) ;
#1118 = CARTESIAN_POINT ( 'NONE',  ( 2.000000000000000444, -0.4099999999999999201, 0.1349999999999999534 ) ) ;
#1119 = LINE ( 'NONE', #1759, #148 ) ;
#1120 = ORIENTED_EDGE ( 'NONE', *, *, #937, .T. ) ;
#1121 = EDGE_CURVE ( 'NONE', #1825, #1737, #2002, .T. ) ;
#1122 = LINE ( 'NONE', #1930, #217 ) ;
#1123 = LINE ( 'NONE', #936, #904 ) ;
#1124 = EDGE_CURVE ( 'NONE', #1766, #1755, #1704, .T. ) ;
#1125 = ORIENTED_EDGE ( 'NONE', *, *, #347, .T. ) ;
#1126 = CARTESIAN_POINT ( 'NONE',  ( -18.62000000000000455, -2.000000000000000444, 0.000000000000000000 ) ) ;
#1127 = EDGE_CURVE ( 'NONE', #1465, #1868, #1030, .T. ) ;
#1128 = VERTEX_POINT ( 'NONE', #118 ) ;
#1129 = CARTESIAN_POINT ( 'NONE',  ( -19.20000000000000639, 0.7679571668975720966, 0.1349999999999999534 ) ) ;
#1130 = ORIENTED_EDGE ( 'NONE', *, *, #1589, .F. ) ;
#1131 = EDGE_CURVE ( 'NONE', #898, #777, #2024, .T. ) ;
#1132 = CARTESIAN_POINT ( 'NONE',  ( -20.00000000000000355, 1.500000000000000222, 0.3175000000000000044 ) ) ;
#1133 = DIRECTION ( 'NONE',  ( 0.000000000000000000, -1.000000000000000000, 0.000000000000000000 ) ) ;
#1134 = ORIENTED_EDGE ( 'NONE', *, *, #477, .F. ) ;
#1135 = DIRECTION ( 'NONE',  ( -0.000000000000000000, 0.000000000000000000, 1.000000000000000000 ) ) ;
#1136 = VECTOR ( 'NONE', #1974, 100.0000000000000000 ) ;
#1137 = VECTOR ( 'NONE', #1671, 100.0000000000000000 ) ;
#1138 = ORIENTED_EDGE ( 'NONE', *, *, #1451, .F. ) ;
#1139 = CARTESIAN_POINT ( 'NONE',  ( -2.379999999999999893, -0.5700000000000000622, 0.6350000000000000089 ) ) ;
#1140 = VECTOR ( 'NONE', #1286, 100.0000000000000142 ) ;
#1141 = ORIENTED_EDGE ( 'NONE', *, *, #215, .F. ) ;
#1142 = LINE ( 'NONE', #158, #1688 ) ;
#1143 = DIRECTION ( 'NONE',  ( 0.000000000000000000, 0.000000000000000000, 1.000000000000000000 ) ) ;
#1144 = VECTOR ( 'NONE', #338, 100.0000000000000000 ) ;
#1145 = DIRECTION ( 'NONE',  ( -4.818676322157798361E-16, 1.000000000000000000, 0.000000000000000000 ) ) ;
#1146 = EDGE_CURVE ( 'NONE', #303, #898, #611, .T. ) ;
#1147 = CARTESIAN_POINT ( 'NONE',  ( 0.000000000000000000, 0.000000000000000000, 0.000000000000000000 ) ) ;
#1148 = DIRECTION ( 'NONE',  ( 0.5000000000000043299, 0.8660254037844362651, 0.000000000000000000 ) ) ;
#1149 = EDGE_CURVE ( 'NONE', #1601, #1185, #96, .T. ) ;
#1150 = ORIENTED_EDGE ( 'NONE', *, *, #197, .T. ) ;
#1151 = VERTEX_POINT ( 'NONE', #1871 ) ;
#1152 = LINE ( 'NONE', #840, #750 ) ;
#1153 = EDGE_CURVE ( 'NONE', #2020, #58, #400, .T. ) ;
#1154 = LINE ( 'NONE', #510, #1270 ) ;
#1155 = CARTESIAN_POINT ( 'NONE',  ( -16.50000000000000355, 2.000000000000000444, 0.3175000000000000044 ) ) ;
#1156 = DIRECTION ( 'NONE',  ( 1.000000000000000000, 0.000000000000000000, 0.000000000000000000 ) ) ;
#1157 = LINE ( 'NONE', #78, #946 ) ;
#1158 = DIRECTION ( 'NONE',  ( 1.000000000000000000, 0.000000000000000000, 0.000000000000000000 ) ) ;
#1159 = VERTEX_POINT ( 'NONE', #240 ) ;
#1160 = VERTEX_POINT ( 'NONE', #1624 ) ;
#1161 = CARTESIAN_POINT ( 'NONE',  ( -19.36500000000000554, 2.000000000000001776, 0.6350000000000000089 ) ) ;
#1162 = DIRECTION ( 'NONE',  ( 0.000000000000000000, 0.000000000000000000, 1.000000000000000000 ) ) ;
#1163 = DIRECTION ( 'NONE',  ( 0.000000000000000000, 0.000000000000000000, 1.000000000000000000 ) ) ;
#1164 = DIRECTION ( 'NONE',  ( 0.000000000000000000, -1.000000000000000000, 0.000000000000000000 ) ) ;
#1165 = CARTESIAN_POINT ( 'NONE',  ( 2.000000000000000444, -0.4099999999999999201, 0.1349999999999999534 ) ) ;
#1166 = CARTESIAN_POINT ( 'NONE',  ( -17.59000000000000696, 1.820000000000000506, 0.6350000000000000089 ) ) ;
#1167 = AXIS2_PLACEMENT_3D ( 'NONE', #825, #986, #1021 ) ;
#1168 = VERTEX_POINT ( 'NONE', #982 ) ;
#1169 = AXIS2_PLACEMENT_3D ( 'NONE', #300, #927, #773 ) ;
#1170 = ORIENTED_EDGE ( 'NONE', *, *, #1941, .F. ) ;
#1171 = EDGE_CURVE ( 'NONE', #744, #1509, #187, .T. ) ;
#1172 = VECTOR ( 'NONE', #1191, 100.0000000000000000 ) ;
#1173 = ORIENTED_EDGE ( 'NONE', *, *, #1897, .T. ) ;
#1174 = PLANE ( 'NONE',  #675 ) ;
#1175 = LINE ( 'NONE', #389, #1882 ) ;
#1176 = CARTESIAN_POINT ( 'NONE',  ( 1.200000000000000622, 0.7679571668975720966, 0.1349999999999999534 ) ) ;
#1177 = DIRECTION ( 'NONE',  ( 0.000000000000000000, -1.000000000000000000, 0.000000000000000000 ) ) ;
#1178 =( GEOMETRIC_REPRESENTATION_CONTEXT ( 3 ) GLOBAL_UNCERTAINTY_ASSIGNED_CONTEXT ( ( #2025 ) ) GLOBAL_UNIT_ASSIGNED_CONTEXT ( ( #1416, #926, #2046 ) ) REPRESENTATION_CONTEXT ( 'NONE', 'WORKASPACE' ) );
#1179 = AXIS2_PLACEMENT_3D ( 'NONE', #2017, #1844, #1376 ) ;
#1180 = EDGE_CURVE ( 'NONE', #1519, #820, #1886, .T. ) ;
#1181 = CARTESIAN_POINT ( 'NONE',  ( -18.00000000000000355, 0.000000000000000000, 0.1349999999999999534 ) ) ;
#1182 = DIRECTION ( 'NONE',  ( 0.000000000000000000, 0.000000000000000000, 1.000000000000000000 ) ) ;
#1183 = ORIENTED_EDGE ( 'NONE', *, *, #1872, .F. ) ;
#1184 = ORIENTED_EDGE ( 'NONE', *, *, #932, .T. ) ;
#1185 = VERTEX_POINT ( 'NONE', #1750 ) ;
#1186 = DIRECTION ( 'NONE',  ( 0.000000000000000000, 0.000000000000000000, -1.000000000000000000 ) ) ;
#1187 = LINE ( 'NONE', #409, #969 ) ;
#1188 = DIRECTION ( 'NONE',  ( -1.000000000000000000, 0.000000000000000000, 0.000000000000000000 ) ) ;
#1189 = DIRECTION ( 'NONE',  ( 0.000000000000000000, -1.000000000000000000, 0.000000000000000000 ) ) ;
#1190 = CARTESIAN_POINT ( 'NONE',  ( -18.76795716689757754, 1.199999999999999956, 0.1349999999999999534 ) ) ;
#1191 = DIRECTION ( 'NONE',  ( -1.000000000000000000, -2.312964634635742957E-16, 0.000000000000000000 ) ) ;
#1192 = ORIENTED_EDGE ( 'NONE', *, *, #356, .F. ) ;
#1193 = ORIENTED_EDGE ( 'NONE', *, *, #108, .F. ) ;
#1194 = EDGE_CURVE ( 'NONE', #2061, #1168, #1713, .T. ) ;
#1195 = ORIENTED_EDGE ( 'NONE', *, *, #1919, .F. ) ;
#1196 = DIRECTION ( 'NONE',  ( 0.000000000000000000, -1.000000000000000000, 0.000000000000000000 ) ) ;
#1197 = CARTESIAN_POINT ( 'NONE',  ( -19.20000000000000639, 0.7679571668975720966, 0.6350000000000000089 ) ) ;
#1198 = PLANE ( 'NONE',  #1944 ) ;
#1199 = DIRECTION ( 'NONE',  ( 0.000000000000000000, 1.000000000000000000, 0.000000000000000000 ) ) ;
#1200 = DIRECTION ( 'NONE',  ( -4.818676322157799347E-16, 1.000000000000000000, 0.000000000000000000 ) ) ;
#1201 = FACE_OUTER_BOUND ( 'NONE', #1959, .T. ) ;
#1202 = ORIENTED_EDGE ( 'NONE', *, *, #1127, .T. ) ;
#1203 = AXIS2_PLACEMENT_3D ( 'NONE', #1987, #555, #1189 ) ;
#1204 = ORIENTED_EDGE ( 'NONE', *, *, #1194, .F. ) ;
#1205 = VECTOR ( 'NONE', #2050, 100.0000000000000000 ) ;
#1206 = VERTEX_POINT ( 'NONE', #495 ) ;
#1207 = VECTOR ( 'NONE', #1566, 100.0000000000000000 ) ;
#1208 = LINE ( 'NONE', #1841, #1679 ) ;
#1209 = VECTOR ( 'NONE', #1473, 100.0000000000000000 ) ;
#1210 = CARTESIAN_POINT ( 'NONE',  ( 0.000000000000000000, 0.000000000000000000, 0.6350000000000000089 ) ) ;
#1211 = DIRECTION ( 'NONE',  ( 1.000000000000000000, -1.136033710528360955E-16, 0.000000000000000000 ) ) ;
#1212 = DIRECTION ( 'NONE',  ( -0.8660254037844362651, 0.5000000000000043299, 0.000000000000000000 ) ) ;
#1213 = EDGE_LOOP ( 'NONE', ( #1025, #1357, #1401, #1015, #1333, #1412, #336, #92, #1859, #2054, #621, #2040 ) ) ;
#1214 = VECTOR ( 'NONE', #441, 100.0000000000000000 ) ;
#1215 = VERTEX_POINT ( 'NONE', #828 ) ;
#1216 = EDGE_CURVE ( 'NONE', #492, #465, #1936, .T. ) ;
#1217 = ORIENTED_EDGE ( 'NONE', *, *, #594, .F. ) ;
#1218 = LINE ( 'NONE', #1041, #1238 ) ;
#1219 = CARTESIAN_POINT ( 'NONE',  ( -16.50000000000000355, 2.000000000000000444, 0.6350000000000000089 ) ) ;
#1220 = DIRECTION ( 'NONE',  ( 0.000000000000000000, 0.000000000000000000, 1.000000000000000000 ) ) ;
#1221 = PLANE ( 'NONE',  #1179 ) ;
#1222 = CARTESIAN_POINT ( 'NONE',  ( -19.20000000000000639, -0.7679571668975718746, 0.1349999999999999534 ) ) ;
#1223 = ORIENTED_EDGE ( 'NONE', *, *, #684, .T. ) ;
#1224 = ORIENTED_EDGE ( 'NONE', *, *, #1362, .F. ) ;
#1225 = VERTEX_POINT ( 'NONE', #953 ) ;
#1226 = DIRECTION ( 'NONE',  ( 0.000000000000000000, 0.000000000000000000, -1.000000000000000000 ) ) ;
#1227 = FACE_OUTER_BOUND ( 'NONE', #535, .T. ) ;
#1228 = PLANE ( 'NONE',  #1939 ) ;
#1229 = CARTESIAN_POINT ( 'NONE',  ( -19.36499999999999844, 16.63499999999999801, 0.3175000000000000044 ) ) ;
#1230 = CARTESIAN_POINT ( 'NONE',  ( 2.000000000000000444, 0.4100000000000001421, 0.1349999999999999534 ) ) ;
#1231 = EDGE_CURVE ( 'NONE', #1969, #1613, #26, .T. ) ;
#1232 = ORIENTED_EDGE ( 'NONE', *, *, #60, .T. ) ;
#1233 = ORIENTED_EDGE ( 'NONE', *, *, #1596, .T. ) ;
#1234 = ORIENTED_EDGE ( 'NONE', *, *, #1567, .T. ) ;
#1235 = EDGE_CURVE ( 'NONE', #1495, #1159, #639, .T. ) ;
#1236 = DIRECTION ( 'NONE',  ( -0.000000000000000000, 0.000000000000000000, 1.000000000000000000 ) ) ;
#1237 = FILL_AREA_STYLE_COLOUR ( '', #50 ) ;
#1238 = VECTOR ( 'NONE', #861, 100.0000000000000000 ) ;
#1239 = DIRECTION ( 'NONE',  ( 0.000000000000000000, 0.000000000000000000, 1.000000000000000000 ) ) ;
#1240 = AXIS2_PLACEMENT_3D ( 'NONE', #730, #1212, #1845 ) ;
#1241 = LINE ( 'NONE', #1675, #916 ) ;
#1242 = VERTEX_POINT ( 'NONE', #1129 ) ;
#1243 = EDGE_CURVE ( 'NONE', #1738, #1206, #504, .T. ) ;
#1244 = ORIENTED_EDGE ( 'NONE', *, *, #313, .T. ) ;
#1245 = VECTOR ( 'NONE', #795, 100.0000000000000000 ) ;
#1246 = AXIS2_PLACEMENT_3D ( 'NONE', #70, #1983, #850 ) ;
#1247 = EDGE_LOOP ( 'NONE', ( #1729, #1660, #1223, #1691 ) ) ;
#1248 = DIRECTION ( 'NONE',  ( 0.000000000000000000, 0.000000000000000000, 1.000000000000000000 ) ) ;
#1249 = CYLINDRICAL_SURFACE ( 'NONE', #977, 0.3049999999999999933 ) ;
#1250 = DIRECTION ( 'NONE',  ( 1.000000000000000000, 0.000000000000000000, 0.000000000000000000 ) ) ;
#1251 = DIRECTION ( 'NONE',  ( -0.8660254037844360431, 0.5000000000000042188, 0.000000000000000000 ) ) ;
#1252 = ORIENTED_EDGE ( 'NONE', *, *, #497, .F. ) ;
#1253 = DIRECTION ( 'NONE',  ( -0.000000000000000000, 0.000000000000000000, 1.000000000000000000 ) ) ;
#1254 = ORIENTED_EDGE ( 'NONE', *, *, #223, .T. ) ;
#1255 = EDGE_CURVE ( 'NONE', #1128, #227, #34, .T. ) ;
#1256 = CARTESIAN_POINT ( 'NONE',  ( -19.82000000000000384, -0.4099999999999998646, 0.1349999999999999534 ) ) ;
#1257 = CARTESIAN_POINT ( 'NONE',  ( 16.63499999999999801, -1.364999999999998437, 0.3175000000000000044 ) ) ;
#1258 = ORIENTED_EDGE ( 'NONE', *, *, #1433, .T. ) ;
#1259 = ADVANCED_FACE ( 'NONE', ( #1594 ), #665, .F. ) ;
#1260 = CARTESIAN_POINT ( 'NONE',  ( -18.62000000000000455, -2.000000000000000000, 0.6350000000000000089 ) ) ;
#1261 = EDGE_LOOP ( 'NONE', ( #536, #1026, #1269, #1728 ) ) ;
#1262 = APPLICATION_CONTEXT ( 'automotive_design' ) ;
#1263 = CARTESIAN_POINT ( 'NONE',  ( -0.4100000000000000311, 2.000000000000000444, 0.1349999999999999534 ) ) ;
#1264 = EDGE_CURVE ( 'NONE', #1159, #558, #1918, .T. ) ;
#1265 = ORIENTED_EDGE ( 'NONE', *, *, #1436, .T. ) ;
#1266 = CARTESIAN_POINT ( 'NONE',  ( -19.36499999999999844, 16.63499999999999801, 0.3175000000000000044 ) ) ;
#1267 = VECTOR ( 'NONE', #905, 100.0000000000000000 ) ;
#1268 = LINE ( 'NONE', #643, #1407 ) ;
#1269 = ORIENTED_EDGE ( 'NONE', *, *, #19, .F. ) ;
#1270 = VECTOR ( 'NONE', #61, 100.0000000000000000 ) ;
#1271 = DIRECTION ( 'NONE',  ( -1.000000000000000000, 0.000000000000000000, 0.000000000000000000 ) ) ;
#1272 = CIRCLE ( 'NONE', #1409, 0.3049999999999999933 ) ;
#1273 = LINE ( 'NONE', #487, #813 ) ;
#1274 = DIRECTION ( 'NONE',  ( 0.000000000000000000, 0.000000000000000000, 1.000000000000000000 ) ) ;
#1275 = ORIENTED_EDGE ( 'NONE', *, *, #1615, .F. ) ;
#1276 = EDGE_CURVE ( 'NONE', #48, #1097, #331, .T. ) ;
#1277 = CIRCLE ( 'NONE', #124, 2.500000000000000000 ) ;
#1278 = AXIS2_PLACEMENT_3D ( 'NONE', #382, #200, #369 ) ;
#1279 = CYLINDRICAL_SURFACE ( 'NONE', #1310, 2.500000000000000000 ) ;
#1280 = FACE_BOUND ( 'NONE', #483, .T. ) ;
#1281 = EDGE_CURVE ( 'NONE', #1839, #1495, #762, .T. ) ;
#1282 = VERTEX_POINT ( 'NONE', #488 ) ;
#1283 = CARTESIAN_POINT ( 'NONE',  ( -2.379999999999999893, -0.5700000000000000622, 0.000000000000000000 ) ) ;
#1284 = EDGE_CURVE ( 'NONE', #2020, #1465, #650, .T. ) ;
#1285 = CARTESIAN_POINT ( 'NONE',  ( -19.50000000000000711, -2.000000000000000000, 0.000000000000000000 ) ) ;
#1286 = DIRECTION ( 'NONE',  ( -0.5000000000000042188, 0.8660254037844362651, -0.000000000000000000 ) ) ;
#1287 = EDGE_LOOP ( 'NONE', ( #451, #759, #2030, #1486 ) ) ;
#1288 = DIRECTION ( 'NONE',  ( 0.000000000000000000, 0.000000000000000000, 1.000000000000000000 ) ) ;
#1289 = PLANE ( 'NONE',  #113 ) ;
#1290 = ORIENTED_EDGE ( 'NONE', *, *, #1674, .F. ) ;
#1291 = CARTESIAN_POINT ( 'NONE',  ( -18.00000000000000355, 0.3049999999999999933, 0.000000000000000000 ) ) ;
#1292 = ORIENTED_EDGE ( 'NONE', *, *, #1111, .T. ) ;
#1293 = EDGE_CURVE ( 'NONE', #1038, #419, #1119, .T. ) ;
#1294 = FACE_OUTER_BOUND ( 'NONE', #789, .T. ) ;
#1295 = CARTESIAN_POINT ( 'NONE',  ( 2.000000000000000444, 1.500000000000000666, 0.000000000000000000 ) ) ;
#1296 = ORIENTED_EDGE ( 'NONE', *, *, #1276, .F. ) ;
#1297 = CARTESIAN_POINT ( 'NONE',  ( -18.00000000000000355, 0.000000000000000000, 0.3175000000000000044 ) ) ;
#1298 = CARTESIAN_POINT ( 'NONE',  ( 2.000000000000000444, 1.500000000000000666, 0.3175000000000000044 ) ) ;
#1299 = DIRECTION ( 'NONE',  ( 1.156482317317871725E-16, 1.000000000000000000, 0.000000000000000000 ) ) ;
#1300 = VECTOR ( 'NONE', #1164, 100.0000000000000000 ) ;
#1301 = AXIS2_PLACEMENT_3D ( 'NONE', #1425, #633, #1913 ) ;
#1302 = CARTESIAN_POINT ( 'NONE',  ( -20.00000000000000711, 1.364999999999998437, 0.6350000000000000089 ) ) ;
#1303 = DIRECTION ( 'NONE',  ( 0.000000000000000000, -1.000000000000000000, 0.000000000000000000 ) ) ;
#1304 = VECTOR ( 'NONE', #1494, 100.0000000000000000 ) ;
#1305 = ADVANCED_FACE ( 'NONE', ( #658 ), #164, .F. ) ;
#1306 = ORIENTED_EDGE ( 'NONE', *, *, #162, .T. ) ;
#1307 = ORIENTED_EDGE ( 'NONE', *, *, #1427, .F. ) ;
#1308 = LINE ( 'NONE', #205, #844 ) ;
#1309 = CARTESIAN_POINT ( 'NONE',  ( -34.63500000000000512, 1.365000000000001101, 0.6350000000000000089 ) ) ;
#1310 = AXIS2_PLACEMENT_3D ( 'NONE', #680, #526, #59 ) ;
#1311 = FACE_OUTER_BOUND ( 'NONE', #1999, .T. ) ;
#1312 = ORIENTED_EDGE ( 'NONE', *, *, #996, .F. ) ;
#1313 = FACE_OUTER_BOUND ( 'NONE', #340, .T. ) ;
#1314 = DIRECTION ( 'NONE',  ( -0.5000000000000042188, 0.8660254037844362651, -0.000000000000000000 ) ) ;
#1315 = ORIENTED_EDGE ( 'NONE', *, *, #781, .F. ) ;
#1316 = CARTESIAN_POINT ( 'NONE',  ( 1.820000000000000506, -0.4099999999999998646, 0.1349999999999999534 ) ) ;
#1317 = DIRECTION ( 'NONE',  ( -1.000000000000000000, 1.931257307898213426E-16, 0.000000000000000000 ) ) ;
#1318 = DIRECTION ( 'NONE',  ( 0.000000000000000000, -1.000000000000000000, 0.000000000000000000 ) ) ;
#1319 = CARTESIAN_POINT ( 'NONE',  ( -20.00000000000000711, -1.499999999999999334, 0.000000000000000000 ) ) ;
#1320 = EDGE_CURVE ( 'NONE', #734, #195, #541, .T. ) ;
#1321 = FACE_OUTER_BOUND ( 'NONE', #659, .T. ) ;
#1322 = LINE ( 'NONE', #866, #1209 ) ;
#1323 = ORIENTED_EDGE ( 'NONE', *, *, #908, .F. ) ;
#1324 = EDGE_LOOP ( 'NONE', ( #560, #1899, #631, #933 ) ) ;
#1325 = ORIENTED_EDGE ( 'NONE', *, *, #367, .T. ) ;
#1326 = DIRECTION ( 'NONE',  ( 3.067291018426574134E-16, -1.000000000000000000, 0.000000000000000000 ) ) ;
#1327 = CARTESIAN_POINT ( 'NONE',  ( -17.23204283310243312, 1.199999999999999956, 0.1349999999999999534 ) ) ;
#1328 = LINE ( 'NONE', #97, #509 ) ;
#1329 = FACE_OUTER_BOUND ( 'NONE', #296, .T. ) ;
#1330 = DIRECTION ( 'NONE',  ( 0.000000000000000000, -1.000000000000000000, 0.000000000000000000 ) ) ;
#1331 = DIRECTION ( 'NONE',  ( 0.000000000000000000, -1.000000000000000000, 0.000000000000000000 ) ) ;
#1332 = CIRCLE ( 'NONE', #443, 2.500000000000000000 ) ;
#1333 = ORIENTED_EDGE ( 'NONE', *, *, #763, .T. ) ;
#1334 = AXIS2_PLACEMENT_3D ( 'NONE', #1785, #1620, #1971 ) ;
#1335 = ORIENTED_EDGE ( 'NONE', *, *, #1604, .F. ) ;
#1336 = CIRCLE ( 'NONE', #1712, 0.3049999999999999933 ) ;
#1337 = ORIENTED_EDGE ( 'NONE', *, *, #1455, .F. ) ;
#1338 = CARTESIAN_POINT ( 'NONE',  ( 0.7679571668975722076, 1.199999999999999956, 0.1349999999999999534 ) ) ;
#1339 = DIRECTION ( 'NONE',  ( 0.000000000000000000, -1.000000000000000000, 0.000000000000000000 ) ) ;
#1340 = DIRECTION ( 'NONE',  ( 0.000000000000000000, -1.000000000000000000, 0.000000000000000000 ) ) ;
#1341 = CARTESIAN_POINT ( 'NONE',  ( -16.63500000000000512, 1.364999999999999991, 0.3175000000000000044 ) ) ;
#1342 = VECTOR ( 'NONE', #131, 100.0000000000000000 ) ;
#1343 = VECTOR ( 'NONE', #111, 100.0000000000000000 ) ;
#1344 = DIRECTION ( 'NONE',  ( -1.000000000000000000, -2.312964634635742957E-16, 0.000000000000000000 ) ) ;
#1345 = DIRECTION ( 'NONE',  ( 1.000000000000000000, 0.000000000000000000, 0.000000000000000000 ) ) ;
#1346 = ORIENTED_EDGE ( 'NONE', *, *, #220, .F. ) ;
#1347 = ORIENTED_EDGE ( 'NONE', *, *, #1146, .F. ) ;
#1348 = EDGE_LOOP ( 'NONE', ( #154, #1325, #1721, #1138 ) ) ;
#1349 = FACE_OUTER_BOUND ( 'NONE', #1261, .T. ) ;
#1350 = FACE_OUTER_BOUND ( 'NONE', #1658, .T. ) ;
#1351 = LINE ( 'NONE', #390, #1107 ) ;
#1352 = DIRECTION ( 'NONE',  ( 0.000000000000000000, 0.000000000000000000, 1.000000000000000000 ) ) ;
#1353 = CARTESIAN_POINT ( 'NONE',  ( 0.000000000000000000, 0.000000000000000000, 0.000000000000000000 ) ) ;
#1354 = CARTESIAN_POINT ( 'NONE',  ( -18.41000000000000369, 1.820000000000000506, 0.1349999999999999534 ) ) ;
#1355 = ORIENTED_EDGE ( 'NONE', *, *, #1580, .F. ) ;
#1356 = ADVANCED_FACE ( 'NONE', ( #130 ), #1395, .F. ) ;
#1357 = ORIENTED_EDGE ( 'NONE', *, *, #1812, .F. ) ;
#1358 = ORIENTED_EDGE ( 'NONE', *, *, #269, .F. ) ;
#1359 = CARTESIAN_POINT ( 'NONE',  ( -20.00000000000000711, -0.4099999999999999201, 0.1349999999999999534 ) ) ;
#1360 = CARTESIAN_POINT ( 'NONE',  ( 1.365000000000002212, -16.63499999999999801, 0.3175000000000000044 ) ) ;
#1361 = DIRECTION ( 'NONE',  ( -1.000000000000000000, -4.818676322157798361E-16, 0.000000000000000000 ) ) ;
#1362 = EDGE_CURVE ( 'NONE', #1045, #820, #1322, .T. ) ;
#1363 = EDGE_CURVE ( 'NONE', #1069, #2057, #1336, .T. ) ;
#1364 = DIRECTION ( 'NONE',  ( 4.818676322157798361E-16, -1.000000000000000000, 0.000000000000000000 ) ) ;
#1365 = DIRECTION ( 'NONE',  ( 0.8660254037844362651, 0.5000000000000043299, 0.000000000000000000 ) ) ;
#1366 = VERTEX_POINT ( 'NONE', #1957 ) ;
#1367 = VECTOR ( 'NONE', #1469, 100.0000000000000000 ) ;
#1368 = ORIENTED_EDGE ( 'NONE', *, *, #1149, .T. ) ;
#1369 = ORIENTED_EDGE ( 'NONE', *, *, #1580, .T. ) ;
#1370 = ADVANCED_BREP_SHAPE_REPRESENTATION ( 'ramp-vertex_61', ( #1720, #644 ), #1781 ) ;
#1371 = AXIS2_PLACEMENT_3D ( 'NONE', #1500, #706, #149 ) ;
#1372 = PLANE ( 'NONE',  #1741 ) ;
#1373 = CARTESIAN_POINT ( 'NONE',  ( -18.00000000000000355, 0.000000000000000000, 0.6350000000000000089 ) ) ;
#1374 = DIRECTION ( 'NONE',  ( -0.8660254037844360431, 0.5000000000000042188, 0.000000000000000000 ) ) ;
#1375 = CLOSED_SHELL ( 'NONE', ( #1761, #24, #2005, #1501, #1900, #687, #849, #165, #653, #1958, #1305, #1019, #257, #1525, #646, #1643, #673, #2019, #136, #2062, #1610, #1405, #1521, #1027, #392, #1853, #1955, #95, #1932, #1988, #1634, #760, #119, #1105, #295, #833, #1703, #1629, #788, #1870, #571, #1571, #324, #1259, #353, #733, #235, #1801, #1657, #955, #155, #110, #617, #1356, #934, #1880, #379, #606, #1685, #1787, #563, #84 ) ) ;
#1376 = DIRECTION ( 'NONE',  ( 4.818676322157798361E-16, 1.000000000000000000, 0.000000000000000000 ) ) ;
#1377 = DIRECTION ( 'NONE',  ( 1.000000000000000000, 2.385670792109557660E-16, 0.000000000000000000 ) ) ;
#1378 = EDGE_LOOP ( 'NONE', ( #1980, #1621 ) ) ;
#1379 = AXIS2_PLACEMENT_3D ( 'NONE', #1297, #1597, #810 ) ;
#1380 = VERTEX_POINT ( 'NONE', #677 ) ;
#1381 = EDGE_LOOP ( 'NONE', ( #1569, #881, #1641, #1060 ) ) ;
#1382 = LINE ( 'NONE', #584, #814 ) ;
#1383 = FACE_OUTER_BOUND ( 'NONE', #1730, .T. ) ;
#1384 = LINE ( 'NONE', #461, #1214 ) ;
#1385 = LINE ( 'NONE', #597, #38 ) ;
#1386 = DIRECTION ( 'NONE',  ( 0.000000000000000000, 0.000000000000000000, 1.000000000000000000 ) ) ;
#1387 = CARTESIAN_POINT ( 'NONE',  ( 0.4100000000000000311, 2.000000000000000444, 0.1349999999999999534 ) ) ;
#1388 = EDGE_CURVE ( 'NONE', #1225, #1766, #404, .T. ) ;
#1389 = ORIENTED_EDGE ( 'NONE', *, *, #708, .F. ) ;
#1390 = EDGE_LOOP ( 'NONE', ( #22, #1307, #924, #962, #2042 ) ) ;
#1391 = PRODUCT_RELATED_PRODUCT_CATEGORY ( 'part', '', ( #185 ) ) ;
#1392 = VERTEX_POINT ( 'NONE', #383 ) ;
#1393 = CARTESIAN_POINT ( 'NONE',  ( 0.000000000000000000, 0.000000000000000000, 0.000000000000000000 ) ) ;
#1394 = EDGE_CURVE ( 'NONE', #428, #1128, #1484, .T. ) ;
#1395 = PLANE ( 'NONE',  #1885 ) ;
#1396 = PLANE ( 'NONE',  #637 ) ;
#1397 = EDGE_CURVE ( 'NONE', #746, #1839, #999, .T. ) ;
#1398 = DIRECTION ( 'NONE',  ( 1.156482317317871725E-16, -1.000000000000000000, 0.000000000000000000 ) ) ;
#1399 = APPLICATION_CONTEXT ( 'automotive_design' ) ;
#1400 = LINE ( 'NONE', #417, #972 ) ;
#1401 = ORIENTED_EDGE ( 'NONE', *, *, #497, .T. ) ;
#1402 = ORIENTED_EDGE ( 'NONE', *, *, #929, .F. ) ;
#1403 = ORIENTED_EDGE ( 'NONE', *, *, #1014, .F. ) ;
#1404 = AXIS2_PLACEMENT_3D ( 'NONE', #1210, #1056, #1864 ) ;
#1405 = ADVANCED_FACE ( 'NONE', ( #723 ), #234, .F. ) ;
#1406 = LINE ( 'NONE', #305, #2051 ) ;
#1407 = VECTOR ( 'NONE', #1588, 100.0000000000000000 ) ;
#1408 = LINE ( 'NONE', #1904, #146 ) ;
#1409 = AXIS2_PLACEMENT_3D ( 'NONE', #79, #370, #1331 ) ;
#1410 = LINE ( 'NONE', #161, #1638 ) ;
#1411 = ORIENTED_EDGE ( 'NONE', *, *, #463, .T. ) ;
#1412 = ORIENTED_EDGE ( 'NONE', *, *, #1492, .F. ) ;
#1413 = AXIS2_PLACEMENT_3D ( 'NONE', #1810, #1330, #1644 ) ;
#1414 = VECTOR ( 'NONE', #267, 100.0000000000000000 ) ;
#1415 = VERTEX_POINT ( 'NONE', #213 ) ;
#1416 =( LENGTH_UNIT ( ) NAMED_UNIT ( * ) SI_UNIT ( .CENTI., .METRE. ) );
#1417 = LINE ( 'NONE', #2056, #446 ) ;
#1418 = ORIENTED_EDGE ( 'NONE', *, *, #694, .T. ) ;
#1419 = PLANE ( 'NONE',  #204 ) ;
#1420 = ORIENTED_EDGE ( 'NONE', *, *, #721, .T. ) ;
#1421 = ORIENTED_EDGE ( 'NONE', *, *, #803, .F. ) ;
#1422 = EDGE_CURVE ( 'NONE', #58, #1847, #394, .T. ) ;
#1423 = ORIENTED_EDGE ( 'NONE', *, *, #264, .F. ) ;
#1424 = DIRECTION ( 'NONE',  ( -0.000000000000000000, 0.000000000000000000, 1.000000000000000000 ) ) ;
#1425 = CARTESIAN_POINT ( 'NONE',  ( -19.50000000000000711, -2.000000000000000000, 0.000000000000000000 ) ) ;
#1426 = EDGE_LOOP ( 'NONE', ( #889, #1541, #1335, #2023 ) ) ;
#1427 = EDGE_CURVE ( 'NONE', #679, #1755, #1824, .T. ) ;
#1428 = DIRECTION ( 'NONE',  ( -0.000000000000000000, 1.000000000000000000, 0.000000000000000000 ) ) ;
#1429 = EDGE_CURVE ( 'NONE', #1485, #1564, #1789, .T. ) ;
#1430 = CARTESIAN_POINT ( 'NONE',  ( -0.4099999999999999201, 1.820000000000000506, 0.6350000000000000089 ) ) ;
#1431 = DIRECTION ( 'NONE',  ( 3.067291018426574134E-16, -1.000000000000000000, 0.000000000000000000 ) ) ;
#1432 = ORIENTED_EDGE ( 'NONE', *, *, #162, .F. ) ;
#1433 = EDGE_CURVE ( 'NONE', #678, #628, #846, .T. ) ;
#1434 = DIRECTION ( 'NONE',  ( 0.000000000000000000, 1.000000000000000000, 0.000000000000000000 ) ) ;
#1435 = AXIS2_PLACEMENT_3D ( 'NONE', #1796, #853, #1145 ) ;
#1436 = EDGE_CURVE ( 'NONE', #724, #1453, #56, .T. ) ;
#1437 = FACE_OUTER_BOUND ( 'NONE', #1507, .T. ) ;
#1438 = ORIENTED_EDGE ( 'NONE', *, *, #72, .T. ) ;
#1439 = AXIS2_PLACEMENT_3D ( 'NONE', #2047, #851, #1649 ) ;
#1440 = LINE ( 'NONE', #1765, #967 ) ;
#1441 = AXIS2_PLACEMENT_3D ( 'NONE', #806, #1602, #339 ) ;
#1442 = ORIENTED_EDGE ( 'NONE', *, *, #745, .F. ) ;
#1443 = DIRECTION ( 'NONE',  ( 1.000000000000000000, -1.136033710528360955E-16, 0.000000000000000000 ) ) ;
#1444 = ORIENTED_EDGE ( 'NONE', *, *, #1462, .F. ) ;
#1445 = AXIS2_PLACEMENT_3D ( 'NONE', #1901, #1098, #638 ) ;
#1446 = AXIS2_PLACEMENT_3D ( 'NONE', #1802, #1840, #1017 ) ;
#1447 = VECTOR ( 'NONE', #696, 100.0000000000000000 ) ;
#1448 = CARTESIAN_POINT ( 'NONE',  ( 1.364999999999999991, 2.000000000000001776, 0.6350000000000000089 ) ) ;
#1449 = DIRECTION ( 'NONE',  ( -0.5000000000000042188, -0.8660254037844362651, 0.000000000000000000 ) ) ;
#1450 = VERTEX_POINT ( 'NONE', #1676 ) ;
#1451 = EDGE_CURVE ( 'NONE', #1453, #1991, #686, .T. ) ;
#1452 = DIRECTION ( 'NONE',  ( 0.000000000000000000, 0.000000000000000000, 1.000000000000000000 ) ) ;
#1453 = VERTEX_POINT ( 'NONE', #1666 ) ;
#1454 = DIRECTION ( 'NONE',  ( 0.000000000000000000, 0.000000000000000000, 1.000000000000000000 ) ) ;
#1455 = EDGE_CURVE ( 'NONE', #1747, #744, #855, .T. ) ;
#1456 = ORIENTED_EDGE ( 'NONE', *, *, #1235, .F. ) ;
#1457 = EDGE_CURVE ( 'NONE', #465, #1947, #1990, .T. ) ;
#1458 = DIRECTION ( 'NONE',  ( 0.000000000000000000, 0.000000000000000000, 1.000000000000000000 ) ) ;
#1459 = PLANE ( 'NONE',  #1609 ) ;
#1460 = ORIENTED_EDGE ( 'NONE', *, *, #587, .F. ) ;
#1461 = CARTESIAN_POINT ( 'NONE',  ( -18.62000000000000455, -0.5700000000000000622, 0.6350000000000000089 ) ) ;
#1462 = EDGE_CURVE ( 'NONE', #368, #1723, #835, .T. ) ;
#1463 = FACE_OUTER_BOUND ( 'NONE', #405, .T. ) ;
#1464 = DIRECTION ( 'NONE',  ( 0.000000000000000000, -1.000000000000000000, 0.000000000000000000 ) ) ;
#1465 = VERTEX_POINT ( 'NONE', #225 ) ;
#1466 = LINE ( 'NONE', #83, #1480 ) ;
#1467 = DIRECTION ( 'NONE',  ( 0.000000000000000000, 0.000000000000000000, 1.000000000000000000 ) ) ;
#1468 = AXIS2_PLACEMENT_3D ( 'NONE', #168, #1598, #12 ) ;
#1469 = DIRECTION ( 'NONE',  ( 0.000000000000000000, -1.000000000000000000, 0.000000000000000000 ) ) ;
#1470 = VECTOR ( 'NONE', #133, 100.0000000000000000 ) ;
#1471 = VECTOR ( 'NONE', #823, 100.0000000000000000 ) ;
#1472 = DIRECTION ( 'NONE',  ( -2.312964634635742957E-16, 1.000000000000000000, 0.000000000000000000 ) ) ;
#1473 = DIRECTION ( 'NONE',  ( 0.000000000000000000, -1.000000000000000000, 0.000000000000000000 ) ) ;
#1474 = VECTOR ( 'NONE', #426, 100.0000000000000000 ) ;
#1475 = VERTEX_POINT ( 'NONE', #1798 ) ;
#1476 = EDGE_CURVE ( 'NONE', #558, #1415, #248, .T. ) ;
#1477 = DIRECTION ( 'NONE',  ( -0.8660254037844360431, 0.5000000000000042188, 0.000000000000000000 ) ) ;
#1478 = LINE ( 'NONE', #1962, #1910 ) ;
#1479 = EDGE_CURVE ( 'NONE', #346, #777, #1272, .T. ) ;
#1480 = VECTOR ( 'NONE', #1961, 100.0000000000000000 ) ;
#1481 = LINE ( 'NONE', #1176, #613 ) ;
#1482 = LINE ( 'NONE', #1622, #411 ) ;
#1483 = FACE_OUTER_BOUND ( 'NONE', #805, .T. ) ;
#1484 = LINE ( 'NONE', #90, #1172 ) ;
#1485 = VERTEX_POINT ( 'NONE', #710 ) ;
#1486 = ORIENTED_EDGE ( 'NONE', *, *, #908, .T. ) ;
#1487 = EDGE_CURVE ( 'NONE', #1868, #1392, #879, .T. ) ;
#1488 = FACE_OUTER_BOUND ( 'NONE', #655, .T. ) ;
#1489 = CARTESIAN_POINT ( 'NONE',  ( -18.00000000000000355, -0.3049999999999999933, 0.000000000000000000 ) ) ;
#1490 = FACE_OUTER_BOUND ( 'NONE', #1772, .T. ) ;
#1491 = DIRECTION ( 'NONE',  ( 0.000000000000000000, -1.000000000000000000, 0.000000000000000000 ) ) ;
#1492 = EDGE_CURVE ( 'NONE', #838, #1038, #590, .T. ) ;
#1493 = PLANE ( 'NONE',  #289 ) ;
#1494 = DIRECTION ( 'NONE',  ( -1.000000000000000000, -4.818676322157799347E-16, 0.000000000000000000 ) ) ;
#1495 = VERTEX_POINT ( 'NONE', #1058 ) ;
#1496 = EDGE_LOOP ( 'NONE', ( #663, #1418, #1539, #1052 ) ) ;
#1497 = ORIENTED_EDGE ( 'NONE', *, *, #215, .T. ) ;
#1498 = DIRECTION ( 'NONE',  ( 0.000000000000000000, 0.000000000000000000, 1.000000000000000000 ) ) ;
#1499 = DIRECTION ( 'NONE',  ( 0.000000000000000000, 0.000000000000000000, -1.000000000000000000 ) ) ;
#1500 = CARTESIAN_POINT ( 'NONE',  ( -34.63500000000000512, -1.364999999999998437, 0.3175000000000000044 ) ) ;
#1501 = ADVANCED_FACE ( 'NONE', ( #1078 ), #1708, .F. ) ;
#1502 = LINE ( 'NONE', #863, #1367 ) ;
#1503 = DIRECTION ( 'NONE',  ( -1.000000000000000000, -4.818676322157799347E-16, 0.000000000000000000 ) ) ;
#1504 = CARTESIAN_POINT ( 'NONE',  ( -0.4099999999999999201, 1.820000000000000506, 0.1349999999999999534 ) ) ;
#1505 = EDGE_LOOP ( 'NONE', ( #1860, #1836, #1616, #1529 ) ) ;
#1506 = VECTOR ( 'NONE', #1511, 100.0000000000000000 ) ;
#1507 = EDGE_LOOP ( 'NONE', ( #1184, #1790, #166, #768, #1442, #57, #524, #386, #459, #634, #398, #614, #698, #1252, #436, #1130 ) ) ;
#1508 = VECTOR ( 'NONE', #1986, 100.0000000000000000 ) ;
#1509 = VERTEX_POINT ( 'NONE', #112 ) ;
#1510 = CARTESIAN_POINT ( 'NONE',  ( -16.63500000000000512, 1.364999999999999991, 0.6350000000000000089 ) ) ;
#1511 = DIRECTION ( 'NONE',  ( 0.000000000000000000, 0.000000000000000000, 1.000000000000000000 ) ) ;
#1512 = DIRECTION ( 'NONE',  ( 0.000000000000000000, -1.000000000000000000, 0.000000000000000000 ) ) ;
#1513 = LINE ( 'NONE', #720, #472 ) ;
#1514 = AXIS2_PLACEMENT_3D ( 'NONE', #1256, #822, #1783 ) ;
#1515 = EDGE_CURVE ( 'NONE', #227, #48, #1866, .T. ) ;
#1516 = LINE ( 'NONE', #89, #1917 ) ;
#1517 = CARTESIAN_POINT ( 'NONE',  ( 1.820000000000000506, 0.4100000000000000311, 0.1349999999999999534 ) ) ;
#1518 = ORIENTED_EDGE ( 'NONE', *, *, #1563, .F. ) ;
#1519 = VERTEX_POINT ( 'NONE', #1222 ) ;
#1520 = EDGE_LOOP ( 'NONE', ( #2038, #285, #550, #281 ) ) ;
#1521 = ADVANCED_FACE ( 'NONE', ( #259 ), #1998, .F. ) ;
#1522 = CARTESIAN_POINT ( 'NONE',  ( 0.4100000000000000311, 2.000000000000000444, 0.1349999999999999534 ) ) ;
#1523 = CYLINDRICAL_SURFACE ( 'NONE', #1745, 2.500000000000000000 ) ;
#1524 = DIRECTION ( 'NONE',  ( -0.8660254037844360431, 0.5000000000000042188, 0.000000000000000000 ) ) ;
#1525 = ADVANCED_FACE ( 'NONE', ( #756 ), #1067, .F. ) ;
#1526 = FACE_OUTER_BOUND ( 'NONE', #1537, .T. ) ;
#1527 = LINE ( 'NONE', #887, #179 ) ;
#1528 = VERTEX_POINT ( 'NONE', #434 ) ;
#1529 = ORIENTED_EDGE ( 'NONE', *, *, #566, .F. ) ;
#1530 = ORIENTED_EDGE ( 'NONE', *, *, #1427, .T. ) ;
#1531 =( NAMED_UNIT ( * ) PLANE_ANGLE_UNIT ( ) SI_UNIT ( $, .RADIAN. ) );
#1532 = CARTESIAN_POINT ( 'NONE',  ( 2.000000000000000444, 0.4100000000000001421, 0.1349999999999999534 ) ) ;
#1533 = DIRECTION ( 'NONE',  ( -1.000000000000000000, 0.000000000000000000, 0.000000000000000000 ) ) ;
#1534 = PLANE ( 'NONE',  #1072 ) ;
#1535 = FACE_OUTER_BOUND ( 'NONE', #888, .T. ) ;
#1536 = CARTESIAN_POINT ( 'NONE',  ( -17.59000000000000696, 1.820000000000000506, 0.1349999999999999534 ) ) ;
#1537 = EDGE_LOOP ( 'NONE', ( #372, #1312, #1709, #1368 ) ) ;
#1538 = VECTOR ( 'NONE', #817, 100.0000000000000000 ) ;
#1539 = ORIENTED_EDGE ( 'NONE', *, *, #1892, .T. ) ;
#1540 = VECTOR ( 'NONE', #1274, 100.0000000000000000 ) ;
#1541 = ORIENTED_EDGE ( 'NONE', *, *, #1592, .T. ) ;
#1542 = VECTOR ( 'NONE', #293, 100.0000000000000000 ) ;
#1543 = DIRECTION ( 'NONE',  ( 4.818676322157799347E-16, 1.000000000000000000, 0.000000000000000000 ) ) ;
#1544 = LINE ( 'NONE', #1219, #712 ) ;
#1545 = DIRECTION ( 'NONE',  ( -1.000000000000000000, 0.000000000000000000, -0.000000000000000000 ) ) ;
#1546 = EDGE_CURVE ( 'NONE', #1206, #460, #1527, .T. ) ;
#1547 = EDGE_CURVE ( 'NONE', #912, #2061, #279, .T. ) ;
#1548 = LINE ( 'NONE', #125, #341 ) ;
#1549 = DIRECTION ( 'NONE',  ( 0.5000000000000042188, 0.8660254037844362651, 0.000000000000000000 ) ) ;
#1550 = VECTOR ( 'NONE', #909, 100.0000000000000000 ) ;
#1551 = ORIENTED_EDGE ( 'NONE', *, *, #913, .F. ) ;
#1552 = EDGE_CURVE ( 'NONE', #1581, #701, #1877, .T. ) ;
#1553 = ORIENTED_EDGE ( 'NONE', *, *, #1171, .F. ) ;
#1554 = EDGE_LOOP ( 'NONE', ( #1217, #8, #1929, #880 ) ) ;
#1555 = EDGE_CURVE ( 'NONE', #1883, #1282, #445, .T. ) ;
#1556 = CARTESIAN_POINT ( 'NONE',  ( 0.6200000000000002176, -2.000000000000000444, 0.000000000000000000 ) ) ;
#1557 = CARTESIAN_POINT ( 'NONE',  ( 2.000000000000000444, -0.4099999999999999201, 0.6350000000000000089 ) ) ;
#1558 = FACE_OUTER_BOUND ( 'NONE', #396, .T. ) ;
#1559 = CARTESIAN_POINT ( 'NONE',  ( -19.50000000000000711, -2.000000000000000000, 0.3175000000000000044 ) ) ;
#1560 = DIRECTION ( 'NONE',  ( -4.818676322157798361E-16, 1.000000000000000000, 0.000000000000000000 ) ) ;
#1561 = VERTEX_POINT ( 'NONE', #767 ) ;
#1562 = ORIENTED_EDGE ( 'NONE', *, *, #1146, .T. ) ;
#1563 = EDGE_CURVE ( 'NONE', #824, #127, #378, .T. ) ;
#1564 = VERTEX_POINT ( 'NONE', #135 ) ;
#1565 = CARTESIAN_POINT ( 'NONE',  ( 2.000000000000000444, 1.364999999999998437, 0.000000000000000000 ) ) ;
#1566 = DIRECTION ( 'NONE',  ( 0.000000000000000000, 0.000000000000000000, -1.000000000000000000 ) ) ;
#1567 = EDGE_CURVE ( 'NONE', #1475, #1736, #1400, .T. ) ;
#1568 = DIRECTION ( 'NONE',  ( -1.000000000000000000, -4.818676322157799347E-16, 0.000000000000000000 ) ) ;
#1569 = ORIENTED_EDGE ( 'NONE', *, *, #1022, .F. ) ;
#1570 = CARTESIAN_POINT ( 'NONE',  ( 0.7679571668975722076, 1.199999999999999956, 0.6350000000000000089 ) ) ;
#1571 = ADVANCED_FACE ( 'NONE', ( #1201 ), #271, .F. ) ;
#1572 = ORIENTED_EDGE ( 'NONE', *, *, #538, .T. ) ;
#1573 = VECTOR ( 'NONE', #1220, 100.0000000000000000 ) ;
#1574 = SURFACE_SIDE_STYLE ('',( #1725 ) ) ;
#1575 = CIRCLE ( 'NONE', #873, 2.500000000000000000 ) ;
#1576 = LINE ( 'NONE', #1754, #836 ) ;
#1577 = AXIS2_PLACEMENT_3D ( 'NONE', #1637, #1805, #1340 ) ;
#1578 = ORIENTED_EDGE ( 'NONE', *, *, #1255, .F. ) ;
#1579 = DIRECTION ( 'NONE',  ( 1.000000000000000000, 2.385670792109557660E-16, 0.000000000000000000 ) ) ;
#1580 = EDGE_CURVE ( 'NONE', #2061, #1485, #897, .T. ) ;
#1581 = VERTEX_POINT ( 'NONE', #842 ) ;
#1582 = ORIENTED_EDGE ( 'NONE', *, *, #435, .F. ) ;
#1583 = VECTOR ( 'NONE', #388, 100.0000000000000142 ) ;
#1584 = ORIENTED_EDGE ( 'NONE', *, *, #1044, .T. ) ;
#1585 = EDGE_CURVE ( 'NONE', #1601, #2052, #221, .T. ) ;
#1586 = EDGE_CURVE ( 'NONE', #1747, #467, #1481, .T. ) ;
#1587 = DIRECTION ( 'NONE',  ( -4.818676322157799347E-16, -1.000000000000000000, 0.000000000000000000 ) ) ;
#1588 = DIRECTION ( 'NONE',  ( -1.156482317317871725E-16, 1.000000000000000000, -0.000000000000000000 ) ) ;
#1589 = EDGE_CURVE ( 'NONE', #678, #236, #1007, .T. ) ;
#1590 = ORIENTED_EDGE ( 'NONE', *, *, #170, .F. ) ;
#1591 = CARTESIAN_POINT ( 'NONE',  ( 1.820000000000000506, 0.4100000000000000311, 0.1349999999999999534 ) ) ;
#1592 = EDGE_CURVE ( 'NONE', #361, #128, #1686, .T. ) ;
#1593 = LINE ( 'NONE', #1916, #252 ) ;
#1594 = FACE_OUTER_BOUND ( 'NONE', #1035, .T. ) ;
#1595 = ORIENTED_EDGE ( 'NONE', *, *, #1131, .F. ) ;
#1596 = EDGE_CURVE ( 'NONE', #1097, #1947, #1328, .T. ) ;
#1597 = DIRECTION ( 'NONE',  ( 0.000000000000000000, 0.000000000000000000, 1.000000000000000000 ) ) ;
#1598 = DIRECTION ( 'NONE',  ( 0.000000000000000000, 0.000000000000000000, -1.000000000000000000 ) ) ;
#1599 = ORIENTED_EDGE ( 'NONE', *, *, #298, .T. ) ;
#1600 = DIRECTION ( 'NONE',  ( -1.000000000000000000, 0.000000000000000000, -0.000000000000000000 ) ) ;
#1601 = VERTEX_POINT ( 'NONE', #693 ) ;
#1602 = DIRECTION ( 'NONE',  ( 0.8660254037844362651, 0.5000000000000043299, 0.000000000000000000 ) ) ;
#1603 = ORIENTED_EDGE ( 'NONE', *, *, #1121, .F. ) ;
#1604 = EDGE_CURVE ( 'NONE', #1914, #128, #994, .T. ) ;
#1605 = DIRECTION ( 'NONE',  ( 1.000000000000000000, -3.067291018426574134E-16, 0.000000000000000000 ) ) ;
#1606 = VECTOR ( 'NONE', #1135, 100.0000000000000000 ) ;
#1607 = CARTESIAN_POINT ( 'NONE',  ( -0.4100000000000000311, 2.000000000000000444, 0.6350000000000000089 ) ) ;
#1608 = ORIENTED_EDGE ( 'NONE', *, *, #1585, .F. ) ;
#1609 = AXIS2_PLACEMENT_3D ( 'NONE', #1636, #21, #207 ) ;
#1610 = ADVANCED_FACE ( 'NONE', ( #87 ), #1198, .F. ) ;
#1611 = LINE ( 'NONE', #1591, #939 ) ;
#1612 = VECTOR ( 'NONE', #1645, 100.0000000000000142 ) ;
#1613 = VERTEX_POINT ( 'NONE', #1842 ) ;
#1614 = DIRECTION ( 'NONE',  ( -1.000000000000000000, 0.000000000000000000, -0.000000000000000000 ) ) ;
#1615 = EDGE_CURVE ( 'NONE', #1036, #236, #415, .T. ) ;
#1616 = ORIENTED_EDGE ( 'NONE', *, *, #1596, .F. ) ;
#1617 = VECTOR ( 'NONE', #334, 100.0000000000000000 ) ;
#1618 = AXIS2_PLACEMENT_3D ( 'NONE', #1165, #845, #393 ) ;
#1619 = DIRECTION ( 'NONE',  ( 0.000000000000000000, 1.000000000000000000, 0.000000000000000000 ) ) ;
#1620 = DIRECTION ( 'NONE',  ( 0.000000000000000000, 0.000000000000000000, -1.000000000000000000 ) ) ;
#1621 = ORIENTED_EDGE ( 'NONE', *, *, #1479, .T. ) ;
#1622 = CARTESIAN_POINT ( 'NONE',  ( 1.365000000000002212, -16.63499999999999801, 0.6350000000000000089 ) ) ;
#1623 = CARTESIAN_POINT ( 'NONE',  ( 16.63499999999999801, 1.365000000000001101, 0.3175000000000000044 ) ) ;
#1624 = CARTESIAN_POINT ( 'NONE',  ( -18.41000000000000369, 2.000000000000000444, 0.1349999999999999534 ) ) ;
#1625 = EDGE_LOOP ( 'NONE', ( #1933, #1347 ) ) ;
#1626 = FACE_OUTER_BOUND ( 'NONE', #1247, .T. ) ;
#1627 = DIRECTION ( 'NONE',  ( 0.000000000000000000, -1.000000000000000000, 0.000000000000000000 ) ) ;
#1628 = CARTESIAN_POINT ( 'NONE',  ( -0.4099999999999999201, 1.820000000000000506, 0.1349999999999999534 ) ) ;
#1629 = ADVANCED_FACE ( 'NONE', ( #1490 ), #1523, .T. ) ;
#1630 = DIRECTION ( 'NONE',  ( 0.000000000000000000, 0.000000000000000000, 1.000000000000000000 ) ) ;
#1631 = CARTESIAN_POINT ( 'NONE',  ( -18.62000000000000455, -0.5700000000000000622, 0.000000000000000000 ) ) ;
#1632 = ORIENTED_EDGE ( 'NONE', *, *, #91, .T. ) ;
#1633 = VERTEX_POINT ( 'NONE', #53 ) ;
#1634 = ADVANCED_FACE ( 'NONE', ( #255 ), #727, .F. ) ;
#1635 = LINE ( 'NONE', #253, #85 ) ;
#1636 = CARTESIAN_POINT ( 'NONE',  ( -34.63500000000000512, 1.365000000000001101, 0.3175000000000000044 ) ) ;
#1637 = CARTESIAN_POINT ( 'NONE',  ( -18.00000000000000355, 0.000000000000000000, 0.000000000000000000 ) ) ;
#1638 = VECTOR ( 'NONE', #4, 100.0000000000000000 ) ;
#1639 = LINE ( 'NONE', #1628, #700 ) ;
#1640 = VECTOR ( 'NONE', #883, 100.0000000000000000 ) ;
#1641 = ORIENTED_EDGE ( 'NONE', *, *, #1830, .T. ) ;
#1642 = VECTOR ( 'NONE', #47, 100.0000000000000142 ) ;
#1643 = ADVANCED_FACE ( 'NONE', ( #401 ), #1972, .F. ) ;
#1644 = DIRECTION ( 'NONE',  ( 1.000000000000000000, 0.000000000000000000, 0.000000000000000000 ) ) ;
#1645 = DIRECTION ( 'NONE',  ( 0.5000000000000042188, -0.8660254037844362651, 0.000000000000000000 ) ) ;
#1646 = ORIENTED_EDGE ( 'NONE', *, *, #7, .T. ) ;
#1647 = ORIENTED_EDGE ( 'NONE', *, *, #266, .F. ) ;
#1648 = CARTESIAN_POINT ( 'NONE',  ( -19.82000000000000384, 0.4100000000000000311, 0.1349999999999999534 ) ) ;
#1649 = DIRECTION ( 'NONE',  ( 0.000000000000000000, 1.000000000000000000, 0.000000000000000000 ) ) ;
#1650 = VECTOR ( 'NONE', #854, 100.0000000000000000 ) ;
#1651 = AXIS2_PLACEMENT_3D ( 'NONE', #37, #1498, #1952 ) ;
#1652 = DIRECTION ( 'NONE',  ( -0.5000000000000042188, -0.8660254037844361541, 0.000000000000000000 ) ) ;
#1653 = CARTESIAN_POINT ( 'NONE',  ( 1.500000000000000666, -2.000000000000000000, 0.000000000000000000 ) ) ;
#1654 = EDGE_CURVE ( 'NONE', #1991, #938, #62, .T. ) ;
#1655 = CARTESIAN_POINT ( 'NONE',  ( -18.41000000000000369, 1.820000000000000506, 0.1349999999999999534 ) ) ;
#1656 = CARTESIAN_POINT ( 'NONE',  ( -1.364999999999998215, 2.000000000000000444, 0.000000000000000000 ) ) ;
#1657 = ADVANCED_FACE ( 'NONE', ( #380 ), #852, .F. ) ;
#1658 = EDGE_LOOP ( 'NONE', ( #169, #1233, #1192, #1193 ) ) ;
#1659 = ORIENTED_EDGE ( 'NONE', *, *, #7, .F. ) ;
#1660 = ORIENTED_EDGE ( 'NONE', *, *, #1180, .F. ) ;
#1661 = PLANE ( 'NONE',  #1651 ) ;
#1662 = CARTESIAN_POINT ( 'NONE',  ( 1.365000000000002212, -2.000000000000000000, 0.000000000000000000 ) ) ;
#1663 = CARTESIAN_POINT ( 'NONE',  ( -18.00000000000000355, 0.000000000000000000, 0.6350000000000000089 ) ) ;
#1664 = CARTESIAN_POINT ( 'NONE',  ( -19.82000000000000384, -0.4099999999999998646, 0.6350000000000000089 ) ) ;
#1665 = CARTESIAN_POINT ( 'NONE',  ( 0.4100000000000000311, 2.000000000000000444, 0.6350000000000000089 ) ) ;
#1666 = CARTESIAN_POINT ( 'NONE',  ( -1.364999999999998215, 2.000000000000000444, 0.3175000000000000044 ) ) ;
#1667 = ORIENTED_EDGE ( 'NONE', *, *, #72, .F. ) ;
#1668 = ORIENTED_EDGE ( 'NONE', *, *, #1592, .F. ) ;
#1669 = ORIENTED_EDGE ( 'NONE', *, *, #826, .F. ) ;
#1670 = DIRECTION ( 'NONE',  ( 0.8660254037844360431, 0.5000000000000042188, 0.000000000000000000 ) ) ;
#1671 = DIRECTION ( 'NONE',  ( -0.000000000000000000, 0.000000000000000000, 1.000000000000000000 ) ) ;
#1672 = DIRECTION ( 'NONE',  ( -1.000000000000000000, 0.000000000000000000, 0.000000000000000000 ) ) ;
#1673 = CARTESIAN_POINT ( 'NONE',  ( -1.364999999999998215, 1.364999999999999991, 0.3175000000000000044 ) ) ;
#1674 = EDGE_CURVE ( 'NONE', #628, #361, #1821, .T. ) ;
#1675 = CARTESIAN_POINT ( 'NONE',  ( -34.63500000000000512, -1.364999999999998437, 0.6350000000000000089 ) ) ;
#1676 = CARTESIAN_POINT ( 'NONE',  ( -17.59000000000000696, 2.000000000000000444, 0.6350000000000000089 ) ) ;
#1677 = VECTOR ( 'NONE', #1374, 100.0000000000000142 ) ;
#1678 = ORIENTED_EDGE ( 'NONE', *, *, #1479, .F. ) ;
#1679 = VECTOR ( 'NONE', #254, 100.0000000000000000 ) ;
#1680 = AXIS2_PLACEMENT_3D ( 'NONE', #1048, #1365, #580 ) ;
#1681 = EDGE_CURVE ( 'NONE', #1561, #1991, #1351, .T. ) ;
#1682 = ORIENTED_EDGE ( 'NONE', *, *, #808, .F. ) ;
#1683 = CARTESIAN_POINT ( 'NONE',  ( -18.76795716689757754, 1.199999999999999956, 0.6350000000000000089 ) ) ;
#1684 = CARTESIAN_POINT ( 'NONE',  ( 0.000000000000000000, 0.000000000000000000, 0.1349999999999999534 ) ) ;
#1685 = ADVANCED_FACE ( 'NONE', ( #231 ), #862, .F. ) ;
#1686 = LINE ( 'NONE', #365, #578 ) ;
#1687 = DIRECTION ( 'NONE',  ( 1.000000000000000000, 0.000000000000000000, 0.000000000000000000 ) ) ;
#1688 = VECTOR ( 'NONE', #791, 100.0000000000000000 ) ;
#1689 = LINE ( 'NONE', #1876, #1550 ) ;
#1690 = CARTESIAN_POINT ( 'NONE',  ( -16.63499999999999801, 1.364999999999996438, 0.3175000000000000044 ) ) ;
#1691 = ORIENTED_EDGE ( 'NONE', *, *, #996, .T. ) ;
#1692 = ORIENTED_EDGE ( 'NONE', *, *, #1555, .F. ) ;
#1693 = ORIENTED_EDGE ( 'NONE', *, *, #1941, .T. ) ;
#1694 = CARTESIAN_POINT ( 'NONE',  ( -2.379999999999999893, -0.5700000000000000622, 0.6350000000000000089 ) ) ;
#1695 = FACE_OUTER_BOUND ( 'NONE', #1924, .T. ) ;
#1696 = LINE ( 'NONE', #98, #506 ) ;
#1697 = DIRECTION ( 'NONE',  ( 0.000000000000000000, -1.000000000000000000, 0.000000000000000000 ) ) ;
#1698 = CARTESIAN_POINT ( 'NONE',  ( -17.59000000000000696, 2.000000000000000444, 0.1349999999999999534 ) ) ;
#1699 = EDGE_CURVE ( 'NONE', #1613, #184, #764, .T. ) ;
#1700 = ORIENTED_EDGE ( 'NONE', *, *, #1388, .F. ) ;
#1701 = VERTEX_POINT ( 'NONE', #1085 ) ;
#1702 = ORIENTED_EDGE ( 'NONE', *, *, #60, .F. ) ;
#1703 = ADVANCED_FACE ( 'NONE', ( #1695 ), #1064, .T. ) ;
#1704 = LINE ( 'NONE', #595, #1640 ) ;
#1705 = DIRECTION ( 'NONE',  ( 0.000000000000000000, 0.000000000000000000, 1.000000000000000000 ) ) ;
#1706 = LINE ( 'NONE', #1341, #1267 ) ;
#1707 = DIRECTION ( 'NONE',  ( -1.000000000000000000, 0.000000000000000000, 0.000000000000000000 ) ) ;
#1708 = PLANE ( 'NONE',  #1809 ) ;
#1709 = ORIENTED_EDGE ( 'NONE', *, *, #243, .T. ) ;
#1710 = VECTOR ( 'NONE', #588, 100.0000000000000000 ) ;
#1711 = ORIENTED_EDGE ( 'NONE', *, *, #480, .T. ) ;
#1712 = AXIS2_PLACEMENT_3D ( 'NONE', #1966, #1182, #360 ) ;
#1713 = LINE ( 'NONE', #476, #1040 ) ;
#1714 = DIRECTION ( 'NONE',  ( 1.249637081581196951E-16, 1.000000000000000000, 0.000000000000000000 ) ) ;
#1715 = EDGE_CURVE ( 'NONE', #1837, #1045, #276, .T. ) ;
#1716 = FACE_OUTER_BOUND ( 'NONE', #1849, .T. ) ;
#1717 = VECTOR ( 'NONE', #1458, 100.0000000000000000 ) ;
#1718 = DIRECTION ( 'NONE',  ( 1.000000000000000000, 1.931257307898213426E-16, 0.000000000000000000 ) ) ;
#1719 = AXIS2_PLACEMENT_3D ( 'NONE', #1965, #1472, #1344 ) ;
#1720 = MANIFOLD_SOLID_BREP ( 'Boss-Extrude4', #1375 ) ;
#1721 = ORIENTED_EDGE ( 'NONE', *, *, #1681, .T. ) ;
#1722 = ORIENTED_EDGE ( 'NONE', *, *, #1654, .F. ) ;
#1723 = VERTEX_POINT ( 'NONE', #1093 ) ;
#1724 = EDGE_CURVE ( 'NONE', #128, #1450, #1544, .T. ) ;
#1725 = SURFACE_STYLE_FILL_AREA ( #607 ) ;
#1726 = DIRECTION ( 'NONE',  ( -0.000000000000000000, 0.000000000000000000, 1.000000000000000000 ) ) ;
#1727 = CARTESIAN_POINT ( 'NONE',  ( -20.00000000000000711, 1.500000000000000666, 0.6350000000000000089 ) ) ;
#1728 = ORIENTED_EDGE ( 'NONE', *, *, #895, .T. ) ;
#1729 = ORIENTED_EDGE ( 'NONE', *, *, #2043, .F. ) ;
#1730 = EDGE_LOOP ( 'NONE', ( #1949, #1693, #1632, #1001, #1764, #758 ) ) ;
#1731 = CARTESIAN_POINT ( 'NONE',  ( 3.735172737399427023E-17, 0.3049999999999999933, 0.000000000000000000 ) ) ;
#1732 = CARTESIAN_POINT ( 'NONE',  ( 1.499999999999999778, 2.000000000000000444, 0.000000000000000000 ) ) ;
#1733 = FACE_OUTER_BOUND ( 'NONE', #145, .T. ) ;
#1734 = ORIENTED_EDGE ( 'NONE', *, *, #1171, .T. ) ;
#1735 = DIRECTION ( 'NONE',  ( -0.000000000000000000, 0.000000000000000000, 1.000000000000000000 ) ) ;
#1736 = VERTEX_POINT ( 'NONE', #1557 ) ;
#1737 = VERTEX_POINT ( 'NONE', #121 ) ;
#1738 = VERTEX_POINT ( 'NONE', #2034 ) ;
#1739 = VECTOR ( 'NONE', #695, 100.0000000000000000 ) ;
#1740 = EDGE_CURVE ( 'NONE', #1160, #912, #1406, .T. ) ;
#1741 = AXIS2_PLACEMENT_3D ( 'NONE', #1684, #275, #1054 ) ;
#1742 = PLANE ( 'NONE',  #1514 ) ;
#1743 = VECTOR ( 'NONE', #719, 100.0000000000000000 ) ;
#1744 = CARTESIAN_POINT ( 'NONE',  ( 1.500000000000000444, -1.999999999999999778, 0.3175000000000000044 ) ) ;
#1745 = AXIS2_PLACEMENT_3D ( 'NONE', #1663, #73, #209 ) ;
#1746 = EDGE_CURVE ( 'NONE', #465, #460, #1384, .T. ) ;
#1747 = VERTEX_POINT ( 'NONE', #299 ) ;
#1748 = LINE ( 'NONE', #1283, #636 ) ;
#1749 = ORIENTED_EDGE ( 'NONE', *, *, #811, .T. ) ;
#1750 = CARTESIAN_POINT ( 'NONE',  ( -20.00000000000000711, -0.4099999999999999201, 0.6350000000000000089 ) ) ;
#1751 = VECTOR ( 'NONE', #167, 100.0000000000000000 ) ;
#1752 = ORIENTED_EDGE ( 'NONE', *, *, #32, .T. ) ;
#1753 = LINE ( 'NONE', #660, #512 ) ;
#1754 = CARTESIAN_POINT ( 'NONE',  ( -20.00000000000000711, 1.500000000000000666, 0.3175000000000000044 ) ) ;
#1755 = VERTEX_POINT ( 'NONE', #1852 ) ;
#1756 = CARTESIAN_POINT ( 'NONE',  ( -17.59000000000000696, 2.000000000000000444, 0.1349999999999999534 ) ) ;
#1757 = EDGE_CURVE ( 'NONE', #1282, #1159, #1863, .T. ) ;
#1758 = ORIENTED_EDGE ( 'NONE', *, *, #40, .F. ) ;
#1759 = CARTESIAN_POINT ( 'NONE',  ( -34.63500000000000512, -1.364999999999998437, 0.3175000000000000044 ) ) ;
#1760 = ORIENTED_EDGE ( 'NONE', *, *, #1897, .F. ) ;
#1761 = ADVANCED_FACE ( 'NONE', ( #423 ), #1249, .F. ) ;
#1762 = CARTESIAN_POINT ( 'NONE',  ( 2.000000000000000444, -0.4099999999999999201, 0.1349999999999999534 ) ) ;
#1763 = PLANE ( 'NONE',  #804 ) ;
#1764 = ORIENTED_EDGE ( 'NONE', *, *, #1455, .T. ) ;
#1765 = CARTESIAN_POINT ( 'NONE',  ( -1.364999999999998215, 1.364999999999999991, 0.3175000000000000044 ) ) ;
#1766 = VERTEX_POINT ( 'NONE', #1732 ) ;
#1767 = CARTESIAN_POINT ( 'NONE',  ( -19.36500000000000554, -16.63499999999999801, 0.6350000000000000089 ) ) ;
#1768 = EDGE_LOOP ( 'NONE', ( #591, #1432, #117, #531 ) ) ;
#1769 = FACE_OUTER_BOUND ( 'NONE', #690, .T. ) ;
#1770 = AXIS2_PLACEMENT_3D ( 'NONE', #232, #543, #1177 ) ;
#1771 = CARTESIAN_POINT ( 'NONE',  ( -20.00000000000000711, 1.500000000000000666, 0.6350000000000000089 ) ) ;
#1772 = EDGE_LOOP ( 'NONE', ( #901, #1275, #102, #1760 ) ) ;
#1773 = AXIS2_PLACEMENT_3D ( 'NONE', #704, #1226, #553 ) ;
#1774 = LINE ( 'NONE', #662, #1909 ) ;
#1775 = VECTOR ( 'NONE', #564, 100.0000000000000000 ) ;
#1776 = EDGE_CURVE ( 'NONE', #612, #1633, #586, .T. ) ;
#1777 = ORIENTED_EDGE ( 'NONE', *, *, #2043, .T. ) ;
#1778 = LINE ( 'NONE', #952, #1144 ) ;
#1779 = CARTESIAN_POINT ( 'NONE',  ( 1.364999999999995328, 16.63499999999999801, 0.6350000000000000089 ) ) ;
#1780 = VERTEX_POINT ( 'NONE', #431 ) ;
#1781 =( GEOMETRIC_REPRESENTATION_CONTEXT ( 3 ) GLOBAL_UNCERTAINTY_ASSIGNED_CONTEXT ( ( #1820 ) ) GLOBAL_UNIT_ASSIGNED_CONTEXT ( ( #771, #1531, #1894 ) ) REPRESENTATION_CONTEXT ( 'NONE', 'WORKASPACE' ) );
#1782 = PRODUCT_DEFINITION_SHAPE ( 'NONE', 'NONE',  #66 ) ;
#1783 = DIRECTION ( 'NONE',  ( -0.8660254037844360431, 0.5000000000000042188, 0.000000000000000000 ) ) ;
#1784 = EDGE_CURVE ( 'NONE', #1215, #58, #596, .T. ) ;
#1785 = CARTESIAN_POINT ( 'NONE',  ( -18.00000000000000355, 0.000000000000000000, 0.000000000000000000 ) ) ;
#1786 = CYLINDRICAL_SURFACE ( 'NONE', #1770, 0.3049999999999999933 ) ;
#1787 = ADVANCED_FACE ( 'NONE', ( #1227 ), #1873, .T. ) ;
#1788 = DIRECTION ( 'NONE',  ( 1.000000000000000000, 1.931257307898213426E-16, 0.000000000000000000 ) ) ;
#1789 = LINE ( 'NONE', #1166, #1612 ) ;
#1790 = ORIENTED_EDGE ( 'NONE', *, *, #721, .F. ) ;
#1791 = ORIENTED_EDGE ( 'NONE', *, *, #44, .T. ) ;
#1792 = DIRECTION ( 'NONE',  ( 0.5000000000000042188, 0.8660254037844362651, 0.000000000000000000 ) ) ;
#1793 = CARTESIAN_POINT ( 'NONE',  ( 0.000000000000000000, 0.000000000000000000, 0.000000000000000000 ) ) ;
#1794 = EDGE_CURVE ( 'NONE', #1755, #1099, #1277, .T. ) ;
#1795 = DIRECTION ( 'NONE',  ( 0.000000000000000000, 0.000000000000000000, -1.000000000000000000 ) ) ;
#1796 = CARTESIAN_POINT ( 'NONE',  ( -18.41000000000000369, 2.000000000000000444, 0.1349999999999999534 ) ) ;
#1797 = DIRECTION ( 'NONE',  ( 0.000000000000000000, 1.000000000000000000, 0.000000000000000000 ) ) ;
#1798 = CARTESIAN_POINT ( 'NONE',  ( 1.820000000000000506, -0.4099999999999998646, 0.6350000000000000089 ) ) ;
#1799 = EDGE_LOOP ( 'NONE', ( #801, #1667, #641, #856 ) ) ;
#1800 = EDGE_LOOP ( 'NONE', ( #1578, #950, #216, #559, #93, #1599 ) ) ;
#1801 = ADVANCED_FACE ( 'NONE', ( #1626 ), #1742, .F. ) ;
#1802 = CARTESIAN_POINT ( 'NONE',  ( 0.000000000000000000, 0.000000000000000000, 0.6350000000000000089 ) ) ;
#1803 = EDGE_CURVE ( 'NONE', #1969, #470, #1122, .T. ) ;
#1804 = LINE ( 'NONE', #1818, #1808 ) ;
#1805 = DIRECTION ( 'NONE',  ( 0.000000000000000000, 0.000000000000000000, -1.000000000000000000 ) ) ;
#1806 = VECTOR ( 'NONE', #1579, 100.0000000000000000 ) ;
#1807 = DIRECTION ( 'NONE',  ( -0.000000000000000000, 0.000000000000000000, 1.000000000000000000 ) ) ;
#1808 = VECTOR ( 'NONE', #540, 100.0000000000000000 ) ;
#1809 = AXIS2_PLACEMENT_3D ( 'NONE', #1690, #2029, #1377 ) ;
#1810 = CARTESIAN_POINT ( 'NONE',  ( -16.63500000000000512, 1.682500000000000329, 15.59080043736454968 ) ) ;
#1811 = DIRECTION ( 'NONE',  ( 1.156482317317871725E-16, 1.000000000000000000, 0.000000000000000000 ) ) ;
#1812 = EDGE_CURVE ( 'NONE', #1036, #1861, #316, .T. ) ;
#1813 = ORIENTED_EDGE ( 'NONE', *, *, #821, .T. ) ;
#1814 = ORIENTED_EDGE ( 'NONE', *, *, #594, .T. ) ;
#1815 = EDGE_LOOP ( 'NONE', ( #942, #1016, #945, #202, #1204, #983 ) ) ;
#1816 = VECTOR ( 'NONE', #1935, 100.0000000000000000 ) ;
#1817 = CARTESIAN_POINT ( 'NONE',  ( -20.00000000000000711, 0.4100000000000001421, 0.6350000000000000089 ) ) ;
#1818 = CARTESIAN_POINT ( 'NONE',  ( -19.82000000000000384, -0.4099999999999998646, 0.1349999999999999534 ) ) ;
#1819 = VECTOR ( 'NONE', #1077, 100.0000000000000000 ) ;
#1820 = UNCERTAINTY_MEASURE_WITH_UNIT (LENGTH_MEASURE( 1.000000000000000082E-05 ), #771, 'distance_accuracy_value', 'NONE');
#1821 = LINE ( 'NONE', #1155, #2011 ) ;
#1822 = CARTESIAN_POINT ( 'NONE',  ( -16.50000000000000355, 2.000000000000000444, 0.3175000000000000044 ) ) ;
#1823 = PLANE ( 'NONE',  #1618 ) ;
#1824 = LINE ( 'NONE', #1946, #875 ) ;
#1825 = VERTEX_POINT ( 'NONE', #20 ) ;
#1826 = VERTEX_POINT ( 'NONE', #355 ) ;
#1827 = ORIENTED_EDGE ( 'NONE', *, *, #291, .F. ) ;
#1828 = CARTESIAN_POINT ( 'NONE',  ( 0.000000000000000000, 0.000000000000000000, 0.3175000000000000044 ) ) ;
#1829 = CARTESIAN_POINT ( 'NONE',  ( 0.7679571668975722076, 1.199999999999999956, 0.1349999999999999534 ) ) ;
#1830 = EDGE_CURVE ( 'NONE', #1069, #195, #652, .T. ) ;
#1831 = DIRECTION ( 'NONE',  ( 0.000000000000000000, -1.000000000000000000, 0.000000000000000000 ) ) ;
#1832 = CARTESIAN_POINT ( 'NONE',  ( -18.41000000000000369, 2.000000000000000444, 0.1349999999999999534 ) ) ;
#1833 = EDGE_CURVE ( 'NONE', #582, #1736, #984, .T. ) ;
#1834 = DIRECTION ( 'NONE',  ( -1.000000000000000000, 0.000000000000000000, 0.000000000000000000 ) ) ;
#1835 = DIRECTION ( 'NONE',  ( 1.000000000000000000, 0.000000000000000000, 0.000000000000000000 ) ) ;
#1836 = ORIENTED_EDGE ( 'NONE', *, *, #1457, .T. ) ;
#1837 = VERTEX_POINT ( 'NONE', #325 ) ;
#1838 = EDGE_CURVE ( 'NONE', #236, #1826, #1753, .T. ) ;
#1839 = VERTEX_POINT ( 'NONE', #1448 ) ;
#1840 = DIRECTION ( 'NONE',  ( 0.000000000000000000, 0.000000000000000000, -1.000000000000000000 ) ) ;
#1841 = CARTESIAN_POINT ( 'NONE',  ( -16.63500000000000512, 1.682500000000000329, 0.3175000000000011147 ) ) ;
#1842 = CARTESIAN_POINT ( 'NONE',  ( -20.00000000000000711, 1.364999999999998437, 0.3175000000000000044 ) ) ;
#1843 = CARTESIAN_POINT ( 'NONE',  ( -16.50000000000000355, 2.000000000000000444, 0.000000000000000000 ) ) ;
#1844 = DIRECTION ( 'NONE',  ( 1.000000000000000000, -4.818676322157798361E-16, 0.000000000000000000 ) ) ;
#1845 = DIRECTION ( 'NONE',  ( 0.5000000000000042188, 0.8660254037844361541, 0.000000000000000000 ) ) ;
#1846 = VECTOR ( 'NONE', #627, 100.0000000000000000 ) ;
#1847 = VERTEX_POINT ( 'NONE', #343 ) ;
#1848 = VECTOR ( 'NONE', #6, 100.0000000000000000 ) ;
#1849 = EDGE_LOOP ( 'NONE', ( #1906, #249, #13, #1669 ) ) ;
#1850 = ORIENTED_EDGE ( 'NONE', *, *, #1429, .F. ) ;
#1851 = LINE ( 'NONE', #71, #738 ) ;
#1852 = CARTESIAN_POINT ( 'NONE',  ( 1.499999999999999778, 2.000000000000000444, 0.3175000000000000044 ) ) ;
#1853 = ADVANCED_FACE ( 'NONE', ( #498 ), #830, .F. ) ;
#1854 = AXIS2_PLACEMENT_3D ( 'NONE', #1623, #33, #1788 ) ;
#1855 = PLANE ( 'NONE',  #870 ) ;
#1856 = MECHANICAL_DESIGN_GEOMETRIC_PRESENTATION_REPRESENTATION (  '', ( #153 ), #1178 ) ;
#1857 = DIRECTION ( 'NONE',  ( -1.000000000000000000, -2.312964634635742957E-16, 0.000000000000000000 ) ) ;
#1858 = CARTESIAN_POINT ( 'NONE',  ( -20.00000000000000711, -1.365000000000000213, 0.000000000000000000 ) ) ;
#1859 = ORIENTED_EDGE ( 'NONE', *, *, #1585, .T. ) ;
#1860 = ORIENTED_EDGE ( 'NONE', *, *, #1746, .F. ) ;
#1861 = VERTEX_POINT ( 'NONE', #1132 ) ;
#1862 = DIRECTION ( 'NONE',  ( 0.000000000000000000, 0.000000000000000000, 1.000000000000000000 ) ) ;
#1863 = LINE ( 'NONE', #1565, #287 ) ;
#1864 = DIRECTION ( 'NONE',  ( 0.000000000000000000, -1.000000000000000000, 0.000000000000000000 ) ) ;
#1865 = CARTESIAN_POINT ( 'NONE',  ( -18.76795716689757754, 1.199999999999999956, 0.1349999999999999534 ) ) ;
#1866 = LINE ( 'NONE', #743, #1076 ) ;
#1867 = ORIENTED_EDGE ( 'NONE', *, *, #1951, .F. ) ;
#1868 = VERTEX_POINT ( 'NONE', #1938 ) ;
#1869 = DIRECTION ( 'NONE',  ( -0.000000000000000000, 0.000000000000000000, 1.000000000000000000 ) ) ;
#1870 = ADVANCED_FACE ( 'NONE', ( #1769 ), #2055, .F. ) ;
#1871 = CARTESIAN_POINT ( 'NONE',  ( -16.63500000000000512, 1.364999999999999991, 0.3175000000000000044 ) ) ;
#1872 = EDGE_CURVE ( 'NONE', #1450, #1485, #1100, .T. ) ;
#1873 = PLANE ( 'NONE',  #1379 ) ;
#1874 = CARTESIAN_POINT ( 'NONE',  ( -18.00000000000000355, 0.000000000000000000, 0.1349999999999999534 ) ) ;
#1875 = EDGE_CURVE ( 'NONE', #1366, #1780, #1142, .T. ) ;
#1876 = CARTESIAN_POINT ( 'NONE',  ( -20.00000000000000711, -0.4099999999999999201, 0.1349999999999999534 ) ) ;
#1877 = LINE ( 'NONE', #1354, #705 ) ;
#1878 = ORIENTED_EDGE ( 'NONE', *, *, #1022, .T. ) ;
#1879 = VECTOR ( 'NONE', #1524, 100.0000000000000142 ) ;
#1880 = ADVANCED_FACE ( 'NONE', ( #632 ), #974, .F. ) ;
#1881 = VERTEX_POINT ( 'NONE', #1922 ) ;
#1882 = VECTOR ( 'NONE', #1449, 100.0000000000000142 ) ;
#1883 = VERTEX_POINT ( 'NONE', #481 ) ;
#1884 = CARTESIAN_POINT ( 'NONE',  ( -17.59000000000000696, 1.820000000000000506, 0.1349999999999999534 ) ) ;
#1885 = AXIS2_PLACEMENT_3D ( 'NONE', #2033, #604, #514 ) ;
#1886 = LINE ( 'NONE', #1928, #1540 ) ;
#1887 = DIRECTION ( 'NONE',  ( 0.000000000000000000, -1.000000000000000000, 0.000000000000000000 ) ) ;
#1888 = FACE_OUTER_BOUND ( 'NONE', #1381, .T. ) ;
#1889 = CIRCLE ( 'NONE', #1050, 2.500000000000000000 ) ;
#1890 = ORIENTED_EDGE ( 'NONE', *, *, #1293, .F. ) ;
#1891 = ORIENTED_EDGE ( 'NONE', *, *, #397, .T. ) ;
#1892 = EDGE_CURVE ( 'NONE', #1914, #1561, #1113, .T. ) ;
#1893 = ORIENTED_EDGE ( 'NONE', *, *, #811, .F. ) ;
#1894 =( NAMED_UNIT ( * ) SI_UNIT ( $, .STERADIAN. ) SOLID_ANGLE_UNIT ( ) );
#1895 = DIRECTION ( 'NONE',  ( 0.000000000000000000, -1.000000000000000000, 0.000000000000000000 ) ) ;
#1896 = DIRECTION ( 'NONE',  ( 0.000000000000000000, -1.000000000000000000, 0.000000000000000000 ) ) ;
#1897 = EDGE_CURVE ( 'NONE', #1826, #1861, #1889, .T. ) ;
#1898 = DIRECTION ( 'NONE',  ( -0.000000000000000000, 0.000000000000000000, 1.000000000000000000 ) ) ;
#1899 = ORIENTED_EDGE ( 'NONE', *, *, #1794, .T. ) ;
#1900 = ADVANCED_FACE ( 'NONE', ( #642 ), #1279, .T. ) ;
#1901 = CARTESIAN_POINT ( 'NONE',  ( 0.000000000000000000, 0.000000000000000000, 0.3175000000000000044 ) ) ;
#1902 = ORIENTED_EDGE ( 'NONE', *, *, #486, .F. ) ;
#1903 = DIRECTION ( 'NONE',  ( -1.249637081581196951E-16, 1.000000000000000000, 0.000000000000000000 ) ) ;
#1904 = CARTESIAN_POINT ( 'NONE',  ( -19.36500000000000554, -16.63499999999999801, 0.3175000000000000044 ) ) ;
#1905 = ORIENTED_EDGE ( 'NONE', *, *, #1776, .F. ) ;
#1906 = ORIENTED_EDGE ( 'NONE', *, *, #1255, .T. ) ;
#1907 = VERTEX_POINT ( 'NONE', #1683 ) ;
#1908 = ORIENTED_EDGE ( 'NONE', *, *, #1063, .T. ) ;
#1909 = VECTOR ( 'NONE', #1807, 100.0000000000000000 ) ;
#1910 = VECTOR ( 'NONE', #1467, 100.0000000000000000 ) ;
#1911 = DIRECTION ( 'NONE',  ( -3.067291018426574134E-16, -1.000000000000000000, 0.000000000000000000 ) ) ;
#1912 = VECTOR ( 'NONE', #1705, 100.0000000000000000 ) ;
#1913 = DIRECTION ( 'NONE',  ( 1.000000000000000000, -2.312964634635742957E-16, 0.000000000000000000 ) ) ;
#1914 = VERTEX_POINT ( 'NONE', #1510 ) ;
#1915 = CARTESIAN_POINT ( 'NONE',  ( -16.50000000000000355, 2.000000000000000444, 0.3175000000000000044 ) ) ;
#1916 = CARTESIAN_POINT ( 'NONE',  ( -20.00000000000000711, 0.4100000000000001421, 0.6350000000000000089 ) ) ;
#1917 = VECTOR ( 'NONE', #1200, 100.0000000000000000 ) ;
#1918 = LINE ( 'NONE', #971, #907 ) ;
#1919 = EDGE_CURVE ( 'NONE', #797, #1837, #561, .T. ) ;
#1920 = VECTOR ( 'NONE', #1869, 100.0000000000000000 ) ;
#1921 = ORIENTED_EDGE ( 'NONE', *, *, #2022, .F. ) ;
#1922 = CARTESIAN_POINT ( 'NONE',  ( -20.00000000000000711, -1.499999999999999778, 0.000000000000000000 ) ) ;
#1923 = LINE ( 'NONE', #469, #1207 ) ;
#1924 = EDGE_LOOP ( 'NONE', ( #569, #534, #371, #1752 ) ) ;
#1925 = DIRECTION ( 'NONE',  ( 0.000000000000000000, -1.000000000000000000, 0.000000000000000000 ) ) ;
#1926 = EDGE_CURVE ( 'NONE', #1907, #882, #1635, .T. ) ;
#1927 = DIRECTION ( 'NONE',  ( 0.000000000000000000, 0.000000000000000000, 1.000000000000000000 ) ) ;
#1928 = CARTESIAN_POINT ( 'NONE',  ( -19.20000000000000639, -0.7679571668975718746, 0.1349999999999999534 ) ) ;
#1929 = ORIENTED_EDGE ( 'NONE', *, *, #266, .T. ) ;
#1930 = CARTESIAN_POINT ( 'NONE',  ( -19.36500000000000554, 1.364999999999998215, 0.3175000000000000044 ) ) ;
#1931 = LINE ( 'NONE', #1309, #1002 ) ;
#1932 = ADVANCED_FACE ( 'NONE', ( #1488 ), #537, .F. ) ;
#1933 = ORIENTED_EDGE ( 'NONE', *, *, #1111, .F. ) ;
#1934 = CARTESIAN_POINT ( 'NONE',  ( -19.50000000000000711, -2.000000000000000000, 0.000000000000000000 ) ) ;
#1935 = DIRECTION ( 'NONE',  ( 4.818676322157799347E-16, -1.000000000000000000, 0.000000000000000000 ) ) ;
#1936 = LINE ( 'NONE', #174, #1848 ) ;
#1937 = ORIENTED_EDGE ( 'NONE', *, *, #1433, .F. ) ;
#1938 = CARTESIAN_POINT ( 'NONE',  ( 0.4100000000000001421, 2.000000000000000444, 0.1349999999999999534 ) ) ;
#1939 = AXIS2_PLACEMENT_3D ( 'NONE', #1874, #1352, #244 ) ;
#1940 = DIRECTION ( 'NONE',  ( 1.000000000000000000, 0.000000000000000000, 0.000000000000000000 ) ) ;
#1941 = EDGE_CURVE ( 'NONE', #582, #1068, #1466, .T. ) ;
#1942 = VECTOR ( 'NONE', #1543, 100.0000000000000000 ) ;
#1943 = LINE ( 'NONE', #511, #1000 ) ;
#1944 = AXIS2_PLACEMENT_3D ( 'NONE', #554, #876, #1831 ) ;
#1945 = CARTESIAN_POINT ( 'NONE',  ( 0.000000000000000000, -0.3049999999999999933, 0.6350000000000000089 ) ) ;
#1946 = CARTESIAN_POINT ( 'NONE',  ( -1.500000000000000222, 2.000000000000000444, 0.3175000000000000044 ) ) ;
#1947 = VERTEX_POINT ( 'NONE', #872 ) ;
#1948 = VECTOR ( 'NONE', #475, 100.0000000000000000 ) ;
#1949 = ORIENTED_EDGE ( 'NONE', *, *, #3, .T. ) ;
#1950 = AXIS2_PLACEMENT_3D ( 'NONE', #1373, #935, #288 ) ;
#1951 = EDGE_CURVE ( 'NONE', #1509, #1475, #229, .T. ) ;
#1952 = DIRECTION ( 'NONE',  ( 0.000000000000000000, -1.000000000000000000, 0.000000000000000000 ) ) ;
#1953 = LINE ( 'NONE', #527, #1471 ) ;
#1954 = FACE_OUTER_BOUND ( 'NONE', #1505, .T. ) ;
#1955 = ADVANCED_FACE ( 'NONE', ( #363 ), #1174, .F. ) ;
#1956 = PLANE ( 'NONE',  #1413 ) ;
#1957 = CARTESIAN_POINT ( 'NONE',  ( -16.15089379699272243, 1.682500000000000329, 0.000000000000000000 ) ) ;
#1958 = ADVANCED_FACE ( 'NONE', ( #1993 ), #1970, .T. ) ;
#1959 = EDGE_LOOP ( 'NONE', ( #626, #1141, #251, #1306 ) ) ;
#1960 = ORIENTED_EDGE ( 'NONE', *, *, #718, .F. ) ;
#1961 = DIRECTION ( 'NONE',  ( 0.000000000000000000, 1.000000000000000000, 0.000000000000000000 ) ) ;
#1962 = CARTESIAN_POINT ( 'NONE',  ( -17.59000000000000696, 2.000000000000000444, 0.1349999999999999534 ) ) ;
#1963 = CARTESIAN_POINT ( 'NONE',  ( -16.63500000000000512, 16.63499999999999801, 0.6350000000000000089 ) ) ;
#1964 = CARTESIAN_POINT ( 'NONE',  ( 2.000000000000001776, -1.365000000000000213, 0.3175000000000000044 ) ) ;
#1965 = CARTESIAN_POINT ( 'NONE',  ( 1.500000000000000666, -2.000000000000000000, 0.000000000000000000 ) ) ;
#1966 = CARTESIAN_POINT ( 'NONE',  ( 0.000000000000000000, 0.000000000000000000, 0.000000000000000000 ) ) ;
#1967 = ORIENTED_EDGE ( 'NONE', *, *, #751, .F. ) ;
#1968 = ORIENTED_EDGE ( 'NONE', *, *, #740, .T. ) ;
#1969 = VERTEX_POINT ( 'NONE', #991 ) ;
#1970 = CYLINDRICAL_SURFACE ( 'NONE', #1246, 2.500000000000000000 ) ;
#1971 = DIRECTION ( 'NONE',  ( 0.000000000000000000, -1.000000000000000000, 0.000000000000000000 ) ) ;
#1972 = PLANE ( 'NONE',  #577 ) ;
#1973 = AXIS2_PLACEMENT_3D ( 'NONE', #337, #1452, #23 ) ;
#1974 = DIRECTION ( 'NONE',  ( 0.000000000000000000, -1.000000000000000000, 0.000000000000000000 ) ) ;
#1975 = CIRCLE ( 'NONE', #1169, 2.500000000000000000 ) ;
#1976 = VECTOR ( 'NONE', #1314, 100.0000000000000142 ) ;
#1977 = DIRECTION ( 'NONE',  ( 0.000000000000000000, 0.000000000000000000, -1.000000000000000000 ) ) ;
#1978 = DIRECTION ( 'NONE',  ( -1.249637081581196951E-16, 1.000000000000000000, -0.000000000000000000 ) ) ;
#1979 = VERTEX_POINT ( 'NONE', #1817 ) ;
#1980 = ORIENTED_EDGE ( 'NONE', *, *, #757, .T. ) ;
#1981 = EDGE_CURVE ( 'NONE', #890, #502, #1308, .T. ) ;
#1982 = ORIENTED_EDGE ( 'NONE', *, *, #1243, .T. ) ;
#1983 = DIRECTION ( 'NONE',  ( 0.000000000000000000, 0.000000000000000000, -1.000000000000000000 ) ) ;
#1984 = CARTESIAN_POINT ( 'NONE',  ( 0.000000000000000000, -0.3049999999999999933, 0.000000000000000000 ) ) ;
#1985 = VECTOR ( 'NONE', #599, 100.0000000000000000 ) ;
#1986 = DIRECTION ( 'NONE',  ( 0.000000000000000000, 0.000000000000000000, 1.000000000000000000 ) ) ;
#1987 = CARTESIAN_POINT ( 'NONE',  ( 0.000000000000000000, 0.000000000000000000, 0.000000000000000000 ) ) ;
#1988 = ADVANCED_FACE ( 'NONE', ( #399 ), #716, .F. ) ;
#1989 = LINE ( 'NONE', #1190, #1009 ) ;
#1990 = LINE ( 'NONE', #1631, #478 ) ;
#1991 = VERTEX_POINT ( 'NONE', #239 ) ;
#1992 = ORIENTED_EDGE ( 'NONE', *, *, #1776, .T. ) ;
#1993 = FACE_OUTER_BOUND ( 'NONE', #1324, .T. ) ;
#1994 = DIRECTION ( 'NONE',  ( 1.000000000000000000, 0.000000000000000000, 0.000000000000000000 ) ) ;
#1995 = DIRECTION ( 'NONE',  ( -0.000000000000000000, 0.000000000000000000, 1.000000000000000000 ) ) ;
#1996 = FACE_OUTER_BOUND ( 'NONE', #1061, .T. ) ;
#1997 = PLANE ( 'NONE',  #186 ) ;
#1998 = PLANE ( 'NONE',  #1004 ) ;
#1999 = EDGE_LOOP ( 'NONE', ( #418, #980, #2032, #173 ) ) ;
#2000 = ORIENTED_EDGE ( 'NONE', *, *, #1397, .T. ) ;
#2001 = APPLICATION_PROTOCOL_DEFINITION ( 'draft international standard', 'automotive_design', 1998, #1262 ) ;
#2002 = LINE ( 'NONE', #1662, #342 ) ;
#2003 = CARTESIAN_POINT ( 'NONE',  ( -0.4099999999999999201, 1.820000000000000506, 0.1349999999999999534 ) ) ;
#2004 = CARTESIAN_POINT ( 'NONE',  ( -19.82000000000000384, -0.4099999999999998646, 0.1349999999999999534 ) ) ;
#2005 = ADVANCED_FACE ( 'NONE', ( #1349 ), #375, .T. ) ;
#2006 = VECTOR ( 'NONE', #192, 100.0000000000000000 ) ;
#2007 = CARTESIAN_POINT ( 'NONE',  ( -19.20000000000000639, 0.7679571668975720966, 0.1349999999999999534 ) ) ;
#2008 = DIRECTION ( 'NONE',  ( 1.000000000000000000, -2.312964634635742957E-16, 0.000000000000000000 ) ) ;
#2009 = VECTOR ( 'NONE', #735, 100.0000000000000000 ) ;
#2010 = ORIENTED_EDGE ( 'NONE', *, *, #1487, .F. ) ;
#2011 = VECTOR ( 'NONE', #1672, 100.0000000000000000 ) ;
#2012 = ORIENTED_EDGE ( 'NONE', *, *, #19, .T. ) ;
#2013 = VERTEX_POINT ( 'NONE', #1161 ) ;
#2014 = CARTESIAN_POINT ( 'NONE',  ( 2.000000000000000000, 1.500000000000000222, 0.3175000000000000044 ) ) ;
#2015 = DIRECTION ( 'NONE',  ( 0.000000000000000000, 0.000000000000000000, 1.000000000000000000 ) ) ;
#2016 = DIRECTION ( 'NONE',  ( 0.000000000000000000, -1.000000000000000000, 0.000000000000000000 ) ) ;
#2017 = CARTESIAN_POINT ( 'NONE',  ( 0.4100000000000000311, 2.000000000000000444, 0.1349999999999999534 ) ) ;
#2018 = DIRECTION ( 'NONE',  ( -1.000000000000000000, -4.818676322157798361E-16, 0.000000000000000000 ) ) ;
#2019 = ADVANCED_FACE ( 'NONE', ( #408 ), #1661, .T. ) ;
#2020 = VERTEX_POINT ( 'NONE', #1338 ) ;
#2021 = ORIENTED_EDGE ( 'NONE', *, *, #44, .F. ) ;
#2022 = EDGE_CURVE ( 'NONE', #797, #1242, #1029, .T. ) ;
#2023 = ORIENTED_EDGE ( 'NONE', *, *, #694, .F. ) ;
#2024 = LINE ( 'NONE', #874, #1506 ) ;
#2025 = UNCERTAINTY_MEASURE_WITH_UNIT (LENGTH_MEASURE( 1.000000000000000082E-05 ), #1416, 'distance_accuracy_value', 'NONE');
#2026 = CARTESIAN_POINT ( 'NONE',  ( 16.63499999999999801, -1.364999999999998437, 0.3175000000000000044 ) ) ;
#2027 = DIRECTION ( 'NONE',  ( 4.818676322157798361E-16, -1.000000000000000000, 0.000000000000000000 ) ) ;
#2028 = FACE_OUTER_BOUND ( 'NONE', #923, .T. ) ;
#2029 = DIRECTION ( 'NONE',  ( 2.385670792109557660E-16, -1.000000000000000000, 0.000000000000000000 ) ) ;
#2030 = ORIENTED_EDGE ( 'NONE', *, *, #91, .F. ) ;
#2031 = EDGE_LOOP ( 'NONE', ( #1265, #82, #1112, #261, #310, #211, #1389, #1891 ) ) ;
#2032 = ORIENTED_EDGE ( 'NONE', *, *, #1243, .F. ) ;
#2033 = CARTESIAN_POINT ( 'NONE',  ( -16.63500000000000512, 16.63499999999999801, 0.3175000000000000044 ) ) ;
#2034 = CARTESIAN_POINT ( 'NONE',  ( -19.36500000000000554, -1.365000000000000213, 0.6350000000000000089 ) ) ;
#2035 = CARTESIAN_POINT ( 'NONE',  ( 0.000000000000000000, 0.000000000000000000, 0.000000000000000000 ) ) ;
#2036 = LINE ( 'NONE', #878, #122 ) ;
#2037 = DIRECTION ( 'NONE',  ( 1.000000000000000000, -4.818676322157799347E-16, 0.000000000000000000 ) ) ;
#2038 = ORIENTED_EDGE ( 'NONE', *, *, #1231, .T. ) ;
#2039 = AXIS2_PLACEMENT_3D ( 'NONE', #1088, #1735, #1925 ) ;
#2040 = ORIENTED_EDGE ( 'NONE', *, *, #1699, .F. ) ;
#2041 = VECTOR ( 'NONE', #573, 100.0000000000000000 ) ;
#2042 = ORIENTED_EDGE ( 'NONE', *, *, #546, .F. ) ;
#2043 = EDGE_CURVE ( 'NONE', #820, #581, #1152, .T. ) ;
#2044 = VECTOR ( 'NONE', #1978, 100.0000000000000000 ) ;
#2045 = EDGE_CURVE ( 'NONE', #911, #1475, #51, .T. ) ;
#2046 =( NAMED_UNIT ( * ) SI_UNIT ( $, .STERADIAN. ) SOLID_ANGLE_UNIT ( ) );
#2047 = CARTESIAN_POINT ( 'NONE',  ( 0.000000000000000000, 0.000000000000000000, 0.3175000000000000044 ) ) ;
#2048 = EDGE_CURVE ( 'NONE', #645, #1206, #1382, .T. ) ;
#2049 = VECTOR ( 'NONE', #1927, 100.0000000000000000 ) ;
#2050 = DIRECTION ( 'NONE',  ( 0.000000000000000000, -1.000000000000000000, 0.000000000000000000 ) ) ;
#2051 = VECTOR ( 'NONE', #106, 100.0000000000000000 ) ;
#2052 = VERTEX_POINT ( 'NONE', #429 ) ;
#2053 = CARTESIAN_POINT ( 'NONE',  ( -1.500000000000000222, 2.000000000000000444, 0.000000000000000000 ) ) ;
#2054 = ORIENTED_EDGE ( 'NONE', *, *, #269, .T. ) ;
#2055 = PLANE ( 'NONE',  #421 ) ;
#2056 = CARTESIAN_POINT ( 'NONE',  ( -16.50000000000000355, 2.000000000000000444, 0.6350000000000000089 ) ) ;
#2057 = VERTEX_POINT ( 'NONE', #1731 ) ;
#2058 = CARTESIAN_POINT ( 'NONE',  ( -18.00000000000000355, 0.000000000000000000, 0.3175000000000000044 ) ) ;
#2059 = ORIENTED_EDGE ( 'NONE', *, *, #1124, .F. ) ;
#2060 = ORIENTED_EDGE ( 'NONE', *, *, #32, .F. ) ;
#2061 = VERTEX_POINT ( 'NONE', #1884 ) ;
#2062 = ADVANCED_FACE ( 'NONE', ( #616 ), #891, .F. ) ;
#2063 = CARTESIAN_POINT ( 'NONE',  ( 0.000000000000000000, 0.000000000000000000, 0.3175000000000000044 ) ) ;
ENDSEC;
END-ISO-10303-21;
