ISO-10303-21;
HEADER;
FILE_DESCRIPTION (( 'STEP AP214' ),
    '1' );
FILE_NAME ('ramp-vertex_60.STEP',
    '2026-06-16T01:08:53',
    ( '' ),
    ( '' ),
    'SwSTEP 2.0',
    'SolidWorks 2023',
    '' );
FILE_SCHEMA (( 'AUTOMOTIVE_DESIGN' ));
ENDSEC;

DATA;
#1 = DIRECTION ( 'NONE',  ( 1.000000000000000000, -2.312964634635742957E-16, 0.000000000000000000 ) ) ;
#2 = VECTOR ( 'NONE', #1797, 100.0000000000000000 ) ;
#3 = LINE ( 'NONE', #1337, #919 ) ;
#4 = FACE_OUTER_BOUND ( 'NONE', #344, .T. ) ;
#5 = EDGE_CURVE ( 'NONE', #1082, #1522, #1284, .T. ) ;
#6 = ADVANCED_BREP_SHAPE_REPRESENTATION ( 'ramp-vertex_60', ( #472, #1402 ), #765 ) ;
#7 = PLANE ( 'NONE',  #2031 ) ;
#8 = CARTESIAN_POINT ( 'NONE',  ( -20.00000000000000711, 1.500000000000000666, 0.6350000000000000089 ) ) ;
#9 = VERTEX_POINT ( 'NONE', #995 ) ;
#10 = VECTOR ( 'NONE', #198, 100.0000000000000000 ) ;
#11 = FACE_OUTER_BOUND ( 'NONE', #1574, .T. ) ;
#12 = VERTEX_POINT ( 'NONE', #510 ) ;
#13 = EDGE_CURVE ( 'NONE', #1895, #951, #1635, .T. ) ;
#14 = EDGE_CURVE ( 'NONE', #706, #1854, #1456, .T. ) ;
#15 = CARTESIAN_POINT ( 'NONE',  ( 1.500000000000000666, -2.000000000000000000, 0.6350000000000000089 ) ) ;
#16 = LINE ( 'NONE', #673, #1031 ) ;
#17 = ADVANCED_FACE ( 'NONE', ( #1134 ), #1479, .F. ) ;
#18 = DIRECTION ( 'NONE',  ( 0.000000000000000000, 0.000000000000000000, 1.000000000000000000 ) ) ;
#19 = DIRECTION ( 'NONE',  ( 0.000000000000000000, -1.000000000000000000, 0.000000000000000000 ) ) ;
#20 = ORIENTED_EDGE ( 'NONE', *, *, #420, .F. ) ;
#21 = LINE ( 'NONE', #1940, #977 ) ;
#22 = ORIENTED_EDGE ( 'NONE', *, *, #542, .F. ) ;
#23 = VECTOR ( 'NONE', #227, 100.0000000000000000 ) ;
#24 = DIRECTION ( 'NONE',  ( -0.000000000000000000, 0.000000000000000000, 1.000000000000000000 ) ) ;
#25 = CARTESIAN_POINT ( 'NONE',  ( -18.76795716689757754, 1.199999999999999956, 0.1349999999999999534 ) ) ;
#26 = CARTESIAN_POINT ( 'NONE',  ( 2.000000000000000444, 1.500000000000000666, 0.000000000000000000 ) ) ;
#27 = ORIENTED_EDGE ( 'NONE', *, *, #1151, .T. ) ;
#28 = VECTOR ( 'NONE', #632, 100.0000000000000000 ) ;
#29 = CARTESIAN_POINT ( 'NONE',  ( 1.365000000000002212, -16.63499999999999801, 0.3175000000000000044 ) ) ;
#30 = ORIENTED_EDGE ( 'NONE', *, *, #129, .T. ) ;
#31 = VECTOR ( 'NONE', #1735, 100.0000000000000000 ) ;
#32 = LINE ( 'NONE', #826, #1597 ) ;
#33 = DIRECTION ( 'NONE',  ( 2.385670792109557660E-16, -1.000000000000000000, 0.000000000000000000 ) ) ;
#34 = AXIS2_PLACEMENT_3D ( 'NONE', #273, #1862, #911 ) ;
#35 = CARTESIAN_POINT ( 'NONE',  ( 1.364999999999999769, 2.000000000000000444, 0.000000000000000000 ) ) ;
#36 = CARTESIAN_POINT ( 'NONE',  ( 3.673940397442060115E-17, 0.3000000000000000444, 0.6350000000000000089 ) ) ;
#37 = EDGE_LOOP ( 'NONE', ( #1182, #268, #1551, #803 ) ) ;
#38 = ADVANCED_FACE ( 'NONE', ( #164 ), #7, .F. ) ;
#39 = VECTOR ( 'NONE', #1226, 100.0000000000000000 ) ;
#40 = CARTESIAN_POINT ( 'NONE',  ( -19.82000000000000384, -0.4099999999999998646, 0.1349999999999999534 ) ) ;
#41 = ORIENTED_EDGE ( 'NONE', *, *, #1340, .F. ) ;
#42 = EDGE_CURVE ( 'NONE', #1228, #1297, #1956, .T. ) ;
#43 = VERTEX_POINT ( 'NONE', #1314 ) ;
#44 = PLANE ( 'NONE',  #1301 ) ;
#45 = DIRECTION ( 'NONE',  ( 0.5000000000000043299, -0.8660254037844362651, 0.000000000000000000 ) ) ;
#46 = FACE_OUTER_BOUND ( 'NONE', #801, .T. ) ;
#47 = ORIENTED_EDGE ( 'NONE', *, *, #1821, .T. ) ;
#48 = DIRECTION ( 'NONE',  ( 1.000000000000000000, 2.385670792109557660E-16, 0.000000000000000000 ) ) ;
#49 = ORIENTED_EDGE ( 'NONE', *, *, #225, .F. ) ;
#50 = EDGE_CURVE ( 'NONE', #1014, #1288, #193, .T. ) ;
#51 = VECTOR ( 'NONE', #1116, 100.0000000000000000 ) ;
#52 = LINE ( 'NONE', #251, #1933 ) ;
#53 = DIRECTION ( 'NONE',  ( -1.000000000000000000, 0.000000000000000000, 0.000000000000000000 ) ) ;
#54 = CARTESIAN_POINT ( 'NONE',  ( -19.50000000000000355, 2.000000000000000444, 0.000000000000000000 ) ) ;
#55 = ORIENTED_EDGE ( 'NONE', *, *, #13, .T. ) ;
#56 = LINE ( 'NONE', #1967, #1608 ) ;
#57 = ORIENTED_EDGE ( 'NONE', *, *, #864, .T. ) ;
#58 = AXIS2_PLACEMENT_3D ( 'NONE', #331, #1771, #1917 ) ;
#59 = DIRECTION ( 'NONE',  ( -4.818676322157799347E-16, 1.000000000000000000, 0.000000000000000000 ) ) ;
#60 = EDGE_CURVE ( 'NONE', #1275, #1918, #1749, .T. ) ;
#61 = AXIS2_PLACEMENT_3D ( 'NONE', #897, #150, #1536 ) ;
#62 = DIRECTION ( 'NONE',  ( 1.249637081581196951E-16, 1.000000000000000000, 0.000000000000000000 ) ) ;
#63 = VECTOR ( 'NONE', #2047, 100.0000000000000000 ) ;
#64 = EDGE_CURVE ( 'NONE', #1385, #1709, #366, .T. ) ;
#65 = LINE ( 'NONE', #368, #1207 ) ;
#66 = DIRECTION ( 'NONE',  ( -0.000000000000000000, 0.000000000000000000, 1.000000000000000000 ) ) ;
#67 = ORIENTED_EDGE ( 'NONE', *, *, #378, .T. ) ;
#68 = DIRECTION ( 'NONE',  ( -1.000000000000000000, 0.000000000000000000, 0.000000000000000000 ) ) ;
#69 = ORIENTED_EDGE ( 'NONE', *, *, #728, .T. ) ;
#70 = CARTESIAN_POINT ( 'NONE',  ( -18.00000000000000355, 0.000000000000000000, 0.6350000000000000089 ) ) ;
#71 = VERTEX_POINT ( 'NONE', #175 ) ;
#72 = VECTOR ( 'NONE', #1265, 100.0000000000000142 ) ;
#73 = EDGE_CURVE ( 'NONE', #1377, #741, #674, .T. ) ;
#74 = LINE ( 'NONE', #1193, #698 ) ;
#75 = PRODUCT_RELATED_PRODUCT_CATEGORY ( 'part', '', ( #1350 ) ) ;
#76 = LINE ( 'NONE', #1352, #233 ) ;
#77 = CARTESIAN_POINT ( 'NONE',  ( 1.364999999999995328, 16.63499999999999801, 0.6350000000000000089 ) ) ;
#78 = EDGE_CURVE ( 'NONE', #134, #1153, #1946, .T. ) ;
#79 = ORIENTED_EDGE ( 'NONE', *, *, #504, .F. ) ;
#80 = CARTESIAN_POINT ( 'NONE',  ( -18.41000000000000369, 2.000000000000000444, 0.1349999999999999534 ) ) ;
#81 = VERTEX_POINT ( 'NONE', #496 ) ;
#82 = DIRECTION ( 'NONE',  ( 1.000000000000000000, 0.000000000000000000, 0.000000000000000000 ) ) ;
#83 = ORIENTED_EDGE ( 'NONE', *, *, #1761, .T. ) ;
#84 = CARTESIAN_POINT ( 'NONE',  ( 0.6200000000000002176, -2.000000000000000000, 0.6350000000000000089 ) ) ;
#85 = DIRECTION ( 'NONE',  ( 0.000000000000000000, -1.000000000000000000, 0.000000000000000000 ) ) ;
#86 = CARTESIAN_POINT ( 'NONE',  ( 2.000000000000000444, 0.4100000000000001421, 0.1349999999999999534 ) ) ;
#87 = VECTOR ( 'NONE', #330, 100.0000000000000000 ) ;
#88 = ORIENTED_EDGE ( 'NONE', *, *, #563, .T. ) ;
#89 = FACE_OUTER_BOUND ( 'NONE', #1441, .T. ) ;
#90 = ORIENTED_EDGE ( 'NONE', *, *, #78, .F. ) ;
#91 = DIRECTION ( 'NONE',  ( 0.000000000000000000, 1.000000000000000000, 0.000000000000000000 ) ) ;
#92 = ORIENTED_EDGE ( 'NONE', *, *, #1243, .F. ) ;
#93 = EDGE_CURVE ( 'NONE', #951, #1221, #1300, .T. ) ;
#94 = CARTESIAN_POINT ( 'NONE',  ( 0.6200000000000001066, -0.5700000000000000622, 0.6350000000000000089 ) ) ;
#95 = CARTESIAN_POINT ( 'NONE',  ( 16.63499999999999801, 1.365000000000001101, 0.3175000000000000044 ) ) ;
#96 = DIRECTION ( 'NONE',  ( -1.000000000000000000, -4.818676322157799347E-16, 0.000000000000000000 ) ) ;
#97 = ADVANCED_FACE ( 'NONE', ( #520 ), #986, .F. ) ;
#98 = VERTEX_POINT ( 'NONE', #1004 ) ;
#99 = DIRECTION ( 'NONE',  ( -1.000000000000000000, -4.818676322157798361E-16, 0.000000000000000000 ) ) ;
#100 = VERTEX_POINT ( 'NONE', #1184 ) ;
#101 = EDGE_CURVE ( 'NONE', #1793, #1764, #570, .T. ) ;
#102 = VECTOR ( 'NONE', #351, 100.0000000000000000 ) ;
#103 = DIRECTION ( 'NONE',  ( -1.931257307898213426E-16, -1.000000000000000000, 0.000000000000000000 ) ) ;
#104 = ORIENTED_EDGE ( 'NONE', *, *, #1163, .F. ) ;
#105 = ADVANCED_FACE ( 'NONE', ( #1842 ), #558, .F. ) ;
#106 = DIRECTION ( 'NONE',  ( 4.818676322157798361E-16, -1.000000000000000000, 0.000000000000000000 ) ) ;
#107 = AXIS2_PLACEMENT_3D ( 'NONE', #1376, #747, #223 ) ;
#108 = LINE ( 'NONE', #944, #576 ) ;
#109 = DIRECTION ( 'NONE',  ( 0.000000000000000000, -1.000000000000000000, 0.000000000000000000 ) ) ;
#110 = ORIENTED_EDGE ( 'NONE', *, *, #691, .F. ) ;
#111 = CARTESIAN_POINT ( 'NONE',  ( 0.000000000000000000, 0.000000000000000000, 0.3175000000000000044 ) ) ;
#112 = ORIENTED_EDGE ( 'NONE', *, *, #1841, .F. ) ;
#113 = LINE ( 'NONE', #749, #488 ) ;
#114 = ORIENTED_EDGE ( 'NONE', *, *, #867, .F. ) ;
#115 = DIRECTION ( 'NONE',  ( 0.5000000000000042188, 0.8660254037844362651, 0.000000000000000000 ) ) ;
#116 = CARTESIAN_POINT ( 'NONE',  ( -16.63500000000000512, 1.364999999999999991, 0.6350000000000000089 ) ) ;
#117 = CARTESIAN_POINT ( 'NONE',  ( 1.820000000000000506, 0.4100000000000000311, 0.6350000000000000089 ) ) ;
#118 = STYLED_ITEM ( 'NONE', ( #817 ), #472 ) ;
#119 = ORIENTED_EDGE ( 'NONE', *, *, #318, .F. ) ;
#120 = DIRECTION ( 'NONE',  ( -0.8660254037844360431, 0.5000000000000042188, 0.000000000000000000 ) ) ;
#121 = VERTEX_POINT ( 'NONE', #211 ) ;
#122 = CARTESIAN_POINT ( 'NONE',  ( 0.000000000000000000, -0.3000000000000000444, 0.6350000000000000089 ) ) ;
#123 = ORIENTED_EDGE ( 'NONE', *, *, #514, .T. ) ;
#124 = CARTESIAN_POINT ( 'NONE',  ( 2.000000000000001776, 1.364999999999998437, 0.3175000000000000044 ) ) ;
#125 = EDGE_CURVE ( 'NONE', #1542, #240, #1964, .T. ) ;
#126 = VECTOR ( 'NONE', #1488, 100.0000000000000000 ) ;
#127 = LINE ( 'NONE', #766, #936 ) ;
#128 = CYLINDRICAL_SURFACE ( 'NONE', #927, 2.500000000000000000 ) ;
#129 = EDGE_CURVE ( 'NONE', #71, #585, #1981, .T. ) ;
#130 = EDGE_CURVE ( 'NONE', #1277, #181, #76, .T. ) ;
#131 = ORIENTED_EDGE ( 'NONE', *, *, #1367, .F. ) ;
#132 = AXIS2_PLACEMENT_3D ( 'NONE', #190, #327, #1464 ) ;
#133 = DIRECTION ( 'NONE',  ( 0.000000000000000000, -1.000000000000000000, 0.000000000000000000 ) ) ;
#134 = VERTEX_POINT ( 'NONE', #1527 ) ;
#135 = CIRCLE ( 'NONE', #1963, 0.3000000000000000444 ) ;
#136 = LINE ( 'NONE', #1276, #1486 ) ;
#137 = CIRCLE ( 'NONE', #506, 0.3000000000000000444 ) ;
#138 = ORIENTED_EDGE ( 'NONE', *, *, #1497, .T. ) ;
#139 = LINE ( 'NONE', #1247, #1066 ) ;
#140 = EDGE_CURVE ( 'NONE', #276, #1593, #243, .T. ) ;
#141 = DIRECTION ( 'NONE',  ( -1.000000000000000000, -3.067291018426574134E-16, 0.000000000000000000 ) ) ;
#142 = PLANE ( 'NONE',  #1694 ) ;
#143 = AXIS2_PLACEMENT_3D ( 'NONE', #938, #145, #1398 ) ;
#144 = VERTEX_POINT ( 'NONE', #1036 ) ;
#145 = DIRECTION ( 'NONE',  ( 1.000000000000000000, 0.000000000000000000, 0.000000000000000000 ) ) ;
#146 = ORIENTED_EDGE ( 'NONE', *, *, #839, .F. ) ;
#147 = ADVANCED_FACE ( 'NONE', ( #847 ), #879, .F. ) ;
#148 = DIRECTION ( 'NONE',  ( 0.5000000000000042188, -0.8660254037844362651, 0.000000000000000000 ) ) ;
#149 = VERTEX_POINT ( 'NONE', #1373 ) ;
#150 = DIRECTION ( 'NONE',  ( 0.000000000000000000, 0.000000000000000000, -1.000000000000000000 ) ) ;
#151 = CARTESIAN_POINT ( 'NONE',  ( 2.000000000000000444, -0.4099999999999999201, 0.1349999999999999534 ) ) ;
#152 = LINE ( 'NONE', #1102, #531 ) ;
#153 = ORIENTED_EDGE ( 'NONE', *, *, #627, .F. ) ;
#154 = DIRECTION ( 'NONE',  ( 0.000000000000000000, -1.000000000000000000, 0.000000000000000000 ) ) ;
#155 = VERTEX_POINT ( 'NONE', #529 ) ;
#156 = VECTOR ( 'NONE', #1857, 100.0000000000000000 ) ;
#157 = CARTESIAN_POINT ( 'NONE',  ( 2.000000000000000444, 1.500000000000000666, 0.3175000000000000044 ) ) ;
#158 = ORIENTED_EDGE ( 'NONE', *, *, #64, .F. ) ;
#159 = EDGE_CURVE ( 'NONE', #833, #1534, #1164, .T. ) ;
#160 = DIRECTION ( 'NONE',  ( 0.000000000000000000, 0.000000000000000000, 1.000000000000000000 ) ) ;
#161 = DIRECTION ( 'NONE',  ( -1.000000000000000000, -2.312964634635742957E-16, 0.000000000000000000 ) ) ;
#162 = DIRECTION ( 'NONE',  ( 0.000000000000000000, 0.000000000000000000, 1.000000000000000000 ) ) ;
#163 = CIRCLE ( 'NONE', #1363, 2.500000000000000000 ) ;
#164 = FACE_OUTER_BOUND ( 'NONE', #2038, .T. ) ;
#165 = DIRECTION ( 'NONE',  ( -1.000000000000000000, 1.249637081581196951E-16, 0.000000000000000000 ) ) ;
#166 = ORIENTED_EDGE ( 'NONE', *, *, #782, .T. ) ;
#167 = DIRECTION ( 'NONE',  ( 0.000000000000000000, -1.000000000000000000, 0.000000000000000000 ) ) ;
#168 = EDGE_CURVE ( 'NONE', #1080, #1228, #65, .T. ) ;
#169 = VERTEX_POINT ( 'NONE', #1194 ) ;
#170 = AXIS2_PLACEMENT_3D ( 'NONE', #407, #1684, #1044 ) ;
#171 = FACE_OUTER_BOUND ( 'NONE', #982, .T. ) ;
#172 = EDGE_CURVE ( 'NONE', #134, #402, #712, .T. ) ;
#173 = DIRECTION ( 'NONE',  ( -1.000000000000000000, 0.000000000000000000, 0.000000000000000000 ) ) ;
#174 = DIRECTION ( 'NONE',  ( 0.000000000000000000, -1.000000000000000000, 0.000000000000000000 ) ) ;
#175 = CARTESIAN_POINT ( 'NONE',  ( 1.365000000000002212, -1.365000000000000213, 0.3175000000000000044 ) ) ;
#176 = CARTESIAN_POINT ( 'NONE',  ( -19.50000000000000711, -2.000000000000000000, 0.000000000000000000 ) ) ;
#177 = VERTEX_POINT ( 'NONE', #1973 ) ;
#178 = VECTOR ( 'NONE', #311, 100.0000000000000000 ) ;
#179 = CARTESIAN_POINT ( 'NONE',  ( -17.59000000000000696, 1.820000000000000506, 0.1349999999999999534 ) ) ;
#180 = ORIENTED_EDGE ( 'NONE', *, *, #1018, .F. ) ;
#181 = VERTEX_POINT ( 'NONE', #1806 ) ;
#182 = SURFACE_STYLE_USAGE ( .BOTH. , #1610 ) ;
#183 = DIRECTION ( 'NONE',  ( -1.249637081581196951E-16, 1.000000000000000000, -0.000000000000000000 ) ) ;
#184 = DIRECTION ( 'NONE',  ( -1.156482317317871725E-16, 1.000000000000000000, -0.000000000000000000 ) ) ;
#185 = FACE_OUTER_BOUND ( 'NONE', #814, .T. ) ;
#186 = ORIENTED_EDGE ( 'NONE', *, *, #349, .F. ) ;
#187 = DIRECTION ( 'NONE',  ( 1.000000000000000000, -4.818676322157799347E-16, 0.000000000000000000 ) ) ;
#188 = ORIENTED_EDGE ( 'NONE', *, *, #1122, .T. ) ;
#189 = AXIS2_PLACEMENT_3D ( 'NONE', #1904, #1600, #1269 ) ;
#190 = CARTESIAN_POINT ( 'NONE',  ( 0.000000000000000000, 0.000000000000000000, 0.000000000000000000 ) ) ;
#191 = CARTESIAN_POINT ( 'NONE',  ( -19.36500000000000554, -1.365000000000000213, 0.6350000000000000089 ) ) ;
#192 = EDGE_CURVE ( 'NONE', #1114, #1040, #376, .T. ) ;
#193 = LINE ( 'NONE', #25, #102 ) ;
#194 = LINE ( 'NONE', #1449, #564 ) ;
#195 = VERTEX_POINT ( 'NONE', #1654 ) ;
#196 = EDGE_CURVE ( 'NONE', #1810, #585, #220, .T. ) ;
#197 = VECTOR ( 'NONE', #377, 100.0000000000000000 ) ;
#198 = DIRECTION ( 'NONE',  ( -1.000000000000000000, 0.000000000000000000, 0.000000000000000000 ) ) ;
#199 = EDGE_LOOP ( 'NONE', ( #716, #92, #1085, #487, #1026, #1668 ) ) ;
#200 = DIRECTION ( 'NONE',  ( 1.000000000000000000, 0.000000000000000000, 0.000000000000000000 ) ) ;
#201 = DIRECTION ( 'NONE',  ( 1.000000000000000000, 2.385670792109557660E-16, 0.000000000000000000 ) ) ;
#202 = VECTOR ( 'NONE', #2003, 100.0000000000000000 ) ;
#203 = ORIENTED_EDGE ( 'NONE', *, *, #1330, .T. ) ;
#204 = CARTESIAN_POINT ( 'NONE',  ( -18.41000000000000369, 2.000000000000000444, 0.1349999999999999534 ) ) ;
#205 = VERTEX_POINT ( 'NONE', #1498 ) ;
#206 = DIRECTION ( 'NONE',  ( 0.000000000000000000, -1.000000000000000000, 0.000000000000000000 ) ) ;
#207 = EDGE_CURVE ( 'NONE', #353, #1160, #1138, .T. ) ;
#208 = VERTEX_POINT ( 'NONE', #702 ) ;
#209 = VECTOR ( 'NONE', #1877, 100.0000000000000000 ) ;
#210 = PLANE ( 'NONE',  #1700 ) ;
#211 = CARTESIAN_POINT ( 'NONE',  ( -18.76795716689757754, 1.199999999999999956, 0.6350000000000000089 ) ) ;
#212 = CARTESIAN_POINT ( 'NONE',  ( -0.7679571668975722076, 1.199999999999999956, 0.1349999999999999534 ) ) ;
#213 = ORIENTED_EDGE ( 'NONE', *, *, #1853, .T. ) ;
#214 = DIRECTION ( 'NONE',  ( -1.000000000000000000, 0.000000000000000000, 0.000000000000000000 ) ) ;
#215 = ORIENTED_EDGE ( 'NONE', *, *, #1919, .T. ) ;
#216 = PLANE ( 'NONE',  #1852 ) ;
#217 = AXIS2_PLACEMENT_3D ( 'NONE', #1223, #1074, #1504 ) ;
#218 = EDGE_CURVE ( 'NONE', #669, #1241, #137, .T. ) ;
#219 = DIRECTION ( 'NONE',  ( 0.000000000000000000, 0.000000000000000000, 1.000000000000000000 ) ) ;
#220 = LINE ( 'NONE', #388, #571 ) ;
#221 = DIRECTION ( 'NONE',  ( 1.000000000000000000, 0.000000000000000000, 0.000000000000000000 ) ) ;
#222 = ORIENTED_EDGE ( 'NONE', *, *, #755, .F. ) ;
#223 = DIRECTION ( 'NONE',  ( 0.000000000000000000, -1.000000000000000000, 0.000000000000000000 ) ) ;
#224 = VERTEX_POINT ( 'NONE', #549 ) ;
#225 = EDGE_CURVE ( 'NONE', #1288, #121, #723, .T. ) ;
#226 = AXIS2_PLACEMENT_3D ( 'NONE', #1353, #1993, #221 ) ;
#227 = DIRECTION ( 'NONE',  ( 1.156482317317871725E-16, 1.000000000000000000, 0.000000000000000000 ) ) ;
#228 = EDGE_LOOP ( 'NONE', ( #1531, #49, #1846, #404 ) ) ;
#229 = CARTESIAN_POINT ( 'NONE',  ( -18.00000000000000355, 0.000000000000000000, 0.3175000000000000044 ) ) ;
#230 = ADVANCED_FACE ( 'NONE', ( #1717 ), #1260, .F. ) ;
#231 = AXIS2_PLACEMENT_3D ( 'NONE', #1727, #777, #1261 ) ;
#232 = DIRECTION ( 'NONE',  ( -0.000000000000000000, 0.000000000000000000, 1.000000000000000000 ) ) ;
#233 = VECTOR ( 'NONE', #253, 100.0000000000000000 ) ;
#234 = LINE ( 'NONE', #1696, #1129 ) ;
#235 = ORIENTED_EDGE ( 'NONE', *, *, #1484, .T. ) ;
#236 = CARTESIAN_POINT ( 'NONE',  ( 2.000000000000000444, -0.4099999999999999201, 0.1349999999999999534 ) ) ;
#237 = ORIENTED_EDGE ( 'NONE', *, *, #949, .F. ) ;
#238 = FACE_OUTER_BOUND ( 'NONE', #1823, .T. ) ;
#239 = DIRECTION ( 'NONE',  ( 1.000000000000000000, 0.000000000000000000, 0.000000000000000000 ) ) ;
#240 = VERTEX_POINT ( 'NONE', #2014 ) ;
#241 = AXIS2_PLACEMENT_3D ( 'NONE', #2006, #1809, #99 ) ;
#242 = DIRECTION ( 'NONE',  ( 4.818676322157798361E-16, 1.000000000000000000, 0.000000000000000000 ) ) ;
#243 = LINE ( 'NONE', #733, #1801 ) ;
#244 = CARTESIAN_POINT ( 'NONE',  ( -1.849106203007280680, 1.682500000000000329, 0.000000000000000000 ) ) ;
#245 = ORIENTED_EDGE ( 'NONE', *, *, #1180, .T. ) ;
#246 = CARTESIAN_POINT ( 'NONE',  ( 1.200000000000000622, -0.7679571668975718746, 0.1349999999999999534 ) ) ;
#247 = ORIENTED_EDGE ( 'NONE', *, *, #1836, .T. ) ;
#248 = PRODUCT_DEFINITION_SHAPE ( 'NONE', 'NONE',  #1254 ) ;
#249 = DIRECTION ( 'NONE',  ( 1.000000000000000000, -4.818676322157799347E-16, 0.000000000000000000 ) ) ;
#250 = ORIENTED_EDGE ( 'NONE', *, *, #367, .T. ) ;
#251 = CARTESIAN_POINT ( 'NONE',  ( -1.500000000000000222, 2.000000000000000444, 0.3175000000000000044 ) ) ;
#252 = ADVANCED_FACE ( 'NONE', ( #418 ), #756, .F. ) ;
#253 = DIRECTION ( 'NONE',  ( -0.000000000000000000, 0.000000000000000000, 1.000000000000000000 ) ) ;
#254 = CARTESIAN_POINT ( 'NONE',  ( -20.00000000000000711, 1.364999999999998437, 0.6350000000000000089 ) ) ;
#255 = ORIENTED_EDGE ( 'NONE', *, *, #93, .F. ) ;
#256 = LINE ( 'NONE', #80, #809 ) ;
#257 = ORIENTED_EDGE ( 'NONE', *, *, #1841, .T. ) ;
#258 = EDGE_CURVE ( 'NONE', #1117, #1553, #942, .T. ) ;
#259 = LINE ( 'NONE', #2008, #1587 ) ;
#260 = ORIENTED_EDGE ( 'NONE', *, *, #1687, .T. ) ;
#261 = VECTOR ( 'NONE', #1136, 100.0000000000000000 ) ;
#262 = CARTESIAN_POINT ( 'NONE',  ( 0.6200000000000004396, -2.000000000000000444, 0.000000000000000000 ) ) ;
#263 = DIRECTION ( 'NONE',  ( 3.067291018426574134E-16, -1.000000000000000000, 0.000000000000000000 ) ) ;
#264 = DIRECTION ( 'NONE',  ( 1.156482317317871725E-16, 1.000000000000000000, 0.000000000000000000 ) ) ;
#265 = CIRCLE ( 'NONE', #536, 0.3000000000000000444 ) ;
#266 = ORIENTED_EDGE ( 'NONE', *, *, #689, .F. ) ;
#267 = DIRECTION ( 'NONE',  ( 1.000000000000000000, -2.312964634635742957E-16, 0.000000000000000000 ) ) ;
#268 = ORIENTED_EDGE ( 'NONE', *, *, #1736, .T. ) ;
#269 = DIRECTION ( 'NONE',  ( 0.000000000000000000, 0.000000000000000000, -1.000000000000000000 ) ) ;
#270 = VERTEX_POINT ( 'NONE', #1393 ) ;
#271 = DIRECTION ( 'NONE',  ( 0.000000000000000000, 0.000000000000000000, -1.000000000000000000 ) ) ;
#272 = VECTOR ( 'NONE', #48, 100.0000000000000000 ) ;
#273 = CARTESIAN_POINT ( 'NONE',  ( -18.00000000000000355, 0.000000000000000000, 0.000000000000000000 ) ) ;
#274 = CARTESIAN_POINT ( 'NONE',  ( -16.63500000000000512, 2.000000000000000444, 0.3175000000000000044 ) ) ;
#275 = VECTOR ( 'NONE', #485, 100.0000000000000142 ) ;
#276 = VERTEX_POINT ( 'NONE', #1248 ) ;
#277 = LINE ( 'NONE', #914, #1495 ) ;
#278 = ORIENTED_EDGE ( 'NONE', *, *, #2011, .T. ) ;
#279 = FACE_BOUND ( 'NONE', #978, .T. ) ;
#280 = EDGE_CURVE ( 'NONE', #1660, #9, #2023, .T. ) ;
#281 = ORIENTED_EDGE ( 'NONE', *, *, #1836, .F. ) ;
#282 = LINE ( 'NONE', #1598, #500 ) ;
#283 = EDGE_CURVE ( 'NONE', #534, #1357, #590, .T. ) ;
#284 = PRODUCT_DEFINITION_CONTEXT ( 'detailed design', #491, 'design' ) ;
#285 = CARTESIAN_POINT ( 'NONE',  ( 2.000000000000000444, 1.500000000000000666, 0.6350000000000000089 ) ) ;
#286 = CARTESIAN_POINT ( 'NONE',  ( 16.63499999999999801, 1.365000000000001101, 0.6350000000000000089 ) ) ;
#287 = AXIS2_PLACEMENT_3D ( 'NONE', #906, #103, #1543 ) ;
#288 = EDGE_LOOP ( 'NONE', ( #1728, #773, #525, #1719 ) ) ;
#289 = CARTESIAN_POINT ( 'NONE',  ( -18.62000000000000455, -2.000000000000000444, 0.000000000000000000 ) ) ;
#290 = EDGE_LOOP ( 'NONE', ( #153, #1239, #1556, #1871 ) ) ;
#291 = DIRECTION ( 'NONE',  ( 0.000000000000000000, -1.000000000000000000, 0.000000000000000000 ) ) ;
#292 = EDGE_LOOP ( 'NONE', ( #1125, #687, #915, #1932, #1867 ) ) ;
#293 = EDGE_CURVE ( 'NONE', #1709, #658, #1090, .T. ) ;
#294 = LINE ( 'NONE', #1381, #428 ) ;
#295 = VECTOR ( 'NONE', #923, 100.0000000000000000 ) ;
#296 = EDGE_CURVE ( 'NONE', #1073, #1629, #451, .T. ) ;
#297 = DIRECTION ( 'NONE',  ( -4.818676322157799347E-16, -1.000000000000000000, 0.000000000000000000 ) ) ;
#298 = FACE_BOUND ( 'NONE', #2017, .T. ) ;
#299 = VERTEX_POINT ( 'NONE', #116 ) ;
#300 = AXIS2_PLACEMENT_3D ( 'NONE', #1225, #1704, #1547 ) ;
#301 = LINE ( 'NONE', #1573, #1990 ) ;
#302 = ORIENTED_EDGE ( 'NONE', *, *, #844, .T. ) ;
#303 = DIRECTION ( 'NONE',  ( 1.000000000000000000, -1.136033710528360955E-16, 0.000000000000000000 ) ) ;
#304 = VECTOR ( 'NONE', #621, 100.0000000000000000 ) ;
#305 = VERTEX_POINT ( 'NONE', #429 ) ;
#306 = CARTESIAN_POINT ( 'NONE',  ( 2.000000000000001776, 1.364999999999998437, 0.6350000000000000089 ) ) ;
#307 = AXIS2_PLACEMENT_3D ( 'NONE', #1417, #612, #460 ) ;
#308 = CARTESIAN_POINT ( 'NONE',  ( -17.59000000000000696, 2.000000000000000444, 0.1349999999999999534 ) ) ;
#309 = CARTESIAN_POINT ( 'NONE',  ( -16.63500000000000512, 2.000000000000000444, 0.000000000000000000 ) ) ;
#310 = EDGE_LOOP ( 'NONE', ( #727, #1878, #1950, #88 ) ) ;
#311 = DIRECTION ( 'NONE',  ( 0.000000000000000000, 0.000000000000000000, 1.000000000000000000 ) ) ;
#312 = ORIENTED_EDGE ( 'NONE', *, *, #313, .F. ) ;
#313 = EDGE_CURVE ( 'NONE', #1423, #1349, #1850, .T. ) ;
#314 = CARTESIAN_POINT ( 'NONE',  ( -20.00000000000000711, -1.499999999999999334, 0.000000000000000000 ) ) ;
#315 = ORIENTED_EDGE ( 'NONE', *, *, #808, .F. ) ;
#316 = FACE_OUTER_BOUND ( 'NONE', #595, .T. ) ;
#317 = CARTESIAN_POINT ( 'NONE',  ( -20.00000000000000711, 1.500000000000000666, 0.000000000000000000 ) ) ;
#318 = EDGE_CURVE ( 'NONE', #240, #1921, #1893, .T. ) ;
#319 = EDGE_CURVE ( 'NONE', #1813, #1038, #1738, .T. ) ;
#320 = CARTESIAN_POINT ( 'NONE',  ( -19.82000000000000384, -0.4099999999999998646, 0.1349999999999999534 ) ) ;
#321 = DIRECTION ( 'NONE',  ( 0.000000000000000000, -1.000000000000000000, 0.000000000000000000 ) ) ;
#322 = ORIENTED_EDGE ( 'NONE', *, *, #1647, .F. ) ;
#323 = AXIS2_PLACEMENT_3D ( 'NONE', #1879, #1083, #1287 ) ;
#324 = LINE ( 'NONE', #617, #1653 ) ;
#325 = EDGE_CURVE ( 'NONE', #326, #1277, #108, .T. ) ;
#326 = VERTEX_POINT ( 'NONE', #1695 ) ;
#327 = DIRECTION ( 'NONE',  ( -0.000000000000000000, 0.000000000000000000, 1.000000000000000000 ) ) ;
#328 = CARTESIAN_POINT ( 'NONE',  ( -20.00000000000000711, -0.4099999999999999201, 0.1349999999999999534 ) ) ;
#329 = DIRECTION ( 'NONE',  ( 0.000000000000000000, -1.000000000000000000, 0.000000000000000000 ) ) ;
#330 = DIRECTION ( 'NONE',  ( -3.067291018426574134E-16, -1.000000000000000000, 0.000000000000000000 ) ) ;
#331 = CARTESIAN_POINT ( 'NONE',  ( 0.000000000000000000, 0.000000000000000000, 0.1349999999999999534 ) ) ;
#332 = ORIENTED_EDGE ( 'NONE', *, *, #379, .F. ) ;
#333 = LINE ( 'NONE', #515, #1776 ) ;
#334 = ORIENTED_EDGE ( 'NONE', *, *, #1435, .T. ) ;
#335 = VECTOR ( 'NONE', #183, 100.0000000000000000 ) ;
#336 = LINE ( 'NONE', #659, #535 ) ;
#337 = SURFACE_STYLE_FILL_AREA ( #1768 ) ;
#338 = CARTESIAN_POINT ( 'NONE',  ( 16.63499999999999801, 1.365000000000001101, 0.3175000000000000044 ) ) ;
#339 = ORIENTED_EDGE ( 'NONE', *, *, #140, .F. ) ;
#340 = CARTESIAN_POINT ( 'NONE',  ( -18.62000000000000455, -0.5700000000000000622, 0.6350000000000000089 ) ) ;
#341 = ORIENTED_EDGE ( 'NONE', *, *, #1641, .T. ) ;
#342 = VECTOR ( 'NONE', #480, 100.0000000000000000 ) ;
#343 = CARTESIAN_POINT ( 'NONE',  ( -16.50000000000000355, 2.000000000000000444, 0.000000000000000000 ) ) ;
#344 = EDGE_LOOP ( 'NONE', ( #1803, #188, #1171, #788 ) ) ;
#345 = ADVANCED_FACE ( 'NONE', ( #1537 ), #441, .F. ) ;
#346 = DIRECTION ( 'NONE',  ( -0.000000000000000000, 0.000000000000000000, 1.000000000000000000 ) ) ;
#347 =( NAMED_UNIT ( * ) PLANE_ANGLE_UNIT ( ) SI_UNIT ( $, .RADIAN. ) );
#348 = DIRECTION ( 'NONE',  ( 1.000000000000000000, 2.385670792109557660E-16, 0.000000000000000000 ) ) ;
#349 = EDGE_CURVE ( 'NONE', #1228, #553, #1578, .T. ) ;
#350 = ADVANCED_FACE ( 'NONE', ( #1383 ), #776, .F. ) ;
#351 = DIRECTION ( 'NONE',  ( -1.000000000000000000, 0.000000000000000000, 0.000000000000000000 ) ) ;
#352 = LINE ( 'NONE', #410, #197 ) ;
#353 = VERTEX_POINT ( 'NONE', #1873 ) ;
#354 = CARTESIAN_POINT ( 'NONE',  ( -1.500000000000000222, 2.000000000000000444, 0.3175000000000000044 ) ) ;
#355 = ORIENTED_EDGE ( 'NONE', *, *, #1382, .F. ) ;
#356 = ORIENTED_EDGE ( 'NONE', *, *, #970, .T. ) ;
#357 = FACE_OUTER_BOUND ( 'NONE', #2032, .T. ) ;
#358 = EDGE_CURVE ( 'NONE', #1818, #1810, #1078, .T. ) ;
#359 = EDGE_LOOP ( 'NONE', ( #1028, #186, #1783, #1189 ) ) ;
#360 = PLANE ( 'NONE',  #393 ) ;
#361 = ORIENTED_EDGE ( 'NONE', *, *, #1978, .F. ) ;
#362 = CARTESIAN_POINT ( 'NONE',  ( -18.41000000000000369, 2.000000000000000444, 0.6350000000000000089 ) ) ;
#363 = ORIENTED_EDGE ( 'NONE', *, *, #1338, .T. ) ;
#364 = APPLICATION_PROTOCOL_DEFINITION ( 'draft international standard', 'automotive_design', 1998, #491 ) ;
#365 = DIRECTION ( 'NONE',  ( 0.000000000000000000, 0.000000000000000000, 1.000000000000000000 ) ) ;
#366 = CIRCLE ( 'NONE', #637, 0.3000000000000000444 ) ;
#367 = EDGE_CURVE ( 'NONE', #1380, #1808, #127, .T. ) ;
#368 = CARTESIAN_POINT ( 'NONE',  ( -0.4099999999999999201, 1.820000000000000506, 0.1349999999999999534 ) ) ;
#369 = LINE ( 'NONE', #1782, #598 ) ;
#370 = ORIENTED_EDGE ( 'NONE', *, *, #1180, .F. ) ;
#371 = DIRECTION ( 'NONE',  ( 0.000000000000000000, 0.000000000000000000, 1.000000000000000000 ) ) ;
#372 = ORIENTED_EDGE ( 'NONE', *, *, #1330, .F. ) ;
#373 = EDGE_CURVE ( 'NONE', #144, #606, #1110, .T. ) ;
#374 = AXIS2_PLACEMENT_3D ( 'NONE', #981, #1306, #1792 ) ;
#375 = CARTESIAN_POINT ( 'NONE',  ( -20.00000000000000711, 1.364999999999998437, 0.000000000000000000 ) ) ;
#376 = LINE ( 'NONE', #397, #1835 ) ;
#377 = DIRECTION ( 'NONE',  ( -0.000000000000000000, 0.000000000000000000, 1.000000000000000000 ) ) ;
#378 = EDGE_CURVE ( 'NONE', #886, #762, #963, .T. ) ;
#379 = EDGE_CURVE ( 'NONE', #1895, #1793, #483, .T. ) ;
#380 = ORIENTED_EDGE ( 'NONE', *, *, #1740, .T. ) ;
#381 = CARTESIAN_POINT ( 'NONE',  ( 2.000000000000000444, 1.364999999999998437, 0.000000000000000000 ) ) ;
#382 = ORIENTED_EDGE ( 'NONE', *, *, #1056, .F. ) ;
#383 = EDGE_CURVE ( 'NONE', #462, #1660, #1437, .T. ) ;
#384 = DIRECTION ( 'NONE',  ( 0.000000000000000000, 1.000000000000000000, 0.000000000000000000 ) ) ;
#385 = VERTEX_POINT ( 'NONE', #508 ) ;
#386 = VECTOR ( 'NONE', #1052, 100.0000000000000000 ) ;
#387 = CARTESIAN_POINT ( 'NONE',  ( -17.59000000000000696, 2.000000000000000444, 0.1349999999999999534 ) ) ;
#388 = CARTESIAN_POINT ( 'NONE',  ( 16.63499999999999801, -1.364999999999998437, 0.6350000000000000089 ) ) ;
#389 = LINE ( 'NONE', #77, #662 ) ;
#390 = ORIENTED_EDGE ( 'NONE', *, *, #1173, .F. ) ;
#391 = PLANE ( 'NONE',  #1414 ) ;
#392 = ORIENTED_EDGE ( 'NONE', *, *, #296, .F. ) ;
#393 = AXIS2_PLACEMENT_3D ( 'NONE', #1469, #521, #1790 ) ;
#394 = ORIENTED_EDGE ( 'NONE', *, *, #600, .F. ) ;
#395 = DIRECTION ( 'NONE',  ( 0.000000000000000000, 0.000000000000000000, 1.000000000000000000 ) ) ;
#396 = VECTOR ( 'NONE', #201, 100.0000000000000000 ) ;
#397 = CARTESIAN_POINT ( 'NONE',  ( 2.000000000000000444, 0.4100000000000001421, 0.6350000000000000089 ) ) ;
#398 = VECTOR ( 'NONE', #53, 100.0000000000000000 ) ;
#399 = DIRECTION ( 'NONE',  ( 0.000000000000000000, -1.000000000000000000, 0.000000000000000000 ) ) ;
#400 = ORIENTED_EDGE ( 'NONE', *, *, #2036, .T. ) ;
#401 = CARTESIAN_POINT ( 'NONE',  ( -19.36499999999999844, 16.63499999999999801, 0.6350000000000000089 ) ) ;
#402 = VERTEX_POINT ( 'NONE', #660 ) ;
#403 = CARTESIAN_POINT ( 'NONE',  ( 0.000000000000000000, 0.000000000000000000, 0.000000000000000000 ) ) ;
#404 = ORIENTED_EDGE ( 'NONE', *, *, #1765, .T. ) ;
#405 = EDGE_CURVE ( 'NONE', #913, #770, #1953, .T. ) ;
#406 = CIRCLE ( 'NONE', #1109, 2.500000000000000000 ) ;
#407 = CARTESIAN_POINT ( 'NONE',  ( 0.000000000000000000, 0.000000000000000000, 0.6350000000000000089 ) ) ;
#408 = ADVANCED_FACE ( 'NONE', ( #316 ), #1494, .F. ) ;
#409 = CARTESIAN_POINT ( 'NONE',  ( 0.000000000000000000, 0.000000000000000000, 0.000000000000000000 ) ) ;
#410 = CARTESIAN_POINT ( 'NONE',  ( -1.500000000000000222, 2.000000000000000444, 0.000000000000000000 ) ) ;
#411 = ORIENTED_EDGE ( 'NONE', *, *, #752, .T. ) ;
#412 = DIRECTION ( 'NONE',  ( -1.000000000000000000, -4.818676322157798361E-16, 0.000000000000000000 ) ) ;
#413 = ORIENTED_EDGE ( 'NONE', *, *, #1794, .T. ) ;
#414 = LINE ( 'NONE', #1348, #785 ) ;
#415 = ORIENTED_EDGE ( 'NONE', *, *, #793, .F. ) ;
#416 = FACE_OUTER_BOUND ( 'NONE', #849, .T. ) ;
#417 = CIRCLE ( 'NONE', #556, 2.500000000000000000 ) ;
#418 = FACE_OUTER_BOUND ( 'NONE', #1000, .T. ) ;
#419 = DIRECTION ( 'NONE',  ( 3.067291018426574134E-16, -1.000000000000000000, 0.000000000000000000 ) ) ;
#420 = EDGE_CURVE ( 'NONE', #1772, #181, #1019, .T. ) ;
#421 = ORIENTED_EDGE ( 'NONE', *, *, #1612, .F. ) ;
#422 = DIRECTION ( 'NONE',  ( 0.000000000000000000, 0.000000000000000000, -1.000000000000000000 ) ) ;
#423 = ORIENTED_EDGE ( 'NONE', *, *, #379, .T. ) ;
#424 = DIRECTION ( 'NONE',  ( 0.000000000000000000, -1.000000000000000000, 0.000000000000000000 ) ) ;
#425 = ORIENTED_EDGE ( 'NONE', *, *, #443, .F. ) ;
#426 = VECTOR ( 'NONE', #1965, 100.0000000000000000 ) ;
#427 = CARTESIAN_POINT ( 'NONE',  ( -19.20000000000000639, 0.7679571668975720966, 0.1349999999999999534 ) ) ;
#428 = VECTOR ( 'NONE', #458, 100.0000000000000000 ) ;
#429 = CARTESIAN_POINT ( 'NONE',  ( -20.00000000000000711, -0.4099999999999999201, 0.1349999999999999534 ) ) ;
#430 = LINE ( 'NONE', #1070, #862 ) ;
#431 = VECTOR ( 'NONE', #109, 100.0000000000000000 ) ;
#432 = ADVANCED_FACE ( 'NONE', ( #1621 ), #1756, .F. ) ;
#433 = ORIENTED_EDGE ( 'NONE', *, *, #1392, .F. ) ;
#434 = CARTESIAN_POINT ( 'NONE',  ( -16.63500000000000512, 1.364999999999999991, 0.3175000000000000044 ) ) ;
#435 = EDGE_LOOP ( 'NONE', ( #250, #498, #746, #917 ) ) ;
#436 = DIRECTION ( 'NONE',  ( -1.000000000000000000, -4.818676322157799347E-16, 0.000000000000000000 ) ) ;
#437 = ADVANCED_FACE ( 'NONE', ( #1281 ), #216, .F. ) ;
#438 = ORIENTED_EDGE ( 'NONE', *, *, #1280, .F. ) ;
#439 = DIRECTION ( 'NONE',  ( 0.000000000000000000, 0.000000000000000000, 1.000000000000000000 ) ) ;
#440 = VECTOR ( 'NONE', #1845, 100.0000000000000000 ) ;
#441 = PLANE ( 'NONE',  #1001 ) ;
#442 = LINE ( 'NONE', #286, #2029 ) ;
#443 = EDGE_CURVE ( 'NONE', #1349, #635, #3, .T. ) ;
#444 = ORIENTED_EDGE ( 'NONE', *, *, #42, .T. ) ;
#445 = CARTESIAN_POINT ( 'NONE',  ( -19.36500000000000554, 1.364999999999998215, 0.3175000000000000044 ) ) ;
#446 = ORIENTED_EDGE ( 'NONE', *, *, #1773, .F. ) ;
#447 = CARTESIAN_POINT ( 'NONE',  ( -18.00000000000000355, 0.3000000000000000444, 0.6350000000000000089 ) ) ;
#448 = VERTEX_POINT ( 'NONE', #1181 ) ;
#449 = EDGE_CURVE ( 'NONE', #852, #1210, #2055, .T. ) ;
#450 = CARTESIAN_POINT ( 'NONE',  ( 0.4100000000000000311, 2.000000000000000444, 0.1349999999999999534 ) ) ;
#451 = LINE ( 'NONE', #1069, #1638 ) ;
#452 = LINE ( 'NONE', #1748, #28 ) ;
#453 = AXIS2_PLACEMENT_3D ( 'NONE', #791, #291, #489 ) ;
#454 = EDGE_LOOP ( 'NONE', ( #380, #166, #1505, #1690, #926 ) ) ;
#455 = DIRECTION ( 'NONE',  ( 0.000000000000000000, -1.000000000000000000, 0.000000000000000000 ) ) ;
#456 = FACE_OUTER_BOUND ( 'NONE', #1995, .T. ) ;
#457 = ORIENTED_EDGE ( 'NONE', *, *, #1612, .T. ) ;
#458 = DIRECTION ( 'NONE',  ( -0.000000000000000000, 0.000000000000000000, 1.000000000000000000 ) ) ;
#459 = VECTOR ( 'NONE', #66, 100.0000000000000000 ) ;
#460 = DIRECTION ( 'NONE',  ( 0.000000000000000000, -1.000000000000000000, 0.000000000000000000 ) ) ;
#461 = DIRECTION ( 'NONE',  ( 4.818676322157798361E-16, 1.000000000000000000, 0.000000000000000000 ) ) ;
#462 = VERTEX_POINT ( 'NONE', #493 ) ;
#463 = VECTOR ( 'NONE', #1215, 100.0000000000000000 ) ;
#464 = DIRECTION ( 'NONE',  ( 0.000000000000000000, 0.000000000000000000, 1.000000000000000000 ) ) ;
#465 = ORIENTED_EDGE ( 'NONE', *, *, #751, .T. ) ;
#466 = LINE ( 'NONE', #314, #342 ) ;
#467 = AXIS2_PLACEMENT_3D ( 'NONE', #869, #1487, #540 ) ;
#468 = ORIENTED_EDGE ( 'NONE', *, *, #258, .F. ) ;
#469 = EDGE_CURVE ( 'NONE', #205, #1793, #473, .T. ) ;
#470 = PLANE ( 'NONE',  #1133 ) ;
#471 = EDGE_CURVE ( 'NONE', #155, #385, #1131, .T. ) ;
#472 = MANIFOLD_SOLID_BREP ( 'Boss-Extrude4', #1623 ) ;
#473 = LINE ( 'NONE', #15, #1051 ) ;
#474 = CARTESIAN_POINT ( 'NONE',  ( -18.41000000000000369, 1.820000000000000506, 0.1349999999999999534 ) ) ;
#475 = VECTOR ( 'NONE', #759, 100.0000000000000000 ) ;
#476 = ADVANCED_FACE ( 'NONE', ( #238 ), #975, .T. ) ;
#477 = ORIENTED_EDGE ( 'NONE', *, *, #567, .T. ) ;
#478 = LINE ( 'NONE', #1113, #475 ) ;
#479 = ORIENTED_EDGE ( 'NONE', *, *, #1675, .T. ) ;
#480 = DIRECTION ( 'NONE',  ( 0.000000000000000000, 0.000000000000000000, 1.000000000000000000 ) ) ;
#481 = ORIENTED_EDGE ( 'NONE', *, *, #73, .T. ) ;
#482 = DIRECTION ( 'NONE',  ( -1.156482317317871725E-16, -1.000000000000000000, 0.000000000000000000 ) ) ;
#483 = LINE ( 'NONE', #1913, #1737 ) ;
#484 = DIRECTION ( 'NONE',  ( 0.000000000000000000, 0.000000000000000000, 1.000000000000000000 ) ) ;
#485 = DIRECTION ( 'NONE',  ( -0.8660254037844360431, 0.5000000000000042188, 0.000000000000000000 ) ) ;
#486 = DIRECTION ( 'NONE',  ( 0.000000000000000000, -1.000000000000000000, 0.000000000000000000 ) ) ;
#487 = ORIENTED_EDGE ( 'NONE', *, *, #50, .F. ) ;
#488 = VECTOR ( 'NONE', #1389, 100.0000000000000000 ) ;
#489 = DIRECTION ( 'NONE',  ( 1.000000000000000000, 0.000000000000000000, 0.000000000000000000 ) ) ;
#490 = ORIENTED_EDGE ( 'NONE', *, *, #1708, .F. ) ;
#491 = APPLICATION_CONTEXT ( 'automotive_design' ) ;
#492 = CARTESIAN_POINT ( 'NONE',  ( 2.000000000000000444, 1.500000000000000666, 0.3175000000000000044 ) ) ;
#493 = CARTESIAN_POINT ( 'NONE',  ( 0.4099999999999999201, 1.820000000000000506, 0.1349999999999999534 ) ) ;
#494 = DIRECTION ( 'NONE',  ( 1.000000000000000000, -4.818676322157799347E-16, 0.000000000000000000 ) ) ;
#495 = VECTOR ( 'NONE', #1571, 100.0000000000000000 ) ;
#496 = CARTESIAN_POINT ( 'NONE',  ( -19.20000000000000639, 0.7679571668975720966, 0.6350000000000000089 ) ) ;
#497 = CARTESIAN_POINT ( 'NONE',  ( -18.00000000000000355, 0.000000000000000000, 0.3175000000000000044 ) ) ;
#498 = ORIENTED_EDGE ( 'NONE', *, *, #1190, .F. ) ;
#499 = ADVANCED_FACE ( 'NONE', ( #1533 ), #893, .F. ) ;
#500 = VECTOR ( 'NONE', #962, 100.0000000000000000 ) ;
#501 = DIRECTION ( 'NONE',  ( 0.000000000000000000, 0.000000000000000000, 1.000000000000000000 ) ) ;
#502 = EDGE_LOOP ( 'NONE', ( #623, #619, #394, #959 ) ) ;
#503 = VECTOR ( 'NONE', #1478, 100.0000000000000000 ) ;
#504 = EDGE_CURVE ( 'NONE', #98, #1510, #1453, .T. ) ;
#505 = EDGE_CURVE ( 'NONE', #305, #1679, #113, .T. ) ;
#506 = AXIS2_PLACEMENT_3D ( 'NONE', #1518, #1341, #85 ) ;
#507 = CARTESIAN_POINT ( 'NONE',  ( -18.62000000000000455, -0.5700000000000000622, 0.6350000000000000089 ) ) ;
#508 = CARTESIAN_POINT ( 'NONE',  ( -20.00000000000000711, 0.4100000000000001421, 0.6350000000000000089 ) ) ;
#509 = CARTESIAN_POINT ( 'NONE',  ( -17.23204283310243312, 1.199999999999999956, 0.6350000000000000089 ) ) ;
#510 = CARTESIAN_POINT ( 'NONE',  ( -18.00000000000000355, -0.3000000000000000444, 0.6350000000000000089 ) ) ;
#511 = CARTESIAN_POINT ( 'NONE',  ( -18.41000000000000369, 1.820000000000000506, 0.1349999999999999534 ) ) ;
#512 = ORIENTED_EDGE ( 'NONE', *, *, #172, .T. ) ;
#513 = VECTOR ( 'NONE', #1833, 100.0000000000000000 ) ;
#514 = EDGE_CURVE ( 'NONE', #448, #1602, #1713, .T. ) ;
#515 = CARTESIAN_POINT ( 'NONE',  ( -19.36500000000000554, -16.63499999999999801, 0.6350000000000000089 ) ) ;
#516 = ORIENTED_EDGE ( 'NONE', *, *, #504, .T. ) ;
#517 = DIRECTION ( 'NONE',  ( 0.5000000000000042188, -0.8660254037844361541, 0.000000000000000000 ) ) ;
#518 = EDGE_CURVE ( 'NONE', #71, #992, #596, .T. ) ;
#519 = CARTESIAN_POINT ( 'NONE',  ( -1.364999999999998215, 2.000000000000000444, 0.3175000000000000044 ) ) ;
#520 = FACE_OUTER_BOUND ( 'NONE', #1202, .T. ) ;
#521 = DIRECTION ( 'NONE',  ( 0.000000000000000000, 0.000000000000000000, -1.000000000000000000 ) ) ;
#522 = ORIENTED_EDGE ( 'NONE', *, *, #793, .T. ) ;
#523 = CARTESIAN_POINT ( 'NONE',  ( 0.4099999999999999201, 1.820000000000000506, 0.1349999999999999534 ) ) ;
#524 = VECTOR ( 'NONE', #1446, 100.0000000000000000 ) ;
#525 = ORIENTED_EDGE ( 'NONE', *, *, #1338, .F. ) ;
#526 = ORIENTED_EDGE ( 'NONE', *, *, #1035, .T. ) ;
#527 = DIRECTION ( 'NONE',  ( -1.000000000000000000, 1.931257307898213426E-16, 0.000000000000000000 ) ) ;
#528 = EDGE_CURVE ( 'NONE', #635, #1520, #417, .T. ) ;
#529 = CARTESIAN_POINT ( 'NONE',  ( -20.00000000000000711, 0.4100000000000001421, 0.1349999999999999534 ) ) ;
#530 = DIRECTION ( 'NONE',  ( 0.000000000000000000, 0.000000000000000000, -1.000000000000000000 ) ) ;
#531 = VECTOR ( 'NONE', #787, 100.0000000000000000 ) ;
#532 = ORIENTED_EDGE ( 'NONE', *, *, #5, .T. ) ;
#533 = DIRECTION ( 'NONE',  ( -1.000000000000000000, 2.312964634635742957E-16, 0.000000000000000000 ) ) ;
#534 = VERTEX_POINT ( 'NONE', #1513 ) ;
#535 = VECTOR ( 'NONE', #1434, 100.0000000000000000 ) ;
#536 = AXIS2_PLACEMENT_3D ( 'NONE', #1980, #1204, #1962 ) ;
#537 = EDGE_CURVE ( 'NONE', #1106, #1679, #1231, .T. ) ;
#538 = DIRECTION ( 'NONE',  ( 0.000000000000000000, 0.000000000000000000, -1.000000000000000000 ) ) ;
#539 = ADVANCED_FACE ( 'NONE', ( #1379 ), #1999, .F. ) ;
#540 = DIRECTION ( 'NONE',  ( 0.8660254037844360431, 0.5000000000000042188, 0.000000000000000000 ) ) ;
#541 = PLANE ( 'NONE',  #856 ) ;
#542 = EDGE_CURVE ( 'NONE', #181, #1818, #259, .T. ) ;
#543 = VERTEX_POINT ( 'NONE', #577 ) ;
#544 = DIRECTION ( 'NONE',  ( 0.000000000000000000, 0.000000000000000000, -1.000000000000000000 ) ) ;
#545 = ORIENTED_EDGE ( 'NONE', *, *, #1392, .T. ) ;
#546 = VECTOR ( 'NONE', #1502, 100.0000000000000000 ) ;
#547 = DIRECTION ( 'NONE',  ( -1.000000000000000000, -4.818676322157798361E-16, 0.000000000000000000 ) ) ;
#548 = LINE ( 'NONE', #710, #896 ) ;
#549 = CARTESIAN_POINT ( 'NONE',  ( 1.200000000000000622, 0.7679571668975720966, 0.1349999999999999534 ) ) ;
#550 = DIRECTION ( 'NONE',  ( -1.000000000000000000, 0.000000000000000000, 0.000000000000000000 ) ) ;
#551 = ORIENTED_EDGE ( 'NONE', *, *, #782, .F. ) ;
#552 = LINE ( 'NONE', #1178, #740 ) ;
#553 = VERTEX_POINT ( 'NONE', #708 ) ;
#554 = LINE ( 'NONE', #1191, #1887 ) ;
#555 = ORIENTED_EDGE ( 'NONE', *, *, #125, .F. ) ;
#556 = AXIS2_PLACEMENT_3D ( 'NONE', #2019, #739, #729 ) ;
#557 = CYLINDRICAL_SURFACE ( 'NONE', #170, 2.500000000000000000 ) ;
#558 = CYLINDRICAL_SURFACE ( 'NONE', #1371, 0.3000000000000000444 ) ;
#559 = DIRECTION ( 'NONE',  ( 1.000000000000000000, 0.000000000000000000, 0.000000000000000000 ) ) ;
#560 = EDGE_LOOP ( 'NONE', ( #792, #1336, #1150, #643, #1059 ) ) ;
#561 = DIRECTION ( 'NONE',  ( 0.000000000000000000, -1.000000000000000000, 0.000000000000000000 ) ) ;
#562 = ORIENTED_EDGE ( 'NONE', *, *, #1214, .T. ) ;
#563 = EDGE_CURVE ( 'NONE', #543, #1040, #414, .T. ) ;
#564 = VECTOR ( 'NONE', #1957, 100.0000000000000000 ) ;
#565 = DIRECTION ( 'NONE',  ( 0.000000000000000000, -1.000000000000000000, 0.000000000000000000 ) ) ;
#566 = ORIENTED_EDGE ( 'NONE', *, *, #1308, .F. ) ;
#567 = EDGE_CURVE ( 'NONE', #448, #1966, #554, .T. ) ;
#568 = VECTOR ( 'NONE', #115, 100.0000000000000142 ) ;
#569 = CARTESIAN_POINT ( 'NONE',  ( -0.4099999999999999201, 1.820000000000000506, 0.6350000000000000089 ) ) ;
#570 = LINE ( 'NONE', #1992, #1405 ) ;
#571 = VECTOR ( 'NONE', #854, 100.0000000000000000 ) ;
#572 = CARTESIAN_POINT ( 'NONE',  ( -19.20000000000000639, -0.7679571668975718746, 0.1349999999999999534 ) ) ;
#573 = ORIENTED_EDGE ( 'NONE', *, *, #101, .T. ) ;
#574 = DIRECTION ( 'NONE',  ( 0.000000000000000000, -1.000000000000000000, 0.000000000000000000 ) ) ;
#575 = EDGE_LOOP ( 'NONE', ( #400, #941, #604, #1997, #1699, #578, #1583, #779, #902, #390, #438, #857 ) ) ;
#576 = VECTOR ( 'NONE', #2034, 100.0000000000000142 ) ;
#577 = CARTESIAN_POINT ( 'NONE',  ( 1.820000000000000506, 0.4100000000000000311, 0.1349999999999999534 ) ) ;
#578 = ORIENTED_EDGE ( 'NONE', *, *, #1018, .T. ) ;
#579 = CARTESIAN_POINT ( 'NONE',  ( -18.00000000000000355, 0.3000000000000000444, 0.000000000000000000 ) ) ;
#580 = ADVANCED_FACE ( 'NONE', ( #1822 ), #1682, .F. ) ;
#581 = CARTESIAN_POINT ( 'NONE',  ( -19.36500000000000554, -2.000000000000000000, 0.000000000000000000 ) ) ;
#582 = CARTESIAN_POINT ( 'NONE',  ( -18.00000000000000355, -0.3000000000000000444, 0.000000000000000000 ) ) ;
#583 = ORIENTED_EDGE ( 'NONE', *, *, #718, .F. ) ;
#584 = CARTESIAN_POINT ( 'NONE',  ( -1.849106203007280680, 1.682500000000000329, 0.3175000000000011147 ) ) ;
#585 = VERTEX_POINT ( 'NONE', #1211 ) ;
#586 = CARTESIAN_POINT ( 'NONE',  ( -19.36500000000000554, -16.63499999999999801, 0.3175000000000000044 ) ) ;
#587 = ORIENTED_EDGE ( 'NONE', *, *, #1546, .T. ) ;
#588 = CYLINDRICAL_SURFACE ( 'NONE', #1865, 2.500000000000000000 ) ;
#589 = AXIS2_PLACEMENT_3D ( 'NONE', #1753, #1910, #1126 ) ;
#590 = LINE ( 'NONE', #581, #1170 ) ;
#591 = LINE ( 'NONE', #1227, #1599 ) ;
#592 = EDGE_CURVE ( 'NONE', #305, #155, #1064, .T. ) ;
#593 = ORIENTED_EDGE ( 'NONE', *, *, #1544, .F. ) ;
#594 = CARTESIAN_POINT ( 'NONE',  ( -19.36500000000000554, 2.000000000000001776, 0.3175000000000000044 ) ) ;
#595 = EDGE_LOOP ( 'NONE', ( #1640, #1770, #1020, #904 ) ) ;
#596 = LINE ( 'NONE', #875, #2016 ) ;
#597 = VERTEX_POINT ( 'NONE', #1358 ) ;
#598 = VECTOR ( 'NONE', #1927, 100.0000000000000000 ) ;
#599 = PLANE ( 'NONE',  #61 ) ;
#600 = EDGE_CURVE ( 'NONE', #1210, #1221, #1988, .T. ) ;
#601 = CARTESIAN_POINT ( 'NONE',  ( -16.63500000000000512, 1.682500000000000329, 0.000000000000000000 ) ) ;
#602 = DIRECTION ( 'NONE',  ( 0.000000000000000000, -1.000000000000000000, 0.000000000000000000 ) ) ;
#603 = CIRCLE ( 'NONE', #1568, 2.500000000000000000 ) ;
#604 = ORIENTED_EDGE ( 'NONE', *, *, #1493, .T. ) ;
#605 = CARTESIAN_POINT ( 'NONE',  ( 1.820000000000000506, 0.4100000000000000311, 0.6350000000000000089 ) ) ;
#606 = VERTEX_POINT ( 'NONE', #1691 ) ;
#607 = ADVANCED_FACE ( 'NONE', ( #1701 ), #1723, .F. ) ;
#608 = CARTESIAN_POINT ( 'NONE',  ( 0.4099999999999999201, 1.820000000000000506, 0.6350000000000000089 ) ) ;
#609 = ORIENTED_EDGE ( 'NONE', *, *, #1951, .F. ) ;
#610 = PLANE ( 'NONE',  #860 ) ;
#611 = AXIS2_PLACEMENT_3D ( 'NONE', #956, #634, #321 ) ;
#612 = DIRECTION ( 'NONE',  ( 0.000000000000000000, 0.000000000000000000, -1.000000000000000000 ) ) ;
#613 = FACE_BOUND ( 'NONE', #695, .T. ) ;
#614 = ORIENTED_EDGE ( 'NONE', *, *, #1173, .T. ) ;
#615 = DIRECTION ( 'NONE',  ( 1.000000000000000000, 0.000000000000000000, 0.000000000000000000 ) ) ;
#616 = ORIENTED_EDGE ( 'NONE', *, *, #373, .T. ) ;
#617 = CARTESIAN_POINT ( 'NONE',  ( -17.59000000000000696, 1.820000000000000506, 0.6350000000000000089 ) ) ;
#618 = ADVANCED_FACE ( 'NONE', ( #1920 ), #1095, .F. ) ;
#619 = ORIENTED_EDGE ( 'NONE', *, *, #1367, .T. ) ;
#620 = CARTESIAN_POINT ( 'NONE',  ( 0.7679571668975722076, 1.199999999999999956, 0.1349999999999999534 ) ) ;
#621 = DIRECTION ( 'NONE',  ( 0.000000000000000000, 0.000000000000000000, 1.000000000000000000 ) ) ;
#622 = DIRECTION ( 'NONE',  ( -1.000000000000000000, 0.000000000000000000, 0.000000000000000000 ) ) ;
#623 = ORIENTED_EDGE ( 'NONE', *, *, #1151, .F. ) ;
#624 = DIRECTION ( 'NONE',  ( 0.000000000000000000, 0.000000000000000000, 1.000000000000000000 ) ) ;
#625 = ORIENTED_EDGE ( 'NONE', *, *, #1370, .F. ) ;
#626 = CARTESIAN_POINT ( 'NONE',  ( 0.7679571668975722076, 1.199999999999999956, 0.6350000000000000089 ) ) ;
#627 = EDGE_CURVE ( 'NONE', #1572, #121, #646, .T. ) ;
#628 = ORIENTED_EDGE ( 'NONE', *, *, #196, .T. ) ;
#629 = FACE_OUTER_BOUND ( 'NONE', #502, .T. ) ;
#630 = ADVANCED_FACE ( 'NONE', ( #1888, #1732, #279 ), #925, .F. ) ;
#631 = CARTESIAN_POINT ( 'NONE',  ( -18.41000000000000369, 2.000000000000000444, 0.6350000000000000089 ) ) ;
#632 = DIRECTION ( 'NONE',  ( -0.000000000000000000, 0.000000000000000000, 1.000000000000000000 ) ) ;
#633 = ORIENTED_EDGE ( 'NONE', *, *, #949, .T. ) ;
#634 = DIRECTION ( 'NONE',  ( 0.000000000000000000, 0.000000000000000000, 1.000000000000000000 ) ) ;
#635 = VERTEX_POINT ( 'NONE', #1442 ) ;
#636 = PLANE ( 'NONE',  #589 ) ;
#637 = AXIS2_PLACEMENT_3D ( 'NONE', #1916, #1439, #966 ) ;
#638 = ORIENTED_EDGE ( 'NONE', *, *, #14, .F. ) ;
#639 = LINE ( 'NONE', #492, #831 ) ;
#640 = DIRECTION ( 'NONE',  ( 0.8660254037844360431, 0.5000000000000042188, 0.000000000000000000 ) ) ;
#641 = DIRECTION ( 'NONE',  ( 0.000000000000000000, -1.000000000000000000, 0.000000000000000000 ) ) ;
#642 = VECTOR ( 'NONE', #154, 100.0000000000000000 ) ;
#643 = ORIENTED_EDGE ( 'NONE', *, *, #1308, .T. ) ;
#644 = LINE ( 'NONE', #204, #261 ) ;
#645 = ORIENTED_EDGE ( 'NONE', *, *, #514, .F. ) ;
#646 = LINE ( 'NONE', #1555, #51 ) ;
#647 = ORIENTED_EDGE ( 'NONE', *, *, #1062, .T. ) ;
#648 = CARTESIAN_POINT ( 'NONE',  ( -17.59000000000000696, 1.820000000000000506, 0.1349999999999999534 ) ) ;
#649 = CARTESIAN_POINT ( 'NONE',  ( 1.820000000000000506, -0.4099999999999998646, 0.6350000000000000089 ) ) ;
#650 = CARTESIAN_POINT ( 'NONE',  ( -16.63499999999999801, 1.364999999999996438, 0.3175000000000000044 ) ) ;
#651 = EDGE_CURVE ( 'NONE', #822, #1106, #1575, .T. ) ;
#652 = ORIENTED_EDGE ( 'NONE', *, *, #970, .F. ) ;
#653 = FACE_OUTER_BOUND ( 'NONE', #1212, .T. ) ;
#654 = ORIENTED_EDGE ( 'NONE', *, *, #1919, .F. ) ;
#655 = VECTOR ( 'NONE', #2061, 100.0000000000000142 ) ;
#656 = ADVANCED_FACE ( 'NONE', ( #11 ), #781, .F. ) ;
#657 = CARTESIAN_POINT ( 'NONE',  ( 1.200000000000000622, -0.7679571668975718746, 0.1349999999999999534 ) ) ;
#658 = VERTEX_POINT ( 'NONE', #447 ) ;
#659 = CARTESIAN_POINT ( 'NONE',  ( -20.00000000000000711, 0.4100000000000001421, 0.1349999999999999534 ) ) ;
#660 = CARTESIAN_POINT ( 'NONE',  ( -19.20000000000000639, 0.7679571668975720966, 0.1349999999999999534 ) ) ;
#661 = LINE ( 'NONE', #1299, #1831 ) ;
#662 = VECTOR ( 'NONE', #419, 100.0000000000000000 ) ;
#663 = CARTESIAN_POINT ( 'NONE',  ( -19.82000000000000384, 0.4100000000000000311, 0.1349999999999999534 ) ) ;
#664 = FACE_OUTER_BOUND ( 'NONE', #725, .T. ) ;
#665 = ORIENTED_EDGE ( 'NONE', *, *, #1283, .F. ) ;
#666 = AXIS2_PLACEMENT_3D ( 'NONE', #1971, #1172, #1827 ) ;
#667 = LINE ( 'NONE', #677, #272 ) ;
#668 = EDGE_CURVE ( 'NONE', #1966, #270, #136, .T. ) ;
#669 = VERTEX_POINT ( 'NONE', #122 ) ;
#670 = VECTOR ( 'NONE', #494, 100.0000000000000000 ) ;
#671 = AXIS2_PLACEMENT_3D ( 'NONE', #151, #1560, #1407 ) ;
#672 = DIRECTION ( 'NONE',  ( 0.000000000000000000, 0.000000000000000000, 1.000000000000000000 ) ) ;
#673 = CARTESIAN_POINT ( 'NONE',  ( 2.000000000000000444, 1.500000000000000666, 0.000000000000000000 ) ) ;
#674 = LINE ( 'NONE', #1448, #1998 ) ;
#675 = CYLINDRICAL_SURFACE ( 'NONE', #1594, 2.500000000000000000 ) ;
#676 = VERTEX_POINT ( 'NONE', #1413 ) ;
#677 = CARTESIAN_POINT ( 'NONE',  ( -16.63499999999999801, 1.364999999999996438, 0.6350000000000000089 ) ) ;
#678 = ORIENTED_EDGE ( 'NONE', *, *, #1532, .T. ) ;
#679 = ORIENTED_EDGE ( 'NONE', *, *, #471, .T. ) ;
#680 = ADVANCED_FACE ( 'NONE', ( #456 ), #636, .F. ) ;
#681 = LINE ( 'NONE', #985, #1935 ) ;
#682 = CARTESIAN_POINT ( 'NONE',  ( -17.59000000000000696, 2.000000000000000444, 0.1349999999999999534 ) ) ;
#683 = FACE_OUTER_BOUND ( 'NONE', #810, .T. ) ;
#684 = ORIENTED_EDGE ( 'NONE', *, *, #1412, .T. ) ;
#685 = CARTESIAN_POINT ( 'NONE',  ( 1.500000000000000666, -2.000000000000000000, 0.000000000000000000 ) ) ;
#686 = AXIS2_PLACEMENT_3D ( 'NONE', #586, #82, #424 ) ;
#687 = ORIENTED_EDGE ( 'NONE', *, *, #1761, .F. ) ;
#688 = EDGE_CURVE ( 'NONE', #553, #1906, #2041, .T. ) ;
#689 = EDGE_CURVE ( 'NONE', #9, #1380, #761, .T. ) ;
#690 = CARTESIAN_POINT ( 'NONE',  ( -19.36500000000000554, 2.000000000000000444, 0.000000000000000000 ) ) ;
#691 = EDGE_CURVE ( 'NONE', #1921, #1572, #324, .T. ) ;
#692 = DIRECTION ( 'NONE',  ( -0.5000000000000042188, -0.8660254037844362651, 0.000000000000000000 ) ) ;
#693 = CARTESIAN_POINT ( 'NONE',  ( -0.4100000000000000311, 2.000000000000000444, 0.1349999999999999534 ) ) ;
#694 = CIRCLE ( 'NONE', #1463, 2.500000000000000000 ) ;
#695 = EDGE_LOOP ( 'NONE', ( #1596, #2028 ) ) ;
#696 = CARTESIAN_POINT ( 'NONE',  ( -18.41000000000000369, 1.820000000000000506, 0.6350000000000000089 ) ) ;
#697 = ORIENTED_EDGE ( 'NONE', *, *, #1304, .T. ) ;
#698 = VECTOR ( 'NONE', #395, 100.0000000000000000 ) ;
#699 = DIRECTION ( 'NONE',  ( 0.000000000000000000, 1.000000000000000000, 0.000000000000000000 ) ) ;
#700 = VECTOR ( 'NONE', #1718, 100.0000000000000142 ) ;
#701 = CARTESIAN_POINT ( 'NONE',  ( -16.50000000000000355, 2.000000000000000444, 0.000000000000000000 ) ) ;
#702 = CARTESIAN_POINT ( 'NONE',  ( -19.36500000000000554, 1.364999999999998215, 0.6350000000000000089 ) ) ;
#703 = LINE ( 'NONE', #1686, #1298 ) ;
#704 = EDGE_LOOP ( 'NONE', ( #341, #1606 ) ) ;
#705 = DIRECTION ( 'NONE',  ( 1.000000000000000000, 0.000000000000000000, 0.000000000000000000 ) ) ;
#706 = VERTEX_POINT ( 'NONE', #958 ) ;
#707 = VECTOR ( 'NONE', #1039, 100.0000000000000000 ) ;
#708 = CARTESIAN_POINT ( 'NONE',  ( -0.7679571668975722076, 1.199999999999999956, 0.6350000000000000089 ) ) ;
#709 = ORIENTED_EDGE ( 'NONE', *, *, #1672, .T. ) ;
#710 = CARTESIAN_POINT ( 'NONE',  ( -1.849106203007280014, 1.682500000000000329, 0.6350000000000000089 ) ) ;
#711 = EDGE_CURVE ( 'NONE', #1906, #177, #1745, .T. ) ;
#712 = LINE ( 'NONE', #1331, #1535 ) ;
#713 = FACE_OUTER_BOUND ( 'NONE', #760, .T. ) ;
#714 = EDGE_LOOP ( 'NONE', ( #1491, #684, #937, #2007 ) ) ;
#715 = CARTESIAN_POINT ( 'NONE',  ( -16.50000000000000355, 2.000000000000000444, 0.3175000000000000044 ) ) ;
#716 = ORIENTED_EDGE ( 'NONE', *, *, #934, .F. ) ;
#717 = EDGE_CURVE ( 'NONE', #1153, #81, #1242, .T. ) ;
#718 = EDGE_CURVE ( 'NONE', #1808, #553, #1422, .T. ) ;
#719 = DIRECTION ( 'NONE',  ( 0.000000000000000000, 1.000000000000000000, 0.000000000000000000 ) ) ;
#720 = ORIENTED_EDGE ( 'NONE', *, *, #159, .F. ) ;
#721 = AXIS2_PLACEMENT_3D ( 'NONE', #403, #1201, #1670 ) ;
#722 = LINE ( 'NONE', #690, #2060 ) ;
#723 = LINE ( 'NONE', #2046, #39 ) ;
#724 = DIRECTION ( 'NONE',  ( 0.000000000000000000, -1.000000000000000000, 0.000000000000000000 ) ) ;
#725 = EDGE_LOOP ( 'NONE', ( #1688, #1177, #997, #382, #1977, #633, #720, #709 ) ) ;
#726 = DIRECTION ( 'NONE',  ( -0.5000000000000042188, 0.8660254037844361541, 0.000000000000000000 ) ) ;
#727 = ORIENTED_EDGE ( 'NONE', *, *, #1544, .T. ) ;
#728 = EDGE_CURVE ( 'NONE', #1553, #676, #466, .T. ) ;
#729 = DIRECTION ( 'NONE',  ( 0.000000000000000000, 1.000000000000000000, 0.000000000000000000 ) ) ;
#730 = ORIENTED_EDGE ( 'NONE', *, *, #528, .F. ) ;
#731 = VECTOR ( 'NONE', #365, 100.0000000000000000 ) ;
#732 = FACE_OUTER_BOUND ( 'NONE', #228, .T. ) ;
#733 = CARTESIAN_POINT ( 'NONE',  ( 1.364999999999999991, 1.364999999999998215, 0.3175000000000000044 ) ) ;
#734 = VECTOR ( 'NONE', #1057, 100.0000000000000000 ) ;
#735 = FACE_OUTER_BOUND ( 'NONE', #1192, .T. ) ;
#736 = ORIENTED_EDGE ( 'NONE', *, *, #505, .F. ) ;
#737 = PLANE ( 'NONE',  #775 ) ;
#738 = ORIENTED_EDGE ( 'NONE', *, *, #688, .F. ) ;
#739 = DIRECTION ( 'NONE',  ( -0.000000000000000000, 0.000000000000000000, 1.000000000000000000 ) ) ;
#740 = VECTOR ( 'NONE', #705, 100.0000000000000000 ) ;
#741 = VERTEX_POINT ( 'NONE', #950 ) ;
#742 = CARTESIAN_POINT ( 'NONE',  ( -19.82000000000000384, -0.4099999999999998646, 0.1349999999999999534 ) ) ;
#743 = EDGE_CURVE ( 'NONE', #169, #597, #1584, .T. ) ;
#744 = DIRECTION ( 'NONE',  ( -0.000000000000000000, 0.000000000000000000, 1.000000000000000000 ) ) ;
#745 = CARTESIAN_POINT ( 'NONE',  ( 1.499999999999999778, 2.000000000000000444, 0.000000000000000000 ) ) ;
#746 = ORIENTED_EDGE ( 'NONE', *, *, #1304, .F. ) ;
#747 = DIRECTION ( 'NONE',  ( 0.000000000000000000, 0.000000000000000000, 1.000000000000000000 ) ) ;
#748 = EDGE_LOOP ( 'NONE', ( #1316, #1427, #816, #1065, #1323, #1318, #22, #20, #1731, #593, #1224, #1939, #1586, #625, #1401, #609, #843, #738, #583, #1366, #41, #1581, #1838, #924, #1474, #1658, #1246, #1562, #47, #67, #203, #1411, #235, #990, #863, #1751, #678, #1061, #1799, #245, #123, #302, #356, #895 ) ) ;
#749 = CARTESIAN_POINT ( 'NONE',  ( -20.00000000000000711, -0.4099999999999999201, 0.1349999999999999534 ) ) ;
#750 = EDGE_LOOP ( 'NONE', ( #1128, #339, #972, #2050 ) ) ;
#751 = EDGE_CURVE ( 'NONE', #1489, #1895, #1335, .T. ) ;
#752 = EDGE_CURVE ( 'NONE', #462, #177, #1296, .T. ) ;
#753 = CARTESIAN_POINT ( 'NONE',  ( 1.500000000000000444, -1.999999999999999778, 0.3175000000000000044 ) ) ;
#754 = VECTOR ( 'NONE', #719, 100.0000000000000000 ) ;
#755 = EDGE_CURVE ( 'NONE', #1760, #1377, #1959, .T. ) ;
#756 = PLANE ( 'NONE',  #671 ) ;
#757 = LINE ( 'NONE', #1237, #1135 ) ;
#758 = ORIENTED_EDGE ( 'NONE', *, *, #1903, .T. ) ;
#759 = DIRECTION ( 'NONE',  ( -0.000000000000000000, 0.000000000000000000, 1.000000000000000000 ) ) ;
#760 = EDGE_LOOP ( 'NONE', ( #884, #1632, #1140, #1733 ) ) ;
#761 = LINE ( 'NONE', #1400, #851 ) ;
#762 = VERTEX_POINT ( 'NONE', #362 ) ;
#763 = VECTOR ( 'NONE', #1332, 100.0000000000000000 ) ;
#764 = CARTESIAN_POINT ( 'NONE',  ( 0.000000000000000000, 0.000000000000000000, 0.6350000000000000089 ) ) ;
#765 =( GEOMETRIC_REPRESENTATION_CONTEXT ( 3 ) GLOBAL_UNCERTAINTY_ASSIGNED_CONTEXT ( ( #1063 ) ) GLOBAL_UNIT_ASSIGNED_CONTEXT ( ( #1310, #1943, #1786 ) ) REPRESENTATION_CONTEXT ( 'NONE', 'WORKASPACE' ) );
#766 = CARTESIAN_POINT ( 'NONE',  ( -0.4100000000000000311, 2.000000000000000444, 0.6350000000000000089 ) ) ;
#767 = CARTESIAN_POINT ( 'NONE',  ( -19.36500000000000554, 1.364999999999998215, 0.3175000000000000044 ) ) ;
#768 = VECTOR ( 'NONE', #1154, 100.0000000000000000 ) ;
#769 = VECTOR ( 'NONE', #744, 100.0000000000000000 ) ;
#770 = VERTEX_POINT ( 'NONE', #354 ) ;
#771 = CARTESIAN_POINT ( 'NONE',  ( -0.4099999999999999201, 1.820000000000000506, 0.1349999999999999534 ) ) ;
#772 = CARTESIAN_POINT ( 'NONE',  ( -16.50000000000000355, 2.000000000000000444, 0.000000000000000000 ) ) ;
#773 = ORIENTED_EDGE ( 'NONE', *, *, #563, .F. ) ;
#774 = CARTESIAN_POINT ( 'NONE',  ( 1.200000000000000622, 0.7679571668975720966, 0.6350000000000000089 ) ) ;
#775 = AXIS2_PLACEMENT_3D ( 'NONE', #1530, #1521, #726 ) ;
#776 = CYLINDRICAL_SURFACE ( 'NONE', #34, 0.3000000000000000444 ) ;
#777 = DIRECTION ( 'NONE',  ( 0.000000000000000000, 0.000000000000000000, -1.000000000000000000 ) ) ;
#778 = EDGE_CURVE ( 'NONE', #658, #12, #1875, .T. ) ;
#779 = ORIENTED_EDGE ( 'NONE', *, *, #881, .T. ) ;
#780 = CARTESIAN_POINT ( 'NONE',  ( -19.82000000000000384, -0.4099999999999998646, 0.6350000000000000089 ) ) ;
#781 = PLANE ( 'NONE',  #323 ) ;
#782 = EDGE_CURVE ( 'NONE', #100, #1960, #989, .T. ) ;
#783 = EDGE_LOOP ( 'NONE', ( #908, #830, #138, #2057 ) ) ;
#784 = CARTESIAN_POINT ( 'NONE',  ( 1.500000000000000666, -2.000000000000000000, 0.3175000000000000044 ) ) ;
#785 = VECTOR ( 'NONE', #1042, 100.0000000000000000 ) ;
#786 = CARTESIAN_POINT ( 'NONE',  ( 0.4100000000000000311, 2.000000000000000444, 0.1349999999999999534 ) ) ;
#787 = DIRECTION ( 'NONE',  ( -0.000000000000000000, 0.000000000000000000, 1.000000000000000000 ) ) ;
#788 = ORIENTED_EDGE ( 'NONE', *, *, #1987, .F. ) ;
#789 = CARTESIAN_POINT ( 'NONE',  ( -16.63500000000000512, 1.682500000000000329, 0.3175000000000011147 ) ) ;
#790 = ORIENTED_EDGE ( 'NONE', *, *, #1853, .F. ) ;
#791 = CARTESIAN_POINT ( 'NONE',  ( -1.500000000000000222, 2.000000000000000444, 0.000000000000000000 ) ) ;
#792 = ORIENTED_EDGE ( 'NONE', *, *, #1861, .T. ) ;
#793 = EDGE_CURVE ( 'NONE', #270, #1602, #1617, .T. ) ;
#794 = AXIS2_PLACEMENT_3D ( 'NONE', #1147, #1006, #1646 ) ;
#795 = LINE ( 'NONE', #1620, #1734 ) ;
#796 = CARTESIAN_POINT ( 'NONE',  ( 2.000000000000000444, 1.500000000000000666, 0.000000000000000000 ) ) ;
#797 = CARTESIAN_POINT ( 'NONE',  ( 0.000000000000000000, 0.000000000000000000, 0.000000000000000000 ) ) ;
#798 = AXIS2_PLACEMENT_3D ( 'NONE', #229, #1652, #1673 ) ;
#799 = EDGE_LOOP ( 'NONE', ( #490, #758, #457, #1253 ) ) ;
#800 = DIRECTION ( 'NONE',  ( 1.249637081581196951E-16, 1.000000000000000000, 0.000000000000000000 ) ) ;
#801 = EDGE_LOOP ( 'NONE', ( #425, #355, #1968, #730 ) ) ;
#802 = DIRECTION ( 'NONE',  ( 0.000000000000000000, 0.000000000000000000, 1.000000000000000000 ) ) ;
#803 = ORIENTED_EDGE ( 'NONE', *, *, #1088, .F. ) ;
#804 = EDGE_CURVE ( 'NONE', #1038, #1921, #1149, .T. ) ;
#805 = PLANE ( 'NONE',  #1268 ) ;
#806 = CARTESIAN_POINT ( 'NONE',  ( -18.62000000000000455, -0.5700000000000000622, 0.6350000000000000089 ) ) ;
#807 = DIRECTION ( 'NONE',  ( 0.000000000000000000, -1.000000000000000000, 0.000000000000000000 ) ) ;
#808 = EDGE_CURVE ( 'NONE', #385, #1153, #21, .T. ) ;
#809 = VECTOR ( 'NONE', #1511, 100.0000000000000000 ) ;
#810 = EDGE_LOOP ( 'NONE', ( #1266, #1179, #665, #1642 ) ) ;
#811 = PLANE ( 'NONE',  #1097 ) ;
#812 = ORIENTED_EDGE ( 'NONE', *, *, #1115, .F. ) ;
#813 = DIRECTION ( 'NONE',  ( 0.000000000000000000, -1.000000000000000000, 0.000000000000000000 ) ) ;
#814 = EDGE_LOOP ( 'NONE', ( #479, #616, #363, #1984, #1979, #1501 ) ) ;
#815 = LINE ( 'NONE', #1912, #1994 ) ;
#816 = ORIENTED_EDGE ( 'NONE', *, *, #469, .F. ) ;
#817 = PRESENTATION_STYLE_ASSIGNMENT (( #182 ) ) ;
#818 = CARTESIAN_POINT ( 'NONE',  ( 0.4100000000000001421, 2.000000000000000444, 0.1349999999999999534 ) ) ;
#819 = EDGE_CURVE ( 'NONE', #676, #1966, #1490, .T. ) ;
#820 = DIRECTION ( 'NONE',  ( -4.818676322157798361E-16, -1.000000000000000000, 0.000000000000000000 ) ) ;
#821 = DIRECTION ( 'NONE',  ( 2.312964634635742957E-16, 1.000000000000000000, 0.000000000000000000 ) ) ;
#822 = VERTEX_POINT ( 'NONE', #1159 ) ;
#823 =( GEOMETRIC_REPRESENTATION_CONTEXT ( 3 ) GLOBAL_UNCERTAINTY_ASSIGNED_CONTEXT ( ( #1378 ) ) GLOBAL_UNIT_ASSIGNED_CONTEXT ( ( #1779, #347, #861 ) ) REPRESENTATION_CONTEXT ( 'NONE', 'WORKASPACE' ) );
#824 = CARTESIAN_POINT ( 'NONE',  ( 0.000000000000000000, 0.000000000000000000, 0.3175000000000000044 ) ) ;
#825 = ORIENTED_EDGE ( 'NONE', *, *, #1548, .T. ) ;
#826 = CARTESIAN_POINT ( 'NONE',  ( -18.00000000000000355, -0.3000000000000000444, 0.000000000000000000 ) ) ;
#827 = FACE_OUTER_BOUND ( 'NONE', #882, .T. ) ;
#828 = ORIENTED_EDGE ( 'NONE', *, *, #600, .T. ) ;
#829 = DIRECTION ( 'NONE',  ( 0.000000000000000000, 1.000000000000000000, 0.000000000000000000 ) ) ;
#830 = ORIENTED_EDGE ( 'NONE', *, *, #1641, .F. ) ;
#831 = VECTOR ( 'NONE', #1279, 100.0000000000000000 ) ;
#832 = FACE_OUTER_BOUND ( 'NONE', #560, .T. ) ;
#833 = VERTEX_POINT ( 'NONE', #1930 ) ;
#834 = AXIS2_PLACEMENT_3D ( 'NONE', #1123, #45, #1937 ) ;
#835 = FACE_OUTER_BOUND ( 'NONE', #1092, .T. ) ;
#836 = LINE ( 'NONE', #338, #503 ) ;
#837 = CARTESIAN_POINT ( 'NONE',  ( 0.6200000000000001066, -0.5700000000000000622, 0.000000000000000000 ) ) ;
#838 = LINE ( 'NONE', #8, #1328 ) ;
#839 = EDGE_CURVE ( 'NONE', #534, #195, #1451, .T. ) ;
#840 = ORIENTED_EDGE ( 'NONE', *, *, #378, .F. ) ;
#841 = ADVANCED_FACE ( 'NONE', ( #832 ), #1628, .T. ) ;
#842 = PLANE ( 'NONE',  #1677 ) ;
#843 = ORIENTED_EDGE ( 'NONE', *, *, #711, .F. ) ;
#844 = EDGE_CURVE ( 'NONE', #1602, #1357, #333, .T. ) ;
#845 = ORIENTED_EDGE ( 'NONE', *, *, #93, .T. ) ;
#846 = CARTESIAN_POINT ( 'NONE',  ( 0.000000000000000000, -0.3000000000000000444, 0.000000000000000000 ) ) ;
#847 = FACE_OUTER_BOUND ( 'NONE', #1986, .T. ) ;
#848 = PLANE ( 'NONE',  #58 ) ;
#849 = EDGE_LOOP ( 'NONE', ( #812, #638, #1744, #1540, #1576, #1286 ) ) ;
#850 = DIRECTION ( 'NONE',  ( -1.000000000000000000, -2.312964634635742957E-16, 0.000000000000000000 ) ) ;
#851 = VECTOR ( 'NONE', #2030, 100.0000000000000000 ) ;
#852 = VERTEX_POINT ( 'NONE', #1461 ) ;
#853 = DIRECTION ( 'NONE',  ( 1.000000000000000000, 0.000000000000000000, 0.000000000000000000 ) ) ;
#854 = DIRECTION ( 'NONE',  ( -1.000000000000000000, -1.136033710528360955E-16, 0.000000000000000000 ) ) ;
#855 = CARTESIAN_POINT ( 'NONE',  ( 2.000000000000000444, -1.499999999999999778, 0.000000000000000000 ) ) ;
#856 = AXIS2_PLACEMENT_3D ( 'NONE', #572, #559, #724 ) ;
#857 = ORIENTED_EDGE ( 'NONE', *, *, #1624, .T. ) ;
#858 = CARTESIAN_POINT ( 'NONE',  ( 0.6200000000000001066, -0.5700000000000000622, 0.000000000000000000 ) ) ;
#859 = ORIENTED_EDGE ( 'NONE', *, *, #935, .F. ) ;
#860 = AXIS2_PLACEMENT_3D ( 'NONE', #1424, #1872, #106 ) ;
#861 =( NAMED_UNIT ( * ) SI_UNIT ( $, .STERADIAN. ) SOLID_ANGLE_UNIT ( ) );
#862 = VECTOR ( 'NONE', #602, 100.0000000000000000 ) ;
#863 = ORIENTED_EDGE ( 'NONE', *, *, #808, .T. ) ;
#864 = EDGE_CURVE ( 'NONE', #402, #706, #1784, .T. ) ;
#865 = VECTOR ( 'NONE', #1816, 100.0000000000000000 ) ;
#866 = DIRECTION ( 'NONE',  ( -0.8660254037844362651, 0.5000000000000043299, 0.000000000000000000 ) ) ;
#867 = EDGE_CURVE ( 'NONE', #1854, #1106, #1482, .T. ) ;
#868 = ADVANCED_FACE ( 'NONE', ( #1649 ), #842, .F. ) ;
#869 = CARTESIAN_POINT ( 'NONE',  ( -19.82000000000000384, 0.4100000000000000311, 0.1349999999999999534 ) ) ;
#870 = LINE ( 'NONE', #1206, #763 ) ;
#871 = ORIENTED_EDGE ( 'NONE', *, *, #804, .F. ) ;
#872 = CARTESIAN_POINT ( 'NONE',  ( -18.41000000000000369, 2.000000000000000444, 0.1349999999999999534 ) ) ;
#873 = ORIENTED_EDGE ( 'NONE', *, *, #1951, .T. ) ;
#874 = VECTOR ( 'NONE', #850, 100.0000000000000000 ) ;
#875 = CARTESIAN_POINT ( 'NONE',  ( 1.365000000000002212, -16.63499999999999801, 0.3175000000000000044 ) ) ;
#876 = ORIENTED_EDGE ( 'NONE', *, *, #1978, .T. ) ;
#877 = EDGE_CURVE ( 'NONE', #299, #922, #667, .T. ) ;
#878 = PLANE ( 'NONE',  #666 ) ;
#879 = PLANE ( 'NONE',  #467 ) ;
#880 = FACE_OUTER_BOUND ( 'NONE', #1876, .T. ) ;
#881 = EDGE_CURVE ( 'NONE', #1810, #597, #56, .T. ) ;
#882 = EDGE_LOOP ( 'NONE', ( #1656, #828, #255, #2009 ) ) ;
#883 = CARTESIAN_POINT ( 'NONE',  ( -17.23204283310243312, 1.199999999999999956, 0.1349999999999999534 ) ) ;
#884 = ORIENTED_EDGE ( 'NONE', *, *, #1056, .T. ) ;
#885 = DIRECTION ( 'NONE',  ( 0.000000000000000000, -1.000000000000000000, 0.000000000000000000 ) ) ;
#886 = VERTEX_POINT ( 'NONE', #696 ) ;
#887 = LINE ( 'NONE', #1506, #731 ) ;
#888 = CARTESIAN_POINT ( 'NONE',  ( -16.50000000000000355, 2.000000000000000444, 0.6350000000000000089 ) ) ;
#889 = CARTESIAN_POINT ( 'NONE',  ( -1.500000000000000222, 2.000000000000000444, 0.000000000000000000 ) ) ;
#890 = EDGE_LOOP ( 'NONE', ( #392, #957, #1232, #446 ) ) ;
#891 = FACE_OUTER_BOUND ( 'NONE', #1359, .T. ) ;
#892 = ORIENTED_EDGE ( 'NONE', *, *, #1155, .F. ) ;
#893 = PLANE ( 'NONE',  #287 ) ;
#894 = EDGE_CURVE ( 'NONE', #224, #326, #1605, .T. ) ;
#895 = ORIENTED_EDGE ( 'NONE', *, *, #449, .T. ) ;
#896 = VECTOR ( 'NONE', #1814, 100.0000000000000000 ) ;
#897 = CARTESIAN_POINT ( 'NONE',  ( -18.00000000000000355, 0.000000000000000000, 0.1349999999999999534 ) ) ;
#898 = CARTESIAN_POINT ( 'NONE',  ( -0.7679571668975722076, 1.199999999999999956, 0.1349999999999999534 ) ) ;
#899 = AXIS2_PLACEMENT_3D ( 'NONE', #1549, #931, #1217 ) ;
#900 = LINE ( 'NONE', #1538, #431 ) ;
#901 = EDGE_CURVE ( 'NONE', #1864, #1941, #1060, .T. ) ;
#902 = ORIENTED_EDGE ( 'NONE', *, *, #743, .F. ) ;
#903 = FACE_OUTER_BOUND ( 'NONE', #714, .T. ) ;
#904 = ORIENTED_EDGE ( 'NONE', *, *, #867, .T. ) ;
#905 = ADVANCED_FACE ( 'NONE', ( #1209 ), #1819, .F. ) ;
#906 = CARTESIAN_POINT ( 'NONE',  ( -34.63500000000000512, 1.365000000000001101, 0.3175000000000000044 ) ) ;
#907 = VECTOR ( 'NONE', #455, 100.0000000000000000 ) ;
#908 = ORIENTED_EDGE ( 'NONE', *, *, #1903, .F. ) ;
#909 = ADVANCED_FACE ( 'NONE', ( #1689 ), #391, .F. ) ;
#910 = CARTESIAN_POINT ( 'NONE',  ( -19.36500000000000554, 2.000000000000001776, 0.6350000000000000089 ) ) ;
#911 = DIRECTION ( 'NONE',  ( 0.000000000000000000, -1.000000000000000000, 0.000000000000000000 ) ) ;
#912 = CARTESIAN_POINT ( 'NONE',  ( -16.63500000000000512, 2.000000000000001776, 0.6350000000000000089 ) ) ;
#913 = VERTEX_POINT ( 'NONE', #584 ) ;
#914 = CARTESIAN_POINT ( 'NONE',  ( 1.820000000000000506, 0.4100000000000000311, 0.1349999999999999534 ) ) ;
#915 = ORIENTED_EDGE ( 'NONE', *, *, #1309, .T. ) ;
#916 = CARTESIAN_POINT ( 'NONE',  ( 0.000000000000000000, 0.000000000000000000, 0.000000000000000000 ) ) ;
#917 = ORIENTED_EDGE ( 'NONE', *, *, #689, .T. ) ;
#918 = CARTESIAN_POINT ( 'NONE',  ( 1.500000000000000666, -2.000000000000000000, 0.000000000000000000 ) ) ;
#919 = VECTOR ( 'NONE', #1659, 100.0000000000000000 ) ;
#920 = DIRECTION ( 'NONE',  ( 0.000000000000000000, -1.000000000000000000, 0.000000000000000000 ) ) ;
#921 = DIRECTION ( 'NONE',  ( 1.000000000000000000, 1.931257307898213426E-16, 0.000000000000000000 ) ) ;
#922 = VERTEX_POINT ( 'NONE', #1220 ) ;
#923 = DIRECTION ( 'NONE',  ( 0.000000000000000000, 0.000000000000000000, 1.000000000000000000 ) ) ;
#924 = ORIENTED_EDGE ( 'NONE', *, *, #1796, .T. ) ;
#925 = PLANE ( 'NONE',  #1222 ) ;
#926 = ORIENTED_EDGE ( 'NONE', *, *, #1955, .T. ) ;
#927 = AXIS2_PLACEMENT_3D ( 'NONE', #1394, #1739, #1111 ) ;
#928 = CARTESIAN_POINT ( 'NONE',  ( 0.7679571668975722076, 1.199999999999999956, 0.6350000000000000089 ) ) ;
#929 = ADVANCED_FACE ( 'NONE', ( #1976 ), #1855, .F. ) ;
#930 = VECTOR ( 'NONE', #2054, 100.0000000000000000 ) ;
#931 = DIRECTION ( 'NONE',  ( 1.000000000000000000, 1.249637081581196951E-16, 0.000000000000000000 ) ) ;
#932 = LINE ( 'NONE', #309, #1430 ) ;
#933 = AXIS2_PLACEMENT_3D ( 'NONE', #1329, #866, #1840 ) ;
#934 = EDGE_CURVE ( 'NONE', #2044, #1813, #552, .T. ) ;
#935 = EDGE_CURVE ( 'NONE', #2044, #762, #256, .T. ) ;
#936 = VECTOR ( 'NONE', #1969, 100.0000000000000000 ) ;
#937 = ORIENTED_EDGE ( 'NONE', *, *, #2043, .T. ) ;
#938 = CARTESIAN_POINT ( 'NONE',  ( -20.00000000000000711, 1.500000000000000666, 0.000000000000000000 ) ) ;
#939 = ORIENTED_EDGE ( 'NONE', *, *, #383, .T. ) ;
#940 = DIRECTION ( 'NONE',  ( 1.000000000000000000, 0.000000000000000000, 0.000000000000000000 ) ) ;
#941 = ORIENTED_EDGE ( 'NONE', *, *, #901, .T. ) ;
#942 = CIRCLE ( 'NONE', #307, 2.500000000000000000 ) ;
#943 = DIRECTION ( 'NONE',  ( 4.818676322157799347E-16, 1.000000000000000000, 0.000000000000000000 ) ) ;
#944 = CARTESIAN_POINT ( 'NONE',  ( 1.820000000000000506, -0.4099999999999998646, 0.1349999999999999534 ) ) ;
#945 = DIRECTION ( 'NONE',  ( 1.000000000000000000, -4.818676322157798361E-16, 0.000000000000000000 ) ) ;
#946 = ORIENTED_EDGE ( 'NONE', *, *, #1100, .F. ) ;
#947 = FACE_OUTER_BOUND ( 'NONE', #199, .T. ) ;
#948 = EDGE_LOOP ( 'NONE', ( #1529, #697, #1683, #444, #1911, #939 ) ) ;
#949 = EDGE_CURVE ( 'NONE', #1520, #1534, #1049, .T. ) ;
#950 = CARTESIAN_POINT ( 'NONE',  ( -19.50000000000000355, 2.000000000000000444, 0.3175000000000000044 ) ) ;
#951 = VERTEX_POINT ( 'NONE', #858 ) ;
#952 = AXIS2_PLACEMENT_3D ( 'NONE', #772, #1595, #1431 ) ;
#953 = DIRECTION ( 'NONE',  ( 4.818676322157799347E-16, 1.000000000000000000, 0.000000000000000000 ) ) ;
#954 = DIRECTION ( 'NONE',  ( 0.000000000000000000, -1.000000000000000000, 0.000000000000000000 ) ) ;
#955 = DIRECTION ( 'NONE',  ( 0.000000000000000000, 0.000000000000000000, -1.000000000000000000 ) ) ;
#956 = CARTESIAN_POINT ( 'NONE',  ( -18.00000000000000355, 0.000000000000000000, 0.1349999999999999534 ) ) ;
#957 = ORIENTED_EDGE ( 'NONE', *, *, #1987, .T. ) ;
#958 = CARTESIAN_POINT ( 'NONE',  ( -19.20000000000000639, -0.7679571668975718746, 0.1349999999999999534 ) ) ;
#959 = ORIENTED_EDGE ( 'NONE', *, *, #449, .F. ) ;
#960 = ADVANCED_FACE ( 'NONE', ( #891 ), #737, .F. ) ;
#961 = VECTOR ( 'NONE', #987, 100.0000000000000142 ) ;
#962 = DIRECTION ( 'NONE',  ( -1.000000000000000000, 0.000000000000000000, 0.000000000000000000 ) ) ;
#963 = LINE ( 'NONE', #631, #1471 ) ;
#964 = LINE ( 'NONE', #1601, #670 ) ;
#965 = VECTOR ( 'NONE', #439, 100.0000000000000000 ) ;
#966 = DIRECTION ( 'NONE',  ( 0.000000000000000000, -1.000000000000000000, 0.000000000000000000 ) ) ;
#967 = AXIS2_PLACEMENT_3D ( 'NONE', #1590, #162, #641 ) ;
#968 = CARTESIAN_POINT ( 'NONE',  ( 1.820000000000000506, -0.4099999999999998646, 0.1349999999999999534 ) ) ;
#969 = EDGE_LOOP ( 'NONE', ( #840, #1142, #980, #1137 ) ) ;
#970 = EDGE_CURVE ( 'NONE', #1357, #852, #1365, .T. ) ;
#971 = DIRECTION ( 'NONE',  ( 0.000000000000000000, -1.000000000000000000, 0.000000000000000000 ) ) ;
#972 = ORIENTED_EDGE ( 'NONE', *, *, #1309, .F. ) ;
#973 = DIRECTION ( 'NONE',  ( 1.000000000000000000, -3.067291018426574134E-16, 0.000000000000000000 ) ) ;
#974 = ADVANCED_FACE ( 'NONE', ( #1346 ), #1657, .F. ) ;
#975 = CYLINDRICAL_SURFACE ( 'NONE', #1087, 2.500000000000000000 ) ;
#976 = DIRECTION ( 'NONE',  ( -1.000000000000000000, -1.156482317317871725E-16, 0.000000000000000000 ) ) ;
#977 = VECTOR ( 'NONE', #187, 100.0000000000000000 ) ;
#978 = EDGE_LOOP ( 'NONE', ( #158, #1273 ) ) ;
#979 = DIRECTION ( 'NONE',  ( 1.000000000000000000, -2.312964634635742957E-16, 0.000000000000000000 ) ) ;
#980 = ORIENTED_EDGE ( 'NONE', *, *, #1243, .T. ) ;
#981 = CARTESIAN_POINT ( 'NONE',  ( -18.00000000000000355, 0.000000000000000000, 0.6350000000000000089 ) ) ;
#982 = EDGE_LOOP ( 'NONE', ( #110, #871, #1264, #1334 ) ) ;
#983 = FACE_OUTER_BOUND ( 'NONE', #783, .T. ) ;
#984 = CARTESIAN_POINT ( 'NONE',  ( 0.000000000000000000, 0.000000000000000000, 0.3175000000000000044 ) ) ;
#985 = CARTESIAN_POINT ( 'NONE',  ( -34.63500000000000512, 1.365000000000001101, 0.3175000000000000044 ) ) ;
#986 = PLANE ( 'NONE',  #1305 ) ;
#987 = DIRECTION ( 'NONE',  ( 0.5000000000000042188, 0.8660254037844362651, 0.000000000000000000 ) ) ;
#988 = EDGE_LOOP ( 'NONE', ( #146, #946, #1952, #1076, #1186 ) ) ;
#989 = LINE ( 'NONE', #1317, #1175 ) ;
#990 = ORIENTED_EDGE ( 'NONE', *, *, #1868, .T. ) ;
#991 = CYLINDRICAL_SURFACE ( 'NONE', #132, 0.3000000000000000444 ) ;
#992 = VERTEX_POINT ( 'NONE', #1015 ) ;
#993 = DIRECTION ( 'NONE',  ( 1.000000000000000000, -1.136033710528360955E-16, 0.000000000000000000 ) ) ;
#994 = ADVANCED_FACE ( 'NONE', ( #903 ), #1541, .F. ) ;
#995 = CARTESIAN_POINT ( 'NONE',  ( -0.4100000000000000311, 2.000000000000000444, 0.1349999999999999534 ) ) ;
#996 = CARTESIAN_POINT ( 'NONE',  ( 0.000000000000000000, 0.000000000000000000, 0.6350000000000000089 ) ) ;
#997 = ORIENTED_EDGE ( 'NONE', *, *, #405, .F. ) ;
#998 = EDGE_CURVE ( 'NONE', #1886, #208, #1985, .T. ) ;
#999 = DIRECTION ( 'NONE',  ( 0.000000000000000000, 0.000000000000000000, 1.000000000000000000 ) ) ;
#1000 = EDGE_LOOP ( 'NONE', ( #2062, #180, #1637, #1354 ) ) ;
#1001 = AXIS2_PLACEMENT_3D ( 'NONE', #1236, #141, #263 ) ;
#1002 = ORIENTED_EDGE ( 'NONE', *, *, #717, .F. ) ;
#1003 = LINE ( 'NONE', #94, #2063 ) ;
#1004 = CARTESIAN_POINT ( 'NONE',  ( 2.000000000000000444, 1.500000000000000666, 0.000000000000000000 ) ) ;
#1005 = VECTOR ( 'NONE', #1007, 100.0000000000000000 ) ;
#1006 = DIRECTION ( 'NONE',  ( -2.312964634635742957E-16, 1.000000000000000000, 0.000000000000000000 ) ) ;
#1007 = DIRECTION ( 'NONE',  ( 0.000000000000000000, 1.000000000000000000, 0.000000000000000000 ) ) ;
#1008 = ADVANCED_FACE ( 'NONE', ( #89 ), #1027, .F. ) ;
#1009 = ORIENTED_EDGE ( 'NONE', *, *, #207, .T. ) ;
#1010 = PRODUCT_CONTEXT ( 'NONE', #1267, 'mechanical' ) ;
#1011 = CARTESIAN_POINT ( 'NONE',  ( 0.6200000000000001066, -0.5700000000000000622, 0.6350000000000000089 ) ) ;
#1012 = DIRECTION ( 'NONE',  ( -1.000000000000000000, -4.818676322157799347E-16, 0.000000000000000000 ) ) ;
#1013 = CARTESIAN_POINT ( 'NONE',  ( -18.76795716689757754, 1.199999999999999956, 0.1349999999999999534 ) ) ;
#1014 = VERTEX_POINT ( 'NONE', #1667 ) ;
#1015 = CARTESIAN_POINT ( 'NONE',  ( 1.365000000000002212, -1.999999999999999112, 0.3175000000000000044 ) ) ;
#1016 = VECTOR ( 'NONE', #940, 100.0000000000000000 ) ;
#1017 = EDGE_LOOP ( 'NONE', ( #1724, #312, #104, #1791, #79, #1452, #322, #465, #55, #845, #131, #361, #1741, #790, #647, #222 ) ) ;
#1018 = EDGE_CURVE ( 'NONE', #144, #1818, #1198, .T. ) ;
#1019 = LINE ( 'NONE', #649, #1188 ) ;
#1020 = ORIENTED_EDGE ( 'NONE', *, *, #14, .T. ) ;
#1021 = EDGE_CURVE ( 'NONE', #1014, #1572, #1680, .T. ) ;
#1022 = CARTESIAN_POINT ( 'NONE',  ( 2.000000000000000444, -0.4099999999999999201, 0.6350000000000000089 ) ) ;
#1023 = CARTESIAN_POINT ( 'NONE',  ( 0.000000000000000000, 0.000000000000000000, 0.3175000000000000044 ) ) ;
#1024 = DIRECTION ( 'NONE',  ( -1.000000000000000000, -1.136033710528360955E-16, 0.000000000000000000 ) ) ;
#1025 = VECTOR ( 'NONE', #1024, 100.0000000000000000 ) ;
#1026 = ORIENTED_EDGE ( 'NONE', *, *, #1523, .F. ) ;
#1027 = PLANE ( 'NONE',  #1942 ) ;
#1028 = ORIENTED_EDGE ( 'NONE', *, *, #718, .T. ) ;
#1029 = ADVANCED_FACE ( 'NONE', ( #2027 ), #1564, .F. ) ;
#1030 = CARTESIAN_POINT ( 'NONE',  ( -34.63500000000000512, -1.364999999999998437, 0.6350000000000000089 ) ) ;
#1031 = VECTOR ( 'NONE', #24, 100.0000000000000000 ) ;
#1032 = ORIENTED_EDGE ( 'NONE', *, *, #1459, .T. ) ;
#1033 = VECTOR ( 'NONE', #920, 100.0000000000000000 ) ;
#1034 = FACE_OUTER_BOUND ( 'NONE', #1219, .T. ) ;
#1035 = EDGE_CURVE ( 'NONE', #1614, #1275, #1428, .T. ) ;
#1036 = CARTESIAN_POINT ( 'NONE',  ( 2.000000000000000444, -0.4099999999999999201, 0.1349999999999999534 ) ) ;
#1037 = CARTESIAN_POINT ( 'NONE',  ( -19.36500000000000554, -1.999999999999999112, 0.6350000000000000089 ) ) ;
#1038 = VERTEX_POINT ( 'NONE', #2058 ) ;
#1039 = DIRECTION ( 'NONE',  ( -0.000000000000000000, 0.000000000000000000, 1.000000000000000000 ) ) ;
#1040 = VERTEX_POINT ( 'NONE', #605 ) ;
#1041 = VECTOR ( 'NONE', #999, 100.0000000000000000 ) ;
#1042 = DIRECTION ( 'NONE',  ( -0.000000000000000000, 0.000000000000000000, 1.000000000000000000 ) ) ;
#1043 = ORIENTED_EDGE ( 'NONE', *, *, #688, .T. ) ;
#1044 = DIRECTION ( 'NONE',  ( 0.000000000000000000, 1.000000000000000000, 0.000000000000000000 ) ) ;
#1045 = DIRECTION ( 'NONE',  ( 0.000000000000000000, -1.000000000000000000, 0.000000000000000000 ) ) ;
#1046 = DIRECTION ( 'NONE',  ( 4.818676322157799347E-16, -1.000000000000000000, 0.000000000000000000 ) ) ;
#1047 = ADVANCED_FACE ( 'NONE', ( #947 ), #1072, .T. ) ;
#1048 = ORIENTED_EDGE ( 'NONE', *, *, #881, .F. ) ;
#1049 = LINE ( 'NONE', #715, #513 ) ;
#1050 = ORIENTED_EDGE ( 'NONE', *, *, #1624, .F. ) ;
#1051 = VECTOR ( 'NONE', #161, 100.0000000000000000 ) ;
#1052 = DIRECTION ( 'NONE',  ( 0.000000000000000000, 0.000000000000000000, -1.000000000000000000 ) ) ;
#1053 = ORIENTED_EDGE ( 'NONE', *, *, #1825, .T. ) ;
#1054 = CARTESIAN_POINT ( 'NONE',  ( 1.364999999999999991, 2.000000000000001776, 0.3175000000000000044 ) ) ;
#1055 = ADVANCED_FACE ( 'NONE', ( #1885 ), #1742, .F. ) ;
#1056 = EDGE_CURVE ( 'NONE', #635, #913, #1274, .T. ) ;
#1057 = DIRECTION ( 'NONE',  ( -1.000000000000000000, 0.000000000000000000, -0.000000000000000000 ) ) ;
#1058 = CARTESIAN_POINT ( 'NONE',  ( -0.4100000000000000311, 2.000000000000000444, 0.6350000000000000089 ) ) ;
#1059 = ORIENTED_EDGE ( 'NONE', *, *, #518, .T. ) ;
#1060 = LINE ( 'NONE', #381, #440 ) ;
#1061 = ORIENTED_EDGE ( 'NONE', *, *, #651, .T. ) ;
#1062 = EDGE_CURVE ( 'NONE', #1928, #1377, #406, .T. ) ;
#1063 = UNCERTAINTY_MEASURE_WITH_UNIT (LENGTH_MEASURE( 1.000000000000000082E-05 ), #1310, 'distance_accuracy_value', 'NONE');
#1064 = LINE ( 'NONE', #1524, #754 ) ;
#1065 = ORIENTED_EDGE ( 'NONE', *, *, #1084, .F. ) ;
#1066 = VECTOR ( 'NONE', #1693, 100.0000000000000000 ) ;
#1067 = VECTOR ( 'NONE', #1795, 100.0000000000000000 ) ;
#1068 = DIRECTION ( 'NONE',  ( -0.000000000000000000, 0.000000000000000000, 1.000000000000000000 ) ) ;
#1069 = CARTESIAN_POINT ( 'NONE',  ( -1.364999999999999991, 16.63499999999999801, 0.3175000000000000044 ) ) ;
#1070 = CARTESIAN_POINT ( 'NONE',  ( -19.20000000000000639, -0.7679571668975718746, 0.6350000000000000089 ) ) ;
#1071 = ORIENTED_EDGE ( 'NONE', *, *, #159, .T. ) ;
#1072 = PLANE ( 'NONE',  #611 ) ;
#1073 = VERTEX_POINT ( 'NONE', #1866 ) ;
#1074 = DIRECTION ( 'NONE',  ( 0.5000000000000043299, 0.8660254037844362651, 0.000000000000000000 ) ) ;
#1075 = AXIS2_PLACEMENT_3D ( 'NONE', #111, #1996, #1355 ) ;
#1076 = ORIENTED_EDGE ( 'NONE', *, *, #819, .F. ) ;
#1077 = CARTESIAN_POINT ( 'NONE',  ( -20.00000000000000711, 1.500000000000000666, 0.000000000000000000 ) ) ;
#1078 = LINE ( 'NONE', #285, #1033 ) ;
#1079 = DIRECTION ( 'NONE',  ( -1.000000000000000000, 1.931257307898213426E-16, 0.000000000000000000 ) ) ;
#1080 = VERTEX_POINT ( 'NONE', #771 ) ;
#1081 = LINE ( 'NONE', #434, #1196 ) ;
#1082 = VERTEX_POINT ( 'NONE', #594 ) ;
#1083 = DIRECTION ( 'NONE',  ( 0.000000000000000000, -1.000000000000000000, 0.000000000000000000 ) ) ;
#1084 = EDGE_CURVE ( 'NONE', #585, #205, #1582, .T. ) ;
#1085 = ORIENTED_EDGE ( 'NONE', *, *, #1244, .F. ) ;
#1086 = DIRECTION ( 'NONE',  ( -0.000000000000000000, 0.000000000000000000, 1.000000000000000000 ) ) ;
#1087 = AXIS2_PLACEMENT_3D ( 'NONE', #70, #269, #91 ) ;
#1088 = EDGE_CURVE ( 'NONE', #1522, #208, #1420, .T. ) ;
#1089 = EDGE_CURVE ( 'NONE', #224, #1858, #478, .T. ) ;
#1090 = LINE ( 'NONE', #1882, #304 ) ;
#1091 = LINE ( 'NONE', #2024, #63 ) ;
#1092 = EDGE_LOOP ( 'NONE', ( #1834, #413, #532, #1409 ) ) ;
#1093 = CARTESIAN_POINT ( 'NONE',  ( -19.50000000000000711, -2.000000000000000000, 0.000000000000000000 ) ) ;
#1094 = ORIENTED_EDGE ( 'NONE', *, *, #349, .T. ) ;
#1095 = PLANE ( 'NONE',  #952 ) ;
#1096 = ORIENTED_EDGE ( 'NONE', *, *, #1100, .T. ) ;
#1097 = AXIS2_PLACEMENT_3D ( 'NONE', #176, #821, #979 ) ;
#1098 = LINE ( 'NONE', #784, #930 ) ;
#1099 = VECTOR ( 'NONE', #200, 100.0000000000000000 ) ;
#1100 = EDGE_CURVE ( 'NONE', #270, #534, #1592, .T. ) ;
#1101 = DIRECTION ( 'NONE',  ( 0.000000000000000000, 0.000000000000000000, 1.000000000000000000 ) ) ;
#1102 = CARTESIAN_POINT ( 'NONE',  ( 1.200000000000000622, -0.7679571668975718746, 0.1349999999999999534 ) ) ;
#1103 = VECTOR ( 'NONE', #1781, 100.0000000000000000 ) ;
#1104 = ORIENTED_EDGE ( 'NONE', *, *, #1931, .F. ) ;
#1105 = CARTESIAN_POINT ( 'NONE',  ( -1.500000000000000222, 2.000000000000000444, 0.6350000000000000089 ) ) ;
#1106 = VERTEX_POINT ( 'NONE', #780 ) ;
#1107 = CARTESIAN_POINT ( 'NONE',  ( -19.82000000000000384, -0.4099999999999998646, 0.6350000000000000089 ) ) ;
#1108 = ORIENTED_EDGE ( 'NONE', *, *, #819, .T. ) ;
#1109 = AXIS2_PLACEMENT_3D ( 'NONE', #2049, #1240, #133 ) ;
#1110 = LINE ( 'NONE', #1811, #1203 ) ;
#1111 = DIRECTION ( 'NONE',  ( 0.000000000000000000, 1.000000000000000000, 0.000000000000000000 ) ) ;
#1112 = CARTESIAN_POINT ( 'NONE',  ( 0.7679571668975722076, 1.199999999999999956, 0.1349999999999999534 ) ) ;
#1113 = CARTESIAN_POINT ( 'NONE',  ( 1.200000000000000622, 0.7679571668975720966, 0.1349999999999999534 ) ) ;
#1114 = VERTEX_POINT ( 'NONE', #1440 ) ;
#1115 = EDGE_CURVE ( 'NONE', #1854, #305, #1230, .T. ) ;
#1116 = DIRECTION ( 'NONE',  ( -1.000000000000000000, 0.000000000000000000, 0.000000000000000000 ) ) ;
#1117 = VERTEX_POINT ( 'NONE', #1093 ) ;
#1118 = LINE ( 'NONE', #1755, #1099 ) ;
#1119 = VECTOR ( 'NONE', #436, 100.0000000000000000 ) ;
#1120 = CARTESIAN_POINT ( 'NONE',  ( -20.00000000000000711, 0.4100000000000001421, 0.1349999999999999534 ) ) ;
#1121 = CARTESIAN_POINT ( 'NONE',  ( 1.364999999999999991, 1.364999999999998215, 0.6350000000000000089 ) ) ;
#1122 = EDGE_CURVE ( 'NONE', #833, #299, #1081, .T. ) ;
#1123 = CARTESIAN_POINT ( 'NONE',  ( 1.820000000000000506, -0.4099999999999998646, 0.1349999999999999534 ) ) ;
#1124 = CARTESIAN_POINT ( 'NONE',  ( 1.364999999999999991, 2.000000000000001776, 0.6350000000000000089 ) ) ;
#1125 = ORIENTED_EDGE ( 'NONE', *, *, #207, .F. ) ;
#1126 = DIRECTION ( 'NONE',  ( -1.000000000000000000, -1.136033710528360955E-16, 0.000000000000000000 ) ) ;
#1127 = EDGE_CURVE ( 'NONE', #543, #224, #277, .T. ) ;
#1128 = ORIENTED_EDGE ( 'NONE', *, *, #1370, .T. ) ;
#1129 = VECTOR ( 'NONE', #96, 100.0000000000000000 ) ;
#1130 = CARTESIAN_POINT ( 'NONE',  ( -20.00000000000000711, -1.365000000000000213, 0.3175000000000000044 ) ) ;
#1131 = LINE ( 'NONE', #1120, #524 ) ;
#1132 = CARTESIAN_POINT ( 'NONE',  ( 0.000000000000000000, 0.000000000000000000, 0.6350000000000000089 ) ) ;
#1133 = AXIS2_PLACEMENT_3D ( 'NONE', #1777, #973, #1141 ) ;
#1134 = FACE_OUTER_BOUND ( 'NONE', #1908, .T. ) ;
#1135 = VECTOR ( 'NONE', #1874, 100.0000000000000000 ) ;
#1136 = DIRECTION ( 'NONE',  ( -4.818676322157799347E-16, 1.000000000000000000, 0.000000000000000000 ) ) ;
#1137 = ORIENTED_EDGE ( 'NONE', *, *, #935, .T. ) ;
#1138 = CIRCLE ( 'NONE', #1839, 2.500000000000000000 ) ;
#1139 = CARTESIAN_POINT ( 'NONE',  ( -19.50000000000000711, -2.000000000000000000, 0.3175000000000000044 ) ) ;
#1140 = ORIENTED_EDGE ( 'NONE', *, *, #313, .T. ) ;
#1141 = DIRECTION ( 'NONE',  ( -3.067291018426574134E-16, -1.000000000000000000, 0.000000000000000000 ) ) ;
#1142 = ORIENTED_EDGE ( 'NONE', *, *, #1765, .F. ) ;
#1143 = DIRECTION ( 'NONE',  ( 0.000000000000000000, 0.000000000000000000, -1.000000000000000000 ) ) ;
#1144 = DIRECTION ( 'NONE',  ( 1.000000000000000000, 0.000000000000000000, 0.000000000000000000 ) ) ;
#1145 = VECTOR ( 'NONE', #267, 100.0000000000000000 ) ;
#1146 = CARTESIAN_POINT ( 'NONE',  ( -2.379999999999999893, -0.5700000000000000622, 0.000000000000000000 ) ) ;
#1147 = CARTESIAN_POINT ( 'NONE',  ( 1.500000000000000666, -2.000000000000000000, 0.000000000000000000 ) ) ;
#1148 = ORIENTED_EDGE ( 'NONE', *, *, #64, .T. ) ;
#1149 = LINE ( 'NONE', #179, #1041 ) ;
#1150 = ORIENTED_EDGE ( 'NONE', *, *, #743, .T. ) ;
#1151 = EDGE_CURVE ( 'NONE', #1703, #852, #1720, .T. ) ;
#1152 = DIRECTION ( 'NONE',  ( 1.000000000000000000, -1.156482317317871725E-16, 0.000000000000000000 ) ) ;
#1153 = VERTEX_POINT ( 'NONE', #1730 ) ;
#1154 = DIRECTION ( 'NONE',  ( 0.000000000000000000, 0.000000000000000000, 1.000000000000000000 ) ) ;
#1155 = EDGE_CURVE ( 'NONE', #1813, #240, #301, .T. ) ;
#1156 = CARTESIAN_POINT ( 'NONE',  ( -19.36499999999999844, 16.63499999999999801, 0.3175000000000000044 ) ) ;
#1157 = CARTESIAN_POINT ( 'NONE',  ( -18.62000000000000455, -0.5700000000000000622, 0.000000000000000000 ) ) ;
#1158 = ORIENTED_EDGE ( 'NONE', *, *, #1517, .F. ) ;
#1159 = CARTESIAN_POINT ( 'NONE',  ( -19.20000000000000639, -0.7679571668975718746, 0.6350000000000000089 ) ) ;
#1160 = VERTEX_POINT ( 'NONE', #1263 ) ;
#1161 = ORIENTED_EDGE ( 'NONE', *, *, #1492, .F. ) ;
#1162 = DIRECTION ( 'NONE',  ( 0.000000000000000000, 0.000000000000000000, 1.000000000000000000 ) ) ;
#1163 = EDGE_CURVE ( 'NONE', #149, #1423, #694, .T. ) ;
#1164 = LINE ( 'NONE', #1174, #2 ) ;
#1165 = DIRECTION ( 'NONE',  ( 0.000000000000000000, 1.000000000000000000, 0.000000000000000000 ) ) ;
#1166 = VECTOR ( 'NONE', #1475, 100.0000000000000142 ) ;
#1167 = ORIENTED_EDGE ( 'NONE', *, *, #1931, .T. ) ;
#1168 = DIRECTION ( 'NONE',  ( 0.000000000000000000, 0.000000000000000000, 1.000000000000000000 ) ) ;
#1169 = ORIENTED_EDGE ( 'NONE', *, *, #1674, .F. ) ;
#1170 = VECTOR ( 'NONE', #1101, 100.0000000000000000 ) ;
#1171 = ORIENTED_EDGE ( 'NONE', *, *, #877, .T. ) ;
#1172 = DIRECTION ( 'NONE',  ( -0.8660254037844362651, 0.5000000000000043299, 0.000000000000000000 ) ) ;
#1173 = EDGE_CURVE ( 'NONE', #1399, #169, #194, .T. ) ;
#1174 = CARTESIAN_POINT ( 'NONE',  ( -16.63500000000000512, 16.63499999999999801, 0.3175000000000000044 ) ) ;
#1175 = VECTOR ( 'NONE', #1763, 100.0000000000000000 ) ;
#1176 = CARTESIAN_POINT ( 'NONE',  ( 16.63499999999999801, -1.364999999999998437, 0.3175000000000000044 ) ) ;
#1177 = ORIENTED_EDGE ( 'NONE', *, *, #2010, .F. ) ;
#1178 = CARTESIAN_POINT ( 'NONE',  ( -18.41000000000000369, 2.000000000000000444, 0.1349999999999999534 ) ) ;
#1179 = ORIENTED_EDGE ( 'NONE', *, *, #405, .T. ) ;
#1180 = EDGE_CURVE ( 'NONE', #1679, #448, #838, .T. ) ;
#1181 = CARTESIAN_POINT ( 'NONE',  ( -20.00000000000000711, -1.365000000000000213, 0.6350000000000000089 ) ) ;
#1182 = ORIENTED_EDGE ( 'NONE', *, *, #1619, .T. ) ;
#1183 = DIRECTION ( 'NONE',  ( 1.000000000000000000, -4.818676322157798361E-16, 0.000000000000000000 ) ) ;
#1184 = CARTESIAN_POINT ( 'NONE',  ( -20.00000000000000355, 1.500000000000000222, 0.3175000000000000044 ) ) ;
#1185 = LINE ( 'NONE', #1829, #2022 ) ;
#1186 = ORIENTED_EDGE ( 'NONE', *, *, #1214, .F. ) ;
#1187 = CARTESIAN_POINT ( 'NONE',  ( -19.50000000000000711, -2.000000000000000000, 0.6350000000000000089 ) ) ;
#1188 = VECTOR ( 'NONE', #640, 100.0000000000000142 ) ;
#1189 = ORIENTED_EDGE ( 'NONE', *, *, #1190, .T. ) ;
#1190 = EDGE_CURVE ( 'NONE', #1080, #1808, #369, .T. ) ;
#1191 = CARTESIAN_POINT ( 'NONE',  ( -20.00000000000000711, -1.365000000000000213, 0.000000000000000000 ) ) ;
#1192 = EDGE_LOOP ( 'NONE', ( #1711, #654, #57, #1053 ) ) ;
#1193 = CARTESIAN_POINT ( 'NONE',  ( -1.364999999999998215, 2.000000000000000444, 0.000000000000000000 ) ) ;
#1194 = CARTESIAN_POINT ( 'NONE',  ( 2.000000000000000444, -1.499999999999999334, 0.3175000000000000044 ) ) ;
#1195 = CARTESIAN_POINT ( 'NONE',  ( -16.50000000000000355, 2.000000000000000444, 0.6350000000000000089 ) ) ;
#1196 = VECTOR ( 'NONE', #1710, 100.0000000000000000 ) ;
#1197 = ORIENTED_EDGE ( 'NONE', *, *, #1687, .F. ) ;
#1198 = LINE ( 'NONE', #236, #707 ) ;
#1199 = ORIENTED_EDGE ( 'NONE', *, *, #1580, .F. ) ;
#1200 = VECTOR ( 'NONE', #1086, 100.0000000000000000 ) ;
#1201 = DIRECTION ( 'NONE',  ( 0.000000000000000000, 0.000000000000000000, 1.000000000000000000 ) ) ;
#1202 = EDGE_LOOP ( 'NONE', ( #1199, #1443, #825, #1948 ) ) ;
#1203 = VECTOR ( 'NONE', #384, 100.0000000000000000 ) ;
#1204 = DIRECTION ( 'NONE',  ( 0.000000000000000000, 0.000000000000000000, 1.000000000000000000 ) ) ;
#1205 = DIRECTION ( 'NONE',  ( -1.156482317317871725E-16, 1.000000000000000000, -0.000000000000000000 ) ) ;
#1206 = CARTESIAN_POINT ( 'NONE',  ( -1.500000000000000222, 2.000000000000000444, 0.6350000000000000089 ) ) ;
#1207 = VECTOR ( 'NONE', #692, 100.0000000000000142 ) ;
#1208 = ORIENTED_EDGE ( 'NONE', *, *, #1736, .F. ) ;
#1209 = FACE_OUTER_BOUND ( 'NONE', #288, .T. ) ;
#1210 = VERTEX_POINT ( 'NONE', #340 ) ;
#1211 = CARTESIAN_POINT ( 'NONE',  ( 1.365000000000002212, -1.365000000000000213, 0.6350000000000000089 ) ) ;
#1212 = EDGE_LOOP ( 'NONE', ( #332, #1512, #257, #1899, #545, #1415 ) ) ;
#1213 = ADVANCED_FACE ( 'NONE', ( #683 ), #1615, .T. ) ;
#1214 = EDGE_CURVE ( 'NONE', #195, #676, #1630, .T. ) ;
#1215 = DIRECTION ( 'NONE',  ( 0.000000000000000000, -1.000000000000000000, 0.000000000000000000 ) ) ;
#1216 = ADVANCED_FACE ( 'NONE', ( #664 ), #360, .F. ) ;
#1217 = DIRECTION ( 'NONE',  ( -1.249637081581196951E-16, 1.000000000000000000, 0.000000000000000000 ) ) ;
#1218 = LINE ( 'NONE', #1807, #126 ) ;
#1219 = EDGE_LOOP ( 'NONE', ( #873, #281, #1627, #411 ) ) ;
#1220 = CARTESIAN_POINT ( 'NONE',  ( -1.364999999999998215, 1.364999999999999991, 0.6350000000000000089 ) ) ;
#1221 = VERTEX_POINT ( 'NONE', #1157 ) ;
#1222 = AXIS2_PLACEMENT_3D ( 'NONE', #916, #802, #167 ) ;
#1223 = CARTESIAN_POINT ( 'NONE',  ( 1.820000000000000506, 0.4100000000000000311, 0.1349999999999999534 ) ) ;
#1224 = ORIENTED_EDGE ( 'NONE', *, *, #192, .F. ) ;
#1225 = CARTESIAN_POINT ( 'NONE',  ( -18.00000000000000355, 0.000000000000000000, 0.3175000000000000044 ) ) ;
#1226 = DIRECTION ( 'NONE',  ( 0.000000000000000000, 0.000000000000000000, 1.000000000000000000 ) ) ;
#1227 = CARTESIAN_POINT ( 'NONE',  ( -17.59000000000000696, 1.820000000000000506, 0.1349999999999999534 ) ) ;
#1228 = VERTEX_POINT ( 'NONE', #212 ) ;
#1229 = VECTOR ( 'NONE', #1938, 100.0000000000000000 ) ;
#1230 = LINE ( 'NONE', #1552, #1804 ) ;
#1231 = LINE ( 'NONE', #1870, #1119 ) ;
#1232 = ORIENTED_EDGE ( 'NONE', *, *, #1648, .T. ) ;
#1233 = VECTOR ( 'NONE', #943, 100.0000000000000000 ) ;
#1234 = CIRCLE ( 'NONE', #967, 2.500000000000000000 ) ;
#1235 = LINE ( 'NONE', #427, #965 ) ;
#1236 = CARTESIAN_POINT ( 'NONE',  ( 1.364999999999995328, 16.63499999999999801, 0.3175000000000000044 ) ) ;
#1237 = CARTESIAN_POINT ( 'NONE',  ( 1.200000000000000622, -0.7679571668975718746, 0.6350000000000000089 ) ) ;
#1238 = ADVANCED_FACE ( 'NONE', ( #1626 ), #1294, .T. ) ;
#1239 = ORIENTED_EDGE ( 'NONE', *, *, #1021, .F. ) ;
#1240 = DIRECTION ( 'NONE',  ( 0.000000000000000000, 0.000000000000000000, -1.000000000000000000 ) ) ;
#1241 = VERTEX_POINT ( 'NONE', #36 ) ;
#1242 = LINE ( 'NONE', #1255, #655 ) ;
#1243 = EDGE_CURVE ( 'NONE', #1470, #2044, #644, .T. ) ;
#1244 = EDGE_CURVE ( 'NONE', #1288, #1470, #1759, .T. ) ;
#1245 = VECTOR ( 'NONE', #206, 100.0000000000000000 ) ;
#1246 = ORIENTED_EDGE ( 'NONE', *, *, #691, .T. ) ;
#1247 = CARTESIAN_POINT ( 'NONE',  ( -19.20000000000000639, -0.7679571668975718746, 0.1349999999999999534 ) ) ;
#1248 = CARTESIAN_POINT ( 'NONE',  ( 1.364999999999999991, 1.364999999999998215, 0.3175000000000000044 ) ) ;
#1249 = PLANE ( 'NONE',  #1767 ) ;
#1250 = ADVANCED_FACE ( 'NONE', ( #46 ), #675, .T. ) ;
#1251 = ORIENTED_EDGE ( 'NONE', *, *, #755, .T. ) ;
#1252 = CARTESIAN_POINT ( 'NONE',  ( -16.63500000000000512, 16.63499999999999801, 0.3175000000000000044 ) ) ;
#1253 = ORIENTED_EDGE ( 'NONE', *, *, #1497, .F. ) ;
#1254 = PRODUCT_DEFINITION ( 'UNKNOWN', '', #1368, #284 ) ;
#1255 = CARTESIAN_POINT ( 'NONE',  ( -19.82000000000000384, 0.4100000000000000311, 0.6350000000000000089 ) ) ;
#1256 = ORIENTED_EDGE ( 'NONE', *, *, #73, .F. ) ;
#1257 = ADVANCED_FACE ( 'NONE', ( #653 ), #1798, .F. ) ;
#1258 = DIRECTION ( 'NONE',  ( 0.000000000000000000, -1.000000000000000000, 0.000000000000000000 ) ) ;
#1259 = VECTOR ( 'NONE', #184, 100.0000000000000000 ) ;
#1260 = PLANE ( 'NONE',  #899 ) ;
#1261 = DIRECTION ( 'NONE',  ( 0.000000000000000000, -1.000000000000000000, 0.000000000000000000 ) ) ;
#1262 = ORIENTED_EDGE ( 'NONE', *, *, #1283, .T. ) ;
#1263 = CARTESIAN_POINT ( 'NONE',  ( 2.000000000000000000, 1.500000000000000222, 0.3175000000000000044 ) ) ;
#1264 = ORIENTED_EDGE ( 'NONE', *, *, #1523, .T. ) ;
#1265 = DIRECTION ( 'NONE',  ( -0.5000000000000042188, -0.8660254037844362651, 0.000000000000000000 ) ) ;
#1266 = ORIENTED_EDGE ( 'NONE', *, *, #1800, .F. ) ;
#1267 = APPLICATION_CONTEXT ( 'automotive_design' ) ;
#1268 = AXIS2_PLACEMENT_3D ( 'NONE', #648, #1934, #517 ) ;
#1269 = DIRECTION ( 'NONE',  ( -0.8660254037844360431, 0.5000000000000042188, 0.000000000000000000 ) ) ;
#1270 = DIRECTION ( 'NONE',  ( 0.000000000000000000, 0.000000000000000000, 1.000000000000000000 ) ) ;
#1271 = ADVANCED_FACE ( 'NONE', ( #185 ), #848, .F. ) ;
#1272 = VECTOR ( 'NONE', #1468, 100.0000000000000000 ) ;
#1273 = ORIENTED_EDGE ( 'NONE', *, *, #1412, .F. ) ;
#1274 = LINE ( 'NONE', #789, #1313 ) ;
#1275 = VERTEX_POINT ( 'NONE', #1124 ) ;
#1276 = CARTESIAN_POINT ( 'NONE',  ( -34.63500000000000512, -1.364999999999998437, 0.3175000000000000044 ) ) ;
#1277 = VERTEX_POINT ( 'NONE', #968 ) ;
#1278 = ADVANCED_FACE ( 'NONE', ( #1603 ), #811, .F. ) ;
#1279 = DIRECTION ( 'NONE',  ( 0.000000000000000000, -1.000000000000000000, 0.000000000000000000 ) ) ;
#1280 = EDGE_CURVE ( 'NONE', #98, #1399, #1457, .T. ) ;
#1281 = FACE_OUTER_BOUND ( 'NONE', #2059, .T. ) ;
#1282 = PLANE ( 'NONE',  #1500 ) ;
#1283 = EDGE_CURVE ( 'NONE', #149, #770, #352, .T. ) ;
#1284 = LINE ( 'NONE', #1156, #87 ) ;
#1285 = DIRECTION ( 'NONE',  ( 0.000000000000000000, 0.000000000000000000, -1.000000000000000000 ) ) ;
#1286 = ORIENTED_EDGE ( 'NONE', *, *, #592, .F. ) ;
#1287 = DIRECTION ( 'NONE',  ( 1.000000000000000000, 0.000000000000000000, 0.000000000000000000 ) ) ;
#1288 = VERTEX_POINT ( 'NONE', #1013 ) ;
#1289 = CARTESIAN_POINT ( 'NONE',  ( -20.00000000000000711, 1.364999999999998437, 0.3175000000000000044 ) ) ;
#1290 = PRESENTATION_LAYER_ASSIGNMENT (  '', '', ( #118 ) ) ;
#1291 = FILL_AREA_STYLE_COLOUR ( '', #1388 ) ;
#1292 = CARTESIAN_POINT ( 'NONE',  ( 0.6200000000000001066, -0.5700000000000000622, 0.6350000000000000089 ) ) ;
#1293 = DIRECTION ( 'NONE',  ( 0.000000000000000000, 0.000000000000000000, 1.000000000000000000 ) ) ;
#1294 = PLANE ( 'NONE',  #1860 ) ;
#1295 = VERTEX_POINT ( 'NONE', #254 ) ;
#1296 = LINE ( 'NONE', #523, #1444 ) ;
#1297 = VERTEX_POINT ( 'NONE', #1528 ) ;
#1298 = VECTOR ( 'NONE', #1664, 100.0000000000000000 ) ;
#1299 = CARTESIAN_POINT ( 'NONE',  ( -19.50000000000000711, -2.000000000000000000, 0.000000000000000000 ) ) ;
#1300 = LINE ( 'NONE', #1146, #1103 ) ;
#1301 = AXIS2_PLACEMENT_3D ( 'NONE', #1438, #174, #1144 ) ;
#1302 = DIRECTION ( 'NONE',  ( 0.000000000000000000, 0.000000000000000000, 1.000000000000000000 ) ) ;
#1303 = ORIENTED_EDGE ( 'NONE', *, *, #130, .F. ) ;
#1304 = EDGE_CURVE ( 'NONE', #9, #1080, #1843, .T. ) ;
#1305 = AXIS2_PLACEMENT_3D ( 'NONE', #95, #1645, #1685 ) ;
#1306 = DIRECTION ( 'NONE',  ( 0.000000000000000000, 0.000000000000000000, -1.000000000000000000 ) ) ;
#1307 = ORIENTED_EDGE ( 'NONE', *, *, #844, .F. ) ;
#1308 = EDGE_CURVE ( 'NONE', #597, #71, #1343, .T. ) ;
#1309 = EDGE_CURVE ( 'NONE', #1918, #276, #703, .T. ) ;
#1310 =( LENGTH_UNIT ( ) NAMED_UNIT ( * ) SI_UNIT ( .CENTI., .METRE. ) );
#1311 = EDGE_LOOP ( 'NONE', ( #1096, #1844, #1307, #415 ) ) ;
#1312 = LINE ( 'NONE', #1757, #335 ) ;
#1313 = VECTOR ( 'NONE', #1907, 100.0000000000000000 ) ;
#1314 = CARTESIAN_POINT ( 'NONE',  ( 3.673940397442060115E-17, 0.3000000000000000444, 0.000000000000000000 ) ) ;
#1315 = DIRECTION ( 'NONE',  ( 0.000000000000000000, -1.000000000000000000, 0.000000000000000000 ) ) ;
#1316 = ORIENTED_EDGE ( 'NONE', *, *, #1455, .F. ) ;
#1317 = CARTESIAN_POINT ( 'NONE',  ( -20.00000000000000711, 1.500000000000000666, 0.3175000000000000044 ) ) ;
#1318 = ORIENTED_EDGE ( 'NONE', *, *, #358, .F. ) ;
#1319 = ORIENTED_EDGE ( 'NONE', *, *, #2043, .F. ) ;
#1320 = EDGE_CURVE ( 'NONE', #149, #1510, #1974, .T. ) ;
#1321 = DIRECTION ( 'NONE',  ( 0.000000000000000000, 0.000000000000000000, 1.000000000000000000 ) ) ;
#1322 = MECHANICAL_DESIGN_GEOMETRIC_PRESENTATION_REPRESENTATION (  '', ( #118 ), #823 ) ;
#1323 = ORIENTED_EDGE ( 'NONE', *, *, #196, .F. ) ;
#1324 = CARTESIAN_POINT ( 'NONE',  ( -18.00000000000000355, 0.000000000000000000, 0.6350000000000000089 ) ) ;
#1325 = ORIENTED_EDGE ( 'NONE', *, *, #1084, .T. ) ;
#1326 = CARTESIAN_POINT ( 'NONE',  ( -19.36500000000000554, -1.365000000000000213, 0.3175000000000000044 ) ) ;
#1327 = ORIENTED_EDGE ( 'NONE', *, *, #1320, .F. ) ;
#1328 = VECTOR ( 'NONE', #1315, 100.0000000000000000 ) ;
#1329 = CARTESIAN_POINT ( 'NONE',  ( -0.4099999999999999201, 1.820000000000000506, 0.1349999999999999534 ) ) ;
#1330 = EDGE_CURVE ( 'NONE', #762, #1886, #1851, .T. ) ;
#1331 = CARTESIAN_POINT ( 'NONE',  ( -19.82000000000000384, 0.4100000000000000311, 0.1349999999999999534 ) ) ;
#1332 = DIRECTION ( 'NONE',  ( 1.000000000000000000, 0.000000000000000000, 0.000000000000000000 ) ) ;
#1333 = AXIS2_PLACEMENT_3D ( 'NONE', #1466, #33, #348 ) ;
#1334 = ORIENTED_EDGE ( 'NONE', *, *, #1021, .T. ) ;
#1335 = LINE ( 'NONE', #685, #874 ) ;
#1336 = ORIENTED_EDGE ( 'NONE', *, *, #1674, .T. ) ;
#1337 = CARTESIAN_POINT ( 'NONE',  ( -16.15089379699272243, 1.682500000000000329, 0.6350000000000000089 ) ) ;
#1338 = EDGE_CURVE ( 'NONE', #606, #543, #234, .T. ) ;
#1339 = FACE_OUTER_BOUND ( 'NONE', #359, .T. ) ;
#1340 = EDGE_CURVE ( 'NONE', #1754, #1380, #870, .T. ) ;
#1341 = DIRECTION ( 'NONE',  ( 0.000000000000000000, 0.000000000000000000, 1.000000000000000000 ) ) ;
#1342 = AXIS2_PLACEMENT_3D ( 'NONE', #1252, #165, #800 ) ;
#1343 = LINE ( 'NONE', #1176, #1025 ) ;
#1344 = ADVANCED_FACE ( 'NONE', ( #735 ), #541, .F. ) ;
#1345 = ORIENTED_EDGE ( 'NONE', *, *, #218, .F. ) ;
#1346 = FACE_OUTER_BOUND ( 'NONE', #292, .T. ) ;
#1347 = ORIENTED_EDGE ( 'NONE', *, *, #592, .T. ) ;
#1348 = CARTESIAN_POINT ( 'NONE',  ( 1.820000000000000506, 0.4100000000000000311, 0.1349999999999999534 ) ) ;
#1349 = VERTEX_POINT ( 'NONE', #1509 ) ;
#1350 = PRODUCT ( 'ramp-vertex_60', 'ramp-vertex_60', '', ( #1010 ) ) ;
#1351 = PLANE ( 'NONE',  #933 ) ;
#1352 = CARTESIAN_POINT ( 'NONE',  ( 1.820000000000000506, -0.4099999999999998646, 0.1349999999999999534 ) ) ;
#1353 = CARTESIAN_POINT ( 'NONE',  ( -16.63500000000000512, 1.682500000000000329, 15.59080043736454968 ) ) ;
#1354 = ORIENTED_EDGE ( 'NONE', *, *, #130, .T. ) ;
#1355 = DIRECTION ( 'NONE',  ( 0.000000000000000000, 1.000000000000000000, 0.000000000000000000 ) ) ;
#1356 = AXIS2_PLACEMENT_3D ( 'NONE', #796, #173, #1589 ) ;
#1357 = VERTEX_POINT ( 'NONE', #1037 ) ;
#1358 = CARTESIAN_POINT ( 'NONE',  ( 2.000000000000001776, -1.365000000000000213, 0.3175000000000000044 ) ) ;
#1359 = EDGE_LOOP ( 'NONE', ( #2040, #1958, #2000, #1167 ) ) ;
#1360 = LINE ( 'NONE', #375, #1067 ) ;
#1361 = CARTESIAN_POINT ( 'NONE',  ( 1.365000000000002212, -1.365000000000000213, 0.3175000000000000044 ) ) ;
#1362 = CARTESIAN_POINT ( 'NONE',  ( -20.00000000000000711, 0.4100000000000001421, 0.1349999999999999534 ) ) ;
#1363 = AXIS2_PLACEMENT_3D ( 'NONE', #1374, #2004, #399 ) ;
#1364 = ORIENTED_EDGE ( 'NONE', *, *, #567, .F. ) ;
#1365 = LINE ( 'NONE', #1187, #1145 ) ;
#1366 = ORIENTED_EDGE ( 'NONE', *, *, #367, .F. ) ;
#1367 = EDGE_CURVE ( 'NONE', #1703, #1221, #1185, .T. ) ;
#1368 = PRODUCT_DEFINITION_FORMATION_WITH_SPECIFIED_SOURCE ( 'ANY', '', #1350, .NOT_KNOWN. ) ;
#1369 = ORIENTED_EDGE ( 'NONE', *, *, #293, .T. ) ;
#1370 = EDGE_CURVE ( 'NONE', #1275, #1593, #389, .T. ) ;
#1371 = AXIS2_PLACEMENT_3D ( 'NONE', #409, #1828, #1045 ) ;
#1372 = CARTESIAN_POINT ( 'NONE',  ( -18.62000000000000455, -2.000000000000000444, 0.000000000000000000 ) ) ;
#1373 = CARTESIAN_POINT ( 'NONE',  ( -1.500000000000000222, 2.000000000000000444, 0.000000000000000000 ) ) ;
#1374 = CARTESIAN_POINT ( 'NONE',  ( -18.00000000000000355, 0.000000000000000000, 0.000000000000000000 ) ) ;
#1375 = VECTOR ( 'NONE', #1774, 100.0000000000000000 ) ;
#1376 = CARTESIAN_POINT ( 'NONE',  ( -18.00000000000000355, 0.000000000000000000, 0.000000000000000000 ) ) ;
#1377 = VERTEX_POINT ( 'NONE', #54 ) ;
#1378 = UNCERTAINTY_MEASURE_WITH_UNIT (LENGTH_MEASURE( 1.000000000000000082E-05 ), #1779, 'distance_accuracy_value', 'NONE');
#1379 = FACE_OUTER_BOUND ( 'NONE', #310, .T. ) ;
#1380 = VERTEX_POINT ( 'NONE', #1058 ) ;
#1381 = CARTESIAN_POINT ( 'NONE',  ( 3.673940397442060115E-17, 0.3000000000000000444, 0.000000000000000000 ) ) ;
#1382 = EDGE_CURVE ( 'NONE', #1760, #1349, #163, .T. ) ;
#1383 = FACE_OUTER_BOUND ( 'NONE', #1625, .T. ) ;
#1384 = CARTESIAN_POINT ( 'NONE',  ( 1.500000000000000666, -2.000000000000000000, 0.000000000000000000 ) ) ;
#1385 = VERTEX_POINT ( 'NONE', #582 ) ;
#1386 = DIRECTION ( 'NONE',  ( -0.000000000000000000, 1.000000000000000000, 0.000000000000000000 ) ) ;
#1387 = ORIENTED_EDGE ( 'NONE', *, *, #728, .F. ) ;
#1388 = COLOUR_RGB ( '',0.7921568627450980005, 0.8196078431372548767, 0.9333333333333333481 ) ;
#1389 = DIRECTION ( 'NONE',  ( 0.000000000000000000, 0.000000000000000000, 1.000000000000000000 ) ) ;
#1390 = ORIENTED_EDGE ( 'NONE', *, *, #505, .T. ) ;
#1391 = LINE ( 'NONE', #450, #1200 ) ;
#1392 = EDGE_CURVE ( 'NONE', #992, #205, #1218, .T. ) ;
#1393 = CARTESIAN_POINT ( 'NONE',  ( -19.36500000000000554, -1.365000000000000213, 0.3175000000000000044 ) ) ;
#1394 = CARTESIAN_POINT ( 'NONE',  ( -18.00000000000000355, 0.000000000000000000, 0.6350000000000000089 ) ) ;
#1395 = ADVANCED_FACE ( 'NONE', ( #713 ), #1655, .F. ) ;
#1396 = ORIENTED_EDGE ( 'NONE', *, *, #129, .F. ) ;
#1397 = AXIS2_PLACEMENT_3D ( 'NONE', #1817, #1678, #1982 ) ;
#1398 = DIRECTION ( 'NONE',  ( 0.000000000000000000, -1.000000000000000000, 0.000000000000000000 ) ) ;
#1399 = VERTEX_POINT ( 'NONE', #855 ) ;
#1400 = CARTESIAN_POINT ( 'NONE',  ( -0.4100000000000000311, 2.000000000000000444, 0.1349999999999999534 ) ) ;
#1401 = ORIENTED_EDGE ( 'NONE', *, *, #1035, .F. ) ;
#1402 = AXIS2_PLACEMENT_3D ( 'NONE', #1514, #565, #239 ) ;
#1403 = AXIS2_PLACEMENT_3D ( 'NONE', #1292, #976, #1954 ) ;
#1404 = FACE_OUTER_BOUND ( 'NONE', #435, .T. ) ;
#1405 = VECTOR ( 'NONE', #1205, 100.0000000000000000 ) ;
#1406 = EDGE_CURVE ( 'NONE', #606, #1114, #1499, .T. ) ;
#1407 = DIRECTION ( 'NONE',  ( 1.000000000000000000, -4.818676322157798361E-16, 0.000000000000000000 ) ) ;
#1408 = CARTESIAN_POINT ( 'NONE',  ( -20.00000000000000711, -1.499999999999999778, 0.000000000000000000 ) ) ;
#1409 = ORIENTED_EDGE ( 'NONE', *, *, #1088, .T. ) ;
#1410 = CARTESIAN_POINT ( 'NONE',  ( 1.365000000000002212, -16.63499999999999801, 0.6350000000000000089 ) ) ;
#1411 = ORIENTED_EDGE ( 'NONE', *, *, #998, .T. ) ;
#1412 = EDGE_CURVE ( 'NONE', #1709, #1385, #1961, .T. ) ;
#1413 = CARTESIAN_POINT ( 'NONE',  ( -20.00000000000000711, -1.499999999999999334, 0.3175000000000000044 ) ) ;
#1414 = AXIS2_PLACEMENT_3D ( 'NONE', #872, #412, #2018 ) ;
#1415 = ORIENTED_EDGE ( 'NONE', *, *, #469, .T. ) ;
#1416 = LINE ( 'NONE', #1859, #463 ) ;
#1417 = CARTESIAN_POINT ( 'NONE',  ( -18.00000000000000355, 0.000000000000000000, 0.000000000000000000 ) ) ;
#1418 = FACE_OUTER_BOUND ( 'NONE', #1975, .T. ) ;
#1419 = ORIENTED_EDGE ( 'NONE', *, *, #1794, .F. ) ;
#1420 = LINE ( 'NONE', #445, #209 ) ;
#1421 = ORIENTED_EDGE ( 'NONE', *, *, #839, .T. ) ;
#1422 = LINE ( 'NONE', #2051, #72 ) ;
#1423 = VERTEX_POINT ( 'NONE', #244 ) ;
#1424 = CARTESIAN_POINT ( 'NONE',  ( -0.4100000000000000311, 2.000000000000000444, 0.1349999999999999534 ) ) ;
#1425 = CARTESIAN_POINT ( 'NONE',  ( 0.4100000000000000311, 2.000000000000000444, 0.1349999999999999534 ) ) ;
#1426 = FACE_OUTER_BOUND ( 'NONE', #290, .T. ) ;
#1427 = ORIENTED_EDGE ( 'NONE', *, *, #101, .F. ) ;
#1428 = LINE ( 'NONE', #1105, #1508 ) ;
#1429 = ORIENTED_EDGE ( 'NONE', *, *, #1983, .F. ) ;
#1430 = VECTOR ( 'NONE', #1270, 100.0000000000000000 ) ;
#1431 = DIRECTION ( 'NONE',  ( -1.000000000000000000, 0.000000000000000000, 0.000000000000000000 ) ) ;
#1432 = ADVANCED_FACE ( 'NONE', ( #880 ), #1519, .F. ) ;
#1433 = ORIENTED_EDGE ( 'NONE', *, *, #280, .F. ) ;
#1434 = DIRECTION ( 'NONE',  ( 1.000000000000000000, -4.818676322157799347E-16, 0.000000000000000000 ) ) ;
#1435 = EDGE_CURVE ( 'NONE', #1534, #1542, #932, .T. ) ;
#1436 = AXIS2_PLACEMENT_3D ( 'NONE', #1132, #1321, #954 ) ;
#1437 = LINE ( 'NONE', #1425, #1722 ) ;
#1438 = CARTESIAN_POINT ( 'NONE',  ( -2.379999999999999893, -0.5700000000000000622, 0.6350000000000000089 ) ) ;
#1439 = DIRECTION ( 'NONE',  ( 0.000000000000000000, 0.000000000000000000, -1.000000000000000000 ) ) ;
#1440 = CARTESIAN_POINT ( 'NONE',  ( 2.000000000000000444, 0.4100000000000001421, 0.6350000000000000089 ) ) ;
#1441 = EDGE_LOOP ( 'NONE', ( #587, #1926, #1591, #2020 ) ) ;
#1442 = CARTESIAN_POINT ( 'NONE',  ( -16.15089379699272243, 1.682500000000000329, 0.3175000000000000044 ) ) ;
#1443 = ORIENTED_EDGE ( 'NONE', *, *, #140, .T. ) ;
#1444 = VECTOR ( 'NONE', #1802, 100.0000000000000000 ) ;
#1445 = CARTESIAN_POINT ( 'NONE',  ( 0.4099999999999999201, 1.820000000000000506, 0.1349999999999999534 ) ) ;
#1446 = DIRECTION ( 'NONE',  ( 0.000000000000000000, 0.000000000000000000, 1.000000000000000000 ) ) ;
#1447 = DIRECTION ( 'NONE',  ( 0.000000000000000000, -1.000000000000000000, 0.000000000000000000 ) ) ;
#1448 = CARTESIAN_POINT ( 'NONE',  ( -19.50000000000000355, 2.000000000000000444, 0.000000000000000000 ) ) ;
#1449 = CARTESIAN_POINT ( 'NONE',  ( 2.000000000000000444, -1.499999999999999334, 0.000000000000000000 ) ) ;
#1450 = ORIENTED_EDGE ( 'NONE', *, *, #804, .T. ) ;
#1451 = LINE ( 'NONE', #1139, #1539 ) ;
#1452 = ORIENTED_EDGE ( 'NONE', *, *, #1280, .T. ) ;
#1453 = CIRCLE ( 'NONE', #721, 2.500000000000000000 ) ;
#1454 = LINE ( 'NONE', #650, #396 ) ;
#1455 = EDGE_CURVE ( 'NONE', #1764, #1210, #1579, .T. ) ;
#1456 = LINE ( 'NONE', #320, #275 ) ;
#1457 = LINE ( 'NONE', #26, #1229 ) ;
#1458 = ORIENTED_EDGE ( 'NONE', *, *, #1955, .F. ) ;
#1459 = EDGE_CURVE ( 'NONE', #326, #1772, #152, .T. ) ;
#1460 = ADVANCED_FACE ( 'NONE', ( #1426 ), #142, .F. ) ;
#1461 = CARTESIAN_POINT ( 'NONE',  ( -18.62000000000000455, -2.000000000000000000, 0.6350000000000000089 ) ) ;
#1462 = EDGE_LOOP ( 'NONE', ( #27, #652, #1618, #1421, #1197, #876 ) ) ;
#1463 = AXIS2_PLACEMENT_3D ( 'NONE', #1896, #464, #19 ) ;
#1464 = DIRECTION ( 'NONE',  ( 0.000000000000000000, -1.000000000000000000, 0.000000000000000000 ) ) ;
#1465 = ORIENTED_EDGE ( 'NONE', *, *, #1122, .F. ) ;
#1466 = CARTESIAN_POINT ( 'NONE',  ( -16.63499999999999801, 1.364999999999996438, 0.3175000000000000044 ) ) ;
#1467 = VECTOR ( 'NONE', #1, 100.0000000000000000 ) ;
#1468 = DIRECTION ( 'NONE',  ( 1.000000000000000000, 0.000000000000000000, 0.000000000000000000 ) ) ;
#1469 = CARTESIAN_POINT ( 'NONE',  ( 0.000000000000000000, 0.000000000000000000, 0.3175000000000000044 ) ) ;
#1470 = VERTEX_POINT ( 'NONE', #474 ) ;
#1471 = VECTOR ( 'NONE', #59, 100.0000000000000000 ) ;
#1472 = DIRECTION ( 'NONE',  ( 0.000000000000000000, -1.000000000000000000, 0.000000000000000000 ) ) ;
#1473 = ADVANCED_FACE ( 'NONE', ( #1418 ), #128, .T. ) ;
#1474 = ORIENTED_EDGE ( 'NONE', *, *, #125, .T. ) ;
#1475 = DIRECTION ( 'NONE',  ( -0.5000000000000042188, 0.8660254037844362651, -0.000000000000000000 ) ) ;
#1476 = ORIENTED_EDGE ( 'NONE', *, *, #60, .T. ) ;
#1477 = VECTOR ( 'NONE', #1570, 100.0000000000000000 ) ;
#1478 = DIRECTION ( 'NONE',  ( 1.000000000000000000, 1.931257307898213426E-16, 0.000000000000000000 ) ) ;
#1479 = PLANE ( 'NONE',  #834 ) ;
#1480 = CARTESIAN_POINT ( 'NONE',  ( 0.000000000000000000, 0.000000000000000000, 0.1349999999999999534 ) ) ;
#1481 = EDGE_LOOP ( 'NONE', ( #551, #1503, #213, #69, #1108, #1364, #370, #736, #1347, #679, #2025, #1208 ) ) ;
#1482 = LINE ( 'NONE', #40, #1643 ) ;
#1483 = ORIENTED_EDGE ( 'NONE', *, *, #78, .T. ) ;
#1484 = EDGE_CURVE ( 'NONE', #208, #1295, #1706, .T. ) ;
#1485 = FACE_OUTER_BOUND ( 'NONE', #1671, .T. ) ;
#1486 = VECTOR ( 'NONE', #303, 100.0000000000000000 ) ;
#1487 = DIRECTION ( 'NONE',  ( -0.5000000000000043299, 0.8660254037844362651, 0.000000000000000000 ) ) ;
#1488 = DIRECTION ( 'NONE',  ( 0.000000000000000000, 0.000000000000000000, 1.000000000000000000 ) ) ;
#1489 = VERTEX_POINT ( 'NONE', #1384 ) ;
#1490 = LINE ( 'NONE', #1949, #1005 ) ;
#1491 = ORIENTED_EDGE ( 'NONE', *, *, #293, .F. ) ;
#1492 = EDGE_CURVE ( 'NONE', #1510, #353, #452, .T. ) ;
#1493 = EDGE_CURVE ( 'NONE', #1941, #1114, #900, .T. ) ;
#1494 = PLANE ( 'NONE',  #189 ) ;
#1495 = VECTOR ( 'NONE', #120, 100.0000000000000142 ) ;
#1496 = CARTESIAN_POINT ( 'NONE',  ( -16.63500000000000512, 16.63499999999999801, 0.6350000000000000089 ) ) ;
#1497 = EDGE_CURVE ( 'NONE', #1714, #669, #1091, .T. ) ;
#1498 = CARTESIAN_POINT ( 'NONE',  ( 1.365000000000002212, -1.999999999999999112, 0.6350000000000000089 ) ) ;
#1499 = LINE ( 'NONE', #86, #459 ) ;
#1500 = AXIS2_PLACEMENT_3D ( 'NONE', #1945, #1788, #993 ) ;
#1501 = ORIENTED_EDGE ( 'NONE', *, *, #325, .T. ) ;
#1502 = DIRECTION ( 'NONE',  ( -3.067291018426574134E-16, -1.000000000000000000, 0.000000000000000000 ) ) ;
#1503 = ORIENTED_EDGE ( 'NONE', *, *, #1585, .F. ) ;
#1504 = DIRECTION ( 'NONE',  ( -0.8660254037844360431, 0.5000000000000042188, 0.000000000000000000 ) ) ;
#1505 = ORIENTED_EDGE ( 'NONE', *, *, #1619, .F. ) ;
#1506 = CARTESIAN_POINT ( 'NONE',  ( -18.41000000000000369, 1.820000000000000506, 0.1349999999999999534 ) ) ;
#1507 = DIRECTION ( 'NONE',  ( 0.000000000000000000, 1.000000000000000000, 0.000000000000000000 ) ) ;
#1508 = VECTOR ( 'NONE', #615, 100.0000000000000000 ) ;
#1509 = CARTESIAN_POINT ( 'NONE',  ( -16.15089379699272243, 1.682500000000000329, 0.000000000000000000 ) ) ;
#1510 = VERTEX_POINT ( 'NONE', #745 ) ;
#1511 = DIRECTION ( 'NONE',  ( 0.000000000000000000, 0.000000000000000000, 1.000000000000000000 ) ) ;
#1512 = ORIENTED_EDGE ( 'NONE', *, *, #751, .F. ) ;
#1513 = CARTESIAN_POINT ( 'NONE',  ( -19.36500000000000554, -1.999999999999999112, 0.3175000000000000044 ) ) ;
#1514 = CARTESIAN_POINT ( 'NONE',  ( 0.000000000000000000, 0.000000000000000000, 0.000000000000000000 ) ) ;
#1515 = ORIENTED_EDGE ( 'NONE', *, *, #1796, .F. ) ;
#1516 = CARTESIAN_POINT ( 'NONE',  ( 0.4100000000000000311, 2.000000000000000444, 0.1349999999999999534 ) ) ;
#1517 = EDGE_CURVE ( 'NONE', #12, #658, #1665, .T. ) ;
#1518 = CARTESIAN_POINT ( 'NONE',  ( 0.000000000000000000, 0.000000000000000000, 0.6350000000000000089 ) ) ;
#1519 = PLANE ( 'NONE',  #1563 ) ;
#1520 = VERTEX_POINT ( 'NONE', #2015 ) ;
#1521 = DIRECTION ( 'NONE',  ( 0.8660254037844362651, 0.5000000000000043299, 0.000000000000000000 ) ) ;
#1522 = VERTEX_POINT ( 'NONE', #767 ) ;
#1523 = EDGE_CURVE ( 'NONE', #1038, #1014, #591, .T. ) ;
#1524 = CARTESIAN_POINT ( 'NONE',  ( -20.00000000000000711, -0.4099999999999999201, 0.1349999999999999534 ) ) ;
#1525 = ORIENTED_EDGE ( 'NONE', *, *, #1778, .T. ) ;
#1526 = CARTESIAN_POINT ( 'NONE',  ( 1.200000000000000622, -0.7679571668975718746, 0.6350000000000000089 ) ) ;
#1527 = CARTESIAN_POINT ( 'NONE',  ( -19.82000000000000384, 0.4100000000000000311, 0.1349999999999999534 ) ) ;
#1528 = CARTESIAN_POINT ( 'NONE',  ( 0.7679571668975722076, 1.199999999999999956, 0.1349999999999999534 ) ) ;
#1529 = ORIENTED_EDGE ( 'NONE', *, *, #280, .T. ) ;
#1530 = CARTESIAN_POINT ( 'NONE',  ( 0.4099999999999999201, 1.820000000000000506, 0.1349999999999999534 ) ) ;
#1531 = ORIENTED_EDGE ( 'NONE', *, *, #1821, .F. ) ;
#1532 = EDGE_CURVE ( 'NONE', #81, #822, #430, .T. ) ;
#1533 = FACE_OUTER_BOUND ( 'NONE', #37, .T. ) ;
#1534 = VERTEX_POINT ( 'NONE', #274 ) ;
#1535 = VECTOR ( 'NONE', #1663, 100.0000000000000142 ) ;
#1536 = DIRECTION ( 'NONE',  ( 0.000000000000000000, 1.000000000000000000, 0.000000000000000000 ) ) ;
#1537 = FACE_OUTER_BOUND ( 'NONE', #750, .T. ) ;
#1538 = CARTESIAN_POINT ( 'NONE',  ( 2.000000000000000444, 1.500000000000000666, 0.6350000000000000089 ) ) ;
#1539 = VECTOR ( 'NONE', #533, 100.0000000000000000 ) ;
#1540 = ORIENTED_EDGE ( 'NONE', *, *, #172, .F. ) ;
#1541 = CYLINDRICAL_SURFACE ( 'NONE', #107, 0.3000000000000000444 ) ;
#1542 = VERTEX_POINT ( 'NONE', #912 ) ;
#1543 = DIRECTION ( 'NONE',  ( -1.000000000000000000, 1.931257307898213426E-16, 0.000000000000000000 ) ) ;
#1544 = EDGE_CURVE ( 'NONE', #1040, #1858, #1550, .T. ) ;
#1545 = ORIENTED_EDGE ( 'NONE', *, *, #1585, .T. ) ;
#1546 = EDGE_CURVE ( 'NONE', #1858, #1772, #757, .T. ) ;
#1547 = DIRECTION ( 'NONE',  ( 0.000000000000000000, -1.000000000000000000, 0.000000000000000000 ) ) ;
#1548 = EDGE_CURVE ( 'NONE', #1593, #1941, #442, .T. ) ;
#1549 = CARTESIAN_POINT ( 'NONE',  ( -1.364999999999999991, 16.63499999999999801, 0.3175000000000000044 ) ) ;
#1550 = LINE ( 'NONE', #117, #700 ) ;
#1551 = ORIENTED_EDGE ( 'NONE', *, *, #1484, .F. ) ;
#1552 = CARTESIAN_POINT ( 'NONE',  ( -20.00000000000000711, -0.4099999999999999201, 0.1349999999999999534 ) ) ;
#1553 = VERTEX_POINT ( 'NONE', #1408 ) ;
#1554 = VECTOR ( 'NONE', #1898, 100.0000000000000142 ) ;
#1555 = CARTESIAN_POINT ( 'NONE',  ( -18.76795716689757754, 1.199999999999999956, 0.6350000000000000089 ) ) ;
#1556 = ORIENTED_EDGE ( 'NONE', *, *, #50, .T. ) ;
#1557 = ADVANCED_FACE ( 'NONE', ( #298, #2035, #613 ), #1249, .T. ) ;
#1558 = CARTESIAN_POINT ( 'NONE',  ( -20.00000000000000711, 1.500000000000000666, 0.000000000000000000 ) ) ;
#1559 = ADVANCED_FACE ( 'NONE', ( #1622 ), #1936, .T. ) ;
#1560 = DIRECTION ( 'NONE',  ( -4.818676322157798361E-16, -1.000000000000000000, 0.000000000000000000 ) ) ;
#1561 = CARTESIAN_POINT ( 'NONE',  ( -2.379999999999999893, -0.5700000000000000622, 0.6350000000000000089 ) ) ;
#1562 = ORIENTED_EDGE ( 'NONE', *, *, #627, .T. ) ;
#1563 = AXIS2_PLACEMENT_3D ( 'NONE', #1362, #461, #945 ) ;
#1564 = PLANE ( 'NONE',  #1342 ) ;
#1565 = DIRECTION ( 'NONE',  ( -0.8660254037844360431, 0.5000000000000042188, 0.000000000000000000 ) ) ;
#1566 = EDGE_LOOP ( 'NONE', ( #1071, #334, #1515, #1465 ) ) ;
#1567 = VECTOR ( 'NONE', #62, 100.0000000000000000 ) ;
#1568 = AXIS2_PLACEMENT_3D ( 'NONE', #1914, #484, #329 ) ;
#1569 = CARTESIAN_POINT ( 'NONE',  ( -17.59000000000000696, 1.820000000000000506, 0.6350000000000000089 ) ) ;
#1570 = DIRECTION ( 'NONE',  ( -4.818676322157799347E-16, -1.000000000000000000, 0.000000000000000000 ) ) ;
#1571 = DIRECTION ( 'NONE',  ( -1.000000000000000000, 0.000000000000000000, -0.000000000000000000 ) ) ;
#1572 = VERTEX_POINT ( 'NONE', #509 ) ;
#1573 = CARTESIAN_POINT ( 'NONE',  ( -17.59000000000000696, 2.000000000000000444, 0.1349999999999999534 ) ) ;
#1574 = EDGE_LOOP ( 'NONE', ( #1043, #1104, #2052, #1094 ) ) ;
#1575 = LINE ( 'NONE', #1107, #1922 ) ;
#1576 = ORIENTED_EDGE ( 'NONE', *, *, #2011, .F. ) ;
#1577 = LINE ( 'NONE', #918, #2026 ) ;
#1578 = LINE ( 'NONE', #898, #769 ) ;
#1579 = LINE ( 'NONE', #1561, #495 ) ;
#1580 = EDGE_CURVE ( 'NONE', #276, #1864, #836, .T. ) ;
#1581 = ORIENTED_EDGE ( 'NONE', *, *, #1648, .F. ) ;
#1582 = LINE ( 'NONE', #1410, #642 ) ;
#1583 = ORIENTED_EDGE ( 'NONE', *, *, #358, .T. ) ;
#1584 = LINE ( 'NONE', #157, #1375 ) ;
#1585 = EDGE_CURVE ( 'NONE', #1928, #100, #1611, .T. ) ;
#1586 = ORIENTED_EDGE ( 'NONE', *, *, #1548, .F. ) ;
#1587 = VECTOR ( 'NONE', #249, 100.0000000000000000 ) ;
#1588 = APPLICATION_PROTOCOL_DEFINITION ( 'draft international standard', 'automotive_design', 1998, #1267 ) ;
#1589 = DIRECTION ( 'NONE',  ( 0.000000000000000000, -1.000000000000000000, 0.000000000000000000 ) ) ;
#1590 = CARTESIAN_POINT ( 'NONE',  ( 0.000000000000000000, 0.000000000000000000, 0.000000000000000000 ) ) ;
#1591 = ORIENTED_EDGE ( 'NONE', *, *, #894, .F. ) ;
#1592 = LINE ( 'NONE', #1750, #907 ) ;
#1593 = VERTEX_POINT ( 'NONE', #1121 ) ;
#1594 = AXIS2_PLACEMENT_3D ( 'NONE', #1324, #530, #1165 ) ;
#1595 = DIRECTION ( 'NONE',  ( 0.000000000000000000, -1.000000000000000000, 0.000000000000000000 ) ) ;
#1596 = ORIENTED_EDGE ( 'NONE', *, *, #1517, .T. ) ;
#1597 = VECTOR ( 'NONE', #672, 100.0000000000000000 ) ;
#1598 = CARTESIAN_POINT ( 'NONE',  ( -16.50000000000000355, 2.000000000000000444, 0.3175000000000000044 ) ) ;
#1599 = VECTOR ( 'NONE', #1863, 100.0000000000000142 ) ;
#1600 = DIRECTION ( 'NONE',  ( -0.5000000000000043299, -0.8660254037844362651, 0.000000000000000000 ) ) ;
#1601 = CARTESIAN_POINT ( 'NONE',  ( 2.000000000000000444, -0.4099999999999999201, 0.1349999999999999534 ) ) ;
#1602 = VERTEX_POINT ( 'NONE', #191 ) ;
#1603 = FACE_OUTER_BOUND ( 'NONE', #1462, .T. ) ;
#1604 = ORIENTED_EDGE ( 'NONE', *, *, #1340, .T. ) ;
#1605 = LINE ( 'NONE', #657, #1970 ) ;
#1606 = ORIENTED_EDGE ( 'NONE', *, *, #1708, .T. ) ;
#1607 = ADVANCED_FACE ( 'NONE', ( #827 ), #44, .T. ) ;
#1608 = VECTOR ( 'NONE', #544, 100.0000000000000000 ) ;
#1609 = LINE ( 'NONE', #1445, #1166 ) ;
#1610 = SURFACE_SIDE_STYLE ('',( #337 ) ) ;
#1611 = LINE ( 'NONE', #317, #768 ) ;
#1612 = EDGE_CURVE ( 'NONE', #1241, #669, #1869, .T. ) ;
#1613 = ADVANCED_FACE ( 'NONE', ( #4 ), #1780, .F. ) ;
#1614 = VERTEX_POINT ( 'NONE', #1925 ) ;
#1615 = CYLINDRICAL_SURFACE ( 'NONE', #1826, 2.500000000000000000 ) ;
#1616 = ORIENTED_EDGE ( 'NONE', *, *, #420, .T. ) ;
#1617 = LINE ( 'NONE', #1326, #1909 ) ;
#1618 = ORIENTED_EDGE ( 'NONE', *, *, #283, .F. ) ;
#1619 = EDGE_CURVE ( 'NONE', #1522, #1960, #681, .T. ) ;
#1620 = CARTESIAN_POINT ( 'NONE',  ( -16.50000000000000355, 2.000000000000000444, 0.000000000000000000 ) ) ;
#1621 = FACE_OUTER_BOUND ( 'NONE', #575, .T. ) ;
#1622 = FACE_OUTER_BOUND ( 'NONE', #1890, .T. ) ;
#1623 = CLOSED_SHELL ( 'NONE', ( #350, #105, #1213, #1613, #1250, #1557, #630, #1257, #1715, #1889, #432, #607, #1712, #960, #656, #1702, #1824, #1238, #252, #17, #1008, #539, #905, #1271, #2042, #230, #1216, #97, #345, #974, #868, #680, #841, #1607, #1559, #1278, #1473, #476, #1055, #618, #909, #1752, #1460, #1972, #38, #1047, #437, #408, #1344, #147, #1432, #1915, #994, #1029, #499, #2013, #929, #580, #1651, #1892, #2002, #1395 ) ) ;
#1624 = EDGE_CURVE ( 'NONE', #98, #1160, #16, .T. ) ;
#1625 = EDGE_LOOP ( 'NONE', ( #1148, #1369, #1158, #1319 ) ) ;
#1626 = FACE_OUTER_BOUND ( 'NONE', #948, .T. ) ;
#1627 = ORIENTED_EDGE ( 'NONE', *, *, #383, .F. ) ;
#1628 = PLANE ( 'NONE',  #1707 ) ;
#1629 = VERTEX_POINT ( 'NONE', #519 ) ;
#1630 = CIRCLE ( 'NONE', #1729, 2.500000000000000000 ) ;
#1631 = LINE ( 'NONE', #1766, #1467 ) ;
#1632 = ORIENTED_EDGE ( 'NONE', *, *, #1800, .T. ) ;
#1633 = DIRECTION ( 'NONE',  ( 0.000000000000000000, 0.000000000000000000, 1.000000000000000000 ) ) ;
#1634 = AXIS2_PLACEMENT_3D ( 'NONE', #507, #1152, #482 ) ;
#1635 = LINE ( 'NONE', #837, #1259 ) ;
#1636 = DIRECTION ( 'NONE',  ( 0.000000000000000000, -1.000000000000000000, 0.000000000000000000 ) ) ;
#1637 = ORIENTED_EDGE ( 'NONE', *, *, #1675, .F. ) ;
#1638 = VECTOR ( 'NONE', #1726, 100.0000000000000000 ) ;
#1639 = CARTESIAN_POINT ( 'NONE',  ( -19.20000000000000639, -0.7679571668975718746, 0.1349999999999999534 ) ) ;
#1640 = ORIENTED_EDGE ( 'NONE', *, *, #651, .F. ) ;
#1641 = EDGE_CURVE ( 'NONE', #1714, #43, #135, .T. ) ;
#1642 = ORIENTED_EDGE ( 'NONE', *, *, #1163, .T. ) ;
#1643 = VECTOR ( 'NONE', #371, 100.0000000000000000 ) ;
#1644 = DIRECTION ( 'NONE',  ( 0.000000000000000000, 0.000000000000000000, -1.000000000000000000 ) ) ;
#1645 = DIRECTION ( 'NONE',  ( 1.931257307898213426E-16, -1.000000000000000000, 0.000000000000000000 ) ) ;
#1646 = DIRECTION ( 'NONE',  ( -1.000000000000000000, -2.312964634635742957E-16, 0.000000000000000000 ) ) ;
#1647 = EDGE_CURVE ( 'NONE', #1489, #1399, #1234, .T. ) ;
#1648 = EDGE_CURVE ( 'NONE', #922, #1754, #1312, .T. ) ;
#1649 = FACE_OUTER_BOUND ( 'NONE', #1721, .T. ) ;
#1650 = ORIENTED_EDGE ( 'NONE', *, *, #668, .T. ) ;
#1651 = ADVANCED_FACE ( 'NONE', ( #357 ), #1282, .F. ) ;
#1652 = DIRECTION ( 'NONE',  ( -0.000000000000000000, 0.000000000000000000, 1.000000000000000000 ) ) ;
#1653 = VECTOR ( 'NONE', #148, 100.0000000000000142 ) ;
#1654 = CARTESIAN_POINT ( 'NONE',  ( -19.50000000000000711, -1.999999999999999778, 0.3175000000000000044 ) ) ;
#1655 = PLANE ( 'NONE',  #226 ) ;
#1656 = ORIENTED_EDGE ( 'NONE', *, *, #1455, .T. ) ;
#1657 = PLANE ( 'NONE',  #1075 ) ;
#1658 = ORIENTED_EDGE ( 'NONE', *, *, #318, .T. ) ;
#1659 = DIRECTION ( 'NONE',  ( -0.000000000000000000, -0.000000000000000000, 1.000000000000000000 ) ) ;
#1660 = VERTEX_POINT ( 'NONE', #818 ) ;
#1661 = VECTOR ( 'NONE', #1079, 100.0000000000000000 ) ;
#1662 = LINE ( 'NONE', #1881, #568 ) ;
#1663 = DIRECTION ( 'NONE',  ( 0.8660254037844360431, 0.5000000000000042188, 0.000000000000000000 ) ) ;
#1664 = DIRECTION ( 'NONE',  ( 3.067291018426574134E-16, -1.000000000000000000, 0.000000000000000000 ) ) ;
#1665 = CIRCLE ( 'NONE', #231, 0.3000000000000000444 ) ;
#1666 = ORIENTED_EDGE ( 'NONE', *, *, #537, .F. ) ;
#1667 = CARTESIAN_POINT ( 'NONE',  ( -17.23204283310243312, 1.199999999999999956, 0.1349999999999999534 ) ) ;
#1668 = ORIENTED_EDGE ( 'NONE', *, *, #319, .F. ) ;
#1669 = VECTOR ( 'NONE', #1293, 100.0000000000000000 ) ;
#1670 = DIRECTION ( 'NONE',  ( 0.000000000000000000, -1.000000000000000000, 0.000000000000000000 ) ) ;
#1671 = EDGE_LOOP ( 'NONE', ( #1169, #112, #1944, #614 ) ) ;
#1672 = EDGE_CURVE ( 'NONE', #833, #1073, #1454, .T. ) ;
#1673 = DIRECTION ( 'NONE',  ( 0.000000000000000000, 1.000000000000000000, 0.000000000000000000 ) ) ;
#1674 = EDGE_CURVE ( 'NONE', #1897, #169, #603, .T. ) ;
#1675 = EDGE_CURVE ( 'NONE', #1277, #144, #964, .T. ) ;
#1676 = DIRECTION ( 'NONE',  ( 0.000000000000000000, 0.000000000000000000, -1.000000000000000000 ) ) ;
#1677 = AXIS2_PLACEMENT_3D ( 'NONE', #29, #214, #971 ) ;
#1678 = DIRECTION ( 'NONE',  ( 0.000000000000000000, 0.000000000000000000, -1.000000000000000000 ) ) ;
#1679 = VERTEX_POINT ( 'NONE', #1769 ) ;
#1680 = LINE ( 'NONE', #883, #178 ) ;
#1681 = ORIENTED_EDGE ( 'NONE', *, *, #1740, .F. ) ;
#1682 = PLANE ( 'NONE',  #686 ) ;
#1683 = ORIENTED_EDGE ( 'NONE', *, *, #168, .T. ) ;
#1684 = DIRECTION ( 'NONE',  ( 0.000000000000000000, 0.000000000000000000, -1.000000000000000000 ) ) ;
#1685 = DIRECTION ( 'NONE',  ( 1.000000000000000000, 1.931257307898213426E-16, 0.000000000000000000 ) ) ;
#1686 = CARTESIAN_POINT ( 'NONE',  ( 1.364999999999995328, 16.63499999999999801, 0.3175000000000000044 ) ) ;
#1687 = EDGE_CURVE ( 'NONE', #1117, #195, #661, .T. ) ;
#1688 = ORIENTED_EDGE ( 'NONE', *, *, #296, .T. ) ;
#1689 = FACE_OUTER_BOUND ( 'NONE', #969, .T. ) ;
#1690 = ORIENTED_EDGE ( 'NONE', *, *, #5, .F. ) ;
#1691 = CARTESIAN_POINT ( 'NONE',  ( 2.000000000000000444, 0.4100000000000001421, 0.1349999999999999534 ) ) ;
#1692 = ORIENTED_EDGE ( 'NONE', *, *, #471, .F. ) ;
#1693 = DIRECTION ( 'NONE',  ( 0.000000000000000000, 0.000000000000000000, 1.000000000000000000 ) ) ;
#1694 = AXIS2_PLACEMENT_3D ( 'NONE', #1894, #1905, #622 ) ;
#1695 = CARTESIAN_POINT ( 'NONE',  ( 1.200000000000000622, -0.7679571668975718746, 0.1349999999999999534 ) ) ;
#1696 = CARTESIAN_POINT ( 'NONE',  ( 2.000000000000000444, 0.4100000000000001421, 0.1349999999999999534 ) ) ;
#1697 = ORIENTED_EDGE ( 'NONE', *, *, #325, .F. ) ;
#1698 = CARTESIAN_POINT ( 'NONE',  ( -18.00000000000000355, 0.000000000000000000, 0.3175000000000000044 ) ) ;
#1699 = ORIENTED_EDGE ( 'NONE', *, *, #373, .F. ) ;
#1700 = AXIS2_PLACEMENT_3D ( 'NONE', #1516, #1183, #242 ) ;
#1701 = FACE_OUTER_BOUND ( 'NONE', #2005, .T. ) ;
#1702 = ADVANCED_FACE ( 'NONE', ( #1339 ), #1351, .F. ) ;
#1703 = VERTEX_POINT ( 'NONE', #1372 ) ;
#1704 = DIRECTION ( 'NONE',  ( 0.000000000000000000, 0.000000000000000000, 1.000000000000000000 ) ) ;
#1705 = CARTESIAN_POINT ( 'NONE',  ( -17.59000000000000696, 2.000000000000000444, 0.6350000000000000089 ) ) ;
#1706 = LINE ( 'NONE', #2056, #1661 ) ;
#1707 = AXIS2_PLACEMENT_3D ( 'NONE', #824, #1168, #1472 ) ;
#1708 = EDGE_CURVE ( 'NONE', #43, #1714, #265, .T. ) ;
#1709 = VERTEX_POINT ( 'NONE', #579 ) ;
#1710 = DIRECTION ( 'NONE',  ( 0.000000000000000000, 0.000000000000000000, 1.000000000000000000 ) ) ;
#1711 = ORIENTED_EDGE ( 'NONE', *, *, #1532, .F. ) ;
#1712 = ADVANCED_FACE ( 'NONE', ( #1034 ), #210, .F. ) ;
#1713 = LINE ( 'NONE', #1030, #156 ) ;
#1714 = VERTEX_POINT ( 'NONE', #846 ) ;
#1715 = ADVANCED_FACE ( 'NONE', ( #1485 ), #557, .T. ) ;
#1716 = LINE ( 'NONE', #2012, #1233 ) ;
#1717 = FACE_OUTER_BOUND ( 'NONE', #890, .T. ) ;
#1718 = DIRECTION ( 'NONE',  ( -0.8660254037844360431, 0.5000000000000042188, 0.000000000000000000 ) ) ;
#1719 = ORIENTED_EDGE ( 'NONE', *, *, #1406, .T. ) ;
#1720 = LINE ( 'NONE', #289, #295 ) ;
#1721 = EDGE_LOOP ( 'NONE', ( #1832, #30, #1325, #433 ) ) ;
#1722 = VECTOR ( 'NONE', #953, 100.0000000000000000 ) ;
#1723 = PLANE ( 'NONE',  #453 ) ;
#1724 = ORIENTED_EDGE ( 'NONE', *, *, #1382, .T. ) ;
#1725 = LINE ( 'NONE', #1558, #1830 ) ;
#1726 = DIRECTION ( 'NONE',  ( -1.249637081581196951E-16, 1.000000000000000000, -0.000000000000000000 ) ) ;
#1727 = CARTESIAN_POINT ( 'NONE',  ( -18.00000000000000355, 0.000000000000000000, 0.6350000000000000089 ) ) ;
#1728 = ORIENTED_EDGE ( 'NONE', *, *, #192, .T. ) ;
#1729 = AXIS2_PLACEMENT_3D ( 'NONE', #497, #1947, #486 ) ;
#1730 = CARTESIAN_POINT ( 'NONE',  ( -19.82000000000000384, 0.4100000000000000311, 0.6350000000000000089 ) ) ;
#1731 = ORIENTED_EDGE ( 'NONE', *, *, #1546, .F. ) ;
#1732 = FACE_BOUND ( 'NONE', #704, .T. ) ;
#1733 = ORIENTED_EDGE ( 'NONE', *, *, #443, .T. ) ;
#1734 = VECTOR ( 'NONE', #160, 100.0000000000000000 ) ;
#1735 = DIRECTION ( 'NONE',  ( -0.000000000000000000, 0.000000000000000000, 1.000000000000000000 ) ) ;
#1736 = EDGE_CURVE ( 'NONE', #1960, #1295, #1360, .T. ) ;
#1737 = VECTOR ( 'NONE', #1747, 100.0000000000000000 ) ;
#1738 = LINE ( 'NONE', #308, #1477 ) ;
#1739 = DIRECTION ( 'NONE',  ( 0.000000000000000000, 0.000000000000000000, -1.000000000000000000 ) ) ;
#1740 = EDGE_CURVE ( 'NONE', #741, #100, #1900, .T. ) ;
#1741 = ORIENTED_EDGE ( 'NONE', *, *, #258, .T. ) ;
#1742 = PLANE ( 'NONE',  #143 ) ;
#1743 = VECTOR ( 'NONE', #955, 100.0000000000000000 ) ;
#1744 = ORIENTED_EDGE ( 'NONE', *, *, #864, .F. ) ;
#1745 = LINE ( 'NONE', #608, #1554 ) ;
#1746 = ORIENTED_EDGE ( 'NONE', *, *, #1492, .T. ) ;
#1747 = DIRECTION ( 'NONE',  ( 0.000000000000000000, 0.000000000000000000, 1.000000000000000000 ) ) ;
#1748 = CARTESIAN_POINT ( 'NONE',  ( 1.499999999999999778, 2.000000000000000444, 0.000000000000000000 ) ) ;
#1749 = LINE ( 'NONE', #35, #1743 ) ;
#1750 = CARTESIAN_POINT ( 'NONE',  ( -19.36500000000000554, -16.63499999999999801, 0.3175000000000000044 ) ) ;
#1751 = ORIENTED_EDGE ( 'NONE', *, *, #717, .T. ) ;
#1752 = ADVANCED_FACE ( 'NONE', ( #732 ), #878, .F. ) ;
#1753 = CARTESIAN_POINT ( 'NONE',  ( 16.63499999999999801, -1.364999999999998437, 0.3175000000000000044 ) ) ;
#1754 = VERTEX_POINT ( 'NONE', #2001 ) ;
#1755 = CARTESIAN_POINT ( 'NONE',  ( -1.500000000000000222, 2.000000000000000444, 0.3175000000000000044 ) ) ;
#1756 = PLANE ( 'NONE',  #1356 ) ;
#1757 = CARTESIAN_POINT ( 'NONE',  ( -1.364999999999999991, 16.63499999999999801, 0.6350000000000000089 ) ) ;
#1758 = DIRECTION ( 'NONE',  ( 1.000000000000000000, -4.818676322157798361E-16, 0.000000000000000000 ) ) ;
#1759 = LINE ( 'NONE', #511, #961 ) ;
#1760 = VERTEX_POINT ( 'NONE', #701 ) ;
#1761 = EDGE_CURVE ( 'NONE', #1918, #353, #52, .T. ) ;
#1762 = VECTOR ( 'NONE', #550, 100.0000000000000000 ) ;
#1763 = DIRECTION ( 'NONE',  ( 0.000000000000000000, -1.000000000000000000, 0.000000000000000000 ) ) ;
#1764 = VERTEX_POINT ( 'NONE', #1011 ) ;
#1765 = EDGE_CURVE ( 'NONE', #1470, #886, #887, .T. ) ;
#1766 = CARTESIAN_POINT ( 'NONE',  ( -19.50000000000000711, -2.000000000000000000, 0.000000000000000000 ) ) ;
#1767 = AXIS2_PLACEMENT_3D ( 'NONE', #1883, #1162, #807 ) ;
#1768 = FILL_AREA_STYLE ('',( #1291 ) ) ;
#1769 = CARTESIAN_POINT ( 'NONE',  ( -20.00000000000000711, -0.4099999999999999201, 0.6350000000000000089 ) ) ;
#1770 = ORIENTED_EDGE ( 'NONE', *, *, #1825, .F. ) ;
#1771 = DIRECTION ( 'NONE',  ( 0.000000000000000000, 0.000000000000000000, -1.000000000000000000 ) ) ;
#1772 = VERTEX_POINT ( 'NONE', #1526 ) ;
#1773 = EDGE_CURVE ( 'NONE', #1629, #1754, #74, .T. ) ;
#1774 = DIRECTION ( 'NONE',  ( 0.000000000000000000, 1.000000000000000000, 0.000000000000000000 ) ) ;
#1775 = ORIENTED_EDGE ( 'NONE', *, *, #13, .F. ) ;
#1776 = VECTOR ( 'NONE', #813, 100.0000000000000000 ) ;
#1777 = CARTESIAN_POINT ( 'NONE',  ( -19.36499999999999844, 16.63499999999999801, 0.3175000000000000044 ) ) ;
#1778 = EDGE_CURVE ( 'NONE', #1764, #951, #1003, .T. ) ;
#1779 =( LENGTH_UNIT ( ) NAMED_UNIT ( * ) SI_UNIT ( .CENTI., .METRE. ) );
#1780 = PLANE ( 'NONE',  #1333 ) ;
#1781 = DIRECTION ( 'NONE',  ( -1.000000000000000000, 0.000000000000000000, -0.000000000000000000 ) ) ;
#1782 = CARTESIAN_POINT ( 'NONE',  ( -0.4099999999999999201, 1.820000000000000506, 0.1349999999999999534 ) ) ;
#1783 = ORIENTED_EDGE ( 'NONE', *, *, #168, .F. ) ;
#1784 = LINE ( 'NONE', #1639, #1245 ) ;
#1785 = EDGE_LOOP ( 'NONE', ( #1746, #1009, #1050, #516 ) ) ;
#1786 =( NAMED_UNIT ( * ) SI_UNIT ( $, .STERADIAN. ) SOLID_ANGLE_UNIT ( ) );
#1787 = ORIENTED_EDGE ( 'NONE', *, *, #1435, .F. ) ;
#1788 = DIRECTION ( 'NONE',  ( 1.136033710528360955E-16, 1.000000000000000000, 0.000000000000000000 ) ) ;
#1789 = ORIENTED_EDGE ( 'NONE', *, *, #1062, .F. ) ;
#1790 = DIRECTION ( 'NONE',  ( 0.000000000000000000, 1.000000000000000000, 0.000000000000000000 ) ) ;
#1791 = ORIENTED_EDGE ( 'NONE', *, *, #1320, .T. ) ;
#1792 = DIRECTION ( 'NONE',  ( 0.000000000000000000, -1.000000000000000000, 0.000000000000000000 ) ) ;
#1793 = VERTEX_POINT ( 'NONE', #84 ) ;
#1794 = EDGE_CURVE ( 'NONE', #1886, #1082, #722, .T. ) ;
#1795 = DIRECTION ( 'NONE',  ( 0.000000000000000000, 0.000000000000000000, 1.000000000000000000 ) ) ;
#1796 = EDGE_CURVE ( 'NONE', #299, #1542, #1805, .T. ) ;
#1797 = DIRECTION ( 'NONE',  ( 1.249637081581196951E-16, 1.000000000000000000, 0.000000000000000000 ) ) ;
#1798 = PLANE ( 'NONE',  #794 ) ;
#1799 = ORIENTED_EDGE ( 'NONE', *, *, #537, .T. ) ;
#1800 = EDGE_CURVE ( 'NONE', #913, #1423, #548, .T. ) ;
#1801 = VECTOR ( 'NONE', #232, 100.0000000000000000 ) ;
#1802 = DIRECTION ( 'NONE',  ( -0.000000000000000000, 0.000000000000000000, 1.000000000000000000 ) ) ;
#1803 = ORIENTED_EDGE ( 'NONE', *, *, #1672, .F. ) ;
#1804 = VECTOR ( 'NONE', #2039, 100.0000000000000000 ) ;
#1805 = LINE ( 'NONE', #1496, #1567 ) ;
#1806 = CARTESIAN_POINT ( 'NONE',  ( 1.820000000000000506, -0.4099999999999998646, 0.6350000000000000089 ) ) ;
#1807 = CARTESIAN_POINT ( 'NONE',  ( 1.365000000000002212, -2.000000000000000000, 0.000000000000000000 ) ) ;
#1808 = VERTEX_POINT ( 'NONE', #569 ) ;
#1809 = DIRECTION ( 'NONE',  ( -4.818676322157798361E-16, 1.000000000000000000, 0.000000000000000000 ) ) ;
#1810 = VERTEX_POINT ( 'NONE', #1991 ) ;
#1811 = CARTESIAN_POINT ( 'NONE',  ( 2.000000000000000444, -0.4099999999999999201, 0.1349999999999999534 ) ) ;
#1812 = SHAPE_DEFINITION_REPRESENTATION ( #248, #6 ) ;
#1813 = VERTEX_POINT ( 'NONE', #387 ) ;
#1814 = DIRECTION ( 'NONE',  ( 0.000000000000000000, 0.000000000000000000, -1.000000000000000000 ) ) ;
#1815 = AXIS2_PLACEMENT_3D ( 'NONE', #984, #1143, #699 ) ;
#1816 = DIRECTION ( 'NONE',  ( -0.000000000000000000, 0.000000000000000000, 1.000000000000000000 ) ) ;
#1817 = CARTESIAN_POINT ( 'NONE',  ( -18.00000000000000355, 0.000000000000000000, 0.000000000000000000 ) ) ;
#1818 = VERTEX_POINT ( 'NONE', #1022 ) ;
#1819 = PLANE ( 'NONE',  #241 ) ;
#1820 = ORIENTED_EDGE ( 'NONE', *, *, #319, .T. ) ;
#1821 = EDGE_CURVE ( 'NONE', #121, #886, #1662, .T. ) ;
#1822 = FACE_OUTER_BOUND ( 'NONE', #1311, .T. ) ;
#1823 = EDGE_LOOP ( 'NONE', ( #1256, #1789, #1545, #1681 ) ) ;
#1824 = ADVANCED_FACE ( 'NONE', ( #1404 ), #610, .F. ) ;
#1825 = EDGE_CURVE ( 'NONE', #706, #822, #139, .T. ) ;
#1826 = AXIS2_PLACEMENT_3D ( 'NONE', #996, #1285, #829 ) ;
#1827 = DIRECTION ( 'NONE',  ( 0.5000000000000042188, 0.8660254037844361541, 0.000000000000000000 ) ) ;
#1828 = DIRECTION ( 'NONE',  ( -0.000000000000000000, 0.000000000000000000, 1.000000000000000000 ) ) ;
#1829 = CARTESIAN_POINT ( 'NONE',  ( -18.62000000000000455, -0.5700000000000000622, 0.000000000000000000 ) ) ;
#1830 = VECTOR ( 'NONE', #1258, 100.0000000000000000 ) ;
#1831 = VECTOR ( 'NONE', #219, 100.0000000000000000 ) ;
#1832 = ORIENTED_EDGE ( 'NONE', *, *, #518, .F. ) ;
#1833 = DIRECTION ( 'NONE',  ( -1.000000000000000000, 0.000000000000000000, 0.000000000000000000 ) ) ;
#1834 = ORIENTED_EDGE ( 'NONE', *, *, #998, .F. ) ;
#1835 = VECTOR ( 'NONE', #1012, 100.0000000000000000 ) ;
#1836 = EDGE_CURVE ( 'NONE', #1660, #1614, #1391, .T. ) ;
#1837 = DIRECTION ( 'NONE',  ( 0.000000000000000000, 0.000000000000000000, -1.000000000000000000 ) ) ;
#1838 = ORIENTED_EDGE ( 'NONE', *, *, #877, .F. ) ;
#1839 = AXIS2_PLACEMENT_3D ( 'NONE', #1023, #1676, #1507 ) ;
#1840 = DIRECTION ( 'NONE',  ( -0.5000000000000042188, -0.8660254037844361541, 0.000000000000000000 ) ) ;
#1841 = EDGE_CURVE ( 'NONE', #1489, #1897, #1577, .T. ) ;
#1842 = FACE_OUTER_BOUND ( 'NONE', #799, .T. ) ;
#1843 = LINE ( 'NONE', #693, #1929 ) ;
#1844 = ORIENTED_EDGE ( 'NONE', *, *, #283, .T. ) ;
#1845 = DIRECTION ( 'NONE',  ( 0.000000000000000000, 0.000000000000000000, 1.000000000000000000 ) ) ;
#1846 = ORIENTED_EDGE ( 'NONE', *, *, #1244, .T. ) ;
#1847 = CARTESIAN_POINT ( 'NONE',  ( -18.62000000000000455, -0.5700000000000000622, 0.6350000000000000089 ) ) ;
#1848 = ORIENTED_EDGE ( 'NONE', *, *, #2010, .T. ) ;
#1849 = PLANE ( 'NONE',  #300 ) ;
#1850 = LINE ( 'NONE', #601, #734 ) ;
#1851 = LINE ( 'NONE', #1195, #1762 ) ;
#1852 = AXIS2_PLACEMENT_3D ( 'NONE', #328, #1924, #547 ) ;
#1853 = EDGE_CURVE ( 'NONE', #1928, #1553, #1725, .T. ) ;
#1854 = VERTEX_POINT ( 'NONE', #742 ) ;
#1855 = PLANE ( 'NONE',  #2037 ) ;
#1856 = ORIENTED_EDGE ( 'NONE', *, *, #1773, .T. ) ;
#1857 = DIRECTION ( 'NONE',  ( 1.000000000000000000, -1.136033710528360955E-16, 0.000000000000000000 ) ) ;
#1858 = VERTEX_POINT ( 'NONE', #774 ) ;
#1859 = CARTESIAN_POINT ( 'NONE',  ( -20.00000000000000711, 1.500000000000000666, 0.6350000000000000089 ) ) ;
#1860 = AXIS2_PLACEMENT_3D ( 'NONE', #1480, #1302, #1636 ) ;
#1861 = EDGE_CURVE ( 'NONE', #992, #1897, #1098, .T. ) ;
#1862 = DIRECTION ( 'NONE',  ( 0.000000000000000000, 0.000000000000000000, 1.000000000000000000 ) ) ;
#1863 = DIRECTION ( 'NONE',  ( 0.5000000000000042188, -0.8660254037844362651, 0.000000000000000000 ) ) ;
#1864 = VERTEX_POINT ( 'NONE', #124 ) ;
#1865 = AXIS2_PLACEMENT_3D ( 'NONE', #764, #271, #2021 ) ;
#1866 = CARTESIAN_POINT ( 'NONE',  ( -1.364999999999998215, 1.364999999999999991, 0.3175000000000000044 ) ) ;
#1867 = ORIENTED_EDGE ( 'NONE', *, *, #2036, .F. ) ;
#1868 = EDGE_CURVE ( 'NONE', #1295, #385, #1416, .T. ) ;
#1869 = CIRCLE ( 'NONE', #1436, 0.3000000000000000444 ) ;
#1870 = CARTESIAN_POINT ( 'NONE',  ( -20.00000000000000711, -0.4099999999999999201, 0.6350000000000000089 ) ) ;
#1871 = ORIENTED_EDGE ( 'NONE', *, *, #225, .T. ) ;
#1872 = DIRECTION ( 'NONE',  ( -1.000000000000000000, -4.818676322157798361E-16, 0.000000000000000000 ) ) ;
#1873 = CARTESIAN_POINT ( 'NONE',  ( 1.499999999999999778, 2.000000000000000444, 0.3175000000000000044 ) ) ;
#1874 = DIRECTION ( 'NONE',  ( 0.000000000000000000, -1.000000000000000000, 0.000000000000000000 ) ) ;
#1875 = CIRCLE ( 'NONE', #374, 0.3000000000000000444 ) ;
#1876 = EDGE_LOOP ( 'NONE', ( #315, #1692, #278, #1483 ) ) ;
#1877 = DIRECTION ( 'NONE',  ( 0.000000000000000000, 0.000000000000000000, 1.000000000000000000 ) ) ;
#1878 = ORIENTED_EDGE ( 'NONE', *, *, #1089, .F. ) ;
#1879 = CARTESIAN_POINT ( 'NONE',  ( 0.7679571668975722076, 1.199999999999999956, 0.1349999999999999534 ) ) ;
#1880 = ORIENTED_EDGE ( 'NONE', *, *, #934, .T. ) ;
#1881 = CARTESIAN_POINT ( 'NONE',  ( -18.41000000000000369, 1.820000000000000506, 0.6350000000000000089 ) ) ;
#1882 = CARTESIAN_POINT ( 'NONE',  ( -18.00000000000000355, 0.3000000000000000444, 0.000000000000000000 ) ) ;
#1883 = CARTESIAN_POINT ( 'NONE',  ( 0.000000000000000000, 0.000000000000000000, 0.6350000000000000089 ) ) ;
#1884 = ORIENTED_EDGE ( 'NONE', *, *, #1115, .T. ) ;
#1885 = FACE_OUTER_BOUND ( 'NONE', #1481, .T. ) ;
#1886 = VERTEX_POINT ( 'NONE', #910 ) ;
#1887 = VECTOR ( 'NONE', #1837, 100.0000000000000000 ) ;
#1888 = FACE_OUTER_BOUND ( 'NONE', #1017, .T. ) ;
#1889 = ADVANCED_FACE ( 'NONE', ( #1891 ), #588, .T. ) ;
#1890 = EDGE_LOOP ( 'NONE', ( #423, #573, #1525, #1775 ) ) ;
#1891 = FACE_OUTER_BOUND ( 'NONE', #1785, .T. ) ;
#1892 = ADVANCED_FACE ( 'NONE', ( #2033 ), #1849, .T. ) ;
#1893 = LINE ( 'NONE', #1705, #1902 ) ;
#1894 = CARTESIAN_POINT ( 'NONE',  ( -18.76795716689757754, 1.199999999999999956, 0.1349999999999999534 ) ) ;
#1895 = VERTEX_POINT ( 'NONE', #262 ) ;
#1896 = CARTESIAN_POINT ( 'NONE',  ( 0.000000000000000000, 0.000000000000000000, 0.000000000000000000 ) ) ;
#1897 = VERTEX_POINT ( 'NONE', #753 ) ;
#1898 = DIRECTION ( 'NONE',  ( -0.5000000000000042188, 0.8660254037844362651, -0.000000000000000000 ) ) ;
#1899 = ORIENTED_EDGE ( 'NONE', *, *, #1861, .F. ) ;
#1900 = CIRCLE ( 'NONE', #798, 2.500000000000000000 ) ;
#1901 = CARTESIAN_POINT ( 'NONE',  ( -18.41000000000000369, 2.000000000000000444, 0.1349999999999999534 ) ) ;
#1902 = VECTOR ( 'NONE', #297, 100.0000000000000000 ) ;
#1903 = EDGE_CURVE ( 'NONE', #43, #1241, #294, .T. ) ;
#1904 = CARTESIAN_POINT ( 'NONE',  ( -19.82000000000000384, -0.4099999999999998646, 0.1349999999999999534 ) ) ;
#1905 = DIRECTION ( 'NONE',  ( 0.000000000000000000, -1.000000000000000000, 0.000000000000000000 ) ) ;
#1906 = VERTEX_POINT ( 'NONE', #928 ) ;
#1907 = DIRECTION ( 'NONE',  ( 1.000000000000000000, 0.000000000000000000, 0.000000000000000000 ) ) ;
#1908 = EDGE_LOOP ( 'NONE', ( #1616, #1303, #1697, #1032 ) ) ;
#1909 = VECTOR ( 'NONE', #501, 100.0000000000000000 ) ;
#1910 = DIRECTION ( 'NONE',  ( -1.136033710528360955E-16, 1.000000000000000000, 0.000000000000000000 ) ) ;
#1911 = ORIENTED_EDGE ( 'NONE', *, *, #2053, .T. ) ;
#1912 = CARTESIAN_POINT ( 'NONE',  ( -1.364999999999998215, 1.364999999999999991, 0.3175000000000000044 ) ) ;
#1913 = CARTESIAN_POINT ( 'NONE',  ( 0.6200000000000002176, -2.000000000000000444, 0.000000000000000000 ) ) ;
#1914 = CARTESIAN_POINT ( 'NONE',  ( 0.000000000000000000, 0.000000000000000000, 0.3175000000000000044 ) ) ;
#1915 = ADVANCED_FACE ( 'NONE', ( #416 ), #599, .F. ) ;
#1916 = CARTESIAN_POINT ( 'NONE',  ( -18.00000000000000355, 0.000000000000000000, 0.000000000000000000 ) ) ;
#1917 = DIRECTION ( 'NONE',  ( 0.000000000000000000, 1.000000000000000000, 0.000000000000000000 ) ) ;
#1918 = VERTEX_POINT ( 'NONE', #1054 ) ;
#1919 = EDGE_CURVE ( 'NONE', #402, #81, #1235, .T. ) ;
#1920 = FACE_OUTER_BOUND ( 'NONE', #2048, .T. ) ;
#1921 = VERTEX_POINT ( 'NONE', #1569 ) ;
#1922 = VECTOR ( 'NONE', #1565, 100.0000000000000142 ) ;
#1923 = PLANE ( 'NONE',  #1634 ) ;
#1924 = DIRECTION ( 'NONE',  ( 4.818676322157798361E-16, -1.000000000000000000, 0.000000000000000000 ) ) ;
#1925 = CARTESIAN_POINT ( 'NONE',  ( 0.4100000000000000311, 2.000000000000000444, 0.6350000000000000089 ) ) ;
#1926 = ORIENTED_EDGE ( 'NONE', *, *, #1459, .F. ) ;
#1927 = DIRECTION ( 'NONE',  ( -0.000000000000000000, 0.000000000000000000, 1.000000000000000000 ) ) ;
#1928 = VERTEX_POINT ( 'NONE', #1077 ) ;
#1929 = VECTOR ( 'NONE', #1046, 100.0000000000000000 ) ;
#1930 = CARTESIAN_POINT ( 'NONE',  ( -16.63500000000000512, 1.364999999999999991, 0.3175000000000000044 ) ) ;
#1931 = EDGE_CURVE ( 'NONE', #1297, #1906, #2045, .T. ) ;
#1932 = ORIENTED_EDGE ( 'NONE', *, *, #1580, .T. ) ;
#1933 = VECTOR ( 'NONE', #853, 100.0000000000000000 ) ;
#1934 = DIRECTION ( 'NONE',  ( 0.8660254037844362651, 0.5000000000000043299, 0.000000000000000000 ) ) ;
#1935 = VECTOR ( 'NONE', #527, 100.0000000000000000 ) ;
#1936 = PLANE ( 'NONE',  #1403 ) ;
#1937 = DIRECTION ( 'NONE',  ( 0.8660254037844360431, 0.5000000000000042188, 0.000000000000000000 ) ) ;
#1938 = DIRECTION ( 'NONE',  ( 0.000000000000000000, -1.000000000000000000, 0.000000000000000000 ) ) ;
#1939 = ORIENTED_EDGE ( 'NONE', *, *, #1493, .F. ) ;
#1940 = CARTESIAN_POINT ( 'NONE',  ( -20.00000000000000711, 0.4100000000000001421, 0.6350000000000000089 ) ) ;
#1941 = VERTEX_POINT ( 'NONE', #306 ) ;
#1942 = AXIS2_PLACEMENT_3D ( 'NONE', #246, #68, #561 ) ;
#1943 =( NAMED_UNIT ( * ) PLANE_ANGLE_UNIT ( ) SI_UNIT ( $, .RADIAN. ) );
#1944 = ORIENTED_EDGE ( 'NONE', *, *, #1647, .T. ) ;
#1945 = CARTESIAN_POINT ( 'NONE',  ( -34.63500000000000512, -1.364999999999998437, 0.3175000000000000044 ) ) ;
#1946 = LINE ( 'NONE', #663, #1669 ) ;
#1947 = DIRECTION ( 'NONE',  ( 0.000000000000000000, 0.000000000000000000, -1.000000000000000000 ) ) ;
#1948 = ORIENTED_EDGE ( 'NONE', *, *, #901, .F. ) ;
#1949 = CARTESIAN_POINT ( 'NONE',  ( -20.00000000000000711, 1.500000000000000666, 0.3175000000000000044 ) ) ;
#1950 = ORIENTED_EDGE ( 'NONE', *, *, #1127, .F. ) ;
#1951 = EDGE_CURVE ( 'NONE', #177, #1614, #1716, .T. ) ;
#1952 = ORIENTED_EDGE ( 'NONE', *, *, #668, .F. ) ;
#1953 = CIRCLE ( 'NONE', #1815, 2.500000000000000000 ) ;
#1954 = DIRECTION ( 'NONE',  ( 1.156482317317871725E-16, -1.000000000000000000, 0.000000000000000000 ) ) ;
#1955 = EDGE_CURVE ( 'NONE', #1082, #741, #282, .T. ) ;
#1956 = LINE ( 'NONE', #1112, #1272 ) ;
#1957 = DIRECTION ( 'NONE',  ( -0.000000000000000000, 0.000000000000000000, 1.000000000000000000 ) ) ;
#1958 = ORIENTED_EDGE ( 'NONE', *, *, #752, .F. ) ;
#1959 = LINE ( 'NONE', #343, #10 ) ;
#1960 = VERTEX_POINT ( 'NONE', #1289 ) ;
#1961 = CIRCLE ( 'NONE', #1397, 0.3000000000000000444 ) ;
#1962 = DIRECTION ( 'NONE',  ( 0.000000000000000000, -1.000000000000000000, 0.000000000000000000 ) ) ;
#1963 = AXIS2_PLACEMENT_3D ( 'NONE', #797, #1633, #1447 ) ;
#1964 = LINE ( 'NONE', #888, #398 ) ;
#1965 = DIRECTION ( 'NONE',  ( 1.000000000000000000, 0.000000000000000000, 0.000000000000000000 ) ) ;
#1966 = VERTEX_POINT ( 'NONE', #1130 ) ;
#1967 = CARTESIAN_POINT ( 'NONE',  ( 2.000000000000000444, -1.365000000000000213, 0.000000000000000000 ) ) ;
#1968 = ORIENTED_EDGE ( 'NONE', *, *, #1983, .T. ) ;
#1969 = DIRECTION ( 'NONE',  ( 4.818676322157799347E-16, -1.000000000000000000, 0.000000000000000000 ) ) ;
#1970 = VECTOR ( 'NONE', #574, 100.0000000000000000 ) ;
#1971 = CARTESIAN_POINT ( 'NONE',  ( -18.41000000000000369, 1.820000000000000506, 0.1349999999999999534 ) ) ;
#1972 = ADVANCED_FACE ( 'NONE', ( #171 ), #805, .F. ) ;
#1973 = CARTESIAN_POINT ( 'NONE',  ( 0.4099999999999999201, 1.820000000000000506, 0.6350000000000000089 ) ) ;
#1974 = LINE ( 'NONE', #889, #426 ) ;
#1975 = EDGE_LOOP ( 'NONE', ( #562, #1387, #468, #260 ) ) ;
#1976 = FACE_OUTER_BOUND ( 'NONE', #454, .T. ) ;
#1977 = ORIENTED_EDGE ( 'NONE', *, *, #528, .T. ) ;
#1978 = EDGE_CURVE ( 'NONE', #1117, #1703, #1631, .T. ) ;
#1979 = ORIENTED_EDGE ( 'NONE', *, *, #894, .T. ) ;
#1980 = CARTESIAN_POINT ( 'NONE',  ( 0.000000000000000000, 0.000000000000000000, 0.000000000000000000 ) ) ;
#1981 = LINE ( 'NONE', #1361, #865 ) ;
#1982 = DIRECTION ( 'NONE',  ( 0.000000000000000000, -1.000000000000000000, 0.000000000000000000 ) ) ;
#1983 = EDGE_CURVE ( 'NONE', #1760, #1520, #795, .T. ) ;
#1984 = ORIENTED_EDGE ( 'NONE', *, *, #1127, .T. ) ;
#1985 = LINE ( 'NONE', #401, #546 ) ;
#1986 = EDGE_LOOP ( 'NONE', ( #1002, #90, #512, #215 ) ) ;
#1987 = EDGE_CURVE ( 'NONE', #1073, #922, #815, .T. ) ;
#1988 = LINE ( 'NONE', #1847, #386 ) ;
#1989 = ORIENTED_EDGE ( 'NONE', *, *, #1155, .T. ) ;
#1990 = VECTOR ( 'NONE', #624, 100.0000000000000000 ) ;
#1991 = CARTESIAN_POINT ( 'NONE',  ( 2.000000000000001776, -1.365000000000000213, 0.6350000000000000089 ) ) ;
#1992 = CARTESIAN_POINT ( 'NONE',  ( 0.6200000000000001066, -0.5700000000000000622, 0.6350000000000000089 ) ) ;
#1993 = DIRECTION ( 'NONE',  ( 0.000000000000000000, -1.000000000000000000, 0.000000000000000000 ) ) ;
#1994 = VECTOR ( 'NONE', #346, 100.0000000000000000 ) ;
#1995 = EDGE_LOOP ( 'NONE', ( #628, #1396, #566, #1048 ) ) ;
#1996 = DIRECTION ( 'NONE',  ( 0.000000000000000000, 0.000000000000000000, -1.000000000000000000 ) ) ;
#1997 = ORIENTED_EDGE ( 'NONE', *, *, #1406, .F. ) ;
#1998 = VECTOR ( 'NONE', #18, 100.0000000000000000 ) ;
#1999 = PLANE ( 'NONE',  #217 ) ;
#2000 = ORIENTED_EDGE ( 'NONE', *, *, #2053, .F. ) ;
#2001 = CARTESIAN_POINT ( 'NONE',  ( -1.364999999999998215, 2.000000000000001776, 0.6350000000000000089 ) ) ;
#2002 = ADVANCED_FACE ( 'NONE', ( #629 ), #1923, .T. ) ;
#2003 = DIRECTION ( 'NONE',  ( -1.000000000000000000, 0.000000000000000000, 0.000000000000000000 ) ) ;
#2004 = DIRECTION ( 'NONE',  ( 0.000000000000000000, 0.000000000000000000, -1.000000000000000000 ) ) ;
#2005 = EDGE_LOOP ( 'NONE', ( #526, #1476, #83, #1161, #1327, #1262, #1848, #1856, #1604, #266, #1433, #247 ) ) ;
#2006 = CARTESIAN_POINT ( 'NONE',  ( 2.000000000000000444, 0.4100000000000001421, 0.1349999999999999534 ) ) ;
#2007 = ORIENTED_EDGE ( 'NONE', *, *, #778, .F. ) ;
#2008 = CARTESIAN_POINT ( 'NONE',  ( 2.000000000000000444, -0.4099999999999999201, 0.6350000000000000089 ) ) ;
#2009 = ORIENTED_EDGE ( 'NONE', *, *, #1778, .F. ) ;
#2010 = EDGE_CURVE ( 'NONE', #770, #1629, #1118, .T. ) ;
#2011 = EDGE_CURVE ( 'NONE', #155, #134, #336, .T. ) ;
#2012 = CARTESIAN_POINT ( 'NONE',  ( 0.4100000000000000311, 2.000000000000000444, 0.6350000000000000089 ) ) ;
#2013 = ADVANCED_FACE ( 'NONE', ( #835 ), #470, .F. ) ;
#2014 = CARTESIAN_POINT ( 'NONE',  ( -17.59000000000000696, 2.000000000000000444, 0.6350000000000000089 ) ) ;
#2015 = CARTESIAN_POINT ( 'NONE',  ( -16.50000000000000355, 2.000000000000000444, 0.3175000000000000044 ) ) ;
#2016 = VECTOR ( 'NONE', #885, 100.0000000000000000 ) ;
#2017 = EDGE_LOOP ( 'NONE', ( #1345, #421 ) ) ;
#2018 = DIRECTION ( 'NONE',  ( -4.818676322157798361E-16, 1.000000000000000000, 0.000000000000000000 ) ) ;
#2019 = CARTESIAN_POINT ( 'NONE',  ( -18.00000000000000355, 0.000000000000000000, 0.3175000000000000044 ) ) ;
#2020 = ORIENTED_EDGE ( 'NONE', *, *, #1089, .T. ) ;
#2021 = DIRECTION ( 'NONE',  ( 0.000000000000000000, 1.000000000000000000, 0.000000000000000000 ) ) ;
#2022 = VECTOR ( 'NONE', #264, 100.0000000000000000 ) ;
#2023 = LINE ( 'NONE', #786, #202 ) ;
#2024 = CARTESIAN_POINT ( 'NONE',  ( 0.000000000000000000, -0.3000000000000000444, 0.000000000000000000 ) ) ;
#2025 = ORIENTED_EDGE ( 'NONE', *, *, #1868, .F. ) ;
#2026 = VECTOR ( 'NONE', #1068, 100.0000000000000000 ) ;
#2027 = FACE_OUTER_BOUND ( 'NONE', #1566, .T. ) ;
#2028 = ORIENTED_EDGE ( 'NONE', *, *, #778, .T. ) ;
#2029 = VECTOR ( 'NONE', #921, 100.0000000000000000 ) ;
#2030 = DIRECTION ( 'NONE',  ( -0.000000000000000000, 0.000000000000000000, 1.000000000000000000 ) ) ;
#2031 = AXIS2_PLACEMENT_3D ( 'NONE', #682, #1758, #820 ) ;
#2032 = EDGE_LOOP ( 'NONE', ( #645, #477, #1650, #522 ) ) ;
#2033 = FACE_OUTER_BOUND ( 'NONE', #988, .T. ) ;
#2034 = DIRECTION ( 'NONE',  ( 0.8660254037844360431, 0.5000000000000042188, 0.000000000000000000 ) ) ;
#2035 = FACE_OUTER_BOUND ( 'NONE', #748, .T. ) ;
#2036 = EDGE_CURVE ( 'NONE', #1160, #1864, #639, .T. ) ;
#2037 = AXIS2_PLACEMENT_3D ( 'NONE', #1698, #422, #1386 ) ;
#2038 = EDGE_LOOP ( 'NONE', ( #119, #892, #1820, #1450 ) ) ;
#2039 = DIRECTION ( 'NONE',  ( -1.000000000000000000, -4.818676322157799347E-16, 0.000000000000000000 ) ) ;
#2040 = ORIENTED_EDGE ( 'NONE', *, *, #711, .T. ) ;
#2041 = LINE ( 'NONE', #626, #1016 ) ;
#2042 = ADVANCED_FACE ( 'NONE', ( #983 ), #991, .F. ) ;
#2043 = EDGE_CURVE ( 'NONE', #1385, #12, #32, .T. ) ;
#2044 = VERTEX_POINT ( 'NONE', #1901 ) ;
#2045 = LINE ( 'NONE', #620, #31 ) ;
#2046 = CARTESIAN_POINT ( 'NONE',  ( -18.76795716689757754, 1.199999999999999956, 0.1349999999999999534 ) ) ;
#2047 = DIRECTION ( 'NONE',  ( -0.000000000000000000, 0.000000000000000000, 1.000000000000000000 ) ) ;
#2048 = EDGE_LOOP ( 'NONE', ( #372, #859, #1880, #1989, #555, #1787, #237, #1429, #1251, #481, #1458, #1419 ) ) ;
#2049 = CARTESIAN_POINT ( 'NONE',  ( -18.00000000000000355, 0.000000000000000000, 0.000000000000000000 ) ) ;
#2050 = ORIENTED_EDGE ( 'NONE', *, *, #60, .F. ) ;
#2051 = CARTESIAN_POINT ( 'NONE',  ( -0.4099999999999999201, 1.820000000000000506, 0.6350000000000000089 ) ) ;
#2052 = ORIENTED_EDGE ( 'NONE', *, *, #42, .F. ) ;
#2053 = EDGE_CURVE ( 'NONE', #1297, #462, #1609, .T. ) ;
#2054 = DIRECTION ( 'NONE',  ( 1.000000000000000000, 2.312964634635742957E-16, 0.000000000000000000 ) ) ;
#2055 = LINE ( 'NONE', #806, #23 ) ;
#2056 = CARTESIAN_POINT ( 'NONE',  ( -34.63500000000000512, 1.365000000000001101, 0.6350000000000000089 ) ) ;
#2057 = ORIENTED_EDGE ( 'NONE', *, *, #218, .T. ) ;
#2058 = CARTESIAN_POINT ( 'NONE',  ( -17.59000000000000696, 1.820000000000000506, 0.1349999999999999534 ) ) ;
#2059 = EDGE_LOOP ( 'NONE', ( #1666, #114, #1884, #1390 ) ) ;
#2060 = VECTOR ( 'NONE', #538, 100.0000000000000000 ) ;
#2061 = DIRECTION ( 'NONE',  ( 0.8660254037844360431, 0.5000000000000042188, 0.000000000000000000 ) ) ;
#2062 = ORIENTED_EDGE ( 'NONE', *, *, #542, .T. ) ;
#2063 = VECTOR ( 'NONE', #1644, 100.0000000000000000 ) ;
ENDSEC;
END-ISO-10303-21;
