ISO-10303-21;
HEADER;
FILE_DESCRIPTION (( 'STEP AP214' ),
    '1' );
FILE_NAME ('ramp-vertex_62.STEP',
    '2026-06-05T23:33:52',
    ( '' ),
    ( '' ),
    'SwSTEP 2.0',
    'SolidWorks 2023',
    '' );
FILE_SCHEMA (( 'AUTOMOTIVE_DESIGN' ));
ENDSEC;

DATA;
#1 = CARTESIAN_POINT ( 'NONE',  ( -20.00000000000000711, -0.4099999999999999201, 0.1349999999999999534 ) ) ;
#2 = ORIENTED_EDGE ( 'NONE', *, *, #1768, .F. ) ;
#3 = DIRECTION ( 'NONE',  ( 1.000000000000000000, 0.000000000000000000, 0.000000000000000000 ) ) ;
#4 = CARTESIAN_POINT ( 'NONE',  ( -19.36500000000000554, -16.63499999999999801, 0.3175000000000000044 ) ) ;
#5 = VERTEX_POINT ( 'NONE', #1543 ) ;
#6 = CARTESIAN_POINT ( 'NONE',  ( -19.20000000000000639, -0.7679571668975718746, 0.6350000000000000089 ) ) ;
#7 = VERTEX_POINT ( 'NONE', #1208 ) ;
#8 = CARTESIAN_POINT ( 'NONE',  ( 2.000000000000001776, 1.364999999999998437, 0.3175000000000000044 ) ) ;
#9 = DIRECTION ( 'NONE',  ( -1.136033710528360955E-16, 1.000000000000000000, 0.000000000000000000 ) ) ;
#10 = AXIS2_PLACEMENT_3D ( 'NONE', #401, #589, #1718 ) ;
#11 = ORIENTED_EDGE ( 'NONE', *, *, #754, .F. ) ;
#12 = CARTESIAN_POINT ( 'NONE',  ( -19.20000000000000639, 0.7679571668975720966, 0.1349999999999999534 ) ) ;
#13 = CARTESIAN_POINT ( 'NONE',  ( 0.4099999999999999201, 1.820000000000000506, 0.1349999999999999534 ) ) ;
#14 = EDGE_CURVE ( 'NONE', #1599, #1479, #1513, .T. ) ;
#15 = ORIENTED_EDGE ( 'NONE', *, *, #1913, .F. ) ;
#16 = DIRECTION ( 'NONE',  ( 0.5000000000000042188, 0.8660254037844362651, 0.000000000000000000 ) ) ;
#17 = VERTEX_POINT ( 'NONE', #96 ) ;
#18 = DIRECTION ( 'NONE',  ( -0.8660254037844360431, 0.5000000000000042188, 0.000000000000000000 ) ) ;
#19 = EDGE_CURVE ( 'NONE', #518, #2055, #1353, .T. ) ;
#20 = CARTESIAN_POINT ( 'NONE',  ( -19.82000000000000384, 0.4100000000000000311, 0.6350000000000000089 ) ) ;
#21 = EDGE_LOOP ( 'NONE', ( #1423, #1126, #1548, #1936 ) ) ;
#22 = CARTESIAN_POINT ( 'NONE',  ( -16.50000000000000355, 2.000000000000000444, 0.000000000000000000 ) ) ;
#23 = CARTESIAN_POINT ( 'NONE',  ( 0.4100000000000000311, 2.000000000000000444, 0.6350000000000000089 ) ) ;
#24 = ORIENTED_EDGE ( 'NONE', *, *, #746, .T. ) ;
#25 = DIRECTION ( 'NONE',  ( 0.000000000000000000, -1.000000000000000000, 0.000000000000000000 ) ) ;
#26 = VECTOR ( 'NONE', #1950, 100.0000000000000000 ) ;
#27 = VERTEX_POINT ( 'NONE', #900 ) ;
#28 = ADVANCED_FACE ( 'NONE', ( #85 ), #1853, .F. ) ;
#29 = AXIS2_PLACEMENT_3D ( 'NONE', #1206, #928, #574 ) ;
#30 = LINE ( 'NONE', #1113, #586 ) ;
#31 = ADVANCED_FACE ( 'NONE', ( #251 ), #1052, .F. ) ;
#32 = CARTESIAN_POINT ( 'NONE',  ( 1.820000000000000506, 0.4100000000000000311, 0.1349999999999999534 ) ) ;
#33 = ORIENTED_EDGE ( 'NONE', *, *, #289, .T. ) ;
#34 = DIRECTION ( 'NONE',  ( 0.000000000000000000, -1.000000000000000000, 0.000000000000000000 ) ) ;
#35 = CARTESIAN_POINT ( 'NONE',  ( -19.36500000000000554, -2.000000000000000000, 0.000000000000000000 ) ) ;
#36 = EDGE_LOOP ( 'NONE', ( #624, #1375, #774, #597 ) ) ;
#37 = CARTESIAN_POINT ( 'NONE',  ( -18.62000000000000455, -2.000000000000000444, 0.000000000000000000 ) ) ;
#38 = EDGE_CURVE ( 'NONE', #2055, #1590, #1217, .T. ) ;
#39 = ORIENTED_EDGE ( 'NONE', *, *, #466, .F. ) ;
#40 = DIRECTION ( 'NONE',  ( 1.000000000000000000, -1.156482317317871725E-16, 0.000000000000000000 ) ) ;
#41 = EDGE_CURVE ( 'NONE', #286, #1464, #396, .T. ) ;
#42 = VECTOR ( 'NONE', #143, 100.0000000000000000 ) ;
#43 = VERTEX_POINT ( 'NONE', #1197 ) ;
#44 = LINE ( 'NONE', #676, #60 ) ;
#45 = CARTESIAN_POINT ( 'NONE',  ( 16.63499999999999801, -1.364999999999998437, 0.6350000000000000089 ) ) ;
#46 = ORIENTED_EDGE ( 'NONE', *, *, #1583, .T. ) ;
#47 = DIRECTION ( 'NONE',  ( -0.000000000000000000, 0.000000000000000000, 1.000000000000000000 ) ) ;
#48 = ORIENTED_EDGE ( 'NONE', *, *, #596, .T. ) ;
#49 = DIRECTION ( 'NONE',  ( 0.8660254037844360431, 0.5000000000000042188, 0.000000000000000000 ) ) ;
#50 = EDGE_LOOP ( 'NONE', ( #1102, #659, #630, #104 ) ) ;
#51 = CARTESIAN_POINT ( 'NONE',  ( -0.7679571668975722076, 1.199999999999999956, 0.6350000000000000089 ) ) ;
#52 = CARTESIAN_POINT ( 'NONE',  ( -0.4100000000000000311, 2.000000000000000444, 0.6350000000000000089 ) ) ;
#53 = FACE_OUTER_BOUND ( 'NONE', #2059, .T. ) ;
#54 = VERTEX_POINT ( 'NONE', #889 ) ;
#55 = CIRCLE ( 'NONE', #1347, 2.500000000000000000 ) ;
#56 = DIRECTION ( 'NONE',  ( 0.000000000000000000, -1.000000000000000000, 0.000000000000000000 ) ) ;
#57 = ORIENTED_EDGE ( 'NONE', *, *, #1391, .F. ) ;
#58 = DIRECTION ( 'NONE',  ( 0.000000000000000000, 0.000000000000000000, -1.000000000000000000 ) ) ;
#59 = ADVANCED_FACE ( 'NONE', ( #1686 ), #434, .F. ) ;
#60 = VECTOR ( 'NONE', #1289, 100.0000000000000000 ) ;
#61 = CARTESIAN_POINT ( 'NONE',  ( -19.36500000000000554, -1.365000000000000213, 0.3175000000000000044 ) ) ;
#62 = ORIENTED_EDGE ( 'NONE', *, *, #1124, .F. ) ;
#63 = DIRECTION ( 'NONE',  ( -0.8660254037844360431, 0.5000000000000042188, 0.000000000000000000 ) ) ;
#64 = DIRECTION ( 'NONE',  ( -0.000000000000000000, 1.000000000000000000, 0.000000000000000000 ) ) ;
#65 = ORIENTED_EDGE ( 'NONE', *, *, #686, .T. ) ;
#66 = DIRECTION ( 'NONE',  ( 0.000000000000000000, 0.000000000000000000, 1.000000000000000000 ) ) ;
#67 = EDGE_CURVE ( 'NONE', #296, #310, #741, .T. ) ;
#68 = VERTEX_POINT ( 'NONE', #1042 ) ;
#69 = DIRECTION ( 'NONE',  ( 1.000000000000000000, -4.818676322157798361E-16, 0.000000000000000000 ) ) ;
#70 = ORIENTED_EDGE ( 'NONE', *, *, #88, .T. ) ;
#72 = CARTESIAN_POINT ( 'NONE',  ( -2.379999999999999893, -0.5700000000000000622, 0.000000000000000000 ) ) ;
#71 = VECTOR ( 'NONE', #266, 100.0000000000000000 ) ;
#73 = DIRECTION ( 'NONE',  ( 1.156482317317871725E-16, 1.000000000000000000, 0.000000000000000000 ) ) ;
#74 = VECTOR ( 'NONE', #578, 100.0000000000000000 ) ;
#75 = ADVANCED_FACE ( 'NONE', ( #575 ), #1371, .F. ) ;
#76 = ORIENTED_EDGE ( 'NONE', *, *, #19, .T. ) ;
#77 = CARTESIAN_POINT ( 'NONE',  ( 2.000000000000000444, 1.500000000000000666, 0.3175000000000000044 ) ) ;
#78 = CARTESIAN_POINT ( 'NONE',  ( 1.820000000000000506, -0.4099999999999998646, 0.1349999999999999534 ) ) ;
#79 = VERTEX_POINT ( 'NONE', #583 ) ;
#80 = DIRECTION ( 'NONE',  ( -0.8660254037844362651, 0.5000000000000043299, 0.000000000000000000 ) ) ;
#81 = DIRECTION ( 'NONE',  ( 0.000000000000000000, -1.000000000000000000, 0.000000000000000000 ) ) ;
#82 = DIRECTION ( 'NONE',  ( 0.000000000000000000, 0.000000000000000000, -1.000000000000000000 ) ) ;
#83 = VECTOR ( 'NONE', #661, 100.0000000000000000 ) ;
#84 = ORIENTED_EDGE ( 'NONE', *, *, #322, .T. ) ;
#85 = FACE_OUTER_BOUND ( 'NONE', #450, .T. ) ;
#86 = LINE ( 'NONE', #1990, #284 ) ;
#87 = VECTOR ( 'NONE', #1557, 100.0000000000000000 ) ;
#88 = EDGE_CURVE ( 'NONE', #516, #556, #714, .T. ) ;
#89 = CARTESIAN_POINT ( 'NONE',  ( -1.500000000000000222, 2.000000000000000444, 0.3175000000000000044 ) ) ;
#90 = VECTOR ( 'NONE', #447, 100.0000000000000000 ) ;
#91 =( NAMED_UNIT ( * ) PLANE_ANGLE_UNIT ( ) SI_UNIT ( $, .RADIAN. ) );
#92 = VERTEX_POINT ( 'NONE', #908 ) ;
#93 = DIRECTION ( 'NONE',  ( 1.000000000000000000, 0.000000000000000000, 0.000000000000000000 ) ) ;
#94 = CARTESIAN_POINT ( 'NONE',  ( -16.50000000000000355, 2.000000000000000444, 0.6350000000000000089 ) ) ;
#95 = EDGE_LOOP ( 'NONE', ( #523, #122, #24, #1227, #918, #895 ) ) ;
#96 = CARTESIAN_POINT ( 'NONE',  ( 3.796405077356794548E-17, 0.3099999999999999978, 0.6350000000000000089 ) ) ;
#97 = EDGE_CURVE ( 'NONE', #1119, #618, #749, .T. ) ;
#98 = AXIS2_PLACEMENT_3D ( 'NONE', #107, #116, #407 ) ;
#99 = EDGE_CURVE ( 'NONE', #1839, #273, #1072, .T. ) ;
#100 = LINE ( 'NONE', #1526, #1284 ) ;
#101 = EDGE_CURVE ( 'NONE', #1872, #1982, #1713, .T. ) ;
#102 = CARTESIAN_POINT ( 'NONE',  ( 1.200000000000000622, -0.7679571668975718746, 0.1349999999999999534 ) ) ;
#103 = LINE ( 'NONE', #2021, #74 ) ;
#104 = ORIENTED_EDGE ( 'NONE', *, *, #473, .F. ) ;
#105 = PLANE ( 'NONE',  #1787 ) ;
#106 = LINE ( 'NONE', #739, #821 ) ;
#107 = CARTESIAN_POINT ( 'NONE',  ( 0.000000000000000000, 0.000000000000000000, 0.3175000000000000044 ) ) ;
#108 = AXIS2_PLACEMENT_3D ( 'NONE', #938, #453, #1744 ) ;
#109 = EDGE_CURVE ( 'NONE', #1393, #717, #1427, .T. ) ;
#110 = DIRECTION ( 'NONE',  ( 0.000000000000000000, 0.000000000000000000, 1.000000000000000000 ) ) ;
#111 = LINE ( 'NONE', #160, #1791 ) ;
#112 = ORIENTED_EDGE ( 'NONE', *, *, #384, .T. ) ;
#113 = FACE_OUTER_BOUND ( 'NONE', #1090, .T. ) ;
#114 = DIRECTION ( 'NONE',  ( -1.000000000000000000, 0.000000000000000000, 0.000000000000000000 ) ) ;
#115 = EDGE_CURVE ( 'NONE', #291, #1359, #801, .T. ) ;
#116 = DIRECTION ( 'NONE',  ( 0.000000000000000000, 0.000000000000000000, -1.000000000000000000 ) ) ;
#117 = ORIENTED_EDGE ( 'NONE', *, *, #133, .F. ) ;
#118 = CARTESIAN_POINT ( 'NONE',  ( -16.63500000000000512, 16.63499999999999801, 0.3175000000000000044 ) ) ;
#119 = CYLINDRICAL_SURFACE ( 'NONE', #671, 2.500000000000000000 ) ;
#120 = VECTOR ( 'NONE', #49, 100.0000000000000142 ) ;
#121 = DIRECTION ( 'NONE',  ( -4.818676322157799347E-16, 1.000000000000000000, 0.000000000000000000 ) ) ;
#122 = ORIENTED_EDGE ( 'NONE', *, *, #423, .T. ) ;
#123 = EDGE_CURVE ( 'NONE', #1166, #148, #1103, .T. ) ;
#124 = VECTOR ( 'NONE', #137, 100.0000000000000000 ) ;
#125 = CARTESIAN_POINT ( 'NONE',  ( 0.000000000000000000, 0.000000000000000000, 0.3175000000000000044 ) ) ;
#126 = CARTESIAN_POINT ( 'NONE',  ( 0.6200000000000002176, -2.000000000000000444, 0.000000000000000000 ) ) ;
#127 = ORIENTED_EDGE ( 'NONE', *, *, #308, .T. ) ;
#128 = DIRECTION ( 'NONE',  ( -3.067291018426574134E-16, -1.000000000000000000, 0.000000000000000000 ) ) ;
#129 = AXIS2_PLACEMENT_3D ( 'NONE', #850, #34, #666 ) ;
#130 = ORIENTED_EDGE ( 'NONE', *, *, #101, .F. ) ;
#131 = CARTESIAN_POINT ( 'NONE',  ( -18.41000000000000369, 1.820000000000000506, 0.1349999999999999534 ) ) ;
#132 = DIRECTION ( 'NONE',  ( 0.000000000000000000, -1.000000000000000000, 0.000000000000000000 ) ) ;
#133 = EDGE_CURVE ( 'NONE', #1790, #154, #772, .T. ) ;
#134 = ORIENTED_EDGE ( 'NONE', *, *, #1768, .T. ) ;
#135 = DIRECTION ( 'NONE',  ( -0.000000000000000000, 0.000000000000000000, 1.000000000000000000 ) ) ;
#136 = ADVANCED_FACE ( 'NONE', ( #629 ), #1261, .F. ) ;
#137 = DIRECTION ( 'NONE',  ( 0.000000000000000000, 1.000000000000000000, 0.000000000000000000 ) ) ;
#138 = LINE ( 'NONE', #616, #1961 ) ;
#139 = AXIS2_PLACEMENT_3D ( 'NONE', #1097, #1546, #132 ) ;
#140 = PRODUCT_DEFINITION ( 'UNKNOWN', '', #472, #621 ) ;
#141 = ORIENTED_EDGE ( 'NONE', *, *, #541, .F. ) ;
#142 = LINE ( 'NONE', #149, #818 ) ;
#143 = DIRECTION ( 'NONE',  ( 1.000000000000000000, -2.312964634635742957E-16, 0.000000000000000000 ) ) ;
#144 = ORIENTED_EDGE ( 'NONE', *, *, #1295, .F. ) ;
#145 = FACE_OUTER_BOUND ( 'NONE', #1823, .T. ) ;
#146 = CARTESIAN_POINT ( 'NONE',  ( -18.41000000000000369, 2.000000000000000444, 0.1349999999999999534 ) ) ;
#147 = LINE ( 'NONE', #491, #1221 ) ;
#148 = VERTEX_POINT ( 'NONE', #480 ) ;
#149 = CARTESIAN_POINT ( 'NONE',  ( -20.00000000000000711, 1.500000000000000666, 0.000000000000000000 ) ) ;
#150 = FACE_OUTER_BOUND ( 'NONE', #1769, .T. ) ;
#151 = VERTEX_POINT ( 'NONE', #2060 ) ;
#152 = CARTESIAN_POINT ( 'NONE',  ( -19.36500000000000554, 2.000000000000001776, 0.3175000000000000044 ) ) ;
#153 = DIRECTION ( 'NONE',  ( -0.000000000000000000, 0.000000000000000000, 1.000000000000000000 ) ) ;
#154 = VERTEX_POINT ( 'NONE', #1906 ) ;
#155 = DIRECTION ( 'NONE',  ( 0.000000000000000000, 1.000000000000000000, 0.000000000000000000 ) ) ;
#156 = ORIENTED_EDGE ( 'NONE', *, *, #958, .T. ) ;
#157 = CARTESIAN_POINT ( 'NONE',  ( -18.00000000000000355, -0.3099999999999999978, 0.000000000000000000 ) ) ;
#158 = VECTOR ( 'NONE', #1806, 100.0000000000000000 ) ;
#159 = VECTOR ( 'NONE', #128, 100.0000000000000000 ) ;
#160 = CARTESIAN_POINT ( 'NONE',  ( 2.000000000000000444, 0.4100000000000001421, 0.6350000000000000089 ) ) ;
#161 = ADVANCED_FACE ( 'NONE', ( #1438 ), #468, .F. ) ;
#162 = ORIENTED_EDGE ( 'NONE', *, *, #1800, .F. ) ;
#163 = LINE ( 'NONE', #798, #1136 ) ;
#164 = PLANE ( 'NONE',  #1944 ) ;
#165 = ORIENTED_EDGE ( 'NONE', *, *, #316, .F. ) ;
#166 = CARTESIAN_POINT ( 'NONE',  ( -16.63500000000000512, 16.63499999999999801, 0.6350000000000000089 ) ) ;
#167 = EDGE_CURVE ( 'NONE', #662, #800, #138, .T. ) ;
#168 = EDGE_LOOP ( 'NONE', ( #601, #1690, #1062, #162 ) ) ;
#169 = CARTESIAN_POINT ( 'NONE',  ( 0.4100000000000001421, 2.000000000000000444, 0.1349999999999999534 ) ) ;
#170 = EDGE_CURVE ( 'NONE', #321, #17, #1281, .T. ) ;
#171 = AXIS2_PLACEMENT_3D ( 'NONE', #125, #319, #936 ) ;
#172 = LINE ( 'NONE', #1931, #26 ) ;
#173 = VECTOR ( 'NONE', #542, 100.0000000000000000 ) ;
#174 = EDGE_LOOP ( 'NONE', ( #1601, #1694, #988, #393 ) ) ;
#175 = DIRECTION ( 'NONE',  ( 1.000000000000000000, 0.000000000000000000, 0.000000000000000000 ) ) ;
#176 = FACE_OUTER_BOUND ( 'NONE', #1406, .T. ) ;
#177 = ORIENTED_EDGE ( 'NONE', *, *, #1344, .F. ) ;
#178 = LINE ( 'NONE', #1328, #1343 ) ;
#179 = ADVANCED_FACE ( 'NONE', ( #1577 ), #300, .F. ) ;
#180 = ORIENTED_EDGE ( 'NONE', *, *, #1827, .F. ) ;
#181 = LINE ( 'NONE', #701, #891 ) ;
#182 = DIRECTION ( 'NONE',  ( 0.000000000000000000, 0.000000000000000000, -1.000000000000000000 ) ) ;
#183 = VECTOR ( 'NONE', #1292, 100.0000000000000000 ) ;
#184 = ORIENTED_EDGE ( 'NONE', *, *, #656, .T. ) ;
#185 = FACE_OUTER_BOUND ( 'NONE', #1742, .T. ) ;
#186 = CARTESIAN_POINT ( 'NONE',  ( -0.4099999999999999201, 1.820000000000000506, 0.1349999999999999534 ) ) ;
#187 = EDGE_LOOP ( 'NONE', ( #202, #692, #641, #797, #1139, #1565, #1951, #11, #184, #127, #180, #1753 ) ) ;
#188 = LINE ( 'NONE', #1947, #1847 ) ;
#189 = CIRCLE ( 'NONE', #1826, 2.500000000000000000 ) ;
#190 = EDGE_CURVE ( 'NONE', #1774, #1946, #147, .T. ) ;
#191 = EDGE_LOOP ( 'NONE', ( #2040, #1653, #1196, #15, #828, #1954, #1073, #872, #62, #751, #670, #1300, #1456, #1025, #1162, #706, #1467, #1123, #1857, #385, #1302, #1487, #555, #1979, #1682, #1051, #328, #668, #790, #1068, #969, #1510, #1110, #1832, #637, #941, #1010, #349, #612, #1426, #926, #888, #1034, #1313 ) ) ;
#192 = VECTOR ( 'NONE', #1274, 100.0000000000000000 ) ;
#193 = LINE ( 'NONE', #664, #218 ) ;
#194 = VERTEX_POINT ( 'NONE', #323 ) ;
#195 = DIRECTION ( 'NONE',  ( 0.000000000000000000, -1.000000000000000000, 0.000000000000000000 ) ) ;
#196 = LINE ( 'NONE', #392, #368 ) ;
#197 = ORIENTED_EDGE ( 'NONE', *, *, #1211, .T. ) ;
#198 = ADVANCED_FACE ( 'NONE', ( #311 ), #1767, .F. ) ;
#199 = CARTESIAN_POINT ( 'NONE',  ( 0.000000000000000000, 0.000000000000000000, 0.000000000000000000 ) ) ;
#200 = ORIENTED_EDGE ( 'NONE', *, *, #1514, .F. ) ;
#201 = CARTESIAN_POINT ( 'NONE',  ( -18.00000000000000355, -0.3099999999999999978, 0.6350000000000000089 ) ) ;
#202 = ORIENTED_EDGE ( 'NONE', *, *, #682, .F. ) ;
#203 = CIRCLE ( 'NONE', #838, 0.3099999999999999978 ) ;
#204 = CARTESIAN_POINT ( 'NONE',  ( -20.00000000000000711, 0.4100000000000001421, 0.1349999999999999534 ) ) ;
#205 = CARTESIAN_POINT ( 'NONE',  ( -19.82000000000000384, 0.4100000000000000311, 0.1349999999999999534 ) ) ;
#206 = EDGE_LOOP ( 'NONE', ( #748, #1038, #1625, #84 ) ) ;
#207 = LINE ( 'NONE', #1788, #1448 ) ;
#208 = ORIENTED_EDGE ( 'NONE', *, *, #466, .T. ) ;
#209 = EDGE_CURVE ( 'NONE', #543, #1872, #1895, .T. ) ;
#210 = DIRECTION ( 'NONE',  ( 1.000000000000000000, -4.818676322157799347E-16, 0.000000000000000000 ) ) ;
#211 = EDGE_LOOP ( 'NONE', ( #605, #1563, #959, #1224 ) ) ;
#212 = CARTESIAN_POINT ( 'NONE',  ( -1.500000000000000222, 2.000000000000000444, 0.000000000000000000 ) ) ;
#213 = FACE_OUTER_BOUND ( 'NONE', #702, .T. ) ;
#214 = VERTEX_POINT ( 'NONE', #333 ) ;
#215 = PLANE ( 'NONE',  #551 ) ;
#216 = CARTESIAN_POINT ( 'NONE',  ( -17.59000000000000696, 2.000000000000000444, 0.6350000000000000089 ) ) ;
#217 = EDGE_LOOP ( 'NONE', ( #1451, #1747, #134, #1291, #1293 ) ) ;
#218 = VECTOR ( 'NONE', #346, 100.0000000000000000 ) ;
#219 = ADVANCED_FACE ( 'NONE', ( #1915 ), #456, .F. ) ;
#220 = VECTOR ( 'NONE', #110, 100.0000000000000000 ) ;
#221 = CARTESIAN_POINT ( 'NONE',  ( -18.00000000000000355, 0.000000000000000000, 0.000000000000000000 ) ) ;
#222 = VERTEX_POINT ( 'NONE', #444 ) ;
#223 = CARTESIAN_POINT ( 'NONE',  ( -16.50000000000000355, 2.000000000000000444, 0.000000000000000000 ) ) ;
#224 = VECTOR ( 'NONE', #1980, 100.0000000000000000 ) ;
#225 = EDGE_CURVE ( 'NONE', #777, #556, #1600, .T. ) ;
#226 = DIRECTION ( 'NONE',  ( 0.000000000000000000, 0.000000000000000000, 1.000000000000000000 ) ) ;
#227 = VERTEX_POINT ( 'NONE', #1394 ) ;
#228 = CARTESIAN_POINT ( 'NONE',  ( -20.00000000000000711, -0.4099999999999999201, 0.1349999999999999534 ) ) ;
#229 = DIRECTION ( 'NONE',  ( 0.000000000000000000, -1.000000000000000000, 0.000000000000000000 ) ) ;
#230 = ORIENTED_EDGE ( 'NONE', *, *, #375, .F. ) ;
#231 = ORIENTED_EDGE ( 'NONE', *, *, #1229, .F. ) ;
#232 = FACE_OUTER_BOUND ( 'NONE', #1176, .T. ) ;
#233 = ORIENTED_EDGE ( 'NONE', *, *, #567, .F. ) ;
#234 = DIRECTION ( 'NONE',  ( -0.000000000000000000, 0.000000000000000000, 1.000000000000000000 ) ) ;
#235 = MECHANICAL_DESIGN_GEOMETRIC_PRESENTATION_REPRESENTATION (  '', ( #2003 ), #1673 ) ;
#236 = FACE_OUTER_BOUND ( 'NONE', #1828, .T. ) ;
#237 = ORIENTED_EDGE ( 'NONE', *, *, #1237, .T. ) ;
#239 = CARTESIAN_POINT ( 'NONE',  ( -0.4100000000000000311, 2.000000000000000444, 0.1349999999999999534 ) ) ;
#238 = AXIS2_PLACEMENT_3D ( 'NONE', #1912, #477, #1108 ) ;
#240 = VERTEX_POINT ( 'NONE', #2038 ) ;
#241 = DIRECTION ( 'NONE',  ( 1.156482317317871725E-16, 1.000000000000000000, 0.000000000000000000 ) ) ;
#242 = ADVANCED_FACE ( 'NONE', ( #1083 ), #1094, .T. ) ;
#243 = CARTESIAN_POINT ( 'NONE',  ( -20.00000000000000711, 1.500000000000000666, 0.000000000000000000 ) ) ;
#244 = VERTEX_POINT ( 'NONE', #1820 ) ;
#245 = LINE ( 'NONE', #562, #1490 ) ;
#246 = CARTESIAN_POINT ( 'NONE',  ( -17.23204283310243312, 1.199999999999999956, 0.1349999999999999534 ) ) ;
#247 = VERTEX_POINT ( 'NONE', #1449 ) ;
#248 = EDGE_CURVE ( 'NONE', #732, #244, #1810, .T. ) ;
#249 = LINE ( 'NONE', #228, #884 ) ;
#250 = LINE ( 'NONE', #1882, #1287 ) ;
#251 = FACE_OUTER_BOUND ( 'NONE', #1956, .T. ) ;
#252 = DIRECTION ( 'NONE',  ( -0.000000000000000000, 0.000000000000000000, 1.000000000000000000 ) ) ;
#253 = AXIS2_PLACEMENT_3D ( 'NONE', #1454, #366, #1116 ) ;
#254 = DIRECTION ( 'NONE',  ( 0.000000000000000000, 1.000000000000000000, 0.000000000000000000 ) ) ;
#255 = VECTOR ( 'NONE', #114, 100.0000000000000000 ) ;
#256 = DIRECTION ( 'NONE',  ( 0.000000000000000000, -1.000000000000000000, 0.000000000000000000 ) ) ;
#257 = VERTEX_POINT ( 'NONE', #1462 ) ;
#258 = PLANE ( 'NONE',  #278 ) ;
#259 = DIRECTION ( 'NONE',  ( 3.067291018426574134E-16, -1.000000000000000000, 0.000000000000000000 ) ) ;
#260 = DIRECTION ( 'NONE',  ( 0.000000000000000000, -1.000000000000000000, 0.000000000000000000 ) ) ;
#261 = VECTOR ( 'NONE', #1228, 100.0000000000000000 ) ;
#262 = CARTESIAN_POINT ( 'NONE',  ( -16.50000000000000355, 2.000000000000000444, 0.000000000000000000 ) ) ;
#263 = FILL_AREA_STYLE ('',( #1212 ) ) ;
#264 = ADVANCED_FACE ( 'NONE', ( #53, #344, #989 ), #1301, .F. ) ;
#265 = ORIENTED_EDGE ( 'NONE', *, *, #567, .T. ) ;
#266 = DIRECTION ( 'NONE',  ( 1.000000000000000000, 0.000000000000000000, 0.000000000000000000 ) ) ;
#267 = CARTESIAN_POINT ( 'NONE',  ( -16.63500000000000512, 16.63499999999999801, 0.3175000000000000044 ) ) ;
#268 = DIRECTION ( 'NONE',  ( 1.000000000000000000, 1.931257307898213426E-16, 0.000000000000000000 ) ) ;
#269 = LINE ( 'NONE', #1384, #1722 ) ;
#270 = EDGE_CURVE ( 'NONE', #1674, #5, #188, .T. ) ;
#271 =( NAMED_UNIT ( * ) SI_UNIT ( $, .STERADIAN. ) SOLID_ANGLE_UNIT ( ) );
#272 = CARTESIAN_POINT ( 'NONE',  ( -20.00000000000000711, 1.364999999999998437, 0.3175000000000000044 ) ) ;
#273 = VERTEX_POINT ( 'NONE', #501 ) ;
#274 = LINE ( 'NONE', #626, #2042 ) ;
#275 = PLANE ( 'NONE',  #1555 ) ;
#276 = ORIENTED_EDGE ( 'NONE', *, *, #1387, .F. ) ;
#277 = CARTESIAN_POINT ( 'NONE',  ( -34.63500000000000512, 1.365000000000001101, 0.3175000000000000044 ) ) ;
#278 = AXIS2_PLACEMENT_3D ( 'NONE', #573, #93, #1369 ) ;
#279 = EDGE_LOOP ( 'NONE', ( #564, #1873, #511, #1447 ) ) ;
#280 = EDGE_CURVE ( 'NONE', #1014, #681, #977, .T. ) ;
#281 = CARTESIAN_POINT ( 'NONE',  ( -1.364999999999998215, 1.364999999999999991, 0.6350000000000000089 ) ) ;
#282 = EDGE_CURVE ( 'NONE', #154, #1440, #1624, .T. ) ;
#283 = DIRECTION ( 'NONE',  ( 0.000000000000000000, 0.000000000000000000, 1.000000000000000000 ) ) ;
#284 = VECTOR ( 'NONE', #695, 100.0000000000000142 ) ;
#285 = CARTESIAN_POINT ( 'NONE',  ( 0.000000000000000000, 0.000000000000000000, 0.6350000000000000089 ) ) ;
#286 = VERTEX_POINT ( 'NONE', #832 ) ;
#287 = VECTOR ( 'NONE', #1591, 100.0000000000000000 ) ;
#288 = CARTESIAN_POINT ( 'NONE',  ( 0.7679571668975722076, 1.199999999999999956, 0.1349999999999999534 ) ) ;
#289 = EDGE_CURVE ( 'NONE', #1700, #467, #515, .T. ) ;
#290 = PLANE ( 'NONE',  #29 ) ;
#291 = VERTEX_POINT ( 'NONE', #1973 ) ;
#292 = DIRECTION ( 'NONE',  ( 1.931257307898213426E-16, -1.000000000000000000, 0.000000000000000000 ) ) ;
#293 = VERTEX_POINT ( 'NONE', #824 ) ;
#294 = CARTESIAN_POINT ( 'NONE',  ( -1.364999999999998215, 2.000000000000000444, 0.3175000000000000044 ) ) ;
#295 = DIRECTION ( 'NONE',  ( 0.000000000000000000, 1.000000000000000000, 0.000000000000000000 ) ) ;
#296 = VERTEX_POINT ( 'NONE', #37 ) ;
#297 = DIRECTION ( 'NONE',  ( 3.067291018426574134E-16, -1.000000000000000000, 0.000000000000000000 ) ) ;
#298 = LINE ( 'NONE', #799, #1628 ) ;
#299 = ORIENTED_EDGE ( 'NONE', *, *, #1450, .T. ) ;
#300 = PLANE ( 'NONE',  #1594 ) ;
#301 = VECTOR ( 'NONE', #1582, 100.0000000000000000 ) ;
#302 = ORIENTED_EDGE ( 'NONE', *, *, #1957, .T. ) ;
#303 = DIRECTION ( 'NONE',  ( -1.000000000000000000, -2.312964634635742957E-16, 0.000000000000000000 ) ) ;
#304 = EDGE_CURVE ( 'NONE', #1280, #634, #1964, .T. ) ;
#305 = CARTESIAN_POINT ( 'NONE',  ( 16.63499999999999801, 1.365000000000001101, 0.3175000000000000044 ) ) ;
#306 = EDGE_LOOP ( 'NONE', ( #1414, #144, #2, #1556 ) ) ;
#307 = DIRECTION ( 'NONE',  ( -1.249637081581196951E-16, 1.000000000000000000, 0.000000000000000000 ) ) ;
#308 = EDGE_CURVE ( 'NONE', #744, #27, #207, .T. ) ;
#309 = CARTESIAN_POINT ( 'NONE',  ( -20.00000000000000711, -1.365000000000000213, 0.6350000000000000089 ) ) ;
#310 = VERTEX_POINT ( 'NONE', #1174 ) ;
#311 = FACE_OUTER_BOUND ( 'NONE', #1737, .T. ) ;
#312 = ORIENTED_EDGE ( 'NONE', *, *, #1921, .T. ) ;
#313 = CARTESIAN_POINT ( 'NONE',  ( -20.00000000000000711, -1.499999999999999778, 0.000000000000000000 ) ) ;
#314 = EDGE_CURVE ( 'NONE', #665, #804, #1317, .T. ) ;
#315 = CARTESIAN_POINT ( 'NONE',  ( 1.365000000000002212, -16.63499999999999801, 0.3175000000000000044 ) ) ;
#316 = EDGE_CURVE ( 'NONE', #1924, #526, #178, .T. ) ;
#317 = VECTOR ( 'NONE', #991, 100.0000000000000000 ) ;
#318 = ORIENTED_EDGE ( 'NONE', *, *, #1023, .F. ) ;
#319 = DIRECTION ( 'NONE',  ( 0.000000000000000000, 0.000000000000000000, -1.000000000000000000 ) ) ;
#320 = FACE_OUTER_BOUND ( 'NONE', #2029, .T. ) ;
#321 = VERTEX_POINT ( 'NONE', #1310 ) ;
#322 = EDGE_CURVE ( 'NONE', #1338, #1714, #372, .T. ) ;
#323 = CARTESIAN_POINT ( 'NONE',  ( -19.50000000000000711, -2.000000000000000000, 0.000000000000000000 ) ) ;
#324 = ORIENTED_EDGE ( 'NONE', *, *, #1445, .F. ) ;
#325 = DIRECTION ( 'NONE',  ( 0.000000000000000000, 0.000000000000000000, -1.000000000000000000 ) ) ;
#326 = VECTOR ( 'NONE', #1314, 100.0000000000000000 ) ;
#327 = CARTESIAN_POINT ( 'NONE',  ( -18.62000000000000455, -0.5700000000000000622, 0.6350000000000000089 ) ) ;
#328 = ORIENTED_EDGE ( 'NONE', *, *, #1661, .T. ) ;
#329 = LINE ( 'NONE', #350, #1593 ) ;
#330 = EDGE_CURVE ( 'NONE', #148, #1306, #522, .T. ) ;
#331 = CARTESIAN_POINT ( 'NONE',  ( -18.00000000000000355, 0.000000000000000000, 0.3175000000000000044 ) ) ;
#332 = VERTEX_POINT ( 'NONE', #1799 ) ;
#333 = CARTESIAN_POINT ( 'NONE',  ( -18.62000000000000455, -0.5700000000000000622, 0.6350000000000000089 ) ) ;
#334 = ORIENTED_EDGE ( 'NONE', *, *, #1209, .F. ) ;
#335 = CARTESIAN_POINT ( 'NONE',  ( -19.20000000000000639, -0.7679571668975718746, 0.1349999999999999534 ) ) ;
#336 = VECTOR ( 'NONE', #1858, 100.0000000000000000 ) ;
#337 = DIRECTION ( 'NONE',  ( 0.000000000000000000, 0.000000000000000000, 1.000000000000000000 ) ) ;
#338 = AXIS2_PLACEMENT_3D ( 'NONE', #520, #1818, #69 ) ;
#339 = EDGE_LOOP ( 'NONE', ( #1850, #825, #948, #841 ) ) ;
#340 = PLANE ( 'NONE',  #1762 ) ;
#341 = ADVANCED_FACE ( 'NONE', ( #364 ), #1612, .T. ) ;
#342 = DIRECTION ( 'NONE',  ( -1.000000000000000000, 0.000000000000000000, 0.000000000000000000 ) ) ;
#343 = VERTEX_POINT ( 'NONE', #1163 ) ;
#344 = FACE_BOUND ( 'NONE', #1383, .T. ) ;
#345 = ORIENTED_EDGE ( 'NONE', *, *, #270, .F. ) ;
#346 = DIRECTION ( 'NONE',  ( 0.000000000000000000, -1.000000000000000000, 0.000000000000000000 ) ) ;
#347 = ADVANCED_FACE ( 'NONE', ( #1005 ), #215, .F. ) ;
#348 = VECTOR ( 'NONE', #1833, 100.0000000000000000 ) ;
#349 = ORIENTED_EDGE ( 'NONE', *, *, #1023, .T. ) ;
#350 = CARTESIAN_POINT ( 'NONE',  ( -1.849106203007280014, 1.682500000000000329, 0.6350000000000000089 ) ) ;
#351 = ADVANCED_FACE ( 'NONE', ( #813 ), #1339, .F. ) ;
#352 = LINE ( 'NONE', #698, #873 ) ;
#353 = ORIENTED_EDGE ( 'NONE', *, *, #1976, .T. ) ;
#354 = DIRECTION ( 'NONE',  ( 1.000000000000000000, 0.000000000000000000, 0.000000000000000000 ) ) ;
#355 = PRODUCT_DEFINITION_SHAPE ( 'NONE', 'NONE',  #140 ) ;
#356 = VECTOR ( 'NONE', #716, 100.0000000000000000 ) ;
#357 = ORIENTED_EDGE ( 'NONE', *, *, #1567, .F. ) ;
#358 = AXIS2_PLACEMENT_3D ( 'NONE', #2017, #1096, #1407 ) ;
#359 = PLANE ( 'NONE',  #724 ) ;
#360 = ORIENTED_EDGE ( 'NONE', *, *, #1536, .T. ) ;
#361 = FACE_OUTER_BOUND ( 'NONE', #762, .T. ) ;
#362 = CARTESIAN_POINT ( 'NONE',  ( -20.00000000000000711, -0.4099999999999999201, 0.1349999999999999534 ) ) ;
#363 = VERTEX_POINT ( 'NONE', #1030 ) ;
#364 = FACE_OUTER_BOUND ( 'NONE', #1995, .T. ) ;
#365 = ORIENTED_EDGE ( 'NONE', *, *, #109, .F. ) ;
#366 = DIRECTION ( 'NONE',  ( -4.818676322157798361E-16, 1.000000000000000000, 0.000000000000000000 ) ) ;
#367 = ORIENTED_EDGE ( 'NONE', *, *, #1285, .T. ) ;
#368 = VECTOR ( 'NONE', #1785, 100.0000000000000000 ) ;
#369 = CARTESIAN_POINT ( 'NONE',  ( -19.82000000000000384, 0.4100000000000000311, 0.1349999999999999534 ) ) ;
#370 = CARTESIAN_POINT ( 'NONE',  ( 1.820000000000000506, 0.4100000000000000311, 0.6350000000000000089 ) ) ;
#371 = ORIENTED_EDGE ( 'NONE', *, *, #1065, .T. ) ;
#372 = LINE ( 'NONE', #1955, #183 ) ;
#373 = FACE_OUTER_BOUND ( 'NONE', #1781, .T. ) ;
#374 = EDGE_LOOP ( 'NONE', ( #1997, #1477, #737, #1104 ) ) ;
#375 = EDGE_CURVE ( 'NONE', #800, #1774, #1377, .T. ) ;
#376 = DIRECTION ( 'NONE',  ( 0.000000000000000000, 0.000000000000000000, 1.000000000000000000 ) ) ;
#377 = ORIENTED_EDGE ( 'NONE', *, *, #1077, .T. ) ;
#378 = DIRECTION ( 'NONE',  ( 0.000000000000000000, 0.000000000000000000, 1.000000000000000000 ) ) ;
#379 = EDGE_CURVE ( 'NONE', #1946, #518, #721, .T. ) ;
#380 = CARTESIAN_POINT ( 'NONE',  ( 2.000000000000000444, -0.4099999999999999201, 0.6350000000000000089 ) ) ;
#381 = ORIENTED_EDGE ( 'NONE', *, *, #1485, .F. ) ;
#382 = DIRECTION ( 'NONE',  ( 0.000000000000000000, 0.000000000000000000, 1.000000000000000000 ) ) ;
#383 = CARTESIAN_POINT ( 'NONE',  ( -18.00000000000000355, 0.000000000000000000, 0.000000000000000000 ) ) ;
#384 = EDGE_CURVE ( 'NONE', #526, #310, #403, .T. ) ;
#385 = ORIENTED_EDGE ( 'NONE', *, *, #1943, .F. ) ;
#386 = VECTOR ( 'NONE', #1803, 100.0000000000000000 ) ;
#387 = VECTOR ( 'NONE', #793, 100.0000000000000000 ) ;
#388 = DIRECTION ( 'NONE',  ( 0.000000000000000000, -1.000000000000000000, 0.000000000000000000 ) ) ;
#389 = EDGE_LOOP ( 'NONE', ( #57, #1141, #1579, #956 ) ) ;
#390 = FACE_OUTER_BOUND ( 'NONE', #95, .T. ) ;
#391 = ADVANCED_FACE ( 'NONE', ( #113 ), #105, .F. ) ;
#392 = CARTESIAN_POINT ( 'NONE',  ( -17.59000000000000696, 2.000000000000000444, 0.6350000000000000089 ) ) ;
#393 = ORIENTED_EDGE ( 'NONE', *, *, #395, .T. ) ;
#394 = CARTESIAN_POINT ( 'NONE',  ( -20.00000000000000711, -0.4099999999999999201, 0.1349999999999999534 ) ) ;
#395 = EDGE_CURVE ( 'NONE', #518, #151, #554, .T. ) ;
#396 = LINE ( 'NONE', #1846, #1802 ) ;
#397 = DIRECTION ( 'NONE',  ( 0.000000000000000000, 1.000000000000000000, 0.000000000000000000 ) ) ;
#398 = ADVANCED_FACE ( 'NONE', ( #1039 ), #258, .F. ) ;
#399 = ORIENTED_EDGE ( 'NONE', *, *, #19, .F. ) ;
#400 = SURFACE_SIDE_STYLE ('',( #903 ) ) ;
#401 = CARTESIAN_POINT ( 'NONE',  ( -18.41000000000000369, 2.000000000000000444, 0.1349999999999999534 ) ) ;
#402 = ORIENTED_EDGE ( 'NONE', *, *, #1241, .F. ) ;
#403 = LINE ( 'NONE', #72, #617 ) ;
#404 = EDGE_CURVE ( 'NONE', #79, #1919, #249, .T. ) ;
#405 = LINE ( 'NONE', #2015, #124 ) ;
#406 = EDGE_LOOP ( 'NONE', ( #534, #1482 ) ) ;
#407 = DIRECTION ( 'NONE',  ( 0.000000000000000000, 1.000000000000000000, 0.000000000000000000 ) ) ;
#408 = DIRECTION ( 'NONE',  ( -1.000000000000000000, 0.000000000000000000, 0.000000000000000000 ) ) ;
#409 = CARTESIAN_POINT ( 'NONE',  ( -18.41000000000000369, 1.820000000000000506, 0.1349999999999999534 ) ) ;
#410 = ORIENTED_EDGE ( 'NONE', *, *, #703, .T. ) ;
#411 = DIRECTION ( 'NONE',  ( 0.000000000000000000, -1.000000000000000000, 0.000000000000000000 ) ) ;
#412 = DIRECTION ( 'NONE',  ( -1.000000000000000000, 0.000000000000000000, 0.000000000000000000 ) ) ;
#413 = ORIENTED_EDGE ( 'NONE', *, *, #67, .F. ) ;
#414 = DIRECTION ( 'NONE',  ( -0.000000000000000000, 0.000000000000000000, 1.000000000000000000 ) ) ;
#415 = CARTESIAN_POINT ( 'NONE',  ( 1.200000000000000622, 0.7679571668975720966, 0.1349999999999999534 ) ) ;
#416 = DIRECTION ( 'NONE',  ( 0.000000000000000000, -1.000000000000000000, 0.000000000000000000 ) ) ;
#417 = ORIENTED_EDGE ( 'NONE', *, *, #1165, .F. ) ;
#419 = CARTESIAN_POINT ( 'NONE',  ( 1.365000000000002212, -1.999999999999999112, 0.3175000000000000044 ) ) ;
#418 = VECTOR ( 'NONE', #829, 100.0000000000000000 ) ;
#420 = VECTOR ( 'NONE', #761, 100.0000000000000000 ) ;
#421 = FACE_OUTER_BOUND ( 'NONE', #1750, .T. ) ;
#422 = CARTESIAN_POINT ( 'NONE',  ( -16.63500000000000512, 2.000000000000000444, 0.000000000000000000 ) ) ;
#423 = EDGE_CURVE ( 'NONE', #1119, #1977, #2024, .T. ) ;
#424 = VECTOR ( 'NONE', #1564, 100.0000000000000000 ) ;
#425 = CARTESIAN_POINT ( 'NONE',  ( -34.63500000000000512, -1.364999999999998437, 0.6350000000000000089 ) ) ;
#426 = CARTESIAN_POINT ( 'NONE',  ( -18.00000000000000355, 0.000000000000000000, 0.6350000000000000089 ) ) ;
#427 =( LENGTH_UNIT ( ) NAMED_UNIT ( * ) SI_UNIT ( .CENTI., .METRE. ) );
#428 = ORIENTED_EDGE ( 'NONE', *, *, #1588, .F. ) ;
#429 = CARTESIAN_POINT ( 'NONE',  ( -19.36500000000000554, -1.365000000000000213, 0.6350000000000000089 ) ) ;
#430 = ADVANCED_FACE ( 'NONE', ( #738 ), #565, .F. ) ;
#431 = DIRECTION ( 'NONE',  ( 0.000000000000000000, 0.000000000000000000, 1.000000000000000000 ) ) ;
#432 = VECTOR ( 'NONE', #952, 100.0000000000000000 ) ;
#433 = VERTEX_POINT ( 'NONE', #1204 ) ;
#434 = PLANE ( 'NONE',  #98 ) ;
#435 = ORIENTED_EDGE ( 'NONE', *, *, #1065, .F. ) ;
#436 = DIRECTION ( 'NONE',  ( 0.000000000000000000, 0.000000000000000000, 1.000000000000000000 ) ) ;
#437 = ADVANCED_FACE ( 'NONE', ( #878 ), #1511, .F. ) ;
#438 = CARTESIAN_POINT ( 'NONE',  ( -20.00000000000000711, 1.500000000000000666, 0.6350000000000000089 ) ) ;
#439 = FACE_OUTER_BOUND ( 'NONE', #1184, .T. ) ;
#440 = ORIENTED_EDGE ( 'NONE', *, *, #248, .T. ) ;
#441 = DIRECTION ( 'NONE',  ( -2.312964634635742957E-16, 1.000000000000000000, 0.000000000000000000 ) ) ;
#442 = LINE ( 'NONE', #94, #558 ) ;
#443 = ORIENTED_EDGE ( 'NONE', *, *, #1295, .T. ) ;
#444 = CARTESIAN_POINT ( 'NONE',  ( 1.200000000000000622, -0.7679571668975718746, 0.6350000000000000089 ) ) ;
#445 = VECTOR ( 'NONE', #680, 100.0000000000000000 ) ;
#446 = VERTEX_POINT ( 'NONE', #1214 ) ;
#447 = DIRECTION ( 'NONE',  ( 0.000000000000000000, 0.000000000000000000, 1.000000000000000000 ) ) ;
#448 = CARTESIAN_POINT ( 'NONE',  ( 1.500000000000000666, -2.000000000000000000, 0.6350000000000000089 ) ) ;
#449 = VECTOR ( 'NONE', #827, 100.0000000000000000 ) ;
#450 = EDGE_LOOP ( 'NONE', ( #2037, #1502, #530, #996 ) ) ;
#451 = VECTOR ( 'NONE', #1552, 100.0000000000000000 ) ;
#452 = LINE ( 'NONE', #768, #432 ) ;
#453 = DIRECTION ( 'NONE',  ( 1.000000000000000000, -4.818676322157798361E-16, 0.000000000000000000 ) ) ;
#454 = ADVANCED_FACE ( 'NONE', ( #1691 ), #1540, .T. ) ;
#455 = VERTEX_POINT ( 'NONE', #1049 ) ;
#456 = PLANE ( 'NONE',  #1319 ) ;
#457 = ORIENTED_EDGE ( 'NONE', *, *, #1077, .F. ) ;
#458 = PLANE ( 'NONE',  #1255 ) ;
#459 = VECTOR ( 'NONE', #1835, 100.0000000000000000 ) ;
#460 = DIRECTION ( 'NONE',  ( 0.000000000000000000, 0.000000000000000000, 1.000000000000000000 ) ) ;
#461 = EDGE_CURVE ( 'NONE', #1479, #1464, #1996, .T. ) ;
#462 = VERTEX_POINT ( 'NONE', #419 ) ;
#463 = FACE_BOUND ( 'NONE', #406, .T. ) ;
#464 = EDGE_CURVE ( 'NONE', #1331, #717, #1875, .T. ) ;
#465 = DIRECTION ( 'NONE',  ( 0.000000000000000000, -1.000000000000000000, 0.000000000000000000 ) ) ;
#466 = EDGE_CURVE ( 'NONE', #665, #343, #1059, .T. ) ;
#467 = VERTEX_POINT ( 'NONE', #592 ) ;
#468 = PLANE ( 'NONE',  #789 ) ;
#469 = AXIS2_PLACEMENT_3D ( 'NONE', #1121, #627, #1765 ) ;
#470 = ORIENTED_EDGE ( 'NONE', *, *, #270, .T. ) ;
#471 = DIRECTION ( 'NONE',  ( 0.000000000000000000, 0.000000000000000000, 1.000000000000000000 ) ) ;
#472 = PRODUCT_DEFINITION_FORMATION_WITH_SPECIFIED_SOURCE ( 'ANY', '', #1016, .NOT_KNOWN. ) ;
#473 = EDGE_CURVE ( 'NONE', #766, #526, #1225, .T. ) ;
#474 = DIRECTION ( 'NONE',  ( 0.5000000000000042188, 0.8660254037844361541, 0.000000000000000000 ) ) ;
#475 = ADVANCED_FACE ( 'NONE', ( #1433, #1902, #463 ), #1069, .T. ) ;
#476 = EDGE_LOOP ( 'NONE', ( #538, #1667, #684, #156 ) ) ;
#477 = DIRECTION ( 'NONE',  ( 0.000000000000000000, 0.000000000000000000, -1.000000000000000000 ) ) ;
#478 = CARTESIAN_POINT ( 'NONE',  ( 2.000000000000001776, -1.365000000000000213, 0.6350000000000000089 ) ) ;
#479 = ORIENTED_EDGE ( 'NONE', *, *, #1621, .T. ) ;
#480 = CARTESIAN_POINT ( 'NONE',  ( -1.364999999999998215, 1.364999999999999991, 0.3175000000000000044 ) ) ;
#481 = ORIENTED_EDGE ( 'NONE', *, *, #322, .F. ) ;
#482 = DIRECTION ( 'NONE',  ( 0.000000000000000000, 0.000000000000000000, -1.000000000000000000 ) ) ;
#483 = EDGE_CURVE ( 'NONE', #1327, #286, #274, .T. ) ;
#484 = CARTESIAN_POINT ( 'NONE',  ( -1.364999999999998215, 1.364999999999999991, 0.3175000000000000044 ) ) ;
#485 = VECTOR ( 'NONE', #1854, 100.0000000000000000 ) ;
#486 = ORIENTED_EDGE ( 'NONE', *, *, #1485, .T. ) ;
#487 = FACE_OUTER_BOUND ( 'NONE', #905, .T. ) ;
#488 = VECTOR ( 'NONE', #1175, 100.0000000000000000 ) ;
#489 = DIRECTION ( 'NONE',  ( -1.000000000000000000, 0.000000000000000000, -0.000000000000000000 ) ) ;
#490 = ORIENTED_EDGE ( 'NONE', *, *, #225, .F. ) ;
#491 = CARTESIAN_POINT ( 'NONE',  ( -18.41000000000000369, 2.000000000000000444, 0.1349999999999999534 ) ) ;
#492 = ORIENTED_EDGE ( 'NONE', *, *, #502, .F. ) ;
#493 = ADVANCED_FACE ( 'NONE', ( #145 ), #1868, .F. ) ;
#494 = CARTESIAN_POINT ( 'NONE',  ( -18.41000000000000369, 1.820000000000000506, 0.6350000000000000089 ) ) ;
#495 = AXIS2_PLACEMENT_3D ( 'NONE', #1849, #1697, #1346 ) ;
#496 = CARTESIAN_POINT ( 'NONE',  ( -18.00000000000000355, 0.000000000000000000, 0.1349999999999999534 ) ) ;
#497 = ORIENTED_EDGE ( 'NONE', *, *, #404, .T. ) ;
#498 = CARTESIAN_POINT ( 'NONE',  ( -18.00000000000000355, 0.000000000000000000, 0.6350000000000000089 ) ) ;
#499 = DIRECTION ( 'NONE',  ( -0.000000000000000000, 0.000000000000000000, 1.000000000000000000 ) ) ;
#500 = ORIENTED_EDGE ( 'NONE', *, *, #1514, .T. ) ;
#501 = CARTESIAN_POINT ( 'NONE',  ( 2.000000000000000444, 0.4100000000000001421, 0.1349999999999999534 ) ) ;
#502 = EDGE_CURVE ( 'NONE', #244, #291, #2046, .T. ) ;
#503 = VERTEX_POINT ( 'NONE', #429 ) ;
#504 = AXIS2_PLACEMENT_3D ( 'NONE', #1026, #1569, #1232 ) ;
#505 = ADVANCED_FACE ( 'NONE', ( #613 ), #1079, .F. ) ;
#506 = VECTOR ( 'NONE', #135, 100.0000000000000000 ) ;
#507 = DIRECTION ( 'NONE',  ( -0.8660254037844360431, 0.5000000000000042188, 0.000000000000000000 ) ) ;
#508 = CIRCLE ( 'NONE', #1505, 2.500000000000000000 ) ;
#509 = AXIS2_PLACEMENT_3D ( 'NONE', #199, #1937, #25 ) ;
#510 = EDGE_CURVE ( 'NONE', #717, #433, #645, .T. ) ;
#511 = ORIENTED_EDGE ( 'NONE', *, *, #1574, .F. ) ;
#512 = CARTESIAN_POINT ( 'NONE',  ( -19.50000000000000711, -2.000000000000000000, 0.000000000000000000 ) ) ;
#513 = DIRECTION ( 'NONE',  ( 0.000000000000000000, 1.000000000000000000, 0.000000000000000000 ) ) ;
#514 = EDGE_LOOP ( 'NONE', ( #1253, #1257, #2045, #868 ) ) ;
#515 = LINE ( 'NONE', #1478, #1986 ) ;
#516 = VERTEX_POINT ( 'NONE', #2056 ) ;
#517 = FACE_OUTER_BOUND ( 'NONE', #549, .T. ) ;
#518 = VERTEX_POINT ( 'NONE', #1891 ) ;
#519 = FACE_OUTER_BOUND ( 'NONE', #389, .T. ) ;
#520 = CARTESIAN_POINT ( 'NONE',  ( -20.00000000000000711, 0.4100000000000001421, 0.1349999999999999534 ) ) ;
#521 = ORIENTED_EDGE ( 'NONE', *, *, #1491, .F. ) ;
#522 = LINE ( 'NONE', #1155, #1887 ) ;
#523 = ORIENTED_EDGE ( 'NONE', *, *, #1201, .T. ) ;
#524 = AXIS2_PLACEMENT_3D ( 'NONE', #267, #907, #747 ) ;
#525 = PLANE ( 'NONE',  #750 ) ;
#526 = VERTEX_POINT ( 'NONE', #1721 ) ;
#527 = LINE ( 'NONE', #1160, #158 ) ;
#528 = DIRECTION ( 'NONE',  ( 1.000000000000000000, 2.312964634635742957E-16, 0.000000000000000000 ) ) ;
#529 = VECTOR ( 'NONE', #919, 100.0000000000000000 ) ;
#530 = ORIENTED_EDGE ( 'NONE', *, *, #2050, .T. ) ;
#531 = CARTESIAN_POINT ( 'NONE',  ( -1.500000000000000222, 2.000000000000000444, 0.000000000000000000 ) ) ;
#532 = PLANE ( 'NONE',  #753 ) ;
#533 = ADVANCED_FACE ( 'NONE', ( #1549 ), #1390, .F. ) ;
#534 = ORIENTED_EDGE ( 'NONE', *, *, #611, .T. ) ;
#535 = CARTESIAN_POINT ( 'NONE',  ( -18.41000000000000369, 2.000000000000000444, 0.6350000000000000089 ) ) ;
#536 = EDGE_CURVE ( 'NONE', #654, #1599, #705, .T. ) ;
#537 = AXIS2_PLACEMENT_3D ( 'NONE', #1743, #778, #1572 ) ;
#538 = ORIENTED_EDGE ( 'NONE', *, *, #541, .T. ) ;
#539 = VECTOR ( 'NONE', #1879, 100.0000000000000000 ) ;
#540 = CARTESIAN_POINT ( 'NONE',  ( -19.36500000000000554, -16.63499999999999801, 0.3175000000000000044 ) ) ;
#541 = EDGE_CURVE ( 'NONE', #343, #654, #602, .T. ) ;
#542 = DIRECTION ( 'NONE',  ( 0.000000000000000000, 0.000000000000000000, 1.000000000000000000 ) ) ;
#543 = VERTEX_POINT ( 'NONE', #152 ) ;
#544 = DIRECTION ( 'NONE',  ( 1.000000000000000000, 0.000000000000000000, 0.000000000000000000 ) ) ;
#545 = LINE ( 'NONE', #1917, #725 ) ;
#546 = ORIENTED_EDGE ( 'NONE', *, *, #1949, .F. ) ;
#547 = CARTESIAN_POINT ( 'NONE',  ( 2.000000000000000444, -1.499999999999999334, 0.3175000000000000044 ) ) ;
#548 = EDGE_CURVE ( 'NONE', #634, #808, #1258, .T. ) ;
#549 = EDGE_LOOP ( 'NONE', ( #939, #230, #648, #200, #399, #990 ) ) ;
#550 = FACE_OUTER_BOUND ( 'NONE', #1001, .T. ) ;
#551 = AXIS2_PLACEMENT_3D ( 'NONE', #854, #1488, #63 ) ;
#552 = CARTESIAN_POINT ( 'NONE',  ( 0.4100000000000000311, 2.000000000000000444, 0.1349999999999999534 ) ) ;
#553 = EDGE_LOOP ( 'NONE', ( #1819, #1085, #1634, #299 ) ) ;
#554 = LINE ( 'NONE', #1185, #980 ) ;
#555 = ORIENTED_EDGE ( 'NONE', *, *, #1504, .F. ) ;
#556 = VERTEX_POINT ( 'NONE', #758 ) ;
#557 = AXIS2_PLACEMENT_3D ( 'NONE', #1749, #924, #295 ) ;
#558 = VECTOR ( 'NONE', #731, 100.0000000000000000 ) ;
#559 = CARTESIAN_POINT ( 'NONE',  ( 0.000000000000000000, 0.000000000000000000, 0.3175000000000000044 ) ) ;
#560 = EDGE_CURVE ( 'NONE', #194, #296, #452, .T. ) ;
#561 = VERTEX_POINT ( 'NONE', #1585 ) ;
#562 = CARTESIAN_POINT ( 'NONE',  ( -0.4099999999999999201, 1.820000000000000506, 0.1349999999999999534 ) ) ;
#563 = DIRECTION ( 'NONE',  ( -0.000000000000000000, 0.000000000000000000, 1.000000000000000000 ) ) ;
#564 = ORIENTED_EDGE ( 'NONE', *, *, #1900, .T. ) ;
#565 = PLANE ( 'NONE',  #915 ) ;
#566 = DIRECTION ( 'NONE',  ( 0.5000000000000042188, -0.8660254037844362651, 0.000000000000000000 ) ) ;
#567 = EDGE_CURVE ( 'NONE', #79, #1587, #2035, .T. ) ;
#568 = DIRECTION ( 'NONE',  ( 0.000000000000000000, -1.000000000000000000, 0.000000000000000000 ) ) ;
#569 = CYLINDRICAL_SURFACE ( 'NONE', #1055, 2.500000000000000000 ) ;
#570 = VECTOR ( 'NONE', #911, 100.0000000000000000 ) ;
#571 = CYLINDRICAL_SURFACE ( 'NONE', #1876, 2.500000000000000000 ) ;
#572 = ORIENTED_EDGE ( 'NONE', *, *, #1807, .T. ) ;
#573 = CARTESIAN_POINT ( 'NONE',  ( -20.00000000000000711, 1.500000000000000666, 0.000000000000000000 ) ) ;
#574 = DIRECTION ( 'NONE',  ( -1.000000000000000000, 1.931257307898213426E-16, 0.000000000000000000 ) ) ;
#575 = FACE_OUTER_BOUND ( 'NONE', #374, .T. ) ;
#576 = CARTESIAN_POINT ( 'NONE',  ( 1.364999999999999769, 2.000000000000000444, 0.000000000000000000 ) ) ;
#577 = CARTESIAN_POINT ( 'NONE',  ( 0.000000000000000000, 0.000000000000000000, 0.1349999999999999534 ) ) ;
#578 = DIRECTION ( 'NONE',  ( 0.000000000000000000, -1.000000000000000000, 0.000000000000000000 ) ) ;
#579 = ORIENTED_EDGE ( 'NONE', *, *, #715, .T. ) ;
#580 = EDGE_CURVE ( 'NONE', #608, #808, #1424, .T. ) ;
#581 = DIRECTION ( 'NONE',  ( 4.818676322157798361E-16, -1.000000000000000000, 0.000000000000000000 ) ) ;
#582 = LINE ( 'NONE', #1216, #255 ) ;
#583 = CARTESIAN_POINT ( 'NONE',  ( -19.82000000000000384, -0.4099999999999998646, 0.1349999999999999534 ) ) ;
#584 = CIRCLE ( 'NONE', #1551, 2.500000000000000000 ) ;
#585 = CARTESIAN_POINT ( 'NONE',  ( -1.500000000000000222, 2.000000000000000444, 0.3175000000000000044 ) ) ;
#586 = VECTOR ( 'NONE', #867, 100.0000000000000000 ) ;
#587 = CARTESIAN_POINT ( 'NONE',  ( -19.50000000000000711, -2.000000000000000000, 0.6350000000000000089 ) ) ;
#588 = ADVANCED_FACE ( 'NONE', ( #1881 ), #1236, .T. ) ;
#589 = DIRECTION ( 'NONE',  ( -1.000000000000000000, -4.818676322157798361E-16, 0.000000000000000000 ) ) ;
#590 = ORIENTED_EDGE ( 'NONE', *, *, #38, .T. ) ;
#592 = CARTESIAN_POINT ( 'NONE',  ( 1.820000000000000506, -0.4099999999999998646, 0.1349999999999999534 ) ) ;
#591 = AXIS2_PLACEMENT_3D ( 'NONE', #1999, #1496, #874 ) ;
#593 = LINE ( 'NONE', #1081, #857 ) ;
#594 = ORIENTED_EDGE ( 'NONE', *, *, #1354, .T. ) ;
#595 = CARTESIAN_POINT ( 'NONE',  ( 2.000000000000000444, -0.4099999999999999201, 0.1349999999999999534 ) ) ;
#596 = EDGE_CURVE ( 'NONE', #1938, #1766, #163, .T. ) ;
#597 = ORIENTED_EDGE ( 'NONE', *, *, #2043, .F. ) ;
#598 = DIRECTION ( 'NONE',  ( -0.000000000000000000, 0.000000000000000000, 1.000000000000000000 ) ) ;
#599 = DIRECTION ( 'NONE',  ( 0.000000000000000000, 1.000000000000000000, 0.000000000000000000 ) ) ;
#600 = LINE ( 'NONE', #1708, #539 ) ;
#601 = ORIENTED_EDGE ( 'NONE', *, *, #308, .F. ) ;
#602 = LINE ( 'NONE', #1247, #1399 ) ;
#603 = DIRECTION ( 'NONE',  ( -0.000000000000000000, 0.000000000000000000, 1.000000000000000000 ) ) ;
#604 = VECTOR ( 'NONE', #1733, 100.0000000000000000 ) ;
#605 = ORIENTED_EDGE ( 'NONE', *, *, #330, .F. ) ;
#606 = CARTESIAN_POINT ( 'NONE',  ( -20.00000000000000711, -1.365000000000000213, 0.000000000000000000 ) ) ;
#607 = AXIS2_PLACEMENT_3D ( 'NONE', #1648, #1486, #1497 ) ;
#608 = VERTEX_POINT ( 'NONE', #51 ) ;
#609 = PLANE ( 'NONE',  #623 ) ;
#610 = CARTESIAN_POINT ( 'NONE',  ( 2.000000000000000444, -1.365000000000000213, 0.000000000000000000 ) ) ;
#611 = EDGE_CURVE ( 'NONE', #1129, #1277, #1434, .T. ) ;
#612 = ORIENTED_EDGE ( 'NONE', *, *, #806, .T. ) ;
#613 = FACE_OUTER_BOUND ( 'NONE', #211, .T. ) ;
#614 = DIRECTION ( 'NONE',  ( 0.5000000000000042188, -0.8660254037844362651, 0.000000000000000000 ) ) ;
#615 = ORIENTED_EDGE ( 'NONE', *, *, #209, .T. ) ;
#616 = CARTESIAN_POINT ( 'NONE',  ( -18.41000000000000369, 1.820000000000000506, 0.1349999999999999534 ) ) ;
#617 = VECTOR ( 'NONE', #896, 100.0000000000000000 ) ;
#618 = VERTEX_POINT ( 'NONE', #1764 ) ;
#619 = EDGE_CURVE ( 'NONE', #634, #1813, #1297, .T. ) ;
#620 = LINE ( 'NONE', #585, #1522 ) ;
#621 = PRODUCT_DEFINITION_CONTEXT ( 'detailed design', #1325, 'design' ) ;
#622 = PLANE ( 'NONE',  #557 ) ;
#623 = AXIS2_PLACEMENT_3D ( 'NONE', #1864, #1419, #2030 ) ;
#624 = ORIENTED_EDGE ( 'NONE', *, *, #974, .F. ) ;
#625 = VECTOR ( 'NONE', #436, 100.0000000000000000 ) ;
#626 = CARTESIAN_POINT ( 'NONE',  ( 1.364999999999995328, 16.63499999999999801, 0.6350000000000000089 ) ) ;
#627 = DIRECTION ( 'NONE',  ( 0.000000000000000000, -1.000000000000000000, 0.000000000000000000 ) ) ;
#628 = ORIENTED_EDGE ( 'NONE', *, *, #248, .F. ) ;
#629 = FACE_OUTER_BOUND ( 'NONE', #36, .T. ) ;
#630 = ORIENTED_EDGE ( 'NONE', *, *, #384, .F. ) ;
#631 = CARTESIAN_POINT ( 'NONE',  ( -20.00000000000000711, 0.4100000000000001421, 0.1349999999999999534 ) ) ;
#632 = VECTOR ( 'NONE', #241, 100.0000000000000000 ) ;
#633 = DIRECTION ( 'NONE',  ( 0.000000000000000000, 0.000000000000000000, 1.000000000000000000 ) ) ;
#634 = VERTEX_POINT ( 'NONE', #1952 ) ;
#635 = CARTESIAN_POINT ( 'NONE',  ( 1.500000000000000666, -2.000000000000000000, 0.000000000000000000 ) ) ;
#636 = DIRECTION ( 'NONE',  ( -3.067291018426574134E-16, -1.000000000000000000, 0.000000000000000000 ) ) ;
#637 = ORIENTED_EDGE ( 'NONE', *, *, #1209, .T. ) ;
#638 = DIRECTION ( 'NONE',  ( -4.818676322157798361E-16, -1.000000000000000000, 0.000000000000000000 ) ) ;
#639 = EDGE_CURVE ( 'NONE', #1632, #1327, #1142, .T. ) ;
#640 = CIRCLE ( 'NONE', #1706, 2.500000000000000000 ) ;
#641 = ORIENTED_EDGE ( 'NONE', *, *, #190, .T. ) ;
#642 = DIRECTION ( 'NONE',  ( -1.000000000000000000, 1.931257307898213426E-16, 0.000000000000000000 ) ) ;
#643 = CARTESIAN_POINT ( 'NONE',  ( 16.63499999999999801, -1.364999999999998437, 0.3175000000000000044 ) ) ;
#644 = EDGE_LOOP ( 'NONE', ( #1783, #2051, #679, #628, #946, #1180 ) ) ;
#645 = LINE ( 'NONE', #1412, #1776 ) ;
#646 = ADVANCED_FACE ( 'NONE', ( #185 ), #1606, .F. ) ;
#647 = PLANE ( 'NONE',  #1137 ) ;
#648 = ORIENTED_EDGE ( 'NONE', *, *, #167, .F. ) ;
#649 = CARTESIAN_POINT ( 'NONE',  ( -16.63500000000000512, 1.682500000000000329, 0.000000000000000000 ) ) ;
#650 = EDGE_LOOP ( 'NONE', ( #983, #1396, #500, #1966 ) ) ;
#651 = CARTESIAN_POINT ( 'NONE',  ( -18.00000000000000355, -0.3099999999999999978, 0.000000000000000000 ) ) ;
#652 = LINE ( 'NONE', #32, #386 ) ;
#653 = VECTOR ( 'NONE', #376, 100.0000000000000000 ) ;
#654 = VERTEX_POINT ( 'NONE', #1130 ) ;
#655 = LINE ( 'NONE', #1278, #418 ) ;
#656 = EDGE_CURVE ( 'NONE', #1331, #744, #984, .T. ) ;
#657 = AXIS2_PLACEMENT_3D ( 'NONE', #1870, #759, #2036 ) ;
#658 = FACE_OUTER_BOUND ( 'NONE', #174, .T. ) ;
#659 = ORIENTED_EDGE ( 'NONE', *, *, #1680, .T. ) ;
#660 = EDGE_CURVE ( 'NONE', #1352, #293, #655, .T. ) ;
#661 = DIRECTION ( 'NONE',  ( 1.000000000000000000, -1.136033710528360955E-16, 0.000000000000000000 ) ) ;
#662 = VERTEX_POINT ( 'NONE', #1920 ) ;
#663 = EDGE_CURVE ( 'NONE', #757, #1393, #329, .T. ) ;
#664 = CARTESIAN_POINT ( 'NONE',  ( -19.20000000000000639, -0.7679571668975718746, 0.1349999999999999534 ) ) ;
#665 = VERTEX_POINT ( 'NONE', #212 ) ;
#666 = DIRECTION ( 'NONE',  ( 1.000000000000000000, 0.000000000000000000, 0.000000000000000000 ) ) ;
#667 = LINE ( 'NONE', #1620, #1692 ) ;
#668 = ORIENTED_EDGE ( 'NONE', *, *, #2014, .T. ) ;
#669 = DIRECTION ( 'NONE',  ( 0.8660254037844360431, 0.5000000000000042188, 0.000000000000000000 ) ) ;
#670 = ORIENTED_EDGE ( 'NONE', *, *, #978, .F. ) ;
#671 = AXIS2_PLACEMENT_3D ( 'NONE', #755, #2032, #599 ) ;
#672 = LINE ( 'NONE', #1939, #1378 ) ;
#673 = VECTOR ( 'NONE', #669, 100.0000000000000142 ) ;
#674 = ORIENTED_EDGE ( 'NONE', *, *, #2043, .T. ) ;
#675 = CLOSED_SHELL ( 'NONE', ( #437, #28, #588, #1757, #811, #475, #264, #493, #1985, #454, #351, #694, #75, #533, #1789, #833, #677, #836, #179, #1199, #1865, #347, #1027, #219, #796, #505, #931, #198, #1615, #59, #136, #1043, #341, #242, #1304, #646, #902, #909, #398, #1581, #1983, #846, #1930, #1341, #1771, #1118, #430, #391, #1395, #1889, #1878, #161, #31, #1707, #1652, #1796, #1493, #776, #691, #1731, #1075, #1644 ) ) ;
#676 = CARTESIAN_POINT ( 'NONE',  ( -16.50000000000000355, 2.000000000000000444, 0.6350000000000000089 ) ) ;
#677 = ADVANCED_FACE ( 'NONE', ( #487 ), #1630, .F. ) ;
#678 = DIRECTION ( 'NONE',  ( -1.000000000000000000, -1.136033710528360955E-16, 0.000000000000000000 ) ) ;
#679 = ORIENTED_EDGE ( 'NONE', *, *, #1048, .F. ) ;
#680 = DIRECTION ( 'NONE',  ( -0.000000000000000000, 0.000000000000000000, 1.000000000000000000 ) ) ;
#681 = VERTEX_POINT ( 'NONE', #1795 ) ;
#682 = EDGE_CURVE ( 'NONE', #1145, #332, #44, .T. ) ;
#683 = CARTESIAN_POINT ( 'NONE',  ( -18.00000000000000355, 0.000000000000000000, 0.3175000000000000044 ) ) ;
#684 = ORIENTED_EDGE ( 'NONE', *, *, #1354, .F. ) ;
#685 = CARTESIAN_POINT ( 'NONE',  ( -1.500000000000000222, 2.000000000000000444, 0.6350000000000000089 ) ) ;
#686 = EDGE_CURVE ( 'NONE', #1872, #812, #1775, .T. ) ;
#687 = DIRECTION ( 'NONE',  ( 4.818676322157799347E-16, -1.000000000000000000, 0.000000000000000000 ) ) ;
#688 = ORIENTED_EDGE ( 'NONE', *, *, #101, .T. ) ;
#689 = DIRECTION ( 'NONE',  ( 0.000000000000000000, 0.000000000000000000, 1.000000000000000000 ) ) ;
#690 = LINE ( 'NONE', #1500, #786 ) ;
#691 = ADVANCED_FACE ( 'NONE', ( #519 ), #340, .F. ) ;
#692 = ORIENTED_EDGE ( 'NONE', *, *, #1422, .F. ) ;
#693 = VECTOR ( 'NONE', #175, 100.0000000000000000 ) ;
#694 = ADVANCED_FACE ( 'NONE', ( #361 ), #1457, .F. ) ;
#695 = DIRECTION ( 'NONE',  ( -0.5000000000000042188, -0.8660254037844362651, 0.000000000000000000 ) ) ;
#696 = EDGE_LOOP ( 'NONE', ( #688, #1911, #324, #1735 ) ) ;
#697 = CARTESIAN_POINT ( 'NONE',  ( -16.50000000000000355, 2.000000000000000444, 0.3175000000000000044 ) ) ;
#698 = CARTESIAN_POINT ( 'NONE',  ( 1.200000000000000622, -0.7679571668975718746, 0.1349999999999999534 ) ) ;
#699 = ORIENTED_EDGE ( 'NONE', *, *, #985, .T. ) ;
#700 = CARTESIAN_POINT ( 'NONE',  ( -19.82000000000000384, 0.4100000000000000311, 0.1349999999999999534 ) ) ;
#701 = CARTESIAN_POINT ( 'NONE',  ( -16.63499999999999801, 1.364999999999996438, 0.6350000000000000089 ) ) ;
#702 = EDGE_LOOP ( 'NONE', ( #1524, #921, #440, #1501 ) ) ;
#703 = EDGE_CURVE ( 'NONE', #7, #732, #1637, .T. ) ;
#704 = CARTESIAN_POINT ( 'NONE',  ( 2.000000000000000444, -1.499999999999999778, 0.000000000000000000 ) ) ;
#705 = CIRCLE ( 'NONE', #171, 2.500000000000000000 ) ;
#706 = ORIENTED_EDGE ( 'NONE', *, *, #1815, .F. ) ;
#707 = VECTOR ( 'NONE', #1547, 100.0000000000000000 ) ;
#708 = CARTESIAN_POINT ( 'NONE',  ( -18.00000000000000355, 0.000000000000000000, 0.6350000000000000089 ) ) ;
#709 = PLANE ( 'NONE',  #338 ) ;
#710 = ORIENTED_EDGE ( 'NONE', *, *, #548, .T. ) ;
#711 = DIRECTION ( 'NONE',  ( 0.000000000000000000, 0.000000000000000000, 1.000000000000000000 ) ) ;
#712 = CARTESIAN_POINT ( 'NONE',  ( 0.000000000000000000, 0.000000000000000000, 0.000000000000000000 ) ) ;
#713 = EDGE_LOOP ( 'NONE', ( #1004, #233, #497, #1610 ) ) ;
#714 = LINE ( 'NONE', #422, #1322 ) ;
#715 = EDGE_CURVE ( 'NONE', #293, #618, #1475, .T. ) ;
#716 = DIRECTION ( 'NONE',  ( 0.000000000000000000, 0.000000000000000000, -1.000000000000000000 ) ) ;
#717 = VERTEX_POINT ( 'NONE', #1960 ) ;
#718 = VECTOR ( 'NONE', #1660, 100.0000000000000000 ) ;
#719 = LINE ( 'NONE', #1223, #968 ) ;
#720 = ORIENTED_EDGE ( 'NONE', *, *, #423, .F. ) ;
#721 = LINE ( 'NONE', #730, #1248 ) ;
#722 = EDGE_CURVE ( 'NONE', #662, #1169, #527, .T. ) ;
#723 = ORIENTED_EDGE ( 'NONE', *, *, #461, .T. ) ;
#724 = AXIS2_PLACEMENT_3D ( 'NONE', #327, #40, #1286 ) ;
#725 = VECTOR ( 'NONE', #1759, 100.0000000000000000 ) ;
#726 = CARTESIAN_POINT ( 'NONE',  ( -19.20000000000000639, -0.7679571668975718746, 0.1349999999999999534 ) ) ;
#727 = CARTESIAN_POINT ( 'NONE',  ( -16.63500000000000512, 1.364999999999999991, 0.6350000000000000089 ) ) ;
#728 =( NAMED_UNIT ( * ) SI_UNIT ( $, .STERADIAN. ) SOLID_ANGLE_UNIT ( ) );
#729 = ORIENTED_EDGE ( 'NONE', *, *, #1597, .T. ) ;
#730 = CARTESIAN_POINT ( 'NONE',  ( -17.59000000000000696, 2.000000000000000444, 0.1349999999999999534 ) ) ;
#731 = DIRECTION ( 'NONE',  ( -1.000000000000000000, 0.000000000000000000, 0.000000000000000000 ) ) ;
#732 = VERTEX_POINT ( 'NONE', #369 ) ;
#733 = CARTESIAN_POINT ( 'NONE',  ( -17.59000000000000696, 1.820000000000000506, 0.1349999999999999534 ) ) ;
#734 = DIRECTION ( 'NONE',  ( 0.000000000000000000, -1.000000000000000000, 0.000000000000000000 ) ) ;
#735 = FACE_OUTER_BOUND ( 'NONE', #877, .T. ) ;
#736 = AXIS2_PLACEMENT_3D ( 'NONE', #1326, #987, #1971 ) ;
#737 = ORIENTED_EDGE ( 'NONE', *, *, #1021, .F. ) ;
#738 = FACE_OUTER_BOUND ( 'NONE', #713, .T. ) ;
#739 = CARTESIAN_POINT ( 'NONE',  ( -18.62000000000000455, -0.5700000000000000622, 0.6350000000000000089 ) ) ;
#740 = ORIENTED_EDGE ( 'NONE', *, *, #1824, .F. ) ;
#741 = LINE ( 'NONE', #1363, #632 ) ;
#742 = CARTESIAN_POINT ( 'NONE',  ( -19.20000000000000639, -0.7679571668975718746, 0.6350000000000000089 ) ) ;
#743 = LINE ( 'NONE', #438, #835 ) ;
#744 = VERTEX_POINT ( 'NONE', #1483 ) ;
#745 = DIRECTION ( 'NONE',  ( 0.000000000000000000, 1.000000000000000000, 0.000000000000000000 ) ) ;
#746 = EDGE_CURVE ( 'NONE', #1977, #1280, #245, .T. ) ;
#747 = DIRECTION ( 'NONE',  ( 1.249637081581196951E-16, 1.000000000000000000, 0.000000000000000000 ) ) ;
#748 = ORIENTED_EDGE ( 'NONE', *, *, #1124, .T. ) ;
#749 = LINE ( 'NONE', #1381, #1158 ) ;
#750 = AXIS2_PLACEMENT_3D ( 'NONE', #643, #9, #1442 ) ;
#751 = ORIENTED_EDGE ( 'NONE', *, *, #1869, .F. ) ;
#752 = DIRECTION ( 'NONE',  ( 1.000000000000000000, 0.000000000000000000, 0.000000000000000000 ) ) ;
#753 = AXIS2_PLACEMENT_3D ( 'NONE', #1614, #482, #64 ) ;
#754 = EDGE_CURVE ( 'NONE', #1331, #831, #1191, .T. ) ;
#755 = CARTESIAN_POINT ( 'NONE',  ( -18.00000000000000355, 0.000000000000000000, 0.6350000000000000089 ) ) ;
#756 = CARTESIAN_POINT ( 'NONE',  ( 0.000000000000000000, 0.000000000000000000, 0.6350000000000000089 ) ) ;
#757 = VERTEX_POINT ( 'NONE', #1817 ) ;
#758 = CARTESIAN_POINT ( 'NONE',  ( -16.63500000000000512, 2.000000000000001776, 0.6350000000000000089 ) ) ;
#759 = DIRECTION ( 'NONE',  ( 0.000000000000000000, -1.000000000000000000, 0.000000000000000000 ) ) ;
#760 = ORIENTED_EDGE ( 'NONE', *, *, #1211, .F. ) ;
#761 = DIRECTION ( 'NONE',  ( 1.249637081581196951E-16, 1.000000000000000000, 0.000000000000000000 ) ) ;
#762 = EDGE_LOOP ( 'NONE', ( #1437, #1905, #1959, #141, #39, #1389, #377, #46, #579, #1432, #1159, #353 ) ) ;
#763 = CARTESIAN_POINT ( 'NONE',  ( 2.000000000000000444, 1.500000000000000666, 0.000000000000000000 ) ) ;
#764 = EDGE_CURVE ( 'NONE', #1242, #1271, #1324, .T. ) ;
#765 = CARTESIAN_POINT ( 'NONE',  ( 1.820000000000000506, 0.4100000000000000311, 0.1349999999999999534 ) ) ;
#766 = VERTEX_POINT ( 'NONE', #1517 ) ;
#768 = CARTESIAN_POINT ( 'NONE',  ( -19.50000000000000711, -2.000000000000000000, 0.000000000000000000 ) ) ;
#767 = VECTOR ( 'NONE', #1076, 100.0000000000000000 ) ;
#769 = EDGE_CURVE ( 'NONE', #1277, #1129, #1385, .T. ) ;
#770 = CARTESIAN_POINT ( 'NONE',  ( 0.000000000000000000, 0.000000000000000000, 0.000000000000000000 ) ) ;
#771 = ORIENTED_EDGE ( 'NONE', *, *, #875, .T. ) ;
#772 = LINE ( 'NONE', #606, #1357 ) ;
#773 = VECTOR ( 'NONE', #1290, 100.0000000000000000 ) ;
#774 = ORIENTED_EDGE ( 'NONE', *, *, #1913, .T. ) ;
#775 = FACE_OUTER_BOUND ( 'NONE', #1987, .T. ) ;
#776 = ADVANCED_FACE ( 'NONE', ( #1356 ), #1527, .F. ) ;
#777 = VERTEX_POINT ( 'NONE', #727 ) ;
#778 = DIRECTION ( 'NONE',  ( 0.000000000000000000, 0.000000000000000000, 1.000000000000000000 ) ) ;
#779 = DIRECTION ( 'NONE',  ( -0.000000000000000000, 0.000000000000000000, 1.000000000000000000 ) ) ;
#780 = ORIENTED_EDGE ( 'NONE', *, *, #289, .F. ) ;
#781 = CARTESIAN_POINT ( 'NONE',  ( -16.63499999999999801, 1.364999999999996438, 0.3175000000000000044 ) ) ;
#782 = ORIENTED_EDGE ( 'NONE', *, *, #1578, .T. ) ;
#783 = LINE ( 'NONE', #1263, #1018 ) ;
#784 = DIRECTION ( 'NONE',  ( 0.000000000000000000, -1.000000000000000000, 0.000000000000000000 ) ) ;
#785 = EDGE_LOOP ( 'NONE', ( #823, #1719, #302, #1745 ) ) ;
#786 = VECTOR ( 'NONE', #1318, 100.0000000000000000 ) ;
#787 = DIRECTION ( 'NONE',  ( 0.000000000000000000, 0.000000000000000000, 1.000000000000000000 ) ) ;
#788 = LINE ( 'NONE', #1609, #1365 ) ;
#789 = AXIS2_PLACEMENT_3D ( 'NONE', #1240, #1589, #155 ) ;
#790 = ORIENTED_EDGE ( 'NONE', *, *, #1458, .T. ) ;
#791 = DIRECTION ( 'NONE',  ( -1.000000000000000000, 0.000000000000000000, -0.000000000000000000 ) ) ;
#792 = ORIENTED_EDGE ( 'NONE', *, *, #879, .F. ) ;
#793 = DIRECTION ( 'NONE',  ( 0.000000000000000000, 0.000000000000000000, -1.000000000000000000 ) ) ;
#794 = VECTOR ( 'NONE', #1726, 100.0000000000000000 ) ;
#795 = CARTESIAN_POINT ( 'NONE',  ( 0.000000000000000000, -0.3099999999999999978, 0.000000000000000000 ) ) ;
#796 = ADVANCED_FACE ( 'NONE', ( #1170 ), #1036, .F. ) ;
#797 = ORIENTED_EDGE ( 'NONE', *, *, #1053, .T. ) ;
#798 = CARTESIAN_POINT ( 'NONE',  ( 2.000000000000000444, 1.500000000000000666, 0.6350000000000000089 ) ) ;
#799 = CARTESIAN_POINT ( 'NONE',  ( -2.379999999999999893, -0.5700000000000000622, 0.6350000000000000089 ) ) ;
#800 = VERTEX_POINT ( 'NONE', #409 ) ;
#801 = LINE ( 'NONE', #6, #424 ) ;
#802 = AXIS2_PLACEMENT_3D ( 'NONE', #1099, #914, #307 ) ;
#803 = CIRCLE ( 'NONE', #1333, 0.3099999999999999978 ) ;
#804 = VERTEX_POINT ( 'NONE', #89 ) ;
#805 = LINE ( 'NONE', #1441, #1420 ) ;
#806 = EDGE_CURVE ( 'NONE', #1587, #240, #862, .T. ) ;
#807 = PLANE ( 'NONE',  #1215 ) ;
#808 = VERTEX_POINT ( 'NONE', #883 ) ;
#809 = CARTESIAN_POINT ( 'NONE',  ( -1.500000000000000222, 2.000000000000000444, 0.6350000000000000089 ) ) ;
#810 = FACE_OUTER_BOUND ( 'NONE', #834, .T. ) ;
#811 = ADVANCED_FACE ( 'NONE', ( #550 ), #569, .T. ) ;
#812 = VERTEX_POINT ( 'NONE', #1336 ) ;
#813 = FACE_OUTER_BOUND ( 'NONE', #1629, .T. ) ;
#814 = ORIENTED_EDGE ( 'NONE', *, *, #123, .T. ) ;
#815 = DIRECTION ( 'NONE',  ( 1.000000000000000000, 2.385670792109557660E-16, 0.000000000000000000 ) ) ;
#816 = VECTOR ( 'NONE', #544, 100.0000000000000000 ) ;
#817 = DIRECTION ( 'NONE',  ( 0.000000000000000000, -1.000000000000000000, 0.000000000000000000 ) ) ;
#818 = VECTOR ( 'NONE', #1898, 100.0000000000000000 ) ;
#819 = ORIENTED_EDGE ( 'NONE', *, *, #1949, .T. ) ;
#820 = DIRECTION ( 'NONE',  ( 1.000000000000000000, -1.136033710528360955E-16, 0.000000000000000000 ) ) ;
#821 = VECTOR ( 'NONE', #1370, 100.0000000000000000 ) ;
#822 = PLANE ( 'NONE',  #108 ) ;
#823 = ORIENTED_EDGE ( 'NONE', *, *, #875, .F. ) ;
#824 = CARTESIAN_POINT ( 'NONE',  ( -1.364999999999998215, 2.000000000000001776, 0.6350000000000000089 ) ) ;
#825 = ORIENTED_EDGE ( 'NONE', *, *, #663, .T. ) ;
#826 = EDGE_CURVE ( 'NONE', #1338, #1700, #1970, .T. ) ;
#827 = DIRECTION ( 'NONE',  ( 0.000000000000000000, 0.000000000000000000, 1.000000000000000000 ) ) ;
#828 = ORIENTED_EDGE ( 'NONE', *, *, #1900, .F. ) ;
#829 = DIRECTION ( 'NONE',  ( -1.249637081581196951E-16, 1.000000000000000000, -0.000000000000000000 ) ) ;
#830 = LINE ( 'NONE', #370, #1777 ) ;
#831 = VERTEX_POINT ( 'NONE', #697 ) ;
#832 = CARTESIAN_POINT ( 'NONE',  ( 1.364999999999999991, 1.364999999999998215, 0.6350000000000000089 ) ) ;
#833 = ADVANCED_FACE ( 'NONE', ( #735 ), #1181, .F. ) ;
#834 = EDGE_LOOP ( 'NONE', ( #1763, #2062, #1560, #935 ) ) ;
#835 = VECTOR ( 'NONE', #1888, 100.0000000000000000 ) ;
#836 = ADVANCED_FACE ( 'NONE', ( #390 ), #2010, .T. ) ;
#837 = MANIFOLD_SOLID_BREP ( 'Boss-Extrude4', #675 ) ;
#838 = AXIS2_PLACEMENT_3D ( 'NONE', #1037, #912, #1519 ) ;
#839 = EDGE_CURVE ( 'NONE', #257, #744, #1299, .T. ) ;
#840 = LINE ( 'NONE', #1473, #485 ) ;
#841 = ORIENTED_EDGE ( 'NONE', *, *, #510, .T. ) ;
#842 = DIRECTION ( 'NONE',  ( 1.000000000000000000, -4.818676322157799347E-16, 0.000000000000000000 ) ) ;
#843 = EDGE_CURVE ( 'NONE', #972, #247, #1245, .T. ) ;
#844 = DIRECTION ( 'NONE',  ( -1.000000000000000000, 0.000000000000000000, 0.000000000000000000 ) ) ;
#845 = DIRECTION ( 'NONE',  ( 0.000000000000000000, -1.000000000000000000, 0.000000000000000000 ) ) ;
#846 = ADVANCED_FACE ( 'NONE', ( #1558 ), #2054, .F. ) ;
#847 = ORIENTED_EDGE ( 'NONE', *, *, #1173, .F. ) ;
#848 = CARTESIAN_POINT ( 'NONE',  ( -16.63500000000000512, 1.364999999999999991, 0.3175000000000000044 ) ) ;
#849 = ORIENTED_EDGE ( 'NONE', *, *, #1330, .F. ) ;
#850 = CARTESIAN_POINT ( 'NONE',  ( -1.500000000000000222, 2.000000000000000444, 0.000000000000000000 ) ) ;
#851 = VECTOR ( 'NONE', #56, 100.0000000000000000 ) ;
#852 = CARTESIAN_POINT ( 'NONE',  ( -18.76795716689757754, 1.199999999999999956, 0.1349999999999999534 ) ) ;
#853 = ORIENTED_EDGE ( 'NONE', *, *, #1684, .T. ) ;
#854 = CARTESIAN_POINT ( 'NONE',  ( 1.820000000000000506, 0.4100000000000000311, 0.1349999999999999534 ) ) ;
#855 = EDGE_CURVE ( 'NONE', #1311, #1479, #1877, .T. ) ;
#856 = LINE ( 'NONE', #1006, #1087 ) ;
#857 = VECTOR ( 'NONE', #1711, 100.0000000000000000 ) ;
#858 = EDGE_LOOP ( 'NONE', ( #479, #1520, #1927, #165 ) ) ;
#859 = VECTOR ( 'NONE', #1647, 100.0000000000000000 ) ;
#860 = CARTESIAN_POINT ( 'NONE',  ( 0.4100000000000000311, 2.000000000000000444, 0.1349999999999999534 ) ) ;
#861 = ORIENTED_EDGE ( 'NONE', *, *, #316, .T. ) ;
#862 = LINE ( 'NONE', #1679, #1663 ) ;
#863 = EDGE_CURVE ( 'NONE', #240, #1790, #743, .T. ) ;
#864 = LINE ( 'NONE', #552, #904 ) ;
#865 = ORIENTED_EDGE ( 'NONE', *, *, #2018, .F. ) ;
#866 = DIRECTION ( 'NONE',  ( -1.000000000000000000, 0.000000000000000000, 0.000000000000000000 ) ) ;
#867 = DIRECTION ( 'NONE',  ( -0.000000000000000000, 0.000000000000000000, 1.000000000000000000 ) ) ;
#868 = ORIENTED_EDGE ( 'NONE', *, *, #1344, .T. ) ;
#869 = AXIS2_PLACEMENT_3D ( 'NONE', #1829, #80, #1367 ) ;
#870 = DIRECTION ( 'NONE',  ( 0.5000000000000043299, -0.8660254037844362651, 0.000000000000000000 ) ) ;
#871 = EDGE_CURVE ( 'NONE', #732, #1239, #1717, .T. ) ;
#872 = ORIENTED_EDGE ( 'NONE', *, *, #1804, .F. ) ;
#873 = VECTOR ( 'NONE', #1808, 100.0000000000000000 ) ;
#874 = DIRECTION ( 'NONE',  ( 0.000000000000000000, -1.000000000000000000, 0.000000000000000000 ) ) ;
#875 = EDGE_CURVE ( 'NONE', #1112, #1271, #1940, .T. ) ;
#876 = CARTESIAN_POINT ( 'NONE',  ( -18.00000000000000355, 0.000000000000000000, 0.3175000000000000044 ) ) ;
#877 = EDGE_LOOP ( 'NONE', ( #1250, #276, #1897, #1678 ) ) ;
#878 = FACE_OUTER_BOUND ( 'NONE', #21, .T. ) ;
#879 = EDGE_CURVE ( 'NONE', #1323, #2001, #1909, .T. ) ;
#880 = DIRECTION ( 'NONE',  ( 4.818676322157798361E-16, 1.000000000000000000, 0.000000000000000000 ) ) ;
#881 = LINE ( 'NONE', #1645, #1518 ) ;
#882 = ORIENTED_EDGE ( 'NONE', *, *, #1143, .T. ) ;
#883 = CARTESIAN_POINT ( 'NONE',  ( 0.7679571668975722076, 1.199999999999999956, 0.6350000000000000089 ) ) ;
#884 = VECTOR ( 'NONE', #2013, 100.0000000000000000 ) ;
#885 = ORIENTED_EDGE ( 'NONE', *, *, #1567, .T. ) ;
#886 = DIRECTION ( 'NONE',  ( 0.000000000000000000, -1.000000000000000000, 0.000000000000000000 ) ) ;
#887 = CARTESIAN_POINT ( 'NONE',  ( -19.82000000000000384, -0.4099999999999998646, 0.6350000000000000089 ) ) ;
#888 = ORIENTED_EDGE ( 'NONE', *, *, #1491, .T. ) ;
#889 = CARTESIAN_POINT ( 'NONE',  ( 2.000000000000001776, -1.365000000000000213, 0.3175000000000000044 ) ) ;
#890 = AXIS2_PLACEMENT_3D ( 'NONE', #1506, #1024, #734 ) ;
#891 = VECTOR ( 'NONE', #815, 100.0000000000000000 ) ;
#892 = LINE ( 'NONE', #2008, #1149 ) ;
#893 = DIRECTION ( 'NONE',  ( 0.000000000000000000, -1.000000000000000000, 0.000000000000000000 ) ) ;
#894 = DIRECTION ( 'NONE',  ( 1.000000000000000000, 0.000000000000000000, 0.000000000000000000 ) ) ;
#895 = ORIENTED_EDGE ( 'NONE', *, *, #1021, .T. ) ;
#896 = DIRECTION ( 'NONE',  ( -1.000000000000000000, 0.000000000000000000, -0.000000000000000000 ) ) ;
#897 = AXIS2_PLACEMENT_3D ( 'NONE', #2016, #1860, #880 ) ;
#898 = DIRECTION ( 'NONE',  ( 1.000000000000000000, -4.818676322157799347E-16, 0.000000000000000000 ) ) ;
#899 = ORIENTED_EDGE ( 'NONE', *, *, #656, .F. ) ;
#900 = CARTESIAN_POINT ( 'NONE',  ( -19.50000000000000355, 2.000000000000000444, 0.3175000000000000044 ) ) ;
#901 = DIRECTION ( 'NONE',  ( -0.000000000000000000, 0.000000000000000000, 1.000000000000000000 ) ) ;
#902 = ADVANCED_FACE ( 'NONE', ( #1386 ), #1866, .T. ) ;
#903 = SURFACE_STYLE_FILL_AREA ( #263 ) ;
#904 = VECTOR ( 'NONE', #1183, 100.0000000000000000 ) ;
#905 = EDGE_LOOP ( 'NONE', ( #1605, #740, #720, #1636 ) ) ;
#906 = DIRECTION ( 'NONE',  ( -1.000000000000000000, -4.818676322157798361E-16, 0.000000000000000000 ) ) ;
#907 = DIRECTION ( 'NONE',  ( -1.000000000000000000, 1.249637081581196951E-16, 0.000000000000000000 ) ) ;
#908 = CARTESIAN_POINT ( 'NONE',  ( -20.00000000000000711, 0.4100000000000001421, 0.6350000000000000089 ) ) ;
#909 = ADVANCED_FACE ( 'NONE', ( #1398 ), #119, .T. ) ;
#910 = FACE_OUTER_BOUND ( 'NONE', #858, .T. ) ;
#911 = DIRECTION ( 'NONE',  ( 1.000000000000000000, 1.931257307898213426E-16, 0.000000000000000000 ) ) ;
#912 = DIRECTION ( 'NONE',  ( 0.000000000000000000, 0.000000000000000000, 1.000000000000000000 ) ) ;
#913 = ORIENTED_EDGE ( 'NONE', *, *, #1430, .T. ) ;
#914 = DIRECTION ( 'NONE',  ( 1.000000000000000000, 1.249637081581196951E-16, 0.000000000000000000 ) ) ;
#915 = AXIS2_PLACEMENT_3D ( 'NONE', #394, #581, #906 ) ;
#916 = CARTESIAN_POINT ( 'NONE',  ( 0.4100000000000000311, 2.000000000000000444, 0.6350000000000000089 ) ) ;
#917 = EDGE_CURVE ( 'NONE', #467, #1839, #1089, .T. ) ;
#918 = ORIENTED_EDGE ( 'NONE', *, *, #619, .T. ) ;
#919 = DIRECTION ( 'NONE',  ( -1.000000000000000000, 1.931257307898213426E-16, 0.000000000000000000 ) ) ;
#920 = VECTOR ( 'NONE', #568, 100.0000000000000000 ) ;
#921 = ORIENTED_EDGE ( 'NONE', *, *, #871, .F. ) ;
#922 = LINE ( 'NONE', #118, #1186 ) ;
#923 = CIRCLE ( 'NONE', #1793, 2.500000000000000000 ) ;
#924 = DIRECTION ( 'NONE',  ( 0.000000000000000000, 0.000000000000000000, -1.000000000000000000 ) ) ;
#925 = DIRECTION ( 'NONE',  ( 0.000000000000000000, 0.000000000000000000, 1.000000000000000000 ) ) ;
#926 = ORIENTED_EDGE ( 'NONE', *, *, #1391, .T. ) ;
#927 = DIRECTION ( 'NONE',  ( 0.8660254037844362651, 0.5000000000000043299, 0.000000000000000000 ) ) ;
#928 = DIRECTION ( 'NONE',  ( -1.931257307898213426E-16, -1.000000000000000000, 0.000000000000000000 ) ) ;
#929 = ORIENTED_EDGE ( 'NONE', *, *, #1544, .T. ) ;
#930 = CARTESIAN_POINT ( 'NONE',  ( -2.379999999999999893, -0.5700000000000000622, 0.6350000000000000089 ) ) ;
#931 = ADVANCED_FACE ( 'NONE', ( #150 ), #622, .F. ) ;
#932 = VERTEX_POINT ( 'NONE', #765 ) ;
#933 = LINE ( 'NONE', #425, #1382 ) ;
#934 = DIRECTION ( 'NONE',  ( 0.000000000000000000, 0.000000000000000000, -1.000000000000000000 ) ) ;
#935 = ORIENTED_EDGE ( 'NONE', *, *, #1387, .T. ) ;
#936 = DIRECTION ( 'NONE',  ( 0.000000000000000000, 1.000000000000000000, 0.000000000000000000 ) ) ;
#937 = EDGE_CURVE ( 'NONE', #1766, #54, #2044, .T. ) ;
#938 = CARTESIAN_POINT ( 'NONE',  ( -17.59000000000000696, 2.000000000000000444, 0.1349999999999999534 ) ) ;
#939 = ORIENTED_EDGE ( 'NONE', *, *, #190, .F. ) ;
#940 = DIRECTION ( 'NONE',  ( 0.000000000000000000, -1.000000000000000000, 0.000000000000000000 ) ) ;
#941 = ORIENTED_EDGE ( 'NONE', *, *, #1060, .T. ) ;
#942 = CARTESIAN_POINT ( 'NONE',  ( 1.364999999999999991, 2.000000000000001776, 0.6350000000000000089 ) ) ;
#943 = ORIENTED_EDGE ( 'NONE', *, *, #754, .T. ) ;
#944 = DIRECTION ( 'NONE',  ( -0.000000000000000000, 0.000000000000000000, 1.000000000000000000 ) ) ;
#945 = CARTESIAN_POINT ( 'NONE',  ( -19.36499999999999844, 16.63499999999999801, 0.3175000000000000044 ) ) ;
#946 = ORIENTED_EDGE ( 'NONE', *, *, #703, .F. ) ;
#947 = CARTESIAN_POINT ( 'NONE',  ( 16.63499999999999801, 1.365000000000001101, 0.3175000000000000044 ) ) ;
#948 = ORIENTED_EDGE ( 'NONE', *, *, #109, .T. ) ;
#949 = LINE ( 'NONE', #157, #488 ) ;
#950 = DIRECTION ( 'NONE',  ( 0.000000000000000000, -1.000000000000000000, 0.000000000000000000 ) ) ;
#951 = ORIENTED_EDGE ( 'NONE', *, *, #1195, .T. ) ;
#952 = DIRECTION ( 'NONE',  ( 1.000000000000000000, -2.312964634635742957E-16, 0.000000000000000000 ) ) ;
#953 = FACE_OUTER_BOUND ( 'NONE', #1732, .T. ) ;
#954 = VECTOR ( 'NONE', #1784, 100.0000000000000000 ) ;
#955 = VECTOR ( 'NONE', #1884, 100.0000000000000000 ) ;
#956 = ORIENTED_EDGE ( 'NONE', *, *, #1841, .T. ) ;
#957 = DIRECTION ( 'NONE',  ( 0.000000000000000000, 0.000000000000000000, -1.000000000000000000 ) ) ;
#958 = EDGE_CURVE ( 'NONE', #1798, #343, #55, .T. ) ;
#959 = ORIENTED_EDGE ( 'NONE', *, *, #660, .T. ) ;
#960 = CARTESIAN_POINT ( 'NONE',  ( 16.63499999999999801, -1.364999999999998437, 0.3175000000000000044 ) ) ;
#961 = DIRECTION ( 'NONE',  ( -0.000000000000000000, 0.000000000000000000, 1.000000000000000000 ) ) ;
#962 = EDGE_CURVE ( 'NONE', #1919, #240, #1421, .T. ) ;
#963 = ORIENTED_EDGE ( 'NONE', *, *, #2031, .T. ) ;
#964 = DIRECTION ( 'NONE',  ( 4.818676322157798361E-16, -1.000000000000000000, 0.000000000000000000 ) ) ;
#965 = DIRECTION ( 'NONE',  ( 0.000000000000000000, 1.000000000000000000, 0.000000000000000000 ) ) ;
#966 = DIRECTION ( 'NONE',  ( -1.249637081581196951E-16, 1.000000000000000000, -0.000000000000000000 ) ) ;
#967 = AXIS2_PLACEMENT_3D ( 'NONE', #1844, #1683, #886 ) ;
#968 = VECTOR ( 'NONE', #925, 100.0000000000000000 ) ;
#969 = ORIENTED_EDGE ( 'NONE', *, *, #682, .T. ) ;
#970 = DIRECTION ( 'NONE',  ( -0.8660254037844360431, 0.5000000000000042188, 0.000000000000000000 ) ) ;
#971 = CARTESIAN_POINT ( 'NONE',  ( -0.4100000000000000311, 2.000000000000000444, 0.1349999999999999534 ) ) ;
#972 = VERTEX_POINT ( 'NONE', #1264 ) ;
#973 = CARTESIAN_POINT ( 'NONE',  ( -34.63500000000000512, -1.364999999999998437, 0.3175000000000000044 ) ) ;
#974 = EDGE_CURVE ( 'NONE', #1786, #462, #1106, .T. ) ;
#975 = CARTESIAN_POINT ( 'NONE',  ( -20.00000000000000711, 1.500000000000000666, 0.6350000000000000089 ) ) ;
#976 = ORIENTED_EDGE ( 'NONE', *, *, #1989, .T. ) ;
#977 = LINE ( 'NONE', #1135, #1080 ) ;
#978 = EDGE_CURVE ( 'NONE', #446, #1894, #111, .T. ) ;
#979 = ORIENTED_EDGE ( 'NONE', *, *, #209, .F. ) ;
#980 = VECTOR ( 'NONE', #711, 100.0000000000000000 ) ;
#981 = DIRECTION ( 'NONE',  ( -1.000000000000000000, -4.818676322157799347E-16, 0.000000000000000000 ) ) ;
#982 = VECTOR ( 'NONE', #408, 100.0000000000000000 ) ;
#983 = ORIENTED_EDGE ( 'NONE', *, *, #2014, .F. ) ;
#984 = LINE ( 'NONE', #22, #954 ) ;
#985 = EDGE_CURVE ( 'NONE', #5, #455, #189, .T. ) ;
#986 = AXIS2_PLACEMENT_3D ( 'NONE', #770, #431, #1226 ) ;
#987 = DIRECTION ( 'NONE',  ( -1.000000000000000000, 0.000000000000000000, 0.000000000000000000 ) ) ;
#988 = ORIENTED_EDGE ( 'NONE', *, *, #379, .T. ) ;
#989 = FACE_BOUND ( 'NONE', #1019, .T. ) ;
#990 = ORIENTED_EDGE ( 'NONE', *, *, #379, .F. ) ;
#991 = DIRECTION ( 'NONE',  ( 0.000000000000000000, -1.000000000000000000, 0.000000000000000000 ) ) ;
#992 = AXIS2_PLACEMENT_3D ( 'NONE', #1031, #414, #2006 ) ;
#993 = ORIENTED_EDGE ( 'NONE', *, *, #1827, .T. ) ;
#994 = DIRECTION ( 'NONE',  ( 0.000000000000000000, 0.000000000000000000, -1.000000000000000000 ) ) ;
#995 = CARTESIAN_POINT ( 'NONE',  ( 0.6200000000000004396, -2.000000000000000444, 0.000000000000000000 ) ) ;
#996 = ORIENTED_EDGE ( 'NONE', *, *, #280, .F. ) ;
#997 = DIRECTION ( 'NONE',  ( -1.156482317317871725E-16, 1.000000000000000000, -0.000000000000000000 ) ) ;
#998 = ORIENTED_EDGE ( 'NONE', *, *, #1841, .F. ) ;
#999 = CIRCLE ( 'NONE', #607, 0.3099999999999999978 ) ;
#1000 = CARTESIAN_POINT ( 'NONE',  ( -20.00000000000000711, 1.364999999999998437, 0.6350000000000000089 ) ) ;
#1001 = EDGE_LOOP ( 'NONE', ( #1492, #1134, #943, #1728 ) ) ;
#1002 = CARTESIAN_POINT ( 'NONE',  ( -19.36500000000000554, 1.364999999999998215, 0.3175000000000000044 ) ) ;
#1003 = DIRECTION ( 'NONE',  ( -0.000000000000000000, 0.000000000000000000, 1.000000000000000000 ) ) ;
#1004 = ORIENTED_EDGE ( 'NONE', *, *, #806, .F. ) ;
#1005 = FACE_OUTER_BOUND ( 'NONE', #1963, .T. ) ;
#1006 = CARTESIAN_POINT ( 'NONE',  ( -34.63500000000000512, 1.365000000000001101, 0.6350000000000000089 ) ) ;
#1007 = ORIENTED_EDGE ( 'NONE', *, *, #1621, .F. ) ;
#1008 = EDGE_CURVE ( 'NONE', #1296, #1277, #1958, .T. ) ;
#1009 = LINE ( 'NONE', #1494, #1084 ) ;
#1010 = ORIENTED_EDGE ( 'NONE', *, *, #115, .T. ) ;
#1011 = SURFACE_STYLE_USAGE ( .BOTH. , #400 ) ;
#1012 = AXIS2_PLACEMENT_3D ( 'NONE', #221, #1515, #388 ) ;
#1013 = CARTESIAN_POINT ( 'NONE',  ( 1.500000000000000666, -2.000000000000000000, 0.3175000000000000044 ) ) ;
#1014 = VERTEX_POINT ( 'NONE', #795 ) ;
#1015 = DIRECTION ( 'NONE',  ( -0.5000000000000043299, -0.8660254037844362651, 0.000000000000000000 ) ) ;
#1016 = PRODUCT ( 'ramp-vertex_62', 'ramp-vertex_62', '', ( #1374 ) ) ;
#1017 = CARTESIAN_POINT ( 'NONE',  ( -19.36500000000000554, -1.365000000000000213, 0.3175000000000000044 ) ) ;
#1018 = VECTOR ( 'NONE', #598, 100.0000000000000000 ) ;
#1019 = EDGE_LOOP ( 'NONE', ( #1809, #1020 ) ) ;
#1020 = ORIENTED_EDGE ( 'NONE', *, *, #1143, .F. ) ;
#1021 = EDGE_CURVE ( 'NONE', #1813, #1576, #1760, .T. ) ;
#1022 = VECTOR ( 'NONE', #234, 100.0000000000000000 ) ;
#1023 = EDGE_CURVE ( 'NONE', #1359, #1587, #1312, .T. ) ;
#1024 = DIRECTION ( 'NONE',  ( 0.000000000000000000, 0.000000000000000000, 1.000000000000000000 ) ) ;
#1025 = ORIENTED_EDGE ( 'NONE', *, *, #483, .F. ) ;
#1026 = CARTESIAN_POINT ( 'NONE',  ( -18.00000000000000355, 0.000000000000000000, 0.000000000000000000 ) ) ;
#1027 = ADVANCED_FACE ( 'NONE', ( #1627 ), #1782, .F. ) ;
#1028 = FACE_OUTER_BOUND ( 'NONE', #206, .T. ) ;
#1029 = ORIENTED_EDGE ( 'NONE', *, *, #1836, .T. ) ;
#1030 = CARTESIAN_POINT ( 'NONE',  ( 1.820000000000000506, -0.4099999999999998646, 0.6350000000000000089 ) ) ;
#1031 = CARTESIAN_POINT ( 'NONE',  ( 0.000000000000000000, 0.000000000000000000, 0.000000000000000000 ) ) ;
#1032 = VECTOR ( 'NONE', #283, 100.0000000000000000 ) ;
#1033 = LINE ( 'NONE', #243, #920 ) ;
#1034 = ORIENTED_EDGE ( 'NONE', *, *, #879, .T. ) ;
#1035 = VECTOR ( 'NONE', #687, 100.0000000000000000 ) ;
#1036 = CYLINDRICAL_SURFACE ( 'NONE', #495, 0.3099999999999999978 ) ;
#1037 = CARTESIAN_POINT ( 'NONE',  ( 0.000000000000000000, 0.000000000000000000, 0.6350000000000000089 ) ) ;
#1038 = ORIENTED_EDGE ( 'NONE', *, *, #1863, .F. ) ;
#1039 = FACE_OUTER_BOUND ( 'NONE', #1235, .T. ) ;
#1040 = FACE_OUTER_BOUND ( 'NONE', #339, .T. ) ;
#1041 = EDGE_LOOP ( 'NONE', ( #572, #1029, #521, #998 ) ) ;
#1042 = CARTESIAN_POINT ( 'NONE',  ( 1.364999999999999991, 2.000000000000001776, 0.3175000000000000044 ) ) ;
#1043 = ADVANCED_FACE ( 'NONE', ( #1294 ), #525, .F. ) ;
#1044 = CARTESIAN_POINT ( 'NONE',  ( -18.76795716689757754, 1.199999999999999956, 0.6350000000000000089 ) ) ;
#1045 = DIRECTION ( 'NONE',  ( 0.000000000000000000, 0.000000000000000000, -1.000000000000000000 ) ) ;
#1046 = APPLICATION_PROTOCOL_DEFINITION ( 'draft international standard', 'automotive_design', 1998, #1325 ) ;
#1047 = ORIENTED_EDGE ( 'NONE', *, *, #1418, .F. ) ;
#1048 = EDGE_CURVE ( 'NONE', #244, #1470, #193, .T. ) ;
#1049 = CARTESIAN_POINT ( 'NONE',  ( -20.00000000000000711, -1.499999999999999334, 0.3175000000000000044 ) ) ;
#1050 = CARTESIAN_POINT ( 'NONE',  ( 1.364999999999995328, 16.63499999999999801, 0.3175000000000000044 ) ) ;
#1051 = ORIENTED_EDGE ( 'NONE', *, *, #1837, .T. ) ;
#1052 = CYLINDRICAL_SURFACE ( 'NONE', #1528, 0.3099999999999999978 ) ;
#1053 = EDGE_CURVE ( 'NONE', #1946, #1443, #1128, .T. ) ;
#1054 = DIRECTION ( 'NONE',  ( -0.000000000000000000, 0.000000000000000000, 1.000000000000000000 ) ) ;
#1055 = AXIS2_PLACEMENT_3D ( 'NONE', #708, #1045, #254 ) ;
#1056 = AXIS2_PLACEMENT_3D ( 'NONE', #947, #292, #1251 ) ;
#1057 = DIRECTION ( 'NONE',  ( -0.5000000000000042188, -0.8660254037844362651, 0.000000000000000000 ) ) ;
#1058 = ORIENTED_EDGE ( 'NONE', *, *, #1088, .F. ) ;
#1059 = LINE ( 'NONE', #1701, #71 ) ;
#1060 = EDGE_CURVE ( 'NONE', #1239, #291, #1772, .T. ) ;
#1061 = PLANE ( 'NONE',  #524 ) ;
#1062 = ORIENTED_EDGE ( 'NONE', *, *, #1303, .T. ) ;
#1063 = PLANE ( 'NONE',  #358 ) ;
#1064 = VECTOR ( 'NONE', #787, 100.0000000000000000 ) ;
#1065 = EDGE_CURVE ( 'NONE', #932, #1894, #652, .T. ) ;
#1066 = VECTOR ( 'NONE', #1509, 100.0000000000000000 ) ;
#1067 = LINE ( 'NONE', #1842, #707 ) ;
#1068 = ORIENTED_EDGE ( 'NONE', *, *, #2018, .T. ) ;
#1069 = PLANE ( 'NONE',  #537 ) ;
#1070 = DIRECTION ( 'NONE',  ( 0.000000000000000000, -1.000000000000000000, 0.000000000000000000 ) ) ;
#1071 = ORIENTED_EDGE ( 'NONE', *, *, #1588, .T. ) ;
#1072 = LINE ( 'NONE', #595, #261 ) ;
#1073 = ORIENTED_EDGE ( 'NONE', *, *, #1672, .F. ) ;
#1074 = DIRECTION ( 'NONE',  ( 0.000000000000000000, 0.000000000000000000, 1.000000000000000000 ) ) ;
#1075 = ADVANCED_FACE ( 'NONE', ( #1275 ), #359, .T. ) ;
#1076 = DIRECTION ( 'NONE',  ( -1.000000000000000000, -2.312964634635742957E-16, 0.000000000000000000 ) ) ;
#1077 = EDGE_CURVE ( 'NONE', #804, #1306, #672, .T. ) ;
#1078 = ORIENTED_EDGE ( 'NONE', *, *, #330, .T. ) ;
#1079 = PLANE ( 'NONE',  #802 ) ;
#1080 = VECTOR ( 'NONE', #47, 100.0000000000000000 ) ;
#1081 = CARTESIAN_POINT ( 'NONE',  ( -1.364999999999998215, 2.000000000000000444, 0.000000000000000000 ) ) ;
#1082 = ORIENTED_EDGE ( 'NONE', *, *, #1807, .F. ) ;
#1083 = FACE_OUTER_BOUND ( 'NONE', #50, .T. ) ;
#1084 = VECTOR ( 'NONE', #66, 100.0000000000000000 ) ;
#1085 = ORIENTED_EDGE ( 'NONE', *, *, #1229, .T. ) ;
#1086 = DIRECTION ( 'NONE',  ( 0.5000000000000042188, -0.8660254037844361541, 0.000000000000000000 ) ) ;
#1087 = VECTOR ( 'NONE', #642, 100.0000000000000000 ) ;
#1088 = EDGE_CURVE ( 'NONE', #148, #1352, #1918, .T. ) ;
#1089 = LINE ( 'NONE', #1256, #301 ) ;
#1090 = EDGE_LOOP ( 'NONE', ( #318, #1428, #782, #265 ) ) ;
#1091 = CARTESIAN_POINT ( 'NONE',  ( -19.82000000000000384, -0.4099999999999998646, 0.1349999999999999534 ) ) ;
#1092 = PLANE ( 'NONE',  #1167 ) ;
#1093 = ORIENTED_EDGE ( 'NONE', *, *, #41, .T. ) ;
#1094 = PLANE ( 'NONE',  #1138 ) ;
#1095 = ORIENTED_EDGE ( 'NONE', *, *, #375, .T. ) ;
#1096 = DIRECTION ( 'NONE',  ( 1.000000000000000000, 0.000000000000000000, 0.000000000000000000 ) ) ;
#1097 = CARTESIAN_POINT ( 'NONE',  ( 0.000000000000000000, 0.000000000000000000, 0.3175000000000000044 ) ) ;
#1098 = ORIENTED_EDGE ( 'NONE', *, *, #1804, .T. ) ;
#1099 = CARTESIAN_POINT ( 'NONE',  ( -1.364999999999999991, 16.63499999999999801, 0.3175000000000000044 ) ) ;
#1100 = VECTOR ( 'NONE', #121, 100.0000000000000000 ) ;
#1101 = PLANE ( 'NONE',  #469 ) ;
#1102 = ORIENTED_EDGE ( 'NONE', *, *, #1724, .T. ) ;
#1103 = LINE ( 'NONE', #781, #794 ) ;
#1104 = ORIENTED_EDGE ( 'NONE', *, *, #1720, .T. ) ;
#1105 = LINE ( 'NONE', #960, #1928 ) ;
#1106 = LINE ( 'NONE', #315, #1115 ) ;
#1107 = ORIENTED_EDGE ( 'NONE', *, *, #115, .F. ) ;
#1108 = DIRECTION ( 'NONE',  ( 0.000000000000000000, 1.000000000000000000, 0.000000000000000000 ) ) ;
#1109 = DIRECTION ( 'NONE',  ( 0.000000000000000000, -1.000000000000000000, 0.000000000000000000 ) ) ;
#1110 = ORIENTED_EDGE ( 'NONE', *, *, #1445, .T. ) ;
#1111 = CARTESIAN_POINT ( 'NONE',  ( 0.000000000000000000, 0.000000000000000000, 0.1349999999999999534 ) ) ;
#1112 = VERTEX_POINT ( 'NONE', #1603 ) ;
#1113 = CARTESIAN_POINT ( 'NONE',  ( 1.820000000000000506, -0.4099999999999998646, 0.1349999999999999534 ) ) ;
#1114 = EDGE_CURVE ( 'NONE', #273, #446, #172, .T. ) ;
#1115 = VECTOR ( 'NONE', #950, 100.0000000000000000 ) ;
#1116 = DIRECTION ( 'NONE',  ( -1.000000000000000000, -4.818676322157798361E-16, 0.000000000000000000 ) ) ;
#1117 = CIRCLE ( 'NONE', #1455, 2.500000000000000000 ) ;
#1118 = ADVANCED_FACE ( 'NONE', ( #517 ), #807, .T. ) ;
#1119 = VERTEX_POINT ( 'NONE', #971 ) ;
#1120 = DIRECTION ( 'NONE',  ( -1.000000000000000000, -4.818676322157798361E-16, 0.000000000000000000 ) ) ;
#1121 = CARTESIAN_POINT ( 'NONE',  ( 0.7679571668975722076, 1.199999999999999956, 0.1349999999999999534 ) ) ;
#1122 = AXIS2_PLACEMENT_3D ( 'NONE', #512, #1942, #1151 ) ;
#1123 = ORIENTED_EDGE ( 'NONE', *, *, #580, .F. ) ;
#1124 = EDGE_CURVE ( 'NONE', #1714, #222, #1616, .T. ) ;
#1125 = CARTESIAN_POINT ( 'NONE',  ( 2.000000000000000444, -0.4099999999999999201, 0.1349999999999999534 ) ) ;
#1126 = ORIENTED_EDGE ( 'NONE', *, *, #1008, .T. ) ;
#1127 = LINE ( 'NONE', #1452, #387 ) ;
#1128 = LINE ( 'NONE', #1157, #1182 ) ;
#1129 = VERTEX_POINT ( 'NONE', #201 ) ;
#1130 = CARTESIAN_POINT ( 'NONE',  ( 1.499999999999999778, 2.000000000000000444, 0.3175000000000000044 ) ) ;
#1131 = EDGE_CURVE ( 'NONE', #1512, #455, #840, .T. ) ;
#1132 = LINE ( 'NONE', #1778, #1641 ) ;
#1133 = PRESENTATION_LAYER_ASSIGNMENT (  '', '', ( #2003 ) ) ;
#1134 = ORIENTED_EDGE ( 'NONE', *, *, #464, .F. ) ;
#1135 = CARTESIAN_POINT ( 'NONE',  ( 0.000000000000000000, -0.3099999999999999978, 0.000000000000000000 ) ) ;
#1136 = VECTOR ( 'NONE', #1934, 100.0000000000000000 ) ;
#1137 = AXIS2_PLACEMENT_3D ( 'NONE', #1436, #1413, #1914 ) ;
#1138 = AXIS2_PLACEMENT_3D ( 'NONE', #930, #940, #354 ) ;
#1139 = ORIENTED_EDGE ( 'NONE', *, *, #1642, .F. ) ;
#1140 = CARTESIAN_POINT ( 'NONE',  ( -18.00000000000000355, 0.3099999999999999978, 0.000000000000000000 ) ) ;
#1141 = ORIENTED_EDGE ( 'NONE', *, *, #133, .T. ) ;
#1142 = LINE ( 'NONE', #809, #693 ) ;
#1143 = EDGE_CURVE ( 'NONE', #1296, #1460, #1481, .T. ) ;
#1144 = CARTESIAN_POINT ( 'NONE',  ( 2.000000000000000444, -0.4099999999999999201, 0.1349999999999999534 ) ) ;
#1145 = VERTEX_POINT ( 'NONE', #535 ) ;
#1146 = CARTESIAN_POINT ( 'NONE',  ( 0.7679571668975722076, 1.199999999999999956, 0.1349999999999999534 ) ) ;
#1147 = ORIENTED_EDGE ( 'NONE', *, *, #1869, .T. ) ;
#1148 = DIRECTION ( 'NONE',  ( 0.000000000000000000, -1.000000000000000000, 0.000000000000000000 ) ) ;
#1149 = VECTOR ( 'NONE', #1210, 100.0000000000000142 ) ;
#1150 = ORIENTED_EDGE ( 'NONE', *, *, #99, .F. ) ;
#1151 = DIRECTION ( 'NONE',  ( 1.000000000000000000, -2.312964634635742957E-16, 0.000000000000000000 ) ) ;
#1152 = VECTOR ( 'NONE', #898, 100.0000000000000000 ) ;
#1153 = PLANE ( 'NONE',  #1535 ) ;
#1154 = ORIENTED_EDGE ( 'NONE', *, *, #826, .T. ) ;
#1155 = CARTESIAN_POINT ( 'NONE',  ( -1.364999999999999991, 16.63499999999999801, 0.3175000000000000044 ) ) ;
#1156 = ORIENTED_EDGE ( 'NONE', *, *, #978, .T. ) ;
#1157 = CARTESIAN_POINT ( 'NONE',  ( -17.59000000000000696, 2.000000000000000444, 0.1349999999999999534 ) ) ;
#1158 = VECTOR ( 'NONE', #2027, 100.0000000000000000 ) ;
#1159 = ORIENTED_EDGE ( 'NONE', *, *, #1201, .F. ) ;
#1160 = CARTESIAN_POINT ( 'NONE',  ( -18.76795716689757754, 1.199999999999999956, 0.1349999999999999534 ) ) ;
#1161 = DIRECTION ( 'NONE',  ( 0.000000000000000000, -1.000000000000000000, 0.000000000000000000 ) ) ;
#1162 = ORIENTED_EDGE ( 'NONE', *, *, #639, .F. ) ;
#1163 = CARTESIAN_POINT ( 'NONE',  ( 1.499999999999999778, 2.000000000000000444, 0.000000000000000000 ) ) ;
#1164 = LINE ( 'NONE', #1770, #287 ) ;
#1165 = EDGE_CURVE ( 'NONE', #273, #932, #100, .T. ) ;
#1166 = VERTEX_POINT ( 'NONE', #848 ) ;
#1167 = AXIS2_PLACEMENT_3D ( 'NONE', #1893, #1269, #465 ) ;
#1168 = DIRECTION ( 'NONE',  ( 0.8660254037844360431, 0.5000000000000042188, 0.000000000000000000 ) ) ;
#1169 = VERTEX_POINT ( 'NONE', #1044 ) ;
#1170 = FACE_OUTER_BOUND ( 'NONE', #1404, .T. ) ;
#1171 = CARTESIAN_POINT ( 'NONE',  ( -19.36500000000000554, 1.364999999999998215, 0.3175000000000000044 ) ) ;
#1172 = ORIENTED_EDGE ( 'NONE', *, *, #1863, .T. ) ;
#1173 = EDGE_CURVE ( 'NONE', #257, #1512, #1033, .T. ) ;
#1174 = CARTESIAN_POINT ( 'NONE',  ( -18.62000000000000455, -0.5700000000000000622, 0.000000000000000000 ) ) ;
#1175 = DIRECTION ( 'NONE',  ( 0.000000000000000000, 0.000000000000000000, 1.000000000000000000 ) ) ;
#1176 = EDGE_LOOP ( 'NONE', ( #1098, #1613, #780, #1172 ) ) ;
#1177 = EDGE_CURVE ( 'NONE', #247, #766, #1334, .T. ) ;
#1178 = LINE ( 'NONE', #1825, #87 ) ;
#1179 = AXIS2_PLACEMENT_3D ( 'NONE', #1499, #866, #1984 ) ;
#1180 = ORIENTED_EDGE ( 'NONE', *, *, #1276, .F. ) ;
#1181 = PLANE ( 'NONE',  #869 ) ;
#1182 = VECTOR ( 'NONE', #1592, 100.0000000000000000 ) ;
#1183 = DIRECTION ( 'NONE',  ( -0.000000000000000000, 0.000000000000000000, 1.000000000000000000 ) ) ;
#1184 = EDGE_LOOP ( 'NONE', ( #865, #177, #1095, #1880 ) ) ;
#1185 = CARTESIAN_POINT ( 'NONE',  ( -17.59000000000000696, 1.820000000000000506, 0.1349999999999999534 ) ) ;
#1186 = VECTOR ( 'NONE', #1729, 100.0000000000000000 ) ;
#1187 = VERTEX_POINT ( 'NONE', #1321 ) ;
#1188 = CARTESIAN_POINT ( 'NONE',  ( -17.23204283310243312, 1.199999999999999956, 0.1349999999999999534 ) ) ;
#1189 = DIRECTION ( 'NONE',  ( 0.000000000000000000, 0.000000000000000000, -1.000000000000000000 ) ) ;
#1190 = ORIENTED_EDGE ( 'NONE', *, *, #917, .F. ) ;
#1191 = LINE ( 'NONE', #223, #224 ) ;
#1192 = PLANE ( 'NONE',  #10 ) ;
#1193 = ORIENTED_EDGE ( 'NONE', *, *, #1617, .T. ) ;
#1194 = CARTESIAN_POINT ( 'NONE',  ( 2.000000000000000444, 1.364999999999998437, 0.000000000000000000 ) ) ;
#1195 = EDGE_CURVE ( 'NONE', #321, #1014, #1416, .T. ) ;
#1196 = ORIENTED_EDGE ( 'NONE', *, *, #843, .F. ) ;
#1197 = CARTESIAN_POINT ( 'NONE',  ( 0.4099999999999999201, 1.820000000000000506, 0.6350000000000000089 ) ) ;
#1198 = CARTESIAN_POINT ( 'NONE',  ( -19.82000000000000384, 0.4100000000000000311, 0.6350000000000000089 ) ) ;
#1199 = ADVANCED_FACE ( 'NONE', ( #232 ), #1968, .F. ) ;
#1200 = CARTESIAN_POINT ( 'NONE',  ( 2.000000000000000444, -1.499999999999999334, 0.000000000000000000 ) ) ;
#1201 = EDGE_CURVE ( 'NONE', #1576, #1119, #1654, .T. ) ;
#1202 = DIRECTION ( 'NONE',  ( 0.000000000000000000, -1.000000000000000000, 0.000000000000000000 ) ) ;
#1203 = VERTEX_POINT ( 'NONE', #1000 ) ;
#1204 = CARTESIAN_POINT ( 'NONE',  ( -16.15089379699272243, 1.682500000000000329, 0.3175000000000000044 ) ) ;
#1205 = EDGE_CURVE ( 'NONE', #1327, #68, #1814, .T. ) ;
#1206 = CARTESIAN_POINT ( 'NONE',  ( -34.63500000000000512, 1.365000000000001101, 0.3175000000000000044 ) ) ;
#1207 = ORIENTED_EDGE ( 'NONE', *, *, #99, .T. ) ;
#1208 = CARTESIAN_POINT ( 'NONE',  ( -20.00000000000000711, 0.4100000000000001421, 0.1349999999999999534 ) ) ;
#1209 = EDGE_CURVE ( 'NONE', #92, #1239, #881, .T. ) ;
#1210 = DIRECTION ( 'NONE',  ( -0.5000000000000042188, 0.8660254037844362651, -0.000000000000000000 ) ) ;
#1211 = EDGE_CURVE ( 'NONE', #1618, #1982, #1342, .T. ) ;
#1212 = FILL_AREA_STYLE_COLOUR ( '', #2039 ) ;
#1213 = ORIENTED_EDGE ( 'NONE', *, *, #1439, .T. ) ;
#1214 = CARTESIAN_POINT ( 'NONE',  ( 2.000000000000000444, 0.4100000000000001421, 0.6350000000000000089 ) ) ;
#1215 = AXIS2_PLACEMENT_3D ( 'NONE', #496, #337, #1148 ) ;
#1216 = CARTESIAN_POINT ( 'NONE',  ( -16.50000000000000355, 2.000000000000000444, 0.3175000000000000044 ) ) ;
#1217 = LINE ( 'NONE', #1188, #459 ) ;
#1218 = CARTESIAN_POINT ( 'NONE',  ( -0.7679571668975722076, 1.199999999999999956, 0.1349999999999999534 ) ) ;
#1219 = EDGE_CURVE ( 'NONE', #561, #608, #86, .T. ) ;
#1220 = VECTOR ( 'NONE', #842, 100.0000000000000000 ) ;
#1221 = VECTOR ( 'NONE', #1746, 100.0000000000000000 ) ;
#1222 = UNCERTAINTY_MEASURE_WITH_UNIT (LENGTH_MEASURE( 1.000000000000000082E-05 ), #427, 'distance_accuracy_value', 'NONE');
#1223 = CARTESIAN_POINT ( 'NONE',  ( 1.365000000000002212, -2.000000000000000000, 0.000000000000000000 ) ) ;
#1224 = ORIENTED_EDGE ( 'NONE', *, *, #1583, .F. ) ;
#1225 = LINE ( 'NONE', #1521, #1233 ) ;
#1226 = DIRECTION ( 'NONE',  ( 0.000000000000000000, -1.000000000000000000, 0.000000000000000000 ) ) ;
#1227 = ORIENTED_EDGE ( 'NONE', *, *, #304, .T. ) ;
#1228 = DIRECTION ( 'NONE',  ( 0.000000000000000000, 1.000000000000000000, 0.000000000000000000 ) ) ;
#1229 = EDGE_CURVE ( 'NONE', #757, #804, #584, .T. ) ;
#1230 = ORIENTED_EDGE ( 'NONE', *, *, #1836, .F. ) ;
#1231 = CARTESIAN_POINT ( 'NONE',  ( 1.500000000000000666, -2.000000000000000000, 0.000000000000000000 ) ) ;
#1232 = DIRECTION ( 'NONE',  ( 0.000000000000000000, -1.000000000000000000, 0.000000000000000000 ) ) ;
#1233 = VECTOR ( 'NONE', #1402, 100.0000000000000000 ) ;
#1234 = CIRCLE ( 'NONE', #1608, 2.500000000000000000 ) ;
#1235 = EDGE_LOOP ( 'NONE', ( #760, #1349, #1871, #1525, #1071, #117, #1368, #1665, #1380, #1988, #1779, #402 ) ) ;
#1236 = CYLINDRICAL_SURFACE ( 'NONE', #238, 2.500000000000000000 ) ;
#1237 = EDGE_CURVE ( 'NONE', #1470, #1359, #1677, .T. ) ;
#1238 = LINE ( 'NONE', #126, #451 ) ;
#1239 = VERTEX_POINT ( 'NONE', #1198 ) ;
#1240 = CARTESIAN_POINT ( 'NONE',  ( -18.00000000000000355, 0.000000000000000000, 0.1349999999999999534 ) ) ;
#1241 = EDGE_CURVE ( 'NONE', #1982, #1203, #1009, .T. ) ;
#1242 = VERTEX_POINT ( 'NONE', #704 ) ;
#1243 = CARTESIAN_POINT ( 'NONE',  ( -19.36500000000000554, -1.999999999999999112, 0.6350000000000000089 ) ) ;
#1244 = EDGE_CURVE ( 'NONE', #296, #2001, #1687, .T. ) ;
#1245 = LINE ( 'NONE', #448, #767 ) ;
#1246 = ORIENTED_EDGE ( 'NONE', *, *, #1550, .F. ) ;
#1247 = CARTESIAN_POINT ( 'NONE',  ( 1.499999999999999778, 2.000000000000000444, 0.000000000000000000 ) ) ;
#1248 = VECTOR ( 'NONE', #1531, 100.0000000000000000 ) ;
#1249 = CARTESIAN_POINT ( 'NONE',  ( -17.23204283310243312, 1.199999999999999956, 0.6350000000000000089 ) ) ;
#1250 = ORIENTED_EDGE ( 'NONE', *, *, #1219, .T. ) ;
#1251 = DIRECTION ( 'NONE',  ( 1.000000000000000000, 1.931257307898213426E-16, 0.000000000000000000 ) ) ;
#1252 = VECTOR ( 'NONE', #901, 100.0000000000000000 ) ;
#1253 = ORIENTED_EDGE ( 'NONE', *, *, #1458, .F. ) ;
#1254 = LINE ( 'NONE', #1231, #1351 ) ;
#1255 = AXIS2_PLACEMENT_3D ( 'NONE', #1545, #1886, #1086 ) ;
#1256 = CARTESIAN_POINT ( 'NONE',  ( 2.000000000000000444, -0.4099999999999999201, 0.1349999999999999534 ) ) ;
#1257 = ORIENTED_EDGE ( 'NONE', *, *, #722, .F. ) ;
#1258 = LINE ( 'NONE', #288, #506 ) ;
#1259 = DIRECTION ( 'NONE',  ( 3.067291018426574134E-16, -1.000000000000000000, 0.000000000000000000 ) ) ;
#1260 = ORIENTED_EDGE ( 'NONE', *, *, #1244, .T. ) ;
#1261 = PLANE ( 'NONE',  #1862 ) ;
#1262 = ORIENTED_EDGE ( 'NONE', *, *, #1285, .F. ) ;
#1263 = CARTESIAN_POINT ( 'NONE',  ( -0.7679571668975722076, 1.199999999999999956, 0.1349999999999999534 ) ) ;
#1264 = CARTESIAN_POINT ( 'NONE',  ( 1.365000000000002212, -1.999999999999999112, 0.6350000000000000089 ) ) ;
#1265 = EDGE_CURVE ( 'NONE', #2012, #1112, #1978, .T. ) ;
#1266 = ORIENTED_EDGE ( 'NONE', *, *, #560, .F. ) ;
#1267 = CARTESIAN_POINT ( 'NONE',  ( 0.7679571668975722076, 1.199999999999999956, 0.6350000000000000089 ) ) ;
#1268 = VECTOR ( 'NONE', #1109, 100.0000000000000000 ) ;
#1269 = DIRECTION ( 'NONE',  ( 0.000000000000000000, 0.000000000000000000, 1.000000000000000000 ) ) ;
#1270 = EDGE_CURVE ( 'NONE', #808, #43, #892, .T. ) ;
#1271 = VERTEX_POINT ( 'NONE', #547 ) ;
#1272 = CARTESIAN_POINT ( 'NONE',  ( -19.36499999999999844, 16.63499999999999801, 0.3175000000000000044 ) ) ;
#1273 = ORIENTED_EDGE ( 'NONE', *, *, #937, .T. ) ;
#1274 = DIRECTION ( 'NONE',  ( 1.000000000000000000, 0.000000000000000000, 0.000000000000000000 ) ) ;
#1275 = FACE_OUTER_BOUND ( 'NONE', #1933, .T. ) ;
#1276 = EDGE_CURVE ( 'NONE', #1919, #7, #1178, .T. ) ;
#1277 = VERTEX_POINT ( 'NONE', #1704 ) ;
#1278 = CARTESIAN_POINT ( 'NONE',  ( -1.364999999999999991, 16.63499999999999801, 0.6350000000000000089 ) ) ;
#1279 = DIRECTION ( 'NONE',  ( 1.000000000000000000, -3.067291018426574134E-16, 0.000000000000000000 ) ) ;
#1280 = VERTEX_POINT ( 'NONE', #1218 ) ;
#1281 = LINE ( 'NONE', #1925, #955 ) ;
#1282 = ORIENTED_EDGE ( 'NONE', *, *, #843, .T. ) ;
#1283 = DIRECTION ( 'NONE',  ( 0.5000000000000042188, 0.8660254037844362651, 0.000000000000000000 ) ) ;
#1284 = VECTOR ( 'NONE', #1666, 100.0000000000000000 ) ;
#1285 = EDGE_CURVE ( 'NONE', #1166, #777, #269, .T. ) ;
#1286 = DIRECTION ( 'NONE',  ( -1.156482317317871725E-16, -1.000000000000000000, 0.000000000000000000 ) ) ;
#1287 = VECTOR ( 'NONE', #1685, 100.0000000000000000 ) ;
#1288 = ORIENTED_EDGE ( 'NONE', *, *, #839, .T. ) ;
#1289 = DIRECTION ( 'NONE',  ( -1.000000000000000000, 0.000000000000000000, 0.000000000000000000 ) ) ;
#1290 = DIRECTION ( 'NONE',  ( 4.818676322157799347E-16, 1.000000000000000000, 0.000000000000000000 ) ) ;
#1291 = ORIENTED_EDGE ( 'NONE', *, *, #855, .T. ) ;
#1292 = DIRECTION ( 'NONE',  ( -0.000000000000000000, 0.000000000000000000, 1.000000000000000000 ) ) ;
#1293 = ORIENTED_EDGE ( 'NONE', *, *, #14, .F. ) ;
#1294 = FACE_OUTER_BOUND ( 'NONE', #279, .T. ) ;
#1295 = EDGE_CURVE ( 'NONE', #1311, #286, #1372, .T. ) ;
#1296 = VERTEX_POINT ( 'NONE', #2063 ) ;
#1297 = LINE ( 'NONE', #1444, #1716 ) ;
#1298 = FACE_OUTER_BOUND ( 'NONE', #650, .T. ) ;
#1299 = CIRCLE ( 'NONE', #504, 2.500000000000000000 ) ;
#1300 = ORIENTED_EDGE ( 'NONE', *, *, #1461, .F. ) ;
#1301 = PLANE ( 'NONE',  #509 ) ;
#1302 = ORIENTED_EDGE ( 'NONE', *, *, #715, .F. ) ;
#1303 = EDGE_CURVE ( 'NONE', #257, #1618, #142, .T. ) ;
#1304 = ADVANCED_FACE ( 'NONE', ( #910 ), #609, .T. ) ;
#1305 = DIRECTION ( 'NONE',  ( 1.000000000000000000, 0.000000000000000000, 0.000000000000000000 ) ) ;
#1306 = VERTEX_POINT ( 'NONE', #294 ) ;
#1307 = DIRECTION ( 'NONE',  ( -0.5000000000000042188, 0.8660254037844362651, -0.000000000000000000 ) ) ;
#1308 = LINE ( 'NONE', #1797, #1741 ) ;
#1309 = ORIENTED_EDGE ( 'NONE', *, *, #1680, .F. ) ;
#1310 = CARTESIAN_POINT ( 'NONE',  ( 3.796405077356794548E-17, 0.3099999999999999978, 0.000000000000000000 ) ) ;
#1311 = VERTEX_POINT ( 'NONE', #1534 ) ;
#1312 = LINE ( 'NONE', #1431, #1755 ) ;
#1313 = ORIENTED_EDGE ( 'NONE', *, *, #1550, .T. ) ;
#1314 = DIRECTION ( 'NONE',  ( 1.000000000000000000, 0.000000000000000000, 0.000000000000000000 ) ) ;
#1315 = LINE ( 'NONE', #45, #1400 ) ;
#1316 = ORIENTED_EDGE ( 'NONE', *, *, #1463, .F. ) ;
#1317 = LINE ( 'NONE', #531, #445 ) ;
#1318 = DIRECTION ( 'NONE',  ( 0.000000000000000000, 1.000000000000000000, 0.000000000000000000 ) ) ;
#1319 = AXIS2_PLACEMENT_3D ( 'NONE', #1111, #957, #1736 ) ;
#1320 = ORIENTED_EDGE ( 'NONE', *, *, #282, .F. ) ;
#1321 = CARTESIAN_POINT ( 'NONE',  ( -18.41000000000000369, 1.820000000000000506, 0.6350000000000000089 ) ) ;
#1322 = VECTOR ( 'NONE', #1703, 100.0000000000000000 ) ;
#1323 = VERTEX_POINT ( 'NONE', #1243 ) ;
#1324 = LINE ( 'NONE', #1200, #1022 ) ;
#1325 = APPLICATION_CONTEXT ( 'automotive_design' ) ;
#1326 = CARTESIAN_POINT ( 'NONE',  ( 1.200000000000000622, -0.7679571668975718746, 0.1349999999999999534 ) ) ;
#1327 = VERTEX_POINT ( 'NONE', #942 ) ;
#1328 = CARTESIAN_POINT ( 'NONE',  ( 0.6200000000000001066, -0.5700000000000000622, 0.000000000000000000 ) ) ;
#1329 = LINE ( 'NONE', #494, #2023 ) ;
#1330 = EDGE_CURVE ( 'NONE', #7, #92, #1397, .T. ) ;
#1331 = VERTEX_POINT ( 'NONE', #262 ) ;
#1332 = AXIS2_PLACEMENT_3D ( 'NONE', #635, #441, #1561 ) ;
#1333 = AXIS2_PLACEMENT_3D ( 'NONE', #756, #1348, #1202 ) ;
#1334 = LINE ( 'NONE', #1480, #1892 ) ;
#1335 = ORIENTED_EDGE ( 'NONE', *, *, #1597, .F. ) ;
#1336 = CARTESIAN_POINT ( 'NONE',  ( -19.36500000000000554, 1.364999999999998215, 0.6350000000000000089 ) ) ;
#1337 = DIRECTION ( 'NONE',  ( -0.5000000000000043299, 0.8660254037844362651, 0.000000000000000000 ) ) ;
#1338 = VERTEX_POINT ( 'NONE', #415 ) ;
#1339 = PLANE ( 'NONE',  #1179 ) ;
#1340 = DIRECTION ( 'NONE',  ( 0.000000000000000000, 0.000000000000000000, 1.000000000000000000 ) ) ;
#1341 = ADVANCED_FACE ( 'NONE', ( #2052 ), #458, .F. ) ;
#1342 = LINE ( 'NONE', #1838, #851 ) ;
#1343 = VECTOR ( 'NONE', #997, 100.0000000000000000 ) ;
#1344 = EDGE_CURVE ( 'NONE', #800, #1187, #1715, .T. ) ;
#1345 = ORIENTED_EDGE ( 'NONE', *, *, #1450, .F. ) ;
#1346 = DIRECTION ( 'NONE',  ( 0.000000000000000000, -1.000000000000000000, 0.000000000000000000 ) ) ;
#1347 = AXIS2_PLACEMENT_3D ( 'NONE', #1899, #460, #784 ) ;
#1348 = DIRECTION ( 'NONE',  ( 0.000000000000000000, 0.000000000000000000, 1.000000000000000000 ) ) ;
#1349 = ORIENTED_EDGE ( 'NONE', *, *, #1303, .F. ) ;
#1350 = CARTESIAN_POINT ( 'NONE',  ( 0.000000000000000000, 0.000000000000000000, 0.6350000000000000089 ) ) ;
#1351 = VECTOR ( 'NONE', #303, 100.0000000000000000 ) ;
#1352 = VERTEX_POINT ( 'NONE', #281 ) ;
#1353 = LINE ( 'NONE', #733, #1903 ) ;
#1354 = EDGE_CURVE ( 'NONE', #1798, #1599, #2041, .T. ) ;
#1355 = CARTESIAN_POINT ( 'NONE',  ( -18.62000000000000455, -2.000000000000000444, 0.000000000000000000 ) ) ;
#1356 = FACE_OUTER_BOUND ( 'NONE', #1041, .T. ) ;
#1357 = VECTOR ( 'NONE', #1415, 100.0000000000000000 ) ;
#1358 = LINE ( 'NONE', #2000, #1100 ) ;
#1359 = VERTEX_POINT ( 'NONE', #742 ) ;
#1360 = CARTESIAN_POINT ( 'NONE',  ( -18.41000000000000369, 2.000000000000000444, 0.1349999999999999534 ) ) ;
#1361 = CARTESIAN_POINT ( 'NONE',  ( 1.365000000000002212, -1.365000000000000213, 0.3175000000000000044 ) ) ;
#1362 = ORIENTED_EDGE ( 'NONE', *, *, #123, .F. ) ;
#1363 = CARTESIAN_POINT ( 'NONE',  ( -18.62000000000000455, -0.5700000000000000622, 0.000000000000000000 ) ) ;
#1364 = DIRECTION ( 'NONE',  ( 0.000000000000000000, 0.000000000000000000, 1.000000000000000000 ) ) ;
#1365 = VECTOR ( 'NONE', #1446, 100.0000000000000142 ) ;
#1366 = AXIS2_PLACEMENT_3D ( 'NONE', #1689, #256, #894 ) ;
#1367 = DIRECTION ( 'NONE',  ( -0.5000000000000042188, -0.8660254037844361541, 0.000000000000000000 ) ) ;
#1368 = ORIENTED_EDGE ( 'NONE', *, *, #863, .F. ) ;
#1369 = DIRECTION ( 'NONE',  ( 0.000000000000000000, -1.000000000000000000, 0.000000000000000000 ) ) ;
#1370 = DIRECTION ( 'NONE',  ( 0.000000000000000000, 0.000000000000000000, -1.000000000000000000 ) ) ;
#1371 = PLANE ( 'NONE',  #897 ) ;
#1372 = LINE ( 'NONE', #1580, #1252 ) ;
#1373 = CARTESIAN_POINT ( 'NONE',  ( -19.82000000000000384, 0.4100000000000000311, 0.1349999999999999534 ) ) ;
#1374 = PRODUCT_CONTEXT ( 'NONE', #1761, 'mechanical' ) ;
#1375 = ORIENTED_EDGE ( 'NONE', *, *, #1604, .T. ) ;
#1376 = EDGE_CURVE ( 'NONE', #1166, #516, #922, .T. ) ;
#1377 = LINE ( 'NONE', #1360, #718 ) ;
#1378 = VECTOR ( 'NONE', #1305, 100.0000000000000000 ) ;
#1379 = CARTESIAN_POINT ( 'NONE',  ( 2.000000000000000000, 1.500000000000000222, 0.3175000000000000044 ) ) ;
#1380 = ORIENTED_EDGE ( 'NONE', *, *, #1276, .T. ) ;
#1381 = CARTESIAN_POINT ( 'NONE',  ( -0.4100000000000000311, 2.000000000000000444, 0.1349999999999999534 ) ) ;
#1382 = VECTOR ( 'NONE', #1566, 100.0000000000000000 ) ;
#1383 = EDGE_LOOP ( 'NONE', ( #1193, #951 ) ) ;
#1384 = CARTESIAN_POINT ( 'NONE',  ( -16.63500000000000512, 1.364999999999999991, 0.3175000000000000044 ) ) ;
#1385 = CIRCLE ( 'NONE', #591, 0.3099999999999999978 ) ;
#1386 = FACE_OUTER_BOUND ( 'NONE', #1756, .T. ) ;
#1387 = EDGE_CURVE ( 'NONE', #1280, #608, #783, .T. ) ;
#1388 = CARTESIAN_POINT ( 'NONE',  ( 2.000000000000000444, -0.4099999999999999201, 0.1349999999999999534 ) ) ;
#1389 = ORIENTED_EDGE ( 'NONE', *, *, #314, .T. ) ;
#1390 = PLANE ( 'NONE',  #1972 ) ;
#1391 = EDGE_CURVE ( 'NONE', #1790, #503, #933, .T. ) ;
#1392 = CARTESIAN_POINT ( 'NONE',  ( -16.50000000000000355, 2.000000000000000444, 0.000000000000000000 ) ) ;
#1393 = VERTEX_POINT ( 'NONE', #1696 ) ;
#1394 = CARTESIAN_POINT ( 'NONE',  ( 1.365000000000002212, -1.365000000000000213, 0.6350000000000000089 ) ) ;
#1395 = ADVANCED_FACE ( 'NONE', ( #775 ), #1063, .F. ) ;
#1396 = ORIENTED_EDGE ( 'NONE', *, *, #38, .F. ) ;
#1397 = LINE ( 'NONE', #631, #90 ) ;
#1398 = FACE_OUTER_BOUND ( 'NONE', #168, .T. ) ;
#1399 = VECTOR ( 'NONE', #944, 100.0000000000000000 ) ;
#1400 = VECTOR ( 'NONE', #678, 100.0000000000000000 ) ;
#1401 = ORIENTED_EDGE ( 'NONE', *, *, #2050, .F. ) ;
#1402 = DIRECTION ( 'NONE',  ( 0.000000000000000000, 0.000000000000000000, -1.000000000000000000 ) ) ;
#1403 = LINE ( 'NONE', #2047, #2061 ) ;
#1404 = EDGE_LOOP ( 'NONE', ( #1805, #2022, #1816, #963 ) ) ;
#1405 = CARTESIAN_POINT ( 'NONE',  ( 1.365000000000002212, -16.63499999999999801, 0.3175000000000000044 ) ) ;
#1406 = EDGE_LOOP ( 'NONE', ( #1362, #367, #2005, #1058 ) ) ;
#1407 = DIRECTION ( 'NONE',  ( 0.000000000000000000, -1.000000000000000000, 0.000000000000000000 ) ) ;
#1408 = UNCERTAINTY_MEASURE_WITH_UNIT (LENGTH_MEASURE( 1.000000000000000082E-05 ), #1668, 'distance_accuracy_value', 'NONE');
#1409 = DIRECTION ( 'NONE',  ( 0.000000000000000000, 1.000000000000000000, 0.000000000000000000 ) ) ;
#1410 = EDGE_CURVE ( 'NONE', #68, #654, #620, .T. ) ;
#1411 = ORIENTED_EDGE ( 'NONE', *, *, #395, .F. ) ;
#1412 = CARTESIAN_POINT ( 'NONE',  ( -16.15089379699272243, 1.682500000000000329, 0.6350000000000000089 ) ) ;
#1413 = DIRECTION ( 'NONE',  ( 2.385670792109557660E-16, -1.000000000000000000, 0.000000000000000000 ) ) ;
#1414 = ORIENTED_EDGE ( 'NONE', *, *, #483, .T. ) ;
#1415 = DIRECTION ( 'NONE',  ( 0.000000000000000000, 0.000000000000000000, -1.000000000000000000 ) ) ;
#1416 = CIRCLE ( 'NONE', #890, 0.3099999999999999978 ) ;
#1417 = ORIENTED_EDGE ( 'NONE', *, *, #2053, .T. ) ;
#1418 = EDGE_CURVE ( 'NONE', #2012, #1924, #1254, .T. ) ;
#1419 = DIRECTION ( 'NONE',  ( -1.000000000000000000, -1.156482317317871725E-16, 0.000000000000000000 ) ) ;
#1420 = VECTOR ( 'NONE', #18, 100.0000000000000142 ) ;
#1421 = LINE ( 'NONE', #1, #2020 ) ;
#1422 = EDGE_CURVE ( 'NONE', #1774, #1145, #1738, .T. ) ;
#1423 = ORIENTED_EDGE ( 'NONE', *, *, #1967, .T. ) ;
#1424 = LINE ( 'NONE', #1267, #1503 ) ;
#1425 = LINE ( 'NONE', #4, #1268 ) ;
#1426 = ORIENTED_EDGE ( 'NONE', *, *, #863, .T. ) ;
#1427 = LINE ( 'NONE', #649, #1698 ) ;
#1428 = ORIENTED_EDGE ( 'NONE', *, *, #1237, .F. ) ;
#1429 = DIRECTION ( 'NONE',  ( 0.000000000000000000, -1.000000000000000000, 0.000000000000000000 ) ) ;
#1430 = EDGE_CURVE ( 'NONE', #332, #543, #1127, .T. ) ;
#1431 = CARTESIAN_POINT ( 'NONE',  ( -19.82000000000000384, -0.4099999999999998646, 0.6350000000000000089 ) ) ;
#1432 = ORIENTED_EDGE ( 'NONE', *, *, #97, .F. ) ;
#1433 = FACE_BOUND ( 'NONE', #1584, .T. ) ;
#1434 = CIRCLE ( 'NONE', #1705, 0.3099999999999999978 ) ;
#1435 = VECTOR ( 'NONE', #499, 100.0000000000000000 ) ;
#1436 = CARTESIAN_POINT ( 'NONE',  ( -16.63499999999999801, 1.364999999999996438, 0.3175000000000000044 ) ) ;
#1437 = ORIENTED_EDGE ( 'NONE', *, *, #639, .T. ) ;
#1438 = FACE_OUTER_BOUND ( 'NONE', #644, .T. ) ;
#1439 = EDGE_CURVE ( 'NONE', #467, #363, #30, .T. ) ;
#1440 = VERTEX_POINT ( 'NONE', #1017 ) ;
#1441 = CARTESIAN_POINT ( 'NONE',  ( -19.82000000000000384, -0.4099999999999998646, 0.1349999999999999534 ) ) ;
#1442 = DIRECTION ( 'NONE',  ( -1.000000000000000000, -1.136033710528360955E-16, 0.000000000000000000 ) ) ;
#1443 = VERTEX_POINT ( 'NONE', #216 ) ;
#1444 = CARTESIAN_POINT ( 'NONE',  ( 0.4099999999999999201, 1.820000000000000506, 0.1349999999999999534 ) ) ;
#1445 = EDGE_CURVE ( 'NONE', #812, #1203, #856, .T. ) ;
#1446 = DIRECTION ( 'NONE',  ( 0.8660254037844360431, 0.5000000000000042188, 0.000000000000000000 ) ) ;
#1447 = ORIENTED_EDGE ( 'NONE', *, *, #937, .F. ) ;
#1449 = CARTESIAN_POINT ( 'NONE',  ( 0.6200000000000002176, -2.000000000000000000, 0.6350000000000000089 ) ) ;
#1448 = VECTOR ( 'NONE', #689, 100.0000000000000000 ) ;
#1450 = EDGE_CURVE ( 'NONE', #665, #1393, #923, .T. ) ;
#1451 = ORIENTED_EDGE ( 'NONE', *, *, #536, .F. ) ;
#1452 = CARTESIAN_POINT ( 'NONE',  ( -19.36500000000000554, 2.000000000000000444, 0.000000000000000000 ) ) ;
#1453 = VECTOR ( 'NONE', #252, 100.0000000000000000 ) ;
#1454 = CARTESIAN_POINT ( 'NONE',  ( 2.000000000000000444, 0.4100000000000001421, 0.1349999999999999534 ) ) ;
#1455 = AXIS2_PLACEMENT_3D ( 'NONE', #383, #325, #229 ) ;
#1456 = ORIENTED_EDGE ( 'NONE', *, *, #41, .F. ) ;
#1457 = PLANE ( 'NONE',  #129 ) ;
#1458 = EDGE_CURVE ( 'NONE', #1169, #1187, #1329, .T. ) ;
#1459 = LINE ( 'NONE', #35, #1066 ) ;
#1460 = VERTEX_POINT ( 'NONE', #651 ) ;
#1461 = EDGE_CURVE ( 'NONE', #1464, #446, #1164, .T. ) ;
#1462 = CARTESIAN_POINT ( 'NONE',  ( -20.00000000000000711, 1.500000000000000666, 0.000000000000000000 ) ) ;
#1463 = EDGE_CURVE ( 'NONE', #433, #757, #1489, .T. ) ;
#1464 = VERTEX_POINT ( 'NONE', #1811 ) ;
#1465 = PRODUCT_RELATED_PRODUCT_CATEGORY ( 'part', '', ( #1016 ) ) ;
#1466 = DIRECTION ( 'NONE',  ( 4.818676322157799347E-16, 1.000000000000000000, 0.000000000000000000 ) ) ;
#1467 = ORIENTED_EDGE ( 'NONE', *, *, #1270, .F. ) ;
#1468 = CARTESIAN_POINT ( 'NONE',  ( -0.4100000000000000311, 2.000000000000000444, 0.1349999999999999534 ) ) ;
#1469 = DIRECTION ( 'NONE',  ( -0.8660254037844360431, 0.5000000000000042188, 0.000000000000000000 ) ) ;
#1470 = VERTEX_POINT ( 'NONE', #335 ) ;
#1471 = DIRECTION ( 'NONE',  ( 0.8660254037844360431, 0.5000000000000042188, 0.000000000000000000 ) ) ;
#1472 = ORIENTED_EDGE ( 'NONE', *, *, #1536, .F. ) ;
#1473 = CARTESIAN_POINT ( 'NONE',  ( -20.00000000000000711, -1.499999999999999334, 0.000000000000000000 ) ) ;
#1474 = ORIENTED_EDGE ( 'NONE', *, *, #461, .F. ) ;
#1475 = LINE ( 'NONE', #685, #326 ) ;
#1476 = LINE ( 'NONE', #52, #1035 ) ;
#1477 = ORIENTED_EDGE ( 'NONE', *, *, #1976, .F. ) ;
#1478 = CARTESIAN_POINT ( 'NONE',  ( 1.820000000000000506, -0.4099999999999998646, 0.1349999999999999534 ) ) ;
#1479 = VERTEX_POINT ( 'NONE', #8 ) ;
#1480 = CARTESIAN_POINT ( 'NONE',  ( 0.6200000000000001066, -0.5700000000000000622, 0.6350000000000000089 ) ) ;
#1481 = CIRCLE ( 'NONE', #1012, 0.3099999999999999978 ) ;
#1482 = ORIENTED_EDGE ( 'NONE', *, *, #769, .T. ) ;
#1483 = CARTESIAN_POINT ( 'NONE',  ( -19.50000000000000355, 2.000000000000000444, 0.000000000000000000 ) ) ;
#1484 = VECTOR ( 'NONE', #1054, 100.0000000000000000 ) ;
#1485 = EDGE_CURVE ( 'NONE', #932, #1338, #1748, .T. ) ;
#1486 = DIRECTION ( 'NONE',  ( 0.000000000000000000, 0.000000000000000000, -1.000000000000000000 ) ) ;
#1487 = ORIENTED_EDGE ( 'NONE', *, *, #660, .F. ) ;
#1488 = DIRECTION ( 'NONE',  ( 0.5000000000000043299, 0.8660254037844362651, 0.000000000000000000 ) ) ;
#1489 = LINE ( 'NONE', #1651, #192 ) ;
#1490 = VECTOR ( 'NONE', #1057, 100.0000000000000142 ) ;
#1491 = EDGE_CURVE ( 'NONE', #503, #1323, #1662, .T. ) ;
#1492 = ORIENTED_EDGE ( 'NONE', *, *, #510, .F. ) ;
#1493 = ADVANCED_FACE ( 'NONE', ( #373 ), #532, .F. ) ;
#1494 = CARTESIAN_POINT ( 'NONE',  ( -20.00000000000000711, 1.364999999999998437, 0.000000000000000000 ) ) ;
#1495 = ORIENTED_EDGE ( 'NONE', *, *, #1800, .T. ) ;
#1496 = DIRECTION ( 'NONE',  ( 0.000000000000000000, 0.000000000000000000, -1.000000000000000000 ) ) ;
#1497 = DIRECTION ( 'NONE',  ( 0.000000000000000000, -1.000000000000000000, 0.000000000000000000 ) ) ;
#1498 = ORIENTED_EDGE ( 'NONE', *, *, #1376, .F. ) ;
#1499 = CARTESIAN_POINT ( 'NONE',  ( 2.000000000000000444, 1.500000000000000666, 0.000000000000000000 ) ) ;
#1500 = CARTESIAN_POINT ( 'NONE',  ( 2.000000000000000444, 1.500000000000000666, 0.3175000000000000044 ) ) ;
#1501 = ORIENTED_EDGE ( 'NONE', *, *, #502, .T. ) ;
#1502 = ORIENTED_EDGE ( 'NONE', *, *, #170, .T. ) ;
#1503 = VECTOR ( 'NONE', #3, 100.0000000000000000 ) ;
#1504 = EDGE_CURVE ( 'NONE', #777, #1352, #181, .T. ) ;
#1505 = AXIS2_PLACEMENT_3D ( 'NONE', #1658, #226, #1161 ) ;
#1506 = CARTESIAN_POINT ( 'NONE',  ( 0.000000000000000000, 0.000000000000000000, 0.000000000000000000 ) ) ;
#1507 = ORIENTED_EDGE ( 'NONE', *, *, #917, .T. ) ;
#1508 = DIRECTION ( 'NONE',  ( 0.000000000000000000, -1.000000000000000000, 0.000000000000000000 ) ) ;
#1509 = DIRECTION ( 'NONE',  ( 0.000000000000000000, 0.000000000000000000, 1.000000000000000000 ) ) ;
#1510 = ORIENTED_EDGE ( 'NONE', *, *, #2009, .T. ) ;
#1511 = CYLINDRICAL_SURFACE ( 'NONE', #1822, 0.3099999999999999978 ) ;
#1512 = VERTEX_POINT ( 'NONE', #313 ) ;
#1513 = LINE ( 'NONE', #77, #1573 ) ;
#1514 = EDGE_CURVE ( 'NONE', #2055, #662, #545, .T. ) ;
#1515 = DIRECTION ( 'NONE',  ( 0.000000000000000000, 0.000000000000000000, -1.000000000000000000 ) ) ;
#1516 = ORIENTED_EDGE ( 'NONE', *, *, #1376, .T. ) ;
#1517 = CARTESIAN_POINT ( 'NONE',  ( 0.6200000000000001066, -0.5700000000000000622, 0.6350000000000000089 ) ) ;
#1518 = VECTOR ( 'NONE', #210, 100.0000000000000000 ) ;
#1519 = DIRECTION ( 'NONE',  ( 0.000000000000000000, -1.000000000000000000, 0.000000000000000000 ) ) ;
#1520 = ORIENTED_EDGE ( 'NONE', *, *, #1177, .T. ) ;
#1521 = CARTESIAN_POINT ( 'NONE',  ( 0.6200000000000001066, -0.5700000000000000622, 0.6350000000000000089 ) ) ;
#1522 = VECTOR ( 'NONE', #752, 100.0000000000000000 ) ;
#1523 = PLANE ( 'NONE',  #1993 ) ;
#1524 = ORIENTED_EDGE ( 'NONE', *, *, #1060, .F. ) ;
#1525 = ORIENTED_EDGE ( 'NONE', *, *, #1131, .T. ) ;
#1526 = CARTESIAN_POINT ( 'NONE',  ( 2.000000000000000444, 0.4100000000000001421, 0.1349999999999999534 ) ) ;
#1527 = PLANE ( 'NONE',  #2028 ) ;
#1528 = AXIS2_PLACEMENT_3D ( 'NONE', #1533, #1340, #1675 ) ;
#1529 = CARTESIAN_POINT ( 'NONE',  ( 1.500000000000000666, -2.000000000000000000, 0.000000000000000000 ) ) ;
#1530 = ORIENTED_EDGE ( 'NONE', *, *, #1461, .T. ) ;
#1531 = DIRECTION ( 'NONE',  ( -4.818676322157799347E-16, -1.000000000000000000, 0.000000000000000000 ) ) ;
#1532 = CARTESIAN_POINT ( 'NONE',  ( -19.36500000000000554, -1.999999999999999112, 0.3175000000000000044 ) ) ;
#1533 = CARTESIAN_POINT ( 'NONE',  ( -18.00000000000000355, 0.000000000000000000, 0.000000000000000000 ) ) ;
#1534 = CARTESIAN_POINT ( 'NONE',  ( 1.364999999999999991, 1.364999999999998215, 0.3175000000000000044 ) ) ;
#1535 = AXIS2_PLACEMENT_3D ( 'NONE', #205, #1337, #1831 ) ;
#1536 = EDGE_CURVE ( 'NONE', #1271, #54, #690, .T. ) ;
#1537 = PRESENTATION_STYLE_ASSIGNMENT (( #1011 ) ) ;
#1538 = CARTESIAN_POINT ( 'NONE',  ( -18.62000000000000455, -2.000000000000000000, 0.6350000000000000089 ) ) ;
#1539 = ORIENTED_EDGE ( 'NONE', *, *, #2009, .F. ) ;
#1540 = CYLINDRICAL_SURFACE ( 'NONE', #1607, 2.500000000000000000 ) ;
#1541 = LINE ( 'NONE', #1852, #1152 ) ;
#1542 = ORIENTED_EDGE ( 'NONE', *, *, #1131, .F. ) ;
#1543 = CARTESIAN_POINT ( 'NONE',  ( -19.50000000000000711, -1.999999999999999778, 0.3175000000000000044 ) ) ;
#1544 = EDGE_CURVE ( 'NONE', #1460, #1129, #949, .T. ) ;
#1545 = CARTESIAN_POINT ( 'NONE',  ( -17.59000000000000696, 1.820000000000000506, 0.1349999999999999534 ) ) ;
#1546 = DIRECTION ( 'NONE',  ( 0.000000000000000000, 0.000000000000000000, 1.000000000000000000 ) ) ;
#1547 = DIRECTION ( 'NONE',  ( -1.000000000000000000, 0.000000000000000000, 0.000000000000000000 ) ) ;
#1548 = ORIENTED_EDGE ( 'NONE', *, *, #611, .F. ) ;
#1549 = FACE_OUTER_BOUND ( 'NONE', #1883, .T. ) ;
#1550 = EDGE_CURVE ( 'NONE', #2001, #214, #1821, .T. ) ;
#1551 = AXIS2_PLACEMENT_3D ( 'NONE', #559, #1189, #397 ) ;
#1552 = DIRECTION ( 'NONE',  ( 0.000000000000000000, 0.000000000000000000, 1.000000000000000000 ) ) ;
#1553 = ORIENTED_EDGE ( 'NONE', *, *, #985, .F. ) ;
#1554 = DIRECTION ( 'NONE',  ( 1.000000000000000000, -4.818676322157798361E-16, 0.000000000000000000 ) ) ;
#1555 = AXIS2_PLACEMENT_3D ( 'NONE', #1050, #1562, #259 ) ;
#1556 = ORIENTED_EDGE ( 'NONE', *, *, #1205, .F. ) ;
#1557 = DIRECTION ( 'NONE',  ( 0.000000000000000000, 1.000000000000000000, 0.000000000000000000 ) ) ;
#1558 = FACE_OUTER_BOUND ( 'NONE', #514, .T. ) ;
#1559 = LINE ( 'NONE', #1388, #2007 ) ;
#1560 = ORIENTED_EDGE ( 'NONE', *, *, #304, .F. ) ;
#1561 = DIRECTION ( 'NONE',  ( -1.000000000000000000, -2.312964634635742957E-16, 0.000000000000000000 ) ) ;
#1562 = DIRECTION ( 'NONE',  ( -1.000000000000000000, -3.067291018426574134E-16, 0.000000000000000000 ) ) ;
#1563 = ORIENTED_EDGE ( 'NONE', *, *, #1088, .T. ) ;
#1564 = DIRECTION ( 'NONE',  ( 0.000000000000000000, -1.000000000000000000, 0.000000000000000000 ) ) ;
#1565 = ORIENTED_EDGE ( 'NONE', *, *, #88, .F. ) ;
#1566 = DIRECTION ( 'NONE',  ( 1.000000000000000000, -1.136033710528360955E-16, 0.000000000000000000 ) ) ;
#1567 = EDGE_CURVE ( 'NONE', #194, #1512, #1117, .T. ) ;
#1568 = AXIS2_PLACEMENT_3D ( 'NONE', #1730, #2019, #474 ) ;
#1569 = DIRECTION ( 'NONE',  ( 0.000000000000000000, 0.000000000000000000, -1.000000000000000000 ) ) ;
#1570 = ADVANCED_BREP_SHAPE_REPRESENTATION ( 'ramp-vertex_62', ( #837, #1366 ), #1611 ) ;
#1571 = EDGE_LOOP ( 'NONE', ( #1941, #1885, #1190, #1213 ) ) ;
#1572 = DIRECTION ( 'NONE',  ( 0.000000000000000000, -1.000000000000000000, 0.000000000000000000 ) ) ;
#1573 = VECTOR ( 'NONE', #260, 100.0000000000000000 ) ;
#1574 = EDGE_CURVE ( 'NONE', #54, #1786, #1105, .T. ) ;
#1575 = CARTESIAN_POINT ( 'NONE',  ( 1.365000000000002212, -1.365000000000000213, 0.3175000000000000044 ) ) ;
#1576 = VERTEX_POINT ( 'NONE', #169 ) ;
#1577 = FACE_OUTER_BOUND ( 'NONE', #1571, .T. ) ;
#1578 = EDGE_CURVE ( 'NONE', #1470, #79, #805, .T. ) ;
#1579 = ORIENTED_EDGE ( 'NONE', *, *, #282, .T. ) ;
#1580 = CARTESIAN_POINT ( 'NONE',  ( 1.364999999999999991, 1.364999999999998215, 0.3175000000000000044 ) ) ;
#1581 = ADVANCED_FACE ( 'NONE', ( #1922 ), #1523, .F. ) ;
#1582 = DIRECTION ( 'NONE',  ( 1.000000000000000000, -4.818676322157799347E-16, 0.000000000000000000 ) ) ;
#1583 = EDGE_CURVE ( 'NONE', #1306, #293, #593, .T. ) ;
#1584 = EDGE_LOOP ( 'NONE', ( #1890, #1401 ) ) ;
#1585 = CARTESIAN_POINT ( 'NONE',  ( -0.4099999999999999201, 1.820000000000000506, 0.6350000000000000089 ) ) ;
#1586 = CARTESIAN_POINT ( 'NONE',  ( 2.000000000000000444, 1.500000000000000666, 0.000000000000000000 ) ) ;
#1587 = VERTEX_POINT ( 'NONE', #887 ) ;
#1588 = EDGE_CURVE ( 'NONE', #455, #154, #405, .T. ) ;
#1589 = DIRECTION ( 'NONE',  ( 0.000000000000000000, 0.000000000000000000, -1.000000000000000000 ) ) ;
#1590 = VERTEX_POINT ( 'NONE', #1249 ) ;
#1591 = DIRECTION ( 'NONE',  ( 0.000000000000000000, -1.000000000000000000, 0.000000000000000000 ) ) ;
#1592 = DIRECTION ( 'NONE',  ( 0.000000000000000000, 0.000000000000000000, 1.000000000000000000 ) ) ;
#1593 = VECTOR ( 'NONE', #994, 100.0000000000000000 ) ;
#1594 = AXIS2_PLACEMENT_3D ( 'NONE', #1125, #638, #1554 ) ;
#1595 = ORIENTED_EDGE ( 'NONE', *, *, #560, .T. ) ;
#1596 = DIRECTION ( 'NONE',  ( -0.5000000000000042188, 0.8660254037844361541, 0.000000000000000000 ) ) ;
#1597 = EDGE_CURVE ( 'NONE', #194, #5, #250, .T. ) ;
#1598 = LINE ( 'NONE', #975, #1975 ) ;
#1599 = VERTEX_POINT ( 'NONE', #1379 ) ;
#1600 = LINE ( 'NONE', #166, #420 ) ;
#1601 = ORIENTED_EDGE ( 'NONE', *, *, #1837, .F. ) ;
#1602 = DIRECTION ( 'NONE',  ( -1.000000000000000000, -1.136033710528360955E-16, 0.000000000000000000 ) ) ;
#1603 = CARTESIAN_POINT ( 'NONE',  ( 1.500000000000000444, -1.999999999999999778, 0.3175000000000000044 ) ) ;
#1604 = EDGE_CURVE ( 'NONE', #1786, #227, #1693, .T. ) ;
#1605 = ORIENTED_EDGE ( 'NONE', *, *, #1943, .T. ) ;
#1606 = PLANE ( 'NONE',  #1122 ) ;
#1607 = AXIS2_PLACEMENT_3D ( 'NONE', #1350, #82, #745 ) ;
#1608 = AXIS2_PLACEMENT_3D ( 'NONE', #331, #153, #965 ) ;
#1609 = CARTESIAN_POINT ( 'NONE',  ( 1.820000000000000506, -0.4099999999999998646, 0.6350000000000000089 ) ) ;
#1610 = ORIENTED_EDGE ( 'NONE', *, *, #962, .T. ) ;
#1611 =( GEOMETRIC_REPRESENTATION_CONTEXT ( 3 ) GLOBAL_UNCERTAINTY_ASSIGNED_CONTEXT ( ( #1222 ) ) GLOBAL_UNIT_ASSIGNED_CONTEXT ( ( #427, #91, #728 ) ) REPRESENTATION_CONTEXT ( 'NONE', 'WORKASPACE' ) );
#1612 = PLANE ( 'NONE',  #1623 ) ;
#1613 = ORIENTED_EDGE ( 'NONE', *, *, #1439, .F. ) ;
#1614 = CARTESIAN_POINT ( 'NONE',  ( -18.00000000000000355, 0.000000000000000000, 0.3175000000000000044 ) ) ;
#1615 = ADVANCED_FACE ( 'NONE', ( #2025 ), #275, .F. ) ;
#1616 = LINE ( 'NONE', #1792, #317 ) ;
#1617 = EDGE_CURVE ( 'NONE', #1014, #321, #1727, .T. ) ;
#1618 = VERTEX_POINT ( 'NONE', #1702 ) ;
#1619 = DIRECTION ( 'NONE',  ( 1.136033710528360955E-16, 1.000000000000000000, 0.000000000000000000 ) ) ;
#1620 = CARTESIAN_POINT ( 'NONE',  ( 0.4099999999999999201, 1.820000000000000506, 0.1349999999999999534 ) ) ;
#1621 = EDGE_CURVE ( 'NONE', #1924, #247, #1238, .T. ) ;
#1622 = ORIENTED_EDGE ( 'NONE', *, *, #1418, .T. ) ;
#1624 = LINE ( 'NONE', #1780, #83 ) ;
#1623 = AXIS2_PLACEMENT_3D ( 'NONE', #1650, #1640, #845 ) ;
#1625 = ORIENTED_EDGE ( 'NONE', *, *, #826, .F. ) ;
#1626 = VECTOR ( 'NONE', #1466, 100.0000000000000000 ) ;
#1627 = FACE_OUTER_BOUND ( 'NONE', #1709, .T. ) ;
#1628 = VECTOR ( 'NONE', #489, 100.0000000000000000 ) ;
#1629 = EDGE_LOOP ( 'NONE', ( #1794, #723, #1530, #2048, #1150, #1417, #48, #1273, #1472, #1656, #1659, #594 ) ) ;
#1630 = PLANE ( 'NONE',  #1861 ) ;
#1631 = LINE ( 'NONE', #61, #173 ) ;
#1632 = VERTEX_POINT ( 'NONE', #916 ) ;
#1633 = DIRECTION ( 'NONE',  ( -1.000000000000000000, 2.312964634635742957E-16, 0.000000000000000000 ) ) ;
#1634 = ORIENTED_EDGE ( 'NONE', *, *, #314, .F. ) ;
#1635 = CARTESIAN_POINT ( 'NONE',  ( 0.4100000000000000311, 2.000000000000000444, 0.1349999999999999534 ) ) ;
#1636 = ORIENTED_EDGE ( 'NONE', *, *, #97, .T. ) ;
#1637 = LINE ( 'NONE', #204, #1220 ) ;
#1638 = PLANE ( 'NONE',  #1910 ) ;
#1639 = ORIENTED_EDGE ( 'NONE', *, *, #855, .F. ) ;
#1640 = DIRECTION ( 'NONE',  ( 0.000000000000000000, 0.000000000000000000, 1.000000000000000000 ) ) ;
#1641 = VECTOR ( 'NONE', #342, 100.0000000000000000 ) ;
#1642 = EDGE_CURVE ( 'NONE', #556, #1443, #442, .T. ) ;
#1643 = ORIENTED_EDGE ( 'NONE', *, *, #958, .F. ) ;
#1644 = ADVANCED_FACE ( 'NONE', ( #1040 ), #2004, .F. ) ;
#1645 = CARTESIAN_POINT ( 'NONE',  ( -20.00000000000000711, 0.4100000000000001421, 0.6350000000000000089 ) ) ;
#1646 = ORIENTED_EDGE ( 'NONE', *, *, #1661, .F. ) ;
#1647 = DIRECTION ( 'NONE',  ( 0.000000000000000000, 0.000000000000000000, 1.000000000000000000 ) ) ;
#1648 = CARTESIAN_POINT ( 'NONE',  ( -18.00000000000000355, 0.000000000000000000, 0.000000000000000000 ) ) ;
#1649 = ORIENTED_EDGE ( 'NONE', *, *, #1574, .T. ) ;
#1650 = CARTESIAN_POINT ( 'NONE',  ( 0.000000000000000000, 0.000000000000000000, 0.3175000000000000044 ) ) ;
#1651 = CARTESIAN_POINT ( 'NONE',  ( -16.63500000000000512, 1.682500000000000329, 0.3175000000000011147 ) ) ;
#1652 = ADVANCED_FACE ( 'NONE', ( #1723 ), #290, .F. ) ;
#1653 = ORIENTED_EDGE ( 'NONE', *, *, #1177, .F. ) ;
#1654 = LINE ( 'NONE', #860, #982 ) ;
#1655 = VECTOR ( 'NONE', #934, 100.0000000000000000 ) ;
#1656 = ORIENTED_EDGE ( 'NONE', *, *, #764, .F. ) ;
#1657 = VECTOR ( 'NONE', #73, 100.0000000000000000 ) ;
#1658 = CARTESIAN_POINT ( 'NONE',  ( 0.000000000000000000, 0.000000000000000000, 0.000000000000000000 ) ) ;
#1659 = ORIENTED_EDGE ( 'NONE', *, *, #1989, .F. ) ;
#1660 = DIRECTION ( 'NONE',  ( -4.818676322157799347E-16, 1.000000000000000000, 0.000000000000000000 ) ) ;
#1661 = EDGE_CURVE ( 'NONE', #151, #1590, #1403, .T. ) ;
#1662 = LINE ( 'NONE', #1974, #1896 ) ;
#1663 = VECTOR ( 'NONE', #1688, 100.0000000000000000 ) ;
#1664 = ORIENTED_EDGE ( 'NONE', *, *, #1114, .T. ) ;
#1665 = ORIENTED_EDGE ( 'NONE', *, *, #962, .F. ) ;
#1666 = DIRECTION ( 'NONE',  ( -1.000000000000000000, -4.818676322157799347E-16, 0.000000000000000000 ) ) ;
#1667 = ORIENTED_EDGE ( 'NONE', *, *, #536, .T. ) ;
#1668 =( LENGTH_UNIT ( ) NAMED_UNIT ( * ) SI_UNIT ( .CENTI., .METRE. ) );
#1669 = DIRECTION ( 'NONE',  ( 0.000000000000000000, -1.000000000000000000, 0.000000000000000000 ) ) ;
#1670 = ORIENTED_EDGE ( 'NONE', *, *, #1165, .T. ) ;
#1671 = DIRECTION ( 'NONE',  ( -0.8660254037844360431, 0.5000000000000042188, 0.000000000000000000 ) ) ;
#1672 = EDGE_CURVE ( 'NONE', #363, #1938, #1541, .T. ) ;
#1673 =( GEOMETRIC_REPRESENTATION_CONTEXT ( 3 ) GLOBAL_UNCERTAINTY_ASSIGNED_CONTEXT ( ( #1408 ) ) GLOBAL_UNIT_ASSIGNED_CONTEXT ( ( #1668, #1840, #271 ) ) REPRESENTATION_CONTEXT ( 'NONE', 'WORKASPACE' ) );
#1674 = VERTEX_POINT ( 'NONE', #1532 ) ;
#1675 = DIRECTION ( 'NONE',  ( 0.000000000000000000, -1.000000000000000000, 0.000000000000000000 ) ) ;
#1676 = VECTOR ( 'NONE', #1259, 100.0000000000000000 ) ;
#1677 = LINE ( 'NONE', #726, #653 ) ;
#1678 = ORIENTED_EDGE ( 'NONE', *, *, #1824, .T. ) ;
#1679 = CARTESIAN_POINT ( 'NONE',  ( -20.00000000000000711, -0.4099999999999999201, 0.6350000000000000089 ) ) ;
#1680 = EDGE_CURVE ( 'NONE', #214, #310, #106, .T. ) ;
#1681 = DIRECTION ( 'NONE',  ( 0.000000000000000000, 0.000000000000000000, -1.000000000000000000 ) ) ;
#1682 = ORIENTED_EDGE ( 'NONE', *, *, #1642, .T. ) ;
#1683 = DIRECTION ( 'NONE',  ( 0.000000000000000000, 0.000000000000000000, -1.000000000000000000 ) ) ;
#1684 = EDGE_CURVE ( 'NONE', #831, #516, #582, .T. ) ;
#1685 = DIRECTION ( 'NONE',  ( 0.000000000000000000, 0.000000000000000000, 1.000000000000000000 ) ) ;
#1686 = FACE_OUTER_BOUND ( 'NONE', #217, .T. ) ;
#1687 = LINE ( 'NONE', #1355, #2057 ) ;
#1688 = DIRECTION ( 'NONE',  ( -1.000000000000000000, -4.818676322157799347E-16, 0.000000000000000000 ) ) ;
#1689 = CARTESIAN_POINT ( 'NONE',  ( 0.000000000000000000, 0.000000000000000000, 0.000000000000000000 ) ) ;
#1690 = ORIENTED_EDGE ( 'NONE', *, *, #839, .F. ) ;
#1691 = FACE_OUTER_BOUND ( 'NONE', #476, .T. ) ;
#1692 = VECTOR ( 'NONE', #779, 100.0000000000000000 ) ;
#1693 = LINE ( 'NONE', #1361, #1830 ) ;
#1694 = ORIENTED_EDGE ( 'NONE', *, *, #1053, .F. ) ;
#1695 = ORIENTED_EDGE ( 'NONE', *, *, #1270, .T. ) ;
#1696 = CARTESIAN_POINT ( 'NONE',  ( -1.849106203007280680, 1.682500000000000329, 0.000000000000000000 ) ) ;
#1697 = DIRECTION ( 'NONE',  ( -0.000000000000000000, 0.000000000000000000, 1.000000000000000000 ) ) ;
#1698 = VECTOR ( 'NONE', #791, 100.0000000000000000 ) ;
#1699 = APPLICATION_PROTOCOL_DEFINITION ( 'draft international standard', 'automotive_design', 1998, #1761 ) ;
#1700 = VERTEX_POINT ( 'NONE', #1859 ) ;
#1701 = CARTESIAN_POINT ( 'NONE',  ( -1.500000000000000222, 2.000000000000000444, 0.000000000000000000 ) ) ;
#1702 = CARTESIAN_POINT ( 'NONE',  ( -20.00000000000000355, 1.500000000000000222, 0.3175000000000000044 ) ) ;
#1703 = DIRECTION ( 'NONE',  ( 0.000000000000000000, 0.000000000000000000, 1.000000000000000000 ) ) ;
#1704 = CARTESIAN_POINT ( 'NONE',  ( -18.00000000000000355, 0.3099999999999999978, 0.6350000000000000089 ) ) ;
#1705 = AXIS2_PLACEMENT_3D ( 'NONE', #498, #58, #195 ) ;
#1706 = AXIS2_PLACEMENT_3D ( 'NONE', #876, #1003, #513 ) ;
#1707 = ADVANCED_FACE ( 'NONE', ( #421 ), #1061, .F. ) ;
#1708 = CARTESIAN_POINT ( 'NONE',  ( -19.36499999999999844, 16.63499999999999801, 0.6350000000000000089 ) ) ;
#1709 = EDGE_LOOP ( 'NONE', ( #1156, #435, #417, #1664 ) ) ;
#1710 = CARTESIAN_POINT ( 'NONE',  ( 0.4099999999999999201, 1.820000000000000506, 0.1349999999999999534 ) ) ;
#1711 = DIRECTION ( 'NONE',  ( 0.000000000000000000, 0.000000000000000000, 1.000000000000000000 ) ) ;
#1712 = ORIENTED_EDGE ( 'NONE', *, *, #1048, .T. ) ;
#1713 = LINE ( 'NONE', #277, #529 ) ;
#1714 = VERTEX_POINT ( 'NONE', #1904 ) ;
#1715 = LINE ( 'NONE', #131, #220 ) ;
#1716 = VECTOR ( 'NONE', #1307, 100.0000000000000142 ) ;
#1717 = LINE ( 'NONE', #1373, #1032 ) ;
#1718 = DIRECTION ( 'NONE',  ( -4.818676322157798361E-16, 1.000000000000000000, 0.000000000000000000 ) ) ;
#1719 = ORIENTED_EDGE ( 'NONE', *, *, #1265, .F. ) ;
#1720 = EDGE_CURVE ( 'NONE', #1813, #43, #667, .T. ) ;
#1721 = CARTESIAN_POINT ( 'NONE',  ( 0.6200000000000001066, -0.5700000000000000622, 0.000000000000000000 ) ) ;
#1722 = VECTOR ( 'NONE', #1074, 100.0000000000000000 ) ;
#1723 = FACE_OUTER_BOUND ( 'NONE', #696, .T. ) ;
#1724 = EDGE_CURVE ( 'NONE', #766, #214, #298, .T. ) ;
#1725 = ORIENTED_EDGE ( 'NONE', *, *, #1720, .F. ) ;
#1726 = DIRECTION ( 'NONE',  ( 1.000000000000000000, 2.385670792109557660E-16, 0.000000000000000000 ) ) ;
#1727 = CIRCLE ( 'NONE', #986, 0.3099999999999999978 ) ;
#1728 = ORIENTED_EDGE ( 'NONE', *, *, #1921, .F. ) ;
#1729 = DIRECTION ( 'NONE',  ( 1.249637081581196951E-16, 1.000000000000000000, 0.000000000000000000 ) ) ;
#1730 = CARTESIAN_POINT ( 'NONE',  ( -18.41000000000000369, 1.820000000000000506, 0.1349999999999999534 ) ) ;
#1731 = ADVANCED_FACE ( 'NONE', ( #953 ), #1092, .T. ) ;
#1732 = EDGE_LOOP ( 'NONE', ( #345, #1082, #1320, #428, #1553 ) ) ;
#1733 = DIRECTION ( 'NONE',  ( 0.000000000000000000, 0.000000000000000000, 1.000000000000000000 ) ) ;
#1734 = DIRECTION ( 'NONE',  ( 0.000000000000000000, -1.000000000000000000, 0.000000000000000000 ) ) ;
#1735 = ORIENTED_EDGE ( 'NONE', *, *, #686, .F. ) ;
#1736 = DIRECTION ( 'NONE',  ( 0.000000000000000000, 1.000000000000000000, 0.000000000000000000 ) ) ;
#1737 = EDGE_LOOP ( 'NONE', ( #1639, #443, #1093, #1474 ) ) ;
#1738 = LINE ( 'NONE', #1874, #625 ) ;
#1739 = AXIS2_PLACEMENT_3D ( 'NONE', #577, #378, #416 ) ;
#1740 = DIRECTION ( 'NONE',  ( 0.000000000000000000, 0.000000000000000000, -1.000000000000000000 ) ) ;
#1741 = VECTOR ( 'NONE', #1669, 100.0000000000000000 ) ;
#1742 = EDGE_LOOP ( 'NONE', ( #1260, #792, #1230, #470, #1335, #1595 ) ) ;
#1743 = CARTESIAN_POINT ( 'NONE',  ( 0.000000000000000000, 0.000000000000000000, 0.6350000000000000089 ) ) ;
#1744 = DIRECTION ( 'NONE',  ( -4.818676322157798361E-16, -1.000000000000000000, 0.000000000000000000 ) ) ;
#1745 = ORIENTED_EDGE ( 'NONE', *, *, #764, .T. ) ;
#1746 = DIRECTION ( 'NONE',  ( 1.000000000000000000, 0.000000000000000000, 0.000000000000000000 ) ) ;
#1747 = ORIENTED_EDGE ( 'NONE', *, *, #1410, .F. ) ;
#1748 = LINE ( 'NONE', #1908, #1758 ) ;
#1749 = CARTESIAN_POINT ( 'NONE',  ( 0.000000000000000000, 0.000000000000000000, 0.3175000000000000044 ) ) ;
#1750 = EDGE_LOOP ( 'NONE', ( #1516, #70, #490, #1262 ) ) ;
#1751 = DIRECTION ( 'NONE',  ( -0.000000000000000000, -0.000000000000000000, 1.000000000000000000 ) ) ;
#1752 = LINE ( 'NONE', #23, #773 ) ;
#1753 = ORIENTED_EDGE ( 'NONE', *, *, #1430, .F. ) ;
#1754 = DIRECTION ( 'NONE',  ( -1.000000000000000000, 0.000000000000000000, 0.000000000000000000 ) ) ;
#1755 = VECTOR ( 'NONE', #507, 100.0000000000000142 ) ;
#1756 = EDGE_LOOP ( 'NONE', ( #699, #1542, #357, #729 ) ) ;
#1757 = ADVANCED_FACE ( 'NONE', ( #176 ), #647, .F. ) ;
#1758 = VECTOR ( 'NONE', #970, 100.0000000000000142 ) ;
#1759 = DIRECTION ( 'NONE',  ( -1.000000000000000000, 0.000000000000000000, 0.000000000000000000 ) ) ;
#1760 = LINE ( 'NONE', #1635, #1626 ) ;
#1761 = APPLICATION_CONTEXT ( 'automotive_design' ) ;
#1762 = AXIS2_PLACEMENT_3D ( 'NONE', #973, #1619, #820 ) ;
#1763 = ORIENTED_EDGE ( 'NONE', *, *, #580, .T. ) ;
#1764 = CARTESIAN_POINT ( 'NONE',  ( -0.4100000000000000311, 2.000000000000000444, 0.6350000000000000089 ) ) ;
#1765 = DIRECTION ( 'NONE',  ( 1.000000000000000000, 0.000000000000000000, 0.000000000000000000 ) ) ;
#1766 = VERTEX_POINT ( 'NONE', #478 ) ;
#1767 = PLANE ( 'NONE',  #1056 ) ;
#1768 = EDGE_CURVE ( 'NONE', #68, #1311, #1923, .T. ) ;
#1769 = EDGE_LOOP ( 'NONE', ( #1078, #457, #231, #1316, #312, #853, #1498, #814 ) ) ;
#1770 = CARTESIAN_POINT ( 'NONE',  ( 2.000000000000000444, 1.500000000000000666, 0.6350000000000000089 ) ) ;
#1771 = ADVANCED_FACE ( 'NONE', ( #658 ), #822, .F. ) ;
#1772 = LINE ( 'NONE', #20, #120 ) ;
#1773 = EDGE_CURVE ( 'NONE', #1203, #92, #1598, .T. ) ;
#1774 = VERTEX_POINT ( 'NONE', #146 ) ;
#1775 = LINE ( 'NONE', #1002, #859 ) ;
#1776 = VECTOR ( 'NONE', #1751, 100.0000000000000000 ) ;
#1777 = VECTOR ( 'NONE', #1469, 100.0000000000000142 ) ;
#1778 = CARTESIAN_POINT ( 'NONE',  ( -16.50000000000000355, 2.000000000000000444, 0.3175000000000000044 ) ) ;
#1779 = ORIENTED_EDGE ( 'NONE', *, *, #1773, .F. ) ;
#1780 = CARTESIAN_POINT ( 'NONE',  ( -34.63500000000000512, -1.364999999999998437, 0.3175000000000000044 ) ) ;
#1781 = EDGE_LOOP ( 'NONE', ( #1495, #197, #130, #979, #993 ) ) ;
#1782 = PLANE ( 'NONE',  #253 ) ;
#1783 = ORIENTED_EDGE ( 'NONE', *, *, #404, .F. ) ;
#1784 = DIRECTION ( 'NONE',  ( -1.000000000000000000, 0.000000000000000000, 0.000000000000000000 ) ) ;
#1785 = DIRECTION ( 'NONE',  ( -4.818676322157799347E-16, -1.000000000000000000, 0.000000000000000000 ) ) ;
#1786 = VERTEX_POINT ( 'NONE', #1575 ) ;
#1788 = CARTESIAN_POINT ( 'NONE',  ( -19.50000000000000355, 2.000000000000000444, 0.000000000000000000 ) ) ;
#1787 = AXIS2_PLACEMENT_3D ( 'NONE', #2002, #1015, #1671 ) ;
#1789 = ADVANCED_FACE ( 'NONE', ( #810 ), #1101, .F. ) ;
#1790 = VERTEX_POINT ( 'NONE', #309 ) ;
#1791 = VECTOR ( 'NONE', #981, 100.0000000000000000 ) ;
#1792 = CARTESIAN_POINT ( 'NONE',  ( 1.200000000000000622, -0.7679571668975718746, 0.6350000000000000089 ) ) ;
#1793 = AXIS2_PLACEMENT_3D ( 'NONE', #712, #471, #1429 ) ;
#1794 = ORIENTED_EDGE ( 'NONE', *, *, #14, .T. ) ;
#1795 = CARTESIAN_POINT ( 'NONE',  ( 0.000000000000000000, -0.3099999999999999978, 0.6350000000000000089 ) ) ;
#1796 = ADVANCED_FACE ( 'NONE', ( #320 ), #164, .F. ) ;
#1797 = CARTESIAN_POINT ( 'NONE',  ( 1.365000000000002212, -16.63499999999999801, 0.6350000000000000089 ) ) ;
#1798 = VERTEX_POINT ( 'NONE', #1586 ) ;
#1799 = CARTESIAN_POINT ( 'NONE',  ( -19.36500000000000554, 2.000000000000001776, 0.6350000000000000089 ) ) ;
#1800 = EDGE_CURVE ( 'NONE', #27, #1618, #1234, .T. ) ;
#1801 = ORIENTED_EDGE ( 'NONE', *, *, #1008, .F. ) ;
#1802 = VECTOR ( 'NONE', #268, 100.0000000000000000 ) ;
#1803 = DIRECTION ( 'NONE',  ( -0.000000000000000000, 0.000000000000000000, 1.000000000000000000 ) ) ;
#1804 = EDGE_CURVE ( 'NONE', #222, #363, #788, .T. ) ;
#1805 = ORIENTED_EDGE ( 'NONE', *, *, #170, .F. ) ;
#1806 = DIRECTION ( 'NONE',  ( 0.000000000000000000, 0.000000000000000000, 1.000000000000000000 ) ) ;
#1807 = EDGE_CURVE ( 'NONE', #1440, #1674, #1425, .T. ) ;
#1808 = DIRECTION ( 'NONE',  ( -0.000000000000000000, 0.000000000000000000, 1.000000000000000000 ) ) ;
#1809 = ORIENTED_EDGE ( 'NONE', *, *, #1967, .F. ) ;
#1810 = LINE ( 'NONE', #700, #673 ) ;
#1811 = CARTESIAN_POINT ( 'NONE',  ( 2.000000000000001776, 1.364999999999998437, 0.6350000000000000089 ) ) ;
#1812 = VECTOR ( 'NONE', #528, 100.0000000000000000 ) ;
#1813 = VERTEX_POINT ( 'NONE', #13 ) ;
#1814 = LINE ( 'NONE', #576, #356 ) ;
#1815 = EDGE_CURVE ( 'NONE', #43, #1632, #1752, .T. ) ;
#1816 = ORIENTED_EDGE ( 'NONE', *, *, #280, .T. ) ;
#1817 = CARTESIAN_POINT ( 'NONE',  ( -1.849106203007280680, 1.682500000000000329, 0.3175000000000011147 ) ) ;
#1818 = DIRECTION ( 'NONE',  ( 4.818676322157798361E-16, 1.000000000000000000, 0.000000000000000000 ) ) ;
#1819 = ORIENTED_EDGE ( 'NONE', *, *, #663, .F. ) ;
#1820 = CARTESIAN_POINT ( 'NONE',  ( -19.20000000000000639, 0.7679571668975720966, 0.1349999999999999534 ) ) ;
#1821 = LINE ( 'NONE', #1965, #1657 ) ;
#1822 = AXIS2_PLACEMENT_3D ( 'NONE', #1851, #382, #411 ) ;
#1823 = EDGE_LOOP ( 'NONE', ( #1007, #1047, #1969, #546, #674, #1282 ) ) ;
#1824 = EDGE_CURVE ( 'NONE', #1977, #561, #1935, .T. ) ;
#1825 = CARTESIAN_POINT ( 'NONE',  ( -20.00000000000000711, -0.4099999999999999201, 0.1349999999999999534 ) ) ;
#1826 = AXIS2_PLACEMENT_3D ( 'NONE', #683, #182, #817 ) ;
#1827 = EDGE_CURVE ( 'NONE', #543, #27, #1132, .T. ) ;
#1828 = EDGE_LOOP ( 'NONE', ( #334, #849, #410, #1992 ) ) ;
#1829 = CARTESIAN_POINT ( 'NONE',  ( -0.4099999999999999201, 1.820000000000000506, 0.1349999999999999534 ) ) ;
#1830 = VECTOR ( 'NONE', #603, 100.0000000000000000 ) ;
#1831 = DIRECTION ( 'NONE',  ( 0.8660254037844360431, 0.5000000000000042188, 0.000000000000000000 ) ) ;
#1832 = ORIENTED_EDGE ( 'NONE', *, *, #1773, .T. ) ;
#1833 = DIRECTION ( 'NONE',  ( 4.818676322157799347E-16, -1.000000000000000000, 0.000000000000000000 ) ) ;
#1834 = ORIENTED_EDGE ( 'NONE', *, *, #67, .T. ) ;
#1835 = DIRECTION ( 'NONE',  ( 0.000000000000000000, 0.000000000000000000, 1.000000000000000000 ) ) ;
#1836 = EDGE_CURVE ( 'NONE', #1674, #1323, #1459, .T. ) ;
#1837 = EDGE_CURVE ( 'NONE', #1443, #151, #196, .T. ) ;
#1838 = CARTESIAN_POINT ( 'NONE',  ( -20.00000000000000711, 1.500000000000000666, 0.3175000000000000044 ) ) ;
#1839 = VERTEX_POINT ( 'NONE', #1144 ) ;
#1840 =( NAMED_UNIT ( * ) PLANE_ANGLE_UNIT ( ) SI_UNIT ( $, .RADIAN. ) );
#1841 = EDGE_CURVE ( 'NONE', #1440, #503, #1631, .T. ) ;
#1842 = CARTESIAN_POINT ( 'NONE',  ( -18.76795716689757754, 1.199999999999999956, 0.6350000000000000089 ) ) ;
#1843 = ORIENTED_EDGE ( 'NONE', *, *, #1244, .F. ) ;
#1844 = CARTESIAN_POINT ( 'NONE',  ( -18.00000000000000355, 0.000000000000000000, 0.000000000000000000 ) ) ;
#1845 = AXIS2_PLACEMENT_3D ( 'NONE', #426, #1740, #1409 ) ;
#1846 = CARTESIAN_POINT ( 'NONE',  ( 16.63499999999999801, 1.365000000000001101, 0.6350000000000000089 ) ) ;
#1847 = VECTOR ( 'NONE', #1633, 100.0000000000000000 ) ;
#1848 = DIRECTION ( 'NONE',  ( -1.156482317317871725E-16, 1.000000000000000000, -0.000000000000000000 ) ) ;
#1849 = CARTESIAN_POINT ( 'NONE',  ( 0.000000000000000000, 0.000000000000000000, 0.000000000000000000 ) ) ;
#1850 = ORIENTED_EDGE ( 'NONE', *, *, #1463, .T. ) ;
#1851 = CARTESIAN_POINT ( 'NONE',  ( -18.00000000000000355, 0.000000000000000000, 0.000000000000000000 ) ) ;
#1852 = CARTESIAN_POINT ( 'NONE',  ( 2.000000000000000444, -0.4099999999999999201, 0.6350000000000000089 ) ) ;
#1853 = CYLINDRICAL_SURFACE ( 'NONE', #992, 0.3099999999999999978 ) ;
#1854 = DIRECTION ( 'NONE',  ( 0.000000000000000000, 0.000000000000000000, 1.000000000000000000 ) ) ;
#1855 = DIRECTION ( 'NONE',  ( 1.000000000000000000, 0.000000000000000000, 0.000000000000000000 ) ) ;
#1856 = FACE_OUTER_BOUND ( 'NONE', #785, .T. ) ;
#1857 = ORIENTED_EDGE ( 'NONE', *, *, #1219, .F. ) ;
#1858 = DIRECTION ( 'NONE',  ( 0.000000000000000000, 0.000000000000000000, 1.000000000000000000 ) ) ;
#1859 = CARTESIAN_POINT ( 'NONE',  ( 1.200000000000000622, -0.7679571668975718746, 0.1349999999999999534 ) ) ;
#1860 = DIRECTION ( 'NONE',  ( 1.000000000000000000, -4.818676322157798361E-16, 0.000000000000000000 ) ) ;
#1861 = AXIS2_PLACEMENT_3D ( 'NONE', #1468, #1120, #964 ) ;
#1862 = AXIS2_PLACEMENT_3D ( 'NONE', #1405, #1754, #2049 ) ;
#1863 = EDGE_CURVE ( 'NONE', #1700, #222, #352, .T. ) ;
#1864 = CARTESIAN_POINT ( 'NONE',  ( 0.6200000000000001066, -0.5700000000000000622, 0.6350000000000000089 ) ) ;
#1865 = ADVANCED_FACE ( 'NONE', ( #1028 ), #1953, .F. ) ;
#1866 = CYLINDRICAL_SURFACE ( 'NONE', #1845, 2.500000000000000000 ) ;
#1867 = ORIENTED_EDGE ( 'NONE', *, *, #974, .T. ) ;
#1868 = PLANE ( 'NONE',  #1332 ) ;
#1869 = EDGE_CURVE ( 'NONE', #1894, #1714, #830, .T. ) ;
#1870 = CARTESIAN_POINT ( 'NONE',  ( -16.63500000000000512, 1.682500000000000329, 15.59080043736454968 ) ) ;
#1871 = ORIENTED_EDGE ( 'NONE', *, *, #1173, .T. ) ;
#1872 = VERTEX_POINT ( 'NONE', #1171 ) ;
#1873 = ORIENTED_EDGE ( 'NONE', *, *, #1604, .F. ) ;
#1874 = CARTESIAN_POINT ( 'NONE',  ( -18.41000000000000369, 2.000000000000000444, 0.1349999999999999534 ) ) ;
#1875 = CIRCLE ( 'NONE', #967, 2.500000000000000000 ) ;
#1876 = AXIS2_PLACEMENT_3D ( 'NONE', #285, #1681, #1994 ) ;
#1877 = LINE ( 'NONE', #305, #570 ) ;
#1878 = ADVANCED_FACE ( 'NONE', ( #236 ), #709, .F. ) ;
#1879 = DIRECTION ( 'NONE',  ( -3.067291018426574134E-16, -1.000000000000000000, 0.000000000000000000 ) ) ;
#1880 = ORIENTED_EDGE ( 'NONE', *, *, #1422, .T. ) ;
#1881 = FACE_OUTER_BOUND ( 'NONE', #553, .T. ) ;
#1882 = CARTESIAN_POINT ( 'NONE',  ( -19.50000000000000711, -2.000000000000000000, 0.000000000000000000 ) ) ;
#1883 = EDGE_LOOP ( 'NONE', ( #1695, #1725, #1916, #710 ) ) ;
#1884 = DIRECTION ( 'NONE',  ( -0.000000000000000000, 0.000000000000000000, 1.000000000000000000 ) ) ;
#1885 = ORIENTED_EDGE ( 'NONE', *, *, #2053, .F. ) ;
#1886 = DIRECTION ( 'NONE',  ( 0.8660254037844362651, 0.5000000000000043299, 0.000000000000000000 ) ) ;
#1887 = VECTOR ( 'NONE', #966, 100.0000000000000000 ) ;
#1888 = DIRECTION ( 'NONE',  ( 0.000000000000000000, -1.000000000000000000, 0.000000000000000000 ) ) ;
#1889 = ADVANCED_FACE ( 'NONE', ( #213 ), #1153, .F. ) ;
#1890 = ORIENTED_EDGE ( 'NONE', *, *, #2031, .F. ) ;
#1891 = CARTESIAN_POINT ( 'NONE',  ( -17.59000000000000696, 1.820000000000000506, 0.1349999999999999534 ) ) ;
#1892 = VECTOR ( 'NONE', #1848, 100.0000000000000000 ) ;
#1893 = CARTESIAN_POINT ( 'NONE',  ( -18.00000000000000355, 0.000000000000000000, 0.3175000000000000044 ) ) ;
#1894 = VERTEX_POINT ( 'NONE', #1945 ) ;
#1895 = LINE ( 'NONE', #1272, #159 ) ;
#1896 = VECTOR ( 'NONE', #1929, 100.0000000000000000 ) ;
#1897 = ORIENTED_EDGE ( 'NONE', *, *, #746, .F. ) ;
#1898 = DIRECTION ( 'NONE',  ( 0.000000000000000000, 0.000000000000000000, 1.000000000000000000 ) ) ;
#1899 = CARTESIAN_POINT ( 'NONE',  ( 0.000000000000000000, 0.000000000000000000, 0.000000000000000000 ) ) ;
#1900 = EDGE_CURVE ( 'NONE', #1766, #227, #1315, .T. ) ;
#1901 = ORIENTED_EDGE ( 'NONE', *, *, #1957, .F. ) ;
#1902 = FACE_OUTER_BOUND ( 'NONE', #191, .T. ) ;
#1903 = VECTOR ( 'NONE', #566, 100.0000000000000142 ) ;
#1904 = CARTESIAN_POINT ( 'NONE',  ( 1.200000000000000622, 0.7679571668975720966, 0.6350000000000000089 ) ) ;
#1905 = ORIENTED_EDGE ( 'NONE', *, *, #1205, .T. ) ;
#1906 = CARTESIAN_POINT ( 'NONE',  ( -20.00000000000000711, -1.365000000000000213, 0.3175000000000000044 ) ) ;
#1907 = ORIENTED_EDGE ( 'NONE', *, *, #464, .T. ) ;
#1908 = CARTESIAN_POINT ( 'NONE',  ( 1.820000000000000506, 0.4100000000000000311, 0.1349999999999999534 ) ) ;
#1909 = LINE ( 'NONE', #587, #42 ) ;
#1910 = AXIS2_PLACEMENT_3D ( 'NONE', #852, #81, #844 ) ;
#1911 = ORIENTED_EDGE ( 'NONE', *, *, #1241, .T. ) ;
#1912 = CARTESIAN_POINT ( 'NONE',  ( 0.000000000000000000, 0.000000000000000000, 0.6350000000000000089 ) ) ;
#1913 = EDGE_CURVE ( 'NONE', #227, #972, #1308, .T. ) ;
#1914 = DIRECTION ( 'NONE',  ( 1.000000000000000000, 2.385670792109557660E-16, 0.000000000000000000 ) ) ;
#1915 = FACE_OUTER_BOUND ( 'NONE', #1948, .T. ) ;
#1916 = ORIENTED_EDGE ( 'NONE', *, *, #619, .F. ) ;
#1917 = CARTESIAN_POINT ( 'NONE',  ( -18.76795716689757754, 1.199999999999999956, 0.1349999999999999534 ) ) ;
#1918 = LINE ( 'NONE', #484, #1991 ) ;
#1919 = VERTEX_POINT ( 'NONE', #362 ) ;
#1920 = CARTESIAN_POINT ( 'NONE',  ( -18.76795716689757754, 1.199999999999999956, 0.1349999999999999534 ) ) ;
#1921 = EDGE_CURVE ( 'NONE', #433, #831, #640, .T. ) ;
#1922 = FACE_OUTER_BOUND ( 'NONE', #187, .T. ) ;
#1923 = LINE ( 'NONE', #2058, #1676 ) ;
#1924 = VERTEX_POINT ( 'NONE', #995 ) ;
#1925 = CARTESIAN_POINT ( 'NONE',  ( 3.796405077356794548E-17, 0.3099999999999999978, 0.000000000000000000 ) ) ;
#1926 = AXIS2_PLACEMENT_3D ( 'NONE', #78, #870, #1168 ) ;
#1927 = ORIENTED_EDGE ( 'NONE', *, *, #473, .T. ) ;
#1928 = VECTOR ( 'NONE', #1602, 100.0000000000000000 ) ;
#1929 = DIRECTION ( 'NONE',  ( 0.000000000000000000, -1.000000000000000000, 0.000000000000000000 ) ) ;
#1930 = ADVANCED_FACE ( 'NONE', ( #1298 ), #1638, .F. ) ;
#1931 = CARTESIAN_POINT ( 'NONE',  ( 2.000000000000000444, 0.4100000000000001421, 0.1349999999999999534 ) ) ;
#1932 = VECTOR ( 'NONE', #1508, 100.0000000000000000 ) ;
#1933 = EDGE_LOOP ( 'NONE', ( #1843, #1834, #1309, #1246 ) ) ;
#1934 = DIRECTION ( 'NONE',  ( 0.000000000000000000, -1.000000000000000000, 0.000000000000000000 ) ) ;
#1935 = LINE ( 'NONE', #186, #1435 ) ;
#1936 = ORIENTED_EDGE ( 'NONE', *, *, #1544, .F. ) ;
#1937 = DIRECTION ( 'NONE',  ( 0.000000000000000000, 0.000000000000000000, 1.000000000000000000 ) ) ;
#1938 = VERTEX_POINT ( 'NONE', #380 ) ;
#1939 = CARTESIAN_POINT ( 'NONE',  ( -1.500000000000000222, 2.000000000000000444, 0.3175000000000000044 ) ) ;
#1940 = CIRCLE ( 'NONE', #139, 2.500000000000000000 ) ;
#1941 = ORIENTED_EDGE ( 'NONE', *, *, #1672, .T. ) ;
#1942 = DIRECTION ( 'NONE',  ( 2.312964634635742957E-16, 1.000000000000000000, 0.000000000000000000 ) ) ;
#1943 = EDGE_CURVE ( 'NONE', #618, #561, #1476, .T. ) ;
#1944 = AXIS2_PLACEMENT_3D ( 'NONE', #945, #1279, #636 ) ;
#1945 = CARTESIAN_POINT ( 'NONE',  ( 1.820000000000000506, 0.4100000000000000311, 0.6350000000000000089 ) ) ;
#1946 = VERTEX_POINT ( 'NONE', #1981 ) ;
#1947 = CARTESIAN_POINT ( 'NONE',  ( -19.50000000000000711, -2.000000000000000000, 0.3175000000000000044 ) ) ;
#1948 = EDGE_LOOP ( 'NONE', ( #1507, #1207, #1670, #486, #1154, #33 ) ) ;
#1949 = EDGE_CURVE ( 'NONE', #462, #1112, #1962, .T. ) ;
#1950 = DIRECTION ( 'NONE',  ( -0.000000000000000000, 0.000000000000000000, 1.000000000000000000 ) ) ;
#1951 = ORIENTED_EDGE ( 'NONE', *, *, #1684, .F. ) ;
#1952 = CARTESIAN_POINT ( 'NONE',  ( 0.7679571668975722076, 1.199999999999999956, 0.1349999999999999534 ) ) ;
#1953 = PLANE ( 'NONE',  #736 ) ;
#1954 = ORIENTED_EDGE ( 'NONE', *, *, #596, .F. ) ;
#1955 = CARTESIAN_POINT ( 'NONE',  ( 1.200000000000000622, 0.7679571668975720966, 0.1349999999999999534 ) ) ;
#1956 = EDGE_LOOP ( 'NONE', ( #1801, #882, #929, #2034 ) ) ;
#1957 = EDGE_CURVE ( 'NONE', #2012, #1242, #508, .T. ) ;
#1958 = LINE ( 'NONE', #1140, #449 ) ;
#1959 = ORIENTED_EDGE ( 'NONE', *, *, #1410, .T. ) ;
#1960 = CARTESIAN_POINT ( 'NONE',  ( -16.15089379699272243, 1.682500000000000329, 0.000000000000000000 ) ) ;
#1961 = VECTOR ( 'NONE', #16, 100.0000000000000142 ) ;
#1962 = LINE ( 'NONE', #1013, #1812 ) ;
#1963 = EDGE_LOOP ( 'NONE', ( #1147, #481, #381, #371 ) ) ;
#1964 = LINE ( 'NONE', #1146, #816 ) ;
#1965 = CARTESIAN_POINT ( 'NONE',  ( -18.62000000000000455, -0.5700000000000000622, 0.6350000000000000089 ) ) ;
#1966 = ORIENTED_EDGE ( 'NONE', *, *, #722, .T. ) ;
#1967 = EDGE_CURVE ( 'NONE', #1460, #1296, #999, .T. ) ;
#1968 = PLANE ( 'NONE',  #1926 ) ;
#1969 = ORIENTED_EDGE ( 'NONE', *, *, #1265, .T. ) ;
#1970 = LINE ( 'NONE', #102, #1932 ) ;
#1971 = DIRECTION ( 'NONE',  ( 0.000000000000000000, -1.000000000000000000, 0.000000000000000000 ) ) ;
#1973 = CARTESIAN_POINT ( 'NONE',  ( -19.20000000000000639, 0.7679571668975720966, 0.6350000000000000089 ) ) ;
#1972 = AXIS2_PLACEMENT_3D ( 'NONE', #1710, #927, #1596 ) ;
#1974 = CARTESIAN_POINT ( 'NONE',  ( -19.36500000000000554, -16.63499999999999801, 0.6350000000000000089 ) ) ;
#1975 = VECTOR ( 'NONE', #1734, 100.0000000000000000 ) ;
#1976 = EDGE_CURVE ( 'NONE', #1576, #1632, #864, .T. ) ;
#1977 = VERTEX_POINT ( 'NONE', #2011 ) ;
#1978 = LINE ( 'NONE', #1998, #1453 ) ;
#1979 = ORIENTED_EDGE ( 'NONE', *, *, #225, .T. ) ;
#1980 = DIRECTION ( 'NONE',  ( 0.000000000000000000, 0.000000000000000000, 1.000000000000000000 ) ) ;
#1981 = CARTESIAN_POINT ( 'NONE',  ( -17.59000000000000696, 2.000000000000000444, 0.1349999999999999534 ) ) ;
#1982 = VERTEX_POINT ( 'NONE', #272 ) ;
#1983 = ADVANCED_FACE ( 'NONE', ( #439 ), #1192, .F. ) ;
#1984 = DIRECTION ( 'NONE',  ( 0.000000000000000000, -1.000000000000000000, 0.000000000000000000 ) ) ;
#1985 = ADVANCED_FACE ( 'NONE', ( #1856 ), #571, .T. ) ;
#1986 = VECTOR ( 'NONE', #1471, 100.0000000000000142 ) ;
#1987 = EDGE_LOOP ( 'NONE', ( #1107, #492, #1712, #237 ) ) ;
#1988 = ORIENTED_EDGE ( 'NONE', *, *, #1330, .T. ) ;
#1989 = EDGE_CURVE ( 'NONE', #1798, #1242, #103, .T. ) ;
#1990 = CARTESIAN_POINT ( 'NONE',  ( -0.4099999999999999201, 1.820000000000000506, 0.6350000000000000089 ) ) ;
#1991 = VECTOR ( 'NONE', #961, 100.0000000000000000 ) ;
#1992 = ORIENTED_EDGE ( 'NONE', *, *, #871, .T. ) ;
#1993 = AXIS2_PLACEMENT_3D ( 'NONE', #1392, #1070, #412 ) ;
#1994 = DIRECTION ( 'NONE',  ( 0.000000000000000000, 1.000000000000000000, 0.000000000000000000 ) ) ;
#1995 = EDGE_LOOP ( 'NONE', ( #819, #771, #360, #1649, #1867 ) ) ;
#1996 = LINE ( 'NONE', #1194, #336 ) ;
#1997 = ORIENTED_EDGE ( 'NONE', *, *, #1815, .T. ) ;
#1998 = CARTESIAN_POINT ( 'NONE',  ( 1.500000000000000666, -2.000000000000000000, 0.000000000000000000 ) ) ;
#1999 = CARTESIAN_POINT ( 'NONE',  ( -18.00000000000000355, 0.000000000000000000, 0.6350000000000000089 ) ) ;
#2000 = CARTESIAN_POINT ( 'NONE',  ( -18.41000000000000369, 2.000000000000000444, 0.6350000000000000089 ) ) ;
#2001 = VERTEX_POINT ( 'NONE', #1538 ) ;
#2002 = CARTESIAN_POINT ( 'NONE',  ( -19.82000000000000384, -0.4099999999999998646, 0.1349999999999999534 ) ) ;
#2003 = STYLED_ITEM ( 'NONE', ( #1537 ), #837 ) ;
#2004 = PLANE ( 'NONE',  #657 ) ;
#2005 = ORIENTED_EDGE ( 'NONE', *, *, #1504, .T. ) ;
#2006 = DIRECTION ( 'NONE',  ( 0.000000000000000000, -1.000000000000000000, 0.000000000000000000 ) ) ;
#2007 = VECTOR ( 'NONE', #563, 100.0000000000000000 ) ;
#2008 = CARTESIAN_POINT ( 'NONE',  ( 0.4099999999999999201, 1.820000000000000506, 0.6350000000000000089 ) ) ;
#2009 = EDGE_CURVE ( 'NONE', #332, #812, #600, .T. ) ;
#2010 = PLANE ( 'NONE',  #1739 ) ;
#2011 = CARTESIAN_POINT ( 'NONE',  ( -0.4099999999999999201, 1.820000000000000506, 0.1349999999999999534 ) ) ;
#2012 = VERTEX_POINT ( 'NONE', #1529 ) ;
#2013 = DIRECTION ( 'NONE',  ( -1.000000000000000000, -4.818676322157799347E-16, 0.000000000000000000 ) ) ;
#2014 = EDGE_CURVE ( 'NONE', #1590, #1169, #1067, .T. ) ;
#2015 = CARTESIAN_POINT ( 'NONE',  ( -20.00000000000000711, 1.500000000000000666, 0.3175000000000000044 ) ) ;
#2016 = CARTESIAN_POINT ( 'NONE',  ( 0.4100000000000000311, 2.000000000000000444, 0.1349999999999999534 ) ) ;
#2017 = CARTESIAN_POINT ( 'NONE',  ( -19.20000000000000639, -0.7679571668975718746, 0.1349999999999999534 ) ) ;
#2018 = EDGE_CURVE ( 'NONE', #1187, #1145, #1358, .T. ) ;
#2019 = DIRECTION ( 'NONE',  ( -0.8660254037844362651, 0.5000000000000043299, 0.000000000000000000 ) ) ;
#2020 = VECTOR ( 'NONE', #633, 100.0000000000000000 ) ;
#2021 = CARTESIAN_POINT ( 'NONE',  ( 2.000000000000000444, 1.500000000000000666, 0.000000000000000000 ) ) ;
#2022 = ORIENTED_EDGE ( 'NONE', *, *, #1617, .F. ) ;
#2023 = VECTOR ( 'NONE', #1283, 100.0000000000000142 ) ;
#2024 = LINE ( 'NONE', #239, #348 ) ;
#2025 = FACE_OUTER_BOUND ( 'NONE', #306, .T. ) ;
#2026 = EDGE_LOOP ( 'NONE', ( #1646, #1411, #76, #590 ) ) ;
#2027 = DIRECTION ( 'NONE',  ( -0.000000000000000000, 0.000000000000000000, 1.000000000000000000 ) ) ;
#2028 = AXIS2_PLACEMENT_3D ( 'NONE', #540, #1855, #893 ) ;
#2029 = EDGE_LOOP ( 'NONE', ( #1539, #913, #615, #65 ) ) ;
#2030 = DIRECTION ( 'NONE',  ( 1.156482317317871725E-16, -1.000000000000000000, 0.000000000000000000 ) ) ;
#2031 = EDGE_CURVE ( 'NONE', #681, #17, #203, .T. ) ;
#2032 = DIRECTION ( 'NONE',  ( 0.000000000000000000, 0.000000000000000000, -1.000000000000000000 ) ) ;
#2033 = SHAPE_DEFINITION_REPRESENTATION ( #355, #1570 ) ;
#2034 = ORIENTED_EDGE ( 'NONE', *, *, #769, .F. ) ;
#2035 = LINE ( 'NONE', #1091, #1064 ) ;
#2036 = DIRECTION ( 'NONE',  ( 1.000000000000000000, 0.000000000000000000, 0.000000000000000000 ) ) ;
#2037 = ORIENTED_EDGE ( 'NONE', *, *, #1195, .F. ) ;
#2038 = CARTESIAN_POINT ( 'NONE',  ( -20.00000000000000711, -0.4099999999999999201, 0.6350000000000000089 ) ) ;
#2039 = COLOUR_RGB ( '',0.7921568627450980005, 0.8196078431372548767, 0.9333333333333333481 ) ;
#2040 = ORIENTED_EDGE ( 'NONE', *, *, #1724, .F. ) ;
#2041 = LINE ( 'NONE', #763, #1484 ) ;
#2042 = VECTOR ( 'NONE', #297, 100.0000000000000000 ) ;
#2043 = EDGE_CURVE ( 'NONE', #462, #972, #719, .T. ) ;
#2044 = LINE ( 'NONE', #610, #1655 ) ;
#2045 = ORIENTED_EDGE ( 'NONE', *, *, #167, .T. ) ;
#2046 = LINE ( 'NONE', #12, #604 ) ;
#2047 = CARTESIAN_POINT ( 'NONE',  ( -17.59000000000000696, 1.820000000000000506, 0.6350000000000000089 ) ) ;
#2048 = ORIENTED_EDGE ( 'NONE', *, *, #1114, .F. ) ;
#2049 = DIRECTION ( 'NONE',  ( 0.000000000000000000, -1.000000000000000000, 0.000000000000000000 ) ) ;
#2050 = EDGE_CURVE ( 'NONE', #17, #681, #803, .T. ) ;
#2051 = ORIENTED_EDGE ( 'NONE', *, *, #1578, .F. ) ;
#2052 = FACE_OUTER_BOUND ( 'NONE', #2026, .T. ) ;
#2053 = EDGE_CURVE ( 'NONE', #1839, #1938, #1559, .T. ) ;
#2054 = PLANE ( 'NONE',  #1568 ) ;
#2055 = VERTEX_POINT ( 'NONE', #246 ) ;
#2056 = CARTESIAN_POINT ( 'NONE',  ( -16.63500000000000512, 2.000000000000000444, 0.3175000000000000044 ) ) ;
#2057 = VECTOR ( 'NONE', #1364, 100.0000000000000000 ) ;
#2058 = CARTESIAN_POINT ( 'NONE',  ( 1.364999999999995328, 16.63499999999999801, 0.3175000000000000044 ) ) ;
#2059 = EDGE_LOOP ( 'NONE', ( #1907, #365, #1345, #208, #1643, #976, #1901, #1622, #861, #112, #413, #1266, #885, #847, #1288, #899 ) ) ;
#2060 = CARTESIAN_POINT ( 'NONE',  ( -17.59000000000000696, 1.820000000000000506, 0.6350000000000000089 ) ) ;
#2061 = VECTOR ( 'NONE', #614, 100.0000000000000142 ) ;
#2062 = ORIENTED_EDGE ( 'NONE', *, *, #548, .F. ) ;
#2063 = CARTESIAN_POINT ( 'NONE',  ( -18.00000000000000355, 0.3099999999999999978, 0.000000000000000000 ) ) ;
ENDSEC;
END-ISO-10303-21;
