ISO-10303-21;
HEADER;
FILE_DESCRIPTION (( 'STEP AP214' ),
    '1' );
FILE_NAME ('vertex_62.STEP',
    '2026-06-17T01:46:12',
    ( '' ),
    ( '' ),
    'SwSTEP 2.0',
    'SolidWorks 2023',
    '' );
FILE_SCHEMA (( 'AUTOMOTIVE_DESIGN' ));
ENDSEC;

DATA;
#1 = VECTOR ( 'NONE', #706, 100.0000000000000000 ) ;
#2 = PLANE ( 'NONE',  #799 ) ;
#3 = LINE ( 'NONE', #630, #1381 ) ;
#4 = AXIS2_PLACEMENT_3D ( 'NONE', #1198, #1289, #557 ) ;
#5 = ORIENTED_EDGE ( 'NONE', *, *, #1004, .T. ) ;
#6 = CARTESIAN_POINT ( 'NONE',  ( -0.4099999999999999201, 1.820000000000000506, 0.6350000000000000089 ) ) ;
#7 = ORIENTED_EDGE ( 'NONE', *, *, #278, .T. ) ;
#8 = DIRECTION ( 'NONE',  ( -0.000000000000000000, 0.000000000000000000, 1.000000000000000000 ) ) ;
#9 = AXIS2_PLACEMENT_3D ( 'NONE', #1585, #994, #1219 ) ;
#10 = EDGE_LOOP ( 'NONE', ( #1286, #1490, #149, #1145 ) ) ;
#11 = AXIS2_PLACEMENT_3D ( 'NONE', #1006, #1473, #269 ) ;
#12 = LINE ( 'NONE', #384, #752 ) ;
#13 = DIRECTION ( 'NONE',  ( 1.000000000000000000, 0.000000000000000000, 0.000000000000000000 ) ) ;
#15 = EDGE_CURVE ( 'NONE', #1293, #1169, #1518, .T. ) ;
#14 = ORIENTED_EDGE ( 'NONE', *, *, #230, .T. ) ;
#16 = LINE ( 'NONE', #997, #115 ) ;
#17 = ORIENTED_EDGE ( 'NONE', *, *, #1339, .F. ) ;
#18 = CARTESIAN_POINT ( 'NONE',  ( 0.4100000000000000311, 2.000000000000000444, 0.6350000000000000089 ) ) ;
#19 = VERTEX_POINT ( 'NONE', #350 ) ;
#20 = DIRECTION ( 'NONE',  ( 0.000000000000000000, 0.000000000000000000, -1.000000000000000000 ) ) ;
#21 = DIRECTION ( 'NONE',  ( -1.000000000000000000, -2.258880508902365962E-16, 0.000000000000000000 ) ) ;
#22 = APPLICATION_CONTEXT ( 'automotive_design' ) ;
#23 = VERTEX_POINT ( 'NONE', #722 ) ;
#24 = CARTESIAN_POINT ( 'NONE',  ( 16.63499999999999801, 1.365000000000001101, 0.6350000000000000089 ) ) ;
#25 = ADVANCED_FACE ( 'NONE', ( #587 ), #221, .T. ) ;
#26 = ORIENTED_EDGE ( 'NONE', *, *, #15, .F. ) ;
#27 = CARTESIAN_POINT ( 'NONE',  ( -1.820000000000000506, 0.4099999999999995870, 0.6350000000000000089 ) ) ;
#28 = EDGE_CURVE ( 'NONE', #363, #691, #1584, .T. ) ;
#29 = CARTESIAN_POINT ( 'NONE',  ( -1.500000000000000222, 2.000000000000000444, 0.000000000000000000 ) ) ;
#30 = DIRECTION ( 'NONE',  ( -0.000000000000000000, 0.000000000000000000, 1.000000000000000000 ) ) ;
#31 = AXIS2_PLACEMENT_3D ( 'NONE', #1257, #1517, #289 ) ;
#32 = FACE_OUTER_BOUND ( 'NONE', #1522, .T. ) ;
#33 = ORIENTED_EDGE ( 'NONE', *, *, #1097, .T. ) ;
#34 = EDGE_CURVE ( 'NONE', #94, #42, #975, .T. ) ;
#35 = VECTOR ( 'NONE', #852, 100.0000000000000000 ) ;
#36 = LINE ( 'NONE', #766, #311 ) ;
#37 = VECTOR ( 'NONE', #102, 100.0000000000000000 ) ;
#38 = AXIS2_PLACEMENT_3D ( 'NONE', #421, #530, #1281 ) ;
#39 = CARTESIAN_POINT ( 'NONE',  ( -2.000000000000001776, 1.364999999999999991, 0.3175000000000000044 ) ) ;
#40 = ORIENTED_EDGE ( 'NONE', *, *, #309, .F. ) ;
#41 = CARTESIAN_POINT ( 'NONE',  ( -2.000000000000000000, -1.500000000000000888, 0.000000000000000000 ) ) ;
#42 = VERTEX_POINT ( 'NONE', #1325 ) ;
#43 = EDGE_CURVE ( 'NONE', #99, #1362, #227, .T. ) ;
#44 = CARTESIAN_POINT ( 'NONE',  ( 2.000000000000000444, -0.4099999999999999201, 0.1349999999999999534 ) ) ;
#45 = FACE_OUTER_BOUND ( 'NONE', #231, .T. ) ;
#46 = VERTEX_POINT ( 'NONE', #1453 ) ;
#47 = DIRECTION ( 'NONE',  ( 0.000000000000000000, 0.000000000000000000, 1.000000000000000000 ) ) ;
#48 = VERTEX_POINT ( 'NONE', #1334 ) ;
#49 = DIRECTION ( 'NONE',  ( 1.000000000000000000, 4.818676322157798361E-16, 0.000000000000000000 ) ) ;
#50 = DIRECTION ( 'NONE',  ( 0.000000000000000000, 0.000000000000000000, 1.000000000000000000 ) ) ;
#51 = VECTOR ( 'NONE', #1026, 100.0000000000000000 ) ;
#52 = ORIENTED_EDGE ( 'NONE', *, *, #651, .F. ) ;
#53 = CARTESIAN_POINT ( 'NONE',  ( 0.000000000000000000, 0.000000000000000000, 0.6350000000000000089 ) ) ;
#54 = ORIENTED_EDGE ( 'NONE', *, *, #161, .F. ) ;
#55 = DIRECTION ( 'NONE',  ( -0.000000000000000000, 0.000000000000000000, 1.000000000000000000 ) ) ;
#56 = LINE ( 'NONE', #644, #747 ) ;
#57 = AXIS2_PLACEMENT_3D ( 'NONE', #1311, #211, #580 ) ;
#58 = VECTOR ( 'NONE', #326, 100.0000000000000000 ) ;
#59 = CARTESIAN_POINT ( 'NONE',  ( -0.4099999999999996980, -1.820000000000000506, 0.6350000000000000089 ) ) ;
#60 = VECTOR ( 'NONE', #805, 100.0000000000000142 ) ;
#61 = EDGE_CURVE ( 'NONE', #91, #1544, #939, .T. ) ;
#62 = PRODUCT_DEFINITION_CONTEXT ( 'detailed design', #1443, 'design' ) ;
#63 = ORIENTED_EDGE ( 'NONE', *, *, #598, .T. ) ;
#64 = CARTESIAN_POINT ( 'NONE',  ( 2.000000000000000444, -0.4099999999999999201, 0.6350000000000000089 ) ) ;
#65 = EDGE_LOOP ( 'NONE', ( #717, #1231, #1511, #1038 ) ) ;
#66 = DIRECTION ( 'NONE',  ( -1.249637081581196951E-16, 1.000000000000000000, -0.000000000000000000 ) ) ;
#67 = DIRECTION ( 'NONE',  ( 0.000000000000000000, -1.000000000000000000, 0.000000000000000000 ) ) ;
#68 = ORIENTED_EDGE ( 'NONE', *, *, #865, .F. ) ;
#69 = PLANE ( 'NONE',  #1039 ) ;
#70 = ADVANCED_FACE ( 'NONE', ( #97 ), #959, .F. ) ;
#71 = ORIENTED_EDGE ( 'NONE', *, *, #535, .F. ) ;
#72 = DIRECTION ( 'NONE',  ( -1.000000000000000000, -2.312964634635742957E-16, 0.000000000000000000 ) ) ;
#73 = DIRECTION ( 'NONE',  ( 1.000000000000000000, 0.000000000000000000, 0.000000000000000000 ) ) ;
#74 = CARTESIAN_POINT ( 'NONE',  ( 2.000000000000000444, 1.500000000000000666, 0.3175000000000000044 ) ) ;
#75 = ORIENTED_EDGE ( 'NONE', *, *, #693, .T. ) ;
#76 = DIRECTION ( 'NONE',  ( 0.000000000000000000, 1.000000000000000000, 0.000000000000000000 ) ) ;
#77 = VECTOR ( 'NONE', #212, 100.0000000000000000 ) ;
#78 = ORIENTED_EDGE ( 'NONE', *, *, #150, .F. ) ;
#79 = CARTESIAN_POINT ( 'NONE',  ( 0.4099999999999999201, 1.820000000000000506, 0.1349999999999999534 ) ) ;
#80 = EDGE_CURVE ( 'NONE', #1059, #1465, #713, .T. ) ;
#81 = CARTESIAN_POINT ( 'NONE',  ( 2.000000000000000444, -1.499999999999999334, 0.3175000000000000044 ) ) ;
#82 =( GEOMETRIC_REPRESENTATION_CONTEXT ( 3 ) GLOBAL_UNCERTAINTY_ASSIGNED_CONTEXT ( ( #1058 ) ) GLOBAL_UNIT_ASSIGNED_CONTEXT ( ( #635, #1136, #1468 ) ) REPRESENTATION_CONTEXT ( 'NONE', 'WORKASPACE' ) );
#83 = ORIENTED_EDGE ( 'NONE', *, *, #1044, .T. ) ;
#84 = LINE ( 'NONE', #1437, #757 ) ;
#85 = EDGE_LOOP ( 'NONE', ( #1559, #552, #340, #63 ) ) ;
#86 = CYLINDRICAL_SURFACE ( 'NONE', #1442, 2.500000000000000000 ) ;
#87 = CARTESIAN_POINT ( 'NONE',  ( 0.7679571668975724297, -1.199999999999999956, 0.6350000000000000089 ) ) ;
#88 = ADVANCED_FACE ( 'NONE', ( #1192 ), #597, .T. ) ;
#89 = CARTESIAN_POINT ( 'NONE',  ( 0.4100000000000003086, -2.000000000000000444, 0.6350000000000000089 ) ) ;
#90 = CARTESIAN_POINT ( 'NONE',  ( -2.000000000000000444, 0.4099999999999996980, 0.1349999999999999534 ) ) ;
#91 = VERTEX_POINT ( 'NONE', #89 ) ;
#92 = CARTESIAN_POINT ( 'NONE',  ( -2.000000000000000444, 0.4099999999999996980, 0.1349999999999999534 ) ) ;
#93 = ADVANCED_FACE ( 'NONE', ( #1090 ), #237, .F. ) ;
#94 = VERTEX_POINT ( 'NONE', #1098 ) ;
#95 = LINE ( 'NONE', #226, #754 ) ;
#96 = ADVANCED_FACE ( 'NONE', ( #1074 ), #1556, .F. ) ;
#97 = FACE_OUTER_BOUND ( 'NONE', #85, .T. ) ;
#98 = CARTESIAN_POINT ( 'NONE',  ( 0.000000000000000000, 0.000000000000000000, 0.3175000000000000044 ) ) ;
#99 = VERTEX_POINT ( 'NONE', #1445 ) ;
#100 = CARTESIAN_POINT ( 'NONE',  ( 0.4100000000000000311, 2.000000000000000444, 0.1349999999999999534 ) ) ;
#101 = VERTEX_POINT ( 'NONE', #1326 ) ;
#102 = DIRECTION ( 'NONE',  ( -0.000000000000000000, 0.000000000000000000, 1.000000000000000000 ) ) ;
#103 = VECTOR ( 'NONE', #853, 100.0000000000000000 ) ;
#104 = VECTOR ( 'NONE', #581, 100.0000000000000000 ) ;
#105 = DIRECTION ( 'NONE',  ( -4.818676322157799347E-16, -1.000000000000000000, 0.000000000000000000 ) ) ;
#106 = DIRECTION ( 'NONE',  ( 0.000000000000000000, 0.000000000000000000, -1.000000000000000000 ) ) ;
#107 = CARTESIAN_POINT ( 'NONE',  ( -2.000000000000000444, 0.4099999999999996980, 0.1349999999999999534 ) ) ;
#108 = ORIENTED_EDGE ( 'NONE', *, *, #154, .T. ) ;
#109 = DIRECTION ( 'NONE',  ( 1.000000000000000000, -4.818676322157799347E-16, 0.000000000000000000 ) ) ;
#110 = ADVANCED_FACE ( 'NONE', ( #588 ), #1114, .F. ) ;
#111 = VECTOR ( 'NONE', #562, 100.0000000000000000 ) ;
#112 = VERTEX_POINT ( 'NONE', #1091 ) ;
#113 = CARTESIAN_POINT ( 'NONE',  ( 0.4100000000000001976, -1.820000000000000506, 0.1349999999999999534 ) ) ;
#114 = VECTOR ( 'NONE', #648, 100.0000000000000000 ) ;
#115 = VECTOR ( 'NONE', #109, 100.0000000000000000 ) ;
#116 = CARTESIAN_POINT ( 'NONE',  ( 0.000000000000000000, 0.000000000000000000, 0.3175000000000000044 ) ) ;
#117 = DIRECTION ( 'NONE',  ( -2.312964634635742957E-16, 1.000000000000000000, 0.000000000000000000 ) ) ;
#118 = DIRECTION ( 'NONE',  ( 1.000000000000000000, 0.000000000000000000, 0.000000000000000000 ) ) ;
#119 = ORIENTED_EDGE ( 'NONE', *, *, #130, .T. ) ;
#120 = DIRECTION ( 'NONE',  ( 4.818676322157799347E-16, -1.000000000000000000, 0.000000000000000000 ) ) ;
#121 = SURFACE_SIDE_STYLE ('',( #756 ) ) ;
#122 = DIRECTION ( 'NONE',  ( 0.8660254037844363761, -0.5000000000000041078, 0.000000000000000000 ) ) ;
#123 = CARTESIAN_POINT ( 'NONE',  ( 0.7679571668975722076, 1.199999999999999956, 0.6350000000000000089 ) ) ;
#124 = EDGE_LOOP ( 'NONE', ( #782, #1147, #1548, #193 ) ) ;
#125 = CARTESIAN_POINT ( 'NONE',  ( -2.000000000000000444, -0.4100000000000003642, 0.1349999999999999534 ) ) ;
#126 = VERTEX_POINT ( 'NONE', #1105 ) ;
#127 = CARTESIAN_POINT ( 'NONE',  ( 0.4100000000000001976, -1.820000000000000506, 0.1349999999999999534 ) ) ;
#128 = ORIENTED_EDGE ( 'NONE', *, *, #651, .T. ) ;
#129 = VECTOR ( 'NONE', #132, 100.0000000000000000 ) ;
#130 = EDGE_CURVE ( 'NONE', #370, #999, #12, .T. ) ;
#131 = CARTESIAN_POINT ( 'NONE',  ( 0.000000000000000000, 0.000000000000000000, 0.3175000000000000044 ) ) ;
#132 = DIRECTION ( 'NONE',  ( 0.000000000000000000, 0.000000000000000000, 1.000000000000000000 ) ) ;
#133 = ORIENTED_EDGE ( 'NONE', *, *, #1550, .F. ) ;
#134 = CARTESIAN_POINT ( 'NONE',  ( -2.000000000000000000, -1.364999999999997993, 0.000000000000000000 ) ) ;
#135 = ORIENTED_EDGE ( 'NONE', *, *, #535, .T. ) ;
#136 = CARTESIAN_POINT ( 'NONE',  ( 2.000000000000000000, 1.500000000000000222, 0.3175000000000000044 ) ) ;
#137 = VECTOR ( 'NONE', #105, 100.0000000000000000 ) ;
#138 = EDGE_LOOP ( 'NONE', ( #173, #1238, #1178, #965 ) ) ;
#139 = AXIS2_PLACEMENT_3D ( 'NONE', #586, #1079, #570 ) ;
#140 = CIRCLE ( 'NONE', #1545, 2.500000000000000000 ) ;
#141 = CARTESIAN_POINT ( 'NONE',  ( 1.820000000000000506, 0.4100000000000000311, 0.1349999999999999534 ) ) ;
#142 = CYLINDRICAL_SURFACE ( 'NONE', #1181, 2.500000000000000000 ) ;
#143 = EDGE_CURVE ( 'NONE', #1072, #146, #238, .T. ) ;
#144 = ORIENTED_EDGE ( 'NONE', *, *, #1180, .F. ) ;
#145 = CARTESIAN_POINT ( 'NONE',  ( 1.199999999999999956, -0.7679571668975722076, 0.6350000000000000089 ) ) ;
#146 = VERTEX_POINT ( 'NONE', #723 ) ;
#147 = SURFACE_STYLE_USAGE ( .BOTH. , #121 ) ;
#148 = ADVANCED_FACE ( 'NONE', ( #610 ), #1235, .F. ) ;
#149 = ORIENTED_EDGE ( 'NONE', *, *, #1047, .F. ) ;
#150 = EDGE_CURVE ( 'NONE', #449, #126, #969, .T. ) ;
#151 = CARTESIAN_POINT ( 'NONE',  ( 0.4100000000000000311, 2.000000000000000444, 0.1349999999999999534 ) ) ;
#152 = LINE ( 'NONE', #44, #793 ) ;
#153 = DIRECTION ( 'NONE',  ( 1.000000000000000000, 1.817653936845376936E-16, 0.000000000000000000 ) ) ;
#154 = EDGE_CURVE ( 'NONE', #953, #1072, #1113, .T. ) ;
#155 = ORIENTED_EDGE ( 'NONE', *, *, #1202, .F. ) ;
#156 = DIRECTION ( 'NONE',  ( -0.000000000000000000, 0.000000000000000000, 1.000000000000000000 ) ) ;
#157 = VECTOR ( 'NONE', #1547, 100.0000000000000000 ) ;
#158 = CARTESIAN_POINT ( 'NONE',  ( 0.4100000000000003086, -2.000000000000000444, 0.1349999999999999534 ) ) ;
#159 = VERTEX_POINT ( 'NONE', #1200 ) ;
#160 = FACE_OUTER_BOUND ( 'NONE', #286, .T. ) ;
#161 = EDGE_CURVE ( 'NONE', #691, #979, #976, .T. ) ;
#162 = ORIENTED_EDGE ( 'NONE', *, *, #1454, .F. ) ;
#163 = VECTOR ( 'NONE', #1470, 100.0000000000000142 ) ;
#164 = CIRCLE ( 'NONE', #188, 2.500000000000000000 ) ;
#165 = CARTESIAN_POINT ( 'NONE',  ( 2.000000000000000444, 0.4100000000000001421, 0.1349999999999999534 ) ) ;
#166 = AXIS2_PLACEMENT_3D ( 'NONE', #280, #625, #1094 ) ;
#167 = DIRECTION ( 'NONE',  ( -1.817653936845376936E-16, 1.000000000000000000, 0.000000000000000000 ) ) ;
#168 = EDGE_LOOP ( 'NONE', ( #490, #1536, #1292, #727 ) ) ;
#169 = DIRECTION ( 'NONE',  ( -1.817653936845376936E-16, 1.000000000000000000, 0.000000000000000000 ) ) ;
#170 = ORIENTED_EDGE ( 'NONE', *, *, #463, .T. ) ;
#171 = DIRECTION ( 'NONE',  ( 4.818676322157798361E-16, -1.000000000000000000, 0.000000000000000000 ) ) ;
#172 = LINE ( 'NONE', #521, #376 ) ;
#173 = ORIENTED_EDGE ( 'NONE', *, *, #582, .T. ) ;
#174 = DIRECTION ( 'NONE',  ( 0.8660254037844362651, -0.5000000000000039968, 0.000000000000000000 ) ) ;
#175 = ORIENTED_EDGE ( 'NONE', *, *, #548, .F. ) ;
#176 = FACE_OUTER_BOUND ( 'NONE', #1553, .T. ) ;
#177 = DIRECTION ( 'NONE',  ( 0.000000000000000000, -1.000000000000000000, 0.000000000000000000 ) ) ;
#178 = ADVANCED_FACE ( 'NONE', ( #1081 ), #2, .F. ) ;
#179 = CARTESIAN_POINT ( 'NONE',  ( -0.4099999999999999201, 1.820000000000000506, 0.1349999999999999534 ) ) ;
#180 = AXIS2_PLACEMENT_3D ( 'NONE', #1069, #923, #1168 ) ;
#181 = ORIENTED_EDGE ( 'NONE', *, *, #942, .F. ) ;
#182 = DIRECTION ( 'NONE',  ( -0.000000000000000000, 0.000000000000000000, 1.000000000000000000 ) ) ;
#183 = ORIENTED_EDGE ( 'NONE', *, *, #1583, .F. ) ;
#184 = DIRECTION ( 'NONE',  ( -1.136033710528360955E-16, 1.000000000000000000, 0.000000000000000000 ) ) ;
#185 = LINE ( 'NONE', #427, #642 ) ;
#186 = VECTOR ( 'NONE', #55, 100.0000000000000000 ) ;
#187 = EDGE_CURVE ( 'NONE', #19, #370, #248, .T. ) ;
#188 = AXIS2_PLACEMENT_3D ( 'NONE', #1353, #641, #509 ) ;
#189 = DIRECTION ( 'NONE',  ( 0.5000000000000039968, 0.8660254037844362651, 0.000000000000000000 ) ) ;
#190 = VECTOR ( 'NONE', #480, 100.0000000000000000 ) ;
#191 = VERTEX_POINT ( 'NONE', #255 ) ;
#192 = DIRECTION ( 'NONE',  ( -6.816202263170164742E-17, 1.000000000000000000, 0.000000000000000000 ) ) ;
#193 = ORIENTED_EDGE ( 'NONE', *, *, #442, .T. ) ;
#194 = LINE ( 'NONE', #1407, #1343 ) ;
#195 = EDGE_CURVE ( 'NONE', #305, #515, #622, .T. ) ;
#196 = PRODUCT_CONTEXT ( 'NONE', #22, 'mechanical' ) ;
#197 = PLANE ( 'NONE',  #1260 ) ;
#198 = ORIENTED_EDGE ( 'NONE', *, *, #371, .F. ) ;
#199 = PLANE ( 'NONE',  #1162 ) ;
#200 = ADVANCED_FACE ( 'NONE', ( #734, #960 ), #1227, .T. ) ;
#201 = ORIENTED_EDGE ( 'NONE', *, *, #430, .T. ) ;
#202 = CARTESIAN_POINT ( 'NONE',  ( 0.000000000000000000, 0.000000000000000000, 0.6350000000000000089 ) ) ;
#203 = DIRECTION ( 'NONE',  ( -0.000000000000000000, 0.000000000000000000, 1.000000000000000000 ) ) ;
#204 = DIRECTION ( 'NONE',  ( -2.258880508902365962E-16, 1.000000000000000000, 0.000000000000000000 ) ) ;
#205 = ORIENTED_EDGE ( 'NONE', *, *, #914, .F. ) ;
#206 = DIRECTION ( 'NONE',  ( -0.000000000000000000, 0.000000000000000000, 1.000000000000000000 ) ) ;
#207 = ORIENTED_EDGE ( 'NONE', *, *, #1550, .T. ) ;
#208 = DIRECTION ( 'NONE',  ( 0.5000000000000039968, 0.8660254037844362651, 0.000000000000000000 ) ) ;
#209 = ADVANCED_FACE ( 'NONE', ( #1577 ), #1455, .F. ) ;
#210 =( LENGTH_UNIT ( ) NAMED_UNIT ( * ) SI_UNIT ( .CENTI., .METRE. ) );
#211 = DIRECTION ( 'NONE',  ( 0.000000000000000000, 0.000000000000000000, -1.000000000000000000 ) ) ;
#212 = DIRECTION ( 'NONE',  ( -0.000000000000000000, 0.000000000000000000, 1.000000000000000000 ) ) ;
#213 = EDGE_CURVE ( 'NONE', #968, #790, #1336, .T. ) ;
#214 = VECTOR ( 'NONE', #1068, 100.0000000000000000 ) ;
#215 = VECTOR ( 'NONE', #925, 100.0000000000000000 ) ;
#216 = ORIENTED_EDGE ( 'NONE', *, *, #349, .F. ) ;
#217 = CARTESIAN_POINT ( 'NONE',  ( 0.4099999999999999201, 1.820000000000000506, 0.1349999999999999534 ) ) ;
#218 = ADVANCED_FACE ( 'NONE', ( #176 ), #913, .F. ) ;
#219 = ORIENTED_EDGE ( 'NONE', *, *, #1021, .F. ) ;
#220 = CARTESIAN_POINT ( 'NONE',  ( 0.7679571668975722076, 1.199999999999999956, 0.1349999999999999534 ) ) ;
#221 = PLANE ( 'NONE',  #1438 ) ;
#222 = DIRECTION ( 'NONE',  ( -1.249637081581196951E-16, 1.000000000000000000, 0.000000000000000000 ) ) ;
#223 = ORIENTED_EDGE ( 'NONE', *, *, #1279, .T. ) ;
#224 = LINE ( 'NONE', #708, #1414 ) ;
#225 = ORIENTED_EDGE ( 'NONE', *, *, #590, .T. ) ;
#226 = CARTESIAN_POINT ( 'NONE',  ( -2.000000000000000444, -0.4100000000000003642, 0.1349999999999999534 ) ) ;
#227 = LINE ( 'NONE', #484, #1494 ) ;
#228 = DIRECTION ( 'NONE',  ( 0.000000000000000000, 0.000000000000000000, 1.000000000000000000 ) ) ;
#229 = DIRECTION ( 'NONE',  ( -0.000000000000000000, 0.000000000000000000, 1.000000000000000000 ) ) ;
#230 = EDGE_CURVE ( 'NONE', #846, #832, #317, .T. ) ;
#231 = EDGE_LOOP ( 'NONE', ( #837, #1422, #1042, #856 ) ) ;
#232 = CARTESIAN_POINT ( 'NONE',  ( 2.000000000000000444, -0.4099999999999999201, 0.6350000000000000089 ) ) ;
#233 = ORIENTED_EDGE ( 'NONE', *, *, #1013, .F. ) ;
#234 = LINE ( 'NONE', #474, #1141 ) ;
#235 = VECTOR ( 'NONE', #1056, 100.0000000000000000 ) ;
#236 = PRODUCT_DEFINITION_FORMATION_WITH_SPECIFIED_SOURCE ( 'ANY', '', #1061, .NOT_KNOWN. ) ;
#237 = PLANE ( 'NONE',  #694 ) ;
#238 = LINE ( 'NONE', #866, #957 ) ;
#239 = DIRECTION ( 'NONE',  ( 1.000000000000000000, 1.931257307898213426E-16, 0.000000000000000000 ) ) ;
#240 = ADVANCED_FACE ( 'NONE', ( #1244 ), #1278, .F. ) ;
#241 = VERTEX_POINT ( 'NONE', #434 ) ;
#242 = CARTESIAN_POINT ( 'NONE',  ( -2.000000000000001776, 1.364999999999999991, 0.6350000000000000089 ) ) ;
#243 = VERTEX_POINT ( 'NONE', #791 ) ;
#244 = CARTESIAN_POINT ( 'NONE',  ( -16.63499999999999801, 1.364999999999996438, 0.3175000000000000044 ) ) ;
#245 = AXIS2_PLACEMENT_3D ( 'NONE', #41, #1019, #660 ) ;
#246 = VECTOR ( 'NONE', #889, 100.0000000000000000 ) ;
#247 = DIRECTION ( 'NONE',  ( 0.000000000000000000, 0.000000000000000000, -1.000000000000000000 ) ) ;
#248 = LINE ( 'NONE', #467, #1540 ) ;
#249 = DIRECTION ( 'NONE',  ( -2.312964634635742957E-16, 1.000000000000000000, 0.000000000000000000 ) ) ;
#250 = ORIENTED_EDGE ( 'NONE', *, *, #485, .T. ) ;
#251 = CARTESIAN_POINT ( 'NONE',  ( -0.4100000000000000311, 2.000000000000000444, 0.6350000000000000089 ) ) ;
#252 = ORIENTED_EDGE ( 'NONE', *, *, #61, .T. ) ;
#253 = DIRECTION ( 'NONE',  ( 4.818676322157798361E-16, -1.000000000000000000, 0.000000000000000000 ) ) ;
#254 = ADVANCED_FACE ( 'NONE', ( #875 ), #1365, .F. ) ;
#255 = CARTESIAN_POINT ( 'NONE',  ( -0.7679571668975720966, -1.200000000000000178, 0.6350000000000000089 ) ) ;
#256 = LINE ( 'NONE', #1209, #103 ) ;
#257 = VERTEX_POINT ( 'NONE', #440 ) ;
#258 = PLANE ( 'NONE',  #11 ) ;
#259 = EDGE_LOOP ( 'NONE', ( #740, #877, #1484, #298, #313, #991, #1415, #1542, #1226, #1357, #40, #1151 ) ) ;
#260 = PLANE ( 'NONE',  #726 ) ;
#261 = ADVANCED_FACE ( 'NONE', ( #1165 ), #1402, .T. ) ;
#262 = ORIENTED_EDGE ( 'NONE', *, *, #271, .T. ) ;
#263 = VECTOR ( 'NONE', #156, 100.0000000000000000 ) ;
#264 = CARTESIAN_POINT ( 'NONE',  ( -0.4099999999999999201, 1.820000000000000506, 0.1349999999999999534 ) ) ;
#265 = LINE ( 'NONE', #123, #1155 ) ;
#266 = AXIS2_PLACEMENT_3D ( 'NONE', #948, #1433, #73 ) ;
#267 = ORIENTED_EDGE ( 'NONE', *, *, #402, .F. ) ;
#268 = EDGE_CURVE ( 'NONE', #912, #46, #920, .T. ) ;
#269 = DIRECTION ( 'NONE',  ( 0.000000000000000000, -1.000000000000000000, 0.000000000000000000 ) ) ;
#270 = EDGE_LOOP ( 'NONE', ( #1188, #1439, #507, #1240 ) ) ;
#271 = EDGE_CURVE ( 'NONE', #606, #882, #907, .T. ) ;
#272 = FILL_AREA_STYLE ('',( #982 ) ) ;
#273 = AXIS2_PLACEMENT_3D ( 'NONE', #131, #106, #1463 ) ;
#274 = VECTOR ( 'NONE', #491, 100.0000000000000000 ) ;
#275 = VECTOR ( 'NONE', #1489, 100.0000000000000000 ) ;
#276 = DIRECTION ( 'NONE',  ( 1.000000000000000000, -4.818676322157798361E-16, 0.000000000000000000 ) ) ;
#277 = DIRECTION ( 'NONE',  ( -0.8660254037844362651, 0.5000000000000042188, 0.000000000000000000 ) ) ;
#278 = EDGE_CURVE ( 'NONE', #526, #953, #194, .T. ) ;
#279 = ORIENTED_EDGE ( 'NONE', *, *, #888, .F. ) ;
#280 = CARTESIAN_POINT ( 'NONE',  ( 1.365000000000002212, -16.63499999999999801, 0.3175000000000000044 ) ) ;
#281 = ORIENTED_EDGE ( 'NONE', *, *, #187, .F. ) ;
#282 = FACE_OUTER_BOUND ( 'NONE', #1142, .T. ) ;
#283 = CARTESIAN_POINT ( 'NONE',  ( 1.500000000000000666, -2.000000000000000000, 0.6350000000000000089 ) ) ;
#284 = EDGE_CURVE ( 'NONE', #1488, #19, #519, .T. ) ;
#285 = FACE_OUTER_BOUND ( 'NONE', #1331, .T. ) ;
#286 = EDGE_LOOP ( 'NONE', ( #777, #898, #1369, #1457 ) ) ;
#287 = CARTESIAN_POINT ( 'NONE',  ( 1.364999999999995328, 16.63499999999999801, 0.6350000000000000089 ) ) ;
#288 = EDGE_LOOP ( 'NONE', ( #14, #422, #784, #262, #1479 ) ) ;
#289 = DIRECTION ( 'NONE',  ( 0.5000000000000045519, -0.8660254037844360431, 0.000000000000000000 ) ) ;
#290 = VECTOR ( 'NONE', #21, 100.0000000000000000 ) ;
#291 = LINE ( 'NONE', #1016, #401 ) ;
#292 = ORIENTED_EDGE ( 'NONE', *, *, #1047, .T. ) ;
#293 = CARTESIAN_POINT ( 'NONE',  ( 0.4100000000000000311, 2.000000000000000444, 0.6350000000000000089 ) ) ;
#294 = ORIENTED_EDGE ( 'NONE', *, *, #828, .F. ) ;
#295 = AXIS2_PLACEMENT_3D ( 'NONE', #53, #47, #1377 ) ;
#296 = DIRECTION ( 'NONE',  ( 0.000000000000000000, -1.000000000000000000, 0.000000000000000000 ) ) ;
#297 = FACE_BOUND ( 'NONE', #996, .T. ) ;
#298 = ORIENTED_EDGE ( 'NONE', *, *, #516, .F. ) ;
#299 = DIRECTION ( 'NONE',  ( -1.249637081581196951E-16, 1.000000000000000000, -0.000000000000000000 ) ) ;
#300 = ORIENTED_EDGE ( 'NONE', *, *, #914, .T. ) ;
#301 = PLANE ( 'NONE',  #372 ) ;
#302 = EDGE_CURVE ( 'NONE', #112, #42, #1287, .T. ) ;
#303 = CARTESIAN_POINT ( 'NONE',  ( 1.820000000000000506, 0.4100000000000000311, 0.6350000000000000089 ) ) ;
#304 = CARTESIAN_POINT ( 'NONE',  ( 0.000000000000000000, 0.000000000000000000, 0.000000000000000000 ) ) ;
#305 = VERTEX_POINT ( 'NONE', #426 ) ;
#306 = CARTESIAN_POINT ( 'NONE',  ( -0.7679571668975722076, 1.199999999999999956, 0.6350000000000000089 ) ) ;
#307 = ORIENTED_EDGE ( 'NONE', *, *, #1558, .T. ) ;
#308 = CARTESIAN_POINT ( 'NONE',  ( 2.000000000000000444, -1.365000000000000213, 0.000000000000000000 ) ) ;
#309 = EDGE_CURVE ( 'NONE', #375, #667, #1046, .T. ) ;
#310 = DIRECTION ( 'NONE',  ( -1.000000000000000000, 4.818676322157798361E-16, 0.000000000000000000 ) ) ;
#311 = VECTOR ( 'NONE', #30, 100.0000000000000000 ) ;
#312 = EDGE_CURVE ( 'NONE', #381, #241, #1514, .T. ) ;
#313 = ORIENTED_EDGE ( 'NONE', *, *, #998, .F. ) ;
#314 = LINE ( 'NONE', #232, #215 ) ;
#315 = PRODUCT_RELATED_PRODUCT_CATEGORY ( 'part', '', ( #1061 ) ) ;
#316 = EDGE_LOOP ( 'NONE', ( #1203, #631, #1533, #456, #5, #769 ) ) ;
#317 = LINE ( 'NONE', #1154, #879 ) ;
#318 = VECTOR ( 'NONE', #859, 100.0000000000000000 ) ;
#319 = AXIS2_PLACEMENT_3D ( 'NONE', #1043, #192, #678 ) ;
#320 = CARTESIAN_POINT ( 'NONE',  ( 2.000000000000000444, -1.499999999999999334, 0.000000000000000000 ) ) ;
#321 = ADVANCED_FACE ( 'NONE', ( #785 ), #301, .F. ) ;
#322 = VECTOR ( 'NONE', #772, 100.0000000000000142 ) ;
#323 = ORIENTED_EDGE ( 'NONE', *, *, #1364, .F. ) ;
#324 = CARTESIAN_POINT ( 'NONE',  ( -1.820000000000000506, -0.4100000000000003086, 0.1349999999999999534 ) ) ;
#325 = ORIENTED_EDGE ( 'NONE', *, *, #730, .F. ) ;
#326 = DIRECTION ( 'NONE',  ( 1.000000000000000000, 0.000000000000000000, 0.000000000000000000 ) ) ;
#327 = PLANE ( 'NONE',  #4 ) ;
#328 = CARTESIAN_POINT ( 'NONE',  ( -1.500000000000000222, 2.000000000000000444, 0.000000000000000000 ) ) ;
#329 = ADVANCED_FACE ( 'NONE', ( #1040 ), #1537, .F. ) ;
#330 = ORIENTED_EDGE ( 'NONE', *, *, #657, .T. ) ;
#331 = PLANE ( 'NONE',  #1389 ) ;
#332 = ORIENTED_EDGE ( 'NONE', *, *, #883, .T. ) ;
#333 = DIRECTION ( 'NONE',  ( -0.000000000000000000, 0.000000000000000000, 1.000000000000000000 ) ) ;
#334 = APPLICATION_PROTOCOL_DEFINITION ( 'draft international standard', 'automotive_design', 1998, #1443 ) ;
#335 = DIRECTION ( 'NONE',  ( -4.818676322157799347E-16, 1.000000000000000000, 0.000000000000000000 ) ) ;
#336 = LINE ( 'NONE', #817, #104 ) ;
#337 = VERTEX_POINT ( 'NONE', #141 ) ;
#338 = DIRECTION ( 'NONE',  ( -1.000000000000000000, -4.818676322157799347E-16, 0.000000000000000000 ) ) ;
#339 = VECTOR ( 'NONE', #67, 100.0000000000000000 ) ;
#340 = ORIENTED_EDGE ( 'NONE', *, *, #284, .F. ) ;
#341 = LINE ( 'NONE', #692, #58 ) ;
#342 = ORIENTED_EDGE ( 'NONE', *, *, #1122, .F. ) ;
#343 = DIRECTION ( 'NONE',  ( 1.000000000000000000, 1.249637081581196951E-16, 0.000000000000000000 ) ) ;
#344 = COLOUR_RGB ( '',0.7921568627450980005, 0.8196078431372548767, 0.9333333333333333481 ) ;
#345 = EDGE_LOOP ( 'NONE', ( #669, #863, #325, #710 ) ) ;
#346 = CARTESIAN_POINT ( 'NONE',  ( -16.63499999999999801, 1.364999999999996438, 0.3175000000000000044 ) ) ;
#347 = ORIENTED_EDGE ( 'NONE', *, *, #1531, .T. ) ;
#348 = CARTESIAN_POINT ( 'NONE',  ( -0.4100000000000000311, 2.000000000000000444, 0.6350000000000000089 ) ) ;
#349 = EDGE_CURVE ( 'NONE', #1050, #606, #629, .T. ) ;
#350 = CARTESIAN_POINT ( 'NONE',  ( -0.7679571668975720966, -1.200000000000000178, 0.1349999999999999534 ) ) ;
#351 = CARTESIAN_POINT ( 'NONE',  ( 0.000000000000000000, 0.000000000000000000, 0.6350000000000000089 ) ) ;
#352 = FACE_OUTER_BOUND ( 'NONE', #391, .T. ) ;
#353 = EDGE_LOOP ( 'NONE', ( #612, #1322, #620, #707 ) ) ;
#354 = LINE ( 'NONE', #1543, #1316 ) ;
#355 = VERTEX_POINT ( 'NONE', #1485 ) ;
#356 = CARTESIAN_POINT ( 'NONE',  ( -0.4099999999999996980, -1.820000000000000506, 0.6350000000000000089 ) ) ;
#357 = EDGE_CURVE ( 'NONE', #1328, #243, #341, .T. ) ;
#358 = ORIENTED_EDGE ( 'NONE', *, *, #781, .T. ) ;
#359 = CARTESIAN_POINT ( 'NONE',  ( 0.4100000000000001976, -1.820000000000000506, 0.1349999999999999534 ) ) ;
#360 = LINE ( 'NONE', #843, #716 ) ;
#361 = ORIENTED_EDGE ( 'NONE', *, *, #967, .F. ) ;
#362 = LINE ( 'NONE', #880, #446 ) ;
#363 = VERTEX_POINT ( 'NONE', #1452 ) ;
#364 = DIRECTION ( 'NONE',  ( 0.5000000000000043299, 0.8660254037844362651, 0.000000000000000000 ) ) ;
#365 = VECTOR ( 'NONE', #118, 100.0000000000000000 ) ;
#366 = EDGE_CURVE ( 'NONE', #241, #91, #1189, .T. ) ;
#367 = CARTESIAN_POINT ( 'NONE',  ( -2.000000000000000444, 0.4099999999999996980, 0.6350000000000000089 ) ) ;
#368 = CARTESIAN_POINT ( 'NONE',  ( 0.4099999999999999201, 1.820000000000000506, 0.1349999999999999534 ) ) ;
#369 = CARTESIAN_POINT ( 'NONE',  ( -0.7679571668975720966, -1.200000000000000178, 0.6350000000000000089 ) ) ;
#371 = EDGE_CURVE ( 'NONE', #159, #788, #1519, .T. ) ;
#370 = VERTEX_POINT ( 'NONE', #1214 ) ;
#372 = AXIS2_PLACEMENT_3D ( 'NONE', #418, #547, #636 ) ;
#373 = CARTESIAN_POINT ( 'NONE',  ( 2.000000000000000444, 1.500000000000000666, 0.000000000000000000 ) ) ;
#374 = CIRCLE ( 'NONE', #469, 0.3099999999999999978 ) ;
#375 = VERTEX_POINT ( 'NONE', #1332 ) ;
#376 = VECTOR ( 'NONE', #895, 100.0000000000000000 ) ;
#377 = CARTESIAN_POINT ( 'NONE',  ( 2.000000000000000444, 0.4100000000000001421, 0.1349999999999999534 ) ) ;
#378 = EDGE_LOOP ( 'NONE', ( #1256, #1499, #1352, #155 ) ) ;
#379 = LINE ( 'NONE', #395, #1368 ) ;
#380 = EDGE_CURVE ( 'NONE', #1362, #1488, #578, .T. ) ;
#381 = VERTEX_POINT ( 'NONE', #956 ) ;
#382 = DIRECTION ( 'NONE',  ( -0.000000000000000000, 0.000000000000000000, 1.000000000000000000 ) ) ;
#383 = EDGE_CURVE ( 'NONE', #973, #1427, #374, .T. ) ;
#384 = CARTESIAN_POINT ( 'NONE',  ( -0.4099999999999997535, -2.000000000000000444, 0.1349999999999999534 ) ) ;
#385 = FACE_OUTER_BOUND ( 'NONE', #1078, .T. ) ;
#386 = ADVANCED_FACE ( 'NONE', ( #721 ), #86, .T. ) ;
#387 = VERTEX_POINT ( 'NONE', #1423 ) ;
#388 = CARTESIAN_POINT ( 'NONE',  ( -1.820000000000000506, 0.4099999999999995870, 0.1349999999999999534 ) ) ;
#389 = ORIENTED_EDGE ( 'NONE', *, *, #563, .F. ) ;
#390 = LINE ( 'NONE', #287, #571 ) ;
#391 = EDGE_LOOP ( 'NONE', ( #1305, #1524, #1008, #330 ) ) ;
#392 = DIRECTION ( 'NONE',  ( 0.000000000000000000, 0.000000000000000000, -1.000000000000000000 ) ) ;
#393 = DIRECTION ( 'NONE',  ( 0.000000000000000000, -1.000000000000000000, 0.000000000000000000 ) ) ;
#394 = VERTEX_POINT ( 'NONE', #1582 ) ;
#395 = CARTESIAN_POINT ( 'NONE',  ( 1.199999999999999956, -0.7679571668975722076, 0.1349999999999999534 ) ) ;
#396 = EDGE_LOOP ( 'NONE', ( #1551, #806, #813, #223 ) ) ;
#397 = CARTESIAN_POINT ( 'NONE',  ( -0.4100000000000000311, 2.000000000000000444, 0.1349999999999999534 ) ) ;
#398 = VECTOR ( 'NONE', #511, 100.0000000000000000 ) ;
#399 = ORIENTED_EDGE ( 'NONE', *, *, #1374, .F. ) ;
#400 = AXIS2_PLACEMENT_3D ( 'NONE', #397, #501, #253 ) ;
#401 = VECTOR ( 'NONE', #1274, 100.0000000000000000 ) ;
#402 = EDGE_CURVE ( 'NONE', #1036, #1299, #1073, .T. ) ;
#403 = FACE_OUTER_BOUND ( 'NONE', #454, .T. ) ;
#404 = CARTESIAN_POINT ( 'NONE',  ( 0.000000000000000000, -0.3099999999999999978, 0.000000000000000000 ) ) ;
#405 = ORIENTED_EDGE ( 'NONE', *, *, #1483, .T. ) ;
#406 = DIRECTION ( 'NONE',  ( -4.818676322157798361E-16, -1.000000000000000000, 0.000000000000000000 ) ) ;
#407 = CARTESIAN_POINT ( 'NONE',  ( 0.7679571668975724297, -1.199999999999999956, 0.1349999999999999534 ) ) ;
#408 = PLANE ( 'NONE',  #1220 ) ;
#409 = ORIENTED_EDGE ( 'NONE', *, *, #143, .T. ) ;
#410 = ORIENTED_EDGE ( 'NONE', *, *, #1575, .T. ) ;
#411 = PLANE ( 'NONE',  #31 ) ;
#412 = AXIS2_PLACEMENT_3D ( 'NONE', #468, #589, #809 ) ;
#413 = DIRECTION ( 'NONE',  ( -2.312964634635742957E-16, 1.000000000000000000, 0.000000000000000000 ) ) ;
#414 = EDGE_CURVE ( 'NONE', #159, #1072, #234, .T. ) ;
#415 = ORIENTED_EDGE ( 'NONE', *, *, #1259, .F. ) ;
#416 = DIRECTION ( 'NONE',  ( -2.312964634635742957E-16, 1.000000000000000000, 0.000000000000000000 ) ) ;
#417 = VERTEX_POINT ( 'NONE', #220 ) ;
#418 = CARTESIAN_POINT ( 'NONE',  ( -1.820000000000000506, -0.4100000000000003086, 0.1349999999999999534 ) ) ;
#419 = VECTOR ( 'NONE', #208, 100.0000000000000142 ) ;
#420 = DIRECTION ( 'NONE',  ( 0.000000000000000000, 1.000000000000000000, 0.000000000000000000 ) ) ;
#421 = CARTESIAN_POINT ( 'NONE',  ( 0.7679571668975722076, 1.199999999999999956, 0.1349999999999999534 ) ) ;
#422 = ORIENTED_EDGE ( 'NONE', *, *, #554, .T. ) ;
#423 = CARTESIAN_POINT ( 'NONE',  ( -1.820000000000000506, -0.4100000000000003086, 0.6350000000000000089 ) ) ;
#424 = EDGE_CURVE ( 'NONE', #375, #647, #1554, .T. ) ;
#425 = EDGE_LOOP ( 'NONE', ( #1467, #640, #128, #439, #1378 ) ) ;
#426 = CARTESIAN_POINT ( 'NONE',  ( 1.199999999999999956, -0.7679571668975722076, 0.1349999999999999534 ) ) ;
#427 = CARTESIAN_POINT ( 'NONE',  ( 1.364999999999995328, 16.63499999999999801, 0.3175000000000000044 ) ) ;
#428 = ADVANCED_FACE ( 'NONE', ( #1562 ), #483, .F. ) ;
#429 = CARTESIAN_POINT ( 'NONE',  ( -16.63499999999999801, -1.364999999999999103, 0.3175000000000000044 ) ) ;
#430 = EDGE_CURVE ( 'NONE', #979, #1025, #938, .T. ) ;
#431 = ORIENTED_EDGE ( 'NONE', *, *, #430, .F. ) ;
#432 = CARTESIAN_POINT ( 'NONE',  ( -0.4100000000000000311, 2.000000000000000444, 0.1349999999999999534 ) ) ;
#433 = ORIENTED_EDGE ( 'NONE', *, *, #1218, .F. ) ;
#434 = CARTESIAN_POINT ( 'NONE',  ( 1.365000000000002212, -1.999999999999999112, 0.6350000000000000089 ) ) ;
#435 = EDGE_CURVE ( 'NONE', #1529, #1328, #1197, .T. ) ;
#436 = PLANE ( 'NONE',  #412 ) ;
#437 = ORIENTED_EDGE ( 'NONE', *, *, #1333, .T. ) ;
#438 = DIRECTION ( 'NONE',  ( 1.000000000000000000, -4.818676322157798361E-16, 0.000000000000000000 ) ) ;
#439 = ORIENTED_EDGE ( 'NONE', *, *, #1086, .T. ) ;
#440 = CARTESIAN_POINT ( 'NONE',  ( -0.4099999999999999201, 1.820000000000000506, 0.1349999999999999534 ) ) ;
#441 = VECTOR ( 'NONE', #1425, 100.0000000000000000 ) ;
#442 = EDGE_CURVE ( 'NONE', #1005, #1118, #95, .T. ) ;
#443 = MECHANICAL_DESIGN_GEOMETRIC_PRESENTATION_REPRESENTATION (  '', ( #1266 ), #82 ) ;
#444 = AXIS2_PLACEMENT_3D ( 'NONE', #974, #628, #764 ) ;
#445 = DIRECTION ( 'NONE',  ( 0.000000000000000000, 0.000000000000000000, -1.000000000000000000 ) ) ;
#446 = VECTOR ( 'NONE', #737, 100.0000000000000000 ) ;
#447 = ORIENTED_EDGE ( 'NONE', *, *, #402, .T. ) ;
#448 = CARTESIAN_POINT ( 'NONE',  ( 2.000000000000000444, -0.4099999999999999201, 0.1349999999999999534 ) ) ;
#449 = VERTEX_POINT ( 'NONE', #79 ) ;
#450 = DIRECTION ( 'NONE',  ( 0.000000000000000000, 1.000000000000000000, 0.000000000000000000 ) ) ;
#451 = CARTESIAN_POINT ( 'NONE',  ( -1.365000000000000213, -1.364999999999997993, 0.3175000000000000044 ) ) ;
#452 = ORIENTED_EDGE ( 'NONE', *, *, #150, .T. ) ;
#453 = FACE_OUTER_BOUND ( 'NONE', #1412, .T. ) ;
#454 = EDGE_LOOP ( 'NONE', ( #250, #765, #281, #684 ) ) ;
#455 = DIRECTION ( 'NONE',  ( 0.8660254037844362651, -0.5000000000000039968, 0.000000000000000000 ) ) ;
#456 = ORIENTED_EDGE ( 'NONE', *, *, #730, .T. ) ;
#457 = CARTESIAN_POINT ( 'NONE',  ( 1.500000000000000666, -2.000000000000000000, 0.6350000000000000089 ) ) ;
#458 = CARTESIAN_POINT ( 'NONE',  ( 0.000000000000000000, 0.000000000000000000, 0.000000000000000000 ) ) ;
#459 = LINE ( 'NONE', #1426, #1309 ) ;
#460 = ORIENTED_EDGE ( 'NONE', *, *, #1202, .T. ) ;
#461 = LINE ( 'NONE', #1413, #1190 ) ;
#462 = VECTOR ( 'NONE', #540, 100.0000000000000000 ) ;
#463 = EDGE_CURVE ( 'NONE', #1251, #1052, #958, .T. ) ;
#464 = ORIENTED_EDGE ( 'NONE', *, *, #1503, .T. ) ;
#465 = DIRECTION ( 'NONE',  ( 0.000000000000000000, -1.000000000000000000, 0.000000000000000000 ) ) ;
#466 = CARTESIAN_POINT ( 'NONE',  ( -1.364999999999998215, 2.000000000000000444, 0.000000000000000000 ) ) ;
#467 = CARTESIAN_POINT ( 'NONE',  ( -0.4099999999999996980, -1.820000000000000506, 0.1349999999999999534 ) ) ;
#468 = CARTESIAN_POINT ( 'NONE',  ( 0.4099999999999999201, 1.820000000000000506, 0.1349999999999999534 ) ) ;
#469 = AXIS2_PLACEMENT_3D ( 'NONE', #202, #1440, #1546 ) ;
#470 = VERTEX_POINT ( 'NONE', #348 ) ;
#471 = FACE_OUTER_BOUND ( 'NONE', #1153, .T. ) ;
#472 = VECTOR ( 'NONE', #1361, 100.0000000000000142 ) ;
#473 = ORIENTED_EDGE ( 'NONE', *, *, #383, .F. ) ;
#474 = CARTESIAN_POINT ( 'NONE',  ( -2.000000000000000000, -1.500000000000000888, 0.000000000000000000 ) ) ;
#475 = EDGE_CURVE ( 'NONE', #971, #363, #833, .T. ) ;
#476 = ORIENTED_EDGE ( 'NONE', *, *, #693, .F. ) ;
#477 = DIRECTION ( 'NONE',  ( -0.8660254037844360431, -0.5000000000000045519, 0.000000000000000000 ) ) ;
#478 = CYLINDRICAL_SURFACE ( 'NONE', #818, 0.3099999999999999978 ) ;
#479 = ORIENTED_EDGE ( 'NONE', *, *, #230, .F. ) ;
#480 = DIRECTION ( 'NONE',  ( -0.000000000000000000, 0.000000000000000000, 1.000000000000000000 ) ) ;
#481 = EDGE_CURVE ( 'NONE', #1052, #1427, #1308, .T. ) ;
#482 = EDGE_LOOP ( 'NONE', ( #1250, #175, #1196, #405 ) ) ;
#483 = PLANE ( 'NONE',  #602 ) ;
#484 = CARTESIAN_POINT ( 'NONE',  ( 0.4100000000000003086, -2.000000000000000444, 0.1349999999999999534 ) ) ;
#485 = EDGE_CURVE ( 'NONE', #191, #1059, #1088, .T. ) ;
#486 = DIRECTION ( 'NONE',  ( 0.000000000000000000, -1.000000000000000000, 0.000000000000000000 ) ) ;
#487 = FACE_OUTER_BOUND ( 'NONE', #1474, .T. ) ;
#488 = ORIENTED_EDGE ( 'NONE', *, *, #1241, .F. ) ;
#489 = CARTESIAN_POINT ( 'NONE',  ( 1.364999999999999991, 1.364999999999998215, 0.3175000000000000044 ) ) ;
#490 = ORIENTED_EDGE ( 'NONE', *, *, #1086, .F. ) ;
#491 = DIRECTION ( 'NONE',  ( -0.000000000000000000, 0.000000000000000000, 1.000000000000000000 ) ) ;
#492 = AXIS2_PLACEMENT_3D ( 'NONE', #1435, #343, #222 ) ;
#493 = CARTESIAN_POINT ( 'NONE',  ( 1.820000000000000506, -0.4099999999999998646, 0.1349999999999999534 ) ) ;
#494 = LINE ( 'NONE', #512, #593 ) ;
#495 = ADVANCED_FACE ( 'NONE', ( #282 ), #1103, .F. ) ;
#496 = EDGE_LOOP ( 'NONE', ( #945, #358, #68, #677 ) ) ;
#497 = AXIS2_PLACEMENT_3D ( 'NONE', #705, #816, #1217 ) ;
#498 = DIRECTION ( 'NONE',  ( 1.000000000000000000, 4.818676322157799347E-16, 0.000000000000000000 ) ) ;
#499 = VECTOR ( 'NONE', #595, 100.0000000000000000 ) ;
#500 = ORIENTED_EDGE ( 'NONE', *, *, #442, .F. ) ;
#501 = DIRECTION ( 'NONE',  ( -1.000000000000000000, -4.818676322157798361E-16, 0.000000000000000000 ) ) ;
#502 = ADVANCED_FACE ( 'NONE', ( #1460 ), #1358, .F. ) ;
#503 = ORIENTED_EDGE ( 'NONE', *, *, #802, .T. ) ;
#504 = ADVANCED_FACE ( 'NONE', ( #849 ), #260, .F. ) ;
#505 = CARTESIAN_POINT ( 'NONE',  ( 1.364999999999995328, 16.63499999999999801, 0.3175000000000000044 ) ) ;
#506 = CARTESIAN_POINT ( 'NONE',  ( 3.796405077356794548E-17, 0.3099999999999999978, 0.000000000000000000 ) ) ;
#507 = ORIENTED_EDGE ( 'NONE', *, *, #195, .F. ) ;
#508 = DIRECTION ( 'NONE',  ( -0.5000000000000042188, 0.8660254037844362651, -0.000000000000000000 ) ) ;
#509 = DIRECTION ( 'NONE',  ( 0.000000000000000000, -1.000000000000000000, 0.000000000000000000 ) ) ;
#510 = VERTEX_POINT ( 'NONE', #136 ) ;
#511 = DIRECTION ( 'NONE',  ( -1.000000000000000000, -1.136033710528360955E-16, 0.000000000000000000 ) ) ;
#512 = CARTESIAN_POINT ( 'NONE',  ( 1.500000000000000666, -2.000000000000000000, 0.000000000000000000 ) ) ;
#513 = ORIENTED_EDGE ( 'NONE', *, *, #1279, .F. ) ;
#514 = CARTESIAN_POINT ( 'NONE',  ( 1.365000000000002212, -1.999999999999999112, 0.3175000000000000044 ) ) ;
#515 = VERTEX_POINT ( 'NONE', #1121 ) ;
#516 = EDGE_CURVE ( 'NONE', #1248, #243, #739, .T. ) ;
#517 = ORIENTED_EDGE ( 'NONE', *, *, #1001, .T. ) ;
#518 = CIRCLE ( 'NONE', #922, 2.500000000000000000 ) ;
#519 = LINE ( 'NONE', #798, #111 ) ;
#520 = CARTESIAN_POINT ( 'NONE',  ( -0.4099999999999996980, -1.820000000000000506, 0.1349999999999999534 ) ) ;
#521 = CARTESIAN_POINT ( 'NONE',  ( -1.200000000000000178, 0.7679571668975719856, 0.1349999999999999534 ) ) ;
#522 = VERTEX_POINT ( 'NONE', #1342 ) ;
#523 = FACE_OUTER_BOUND ( 'NONE', #168, .T. ) ;
#524 = AXIS2_PLACEMENT_3D ( 'NONE', #458, #949, #486 ) ;
#525 = EDGE_CURVE ( 'NONE', #1362, #1544, #1232, .T. ) ;
#526 = VERTEX_POINT ( 'NONE', #1000 ) ;
#527 = VECTOR ( 'NONE', #416, 100.0000000000000000 ) ;
#528 = AXIS2_PLACEMENT_3D ( 'NONE', #304, #1158, #916 ) ;
#529 = FACE_OUTER_BOUND ( 'NONE', #124, .T. ) ;
#530 = DIRECTION ( 'NONE',  ( 0.000000000000000000, -1.000000000000000000, 0.000000000000000000 ) ) ;
#531 = EDGE_LOOP ( 'NONE', ( #135, #225, #1185, #26, #1095 ) ) ;
#532 = FACE_OUTER_BOUND ( 'NONE', #531, .T. ) ;
#533 = ORIENTED_EDGE ( 'NONE', *, *, #779, .T. ) ;
#534 = CARTESIAN_POINT ( 'NONE',  ( 1.365000000000002212, -1.365000000000000213, 0.3175000000000000044 ) ) ;
#535 = EDGE_CURVE ( 'NONE', #1025, #394, #621, .T. ) ;
#536 = CARTESIAN_POINT ( 'NONE',  ( -1.200000000000000178, 0.7679571668975719856, 0.6350000000000000089 ) ) ;
#537 = ORIENTED_EDGE ( 'NONE', *, *, #1564, .F. ) ;
#538 = CARTESIAN_POINT ( 'NONE',  ( 0.000000000000000000, 0.000000000000000000, 0.3175000000000000044 ) ) ;
#539 = EDGE_LOOP ( 'NONE', ( #890, #1211, #292, #1160, #503, #736 ) ) ;
#540 = DIRECTION ( 'NONE',  ( -0.000000000000000000, 0.000000000000000000, 1.000000000000000000 ) ) ;
#541 = AXIS2_PLACEMENT_3D ( 'NONE', #778, #171, #49 ) ;
#542 = EDGE_CURVE ( 'NONE', #126, #647, #1009, .T. ) ;
#543 = DIRECTION ( 'NONE',  ( 0.000000000000000000, -1.000000000000000000, 0.000000000000000000 ) ) ;
#544 = ORIENTED_EDGE ( 'NONE', *, *, #1516, .T. ) ;
#545 = CARTESIAN_POINT ( 'NONE',  ( -1.364999999999999991, -2.000000000000001776, 0.6350000000000000089 ) ) ;
#546 = ORIENTED_EDGE ( 'NONE', *, *, #888, .T. ) ;
#547 = DIRECTION ( 'NONE',  ( -0.5000000000000041078, -0.8660254037844363761, 0.000000000000000000 ) ) ;
#548 = EDGE_CURVE ( 'NONE', #257, #48, #884, .T. ) ;
#549 = AXIS2_PLACEMENT_3D ( 'NONE', #822, #702, #465 ) ;
#550 = EDGE_CURVE ( 'NONE', #355, #363, #1130, .T. ) ;
#551 = DIRECTION ( 'NONE',  ( 1.000000000000000000, 4.818676322157798361E-16, 0.000000000000000000 ) ) ;
#552 = ORIENTED_EDGE ( 'NONE', *, *, #1515, .F. ) ;
#553 = CARTESIAN_POINT ( 'NONE',  ( -1.364999999999997549, -16.63499999999999801, 0.3175000000000000044 ) ) ;
#554 = EDGE_CURVE ( 'NONE', #832, #1194, #164, .T. ) ;
#555 = ORIENTED_EDGE ( 'NONE', *, *, #1333, .F. ) ;
#556 = CARTESIAN_POINT ( 'NONE',  ( 0.4100000000000000311, 2.000000000000000444, 0.1349999999999999534 ) ) ;
#557 = DIRECTION ( 'NONE',  ( 0.000000000000000000, 1.000000000000000000, 0.000000000000000000 ) ) ;
#558 = DIRECTION ( 'NONE',  ( 0.000000000000000000, 0.000000000000000000, 1.000000000000000000 ) ) ;
#559 = ADVANCED_BREP_SHAPE_REPRESENTATION ( 'vertex_62', ( #564, #266 ), #1011 ) ;
#560 = ORIENTED_EDGE ( 'NONE', *, *, #823, .F. ) ;
#561 = VERTEX_POINT ( 'NONE', #1475 ) ;
#562 = DIRECTION ( 'NONE',  ( -1.000000000000000000, -2.258880508902365962E-16, 0.000000000000000000 ) ) ;
#563 = EDGE_CURVE ( 'NONE', #1406, #1299, #1482, .T. ) ;
#564 = MANIFOLD_SOLID_BREP ( 'Cut-Extrude4', #1411 ) ;
#565 = DIRECTION ( 'NONE',  ( -0.000000000000000000, 0.000000000000000000, 1.000000000000000000 ) ) ;
#566 = DIRECTION ( 'NONE',  ( 0.000000000000000000, 1.000000000000000000, 0.000000000000000000 ) ) ;
#567 = ORIENTED_EDGE ( 'NONE', *, *, #1409, .T. ) ;
#568 = DIRECTION ( 'NONE',  ( -1.000000000000000000, -1.136033710528360955E-16, 0.000000000000000000 ) ) ;
#569 = ORIENTED_EDGE ( 'NONE', *, *, #1013, .T. ) ;
#570 = DIRECTION ( 'NONE',  ( 0.000000000000000000, -1.000000000000000000, 0.000000000000000000 ) ) ;
#571 = VECTOR ( 'NONE', #655, 100.0000000000000000 ) ;
#572 = DIRECTION ( 'NONE',  ( 0.000000000000000000, 1.000000000000000000, 0.000000000000000000 ) ) ;
#573 = VECTOR ( 'NONE', #980, 100.0000000000000000 ) ;
#574 = LINE ( 'NONE', #1193, #1510 ) ;
#575 = ORIENTED_EDGE ( 'NONE', *, *, #271, .F. ) ;
#576 = LINE ( 'NONE', #217, #60 ) ;
#577 = ORIENTED_EDGE ( 'NONE', *, *, #1291, .F. ) ;
#578 = LINE ( 'NONE', #113, #419 ) ;
#579 = CARTESIAN_POINT ( 'NONE',  ( 2.000000000000000444, 0.4100000000000001421, 0.1349999999999999534 ) ) ;
#580 = DIRECTION ( 'NONE',  ( 0.000000000000000000, 1.000000000000000000, 0.000000000000000000 ) ) ;
#581 = DIRECTION ( 'NONE',  ( 0.000000000000000000, -1.000000000000000000, 0.000000000000000000 ) ) ;
#582 = EDGE_CURVE ( 'NONE', #1529, #826, #390, .T. ) ;
#583 = ORIENTED_EDGE ( 'NONE', *, *, #676, .T. ) ;
#584 = DIRECTION ( 'NONE',  ( -0.000000000000000000, 0.000000000000000000, 1.000000000000000000 ) ) ;
#585 = ORIENTED_EDGE ( 'NONE', *, *, #481, .F. ) ;
#586 = CARTESIAN_POINT ( 'NONE',  ( 0.000000000000000000, 0.000000000000000000, 0.000000000000000000 ) ) ;
#587 = FACE_OUTER_BOUND ( 'NONE', #288, .T. ) ;
#588 = FACE_OUTER_BOUND ( 'NONE', #138, .T. ) ;
#589 = DIRECTION ( 'NONE',  ( 0.8660254037844362651, 0.5000000000000043299, 0.000000000000000000 ) ) ;
#590 = EDGE_CURVE ( 'NONE', #394, #94, #783, .T. ) ;
#591 = EDGE_LOOP ( 'NONE', ( #699, #537, #1505, #1569 ) ) ;
#592 = DIRECTION ( 'NONE',  ( 1.931257307898213426E-16, -1.000000000000000000, 0.000000000000000000 ) ) ;
#593 = VECTOR ( 'NONE', #1471, 100.0000000000000000 ) ;
#594 = ORIENTED_EDGE ( 'NONE', *, *, #942, .T. ) ;
#595 = DIRECTION ( 'NONE',  ( 0.000000000000000000, 0.000000000000000000, -1.000000000000000000 ) ) ;
#596 = EDGE_CURVE ( 'NONE', #654, #46, #1384, .T. ) ;
#597 = CYLINDRICAL_SURFACE ( 'NONE', #57, 2.500000000000000000 ) ;
#598 = EDGE_CURVE ( 'NONE', #1488, #1579, #1270, .T. ) ;
#599 = DIRECTION ( 'NONE',  ( 3.067291018426574134E-16, -1.000000000000000000, 0.000000000000000000 ) ) ;
#600 = CARTESIAN_POINT ( 'NONE',  ( 1.499999999999999778, 2.000000000000000444, 0.000000000000000000 ) ) ;
#601 = VECTOR ( 'NONE', #834, 100.0000000000000000 ) ;
#602 = AXIS2_PLACEMENT_3D ( 'NONE', #807, #1302, #966 ) ;
#603 = ORIENTED_EDGE ( 'NONE', *, *, #1583, .T. ) ;
#604 = LINE ( 'NONE', #251, #1347 ) ;
#605 = VECTOR ( 'NONE', #1133, 100.0000000000000000 ) ;
#606 = VERTEX_POINT ( 'NONE', #1029 ) ;
#607 = DIRECTION ( 'NONE',  ( -0.000000000000000000, 0.000000000000000000, 1.000000000000000000 ) ) ;
#608 = ADVANCED_FACE ( 'NONE', ( #523 ), #1262, .F. ) ;
#609 = DIRECTION ( 'NONE',  ( 0.000000000000000000, 1.000000000000000000, 0.000000000000000000 ) ) ;
#610 = FACE_OUTER_BOUND ( 'NONE', #848, .T. ) ;
#611 = DIRECTION ( 'NONE',  ( 0.000000000000000000, -1.000000000000000000, 0.000000000000000000 ) ) ;
#612 = ORIENTED_EDGE ( 'NONE', *, *, #554, .F. ) ;
#613 = LINE ( 'NONE', #24, #573 ) ;
#614 = ORIENTED_EDGE ( 'NONE', *, *, #921, .F. ) ;
#615 = ADVANCED_FACE ( 'NONE', ( #1170 ), #1284, .F. ) ;
#616 = DIRECTION ( 'NONE',  ( -4.818676322157799347E-16, -1.000000000000000000, 0.000000000000000000 ) ) ;
#617 = LINE ( 'NONE', #742, #1535 ) ;
#618 = ORIENTED_EDGE ( 'NONE', *, *, #1339, .T. ) ;
#619 = LINE ( 'NONE', #125, #906 ) ;
#620 = ORIENTED_EDGE ( 'NONE', *, *, #988, .T. ) ;
#621 = LINE ( 'NONE', #244, #854 ) ;
#622 = LINE ( 'NONE', #493, #163 ) ;
#623 = DIRECTION ( 'NONE',  ( -0.000000000000000000, 0.000000000000000000, 1.000000000000000000 ) ) ;
#624 = EDGE_LOOP ( 'NONE', ( #1229, #1420, #575, #216 ) ) ;
#625 = DIRECTION ( 'NONE',  ( -1.000000000000000000, 0.000000000000000000, 0.000000000000000000 ) ) ;
#626 = VECTOR ( 'NONE', #76, 100.0000000000000000 ) ;
#627 = ORIENTED_EDGE ( 'NONE', *, *, #998, .T. ) ;
#628 = DIRECTION ( 'NONE',  ( -1.000000000000000000, 0.000000000000000000, 0.000000000000000000 ) ) ;
#629 = LINE ( 'NONE', #308, #1469 ) ;
#630 = CARTESIAN_POINT ( 'NONE',  ( -0.4099999999999997535, -2.000000000000000444, 0.1349999999999999534 ) ) ;
#632 = ADVANCED_FACE ( 'NONE', ( #160 ), #897, .F. ) ;
#631 = ORIENTED_EDGE ( 'NONE', *, *, #1464, .T. ) ;
#633 = LINE ( 'NONE', #1580, #190 ) ;
#634 = VERTEX_POINT ( 'NONE', #306 ) ;
#635 =( LENGTH_UNIT ( ) NAMED_UNIT ( * ) SI_UNIT ( .CENTI., .METRE. ) );
#636 = DIRECTION ( 'NONE',  ( 0.8660254037844362651, -0.5000000000000039968, 0.000000000000000000 ) ) ;
#637 = LINE ( 'NONE', #534, #51 ) ;
#638 = CARTESIAN_POINT ( 'NONE',  ( 2.000000000000001776, -1.365000000000000213, 0.6350000000000000089 ) ) ;
#639 = ADVANCED_FACE ( 'NONE', ( #532 ), #891, .F. ) ;
#640 = ORIENTED_EDGE ( 'NONE', *, *, #278, .F. ) ;
#641 = DIRECTION ( 'NONE',  ( 0.000000000000000000, 0.000000000000000000, 1.000000000000000000 ) ) ;
#642 = VECTOR ( 'NONE', #1526, 100.0000000000000000 ) ;
#643 = VECTOR ( 'NONE', #203, 100.0000000000000000 ) ;
#644 = CARTESIAN_POINT ( 'NONE',  ( 0.7679571668975722076, 1.199999999999999956, 0.1349999999999999534 ) ) ;
#645 = EDGE_CURVE ( 'NONE', #788, #953, #1506, .T. ) ;
#646 = DIRECTION ( 'NONE',  ( 0.000000000000000000, 0.000000000000000000, -1.000000000000000000 ) ) ;
#647 = VERTEX_POINT ( 'NONE', #293 ) ;
#648 = DIRECTION ( 'NONE',  ( -0.000000000000000000, 0.000000000000000000, 1.000000000000000000 ) ) ;
#649 = VERTEX_POINT ( 'NONE', #64 ) ;
#650 = CIRCLE ( 'NONE', #932, 2.500000000000000000 ) ;
#651 = EDGE_CURVE ( 'NONE', #526, #1581, #774, .T. ) ;
#652 = LINE ( 'NONE', #1156, #1054 ) ;
#653 = CARTESIAN_POINT ( 'NONE',  ( -2.000000000000000888, 1.499999999999999334, 0.000000000000000000 ) ) ;
#654 = VERTEX_POINT ( 'NONE', #796 ) ;
#655 = DIRECTION ( 'NONE',  ( 3.067291018426574134E-16, -1.000000000000000000, 0.000000000000000000 ) ) ;
#656 = ORIENTED_EDGE ( 'NONE', *, *, #582, .F. ) ;
#657 = EDGE_CURVE ( 'NONE', #1427, #973, #672, .T. ) ;
#658 = LINE ( 'NONE', #283, #1007 ) ;
#659 = CARTESIAN_POINT ( 'NONE',  ( -1.364999999999997549, -16.63499999999999801, 0.3175000000000000044 ) ) ;
#660 = DIRECTION ( 'NONE',  ( -2.312964634635742957E-16, 1.000000000000000000, 0.000000000000000000 ) ) ;
#661 = EDGE_CURVE ( 'NONE', #159, #1087, #1405, .T. ) ;
#662 = ORIENTED_EDGE ( 'NONE', *, *, #802, .F. ) ;
#663 = CARTESIAN_POINT ( 'NONE',  ( -1.364999999999999991, 16.63499999999999801, 0.6350000000000000089 ) ) ;
#664 = CARTESIAN_POINT ( 'NONE',  ( -1.364999999999998215, 1.364999999999999991, 0.3175000000000000044 ) ) ;
#665 = AXIS2_PLACEMENT_3D ( 'NONE', #1290, #1304, #204 ) ;
#666 = CARTESIAN_POINT ( 'NONE',  ( 0.000000000000000000, 0.000000000000000000, 0.000000000000000000 ) ) ;
#667 = VERTEX_POINT ( 'NONE', #432 ) ;
#668 = DIRECTION ( 'NONE',  ( 0.000000000000000000, 1.000000000000000000, 0.000000000000000000 ) ) ;
#669 = ORIENTED_EDGE ( 'NONE', *, *, #596, .T. ) ;
#670 = DIRECTION ( 'NONE',  ( 1.000000000000000000, 2.312964634635742957E-16, 0.000000000000000000 ) ) ;
#671 = AXIS2_PLACEMENT_3D ( 'NONE', #359, #122, #984 ) ;
#672 = CIRCLE ( 'NONE', #295, 0.3099999999999999978 ) ;
#673 = CARTESIAN_POINT ( 'NONE',  ( 1.364999999999999991, 1.364999999999998215, 0.3175000000000000044 ) ) ;
#674 = VECTOR ( 'NONE', #1340, 100.0000000000000000 ) ;
#675 = LINE ( 'NONE', #328, #688 ) ;
#676 = EDGE_CURVE ( 'NONE', #99, #91, #903, .T. ) ;
#677 = ORIENTED_EDGE ( 'NONE', *, *, #1166, .T. ) ;
#678 = DIRECTION ( 'NONE',  ( -1.000000000000000000, -6.816202263170164742E-17, 0.000000000000000000 ) ) ;
#679 = VERTEX_POINT ( 'NONE', #545 ) ;
#680 = DIRECTION ( 'NONE',  ( 1.000000000000000000, 0.000000000000000000, 0.000000000000000000 ) ) ;
#681 = DIRECTION ( 'NONE',  ( 4.818676322157798361E-16, 1.000000000000000000, 0.000000000000000000 ) ) ;
#682 = VERTEX_POINT ( 'NONE', #911 ) ;
#683 = CARTESIAN_POINT ( 'NONE',  ( -1.364999999999997549, -16.63499999999999801, 0.6350000000000000089 ) ) ;
#684 = ORIENTED_EDGE ( 'NONE', *, *, #1515, .T. ) ;
#685 = CARTESIAN_POINT ( 'NONE',  ( 2.000000000000000444, 1.500000000000000666, 0.6350000000000000089 ) ) ;
#686 = DIRECTION ( 'NONE',  ( -1.000000000000000000, -4.818676322157799347E-16, 0.000000000000000000 ) ) ;
#687 = DIRECTION ( 'NONE',  ( 0.000000000000000000, -1.000000000000000000, 0.000000000000000000 ) ) ;
#688 = VECTOR ( 'NONE', #1201, 100.0000000000000000 ) ;
#689 = VERTEX_POINT ( 'NONE', #789 ) ;
#690 = LINE ( 'NONE', #1329, #626 ) ;
#691 = VERTEX_POINT ( 'NONE', #918 ) ;
#692 = CARTESIAN_POINT ( 'NONE',  ( -1.500000000000000222, 2.000000000000000444, 0.3175000000000000044 ) ) ;
#693 = EDGE_CURVE ( 'NONE', #1112, #649, #314, .T. ) ;
#694 = AXIS2_PLACEMENT_3D ( 'NONE', #116, #1576, #609 ) ;
#695 = LINE ( 'NONE', #1191, #157 ) ;
#696 = VECTOR ( 'NONE', #840, 100.0000000000000000 ) ;
#697 = DIRECTION ( 'NONE',  ( 0.000000000000000000, -1.000000000000000000, 0.000000000000000000 ) ) ;
#698 = LINE ( 'NONE', #941, #1288 ) ;
#699 = ORIENTED_EDGE ( 'NONE', *, *, #1021, .T. ) ;
#700 = CARTESIAN_POINT ( 'NONE',  ( 1.364999999999999991, 1.364999999999998215, 0.6350000000000000089 ) ) ;
#701 = ORIENTED_EDGE ( 'NONE', *, *, #383, .T. ) ;
#702 = DIRECTION ( 'NONE',  ( 0.000000000000000000, 0.000000000000000000, 1.000000000000000000 ) ) ;
#703 = DIRECTION ( 'NONE',  ( 1.000000000000000000, 0.000000000000000000, 0.000000000000000000 ) ) ;
#704 = ADVANCED_FACE ( 'NONE', ( #1560 ), #199, .F. ) ;
#705 = CARTESIAN_POINT ( 'NONE',  ( -0.7679571668975720966, -1.200000000000000178, 0.1349999999999999534 ) ) ;
#706 = DIRECTION ( 'NONE',  ( -0.000000000000000000, 0.000000000000000000, 1.000000000000000000 ) ) ;
#707 = ORIENTED_EDGE ( 'NONE', *, *, #1241, .T. ) ;
#708 = CARTESIAN_POINT ( 'NONE',  ( -1.500000000000000222, 2.000000000000000444, 0.3175000000000000044 ) ) ;
#709 = EDGE_CURVE ( 'NONE', #1169, #94, #224, .T. ) ;
#710 = ORIENTED_EDGE ( 'NONE', *, *, #1396, .T. ) ;
#711 = DIRECTION ( 'NONE',  ( -0.000000000000000000, 0.000000000000000000, 1.000000000000000000 ) ) ;
#712 = EDGE_CURVE ( 'NONE', #449, #375, #838, .T. ) ;
#713 = LINE ( 'NONE', #1207, #137 ) ;
#714 = DIRECTION ( 'NONE',  ( 0.000000000000000000, -1.000000000000000000, 0.000000000000000000 ) ) ;
#715 = DIRECTION ( 'NONE',  ( 0.000000000000000000, -1.000000000000000000, 0.000000000000000000 ) ) ;
#716 = VECTOR ( 'NONE', #239, 100.0000000000000000 ) ;
#718 = EDGE_CURVE ( 'NONE', #417, #804, #461, .T. ) ;
#717 = ORIENTED_EDGE ( 'NONE', *, *, #550, .T. ) ;
#719 = CARTESIAN_POINT ( 'NONE',  ( -1.499999999999999334, -2.000000000000000888, 0.000000000000000000 ) ) ;
#720 = VECTOR ( 'NONE', #565, 100.0000000000000000 ) ;
#721 = FACE_OUTER_BOUND ( 'NONE', #496, .T. ) ;
#722 = CARTESIAN_POINT ( 'NONE',  ( 1.199999999999999956, 0.7679571668975723187, 0.1349999999999999534 ) ) ;
#723 = CARTESIAN_POINT ( 'NONE',  ( -1.999999999999999112, -1.364999999999997993, 0.3175000000000000044 ) ) ;
#724 = FACE_OUTER_BOUND ( 'NONE', #316, .T. ) ;
#725 = AXIS2_PLACEMENT_3D ( 'NONE', #1318, #247, #572 ) ;
#726 = AXIS2_PLACEMENT_3D ( 'NONE', #1242, #364, #746 ) ;
#727 = ORIENTED_EDGE ( 'NONE', *, *, #926, .F. ) ;
#728 = CARTESIAN_POINT ( 'NONE',  ( 1.500000000000000444, -1.999999999999999778, 0.3175000000000000044 ) ) ;
#729 = VECTOR ( 'NONE', #1027, 100.0000000000000000 ) ;
#730 = EDGE_CURVE ( 'NONE', #682, #912, #1204, .T. ) ;
#731 = ORIENTED_EDGE ( 'NONE', *, *, #349, .T. ) ;
#732 = DIRECTION ( 'NONE',  ( 1.000000000000000000, 2.385670792109557660E-16, 0.000000000000000000 ) ) ;
#733 = ORIENTED_EDGE ( 'NONE', *, *, #1166, .F. ) ;
#734 = FACE_OUTER_BOUND ( 'NONE', #927, .T. ) ;
#735 = CARTESIAN_POINT ( 'NONE',  ( 2.000000000000001776, 1.364999999999998437, 0.3175000000000000044 ) ) ;
#736 = ORIENTED_EDGE ( 'NONE', *, *, #712, .T. ) ;
#737 = DIRECTION ( 'NONE',  ( -0.000000000000000000, 0.000000000000000000, 1.000000000000000000 ) ) ;
#738 = ORIENTED_EDGE ( 'NONE', *, *, #414, .T. ) ;
#739 = LINE ( 'NONE', #864, #274 ) ;
#740 = ORIENTED_EDGE ( 'NONE', *, *, #1259, .T. ) ;
#741 = CARTESIAN_POINT ( 'NONE',  ( -16.63499999999999801, -1.364999999999999103, 0.6350000000000000089 ) ) ;
#742 = CARTESIAN_POINT ( 'NONE',  ( 1.199999999999999956, -0.7679571668975722076, 0.1349999999999999534 ) ) ;
#743 = ORIENTED_EDGE ( 'NONE', *, *, #15, .T. ) ;
#744 = CARTESIAN_POINT ( 'NONE',  ( -1.199999999999999956, -0.7679571668975725407, 0.1349999999999999534 ) ) ;
#745 = ORIENTED_EDGE ( 'NONE', *, *, #550, .F. ) ;
#746 = DIRECTION ( 'NONE',  ( -0.8660254037844361541, 0.5000000000000042188, 0.000000000000000000 ) ) ;
#747 = VECTOR ( 'NONE', #1148, 100.0000000000000000 ) ;
#748 = EDGE_CURVE ( 'NONE', #1399, #522, #354, .T. ) ;
#749 = DIRECTION ( 'NONE',  ( -0.5000000000000042188, -0.8660254037844361541, 0.000000000000000000 ) ) ;
#750 = DIRECTION ( 'NONE',  ( 0.000000000000000000, -1.000000000000000000, 0.000000000000000000 ) ) ;
#751 = ORIENTED_EDGE ( 'NONE', *, *, #284, .T. ) ;
#752 = VECTOR ( 'NONE', #616, 100.0000000000000000 ) ;
#753 = CARTESIAN_POINT ( 'NONE',  ( 1.365000000000002212, -1.365000000000000213, 0.3175000000000000044 ) ) ;
#754 = VECTOR ( 'NONE', #711, 100.0000000000000000 ) ;
#755 = ORIENTED_EDGE ( 'NONE', *, *, #844, .T. ) ;
#756 = SURFACE_STYLE_FILL_AREA ( #272 ) ;
#757 = VECTOR ( 'NONE', #1085, 100.0000000000000000 ) ;
#758 = DIRECTION ( 'NONE',  ( 4.818676322157798361E-16, 1.000000000000000000, 0.000000000000000000 ) ) ;
#759 = DIRECTION ( 'NONE',  ( 1.000000000000000000, 4.818676322157799347E-16, 0.000000000000000000 ) ) ;
#760 = EDGE_CURVE ( 'NONE', #1194, #606, #690, .T. ) ;
#761 = ORIENTED_EDGE ( 'NONE', *, *, #485, .F. ) ;
#762 = FACE_OUTER_BOUND ( 'NONE', #1476, .T. ) ;
#763 = ORIENTED_EDGE ( 'NONE', *, *, #894, .F. ) ;
#764 = DIRECTION ( 'NONE',  ( 0.000000000000000000, -1.000000000000000000, 0.000000000000000000 ) ) ;
#765 = ORIENTED_EDGE ( 'NONE', *, *, #1429, .F. ) ;
#766 = CARTESIAN_POINT ( 'NONE',  ( -0.4100000000000000311, 2.000000000000000444, 0.1349999999999999534 ) ) ;
#767 = CARTESIAN_POINT ( 'NONE',  ( 0.000000000000000000, 0.000000000000000000, 0.1349999999999999534 ) ) ;
#768 = ADVANCED_FACE ( 'NONE', ( #936 ), #331, .F. ) ;
#769 = ORIENTED_EDGE ( 'NONE', *, *, #950, .T. ) ;
#770 = ORIENTED_EDGE ( 'NONE', *, *, #1285, .F. ) ;
#771 = CARTESIAN_POINT ( 'NONE',  ( -1.820000000000000506, -0.4100000000000003086, 0.1349999999999999534 ) ) ;
#772 = DIRECTION ( 'NONE',  ( -0.5000000000000042188, -0.8660254037844362651, 0.000000000000000000 ) ) ;
#773 = ORIENTED_EDGE ( 'NONE', *, *, #865, .T. ) ;
#774 = LINE ( 'NONE', #553, #1216 ) ;
#775 = EDGE_CURVE ( 'NONE', #679, #968, #1177, .T. ) ;
#776 = VECTOR ( 'NONE', #174, 100.0000000000000142 ) ;
#777 = ORIENTED_EDGE ( 'NONE', *, *, #80, .T. ) ;
#778 = CARTESIAN_POINT ( 'NONE',  ( -2.000000000000000444, -0.4100000000000003642, 0.1349999999999999534 ) ) ;
#779 = EDGE_CURVE ( 'NONE', #689, #832, #84, .T. ) ;
#780 = PLANE ( 'NONE',  #990 ) ;
#781 = EDGE_CURVE ( 'NONE', #243, #510, #140, .T. ) ;
#782 = ORIENTED_EDGE ( 'NONE', *, *, #1450, .T. ) ;
#783 = LINE ( 'NONE', #1523, #1387 ) ;
#784 = ORIENTED_EDGE ( 'NONE', *, *, #760, .T. ) ;
#785 = FACE_OUTER_BOUND ( 'NONE', #345, .T. ) ;
#786 = DIRECTION ( 'NONE',  ( 0.8660254037844362651, 0.5000000000000042188, 0.000000000000000000 ) ) ;
#787 = CARTESIAN_POINT ( 'NONE',  ( 2.000000000000001776, 1.364999999999998437, 0.6350000000000000089 ) ) ;
#788 = VERTEX_POINT ( 'NONE', #719 ) ;
#789 = CARTESIAN_POINT ( 'NONE',  ( 1.500000000000000666, -2.000000000000000000, 0.000000000000000000 ) ) ;
#790 = VERTEX_POINT ( 'NONE', #1570 ) ;
#791 = CARTESIAN_POINT ( 'NONE',  ( 1.499999999999999778, 2.000000000000000444, 0.3175000000000000044 ) ) ;
#792 = LINE ( 'NONE', #1310, #845 ) ;
#793 = VECTOR ( 'NONE', #1132, 100.0000000000000000 ) ;
#794 = ADVANCED_FACE ( 'NONE', ( #471 ), #69, .F. ) ;
#795 = PLANE ( 'NONE',  #665 ) ;
#796 = CARTESIAN_POINT ( 'NONE',  ( -1.820000000000000506, -0.4100000000000003086, 0.6350000000000000089 ) ) ;
#797 = ORIENTED_EDGE ( 'NONE', *, *, #661, .T. ) ;
#798 = CARTESIAN_POINT ( 'NONE',  ( -0.7679571668975720966, -1.200000000000000178, 0.1349999999999999534 ) ) ;
#799 = AXIS2_PLACEMENT_3D ( 'NONE', #1346, #1567, #477 ) ;
#800 =( NAMED_UNIT ( * ) SI_UNIT ( $, .STERADIAN. ) SOLID_ANGLE_UNIT ( ) );
#801 = VECTOR ( 'NONE', #568, 100.0000000000000000 ) ;
#802 = EDGE_CURVE ( 'NONE', #417, #449, #576, .T. ) ;
#803 = LINE ( 'NONE', #74, #339 ) ;
#804 = VERTEX_POINT ( 'NONE', #1060 ) ;
#805 = DIRECTION ( 'NONE',  ( -0.5000000000000042188, 0.8660254037844362651, -0.000000000000000000 ) ) ;
#806 = ORIENTED_EDGE ( 'NONE', *, *, #1575, .F. ) ;
#807 = CARTESIAN_POINT ( 'NONE',  ( 1.500000000000000666, -2.000000000000000000, 0.000000000000000000 ) ) ;
#808 = CARTESIAN_POINT ( 'NONE',  ( -16.63499999999999801, 1.364999999999996438, 0.6350000000000000089 ) ) ;
#809 = DIRECTION ( 'NONE',  ( -0.5000000000000042188, 0.8660254037844361541, 0.000000000000000000 ) ) ;
#810 = ORIENTED_EDGE ( 'NONE', *, *, #878, .F. ) ;
#811 = DIRECTION ( 'NONE',  ( 4.818676322157799347E-16, 1.000000000000000000, 0.000000000000000000 ) ) ;
#812 = EDGE_CURVE ( 'NONE', #1050, #381, #1186, .T. ) ;
#813 = ORIENTED_EDGE ( 'NONE', *, *, #1398, .F. ) ;
#814 = DIRECTION ( 'NONE',  ( -1.000000000000000000, -2.312964634635742957E-16, 0.000000000000000000 ) ) ;
#815 = CARTESIAN_POINT ( 'NONE',  ( 1.364999999999999991, 2.000000000000001776, 0.6350000000000000089 ) ) ;
#816 = DIRECTION ( 'NONE',  ( -2.258880508902365962E-16, 1.000000000000000000, 0.000000000000000000 ) ) ;
#817 = CARTESIAN_POINT ( 'NONE',  ( 1.199999999999999956, -0.7679571668975722076, 0.6350000000000000089 ) ) ;
#818 = AXIS2_PLACEMENT_3D ( 'NONE', #1327, #229, #715 ) ;
#819 = VECTOR ( 'NONE', #686, 100.0000000000000000 ) ;
#820 = VERTEX_POINT ( 'NONE', #448 ) ;
#821 = ORIENTED_EDGE ( 'NONE', *, *, #775, .F. ) ;
#822 = CARTESIAN_POINT ( 'NONE',  ( 0.000000000000000000, 0.000000000000000000, 0.000000000000000000 ) ) ;
#823 = EDGE_CURVE ( 'NONE', #1299, #1399, #944, .T. ) ;
#824 = SHAPE_DEFINITION_REPRESENTATION ( #940, #559 ) ;
#825 = VECTOR ( 'NONE', #1096, 100.0000000000000000 ) ;
#826 = VERTEX_POINT ( 'NONE', #700 ) ;
#827 = FACE_OUTER_BOUND ( 'NONE', #591, .T. ) ;
#828 = EDGE_CURVE ( 'NONE', #101, #691, #1195, .T. ) ;
#829 = ORIENTED_EDGE ( 'NONE', *, *, #366, .T. ) ;
#830 = DIRECTION ( 'NONE',  ( -1.817653936845376936E-16, 1.000000000000000000, 0.000000000000000000 ) ) ;
#831 = ADVANCED_FACE ( 'NONE', ( #1102 ), #258, .T. ) ;
#832 = VERTEX_POINT ( 'NONE', #728 ) ;
#833 = LINE ( 'NONE', #1064, #881 ) ;
#834 = DIRECTION ( 'NONE',  ( 0.000000000000000000, 0.000000000000000000, 1.000000000000000000 ) ) ;
#835 = EDGE_CURVE ( 'NONE', #1005, #682, #619, .T. ) ;
#836 = DIRECTION ( 'NONE',  ( 0.000000000000000000, 0.000000000000000000, -1.000000000000000000 ) ) ;
#837 = ORIENTED_EDGE ( 'NONE', *, *, #1272, .T. ) ;
#838 = LINE ( 'NONE', #100, #1367 ) ;
#839 = ORIENTED_EDGE ( 'NONE', *, *, #812, .F. ) ;
#840 = DIRECTION ( 'NONE',  ( 0.5000000000000045519, -0.8660254037844360431, 0.000000000000000000 ) ) ;
#841 = CARTESIAN_POINT ( 'NONE',  ( 0.4100000000000003086, -2.000000000000000444, 0.6350000000000000089 ) ) ;
#842 = DIRECTION ( 'NONE',  ( -1.000000000000000000, -3.067291018426574134E-16, 0.000000000000000000 ) ) ;
#843 = CARTESIAN_POINT ( 'NONE',  ( 16.63499999999999801, 1.365000000000001101, 0.3175000000000000044 ) ) ;
#844 = EDGE_CURVE ( 'NONE', #515, #1112, #362, .T. ) ;
#845 = VECTOR ( 'NONE', #703, 100.0000000000000000 ) ;
#846 = VERTEX_POINT ( 'NONE', #514 ) ;
#847 = CARTESIAN_POINT ( 'NONE',  ( 3.796405077356794548E-17, 0.3099999999999999978, 0.6350000000000000089 ) ) ;
#848 = EDGE_LOOP ( 'NONE', ( #1434, #618, #447, #389, #1393, #1123, #307, #731, #1070, #488, #1401, #773 ) ) ;
#849 = FACE_OUTER_BOUND ( 'NONE', #396, .T. ) ;
#850 = EDGE_LOOP ( 'NONE', ( #1385, #473 ) ) ;
#851 = VECTOR ( 'NONE', #1002, 100.0000000000000000 ) ;
#852 = DIRECTION ( 'NONE',  ( -2.312964634635742957E-16, 1.000000000000000000, 0.000000000000000000 ) ) ;
#853 = DIRECTION ( 'NONE',  ( 0.000000000000000000, 0.000000000000000000, -1.000000000000000000 ) ) ;
#854 = VECTOR ( 'NONE', #732, 100.0000000000000000 ) ;
#855 = VECTOR ( 'NONE', #1350, 100.0000000000000000 ) ;
#856 = ORIENTED_EDGE ( 'NONE', *, *, #1233, .T. ) ;
#857 = CARTESIAN_POINT ( 'NONE',  ( 2.000000000000000444, -1.499999999999999778, 0.000000000000000000 ) ) ;
#858 = VERTEX_POINT ( 'NONE', #145 ) ;
#859 = DIRECTION ( 'NONE',  ( -0.000000000000000000, 0.000000000000000000, 1.000000000000000000 ) ) ;
#860 = LINE ( 'NONE', #107, #899 ) ;
#861 = ORIENTED_EDGE ( 'NONE', *, *, #1272, .F. ) ;
#862 = LINE ( 'NONE', #373, #855 ) ;
#863 = ORIENTED_EDGE ( 'NONE', *, *, #268, .F. ) ;
#864 = CARTESIAN_POINT ( 'NONE',  ( 1.499999999999999778, 2.000000000000000444, 0.000000000000000000 ) ) ;
#865 = EDGE_CURVE ( 'NONE', #1129, #510, #862, .T. ) ;
#866 = CARTESIAN_POINT ( 'NONE',  ( -2.000000000000000000, -1.500000000000000888, 0.3175000000000000044 ) ) ;
#867 = DIRECTION ( 'NONE',  ( -4.818676322157798361E-16, 1.000000000000000000, 0.000000000000000000 ) ) ;
#868 = EDGE_LOOP ( 'NONE', ( #910, #1283, #1163, #896 ) ) ;
#869 = DIRECTION ( 'NONE',  ( -0.8660254037844360431, -0.5000000000000045519, 0.000000000000000000 ) ) ;
#870 = ORIENTED_EDGE ( 'NONE', *, *, #525, .F. ) ;
#871 = DIRECTION ( 'NONE',  ( -0.000000000000000000, 0.000000000000000000, 1.000000000000000000 ) ) ;
#872 = VECTOR ( 'NONE', #296, 100.0000000000000000 ) ;
#873 = EDGE_CURVE ( 'NONE', #470, #48, #604, .T. ) ;
#874 = ORIENTED_EDGE ( 'NONE', *, *, #366, .F. ) ;
#875 = FACE_OUTER_BOUND ( 'NONE', #624, .T. ) ;
#876 = PLANE ( 'NONE',  #541 ) ;
#877 = ORIENTED_EDGE ( 'NONE', *, *, #435, .T. ) ;
#878 = EDGE_CURVE ( 'NONE', #42, #470, #1588, .T. ) ;
#879 = VECTOR ( 'NONE', #670, 100.0000000000000000 ) ;
#880 = CARTESIAN_POINT ( 'NONE',  ( 1.820000000000000506, -0.4099999999999998646, 0.1349999999999999534 ) ) ;
#881 = VECTOR ( 'NONE', #333, 100.0000000000000000 ) ;
#882 = VERTEX_POINT ( 'NONE', #753 ) ;
#883 = EDGE_CURVE ( 'NONE', #1572, #826, #1356, .T. ) ;
#884 = LINE ( 'NONE', #1111, #930 ) ;
#885 = VECTOR ( 'NONE', #869, 100.0000000000000000 ) ;
#886 = VERTEX_POINT ( 'NONE', #857 ) ;
#887 = PLANE ( 'NONE',  #1563 ) ;
#888 = EDGE_CURVE ( 'NONE', #804, #126, #1230, .T. ) ;
#889 = DIRECTION ( 'NONE',  ( -0.000000000000000000, 0.000000000000000000, 1.000000000000000000 ) ) ;
#890 = ORIENTED_EDGE ( 'NONE', *, *, #309, .T. ) ;
#891 = PLANE ( 'NONE',  #1344 ) ;
#892 = ORIENTED_EDGE ( 'NONE', *, *, #380, .T. ) ;
#893 = CARTESIAN_POINT ( 'NONE',  ( -0.4099999999999997535, -2.000000000000000444, 0.6350000000000000089 ) ) ;
#894 = EDGE_CURVE ( 'NONE', #48, #634, #1109, .T. ) ;
#895 = DIRECTION ( 'NONE',  ( -2.258880508902365962E-16, 1.000000000000000000, -0.000000000000000000 ) ) ;
#896 = ORIENTED_EDGE ( 'NONE', *, *, #525, .T. ) ;
#897 = PLANE ( 'NONE',  #986 ) ;
#898 = ORIENTED_EDGE ( 'NONE', *, *, #1317, .F. ) ;
#899 = VECTOR ( 'NONE', #1092, 100.0000000000000000 ) ;
#900 = CARTESIAN_POINT ( 'NONE',  ( 0.000000000000000000, 0.000000000000000000, 0.1349999999999999534 ) ) ;
#901 = DIRECTION ( 'NONE',  ( 0.000000000000000000, 1.000000000000000000, 0.000000000000000000 ) ) ;
#902 = ORIENTED_EDGE ( 'NONE', *, *, #645, .T. ) ;
#903 = LINE ( 'NONE', #1152, #1246 ) ;
#904 = VECTOR ( 'NONE', #182, 100.0000000000000000 ) ;
#905 = ORIENTED_EDGE ( 'NONE', *, *, #781, .F. ) ;
#906 = VECTOR ( 'NONE', #498, 100.0000000000000000 ) ;
#907 = LINE ( 'NONE', #1295, #398 ) ;
#908 = CARTESIAN_POINT ( 'NONE',  ( 1.820000000000000506, -0.4099999999999998646, 0.6350000000000000089 ) ) ;
#909 = DIRECTION ( 'NONE',  ( 0.000000000000000000, -1.000000000000000000, 0.000000000000000000 ) ) ;
#910 = ORIENTED_EDGE ( 'NONE', *, *, #1180, .T. ) ;
#911 = CARTESIAN_POINT ( 'NONE',  ( -1.820000000000000506, -0.4100000000000003086, 0.1349999999999999534 ) ) ;
#912 = VERTEX_POINT ( 'NONE', #744 ) ;
#913 = PLANE ( 'NONE',  #983 ) ;
#914 = EDGE_CURVE ( 'NONE', #826, #1036, #613, .T. ) ;
#915 = CARTESIAN_POINT ( 'NONE',  ( 1.199999999999999956, 0.7679571668975723187, 0.1349999999999999534 ) ) ;
#916 = DIRECTION ( 'NONE',  ( 0.000000000000000000, -1.000000000000000000, 0.000000000000000000 ) ) ;
#917 = ORIENTED_EDGE ( 'NONE', *, *, #542, .F. ) ;
#918 = CARTESIAN_POINT ( 'NONE',  ( -2.000000000000000444, 0.4099999999999996980, 0.6350000000000000089 ) ) ;
#919 = ORIENTED_EDGE ( 'NONE', *, *, #596, .F. ) ;
#920 = LINE ( 'NONE', #1525, #186 ) ;
#921 = EDGE_CURVE ( 'NONE', #305, #858, #379, .T. ) ;
#922 = AXIS2_PLACEMENT_3D ( 'NONE', #1486, #1395, #393 ) ;
#923 = DIRECTION ( 'NONE',  ( 0.5000000000000043299, -0.8660254037844362651, 0.000000000000000000 ) ) ;
#924 = ORIENTED_EDGE ( 'NONE', *, *, #195, .T. ) ;
#925 = DIRECTION ( 'NONE',  ( 1.000000000000000000, -4.818676322157799347E-16, 0.000000000000000000 ) ) ;
#926 = EDGE_CURVE ( 'NONE', #146, #790, #1239, .T. ) ;
#927 = EDGE_LOOP ( 'NONE', ( #656, #415, #917, #279, #861, #763, #1213, #810, #1493, #1513, #54, #1404, #745, #219, #919, #955, #935, #1360, #821, #162, #1376, #761, #577, #144, #963, #874, #1338, #839, #1028, #476, #1120, #433, #1261, #560, #267, #205 ) ) ;
#928 = DIRECTION ( 'NONE',  ( 0.000000000000000000, -1.000000000000000000, 0.000000000000000000 ) ) ;
#929 = AXIS2_PLACEMENT_3D ( 'NONE', #1252, #392, #1031 ) ;
#930 = VECTOR ( 'NONE', #8, 100.0000000000000000 ) ;
#931 = APPLICATION_PROTOCOL_DEFINITION ( 'draft international standard', 'automotive_design', 1998, #22 ) ;
#932 = AXIS2_PLACEMENT_3D ( 'NONE', #1223, #50, #909 ) ;
#933 = FACE_OUTER_BOUND ( 'NONE', #425, .T. ) ;
#934 = ADVANCED_FACE ( 'NONE', ( #1128 ), #1212, .F. ) ;
#935 = ORIENTED_EDGE ( 'NONE', *, *, #1254, .F. ) ;
#936 = FACE_OUTER_BOUND ( 'NONE', #1307, .T. ) ;
#937 = ORIENTED_EDGE ( 'NONE', *, *, #187, .T. ) ;
#938 = LINE ( 'NONE', #946, #499 ) ;
#939 = LINE ( 'NONE', #841, #441 ) ;
#940 = PRODUCT_DEFINITION_SHAPE ( 'NONE', 'NONE',  #947 ) ;
#941 = CARTESIAN_POINT ( 'NONE',  ( 0.4100000000000001976, -1.820000000000000506, 0.6350000000000000089 ) ) ;
#942 = EDGE_CURVE ( 'NONE', #515, #820, #16, .T. ) ;
#943 = EDGE_LOOP ( 'NONE', ( #1093, #517, #701, #585 ) ) ;
#944 = LINE ( 'NONE', #1428, #961 ) ;
#945 = ORIENTED_EDGE ( 'NONE', *, *, #516, .T. ) ;
#946 = CARTESIAN_POINT ( 'NONE',  ( -2.000000000000000888, 1.364999999999999991, 0.000000000000000000 ) ) ;
#947 = PRODUCT_DEFINITION ( 'UNKNOWN', '', #236, #62 ) ;
#948 = CARTESIAN_POINT ( 'NONE',  ( 0.000000000000000000, 0.000000000000000000, 0.000000000000000000 ) ) ;
#949 = DIRECTION ( 'NONE',  ( -0.000000000000000000, 0.000000000000000000, 1.000000000000000000 ) ) ;
#950 = EDGE_CURVE ( 'NONE', #1561, #971, #1480, .T. ) ;
#951 = PLANE ( 'NONE',  #492 ) ;
#952 = VECTOR ( 'NONE', #750, 100.0000000000000000 ) ;
#953 = VERTEX_POINT ( 'NONE', #1249 ) ;
#954 = DIRECTION ( 'NONE',  ( -0.8660254037844362651, 0.5000000000000042188, 0.000000000000000000 ) ) ;
#955 = ORIENTED_EDGE ( 'NONE', *, *, #1450, .F. ) ;
#956 = CARTESIAN_POINT ( 'NONE',  ( 1.365000000000002212, -1.365000000000000213, 0.6350000000000000089 ) ) ;
#957 = VECTOR ( 'NONE', #117, 100.0000000000000000 ) ;
#958 = CIRCLE ( 'NONE', #139, 0.3099999999999999978 ) ;
#959 = PLANE ( 'NONE',  #497 ) ;
#960 = FACE_BOUND ( 'NONE', #850, .T. ) ;
#961 = VECTOR ( 'NONE', #338, 100.0000000000000000 ) ;
#962 = LINE ( 'NONE', #1539, #77 ) ;
#963 = ORIENTED_EDGE ( 'NONE', *, *, #61, .F. ) ;
#964 = CARTESIAN_POINT ( 'NONE',  ( 0.000000000000000000, 0.000000000000000000, 0.3175000000000000044 ) ) ;
#965 = ORIENTED_EDGE ( 'NONE', *, *, #435, .F. ) ;
#966 = DIRECTION ( 'NONE',  ( -1.000000000000000000, -2.312964634635742957E-16, 0.000000000000000000 ) ) ;
#967 = EDGE_CURVE ( 'NONE', #1581, #968, #633, .T. ) ;
#968 = VERTEX_POINT ( 'NONE', #972 ) ;
#969 = LINE ( 'NONE', #368, #318 ) ;
#970 = CARTESIAN_POINT ( 'NONE',  ( -2.000000000000000888, 1.499999999999999112, 0.3175000000000000044 ) ) ;
#971 = VERTEX_POINT ( 'NONE', #1458 ) ;
#972 = CARTESIAN_POINT ( 'NONE',  ( -1.365000000000000213, -1.364999999999997993, 0.6350000000000000089 ) ) ;
#973 = VERTEX_POINT ( 'NONE', #847 ) ;
#974 = CARTESIAN_POINT ( 'NONE',  ( 1.199999999999999956, -0.7679571668975722076, 0.1349999999999999534 ) ) ;
#975 = LINE ( 'NONE', #466, #601 ) ;
#976 = LINE ( 'NONE', #1477, #35 ) ;
#977 = DIRECTION ( 'NONE',  ( -1.000000000000000000, -4.818676322157798361E-16, 0.000000000000000000 ) ) ;
#978 = VECTOR ( 'NONE', #1366, 100.0000000000000000 ) ;
#979 = VERTEX_POINT ( 'NONE', #242 ) ;
#980 = DIRECTION ( 'NONE',  ( 1.000000000000000000, 1.931257307898213426E-16, 0.000000000000000000 ) ) ;
#981 = ORIENTED_EDGE ( 'NONE', *, *, #1516, .F. ) ;
#982 = FILL_AREA_STYLE_COLOUR ( '', #344 ) ;
#983 = AXIS2_PLACEMENT_3D ( 'NONE', #556, #276, #758 ) ;
#984 = DIRECTION ( 'NONE',  ( 0.5000000000000039968, 0.8660254037844362651, 0.000000000000000000 ) ) ;
#985 = CARTESIAN_POINT ( 'NONE',  ( -2.000000000000000000, -1.500000000000000888, 0.6350000000000000089 ) ) ;
#986 = AXIS2_PLACEMENT_3D ( 'NONE', #1501, #1276, #406 ) ;
#988 = EDGE_CURVE ( 'NONE', #689, #886, #650, .T. ) ;
#987 = EDGE_LOOP ( 'NONE', ( #1448, #201, #33, #233, #1172, #738, #409, #1472, #1234, #500, #1314, #1355 ) ) ;
#989 = CARTESIAN_POINT ( 'NONE',  ( -1.500000000000000222, 2.000000000000000444, 0.6350000000000000089 ) ) ;
#990 = AXIS2_PLACEMENT_3D ( 'NONE', #767, #646, #901 ) ;
#991 = ORIENTED_EDGE ( 'NONE', *, *, #1124, .T. ) ;
#992 = DIRECTION ( 'NONE',  ( -0.8660254037844360431, -0.5000000000000045519, 0.000000000000000000 ) ) ;
#993 = ORIENTED_EDGE ( 'NONE', *, *, #563, .T. ) ;
#994 = DIRECTION ( 'NONE',  ( -1.000000000000000000, 0.000000000000000000, 0.000000000000000000 ) ) ;
#995 = CARTESIAN_POINT ( 'NONE',  ( 0.4100000000000001976, -1.820000000000000506, 0.1349999999999999534 ) ) ;
#996 = EDGE_LOOP ( 'NONE', ( #83, #170 ) ) ;
#997 = CARTESIAN_POINT ( 'NONE',  ( 2.000000000000000444, -0.4099999999999999201, 0.1349999999999999534 ) ) ;
#998 = EDGE_CURVE ( 'NONE', #387, #1248, #291, .T. ) ;
#999 = VERTEX_POINT ( 'NONE', #1403 ) ;
#1000 = CARTESIAN_POINT ( 'NONE',  ( -1.364999999999999991, -2.000000000000001776, 0.3175000000000000044 ) ) ;
#1001 = EDGE_CURVE ( 'NONE', #1251, #973, #1140, .T. ) ;
#1002 = DIRECTION ( 'NONE',  ( -1.000000000000000000, 0.000000000000000000, 0.000000000000000000 ) ) ;
#1003 = LINE ( 'NONE', #664, #462 ) ;
#1004 = EDGE_CURVE ( 'NONE', #912, #1561, #172, .T. ) ;
#1005 = VERTEX_POINT ( 'NONE', #1267 ) ;
#1006 = CARTESIAN_POINT ( 'NONE',  ( 0.000000000000000000, 0.000000000000000000, 0.1349999999999999534 ) ) ;
#1007 = VECTOR ( 'NONE', #1022, 100.0000000000000000 ) ;
#1008 = ORIENTED_EDGE ( 'NONE', *, *, #481, .T. ) ;
#1009 = LINE ( 'NONE', #18, #1089 ) ;
#1010 = VECTOR ( 'NONE', #1446, 100.0000000000000000 ) ;
#1011 =( GEOMETRIC_REPRESENTATION_CONTEXT ( 3 ) GLOBAL_UNCERTAINTY_ASSIGNED_CONTEXT ( ( #1184 ) ) GLOBAL_UNIT_ASSIGNED_CONTEXT ( ( #210, #1296, #800 ) ) REPRESENTATION_CONTEXT ( 'NONE', 'WORKASPACE' ) );
#1012 = ORIENTED_EDGE ( 'NONE', *, *, #1124, .F. ) ;
#1013 = EDGE_CURVE ( 'NONE', #1087, #1293, #1498, .T. ) ;
#1014 = CARTESIAN_POINT ( 'NONE',  ( 0.000000000000000000, -0.3099999999999999978, 0.6350000000000000089 ) ) ;
#1015 = AXIS2_PLACEMENT_3D ( 'NONE', #505, #842, #599 ) ;
#1016 = CARTESIAN_POINT ( 'NONE',  ( -1.500000000000000222, 2.000000000000000444, 0.000000000000000000 ) ) ;
#1017 = VECTOR ( 'NONE', #1323, 100.0000000000000000 ) ;
#1018 = ORIENTED_EDGE ( 'NONE', *, *, #718, .T. ) ;
#1019 = DIRECTION ( 'NONE',  ( 1.000000000000000000, 2.312964634635742957E-16, 0.000000000000000000 ) ) ;
#1020 = AXIS2_PLACEMENT_3D ( 'NONE', #666, #1397, #543 ) ;
#1021 = EDGE_CURVE ( 'NONE', #46, #355, #1144, .T. ) ;
#1022 = DIRECTION ( 'NONE',  ( -1.000000000000000000, -2.312964634635742957E-16, 0.000000000000000000 ) ) ;
#1023 = CARTESIAN_POINT ( 'NONE',  ( 3.796405077356794548E-17, 0.3099999999999999978, 0.000000000000000000 ) ) ;
#1024 = EDGE_LOOP ( 'NONE', ( #546, #78, #662, #1018 ) ) ;
#1025 = VERTEX_POINT ( 'NONE', #39 ) ;
#1026 = DIRECTION ( 'NONE',  ( -0.000000000000000000, 0.000000000000000000, 1.000000000000000000 ) ) ;
#1027 = DIRECTION ( 'NONE',  ( -1.000000000000000000, -6.816202263170164742E-17, 0.000000000000000000 ) ) ;
#1028 = ORIENTED_EDGE ( 'NONE', *, *, #1558, .F. ) ;
#1029 = CARTESIAN_POINT ( 'NONE',  ( 2.000000000000001776, -1.365000000000000213, 0.3175000000000000044 ) ) ;
#1030 = ORIENTED_EDGE ( 'NONE', *, *, #357, .F. ) ;
#1031 = DIRECTION ( 'NONE',  ( 0.000000000000000000, 1.000000000000000000, 0.000000000000000000 ) ) ;
#1032 = VECTOR ( 'NONE', #277, 100.0000000000000142 ) ;
#1033 = CARTESIAN_POINT ( 'NONE',  ( -0.7679571668975720966, -1.200000000000000178, 0.1349999999999999534 ) ) ;
#1034 = FACE_OUTER_BOUND ( 'NONE', #1444, .T. ) ;
#1035 = ADVANCED_FACE ( 'NONE', ( #45 ), #1258, .F. ) ;
#1036 = VERTEX_POINT ( 'NONE', #787 ) ;
#1037 = VECTOR ( 'NONE', #992, 100.0000000000000000 ) ;
#1038 = ORIENTED_EDGE ( 'NONE', *, *, #1564, .T. ) ;
#1039 = AXIS2_PLACEMENT_3D ( 'NONE', #1051, #1534, #438 ) ;
#1040 = FACE_OUTER_BOUND ( 'NONE', #10, .T. ) ;
#1041 = LINE ( 'NONE', #429, #729 ) ;
#1042 = ORIENTED_EDGE ( 'NONE', *, *, #1492, .F. ) ;
#1043 = CARTESIAN_POINT ( 'NONE',  ( -16.63499999999999801, -1.364999999999999103, 0.3175000000000000044 ) ) ;
#1044 = EDGE_CURVE ( 'NONE', #1052, #1251, #1268, .T. ) ;
#1045 = ORIENTED_EDGE ( 'NONE', *, *, #34, .F. ) ;
#1046 = LINE ( 'NONE', #151, #851 ) ;
#1047 = EDGE_CURVE ( 'NONE', #257, #561, #1527, .T. ) ;
#1048 = DIRECTION ( 'NONE',  ( 4.818676322157799347E-16, -1.000000000000000000, 0.000000000000000000 ) ) ;
#1049 = ADVANCED_FACE ( 'NONE', ( #32 ), #408, .F. ) ;
#1050 = VERTEX_POINT ( 'NONE', #638 ) ;
#1051 = CARTESIAN_POINT ( 'NONE',  ( 2.000000000000000444, -0.4099999999999999201, 0.1349999999999999534 ) ) ;
#1052 = VERTEX_POINT ( 'NONE', #404 ) ;
#1053 = CARTESIAN_POINT ( 'NONE',  ( 1.365000000000002212, -16.63499999999999801, 0.6350000000000000089 ) ) ;
#1054 = VECTOR ( 'NONE', #759, 100.0000000000000000 ) ;
#1055 = ADVANCED_FACE ( 'NONE', ( #297, #1034 ), #1380, .F. ) ;
#1056 = DIRECTION ( 'NONE',  ( 1.000000000000000000, 2.385670792109557660E-16, 0.000000000000000000 ) ) ;
#1057 = CARTESIAN_POINT ( 'NONE',  ( -2.000000000000000444, -0.4100000000000003642, 0.6350000000000000089 ) ) ;
#1058 = UNCERTAINTY_MEASURE_WITH_UNIT (LENGTH_MEASURE( 1.000000000000000082E-05 ), #635, 'distance_accuracy_value', 'NONE');
#1059 = VERTEX_POINT ( 'NONE', #59 ) ;
#1060 = CARTESIAN_POINT ( 'NONE',  ( 0.7679571668975722076, 1.199999999999999956, 0.6350000000000000089 ) ) ;
#1061 = PRODUCT ( 'vertex_62', 'vertex_62', '', ( #196 ) ) ;
#1062 = VECTOR ( 'NONE', #928, 100.0000000000000000 ) ;
#1063 = ORIENTED_EDGE ( 'NONE', *, *, #1157, .F. ) ;
#1064 = CARTESIAN_POINT ( 'NONE',  ( -1.820000000000000506, 0.4099999999999995870, 0.1349999999999999534 ) ) ;
#1065 = VECTOR ( 'NONE', #382, 100.0000000000000000 ) ;
#1066 = CARTESIAN_POINT ( 'NONE',  ( -1.200000000000000178, 0.7679571668975719856, 0.1349999999999999534 ) ) ;
#1067 = ADVANCED_FACE ( 'NONE', ( #762 ), #1520, .F. ) ;
#1068 = DIRECTION ( 'NONE',  ( -1.000000000000000000, 4.818676322157799347E-16, -0.000000000000000000 ) ) ;
#1069 = CARTESIAN_POINT ( 'NONE',  ( 1.820000000000000506, -0.4099999999999998646, 0.1349999999999999534 ) ) ;
#1070 = ORIENTED_EDGE ( 'NONE', *, *, #760, .F. ) ;
#1071 = DIRECTION ( 'NONE',  ( 0.000000000000000000, 0.000000000000000000, -1.000000000000000000 ) ) ;
#1072 = VERTEX_POINT ( 'NONE', #1150 ) ;
#1073 = LINE ( 'NONE', #685, #1574 ) ;
#1074 = FACE_OUTER_BOUND ( 'NONE', #943, .T. ) ;
#1075 = DIRECTION ( 'NONE',  ( 0.000000000000000000, 0.000000000000000000, 1.000000000000000000 ) ) ;
#1076 = ORIENTED_EDGE ( 'NONE', *, *, #424, .F. ) ;
#1077 = DIRECTION ( 'NONE',  ( 1.000000000000000000, 0.000000000000000000, 0.000000000000000000 ) ) ;
#1078 = EDGE_LOOP ( 'NONE', ( #569, #743, #1012, #544 ) ) ;
#1079 = DIRECTION ( 'NONE',  ( 0.000000000000000000, 0.000000000000000000, 1.000000000000000000 ) ) ;
#1080 = CARTESIAN_POINT ( 'NONE',  ( 0.000000000000000000, 0.000000000000000000, 0.3175000000000000044 ) ) ;
#1081 = FACE_OUTER_BOUND ( 'NONE', #65, .T. ) ;
#1082 = FACE_OUTER_BOUND ( 'NONE', #270, .T. ) ;
#1083 = AXIS2_PLACEMENT_3D ( 'NONE', #1568, #1075, #687 ) ;
#1084 = ORIENTED_EDGE ( 'NONE', *, *, #1218, .T. ) ;
#1085 = DIRECTION ( 'NONE',  ( -0.000000000000000000, 0.000000000000000000, 1.000000000000000000 ) ) ;
#1086 = EDGE_CURVE ( 'NONE', #1581, #146, #1041, .T. ) ;
#1087 = VERTEX_POINT ( 'NONE', #653 ) ;
#1088 = LINE ( 'NONE', #356, #696 ) ;
#1089 = VECTOR ( 'NONE', #1363, 100.0000000000000000 ) ;
#1090 = FACE_OUTER_BOUND ( 'NONE', #1269, .T. ) ;
#1091 = CARTESIAN_POINT ( 'NONE',  ( -1.364999999999998215, 1.364999999999999991, 0.6350000000000000089 ) ) ;
#1092 = DIRECTION ( 'NONE',  ( -1.000000000000000000, 4.818676322157799347E-16, -0.000000000000000000 ) ) ;
#1093 = ORIENTED_EDGE ( 'NONE', *, *, #463, .F. ) ;
#1094 = DIRECTION ( 'NONE',  ( 0.000000000000000000, -1.000000000000000000, 0.000000000000000000 ) ) ;
#1095 = ORIENTED_EDGE ( 'NONE', *, *, #1097, .F. ) ;
#1096 = DIRECTION ( 'NONE',  ( -0.000000000000000000, 0.000000000000000000, 1.000000000000000000 ) ) ;
#1097 = EDGE_CURVE ( 'NONE', #1025, #1293, #1509, .T. ) ;
#1098 = CARTESIAN_POINT ( 'NONE',  ( -1.364999999999998215, 2.000000000000000444, 0.3175000000000000044 ) ) ;
#1099 = DIRECTION ( 'NONE',  ( 0.5000000000000045519, -0.8660254037844360431, 0.000000000000000000 ) ) ;
#1100 = DIRECTION ( 'NONE',  ( 0.000000000000000000, 1.000000000000000000, 0.000000000000000000 ) ) ;
#1101 = ORIENTED_EDGE ( 'NONE', *, *, #302, .T. ) ;
#1102 = FACE_OUTER_BOUND ( 'NONE', #539, .T. ) ;
#1103 = PLANE ( 'NONE',  #444 ) ;
#1104 = ADVANCED_FACE ( 'NONE', ( #285 ), #780, .F. ) ;
#1105 = CARTESIAN_POINT ( 'NONE',  ( 0.4099999999999999201, 1.820000000000000506, 0.6350000000000000089 ) ) ;
#1106 = LINE ( 'NONE', #1578, #1487 ) ;
#1107 = CIRCLE ( 'NONE', #1083, 2.500000000000000000 ) ;
#1108 = ORIENTED_EDGE ( 'NONE', *, *, #43, .T. ) ;
#1109 = LINE ( 'NONE', #6, #472 ) ;
#1110 = ORIENTED_EDGE ( 'NONE', *, *, #43, .F. ) ;
#1111 = CARTESIAN_POINT ( 'NONE',  ( -0.4099999999999999201, 1.820000000000000506, 0.1349999999999999534 ) ) ;
#1112 = VERTEX_POINT ( 'NONE', #1419 ) ;
#1113 = CIRCLE ( 'NONE', #273, 2.500000000000000000 ) ;
#1114 = PLANE ( 'NONE',  #1015 ) ;
#1115 = CARTESIAN_POINT ( 'NONE',  ( 1.364999999999999991, 2.000000000000001776, 0.3175000000000000044 ) ) ;
#1116 = ADVANCED_FACE ( 'NONE', ( #933 ), #1549, .F. ) ;
#1117 = VECTOR ( 'NONE', #455, 100.0000000000000142 ) ;
#1118 = VERTEX_POINT ( 'NONE', #1057 ) ;
#1119 = CARTESIAN_POINT ( 'NONE',  ( 0.4099999999999999201, 1.820000000000000506, 0.6350000000000000089 ) ) ;
#1120 = ORIENTED_EDGE ( 'NONE', *, *, #1441, .F. ) ;
#1121 = CARTESIAN_POINT ( 'NONE',  ( 1.820000000000000506, -0.4099999999999998646, 0.1349999999999999534 ) ) ;
#1122 = EDGE_CURVE ( 'NONE', #510, #1271, #803, .T. ) ;
#1123 = ORIENTED_EDGE ( 'NONE', *, *, #1157, .T. ) ;
#1124 = EDGE_CURVE ( 'NONE', #387, #1169, #675, .T. ) ;
#1125 = CARTESIAN_POINT ( 'NONE',  ( 16.63499999999999801, -1.364999999999998437, 0.3175000000000000044 ) ) ;
#1126 = LINE ( 'NONE', #369, #290 ) ;
#1127 = ORIENTED_EDGE ( 'NONE', *, *, #1538, .T. ) ;
#1128 = FACE_OUTER_BOUND ( 'NONE', #378, .T. ) ;
#1129 = VERTEX_POINT ( 'NONE', #1183 ) ;
#1130 = LINE ( 'NONE', #27, #1037 ) ;
#1131 = DIRECTION ( 'NONE',  ( -1.000000000000000000, -6.816202263170164742E-17, 0.000000000000000000 ) ) ;
#1132 = DIRECTION ( 'NONE',  ( 0.000000000000000000, 1.000000000000000000, 0.000000000000000000 ) ) ;
#1133 = DIRECTION ( 'NONE',  ( -2.258880508902365962E-16, 1.000000000000000000, -0.000000000000000000 ) ) ;
#1134 = VECTOR ( 'NONE', #249, 100.0000000000000000 ) ;
#1135 = ORIENTED_EDGE ( 'NONE', *, *, #1285, .T. ) ;
#1136 =( NAMED_UNIT ( * ) PLANE_ANGLE_UNIT ( ) SI_UNIT ( $, .RADIAN. ) );
#1137 = ADVANCED_FACE ( 'NONE', ( #1082 ), #1297, .F. ) ;
#1138 = LINE ( 'NONE', #1280, #872 ) ;
#1139 = VECTOR ( 'NONE', #1131, 100.0000000000000000 ) ;
#1140 = LINE ( 'NONE', #1023, #1294 ) ;
#1141 = VECTOR ( 'NONE', #607, 100.0000000000000000 ) ;
#1142 = EDGE_LOOP ( 'NONE', ( #1084, #614, #770, #410 ) ) ;
#1143 = LINE ( 'NONE', #1033, #1208 ) ;
#1144 = LINE ( 'NONE', #536, #605 ) ;
#1145 = ORIENTED_EDGE ( 'NONE', *, *, #548, .T. ) ;
#1146 = CARTESIAN_POINT ( 'NONE',  ( -1.499999999999999334, -2.000000000000000888, 0.000000000000000000 ) ) ;
#1147 = ORIENTED_EDGE ( 'NONE', *, *, #1396, .F. ) ;
#1148 = DIRECTION ( 'NONE',  ( 1.000000000000000000, 0.000000000000000000, 0.000000000000000000 ) ) ;
#1149 = ADVANCED_FACE ( 'NONE', ( #453 ), #197, .F. ) ;
#1150 = CARTESIAN_POINT ( 'NONE',  ( -1.999999999999999778, -1.500000000000000666, 0.3175000000000000044 ) ) ;
#1151 = ORIENTED_EDGE ( 'NONE', *, *, #424, .T. ) ;
#1152 = CARTESIAN_POINT ( 'NONE',  ( 0.4100000000000003086, -2.000000000000000444, 0.1349999999999999534 ) ) ;
#1153 = EDGE_LOOP ( 'NONE', ( #75, #1063, #181, #755 ) ) ;
#1154 = CARTESIAN_POINT ( 'NONE',  ( 1.500000000000000666, -2.000000000000000000, 0.3175000000000000044 ) ) ;
#1155 = VECTOR ( 'NONE', #13, 100.0000000000000000 ) ;
#1156 = CARTESIAN_POINT ( 'NONE',  ( -2.000000000000000444, -0.4100000000000003642, 0.6350000000000000089 ) ) ;
#1157 = EDGE_CURVE ( 'NONE', #820, #649, #962, .T. ) ;
#1158 = DIRECTION ( 'NONE',  ( 0.000000000000000000, 0.000000000000000000, 1.000000000000000000 ) ) ;
#1159 = AXIS2_PLACEMENT_3D ( 'NONE', #351, #228, #714 ) ;
#1160 = ORIENTED_EDGE ( 'NONE', *, *, #1492, .T. ) ;
#1161 = CARTESIAN_POINT ( 'NONE',  ( 0.7679571668975724297, -1.199999999999999956, 0.1349999999999999534 ) ) ;
#1162 = AXIS2_PLACEMENT_3D ( 'NONE', #346, #1306, #1449 ) ;
#1163 = ORIENTED_EDGE ( 'NONE', *, *, #380, .F. ) ;
#1164 = VECTOR ( 'NONE', #508, 100.0000000000000142 ) ;
#1165 = FACE_OUTER_BOUND ( 'NONE', #353, .T. ) ;
#1166 = EDGE_CURVE ( 'NONE', #1129, #1248, #1107, .T. ) ;
#1167 = ADVANCED_FACE ( 'NONE', ( #1312 ), #436, .F. ) ;
#1168 = DIRECTION ( 'NONE',  ( 0.8660254037844361541, 0.5000000000000042188, 0.000000000000000000 ) ) ;
#1169 = VERTEX_POINT ( 'NONE', #1175 ) ;
#1170 = FACE_OUTER_BOUND ( 'NONE', #987, .T. ) ;
#1171 = ADVANCED_FACE ( 'NONE', ( #827 ), #795, .F. ) ;
#1172 = ORIENTED_EDGE ( 'NONE', *, *, #661, .F. ) ;
#1173 = DIRECTION ( 'NONE',  ( 0.000000000000000000, -1.000000000000000000, 0.000000000000000000 ) ) ;
#1174 = CARTESIAN_POINT ( 'NONE',  ( 0.4100000000000001976, -1.820000000000000506, 0.6350000000000000089 ) ) ;
#1175 = CARTESIAN_POINT ( 'NONE',  ( -1.500000000000000222, 2.000000000000000444, 0.3175000000000000044 ) ) ;
#1176 = ORIENTED_EDGE ( 'NONE', *, *, #1317, .T. ) ;
#1177 = LINE ( 'NONE', #683, #1521 ) ;
#1178 = ORIENTED_EDGE ( 'NONE', *, *, #1538, .F. ) ;
#1179 = CARTESIAN_POINT ( 'NONE',  ( 1.364999999999999769, 2.000000000000000444, 0.000000000000000000 ) ) ;
#1180 = EDGE_CURVE ( 'NONE', #1544, #1579, #698, .T. ) ;
#1181 = AXIS2_PLACEMENT_3D ( 'NONE', #1354, #836, #1100 ) ;
#1182 = LINE ( 'NONE', #579, #819 ) ;
#1183 = CARTESIAN_POINT ( 'NONE',  ( 2.000000000000000444, 1.500000000000000666, 0.000000000000000000 ) ) ;
#1184 = UNCERTAINTY_MEASURE_WITH_UNIT (LENGTH_MEASURE( 1.000000000000000082E-05 ), #210, 'distance_accuracy_value', 'NONE');
#1185 = ORIENTED_EDGE ( 'NONE', *, *, #709, .F. ) ;
#1186 = LINE ( 'NONE', #1300, #801 ) ;
#1187 = AXIS2_PLACEMENT_3D ( 'NONE', #1125, #184, #1530 ) ;
#1188 = ORIENTED_EDGE ( 'NONE', *, *, #1441, .T. ) ;
#1189 = LINE ( 'NONE', #457, #1496 ) ;
#1190 = VECTOR ( 'NONE', #206, 100.0000000000000000 ) ;
#1191 = CARTESIAN_POINT ( 'NONE',  ( 2.000000000000000444, 1.500000000000000666, 0.6350000000000000089 ) ) ;
#1192 = FACE_OUTER_BOUND ( 'NONE', #1277, .T. ) ;
#1193 = CARTESIAN_POINT ( 'NONE',  ( 1.365000000000002212, -2.000000000000000000, 0.000000000000000000 ) ) ;
#1194 = VERTEX_POINT ( 'NONE', #81 ) ;
#1195 = LINE ( 'NONE', #92, #1497 ) ;
#1196 = ORIENTED_EDGE ( 'NONE', *, *, #1210, .F. ) ;
#1197 = LINE ( 'NONE', #1179, #1017 ) ;
#1198 = CARTESIAN_POINT ( 'NONE',  ( 0.000000000000000000, 0.000000000000000000, 0.1349999999999999534 ) ) ;
#1199 = ORIENTED_EDGE ( 'NONE', *, *, #590, .F. ) ;
#1200 = CARTESIAN_POINT ( 'NONE',  ( -2.000000000000000000, -1.500000000000000888, 0.000000000000000000 ) ) ;
#1201 = DIRECTION ( 'NONE',  ( -0.000000000000000000, 0.000000000000000000, 1.000000000000000000 ) ) ;
#1202 = EDGE_CURVE ( 'NONE', #846, #241, #574, .T. ) ;
#1203 = ORIENTED_EDGE ( 'NONE', *, *, #1364, .T. ) ;
#1204 = LINE ( 'NONE', #324, #1117 ) ;
#1205 = EDGE_LOOP ( 'NONE', ( #347, #1461, #71, #431 ) ) ;
#1206 = CARTESIAN_POINT ( 'NONE',  ( 0.000000000000000000, -0.3099999999999999978, 0.000000000000000000 ) ) ;
#1207 = CARTESIAN_POINT ( 'NONE',  ( -0.4099999999999997535, -2.000000000000000444, 0.6350000000000000089 ) ) ;
#1208 = VECTOR ( 'NONE', #1507, 100.0000000000000000 ) ;
#1209 = CARTESIAN_POINT ( 'NONE',  ( -1.365000000000000213, -2.000000000000000888, 0.000000000000000000 ) ) ;
#1210 = EDGE_CURVE ( 'NONE', #667, #257, #459, .T. ) ;
#1211 = ORIENTED_EDGE ( 'NONE', *, *, #1210, .T. ) ;
#1212 = PLANE ( 'NONE',  #166 ) ;
#1213 = ORIENTED_EDGE ( 'NONE', *, *, #873, .F. ) ;
#1214 = CARTESIAN_POINT ( 'NONE',  ( -0.4099999999999996980, -1.820000000000000506, 0.1349999999999999534 ) ) ;
#1215 = VECTOR ( 'NONE', #66, 100.0000000000000000 ) ;
#1216 = VECTOR ( 'NONE', #169, 100.0000000000000000 ) ;
#1217 = DIRECTION ( 'NONE',  ( -1.000000000000000000, -2.258880508902365962E-16, 0.000000000000000000 ) ) ;
#1218 = EDGE_CURVE ( 'NONE', #522, #858, #336, .T. ) ;
#1219 = DIRECTION ( 'NONE',  ( 0.000000000000000000, -1.000000000000000000, 0.000000000000000000 ) ) ;
#1220 = AXIS2_PLACEMENT_3D ( 'NONE', #659, #153, #167 ) ;
#1221 = CARTESIAN_POINT ( 'NONE',  ( 1.365000000000002212, -16.63499999999999801, 0.3175000000000000044 ) ) ;
#1222 = ORIENTED_EDGE ( 'NONE', *, *, #1392, .T. ) ;
#1223 = CARTESIAN_POINT ( 'NONE',  ( 0.000000000000000000, 0.000000000000000000, 0.000000000000000000 ) ) ;
#1224 = CARTESIAN_POINT ( 'NONE',  ( 2.000000000000000444, 0.4100000000000001421, 0.1349999999999999534 ) ) ;
#1225 = ADVANCED_FACE ( 'NONE', ( #1557 ), #951, .F. ) ;
#1226 = ORIENTED_EDGE ( 'NONE', *, *, #878, .T. ) ;
#1227 = PLANE ( 'NONE',  #1159 ) ;
#1228 = CARTESIAN_POINT ( 'NONE',  ( -1.500000000000000222, 2.000000000000000444, 0.6350000000000000089 ) ) ;
#1229 = ORIENTED_EDGE ( 'NONE', *, *, #812, .T. ) ;
#1230 = LINE ( 'NONE', #1119, #1164 ) ;
#1231 = ORIENTED_EDGE ( 'NONE', *, *, #475, .F. ) ;
#1232 = LINE ( 'NONE', #127, #1541 ) ;
#1233 = EDGE_CURVE ( 'NONE', #561, #634, #1410, .T. ) ;
#1234 = ORIENTED_EDGE ( 'NONE', *, *, #1254, .T. ) ;
#1235 = PLANE ( 'NONE',  #9 ) ;
#1236 = LINE ( 'NONE', #1221, #952 ) ;
#1237 = VECTOR ( 'NONE', #786, 100.0000000000000142 ) ;
#1238 = ORIENTED_EDGE ( 'NONE', *, *, #883, .F. ) ;
#1239 = LINE ( 'NONE', #134, #674 ) ;
#1240 = ORIENTED_EDGE ( 'NONE', *, *, #921, .T. ) ;
#1241 = EDGE_CURVE ( 'NONE', #886, #1194, #1532, .T. ) ;
#1242 = CARTESIAN_POINT ( 'NONE',  ( 1.820000000000000506, 0.4100000000000000311, 0.1349999999999999534 ) ) ;
#1243 = ORIENTED_EDGE ( 'NONE', *, *, #475, .T. ) ;
#1244 = FACE_OUTER_BOUND ( 'NONE', #259, .T. ) ;
#1245 = CARTESIAN_POINT ( 'NONE',  ( 2.000000000000000444, 0.4100000000000001421, 0.6350000000000000089 ) ) ;
#1246 = VECTOR ( 'NONE', #1391, 100.0000000000000000 ) ;
#1247 = VECTOR ( 'NONE', #1466, 100.0000000000000000 ) ;
#1248 = VERTEX_POINT ( 'NONE', #600 ) ;
#1249 = CARTESIAN_POINT ( 'NONE',  ( -1.499999999999999334, -2.000000000000000888, 0.3175000000000000044 ) ) ;
#1250 = ORIENTED_EDGE ( 'NONE', *, *, #873, .T. ) ;
#1251 = VERTEX_POINT ( 'NONE', #506 ) ;
#1252 = CARTESIAN_POINT ( 'NONE',  ( 0.000000000000000000, 0.000000000000000000, 0.6350000000000000089 ) ) ;
#1253 = LINE ( 'NONE', #1502, #1432 ) ;
#1254 = EDGE_CURVE ( 'NONE', #790, #1118, #1359, .T. ) ;
#1255 = CARTESIAN_POINT ( 'NONE',  ( -2.000000000000000000, -1.500000000000000888, 0.3175000000000000044 ) ) ;
#1256 = ORIENTED_EDGE ( 'NONE', *, *, #1282, .F. ) ;
#1257 = CARTESIAN_POINT ( 'NONE',  ( -0.4099999999999996980, -1.820000000000000506, 0.1349999999999999534 ) ) ;
#1258 = PLANE ( 'NONE',  #38 ) ;
#1259 = EDGE_CURVE ( 'NONE', #647, #1529, #1337, .T. ) ;
#1260 = AXIS2_PLACEMENT_3D ( 'NONE', #90, #681, #310 ) ;
#1261 = ORIENTED_EDGE ( 'NONE', *, *, #748, .F. ) ;
#1262 = PLANE ( 'NONE',  #319 ) ;
#1263 = ORIENTED_EDGE ( 'NONE', *, *, #988, .F. ) ;
#1264 = CARTESIAN_POINT ( 'NONE',  ( 1.820000000000000506, 0.4100000000000000311, 0.1349999999999999534 ) ) ;
#1265 = AXIS2_PLACEMENT_3D ( 'NONE', #264, #1394, #749 ) ;
#1266 = STYLED_ITEM ( 'NONE', ( #1491 ), #564 ) ;
#1267 = CARTESIAN_POINT ( 'NONE',  ( -2.000000000000000444, -0.4100000000000003642, 0.1349999999999999534 ) ) ;
#1268 = CIRCLE ( 'NONE', #1020, 0.3099999999999999978 ) ;
#1269 = EDGE_LOOP ( 'NONE', ( #905, #1030, #1127, #1390, #342 ) ) ;
#1270 = LINE ( 'NONE', #1161, #114 ) ;
#1271 = VERTEX_POINT ( 'NONE', #735 ) ;
#1272 = EDGE_CURVE ( 'NONE', #634, #804, #265, .T. ) ;
#1273 = LINE ( 'NONE', #908, #1237 ) ;
#1274 = DIRECTION ( 'NONE',  ( 1.000000000000000000, 0.000000000000000000, 0.000000000000000000 ) ) ;
#1275 = ORIENTED_EDGE ( 'NONE', *, *, #823, .T. ) ;
#1276 = DIRECTION ( 'NONE',  ( -1.000000000000000000, 4.818676322157798361E-16, 0.000000000000000000 ) ) ;
#1277 = EDGE_LOOP ( 'NONE', ( #902, #108, #1451, #1372 ) ) ;
#1278 = PLANE ( 'NONE',  #1571 ) ;
#1279 = EDGE_CURVE ( 'NONE', #337, #1399, #1106, .T. ) ;
#1280 = CARTESIAN_POINT ( 'NONE',  ( 2.000000000000000444, 1.500000000000000666, 0.000000000000000000 ) ) ;
#1281 = DIRECTION ( 'NONE',  ( 1.000000000000000000, 0.000000000000000000, 0.000000000000000000 ) ) ;
#1282 = EDGE_CURVE ( 'NONE', #882, #846, #1236, .T. ) ;
#1283 = ORIENTED_EDGE ( 'NONE', *, *, #598, .F. ) ;
#1284 = PLANE ( 'NONE',  #245 ) ;
#1285 = EDGE_CURVE ( 'NONE', #23, #305, #617, .T. ) ;
#1286 = ORIENTED_EDGE ( 'NONE', *, *, #894, .T. ) ;
#1287 = LINE ( 'NONE', #663, #1215 ) ;
#1288 = VECTOR ( 'NONE', #189, 100.0000000000000142 ) ;
#1289 = DIRECTION ( 'NONE',  ( 0.000000000000000000, 0.000000000000000000, -1.000000000000000000 ) ) ;
#1290 = CARTESIAN_POINT ( 'NONE',  ( -1.200000000000000178, 0.7679571668975719856, 0.1349999999999999534 ) ) ;
#1291 = EDGE_CURVE ( 'NONE', #1579, #191, #1126, .T. ) ;
#1292 = ORIENTED_EDGE ( 'NONE', *, *, #213, .T. ) ;
#1293 = VERTEX_POINT ( 'NONE', #970 ) ;
#1294 = VECTOR ( 'NONE', #1504, 100.0000000000000000 ) ;
#1295 = CARTESIAN_POINT ( 'NONE',  ( 16.63499999999999801, -1.364999999999998437, 0.3175000000000000044 ) ) ;
#1296 =( NAMED_UNIT ( * ) PLANE_ANGLE_UNIT ( ) SI_UNIT ( $, .RADIAN. ) );
#1297 = PLANE ( 'NONE',  #180 ) ;
#1298 = ADVANCED_FACE ( 'NONE', ( #385 ), #142, .T. ) ;
#1299 = VERTEX_POINT ( 'NONE', #1245 ) ;
#1300 = CARTESIAN_POINT ( 'NONE',  ( 16.63499999999999801, -1.364999999999998437, 0.6350000000000000089 ) ) ;
#1301 = ORIENTED_EDGE ( 'NONE', *, *, #28, .T. ) ;
#1302 = DIRECTION ( 'NONE',  ( -2.312964634635742957E-16, 1.000000000000000000, 0.000000000000000000 ) ) ;
#1303 = LINE ( 'NONE', #915, #720 ) ;
#1304 = DIRECTION ( 'NONE',  ( 1.000000000000000000, 2.258880508902365962E-16, 0.000000000000000000 ) ) ;
#1305 = ORIENTED_EDGE ( 'NONE', *, *, #1001, .F. ) ;
#1306 = DIRECTION ( 'NONE',  ( 2.385670792109557660E-16, -1.000000000000000000, 0.000000000000000000 ) ) ;
#1307 = EDGE_LOOP ( 'NONE', ( #399, #332, #300, #17 ) ) ;
#1308 = LINE ( 'NONE', #1206, #37 ) ;
#1309 = VECTOR ( 'NONE', #1048, 100.0000000000000000 ) ;
#1310 = CARTESIAN_POINT ( 'NONE',  ( -0.4099999999999997535, -2.000000000000000444, 0.1349999999999999534 ) ) ;
#1311 = CARTESIAN_POINT ( 'NONE',  ( 0.000000000000000000, 0.000000000000000000, 0.6350000000000000089 ) ) ;
#1312 = FACE_OUTER_BOUND ( 'NONE', #1024, .T. ) ;
#1313 = ORIENTED_EDGE ( 'NONE', *, *, #1398, .T. ) ;
#1314 = ORIENTED_EDGE ( 'NONE', *, *, #1464, .F. ) ;
#1315 = CARTESIAN_POINT ( 'NONE',  ( 0.000000000000000000, 0.000000000000000000, 0.6350000000000000089 ) ) ;
#1316 = VECTOR ( 'NONE', #954, 100.0000000000000142 ) ;
#1317 = EDGE_CURVE ( 'NONE', #999, #1465, #3, .T. ) ;
#1318 = CARTESIAN_POINT ( 'NONE',  ( 0.000000000000000000, 0.000000000000000000, 0.3175000000000000044 ) ) ;
#1319 = CARTESIAN_POINT ( 'NONE',  ( -0.7679571668975722076, 1.199999999999999956, 0.1349999999999999534 ) ) ;
#1320 = ORIENTED_EDGE ( 'NONE', *, *, #676, .F. ) ;
#1321 = DIRECTION ( 'NONE',  ( 1.000000000000000000, 1.931257307898213426E-16, 0.000000000000000000 ) ) ;
#1322 = ORIENTED_EDGE ( 'NONE', *, *, #779, .F. ) ;
#1323 = DIRECTION ( 'NONE',  ( 0.000000000000000000, 0.000000000000000000, -1.000000000000000000 ) ) ;
#1324 = EDGE_CURVE ( 'NONE', #689, #788, #494, .T. ) ;
#1325 = CARTESIAN_POINT ( 'NONE',  ( -1.364999999999998215, 2.000000000000001776, 0.6350000000000000089 ) ) ;
#1326 = CARTESIAN_POINT ( 'NONE',  ( -2.000000000000000444, 0.4099999999999997535, 0.1349999999999999534 ) ) ;
#1327 = CARTESIAN_POINT ( 'NONE',  ( 0.000000000000000000, 0.000000000000000000, 0.000000000000000000 ) ) ;
#1328 = VERTEX_POINT ( 'NONE', #1115 ) ;
#1329 = CARTESIAN_POINT ( 'NONE',  ( 2.000000000000000444, 1.500000000000000666, 0.3175000000000000044 ) ) ;
#1330 = ADVANCED_FACE ( 'NONE', ( #352 ), #478, .F. ) ;
#1331 = EDGE_LOOP ( 'NONE', ( #119, #207, #1108, #892, #751, #937 ) ) ;
#1332 = CARTESIAN_POINT ( 'NONE',  ( 0.4100000000000001421, 2.000000000000000444, 0.1349999999999999534 ) ) ;
#1333 = EDGE_CURVE ( 'NONE', #679, #526, #256, .T. ) ;
#1334 = CARTESIAN_POINT ( 'NONE',  ( -0.4099999999999999201, 1.820000000000000506, 0.6350000000000000089 ) ) ;
#1335 = AXIS2_PLACEMENT_3D ( 'NONE', #377, #867, #977 ) ;
#1336 = LINE ( 'NONE', #741, #1139 ) ;
#1337 = LINE ( 'NONE', #1228, #365 ) ;
#1339 = EDGE_CURVE ( 'NONE', #1271, #1036, #1348, .T. ) ;
#1338 = ORIENTED_EDGE ( 'NONE', *, *, #312, .F. ) ;
#1340 = DIRECTION ( 'NONE',  ( 0.000000000000000000, 0.000000000000000000, 1.000000000000000000 ) ) ;
#1341 = ORIENTED_EDGE ( 'NONE', *, *, #1324, .T. ) ;
#1342 = CARTESIAN_POINT ( 'NONE',  ( 1.199999999999999956, 0.7679571668975723187, 0.6350000000000000089 ) ) ;
#1343 = VECTOR ( 'NONE', #72, 100.0000000000000000 ) ;
#1344 = AXIS2_PLACEMENT_3D ( 'NONE', #538, #1400, #668 ) ;
#1345 = PRESENTATION_LAYER_ASSIGNMENT (  '', '', ( #1266 ) ) ;
#1346 = CARTESIAN_POINT ( 'NONE',  ( -1.820000000000000506, 0.4099999999999995870, 0.1349999999999999534 ) ) ;
#1347 = VECTOR ( 'NONE', #120, 100.0000000000000000 ) ;
#1348 = LINE ( 'NONE', #1586, #129 ) ;
#1349 = ORIENTED_EDGE ( 'NONE', *, *, #1324, .F. ) ;
#1350 = DIRECTION ( 'NONE',  ( -0.000000000000000000, 0.000000000000000000, 1.000000000000000000 ) ) ;
#1351 = ADVANCED_FACE ( 'NONE', ( #487 ), #1456, .F. ) ;
#1352 = ORIENTED_EDGE ( 'NONE', *, *, #312, .T. ) ;
#1353 = CARTESIAN_POINT ( 'NONE',  ( 0.000000000000000000, 0.000000000000000000, 0.3175000000000000044 ) ) ;
#1354 = CARTESIAN_POINT ( 'NONE',  ( 0.000000000000000000, 0.000000000000000000, 0.6350000000000000089 ) ) ;
#1355 = ORIENTED_EDGE ( 'NONE', *, *, #828, .T. ) ;
#1356 = LINE ( 'NONE', #489, #275 ) ;
#1357 = ORIENTED_EDGE ( 'NONE', *, *, #1483, .F. ) ;
#1358 = PLANE ( 'NONE',  #400 ) ;
#1359 = LINE ( 'NONE', #985, #1134 ) ;
#1360 = ORIENTED_EDGE ( 'NONE', *, *, #213, .F. ) ;
#1361 = DIRECTION ( 'NONE',  ( -0.5000000000000042188, -0.8660254037844362651, 0.000000000000000000 ) ) ;
#1362 = VERTEX_POINT ( 'NONE', #995 ) ;
#1363 = DIRECTION ( 'NONE',  ( 4.818676322157799347E-16, 1.000000000000000000, 0.000000000000000000 ) ) ;
#1364 = EDGE_CURVE ( 'NONE', #971, #101, #860, .T. ) ;
#1365 = PLANE ( 'NONE',  #1187 ) ;
#1366 = DIRECTION ( 'NONE',  ( -0.000000000000000000, 0.000000000000000000, 1.000000000000000000 ) ) ;
#1367 = VECTOR ( 'NONE', #811, 100.0000000000000000 ) ;
#1368 = VECTOR ( 'NONE', #1370, 100.0000000000000000 ) ;
#1369 = ORIENTED_EDGE ( 'NONE', *, *, #130, .F. ) ;
#1370 = DIRECTION ( 'NONE',  ( -0.000000000000000000, 0.000000000000000000, 1.000000000000000000 ) ) ;
#1371 = VECTOR ( 'NONE', #413, 100.0000000000000000 ) ;
#1372 = ORIENTED_EDGE ( 'NONE', *, *, #371, .T. ) ;
#1373 = DIRECTION ( 'NONE',  ( 0.000000000000000000, 0.000000000000000000, -1.000000000000000000 ) ) ;
#1374 = EDGE_CURVE ( 'NONE', #1572, #1271, #360, .T. ) ;
#1375 = DIRECTION ( 'NONE',  ( -4.818676322157798361E-16, 1.000000000000000000, 0.000000000000000000 ) ) ;
#1376 = ORIENTED_EDGE ( 'NONE', *, *, #80, .F. ) ;
#1377 = DIRECTION ( 'NONE',  ( 0.000000000000000000, -1.000000000000000000, 0.000000000000000000 ) ) ;
#1378 = ORIENTED_EDGE ( 'NONE', *, *, #143, .F. ) ;
#1379 = LINE ( 'NONE', #771, #978 ) ;
#1380 = PLANE ( 'NONE',  #528 ) ;
#1381 = VECTOR ( 'NONE', #623, 100.0000000000000000 ) ;
#1382 = ADVANCED_FACE ( 'NONE', ( #724 ), #887, .F. ) ;
#1383 = EDGE_LOOP ( 'NONE', ( #594, #1222, #603, #1313, #1135, #924 ) ) ;
#1384 = LINE ( 'NONE', #423, #776 ) ;
#1385 = ORIENTED_EDGE ( 'NONE', *, *, #657, .F. ) ;
#1386 = LINE ( 'NONE', #1264, #1032 ) ;
#1387 = VECTOR ( 'NONE', #299, 100.0000000000000000 ) ;
#1388 = CARTESIAN_POINT ( 'NONE',  ( -2.000000000000000888, 1.499999999999999112, 0.000000000000000000 ) ) ;
#1389 = AXIS2_PLACEMENT_3D ( 'NONE', #1552, #592, #1321 ) ;
#1390 = ORIENTED_EDGE ( 'NONE', *, *, #1374, .T. ) ;
#1391 = DIRECTION ( 'NONE',  ( -0.000000000000000000, 0.000000000000000000, 1.000000000000000000 ) ) ;
#1392 = EDGE_CURVE ( 'NONE', #820, #1406, #152, .T. ) ;
#1393 = ORIENTED_EDGE ( 'NONE', *, *, #1392, .F. ) ;
#1394 = DIRECTION ( 'NONE',  ( -0.8660254037844362651, 0.5000000000000043299, 0.000000000000000000 ) ) ;
#1395 = DIRECTION ( 'NONE',  ( 0.000000000000000000, 0.000000000000000000, 1.000000000000000000 ) ) ;
#1396 = EDGE_CURVE ( 'NONE', #682, #654, #1379, .T. ) ;
#1397 = DIRECTION ( 'NONE',  ( 0.000000000000000000, 0.000000000000000000, 1.000000000000000000 ) ) ;
#1398 = EDGE_CURVE ( 'NONE', #337, #23, #1386, .T. ) ;
#1399 = VERTEX_POINT ( 'NONE', #303 ) ;
#1400 = DIRECTION ( 'NONE',  ( 0.000000000000000000, 0.000000000000000000, -1.000000000000000000 ) ) ;
#1401 = ORIENTED_EDGE ( 'NONE', *, *, #1409, .F. ) ;
#1402 = CYLINDRICAL_SURFACE ( 'NONE', #929, 2.500000000000000000 ) ;
#1403 = CARTESIAN_POINT ( 'NONE',  ( -0.4099999999999999201, -2.000000000000000444, 0.1349999999999999534 ) ) ;
#1404 = ORIENTED_EDGE ( 'NONE', *, *, #28, .F. ) ;
#1405 = LINE ( 'NONE', #1512, #527 ) ;
#1406 = VERTEX_POINT ( 'NONE', #165 ) ;
#1407 = CARTESIAN_POINT ( 'NONE',  ( 1.500000000000000666, -2.000000000000000000, 0.3175000000000000044 ) ) ;
#1408 = LINE ( 'NONE', #1066, #643 ) ;
#1409 = EDGE_CURVE ( 'NONE', #1129, #886, #1138, .T. ) ;
#1410 = LINE ( 'NONE', #1319, #1 ) ;
#1411 = CLOSED_SHELL ( 'NONE', ( #96, #261, #386, #88, #1298, #200, #1055, #615, #428, #148, #240, #218, #1167, #1035, #329, #502, #831, #794, #1137, #495, #504, #1351, #1566, #632, #1508, #70, #209, #1067, #1104, #1149, #178, #1171, #321, #1447, #1382, #1330, #704, #1225, #639, #768, #110, #93, #934, #254, #25, #608, #1049, #1116 ) ) ;
#1412 = EDGE_LOOP ( 'NONE', ( #1301, #294, #323, #1243 ) ) ;
#1413 = CARTESIAN_POINT ( 'NONE',  ( 0.7679571668975722076, 1.199999999999999956, 0.1349999999999999534 ) ) ;
#1414 = VECTOR ( 'NONE', #1077, 100.0000000000000000 ) ;
#1415 = ORIENTED_EDGE ( 'NONE', *, *, #709, .T. ) ;
#1416 = AXIS2_PLACEMENT_3D ( 'NONE', #158, #551, #1375 ) ;
#1417 = DIRECTION ( 'NONE',  ( 0.000000000000000000, -1.000000000000000000, 0.000000000000000000 ) ) ;
#1418 = LINE ( 'NONE', #808, #235 ) ;
#1419 = CARTESIAN_POINT ( 'NONE',  ( 1.820000000000000506, -0.4099999999999998646, 0.6350000000000000089 ) ) ;
#1420 = ORIENTED_EDGE ( 'NONE', *, *, #1500, .F. ) ;
#1421 = DIRECTION ( 'NONE',  ( 0.000000000000000000, 1.000000000000000000, 0.000000000000000000 ) ) ;
#1422 = ORIENTED_EDGE ( 'NONE', *, *, #718, .F. ) ;
#1423 = CARTESIAN_POINT ( 'NONE',  ( -1.500000000000000222, 2.000000000000000444, 0.000000000000000000 ) ) ;
#1424 = CARTESIAN_POINT ( 'NONE',  ( -1.200000000000000178, 0.7679571668975719856, 0.1349999999999999534 ) ) ;
#1425 = DIRECTION ( 'NONE',  ( -4.818676322157799347E-16, 1.000000000000000000, 0.000000000000000000 ) ) ;
#1426 = CARTESIAN_POINT ( 'NONE',  ( -0.4100000000000000311, 2.000000000000000444, 0.1349999999999999534 ) ) ;
#1427 = VERTEX_POINT ( 'NONE', #1014 ) ;
#1428 = CARTESIAN_POINT ( 'NONE',  ( 2.000000000000000444, 0.4100000000000001421, 0.6350000000000000089 ) ) ;
#1429 = EDGE_CURVE ( 'NONE', #370, #1059, #1495, .T. ) ;
#1430 = ORIENTED_EDGE ( 'NONE', *, *, #712, .F. ) ;
#1431 = DIRECTION ( 'NONE',  ( 0.000000000000000000, 0.000000000000000000, -1.000000000000000000 ) ) ;
#1432 = VECTOR ( 'NONE', #177, 100.0000000000000000 ) ;
#1433 = DIRECTION ( 'NONE',  ( 0.000000000000000000, -1.000000000000000000, 0.000000000000000000 ) ) ;
#1434 = ORIENTED_EDGE ( 'NONE', *, *, #1122, .T. ) ;
#1435 = CARTESIAN_POINT ( 'NONE',  ( -1.364999999999999991, 16.63499999999999801, 0.3175000000000000044 ) ) ;
#1436 = EDGE_LOOP ( 'NONE', ( #1199, #464, #1101, #1045 ) ) ;
#1437 = CARTESIAN_POINT ( 'NONE',  ( 1.500000000000000666, -2.000000000000000000, 0.000000000000000000 ) ) ;
#1438 = AXIS2_PLACEMENT_3D ( 'NONE', #1080, #1565, #697 ) ;
#1439 = ORIENTED_EDGE ( 'NONE', *, *, #844, .F. ) ;
#1440 = DIRECTION ( 'NONE',  ( 0.000000000000000000, 0.000000000000000000, 1.000000000000000000 ) ) ;
#1441 = EDGE_CURVE ( 'NONE', #858, #1112, #1273, .T. ) ;
#1442 = AXIS2_PLACEMENT_3D ( 'NONE', #1315, #1431, #450 ) ;
#1443 = APPLICATION_CONTEXT ( 'automotive_design' ) ;
#1444 = EDGE_LOOP ( 'NONE', ( #981, #627, #733, #567, #1263, #1341, #198, #797 ) ) ;
#1445 = CARTESIAN_POINT ( 'NONE',  ( 0.4100000000000003086, -2.000000000000000444, 0.1349999999999999534 ) ) ;
#1446 = DIRECTION ( 'NONE',  ( -0.000000000000000000, 0.000000000000000000, 1.000000000000000000 ) ) ;
#1447 = ADVANCED_FACE ( 'NONE', ( #529 ), #876, .F. ) ;
#1448 = ORIENTED_EDGE ( 'NONE', *, *, #161, .T. ) ;
#1449 = DIRECTION ( 'NONE',  ( 1.000000000000000000, 2.385670792109557660E-16, 0.000000000000000000 ) ) ;
#1450 = EDGE_CURVE ( 'NONE', #1118, #654, #652, .T. ) ;
#1451 = ORIENTED_EDGE ( 'NONE', *, *, #414, .F. ) ;
#1452 = CARTESIAN_POINT ( 'NONE',  ( -1.820000000000000506, 0.4099999999999995870, 0.6350000000000000089 ) ) ;
#1453 = CARTESIAN_POINT ( 'NONE',  ( -1.199999999999999956, -0.7679571668975725407, 0.6350000000000000089 ) ) ;
#1454 = EDGE_CURVE ( 'NONE', #1465, #679, #658, .T. ) ;
#1455 = PLANE ( 'NONE',  #671 ) ;
#1456 = PLANE ( 'NONE',  #1335 ) ;
#1457 = ORIENTED_EDGE ( 'NONE', *, *, #1429, .T. ) ;
#1458 = CARTESIAN_POINT ( 'NONE',  ( -1.820000000000000506, 0.4099999999999995870, 0.1349999999999999534 ) ) ;
#1459 = ORIENTED_EDGE ( 'NONE', *, *, #645, .F. ) ;
#1460 = FACE_OUTER_BOUND ( 'NONE', #482, .T. ) ;
#1461 = ORIENTED_EDGE ( 'NONE', *, *, #1503, .F. ) ;
#1462 = AXIS2_PLACEMENT_3D ( 'NONE', #98, #445, #566 ) ;
#1463 = DIRECTION ( 'NONE',  ( 0.000000000000000000, 1.000000000000000000, 0.000000000000000000 ) ) ;
#1464 = EDGE_CURVE ( 'NONE', #101, #1005, #1253, .T. ) ;
#1465 = VERTEX_POINT ( 'NONE', #893 ) ;
#1466 = DIRECTION ( 'NONE',  ( 1.000000000000000000, 0.000000000000000000, 0.000000000000000000 ) ) ;
#1467 = ORIENTED_EDGE ( 'NONE', *, *, #154, .F. ) ;
#1468 =( NAMED_UNIT ( * ) SI_UNIT ( $, .STERADIAN. ) SOLID_ANGLE_UNIT ( ) );
#1469 = VECTOR ( 'NONE', #20, 100.0000000000000000 ) ;
#1470 = DIRECTION ( 'NONE',  ( 0.8660254037844362651, 0.5000000000000042188, 0.000000000000000000 ) ) ;
#1471 = DIRECTION ( 'NONE',  ( -1.000000000000000000, -2.312964634635742957E-16, 0.000000000000000000 ) ) ;
#1472 = ORIENTED_EDGE ( 'NONE', *, *, #926, .T. ) ;
#1473 = DIRECTION ( 'NONE',  ( 0.000000000000000000, 0.000000000000000000, 1.000000000000000000 ) ) ;
#1474 = EDGE_LOOP ( 'NONE', ( #1275, #513, #183, #993 ) ) ;
#1475 = CARTESIAN_POINT ( 'NONE',  ( -0.7679571668975722076, 1.199999999999999956, 0.1349999999999999534 ) ) ;
#1476 = EDGE_LOOP ( 'NONE', ( #252, #870, #1110, #583 ) ) ;
#1477 = CARTESIAN_POINT ( 'NONE',  ( -2.000000000000000000, -1.500000000000000888, 0.6350000000000000089 ) ) ;
#1478 = DIRECTION ( 'NONE',  ( -0.000000000000000000, 0.000000000000000000, 1.000000000000000000 ) ) ;
#1479 = ORIENTED_EDGE ( 'NONE', *, *, #1282, .T. ) ;
#1480 = LINE ( 'NONE', #388, #885 ) ;
#1481 = ORIENTED_EDGE ( 'NONE', *, *, #1454, .T. ) ;
#1482 = LINE ( 'NONE', #1224, #1065 ) ;
#1483 = EDGE_CURVE ( 'NONE', #667, #470, #36, .T. ) ;
#1484 = ORIENTED_EDGE ( 'NONE', *, *, #357, .T. ) ;
#1485 = CARTESIAN_POINT ( 'NONE',  ( -1.200000000000000178, 0.7679571668975719856, 0.6350000000000000089 ) ) ;
#1486 = CARTESIAN_POINT ( 'NONE',  ( 0.000000000000000000, 0.000000000000000000, 0.000000000000000000 ) ) ;
#1487 = VECTOR ( 'NONE', #1478, 100.0000000000000000 ) ;
#1488 = VERTEX_POINT ( 'NONE', #407 ) ;
#1489 = DIRECTION ( 'NONE',  ( -0.000000000000000000, 0.000000000000000000, 1.000000000000000000 ) ) ;
#1490 = ORIENTED_EDGE ( 'NONE', *, *, #1233, .F. ) ;
#1491 = PRESENTATION_STYLE_ASSIGNMENT (( #147 ) ) ;
#1492 = EDGE_CURVE ( 'NONE', #561, #417, #56, .T. ) ;
#1493 = ORIENTED_EDGE ( 'NONE', *, *, #302, .F. ) ;
#1494 = VECTOR ( 'NONE', #335, 100.0000000000000000 ) ;
#1495 = LINE ( 'NONE', #520, #263 ) ;
#1496 = VECTOR ( 'NONE', #814, 100.0000000000000000 ) ;
#1497 = VECTOR ( 'NONE', #584, 100.0000000000000000 ) ;
#1498 = LINE ( 'NONE', #1388, #246 ) ;
#1499 = ORIENTED_EDGE ( 'NONE', *, *, #1500, .T. ) ;
#1500 = EDGE_CURVE ( 'NONE', #882, #381, #637, .T. ) ;
#1501 = CARTESIAN_POINT ( 'NONE',  ( -0.4099999999999997535, -2.000000000000000444, 0.1349999999999999534 ) ) ;
#1502 = CARTESIAN_POINT ( 'NONE',  ( -2.000000000000000444, 0.4099999999999996980, 0.1349999999999999534 ) ) ;
#1503 = EDGE_CURVE ( 'NONE', #394, #112, #1003, .T. ) ;
#1504 = DIRECTION ( 'NONE',  ( -0.000000000000000000, 0.000000000000000000, 1.000000000000000000 ) ) ;
#1505 = ORIENTED_EDGE ( 'NONE', *, *, #1004, .F. ) ;
#1506 = LINE ( 'NONE', #1146, #904 ) ;
#1507 = DIRECTION ( 'NONE',  ( -0.000000000000000000, 0.000000000000000000, 1.000000000000000000 ) ) ;
#1508 = ADVANCED_FACE ( 'NONE', ( #403 ), #411, .F. ) ;
#1509 = LINE ( 'NONE', #1255, #1371 ) ;
#1510 = VECTOR ( 'NONE', #558, 100.0000000000000000 ) ;
#1511 = ORIENTED_EDGE ( 'NONE', *, *, #950, .F. ) ;
#1512 = CARTESIAN_POINT ( 'NONE',  ( -2.000000000000000000, -1.500000000000000888, 0.000000000000000000 ) ) ;
#1513 = ORIENTED_EDGE ( 'NONE', *, *, #1531, .F. ) ;
#1514 = LINE ( 'NONE', #1053, #1062 ) ;
#1515 = EDGE_CURVE ( 'NONE', #19, #191, #1143, .T. ) ;
#1516 = EDGE_CURVE ( 'NONE', #387, #1087, #518, .T. ) ;
#1517 = DIRECTION ( 'NONE',  ( -0.8660254037844360431, -0.5000000000000045519, 0.000000000000000000 ) ) ;
#1518 = CIRCLE ( 'NONE', #725, 2.500000000000000000 ) ;
#1519 = CIRCLE ( 'NONE', #549, 2.500000000000000000 ) ;
#1520 = PLANE ( 'NONE',  #1416 ) ;
#1521 = VECTOR ( 'NONE', #830, 100.0000000000000000 ) ;
#1522 = EDGE_LOOP ( 'NONE', ( #1589, #361, #52, #555 ) ) ;
#1523 = CARTESIAN_POINT ( 'NONE',  ( -1.364999999999999991, 16.63499999999999801, 0.3175000000000000044 ) ) ;
#1524 = ORIENTED_EDGE ( 'NONE', *, *, #1044, .F. ) ;
#1525 = CARTESIAN_POINT ( 'NONE',  ( -1.199999999999999956, -0.7679571668975725407, 0.1349999999999999534 ) ) ;
#1526 = DIRECTION ( 'NONE',  ( 3.067291018426574134E-16, -1.000000000000000000, 0.000000000000000000 ) ) ;
#1527 = LINE ( 'NONE', #179, #322 ) ;
#1528 = EDGE_LOOP ( 'NONE', ( #1481, #437, #7, #1459, #1349, #533, #479, #460, #829, #1320, #133, #1176 ) ) ;
#1529 = VERTEX_POINT ( 'NONE', #815 ) ;
#1530 = DIRECTION ( 'NONE',  ( -1.000000000000000000, -1.136033710528360955E-16, 0.000000000000000000 ) ) ;
#1531 = EDGE_CURVE ( 'NONE', #979, #112, #1418, .T. ) ;
#1532 = LINE ( 'NONE', #320, #1010 ) ;
#1533 = ORIENTED_EDGE ( 'NONE', *, *, #835, .T. ) ;
#1534 = DIRECTION ( 'NONE',  ( -4.818676322157798361E-16, -1.000000000000000000, 0.000000000000000000 ) ) ;
#1535 = VECTOR ( 'NONE', #611, 100.0000000000000000 ) ;
#1536 = ORIENTED_EDGE ( 'NONE', *, *, #967, .T. ) ;
#1537 = PLANE ( 'NONE',  #1265 ) ;
#1538 = EDGE_CURVE ( 'NONE', #1328, #1572, #185, .T. ) ;
#1539 = CARTESIAN_POINT ( 'NONE',  ( 2.000000000000000444, -0.4099999999999999201, 0.1349999999999999534 ) ) ;
#1540 = VECTOR ( 'NONE', #1099, 100.0000000000000000 ) ;
#1541 = VECTOR ( 'NONE', #871, 100.0000000000000000 ) ;
#1542 = ORIENTED_EDGE ( 'NONE', *, *, #34, .T. ) ;
#1543 = CARTESIAN_POINT ( 'NONE',  ( 1.820000000000000506, 0.4100000000000000311, 0.6350000000000000089 ) ) ;
#1544 = VERTEX_POINT ( 'NONE', #1174 ) ;
#1545 = AXIS2_PLACEMENT_3D ( 'NONE', #964, #1071, #1421 ) ;
#1546 = DIRECTION ( 'NONE',  ( 0.000000000000000000, -1.000000000000000000, 0.000000000000000000 ) ) ;
#1547 = DIRECTION ( 'NONE',  ( 0.000000000000000000, -1.000000000000000000, 0.000000000000000000 ) ) ;
#1548 = ORIENTED_EDGE ( 'NONE', *, *, #835, .F. ) ;
#1549 = PLANE ( 'NONE',  #1462 ) ;
#1550 = EDGE_CURVE ( 'NONE', #999, #99, #792, .T. ) ;
#1551 = ORIENTED_EDGE ( 'NONE', *, *, #748, .T. ) ;
#1552 = CARTESIAN_POINT ( 'NONE',  ( 16.63499999999999801, 1.365000000000001101, 0.3175000000000000044 ) ) ;
#1553 = EDGE_LOOP ( 'NONE', ( #1587, #1076, #1430, #452 ) ) ;
#1554 = LINE ( 'NONE', #1573, #825 ) ;
#1555 = FACE_OUTER_BOUND ( 'NONE', #1383, .T. ) ;
#1556 = CYLINDRICAL_SURFACE ( 'NONE', #524, 0.3099999999999999978 ) ;
#1557 = FACE_OUTER_BOUND ( 'NONE', #1436, .T. ) ;
#1558 = EDGE_CURVE ( 'NONE', #649, #1050, #695, .T. ) ;
#1559 = ORIENTED_EDGE ( 'NONE', *, *, #1291, .T. ) ;
#1560 = FACE_OUTER_BOUND ( 'NONE', #1205, .T. ) ;
#1561 = VERTEX_POINT ( 'NONE', #1424 ) ;
#1562 = FACE_OUTER_BOUND ( 'NONE', #1528, .T. ) ;
#1563 = AXIS2_PLACEMENT_3D ( 'NONE', #900, #1373, #420 ) ;
#1564 = EDGE_CURVE ( 'NONE', #1561, #355, #1408, .T. ) ;
#1565 = DIRECTION ( 'NONE',  ( 0.000000000000000000, 0.000000000000000000, 1.000000000000000000 ) ) ;
#1566 = ADVANCED_FACE ( 'NONE', ( #1555 ), #327, .F. ) ;
#1567 = DIRECTION ( 'NONE',  ( -0.5000000000000045519, 0.8660254037844360431, 0.000000000000000000 ) ) ;
#1568 = CARTESIAN_POINT ( 'NONE',  ( 0.000000000000000000, 0.000000000000000000, 0.000000000000000000 ) ) ;
#1569 = ORIENTED_EDGE ( 'NONE', *, *, #268, .T. ) ;
#1570 = CARTESIAN_POINT ( 'NONE',  ( -1.999999999999999112, -1.364999999999997993, 0.6350000000000000089 ) ) ;
#1571 = AXIS2_PLACEMENT_3D ( 'NONE', #29, #1173, #680 ) ;
#1572 = VERTEX_POINT ( 'NONE', #673 ) ;
#1573 = CARTESIAN_POINT ( 'NONE',  ( 0.4100000000000000311, 2.000000000000000444, 0.1349999999999999534 ) ) ;
#1574 = VECTOR ( 'NONE', #1417, 100.0000000000000000 ) ;
#1575 = EDGE_CURVE ( 'NONE', #23, #522, #1303, .T. ) ;
#1576 = DIRECTION ( 'NONE',  ( 0.000000000000000000, 0.000000000000000000, -1.000000000000000000 ) ) ;
#1577 = FACE_OUTER_BOUND ( 'NONE', #868, .T. ) ;
#1578 = CARTESIAN_POINT ( 'NONE',  ( 1.820000000000000506, 0.4100000000000000311, 0.1349999999999999534 ) ) ;
#1579 = VERTEX_POINT ( 'NONE', #87 ) ;
#1580 = CARTESIAN_POINT ( 'NONE',  ( -1.365000000000000213, -1.364999999999997993, 0.3175000000000000044 ) ) ;
#1581 = VERTEX_POINT ( 'NONE', #451 ) ;
#1582 = CARTESIAN_POINT ( 'NONE',  ( -1.364999999999998215, 1.364999999999999991, 0.3175000000000000044 ) ) ;
#1583 = EDGE_CURVE ( 'NONE', #1406, #337, #1182, .T. ) ;
#1584 = LINE ( 'NONE', #367, #214 ) ;
#1585 = CARTESIAN_POINT ( 'NONE',  ( 2.000000000000000444, 1.500000000000000666, 0.000000000000000000 ) ) ;
#1586 = CARTESIAN_POINT ( 'NONE',  ( 2.000000000000000444, 1.364999999999998437, 0.000000000000000000 ) ) ;
#1587 = ORIENTED_EDGE ( 'NONE', *, *, #542, .T. ) ;
#1588 = LINE ( 'NONE', #989, #1247 ) ;
#1589 = ORIENTED_EDGE ( 'NONE', *, *, #775, .T. ) ;
ENDSEC;
END-ISO-10303-21;
