ISO-10303-21;
HEADER;
FILE_DESCRIPTION (( 'STEP AP214' ),
    '1' );
FILE_NAME ('vertex_60.STEP',
    '2026-06-16T01:08:45',
    ( '' ),
    ( '' ),
    'SwSTEP 2.0',
    'SolidWorks 2023',
    '' );
FILE_SCHEMA (( 'AUTOMOTIVE_DESIGN' ));
ENDSEC;

DATA;
#1 = LINE ( 'NONE', #620, #879 ) ;
#2 = LINE ( 'NONE', #452, #694 ) ;
#3 = ORIENTED_EDGE ( 'NONE', *, *, #1263, .T. ) ;
#4 = DIRECTION ( 'NONE',  ( -1.000000000000000000, -4.818676322157799347E-16, 0.000000000000000000 ) ) ;
#5 = AXIS2_PLACEMENT_3D ( 'NONE', #1464, #1330, #223 ) ;
#6 = DIRECTION ( 'NONE',  ( -0.000000000000000000, 0.000000000000000000, 1.000000000000000000 ) ) ;
#7 = LINE ( 'NONE', #864, #117 ) ;
#8 = CARTESIAN_POINT ( 'NONE',  ( -0.4100000000000000311, 2.000000000000000444, 0.1349999999999999534 ) ) ;
#9 = EDGE_CURVE ( 'NONE', #1430, #172, #325, .T. ) ;
#10 = ORIENTED_EDGE ( 'NONE', *, *, #1554, .F. ) ;
#11 = CARTESIAN_POINT ( 'NONE',  ( -2.000000000000000444, -0.4100000000000003642, 0.6350000000000000089 ) ) ;
#12 = LINE ( 'NONE', #990, #637 ) ;
#13 = EDGE_CURVE ( 'NONE', #633, #1245, #198, .T. ) ;
#14 = EDGE_CURVE ( 'NONE', #344, #828, #98, .T. ) ;
#15 = FACE_OUTER_BOUND ( 'NONE', #561, .T. ) ;
#16 = EDGE_LOOP ( 'NONE', ( #1269, #526, #1165, #1388, #152 ) ) ;
#17 = DIRECTION ( 'NONE',  ( -1.000000000000000000, -3.067291018426574134E-16, 0.000000000000000000 ) ) ;
#18 = VECTOR ( 'NONE', #337, 100.0000000000000000 ) ;
#19 = DIRECTION ( 'NONE',  ( 0.000000000000000000, -1.000000000000000000, 0.000000000000000000 ) ) ;
#20 = DIRECTION ( 'NONE',  ( -1.000000000000000000, -6.816202263170164742E-17, 0.000000000000000000 ) ) ;
#21 = VERTEX_POINT ( 'NONE', #1564 ) ;
#22 = CARTESIAN_POINT ( 'NONE',  ( 0.000000000000000000, -0.3000000000000000444, 0.000000000000000000 ) ) ;
#23 = VECTOR ( 'NONE', #881, 100.0000000000000000 ) ;
#24 =( GEOMETRIC_REPRESENTATION_CONTEXT ( 3 ) GLOBAL_UNCERTAINTY_ASSIGNED_CONTEXT ( ( #764 ) ) GLOBAL_UNIT_ASSIGNED_CONTEXT ( ( #1449, #741, #343 ) ) REPRESENTATION_CONTEXT ( 'NONE', 'WORKASPACE' ) );
#25 = ADVANCED_FACE ( 'NONE', ( #495 ), #619, .F. ) ;
#26 = LINE ( 'NONE', #124, #1272 ) ;
#27 = CARTESIAN_POINT ( 'NONE',  ( 0.000000000000000000, 0.000000000000000000, 0.3175000000000000044 ) ) ;
#28 = ORIENTED_EDGE ( 'NONE', *, *, #14, .F. ) ;
#29 = DIRECTION ( 'NONE',  ( 4.818676322157799347E-16, -1.000000000000000000, 0.000000000000000000 ) ) ;
#30 = EDGE_CURVE ( 'NONE', #363, #901, #12, .T. ) ;
#31 = LINE ( 'NONE', #271, #66 ) ;
#32 = ORIENTED_EDGE ( 'NONE', *, *, #453, .F. ) ;
#33 = DIRECTION ( 'NONE',  ( 0.000000000000000000, -1.000000000000000000, 0.000000000000000000 ) ) ;
#34 = ORIENTED_EDGE ( 'NONE', *, *, #666, .T. ) ;
#35 = DIRECTION ( 'NONE',  ( 0.000000000000000000, -1.000000000000000000, 0.000000000000000000 ) ) ;
#36 = ORIENTED_EDGE ( 'NONE', *, *, #1086, .F. ) ;
#37 = LINE ( 'NONE', #1260, #1457 ) ;
#38 = VECTOR ( 'NONE', #869, 100.0000000000000000 ) ;
#39 = AXIS2_PLACEMENT_3D ( 'NONE', #1537, #1184, #1193 ) ;
#40 = ORIENTED_EDGE ( 'NONE', *, *, #720, .T. ) ;
#41 = CARTESIAN_POINT ( 'NONE',  ( -2.000000000000000444, -0.4100000000000003642, 0.1349999999999999534 ) ) ;
#42 = ORIENTED_EDGE ( 'NONE', *, *, #1308, .T. ) ;
#43 = PLANE ( 'NONE',  #1257 ) ;
#44 = DIRECTION ( 'NONE',  ( -0.8660254037844362651, 0.5000000000000042188, 0.000000000000000000 ) ) ;
#45 = ORIENTED_EDGE ( 'NONE', *, *, #30, .T. ) ;
#46 = LINE ( 'NONE', #1100, #190 ) ;
#47 = ORIENTED_EDGE ( 'NONE', *, *, #1025, .T. ) ;
#48 = FACE_OUTER_BOUND ( 'NONE', #859, .T. ) ;
#49 = ORIENTED_EDGE ( 'NONE', *, *, #1533, .T. ) ;
#50 = EDGE_CURVE ( 'NONE', #200, #1153, #215, .T. ) ;
#51 = CARTESIAN_POINT ( 'NONE',  ( 1.499999999999999778, 2.000000000000000444, 0.000000000000000000 ) ) ;
#52 = CARTESIAN_POINT ( 'NONE',  ( 2.000000000000000444, 0.4100000000000001421, 0.1349999999999999534 ) ) ;
#53 = ORIENTED_EDGE ( 'NONE', *, *, #258, .T. ) ;
#54 = CARTESIAN_POINT ( 'NONE',  ( 2.000000000000000444, -0.4099999999999999201, 0.1349999999999999534 ) ) ;
#55 = EDGE_CURVE ( 'NONE', #1153, #1448, #685, .T. ) ;
#56 = ORIENTED_EDGE ( 'NONE', *, *, #1099, .F. ) ;
#57 = DIRECTION ( 'NONE',  ( 0.000000000000000000, -1.000000000000000000, 0.000000000000000000 ) ) ;
#58 = ORIENTED_EDGE ( 'NONE', *, *, #122, .T. ) ;
#59 = FACE_OUTER_BOUND ( 'NONE', #156, .T. ) ;
#60 = CARTESIAN_POINT ( 'NONE',  ( -1.499999999999999334, -2.000000000000000888, 0.3175000000000000044 ) ) ;
#61 = ORIENTED_EDGE ( 'NONE', *, *, #965, .F. ) ;
#62 = ADVANCED_FACE ( 'NONE', ( #918 ), #1513, .F. ) ;
#63 = LINE ( 'NONE', #813, #814 ) ;
#64 = VECTOR ( 'NONE', #340, 100.0000000000000000 ) ;
#65 = ORIENTED_EDGE ( 'NONE', *, *, #241, .F. ) ;
#66 = VECTOR ( 'NONE', #646, 100.0000000000000000 ) ;
#67 = LINE ( 'NONE', #557, #625 ) ;
#68 = ORIENTED_EDGE ( 'NONE', *, *, #624, .T. ) ;
#69 = CARTESIAN_POINT ( 'NONE',  ( 0.000000000000000000, 0.000000000000000000, 0.6350000000000000089 ) ) ;
#70 = LINE ( 'NONE', #785, #615 ) ;
#71 = ORIENTED_EDGE ( 'NONE', *, *, #55, .T. ) ;
#72 = LINE ( 'NONE', #905, #264 ) ;
#73 = ADVANCED_FACE ( 'NONE', ( #549 ), #43, .F. ) ;
#74 = ORIENTED_EDGE ( 'NONE', *, *, #100, .F. ) ;
#75 = DIRECTION ( 'NONE',  ( 1.000000000000000000, 1.249637081581196951E-16, 0.000000000000000000 ) ) ;
#76 = ADVANCED_FACE ( 'NONE', ( #59 ), #311, .F. ) ;
#77 = ORIENTED_EDGE ( 'NONE', *, *, #965, .T. ) ;
#78 = CARTESIAN_POINT ( 'NONE',  ( -2.000000000000000000, -1.500000000000000888, 0.000000000000000000 ) ) ;
#79 = DIRECTION ( 'NONE',  ( -0.000000000000000000, 0.000000000000000000, 1.000000000000000000 ) ) ;
#80 = MECHANICAL_DESIGN_GEOMETRIC_PRESENTATION_REPRESENTATION (  '', ( #1131 ), #24 ) ;
#81 = ORIENTED_EDGE ( 'NONE', *, *, #354, .F. ) ;
#82 = CARTESIAN_POINT ( 'NONE',  ( 1.820000000000000506, 0.4100000000000000311, 0.1349999999999999534 ) ) ;
#83 = EDGE_CURVE ( 'NONE', #342, #237, #1291, .T. ) ;
#84 = ORIENTED_EDGE ( 'NONE', *, *, #1204, .T. ) ;
#85 = CARTESIAN_POINT ( 'NONE',  ( 0.000000000000000000, 0.000000000000000000, 0.000000000000000000 ) ) ;
#86 = ORIENTED_EDGE ( 'NONE', *, *, #1081, .T. ) ;
#87 = LINE ( 'NONE', #722, #1454 ) ;
#88 = DIRECTION ( 'NONE',  ( -0.5000000000000042188, -0.8660254037844362651, 0.000000000000000000 ) ) ;
#89 = VERTEX_POINT ( 'NONE', #51 ) ;
#90 = LINE ( 'NONE', #562, #882 ) ;
#91 = DIRECTION ( 'NONE',  ( -0.8660254037844361541, 0.5000000000000042188, 0.000000000000000000 ) ) ;
#92 = AXIS2_PLACEMENT_3D ( 'NONE', #41, #530, #1509 ) ;
#93 = ORIENTED_EDGE ( 'NONE', *, *, #1521, .F. ) ;
#94 = DIRECTION ( 'NONE',  ( 0.000000000000000000, 0.000000000000000000, -1.000000000000000000 ) ) ;
#95 = CARTESIAN_POINT ( 'NONE',  ( 0.7679571668975722076, 1.199999999999999956, 0.6350000000000000089 ) ) ;
#96 = ORIENTED_EDGE ( 'NONE', *, *, #518, .T. ) ;
#97 = CARTESIAN_POINT ( 'NONE',  ( 0.000000000000000000, 0.000000000000000000, 0.000000000000000000 ) ) ;
#98 = LINE ( 'NONE', #129, #132 ) ;
#99 = PLANE ( 'NONE',  #605 ) ;
#100 = EDGE_CURVE ( 'NONE', #204, #547, #1181, .T. ) ;
#101 = PLANE ( 'NONE',  #1011 ) ;
#102 = CARTESIAN_POINT ( 'NONE',  ( 0.7679571668975722076, 1.199999999999999956, 0.1349999999999999534 ) ) ;
#103 = ADVANCED_FACE ( 'NONE', ( #1282 ), #1266, .F. ) ;
#104 = ORIENTED_EDGE ( 'NONE', *, *, #766, .T. ) ;
#105 = LINE ( 'NONE', #589, #253 ) ;
#106 = AXIS2_PLACEMENT_3D ( 'NONE', #630, #158, #501 ) ;
#107 = EDGE_CURVE ( 'NONE', #698, #1463, #1146, .T. ) ;
#108 = PLANE ( 'NONE',  #682 ) ;
#109 = ADVANCED_FACE ( 'NONE', ( #183 ), #911, .T. ) ;
#110 = CARTESIAN_POINT ( 'NONE',  ( -1.820000000000000506, -0.4100000000000003086, 0.1349999999999999534 ) ) ;
#111 = CARTESIAN_POINT ( 'NONE',  ( 0.4100000000000003086, -2.000000000000000444, 0.1349999999999999534 ) ) ;
#112 = ORIENTED_EDGE ( 'NONE', *, *, #281, .F. ) ;
#113 = CARTESIAN_POINT ( 'NONE',  ( -0.7679571668975720966, -1.200000000000000178, 0.6350000000000000089 ) ) ;
#114 = DIRECTION ( 'NONE',  ( -1.000000000000000000, -6.816202263170164742E-17, 0.000000000000000000 ) ) ;
#115 = LINE ( 'NONE', #476, #756 ) ;
#116 = LINE ( 'NONE', #1191, #770 ) ;
#117 = VECTOR ( 'NONE', #546, 100.0000000000000000 ) ;
#118 = ORIENTED_EDGE ( 'NONE', *, *, #1377, .F. ) ;
#119 = AXIS2_PLACEMENT_3D ( 'NONE', #1063, #1545, #1414 ) ;
#120 = FILL_AREA_STYLE ('',( #718 ) ) ;
#121 = ORIENTED_EDGE ( 'NONE', *, *, #377, .F. ) ;
#122 = EDGE_CURVE ( 'NONE', #1378, #1281, #541, .T. ) ;
#123 = LINE ( 'NONE', #1227, #1248 ) ;
#124 = CARTESIAN_POINT ( 'NONE',  ( -2.000000000000000000, -1.500000000000000888, 0.6350000000000000089 ) ) ;
#125 = FACE_OUTER_BOUND ( 'NONE', #154, .T. ) ;
#126 = ADVANCED_FACE ( 'NONE', ( #679 ), #1384, .T. ) ;
#127 = ORIENTED_EDGE ( 'NONE', *, *, #1025, .F. ) ;
#128 = FACE_BOUND ( 'NONE', #180, .T. ) ;
#129 = CARTESIAN_POINT ( 'NONE',  ( -2.000000000000000888, 1.364999999999999991, 0.000000000000000000 ) ) ;
#130 = VECTOR ( 'NONE', #1578, 100.0000000000000000 ) ;
#131 = CIRCLE ( 'NONE', #1000, 2.500000000000000000 ) ;
#132 = VECTOR ( 'NONE', #1072, 100.0000000000000000 ) ;
#133 = DIRECTION ( 'NONE',  ( -1.000000000000000000, -1.136033710528360955E-16, 0.000000000000000000 ) ) ;
#134 = ORIENTED_EDGE ( 'NONE', *, *, #1478, .F. ) ;
#135 = LINE ( 'NONE', #769, #1109 ) ;
#136 = LINE ( 'NONE', #1468, #161 ) ;
#137 = DIRECTION ( 'NONE',  ( 0.000000000000000000, 1.000000000000000000, 0.000000000000000000 ) ) ;
#138 = ORIENTED_EDGE ( 'NONE', *, *, #50, .F. ) ;
#139 = VECTOR ( 'NONE', #164, 100.0000000000000000 ) ;
#140 = DIRECTION ( 'NONE',  ( -0.5000000000000045519, 0.8660254037844360431, 0.000000000000000000 ) ) ;
#141 = AXIS2_PLACEMENT_3D ( 'NONE', #153, #401, #1107 ) ;
#142 = CARTESIAN_POINT ( 'NONE',  ( 1.364999999999999991, 2.000000000000001776, 0.6350000000000000089 ) ) ;
#143 = EDGE_CURVE ( 'NONE', #731, #514, #783, .T. ) ;
#144 = ORIENTED_EDGE ( 'NONE', *, *, #581, .T. ) ;
#145 = DIRECTION ( 'NONE',  ( -0.000000000000000000, 0.000000000000000000, 1.000000000000000000 ) ) ;
#146 = CARTESIAN_POINT ( 'NONE',  ( -0.4099999999999997535, -2.000000000000000444, 0.1349999999999999534 ) ) ;
#147 = CLOSED_SHELL ( 'NONE', ( #163, #669, #313, #1556, #126, #1103, #983, #763, #1548, #883, #674, #76, #860, #73, #644, #214, #957, #740, #1168, #171, #602, #1410, #528, #574, #376, #789, #1338, #62, #968, #962, #1194, #703, #224, #580, #1261, #1494, #1106, #676, #1530, #1148, #1217, #1005, #103, #430, #109, #1526, #25, #1172 ) ) ;
#148 = FACE_OUTER_BOUND ( 'NONE', #647, .T. ) ;
#149 =( NAMED_UNIT ( * ) SI_UNIT ( $, .STERADIAN. ) SOLID_ANGLE_UNIT ( ) );
#150 = ORIENTED_EDGE ( 'NONE', *, *, #189, .T. ) ;
#151 = DIRECTION ( 'NONE',  ( 0.000000000000000000, 1.000000000000000000, 0.000000000000000000 ) ) ;
#152 = ORIENTED_EDGE ( 'NONE', *, *, #502, .F. ) ;
#153 = CARTESIAN_POINT ( 'NONE',  ( -0.7679571668975720966, -1.200000000000000178, 0.1349999999999999534 ) ) ;
#154 = EDGE_LOOP ( 'NONE', ( #1036, #1422, #1375, #748, #1443 ) ) ;
#155 = FACE_OUTER_BOUND ( 'NONE', #556, .T. ) ;
#156 = EDGE_LOOP ( 'NONE', ( #355, #1445, #782, #1524 ) ) ;
#157 = CARTESIAN_POINT ( 'NONE',  ( 0.000000000000000000, 0.000000000000000000, 0.000000000000000000 ) ) ;
#158 = DIRECTION ( 'NONE',  ( 1.931257307898213426E-16, -1.000000000000000000, 0.000000000000000000 ) ) ;
#159 = VERTEX_POINT ( 'NONE', #776 ) ;
#160 = CARTESIAN_POINT ( 'NONE',  ( 0.4100000000000001421, 2.000000000000000444, 0.1349999999999999534 ) ) ;
#161 = VECTOR ( 'NONE', #378, 100.0000000000000000 ) ;
#162 = ORIENTED_EDGE ( 'NONE', *, *, #193, .F. ) ;
#163 = ADVANCED_FACE ( 'NONE', ( #928 ), #426, .F. ) ;
#164 = DIRECTION ( 'NONE',  ( -1.000000000000000000, -2.312964634635742957E-16, 0.000000000000000000 ) ) ;
#165 = ORIENTED_EDGE ( 'NONE', *, *, #505, .T. ) ;
#166 = CARTESIAN_POINT ( 'NONE',  ( -1.820000000000000506, 0.4099999999999995870, 0.1349999999999999534 ) ) ;
#167 = DIRECTION ( 'NONE',  ( 0.000000000000000000, 0.000000000000000000, -1.000000000000000000 ) ) ;
#168 = EDGE_CURVE ( 'NONE', #344, #1580, #792, .T. ) ;
#169 = ORIENTED_EDGE ( 'NONE', *, *, #1519, .F. ) ;
#170 = FACE_OUTER_BOUND ( 'NONE', #16, .T. ) ;
#171 = ADVANCED_FACE ( 'NONE', ( #651 ), #1044, .F. ) ;
#172 = VERTEX_POINT ( 'NONE', #1522 ) ;
#173 = CARTESIAN_POINT ( 'NONE',  ( 1.365000000000002212, -1.365000000000000213, 0.3175000000000000044 ) ) ;
#174 = AXIS2_PLACEMENT_3D ( 'NONE', #1007, #749, #653 ) ;
#175 = ORIENTED_EDGE ( 'NONE', *, *, #143, .T. ) ;
#176 = DIRECTION ( 'NONE',  ( 1.000000000000000000, 4.818676322157798361E-16, 0.000000000000000000 ) ) ;
#177 = CARTESIAN_POINT ( 'NONE',  ( -16.63499999999999801, -1.364999999999999103, 0.6350000000000000089 ) ) ;
#178 = VERTEX_POINT ( 'NONE', #1026 ) ;
#179 = PLANE ( 'NONE',  #119 ) ;
#180 = EDGE_LOOP ( 'NONE', ( #285, #854 ) ) ;
#181 = DIRECTION ( 'NONE',  ( -0.000000000000000000, 0.000000000000000000, 1.000000000000000000 ) ) ;
#182 = ORIENTED_EDGE ( 'NONE', *, *, #878, .F. ) ;
#183 = FACE_OUTER_BOUND ( 'NONE', #616, .T. ) ;
#184 = CARTESIAN_POINT ( 'NONE',  ( 0.4100000000000000311, 2.000000000000000444, 0.6350000000000000089 ) ) ;
#185 = VERTEX_POINT ( 'NONE', #166 ) ;
#186 = PLANE ( 'NONE',  #759 ) ;
#187 = AXIS2_PLACEMENT_3D ( 'NONE', #1206, #573, #1065 ) ;
#188 = DIRECTION ( 'NONE',  ( -0.5000000000000042188, -0.8660254037844362651, 0.000000000000000000 ) ) ;
#189 = EDGE_CURVE ( 'NONE', #547, #314, #417, .T. ) ;
#190 = VECTOR ( 'NONE', #1496, 100.0000000000000000 ) ;
#191 = DIRECTION ( 'NONE',  ( 1.000000000000000000, 4.818676322157799347E-16, 0.000000000000000000 ) ) ;
#192 = EDGE_LOOP ( 'NONE', ( #551, #975, #1243, #1346 ) ) ;
#193 = EDGE_CURVE ( 'NONE', #945, #274, #87, .T. ) ;
#194 = DIRECTION ( 'NONE',  ( 0.000000000000000000, -1.000000000000000000, 0.000000000000000000 ) ) ;
#195 = DIRECTION ( 'NONE',  ( 0.000000000000000000, 1.000000000000000000, 0.000000000000000000 ) ) ;
#196 = ORIENTED_EDGE ( 'NONE', *, *, #1246, .T. ) ;
#197 = FACE_BOUND ( 'NONE', #1475, .T. ) ;
#198 = LINE ( 'NONE', #572, #232 ) ;
#199 = DIRECTION ( 'NONE',  ( -0.5000000000000042188, -0.8660254037844361541, 0.000000000000000000 ) ) ;
#200 = VERTEX_POINT ( 'NONE', #608 ) ;
#201 = LINE ( 'NONE', #820, #734 ) ;
#202 = LINE ( 'NONE', #1409, #895 ) ;
#203 = VECTOR ( 'NONE', #1385, 100.0000000000000000 ) ;
#204 = VERTEX_POINT ( 'NONE', #715 ) ;
#205 = DIRECTION ( 'NONE',  ( 0.000000000000000000, 0.000000000000000000, 1.000000000000000000 ) ) ;
#206 = VERTEX_POINT ( 'NONE', #937 ) ;
#207 = CARTESIAN_POINT ( 'NONE',  ( 0.000000000000000000, 0.000000000000000000, 0.3175000000000000044 ) ) ;
#208 = VERTEX_POINT ( 'NONE', #1207 ) ;
#209 = DIRECTION ( 'NONE',  ( 0.000000000000000000, 0.000000000000000000, 1.000000000000000000 ) ) ;
#210 = LINE ( 'NONE', #1340, #850 ) ;
#211 = VERTEX_POINT ( 'NONE', #227 ) ;
#212 = DIRECTION ( 'NONE',  ( 0.000000000000000000, -1.000000000000000000, 0.000000000000000000 ) ) ;
#213 = EDGE_CURVE ( 'NONE', #320, #1047, #1327, .T. ) ;
#214 = ADVANCED_FACE ( 'NONE', ( #1567 ), #101, .F. ) ;
#215 = LINE ( 'NONE', #1477, #1032 ) ;
#216 = AXIS2_PLACEMENT_3D ( 'NONE', #85, #591, #474 ) ;
#217 = LINE ( 'NONE', #1331, #712 ) ;
#218 = EDGE_CURVE ( 'NONE', #771, #1310, #729, .T. ) ;
#219 = VECTOR ( 'NONE', #1550, 100.0000000000000000 ) ;
#220 = CARTESIAN_POINT ( 'NONE',  ( 1.500000000000000666, -2.000000000000000000, 0.000000000000000000 ) ) ;
#221 = LINE ( 'NONE', #331, #1465 ) ;
#222 = ORIENTED_EDGE ( 'NONE', *, *, #1433, .F. ) ;
#223 = DIRECTION ( 'NONE',  ( 0.000000000000000000, 1.000000000000000000, 0.000000000000000000 ) ) ;
#224 = ADVANCED_FACE ( 'NONE', ( #1583 ), #1426, .F. ) ;
#225 = ORIENTED_EDGE ( 'NONE', *, *, #1577, .T. ) ;
#226 = DIRECTION ( 'NONE',  ( 0.000000000000000000, -1.000000000000000000, 0.000000000000000000 ) ) ;
#227 = CARTESIAN_POINT ( 'NONE',  ( -0.4099999999999996980, -1.820000000000000506, 0.1349999999999999534 ) ) ;
#228 = DIRECTION ( 'NONE',  ( 0.8660254037844362651, -0.5000000000000039968, 0.000000000000000000 ) ) ;
#229 = EDGE_CURVE ( 'NONE', #1580, #1024, #586, .T. ) ;
#230 = ORIENTED_EDGE ( 'NONE', *, *, #377, .T. ) ;
#231 = CARTESIAN_POINT ( 'NONE',  ( 0.7679571668975722076, 1.199999999999999956, 0.1349999999999999534 ) ) ;
#232 = VECTOR ( 'NONE', #1064, 100.0000000000000000 ) ;
#233 = VECTOR ( 'NONE', #1286, 100.0000000000000000 ) ;
#234 = DIRECTION ( 'NONE',  ( 1.000000000000000000, 0.000000000000000000, 0.000000000000000000 ) ) ;
#235 = DIRECTION ( 'NONE',  ( -0.000000000000000000, 0.000000000000000000, 1.000000000000000000 ) ) ;
#236 = DIRECTION ( 'NONE',  ( 0.000000000000000000, 0.000000000000000000, 1.000000000000000000 ) ) ;
#237 = VERTEX_POINT ( 'NONE', #1067 ) ;
#238 = DIRECTION ( 'NONE',  ( 0.8660254037844362651, -0.5000000000000039968, 0.000000000000000000 ) ) ;
#239 = EDGE_CURVE ( 'NONE', #795, #288, #115, .T. ) ;
#240 = FACE_OUTER_BOUND ( 'NONE', #713, .T. ) ;
#241 = EDGE_CURVE ( 'NONE', #342, #795, #329, .T. ) ;
#242 = PLANE ( 'NONE',  #1118 ) ;
#243 = DIRECTION ( 'NONE',  ( 0.000000000000000000, -1.000000000000000000, 0.000000000000000000 ) ) ;
#244 = AXIS2_PLACEMENT_3D ( 'NONE', #1190, #209, #956 ) ;
#245 = EDGE_CURVE ( 'NONE', #493, #1089, #836, .T. ) ;
#246 = VERTEX_POINT ( 'NONE', #1076 ) ;
#247 = DIRECTION ( 'NONE',  ( -0.000000000000000000, 0.000000000000000000, 1.000000000000000000 ) ) ;
#248 = CARTESIAN_POINT ( 'NONE',  ( -2.000000000000000444, -0.4100000000000003642, 0.6350000000000000089 ) ) ;
#249 = LINE ( 'NONE', #506, #597 ) ;
#250 = ORIENTED_EDGE ( 'NONE', *, *, #1579, .F. ) ;
#251 = DIRECTION ( 'NONE',  ( 0.000000000000000000, 0.000000000000000000, 1.000000000000000000 ) ) ;
#252 = AXIS2_PLACEMENT_3D ( 'NONE', #1453, #484, #349 ) ;
#253 = VECTOR ( 'NONE', #1105, 100.0000000000000000 ) ;
#254 = AXIS2_PLACEMENT_3D ( 'NONE', #1060, #659, #670 ) ;
#255 = DIRECTION ( 'NONE',  ( 0.000000000000000000, 0.000000000000000000, 1.000000000000000000 ) ) ;
#256 = ORIENTED_EDGE ( 'NONE', *, *, #934, .T. ) ;
#257 = CARTESIAN_POINT ( 'NONE',  ( -0.4100000000000000311, 2.000000000000000444, 0.6350000000000000089 ) ) ;
#258 = EDGE_CURVE ( 'NONE', #1450, #172, #1199, .T. ) ;
#259 = EDGE_CURVE ( 'NONE', #988, #302, #973, .T. ) ;
#260 = DIRECTION ( 'NONE',  ( -0.000000000000000000, 0.000000000000000000, 1.000000000000000000 ) ) ;
#261 = CARTESIAN_POINT ( 'NONE',  ( 1.500000000000000666, -2.000000000000000000, 0.6350000000000000089 ) ) ;
#262 = ORIENTED_EDGE ( 'NONE', *, *, #193, .T. ) ;
#263 = CARTESIAN_POINT ( 'NONE',  ( 1.365000000000002212, -1.365000000000000213, 0.3175000000000000044 ) ) ;
#264 = VECTOR ( 'NONE', #421, 100.0000000000000000 ) ;
#265 = DIRECTION ( 'NONE',  ( -2.312964634635742957E-16, 1.000000000000000000, 0.000000000000000000 ) ) ;
#266 = CARTESIAN_POINT ( 'NONE',  ( 2.000000000000000444, -1.499999999999999334, 0.3175000000000000044 ) ) ;
#267 = CARTESIAN_POINT ( 'NONE',  ( -1.999999999999999112, -1.364999999999997993, 0.3175000000000000044 ) ) ;
#268 = EDGE_LOOP ( 'NONE', ( #733, #371, #1504, #28 ) ) ;
#269 = CARTESIAN_POINT ( 'NONE',  ( -1.500000000000000222, 2.000000000000000444, 0.3175000000000000044 ) ) ;
#270 = EDGE_LOOP ( 'NONE', ( #805, #374, #1456, #822 ) ) ;
#271 = CARTESIAN_POINT ( 'NONE',  ( 1.199999999999999956, -0.7679571668975722076, 0.1349999999999999534 ) ) ;
#272 = VECTOR ( 'NONE', #1309, 100.0000000000000000 ) ;
#273 = AXIS2_PLACEMENT_3D ( 'NONE', #1283, #167, #195 ) ;
#274 = VERTEX_POINT ( 'NONE', #851 ) ;
#275 = CARTESIAN_POINT ( 'NONE',  ( 2.000000000000000444, 1.500000000000000666, 0.000000000000000000 ) ) ;
#276 = VERTEX_POINT ( 'NONE', #220 ) ;
#277 = CARTESIAN_POINT ( 'NONE',  ( 0.7679571668975722076, 1.199999999999999956, 0.1349999999999999534 ) ) ;
#278 = DIRECTION ( 'NONE',  ( 0.000000000000000000, 0.000000000000000000, 1.000000000000000000 ) ) ;
#279 = ORIENTED_EDGE ( 'NONE', *, *, #1498, .T. ) ;
#280 = CARTESIAN_POINT ( 'NONE',  ( -1.199999999999999956, -0.7679571668975725407, 0.1349999999999999534 ) ) ;
#281 = EDGE_CURVE ( 'NONE', #392, #21, #699, .T. ) ;
#282 = ORIENTED_EDGE ( 'NONE', *, *, #360, .T. ) ;
#283 = EDGE_CURVE ( 'NONE', #828, #603, #1220, .T. ) ;
#284 = CARTESIAN_POINT ( 'NONE',  ( 0.000000000000000000, 0.000000000000000000, 0.1349999999999999534 ) ) ;
#285 = ORIENTED_EDGE ( 'NONE', *, *, #213, .F. ) ;
#286 = DIRECTION ( 'NONE',  ( 0.000000000000000000, -1.000000000000000000, 0.000000000000000000 ) ) ;
#287 = LINE ( 'NONE', #560, #617 ) ;
#288 = VERTEX_POINT ( 'NONE', #442 ) ;
#289 = CARTESIAN_POINT ( 'NONE',  ( 0.000000000000000000, 0.000000000000000000, 0.000000000000000000 ) ) ;
#290 = VECTOR ( 'NONE', #790, 100.0000000000000000 ) ;
#291 = ORIENTED_EDGE ( 'NONE', *, *, #1288, .F. ) ;
#292 = DIRECTION ( 'NONE',  ( 0.5000000000000043299, 0.8660254037844362651, 0.000000000000000000 ) ) ;
#293 = ORIENTED_EDGE ( 'NONE', *, *, #746, .F. ) ;
#294 = CARTESIAN_POINT ( 'NONE',  ( 0.000000000000000000, 0.000000000000000000, 0.3175000000000000044 ) ) ;
#295 = CARTESIAN_POINT ( 'NONE',  ( 0.4100000000000000311, 2.000000000000000444, 0.1349999999999999534 ) ) ;
#296 = ORIENTED_EDGE ( 'NONE', *, *, #810, .T. ) ;
#297 = LINE ( 'NONE', #1402, #233 ) ;
#298 = EDGE_LOOP ( 'NONE', ( #71, #833, #994, #848 ) ) ;
#299 = AXIS2_PLACEMENT_3D ( 'NONE', #709, #730, #1077 ) ;
#300 = LINE ( 'NONE', #1161, #290 ) ;
#301 = VECTOR ( 'NONE', #611, 100.0000000000000000 ) ;
#302 = VERTEX_POINT ( 'NONE', #1339 ) ;
#303 = DIRECTION ( 'NONE',  ( -2.312964634635742957E-16, 1.000000000000000000, 0.000000000000000000 ) ) ;
#304 = CARTESIAN_POINT ( 'NONE',  ( 0.4100000000000001976, -1.820000000000000506, 0.1349999999999999534 ) ) ;
#305 = VERTEX_POINT ( 'NONE', #321 ) ;
#306 = DIRECTION ( 'NONE',  ( -0.8660254037844360431, -0.5000000000000045519, 0.000000000000000000 ) ) ;
#307 = ORIENTED_EDGE ( 'NONE', *, *, #638, .F. ) ;
#308 = EDGE_CURVE ( 'NONE', #305, #514, #201, .T. ) ;
#309 = LINE ( 'NONE', #781, #1247 ) ;
#310 = ORIENTED_EDGE ( 'NONE', *, *, #697, .T. ) ;
#311 = PLANE ( 'NONE',  #357 ) ;
#312 = LINE ( 'NONE', #821, #564 ) ;
#313 = ADVANCED_FACE ( 'NONE', ( #1436 ), #829, .T. ) ;
#314 = VERTEX_POINT ( 'NONE', #757 ) ;
#315 = FACE_OUTER_BOUND ( 'NONE', #904, .T. ) ;
#316 = AXIS2_PLACEMENT_3D ( 'NONE', #648, #1379, #33 ) ;
#317 = ORIENTED_EDGE ( 'NONE', *, *, #746, .T. ) ;
#318 = VECTOR ( 'NONE', #772, 100.0000000000000000 ) ;
#319 = CARTESIAN_POINT ( 'NONE',  ( -0.4099999999999999201, -2.000000000000000444, 0.1349999999999999534 ) ) ;
#320 = VERTEX_POINT ( 'NONE', #997 ) ;
#321 = CARTESIAN_POINT ( 'NONE',  ( -0.4099999999999996980, -1.820000000000000506, 0.6350000000000000089 ) ) ;
#322 = FACE_OUTER_BOUND ( 'NONE', #960, .T. ) ;
#323 = EDGE_LOOP ( 'NONE', ( #1538, #307, #1573, #450 ) ) ;
#324 = DIRECTION ( 'NONE',  ( 0.000000000000000000, -1.000000000000000000, 0.000000000000000000 ) ) ;
#325 = LINE ( 'NONE', #583, #1111 ) ;
#326 = DIRECTION ( 'NONE',  ( 0.000000000000000000, 0.000000000000000000, 1.000000000000000000 ) ) ;
#327 = EDGE_LOOP ( 'NONE', ( #369, #1167, #1051, #1015, #754, #1566, #693, #710, #49, #1536, #182, #175 ) ) ;
#328 = VECTOR ( 'NONE', #418, 100.0000000000000000 ) ;
#329 = LINE ( 'NONE', #946, #64 ) ;
#330 = EDGE_CURVE ( 'NONE', #1279, #200, #1003, .T. ) ;
#331 = CARTESIAN_POINT ( 'NONE',  ( -2.000000000000000444, -0.4100000000000003642, 0.1349999999999999534 ) ) ;
#332 = AXIS2_PLACEMENT_3D ( 'NONE', #673, #961, #604 ) ;
#333 = ORIENTED_EDGE ( 'NONE', *, *, #229, .F. ) ;
#334 = FACE_OUTER_BOUND ( 'NONE', #268, .T. ) ;
#335 = EDGE_CURVE ( 'NONE', #1508, #385, #496, .T. ) ;
#336 = ORIENTED_EDGE ( 'NONE', *, *, #100, .T. ) ;
#337 = DIRECTION ( 'NONE',  ( -0.000000000000000000, 0.000000000000000000, 1.000000000000000000 ) ) ;
#338 = EDGE_CURVE ( 'NONE', #185, #1508, #1481, .T. ) ;
#339 = ORIENTED_EDGE ( 'NONE', *, *, #241, .T. ) ;
#340 = DIRECTION ( 'NONE',  ( 3.067291018426574134E-16, -1.000000000000000000, 0.000000000000000000 ) ) ;
#341 = CARTESIAN_POINT ( 'NONE',  ( 0.7679571668975724297, -1.199999999999999956, 0.1349999999999999534 ) ) ;
#342 = VERTEX_POINT ( 'NONE', #142 ) ;
#343 =( NAMED_UNIT ( * ) SI_UNIT ( $, .STERADIAN. ) SOLID_ANGLE_UNIT ( ) );
#344 = VERTEX_POINT ( 'NONE', #1486 ) ;
#345 = CIRCLE ( 'NONE', #216, 2.500000000000000000 ) ;
#346 = CARTESIAN_POINT ( 'NONE',  ( 2.000000000000000444, 1.500000000000000666, 0.6350000000000000089 ) ) ;
#347 = AXIS2_PLACEMENT_3D ( 'NONE', #527, #856, #862 ) ;
#348 = DIRECTION ( 'NONE',  ( -0.5000000000000041078, -0.8660254037844363761, 0.000000000000000000 ) ) ;
#349 = DIRECTION ( 'NONE',  ( 0.000000000000000000, -1.000000000000000000, 0.000000000000000000 ) ) ;
#350 = ORIENTED_EDGE ( 'NONE', *, *, #1125, .F. ) ;
#351 = CARTESIAN_POINT ( 'NONE',  ( -1.364999999999998215, 1.364999999999999991, 0.3175000000000000044 ) ) ;
#352 = DIRECTION ( 'NONE',  ( -1.249637081581196951E-16, 1.000000000000000000, -0.000000000000000000 ) ) ;
#353 = CARTESIAN_POINT ( 'NONE',  ( 2.000000000000000444, 0.4100000000000001421, 0.1349999999999999534 ) ) ;
#354 = EDGE_CURVE ( 'NONE', #517, #1171, #26, .T. ) ;
#355 = ORIENTED_EDGE ( 'NONE', *, *, #1359, .T. ) ;
#356 = CARTESIAN_POINT ( 'NONE',  ( 0.4099999999999999201, 1.820000000000000506, 0.1349999999999999534 ) ) ;
#357 = AXIS2_PLACEMENT_3D ( 'NONE', #1163, #409, #1408 ) ;
#358 = EDGE_CURVE ( 'NONE', #1310, #342, #136, .T. ) ;
#359 = CARTESIAN_POINT ( 'NONE',  ( 1.364999999999999991, 1.364999999999998215, 0.6350000000000000089 ) ) ;
#360 = EDGE_CURVE ( 'NONE', #302, #178, #384, .T. ) ;
#361 = CARTESIAN_POINT ( 'NONE',  ( 1.500000000000000666, -2.000000000000000000, 0.6350000000000000089 ) ) ;
#362 = PLANE ( 'NONE',  #998 ) ;
#363 = VERTEX_POINT ( 'NONE', #1473 ) ;
#364 = FACE_OUTER_BOUND ( 'NONE', #1178, .T. ) ;
#365 = CARTESIAN_POINT ( 'NONE',  ( -16.63499999999999801, -1.364999999999999103, 0.3175000000000000044 ) ) ;
#366 = DIRECTION ( 'NONE',  ( -1.000000000000000000, -1.136033710528360955E-16, 0.000000000000000000 ) ) ;
#367 = DIRECTION ( 'NONE',  ( 0.000000000000000000, 0.000000000000000000, -1.000000000000000000 ) ) ;
#368 = AXIS2_PLACEMENT_3D ( 'NONE', #1317, #94, #631 ) ;
#369 = ORIENTED_EDGE ( 'NONE', *, *, #448, .T. ) ;
#370 = PLANE ( 'NONE',  #174 ) ;
#371 = ORIENTED_EDGE ( 'NONE', *, *, #1313, .F. ) ;
#372 = LINE ( 'NONE', #248, #38 ) ;
#373 = CARTESIAN_POINT ( 'NONE',  ( 0.000000000000000000, 0.000000000000000000, 0.6350000000000000089 ) ) ;
#374 = ORIENTED_EDGE ( 'NONE', *, *, #1313, .T. ) ;
#375 = CARTESIAN_POINT ( 'NONE',  ( 2.000000000000000444, -1.365000000000000213, 0.000000000000000000 ) ) ;
#376 = ADVANCED_FACE ( 'NONE', ( #148 ), #242, .F. ) ;
#377 = EDGE_CURVE ( 'NONE', #1079, #246, #1228, .T. ) ;
#378 = DIRECTION ( 'NONE',  ( 1.000000000000000000, 0.000000000000000000, 0.000000000000000000 ) ) ;
#379 = CARTESIAN_POINT ( 'NONE',  ( 2.000000000000000444, 1.500000000000000666, 0.6350000000000000089 ) ) ;
#380 = EDGE_CURVE ( 'NONE', #896, #945, #1350, .T. ) ;
#381 = ORIENTED_EDGE ( 'NONE', *, *, #1002, .T. ) ;
#382 = CARTESIAN_POINT ( 'NONE',  ( 1.500000000000000444, -1.999999999999999778, 0.3175000000000000044 ) ) ;
#383 = EDGE_CURVE ( 'NONE', #1171, #1139, #372, .T. ) ;
#384 = LINE ( 'NONE', #986, #1497 ) ;
#385 = VERTEX_POINT ( 'NONE', #752 ) ;
#386 = VECTOR ( 'NONE', #449, 100.0000000000000000 ) ;
#387 = LINE ( 'NONE', #1367, #725 ) ;
#388 = DIRECTION ( 'NONE',  ( 1.000000000000000000, 0.000000000000000000, 0.000000000000000000 ) ) ;
#389 = VECTOR ( 'NONE', #226, 100.0000000000000000 ) ;
#390 = ORIENTED_EDGE ( 'NONE', *, *, #502, .T. ) ;
#391 = DIRECTION ( 'NONE',  ( 0.000000000000000000, 1.000000000000000000, 0.000000000000000000 ) ) ;
#392 = VERTEX_POINT ( 'NONE', #266 ) ;
#393 = CARTESIAN_POINT ( 'NONE',  ( -0.4099999999999997535, -2.000000000000000444, 0.6350000000000000089 ) ) ;
#394 = DIRECTION ( 'NONE',  ( -2.312964634635742957E-16, 1.000000000000000000, 0.000000000000000000 ) ) ;
#395 = ORIENTED_EDGE ( 'NONE', *, *, #107, .T. ) ;
#396 = EDGE_CURVE ( 'NONE', #437, #1024, #765, .T. ) ;
#397 = DIRECTION ( 'NONE',  ( -0.000000000000000000, 0.000000000000000000, 1.000000000000000000 ) ) ;
#398 = FACE_OUTER_BOUND ( 'NONE', #405, .T. ) ;
#399 = CARTESIAN_POINT ( 'NONE',  ( 0.7679571668975722076, 1.199999999999999956, 0.6350000000000000089 ) ) ;
#400 = ORIENTED_EDGE ( 'NONE', *, *, #1242, .T. ) ;
#401 = DIRECTION ( 'NONE',  ( -2.258880508902365962E-16, 1.000000000000000000, 0.000000000000000000 ) ) ;
#402 = EDGE_CURVE ( 'NONE', #21, #1237, #1241, .T. ) ;
#403 = VECTOR ( 'NONE', #809, 100.0000000000000000 ) ;
#404 = VECTOR ( 'NONE', #1588, 100.0000000000000142 ) ;
#405 = EDGE_LOOP ( 'NONE', ( #56, #1284, #1328, #296, #293 ) ) ;
#406 = LINE ( 'NONE', #1152, #139 ) ;
#407 = EDGE_CURVE ( 'NONE', #237, #633, #1, .T. ) ;
#408 = ORIENTED_EDGE ( 'NONE', *, *, #1503, .F. ) ;
#409 = DIRECTION ( 'NONE',  ( 1.000000000000000000, -4.818676322157798361E-16, 0.000000000000000000 ) ) ;
#410 = AXIS2_PLACEMENT_3D ( 'NONE', #1013, #243, #498 ) ;
#411 = DIRECTION ( 'NONE',  ( -4.818676322157799347E-16, 1.000000000000000000, 0.000000000000000000 ) ) ;
#412 = ORIENTED_EDGE ( 'NONE', *, *, #1355, .T. ) ;
#413 = DIRECTION ( 'NONE',  ( -0.000000000000000000, 0.000000000000000000, 1.000000000000000000 ) ) ;
#414 = VERTEX_POINT ( 'NONE', #992 ) ;
#415 = CARTESIAN_POINT ( 'NONE',  ( -1.999999999999999112, -1.364999999999997993, 0.6350000000000000089 ) ) ;
#416 = VERTEX_POINT ( 'NONE', #875 ) ;
#417 = LINE ( 'NONE', #459, #489 ) ;
#418 = DIRECTION ( 'NONE',  ( -0.000000000000000000, 0.000000000000000000, 1.000000000000000000 ) ) ;
#419 = ORIENTED_EDGE ( 'NONE', *, *, #524, .F. ) ;
#420 = AXIS2_PLACEMENT_3D ( 'NONE', #284, #890, #1169 ) ;
#421 = DIRECTION ( 'NONE',  ( 0.000000000000000000, 0.000000000000000000, -1.000000000000000000 ) ) ;
#422 = AXIS2_PLACEMENT_3D ( 'NONE', #1315, #1460, #440 ) ;
#423 = ORIENTED_EDGE ( 'NONE', *, *, #218, .T. ) ;
#424 = CARTESIAN_POINT ( 'NONE',  ( 1.500000000000000666, -2.000000000000000000, 0.3175000000000000044 ) ) ;
#425 = VERTEX_POINT ( 'NONE', #1357 ) ;
#426 = CYLINDRICAL_SURFACE ( 'NONE', #923, 0.3000000000000000444 ) ;
#427 = LINE ( 'NONE', #295, #721 ) ;
#428 = ORIENTED_EDGE ( 'NONE', *, *, #1078, .F. ) ;
#429 = LINE ( 'NONE', #579, #628 ) ;
#430 = ADVANCED_FACE ( 'NONE', ( #15 ), #1121, .F. ) ;
#431 = ORIENTED_EDGE ( 'NONE', *, *, #1533, .F. ) ;
#432 = AXIS2_PLACEMENT_3D ( 'NONE', #304, #550, #1053 ) ;
#433 = CARTESIAN_POINT ( 'NONE',  ( 1.365000000000002212, -1.999999999999999112, 0.3175000000000000044 ) ) ;
#434 = VERTEX_POINT ( 'NONE', #1249 ) ;
#435 = DIRECTION ( 'NONE',  ( -0.000000000000000000, 0.000000000000000000, 1.000000000000000000 ) ) ;
#436 = PLANE ( 'NONE',  #273 ) ;
#437 = VERTEX_POINT ( 'NONE', #979 ) ;
#438 = DIRECTION ( 'NONE',  ( -0.5000000000000042188, 0.8660254037844362651, -0.000000000000000000 ) ) ;
#439 = DIRECTION ( 'NONE',  ( -0.000000000000000000, 0.000000000000000000, 1.000000000000000000 ) ) ;
#440 = DIRECTION ( 'NONE',  ( -2.258880508902365962E-16, 1.000000000000000000, 0.000000000000000000 ) ) ;
#441 = ORIENTED_EDGE ( 'NONE', *, *, #650, .T. ) ;
#442 = CARTESIAN_POINT ( 'NONE',  ( 2.000000000000001776, 1.364999999999998437, 0.6350000000000000089 ) ) ;
#443 = DIRECTION ( 'NONE',  ( -1.000000000000000000, -6.816202263170164742E-17, 0.000000000000000000 ) ) ;
#444 = ORIENTED_EDGE ( 'NONE', *, *, #1575, .T. ) ;
#445 = FACE_OUTER_BOUND ( 'NONE', #773, .T. ) ;
#446 = VECTOR ( 'NONE', #1344, 100.0000000000000000 ) ;
#447 = ORIENTED_EDGE ( 'NONE', *, *, #1081, .F. ) ;
#448 = EDGE_CURVE ( 'NONE', #514, #206, #1110, .T. ) ;
#449 = DIRECTION ( 'NONE',  ( -1.000000000000000000, 4.818676322157799347E-16, -0.000000000000000000 ) ) ;
#450 = ORIENTED_EDGE ( 'NONE', *, *, #1364, .T. ) ;
#451 = DIRECTION ( 'NONE',  ( -4.818676322157799347E-16, -1.000000000000000000, 0.000000000000000000 ) ) ;
#452 = CARTESIAN_POINT ( 'NONE',  ( -1.500000000000000222, 2.000000000000000444, 0.3175000000000000044 ) ) ;
#453 = EDGE_CURVE ( 'NONE', #1366, #363, #7, .T. ) ;
#454 = ORIENTED_EDGE ( 'NONE', *, *, #143, .F. ) ;
#455 = CARTESIAN_POINT ( 'NONE',  ( -1.364999999999997549, -16.63499999999999801, 0.3175000000000000044 ) ) ;
#456 = EDGE_CURVE ( 'NONE', #211, #731, #519, .T. ) ;
#457 = CARTESIAN_POINT ( 'NONE',  ( -2.000000000000000444, 0.4099999999999996980, 0.6350000000000000089 ) ) ;
#458 = EDGE_LOOP ( 'NONE', ( #1532, #645, #412, #471, #225, #807 ) ) ;
#459 = CARTESIAN_POINT ( 'NONE',  ( -2.000000000000000888, 1.499999999999999112, 0.000000000000000000 ) ) ;
#460 = LINE ( 'NONE', #341, #747 ) ;
#461 = AXIS2_PLACEMENT_3D ( 'NONE', #643, #140, #1117 ) ;
#462 = VECTOR ( 'NONE', #1542, 100.0000000000000000 ) ;
#463 = ORIENTED_EDGE ( 'NONE', *, *, #1336, .F. ) ;
#464 = APPLICATION_CONTEXT ( 'automotive_design' ) ;
#465 = SURFACE_STYLE_USAGE ( .BOTH. , #855 ) ;
#466 =( GEOMETRIC_REPRESENTATION_CONTEXT ( 3 ) GLOBAL_UNCERTAINTY_ASSIGNED_CONTEXT ( ( #1135 ) ) GLOBAL_UNIT_ASSIGNED_CONTEXT ( ( #1255, #627, #149 ) ) REPRESENTATION_CONTEXT ( 'NONE', 'WORKASPACE' ) );
#467 = EDGE_LOOP ( 'NONE', ( #53, #1488, #291, #704 ) ) ;
#468 = CARTESIAN_POINT ( 'NONE',  ( -1.364999999999999991, 16.63499999999999801, 0.3175000000000000044 ) ) ;
#469 = DIRECTION ( 'NONE',  ( 1.000000000000000000, 2.385670792109557660E-16, 0.000000000000000000 ) ) ;
#470 = CARTESIAN_POINT ( 'NONE',  ( -0.7679571668975720966, -1.200000000000000178, 0.6350000000000000089 ) ) ;
#471 = ORIENTED_EDGE ( 'NONE', *, *, #1478, .T. ) ;
#472 = DIRECTION ( 'NONE',  ( -1.000000000000000000, -2.258880508902365962E-16, 0.000000000000000000 ) ) ;
#473 = CIRCLE ( 'NONE', #316, 0.3000000000000000444 ) ;
#474 = DIRECTION ( 'NONE',  ( 0.000000000000000000, -1.000000000000000000, 0.000000000000000000 ) ) ;
#475 = VECTOR ( 'NONE', #1349, 100.0000000000000000 ) ;
#476 = CARTESIAN_POINT ( 'NONE',  ( 16.63499999999999801, 1.365000000000001101, 0.6350000000000000089 ) ) ;
#477 = LINE ( 'NONE', #967, #1440 ) ;
#478 = EDGE_CURVE ( 'NONE', #1151, #786, #473, .T. ) ;
#479 = ORIENTED_EDGE ( 'NONE', *, *, #383, .T. ) ;
#480 = CARTESIAN_POINT ( 'NONE',  ( -1.365000000000000213, -1.364999999999997993, 0.3175000000000000044 ) ) ;
#481 = EDGE_CURVE ( 'NONE', #899, #1281, #1518, .T. ) ;
#482 = CARTESIAN_POINT ( 'NONE',  ( 0.4099999999999999201, 1.820000000000000506, 0.1349999999999999534 ) ) ;
#483 = DIRECTION ( 'NONE',  ( -1.136033710528360955E-16, 1.000000000000000000, 0.000000000000000000 ) ) ;
#484 = DIRECTION ( 'NONE',  ( 0.000000000000000000, 0.000000000000000000, 1.000000000000000000 ) ) ;
#485 = AXIS2_PLACEMENT_3D ( 'NONE', #1128, #394, #1358 ) ;
#486 = ORIENTED_EDGE ( 'NONE', *, *, #1459, .T. ) ;
#487 = VECTOR ( 'NONE', #238, 100.0000000000000142 ) ;
#488 = LINE ( 'NONE', #113, #797 ) ;
#489 = VECTOR ( 'NONE', #235, 100.0000000000000000 ) ;
#490 = CARTESIAN_POINT ( 'NONE',  ( -2.000000000000000444, 0.4099999999999996980, 0.1349999999999999534 ) ) ;
#491 = CARTESIAN_POINT ( 'NONE',  ( -2.000000000000000444, 0.4099999999999996980, 0.1349999999999999534 ) ) ;
#492 = LINE ( 'NONE', #379, #1411 ) ;
#493 = VERTEX_POINT ( 'NONE', #1012 ) ;
#494 = PLANE ( 'NONE',  #461 ) ;
#495 = FACE_OUTER_BOUND ( 'NONE', #687, .T. ) ;
#496 = LINE ( 'NONE', #1254, #1170 ) ;
#497 = EDGE_CURVE ( 'NONE', #276, #1176, #309, .T. ) ;
#498 = DIRECTION ( 'NONE',  ( 1.000000000000000000, 0.000000000000000000, 0.000000000000000000 ) ) ;
#499 = VECTOR ( 'NONE', #1565, 100.0000000000000142 ) ;
#500 = ORIENTED_EDGE ( 'NONE', *, *, #330, .F. ) ;
#501 = DIRECTION ( 'NONE',  ( 1.000000000000000000, 1.931257307898213426E-16, 0.000000000000000000 ) ) ;
#502 = EDGE_CURVE ( 'NONE', #425, #1245, #1289, .T. ) ;
#503 = EDGE_CURVE ( 'NONE', #1237, #246, #1501, .T. ) ;
#504 = CARTESIAN_POINT ( 'NONE',  ( 16.63499999999999801, -1.364999999999998437, 0.3175000000000000044 ) ) ;
#505 = EDGE_CURVE ( 'NONE', #211, #305, #300, .T. ) ;
#506 = CARTESIAN_POINT ( 'NONE',  ( -1.820000000000000506, -0.4100000000000003086, 0.1349999999999999534 ) ) ;
#507 = VERTEX_POINT ( 'NONE', #799 ) ;
#508 = CARTESIAN_POINT ( 'NONE',  ( 2.000000000000000444, -0.4099999999999999201, 0.6350000000000000089 ) ) ;
#509 = AXIS2_PLACEMENT_3D ( 'NONE', #27, #753, #137 ) ;
#510 = ORIENTED_EDGE ( 'NONE', *, *, #245, .F. ) ;
#511 = AXIS2_PLACEMENT_3D ( 'NONE', #761, #1252, #885 ) ;
#512 = DIRECTION ( 'NONE',  ( -0.8660254037844360431, -0.5000000000000045519, 0.000000000000000000 ) ) ;
#513 = FACE_OUTER_BOUND ( 'NONE', #1057, .T. ) ;
#514 = VERTEX_POINT ( 'NONE', #393 ) ;
#515 = LINE ( 'NONE', #22, #695 ) ;
#516 = PLANE ( 'NONE',  #971 ) ;
#517 = VERTEX_POINT ( 'NONE', #415 ) ;
#518 = EDGE_CURVE ( 'NONE', #204, #1298, #916, .T. ) ;
#519 = LINE ( 'NONE', #667, #784 ) ;
#520 = APPLICATION_PROTOCOL_DEFINITION ( 'draft international standard', 'automotive_design', 1998, #599 ) ;
#521 = ORIENTED_EDGE ( 'NONE', *, *, #1521, .T. ) ;
#522 = VECTOR ( 'NONE', #1280, 100.0000000000000000 ) ;
#523 = CARTESIAN_POINT ( 'NONE',  ( -1.820000000000000506, -0.4100000000000003086, 0.6350000000000000089 ) ) ;
#524 = EDGE_CURVE ( 'NONE', #575, #668, #1389, .T. ) ;
#525 = AXIS2_PLACEMENT_3D ( 'NONE', #207, #935, #1423 ) ;
#526 = ORIENTED_EDGE ( 'NONE', *, *, #1240, .F. ) ;
#527 = CARTESIAN_POINT ( 'NONE',  ( 2.000000000000000444, -0.4099999999999999201, 0.1349999999999999534 ) ) ;
#528 = ADVANCED_FACE ( 'NONE', ( #539 ), #677, .F. ) ;
#529 = ORIENTED_EDGE ( 'NONE', *, *, #1482, .F. ) ;
#530 = DIRECTION ( 'NONE',  ( 4.818676322157798361E-16, -1.000000000000000000, 0.000000000000000000 ) ) ;
#531 = ORIENTED_EDGE ( 'NONE', *, *, #1480, .F. ) ;
#532 = DIRECTION ( 'NONE',  ( 1.000000000000000000, 2.385670792109557660E-16, 0.000000000000000000 ) ) ;
#533 = DIRECTION ( 'NONE',  ( 0.000000000000000000, 0.000000000000000000, 1.000000000000000000 ) ) ;
#534 = EDGE_LOOP ( 'NONE', ( #1415, #1395, #1162, #1017, #1062, #701, #1398, #1506, #1495, #10, #463, #423 ) ) ;
#535 = LINE ( 'NONE', #1472, #475 ) ;
#536 = VECTOR ( 'NONE', #1584, 100.0000000000000000 ) ;
#537 = PRESENTATION_LAYER_ASSIGNMENT (  '', '', ( #1131 ) ) ;
#538 = ORIENTED_EDGE ( 'NONE', *, *, #1120, .F. ) ;
#539 = FACE_OUTER_BOUND ( 'NONE', #1029, .T. ) ;
#540 = ORIENTED_EDGE ( 'NONE', *, *, #996, .T. ) ;
#541 = LINE ( 'NONE', #1391, #462 ) ;
#542 = LINE ( 'NONE', #1038, #328 ) ;
#543 = ORIENTED_EDGE ( 'NONE', *, *, #1362, .F. ) ;
#544 = LINE ( 'NONE', #571, #1499 ) ;
#545 = ORIENTED_EDGE ( 'NONE', *, *, #1078, .T. ) ;
#546 = DIRECTION ( 'NONE',  ( 0.000000000000000000, 1.000000000000000000, 0.000000000000000000 ) ) ;
#547 = VERTEX_POINT ( 'NONE', #1023 ) ;
#548 = EDGE_CURVE ( 'NONE', #416, #159, #1539, .T. ) ;
#549 = FACE_OUTER_BOUND ( 'NONE', #298, .T. ) ;
#550 = DIRECTION ( 'NONE',  ( 0.8660254037844363761, -0.5000000000000041078, 0.000000000000000000 ) ) ;
#551 = ORIENTED_EDGE ( 'NONE', *, *, #932, .T. ) ;
#552 = VECTOR ( 'NONE', #1576, 100.0000000000000000 ) ;
#553 = PLANE ( 'NONE',  #39 ) ;
#554 = VECTOR ( 'NONE', #1516, 100.0000000000000000 ) ;
#555 = EDGE_CURVE ( 'NONE', #1559, #517, #67, .T. ) ;
#556 = EDGE_LOOP ( 'NONE', ( #1544, #454, #1141, #165 ) ) ;
#557 = CARTESIAN_POINT ( 'NONE',  ( -2.000000000000000000, -1.364999999999997993, 0.000000000000000000 ) ) ;
#558 = VERTEX_POINT ( 'NONE', #433 ) ;
#559 = CARTESIAN_POINT ( 'NONE',  ( -0.4099999999999997535, -2.000000000000000444, 0.1349999999999999534 ) ) ;
#560 = CARTESIAN_POINT ( 'NONE',  ( 0.4100000000000003086, -2.000000000000000444, 0.1349999999999999534 ) ) ;
#561 = EDGE_LOOP ( 'NONE', ( #230, #1352, #595, #1569 ) ) ;
#562 = CARTESIAN_POINT ( 'NONE',  ( -2.000000000000000000, -1.500000000000000888, 0.3175000000000000044 ) ) ;
#563 = VERTEX_POINT ( 'NONE', #925 ) ;
#564 = VECTOR ( 'NONE', #1182, 100.0000000000000000 ) ;
#565 = CARTESIAN_POINT ( 'NONE',  ( 1.364999999999999991, 1.364999999999998215, 0.3175000000000000044 ) ) ;
#566 = VECTOR ( 'NONE', #388, 100.0000000000000000 ) ;
#567 = ORIENTED_EDGE ( 'NONE', *, *, #751, .T. ) ;
#568 = CARTESIAN_POINT ( 'NONE',  ( 1.364999999999999769, 2.000000000000000444, 0.000000000000000000 ) ) ;
#569 = DIRECTION ( 'NONE',  ( -1.000000000000000000, 0.000000000000000000, 0.000000000000000000 ) ) ;
#570 = ORIENTED_EDGE ( 'NONE', *, *, #816, .F. ) ;
#571 = CARTESIAN_POINT ( 'NONE',  ( -1.820000000000000506, 0.4099999999999995870, 0.6350000000000000089 ) ) ;
#572 = CARTESIAN_POINT ( 'NONE',  ( 16.63499999999999801, 1.365000000000001101, 0.3175000000000000044 ) ) ;
#573 = DIRECTION ( 'NONE',  ( 0.000000000000000000, 0.000000000000000000, -1.000000000000000000 ) ) ;
#574 = ADVANCED_FACE ( 'NONE', ( #155 ), #1035, .F. ) ;
#575 = VERTEX_POINT ( 'NONE', #1136 ) ;
#576 = DIRECTION ( 'NONE',  ( 0.5000000000000039968, 0.8660254037844362651, 0.000000000000000000 ) ) ;
#577 = LINE ( 'NONE', #724, #1028 ) ;
#578 = ORIENTED_EDGE ( 'NONE', *, *, #816, .T. ) ;
#579 = CARTESIAN_POINT ( 'NONE',  ( 1.500000000000000666, -2.000000000000000000, 0.3175000000000000044 ) ) ;
#580 = ADVANCED_FACE ( 'NONE', ( #1264 ), #1144, .F. ) ;
#581 = EDGE_CURVE ( 'NONE', #276, #1378, #406, .T. ) ;
#582 = AXIS2_PLACEMENT_3D ( 'NONE', #504, #483, #366 ) ;
#583 = CARTESIAN_POINT ( 'NONE',  ( -1.200000000000000178, 0.7679571668975719856, 0.1349999999999999534 ) ) ;
#584 = DIRECTION ( 'NONE',  ( -0.000000000000000000, 0.000000000000000000, 1.000000000000000000 ) ) ;
#585 = ORIENTED_EDGE ( 'NONE', *, *, #794, .T. ) ;
#586 = LINE ( 'NONE', #1446, #1348 ) ;
#587 = LINE ( 'NONE', #1200, #1510 ) ;
#588 = EDGE_LOOP ( 'NONE', ( #930, #889, #1134, #1324 ) ) ;
#589 = CARTESIAN_POINT ( 'NONE',  ( -1.364999999999997549, -16.63499999999999801, 0.6350000000000000089 ) ) ;
#590 = EDGE_LOOP ( 'NONE', ( #1059, #1259, #886, #400 ) ) ;
#591 = DIRECTION ( 'NONE',  ( 0.000000000000000000, 0.000000000000000000, 1.000000000000000000 ) ) ;
#592 = DIRECTION ( 'NONE',  ( 4.818676322157798361E-16, -1.000000000000000000, 0.000000000000000000 ) ) ;
#593 = CARTESIAN_POINT ( 'NONE',  ( -1.200000000000000178, 0.7679571668975719856, 0.1349999999999999534 ) ) ;
#594 = AXIS2_PLACEMENT_3D ( 'NONE', #289, #787, #1278 ) ;
#595 = ORIENTED_EDGE ( 'NONE', *, *, #402, .F. ) ;
#596 = LINE ( 'NONE', #231, #301 ) ;
#597 = VECTOR ( 'NONE', #865, 100.0000000000000000 ) ;
#598 = PLANE ( 'NONE',  #1368 ) ;
#599 = APPLICATION_CONTEXT ( 'automotive_design' ) ;
#600 = CARTESIAN_POINT ( 'NONE',  ( 0.4100000000000000311, 2.000000000000000444, 0.1349999999999999534 ) ) ;
#601 = DIRECTION ( 'NONE',  ( 0.5000000000000039968, 0.8660254037844362651, 0.000000000000000000 ) ) ;
#602 = ADVANCED_FACE ( 'NONE', ( #48 ), #909, .F. ) ;
#603 = VERTEX_POINT ( 'NONE', #351 ) ;
#604 = DIRECTION ( 'NONE',  ( 0.000000000000000000, 1.000000000000000000, 0.000000000000000000 ) ) ;
#605 = AXIS2_PLACEMENT_3D ( 'NONE', #468, #75, #964 ) ;
#606 = CARTESIAN_POINT ( 'NONE',  ( -0.4099999999999996980, -1.820000000000000506, 0.6350000000000000089 ) ) ;
#607 = VECTOR ( 'NONE', #1140, 100.0000000000000000 ) ;
#608 = CARTESIAN_POINT ( 'NONE',  ( -0.4099999999999999201, 1.820000000000000506, 0.6350000000000000089 ) ) ;
#609 = CARTESIAN_POINT ( 'NONE',  ( -2.000000000000000444, 0.4099999999999997535, 0.1349999999999999534 ) ) ;
#610 = ORIENTED_EDGE ( 'NONE', *, *, #751, .F. ) ;
#611 = DIRECTION ( 'NONE',  ( 1.000000000000000000, 0.000000000000000000, 0.000000000000000000 ) ) ;
#612 = DIRECTION ( 'NONE',  ( -2.312964634635742957E-16, 1.000000000000000000, 0.000000000000000000 ) ) ;
#613 = DIRECTION ( 'NONE',  ( 0.5000000000000045519, -0.8660254037844360431, 0.000000000000000000 ) ) ;
#614 = PLANE ( 'NONE',  #509 ) ;
#615 = VECTOR ( 'NONE', #44, 100.0000000000000142 ) ;
#616 = EDGE_LOOP ( 'NONE', ( #256, #521, #1295, #1074, #1412 ) ) ;
#617 = VECTOR ( 'NONE', #79, 100.0000000000000000 ) ;
#618 = PRESENTATION_STYLE_ASSIGNMENT (( #465 ) ) ;
#619 = PLANE ( 'NONE',  #874 ) ;
#620 = CARTESIAN_POINT ( 'NONE',  ( 1.364999999999995328, 16.63499999999999801, 0.3175000000000000044 ) ) ;
#621 = EDGE_CURVE ( 'NONE', #208, #778, #1305, .T. ) ;
#622 = EDGE_LOOP ( 'NONE', ( #150, #40, #419, #1265 ) ) ;
#623 = CARTESIAN_POINT ( 'NONE',  ( 0.000000000000000000, 0.000000000000000000, 0.3175000000000000044 ) ) ;
#624 = EDGE_CURVE ( 'NONE', #1512, #1041, #849, .T. ) ;
#625 = VECTOR ( 'NONE', #1273, 100.0000000000000000 ) ;
#626 = CARTESIAN_POINT ( 'NONE',  ( 16.63499999999999801, -1.364999999999998437, 0.3175000000000000044 ) ) ;
#627 =( NAMED_UNIT ( * ) PLANE_ANGLE_UNIT ( ) SI_UNIT ( $, .RADIAN. ) );
#628 = VECTOR ( 'NONE', #804, 100.0000000000000000 ) ;
#629 = ORIENTED_EDGE ( 'NONE', *, *, #1033, .F. ) ;
#630 = CARTESIAN_POINT ( 'NONE',  ( 16.63499999999999801, 1.365000000000001101, 0.3175000000000000044 ) ) ;
#631 = DIRECTION ( 'NONE',  ( 0.000000000000000000, 1.000000000000000000, 0.000000000000000000 ) ) ;
#632 = LINE ( 'NONE', #261, #23 ) ;
#633 = VERTEX_POINT ( 'NONE', #565 ) ;
#634 = DIRECTION ( 'NONE',  ( 0.000000000000000000, 0.000000000000000000, -1.000000000000000000 ) ) ;
#635 = VECTOR ( 'NONE', #411, 100.0000000000000000 ) ;
#636 = CARTESIAN_POINT ( 'NONE',  ( 1.365000000000002212, -16.63499999999999801, 0.6350000000000000089 ) ) ;
#637 = VECTOR ( 'NONE', #1322, 100.0000000000000000 ) ;
#638 = EDGE_CURVE ( 'NONE', #901, #414, #944, .T. ) ;
#639 = ORIENTED_EDGE ( 'NONE', *, *, #810, .F. ) ;
#640 = EDGE_CURVE ( 'NONE', #416, #89, #345, .T. ) ;
#641 = DIRECTION ( 'NONE',  ( -4.818676322157798361E-16, -1.000000000000000000, 0.000000000000000000 ) ) ;
#642 = ORIENTED_EDGE ( 'NONE', *, *, #503, .T. ) ;
#643 = CARTESIAN_POINT ( 'NONE',  ( -1.820000000000000506, 0.4099999999999995870, 0.1349999999999999534 ) ) ;
#644 = ADVANCED_FACE ( 'NONE', ( #1574 ), #598, .F. ) ;
#645 = ORIENTED_EDGE ( 'NONE', *, *, #878, .T. ) ;
#646 = DIRECTION ( 'NONE',  ( -0.000000000000000000, 0.000000000000000000, 1.000000000000000000 ) ) ;
#647 = EDGE_LOOP ( 'NONE', ( #917, #1393, #1230, #395 ) ) ;
#648 = CARTESIAN_POINT ( 'NONE',  ( 0.000000000000000000, 0.000000000000000000, 0.000000000000000000 ) ) ;
#649 = ORIENTED_EDGE ( 'NONE', *, *, #1308, .F. ) ;
#650 = EDGE_CURVE ( 'NONE', #385, #1187, #696, .T. ) ;
#651 = FACE_OUTER_BOUND ( 'NONE', #1306, .T. ) ;
#652 = VECTOR ( 'NONE', #181, 100.0000000000000000 ) ;
#653 = DIRECTION ( 'NONE',  ( 0.8660254037844361541, 0.5000000000000042188, 0.000000000000000000 ) ) ;
#654 = VERTEX_POINT ( 'NONE', #1451 ) ;
#655 = CARTESIAN_POINT ( 'NONE',  ( -2.000000000000000444, 0.4099999999999996980, 0.6350000000000000089 ) ) ;
#656 = ORIENTED_EDGE ( 'NONE', *, *, #1127, .T. ) ;
#657 = CARTESIAN_POINT ( 'NONE',  ( -2.000000000000000000, -1.500000000000000888, 0.000000000000000000 ) ) ;
#658 = EDGE_LOOP ( 'NONE', ( #42, #1271, #665, #1008, #74, #96, #317, #726, #1209, #999, #1021, #913 ) ) ;
#659 = DIRECTION ( 'NONE',  ( -1.000000000000000000, 0.000000000000000000, 0.000000000000000000 ) ) ;
#660 = LINE ( 'NONE', #1027, #403 ) ;
#661 = VERTEX_POINT ( 'NONE', #686 ) ;
#662 = DIRECTION ( 'NONE',  ( -0.000000000000000000, 0.000000000000000000, 1.000000000000000000 ) ) ;
#663 = EDGE_CURVE ( 'NONE', #1237, #558, #217, .T. ) ;
#664 = COLOUR_RGB ( '',0.7921568627450980005, 0.8196078431372548767, 0.9333333333333333481 ) ;
#665 = ORIENTED_EDGE ( 'NONE', *, *, #908, .T. ) ;
#666 = EDGE_CURVE ( 'NONE', #633, #795, #719, .T. ) ;
#667 = CARTESIAN_POINT ( 'NONE',  ( -0.4099999999999997535, -2.000000000000000444, 0.1349999999999999534 ) ) ;
#668 = VERTEX_POINT ( 'NONE', #834 ) ;
#669 = ADVANCED_FACE ( 'NONE', ( #714 ), #1212, .T. ) ;
#670 = DIRECTION ( 'NONE',  ( 0.000000000000000000, -1.000000000000000000, 0.000000000000000000 ) ) ;
#671 = CARTESIAN_POINT ( 'NONE',  ( -1.999999999999999778, -1.500000000000000666, 0.3175000000000000044 ) ) ;
#672 = EDGE_LOOP ( 'NONE', ( #390, #936, #444, #1320, #32, #1483, #310, #892, #112, #610, #1054, #1034 ) ) ;
#673 = CARTESIAN_POINT ( 'NONE',  ( 0.000000000000000000, 0.000000000000000000, 0.3175000000000000044 ) ) ;
#674 = ADVANCED_FACE ( 'NONE', ( #972 ), #108, .F. ) ;
#675 = EDGE_LOOP ( 'NONE', ( #1156, #835, #1205, #1341, #68, #486 ) ) ;
#676 = ADVANCED_FACE ( 'NONE', ( #1434 ), #99, .F. ) ;
#677 = PLANE ( 'NONE',  #420 ) ;
#678 = ORIENTED_EDGE ( 'NONE', *, *, #13, .F. ) ;
#679 = FACE_OUTER_BOUND ( 'NONE', #622, .T. ) ;
#680 = FACE_OUTER_BOUND ( 'NONE', #1492, .T. ) ;
#681 = EDGE_LOOP ( 'NONE', ( #1198, #1180, #531, #803 ) ) ;
#682 = AXIS2_PLACEMENT_3D ( 'NONE', #1557, #1323, #705 ) ;
#683 = DIRECTION ( 'NONE',  ( -2.312964634635742957E-16, 1.000000000000000000, 0.000000000000000000 ) ) ;
#684 = VECTOR ( 'NONE', #114, 100.0000000000000000 ) ;
#685 = LINE ( 'NONE', #399, #566 ) ;
#686 = CARTESIAN_POINT ( 'NONE',  ( -1.365000000000000213, -1.364999999999997993, 0.3175000000000000044 ) ) ;
#687 = EDGE_LOOP ( 'NONE', ( #47, #36, #250, #1540 ) ) ;
#688 = CARTESIAN_POINT ( 'NONE',  ( 0.4100000000000003086, -2.000000000000000444, 0.1349999999999999534 ) ) ;
#689 = DIRECTION ( 'NONE',  ( -0.000000000000000000, 0.000000000000000000, 1.000000000000000000 ) ) ;
#690 = ORIENTED_EDGE ( 'NONE', *, *, #1498, .F. ) ;
#691 = DIRECTION ( 'NONE',  ( 0.000000000000000000, 0.000000000000000000, 1.000000000000000000 ) ) ;
#692 = EDGE_CURVE ( 'NONE', #558, #1586, #1179, .T. ) ;
#693 = ORIENTED_EDGE ( 'NONE', *, *, #934, .F. ) ;
#694 = VECTOR ( 'NONE', #847, 100.0000000000000000 ) ;
#695 = VECTOR ( 'NONE', #755, 100.0000000000000000 ) ;
#696 = LINE ( 'NONE', #1091, #1396 ) ;
#697 = EDGE_CURVE ( 'NONE', #1216, #1079, #1058, .T. ) ;
#698 = VERTEX_POINT ( 'NONE', #1547 ) ;
#699 = LINE ( 'NONE', #966, #1479 ) ;
#700 = DIRECTION ( 'NONE',  ( -6.816202263170164742E-17, 1.000000000000000000, 0.000000000000000000 ) ) ;
#701 = ORIENTED_EDGE ( 'NONE', *, *, #524, .T. ) ;
#702 = CARTESIAN_POINT ( 'NONE',  ( 0.000000000000000000, 0.000000000000000000, 0.1349999999999999534 ) ) ;
#703 = ADVANCED_FACE ( 'NONE', ( #827 ), #1582, .F. ) ;
#704 = ORIENTED_EDGE ( 'NONE', *, *, #1373, .T. ) ;
#705 = DIRECTION ( 'NONE',  ( 1.000000000000000000, 0.000000000000000000, 0.000000000000000000 ) ) ;
#706 = EDGE_LOOP ( 'NONE', ( #910, #642, #104, #884 ) ) ;
#707 = CARTESIAN_POINT ( 'NONE',  ( -0.4100000000000000311, 2.000000000000000444, 0.1349999999999999534 ) ) ;
#708 = PRODUCT_DEFINITION_SHAPE ( 'NONE', 'NONE',  #863 ) ;
#709 = CARTESIAN_POINT ( 'NONE',  ( 0.000000000000000000, 0.000000000000000000, 0.000000000000000000 ) ) ;
#710 = ORIENTED_EDGE ( 'NONE', *, *, #692, .T. ) ;
#711 = DIRECTION ( 'NONE',  ( 2.385670792109557660E-16, -1.000000000000000000, 0.000000000000000000 ) ) ;
#712 = VECTOR ( 'NONE', #1073, 100.0000000000000000 ) ;
#713 = EDGE_LOOP ( 'NONE', ( #775, #1189, #1372, #1549 ) ) ;
#714 = FACE_OUTER_BOUND ( 'NONE', #1232, .T. ) ;
#715 = CARTESIAN_POINT ( 'NONE',  ( -2.000000000000000000, -1.500000000000000888, 0.000000000000000000 ) ) ;
#716 = FACE_OUTER_BOUND ( 'NONE', #1010, .T. ) ;
#717 = ORIENTED_EDGE ( 'NONE', *, *, #1204, .F. ) ;
#718 = FILL_AREA_STYLE_COLOUR ( '', #664 ) ;
#719 = LINE ( 'NONE', #1188, #18 ) ;
#720 = EDGE_CURVE ( 'NONE', #314, #668, #1369, .T. ) ;
#721 = VECTOR ( 'NONE', #569, 100.0000000000000000 ) ;
#722 = CARTESIAN_POINT ( 'NONE',  ( 0.4100000000000001976, -1.820000000000000506, 0.6350000000000000089 ) ) ;
#723 = AXIS2_PLACEMENT_3D ( 'NONE', #69, #1037, #1399 ) ;
#724 = CARTESIAN_POINT ( 'NONE',  ( 2.000000000000000444, -0.4099999999999999201, 0.1349999999999999534 ) ) ;
#725 = VECTOR ( 'NONE', #1001, 100.0000000000000000 ) ;
#726 = ORIENTED_EDGE ( 'NONE', *, *, #555, .T. ) ;
#727 = CARTESIAN_POINT ( 'NONE',  ( 2.000000000000000444, 0.4100000000000001421, 0.6350000000000000089 ) ) ;
#728 = DIRECTION ( 'NONE',  ( 0.000000000000000000, 0.000000000000000000, -1.000000000000000000 ) ) ;
#729 = LINE ( 'NONE', #600, #1070 ) ;
#730 = DIRECTION ( 'NONE',  ( -0.000000000000000000, 0.000000000000000000, 1.000000000000000000 ) ) ;
#731 = VERTEX_POINT ( 'NONE', #319 ) ;
#732 = CARTESIAN_POINT ( 'NONE',  ( 1.199999999999999956, -0.7679571668975722076, 0.1349999999999999534 ) ) ;
#733 = ORIENTED_EDGE ( 'NONE', *, *, #168, .T. ) ;
#734 = VECTOR ( 'NONE', #451, 100.0000000000000000 ) ;
#735 = PLANE ( 'NONE',  #347 ) ;
#736 = VECTOR ( 'NONE', #413, 100.0000000000000000 ) ;
#737 = DIRECTION ( 'NONE',  ( -1.000000000000000000, 4.818676322157799347E-16, -0.000000000000000000 ) ) ;
#738 = APPLICATION_PROTOCOL_DEFINITION ( 'draft international standard', 'automotive_design', 1998, #464 ) ;
#739 = ORIENTED_EDGE ( 'NONE', *, *, #83, .F. ) ;
#740 = ADVANCED_FACE ( 'NONE', ( #817 ), #735, .F. ) ;
#741 =( NAMED_UNIT ( * ) PLANE_ANGLE_UNIT ( ) SI_UNIT ( $, .RADIAN. ) );
#742 = VERTEX_POINT ( 'NONE', #280 ) ;
#743 = EDGE_CURVE ( 'NONE', #1508, #778, #1337, .T. ) ;
#744 = DIRECTION ( 'NONE',  ( -2.312964634635742957E-16, 1.000000000000000000, 0.000000000000000000 ) ) ;
#745 = CARTESIAN_POINT ( 'NONE',  ( 1.365000000000002212, -1.999999999999999112, 0.6350000000000000089 ) ) ;
#746 = EDGE_CURVE ( 'NONE', #1298, #1559, #123, .T. ) ;
#747 = VECTOR ( 'NONE', #1208, 100.0000000000000000 ) ;
#748 = ORIENTED_EDGE ( 'NONE', *, *, #720, .F. ) ;
#749 = DIRECTION ( 'NONE',  ( 0.5000000000000043299, -0.8660254037844362651, 0.000000000000000000 ) ) ;
#750 = EDGE_CURVE ( 'NONE', #1334, #425, #1045, .T. ) ;
#751 = EDGE_CURVE ( 'NONE', #159, #392, #535, .T. ) ;
#752 = CARTESIAN_POINT ( 'NONE',  ( -2.000000000000000444, -0.4100000000000003642, 0.1349999999999999534 ) ) ;
#753 = DIRECTION ( 'NONE',  ( 0.000000000000000000, 0.000000000000000000, -1.000000000000000000 ) ) ;
#754 = ORIENTED_EDGE ( 'NONE', *, *, #581, .F. ) ;
#755 = DIRECTION ( 'NONE',  ( -0.000000000000000000, 0.000000000000000000, 1.000000000000000000 ) ) ;
#756 = VECTOR ( 'NONE', #1325, 100.0000000000000000 ) ;
#757 = CARTESIAN_POINT ( 'NONE',  ( -2.000000000000000888, 1.499999999999999112, 0.3175000000000000044 ) ) ;
#758 = DIRECTION ( 'NONE',  ( -1.817653936845376936E-16, 1.000000000000000000, 0.000000000000000000 ) ) ;
#759 = AXIS2_PLACEMENT_3D ( 'NONE', #702, #205, #1311 ) ;
#760 = ORIENTED_EDGE ( 'NONE', *, *, #213, .T. ) ;
#761 = CARTESIAN_POINT ( 'NONE',  ( 0.000000000000000000, 0.000000000000000000, 0.6350000000000000089 ) ) ;
#762 = LINE ( 'NONE', #365, #684 ) ;
#763 = ADVANCED_FACE ( 'NONE', ( #1467 ), #1343, .F. ) ;
#764 = UNCERTAINTY_MEASURE_WITH_UNIT (LENGTH_MEASURE( 1.000000000000000082E-05 ), #1449, 'distance_accuracy_value', 'NONE');
#765 = LINE ( 'NONE', #1101, #970 ) ;
#766 = EDGE_CURVE ( 'NONE', #246, #1586, #1018, .T. ) ;
#767 = LINE ( 'NONE', #1351, #1097 ) ;
#768 = EDGE_LOOP ( 'NONE', ( #933, #381, #1123, #1149 ) ) ;
#769 = CARTESIAN_POINT ( 'NONE',  ( -0.4100000000000000311, 2.000000000000000444, 0.6350000000000000089 ) ) ;
#770 = VECTOR ( 'NONE', #1088, 100.0000000000000142 ) ;
#771 = VERTEX_POINT ( 'NONE', #160 ) ;
#772 = DIRECTION ( 'NONE',  ( 1.000000000000000000, 0.000000000000000000, 0.000000000000000000 ) ) ;
#773 = EDGE_LOOP ( 'NONE', ( #538, #585, #969, #1546, #717, #144, #1039, #336 ) ) ;
#774 = DIRECTION ( 'NONE',  ( -1.000000000000000000, 4.818676322157798361E-16, 0.000000000000000000 ) ) ;
#775 = ORIENTED_EDGE ( 'NONE', *, *, #1056, .T. ) ;
#776 = CARTESIAN_POINT ( 'NONE',  ( 2.000000000000000444, -1.499999999999999778, 0.000000000000000000 ) ) ;
#777 = PLANE ( 'NONE',  #106 ) ;
#778 = VERTEX_POINT ( 'NONE', #655 ) ;
#779 = DIRECTION ( 'NONE',  ( 0.8660254037844362651, 0.5000000000000043299, 0.000000000000000000 ) ) ;
#780 = ORIENTED_EDGE ( 'NONE', *, *, #1002, .F. ) ;
#781 = CARTESIAN_POINT ( 'NONE',  ( 1.500000000000000666, -2.000000000000000000, 0.000000000000000000 ) ) ;
#782 = ORIENTED_EDGE ( 'NONE', *, *, #1459, .F. ) ;
#783 = LINE ( 'NONE', #559, #1572 ) ;
#784 = VECTOR ( 'NONE', #900, 100.0000000000000000 ) ;
#785 = CARTESIAN_POINT ( 'NONE',  ( 1.820000000000000506, 0.4100000000000000311, 0.6350000000000000089 ) ) ;
#786 = VERTEX_POINT ( 'NONE', #887 ) ;
#787 = DIRECTION ( 'NONE',  ( 0.000000000000000000, 0.000000000000000000, 1.000000000000000000 ) ) ;
#788 = ORIENTED_EDGE ( 'NONE', *, *, #819, .F. ) ;
#789 = ADVANCED_FACE ( 'NONE', ( #240 ), #1507, .F. ) ;
#790 = DIRECTION ( 'NONE',  ( -0.000000000000000000, 0.000000000000000000, 1.000000000000000000 ) ) ;
#791 = ORIENTED_EDGE ( 'NONE', *, *, #638, .T. ) ;
#792 = LINE ( 'NONE', #1418, #1130 ) ;
#793 = PLANE ( 'NONE',  #432 ) ;
#794 = EDGE_CURVE ( 'NONE', #575, #89, #37, .T. ) ;
#795 = VERTEX_POINT ( 'NONE', #359 ) ;
#796 = CARTESIAN_POINT ( 'NONE',  ( 0.4099999999999999201, 1.820000000000000506, 0.6350000000000000089 ) ) ;
#797 = VECTOR ( 'NONE', #472, 100.0000000000000000 ) ;
#798 = EDGE_LOOP ( 'NONE', ( #1277, #500, #955, #871 ) ) ;
#799 = CARTESIAN_POINT ( 'NONE',  ( -1.365000000000000213, -1.364999999999997993, 0.6350000000000000089 ) ) ;
#800 = ORIENTED_EDGE ( 'NONE', *, *, #1288, .T. ) ;
#801 = DIRECTION ( 'NONE',  ( 1.000000000000000000, 0.000000000000000000, 0.000000000000000000 ) ) ;
#802 = LINE ( 'NONE', #1292, #272 ) ;
#803 = ORIENTED_EDGE ( 'NONE', *, *, #640, .T. ) ;
#804 = DIRECTION ( 'NONE',  ( 1.000000000000000000, 2.312964634635742957E-16, 0.000000000000000000 ) ) ;
#805 = ORIENTED_EDGE ( 'NONE', *, *, #1380, .F. ) ;
#806 = DIRECTION ( 'NONE',  ( -0.000000000000000000, 0.000000000000000000, 1.000000000000000000 ) ) ;
#807 = ORIENTED_EDGE ( 'NONE', *, *, #1142, .T. ) ;
#808 = CARTESIAN_POINT ( 'NONE',  ( 1.199999999999999956, -0.7679571668975722076, 0.1349999999999999534 ) ) ;
#809 = DIRECTION ( 'NONE',  ( -0.8660254037844360431, -0.5000000000000045519, 0.000000000000000000 ) ) ;
#810 = EDGE_CURVE ( 'NONE', #661, #1559, #762, .T. ) ;
#811 = ORIENTED_EDGE ( 'NONE', *, *, #358, .F. ) ;
#812 = VECTOR ( 'NONE', #260, 100.0000000000000000 ) ;
#813 = CARTESIAN_POINT ( 'NONE',  ( -0.4100000000000000311, 2.000000000000000444, 0.1349999999999999534 ) ) ;
#814 = VECTOR ( 'NONE', #1071, 100.0000000000000000 ) ;
#815 = EDGE_LOOP ( 'NONE', ( #678, #34, #907, #529 ) ) ;
#816 = EDGE_CURVE ( 'NONE', #1089, #302, #31, .T. ) ;
#817 = FACE_OUTER_BOUND ( 'NONE', #1256, .T. ) ;
#818 = ORIENTED_EDGE ( 'NONE', *, *, #380, .T. ) ;
#819 = EDGE_CURVE ( 'NONE', #1463, #305, #1150, .T. ) ;
#820 = CARTESIAN_POINT ( 'NONE',  ( -0.4099999999999997535, -2.000000000000000444, 0.6350000000000000089 ) ) ;
#821 = CARTESIAN_POINT ( 'NONE',  ( -1.364999999999998215, 1.364999999999999991, 0.3175000000000000044 ) ) ;
#822 = ORIENTED_EDGE ( 'NONE', *, *, #396, .F. ) ;
#823 = CARTESIAN_POINT ( 'NONE',  ( 1.820000000000000506, -0.4099999999999998646, 0.1349999999999999534 ) ) ;
#824 = ORIENTED_EDGE ( 'NONE', *, *, #932, .F. ) ;
#825 = VECTOR ( 'NONE', #1061, 100.0000000000000000 ) ;
#826 = VECTOR ( 'NONE', #689, 100.0000000000000000 ) ;
#827 = FACE_OUTER_BOUND ( 'NONE', #467, .T. ) ;
#828 = VERTEX_POINT ( 'NONE', #1270 ) ;
#829 = CYLINDRICAL_SURFACE ( 'NONE', #368, 2.500000000000000000 ) ;
#830 = PLANE ( 'NONE',  #1233 ) ;
#831 = ORIENTED_EDGE ( 'NONE', *, *, #650, .F. ) ;
#832 = PLANE ( 'NONE',  #1571 ) ;
#833 = ORIENTED_EDGE ( 'NONE', *, *, #1122, .F. ) ;
#834 = CARTESIAN_POINT ( 'NONE',  ( -1.500000000000000222, 2.000000000000000444, 0.3175000000000000044 ) ) ;
#835 = ORIENTED_EDGE ( 'NONE', *, *, #959, .T. ) ;
#836 = LINE ( 'NONE', #846, #219 ) ;
#837 = CARTESIAN_POINT ( 'NONE',  ( 0.4099999999999999201, 1.820000000000000506, 0.6350000000000000089 ) ) ;
#838 = ORIENTED_EDGE ( 'NONE', *, *, #1403, .T. ) ;
#839 = DIRECTION ( 'NONE',  ( 1.000000000000000000, -4.818676322157799347E-16, 0.000000000000000000 ) ) ;
#840 = EDGE_CURVE ( 'NONE', #434, #1153, #46, .T. ) ;
#841 = VECTOR ( 'NONE', #1126, 100.0000000000000000 ) ;
#842 = EDGE_CURVE ( 'NONE', #493, #988, #1376, .T. ) ;
#843 = AXIS2_PLACEMENT_3D ( 'NONE', #977, #1218, #612 ) ;
#844 = ORIENTED_EDGE ( 'NONE', *, *, #624, .F. ) ;
#845 = DIRECTION ( 'NONE',  ( -0.8660254037844362651, 0.5000000000000043299, 0.000000000000000000 ) ) ;
#846 = CARTESIAN_POINT ( 'NONE',  ( 1.199999999999999956, -0.7679571668975722076, 0.1349999999999999534 ) ) ;
#847 = DIRECTION ( 'NONE',  ( 1.000000000000000000, 0.000000000000000000, 0.000000000000000000 ) ) ;
#848 = ORIENTED_EDGE ( 'NONE', *, *, #840, .T. ) ;
#849 = LINE ( 'NONE', #1196, #499 ) ;
#850 = VECTOR ( 'NONE', #601, 100.0000000000000142 ) ;
#851 = CARTESIAN_POINT ( 'NONE',  ( 0.7679571668975724297, -1.199999999999999956, 0.6350000000000000089 ) ) ;
#852 = AXIS2_PLACEMENT_3D ( 'NONE', #808, #1299, #194 ) ;
#853 = CARTESIAN_POINT ( 'NONE',  ( -1.199999999999999956, -0.7679571668975725407, 0.6350000000000000089 ) ) ;
#854 = ORIENTED_EDGE ( 'NONE', *, *, #1239, .F. ) ;
#855 = SURFACE_SIDE_STYLE ('',( #1335 ) ) ;
#856 = DIRECTION ( 'NONE',  ( -4.818676322157798361E-16, -1.000000000000000000, 0.000000000000000000 ) ) ;
#857 = DIRECTION ( 'NONE',  ( -1.000000000000000000, -2.312964634635742957E-16, 0.000000000000000000 ) ) ;
#858 = CARTESIAN_POINT ( 'NONE',  ( -16.63499999999999801, -1.364999999999999103, 0.3175000000000000044 ) ) ;
#859 = EDGE_LOOP ( 'NONE', ( #939, #1049, #690, #791 ) ) ;
#860 = ADVANCED_FACE ( 'NONE', ( #1387 ), #898, .F. ) ;
#861 = VECTOR ( 'NONE', #806, 100.0000000000000000 ) ;
#862 = DIRECTION ( 'NONE',  ( 1.000000000000000000, -4.818676322157798361E-16, 0.000000000000000000 ) ) ;
#863 = PRODUCT_DEFINITION ( 'UNKNOWN', '', #1363, #1022 ) ;
#864 = CARTESIAN_POINT ( 'NONE',  ( 2.000000000000000444, -0.4099999999999999201, 0.1349999999999999534 ) ) ;
#865 = DIRECTION ( 'NONE',  ( -0.000000000000000000, 0.000000000000000000, 1.000000000000000000 ) ) ;
#866 = ORIENTED_EDGE ( 'NONE', *, *, #497, .F. ) ;
#867 = CARTESIAN_POINT ( 'NONE',  ( -1.820000000000000506, -0.4100000000000003086, 0.1349999999999999534 ) ) ;
#868 = EDGE_LOOP ( 'NONE', ( #339, #943, #982, #739 ) ) ;
#869 = DIRECTION ( 'NONE',  ( 1.000000000000000000, 4.818676322157799347E-16, 0.000000000000000000 ) ) ;
#870 = CARTESIAN_POINT ( 'NONE',  ( -1.364999999999998215, 1.364999999999999991, 0.6350000000000000089 ) ) ;
#871 = ORIENTED_EDGE ( 'NONE', *, *, #1554, .T. ) ;
#872 = VECTOR ( 'NONE', #4, 100.0000000000000000 ) ;
#873 = DIRECTION ( 'NONE',  ( 0.000000000000000000, -1.000000000000000000, 0.000000000000000000 ) ) ;
#874 = AXIS2_PLACEMENT_3D ( 'NONE', #455, #1555, #1114 ) ;
#875 = CARTESIAN_POINT ( 'NONE',  ( 2.000000000000000444, 1.500000000000000666, 0.000000000000000000 ) ) ;
#876 = ORIENTED_EDGE ( 'NONE', *, *, #259, .T. ) ;
#877 = FACE_OUTER_BOUND ( 'NONE', #1145, .T. ) ;
#878 = EDGE_CURVE ( 'NONE', #731, #1420, #1253, .T. ) ;
#879 = VECTOR ( 'NONE', #1115, 100.0000000000000000 ) ;
#880 = CARTESIAN_POINT ( 'NONE',  ( 0.4100000000000001976, -1.820000000000000506, 0.1349999999999999534 ) ) ;
#881 = DIRECTION ( 'NONE',  ( -1.000000000000000000, -2.312964634635742957E-16, 0.000000000000000000 ) ) ;
#882 = VECTOR ( 'NONE', #683, 100.0000000000000000 ) ;
#883 = ADVANCED_FACE ( 'NONE', ( #1133 ), #516, .F. ) ;
#884 = ORIENTED_EDGE ( 'NONE', *, *, #692, .F. ) ;
#885 = DIRECTION ( 'NONE',  ( 0.000000000000000000, -1.000000000000000000, 0.000000000000000000 ) ) ;
#886 = ORIENTED_EDGE ( 'NONE', *, *, #1355, .F. ) ;
#887 = CARTESIAN_POINT ( 'NONE',  ( 0.000000000000000000, -0.3000000000000000444, 0.000000000000000000 ) ) ;
#888 = VECTOR ( 'NONE', #891, 100.0000000000000000 ) ;
#889 = ORIENTED_EDGE ( 'NONE', *, *, #1373, .F. ) ;
#890 = DIRECTION ( 'NONE',  ( 0.000000000000000000, 0.000000000000000000, -1.000000000000000000 ) ) ;
#891 = DIRECTION ( 'NONE',  ( -1.000000000000000000, -2.258880508902365962E-16, 0.000000000000000000 ) ) ;
#892 = ORIENTED_EDGE ( 'NONE', *, *, #1197, .T. ) ;
#893 = CARTESIAN_POINT ( 'NONE',  ( -0.7679571668975720966, -1.200000000000000178, 0.1349999999999999534 ) ) ;
#894 = CARTESIAN_POINT ( 'NONE',  ( 0.000000000000000000, 0.000000000000000000, 0.000000000000000000 ) ) ;
#895 = VECTOR ( 'NONE', #1301, 100.0000000000000000 ) ;
#896 = VERTEX_POINT ( 'NONE', #1421 ) ;
#897 = CIRCLE ( 'NONE', #511, 0.3000000000000000444 ) ;
#898 = PLANE ( 'NONE',  #1587 ) ;
#899 = VERTEX_POINT ( 'NONE', #1166 ) ;
#900 = DIRECTION ( 'NONE',  ( -4.818676322157799347E-16, -1.000000000000000000, 0.000000000000000000 ) ) ;
#901 = VERTEX_POINT ( 'NONE', #82 ) ;
#902 = DIRECTION ( 'NONE',  ( 0.000000000000000000, 0.000000000000000000, -1.000000000000000000 ) ) ;
#903 = CARTESIAN_POINT ( 'NONE',  ( 1.499999999999999778, 2.000000000000000444, 0.3175000000000000044 ) ) ;
#904 = EDGE_LOOP ( 'NONE', ( #1500, #1407, #1116, #927 ) ) ;
#905 = CARTESIAN_POINT ( 'NONE',  ( -1.365000000000000213, -2.000000000000000888, 0.000000000000000000 ) ) ;
#906 = EDGE_CURVE ( 'NONE', #206, #899, #72, .T. ) ;
#907 = ORIENTED_EDGE ( 'NONE', *, *, #239, .T. ) ;
#908 = EDGE_CURVE ( 'NONE', #828, #314, #90, .T. ) ;
#909 = PLANE ( 'NONE',  #991 ) ;
#910 = ORIENTED_EDGE ( 'NONE', *, *, #663, .F. ) ;
#911 = PLANE ( 'NONE',  #1186 ) ;
#912 = LINE ( 'NONE', #1093, #1381 ) ;
#913 = ORIENTED_EDGE ( 'NONE', *, *, #743, .T. ) ;
#914 = CARTESIAN_POINT ( 'NONE',  ( 0.4100000000000001976, -1.820000000000000506, 0.6350000000000000089 ) ) ;
#915 = ORIENTED_EDGE ( 'NONE', *, *, #453, .T. ) ;
#916 = LINE ( 'NONE', #657, #652 ) ;
#917 = ORIENTED_EDGE ( 'NONE', *, *, #819, .T. ) ;
#918 = FACE_OUTER_BOUND ( 'NONE', #590, .T. ) ;
#919 = LINE ( 'NONE', #1155, #826 ) ;
#920 = ORIENTED_EDGE ( 'NONE', *, *, #259, .F. ) ;
#921 = FACE_OUTER_BOUND ( 'NONE', #458, .T. ) ;
#922 = VECTOR ( 'NONE', #236, 100.0000000000000000 ) ;
#923 = AXIS2_PLACEMENT_3D ( 'NONE', #157, #397, #1154 ) ;
#924 = ORIENTED_EDGE ( 'NONE', *, *, #697, .F. ) ;
#925 = CARTESIAN_POINT ( 'NONE',  ( -0.4100000000000000311, 2.000000000000000444, 0.1349999999999999534 ) ) ;
#926 = EDGE_CURVE ( 'NONE', #1366, #1216, #1177, .T. ) ;
#927 = ORIENTED_EDGE ( 'NONE', *, *, #1268, .T. ) ;
#928 = FACE_OUTER_BOUND ( 'NONE', #768, .T. ) ;
#929 = DIRECTION ( 'NONE',  ( -0.000000000000000000, 0.000000000000000000, 1.000000000000000000 ) ) ;
#930 = ORIENTED_EDGE ( 'NONE', *, *, #1377, .T. ) ;
#931 = PLANE ( 'NONE',  #1427 ) ;
#932 = EDGE_CURVE ( 'NONE', #172, #208, #544, .T. ) ;
#933 = ORIENTED_EDGE ( 'NONE', *, *, #478, .F. ) ;
#934 = EDGE_CURVE ( 'NONE', #558, #1176, #429, .T. ) ;
#935 = DIRECTION ( 'NONE',  ( 0.000000000000000000, 0.000000000000000000, -1.000000000000000000 ) ) ;
#936 = ORIENTED_EDGE ( 'NONE', *, *, #1482, .T. ) ;
#937 = CARTESIAN_POINT ( 'NONE',  ( -1.364999999999999991, -2.000000000000001776, 0.6350000000000000089 ) ) ;
#938 = LINE ( 'NONE', #1175, #1541 ) ;
#939 = ORIENTED_EDGE ( 'NONE', *, *, #1362, .T. ) ;
#940 = AXIS2_PLACEMENT_3D ( 'NONE', #110, #348, #1214 ) ;
#941 = DIRECTION ( 'NONE',  ( -1.000000000000000000, 0.000000000000000000, 0.000000000000000000 ) ) ;
#942 = VECTOR ( 'NONE', #662, 100.0000000000000000 ) ;
#943 = ORIENTED_EDGE ( 'NONE', *, *, #666, .F. ) ;
#944 = LINE ( 'NONE', #953, #1119 ) ;
#945 = VERTEX_POINT ( 'NONE', #914 ) ;
#946 = CARTESIAN_POINT ( 'NONE',  ( 1.364999999999995328, 16.63499999999999801, 0.6350000000000000089 ) ) ;
#947 = DIRECTION ( 'NONE',  ( -4.818676322157798361E-16, 1.000000000000000000, 0.000000000000000000 ) ) ;
#948 = ORIENTED_EDGE ( 'NONE', *, *, #1575, .F. ) ;
#949 = LINE ( 'NONE', #727, #872 ) ;
#950 = PRODUCT ( 'vertex_60', 'vertex_60', '', ( #1250 ) ) ;
#951 = ORIENTED_EDGE ( 'NONE', *, *, #1581, .F. ) ;
#952 = VECTOR ( 'NONE', #1469, 100.0000000000000000 ) ;
#953 = CARTESIAN_POINT ( 'NONE',  ( 1.820000000000000506, 0.4100000000000000311, 0.1349999999999999534 ) ) ;
#954 = VECTOR ( 'NONE', #303, 100.0000000000000000 ) ;
#955 = ORIENTED_EDGE ( 'NONE', *, *, #959, .F. ) ;
#956 = DIRECTION ( 'NONE',  ( 0.000000000000000000, -1.000000000000000000, 0.000000000000000000 ) ) ;
#957 = ADVANCED_FACE ( 'NONE', ( #1553 ), #186, .T. ) ;
#958 = DIRECTION ( 'NONE',  ( 1.000000000000000000, -4.818676322157799347E-16, 0.000000000000000000 ) ) ;
#959 = EDGE_CURVE ( 'NONE', #563, #1279, #63, .T. ) ;
#960 = EDGE_LOOP ( 'NONE', ( #1262, #1183, #441, #1438, #800, #1113 ) ) ;
#961 = DIRECTION ( 'NONE',  ( 0.000000000000000000, 0.000000000000000000, -1.000000000000000000 ) ) ;
#962 = ADVANCED_FACE ( 'NONE', ( #315 ), #553, .F. ) ;
#963 = ORIENTED_EDGE ( 'NONE', *, *, #518, .F. ) ;
#964 = DIRECTION ( 'NONE',  ( -1.249637081581196951E-16, 1.000000000000000000, 0.000000000000000000 ) ) ;
#965 = EDGE_CURVE ( 'NONE', #654, #178, #1303, .T. ) ;
#966 = CARTESIAN_POINT ( 'NONE',  ( 2.000000000000000444, 1.500000000000000666, 0.3175000000000000044 ) ) ;
#967 = CARTESIAN_POINT ( 'NONE',  ( 2.000000000000000444, 1.500000000000000666, 0.000000000000000000 ) ) ;
#968 = ADVANCED_FACE ( 'NONE', ( #921 ), #179, .F. ) ;
#969 = ORIENTED_EDGE ( 'NONE', *, *, #640, .F. ) ;
#970 = VECTOR ( 'NONE', #255, 100.0000000000000000 ) ;
#971 = AXIS2_PLACEMENT_3D ( 'NONE', #1009, #941, #1055 ) ;
#972 = FACE_OUTER_BOUND ( 'NONE', #534, .T. ) ;
#973 = LINE ( 'NONE', #1560, #1143 ) ;
#974 = CYLINDRICAL_SURFACE ( 'NONE', #299, 0.3000000000000000444 ) ;
#975 = ORIENTED_EDGE ( 'NONE', *, *, #1268, .F. ) ;
#976 = DIRECTION ( 'NONE',  ( 0.000000000000000000, 0.000000000000000000, 1.000000000000000000 ) ) ;
#977 = CARTESIAN_POINT ( 'NONE',  ( -2.000000000000000000, -1.500000000000000888, 0.000000000000000000 ) ) ;
#978 = AXIS2_PLACEMENT_3D ( 'NONE', #1164, #533, #1276 ) ;
#979 = CARTESIAN_POINT ( 'NONE',  ( -1.364999999999998215, 2.000000000000000444, 0.3175000000000000044 ) ) ;
#980 = LINE ( 'NONE', #1102, #952 ) ;
#981 = EDGE_CURVE ( 'NONE', #1448, #1383, #1294, .T. ) ;
#982 = ORIENTED_EDGE ( 'NONE', *, *, #407, .F. ) ;
#983 = ADVANCED_FACE ( 'NONE', ( #197, #445 ), #931, .F. ) ;
#984 = DIRECTION ( 'NONE',  ( -0.5000000000000042188, 0.8660254037844361541, 0.000000000000000000 ) ) ;
#985 = EDGE_CURVE ( 'NONE', #1041, #1383, #1040, .T. ) ;
#986 = CARTESIAN_POINT ( 'NONE',  ( 1.820000000000000506, -0.4099999999999998646, 0.6350000000000000089 ) ) ;
#987 = LINE ( 'NONE', #1474, #888 ) ;
#988 = VERTEX_POINT ( 'NONE', #1525 ) ;
#989 = PLANE ( 'NONE',  #1030 ) ;
#990 = CARTESIAN_POINT ( 'NONE',  ( 2.000000000000000444, 0.4100000000000001421, 0.1349999999999999534 ) ) ;
#991 = AXIS2_PLACEMENT_3D ( 'NONE', #1397, #292, #91 ) ;
#992 = CARTESIAN_POINT ( 'NONE',  ( 1.820000000000000506, 0.4100000000000000311, 0.6350000000000000089 ) ) ;
#993 = SHAPE_DEFINITION_REPRESENTATION ( #708, #1455 ) ;
#994 = ORIENTED_EDGE ( 'NONE', *, *, #1020, .F. ) ;
#995 = FACE_OUTER_BOUND ( 'NONE', #192, .T. ) ;
#996 = EDGE_CURVE ( 'NONE', #786, #1151, #1529, .T. ) ;
#997 = CARTESIAN_POINT ( 'NONE',  ( 0.000000000000000000, -0.3000000000000000444, 0.6350000000000000089 ) ) ;
#998 = AXIS2_PLACEMENT_3D ( 'NONE', #858, #700, #20 ) ;
#999 = ORIENTED_EDGE ( 'NONE', *, *, #1405, .F. ) ;
#1000 = AXIS2_PLACEMENT_3D ( 'NONE', #894, #251, #873 ) ;
#1001 = DIRECTION ( 'NONE',  ( 1.000000000000000000, 0.000000000000000000, 0.000000000000000000 ) ) ;
#1002 = EDGE_CURVE ( 'NONE', #1151, #1047, #297, .T. ) ;
#1003 = LINE ( 'NONE', #1370, #841 ) ;
#1004 = CYLINDRICAL_SURFACE ( 'NONE', #1075, 2.500000000000000000 ) ;
#1005 = ADVANCED_FACE ( 'NONE', ( #170 ), #1048, .F. ) ;
#1006 = ORIENTED_EDGE ( 'NONE', *, *, #1403, .F. ) ;
#1007 = CARTESIAN_POINT ( 'NONE',  ( 1.820000000000000506, -0.4099999999999998646, 0.1349999999999999534 ) ) ;
#1008 = ORIENTED_EDGE ( 'NONE', *, *, #189, .F. ) ;
#1009 = CARTESIAN_POINT ( 'NONE',  ( 2.000000000000000444, 1.500000000000000666, 0.000000000000000000 ) ) ;
#1010 = EDGE_LOOP ( 'NONE', ( #780, #1401, #656, #760 ) ) ;
#1011 = AXIS2_PLACEMENT_3D ( 'NONE', #707, #1307, #592 ) ;
#1012 = CARTESIAN_POINT ( 'NONE',  ( 1.199999999999999956, 0.7679571668975723187, 0.1349999999999999534 ) ) ;
#1013 = CARTESIAN_POINT ( 'NONE',  ( 0.000000000000000000, 0.000000000000000000, 0.000000000000000000 ) ) ;
#1014 = VECTOR ( 'NONE', #326, 100.0000000000000000 ) ;
#1015 = ORIENTED_EDGE ( 'NONE', *, *, #122, .F. ) ;
#1016 = CARTESIAN_POINT ( 'NONE',  ( -0.4099999999999996980, -1.820000000000000506, 0.1349999999999999534 ) ) ;
#1017 = ORIENTED_EDGE ( 'NONE', *, *, #1353, .F. ) ;
#1018 = LINE ( 'NONE', #636, #554 ) ;
#1019 = MANIFOLD_SOLID_BREP ( 'Cut-Extrude4', #147 ) ;
#1020 = EDGE_CURVE ( 'NONE', #434, #1512, #596, .T. ) ;
#1021 = ORIENTED_EDGE ( 'NONE', *, *, #335, .F. ) ;
#1022 = PRODUCT_DEFINITION_CONTEXT ( 'detailed design', #464, 'design' ) ;
#1023 = CARTESIAN_POINT ( 'NONE',  ( -2.000000000000000888, 1.499999999999999334, 0.000000000000000000 ) ) ;
#1024 = VERTEX_POINT ( 'NONE', #1458 ) ;
#1025 = EDGE_CURVE ( 'NONE', #206, #507, #105, .T. ) ;
#1026 = CARTESIAN_POINT ( 'NONE',  ( 1.820000000000000506, -0.4099999999999998646, 0.6350000000000000089 ) ) ;
#1027 = CARTESIAN_POINT ( 'NONE',  ( -1.820000000000000506, 0.4099999999999995870, 0.1349999999999999534 ) ) ;
#1028 = VECTOR ( 'NONE', #958, 100.0000000000000000 ) ;
#1029 = EDGE_LOOP ( 'NONE', ( #838, #915, #45, #279, #1129, #86 ) ) ;
#1030 = AXIS2_PLACEMENT_3D ( 'NONE', #623, #634, #151 ) ;
#1031 = CARTESIAN_POINT ( 'NONE',  ( 0.000000000000000000, 0.000000000000000000, 0.3175000000000000044 ) ) ;
#1032 = VECTOR ( 'NONE', #188, 100.0000000000000142 ) ;
#1033 = EDGE_CURVE ( 'NONE', #1302, #414, #949, .T. ) ;
#1034 = ORIENTED_EDGE ( 'NONE', *, *, #1480, .T. ) ;
#1035 = PLANE ( 'NONE',  #1202 ) ;
#1036 = ORIENTED_EDGE ( 'NONE', *, *, #283, .T. ) ;
#1037 = DIRECTION ( 'NONE',  ( 0.000000000000000000, 0.000000000000000000, -1.000000000000000000 ) ) ;
#1038 = CARTESIAN_POINT ( 'NONE',  ( -1.199999999999999956, -0.7679571668975725407, 0.1349999999999999534 ) ) ;
#1039 = ORIENTED_EDGE ( 'NONE', *, *, #1246, .F. ) ;
#1040 = LINE ( 'NONE', #1563, #1329 ) ;
#1041 = VERTEX_POINT ( 'NONE', #356 ) ;
#1042 = DIRECTION ( 'NONE',  ( -0.000000000000000000, 0.000000000000000000, 1.000000000000000000 ) ) ;
#1043 = ORIENTED_EDGE ( 'NONE', *, *, #985, .F. ) ;
#1044 = PLANE ( 'NONE',  #852 ) ;
#1045 = CIRCLE ( 'NONE', #1174, 2.500000000000000000 ) ;
#1046 = CARTESIAN_POINT ( 'NONE',  ( 1.499999999999999778, 2.000000000000000444, 0.000000000000000000 ) ) ;
#1047 = VERTEX_POINT ( 'NONE', #1439 ) ;
#1048 = PLANE ( 'NONE',  #332 ) ;
#1049 = ORIENTED_EDGE ( 'NONE', *, *, #842, .F. ) ;
#1050 = DIRECTION ( 'NONE',  ( -1.000000000000000000, -2.312964634635742957E-16, 0.000000000000000000 ) ) ;
#1051 = ORIENTED_EDGE ( 'NONE', *, *, #481, .T. ) ;
#1052 = DIRECTION ( 'NONE',  ( 0.000000000000000000, 0.000000000000000000, 1.000000000000000000 ) ) ;
#1053 = DIRECTION ( 'NONE',  ( 0.5000000000000039968, 0.8660254037844362651, 0.000000000000000000 ) ) ;
#1054 = ORIENTED_EDGE ( 'NONE', *, *, #548, .F. ) ;
#1055 = DIRECTION ( 'NONE',  ( 0.000000000000000000, -1.000000000000000000, 0.000000000000000000 ) ) ;
#1056 = EDGE_CURVE ( 'NONE', #274, #1463, #488, .T. ) ;
#1057 = EDGE_LOOP ( 'NONE', ( #58, #1274, #963, #196 ) ) ;
#1058 = LINE ( 'NONE', #346, #389 ) ;
#1059 = ORIENTED_EDGE ( 'NONE', *, *, #1519, .T. ) ;
#1060 = CARTESIAN_POINT ( 'NONE',  ( 1.365000000000002212, -16.63499999999999801, 0.3175000000000000044 ) ) ;
#1061 = DIRECTION ( 'NONE',  ( -0.000000000000000000, 0.000000000000000000, 1.000000000000000000 ) ) ;
#1062 = ORIENTED_EDGE ( 'NONE', *, *, #794, .F. ) ;
#1063 = CARTESIAN_POINT ( 'NONE',  ( 0.000000000000000000, 0.000000000000000000, 0.1349999999999999534 ) ) ;
#1064 = DIRECTION ( 'NONE',  ( 1.000000000000000000, 1.931257307898213426E-16, 0.000000000000000000 ) ) ;
#1065 = DIRECTION ( 'NONE',  ( 0.000000000000000000, 1.000000000000000000, 0.000000000000000000 ) ) ;
#1066 = ORIENTED_EDGE ( 'NONE', *, *, #258, .F. ) ;
#1067 = CARTESIAN_POINT ( 'NONE',  ( 1.364999999999999991, 2.000000000000001776, 0.3175000000000000044 ) ) ;
#1068 = FACE_OUTER_BOUND ( 'NONE', #323, .T. ) ;
#1069 = ORIENTED_EDGE ( 'NONE', *, *, #1405, .T. ) ;
#1070 = VECTOR ( 'NONE', #1092, 100.0000000000000000 ) ;
#1071 = DIRECTION ( 'NONE',  ( 4.818676322157799347E-16, -1.000000000000000000, 0.000000000000000000 ) ) ;
#1072 = DIRECTION ( 'NONE',  ( 0.000000000000000000, 0.000000000000000000, -1.000000000000000000 ) ) ;
#1073 = DIRECTION ( 'NONE',  ( 0.000000000000000000, -1.000000000000000000, 0.000000000000000000 ) ) ;
#1074 = ORIENTED_EDGE ( 'NONE', *, *, #402, .T. ) ;
#1075 = AXIS2_PLACEMENT_3D ( 'NONE', #373, #367, #1371 ) ;
#1076 = CARTESIAN_POINT ( 'NONE',  ( 1.365000000000002212, -1.365000000000000213, 0.6350000000000000089 ) ) ;
#1077 = DIRECTION ( 'NONE',  ( 0.000000000000000000, -1.000000000000000000, 0.000000000000000000 ) ) ;
#1078 = EDGE_CURVE ( 'NONE', #178, #1216, #1224, .T. ) ;
#1079 = VERTEX_POINT ( 'NONE', #1095 ) ;
#1080 = CARTESIAN_POINT ( 'NONE',  ( 0.000000000000000000, 0.000000000000000000, 0.6350000000000000089 ) ) ;
#1081 = EDGE_CURVE ( 'NONE', #1089, #654, #1471, .T. ) ;
#1082 = ORIENTED_EDGE ( 'NONE', *, *, #1122, .T. ) ;
#1083 = EDGE_CURVE ( 'NONE', #1187, #742, #1570, .T. ) ;
#1084 = VECTOR ( 'NONE', #1354, 100.0000000000000000 ) ;
#1085 = CARTESIAN_POINT ( 'NONE',  ( 1.365000000000002212, -2.000000000000000000, 0.000000000000000000 ) ) ;
#1086 = EDGE_CURVE ( 'NONE', #661, #507, #1090, .T. ) ;
#1087 = CARTESIAN_POINT ( 'NONE',  ( -16.63499999999999801, 1.364999999999996438, 0.3175000000000000044 ) ) ;
#1088 = DIRECTION ( 'NONE',  ( -0.8660254037844362651, 0.5000000000000042188, 0.000000000000000000 ) ) ;
#1089 = VERTEX_POINT ( 'NONE', #732 ) ;
#1090 = LINE ( 'NONE', #480, #1285 ) ;
#1091 = CARTESIAN_POINT ( 'NONE',  ( -2.000000000000000444, -0.4100000000000003642, 0.1349999999999999534 ) ) ;
#1092 = DIRECTION ( 'NONE',  ( -0.000000000000000000, 0.000000000000000000, 1.000000000000000000 ) ) ;
#1093 = CARTESIAN_POINT ( 'NONE',  ( -1.820000000000000506, -0.4100000000000003086, 0.6350000000000000089 ) ) ;
#1094 = ORIENTED_EDGE ( 'NONE', *, *, #1263, .F. ) ;
#1095 = CARTESIAN_POINT ( 'NONE',  ( 2.000000000000001776, -1.365000000000000213, 0.6350000000000000089 ) ) ;
#1096 = VECTOR ( 'NONE', #857, 100.0000000000000000 ) ;
#1097 = VECTOR ( 'NONE', #758, 100.0000000000000000 ) ;
#1098 = VECTOR ( 'NONE', #6, 100.0000000000000000 ) ;
#1099 = EDGE_CURVE ( 'NONE', #1281, #1298, #1312, .T. ) ;
#1100 = CARTESIAN_POINT ( 'NONE',  ( -0.7679571668975722076, 1.199999999999999956, 0.1349999999999999534 ) ) ;
#1101 = CARTESIAN_POINT ( 'NONE',  ( -1.364999999999998215, 2.000000000000000444, 0.000000000000000000 ) ) ;
#1102 = CARTESIAN_POINT ( 'NONE',  ( 0.4100000000000003086, -2.000000000000000444, 0.6350000000000000089 ) ) ;
#1103 = ADVANCED_FACE ( 'NONE', ( #364, #128 ), #1210, .T. ) ;
#1104 = ORIENTED_EDGE ( 'NONE', *, *, #448, .F. ) ;
#1105 = DIRECTION ( 'NONE',  ( -1.817653936845376936E-16, 1.000000000000000000, 0.000000000000000000 ) ) ;
#1106 = ADVANCED_FACE ( 'NONE', ( #334 ), #832, .F. ) ;
#1107 = DIRECTION ( 'NONE',  ( -1.000000000000000000, -2.258880508902365962E-16, 0.000000000000000000 ) ) ;
#1108 = VECTOR ( 'NONE', #929, 100.0000000000000000 ) ;
#1109 = VECTOR ( 'NONE', #29, 100.0000000000000000 ) ;
#1110 = LINE ( 'NONE', #361, #1096 ) ;
#1111 = VECTOR ( 'NONE', #439, 100.0000000000000000 ) ;
#1112 = LINE ( 'NONE', #8, #1213 ) ;
#1113 = ORIENTED_EDGE ( 'NONE', *, *, #1319, .T. ) ;
#1114 = DIRECTION ( 'NONE',  ( -1.817653936845376936E-16, 1.000000000000000000, 0.000000000000000000 ) ) ;
#1115 = DIRECTION ( 'NONE',  ( 3.067291018426574134E-16, -1.000000000000000000, 0.000000000000000000 ) ) ;
#1116 = ORIENTED_EDGE ( 'NONE', *, *, #338, .F. ) ;
#1117 = DIRECTION ( 'NONE',  ( -0.8660254037844360431, -0.5000000000000045519, 0.000000000000000000 ) ) ;
#1118 = AXIS2_PLACEMENT_3D ( 'NONE', #1235, #512, #613 ) ;
#1119 = VECTOR ( 'NONE', #584, 100.0000000000000000 ) ;
#1120 = EDGE_CURVE ( 'NONE', #575, #547, #1382, .T. ) ;
#1121 = PLANE ( 'NONE',  #582 ) ;
#1122 = EDGE_CURVE ( 'NONE', #1512, #1448, #1124, .T. ) ;
#1123 = ORIENTED_EDGE ( 'NONE', *, *, #1239, .T. ) ;
#1124 = LINE ( 'NONE', #1489, #1356 ) ;
#1125 = EDGE_CURVE ( 'NONE', #1195, #200, #135, .T. ) ;
#1126 = DIRECTION ( 'NONE',  ( -0.000000000000000000, 0.000000000000000000, 1.000000000000000000 ) ) ;
#1127 = EDGE_CURVE ( 'NONE', #786, #320, #515, .T. ) ;
#1128 = CARTESIAN_POINT ( 'NONE',  ( 1.500000000000000666, -2.000000000000000000, 0.000000000000000000 ) ) ;
#1129 = ORIENTED_EDGE ( 'NONE', *, *, #245, .T. ) ;
#1130 = VECTOR ( 'NONE', #532, 100.0000000000000000 ) ;
#1131 = STYLED_ITEM ( 'NONE', ( #618 ), #1019 ) ;
#1132 = FACE_OUTER_BOUND ( 'NONE', #868, .T. ) ;
#1133 = FACE_OUTER_BOUND ( 'NONE', #672, .T. ) ;
#1134 = ORIENTED_EDGE ( 'NONE', *, *, #1083, .F. ) ;
#1135 = UNCERTAINTY_MEASURE_WITH_UNIT (LENGTH_MEASURE( 1.000000000000000082E-05 ), #1255, 'distance_accuracy_value', 'NONE');
#1136 = CARTESIAN_POINT ( 'NONE',  ( -1.500000000000000222, 2.000000000000000444, 0.000000000000000000 ) ) ;
#1137 = VERTEX_POINT ( 'NONE', #1476 ) ;
#1138 = DIRECTION ( 'NONE',  ( 0.5000000000000045519, -0.8660254037844360431, 0.000000000000000000 ) ) ;
#1139 = VERTEX_POINT ( 'NONE', #523 ) ;
#1140 = DIRECTION ( 'NONE',  ( 0.5000000000000045519, -0.8660254037844360431, 0.000000000000000000 ) ) ;
#1141 = ORIENTED_EDGE ( 'NONE', *, *, #456, .F. ) ;
#1142 = EDGE_CURVE ( 'NONE', #698, #211, #1267, .T. ) ;
#1143 = VECTOR ( 'NONE', #1461, 100.0000000000000000 ) ;
#1144 = PLANE ( 'NONE',  #92 ) ;
#1145 = EDGE_LOOP ( 'NONE', ( #282, #61, #447, #578 ) ) ;
#1146 = LINE ( 'NONE', #893, #1159 ) ;
#1147 = CARTESIAN_POINT ( 'NONE',  ( 2.000000000000000444, -0.4099999999999999201, 0.1349999999999999534 ) ) ;
#1148 = ADVANCED_FACE ( 'NONE', ( #1258 ), #777, .F. ) ;
#1149 = ORIENTED_EDGE ( 'NONE', *, *, #1127, .F. ) ;
#1150 = LINE ( 'NONE', #606, #607 ) ;
#1151 = VERTEX_POINT ( 'NONE', #1484 ) ;
#1152 = CARTESIAN_POINT ( 'NONE',  ( 1.500000000000000666, -2.000000000000000000, 0.000000000000000000 ) ) ;
#1153 = VERTEX_POINT ( 'NONE', #1505 ) ;
#1154 = DIRECTION ( 'NONE',  ( 0.000000000000000000, -1.000000000000000000, 0.000000000000000000 ) ) ;
#1155 = CARTESIAN_POINT ( 'NONE',  ( -1.820000000000000506, 0.4099999999999995870, 0.1349999999999999534 ) ) ;
#1156 = ORIENTED_EDGE ( 'NONE', *, *, #1336, .T. ) ;
#1157 = VECTOR ( 'NONE', #1138, 100.0000000000000000 ) ;
#1158 = DIRECTION ( 'NONE',  ( -0.000000000000000000, 0.000000000000000000, 1.000000000000000000 ) ) ;
#1159 = VECTOR ( 'NONE', #435, 100.0000000000000000 ) ;
#1160 = ORIENTED_EDGE ( 'NONE', *, *, #981, .F. ) ;
#1161 = CARTESIAN_POINT ( 'NONE',  ( -0.4099999999999996980, -1.820000000000000506, 0.1349999999999999534 ) ) ;
#1162 = ORIENTED_EDGE ( 'NONE', *, *, #1240, .T. ) ;
#1163 = CARTESIAN_POINT ( 'NONE',  ( 0.4100000000000000311, 2.000000000000000444, 0.1349999999999999534 ) ) ;
#1164 = CARTESIAN_POINT ( 'NONE',  ( 0.000000000000000000, 0.000000000000000000, 0.000000000000000000 ) ) ;
#1165 = ORIENTED_EDGE ( 'NONE', *, *, #407, .T. ) ;
#1166 = CARTESIAN_POINT ( 'NONE',  ( -1.364999999999999991, -2.000000000000001776, 0.3175000000000000044 ) ) ;
#1167 = ORIENTED_EDGE ( 'NONE', *, *, #906, .T. ) ;
#1168 = ADVANCED_FACE ( 'NONE', ( #877 ), #370, .F. ) ;
#1169 = DIRECTION ( 'NONE',  ( 0.000000000000000000, 1.000000000000000000, 0.000000000000000000 ) ) ;
#1170 = VECTOR ( 'NONE', #19, 100.0000000000000000 ) ;
#1171 = VERTEX_POINT ( 'NONE', #11 ) ;
#1172 = ADVANCED_FACE ( 'NONE', ( #398 ), #989, .F. ) ;
#1173 = DIRECTION ( 'NONE',  ( 0.000000000000000000, -1.000000000000000000, 0.000000000000000000 ) ) ;
#1174 = AXIS2_PLACEMENT_3D ( 'NONE', #1031, #728, #391 ) ;
#1175 = CARTESIAN_POINT ( 'NONE',  ( 0.4100000000000000311, 2.000000000000000444, 0.6350000000000000089 ) ) ;
#1176 = VERTEX_POINT ( 'NONE', #382 ) ;
#1177 = LINE ( 'NONE', #54, #1300 ) ;
#1178 = EDGE_LOOP ( 'NONE', ( #65, #811, #1390, #1160, #1386, #138, #350, #1316, #333, #1251, #649, #1517, #824, #1066, #118, #1293, #81, #1094, #127, #1104, #1432, #788, #1425, #162, #169, #431, #1435, #121, #924, #428, #1304, #920, #543, #629, #948, #1515 ) ) ;
#1179 = LINE ( 'NONE', #1085, #1014 ) ;
#1180 = ORIENTED_EDGE ( 'NONE', *, *, #750, .T. ) ;
#1181 = LINE ( 'NONE', #78, #954 ) ;
#1182 = DIRECTION ( 'NONE',  ( -0.000000000000000000, 0.000000000000000000, 1.000000000000000000 ) ) ;
#1183 = ORIENTED_EDGE ( 'NONE', *, *, #335, .T. ) ;
#1184 = DIRECTION ( 'NONE',  ( 4.818676322157798361E-16, 1.000000000000000000, 0.000000000000000000 ) ) ;
#1185 = CIRCLE ( 'NONE', #252, 2.500000000000000000 ) ;
#1186 = AXIS2_PLACEMENT_3D ( 'NONE', #294, #1052, #1173 ) ;
#1187 = VERTEX_POINT ( 'NONE', #867 ) ;
#1188 = CARTESIAN_POINT ( 'NONE',  ( 1.364999999999999991, 1.364999999999998215, 0.3175000000000000044 ) ) ;
#1189 = ORIENTED_EDGE ( 'NONE', *, *, #107, .F. ) ;
#1190 = CARTESIAN_POINT ( 'NONE',  ( 0.000000000000000000, 0.000000000000000000, 0.6350000000000000089 ) ) ;
#1191 = CARTESIAN_POINT ( 'NONE',  ( 1.820000000000000506, 0.4100000000000000311, 0.1349999999999999534 ) ) ;
#1192 = EDGE_LOOP ( 'NONE', ( #639, #1562, #3, #1404 ) ) ;
#1193 = DIRECTION ( 'NONE',  ( -1.000000000000000000, 4.818676322157798361E-16, 0.000000000000000000 ) ) ;
#1194 = ADVANCED_FACE ( 'NONE', ( #995 ), #494, .F. ) ;
#1195 = VERTEX_POINT ( 'NONE', #257 ) ;
#1196 = CARTESIAN_POINT ( 'NONE',  ( 0.4099999999999999201, 1.820000000000000506, 0.1349999999999999534 ) ) ;
#1197 = EDGE_CURVE ( 'NONE', #1079, #21, #1493, .T. ) ;
#1198 = ORIENTED_EDGE ( 'NONE', *, *, #1353, .T. ) ;
#1199 = LINE ( 'NONE', #1452, #552 ) ;
#1200 = CARTESIAN_POINT ( 'NONE',  ( -0.4099999999999999201, 1.820000000000000506, 0.1349999999999999534 ) ) ;
#1201 = EDGE_LOOP ( 'NONE', ( #1470, #1043, #844, #1082 ) ) ;
#1202 = AXIS2_PLACEMENT_3D ( 'NONE', #1416, #774, #641 ) ;
#1203 = DIRECTION ( 'NONE',  ( 1.000000000000000000, 2.385670792109557660E-16, 0.000000000000000000 ) ) ;
#1204 = EDGE_CURVE ( 'NONE', #276, #159, #131, .T. ) ;
#1205 = ORIENTED_EDGE ( 'NONE', *, *, #1433, .T. ) ;
#1206 = CARTESIAN_POINT ( 'NONE',  ( 0.000000000000000000, 0.000000000000000000, 0.6350000000000000089 ) ) ;
#1207 = CARTESIAN_POINT ( 'NONE',  ( -1.820000000000000506, 0.4099999999999995870, 0.6350000000000000089 ) ) ;
#1208 = DIRECTION ( 'NONE',  ( -0.000000000000000000, 0.000000000000000000, 1.000000000000000000 ) ) ;
#1209 = ORIENTED_EDGE ( 'NONE', *, *, #354, .T. ) ;
#1210 = PLANE ( 'NONE',  #1441 ) ;
#1211 = AXIS2_PLACEMENT_3D ( 'NONE', #1244, #17, #1238 ) ;
#1212 = CYLINDRICAL_SURFACE ( 'NONE', #187, 2.500000000000000000 ) ;
#1213 = VECTOR ( 'NONE', #1236, 100.0000000000000000 ) ;
#1214 = DIRECTION ( 'NONE',  ( 0.8660254037844362651, -0.5000000000000039968, 0.000000000000000000 ) ) ;
#1215 = CARTESIAN_POINT ( 'NONE',  ( -1.364999999999999991, 16.63499999999999801, 0.3175000000000000044 ) ) ;
#1216 = VERTEX_POINT ( 'NONE', #508 ) ;
#1217 = ADVANCED_FACE ( 'NONE', ( #1132 ), #1361, .F. ) ;
#1218 = DIRECTION ( 'NONE',  ( 1.000000000000000000, 2.312964634635742957E-16, 0.000000000000000000 ) ) ;
#1219 = PRODUCT_RELATED_PRODUCT_CATEGORY ( 'part', '', ( #950 ) ) ;
#1220 = LINE ( 'NONE', #1087, #1585 ) ;
#1221 = DIRECTION ( 'NONE',  ( -1.000000000000000000, -4.818676322157798361E-16, 0.000000000000000000 ) ) ;
#1222 = EDGE_CURVE ( 'NONE', #1024, #1195, #387, .T. ) ;
#1223 = ORIENTED_EDGE ( 'NONE', *, *, #478, .T. ) ;
#1224 = LINE ( 'NONE', #1342, #1234 ) ;
#1225 = VECTOR ( 'NONE', #1050, 100.0000000000000000 ) ;
#1226 = VECTOR ( 'NONE', #438, 100.0000000000000142 ) ;
#1227 = CARTESIAN_POINT ( 'NONE',  ( -2.000000000000000000, -1.500000000000000888, 0.3175000000000000044 ) ) ;
#1228 = LINE ( 'NONE', #1490, #446 ) ;
#1229 = FACE_OUTER_BOUND ( 'NONE', #327, .T. ) ;
#1230 = ORIENTED_EDGE ( 'NONE', *, *, #1142, .F. ) ;
#1231 = CARTESIAN_POINT ( 'NONE',  ( -1.820000000000000506, -0.4100000000000003086, 0.1349999999999999534 ) ) ;
#1232 = EDGE_LOOP ( 'NONE', ( #93, #866, #84, #567 ) ) ;
#1233 = AXIS2_PLACEMENT_3D ( 'NONE', #353, #947, #1221 ) ;
#1234 = VECTOR ( 'NONE', #839, 100.0000000000000000 ) ;
#1235 = CARTESIAN_POINT ( 'NONE',  ( -0.4099999999999996980, -1.820000000000000506, 0.1349999999999999534 ) ) ;
#1236 = DIRECTION ( 'NONE',  ( -0.000000000000000000, 0.000000000000000000, 1.000000000000000000 ) ) ;
#1237 = VERTEX_POINT ( 'NONE', #263 ) ;
#1238 = DIRECTION ( 'NONE',  ( 3.067291018426574134E-16, -1.000000000000000000, 0.000000000000000000 ) ) ;
#1239 = EDGE_CURVE ( 'NONE', #1047, #320, #897, .T. ) ;
#1240 = EDGE_CURVE ( 'NONE', #237, #1334, #1374, .T. ) ;
#1241 = LINE ( 'NONE', #626, #1297 ) ;
#1242 = EDGE_CURVE ( 'NONE', #1420, #1552, #287, .T. ) ;
#1243 = ORIENTED_EDGE ( 'NONE', *, *, #1319, .F. ) ;
#1244 = CARTESIAN_POINT ( 'NONE',  ( 1.364999999999995328, 16.63499999999999801, 0.3175000000000000044 ) ) ;
#1245 = VERTEX_POINT ( 'NONE', #1428 ) ;
#1246 = EDGE_CURVE ( 'NONE', #204, #1378, #1413, .T. ) ;
#1247 = VECTOR ( 'NONE', #1406, 100.0000000000000000 ) ;
#1248 = VECTOR ( 'NONE', #265, 100.0000000000000000 ) ;
#1249 = CARTESIAN_POINT ( 'NONE',  ( -0.7679571668975722076, 1.199999999999999956, 0.1349999999999999534 ) ) ;
#1250 = PRODUCT_CONTEXT ( 'NONE', #599, 'mechanical' ) ;
#1251 = ORIENTED_EDGE ( 'NONE', *, *, #168, .F. ) ;
#1252 = DIRECTION ( 'NONE',  ( 0.000000000000000000, 0.000000000000000000, 1.000000000000000000 ) ) ;
#1253 = LINE ( 'NONE', #146, #318 ) ;
#1254 = CARTESIAN_POINT ( 'NONE',  ( -2.000000000000000444, 0.4099999999999996980, 0.1349999999999999534 ) ) ;
#1255 =( LENGTH_UNIT ( ) NAMED_UNIT ( * ) SI_UNIT ( .CENTI., .METRE. ) );
#1256 = EDGE_LOOP ( 'NONE', ( #545, #1287, #1006, #77 ) ) ;
#1257 = AXIS2_PLACEMENT_3D ( 'NONE', #277, #286, #801 ) ;
#1258 = FACE_OUTER_BOUND ( 'NONE', #815, .T. ) ;
#1259 = ORIENTED_EDGE ( 'NONE', *, *, #380, .F. ) ;
#1260 = CARTESIAN_POINT ( 'NONE',  ( -1.500000000000000222, 2.000000000000000444, 0.000000000000000000 ) ) ;
#1261 = ADVANCED_FACE ( 'NONE', ( #322 ), #436, .F. ) ;
#1262 = ORIENTED_EDGE ( 'NONE', *, *, #338, .T. ) ;
#1263 = EDGE_CURVE ( 'NONE', #507, #517, #1523, .T. ) ;
#1264 = FACE_OUTER_BOUND ( 'NONE', #1520, .T. ) ;
#1265 = ORIENTED_EDGE ( 'NONE', *, *, #1120, .T. ) ;
#1266 = PLANE ( 'NONE',  #254 ) ;
#1267 = LINE ( 'NONE', #1016, #1157 ) ;
#1268 = EDGE_CURVE ( 'NONE', #185, #208, #919, .T. ) ;
#1269 = ORIENTED_EDGE ( 'NONE', *, *, #750, .F. ) ;
#1270 = CARTESIAN_POINT ( 'NONE',  ( -2.000000000000001776, 1.364999999999999991, 0.3175000000000000044 ) ) ;
#1271 = ORIENTED_EDGE ( 'NONE', *, *, #14, .T. ) ;
#1272 = VECTOR ( 'NONE', #744, 100.0000000000000000 ) ;
#1273 = DIRECTION ( 'NONE',  ( 0.000000000000000000, 0.000000000000000000, 1.000000000000000000 ) ) ;
#1274 = ORIENTED_EDGE ( 'NONE', *, *, #1099, .T. ) ;
#1275 = DIRECTION ( 'NONE',  ( -0.000000000000000000, 0.000000000000000000, 1.000000000000000000 ) ) ;
#1276 = DIRECTION ( 'NONE',  ( 0.000000000000000000, -1.000000000000000000, 0.000000000000000000 ) ) ;
#1277 = ORIENTED_EDGE ( 'NONE', *, *, #1125, .T. ) ;
#1278 = DIRECTION ( 'NONE',  ( 0.000000000000000000, -1.000000000000000000, 0.000000000000000000 ) ) ;
#1279 = VERTEX_POINT ( 'NONE', #1400 ) ;
#1280 = DIRECTION ( 'NONE',  ( 0.000000000000000000, -1.000000000000000000, 0.000000000000000000 ) ) ;
#1281 = VERTEX_POINT ( 'NONE', #60 ) ;
#1282 = FACE_OUTER_BOUND ( 'NONE', #706, .T. ) ;
#1283 = CARTESIAN_POINT ( 'NONE',  ( 0.000000000000000000, 0.000000000000000000, 0.1349999999999999534 ) ) ;
#1284 = ORIENTED_EDGE ( 'NONE', *, *, #481, .F. ) ;
#1285 = VECTOR ( 'NONE', #247, 100.0000000000000000 ) ;
#1286 = DIRECTION ( 'NONE',  ( -0.000000000000000000, 0.000000000000000000, 1.000000000000000000 ) ) ;
#1287 = ORIENTED_EDGE ( 'NONE', *, *, #926, .F. ) ;
#1288 = EDGE_CURVE ( 'NONE', #742, #1430, #802, .T. ) ;
#1289 = LINE ( 'NONE', #1296, #522 ) ;
#1290 = ORIENTED_EDGE ( 'NONE', *, *, #50, .T. ) ;
#1291 = LINE ( 'NONE', #568, #1466 ) ;
#1292 = CARTESIAN_POINT ( 'NONE',  ( -1.200000000000000178, 0.7679571668975719856, 0.1349999999999999534 ) ) ;
#1293 = ORIENTED_EDGE ( 'NONE', *, *, #383, .F. ) ;
#1294 = LINE ( 'NONE', #796, #1226 ) ;
#1295 = ORIENTED_EDGE ( 'NONE', *, *, #281, .T. ) ;
#1296 = CARTESIAN_POINT ( 'NONE',  ( 2.000000000000000444, 1.500000000000000666, 0.3175000000000000044 ) ) ;
#1297 = VECTOR ( 'NONE', #133, 100.0000000000000000 ) ;
#1298 = VERTEX_POINT ( 'NONE', #671 ) ;
#1299 = DIRECTION ( 'NONE',  ( -1.000000000000000000, 0.000000000000000000, 0.000000000000000000 ) ) ;
#1300 = VECTOR ( 'NONE', #1394, 100.0000000000000000 ) ;
#1301 = DIRECTION ( 'NONE',  ( -2.312964634635742957E-16, 1.000000000000000000, 0.000000000000000000 ) ) ;
#1302 = VERTEX_POINT ( 'NONE', #1419 ) ;
#1303 = LINE ( 'NONE', #823, #942 ) ;
#1304 = ORIENTED_EDGE ( 'NONE', *, *, #360, .F. ) ;
#1305 = LINE ( 'NONE', #457, #386 ) ;
#1306 = EDGE_LOOP ( 'NONE', ( #876, #570, #510, #1314 ) ) ;
#1307 = DIRECTION ( 'NONE',  ( -1.000000000000000000, -4.818676322157798361E-16, 0.000000000000000000 ) ) ;
#1308 = EDGE_CURVE ( 'NONE', #778, #344, #202, .T. ) ;
#1309 = DIRECTION ( 'NONE',  ( -2.258880508902365962E-16, 1.000000000000000000, -0.000000000000000000 ) ) ;
#1310 = VERTEX_POINT ( 'NONE', #184 ) ;
#1311 = DIRECTION ( 'NONE',  ( 0.000000000000000000, -1.000000000000000000, 0.000000000000000000 ) ) ;
#1312 = CIRCLE ( 'NONE', #5, 2.500000000000000000 ) ;
#1313 = EDGE_CURVE ( 'NONE', #603, #1580, #312, .T. ) ;
#1314 = ORIENTED_EDGE ( 'NONE', *, *, #842, .T. ) ;
#1315 = CARTESIAN_POINT ( 'NONE',  ( -1.200000000000000178, 0.7679571668975719856, 0.1349999999999999534 ) ) ;
#1316 = ORIENTED_EDGE ( 'NONE', *, *, #1222, .F. ) ;
#1317 = CARTESIAN_POINT ( 'NONE',  ( 0.000000000000000000, 0.000000000000000000, 0.6350000000000000089 ) ) ;
#1318 = CARTESIAN_POINT ( 'NONE',  ( 0.4100000000000000311, 2.000000000000000444, 0.1349999999999999534 ) ) ;
#1319 = EDGE_CURVE ( 'NONE', #1430, #185, #660, .T. ) ;
#1320 = ORIENTED_EDGE ( 'NONE', *, *, #1364, .F. ) ;
#1321 = CARTESIAN_POINT ( 'NONE',  ( -16.63499999999999801, 1.364999999999996438, 0.3175000000000000044 ) ) ;
#1322 = DIRECTION ( 'NONE',  ( -1.000000000000000000, -4.818676322157799347E-16, 0.000000000000000000 ) ) ;
#1323 = DIRECTION ( 'NONE',  ( 0.000000000000000000, -1.000000000000000000, 0.000000000000000000 ) ) ;
#1324 = ORIENTED_EDGE ( 'NONE', *, *, #1581, .T. ) ;
#1325 = DIRECTION ( 'NONE',  ( 1.000000000000000000, 1.931257307898213426E-16, 0.000000000000000000 ) ) ;
#1326 = CARTESIAN_POINT ( 'NONE',  ( -1.499999999999999334, -2.000000000000000888, 0.000000000000000000 ) ) ;
#1327 = CIRCLE ( 'NONE', #244, 0.3000000000000000444 ) ;
#1328 = ORIENTED_EDGE ( 'NONE', *, *, #1579, .T. ) ;
#1329 = VECTOR ( 'NONE', #1158, 100.0000000000000000 ) ;
#1330 = DIRECTION ( 'NONE',  ( 0.000000000000000000, 0.000000000000000000, -1.000000000000000000 ) ) ;
#1331 = CARTESIAN_POINT ( 'NONE',  ( 1.365000000000002212, -16.63499999999999801, 0.3175000000000000044 ) ) ;
#1332 = DIRECTION ( 'NONE',  ( 0.000000000000000000, 1.000000000000000000, 0.000000000000000000 ) ) ;
#1333 = FACE_OUTER_BOUND ( 'NONE', #1192, .T. ) ;
#1334 = VERTEX_POINT ( 'NONE', #903 ) ;
#1335 = SURFACE_STYLE_FILL_AREA ( #120 ) ;
#1336 = EDGE_CURVE ( 'NONE', #771, #563, #427, .T. ) ;
#1337 = LINE ( 'NONE', #490, #736 ) ;
#1338 = ADVANCED_FACE ( 'NONE', ( #680 ), #793, .F. ) ;
#1339 = CARTESIAN_POINT ( 'NONE',  ( 1.199999999999999956, -0.7679571668975722076, 0.6350000000000000089 ) ) ;
#1340 = CARTESIAN_POINT ( 'NONE',  ( 0.4100000000000001976, -1.820000000000000506, 0.1349999999999999534 ) ) ;
#1341 = ORIENTED_EDGE ( 'NONE', *, *, #1020, .T. ) ;
#1342 = CARTESIAN_POINT ( 'NONE',  ( 2.000000000000000444, -0.4099999999999999201, 0.6350000000000000089 ) ) ;
#1343 = PLANE ( 'NONE',  #843 ) ;
#1344 = DIRECTION ( 'NONE',  ( -1.000000000000000000, -1.136033710528360955E-16, 0.000000000000000000 ) ) ;
#1345 = DIRECTION ( 'NONE',  ( -0.000000000000000000, 0.000000000000000000, 1.000000000000000000 ) ) ;
#1346 = ORIENTED_EDGE ( 'NONE', *, *, #9, .T. ) ;
#1347 = CARTESIAN_POINT ( 'NONE',  ( 1.820000000000000506, -0.4099999999999998646, 0.1349999999999999534 ) ) ;
#1348 = VECTOR ( 'NONE', #352, 100.0000000000000000 ) ;
#1349 = DIRECTION ( 'NONE',  ( -0.000000000000000000, 0.000000000000000000, 1.000000000000000000 ) ) ;
#1350 = LINE ( 'NONE', #880, #812 ) ;
#1351 = CARTESIAN_POINT ( 'NONE',  ( -1.364999999999997549, -16.63499999999999801, 0.3175000000000000044 ) ) ;
#1352 = ORIENTED_EDGE ( 'NONE', *, *, #503, .F. ) ;
#1353 = EDGE_CURVE ( 'NONE', #89, #1334, #1551, .T. ) ;
#1354 = DIRECTION ( 'NONE',  ( 0.000000000000000000, 0.000000000000000000, -1.000000000000000000 ) ) ;
#1355 = EDGE_CURVE ( 'NONE', #1420, #896, #1543, .T. ) ;
#1356 = VECTOR ( 'NONE', #145, 100.0000000000000000 ) ;
#1357 = CARTESIAN_POINT ( 'NONE',  ( 2.000000000000000000, 1.500000000000000222, 0.3175000000000000044 ) ) ;
#1358 = DIRECTION ( 'NONE',  ( -1.000000000000000000, -2.312964634635742957E-16, 0.000000000000000000 ) ) ;
#1359 = EDGE_CURVE ( 'NONE', #1383, #1310, #938, .T. ) ;
#1360 = ORIENTED_EDGE ( 'NONE', *, *, #840, .F. ) ;
#1361 = PLANE ( 'NONE',  #1211 ) ;
#1362 = EDGE_CURVE ( 'NONE', #414, #988, #70, .T. ) ;
#1363 = PRODUCT_DEFINITION_FORMATION_WITH_SPECIFIED_SOURCE ( 'ANY', '', #950, .NOT_KNOWN. ) ;
#1364 = EDGE_CURVE ( 'NONE', #363, #1302, #1535, .T. ) ;
#1365 = DIRECTION ( 'NONE',  ( 0.8660254037844362651, 0.5000000000000042188, 0.000000000000000000 ) ) ;
#1366 = VERTEX_POINT ( 'NONE', #1147 ) ;
#1367 = CARTESIAN_POINT ( 'NONE',  ( -1.500000000000000222, 2.000000000000000444, 0.6350000000000000089 ) ) ;
#1368 = AXIS2_PLACEMENT_3D ( 'NONE', #1444, #845, #199 ) ;
#1369 = CIRCLE ( 'NONE', #525, 2.500000000000000000 ) ;
#1370 = CARTESIAN_POINT ( 'NONE',  ( -0.4099999999999999201, 1.820000000000000506, 0.1349999999999999534 ) ) ;
#1371 = DIRECTION ( 'NONE',  ( 0.000000000000000000, 1.000000000000000000, 0.000000000000000000 ) ) ;
#1372 = ORIENTED_EDGE ( 'NONE', *, *, #1577, .F. ) ;
#1373 = EDGE_CURVE ( 'NONE', #742, #1450, #542, .T. ) ;
#1374 = LINE ( 'NONE', #269, #203 ) ;
#1375 = ORIENTED_EDGE ( 'NONE', *, *, #1429, .F. ) ;
#1376 = LINE ( 'NONE', #1589, #1098 ) ;
#1377 = EDGE_CURVE ( 'NONE', #1139, #1450, #912, .T. ) ;
#1378 = VERTEX_POINT ( 'NONE', #1326 ) ;
#1379 = DIRECTION ( 'NONE',  ( 0.000000000000000000, 0.000000000000000000, 1.000000000000000000 ) ) ;
#1380 = EDGE_CURVE ( 'NONE', #603, #437, #1568, .T. ) ;
#1381 = VECTOR ( 'NONE', #228, 100.0000000000000142 ) ;
#1382 = CIRCLE ( 'NONE', #1485, 2.500000000000000000 ) ;
#1383 = VERTEX_POINT ( 'NONE', #837 ) ;
#1384 = CYLINDRICAL_SURFACE ( 'NONE', #723, 2.500000000000000000 ) ;
#1385 = DIRECTION ( 'NONE',  ( 1.000000000000000000, 0.000000000000000000, 0.000000000000000000 ) ) ;
#1386 = ORIENTED_EDGE ( 'NONE', *, *, #55, .F. ) ;
#1387 = FACE_OUTER_BOUND ( 'NONE', #1201, .T. ) ;
#1388 = ORIENTED_EDGE ( 'NONE', *, *, #13, .T. ) ;
#1389 = LINE ( 'NONE', #1531, #861 ) ;
#1390 = ORIENTED_EDGE ( 'NONE', *, *, #1359, .F. ) ;
#1391 = CARTESIAN_POINT ( 'NONE',  ( -1.499999999999999334, -2.000000000000000888, 0.000000000000000000 ) ) ;
#1392 = DIRECTION ( 'NONE',  ( 4.818676322157799347E-16, 1.000000000000000000, 0.000000000000000000 ) ) ;
#1393 = ORIENTED_EDGE ( 'NONE', *, *, #505, .F. ) ;
#1394 = DIRECTION ( 'NONE',  ( -0.000000000000000000, 0.000000000000000000, 1.000000000000000000 ) ) ;
#1395 = ORIENTED_EDGE ( 'NONE', *, *, #83, .T. ) ;
#1396 = VECTOR ( 'NONE', #191, 100.0000000000000000 ) ;
#1397 = CARTESIAN_POINT ( 'NONE',  ( 1.820000000000000506, 0.4100000000000000311, 0.1349999999999999534 ) ) ;
#1398 = ORIENTED_EDGE ( 'NONE', *, *, #1429, .T. ) ;
#1399 = DIRECTION ( 'NONE',  ( 0.000000000000000000, 1.000000000000000000, 0.000000000000000000 ) ) ;
#1400 = CARTESIAN_POINT ( 'NONE',  ( -0.4099999999999999201, 1.820000000000000506, 0.1349999999999999534 ) ) ;
#1401 = ORIENTED_EDGE ( 'NONE', *, *, #996, .F. ) ;
#1402 = CARTESIAN_POINT ( 'NONE',  ( 3.673940397442060115E-17, 0.3000000000000000444, 0.000000000000000000 ) ) ;
#1403 = EDGE_CURVE ( 'NONE', #654, #1366, #577, .T. ) ;
#1404 = ORIENTED_EDGE ( 'NONE', *, *, #555, .F. ) ;
#1405 = EDGE_CURVE ( 'NONE', #385, #1171, #221, .T. ) ;
#1406 = DIRECTION ( 'NONE',  ( -0.000000000000000000, 0.000000000000000000, 1.000000000000000000 ) ) ;
#1407 = ORIENTED_EDGE ( 'NONE', *, *, #743, .F. ) ;
#1408 = DIRECTION ( 'NONE',  ( 4.818676322157798361E-16, 1.000000000000000000, 0.000000000000000000 ) ) ;
#1409 = CARTESIAN_POINT ( 'NONE',  ( -2.000000000000000000, -1.500000000000000888, 0.6350000000000000089 ) ) ;
#1410 = ADVANCED_FACE ( 'NONE', ( #1068 ), #830, .F. ) ;
#1411 = VECTOR ( 'NONE', #1487, 100.0000000000000000 ) ;
#1412 = ORIENTED_EDGE ( 'NONE', *, *, #663, .T. ) ;
#1413 = CIRCLE ( 'NONE', #978, 2.500000000000000000 ) ;
#1414 = DIRECTION ( 'NONE',  ( 0.000000000000000000, 1.000000000000000000, 0.000000000000000000 ) ) ;
#1415 = ORIENTED_EDGE ( 'NONE', *, *, #358, .T. ) ;
#1416 = CARTESIAN_POINT ( 'NONE',  ( -0.4099999999999997535, -2.000000000000000444, 0.1349999999999999534 ) ) ;
#1417 = EDGE_LOOP ( 'NONE', ( #1290, #1360, #222, #1528 ) ) ;
#1418 = CARTESIAN_POINT ( 'NONE',  ( -16.63499999999999801, 1.364999999999996438, 0.6350000000000000089 ) ) ;
#1419 = CARTESIAN_POINT ( 'NONE',  ( 2.000000000000000444, 0.4100000000000001421, 0.6350000000000000089 ) ) ;
#1420 = VERTEX_POINT ( 'NONE', #111 ) ;
#1421 = CARTESIAN_POINT ( 'NONE',  ( 0.4100000000000001976, -1.820000000000000506, 0.1349999999999999534 ) ) ;
#1422 = ORIENTED_EDGE ( 'NONE', *, *, #1380, .T. ) ;
#1423 = DIRECTION ( 'NONE',  ( 0.000000000000000000, 1.000000000000000000, 0.000000000000000000 ) ) ;
#1424 = VECTOR ( 'NONE', #57, 100.0000000000000000 ) ;
#1425 = ORIENTED_EDGE ( 'NONE', *, *, #1056, .F. ) ;
#1426 = PLANE ( 'NONE',  #940 ) ;
#1427 = AXIS2_PLACEMENT_3D ( 'NONE', #1431, #691, #324 ) ;
#1428 = CARTESIAN_POINT ( 'NONE',  ( 2.000000000000001776, 1.364999999999998437, 0.3175000000000000044 ) ) ;
#1429 = EDGE_CURVE ( 'NONE', #668, #437, #2, .T. ) ;
#1430 = VERTEX_POINT ( 'NONE', #593 ) ;
#1431 = CARTESIAN_POINT ( 'NONE',  ( 0.000000000000000000, 0.000000000000000000, 0.000000000000000000 ) ) ;
#1432 = ORIENTED_EDGE ( 'NONE', *, *, #308, .F. ) ;
#1433 = EDGE_CURVE ( 'NONE', #1279, #434, #587, .T. ) ;
#1434 = FACE_OUTER_BOUND ( 'NONE', #270, .T. ) ;
#1435 = ORIENTED_EDGE ( 'NONE', *, *, #766, .F. ) ;
#1436 = FACE_OUTER_BOUND ( 'NONE', #681, .T. ) ;
#1437 = CARTESIAN_POINT ( 'NONE',  ( 2.000000000000000444, 1.364999999999998437, 0.000000000000000000 ) ) ;
#1438 = ORIENTED_EDGE ( 'NONE', *, *, #1083, .T. ) ;
#1439 = CARTESIAN_POINT ( 'NONE',  ( 3.673940397442060115E-17, 0.3000000000000000444, 0.6350000000000000089 ) ) ;
#1440 = VECTOR ( 'NONE', #1345, 100.0000000000000000 ) ;
#1441 = AXIS2_PLACEMENT_3D ( 'NONE', #1080, #976, #212 ) ;
#1442 = AXIS2_PLACEMENT_3D ( 'NONE', #688, #176, #1534 ) ;
#1443 = ORIENTED_EDGE ( 'NONE', *, *, #908, .F. ) ;
#1444 = CARTESIAN_POINT ( 'NONE',  ( -0.4099999999999999201, 1.820000000000000506, 0.1349999999999999534 ) ) ;
#1445 = ORIENTED_EDGE ( 'NONE', *, *, #218, .F. ) ;
#1446 = CARTESIAN_POINT ( 'NONE',  ( -1.364999999999999991, 16.63499999999999801, 0.6350000000000000089 ) ) ;
#1447 = LINE ( 'NONE', #1318, #536 ) ;
#1448 = VERTEX_POINT ( 'NONE', #95 ) ;
#1449 =( LENGTH_UNIT ( ) NAMED_UNIT ( * ) SI_UNIT ( .CENTI., .METRE. ) );
#1450 = VERTEX_POINT ( 'NONE', #853 ) ;
#1451 = CARTESIAN_POINT ( 'NONE',  ( 1.820000000000000506, -0.4099999999999998646, 0.1349999999999999534 ) ) ;
#1452 = CARTESIAN_POINT ( 'NONE',  ( -1.200000000000000178, 0.7679571668975719856, 0.6350000000000000089 ) ) ;
#1453 = CARTESIAN_POINT ( 'NONE',  ( 0.000000000000000000, 0.000000000000000000, 0.3175000000000000044 ) ) ;
#1454 = VECTOR ( 'NONE', #576, 100.0000000000000142 ) ;
#1455 = ADVANCED_BREP_SHAPE_REPRESENTATION ( 'vertex_60', ( #1019, #410 ), #466 ) ;
#1456 = ORIENTED_EDGE ( 'NONE', *, *, #229, .T. ) ;
#1457 = VECTOR ( 'NONE', #234, 100.0000000000000000 ) ;
#1458 = CARTESIAN_POINT ( 'NONE',  ( -1.364999999999998215, 2.000000000000001776, 0.6350000000000000089 ) ) ;
#1459 = EDGE_CURVE ( 'NONE', #1041, #771, #1447, .T. ) ;
#1460 = DIRECTION ( 'NONE',  ( 1.000000000000000000, 2.258880508902365962E-16, 0.000000000000000000 ) ) ;
#1461 = DIRECTION ( 'NONE',  ( 0.000000000000000000, -1.000000000000000000, 0.000000000000000000 ) ) ;
#1462 = DIRECTION ( 'NONE',  ( -0.000000000000000000, 0.000000000000000000, 1.000000000000000000 ) ) ;
#1463 = VERTEX_POINT ( 'NONE', #470 ) ;
#1464 = CARTESIAN_POINT ( 'NONE',  ( 0.000000000000000000, 0.000000000000000000, 0.3175000000000000044 ) ) ;
#1465 = VECTOR ( 'NONE', #1462, 100.0000000000000000 ) ;
#1466 = VECTOR ( 'NONE', #902, 100.0000000000000000 ) ;
#1467 = FACE_OUTER_BOUND ( 'NONE', #658, .T. ) ;
#1468 = CARTESIAN_POINT ( 'NONE',  ( -1.500000000000000222, 2.000000000000000444, 0.6350000000000000089 ) ) ;
#1469 = DIRECTION ( 'NONE',  ( -4.818676322157799347E-16, 1.000000000000000000, 0.000000000000000000 ) ) ;
#1470 = ORIENTED_EDGE ( 'NONE', *, *, #981, .T. ) ;
#1471 = LINE ( 'NONE', #1347, #404 ) ;
#1472 = CARTESIAN_POINT ( 'NONE',  ( 2.000000000000000444, -1.499999999999999334, 0.000000000000000000 ) ) ;
#1473 = CARTESIAN_POINT ( 'NONE',  ( 2.000000000000000444, 0.4100000000000001421, 0.1349999999999999534 ) ) ;
#1474 = CARTESIAN_POINT ( 'NONE',  ( -0.7679571668975720966, -1.200000000000000178, 0.1349999999999999534 ) ) ;
#1475 = EDGE_LOOP ( 'NONE', ( #540, #1223 ) ) ;
#1476 = CARTESIAN_POINT ( 'NONE',  ( 0.7679571668975724297, -1.199999999999999956, 0.1349999999999999534 ) ) ;
#1477 = CARTESIAN_POINT ( 'NONE',  ( -0.4099999999999999201, 1.820000000000000506, 0.6350000000000000089 ) ) ;
#1478 = EDGE_CURVE ( 'NONE', #896, #1137, #210, .T. ) ;
#1479 = VECTOR ( 'NONE', #1332, 100.0000000000000000 ) ;
#1480 = EDGE_CURVE ( 'NONE', #416, #425, #477, .T. ) ;
#1481 = LINE ( 'NONE', #491, #1558 ) ;
#1482 = EDGE_CURVE ( 'NONE', #1245, #288, #1561, .T. ) ;
#1483 = ORIENTED_EDGE ( 'NONE', *, *, #926, .T. ) ;
#1484 = CARTESIAN_POINT ( 'NONE',  ( 3.673940397442060115E-17, 0.3000000000000000444, 0.000000000000000000 ) ) ;
#1485 = AXIS2_PLACEMENT_3D ( 'NONE', #97, #278, #35 ) ;
#1486 = CARTESIAN_POINT ( 'NONE',  ( -2.000000000000001776, 1.364999999999999991, 0.6350000000000000089 ) ) ;
#1487 = DIRECTION ( 'NONE',  ( 0.000000000000000000, -1.000000000000000000, 0.000000000000000000 ) ) ;
#1488 = ORIENTED_EDGE ( 'NONE', *, *, #9, .F. ) ;
#1489 = CARTESIAN_POINT ( 'NONE',  ( 0.7679571668975722076, 1.199999999999999956, 0.1349999999999999534 ) ) ;
#1490 = CARTESIAN_POINT ( 'NONE',  ( 16.63499999999999801, -1.364999999999998437, 0.6350000000000000089 ) ) ;
#1491 = PLANE ( 'NONE',  #485 ) ;
#1492 = EDGE_LOOP ( 'NONE', ( #262, #408, #134, #818 ) ) ;
#1493 = LINE ( 'NONE', #375, #1084 ) ;
#1494 = ADVANCED_FACE ( 'NONE', ( #716 ), #974, .F. ) ;
#1495 = ORIENTED_EDGE ( 'NONE', *, *, #1222, .T. ) ;
#1496 = DIRECTION ( 'NONE',  ( -0.000000000000000000, 0.000000000000000000, 1.000000000000000000 ) ) ;
#1497 = VECTOR ( 'NONE', #1365, 100.0000000000000142 ) ;
#1498 = EDGE_CURVE ( 'NONE', #901, #493, #116, .T. ) ;
#1499 = VECTOR ( 'NONE', #306, 100.0000000000000000 ) ;
#1500 = ORIENTED_EDGE ( 'NONE', *, *, #621, .T. ) ;
#1501 = LINE ( 'NONE', #173, #1527 ) ;
#1502 = CARTESIAN_POINT ( 'NONE',  ( 0.4100000000000003086, -2.000000000000000444, 0.6350000000000000089 ) ) ;
#1503 = EDGE_CURVE ( 'NONE', #1137, #274, #460, .T. ) ;
#1504 = ORIENTED_EDGE ( 'NONE', *, *, #283, .F. ) ;
#1505 = CARTESIAN_POINT ( 'NONE',  ( -0.7679571668975722076, 1.199999999999999956, 0.6350000000000000089 ) ) ;
#1506 = ORIENTED_EDGE ( 'NONE', *, *, #396, .T. ) ;
#1507 = PLANE ( 'NONE',  #141 ) ;
#1508 = VERTEX_POINT ( 'NONE', #609 ) ;
#1509 = DIRECTION ( 'NONE',  ( 1.000000000000000000, 4.818676322157798361E-16, 0.000000000000000000 ) ) ;
#1510 = VECTOR ( 'NONE', #88, 100.0000000000000142 ) ;
#1511 = VECTOR ( 'NONE', #443, 100.0000000000000000 ) ;
#1512 = VERTEX_POINT ( 'NONE', #102 ) ;
#1513 = PLANE ( 'NONE',  #1442 ) ;
#1514 = CARTESIAN_POINT ( 'NONE',  ( 0.4100000000000003086, -2.000000000000000444, 0.1349999999999999534 ) ) ;
#1515 = ORIENTED_EDGE ( 'NONE', *, *, #239, .F. ) ;
#1516 = DIRECTION ( 'NONE',  ( 0.000000000000000000, -1.000000000000000000, 0.000000000000000000 ) ) ;
#1517 = ORIENTED_EDGE ( 'NONE', *, *, #621, .F. ) ;
#1518 = LINE ( 'NONE', #424, #1225 ) ;
#1519 = EDGE_CURVE ( 'NONE', #1552, #945, #980, .T. ) ;
#1520 = EDGE_LOOP ( 'NONE', ( #479, #951, #831, #1069 ) ) ;
#1521 = EDGE_CURVE ( 'NONE', #1176, #392, #1185, .T. ) ;
#1522 = CARTESIAN_POINT ( 'NONE',  ( -1.200000000000000178, 0.7679571668975719856, 0.6350000000000000089 ) ) ;
#1523 = LINE ( 'NONE', #177, #1511 ) ;
#1524 = ORIENTED_EDGE ( 'NONE', *, *, #985, .T. ) ;
#1525 = CARTESIAN_POINT ( 'NONE',  ( 1.199999999999999956, 0.7679571668975723187, 0.6350000000000000089 ) ) ;
#1526 = ADVANCED_FACE ( 'NONE', ( #1333 ), #362, .F. ) ;
#1527 = VECTOR ( 'NONE', #1042, 100.0000000000000000 ) ;
#1528 = ORIENTED_EDGE ( 'NONE', *, *, #330, .T. ) ;
#1529 = CIRCLE ( 'NONE', #594, 0.3000000000000000444 ) ;
#1530 = ADVANCED_FACE ( 'NONE', ( #125 ), #614, .F. ) ;
#1531 = CARTESIAN_POINT ( 'NONE',  ( -1.500000000000000222, 2.000000000000000444, 0.000000000000000000 ) ) ;
#1532 = ORIENTED_EDGE ( 'NONE', *, *, #456, .T. ) ;
#1533 = EDGE_CURVE ( 'NONE', #1586, #1552, #632, .T. ) ;
#1534 = DIRECTION ( 'NONE',  ( -4.818676322157798361E-16, 1.000000000000000000, 0.000000000000000000 ) ) ;
#1535 = LINE ( 'NONE', #52, #1108 ) ;
#1536 = ORIENTED_EDGE ( 'NONE', *, *, #1242, .F. ) ;
#1537 = CARTESIAN_POINT ( 'NONE',  ( -2.000000000000000444, 0.4099999999999996980, 0.1349999999999999534 ) ) ;
#1538 = ORIENTED_EDGE ( 'NONE', *, *, #1033, .T. ) ;
#1539 = LINE ( 'NONE', #275, #1424 ) ;
#1540 = ORIENTED_EDGE ( 'NONE', *, *, #906, .F. ) ;
#1541 = VECTOR ( 'NONE', #1392, 100.0000000000000000 ) ;
#1542 = DIRECTION ( 'NONE',  ( -0.000000000000000000, 0.000000000000000000, 1.000000000000000000 ) ) ;
#1543 = LINE ( 'NONE', #1514, #635 ) ;
#1544 = ORIENTED_EDGE ( 'NONE', *, *, #308, .T. ) ;
#1545 = DIRECTION ( 'NONE',  ( 0.000000000000000000, 0.000000000000000000, -1.000000000000000000 ) ) ;
#1546 = ORIENTED_EDGE ( 'NONE', *, *, #548, .T. ) ;
#1547 = CARTESIAN_POINT ( 'NONE',  ( -0.7679571668975720966, -1.200000000000000178, 0.1349999999999999534 ) ) ;
#1548 = ADVANCED_FACE ( 'NONE', ( #1229 ), #1491, .F. ) ;
#1549 = ORIENTED_EDGE ( 'NONE', *, *, #1503, .T. ) ;
#1550 = DIRECTION ( 'NONE',  ( 0.000000000000000000, -1.000000000000000000, 0.000000000000000000 ) ) ;
#1551 = LINE ( 'NONE', #1046, #825 ) ;
#1552 = VERTEX_POINT ( 'NONE', #1502 ) ;
#1553 = FACE_OUTER_BOUND ( 'NONE', #675, .T. ) ;
#1554 = EDGE_CURVE ( 'NONE', #563, #1195, #1112, .T. ) ;
#1555 = DIRECTION ( 'NONE',  ( 1.000000000000000000, 1.817653936845376936E-16, 0.000000000000000000 ) ) ;
#1556 = ADVANCED_FACE ( 'NONE', ( #513 ), #1004, .T. ) ;
#1557 = CARTESIAN_POINT ( 'NONE',  ( -1.500000000000000222, 2.000000000000000444, 0.000000000000000000 ) ) ;
#1558 = VECTOR ( 'NONE', #737, 100.0000000000000000 ) ;
#1559 = VERTEX_POINT ( 'NONE', #267 ) ;
#1560 = CARTESIAN_POINT ( 'NONE',  ( 1.199999999999999956, -0.7679571668975722076, 0.6350000000000000089 ) ) ;
#1561 = LINE ( 'NONE', #1437, #922 ) ;
#1562 = ORIENTED_EDGE ( 'NONE', *, *, #1086, .T. ) ;
#1563 = CARTESIAN_POINT ( 'NONE',  ( 0.4099999999999999201, 1.820000000000000506, 0.1349999999999999534 ) ) ;
#1564 = CARTESIAN_POINT ( 'NONE',  ( 2.000000000000001776, -1.365000000000000213, 0.3175000000000000044 ) ) ;
#1565 = DIRECTION ( 'NONE',  ( -0.5000000000000042188, 0.8660254037844362651, -0.000000000000000000 ) ) ;
#1566 = ORIENTED_EDGE ( 'NONE', *, *, #497, .T. ) ;
#1567 = FACE_OUTER_BOUND ( 'NONE', #798, .T. ) ;
#1568 = LINE ( 'NONE', #1215, #130 ) ;
#1569 = ORIENTED_EDGE ( 'NONE', *, *, #1197, .F. ) ;
#1570 = LINE ( 'NONE', #1231, #487 ) ;
#1571 = AXIS2_PLACEMENT_3D ( 'NONE', #1321, #711, #1203 ) ;
#1572 = VECTOR ( 'NONE', #1275, 100.0000000000000000 ) ;
#1573 = ORIENTED_EDGE ( 'NONE', *, *, #30, .F. ) ;
#1574 = FACE_OUTER_BOUND ( 'NONE', #1417, .T. ) ;
#1575 = EDGE_CURVE ( 'NONE', #288, #1302, #492, .T. ) ;
#1576 = DIRECTION ( 'NONE',  ( -2.258880508902365962E-16, 1.000000000000000000, -0.000000000000000000 ) ) ;
#1577 = EDGE_CURVE ( 'NONE', #1137, #698, #987, .T. ) ;
#1578 = DIRECTION ( 'NONE',  ( -1.249637081581196951E-16, 1.000000000000000000, -0.000000000000000000 ) ) ;
#1579 = EDGE_CURVE ( 'NONE', #899, #661, #767, .T. ) ;
#1580 = VERTEX_POINT ( 'NONE', #870 ) ;
#1581 = EDGE_CURVE ( 'NONE', #1187, #1139, #249, .T. ) ;
#1582 = PLANE ( 'NONE',  #422 ) ;
#1583 = FACE_OUTER_BOUND ( 'NONE', #588, .T. ) ;
#1584 = DIRECTION ( 'NONE',  ( 4.818676322157799347E-16, 1.000000000000000000, 0.000000000000000000 ) ) ;
#1585 = VECTOR ( 'NONE', #469, 100.0000000000000000 ) ;
#1586 = VERTEX_POINT ( 'NONE', #745 ) ;
#1587 = AXIS2_PLACEMENT_3D ( 'NONE', #482, #779, #984 ) ;
#1588 = DIRECTION ( 'NONE',  ( 0.8660254037844362651, 0.5000000000000042188, 0.000000000000000000 ) ) ;
#1589 = CARTESIAN_POINT ( 'NONE',  ( 1.199999999999999956, 0.7679571668975723187, 0.1349999999999999534 ) ) ;
ENDSEC;
END-ISO-10303-21;
