ISO-10303-21;
HEADER;
FILE_DESCRIPTION (( 'STEP AP214' ),
    '1' );
FILE_NAME ('vertex_61.STEP',
    '2026-06-16T01:09:12',
    ( '' ),
    ( '' ),
    'SwSTEP 2.0',
    'SolidWorks 2023',
    '' );
FILE_SCHEMA (( 'AUTOMOTIVE_DESIGN' ));
ENDSEC;

DATA;
#1 = CARTESIAN_POINT ( 'NONE',  ( 0.4100000000000000311, 2.000000000000000444, 0.6350000000000000089 ) ) ;
#2 = ORIENTED_EDGE ( 'NONE', *, *, #254, .T. ) ;
#3 = EDGE_CURVE ( 'NONE', #1149, #581, #1106, .T. ) ;
#4 = ORIENTED_EDGE ( 'NONE', *, *, #1113, .T. ) ;
#5 = CARTESIAN_POINT ( 'NONE',  ( 0.4099999999999999201, 1.820000000000000506, 0.1349999999999999534 ) ) ;
#6 = ORIENTED_EDGE ( 'NONE', *, *, #226, .F. ) ;
#7 = CARTESIAN_POINT ( 'NONE',  ( -2.000000000000000000, -1.500000000000000888, 0.000000000000000000 ) ) ;
#8 = VECTOR ( 'NONE', #435, 100.0000000000000000 ) ;
#9 = FACE_OUTER_BOUND ( 'NONE', #82, .T. ) ;
#10 = CARTESIAN_POINT ( 'NONE',  ( 0.7679571668975722076, 1.199999999999999956, 0.1349999999999999534 ) ) ;
#11 = ORIENTED_EDGE ( 'NONE', *, *, #1126, .T. ) ;
#12 = VECTOR ( 'NONE', #1493, 100.0000000000000000 ) ;
#13 = FACE_BOUND ( 'NONE', #514, .T. ) ;
#14 = VERTEX_POINT ( 'NONE', #264 ) ;
#15 = CARTESIAN_POINT ( 'NONE',  ( 0.4100000000000001976, -1.820000000000000506, 0.6350000000000000089 ) ) ;
#16 = DIRECTION ( 'NONE',  ( -2.312964634635742957E-16, 1.000000000000000000, 0.000000000000000000 ) ) ;
#17 = DIRECTION ( 'NONE',  ( 0.000000000000000000, 0.000000000000000000, 1.000000000000000000 ) ) ;
#18 = VECTOR ( 'NONE', #1083, 100.0000000000000000 ) ;
#19 = VERTEX_POINT ( 'NONE', #732 ) ;
#20 = VECTOR ( 'NONE', #1289, 100.0000000000000000 ) ;
#21 = EDGE_CURVE ( 'NONE', #299, #1458, #636, .T. ) ;
#22 = PLANE ( 'NONE',  #1357 ) ;
#23 = ORIENTED_EDGE ( 'NONE', *, *, #1381, .F. ) ;
#24 = CARTESIAN_POINT ( 'NONE',  ( -1.499999999999999334, -2.000000000000000888, 0.000000000000000000 ) ) ;
#25 = EDGE_CURVE ( 'NONE', #1209, #526, #360, .T. ) ;
#26 = PLANE ( 'NONE',  #349 ) ;
#27 = CARTESIAN_POINT ( 'NONE',  ( -2.000000000000000444, -0.4100000000000003642, 0.1349999999999999534 ) ) ;
#28 = EDGE_LOOP ( 'NONE', ( #975, #36, #611, #675 ) ) ;
#29 = LINE ( 'NONE', #5, #378 ) ;
#30 = ORIENTED_EDGE ( 'NONE', *, *, #315, .T. ) ;
#31 = PLANE ( 'NONE',  #344 ) ;
#32 = VERTEX_POINT ( 'NONE', #1394 ) ;
#33 = EDGE_CURVE ( 'NONE', #32, #586, #1172, .T. ) ;
#34 = CARTESIAN_POINT ( 'NONE',  ( -2.000000000000000000, -1.500000000000000888, 0.6350000000000000089 ) ) ;
#35 = CARTESIAN_POINT ( 'NONE',  ( 1.365000000000002212, -1.999999999999999112, 0.6350000000000000089 ) ) ;
#36 = ORIENTED_EDGE ( 'NONE', *, *, #1080, .T. ) ;
#37 = CARTESIAN_POINT ( 'NONE',  ( 0.000000000000000000, 0.000000000000000000, 0.3175000000000000044 ) ) ;
#38 = EDGE_LOOP ( 'NONE', ( #447, #1472, #1285, #856 ) ) ;
#39 = LINE ( 'NONE', #525, #830 ) ;
#40 = EDGE_LOOP ( 'NONE', ( #1140, #1516, #4, #278, #1033, #507, #791, #417, #1460, #1422, #1579, #723 ) ) ;
#41 = ADVANCED_FACE ( 'NONE', ( #554 ), #288, .F. ) ;
#42 = DIRECTION ( 'NONE',  ( 0.000000000000000000, 0.000000000000000000, -1.000000000000000000 ) ) ;
#43 = LINE ( 'NONE', #253, #1345 ) ;
#44 = ADVANCED_FACE ( 'NONE', ( #1057 ), #654, .F. ) ;
#45 = DIRECTION ( 'NONE',  ( 2.385670792109557660E-16, -1.000000000000000000, 0.000000000000000000 ) ) ;
#46 = CIRCLE ( 'NONE', #1304, 2.500000000000000000 ) ;
#47 = DIRECTION ( 'NONE',  ( 0.000000000000000000, 0.000000000000000000, 1.000000000000000000 ) ) ;
#48 = ORIENTED_EDGE ( 'NONE', *, *, #1071, .F. ) ;
#49 = LINE ( 'NONE', #1025, #138 ) ;
#50 = ORIENTED_EDGE ( 'NONE', *, *, #892, .T. ) ;
#51 = PLANE ( 'NONE',  #75 ) ;
#52 = CARTESIAN_POINT ( 'NONE',  ( -1.365000000000000213, -1.364999999999997993, 0.3175000000000000044 ) ) ;
#53 = DIRECTION ( 'NONE',  ( 1.000000000000000000, 2.312964634635742957E-16, 0.000000000000000000 ) ) ;
#54 = ADVANCED_FACE ( 'NONE', ( #796 ), #1532, .T. ) ;
#55 = SURFACE_STYLE_USAGE ( .BOTH. , #211 ) ;
#56 = ORIENTED_EDGE ( 'NONE', *, *, #1527, .F. ) ;
#57 = LINE ( 'NONE', #1142, #1169 ) ;
#58 = VERTEX_POINT ( 'NONE', #405 ) ;
#59 = CARTESIAN_POINT ( 'NONE',  ( 1.820000000000000506, 0.4100000000000000311, 0.6350000000000000089 ) ) ;
#60 = LINE ( 'NONE', #86, #1408 ) ;
#61 = VECTOR ( 'NONE', #1302, 100.0000000000000000 ) ;
#62 = DIRECTION ( 'NONE',  ( -2.258880508902365962E-16, 1.000000000000000000, -0.000000000000000000 ) ) ;
#63 = EDGE_CURVE ( 'NONE', #770, #1259, #183, .T. ) ;
#64 = ORIENTED_EDGE ( 'NONE', *, *, #558, .F. ) ;
#65 = CARTESIAN_POINT ( 'NONE',  ( -2.000000000000000444, -0.4100000000000003642, 0.1349999999999999534 ) ) ;
#66 = VERTEX_POINT ( 'NONE', #1147 ) ;
#67 = VECTOR ( 'NONE', #1017, 100.0000000000000000 ) ;
#68 = CARTESIAN_POINT ( 'NONE',  ( -2.000000000000000888, 1.499999999999999112, 0.000000000000000000 ) ) ;
#69 = CARTESIAN_POINT ( 'NONE',  ( 0.000000000000000000, 0.000000000000000000, 0.000000000000000000 ) ) ;
#70 = AXIS2_PLACEMENT_3D ( 'NONE', #109, #1223, #1319 ) ;
#71 = CARTESIAN_POINT ( 'NONE',  ( -2.000000000000000000, -1.500000000000000888, 0.000000000000000000 ) ) ;
#72 = EDGE_LOOP ( 'NONE', ( #773, #1035, #1242, #1266 ) ) ;
#73 = VECTOR ( 'NONE', #366, 100.0000000000000000 ) ;
#74 = LINE ( 'NONE', #931, #655 ) ;
#75 = AXIS2_PLACEMENT_3D ( 'NONE', #792, #1400, #1538 ) ;
#76 = ORIENTED_EDGE ( 'NONE', *, *, #1282, .F. ) ;
#77 = PRODUCT_DEFINITION ( 'UNKNOWN', '', #1483, #846 ) ;
#78 = DIRECTION ( 'NONE',  ( 0.5000000000000045519, -0.8660254037844360431, 0.000000000000000000 ) ) ;
#79 = EDGE_CURVE ( 'NONE', #1540, #408, #1523, .T. ) ;
#80 = DIRECTION ( 'NONE',  ( 0.000000000000000000, -1.000000000000000000, 0.000000000000000000 ) ) ;
#81 = AXIS2_PLACEMENT_3D ( 'NONE', #71, #53, #1514 ) ;
#82 = EDGE_LOOP ( 'NONE', ( #1358, #1444, #428, #436 ) ) ;
#83 = FACE_OUTER_BOUND ( 'NONE', #889, .T. ) ;
#84 = EDGE_LOOP ( 'NONE', ( #1344, #852, #883, #191 ) ) ;
#85 = DIRECTION ( 'NONE',  ( 0.000000000000000000, 0.000000000000000000, -1.000000000000000000 ) ) ;
#86 = CARTESIAN_POINT ( 'NONE',  ( -16.63499999999999801, -1.364999999999999103, 0.6350000000000000089 ) ) ;
#87 = CARTESIAN_POINT ( 'NONE',  ( 1.199999999999999956, -0.7679571668975722076, 0.6350000000000000089 ) ) ;
#88 = VERTEX_POINT ( 'NONE', #1264 ) ;
#89 = CIRCLE ( 'NONE', #424, 0.3049999999999999933 ) ;
#90 = DIRECTION ( 'NONE',  ( 0.5000000000000039968, 0.8660254037844362651, 0.000000000000000000 ) ) ;
#91 = VERTEX_POINT ( 'NONE', #1506 ) ;
#92 = DIRECTION ( 'NONE',  ( 1.000000000000000000, -4.818676322157798361E-16, 0.000000000000000000 ) ) ;
#93 = EDGE_CURVE ( 'NONE', #509, #564, #902, .T. ) ;
#94 = AXIS2_PLACEMENT_3D ( 'NONE', #1368, #1109, #772 ) ;
#95 = ADVANCED_FACE ( 'NONE', ( #421 ), #673, .F. ) ;
#96 = ORIENTED_EDGE ( 'NONE', *, *, #384, .T. ) ;
#97 = DIRECTION ( 'NONE',  ( -2.312964634635742957E-16, 1.000000000000000000, 0.000000000000000000 ) ) ;
#98 = EDGE_LOOP ( 'NONE', ( #154, #828, #1528, #440 ) ) ;
#99 = VECTOR ( 'NONE', #1269, 100.0000000000000000 ) ;
#100 = VECTOR ( 'NONE', #453, 100.0000000000000000 ) ;
#101 = CARTESIAN_POINT ( 'NONE',  ( 2.000000000000000444, -0.4099999999999999201, 0.1349999999999999534 ) ) ;
#102 = PLANE ( 'NONE',  #479 ) ;
#103 = DIRECTION ( 'NONE',  ( -2.312964634635742957E-16, 1.000000000000000000, 0.000000000000000000 ) ) ;
#104 = VERTEX_POINT ( 'NONE', #530 ) ;
#105 = EDGE_CURVE ( 'NONE', #1409, #719, #1163, .T. ) ;
#106 = CARTESIAN_POINT ( 'NONE',  ( -0.7679571668975720966, -1.200000000000000178, 0.1349999999999999534 ) ) ;
#107 = ORIENTED_EDGE ( 'NONE', *, *, #812, .T. ) ;
#108 = LINE ( 'NONE', #101, #271 ) ;
#109 = CARTESIAN_POINT ( 'NONE',  ( 1.364999999999995328, 16.63499999999999801, 0.3175000000000000044 ) ) ;
#110 = ORIENTED_EDGE ( 'NONE', *, *, #1133, .T. ) ;
#111 = EDGE_CURVE ( 'NONE', #91, #509, #1272, .T. ) ;
#112 = FACE_OUTER_BOUND ( 'NONE', #246, .T. ) ;
#113 = EDGE_LOOP ( 'NONE', ( #1339, #127 ) ) ;
#114 = DIRECTION ( 'NONE',  ( 0.000000000000000000, -1.000000000000000000, 0.000000000000000000 ) ) ;
#115 = AXIS2_PLACEMENT_3D ( 'NONE', #140, #1145, #412 ) ;
#116 = DIRECTION ( 'NONE',  ( -1.249637081581196951E-16, 1.000000000000000000, -0.000000000000000000 ) ) ;
#117 = ORIENTED_EDGE ( 'NONE', *, *, #618, .F. ) ;
#118 = ORIENTED_EDGE ( 'NONE', *, *, #880, .F. ) ;
#119 = PLANE ( 'NONE',  #404 ) ;
#120 = ORIENTED_EDGE ( 'NONE', *, *, #21, .F. ) ;
#121 = VECTOR ( 'NONE', #592, 100.0000000000000000 ) ;
#122 = LINE ( 'NONE', #328, #702 ) ;
#123 = VECTOR ( 'NONE', #1341, 100.0000000000000142 ) ;
#124 = EDGE_CURVE ( 'NONE', #789, #1185, #900, .T. ) ;
#125 = CIRCLE ( 'NONE', #324, 2.500000000000000000 ) ;
#126 = CARTESIAN_POINT ( 'NONE',  ( -2.000000000000000444, -0.4100000000000003642, 0.1349999999999999534 ) ) ;
#127 = ORIENTED_EDGE ( 'NONE', *, *, #456, .F. ) ;
#128 = CARTESIAN_POINT ( 'NONE',  ( -0.4099999999999997535, -2.000000000000000444, 0.6350000000000000089 ) ) ;
#129 = ORIENTED_EDGE ( 'NONE', *, *, #771, .T. ) ;
#130 = CARTESIAN_POINT ( 'NONE',  ( -1.820000000000000506, 0.4099999999999995870, 0.6350000000000000089 ) ) ;
#131 = LINE ( 'NONE', #400, #763 ) ;
#132 = FACE_OUTER_BOUND ( 'NONE', #38, .T. ) ;
#133 = ORIENTED_EDGE ( 'NONE', *, *, #1527, .T. ) ;
#134 = VERTEX_POINT ( 'NONE', #1413 ) ;
#135 = DIRECTION ( 'NONE',  ( -1.000000000000000000, -1.136033710528360955E-16, 0.000000000000000000 ) ) ;
#136 = ORIENTED_EDGE ( 'NONE', *, *, #707, .F. ) ;
#137 = FACE_OUTER_BOUND ( 'NONE', #904, .T. ) ;
#138 = VECTOR ( 'NONE', #684, 100.0000000000000000 ) ;
#139 = DIRECTION ( 'NONE',  ( 0.8660254037844362651, 0.5000000000000042188, 0.000000000000000000 ) ) ;
#140 = CARTESIAN_POINT ( 'NONE',  ( 0.000000000000000000, 0.000000000000000000, 0.6350000000000000089 ) ) ;
#141 = EDGE_CURVE ( 'NONE', #778, #1250, #666, .T. ) ;
#142 = VERTEX_POINT ( 'NONE', #1290 ) ;
#143 = EDGE_CURVE ( 'NONE', #1548, #1209, #898, .T. ) ;
#144 = CARTESIAN_POINT ( 'NONE',  ( 1.820000000000000506, 0.4100000000000000311, 0.6350000000000000089 ) ) ;
#145 = ORIENTED_EDGE ( 'NONE', *, *, #849, .F. ) ;
#146 = DIRECTION ( 'NONE',  ( 0.5000000000000039968, 0.8660254037844362651, 0.000000000000000000 ) ) ;
#147 = CARTESIAN_POINT ( 'NONE',  ( -1.500000000000000222, 2.000000000000000444, 0.6350000000000000089 ) ) ;
#148 = DIRECTION ( 'NONE',  ( -4.818676322157799347E-16, 1.000000000000000000, 0.000000000000000000 ) ) ;
#149 = VECTOR ( 'NONE', #1386, 100.0000000000000000 ) ;
#150 = VECTOR ( 'NONE', #310, 100.0000000000000000 ) ;
#151 = VECTOR ( 'NONE', #438, 100.0000000000000000 ) ;
#152 = ORIENTED_EDGE ( 'NONE', *, *, #315, .F. ) ;
#153 = PLANE ( 'NONE',  #1307 ) ;
#154 = ORIENTED_EDGE ( 'NONE', *, *, #1282, .T. ) ;
#155 = EDGE_CURVE ( 'NONE', #930, #91, #131, .T. ) ;
#156 = LINE ( 'NONE', #753, #1350 ) ;
#157 = DIRECTION ( 'NONE',  ( -0.000000000000000000, 0.000000000000000000, 1.000000000000000000 ) ) ;
#158 = DIRECTION ( 'NONE',  ( 0.000000000000000000, 0.000000000000000000, -1.000000000000000000 ) ) ;
#159 = ORIENTED_EDGE ( 'NONE', *, *, #717, .F. ) ;
#160 = CARTESIAN_POINT ( 'NONE',  ( -16.63499999999999801, -1.364999999999999103, 0.3175000000000000044 ) ) ;
#161 = ORIENTED_EDGE ( 'NONE', *, *, #1401, .T. ) ;
#162 = EDGE_CURVE ( 'NONE', #1101, #873, #739, .T. ) ;
#163 = PLANE ( 'NONE',  #1553 ) ;
#164 = FACE_OUTER_BOUND ( 'NONE', #500, .T. ) ;
#165 = EDGE_CURVE ( 'NONE', #731, #207, #385, .T. ) ;
#166 = FACE_BOUND ( 'NONE', #113, .T. ) ;
#167 = CARTESIAN_POINT ( 'NONE',  ( -1.820000000000000506, 0.4099999999999995870, 0.6350000000000000089 ) ) ;
#168 = DIRECTION ( 'NONE',  ( 1.000000000000000000, 0.000000000000000000, 0.000000000000000000 ) ) ;
#169 = VERTEX_POINT ( 'NONE', #1502 ) ;
#170 = CARTESIAN_POINT ( 'NONE',  ( -2.000000000000000000, -1.500000000000000888, 0.000000000000000000 ) ) ;
#171 = VECTOR ( 'NONE', #1119, 100.0000000000000000 ) ;
#172 = CARTESIAN_POINT ( 'NONE',  ( 1.364999999999995328, 16.63499999999999801, 0.6350000000000000089 ) ) ;
#173 = DIRECTION ( 'NONE',  ( 0.8660254037844362651, -0.5000000000000039968, 0.000000000000000000 ) ) ;
#174 = EDGE_CURVE ( 'NONE', #930, #1149, #1231, .T. ) ;
#175 = CARTESIAN_POINT ( 'NONE',  ( -1.200000000000000178, 0.7679571668975719856, 0.6350000000000000089 ) ) ;
#176 = AXIS2_PLACEMENT_3D ( 'NONE', #1543, #1168, #560 ) ;
#177 = CIRCLE ( 'NONE', #1508, 0.3049999999999999933 ) ;
#178 = ORIENTED_EDGE ( 'NONE', *, *, #1517, .F. ) ;
#179 = DIRECTION ( 'NONE',  ( -0.5000000000000042188, -0.8660254037844361541, 0.000000000000000000 ) ) ;
#180 = ORIENTED_EDGE ( 'NONE', *, *, #849, .T. ) ;
#181 = DIRECTION ( 'NONE',  ( 1.000000000000000000, 2.312964634635742957E-16, 0.000000000000000000 ) ) ;
#182 = CARTESIAN_POINT ( 'NONE',  ( 2.000000000000000444, 0.4100000000000001421, 0.6350000000000000089 ) ) ;
#183 = LINE ( 'NONE', #190, #1330 ) ;
#184 = CARTESIAN_POINT ( 'NONE',  ( 1.820000000000000506, 0.4100000000000000311, 0.1349999999999999534 ) ) ;
#185 = ORIENTED_EDGE ( 'NONE', *, *, #964, .T. ) ;
#186 = LINE ( 'NONE', #1150, #1473 ) ;
#187 = ORIENTED_EDGE ( 'NONE', *, *, #425, .T. ) ;
#188 = CARTESIAN_POINT ( 'NONE',  ( -1.365000000000000213, -1.364999999999997993, 0.6350000000000000089 ) ) ;
#189 = DIRECTION ( 'NONE',  ( 0.000000000000000000, 0.000000000000000000, 1.000000000000000000 ) ) ;
#190 = CARTESIAN_POINT ( 'NONE',  ( -1.364999999999999991, 16.63499999999999801, 0.3175000000000000044 ) ) ;
#191 = ORIENTED_EDGE ( 'NONE', *, *, #682, .T. ) ;
#192 = AXIS2_PLACEMENT_3D ( 'NONE', #27, #1392, #785 ) ;
#193 = EDGE_CURVE ( 'NONE', #283, #873, #1110, .T. ) ;
#194 = CARTESIAN_POINT ( 'NONE',  ( -1.364999999999998215, 1.364999999999999991, 0.3175000000000000044 ) ) ;
#195 = EDGE_LOOP ( 'NONE', ( #1138, #703, #1336, #1426 ) ) ;
#196 = PLANE ( 'NONE',  #794 ) ;
#197 = DIRECTION ( 'NONE',  ( -1.000000000000000000, -2.312964634635742957E-16, 0.000000000000000000 ) ) ;
#198 = ORIENTED_EDGE ( 'NONE', *, *, #983, .T. ) ;
#199 = DIRECTION ( 'NONE',  ( 0.5000000000000043299, -0.8660254037844362651, 0.000000000000000000 ) ) ;
#200 = ADVANCED_FACE ( 'NONE', ( #9 ), #26, .F. ) ;
#201 = VERTEX_POINT ( 'NONE', #392 ) ;
#202 = PLANE ( 'NONE',  #555 ) ;
#203 = CARTESIAN_POINT ( 'NONE',  ( -2.000000000000001776, 1.364999999999999991, 0.3175000000000000044 ) ) ;
#204 = EDGE_LOOP ( 'NONE', ( #683, #241, #1159, #578 ) ) ;
#205 = DIRECTION ( 'NONE',  ( 0.000000000000000000, 1.000000000000000000, 0.000000000000000000 ) ) ;
#206 = ADVANCED_FACE ( 'NONE', ( #377 ), #625, .F. ) ;
#207 = VERTEX_POINT ( 'NONE', #1480 ) ;
#208 = CARTESIAN_POINT ( 'NONE',  ( -1.364999999999998215, 1.364999999999999991, 0.6350000000000000089 ) ) ;
#209 = DIRECTION ( 'NONE',  ( 1.000000000000000000, 0.000000000000000000, 0.000000000000000000 ) ) ;
#210 = ADVANCED_FACE ( 'NONE', ( #164 ), #774, .T. ) ;
#211 = SURFACE_SIDE_STYLE ('',( #577 ) ) ;
#212 = AXIS2_PLACEMENT_3D ( 'NONE', #470, #1565, #1442 ) ;
#213 = ORIENTED_EDGE ( 'NONE', *, *, #312, .F. ) ;
#214 = DIRECTION ( 'NONE',  ( -0.000000000000000000, 0.000000000000000000, 1.000000000000000000 ) ) ;
#215 = ORIENTED_EDGE ( 'NONE', *, *, #738, .T. ) ;
#216 = DIRECTION ( 'NONE',  ( -0.000000000000000000, 0.000000000000000000, 1.000000000000000000 ) ) ;
#217 = DIRECTION ( 'NONE',  ( 4.818676322157799347E-16, -1.000000000000000000, 0.000000000000000000 ) ) ;
#218 = EDGE_CURVE ( 'NONE', #1500, #317, #862, .T. ) ;
#219 = VERTEX_POINT ( 'NONE', #871 ) ;
#220 = DIRECTION ( 'NONE',  ( -0.000000000000000000, 0.000000000000000000, 1.000000000000000000 ) ) ;
#221 = VERTEX_POINT ( 'NONE', #886 ) ;
#222 = AXIS2_PLACEMENT_3D ( 'NONE', #1559, #1568, #1090 ) ;
#223 = DIRECTION ( 'NONE',  ( 1.000000000000000000, 2.258880508902365962E-16, 0.000000000000000000 ) ) ;
#224 =( LENGTH_UNIT ( ) NAMED_UNIT ( * ) SI_UNIT ( .CENTI., .METRE. ) );
#225 = FACE_OUTER_BOUND ( 'NONE', #547, .T. ) ;
#226 = EDGE_CURVE ( 'NONE', #770, #526, #1363, .T. ) ;
#227 = ORIENTED_EDGE ( 'NONE', *, *, #665, .T. ) ;
#228 = ORIENTED_EDGE ( 'NONE', *, *, #1536, .F. ) ;
#229 = DIRECTION ( 'NONE',  ( 0.000000000000000000, -1.000000000000000000, 0.000000000000000000 ) ) ;
#230 = CARTESIAN_POINT ( 'NONE',  ( -1.364999999999999991, 16.63499999999999801, 0.6350000000000000089 ) ) ;
#231 = ORIENTED_EDGE ( 'NONE', *, *, #143, .T. ) ;
#232 = ORIENTED_EDGE ( 'NONE', *, *, #141, .T. ) ;
#233 = DIRECTION ( 'NONE',  ( 1.000000000000000000, 0.000000000000000000, 0.000000000000000000 ) ) ;
#234 = ORIENTED_EDGE ( 'NONE', *, *, #608, .T. ) ;
#235 = EDGE_CURVE ( 'NONE', #423, #1101, #244, .T. ) ;
#236 = LINE ( 'NONE', #823, #18 ) ;
#237 = VECTOR ( 'NONE', #238, 100.0000000000000000 ) ;
#238 = DIRECTION ( 'NONE',  ( 0.000000000000000000, 0.000000000000000000, -1.000000000000000000 ) ) ;
#239 = ORIENTED_EDGE ( 'NONE', *, *, #1312, .F. ) ;
#240 = LINE ( 'NONE', #733, #1225 ) ;
#241 = ORIENTED_EDGE ( 'NONE', *, *, #285, .F. ) ;
#242 = PLANE ( 'NONE',  #1477 ) ;
#243 = VECTOR ( 'NONE', #1465, 100.0000000000000000 ) ;
#244 = LINE ( 'NONE', #747, #297 ) ;
#245 = LINE ( 'NONE', #600, #1575 ) ;
#246 = EDGE_LOOP ( 'NONE', ( #1252, #850, #239, #1215 ) ) ;
#247 = EDGE_LOOP ( 'NONE', ( #234, #301, #255, #498 ) ) ;
#248 = LINE ( 'NONE', #144, #1078 ) ;
#249 = VERTEX_POINT ( 'NONE', #1004 ) ;
#250 = DIRECTION ( 'NONE',  ( -1.000000000000000000, -4.818676322157798361E-16, 0.000000000000000000 ) ) ;
#251 = ADVANCED_FACE ( 'NONE', ( #1239 ), #1120, .F. ) ;
#252 = DIRECTION ( 'NONE',  ( -0.8660254037844360431, -0.5000000000000045519, 0.000000000000000000 ) ) ;
#253 = CARTESIAN_POINT ( 'NONE',  ( 0.4100000000000003086, -2.000000000000000444, 0.1349999999999999534 ) ) ;
#254 = EDGE_CURVE ( 'NONE', #370, #593, #1011, .T. ) ;
#255 = ORIENTED_EDGE ( 'NONE', *, *, #354, .F. ) ;
#256 = CARTESIAN_POINT ( 'NONE',  ( 1.500000000000000666, -2.000000000000000000, 0.6350000000000000089 ) ) ;
#257 = ORIENTED_EDGE ( 'NONE', *, *, #956, .T. ) ;
#258 = DIRECTION ( 'NONE',  ( 0.000000000000000000, 1.000000000000000000, 0.000000000000000000 ) ) ;
#259 = VECTOR ( 'NONE', #1286, 100.0000000000000000 ) ;
#260 = DIRECTION ( 'NONE',  ( 0.000000000000000000, 1.000000000000000000, 0.000000000000000000 ) ) ;
#261 = DIRECTION ( 'NONE',  ( -0.000000000000000000, 0.000000000000000000, 1.000000000000000000 ) ) ;
#262 = VECTOR ( 'NONE', #308, 100.0000000000000000 ) ;
#263 = EDGE_CURVE ( 'NONE', #800, #32, #519, .T. ) ;
#264 = CARTESIAN_POINT ( 'NONE',  ( -1.999999999999999112, -1.364999999999997993, 0.6350000000000000089 ) ) ;
#265 = CARTESIAN_POINT ( 'NONE',  ( -1.500000000000000222, 2.000000000000000444, 0.000000000000000000 ) ) ;
#266 = ORIENTED_EDGE ( 'NONE', *, *, #1261, .F. ) ;
#267 = FACE_OUTER_BOUND ( 'NONE', #518, .T. ) ;
#268 = AXIS2_PLACEMENT_3D ( 'NONE', #644, #1273, #1139 ) ;
#269 = CARTESIAN_POINT ( 'NONE',  ( 2.000000000000000444, 0.4100000000000001421, 0.1349999999999999534 ) ) ;
#270 = DIRECTION ( 'NONE',  ( 0.000000000000000000, 0.000000000000000000, 1.000000000000000000 ) ) ;
#271 = VECTOR ( 'NONE', #1550, 100.0000000000000000 ) ;
#272 = VECTOR ( 'NONE', #1411, 100.0000000000000000 ) ;
#273 = EDGE_CURVE ( 'NONE', #380, #219, #766, .T. ) ;
#274 = ORIENTED_EDGE ( 'NONE', *, *, #1165, .T. ) ;
#275 = VECTOR ( 'NONE', #296, 100.0000000000000000 ) ;
#276 = ORIENTED_EDGE ( 'NONE', *, *, #327, .T. ) ;
#277 = PLANE ( 'NONE',  #1298 ) ;
#278 = ORIENTED_EDGE ( 'NONE', *, *, #838, .F. ) ;
#279 = CARTESIAN_POINT ( 'NONE',  ( 1.820000000000000506, -0.4099999999999998646, 0.1349999999999999534 ) ) ;
#280 = LINE ( 'NONE', #1263, #1342 ) ;
#281 = DIRECTION ( 'NONE',  ( 0.000000000000000000, -1.000000000000000000, 0.000000000000000000 ) ) ;
#282 = PLANE ( 'NONE',  #268 ) ;
#283 = VERTEX_POINT ( 'NONE', #641 ) ;
#284 = PLANE ( 'NONE',  #1040 ) ;
#285 = EDGE_CURVE ( 'NONE', #588, #875, #1020, .T. ) ;
#286 = LINE ( 'NONE', #808, #1180 ) ;
#287 = DIRECTION ( 'NONE',  ( 1.000000000000000000, -4.818676322157799347E-16, 0.000000000000000000 ) ) ;
#288 = PLANE ( 'NONE',  #81 ) ;
#289 = LINE ( 'NONE', #160, #951 ) ;
#290 = ORIENTED_EDGE ( 'NONE', *, *, #738, .F. ) ;
#291 = DIRECTION ( 'NONE',  ( -0.000000000000000000, 0.000000000000000000, 1.000000000000000000 ) ) ;
#292 = ORIENTED_EDGE ( 'NONE', *, *, #901, .T. ) ;
#293 = LINE ( 'NONE', #437, #503 ) ;
#294 = LINE ( 'NONE', #679, #151 ) ;
#295 = ADVANCED_FACE ( 'NONE', ( #678 ), #1036, .F. ) ;
#296 = DIRECTION ( 'NONE',  ( 1.000000000000000000, 2.385670792109557660E-16, 0.000000000000000000 ) ) ;
#297 = VECTOR ( 'NONE', #754, 100.0000000000000000 ) ;
#298 = CYLINDRICAL_SURFACE ( 'NONE', #816, 2.500000000000000000 ) ;
#299 = VERTEX_POINT ( 'NONE', #303 ) ;
#300 = CARTESIAN_POINT ( 'NONE',  ( -1.500000000000000222, 2.000000000000000444, 0.3175000000000000044 ) ) ;
#301 = ORIENTED_EDGE ( 'NONE', *, *, #1567, .F. ) ;
#302 = ADVANCED_FACE ( 'NONE', ( #933 ), #1520, .F. ) ;
#303 = CARTESIAN_POINT ( 'NONE',  ( 2.000000000000000444, -0.4099999999999999201, 0.6350000000000000089 ) ) ;
#304 = DIRECTION ( 'NONE',  ( -0.000000000000000000, 0.000000000000000000, 1.000000000000000000 ) ) ;
#305 = EDGE_CURVE ( 'NONE', #1185, #848, #286, .T. ) ;
#306 = DIRECTION ( 'NONE',  ( 0.000000000000000000, -1.000000000000000000, 0.000000000000000000 ) ) ;
#307 = ORIENTED_EDGE ( 'NONE', *, *, #640, .F. ) ;
#308 = DIRECTION ( 'NONE',  ( -0.000000000000000000, 0.000000000000000000, 1.000000000000000000 ) ) ;
#309 = ORIENTED_EDGE ( 'NONE', *, *, #942, .F. ) ;
#310 = DIRECTION ( 'NONE',  ( 0.000000000000000000, 0.000000000000000000, 1.000000000000000000 ) ) ;
#311 = LINE ( 'NONE', #566, #648 ) ;
#312 = EDGE_CURVE ( 'NONE', #1086, #1379, #1305, .T. ) ;
#313 = ORIENTED_EDGE ( 'NONE', *, *, #111, .F. ) ;
#314 = CIRCLE ( 'NONE', #653, 2.500000000000000000 ) ;
#315 = EDGE_CURVE ( 'NONE', #1540, #973, #783, .T. ) ;
#316 = DIRECTION ( 'NONE',  ( -1.000000000000000000, -2.258880508902365962E-16, 0.000000000000000000 ) ) ;
#317 = VERTEX_POINT ( 'NONE', #551 ) ;
#318 = CARTESIAN_POINT ( 'NONE',  ( -0.4099999999999996980, -1.820000000000000506, 0.1349999999999999534 ) ) ;
#319 = CARTESIAN_POINT ( 'NONE',  ( 0.000000000000000000, 0.000000000000000000, 0.000000000000000000 ) ) ;
#320 = STYLED_ITEM ( 'NONE', ( #903 ), #1092 ) ;
#321 = EDGE_CURVE ( 'NONE', #800, #1185, #939, .T. ) ;
#322 = ORIENTED_EDGE ( 'NONE', *, *, #124, .T. ) ;
#323 =( GEOMETRIC_REPRESENTATION_CONTEXT ( 3 ) GLOBAL_UNCERTAINTY_ASSIGNED_CONTEXT ( ( #1135 ) ) GLOBAL_UNIT_ASSIGNED_CONTEXT ( ( #224, #1439, #576 ) ) REPRESENTATION_CONTEXT ( 'NONE', 'WORKASPACE' ) );
#324 = AXIS2_PLACEMENT_3D ( 'NONE', #330, #47, #1189 ) ;
#325 = LINE ( 'NONE', #977, #338 ) ;
#326 = ORIENTED_EDGE ( 'NONE', *, *, #1347, .F. ) ;
#327 = EDGE_CURVE ( 'NONE', #221, #299, #1530, .T. ) ;
#328 = CARTESIAN_POINT ( 'NONE',  ( 1.199999999999999956, -0.7679571668975722076, 0.1349999999999999534 ) ) ;
#329 = DIRECTION ( 'NONE',  ( 0.000000000000000000, 0.000000000000000000, -1.000000000000000000 ) ) ;
#330 = CARTESIAN_POINT ( 'NONE',  ( 0.000000000000000000, 0.000000000000000000, 0.000000000000000000 ) ) ;
#331 = ORIENTED_EDGE ( 'NONE', *, *, #771, .F. ) ;
#332 = DIRECTION ( 'NONE',  ( -1.000000000000000000, 0.000000000000000000, 0.000000000000000000 ) ) ;
#333 = VERTEX_POINT ( 'NONE', #801 ) ;
#334 = DIRECTION ( 'NONE',  ( -2.258880508902365962E-16, 1.000000000000000000, 0.000000000000000000 ) ) ;
#335 = EDGE_CURVE ( 'NONE', #593, #1198, #1288, .T. ) ;
#336 = APPLICATION_PROTOCOL_DEFINITION ( 'draft international standard', 'automotive_design', 1998, #647 ) ;
#337 = PLANE ( 'NONE',  #1295 ) ;
#338 = VECTOR ( 'NONE', #220, 100.0000000000000000 ) ;
#339 = ORIENTED_EDGE ( 'NONE', *, *, #165, .T. ) ;
#340 = ORIENTED_EDGE ( 'NONE', *, *, #1071, .T. ) ;
#341 = LINE ( 'NONE', #1311, #632 ) ;
#342 = ADVANCED_FACE ( 'NONE', ( #1061 ), #51, .F. ) ;
#343 = CIRCLE ( 'NONE', #94, 2.500000000000000000 ) ;
#344 = AXIS2_PLACEMENT_3D ( 'NONE', #607, #517, #250 ) ;
#345 = DIRECTION ( 'NONE',  ( 0.000000000000000000, -1.000000000000000000, 0.000000000000000000 ) ) ;
#346 = VERTEX_POINT ( 'NONE', #188 ) ;
#347 = LINE ( 'NONE', #580, #913 ) ;
#348 = ORIENTED_EDGE ( 'NONE', *, *, #1447, .T. ) ;
#349 = AXIS2_PLACEMENT_3D ( 'NONE', #496, #995, #1028 ) ;
#350 = VECTOR ( 'NONE', #1318, 100.0000000000000000 ) ;
#351 = CARTESIAN_POINT ( 'NONE',  ( -1.200000000000000178, 0.7679571668975719856, 0.6350000000000000089 ) ) ;
#352 = DIRECTION ( 'NONE',  ( -6.816202263170164742E-17, 1.000000000000000000, 0.000000000000000000 ) ) ;
#353 = ORIENTED_EDGE ( 'NONE', *, *, #784, .F. ) ;
#354 = EDGE_CURVE ( 'NONE', #782, #1013, #293, .T. ) ;
#355 = ORIENTED_EDGE ( 'NONE', *, *, #1230, .T. ) ;
#356 = CARTESIAN_POINT ( 'NONE',  ( -2.000000000000000000, -1.500000000000000888, 0.6350000000000000089 ) ) ;
#357 = VERTEX_POINT ( 'NONE', #59 ) ;
#358 = CARTESIAN_POINT ( 'NONE',  ( 2.000000000000000444, 1.500000000000000666, 0.3175000000000000044 ) ) ;
#359 = DIRECTION ( 'NONE',  ( -0.8660254037844361541, 0.5000000000000042188, 0.000000000000000000 ) ) ;
#360 = LINE ( 'NONE', #681, #275 ) ;
#361 = EDGE_CURVE ( 'NONE', #1542, #14, #544, .T. ) ;
#362 = DIRECTION ( 'NONE',  ( 0.000000000000000000, 0.000000000000000000, 1.000000000000000000 ) ) ;
#363 = ORIENTED_EDGE ( 'NONE', *, *, #1347, .T. ) ;
#364 = ADVANCED_FACE ( 'NONE', ( #1178 ), #196, .F. ) ;
#365 = DIRECTION ( 'NONE',  ( -1.817653936845376936E-16, 1.000000000000000000, 0.000000000000000000 ) ) ;
#366 = DIRECTION ( 'NONE',  ( -0.000000000000000000, 0.000000000000000000, 1.000000000000000000 ) ) ;
#367 = CARTESIAN_POINT ( 'NONE',  ( -0.4100000000000000311, 2.000000000000000444, 0.1349999999999999534 ) ) ;
#368 = ORIENTED_EDGE ( 'NONE', *, *, #674, .F. ) ;
#369 = VECTOR ( 'NONE', #1238, 100.0000000000000000 ) ;
#370 = VERTEX_POINT ( 'NONE', #443 ) ;
#371 = EDGE_CURVE ( 'NONE', #387, #1108, #1424, .T. ) ;
#372 = FACE_OUTER_BOUND ( 'NONE', #749, .T. ) ;
#373 = ORIENTED_EDGE ( 'NONE', *, *, #105, .T. ) ;
#374 = LINE ( 'NONE', #15, #787 ) ;
#375 = ADVANCED_FACE ( 'NONE', ( #815 ), #202, .F. ) ;
#376 = AXIS2_PLACEMENT_3D ( 'NONE', #1488, #878, #1370 ) ;
#377 = FACE_OUTER_BOUND ( 'NONE', #72, .T. ) ;
#378 = VECTOR ( 'NONE', #1243, 100.0000000000000142 ) ;
#379 = LINE ( 'NONE', #872, #1141 ) ;
#380 = VERTEX_POINT ( 'NONE', #1511 ) ;
#381 = DIRECTION ( 'NONE',  ( 0.000000000000000000, -1.000000000000000000, 0.000000000000000000 ) ) ;
#382 = ORIENTED_EDGE ( 'NONE', *, *, #1427, .T. ) ;
#383 = LINE ( 'NONE', #7, #12 ) ;
#384 = EDGE_CURVE ( 'NONE', #249, #1320, #411, .T. ) ;
#385 = LINE ( 'NONE', #505, #149 ) ;
#386 = CARTESIAN_POINT ( 'NONE',  ( -1.820000000000000506, -0.4100000000000003086, 0.1349999999999999534 ) ) ;
#387 = VERTEX_POINT ( 'NONE', #1581 ) ;
#388 = DIRECTION ( 'NONE',  ( -0.000000000000000000, 0.000000000000000000, 1.000000000000000000 ) ) ;
#389 = EDGE_LOOP ( 'NONE', ( #187, #136, #757, #745 ) ) ;
#390 = LINE ( 'NONE', #987, #861 ) ;
#391 = ADVANCED_FACE ( 'NONE', ( #582 ), #1067, .F. ) ;
#392 = CARTESIAN_POINT ( 'NONE',  ( 0.4100000000000001421, 2.000000000000000444, 0.1349999999999999534 ) ) ;
#393 = DIRECTION ( 'NONE',  ( 0.000000000000000000, 1.000000000000000000, 0.000000000000000000 ) ) ;
#394 = VECTOR ( 'NONE', #1576, 100.0000000000000000 ) ;
#395 = EDGE_LOOP ( 'NONE', ( #1315, #292, #752, #1332, #643, #459, #485, #1329 ) ) ;
#396 = PLANE ( 'NONE',  #601 ) ;
#397 = ORIENTED_EDGE ( 'NONE', *, *, #3, .T. ) ;
#398 = CARTESIAN_POINT ( 'NONE',  ( 0.4100000000000000311, 2.000000000000000444, 0.1349999999999999534 ) ) ;
#399 = ORIENTED_EDGE ( 'NONE', *, *, #838, .T. ) ;
#400 = CARTESIAN_POINT ( 'NONE',  ( -1.199999999999999956, -0.7679571668975725407, 0.1349999999999999534 ) ) ;
#401 = PLANE ( 'NONE',  #781 ) ;
#402 = VECTOR ( 'NONE', #1353, 100.0000000000000000 ) ;
#403 = VECTOR ( 'NONE', #197, 100.0000000000000000 ) ;
#404 = AXIS2_PLACEMENT_3D ( 'NONE', #265, #381, #233 ) ;
#405 = CARTESIAN_POINT ( 'NONE',  ( 2.000000000000000444, 0.4100000000000001421, 0.6350000000000000089 ) ) ;
#406 = EDGE_CURVE ( 'NONE', #283, #221, #108, .T. ) ;
#407 = DIRECTION ( 'NONE',  ( 0.000000000000000000, -1.000000000000000000, 0.000000000000000000 ) ) ;
#408 = VERTEX_POINT ( 'NONE', #480 ) ;
#409 = CARTESIAN_POINT ( 'NONE',  ( 0.4100000000000003086, -2.000000000000000444, 0.6350000000000000089 ) ) ;
#410 = ORIENTED_EDGE ( 'NONE', *, *, #618, .T. ) ;
#411 = LINE ( 'NONE', #908, #1535 ) ;
#412 = DIRECTION ( 'NONE',  ( 0.000000000000000000, -1.000000000000000000, 0.000000000000000000 ) ) ;
#413 = CARTESIAN_POINT ( 'NONE',  ( 0.000000000000000000, 0.000000000000000000, 0.1349999999999999534 ) ) ;
#414 =( NAMED_UNIT ( * ) PLANE_ANGLE_UNIT ( ) SI_UNIT ( $, .RADIAN. ) );
#415 = ORIENTED_EDGE ( 'NONE', *, *, #263, .T. ) ;
#416 = CARTESIAN_POINT ( 'NONE',  ( -1.500000000000000222, 2.000000000000000444, 0.000000000000000000 ) ) ;
#417 = ORIENTED_EDGE ( 'NONE', *, *, #1202, .T. ) ;
#418 = VECTOR ( 'NONE', #291, 100.0000000000000000 ) ;
#419 = DIRECTION ( 'NONE',  ( -0.000000000000000000, 0.000000000000000000, 1.000000000000000000 ) ) ;
#420 = CARTESIAN_POINT ( 'NONE',  ( 2.000000000000000444, 0.4100000000000001421, 0.1349999999999999534 ) ) ;
#421 = FACE_OUTER_BOUND ( 'NONE', #573, .T. ) ;
#422 = DIRECTION ( 'NONE',  ( 0.000000000000000000, 0.000000000000000000, -1.000000000000000000 ) ) ;
#423 = VERTEX_POINT ( 'NONE', #1340 ) ;
#424 = AXIS2_PLACEMENT_3D ( 'NONE', #1129, #270, #1387 ) ;
#425 = EDGE_CURVE ( 'NONE', #916, #1533, #957, .T. ) ;
#426 = CARTESIAN_POINT ( 'NONE',  ( -1.820000000000000506, -0.4100000000000003086, 0.1349999999999999534 ) ) ;
#427 = APPLICATION_CONTEXT ( 'automotive_design' ) ;
#428 = ORIENTED_EDGE ( 'NONE', *, *, #1352, .F. ) ;
#429 = CARTESIAN_POINT ( 'NONE',  ( 0.7679571668975724297, -1.199999999999999956, 0.1349999999999999534 ) ) ;
#430 = EDGE_CURVE ( 'NONE', #1385, #1198, #704, .T. ) ;
#431 = DIRECTION ( 'NONE',  ( 0.000000000000000000, 0.000000000000000000, 1.000000000000000000 ) ) ;
#432 = DIRECTION ( 'NONE',  ( 1.000000000000000000, 1.249637081581196951E-16, 0.000000000000000000 ) ) ;
#433 = VECTOR ( 'NONE', #1410, 100.0000000000000000 ) ;
#434 = VERTEX_POINT ( 'NONE', #853 ) ;
#435 = DIRECTION ( 'NONE',  ( 1.000000000000000000, 0.000000000000000000, 0.000000000000000000 ) ) ;
#436 = ORIENTED_EDGE ( 'NONE', *, *, #729, .T. ) ;
#437 = CARTESIAN_POINT ( 'NONE',  ( -1.364999999999997549, -16.63499999999999801, 0.3175000000000000044 ) ) ;
#438 = DIRECTION ( 'NONE',  ( -0.000000000000000000, 0.000000000000000000, 1.000000000000000000 ) ) ;
#439 = ADVANCED_FACE ( 'NONE', ( #1076 ), #1323, .F. ) ;
#440 = ORIENTED_EDGE ( 'NONE', *, *, #193, .T. ) ;
#441 = DIRECTION ( 'NONE',  ( -2.312964634635742957E-16, 1.000000000000000000, 0.000000000000000000 ) ) ;
#442 = EDGE_LOOP ( 'NONE', ( #1151, #1441, #266, #997, #726, #743, #835, #489, #1082, #1430, #688, #1537, #768, #313, #532, #1217, #145, #960, #945, #628, #309, #1274, #1383, #645, #1577, #617, #1566, #1346, #120, #76, #805, #1360, #1449, #659, #559, #159 ) ) ;
#443 = CARTESIAN_POINT ( 'NONE',  ( 0.4100000000000000311, 2.000000000000000444, 0.6350000000000000089 ) ) ;
#444 = PLANE ( 'NONE',  #1181 ) ;
#445 = EDGE_CURVE ( 'NONE', #848, #1203, #970, .T. ) ;
#446 = EDGE_CURVE ( 'NONE', #1203, #104, #236, .T. ) ;
#447 = ORIENTED_EDGE ( 'NONE', *, *, #1054, .T. ) ;
#448 = VECTOR ( 'NONE', #116, 100.0000000000000000 ) ;
#449 = CARTESIAN_POINT ( 'NONE',  ( -1.199999999999999956, -0.7679571668975725407, 0.1349999999999999534 ) ) ;
#450 = ORIENTED_EDGE ( 'NONE', *, *, #610, .F. ) ;
#451 = VECTOR ( 'NONE', #533, 100.0000000000000000 ) ;
#452 = DIRECTION ( 'NONE',  ( 0.000000000000000000, 1.000000000000000000, 0.000000000000000000 ) ) ;
#453 = DIRECTION ( 'NONE',  ( -1.000000000000000000, -4.818676322157799347E-16, 0.000000000000000000 ) ) ;
#454 = LINE ( 'NONE', #184, #1452 ) ;
#455 = ORIENTED_EDGE ( 'NONE', *, *, #901, .F. ) ;
#456 = EDGE_CURVE ( 'NONE', #1519, #719, #928, .T. ) ;
#457 = CIRCLE ( 'NONE', #1580, 2.500000000000000000 ) ;
#458 = DIRECTION ( 'NONE',  ( 0.000000000000000000, 0.000000000000000000, -1.000000000000000000 ) ) ;
#459 = ORIENTED_EDGE ( 'NONE', *, *, #1457, .T. ) ;
#460 = LINE ( 'NONE', #720, #624 ) ;
#461 = DIRECTION ( 'NONE',  ( -1.000000000000000000, -6.816202263170164742E-17, 0.000000000000000000 ) ) ;
#462 = DIRECTION ( 'NONE',  ( 4.818676322157799347E-16, 1.000000000000000000, 0.000000000000000000 ) ) ;
#463 = EDGE_LOOP ( 'NONE', ( #1564, #825, #1463, #1497 ) ) ;
#464 = DIRECTION ( 'NONE',  ( -1.000000000000000000, 4.818676322157799347E-16, -0.000000000000000000 ) ) ;
#465 = ORIENTED_EDGE ( 'NONE', *, *, #1080, .F. ) ;
#466 = CARTESIAN_POINT ( 'NONE',  ( -0.4099999999999999201, 1.820000000000000506, 0.1349999999999999534 ) ) ;
#467 = LINE ( 'NONE', #728, #123 ) ;
#468 = LINE ( 'NONE', #1208, #394 ) ;
#469 = EDGE_LOOP ( 'NONE', ( #48, #698, #1006, #982 ) ) ;
#470 = CARTESIAN_POINT ( 'NONE',  ( 0.000000000000000000, 0.000000000000000000, 0.3175000000000000044 ) ) ;
#471 = EDGE_LOOP ( 'NONE', ( #231, #1396, #129, #213, #353, #1042, #50, #1008, #180, #290, #761, #907 ) ) ;
#472 = DIRECTION ( 'NONE',  ( 0.8660254037844363761, -0.5000000000000041078, 0.000000000000000000 ) ) ;
#473 = ADVANCED_FACE ( 'NONE', ( #714 ), #727, .F. ) ;
#474 = CARTESIAN_POINT ( 'NONE',  ( 1.820000000000000506, 0.4100000000000000311, 0.1349999999999999534 ) ) ;
#475 = PRESENTATION_LAYER_ASSIGNMENT (  '', '', ( #320 ) ) ;
#476 = ORIENTED_EDGE ( 'NONE', *, *, #1324, .T. ) ;
#477 = VERTEX_POINT ( 'NONE', #1438 ) ;
#478 = AXIS2_PLACEMENT_3D ( 'NONE', #854, #1589, #209 ) ;
#479 = AXIS2_PLACEMENT_3D ( 'NONE', #1560, #352, #461 ) ;
#480 = CARTESIAN_POINT ( 'NONE',  ( -0.4099999999999999201, -2.000000000000000444, 0.1349999999999999534 ) ) ;
#481 = LINE ( 'NONE', #855, #1498 ) ;
#482 = EDGE_CURVE ( 'NONE', #670, #916, #1220, .T. ) ;
#483 = EDGE_LOOP ( 'NONE', ( #399, #668, #1024, #1316 ) ) ;
#484 = LINE ( 'NONE', #985, #1433 ) ;
#485 = ORIENTED_EDGE ( 'NONE', *, *, #1563, .F. ) ;
#486 = LINE ( 'NONE', #398, #67 ) ;
#487 = CARTESIAN_POINT ( 'NONE',  ( 1.364999999999999991, 1.364999999999998215, 0.6350000000000000089 ) ) ;
#488 = EDGE_CURVE ( 'NONE', #516, #1089, #1096, .T. ) ;
#489 = ORIENTED_EDGE ( 'NONE', *, *, #724, .F. ) ;
#490 = VECTOR ( 'NONE', #441, 100.0000000000000000 ) ;
#491 = EDGE_CURVE ( 'NONE', #840, #91, #341, .T. ) ;
#492 = CARTESIAN_POINT ( 'NONE',  ( -0.4099999999999997535, -2.000000000000000444, 0.1349999999999999534 ) ) ;
#493 = ORIENTED_EDGE ( 'NONE', *, *, #488, .F. ) ;
#494 = DIRECTION ( 'NONE',  ( 0.000000000000000000, 0.000000000000000000, -1.000000000000000000 ) ) ;
#495 = PRODUCT_DEFINITION_SHAPE ( 'NONE', 'NONE',  #77 ) ;
#496 = CARTESIAN_POINT ( 'NONE',  ( 0.4100000000000003086, -2.000000000000000444, 0.1349999999999999534 ) ) ;
#497 = DIRECTION ( 'NONE',  ( -1.000000000000000000, 4.818676322157798361E-16, 0.000000000000000000 ) ) ;
#498 = ORIENTED_EDGE ( 'NONE', *, *, #1249, .F. ) ;
#499 = DIRECTION ( 'NONE',  ( -0.000000000000000000, 0.000000000000000000, 1.000000000000000000 ) ) ;
#500 = EDGE_LOOP ( 'NONE', ( #228, #657, #322, #1177 ) ) ;
#501 = ADVANCED_FACE ( 'NONE', ( #1206 ), #1573, .F. ) ;
#502 = DIRECTION ( 'NONE',  ( -0.000000000000000000, 0.000000000000000000, 1.000000000000000000 ) ) ;
#503 = VECTOR ( 'NONE', #1160, 100.0000000000000000 ) ;
#504 = CIRCLE ( 'NONE', #1558, 2.500000000000000000 ) ;
#505 = CARTESIAN_POINT ( 'NONE',  ( 0.4099999999999999201, 1.820000000000000506, 0.1349999999999999534 ) ) ;
#506 = VECTOR ( 'NONE', #1531, 100.0000000000000000 ) ;
#507 = ORIENTED_EDGE ( 'NONE', *, *, #540, .T. ) ;
#508 = LINE ( 'NONE', #1131, #819 ) ;
#509 = VERTEX_POINT ( 'NONE', #351 ) ;
#510 = EDGE_CURVE ( 'NONE', #1420, #423, #122, .T. ) ;
#511 = LINE ( 'NONE', #1104, #1046 ) ;
#512 = DIRECTION ( 'NONE',  ( -0.000000000000000000, 0.000000000000000000, 1.000000000000000000 ) ) ;
#513 = DIRECTION ( 'NONE',  ( 0.000000000000000000, -1.000000000000000000, 0.000000000000000000 ) ) ;
#514 = EDGE_LOOP ( 'NONE', ( #893, #1456 ) ) ;
#515 = CARTESIAN_POINT ( 'NONE',  ( 0.000000000000000000, 0.000000000000000000, 0.6350000000000000089 ) ) ;
#516 = VERTEX_POINT ( 'NONE', #1333 ) ;
#517 = DIRECTION ( 'NONE',  ( -4.818676322157798361E-16, 1.000000000000000000, 0.000000000000000000 ) ) ;
#518 = EDGE_LOOP ( 'NONE', ( #1075, #932, #596, #340, #1039 ) ) ;
#519 = LINE ( 'NONE', #1128, #1276 ) ;
#520 = CARTESIAN_POINT ( 'NONE',  ( -2.000000000000000888, 1.499999999999999112, 0.3175000000000000044 ) ) ;
#521 = EDGE_CURVE ( 'NONE', #169, #58, #460, .T. ) ;
#522 = DIRECTION ( 'NONE',  ( -1.249637081581196951E-16, 1.000000000000000000, -0.000000000000000000 ) ) ;
#523 = FILL_AREA_STYLE ('',( #891 ) ) ;
#524 = ORIENTED_EDGE ( 'NONE', *, *, #610, .T. ) ;
#525 = CARTESIAN_POINT ( 'NONE',  ( -0.7679571668975720966, -1.200000000000000178, 0.1349999999999999534 ) ) ;
#526 = VERTEX_POINT ( 'NONE', #208 ) ;
#527 = DIRECTION ( 'NONE',  ( -0.000000000000000000, 0.000000000000000000, 1.000000000000000000 ) ) ;
#528 = CARTESIAN_POINT ( 'NONE',  ( 1.365000000000002212, -1.365000000000000213, 0.3175000000000000044 ) ) ;
#529 = AXIS2_PLACEMENT_3D ( 'NONE', #515, #999, #1359 ) ;
#530 = CARTESIAN_POINT ( 'NONE',  ( 1.365000000000002212, -1.365000000000000213, 0.3175000000000000044 ) ) ;
#531 = LINE ( 'NONE', #87, #1222 ) ;
#532 = ORIENTED_EDGE ( 'NONE', *, *, #491, .F. ) ;
#533 = DIRECTION ( 'NONE',  ( -0.000000000000000000, 0.000000000000000000, 1.000000000000000000 ) ) ;
#534 = ORIENTED_EDGE ( 'NONE', *, *, #599, .F. ) ;
#535 = DIRECTION ( 'NONE',  ( -0.5000000000000042188, 0.8660254037844361541, 0.000000000000000000 ) ) ;
#536 = DIRECTION ( 'NONE',  ( -0.000000000000000000, 0.000000000000000000, 1.000000000000000000 ) ) ;
#537 = EDGE_CURVE ( 'NONE', #1209, #1414, #597, .T. ) ;
#538 = CARTESIAN_POINT ( 'NONE',  ( -1.364999999999999991, 16.63499999999999801, 0.3175000000000000044 ) ) ;
#539 = ORIENTED_EDGE ( 'NONE', *, *, #430, .T. ) ;
#540 = EDGE_CURVE ( 'NONE', #789, #1108, #511, .T. ) ;
#541 = DIRECTION ( 'NONE',  ( -1.000000000000000000, 0.000000000000000000, 0.000000000000000000 ) ) ;
#542 = ORIENTED_EDGE ( 'NONE', *, *, #430, .F. ) ;
#543 = AXIS2_PLACEMENT_3D ( 'NONE', #718, #1321, #1309 ) ;
#544 = LINE ( 'NONE', #1044, #150 ) ;
#545 = LINE ( 'NONE', #1161, #712 ) ;
#546 = DIRECTION ( 'NONE',  ( 0.000000000000000000, 0.000000000000000000, 1.000000000000000000 ) ) ;
#547 = EDGE_LOOP ( 'NONE', ( #969, #1167, #373, #161 ) ) ;
#548 = LINE ( 'NONE', #170, #490 ) ;
#549 = ADVANCED_FACE ( 'NONE', ( #267 ), #277, .F. ) ;
#550 = ORIENTED_EDGE ( 'NONE', *, *, #273, .F. ) ;
#551 = CARTESIAN_POINT ( 'NONE',  ( 1.820000000000000506, 0.4100000000000000311, 0.1349999999999999534 ) ) ;
#552 = AXIS2_PLACEMENT_3D ( 'NONE', #1085, #1471, #345 ) ;
#553 = LINE ( 'NONE', #1055, #403 ) ;
#554 = FACE_OUTER_BOUND ( 'NONE', #471, .T. ) ;
#555 = AXIS2_PLACEMENT_3D ( 'NONE', #1186, #85, #565 ) ;
#556 = ORIENTED_EDGE ( 'NONE', *, *, #406, .T. ) ;
#557 = CARTESIAN_POINT ( 'NONE',  ( -0.4099999999999999201, 1.820000000000000506, 0.1349999999999999534 ) ) ;
#558 = EDGE_CURVE ( 'NONE', #1335, #1548, #1229, .T. ) ;
#559 = ORIENTED_EDGE ( 'NONE', *, *, #521, .F. ) ;
#560 = DIRECTION ( 'NONE',  ( 0.000000000000000000, 1.000000000000000000, 0.000000000000000000 ) ) ;
#561 = CARTESIAN_POINT ( 'NONE',  ( -0.4099999999999996980, -1.820000000000000506, 0.1349999999999999534 ) ) ;
#562 = ORIENTED_EDGE ( 'NONE', *, *, #321, .F. ) ;
#563 = CARTESIAN_POINT ( 'NONE',  ( -1.364999999999999991, -2.000000000000001776, 0.6350000000000000089 ) ) ;
#564 = VERTEX_POINT ( 'NONE', #130 ) ;
#565 = DIRECTION ( 'NONE',  ( 0.000000000000000000, 1.000000000000000000, 0.000000000000000000 ) ) ;
#566 = CARTESIAN_POINT ( 'NONE',  ( 0.4100000000000003086, -2.000000000000000444, 0.6350000000000000089 ) ) ;
#567 = EDGE_CURVE ( 'NONE', #967, #477, #343, .T. ) ;
#568 = DIRECTION ( 'NONE',  ( 0.000000000000000000, 1.000000000000000000, 0.000000000000000000 ) ) ;
#569 = EDGE_CURVE ( 'NONE', #408, #820, #1002, .T. ) ;
#570 = CIRCLE ( 'NONE', #919, 0.3049999999999999933 ) ;
#571 = ORIENTED_EDGE ( 'NONE', *, *, #63, .T. ) ;
#572 = CARTESIAN_POINT ( 'NONE',  ( 0.4100000000000001976, -1.820000000000000506, 0.1349999999999999534 ) ) ;
#573 = EDGE_LOOP ( 'NONE', ( #1546, #6, #1474, #619 ) ) ;
#574 = VECTOR ( 'NONE', #885, 100.0000000000000000 ) ;
#575 = CARTESIAN_POINT ( 'NONE',  ( -0.4100000000000000311, 2.000000000000000444, 0.1349999999999999534 ) ) ;
#576 =( NAMED_UNIT ( * ) SI_UNIT ( $, .STERADIAN. ) SOLID_ANGLE_UNIT ( ) );
#577 = SURFACE_STYLE_FILL_AREA ( #523 ) ;
#578 = ORIENTED_EDGE ( 'NONE', *, *, #1464, .T. ) ;
#579 = AXIS2_PLACEMENT_3D ( 'NONE', #829, #223, #334 ) ;
#580 = CARTESIAN_POINT ( 'NONE',  ( -1.500000000000000222, 2.000000000000000444, 0.000000000000000000 ) ) ;
#581 = VERTEX_POINT ( 'NONE', #1134 ) ;
#582 = FACE_OUTER_BOUND ( 'NONE', #195, .T. ) ;
#583 = APPLICATION_PROTOCOL_DEFINITION ( 'draft international standard', 'automotive_design', 1998, #427 ) ;
#584 = CARTESIAN_POINT ( 'NONE',  ( -2.000000000000000444, -0.4100000000000003642, 0.6350000000000000089 ) ) ;
#585 = EDGE_CURVE ( 'NONE', #134, #477, #383, .T. ) ;
#586 = VERTEX_POINT ( 'NONE', #870 ) ;
#587 = LINE ( 'NONE', #826, #989 ) ;
#588 = VERTEX_POINT ( 'NONE', #762 ) ;
#589 = ADVANCED_FACE ( 'NONE', ( #137 ), #31, .F. ) ;
#590 = DIRECTION ( 'NONE',  ( 0.000000000000000000, 0.000000000000000000, 1.000000000000000000 ) ) ;
#591 = SHAPE_DEFINITION_REPRESENTATION ( #495, #1073 ) ;
#592 = DIRECTION ( 'NONE',  ( 1.000000000000000000, 4.818676322157799347E-16, 0.000000000000000000 ) ) ;
#593 = VERTEX_POINT ( 'NONE', #876 ) ;
#594 = CARTESIAN_POINT ( 'NONE',  ( 1.820000000000000506, -0.4099999999999998646, 0.6350000000000000089 ) ) ;
#595 = AXIS2_PLACEMENT_3D ( 'NONE', #1364, #879, #1005 ) ;
#596 = ORIENTED_EDGE ( 'NONE', *, *, #354, .T. ) ;
#597 = LINE ( 'NONE', #699, #1529 ) ;
#598 = EDGE_CURVE ( 'NONE', #581, #564, #1588, .T. ) ;
#599 = EDGE_CURVE ( 'NONE', #201, #370, #486, .T. ) ;
#600 = CARTESIAN_POINT ( 'NONE',  ( -0.4100000000000000311, 2.000000000000000444, 0.1349999999999999534 ) ) ;
#601 = AXIS2_PLACEMENT_3D ( 'NONE', #1148, #921, #911 ) ;
#602 = ORIENTED_EDGE ( 'NONE', *, *, #1116, .T. ) ;
#603 = CARTESIAN_POINT ( 'NONE',  ( -16.63499999999999801, 1.364999999999996438, 0.3175000000000000044 ) ) ;
#604 = ORIENTED_EDGE ( 'NONE', *, *, #1063, .T. ) ;
#605 = VECTOR ( 'NONE', #536, 100.0000000000000000 ) ;
#606 = AXIS2_PLACEMENT_3D ( 'NONE', #1467, #1007, #629 ) ;
#607 = CARTESIAN_POINT ( 'NONE',  ( 2.000000000000000444, 0.4100000000000001421, 0.1349999999999999534 ) ) ;
#608 = EDGE_CURVE ( 'NONE', #922, #346, #746, .T. ) ;
#609 = DIRECTION ( 'NONE',  ( -1.817653936845376936E-16, 1.000000000000000000, 0.000000000000000000 ) ) ;
#610 = EDGE_CURVE ( 'NONE', #881, #1540, #156, .T. ) ;
#611 = ORIENTED_EDGE ( 'NONE', *, *, #141, .F. ) ;
#612 = DIRECTION ( 'NONE',  ( -1.136033710528360955E-16, 1.000000000000000000, 0.000000000000000000 ) ) ;
#613 = ORIENTED_EDGE ( 'NONE', *, *, #1031, .T. ) ;
#614 = LINE ( 'NONE', #639, #171 ) ;
#615 = DIRECTION ( 'NONE',  ( -2.258880508902365962E-16, 1.000000000000000000, -0.000000000000000000 ) ) ;
#616 = DIRECTION ( 'NONE',  ( 0.5000000000000043299, 0.8660254037844362651, 0.000000000000000000 ) ) ;
#617 = ORIENTED_EDGE ( 'NONE', *, *, #1466, .F. ) ;
#618 = EDGE_CURVE ( 'NONE', #1458, #1203, #1384, .T. ) ;
#619 = ORIENTED_EDGE ( 'NONE', *, *, #537, .F. ) ;
#620 = VECTOR ( 'NONE', #1526, 100.0000000000000000 ) ;
#621 = CARTESIAN_POINT ( 'NONE',  ( -1.365000000000000213, -1.364999999999997993, 0.3175000000000000044 ) ) ;
#622 = ORIENTED_EDGE ( 'NONE', *, *, #877, .T. ) ;
#623 = DIRECTION ( 'NONE',  ( -0.000000000000000000, 0.000000000000000000, 1.000000000000000000 ) ) ;
#624 = VECTOR ( 'NONE', #114, 100.0000000000000000 ) ;
#625 = PLANE ( 'NONE',  #974 ) ;
#626 = LINE ( 'NONE', #652, #1016 ) ;
#627 = EDGE_CURVE ( 'NONE', #586, #169, #390, .T. ) ;
#628 = ORIENTED_EDGE ( 'NONE', *, *, #971, .F. ) ;
#629 = DIRECTION ( 'NONE',  ( 0.000000000000000000, -1.000000000000000000, 0.000000000000000000 ) ) ;
#630 = VERTEX_POINT ( 'NONE', #24 ) ;
#631 = CARTESIAN_POINT ( 'NONE',  ( 0.4100000000000000311, 2.000000000000000444, 0.1349999999999999534 ) ) ;
#632 = VECTOR ( 'NONE', #836, 100.0000000000000142 ) ;
#633 = DIRECTION ( 'NONE',  ( 1.000000000000000000, 0.000000000000000000, 0.000000000000000000 ) ) ;
#634 = CARTESIAN_POINT ( 'NONE',  ( 1.364999999999999991, 1.364999999999998215, 0.3175000000000000044 ) ) ;
#635 = VECTOR ( 'NONE', #1283, 100.0000000000000000 ) ;
#636 = LINE ( 'NONE', #1130, #243 ) ;
#637 = DIRECTION ( 'NONE',  ( 0.000000000000000000, -1.000000000000000000, 0.000000000000000000 ) ) ;
#638 = ORIENTED_EDGE ( 'NONE', *, *, #218, .F. ) ;
#639 = CARTESIAN_POINT ( 'NONE',  ( -1.820000000000000506, -0.4100000000000003086, 0.1349999999999999534 ) ) ;
#640 = EDGE_CURVE ( 'NONE', #798, #840, #614, .T. ) ;
#641 = CARTESIAN_POINT ( 'NONE',  ( 1.820000000000000506, -0.4099999999999998646, 0.1349999999999999534 ) ) ;
#642 = FACE_OUTER_BOUND ( 'NONE', #1308, .T. ) ;
#643 = ORIENTED_EDGE ( 'NONE', *, *, #124, .F. ) ;
#644 = CARTESIAN_POINT ( 'NONE',  ( 0.000000000000000000, 0.000000000000000000, 0.3175000000000000044 ) ) ;
#645 = ORIENTED_EDGE ( 'NONE', *, *, #660, .F. ) ;
#646 = LINE ( 'NONE', #1390, #418 ) ;
#647 = APPLICATION_CONTEXT ( 'automotive_design' ) ;
#648 = VECTOR ( 'NONE', #1068, 100.0000000000000000 ) ;
#649 = ORIENTED_EDGE ( 'NONE', *, *, #218, .T. ) ;
#650 = ADVANCED_FACE ( 'NONE', ( #1245 ), #242, .F. ) ;
#651 = CARTESIAN_POINT ( 'NONE',  ( 1.820000000000000506, -0.4099999999999998646, 0.6350000000000000089 ) ) ;
#652 = CARTESIAN_POINT ( 'NONE',  ( 2.000000000000000444, -0.4099999999999999201, 0.6350000000000000089 ) ) ;
#653 = AXIS2_PLACEMENT_3D ( 'NONE', #748, #158, #393 ) ;
#654 = PLANE ( 'NONE',  #1585 ) ;
#655 = VECTOR ( 'NONE', #1510, 100.0000000000000000 ) ;
#656 = DIRECTION ( 'NONE',  ( 1.000000000000000000, 0.000000000000000000, 0.000000000000000000 ) ) ;
#657 = ORIENTED_EDGE ( 'NONE', *, *, #540, .F. ) ;
#658 = FACE_OUTER_BOUND ( 'NONE', #1015, .T. ) ;
#659 = ORIENTED_EDGE ( 'NONE', *, *, #1478, .F. ) ;
#660 = EDGE_CURVE ( 'NONE', #1587, #875, #374, .T. ) ;
#661 = DIRECTION ( 'NONE',  ( -0.000000000000000000, 0.000000000000000000, 1.000000000000000000 ) ) ;
#662 = LINE ( 'NONE', #52, #605 ) ;
#663 = VECTOR ( 'NONE', #1153, 100.0000000000000000 ) ;
#664 = VECTOR ( 'NONE', #499, 100.0000000000000000 ) ;
#665 = EDGE_CURVE ( 'NONE', #731, #201, #1361, .T. ) ;
#666 = LINE ( 'NONE', #1038, #1380 ) ;
#667 = CARTESIAN_POINT ( 'NONE',  ( -2.000000000000000888, 1.499999999999999334, 0.000000000000000000 ) ) ;
#668 = ORIENTED_EDGE ( 'NONE', *, *, #567, .T. ) ;
#669 = FACE_OUTER_BOUND ( 'NONE', #1018, .T. ) ;
#670 = VERTEX_POINT ( 'NONE', #1375 ) ;
#671 = DIRECTION ( 'NONE',  ( 0.000000000000000000, -1.000000000000000000, 0.000000000000000000 ) ) ;
#672 = DIRECTION ( 'NONE',  ( -1.000000000000000000, -6.816202263170164742E-17, 0.000000000000000000 ) ) ;
#673 = PLANE ( 'NONE',  #1454 ) ;
#674 = EDGE_CURVE ( 'NONE', #1089, #66, #1534, .T. ) ;
#675 = ORIENTED_EDGE ( 'NONE', *, *, #1496, .T. ) ;
#676 = DIRECTION ( 'NONE',  ( -0.8660254037844362651, 0.5000000000000043299, 0.000000000000000000 ) ) ;
#677 = EDGE_LOOP ( 'NONE', ( #1000, #1300, #1095, #1292, #1405, #276, #1492, #410, #1093, #986, #562, #415 ) ) ;
#678 = FACE_OUTER_BOUND ( 'NONE', #84, .T. ) ;
#679 = CARTESIAN_POINT ( 'NONE',  ( 0.4100000000000001976, -1.820000000000000506, 0.1349999999999999534 ) ) ;
#680 = VECTOR ( 'NONE', #261, 100.0000000000000000 ) ;
#681 = CARTESIAN_POINT ( 'NONE',  ( -16.63499999999999801, 1.364999999999996438, 0.6350000000000000089 ) ) ;
#682 = EDGE_CURVE ( 'NONE', #142, #978, #74, .T. ) ;
#683 = ORIENTED_EDGE ( 'NONE', *, *, #660, .T. ) ;
#684 = DIRECTION ( 'NONE',  ( -2.312964634635742957E-16, 1.000000000000000000, 0.000000000000000000 ) ) ;
#685 = EDGE_LOOP ( 'NONE', ( #382, #152, #450, #613 ) ) ;
#686 = DIRECTION ( 'NONE',  ( -0.8660254037844360431, -0.5000000000000045519, 0.000000000000000000 ) ) ;
#687 = CARTESIAN_POINT ( 'NONE',  ( 1.500000000000000666, -2.000000000000000000, 0.6350000000000000089 ) ) ;
#688 = ORIENTED_EDGE ( 'NONE', *, *, #143, .F. ) ;
#689 = VECTOR ( 'NONE', #16, 100.0000000000000000 ) ;
#690 = LINE ( 'NONE', #572, #1522 ) ;
#691 = ORIENTED_EDGE ( 'NONE', *, *, #707, .T. ) ;
#692 = DIRECTION ( 'NONE',  ( 0.8660254037844362651, 0.5000000000000043299, 0.000000000000000000 ) ) ;
#693 = ADVANCED_FACE ( 'NONE', ( #658 ), #163, .F. ) ;
#694 = LINE ( 'NONE', #687, #272 ) ;
#695 = DIRECTION ( 'NONE',  ( -0.000000000000000000, 0.000000000000000000, 1.000000000000000000 ) ) ;
#696 = ORIENTED_EDGE ( 'NONE', *, *, #1261, .T. ) ;
#697 = LINE ( 'NONE', #1065, #700 ) ;
#698 = ORIENTED_EDGE ( 'NONE', *, *, #1567, .T. ) ;
#699 = CARTESIAN_POINT ( 'NONE',  ( -2.000000000000000888, 1.364999999999999991, 0.000000000000000000 ) ) ;
#700 = VECTOR ( 'NONE', #464, 100.0000000000000000 ) ;
#701 = EDGE_LOOP ( 'NONE', ( #1237, #1103, #955, #990, #1226, #524 ) ) ;
#702 = VECTOR ( 'NONE', #229, 100.0000000000000000 ) ;
#703 = ORIENTED_EDGE ( 'NONE', *, *, #888, .F. ) ;
#704 = LINE ( 'NONE', #980, #1557 ) ;
#705 = EDGE_CURVE ( 'NONE', #1335, #1205, #186, .T. ) ;
#706 = LINE ( 'NONE', #1, #1423 ) ;
#707 = EDGE_CURVE ( 'NONE', #516, #1533, #1415, .T. ) ;
#708 = ORIENTED_EDGE ( 'NONE', *, *, #263, .F. ) ;
#709 = AXIS2_PLACEMENT_3D ( 'NONE', #1461, #92, #1213 ) ;
#710 = CIRCLE ( 'NONE', #1026, 2.500000000000000000 ) ;
#711 = CARTESIAN_POINT ( 'NONE',  ( 0.000000000000000000, 0.000000000000000000, 0.6350000000000000089 ) ) ;
#712 = VECTOR ( 'NONE', #1539, 100.0000000000000000 ) ;
#713 = VERTEX_POINT ( 'NONE', #409 ) ;
#714 = FACE_OUTER_BOUND ( 'NONE', #1451, .T. ) ;
#715 = CARTESIAN_POINT ( 'NONE',  ( 2.000000000000000444, -1.499999999999999778, 0.000000000000000000 ) ) ;
#716 = ORIENTED_EDGE ( 'NONE', *, *, #371, .T. ) ;
#717 = EDGE_CURVE ( 'NONE', #1198, #169, #57, .T. ) ;
#718 = CARTESIAN_POINT ( 'NONE',  ( 1.365000000000002212, -16.63499999999999801, 0.3175000000000000044 ) ) ;
#719 = VERTEX_POINT ( 'NONE', #1034 ) ;
#720 = CARTESIAN_POINT ( 'NONE',  ( 2.000000000000000444, 1.500000000000000666, 0.6350000000000000089 ) ) ;
#721 = FACE_OUTER_BOUND ( 'NONE', #389, .T. ) ;
#722 = ORIENTED_EDGE ( 'NONE', *, *, #79, .F. ) ;
#723 = ORIENTED_EDGE ( 'NONE', *, *, #998, .T. ) ;
#724 = EDGE_CURVE ( 'NONE', #88, #916, #799, .T. ) ;
#725 = CARTESIAN_POINT ( 'NONE',  ( 2.000000000000000444, -0.4099999999999999201, 0.1349999999999999534 ) ) ;
#726 = ORIENTED_EDGE ( 'NONE', *, *, #1126, .F. ) ;
#727 = PLANE ( 'NONE',  #222 ) ;
#728 = CARTESIAN_POINT ( 'NONE',  ( 0.4099999999999999201, 1.820000000000000506, 0.6350000000000000089 ) ) ;
#729 = EDGE_CURVE ( 'NONE', #820, #713, #646, .T. ) ;
#730 = CARTESIAN_POINT ( 'NONE',  ( -1.500000000000000222, 2.000000000000000444, 0.3175000000000000044 ) ) ;
#731 = VERTEX_POINT ( 'NONE', #806 ) ;
#732 = CARTESIAN_POINT ( 'NONE',  ( 1.364999999999999991, 2.000000000000001776, 0.3175000000000000044 ) ) ;
#733 = CARTESIAN_POINT ( 'NONE',  ( -0.7679571668975720966, -1.200000000000000178, 0.1349999999999999534 ) ) ;
#734 = ORIENTED_EDGE ( 'NONE', *, *, #456, .T. ) ;
#735 = CLOSED_SHELL ( 'NONE', ( #1513, #210, #1043, #1146, #859, #1291, #1010, #41, #1279, #1337, #1003, #439, #295, #473, #693, #1184, #54, #1049, #915, #779, #1195, #589, #251, #1397, #364, #1097, #501, #200, #375, #1545, #206, #391, #1299, #1328, #342, #1176, #95, #44, #1087, #650, #1188, #302, #827, #952, #905, #1574, #1212, #549 ) ) ;
#736 = VECTOR ( 'NONE', #1102, 100.0000000000000000 ) ;
#737 = CARTESIAN_POINT ( 'NONE',  ( 16.63499999999999801, 1.365000000000001101, 0.3175000000000000044 ) ) ;
#738 = EDGE_CURVE ( 'NONE', #1205, #1294, #790, .T. ) ;
#739 = LINE ( 'NONE', #651, #839 ) ;
#740 = LINE ( 'NONE', #1098, #1216 ) ;
#741 = ORIENTED_EDGE ( 'NONE', *, *, #1324, .F. ) ;
#742 = PRODUCT ( 'vertex_61', 'vertex_61', '', ( #1207 ) ) ;
#743 = ORIENTED_EDGE ( 'NONE', *, *, #1234, .F. ) ;
#744 = FACE_OUTER_BOUND ( 'NONE', #98, .T. ) ;
#745 = ORIENTED_EDGE ( 'NONE', *, *, #482, .T. ) ;
#746 = LINE ( 'NONE', #1127, #1271 ) ;
#747 = CARTESIAN_POINT ( 'NONE',  ( 1.199999999999999956, -0.7679571668975722076, 0.1349999999999999534 ) ) ;
#748 = CARTESIAN_POINT ( 'NONE',  ( 0.000000000000000000, 0.000000000000000000, 0.3175000000000000044 ) ) ;
#749 = EDGE_LOOP ( 'NONE', ( #1164, #1115, #858, #117 ) ) ;
#750 = VECTOR ( 'NONE', #316, 100.0000000000000000 ) ;
#751 = LINE ( 'NONE', #725, #736 ) ;
#752 = ORIENTED_EDGE ( 'NONE', *, *, #1069, .F. ) ;
#753 = CARTESIAN_POINT ( 'NONE',  ( -0.4099999999999996980, -1.820000000000000506, 0.1349999999999999534 ) ) ;
#754 = DIRECTION ( 'NONE',  ( -0.000000000000000000, 0.000000000000000000, 1.000000000000000000 ) ) ;
#755 = LINE ( 'NONE', #528, #680 ) ;
#756 = EDGE_CURVE ( 'NONE', #875, #434, #1267, .T. ) ;
#757 = ORIENTED_EDGE ( 'NONE', *, *, #1230, .F. ) ;
#758 = EDGE_CURVE ( 'NONE', #588, #881, #39, .T. ) ;
#759 = VECTOR ( 'NONE', #407, 100.0000000000000000 ) ;
#760 = PLANE ( 'NONE',  #606 ) ;
#761 = ORIENTED_EDGE ( 'NONE', *, *, #705, .F. ) ;
#762 = CARTESIAN_POINT ( 'NONE',  ( 0.7679571668975724297, -1.199999999999999956, 0.1349999999999999534 ) ) ;
#763 = VECTOR ( 'NONE', #527, 100.0000000000000000 ) ;
#764 = VECTOR ( 'NONE', #419, 100.0000000000000000 ) ;
#765 = AXIS2_PLACEMENT_3D ( 'NONE', #69, #304, #1045 ) ;
#766 = LINE ( 'NONE', #1255, #1455 ) ;
#767 = FACE_OUTER_BOUND ( 'NONE', #677, .T. ) ;
#768 = ORIENTED_EDGE ( 'NONE', *, *, #93, .F. ) ;
#769 = DIRECTION ( 'NONE',  ( -1.000000000000000000, -2.312964634635742957E-16, 0.000000000000000000 ) ) ;
#770 = VERTEX_POINT ( 'NONE', #194 ) ;
#771 = EDGE_CURVE ( 'NONE', #1414, #1379, #49, .T. ) ;
#772 = DIRECTION ( 'NONE',  ( 0.000000000000000000, 1.000000000000000000, 0.000000000000000000 ) ) ;
#773 = ORIENTED_EDGE ( 'NONE', *, *, #93, .T. ) ;
#774 = CYLINDRICAL_SURFACE ( 'NONE', #1001, 2.500000000000000000 ) ;
#775 = FACE_OUTER_BOUND ( 'NONE', #1190, .T. ) ;
#776 = DIRECTION ( 'NONE',  ( -1.249637081581196951E-16, 1.000000000000000000, 0.000000000000000000 ) ) ;
#777 = CARTESIAN_POINT ( 'NONE',  ( 1.365000000000002212, -16.63499999999999801, 0.3175000000000000044 ) ) ;
#778 = VERTEX_POINT ( 'NONE', #416 ) ;
#779 = ADVANCED_FACE ( 'NONE', ( #669 ), #284, .F. ) ;
#780 = DIRECTION ( 'NONE',  ( -0.000000000000000000, 0.000000000000000000, 1.000000000000000000 ) ) ;
#781 = AXIS2_PLACEMENT_3D ( 'NONE', #887, #497, #899 ) ;
#782 = VERTEX_POINT ( 'NONE', #1541 ) ;
#783 = LINE ( 'NONE', #1296, #663 ) ;
#784 = EDGE_CURVE ( 'NONE', #134, #1086, #548, .T. ) ;
#785 = DIRECTION ( 'NONE',  ( 1.000000000000000000, 4.818676322157798361E-16, 0.000000000000000000 ) ) ;
#786 = CARTESIAN_POINT ( 'NONE',  ( 0.000000000000000000, -0.3049999999999999933, 0.000000000000000000 ) ) ;
#787 = VECTOR ( 'NONE', #146, 100.0000000000000142 ) ;
#788 = CARTESIAN_POINT ( 'NONE',  ( -0.7679571668975722076, 1.199999999999999956, 0.1349999999999999534 ) ) ;
#789 = VERTEX_POINT ( 'NONE', #1275 ) ;
#790 = LINE ( 'NONE', #65, #1317 ) ;
#791 = ORIENTED_EDGE ( 'NONE', *, *, #371, .F. ) ;
#792 = CARTESIAN_POINT ( 'NONE',  ( 0.000000000000000000, 0.000000000000000000, 0.1349999999999999534 ) ) ;
#793 = DIRECTION ( 'NONE',  ( -1.000000000000000000, 4.818676322157798361E-16, 0.000000000000000000 ) ) ;
#794 = AXIS2_PLACEMENT_3D ( 'NONE', #318, #686, #78 ) ;
#795 = EDGE_CURVE ( 'NONE', #564, #1548, #1158, .T. ) ;
#796 = FACE_OUTER_BOUND ( 'NONE', #1118, .T. ) ;
#797 = DIRECTION ( 'NONE',  ( 0.000000000000000000, 1.000000000000000000, 0.000000000000000000 ) ) ;
#798 = VERTEX_POINT ( 'NONE', #426 ) ;
#799 = LINE ( 'NONE', #1518, #8 ) ;
#800 = VERTEX_POINT ( 'NONE', #923 ) ;
#801 = CARTESIAN_POINT ( 'NONE',  ( 3.735172737399427023E-17, 0.3049999999999999933, 0.000000000000000000 ) ) ;
#802 = LINE ( 'NONE', #1432, #818 ) ;
#803 = EDGE_CURVE ( 'NONE', #19, #219, #1406, .T. ) ;
#804 = DIRECTION ( 'NONE',  ( -0.000000000000000000, 0.000000000000000000, 1.000000000000000000 ) ) ;
#805 = ORIENTED_EDGE ( 'NONE', *, *, #162, .F. ) ;
#806 = CARTESIAN_POINT ( 'NONE',  ( 0.4099999999999999201, 1.820000000000000506, 0.1349999999999999534 ) ) ;
#807 = EDGE_LOOP ( 'NONE', ( #1277, #814, #953, #178 ) ) ;
#808 = CARTESIAN_POINT ( 'NONE',  ( 2.000000000000000444, -1.499999999999999334, 0.000000000000000000 ) ) ;
#809 = CARTESIAN_POINT ( 'NONE',  ( 0.000000000000000000, 0.000000000000000000, 0.3175000000000000044 ) ) ;
#810 = VECTOR ( 'NONE', #173, 100.0000000000000142 ) ;
#811 = EDGE_LOOP ( 'NONE', ( #556, #185, #649, #865, #1051, #962 ) ) ;
#812 = EDGE_CURVE ( 'NONE', #19, #1385, #1050, .T. ) ;
#813 = CARTESIAN_POINT ( 'NONE',  ( -0.7679571668975720966, -1.200000000000000178, 0.6350000000000000089 ) ) ;
#814 = ORIENTED_EDGE ( 'NONE', *, *, #226, .T. ) ;
#815 = FACE_OUTER_BOUND ( 'NONE', #701, .T. ) ;
#816 = AXIS2_PLACEMENT_3D ( 'NONE', #1395, #422, #797 ) ;
#817 = CARTESIAN_POINT ( 'NONE',  ( 1.364999999999999769, 2.000000000000000444, 0.000000000000000000 ) ) ;
#818 = VECTOR ( 'NONE', #189, 100.0000000000000000 ) ;
#819 = VECTOR ( 'NONE', #656, 100.0000000000000000 ) ;
#820 = VERTEX_POINT ( 'NONE', #834 ) ;
#821 = LINE ( 'NONE', #356, #61 ) ;
#822 = EDGE_LOOP ( 'NONE', ( #257, #571, #1268, #465, #331 ) ) ;
#823 = CARTESIAN_POINT ( 'NONE',  ( 16.63499999999999801, -1.364999999999998437, 0.3175000000000000044 ) ) ;
#824 = CARTESIAN_POINT ( 'NONE',  ( 0.000000000000000000, 0.000000000000000000, 0.000000000000000000 ) ) ;
#825 = ORIENTED_EDGE ( 'NONE', *, *, #1031, .F. ) ;
#826 = CARTESIAN_POINT ( 'NONE',  ( -1.200000000000000178, 0.7679571668975719856, 0.1349999999999999534 ) ) ;
#827 = ADVANCED_FACE ( 'NONE', ( #1204 ), #1555, .F. ) ;
#828 = ORIENTED_EDGE ( 'NONE', *, *, #327, .F. ) ;
#829 = CARTESIAN_POINT ( 'NONE',  ( -1.200000000000000178, 0.7679571668975719856, 0.1349999999999999534 ) ) ;
#830 = VECTOR ( 'NONE', #1293, 100.0000000000000000 ) ;
#831 = EDGE_CURVE ( 'NONE', #1584, #588, #690, .T. ) ;
#832 = DIRECTION ( 'NONE',  ( -0.5000000000000042188, -0.8660254037844362651, 0.000000000000000000 ) ) ;
#833 = EDGE_LOOP ( 'NONE', ( #622, #1468, #843, #363, #943, #397 ) ) ;
#834 = CARTESIAN_POINT ( 'NONE',  ( 0.4100000000000003086, -2.000000000000000444, 0.1349999999999999534 ) ) ;
#835 = ORIENTED_EDGE ( 'NONE', *, *, #425, .F. ) ;
#836 = DIRECTION ( 'NONE',  ( 0.8660254037844362651, -0.5000000000000039968, 0.000000000000000000 ) ) ;
#837 = DIRECTION ( 'NONE',  ( -1.000000000000000000, -4.818676322157798361E-16, 0.000000000000000000 ) ) ;
#838 = EDGE_CURVE ( 'NONE', #630, #967, #325, .T. ) ;
#839 = VECTOR ( 'NONE', #139, 100.0000000000000142 ) ;
#840 = VERTEX_POINT ( 'NONE', #1183 ) ;
#841 = AXIS2_PLACEMENT_3D ( 'NONE', #946, #472, #1453 ) ;
#842 = PLANE ( 'NONE',  #1114 ) ;
#843 = ORIENTED_EDGE ( 'NONE', *, *, #1443, .T. ) ;
#844 = VECTOR ( 'NONE', #1047, 100.0000000000000000 ) ;
#845 = CARTESIAN_POINT ( 'NONE',  ( -0.4100000000000000311, 2.000000000000000444, 0.6350000000000000089 ) ) ;
#846 = PRODUCT_DEFINITION_CONTEXT ( 'detailed design', #427, 'design' ) ;
#847 = CARTESIAN_POINT ( 'NONE',  ( -1.364999999999997549, -16.63499999999999801, 0.3175000000000000044 ) ) ;
#848 = VERTEX_POINT ( 'NONE', #1459 ) ;
#849 = EDGE_CURVE ( 'NONE', #14, #1294, #821, .T. ) ;
#850 = ORIENTED_EDGE ( 'NONE', *, *, #193, .F. ) ;
#851 = CARTESIAN_POINT ( 'NONE',  ( 1.199999999999999956, 0.7679571668975723187, 0.6350000000000000089 ) ) ;
#852 = ORIENTED_EDGE ( 'NONE', *, *, #165, .F. ) ;
#853 = CARTESIAN_POINT ( 'NONE',  ( -0.7679571668975720966, -1.200000000000000178, 0.6350000000000000089 ) ) ;
#854 = CARTESIAN_POINT ( 'NONE',  ( 0.000000000000000000, 0.000000000000000000, 0.000000000000000000 ) ) ;
#855 = CARTESIAN_POINT ( 'NONE',  ( 1.820000000000000506, 0.4100000000000000311, 0.1349999999999999534 ) ) ;
#856 = ORIENTED_EDGE ( 'NONE', *, *, #1162, .T. ) ;
#857 = FACE_OUTER_BOUND ( 'NONE', #1303, .T. ) ;
#858 = ORIENTED_EDGE ( 'NONE', *, *, #446, .F. ) ;
#859 = ADVANCED_FACE ( 'NONE', ( #1450 ), #1210, .T. ) ;
#860 = CARTESIAN_POINT ( 'NONE',  ( 2.000000000000000444, -1.365000000000000213, 0.000000000000000000 ) ) ;
#861 = VECTOR ( 'NONE', #1469, 100.0000000000000000 ) ;
#862 = LINE ( 'NONE', #269, #402 ) ;
#863 = PLANE ( 'NONE',  #70 ) ;
#864 = ORIENTED_EDGE ( 'NONE', *, *, #998, .F. ) ;
#865 = ORIENTED_EDGE ( 'NONE', *, *, #1241, .T. ) ;
#866 = CYLINDRICAL_SURFACE ( 'NONE', #529, 2.500000000000000000 ) ;
#867 = ORIENTED_EDGE ( 'NONE', *, *, #491, .T. ) ;
#868 = VECTOR ( 'NONE', #452, 100.0000000000000000 ) ;
#869 = VECTOR ( 'NONE', #1547, 100.0000000000000000 ) ;
#870 = CARTESIAN_POINT ( 'NONE',  ( 2.000000000000001776, 1.364999999999998437, 0.3175000000000000044 ) ) ;
#871 = CARTESIAN_POINT ( 'NONE',  ( 1.499999999999999778, 2.000000000000000444, 0.3175000000000000044 ) ) ;
#872 = CARTESIAN_POINT ( 'NONE',  ( 1.820000000000000506, -0.4099999999999998646, 0.1349999999999999534 ) ) ;
#873 = VERTEX_POINT ( 'NONE', #594 ) ;
#874 = CARTESIAN_POINT ( 'NONE',  ( 0.000000000000000000, 0.000000000000000000, 0.000000000000000000 ) ) ;
#875 = VERTEX_POINT ( 'NONE', #954 ) ;
#876 = CARTESIAN_POINT ( 'NONE',  ( 1.364999999999999991, 2.000000000000001776, 0.6350000000000000089 ) ) ;
#877 = EDGE_CURVE ( 'NONE', #581, #1335, #697, .T. ) ;
#878 = DIRECTION ( 'NONE',  ( 0.000000000000000000, 0.000000000000000000, -1.000000000000000000 ) ) ;
#879 = DIRECTION ( 'NONE',  ( -1.000000000000000000, 0.000000000000000000, 0.000000000000000000 ) ) ;
#880 = EDGE_CURVE ( 'NONE', #201, #670, #1074, .T. ) ;
#881 = VERTEX_POINT ( 'NONE', #106 ) ;
#882 = DIRECTION ( 'NONE',  ( -4.818676322157798361E-16, -1.000000000000000000, 0.000000000000000000 ) ) ;
#883 = ORIENTED_EDGE ( 'NONE', *, *, #983, .F. ) ;
#885 = DIRECTION ( 'NONE',  ( 4.818676322157799347E-16, 1.000000000000000000, 0.000000000000000000 ) ) ;
#884 = AXIS2_PLACEMENT_3D ( 'NONE', #847, #1334, #609 ) ;
#886 = CARTESIAN_POINT ( 'NONE',  ( 2.000000000000000444, -0.4099999999999999201, 0.1349999999999999534 ) ) ;
#887 = CARTESIAN_POINT ( 'NONE',  ( -0.4099999999999997535, -2.000000000000000444, 0.1349999999999999534 ) ) ;
#888 = EDGE_CURVE ( 'NONE', #1149, #509, #587, .T. ) ;
#889 = EDGE_LOOP ( 'NONE', ( #716, #1224, #1173, #1157, #602 ) ) ;
#890 = VECTOR ( 'NONE', #769, 100.0000000000000000 ) ;
#891 = FILL_AREA_STYLE_COLOUR ( '', #1174 ) ;
#892 = EDGE_CURVE ( 'NONE', #477, #1542, #961, .T. ) ;
#893 = ORIENTED_EDGE ( 'NONE', *, *, #1022, .T. ) ;
#894 = DIRECTION ( 'NONE',  ( 0.5000000000000045519, -0.8660254037844360431, 0.000000000000000000 ) ) ;
#895 = VECTOR ( 'NONE', #1388, 100.0000000000000000 ) ;
#896 = ORIENTED_EDGE ( 'NONE', *, *, #1162, .F. ) ;
#897 = UNCERTAINTY_MEASURE_WITH_UNIT (LENGTH_MEASURE( 1.000000000000000082E-05 ), #1156, 'distance_accuracy_value', 'NONE');
#898 = LINE ( 'NONE', #34, #689 ) ;
#899 = DIRECTION ( 'NONE',  ( -4.818676322157798361E-16, -1.000000000000000000, 0.000000000000000000 ) ) ;
#900 = CIRCLE ( 'NONE', #979, 2.500000000000000000 ) ;
#901 = EDGE_CURVE ( 'NONE', #778, #380, #347, .T. ) ;
#902 = LINE ( 'NONE', #167, #895 ) ;
#903 = PRESENTATION_STYLE_ASSIGNMENT (( #55 ) ) ;
#904 = EDGE_LOOP ( 'NONE', ( #1367, #896, #638, #348 ) ) ;
#905 = ADVANCED_FACE ( 'NONE', ( #83 ), #1088, .T. ) ;
#906 = DIRECTION ( 'NONE',  ( 0.000000000000000000, -1.000000000000000000, 0.000000000000000000 ) ) ;
#907 = ORIENTED_EDGE ( 'NONE', *, *, #558, .T. ) ;
#908 = CARTESIAN_POINT ( 'NONE',  ( 1.365000000000002212, -16.63499999999999801, 0.6350000000000000089 ) ) ;
#909 = DIRECTION ( 'NONE',  ( 1.000000000000000000, 0.000000000000000000, 0.000000000000000000 ) ) ;
#910 = DIRECTION ( 'NONE',  ( 0.000000000000000000, -1.000000000000000000, 0.000000000000000000 ) ) ;
#911 = DIRECTION ( 'NONE',  ( -1.000000000000000000, -2.258880508902365962E-16, 0.000000000000000000 ) ) ;
#912 = ORIENTED_EDGE ( 'NONE', *, *, #880, .T. ) ;
#913 = VECTOR ( 'NONE', #1081, 100.0000000000000000 ) ;
#914 = CARTESIAN_POINT ( 'NONE',  ( -0.7679571668975722076, 1.199999999999999956, 0.1349999999999999534 ) ) ;
#915 = ADVANCED_FACE ( 'NONE', ( #112 ), #842, .F. ) ;
#916 = VERTEX_POINT ( 'NONE', #1578 ) ;
#917 = CARTESIAN_POINT ( 'NONE',  ( 2.000000000000000444, 1.500000000000000666, 0.000000000000000000 ) ) ;
#918 = CARTESIAN_POINT ( 'NONE',  ( 2.000000000000001776, -1.365000000000000213, 0.6350000000000000089 ) ) ;
#919 = AXIS2_PLACEMENT_3D ( 'NONE', #1503, #17, #513 ) ;
#920 = CARTESIAN_POINT ( 'NONE',  ( -16.63499999999999801, 1.364999999999996438, 0.3175000000000000044 ) ) ;
#921 = DIRECTION ( 'NONE',  ( -2.258880508902365962E-16, 1.000000000000000000, 0.000000000000000000 ) ) ;
#922 = VERTEX_POINT ( 'NONE', #563 ) ;
#923 = CARTESIAN_POINT ( 'NONE',  ( 2.000000000000000444, 1.500000000000000666, 0.000000000000000000 ) ) ;
#924 = EDGE_CURVE ( 'NONE', #333, #1519, #968, .T. ) ;
#925 = ORIENTED_EDGE ( 'NONE', *, *, #155, .F. ) ;
#926 = DIRECTION ( 'NONE',  ( -0.000000000000000000, 0.000000000000000000, 1.000000000000000000 ) ) ;
#927 = FACE_OUTER_BOUND ( 'NONE', #1509, .T. ) ;
#928 = CIRCLE ( 'NONE', #1327, 0.3049999999999999933 ) ;
#929 = DIRECTION ( 'NONE',  ( 0.000000000000000000, 0.000000000000000000, 1.000000000000000000 ) ) ;
#930 = VERTEX_POINT ( 'NONE', #449 ) ;
#931 = CARTESIAN_POINT ( 'NONE',  ( 0.7679571668975722076, 1.199999999999999956, 0.1349999999999999534 ) ) ;
#932 = ORIENTED_EDGE ( 'NONE', *, *, #1113, .F. ) ;
#933 = FACE_OUTER_BOUND ( 'NONE', #1191, .T. ) ;
#934 = CARTESIAN_POINT ( 'NONE',  ( 3.735172737399427023E-17, 0.3049999999999999933, 0.6350000000000000089 ) ) ;
#935 = EDGE_CURVE ( 'NONE', #1385, #586, #944, .T. ) ;
#936 = ORIENTED_EDGE ( 'NONE', *, *, #1019, .T. ) ;
#937 = CARTESIAN_POINT ( 'NONE',  ( 1.364999999999995328, 16.63499999999999801, 0.3175000000000000044 ) ) ;
#938 = ORIENTED_EDGE ( 'NONE', *, *, #682, .F. ) ;
#939 = LINE ( 'NONE', #917, #1482 ) ;
#940 = DIRECTION ( 'NONE',  ( 4.818676322157798361E-16, 1.000000000000000000, 0.000000000000000000 ) ) ;
#941 = AXIS2_PLACEMENT_3D ( 'NONE', #386, #1021, #1371 ) ;
#942 = EDGE_CURVE ( 'NONE', #973, #1233, #1251, .T. ) ;
#943 = ORIENTED_EDGE ( 'NONE', *, *, #174, .T. ) ;
#944 = LINE ( 'NONE', #1429, #1027 ) ;
#945 = ORIENTED_EDGE ( 'NONE', *, *, #608, .F. ) ;
#946 = CARTESIAN_POINT ( 'NONE',  ( 0.4100000000000001976, -1.820000000000000506, 0.1349999999999999534 ) ) ;
#947 = CARTESIAN_POINT ( 'NONE',  ( 2.000000000000000444, 0.4100000000000001421, 0.1349999999999999534 ) ) ;
#948 = FACE_OUTER_BOUND ( 'NONE', #822, .T. ) ;
#949 = VECTOR ( 'NONE', #1372, 100.0000000000000000 ) ;
#950 = VECTOR ( 'NONE', #329, 100.0000000000000000 ) ;
#951 = VECTOR ( 'NONE', #1265, 100.0000000000000000 ) ;
#952 = ADVANCED_FACE ( 'NONE', ( #372 ), #153, .F. ) ;
#953 = ORIENTED_EDGE ( 'NONE', *, *, #1221, .T. ) ;
#954 = CARTESIAN_POINT ( 'NONE',  ( 0.7679571668975724297, -1.199999999999999956, 0.6350000000000000089 ) ) ;
#955 = ORIENTED_EDGE ( 'NONE', *, *, #1352, .T. ) ;
#956 = EDGE_CURVE ( 'NONE', #1414, #770, #1373, .T. ) ;
#957 = LINE ( 'NONE', #845, #350 ) ;
#958 = FACE_OUTER_BOUND ( 'NONE', #469, .T. ) ;
#959 = FACE_OUTER_BOUND ( 'NONE', #40, .T. ) ;
#960 = ORIENTED_EDGE ( 'NONE', *, *, #1505, .F. ) ;
#961 = LINE ( 'NONE', #1197, #1192 ) ;
#962 = ORIENTED_EDGE ( 'NONE', *, *, #1312, .T. ) ;
#963 = DIRECTION ( 'NONE',  ( 0.000000000000000000, -1.000000000000000000, 0.000000000000000000 ) ) ;
#964 = EDGE_CURVE ( 'NONE', #221, #1500, #751, .T. ) ;
#965 = VECTOR ( 'NONE', #332, 100.0000000000000000 ) ;
#966 = PLANE ( 'NONE',  #884 ) ;
#967 = VERTEX_POINT ( 'NONE', #1218 ) ;
#968 = LINE ( 'NONE', #1331, #869 ) ;
#969 = ORIENTED_EDGE ( 'NONE', *, *, #924, .F. ) ;
#970 = LINE ( 'NONE', #358, #868 ) ;
#971 = EDGE_CURVE ( 'NONE', #1233, #922, #1014, .T. ) ;
#972 = CARTESIAN_POINT ( 'NONE',  ( -2.000000000000001776, 1.364999999999999991, 0.6350000000000000089 ) ) ;
#973 = VERTEX_POINT ( 'NONE', #1586 ) ;
#974 = AXIS2_PLACEMENT_3D ( 'NONE', #1136, #1247, #252 ) ;
#975 = ORIENTED_EDGE ( 'NONE', *, *, #312, .T. ) ;
#976 = VECTOR ( 'NONE', #926, 100.0000000000000000 ) ;
#977 = CARTESIAN_POINT ( 'NONE',  ( -1.499999999999999334, -2.000000000000000888, 0.000000000000000000 ) ) ;
#978 = VERTEX_POINT ( 'NONE', #1107 ) ;
#979 = AXIS2_PLACEMENT_3D ( 'NONE', #1030, #929, #910 ) ;
#980 = CARTESIAN_POINT ( 'NONE',  ( 1.364999999999999991, 1.364999999999998215, 0.3175000000000000044 ) ) ;
#981 = LINE ( 'NONE', #1562, #237 ) ;
#982 = ORIENTED_EDGE ( 'NONE', *, *, #361, .F. ) ;
#983 = EDGE_CURVE ( 'NONE', #142, #731, #29, .T. ) ;
#984 = CARTESIAN_POINT ( 'NONE',  ( -1.820000000000000506, 0.4099999999999995870, 0.1349999999999999534 ) ) ;
#985 = CARTESIAN_POINT ( 'NONE',  ( 1.199999999999999956, 0.7679571668975723187, 0.1349999999999999534 ) ) ;
#986 = ORIENTED_EDGE ( 'NONE', *, *, #305, .F. ) ;
#987 = CARTESIAN_POINT ( 'NONE',  ( 2.000000000000000444, 1.364999999999998437, 0.000000000000000000 ) ) ;
#988 = LINE ( 'NONE', #230, #448 ) ;
#989 = VECTOR ( 'NONE', #214, 100.0000000000000000 ) ;
#990 = ORIENTED_EDGE ( 'NONE', *, *, #831, .T. ) ;
#991 = DIRECTION ( 'NONE',  ( -0.000000000000000000, 0.000000000000000000, 1.000000000000000000 ) ) ;
#992 = VERTEX_POINT ( 'NONE', #851 ) ;
#993 = DIRECTION ( 'NONE',  ( 1.931257307898213426E-16, -1.000000000000000000, 0.000000000000000000 ) ) ;
#994 = VECTOR ( 'NONE', #1009, 100.0000000000000000 ) ;
#995 = DIRECTION ( 'NONE',  ( 1.000000000000000000, 4.818676322157798361E-16, 0.000000000000000000 ) ) ;
#996 = CARTESIAN_POINT ( 'NONE',  ( 0.000000000000000000, -0.3049999999999999933, 0.000000000000000000 ) ) ;
#997 = ORIENTED_EDGE ( 'NONE', *, *, #1582, .F. ) ;
#998 = EDGE_CURVE ( 'NONE', #408, #1233, #1338, .T. ) ;
#999 = DIRECTION ( 'NONE',  ( 0.000000000000000000, 0.000000000000000000, -1.000000000000000000 ) ) ;
#1000 = ORIENTED_EDGE ( 'NONE', *, *, #33, .T. ) ;
#1001 = AXIS2_PLACEMENT_3D ( 'NONE', #1262, #42, #260 ) ;
#1002 = LINE ( 'NONE', #1254, #994 ) ;
#1003 = ADVANCED_FACE ( 'NONE', ( #857 ), #119, .F. ) ;
#1004 = CARTESIAN_POINT ( 'NONE',  ( 1.365000000000002212, -1.365000000000000213, 0.6350000000000000089 ) ) ;
#1005 = DIRECTION ( 'NONE',  ( 0.000000000000000000, -1.000000000000000000, 0.000000000000000000 ) ) ;
#1006 = ORIENTED_EDGE ( 'NONE', *, *, #1505, .T. ) ;
#1007 = DIRECTION ( 'NONE',  ( 0.000000000000000000, 0.000000000000000000, 1.000000000000000000 ) ) ;
#1008 = ORIENTED_EDGE ( 'NONE', *, *, #361, .T. ) ;
#1009 = DIRECTION ( 'NONE',  ( 1.000000000000000000, 0.000000000000000000, 0.000000000000000000 ) ) ;
#1010 = ADVANCED_FACE ( 'NONE', ( #13, #1491 ), #760, .F. ) ;
#1011 = LINE ( 'NONE', #147, #1077 ) ;
#1012 = DIRECTION ( 'NONE',  ( 0.8660254037844362651, 0.5000000000000042188, 0.000000000000000000 ) ) ;
#1013 = VERTEX_POINT ( 'NONE', #621 ) ;
#1014 = LINE ( 'NONE', #256, #1561 ) ;
#1015 = EDGE_LOOP ( 'NONE', ( #1399, #368, #493, #691 ) ) ;
#1017 = DIRECTION ( 'NONE',  ( -0.000000000000000000, 0.000000000000000000, 1.000000000000000000 ) ) ;
#1016 = VECTOR ( 'NONE', #287, 100.0000000000000000 ) ;
#1018 = EDGE_LOOP ( 'NONE', ( #110, #1322, #1132, #936 ) ) ;
#1019 = EDGE_CURVE ( 'NONE', #1420, #992, #484, .T. ) ;
#1020 = LINE ( 'NONE', #429, #976 ) ;
#1021 = DIRECTION ( 'NONE',  ( -0.5000000000000041078, -0.8660254037844363761, 0.000000000000000000 ) ) ;
#1022 = EDGE_CURVE ( 'NONE', #1409, #333, #177, .T. ) ;
#1023 = CARTESIAN_POINT ( 'NONE',  ( -0.4099999999999997535, -2.000000000000000444, 0.1349999999999999534 ) ) ;
#1024 = ORIENTED_EDGE ( 'NONE', *, *, #585, .F. ) ;
#1025 = CARTESIAN_POINT ( 'NONE',  ( -2.000000000000000000, -1.500000000000000888, 0.3175000000000000044 ) ) ;
#1026 = AXIS2_PLACEMENT_3D ( 'NONE', #809, #1297, #80 ) ;
#1027 = VECTOR ( 'NONE', #1348, 100.0000000000000000 ) ;
#1028 = DIRECTION ( 'NONE',  ( -4.818676322157798361E-16, 1.000000000000000000, 0.000000000000000000 ) ) ;
#1029 = PLANE ( 'NONE',  #941 ) ;
#1030 = CARTESIAN_POINT ( 'NONE',  ( 0.000000000000000000, 0.000000000000000000, 0.000000000000000000 ) ) ;
#1031 = EDGE_CURVE ( 'NONE', #881, #434, #240, .T. ) ;
#1032 = DIRECTION ( 'NONE',  ( 0.000000000000000000, -1.000000000000000000, 0.000000000000000000 ) ) ;
#1033 = ORIENTED_EDGE ( 'NONE', *, *, #1457, .F. ) ;
#1034 = CARTESIAN_POINT ( 'NONE',  ( 0.000000000000000000, -0.3049999999999999933, 0.6350000000000000089 ) ) ;
#1035 = ORIENTED_EDGE ( 'NONE', *, *, #598, .F. ) ;
#1036 = PLANE ( 'NONE',  #1253 ) ;
#1037 = CARTESIAN_POINT ( 'NONE',  ( -0.4099999999999996980, -1.820000000000000506, 0.6350000000000000089 ) ) ;
#1038 = CARTESIAN_POINT ( 'NONE',  ( -1.500000000000000222, 2.000000000000000444, 0.000000000000000000 ) ) ;
#1039 = ORIENTED_EDGE ( 'NONE', *, *, #892, .F. ) ;
#1040 = AXIS2_PLACEMENT_3D ( 'NONE', #1175, #541, #1059 ) ;
#1041 = CARTESIAN_POINT ( 'NONE',  ( -2.000000000000000444, 0.4099999999999996980, 0.6350000000000000089 ) ) ;
#1042 = ORIENTED_EDGE ( 'NONE', *, *, #585, .T. ) ;
#1043 = ADVANCED_FACE ( 'NONE', ( #1117 ), #866, .T. ) ;
#1044 = CARTESIAN_POINT ( 'NONE',  ( -2.000000000000000000, -1.364999999999997993, 0.000000000000000000 ) ) ;
#1045 = DIRECTION ( 'NONE',  ( 0.000000000000000000, -1.000000000000000000, 0.000000000000000000 ) ) ;
#1046 = VECTOR ( 'NONE', #623, 100.0000000000000000 ) ;
#1047 = DIRECTION ( 'NONE',  ( -0.000000000000000000, 0.000000000000000000, 1.000000000000000000 ) ) ;
#1048 = ORIENTED_EDGE ( 'NONE', *, *, #924, .T. ) ;
#1049 = ADVANCED_FACE ( 'NONE', ( #744 ), #22, .F. ) ;
#1050 = LINE ( 'NONE', #937, #1445 ) ;
#1051 = ORIENTED_EDGE ( 'NONE', *, *, #510, .T. ) ;
#1052 = VECTOR ( 'NONE', #615, 100.0000000000000000 ) ;
#1053 = CARTESIAN_POINT ( 'NONE',  ( 0.4099999999999999201, 1.820000000000000506, 0.1349999999999999534 ) ) ;
#1054 = EDGE_CURVE ( 'NONE', #357, #992, #248, .T. ) ;
#1055 = CARTESIAN_POINT ( 'NONE',  ( 1.500000000000000666, -2.000000000000000000, 0.000000000000000000 ) ) ;
#1056 = VECTOR ( 'NONE', #1199, 100.0000000000000000 ) ;
#1057 = FACE_OUTER_BOUND ( 'NONE', #807, .T. ) ;
#1058 = ORIENTED_EDGE ( 'NONE', *, *, #273, .T. ) ;
#1059 = DIRECTION ( 'NONE',  ( 0.000000000000000000, -1.000000000000000000, 0.000000000000000000 ) ) ;
#1060 = ORIENTED_EDGE ( 'NONE', *, *, #1362, .T. ) ;
#1061 = FACE_OUTER_BOUND ( 'NONE', #833, .T. ) ;
#1062 = CARTESIAN_POINT ( 'NONE',  ( -1.999999999999999112, -1.364999999999997993, 0.3175000000000000044 ) ) ;
#1063 = EDGE_CURVE ( 'NONE', #1250, #1259, #508, .T. ) ;
#1064 = EDGE_LOOP ( 'NONE', ( #1490, #64, #1476, #1182 ) ) ;
#1065 = CARTESIAN_POINT ( 'NONE',  ( -2.000000000000000444, 0.4099999999999996980, 0.1349999999999999534 ) ) ;
#1066 = ORIENTED_EDGE ( 'NONE', *, *, #1116, .F. ) ;
#1067 = PLANE ( 'NONE',  #579 ) ;
#1068 = DIRECTION ( 'NONE',  ( -4.818676322157799347E-16, 1.000000000000000000, 0.000000000000000000 ) ) ;
#1069 = EDGE_CURVE ( 'NONE', #800, #380, #125, .T. ) ;
#1070 = LINE ( 'NONE', #1258, #1504 ) ;
#1071 = EDGE_CURVE ( 'NONE', #1013, #1542, #289, .T. ) ;
#1072 = ORIENTED_EDGE ( 'NONE', *, *, #717, .T. ) ;
#1073 = ADVANCED_BREP_SHAPE_REPRESENTATION ( 'vertex_61', ( #1092, #478 ), #323 ) ;
#1074 = LINE ( 'NONE', #1436, #965 ) ;
#1075 = ORIENTED_EDGE ( 'NONE', *, *, #567, .F. ) ;
#1076 = FACE_OUTER_BOUND ( 'NONE', #1365, .T. ) ;
#1077 = VECTOR ( 'NONE', #633, 100.0000000000000000 ) ;
#1078 = VECTOR ( 'NONE', #1123, 100.0000000000000142 ) ;
#1079 = ORIENTED_EDGE ( 'NONE', *, *, #640, .T. ) ;
#1080 = EDGE_CURVE ( 'NONE', #1379, #1250, #457, .T. ) ;
#1081 = DIRECTION ( 'NONE',  ( 1.000000000000000000, 0.000000000000000000, 0.000000000000000000 ) ) ;
#1082 = ORIENTED_EDGE ( 'NONE', *, *, #1221, .F. ) ;
#1083 = DIRECTION ( 'NONE',  ( -1.000000000000000000, -1.136033710528360955E-16, 0.000000000000000000 ) ) ;
#1084 = CARTESIAN_POINT ( 'NONE',  ( 0.4100000000000001976, -1.820000000000000506, 0.6350000000000000089 ) ) ;
#1085 = CARTESIAN_POINT ( 'NONE',  ( 0.000000000000000000, 0.000000000000000000, 0.000000000000000000 ) ) ;
#1086 = VERTEX_POINT ( 'NONE', #667 ) ;
#1087 = ADVANCED_FACE ( 'NONE', ( #948 ), #282, .F. ) ;
#1088 = PLANE ( 'NONE',  #212 ) ;
#1089 = VERTEX_POINT ( 'NONE', #788 ) ;
#1090 = DIRECTION ( 'NONE',  ( 1.000000000000000000, 0.000000000000000000, 0.000000000000000000 ) ) ;
#1091 = AXIS2_PLACEMENT_3D ( 'NONE', #474, #616, #359 ) ;
#1092 = MANIFOLD_SOLID_BREP ( 'Cut-Extrude4', #735 ) ;
#1093 = ORIENTED_EDGE ( 'NONE', *, *, #445, .F. ) ;
#1094 = DIRECTION ( 'NONE',  ( 0.8660254037844361541, 0.5000000000000042188, 0.000000000000000000 ) ) ;
#1095 = ORIENTED_EDGE ( 'NONE', *, *, #521, .T. ) ;
#1096 = LINE ( 'NONE', #466, #1125 ) ;
#1097 = ADVANCED_FACE ( 'NONE', ( #1524 ), #396, .F. ) ;
#1098 = CARTESIAN_POINT ( 'NONE',  ( -0.4099999999999999201, 1.820000000000000506, 0.6350000000000000089 ) ) ;
#1099 = ORIENTED_EDGE ( 'NONE', *, *, #1443, .F. ) ;
#1100 = VECTOR ( 'NONE', #62, 100.0000000000000000 ) ;
#1101 = VERTEX_POINT ( 'NONE', #1194 ) ;
#1102 = DIRECTION ( 'NONE',  ( 0.000000000000000000, 1.000000000000000000, 0.000000000000000000 ) ) ;
#1103 = ORIENTED_EDGE ( 'NONE', *, *, #569, .T. ) ;
#1104 = CARTESIAN_POINT ( 'NONE',  ( 1.500000000000000666, -2.000000000000000000, 0.000000000000000000 ) ) ;
#1105 = CARTESIAN_POINT ( 'NONE',  ( -1.364999999999998215, 2.000000000000000444, 0.3175000000000000044 ) ) ;
#1106 = LINE ( 'NONE', #984, #949 ) ;
#1107 = CARTESIAN_POINT ( 'NONE',  ( 0.7679571668975722076, 1.199999999999999956, 0.6350000000000000089 ) ) ;
#1108 = VERTEX_POINT ( 'NONE', #1507 ) ;
#1109 = DIRECTION ( 'NONE',  ( 0.000000000000000000, 0.000000000000000000, -1.000000000000000000 ) ) ;
#1110 = LINE ( 'NONE', #279, #73 ) ;
#1111 = PLANE ( 'NONE',  #192 ) ;
#1112 = ORIENTED_EDGE ( 'NONE', *, *, #1362, .F. ) ;
#1113 = EDGE_CURVE ( 'NONE', #782, #967, #1552, .T. ) ;
#1114 = AXIS2_PLACEMENT_3D ( 'NONE', #1571, #199, #1094 ) ;
#1115 = ORIENTED_EDGE ( 'NONE', *, *, #1369, .F. ) ;
#1116 = EDGE_CURVE ( 'NONE', #104, #387, #1382, .T. ) ;
#1117 = FACE_OUTER_BOUND ( 'NONE', #1211, .T. ) ;
#1118 = EDGE_LOOP ( 'NONE', ( #912, #355, #1244, #476, #198, #227 ) ) ;
#1119 = DIRECTION ( 'NONE',  ( -0.000000000000000000, 0.000000000000000000, 1.000000000000000000 ) ) ;
#1120 = PLANE ( 'NONE',  #376 ) ;
#1121 = CARTESIAN_POINT ( 'NONE',  ( -1.820000000000000506, -0.4100000000000003086, 0.1349999999999999534 ) ) ;
#1122 = ORIENTED_EDGE ( 'NONE', *, *, #599, .T. ) ;
#1123 = DIRECTION ( 'NONE',  ( -0.8660254037844362651, 0.5000000000000042188, 0.000000000000000000 ) ) ;
#1124 = ORIENTED_EDGE ( 'NONE', *, *, #665, .F. ) ;
#1125 = VECTOR ( 'NONE', #1446, 100.0000000000000142 ) ;
#1126 = EDGE_CURVE ( 'NONE', #66, #978, #1070, .T. ) ;
#1127 = CARTESIAN_POINT ( 'NONE',  ( -1.364999999999997549, -16.63499999999999801, 0.6350000000000000089 ) ) ;
#1128 = CARTESIAN_POINT ( 'NONE',  ( 2.000000000000000444, 1.500000000000000666, 0.000000000000000000 ) ) ;
#1129 = CARTESIAN_POINT ( 'NONE',  ( 0.000000000000000000, 0.000000000000000000, 0.6350000000000000089 ) ) ;
#1130 = CARTESIAN_POINT ( 'NONE',  ( 2.000000000000000444, 1.500000000000000666, 0.6350000000000000089 ) ) ;
#1131 = CARTESIAN_POINT ( 'NONE',  ( -1.500000000000000222, 2.000000000000000444, 0.3175000000000000044 ) ) ;
#1132 = ORIENTED_EDGE ( 'NONE', *, *, #510, .F. ) ;
#1133 = EDGE_CURVE ( 'NONE', #992, #1101, #531, .T. ) ;
#1134 = CARTESIAN_POINT ( 'NONE',  ( -1.820000000000000506, 0.4099999999999995870, 0.1349999999999999534 ) ) ;
#1135 = UNCERTAINTY_MEASURE_WITH_UNIT (LENGTH_MEASURE( 1.000000000000000082E-05 ), #224, 'distance_accuracy_value', 'NONE');
#1136 = CARTESIAN_POINT ( 'NONE',  ( -1.820000000000000506, 0.4099999999999995870, 0.1349999999999999534 ) ) ;
#1137 = LINE ( 'NONE', #1121, #810 ) ;
#1138 = ORIENTED_EDGE ( 'NONE', *, *, #111, .T. ) ;
#1139 = DIRECTION ( 'NONE',  ( 0.000000000000000000, 1.000000000000000000, 0.000000000000000000 ) ) ;
#1140 = ORIENTED_EDGE ( 'NONE', *, *, #971, .T. ) ;
#1142 = CARTESIAN_POINT ( 'NONE',  ( 16.63499999999999801, 1.365000000000001101, 0.6350000000000000089 ) ) ;
#1141 = VECTOR ( 'NONE', #1012, 100.0000000000000142 ) ;
#1143 = PRODUCT_RELATED_PRODUCT_CATEGORY ( 'part', '', ( #742 ) ) ;
#1144 = CARTESIAN_POINT ( 'NONE',  ( -1.200000000000000178, 0.7679571668975719856, 0.1349999999999999534 ) ) ;
#1145 = DIRECTION ( 'NONE',  ( 0.000000000000000000, 0.000000000000000000, 1.000000000000000000 ) ) ;
#1146 = ADVANCED_FACE ( 'NONE', ( #1515 ), #298, .T. ) ;
#1147 = CARTESIAN_POINT ( 'NONE',  ( -0.7679571668975722076, 1.199999999999999956, 0.6350000000000000089 ) ) ;
#1148 = CARTESIAN_POINT ( 'NONE',  ( -0.7679571668975720966, -1.200000000000000178, 0.1349999999999999534 ) ) ;
#1149 = VERTEX_POINT ( 'NONE', #1284 ) ;
#1150 = CARTESIAN_POINT ( 'NONE',  ( -2.000000000000000444, 0.4099999999999996980, 0.1349999999999999534 ) ) ;
#1151 = ORIENTED_EDGE ( 'NONE', *, *, #335, .F. ) ;
#1152 = VECTOR ( 'NONE', #1475, 100.0000000000000000 ) ;
#1153 = DIRECTION ( 'NONE',  ( -0.000000000000000000, 0.000000000000000000, 1.000000000000000000 ) ) ;
#1154 = LINE ( 'NONE', #420, #20 ) ;
#1155 = CARTESIAN_POINT ( 'NONE',  ( 2.000000000000000444, 1.500000000000000666, 0.3175000000000000044 ) ) ;
#1156 =( LENGTH_UNIT ( ) NAMED_UNIT ( * ) SI_UNIT ( .CENTI., .METRE. ) );
#1157 = ORIENTED_EDGE ( 'NONE', *, *, #446, .T. ) ;
#1158 = LINE ( 'NONE', #1041, #620 ) ;
#1159 = ORIENTED_EDGE ( 'NONE', *, *, #831, .F. ) ;
#1160 = DIRECTION ( 'NONE',  ( -1.817653936845376936E-16, 1.000000000000000000, 0.000000000000000000 ) ) ;
#1161 = CARTESIAN_POINT ( 'NONE',  ( -2.000000000000000444, -0.4100000000000003642, 0.1349999999999999534 ) ) ;
#1162 = EDGE_CURVE ( 'NONE', #317, #357, #454, .T. ) ;
#1163 = LINE ( 'NONE', #786, #844 ) ;
#1164 = ORIENTED_EDGE ( 'NONE', *, *, #1412, .T. ) ;
#1165 = EDGE_CURVE ( 'NONE', #1294, #840, #1326, .T. ) ;
#1166 = DIRECTION ( 'NONE',  ( 1.000000000000000000, 1.931257307898213426E-16, 0.000000000000000000 ) ) ;
#1167 = ORIENTED_EDGE ( 'NONE', *, *, #1022, .F. ) ;
#1168 = DIRECTION ( 'NONE',  ( 0.000000000000000000, 0.000000000000000000, -1.000000000000000000 ) ) ;
#1169 = VECTOR ( 'NONE', #1166, 100.0000000000000000 ) ;
#1170 = CARTESIAN_POINT ( 'NONE',  ( 1.199999999999999956, 0.7679571668975723187, 0.1349999999999999534 ) ) ;
#1171 = VECTOR ( 'NONE', #1501, 100.0000000000000000 ) ;
#1172 = LINE ( 'NONE', #1155, #1325 ) ;
#1173 = ORIENTED_EDGE ( 'NONE', *, *, #445, .T. ) ;
#1174 = COLOUR_RGB ( '',0.7921568627450980005, 0.8196078431372548767, 0.9333333333333333481 ) ;
#1175 = CARTESIAN_POINT ( 'NONE',  ( 1.199999999999999956, -0.7679571668975722076, 0.1349999999999999534 ) ) ;
#1176 = ADVANCED_FACE ( 'NONE', ( #225 ), #1440, .F. ) ;
#1177 = ORIENTED_EDGE ( 'NONE', *, *, #305, .T. ) ;
#1178 = FACE_OUTER_BOUND ( 'NONE', #685, .T. ) ;
#1179 = CYLINDRICAL_SURFACE ( 'NONE', #765, 0.3049999999999999933 ) ;
#1180 = VECTOR ( 'NONE', #661, 100.0000000000000000 ) ;
#1181 = AXIS2_PLACEMENT_3D ( 'NONE', #1521, #940, #793 ) ;
#1182 = ORIENTED_EDGE ( 'NONE', *, *, #598, .T. ) ;
#1183 = CARTESIAN_POINT ( 'NONE',  ( -1.820000000000000506, -0.4100000000000003086, 0.6350000000000000089 ) ) ;
#1184 = ADVANCED_FACE ( 'NONE', ( #721 ), #1569, .F. ) ;
#1185 = VERTEX_POINT ( 'NONE', #715 ) ;
#1186 = CARTESIAN_POINT ( 'NONE',  ( 0.000000000000000000, 0.000000000000000000, 0.1349999999999999534 ) ) ;
#1187 = LINE ( 'NONE', #182, #100 ) ;
#1188 = ADVANCED_FACE ( 'NONE', ( #1343 ), #863, .F. ) ;
#1189 = DIRECTION ( 'NONE',  ( 0.000000000000000000, -1.000000000000000000, 0.000000000000000000 ) ) ;
#1190 = EDGE_LOOP ( 'NONE', ( #867, #925, #326, #1079 ) ) ;
#1191 = EDGE_LOOP ( 'NONE', ( #1112, #1416, #107, #1257, #1570 ) ) ;
#1192 = VECTOR ( 'NONE', #97, 100.0000000000000000 ) ;
#1193 = DIRECTION ( 'NONE',  ( 0.000000000000000000, 0.000000000000000000, -1.000000000000000000 ) ) ;
#1194 = CARTESIAN_POINT ( 'NONE',  ( 1.199999999999999956, -0.7679571668975722076, 0.6350000000000000089 ) ) ;
#1195 = ADVANCED_FACE ( 'NONE', ( #132 ), #1583, .F. ) ;
#1196 = ORIENTED_EDGE ( 'NONE', *, *, #105, .F. ) ;
#1197 = CARTESIAN_POINT ( 'NONE',  ( -2.000000000000000000, -1.500000000000000888, 0.3175000000000000044 ) ) ;
#1198 = VERTEX_POINT ( 'NONE', #487 ) ;
#1199 = DIRECTION ( 'NONE',  ( -0.000000000000000000, 0.000000000000000000, 1.000000000000000000 ) ) ;
#1200 = CARTESIAN_POINT ( 'NONE',  ( 1.500000000000000666, -2.000000000000000000, 0.000000000000000000 ) ) ;
#1201 = VECTOR ( 'NONE', #1376, 100.0000000000000000 ) ;
#1202 = EDGE_CURVE ( 'NONE', #387, #1320, #468, .T. ) ;
#1203 = VERTEX_POINT ( 'NONE', #1214 ) ;
#1204 = FACE_OUTER_BOUND ( 'NONE', #1554, .T. ) ;
#1205 = VERTEX_POINT ( 'NONE', #126 ) ;
#1206 = FACE_OUTER_BOUND ( 'NONE', #204, .T. ) ;
#1207 = PRODUCT_CONTEXT ( 'NONE', #647, 'mechanical' ) ;
#1208 = CARTESIAN_POINT ( 'NONE',  ( 1.365000000000002212, -2.000000000000000000, 0.000000000000000000 ) ) ;
#1209 = VERTEX_POINT ( 'NONE', #972 ) ;
#1210 = CYLINDRICAL_SURFACE ( 'NONE', #1393, 2.500000000000000000 ) ;
#1211 = EDGE_LOOP ( 'NONE', ( #1058, #1060, #708, #1437 ) ) ;
#1212 = ADVANCED_FACE ( 'NONE', ( #1354 ), #966, .F. ) ;
#1213 = DIRECTION ( 'NONE',  ( 4.818676322157798361E-16, 1.000000000000000000, 0.000000000000000000 ) ) ;
#1214 = CARTESIAN_POINT ( 'NONE',  ( 2.000000000000001776, -1.365000000000000213, 0.3175000000000000044 ) ) ;
#1215 = ORIENTED_EDGE ( 'NONE', *, *, #235, .T. ) ;
#1216 = VECTOR ( 'NONE', #832, 100.0000000000000142 ) ;
#1217 = ORIENTED_EDGE ( 'NONE', *, *, #1165, .F. ) ;
#1218 = CARTESIAN_POINT ( 'NONE',  ( -1.499999999999999334, -2.000000000000000888, 0.3175000000000000044 ) ) ;
#1219 = ORIENTED_EDGE ( 'NONE', *, *, #482, .F. ) ;
#1220 = LINE ( 'NONE', #575, #1056 ) ;
#1221 = EDGE_CURVE ( 'NONE', #526, #88, #988, .T. ) ;
#1222 = VECTOR ( 'NONE', #1032, 100.0000000000000000 ) ;
#1223 = DIRECTION ( 'NONE',  ( -1.000000000000000000, -3.067291018426574134E-16, 0.000000000000000000 ) ) ;
#1224 = ORIENTED_EDGE ( 'NONE', *, *, #1536, .T. ) ;
#1225 = VECTOR ( 'NONE', #388, 100.0000000000000000 ) ;
#1226 = ORIENTED_EDGE ( 'NONE', *, *, #758, .T. ) ;
#1227 = CARTESIAN_POINT ( 'NONE',  ( 2.000000000000000444, -0.4099999999999999201, 0.1349999999999999534 ) ) ;
#1228 = EDGE_LOOP ( 'NONE', ( #1235, #542, #1349, #56 ) ) ;
#1229 = LINE ( 'NONE', #1260, #1171 ) ;
#1230 = EDGE_CURVE ( 'NONE', #670, #516, #245, .T. ) ;
#1231 = LINE ( 'NONE', #1144, #1052 ) ;
#1232 = DIRECTION ( 'NONE',  ( -0.8660254037844362651, 0.5000000000000042188, 0.000000000000000000 ) ) ;
#1233 = VERTEX_POINT ( 'NONE', #1448 ) ;
#1234 = EDGE_CURVE ( 'NONE', #1533, #66, #740, .T. ) ;
#1235 = ORIENTED_EDGE ( 'NONE', *, *, #335, .T. ) ;
#1236 = DIRECTION ( 'NONE',  ( -1.000000000000000000, -2.312964634635742957E-16, 0.000000000000000000 ) ) ;
#1237 = ORIENTED_EDGE ( 'NONE', *, *, #79, .T. ) ;
#1238 = DIRECTION ( 'NONE',  ( 0.000000000000000000, 0.000000000000000000, -1.000000000000000000 ) ) ;
#1239 = FACE_OUTER_BOUND ( 'NONE', #811, .T. ) ;
#1240 = PLANE ( 'NONE',  #115 ) ;
#1241 = EDGE_CURVE ( 'NONE', #317, #1420, #481, .T. ) ;
#1242 = ORIENTED_EDGE ( 'NONE', *, *, #3, .F. ) ;
#1243 = DIRECTION ( 'NONE',  ( -0.5000000000000042188, 0.8660254037844362651, -0.000000000000000000 ) ) ;
#1244 = ORIENTED_EDGE ( 'NONE', *, *, #488, .T. ) ;
#1245 = FACE_OUTER_BOUND ( 'NONE', #1572, .T. ) ;
#1246 = VECTOR ( 'NONE', #502, 100.0000000000000000 ) ;
#1247 = DIRECTION ( 'NONE',  ( -0.5000000000000045519, 0.8660254037844360431, 0.000000000000000000 ) ) ;
#1248 = CARTESIAN_POINT ( 'NONE',  ( -2.000000000000000444, 0.4099999999999997535, 0.1349999999999999534 ) ) ;
#1249 = EDGE_CURVE ( 'NONE', #922, #782, #981, .T. ) ;
#1250 = VERTEX_POINT ( 'NONE', #730 ) ;
#1251 = LINE ( 'NONE', #128, #1278 ) ;
#1252 = ORIENTED_EDGE ( 'NONE', *, *, #162, .T. ) ;
#1253 = AXIS2_PLACEMENT_3D ( 'NONE', #1053, #692, #535 ) ;
#1254 = CARTESIAN_POINT ( 'NONE',  ( -0.4099999999999997535, -2.000000000000000444, 0.1349999999999999534 ) ) ;
#1255 = CARTESIAN_POINT ( 'NONE',  ( 1.499999999999999778, 2.000000000000000444, 0.000000000000000000 ) ) ;
#1256 = LINE ( 'NONE', #10, #1549 ) ;
#1257 = ORIENTED_EDGE ( 'NONE', *, *, #935, .T. ) ;
#1258 = CARTESIAN_POINT ( 'NONE',  ( 0.7679571668975722076, 1.199999999999999956, 0.6350000000000000089 ) ) ;
#1259 = VERTEX_POINT ( 'NONE', #1105 ) ;
#1260 = CARTESIAN_POINT ( 'NONE',  ( -2.000000000000000444, 0.4099999999999996980, 0.1349999999999999534 ) ) ;
#1261 = EDGE_CURVE ( 'NONE', #207, #370, #706, .T. ) ;
#1262 = CARTESIAN_POINT ( 'NONE',  ( 0.000000000000000000, 0.000000000000000000, 0.6350000000000000089 ) ) ;
#1263 = CARTESIAN_POINT ( 'NONE',  ( 16.63499999999999801, -1.364999999999998437, 0.6350000000000000089 ) ) ;
#1264 = CARTESIAN_POINT ( 'NONE',  ( -1.364999999999998215, 2.000000000000001776, 0.6350000000000000089 ) ) ;
#1265 = DIRECTION ( 'NONE',  ( -1.000000000000000000, -6.816202263170164742E-17, 0.000000000000000000 ) ) ;
#1266 = ORIENTED_EDGE ( 'NONE', *, *, #888, .T. ) ;
#1267 = LINE ( 'NONE', #813, #750 ) ;
#1268 = ORIENTED_EDGE ( 'NONE', *, *, #1063, .F. ) ;
#1269 = DIRECTION ( 'NONE',  ( 3.067291018426574134E-16, -1.000000000000000000, 0.000000000000000000 ) ) ;
#1270 = FACE_OUTER_BOUND ( 'NONE', #1525, .T. ) ;
#1271 = VECTOR ( 'NONE', #365, 100.0000000000000000 ) ;
#1272 = LINE ( 'NONE', #175, #1100 ) ;
#1273 = DIRECTION ( 'NONE',  ( 0.000000000000000000, 0.000000000000000000, -1.000000000000000000 ) ) ;
#1274 = ORIENTED_EDGE ( 'NONE', *, *, #1427, .F. ) ;
#1275 = CARTESIAN_POINT ( 'NONE',  ( 1.500000000000000666, -2.000000000000000000, 0.000000000000000000 ) ) ;
#1276 = VECTOR ( 'NONE', #512, 100.0000000000000000 ) ;
#1277 = ORIENTED_EDGE ( 'NONE', *, *, #63, .F. ) ;
#1278 = VECTOR ( 'NONE', #1485, 100.0000000000000000 ) ;
#1279 = ADVANCED_FACE ( 'NONE', ( #959 ), #337, .F. ) ;
#1280 = CARTESIAN_POINT ( 'NONE',  ( 1.500000000000000666, -2.000000000000000000, 0.3175000000000000044 ) ) ;
#1281 = DIRECTION ( 'NONE',  ( 0.000000000000000000, -1.000000000000000000, 0.000000000000000000 ) ) ;
#1282 = EDGE_CURVE ( 'NONE', #873, #299, #626, .T. ) ;
#1283 = DIRECTION ( 'NONE',  ( -4.818676322157799347E-16, -1.000000000000000000, 0.000000000000000000 ) ) ;
#1284 = CARTESIAN_POINT ( 'NONE',  ( -1.200000000000000178, 0.7679571668975719856, 0.1349999999999999534 ) ) ;
#1285 = ORIENTED_EDGE ( 'NONE', *, *, #1241, .F. ) ;
#1286 = DIRECTION ( 'NONE',  ( 1.000000000000000000, 0.000000000000000000, 0.000000000000000000 ) ) ;
#1287 = ORIENTED_EDGE ( 'NONE', *, *, #935, .F. ) ;
#1288 = LINE ( 'NONE', #172, #99 ) ;
#1289 = DIRECTION ( 'NONE',  ( -0.000000000000000000, 0.000000000000000000, 1.000000000000000000 ) ) ;
#1290 = CARTESIAN_POINT ( 'NONE',  ( 0.7679571668975722076, 1.199999999999999956, 0.1349999999999999534 ) ) ;
#1291 = ADVANCED_FACE ( 'NONE', ( #1481, #166 ), #1240, .T. ) ;
#1292 = ORIENTED_EDGE ( 'NONE', *, *, #1447, .F. ) ;
#1293 = DIRECTION ( 'NONE',  ( -1.000000000000000000, -2.258880508902365962E-16, 0.000000000000000000 ) ) ;
#1294 = VERTEX_POINT ( 'NONE', #1377 ) ;
#1295 = AXIS2_PLACEMENT_3D ( 'NONE', #1200, #103, #1489 ) ;
#1296 = CARTESIAN_POINT ( 'NONE',  ( -0.4099999999999996980, -1.820000000000000506, 0.1349999999999999534 ) ) ;
#1297 = DIRECTION ( 'NONE',  ( 0.000000000000000000, 0.000000000000000000, 1.000000000000000000 ) ) ;
#1298 = AXIS2_PLACEMENT_3D ( 'NONE', #1487, #494, #258 ) ;
#1299 = ADVANCED_FACE ( 'NONE', ( #775 ), #1029, .F. ) ;
#1300 = ORIENTED_EDGE ( 'NONE', *, *, #627, .T. ) ;
#1301 =( GEOMETRIC_REPRESENTATION_CONTEXT ( 3 ) GLOBAL_UNCERTAINTY_ASSIGNED_CONTEXT ( ( #897 ) ) GLOBAL_UNIT_ASSIGNED_CONTEXT ( ( #1156, #414, #1314 ) ) REPRESENTATION_CONTEXT ( 'NONE', 'WORKASPACE' ) );
#1302 = DIRECTION ( 'NONE',  ( -2.312964634635742957E-16, 1.000000000000000000, 0.000000000000000000 ) ) ;
#1303 = EDGE_LOOP ( 'NONE', ( #2, #133, #1484, #550, #455, #232, #604, #1310, #1374, #1219, #118, #1122 ) ) ;
#1304 = AXIS2_PLACEMENT_3D ( 'NONE', #319, #431, #1425 ) ;
#1305 = LINE ( 'NONE', #68, #764 ) ;
#1306 = CARTESIAN_POINT ( 'NONE',  ( -2.000000000000000444, 0.4099999999999996980, 0.6350000000000000089 ) ) ;
#1307 = AXIS2_PLACEMENT_3D ( 'NONE', #1499, #612, #135 ) ;
#1308 = EDGE_LOOP ( 'NONE', ( #274, #307, #1099, #215 ) ) ;
#1309 = DIRECTION ( 'NONE',  ( 0.000000000000000000, -1.000000000000000000, 0.000000000000000000 ) ) ;
#1310 = ORIENTED_EDGE ( 'NONE', *, *, #1517, .T. ) ;
#1311 = CARTESIAN_POINT ( 'NONE',  ( -1.820000000000000506, -0.4100000000000003086, 0.6350000000000000089 ) ) ;
#1312 = EDGE_CURVE ( 'NONE', #423, #283, #379, .T. ) ;
#1313 = DIRECTION ( 'NONE',  ( 0.000000000000000000, 0.000000000000000000, 1.000000000000000000 ) ) ;
#1314 =( NAMED_UNIT ( * ) SI_UNIT ( $, .STERADIAN. ) SOLID_ANGLE_UNIT ( ) );
#1315 = ORIENTED_EDGE ( 'NONE', *, *, #1496, .F. ) ;
#1316 = ORIENTED_EDGE ( 'NONE', *, *, #1563, .T. ) ;
#1317 = VECTOR ( 'NONE', #780, 100.0000000000000000 ) ;
#1318 = DIRECTION ( 'NONE',  ( 4.818676322157799347E-16, -1.000000000000000000, 0.000000000000000000 ) ) ;
#1319 = DIRECTION ( 'NONE',  ( 3.067291018426574134E-16, -1.000000000000000000, 0.000000000000000000 ) ) ;
#1320 = VERTEX_POINT ( 'NONE', #35 ) ;
#1321 = DIRECTION ( 'NONE',  ( -1.000000000000000000, 0.000000000000000000, 0.000000000000000000 ) ) ;
#1322 = ORIENTED_EDGE ( 'NONE', *, *, #235, .F. ) ;
#1323 = PLANE ( 'NONE',  #709 ) ;
#1324 = EDGE_CURVE ( 'NONE', #1089, #142, #1256, .T. ) ;
#1325 = VECTOR ( 'NONE', #281, 100.0000000000000000 ) ;
#1326 = LINE ( 'NONE', #584, #121 ) ;
#1327 = AXIS2_PLACEMENT_3D ( 'NONE', #1431, #590, #963 ) ;
#1328 = ADVANCED_FACE ( 'NONE', ( #642 ), #1111, .F. ) ;
#1329 = ORIENTED_EDGE ( 'NONE', *, *, #784, .T. ) ;
#1330 = VECTOR ( 'NONE', #522, 100.0000000000000000 ) ;
#1331 = CARTESIAN_POINT ( 'NONE',  ( 3.735172737399427023E-17, 0.3049999999999999933, 0.000000000000000000 ) ) ;
#1332 = ORIENTED_EDGE ( 'NONE', *, *, #321, .T. ) ;
#1333 = CARTESIAN_POINT ( 'NONE',  ( -0.4099999999999999201, 1.820000000000000506, 0.1349999999999999534 ) ) ;
#1334 = DIRECTION ( 'NONE',  ( 1.000000000000000000, 1.817653936845376936E-16, 0.000000000000000000 ) ) ;
#1335 = VERTEX_POINT ( 'NONE', #1248 ) ;
#1336 = ORIENTED_EDGE ( 'NONE', *, *, #174, .F. ) ;
#1337 = ADVANCED_FACE ( 'NONE', ( #767 ), #1495, .F. ) ;
#1338 = LINE ( 'NONE', #492, #664 ) ;
#1339 = ORIENTED_EDGE ( 'NONE', *, *, #1401, .F. ) ;
#1340 = CARTESIAN_POINT ( 'NONE',  ( 1.199999999999999956, -0.7679571668975722076, 0.1349999999999999534 ) ) ;
#1341 = DIRECTION ( 'NONE',  ( -0.5000000000000042188, 0.8660254037844362651, -0.000000000000000000 ) ) ;
#1342 = VECTOR ( 'NONE', #1512, 100.0000000000000000 ) ;
#1343 = FACE_OUTER_BOUND ( 'NONE', #1228, .T. ) ;
#1344 = ORIENTED_EDGE ( 'NONE', *, *, #1582, .T. ) ;
#1345 = VECTOR ( 'NONE', #148, 100.0000000000000000 ) ;
#1346 = ORIENTED_EDGE ( 'NONE', *, *, #1412, .F. ) ;
#1347 = EDGE_CURVE ( 'NONE', #798, #930, #1137, .T. ) ;
#1348 = DIRECTION ( 'NONE',  ( 1.000000000000000000, 1.931257307898213426E-16, 0.000000000000000000 ) ) ;
#1349 = ORIENTED_EDGE ( 'NONE', *, *, #812, .F. ) ;
#1350 = VECTOR ( 'NONE', #894, 100.0000000000000000 ) ;
#1351 = CARTESIAN_POINT ( 'NONE',  ( -1.820000000000000506, 0.4099999999999995870, 0.1349999999999999534 ) ) ;
#1352 = EDGE_CURVE ( 'NONE', #820, #1584, #43, .T. ) ;
#1353 = DIRECTION ( 'NONE',  ( -1.000000000000000000, -4.818676322157799347E-16, 0.000000000000000000 ) ) ;
#1354 = FACE_OUTER_BOUND ( 'NONE', #247, .T. ) ;
#1355 = ORIENTED_EDGE ( 'NONE', *, *, #627, .F. ) ;
#1356 = AXIS2_PLACEMENT_3D ( 'NONE', #413, #546, #306 ) ;
#1357 = AXIS2_PLACEMENT_3D ( 'NONE', #1227, #882, #1366 ) ;
#1358 = ORIENTED_EDGE ( 'NONE', *, *, #1419, .T. ) ;
#1359 = DIRECTION ( 'NONE',  ( 0.000000000000000000, 1.000000000000000000, 0.000000000000000000 ) ) ;
#1360 = ORIENTED_EDGE ( 'NONE', *, *, #1133, .F. ) ;
#1361 = LINE ( 'NONE', #631, #574 ) ;
#1362 = EDGE_CURVE ( 'NONE', #219, #32, #314, .T. ) ;
#1363 = LINE ( 'NONE', #1494, #1201 ) ;
#1364 = CARTESIAN_POINT ( 'NONE',  ( 2.000000000000000444, 1.500000000000000666, 0.000000000000000000 ) ) ;
#1365 = EDGE_LOOP ( 'NONE', ( #696, #534, #1124, #339 ) ) ;
#1366 = DIRECTION ( 'NONE',  ( 1.000000000000000000, -4.818676322157798361E-16, 0.000000000000000000 ) ) ;
#1367 = ORIENTED_EDGE ( 'NONE', *, *, #1478, .T. ) ;
#1368 = CARTESIAN_POINT ( 'NONE',  ( 0.000000000000000000, 0.000000000000000000, 0.3175000000000000044 ) ) ;
#1369 = EDGE_CURVE ( 'NONE', #104, #249, #755, .T. ) ;
#1370 = DIRECTION ( 'NONE',  ( 0.000000000000000000, 1.000000000000000000, 0.000000000000000000 ) ) ;
#1371 = DIRECTION ( 'NONE',  ( 0.8660254037844362651, -0.5000000000000039968, 0.000000000000000000 ) ) ;
#1372 = DIRECTION ( 'NONE',  ( -0.8660254037844360431, -0.5000000000000045519, 0.000000000000000000 ) ) ;
#1373 = LINE ( 'NONE', #603, #1152 ) ;
#1374 = ORIENTED_EDGE ( 'NONE', *, *, #724, .T. ) ;
#1375 = CARTESIAN_POINT ( 'NONE',  ( -0.4100000000000000311, 2.000000000000000444, 0.1349999999999999534 ) ) ;
#1376 = DIRECTION ( 'NONE',  ( -0.000000000000000000, 0.000000000000000000, 1.000000000000000000 ) ) ;
#1377 = CARTESIAN_POINT ( 'NONE',  ( -2.000000000000000444, -0.4100000000000003642, 0.6350000000000000089 ) ) ;
#1378 = MECHANICAL_DESIGN_GEOMETRIC_PRESENTATION_REPRESENTATION (  '', ( #320 ), #1301 ) ;
#1379 = VERTEX_POINT ( 'NONE', #520 ) ;
#1380 = VECTOR ( 'NONE', #804, 100.0000000000000000 ) ;
#1381 = EDGE_CURVE ( 'NONE', #333, #1409, #570, .T. ) ;
#1382 = LINE ( 'NONE', #777, #759 ) ;
#1383 = ORIENTED_EDGE ( 'NONE', *, *, #756, .F. ) ;
#1384 = LINE ( 'NONE', #860, #369 ) ;
#1385 = VERTEX_POINT ( 'NONE', #634 ) ;
#1386 = DIRECTION ( 'NONE',  ( -0.000000000000000000, 0.000000000000000000, 1.000000000000000000 ) ) ;
#1387 = DIRECTION ( 'NONE',  ( 0.000000000000000000, -1.000000000000000000, 0.000000000000000000 ) ) ;
#1388 = DIRECTION ( 'NONE',  ( -0.8660254037844360431, -0.5000000000000045519, 0.000000000000000000 ) ) ;
#1389 = ORIENTED_EDGE ( 'NONE', *, *, #1369, .T. ) ;
#1390 = CARTESIAN_POINT ( 'NONE',  ( 0.4100000000000003086, -2.000000000000000444, 0.1349999999999999534 ) ) ;
#1391 = DIRECTION ( 'NONE',  ( 0.000000000000000000, -1.000000000000000000, 0.000000000000000000 ) ) ;
#1392 = DIRECTION ( 'NONE',  ( 4.818676322157798361E-16, -1.000000000000000000, 0.000000000000000000 ) ) ;
#1393 = AXIS2_PLACEMENT_3D ( 'NONE', #711, #458, #205 ) ;
#1394 = CARTESIAN_POINT ( 'NONE',  ( 2.000000000000000000, 1.500000000000000222, 0.3175000000000000044 ) ) ;
#1395 = CARTESIAN_POINT ( 'NONE',  ( 0.000000000000000000, 0.000000000000000000, 0.6350000000000000089 ) ) ;
#1396 = ORIENTED_EDGE ( 'NONE', *, *, #537, .T. ) ;
#1397 = ADVANCED_FACE ( 'NONE', ( #1270 ), #401, .F. ) ;
#1398 = CARTESIAN_POINT ( 'NONE',  ( -0.4099999999999999201, 1.820000000000000506, 0.1349999999999999534 ) ) ;
#1399 = ORIENTED_EDGE ( 'NONE', *, *, #1234, .T. ) ;
#1400 = DIRECTION ( 'NONE',  ( 0.000000000000000000, 0.000000000000000000, -1.000000000000000000 ) ) ;
#1401 = EDGE_CURVE ( 'NONE', #719, #1519, #89, .T. ) ;
#1402 = LINE ( 'NONE', #817, #950 ) ;
#1403 = DIRECTION ( 'NONE',  ( 1.000000000000000000, 2.385670792109557660E-16, 0.000000000000000000 ) ) ;
#1404 = CARTESIAN_POINT ( 'NONE',  ( 1.500000000000000666, -2.000000000000000000, 0.3175000000000000044 ) ) ;
#1405 = ORIENTED_EDGE ( 'NONE', *, *, #964, .F. ) ;
#1406 = LINE ( 'NONE', #300, #259 ) ;
#1407 = VECTOR ( 'NONE', #181, 100.0000000000000000 ) ;
#1408 = VECTOR ( 'NONE', #672, 100.0000000000000000 ) ;
#1409 = VERTEX_POINT ( 'NONE', #996 ) ;
#1410 = DIRECTION ( 'NONE',  ( -0.000000000000000000, 0.000000000000000000, 1.000000000000000000 ) ) ;
#1411 = DIRECTION ( 'NONE',  ( -1.000000000000000000, -2.312964634635742957E-16, 0.000000000000000000 ) ) ;
#1412 = EDGE_CURVE ( 'NONE', #1458, #249, #280, .T. ) ;
#1413 = CARTESIAN_POINT ( 'NONE',  ( -2.000000000000000000, -1.500000000000000888, 0.000000000000000000 ) ) ;
#1414 = VERTEX_POINT ( 'NONE', #203 ) ;
#1415 = LINE ( 'NONE', #557, #262 ) ;
#1416 = ORIENTED_EDGE ( 'NONE', *, *, #803, .F. ) ;
#1417 = CARTESIAN_POINT ( 'NONE',  ( 2.000000000000000444, -0.4099999999999999201, 0.1349999999999999534 ) ) ;
#1418 = CARTESIAN_POINT ( 'NONE',  ( -0.4099999999999999201, 1.820000000000000506, 0.6350000000000000089 ) ) ;
#1419 = EDGE_CURVE ( 'NONE', #713, #1587, #311, .T. ) ;
#1420 = VERTEX_POINT ( 'NONE', #1170 ) ;
#1421 = DIRECTION ( 'NONE',  ( 3.067291018426574134E-16, -1.000000000000000000, 0.000000000000000000 ) ) ;
#1422 = ORIENTED_EDGE ( 'NONE', *, *, #729, .F. ) ;
#1423 = VECTOR ( 'NONE', #462, 100.0000000000000000 ) ;
#1424 = LINE ( 'NONE', #1280, #1407 ) ;
#1425 = DIRECTION ( 'NONE',  ( 0.000000000000000000, -1.000000000000000000, 0.000000000000000000 ) ) ;
#1426 = ORIENTED_EDGE ( 'NONE', *, *, #155, .T. ) ;
#1427 = EDGE_CURVE ( 'NONE', #434, #973, #1551, .T. ) ;
#1428 = AXIS2_PLACEMENT_3D ( 'NONE', #367, #837, #1462 ) ;
#1429 = CARTESIAN_POINT ( 'NONE',  ( 16.63499999999999801, 1.365000000000001101, 0.3175000000000000044 ) ) ;
#1430 = ORIENTED_EDGE ( 'NONE', *, *, #25, .F. ) ;
#1431 = CARTESIAN_POINT ( 'NONE',  ( 0.000000000000000000, 0.000000000000000000, 0.6350000000000000089 ) ) ;
#1432 = CARTESIAN_POINT ( 'NONE',  ( -1.364999999999998215, 2.000000000000000444, 0.000000000000000000 ) ) ;
#1433 = VECTOR ( 'NONE', #991, 100.0000000000000000 ) ;
#1434 = DIRECTION ( 'NONE',  ( 0.000000000000000000, 0.000000000000000000, -1.000000000000000000 ) ) ;
#1435 = ORIENTED_EDGE ( 'NONE', *, *, #1202, .F. ) ;
#1436 = CARTESIAN_POINT ( 'NONE',  ( 0.4100000000000000311, 2.000000000000000444, 0.1349999999999999534 ) ) ;
#1437 = ORIENTED_EDGE ( 'NONE', *, *, #1069, .T. ) ;
#1438 = CARTESIAN_POINT ( 'NONE',  ( -1.999999999999999778, -1.500000000000000666, 0.3175000000000000044 ) ) ;
#1439 =( NAMED_UNIT ( * ) PLANE_ANGLE_UNIT ( ) SI_UNIT ( $, .RADIAN. ) );
#1440 = CYLINDRICAL_SURFACE ( 'NONE', #552, 0.3049999999999999933 ) ;
#1441 = ORIENTED_EDGE ( 'NONE', *, *, #254, .F. ) ;
#1442 = DIRECTION ( 'NONE',  ( 0.000000000000000000, -1.000000000000000000, 0.000000000000000000 ) ) ;
#1443 = EDGE_CURVE ( 'NONE', #1205, #798, #545, .T. ) ;
#1444 = ORIENTED_EDGE ( 'NONE', *, *, #1464, .F. ) ;
#1445 = VECTOR ( 'NONE', #1421, 100.0000000000000000 ) ;
#1446 = DIRECTION ( 'NONE',  ( -0.5000000000000042188, -0.8660254037844362651, 0.000000000000000000 ) ) ;
#1447 = EDGE_CURVE ( 'NONE', #1500, #58, #1154, .T. ) ;
#1448 = CARTESIAN_POINT ( 'NONE',  ( -0.4099999999999997535, -2.000000000000000444, 0.6350000000000000089 ) ) ;
#1449 = ORIENTED_EDGE ( 'NONE', *, *, #1054, .F. ) ;
#1450 = FACE_OUTER_BOUND ( 'NONE', #28, .T. ) ;
#1451 = EDGE_LOOP ( 'NONE', ( #11, #938, #741, #1556 ) ) ;
#1452 = VECTOR ( 'NONE', #695, 100.0000000000000000 ) ;
#1453 = DIRECTION ( 'NONE',  ( 0.5000000000000039968, 0.8660254037844362651, 0.000000000000000000 ) ) ;
#1454 = AXIS2_PLACEMENT_3D ( 'NONE', #920, #45, #1403 ) ;
#1455 = VECTOR ( 'NONE', #157, 100.0000000000000000 ) ;
#1456 = ORIENTED_EDGE ( 'NONE', *, *, #1381, .T. ) ;
#1457 = EDGE_CURVE ( 'NONE', #789, #630, #553, .T. ) ;
#1458 = VERTEX_POINT ( 'NONE', #918 ) ;
#1459 = CARTESIAN_POINT ( 'NONE',  ( 2.000000000000000444, -1.499999999999999334, 0.3175000000000000044 ) ) ;
#1460 = ORIENTED_EDGE ( 'NONE', *, *, #1466, .T. ) ;
#1461 = CARTESIAN_POINT ( 'NONE',  ( 0.4100000000000000311, 2.000000000000000444, 0.1349999999999999534 ) ) ;
#1462 = DIRECTION ( 'NONE',  ( 4.818676322157798361E-16, -1.000000000000000000, 0.000000000000000000 ) ) ;
#1463 = ORIENTED_EDGE ( 'NONE', *, *, #758, .F. ) ;
#1464 = EDGE_CURVE ( 'NONE', #1584, #1587, #294, .T. ) ;
#1465 = DIRECTION ( 'NONE',  ( 0.000000000000000000, -1.000000000000000000, 0.000000000000000000 ) ) ;
#1466 = EDGE_CURVE ( 'NONE', #1320, #713, #694, .T. ) ;
#1467 = CARTESIAN_POINT ( 'NONE',  ( 0.000000000000000000, 0.000000000000000000, 0.000000000000000000 ) ) ;
#1468 = ORIENTED_EDGE ( 'NONE', *, *, #705, .T. ) ;
#1469 = DIRECTION ( 'NONE',  ( 0.000000000000000000, 0.000000000000000000, 1.000000000000000000 ) ) ;
#1470 = CARTESIAN_POINT ( 'NONE',  ( 0.4100000000000001976, -1.820000000000000506, 0.1349999999999999534 ) ) ;
#1471 = DIRECTION ( 'NONE',  ( -0.000000000000000000, 0.000000000000000000, 1.000000000000000000 ) ) ;
#1472 = ORIENTED_EDGE ( 'NONE', *, *, #1019, .F. ) ;
#1473 = VECTOR ( 'NONE', #906, 100.0000000000000000 ) ;
#1474 = ORIENTED_EDGE ( 'NONE', *, *, #956, .F. ) ;
#1475 = DIRECTION ( 'NONE',  ( 1.000000000000000000, 2.385670792109557660E-16, 0.000000000000000000 ) ) ;
#1476 = ORIENTED_EDGE ( 'NONE', *, *, #877, .F. ) ;
#1477 = AXIS2_PLACEMENT_3D ( 'NONE', #737, #993, #1479 ) ;
#1478 = EDGE_CURVE ( 'NONE', #58, #357, #1187, .T. ) ;
#1479 = DIRECTION ( 'NONE',  ( 1.000000000000000000, 1.931257307898213426E-16, 0.000000000000000000 ) ) ;
#1480 = CARTESIAN_POINT ( 'NONE',  ( 0.4099999999999999201, 1.820000000000000506, 0.6350000000000000089 ) ) ;
#1481 = FACE_OUTER_BOUND ( 'NONE', #442, .T. ) ;
#1482 = VECTOR ( 'NONE', #671, 100.0000000000000000 ) ;
#1483 = PRODUCT_DEFINITION_FORMATION_WITH_SPECIFIED_SOURCE ( 'ANY', '', #742, .NOT_KNOWN. ) ;
#1484 = ORIENTED_EDGE ( 'NONE', *, *, #803, .T. ) ;
#1485 = DIRECTION ( 'NONE',  ( -4.818676322157799347E-16, -1.000000000000000000, 0.000000000000000000 ) ) ;
#1486 = ORIENTED_EDGE ( 'NONE', *, *, #942, .T. ) ;
#1487 = CARTESIAN_POINT ( 'NONE',  ( 0.000000000000000000, 0.000000000000000000, 0.3175000000000000044 ) ) ;
#1488 = CARTESIAN_POINT ( 'NONE',  ( 0.000000000000000000, 0.000000000000000000, 0.1349999999999999534 ) ) ;
#1489 = DIRECTION ( 'NONE',  ( -1.000000000000000000, -2.312964634635742957E-16, 0.000000000000000000 ) ) ;
#1490 = ORIENTED_EDGE ( 'NONE', *, *, #795, .T. ) ;
#1491 = FACE_OUTER_BOUND ( 'NONE', #395, .T. ) ;
#1492 = ORIENTED_EDGE ( 'NONE', *, *, #21, .T. ) ;
#1493 = DIRECTION ( 'NONE',  ( -0.000000000000000000, 0.000000000000000000, 1.000000000000000000 ) ) ;
#1494 = CARTESIAN_POINT ( 'NONE',  ( -1.364999999999998215, 1.364999999999999991, 0.3175000000000000044 ) ) ;
#1495 = PLANE ( 'NONE',  #595 ) ;
#1496 = EDGE_CURVE ( 'NONE', #778, #1086, #46, .T. ) ;
#1497 = ORIENTED_EDGE ( 'NONE', *, *, #285, .T. ) ;
#1498 = VECTOR ( 'NONE', #1232, 100.0000000000000142 ) ;
#1499 = CARTESIAN_POINT ( 'NONE',  ( 16.63499999999999801, -1.364999999999998437, 0.3175000000000000044 ) ) ;
#1500 = VERTEX_POINT ( 'NONE', #947 ) ;
#1501 = DIRECTION ( 'NONE',  ( -0.000000000000000000, 0.000000000000000000, 1.000000000000000000 ) ) ;
#1502 = CARTESIAN_POINT ( 'NONE',  ( 2.000000000000001776, 1.364999999999998437, 0.6350000000000000089 ) ) ;
#1503 = CARTESIAN_POINT ( 'NONE',  ( 0.000000000000000000, 0.000000000000000000, 0.000000000000000000 ) ) ;
#1504 = VECTOR ( 'NONE', #168, 100.0000000000000000 ) ;
#1505 = EDGE_CURVE ( 'NONE', #346, #14, #60, .T. ) ;
#1506 = CARTESIAN_POINT ( 'NONE',  ( -1.199999999999999956, -0.7679571668975725407, 0.6350000000000000089 ) ) ;
#1507 = CARTESIAN_POINT ( 'NONE',  ( 1.500000000000000444, -1.999999999999999778, 0.3175000000000000044 ) ) ;
#1508 = AXIS2_PLACEMENT_3D ( 'NONE', #874, #362, #637 ) ;
#1509 = EDGE_LOOP ( 'NONE', ( #23, #1048, #734, #1196 ) ) ;
#1510 = DIRECTION ( 'NONE',  ( -0.000000000000000000, 0.000000000000000000, 1.000000000000000000 ) ) ;
#1511 = CARTESIAN_POINT ( 'NONE',  ( 1.499999999999999778, 2.000000000000000444, 0.000000000000000000 ) ) ;
#1512 = DIRECTION ( 'NONE',  ( -1.000000000000000000, -1.136033710528360955E-16, 0.000000000000000000 ) ) ;
#1513 = ADVANCED_FACE ( 'NONE', ( #927 ), #1179, .F. ) ;
#1514 = DIRECTION ( 'NONE',  ( -2.312964634635742957E-16, 1.000000000000000000, 0.000000000000000000 ) ) ;
#1515 = FACE_OUTER_BOUND ( 'NONE', #483, .T. ) ;
#1516 = ORIENTED_EDGE ( 'NONE', *, *, #1249, .T. ) ;
#1517 = EDGE_CURVE ( 'NONE', #1259, #88, #802, .T. ) ;
#1518 = CARTESIAN_POINT ( 'NONE',  ( -1.500000000000000222, 2.000000000000000444, 0.6350000000000000089 ) ) ;
#1519 = VERTEX_POINT ( 'NONE', #934 ) ;
#1520 = PLANE ( 'NONE',  #176 ) ;
#1521 = CARTESIAN_POINT ( 'NONE',  ( -2.000000000000000444, 0.4099999999999996980, 0.1349999999999999534 ) ) ;
#1522 = VECTOR ( 'NONE', #90, 100.0000000000000142 ) ;
#1523 = LINE ( 'NONE', #1023, #635 ) ;
#1524 = FACE_OUTER_BOUND ( 'NONE', #463, .T. ) ;
#1525 = EDGE_LOOP ( 'NONE', ( #1486, #864, #722, #30 ) ) ;
#1526 = DIRECTION ( 'NONE',  ( -1.000000000000000000, 4.818676322157799347E-16, -0.000000000000000000 ) ) ;
#1527 = EDGE_CURVE ( 'NONE', #593, #19, #1402, .T. ) ;
#1528 = ORIENTED_EDGE ( 'NONE', *, *, #406, .F. ) ;
#1529 = VECTOR ( 'NONE', #1193, 100.0000000000000000 ) ;
#1530 = LINE ( 'NONE', #1417, #433 ) ;
#1531 = DIRECTION ( 'NONE',  ( 0.5000000000000045519, -0.8660254037844360431, 0.000000000000000000 ) ) ;
#1532 = PLANE ( 'NONE',  #1356 ) ;
#1533 = VERTEX_POINT ( 'NONE', #1418 ) ;
#1534 = LINE ( 'NONE', #914, #451 ) ;
#1535 = VECTOR ( 'NONE', #1391, 100.0000000000000000 ) ;
#1536 = EDGE_CURVE ( 'NONE', #1108, #848, #710, .T. ) ;
#1537 = ORIENTED_EDGE ( 'NONE', *, *, #795, .F. ) ;
#1538 = DIRECTION ( 'NONE',  ( 0.000000000000000000, 1.000000000000000000, 0.000000000000000000 ) ) ;
#1539 = DIRECTION ( 'NONE',  ( 1.000000000000000000, 4.818676322157799347E-16, 0.000000000000000000 ) ) ;
#1540 = VERTEX_POINT ( 'NONE', #561 ) ;
#1541 = CARTESIAN_POINT ( 'NONE',  ( -1.364999999999999991, -2.000000000000001776, 0.3175000000000000044 ) ) ;
#1542 = VERTEX_POINT ( 'NONE', #1062 ) ;
#1543 = CARTESIAN_POINT ( 'NONE',  ( 0.000000000000000000, 0.000000000000000000, 0.3175000000000000044 ) ) ;
#1544 = FACE_OUTER_BOUND ( 'NONE', #1064, .T. ) ;
#1545 = ADVANCED_FACE ( 'NONE', ( #1544 ), #444, .F. ) ;
#1546 = ORIENTED_EDGE ( 'NONE', *, *, #25, .T. ) ;
#1547 = DIRECTION ( 'NONE',  ( -0.000000000000000000, 0.000000000000000000, 1.000000000000000000 ) ) ;
#1548 = VERTEX_POINT ( 'NONE', #1306 ) ;
#1549 = VECTOR ( 'NONE', #909, 100.0000000000000000 ) ;
#1550 = DIRECTION ( 'NONE',  ( 1.000000000000000000, -4.818676322157799347E-16, 0.000000000000000000 ) ) ;
#1551 = LINE ( 'NONE', #1037, #506 ) ;
#1552 = LINE ( 'NONE', #1404, #890 ) ;
#1553 = AXIS2_PLACEMENT_3D ( 'NONE', #1398, #676, #179 ) ;
#1554 = EDGE_LOOP ( 'NONE', ( #1066, #1389, #96, #1435 ) ) ;
#1555 = PLANE ( 'NONE',  #543 ) ;
#1556 = ORIENTED_EDGE ( 'NONE', *, *, #674, .T. ) ;
#1557 = VECTOR ( 'NONE', #216, 100.0000000000000000 ) ;
#1558 = AXIS2_PLACEMENT_3D ( 'NONE', #824, #1313, #1281 ) ;
#1559 = CARTESIAN_POINT ( 'NONE',  ( 0.7679571668975722076, 1.199999999999999956, 0.1349999999999999534 ) ) ;
#1560 = CARTESIAN_POINT ( 'NONE',  ( -16.63499999999999801, -1.364999999999999103, 0.3175000000000000044 ) ) ;
#1561 = VECTOR ( 'NONE', #1236, 100.0000000000000000 ) ;
#1562 = CARTESIAN_POINT ( 'NONE',  ( -1.365000000000000213, -2.000000000000000888, 0.000000000000000000 ) ) ;
#1563 = EDGE_CURVE ( 'NONE', #134, #630, #504, .T. ) ;
#1564 = ORIENTED_EDGE ( 'NONE', *, *, #756, .T. ) ;
#1565 = DIRECTION ( 'NONE',  ( 0.000000000000000000, 0.000000000000000000, 1.000000000000000000 ) ) ;
#1566 = ORIENTED_EDGE ( 'NONE', *, *, #384, .F. ) ;
#1567 = EDGE_CURVE ( 'NONE', #1013, #346, #662, .T. ) ;
#1568 = DIRECTION ( 'NONE',  ( 0.000000000000000000, -1.000000000000000000, 0.000000000000000000 ) ) ;
#1569 = PLANE ( 'NONE',  #1428 ) ;
#1570 = ORIENTED_EDGE ( 'NONE', *, *, #33, .F. ) ;
#1571 = CARTESIAN_POINT ( 'NONE',  ( 1.820000000000000506, -0.4099999999999998646, 0.1349999999999999534 ) ) ;
#1572 = EDGE_LOOP ( 'NONE', ( #1287, #539, #1072, #1355 ) ) ;
#1573 = PLANE ( 'NONE',  #841 ) ;
#1574 = ADVANCED_FACE ( 'NONE', ( #958 ), #102, .F. ) ;
#1575 = VECTOR ( 'NONE', #217, 100.0000000000000000 ) ;
#1576 = DIRECTION ( 'NONE',  ( 0.000000000000000000, 0.000000000000000000, 1.000000000000000000 ) ) ;
#1577 = ORIENTED_EDGE ( 'NONE', *, *, #1419, .F. ) ;
#1578 = CARTESIAN_POINT ( 'NONE',  ( -0.4100000000000000311, 2.000000000000000444, 0.6350000000000000089 ) ) ;
#1579 = ORIENTED_EDGE ( 'NONE', *, *, #569, .F. ) ;
#1580 = AXIS2_PLACEMENT_3D ( 'NONE', #37, #1434, #568 ) ;
#1581 = CARTESIAN_POINT ( 'NONE',  ( 1.365000000000002212, -1.999999999999999112, 0.3175000000000000044 ) ) ;
#1582 = EDGE_CURVE ( 'NONE', #978, #207, #467, .T. ) ;
#1583 = PLANE ( 'NONE',  #1091 ) ;
#1584 = VERTEX_POINT ( 'NONE', #1470 ) ;
#1585 = AXIS2_PLACEMENT_3D ( 'NONE', #538, #432, #776 ) ;
#1586 = CARTESIAN_POINT ( 'NONE',  ( -0.4099999999999996980, -1.820000000000000506, 0.6350000000000000089 ) ) ;
#1587 = VERTEX_POINT ( 'NONE', #1084 ) ;
#1588 = LINE ( 'NONE', #1351, #1246 ) ;
#1589 = DIRECTION ( 'NONE',  ( 0.000000000000000000, -1.000000000000000000, 0.000000000000000000 ) ) ;
ENDSEC;
END-ISO-10303-21;
