ISO-10303-21;
HEADER;
FILE_DESCRIPTION (( 'STEP AP214' ),
    '1' );
FILE_NAME ('ramp-middle-frame_61.STEP',
    '2026-06-17T01:45:57',
    ( '' ),
    ( '' ),
    'SwSTEP 2.0',
    'SolidWorks 2023',
    '' );
FILE_SCHEMA (( 'AUTOMOTIVE_DESIGN' ));
ENDSEC;

DATA;
#1 = ORIENTED_EDGE ( 'NONE', *, *, #2013, .T. ) ;
#2 = DIRECTION ( 'NONE',  ( 0.2302529551604794444, 0.000000000000000000, -0.9731308116794300522 ) ) ;
#3 = ORIENTED_EDGE ( 'NONE', *, *, #1594, .F. ) ;
#4 = CARTESIAN_POINT ( 'NONE',  ( 19.95341666818141846, -2.294999999999990159, 0.000000000000000000 ) ) ;
#5 = CARTESIAN_POINT ( 'NONE',  ( 17.99000000000000199, -16.98999999999999844, 0.000000000000000000 ) ) ;
#6 = LINE ( 'NONE', #1351, #425 ) ;
#7 = LINE ( 'NONE', #1819, #1111 ) ;
#8 = EDGE_CURVE ( 'NONE', #488, #1264, #1151, .T. ) ;
#9 = VERTEX_POINT ( 'NONE', #821 ) ;
#10 = DIRECTION ( 'NONE',  ( 0.000000000000000000, 1.000000000000000000, 0.000000000000000000 ) ) ;
#11 = ORIENTED_EDGE ( 'NONE', *, *, #1063, .F. ) ;
#12 = EDGE_CURVE ( 'NONE', #2108, #1020, #526, .T. ) ;
#13 = ADVANCED_FACE ( 'NONE', ( #1313 ), #1813, .F. ) ;
#14 = ORIENTED_EDGE ( 'NONE', *, *, #169, .T. ) ;
#15 = FACE_BOUND ( 'NONE', #428, .T. ) ;
#16 = VECTOR ( 'NONE', #734, 100.0000000000000000 ) ;
#17 = CARTESIAN_POINT ( 'NONE',  ( 19.55917818706374334, -17.23499999999997101, 4.627906674036525558 ) ) ;
#18 = VECTOR ( 'NONE', #750, 100.0000000000000000 ) ;
#19 = FACE_OUTER_BOUND ( 'NONE', #309, .T. ) ;
#20 = DIRECTION ( 'NONE',  ( 0.000000000000000000, -1.000000000000000000, 0.000000000000000000 ) ) ;
#21 = CARTESIAN_POINT ( 'NONE',  ( 19.63228350032719405, -1.964999999999972324, 4.318937641328306043 ) ) ;
#22 = DIRECTION ( 'NONE',  ( -0.7071067811865587860, -1.327886044218368798E-16, -0.7071067811865362485 ) ) ;
#23 = AXIS2_PLACEMENT_3D ( 'NONE', #2010, #1365, #518 ) ;
#24 = VERTEX_POINT ( 'NONE', #17 ) ;
#25 = CARTESIAN_POINT ( 'NONE',  ( 17.10999999999999943, -15.99000000000000199, 12.63499999999999979 ) ) ;
#26 = EDGE_LOOP ( 'NONE', ( #1198, #586, #1308, #1743 ) ) ;
#27 = EDGE_LOOP ( 'NONE', ( #275, #135, #88, #389 ) ) ;
#28 = CARTESIAN_POINT ( 'NONE',  ( 27.31522859293286132, -0.5999999999999949818, 6.463069536923349290 ) ) ;
#29 = VERTEX_POINT ( 'NONE', #665 ) ;
#30 = FACE_BOUND ( 'NONE', #756, .T. ) ;
#31 = CARTESIAN_POINT ( 'NONE',  ( 26.45106922260379889, -19.21000000000003638, 6.250000000000048850 ) ) ;
#32 =( BOUNDED_CURVE ( )  B_SPLINE_CURVE ( 3, ( #1476, #1016, #373, #33 ),
 .UNSPECIFIED., .F., .F. ) 
 B_SPLINE_CURVE_WITH_KNOTS ( ( 4, 4 ),
 ( 4.938697601239184110, 8.080290254828975449 ),
 .UNSPECIFIED. ) 
 CURVE ( )  GEOMETRIC_REPRESENTATION_ITEM ( )  RATIONAL_B_SPLINE_CURVE ( ( 1.000000000000000000, 0.3333333333333339810, 0.3333333333333339810, 1.000000000000000000 ) ) 
 REPRESENTATION_ITEM ( '' )  );
#33 = CARTESIAN_POINT ( 'NONE',  ( 28.13681823286975359, -0.5999999999999949818, 5.640000000000008562 ) ) ;
#34 = ORIENTED_EDGE ( 'NONE', *, *, #740, .F. ) ;
#35 = DIRECTION ( 'NONE',  ( -0.9731308116794299412, 0.000000000000000000, -0.2302529551604796110 ) ) ;
#36 = ORIENTED_EDGE ( 'NONE', *, *, #516, .F. ) ;
#37 = ORIENTED_EDGE ( 'NONE', *, *, #12, .T. ) ;
#38 = PLANE ( 'NONE',  #331 ) ;
#39 = DIRECTION ( 'NONE',  ( -0.5773502691896363892, -0.5773502691896363892, -0.5773502691896044148 ) ) ;
#40 = EDGE_CURVE ( 'NONE', #1647, #173, #503, .T. ) ;
#41 = DIRECTION ( 'NONE',  ( 0.000000000000000000, 0.3420201433256678802, -0.9396926207859087610 ) ) ;
#42 = EDGE_CURVE ( 'NONE', #1110, #263, #1184, .T. ) ;
#43 = FACE_OUTER_BOUND ( 'NONE', #449, .T. ) ;
#44 = CARTESIAN_POINT ( 'NONE',  ( 29.34277855753429876, -0.5999999999999949818, -5.971391253287538170 ) ) ;
#45 = DIRECTION ( 'NONE',  ( 0.9731308116794300522, -3.746890197038171534E-16, 0.2302529551604794722 ) ) ;
#46 = ORIENTED_EDGE ( 'NONE', *, *, #1153, .F. ) ;
#47 = DIRECTION ( 'NONE',  ( -0.7071067811865279218, -0.000000000000000000, -0.7071067811865671127 ) ) ;
#48 = VECTOR ( 'NONE', #336, 100.0000000000000000 ) ;
#49 = DIRECTION ( 'NONE',  ( -0.2302529551604794444, 0.000000000000000000, 0.9731308116794299412 ) ) ;
#50 = VECTOR ( 'NONE', #1998, 100.0000000000000000 ) ;
#51 = ADVANCED_FACE ( 'NONE', ( #1664, #1650, #1984, #492 ), #1994, .F. ) ;
#52 = CARTESIAN_POINT ( 'NONE',  ( 29.82256724313568697, -17.98999999999999488, 5.029999999999993143 ) ) ;
#53 = CARTESIAN_POINT ( 'NONE',  ( 18.09000000000000341, -3.209999999999987974, 4.280283707865170761 ) ) ;
#54 = VECTOR ( 'NONE', #1220, 100.0000000000000000 ) ;
#55 = VECTOR ( 'NONE', #1272, 100.0000000000000142 ) ;
#56 = CARTESIAN_POINT ( 'NONE',  ( 34.96999999999999886, -15.87000000000000099, 0.000000000000000000 ) ) ;
#57 = AXIS2_PLACEMENT_3D ( 'NONE', #313, #154, #1474 ) ;
#58 = ORIENTED_EDGE ( 'NONE', *, *, #1665, .F. ) ;
#59 = VECTOR ( 'NONE', #1565, 100.0000000000000000 ) ;
#60 = CARTESIAN_POINT ( 'NONE',  ( 18.08999999999999986, -2.209999999999989750, 4.280283707865168097 ) ) ;
#61 = CYLINDRICAL_SURFACE ( 'NONE', #1135, 0.3050000000000159250 ) ;
#62 = LINE ( 'NONE', #411, #1658 ) ;
#63 = DIRECTION ( 'NONE',  ( -1.000000000000000000, 0.000000000000000000, 0.000000000000000000 ) ) ;
#64 = DIRECTION ( 'NONE',  ( -1.000000000000000000, 0.000000000000000000, -8.673617379884035472E-17 ) ) ;
#65 = CARTESIAN_POINT ( 'NONE',  ( 17.10999999999999588, -3.209999999999987974, 12.63499999999999979 ) ) ;
#66 = ORIENTED_EDGE ( 'NONE', *, *, #1023, .F. ) ;
#67 = ADVANCED_FACE ( 'NONE', ( #349 ), #1840, .T. ) ;
#68 = LINE ( 'NONE', #969, #1732 ) ;
#69 = LINE ( 'NONE', #1379, #1651 ) ;
#70 = ORIENTED_EDGE ( 'NONE', *, *, #83, .F. ) ;
#71 = CARTESIAN_POINT ( 'NONE',  ( 35.07000000000000028, -19.19999999999999929, 6.240000000000012648 ) ) ;
#72 = ORIENTED_EDGE ( 'NONE', *, *, #804, .T. ) ;
#73 = DIRECTION ( 'NONE',  ( 0.7071067811865514585, 0.000000000000000000, -0.7071067811865437980 ) ) ;
#74 = DIRECTION ( 'NONE',  ( 0.000000000000000000, 0.000000000000000000, -1.000000000000000000 ) ) ;
#75 = FACE_OUTER_BOUND ( 'NONE', #931, .T. ) ;
#76 = EDGE_CURVE ( 'NONE', #2052, #1659, #918, .T. ) ;
#77 = VERTEX_POINT ( 'NONE', #696 ) ;
#78 = ADVANCED_FACE ( 'NONE', ( #164 ), #812, .T. ) ;
#79 = DIRECTION ( 'NONE',  ( 0.000000000000000000, -0.3420201433256678802, -0.9396926207859087610 ) ) ;
#80 = CARTESIAN_POINT ( 'NONE',  ( 36.09000000000000341, -15.97000000000000064, 12.63499999999999979 ) ) ;
#81 = EDGE_CURVE ( 'NONE', #1264, #770, #1693, .T. ) ;
#82 = CARTESIAN_POINT ( 'NONE',  ( 18.08999999999999986, -2.209999999999989750, 12.63499999999999979 ) ) ;
#83 = EDGE_CURVE ( 'NONE', #1934, #1824, #1855, .T. ) ;
#84 = ORIENTED_EDGE ( 'NONE', *, *, #1244, .T. ) ;
#85 = CARTESIAN_POINT ( 'NONE',  ( 29.19572448707572221, -17.98999999999999488, 5.029999999999993143 ) ) ;
#86 = FACE_OUTER_BOUND ( 'NONE', #2021, .T. ) ;
#87 = DIRECTION ( 'NONE',  ( 0.000000000000000000, -1.000000000000000000, 0.000000000000000000 ) ) ;
#88 = ORIENTED_EDGE ( 'NONE', *, *, #105, .F. ) ;
#89 = VECTOR ( 'NONE', #1237, 100.0000000000000000 ) ;
#90 = LINE ( 'NONE', #1306, #799 ) ;
#91 = DIRECTION ( 'NONE',  ( 1.000000000000000000, 0.000000000000000000, 0.000000000000000000 ) ) ;
#92 = ORIENTED_EDGE ( 'NONE', *, *, #585, .F. ) ;
#93 = EDGE_CURVE ( 'NONE', #541, #1387, #724, .T. ) ;
#94 = CYLINDRICAL_SURFACE ( 'NONE', #1040, 0.3050000000000159250 ) ;
#95 = CARTESIAN_POINT ( 'NONE',  ( 18.08999999999999986, -2.209999999999989750, 12.63499999999999979 ) ) ;
#96 = CARTESIAN_POINT ( 'NONE',  ( 36.09000000000000341, -3.229999999999985771, 0.09999999999999453770 ) ) ;
#97 = ORIENTED_EDGE ( 'NONE', *, *, #1660, .F. ) ;
#98 = CARTESIAN_POINT ( 'NONE',  ( 35.07000000000000028, 1.665334536937734811E-14, 8.297929775280900699 ) ) ;
#99 = EDGE_LOOP ( 'NONE', ( #487, #857, #590, #37 ) ) ;
#100 = CARTESIAN_POINT ( 'NONE',  ( 19.63228350032719405, -17.23499999999997101, 4.318937641328306043 ) ) ;
#101 = EDGE_CURVE ( 'NONE', #1698, #1965, #707, .T. ) ;
#102 = VERTEX_POINT ( 'NONE', #1193 ) ;
#103 = LINE ( 'NONE', #1271, #18 ) ;
#104 = CARTESIAN_POINT ( 'NONE',  ( 34.17085782681789397, -19.19999999999999929, 0.000000000000000000 ) ) ;
#105 = EDGE_CURVE ( 'NONE', #777, #130, #880, .T. ) ;
#106 = FACE_OUTER_BOUND ( 'NONE', #844, .T. ) ;
#107 = ORIENTED_EDGE ( 'NONE', *, *, #1545, .F. ) ;
#108 = EDGE_LOOP ( 'NONE', ( #1459, #1421, #794, #1323 ) ) ;
#109 = CARTESIAN_POINT ( 'NONE',  ( 0.000000000000000000, -19.19999999999999929, 6.240000000000012648 ) ) ;
#110 = ORIENTED_EDGE ( 'NONE', *, *, #961, .F. ) ;
#111 = FACE_OUTER_BOUND ( 'NONE', #1736, .T. ) ;
#112 = LINE ( 'NONE', #966, #1042 ) ;
#113 = AXIS2_PLACEMENT_3D ( 'NONE', #1355, #355, #10 ) ;
#114 = ADVANCED_FACE ( 'NONE', ( #553 ), #61, .F. ) ;
#115 = ORIENTED_EDGE ( 'NONE', *, *, #963, .T. ) ;
#116 = DIRECTION ( 'NONE',  ( 0.000000000000000000, -1.000000000000000000, 0.000000000000000000 ) ) ;
#117 = ORIENTED_EDGE ( 'NONE', *, *, #1730, .T. ) ;
#118 = AXIS2_PLACEMENT_3D ( 'NONE', #1472, #2, #246 ) ;
#119 = VERTEX_POINT ( 'NONE', #1537 ) ;
#120 = CARTESIAN_POINT ( 'NONE',  ( 17.10999999999999588, -3.209999999999987974, 12.63499999999999979 ) ) ;
#121 = AXIS2_PLACEMENT_3D ( 'NONE', #502, #1615, #150 ) ;
#122 = ORIENTED_EDGE ( 'NONE', *, *, #1212, .T. ) ;
#123 = VECTOR ( 'NONE', #1531, 100.0000000000000142 ) ;
#124 = CARTESIAN_POINT ( 'NONE',  ( 17.10999999999999588, -3.109999999999987885, 0.000000000000000000 ) ) ;
#125 = CARTESIAN_POINT ( 'NONE',  ( 19.21000000000000085, -17.08999999999999986, 0.000000000000000000 ) ) ;
#126 = ORIENTED_EDGE ( 'NONE', *, *, #1377, .F. ) ;
#127 = EDGE_CURVE ( 'NONE', #2052, #345, #69, .T. ) ;
#128 = ORIENTED_EDGE ( 'NONE', *, *, #804, .F. ) ;
#129 = CARTESIAN_POINT ( 'NONE',  ( 34.17085782681789397, -2.294999999999990159, 0.000000000000000000 ) ) ;
#130 = VERTEX_POINT ( 'NONE', #384 ) ;
#131 = CARTESIAN_POINT ( 'NONE',  ( 18.08999999999999986, -3.209999999999987974, 12.63499999999999979 ) ) ;
#132 = LINE ( 'NONE', #294, #1284 ) ;
#133 = DIRECTION ( 'NONE',  ( -0.5773502691896136296, 0.5773502691896319483, 0.5773502691896319483 ) ) ;
#134 = EDGE_LOOP ( 'NONE', ( #810, #1914, #1947, #511 ) ) ;
#135 = ORIENTED_EDGE ( 'NONE', *, *, #741, .T. ) ;
#136 = EDGE_CURVE ( 'NONE', #786, #878, #1713, .T. ) ;
#137 = DIRECTION ( 'NONE',  ( 0.5773502691896257311, 0.5773502691896257311, 0.5773502691896257311 ) ) ;
#138 = EDGE_CURVE ( 'NONE', #1934, #1907, #867, .T. ) ;
#139 = ORIENTED_EDGE ( 'NONE', *, *, #262, .F. ) ;
#140 = CARTESIAN_POINT ( 'NONE',  ( 28.13681823286975359, -18.60000000000000497, 5.640000000000008562 ) ) ;
#141 = CARTESIAN_POINT ( 'NONE',  ( 27.90883838805734385, -0.5999999999999949818, 6.603523839571251663 ) ) ;
#142 = CARTESIAN_POINT ( 'NONE',  ( 19.63228350032719405, -1.964999999999972324, 4.318937641328306043 ) ) ;
#143 = CARTESIAN_POINT ( 'NONE',  ( 29.04597365997205571, -18.60000000000000497, -6.041618404611488025 ) ) ;
#144 = EDGE_LOOP ( 'NONE', ( #1636, #1656, #97 ) ) ;
#145 = VECTOR ( 'NONE', #1017, 100.0000000000000000 ) ;
#146 = VERTEX_POINT ( 'NONE', #543 ) ;
#147 = AXIS2_PLACEMENT_3D ( 'NONE', #1735, #1374, #1542 ) ;
#148 = VERTEX_POINT ( 'NONE', #1706 ) ;
#149 = VECTOR ( 'NONE', #1232, 100.0000000000000142 ) ;
#150 = DIRECTION ( 'NONE',  ( 1.000000000000000000, 0.000000000000000000, 0.000000000000000000 ) ) ;
#151 = VECTOR ( 'NONE', #1749, 100.0000000000000142 ) ;
#152 = ORIENTED_EDGE ( 'NONE', *, *, #939, .T. ) ;
#153 = VECTOR ( 'NONE', #1325, 100.0000000000000000 ) ;
#154 = DIRECTION ( 'NONE',  ( -0.2302529551604794444, 0.000000000000000000, 0.9731308116794300522 ) ) ;
#155 = CARTESIAN_POINT ( 'NONE',  ( 29.82256724313568697, -1.210000000000006626, 5.029999999999990479 ) ) ;
#156 = VECTOR ( 'NONE', #1711, 100.0000000000000000 ) ;
#157 = EDGE_CURVE ( 'NONE', #308, #864, #1066, .T. ) ;
#158 = FACE_BOUND ( 'NONE', #1888, .T. ) ;
#159 = CARTESIAN_POINT ( 'NONE',  ( 27.50997547680976041, -0.5999999999999949818, 5.640000000000007674 ) ) ;
#160 = ORIENTED_EDGE ( 'NONE', *, *, #934, .F. ) ;
#161 = ORIENTED_EDGE ( 'NONE', *, *, #989, .F. ) ;
#162 = VERTEX_POINT ( 'NONE', #1876 ) ;
#163 = DIRECTION ( 'NONE',  ( 1.000000000000000000, 0.000000000000000000, 0.000000000000000000 ) ) ;
#164 = FACE_OUTER_BOUND ( 'NONE', #797, .T. ) ;
#165 = EDGE_CURVE ( 'NONE', #1166, #1264, #410, .T. ) ;
#166 = FACE_OUTER_BOUND ( 'NONE', #1037, .T. ) ;
#167 = PLANE ( 'NONE',  #1724 ) ;
#168 = CARTESIAN_POINT ( 'NONE',  ( 17.99000000000000199, -17.08999999999999986, 0.000000000000000000 ) ) ;
#169 = EDGE_CURVE ( 'NONE', #1907, #808, #1682, .T. ) ;
#170 = ORIENTED_EDGE ( 'NONE', *, *, #321, .T. ) ;
#171 = CARTESIAN_POINT ( 'NONE',  ( 28.77492481045201700, -0.6000000000000005329, 6.808448969664071981 ) ) ;
#172 = ORIENTED_EDGE ( 'NONE', *, *, #1660, .T. ) ;
#173 = VERTEX_POINT ( 'NONE', #531 ) ;
#174 = DIRECTION ( 'NONE',  ( 0.000000000000000000, 0.000000000000000000, -1.000000000000000000 ) ) ;
#175 = ORIENTED_EDGE ( 'NONE', *, *, #1974, .T. ) ;
#176 = DIRECTION ( 'NONE',  ( -0.9731308116794299412, 0.000000000000000000, -0.2302529551604793612 ) ) ;
#177 = CARTESIAN_POINT ( 'NONE',  ( 34.17085782681789397, -2.294999999999990159, 7.758916791425877868 ) ) ;
#178 =( BOUNDED_CURVE ( )  B_SPLINE_CURVE ( 3, ( #264, #52, #85, #1048 ),
 .UNSPECIFIED., .F., .F. ) 
 B_SPLINE_CURVE_WITH_KNOTS ( ( 4, 4 ),
 ( 1.797104947649392326, 4.938697601239184998 ),
 .UNSPECIFIED. ) 
 CURVE ( )  GEOMETRIC_REPRESENTATION_ITEM ( )  RATIONAL_B_SPLINE_CURVE ( ( 1.000000000000000000, 0.3333333333333335369, 0.3333333333333335369, 1.000000000000000000 ) ) 
 REPRESENTATION_ITEM ( '' )  );
#179 = DIRECTION ( 'NONE',  ( -0.2302529551604794444, 0.000000000000000000, 0.9731308116794299412 ) ) ;
#180 = ORIENTED_EDGE ( 'NONE', *, *, #1147, .F. ) ;
#181 = CARTESIAN_POINT ( 'NONE',  ( 17.21000000000000085, -16.08999999999999986, 0.000000000000000000 ) ) ;
#182 = ORIENTED_EDGE ( 'NONE', *, *, #1641, .F. ) ;
#183 = VECTOR ( 'NONE', #1200, 100.0000000000000000 ) ;
#184 = EDGE_CURVE ( 'NONE', #9, #1808, #1645, .T. ) ;
#185 = ORIENTED_EDGE ( 'NONE', *, *, #2043, .T. ) ;
#186 = CARTESIAN_POINT ( 'NONE',  ( 29.05139209007197110, -18.60000000000000142, 5.640000000000005009 ) ) ;
#187 = ORIENTED_EDGE ( 'NONE', *, *, #271, .F. ) ;
#188 = DIRECTION ( 'NONE',  ( -1.394752543498940254E-15, -1.000000000000000000, 0.000000000000000000 ) ) ;
#189 = CARTESIAN_POINT ( 'NONE',  ( 36.09000000000000341, -3.229999999999985771, 0.09999999999999453770 ) ) ;
#190 = VECTOR ( 'NONE', #751, 100.0000000000000000 ) ;
#191 = VERTEX_POINT ( 'NONE', #171 ) ;
#192 = DIRECTION ( 'NONE',  ( 0.5773502691896363892, 0.5773502691896363892, -0.5773502691896044148 ) ) ;
#193 = EDGE_CURVE ( 'NONE', #800, #960, #1490, .T. ) ;
#194 = VERTEX_POINT ( 'NONE', #181 ) ;
#195 = ORIENTED_EDGE ( 'NONE', *, *, #1822, .F. ) ;
#196 = CARTESIAN_POINT ( 'NONE',  ( 0.000000000000000000, -19.19999999999999929, 0.000000000000000000 ) ) ;
#197 = VERTEX_POINT ( 'NONE', #1178 ) ;
#198 = EDGE_CURVE ( 'NONE', #162, #1552, #1167, .T. ) ;
#199 = DIRECTION ( 'NONE',  ( 1.000000000000000000, 0.000000000000000000, 0.000000000000000000 ) ) ;
#200 = FACE_OUTER_BOUND ( 'NONE', #1032, .T. ) ;
#201 = CARTESIAN_POINT ( 'NONE',  ( 17.20999999999998664, -1.319999999999998952, 1.246908773888054450E-14 ) ) ;
#202 = ORIENTED_EDGE ( 'NONE', *, *, #995, .T. ) ;
#203 = CARTESIAN_POINT ( 'NONE',  ( 34.17085782681789397, -16.90499999999999403, 0.000000000000000000 ) ) ;
#204 = DIRECTION ( 'NONE',  ( 0.000000000000000000, -0.7071067811865279218, -0.7071067811865671127 ) ) ;
#205 = EDGE_CURVE ( 'NONE', #1416, #286, #997, .T. ) ;
#206 = DIRECTION ( 'NONE',  ( 1.000000000000000000, 0.000000000000000000, 0.000000000000000000 ) ) ;
#207 = CARTESIAN_POINT ( 'NONE',  ( 17.21000000000000085, -1.319999999999998952, 0.000000000000000000 ) ) ;
#208 = LINE ( 'NONE', #689, #1458 ) ;
#209 = CARTESIAN_POINT ( 'NONE',  ( 19.95341666818141846, -2.294999999999990159, 4.394921116531270933 ) ) ;
#210 = ORIENTED_EDGE ( 'NONE', *, *, #1646, .T. ) ;
#211 = PLANE ( 'NONE',  #1013 ) ;
#212 = CARTESIAN_POINT ( 'NONE',  ( 18.08999999999999986, -2.109999999999989662, 0.000000000000000000 ) ) ;
#213 = VECTOR ( 'NONE', #2007, 100.0000000000000000 ) ;
#214 = AXIS2_PLACEMENT_3D ( 'NONE', #823, #655, #496 ) ;
#215 = DIRECTION ( 'NONE',  ( -0.2302529551604794444, 0.000000000000000000, 0.9731308116794299412 ) ) ;
#216 = VECTOR ( 'NONE', #1280, 100.0000000000000000 ) ;
#217 = VECTOR ( 'NONE', #803, 100.0000000000000000 ) ;
#218 = CARTESIAN_POINT ( 'NONE',  ( 18.08999999999999986, -3.209999999999987974, 0.1000000000000000888 ) ) ;
#219 = CARTESIAN_POINT ( 'NONE',  ( 17.99000000000000199, -2.109999999999989662, 0.000000000000000000 ) ) ;
#220 = AXIS2_PLACEMENT_3D ( 'NONE', #944, #1909, #1098 ) ;
#221 = CARTESIAN_POINT ( 'NONE',  ( 19.11000000000000298, -16.98999999999999844, 12.63499999999999979 ) ) ;
#222 = AXIS2_PLACEMENT_3D ( 'NONE', #421, #1268, #1913 ) ;
#223 = EDGE_LOOP ( 'NONE', ( #736, #1680, #1765, #1112, #1747, #1092, #500 ) ) ;
#224 = VECTOR ( 'NONE', #1298, 100.0000000000000142 ) ;
#225 = CARTESIAN_POINT ( 'NONE',  ( 17.99000000000000199, -19.19999999999999929, 0.000000000000000000 ) ) ;
#226 = DIRECTION ( 'NONE',  ( -0.9731308116794301633, 0.000000000000000000, -0.2302529551604787506 ) ) ;
#227 = ORIENTED_EDGE ( 'NONE', *, *, #1764, .T. ) ;
#228 = EDGE_CURVE ( 'NONE', #2023, #422, #1189, .T. ) ;
#229 = DIRECTION ( 'NONE',  ( 1.000000000000000000, 0.000000000000000000, 0.000000000000000000 ) ) ;
#230 = PLANE ( 'NONE',  #1494 ) ;
#231 = EDGE_CURVE ( 'NONE', #1019, #999, #1834, .T. ) ;
#232 = CARTESIAN_POINT ( 'NONE',  ( 24.12666666666621751, 8.733333333333789028, 12.06333333333310875 ) ) ;
#233 = ADVANCED_FACE ( 'NONE', ( #845 ), #682, .T. ) ;
#234 = EDGE_LOOP ( 'NONE', ( #1450, #599, #2106, #996 ) ) ;
#235 = ADVANCED_FACE ( 'NONE', ( #1333 ), #1980, .T. ) ;
#236 = CARTESIAN_POINT ( 'NONE',  ( 26.11289126055131860, -1.210000000000023945, 5.029999999999970939 ) ) ;
#237 = DIRECTION ( 'NONE',  ( -0.2302529551604794722, 0.000000000000000000, 0.9731308116794300522 ) ) ;
#238 = ORIENTED_EDGE ( 'NONE', *, *, #2077, .T. ) ;
#239 = LINE ( 'NONE', #1675, #1694 ) ;
#240 = ORIENTED_EDGE ( 'NONE', *, *, #1882, .T. ) ;
#241 = CARTESIAN_POINT ( 'NONE',  ( 19.10999999999999943, -2.209999999999989750, 12.63499999999999979 ) ) ;
#242 = CARTESIAN_POINT ( 'NONE',  ( 35.07000000000000028, -19.20000000000000284, 12.63499999999999979 ) ) ;
#243 = ORIENTED_EDGE ( 'NONE', *, *, #299, .F. ) ;
#244 = FACE_OUTER_BOUND ( 'NONE', #26, .T. ) ;
#245 = ORIENTED_EDGE ( 'NONE', *, *, #783, .T. ) ;
#246 = DIRECTION ( 'NONE',  ( -0.9731308116794302743, 0.000000000000000000, -0.2302529551604782787 ) ) ;
#247 = CARTESIAN_POINT ( 'NONE',  ( 17.11000000000000298, -17.98000000000000398, 0.3747477419454832703 ) ) ;
#248 = ORIENTED_EDGE ( 'NONE', *, *, #1728, .F. ) ;
#249 = DIRECTION ( 'NONE',  ( -0.9731308116794301633, 0.000000000000000000, -0.2302529551604787506 ) ) ;
#250 = CARTESIAN_POINT ( 'NONE',  ( 17.10999999999999943, -1.219999999999987761, 0.3747477419454636749 ) ) ;
#251 = PRESENTATION_LAYER_ASSIGNMENT (  '', '', ( #2062 ) ) ;
#252 = VECTOR ( 'NONE', #1548, 100.0000000000000000 ) ;
#253 = DIRECTION ( 'NONE',  ( -0.9731308116794301633, 0.000000000000000000, -0.2302529551604787506 ) ) ;
#254 = ORIENTED_EDGE ( 'NONE', *, *, #722, .F. ) ;
#255 = AXIS2_PLACEMENT_3D ( 'NONE', #902, #2008, #388 ) ;
#256 = EDGE_CURVE ( 'NONE', #960, #1596, #790, .T. ) ;
#257 = DIRECTION ( 'NONE',  ( -0.9731308116794301633, 0.000000000000000000, -0.2302529551604787506 ) ) ;
#258 = AXIS2_PLACEMENT_3D ( 'NONE', #486, #1399, #1140 ) ;
#259 = ORIENTED_EDGE ( 'NONE', *, *, #1356, .T. ) ;
#260 =( BOUNDED_CURVE ( )  B_SPLINE_CURVE ( 3, ( #1528, #859, #1515, #738 ),
 .UNSPECIFIED., .F., .F. ) 
 B_SPLINE_CURVE_WITH_KNOTS ( ( 4, 4 ),
 ( 4.938697601239184998, 8.080290254828979002 ),
 .UNSPECIFIED. ) 
 CURVE ( )  GEOMETRIC_REPRESENTATION_ITEM ( )  RATIONAL_B_SPLINE_CURVE ( ( 1.000000000000000000, 0.3333333333333330373, 0.3333333333333330373, 1.000000000000000000 ) ) 
 REPRESENTATION_ITEM ( '' )  );
#261 = DIRECTION ( 'NONE',  ( -1.394752543498940254E-15, -1.000000000000000000, 0.000000000000000000 ) ) ;
#262 = EDGE_CURVE ( 'NONE', #1786, #2108, #1635, .T. ) ;
#263 = VERTEX_POINT ( 'NONE', #1319 ) ;
#264 = CARTESIAN_POINT ( 'NONE',  ( 29.67823484613193941, -18.60000000000000142, 5.640000000000005009 ) ) ;
#265 = PLANE ( 'NONE',  #666 ) ;
#266 = CARTESIAN_POINT ( 'NONE',  ( 19.95341666818141846, -16.90499999999999403, 0.000000000000000000 ) ) ;
#267 = VERTEX_POINT ( 'NONE', #1990 ) ;
#268 = ORIENTED_EDGE ( 'NONE', *, *, #1463, .T. ) ;
#269 = LINE ( 'NONE', #100, #327 ) ;
#270 = EDGE_LOOP ( 'NONE', ( #1991, #172, #1437, #1288, #670, #1471, #1972, #749, #332, #1936, #438, #1504, #651, #1846, #240, #1989, #1480, #1470, #630, #1606, #446, #2113, #573, #1072 ) ) ;
#271 = EDGE_CURVE ( 'NONE', #1894, #1707, #366, .T. ) ;
#272 = PLANE ( 'NONE',  #869 ) ;
#273 = FACE_OUTER_BOUND ( 'NONE', #223, .T. ) ;
#274 =( LENGTH_UNIT ( ) NAMED_UNIT ( * ) SI_UNIT ( .CENTI., .METRE. ) );
#275 = ORIENTED_EDGE ( 'NONE', *, *, #1903, .T. ) ;
#276 = UNCERTAINTY_MEASURE_WITH_UNIT (LENGTH_MEASURE( 1.000000000000000082E-05 ), #274, 'distance_accuracy_value', 'NONE');
#277 = ORIENTED_EDGE ( 'NONE', *, *, #328, .F. ) ;
#278 = CARTESIAN_POINT ( 'NONE',  ( 29.05139209007197110, -18.60000000000000142, 5.640000000000005009 ) ) ;
#279 = ORIENTED_EDGE ( 'NONE', *, *, #860, .T. ) ;
#280 = EDGE_CURVE ( 'NONE', #77, #768, #1679, .T. ) ;
#281 = FACE_OUTER_BOUND ( 'NONE', #554, .T. ) ;
#282 = CARTESIAN_POINT ( 'NONE',  ( 28.74916876240981622, -0.5999999999999949818, -6.111845555935437879 ) ) ;
#283 = VECTOR ( 'NONE', #1369, 100.0000000000000000 ) ;
#284 = CYLINDRICAL_SURFACE ( 'NONE', #1388, 0.3050000000000044897 ) ;
#285 = ADVANCED_FACE ( 'NONE', ( #854 ), #863, .F. ) ;
#286 = VERTEX_POINT ( 'NONE', #56 ) ;
#287 = VECTOR ( 'NONE', #1364, 100.0000000000000000 ) ;
#288 = VECTOR ( 'NONE', #137, 100.0000000000000000 ) ;
#289 = ORIENTED_EDGE ( 'NONE', *, *, #1440, .T. ) ;
#290 = CARTESIAN_POINT ( 'NONE',  ( 35.07000000000000028, -1.319999999999998952, 0.09999999999999453770 ) ) ;
#291 = VECTOR ( 'NONE', #455, 100.0000000000000000 ) ;
#292 = VERTEX_POINT ( 'NONE', #1366 ) ;
#293 = CARTESIAN_POINT ( 'NONE',  ( 26.37245745943810959, 0.000000000000000000, 6.240000000000009095 ) ) ;
#294 = CARTESIAN_POINT ( 'NONE',  ( 19.20999999999999730, -2.209999999999989750, 0.000000000000000000 ) ) ;
#295 = DIRECTION ( 'NONE',  ( -0.9731308116794301633, 0.000000000000000000, -0.2302529551604787506 ) ) ;
#296 = ORIENTED_EDGE ( 'NONE', *, *, #1507, .T. ) ;
#297 = EDGE_CURVE ( 'NONE', #1387, #754, #2011, .T. ) ;
#298 = EDGE_CURVE ( 'NONE', #1332, #1629, #985, .T. ) ;
#299 = EDGE_CURVE ( 'NONE', #929, #705, #1242, .T. ) ;
#300 = ORIENTED_EDGE ( 'NONE', *, *, #1281, .T. ) ;
#301 = LINE ( 'NONE', #1766, #395 ) ;
#302 = EDGE_LOOP ( 'NONE', ( #912, #904, #1637, #238 ) ) ;
#303 = LINE ( 'NONE', #1089, #1583 ) ;
#304 = DIRECTION ( 'NONE',  ( -0.000000000000000000, 1.000000000000000000, 0.000000000000000000 ) ) ;
#305 = DIRECTION ( 'NONE',  ( -0.9731308116794301633, 0.000000000000000000, -0.2302529551604787506 ) ) ;
#306 = DIRECTION ( 'NONE',  ( -0.2302529551604794722, 0.000000000000000000, 0.9731308116794300522 ) ) ;
#307 = ORIENTED_EDGE ( 'NONE', *, *, #544, .F. ) ;
#308 = VERTEX_POINT ( 'NONE', #1234 ) ;
#309 = EDGE_LOOP ( 'NONE', ( #356, #479, #826, #1435 ) ) ;
#310 = CARTESIAN_POINT ( 'NONE',  ( 18.09000000000000341, -16.98999999999999844, 12.63499999999999979 ) ) ;
#311 = ORIENTED_EDGE ( 'NONE', *, *, #1906, .F. ) ;
#312 = EDGE_CURVE ( 'NONE', #1573, #1767, #2051, .T. ) ;
#313 = CARTESIAN_POINT ( 'NONE',  ( 26.15233727297595578, -18.60000000000000497, 6.187917255506579117 ) ) ;
#314 = LINE ( 'NONE', #1769, #2064 ) ;
#315 = DIRECTION ( 'NONE',  ( 0.000000000000000000, 1.000000000000000000, 0.000000000000000000 ) ) ;
#316 = CARTESIAN_POINT ( 'NONE',  ( 25.96855886354755683, -18.60000000000000497, 5.640000000000009450 ) ) ;
#317 = ORIENTED_EDGE ( 'NONE', *, *, #761, .F. ) ;
#318 = VECTOR ( 'NONE', #1967, 100.0000000000000000 ) ;
#319 = EDGE_LOOP ( 'NONE', ( #596, #268 ) ) ;
#320 = VECTOR ( 'NONE', #852, 100.0000000000000000 ) ;
#321 = EDGE_CURVE ( 'NONE', #1501, #601, #1081, .T. ) ;
#322 = EDGE_LOOP ( 'NONE', ( #1568, #729, #684, #92 ) ) ;
#323 = AXIS2_PLACEMENT_3D ( 'NONE', #592, #771, #442 ) ;
#324 = LINE ( 'NONE', #976, #597 ) ;
#325 = VECTOR ( 'NONE', #2088, 100.0000000000000000 ) ;
#326 = DIRECTION ( 'NONE',  ( 8.673617379884035472E-17, 0.000000000000000000, -1.000000000000000000 ) ) ;
#327 = VECTOR ( 'NONE', #1086, 100.0000000000000142 ) ;
#328 = EDGE_CURVE ( 'NONE', #601, #770, #1891, .T. ) ;
#329 = LINE ( 'NONE', #644, #458 ) ;
#330 = DIRECTION ( 'NONE',  ( 1.000000000000000000, 0.000000000000000000, 0.000000000000000000 ) ) ;
#331 = AXIS2_PLACEMENT_3D ( 'NONE', #1513, #47, #694 ) ;
#332 = ORIENTED_EDGE ( 'NONE', *, *, #297, .F. ) ;
#333 = PLANE ( 'NONE',  #2060 ) ;
#334 = DIRECTION ( 'NONE',  ( -0.9731308116794299412, 0.000000000000000000, -0.2302529551604793612 ) ) ;
#335 = ORIENTED_EDGE ( 'NONE', *, *, #81, .T. ) ;
#336 = DIRECTION ( 'NONE',  ( -0.7071067811865477948, 0.000000000000000000, 0.7071067811865471286 ) ) ;
#337 = EDGE_LOOP ( 'NONE', ( #835, #1954, #1902, #1321, #1723, #633, #1648 ) ) ;
#338 = VERTEX_POINT ( 'NONE', #711 ) ;
#339 = DIRECTION ( 'NONE',  ( 0.000000000000000000, 1.000000000000000000, 0.000000000000000000 ) ) ;
#340 = ORIENTED_EDGE ( 'NONE', *, *, #939, .F. ) ;
#341 = CARTESIAN_POINT ( 'NONE',  ( 17.11000000000000298, -17.98000000000000043, 0.3747477419454555703 ) ) ;
#342 = ADVANCED_FACE ( 'NONE', ( #1406 ), #1883, .F. ) ;
#343 = FACE_OUTER_BOUND ( 'NONE', #1783, .T. ) ;
#344 = DIRECTION ( 'NONE',  ( 0.000000000000000000, -1.000000000000000000, 0.000000000000000000 ) ) ;
#345 = VERTEX_POINT ( 'NONE', #427 ) ;
#346 = ORIENTED_EDGE ( 'NONE', *, *, #193, .T. ) ;
#347 = EDGE_LOOP ( 'NONE', ( #978, #2061, #627, #1968 ) ) ;
#348 = LINE ( 'NONE', #1000, #1558 ) ;
#349 = FACE_OUTER_BOUND ( 'NONE', #134, .T. ) ;
#350 = LINE ( 'NONE', #528, #833 ) ;
#351 = EDGE_CURVE ( 'NONE', #1547, #148, #1397, .T. ) ;
#352 = DIRECTION ( 'NONE',  ( -1.000000000000000000, -2.832201593431512852E-15, 0.000000000000000000 ) ) ;
#353 = CARTESIAN_POINT ( 'NONE',  ( 17.21000000000000085, -15.99000000000000199, 0.000000000000000000 ) ) ;
#354 = VERTEX_POINT ( 'NONE', #266 ) ;
#355 = DIRECTION ( 'NONE',  ( 1.000000000000000000, 0.000000000000000000, 0.000000000000000000 ) ) ;
#356 = ORIENTED_EDGE ( 'NONE', *, *, #1532, .T. ) ;
#357 = VECTOR ( 'NONE', #1844, 100.0000000000000000 ) ;
#358 = DIRECTION ( 'NONE',  ( 0.000000000000000000, 1.000000000000000000, 0.000000000000000000 ) ) ;
#359 = VECTOR ( 'NONE', #935, 100.0000000000000000 ) ;
#360 = CARTESIAN_POINT ( 'NONE',  ( 0.000000000000000000, -1.219999999999998863, 5.019999999999997797 ) ) ;
#361 = VECTOR ( 'NONE', #2026, 100.0000000000000000 ) ;
#362 = CARTESIAN_POINT ( 'NONE',  ( 36.09000000000000341, -3.229999999999985771, 8.539272471910111406 ) ) ;
#363 = CARTESIAN_POINT ( 'NONE',  ( 23.35333333333333883, -8.473333333333323836, 5.363333333333337727 ) ) ;
#364 = PLANE ( 'NONE',  #632 ) ;
#365 = CIRCLE ( 'NONE', #1082, 0.3050000000000159250 ) ;
#366 = LINE ( 'NONE', #1027, #145 ) ;
#367 = EDGE_CURVE ( 'NONE', #1824, #1707, #396, .T. ) ;
#368 = EDGE_CURVE ( 'NONE', #146, #2023, #1052, .T. ) ;
#369 = EDGE_LOOP ( 'NONE', ( #1418, #346, #940, #1266 ) ) ;
#370 = FACE_OUTER_BOUND ( 'NONE', #725, .T. ) ;
#371 = DIRECTION ( 'NONE',  ( 0.000000000000000000, -1.000000000000000000, 0.000000000000000000 ) ) ;
#372 = CARTESIAN_POINT ( 'NONE',  ( 34.96999999999999886, -17.88000000000000256, 0.000000000000000000 ) ) ;
#373 = CARTESIAN_POINT ( 'NONE',  ( 27.99248583586599182, 0.01000000000003454896, 6.250000000000042633 ) ) ;
#374 = DIRECTION ( 'NONE',  ( -0.2302529551604793612, 0.000000000000000000, 0.9731308116794299412 ) ) ;
#375 = ORIENTED_EDGE ( 'NONE', *, *, #1646, .F. ) ;
#376 = CARTESIAN_POINT ( 'NONE',  ( 34.41888568140865345, -1.964999999999972324, 8.143869299337048062 ) ) ;
#377 = CARTESIAN_POINT ( 'NONE',  ( 12.80666666666693487, -8.513333333333251929, 6.403333333333262267 ) ) ;
#378 = DIRECTION ( 'NONE',  ( 0.000000000000000000, 1.000000000000000000, 0.000000000000000000 ) ) ;
#379 = CARTESIAN_POINT ( 'NONE',  ( 29.04597365997205571, -0.5999999999999949818, -6.041618404611488025 ) ) ;
#380 = CARTESIAN_POINT ( 'NONE',  ( 36.09000000000000341, -3.229999999999985771, 12.63499999999999979 ) ) ;
#381 = FILL_AREA_STYLE_COLOUR ( '', #1754 ) ;
#382 = EDGE_LOOP ( 'NONE', ( #1213, #795 ) ) ;
#383 = DIRECTION ( 'NONE',  ( 1.000000000000000000, 0.000000000000000000, 0.000000000000000000 ) ) ;
#384 = CARTESIAN_POINT ( 'NONE',  ( 36.09000000000000341, -15.97000000000000064, 0.09999999999999453770 ) ) ;
#385 = ADVANCED_FACE ( 'NONE', ( #244 ), #1071, .T. ) ;
#386 = EDGE_LOOP ( 'NONE', ( #521, #1797 ) ) ;
#387 = VECTOR ( 'NONE', #315, 100.0000000000000000 ) ;
#388 = DIRECTION ( 'NONE',  ( 1.000000000000000000, 0.000000000000000000, 0.000000000000000000 ) ) ;
#389 = ORIENTED_EDGE ( 'NONE', *, *, #1676, .T. ) ;
#390 = EDGE_CURVE ( 'NONE', #910, #1552, #919, .T. ) ;
#391 = AXIS2_PLACEMENT_3D ( 'NONE', #1599, #2087, #1262 ) ;
#392 = ADVANCED_FACE ( 'NONE', ( #75 ), #1386, .T. ) ;
#393 = LINE ( 'NONE', #561, #1144 ) ;
#394 = DIRECTION ( 'NONE',  ( -2.002668952402707863E-15, 0.7071067811865262565, -0.7071067811865687780 ) ) ;
#395 = VECTOR ( 'NONE', #1576, 100.0000000000000142 ) ;
#396 = LINE ( 'NONE', #2044, #556 ) ;
#397 = VECTOR ( 'NONE', #1080, 100.0000000000000000 ) ;
#398 = ORIENTED_EDGE ( 'NONE', *, *, #995, .F. ) ;
#399 = VECTOR ( 'NONE', #893, 100.0000000000000000 ) ;
#400 = DIRECTION ( 'NONE',  ( 0.9731308116794299412, 0.000000000000000000, 0.2302529551604793612 ) ) ;
#401 = CARTESIAN_POINT ( 'NONE',  ( 27.36564307980600930, -19.21000000000003638, 6.250000000000045297 ) ) ;
#402 = CARTESIAN_POINT ( 'NONE',  ( 27.61203349049510081, -18.60000000000000497, 6.533296688247299144 ) ) ;
#403 = ORIENTED_EDGE ( 'NONE', *, *, #1443, .F. ) ;
#404 = CARTESIAN_POINT ( 'NONE',  ( 36.09000000000000341, -15.97000000000000064, 0.09999999999999453770 ) ) ;
#405 = PLANE ( 'NONE',  #2069 ) ;
#406 = DIRECTION ( 'NONE',  ( -0.2302529551604794444, 0.000000000000000000, 0.9731308116794299412 ) ) ;
#407 = ADVANCED_FACE ( 'NONE', ( #1036 ), #1722, .F. ) ;
#408 = ORIENTED_EDGE ( 'NONE', *, *, #1803, .F. ) ;
#409 = FACE_OUTER_BOUND ( 'NONE', #1367, .T. ) ;
#410 = LINE ( 'NONE', #534, #213 ) ;
#411 = CARTESIAN_POINT ( 'NONE',  ( 0.000000000000000000, -2.294999999999991491, 0.000000000000000000 ) ) ;
#412 = VERTEX_POINT ( 'NONE', #1563 ) ;
#413 = CARTESIAN_POINT ( 'NONE',  ( 17.10999999999999943, -1.220000000000001528, 0.3747477419454555703 ) ) ;
#414 = FACE_OUTER_BOUND ( 'NONE', #551, .T. ) ;
#415 = ADVANCED_FACE ( 'NONE', ( #106 ), #752, .T. ) ;
#416 = DIRECTION ( 'NONE',  ( -0.9731308116794300522, 0.000000000000000000, -0.2302529551604794722 ) ) ;
#417 = ORIENTED_EDGE ( 'NONE', *, *, #713, .F. ) ;
#418 = EDGE_CURVE ( 'NONE', #878, #900, #1197, .T. ) ;
#419 = MANIFOLD_SOLID_BREP ( 'Middle', #622 ) ;
#420 = LINE ( 'NONE', #1726, #1898 ) ;
#421 = CARTESIAN_POINT ( 'NONE',  ( 0.000000000000000000, -17.98000000000000043, 5.020000000000000462 ) ) ;
#422 = VERTEX_POINT ( 'NONE', #1117 ) ;
#423 = CARTESIAN_POINT ( 'NONE',  ( 19.11000000000000298, -2.209999999999989750, 4.521626404494383245 ) ) ;
#424 = LINE ( 'NONE', #1070, #156 ) ;
#425 = VECTOR ( 'NONE', #815, 100.0000000000000000 ) ;
#426 = VECTOR ( 'NONE', #2018, 100.0000000000000000 ) ;
#427 = CARTESIAN_POINT ( 'NONE',  ( 26.44914217053819883, -18.60000000000000497, 6.258144406830531636 ) ) ;
#428 = EDGE_LOOP ( 'NONE', ( #847, #1864, #34, #160 ) ) ;
#429 = VECTOR ( 'NONE', #1302, 100.0000000000000000 ) ;
#430 = EDGE_CURVE ( 'NONE', #663, #809, #1062, .T. ) ;
#431 = VECTOR ( 'NONE', #1073, 100.0000000000000142 ) ;
#432 = ORIENTED_EDGE ( 'NONE', *, *, #1350, .F. ) ;
#433 = LINE ( 'NONE', #1905, #288 ) ;
#434 = ORIENTED_EDGE ( 'NONE', *, *, #1356, .F. ) ;
#435 = DIRECTION ( 'NONE',  ( -0.9731308116794299412, -0.000000000000000000, -0.2302529551604793612 ) ) ;
#436 = CARTESIAN_POINT ( 'NONE',  ( 29.05139209007197110, -0.6000000000000005329, 5.640000000000002345 ) ) ;
#437 = FACE_OUTER_BOUND ( 'NONE', #1879, .T. ) ;
#438 = ORIENTED_EDGE ( 'NONE', *, *, #2077, .F. ) ;
#439 = ORIENTED_EDGE ( 'NONE', *, *, #1814, .T. ) ;
#440 = CARTESIAN_POINT ( 'NONE',  ( 27.50997547680976041, -18.60000000000000497, 5.640000000000007674 ) ) ;
#441 = ORIENTED_EDGE ( 'NONE', *, *, #1217, .T. ) ;
#442 = DIRECTION ( 'NONE',  ( -1.000000000000000000, 0.000000000000000000, 0.000000000000000000 ) ) ;
#443 = LINE ( 'NONE', #1263, #217 ) ;
#444 = FACE_OUTER_BOUND ( 'NONE', #819, .T. ) ;
#445 = ORIENTED_EDGE ( 'NONE', *, *, #1917, .F. ) ;
#446 = ORIENTED_EDGE ( 'NONE', *, *, #860, .F. ) ;
#447 = LINE ( 'NONE', #1448, #1012 ) ;
#448 = EDGE_CURVE ( 'NONE', #2084, #1786, #2089, .T. ) ;
#449 = EDGE_LOOP ( 'NONE', ( #895, #1046, #1243, #70 ) ) ;
#450 = FACE_OUTER_BOUND ( 'NONE', #942, .T. ) ;
#451 = CARTESIAN_POINT ( 'NONE',  ( 25.85553237541371630, -18.60000000000000497, 6.117690104182629263 ) ) ;
#452 = ADVANCED_FACE ( 'NONE', ( #624 ), #1742, .F. ) ;
#453 = ADVANCED_FACE ( 'NONE', ( #158, #444 ), #637, .F. ) ;
#454 = AXIS2_PLACEMENT_3D ( 'NONE', #1473, #653, #1958 ) ;
#455 = DIRECTION ( 'NONE',  ( 1.000000000000000000, 0.000000000000000000, 0.000000000000000000 ) ) ;
#456 = ORIENTED_EDGE ( 'NONE', *, *, #610, .T. ) ;
#457 = ADVANCED_FACE ( 'NONE', ( #1931 ), #466, .F. ) ;
#458 = VECTOR ( 'NONE', #1304, 100.0000000000000000 ) ;
#459 = VECTOR ( 'NONE', #600, 100.0000000000000000 ) ;
#460 = ORIENTED_EDGE ( 'NONE', *, *, #1377, .T. ) ;
#461 = LINE ( 'NONE', #1649, #1047 ) ;
#462 = VECTOR ( 'NONE', #1209, 100.0000000000000142 ) ;
#463 = ORIENTED_EDGE ( 'NONE', *, *, #2058, .F. ) ;
#464 = PLANE ( 'NONE',  #2000 ) ;
#465 = CARTESIAN_POINT ( 'NONE',  ( 19.95341666818141846, -16.90499999999999403, 4.394921116531270933 ) ) ;
#466 = CYLINDRICAL_SURFACE ( 'NONE', #828, 0.3050000000000159250 ) ;
#467 = CARTESIAN_POINT ( 'NONE',  ( 30.50566987749120429, -18.60000000000000497, -5.696238971870767998 ) ) ;
#468 = ORIENTED_EDGE ( 'NONE', *, *, #1289, .T. ) ;
#469 = EDGE_CURVE ( 'NONE', #267, #929, #2072, .T. ) ;
#470 = VERTEX_POINT ( 'NONE', #2081 ) ;
#471 = VERTEX_POINT ( 'NONE', #142 ) ;
#472 = DIRECTION ( 'NONE',  ( 0.2302529551604794444, 0.000000000000000000, -0.9731308116794300522 ) ) ;
#473 = ORIENTED_EDGE ( 'NONE', *, *, #585, .T. ) ;
#474 = CARTESIAN_POINT ( 'NONE',  ( 27.50997547680976041, -0.5999999999999949818, 5.640000000000007674 ) ) ;
#475 = LINE ( 'NONE', #465, #628 ) ;
#476 =( BOUNDED_CURVE ( )  B_SPLINE_CURVE ( 3, ( #1368, #1021, #236, #568 ),
 .UNSPECIFIED., .F., .F. ) 
 B_SPLINE_CURVE_WITH_KNOTS ( ( 4, 4 ),
 ( 1.797104947649393880, 4.938697601239184110 ),
 .UNSPECIFIED. ) 
 CURVE ( )  GEOMETRIC_REPRESENTATION_ITEM ( )  RATIONAL_B_SPLINE_CURVE ( ( 1.000000000000000000, 0.3333333333333342585, 0.3333333333333342585, 1.000000000000000000 ) ) 
 REPRESENTATION_ITEM ( '' )  );
#477 = DIRECTION ( 'NONE',  ( 0.000000000000000000, 0.7071067811865436870, -0.7071067811865513475 ) ) ;
#478 = EDGE_CURVE ( 'NONE', #194, #422, #791, .T. ) ;
#479 = ORIENTED_EDGE ( 'NONE', *, *, #1283, .F. ) ;
#480 = EDGE_LOOP ( 'NONE', ( #692, #1119, #2115, #317 ) ) ;
#481 = ADVANCED_FACE ( 'NONE', ( #1761 ), #284, .F. ) ;
#482 = ORIENTED_EDGE ( 'NONE', *, *, #328, .T. ) ;
#483 = CARTESIAN_POINT ( 'NONE',  ( 26.73973401661130467, -17.98999999999997712, 5.029999999999977156 ) ) ;
#484 = CARTESIAN_POINT ( 'NONE',  ( 35.07000000000000028, 1.665334536937734811E-14, 12.63499999999999979 ) ) ;
#485 = CARTESIAN_POINT ( 'NONE',  ( 25.82422646654380927, -19.21000000000003638, 6.250000000000048850 ) ) ;
#486 = CARTESIAN_POINT ( 'NONE',  ( 0.000000000000000000, -17.08999999999999986, 0.000000000000000000 ) ) ;
#487 = ORIENTED_EDGE ( 'NONE', *, *, #1147, .T. ) ;
#488 = VERTEX_POINT ( 'NONE', #1466 ) ;
#489 = ORIENTED_EDGE ( 'NONE', *, *, #1532, .F. ) ;
#490 = EDGE_CURVE ( 'NONE', #130, #1416, #595, .T. ) ;
#491 = FACE_BOUND ( 'NONE', #382, .T. ) ;
#492 = FACE_OUTER_BOUND ( 'NONE', #1776, .T. ) ;
#493 = AXIS2_PLACEMENT_3D ( 'NONE', #536, #1024, #206 ) ;
#494 = LINE ( 'NONE', #1497, #697 ) ;
#495 = ADVANCED_FACE ( 'NONE', ( #773 ), #1901, .F. ) ;
#496 = DIRECTION ( 'NONE',  ( -0.9731308116794302743, 0.000000000000000000, -0.2302529551604782787 ) ) ;
#497 = LINE ( 'NONE', #353, #1837 ) ;
#498 = ORIENTED_EDGE ( 'NONE', *, *, #1773, .T. ) ;
#499 = CARTESIAN_POINT ( 'NONE',  ( 34.49199099467208640, -17.23499999999997101, 7.834900266628825882 ) ) ;
#500 = ORIENTED_EDGE ( 'NONE', *, *, #101, .T. ) ;
#501 = ORIENTED_EDGE ( 'NONE', *, *, #448, .T. ) ;
#502 = CARTESIAN_POINT ( 'NONE',  ( 0.000000000000000000, 0.000000000000000000, 0.000000000000000000 ) ) ;
#503 = LINE ( 'NONE', #686, #1827 ) ;
#504 = PLANE ( 'NONE',  #1835 ) ;
#505 = ADVANCED_FACE ( 'NONE', ( #437 ), #1273, .T. ) ;
#506 = DIRECTION ( 'NONE',  ( -1.000000000000000000, 0.000000000000000000, 0.000000000000000000 ) ) ;
#507 = CYLINDRICAL_SURFACE ( 'NONE', #767, 0.3050000000000044897 ) ;
#508 = ORIENTED_EDGE ( 'NONE', *, *, #1478, .F. ) ;
#509 = CARTESIAN_POINT ( 'NONE',  ( 29.07172970801424938, -18.60000000000000142, 6.878676120988018283 ) ) ;
#510 = EDGE_LOOP ( 'NONE', ( #1130, #937, #1318, #1564 ) ) ;
#511 = ORIENTED_EDGE ( 'NONE', *, *, #741, .F. ) ;
#512 = CARTESIAN_POINT ( 'NONE',  ( 36.09000000000000341, -16.96999999999999886, 12.63499999999999979 ) ) ;
#513 = CARTESIAN_POINT ( 'NONE',  ( 18.09000000000000341, -15.99000000000000199, 0.1000000000000000888 ) ) ;
#514 = DIRECTION ( 'NONE',  ( 0.000000000000000000, -1.000000000000000000, 0.000000000000000000 ) ) ;
#515 = CARTESIAN_POINT ( 'NONE',  ( 19.95341666818141846, -2.294999999999990159, 4.394921116531270933 ) ) ;
#516 = EDGE_CURVE ( 'NONE', #1659, #2052, #555, .T. ) ;
#517 = CARTESIAN_POINT ( 'NONE',  ( 18.09000000000000696, -16.98999999999999844, 4.280283707865171650 ) ) ;
#518 = DIRECTION ( 'NONE',  ( 0.000000000000000000, -0.3420201433256678802, 0.9396926207859087610 ) ) ;
#519 = EDGE_CURVE ( 'NONE', #345, #2086, #1553, .T. ) ;
#520 = DIRECTION ( 'NONE',  ( 0.000000000000000000, 0.000000000000000000, -1.000000000000000000 ) ) ;
#521 = ORIENTED_EDGE ( 'NONE', *, *, #1751, .F. ) ;
#522 = AXIS2_PLACEMENT_3D ( 'NONE', #509, #659, #1657 ) ;
#523 = ORIENTED_EDGE ( 'NONE', *, *, #1856, .T. ) ;
#524 = LINE ( 'NONE', #1717, #1256 ) ;
#525 = AXIS2_PLACEMENT_3D ( 'NONE', #2030, #564, #253 ) ;
#526 = LINE ( 'NONE', #1495, #1206 ) ;
#527 = VECTOR ( 'NONE', #435, 100.0000000000000142 ) ;
#528 = CARTESIAN_POINT ( 'NONE',  ( 35.07000000000000028, -17.98000000000000043, 0.3747477419454632308 ) ) ;
#529 = CARTESIAN_POINT ( 'NONE',  ( 36.09000000000000341, -15.97000000000000064, 12.63499999999999979 ) ) ;
#530 = DIRECTION ( 'NONE',  ( 0.9731308116794299412, 0.000000000000000000, 0.2302529551604793612 ) ) ;
#531 = CARTESIAN_POINT ( 'NONE',  ( 37.07000000000000028, -2.229999999999984883, 8.771150749063668428 ) ) ;
#532 = ORIENTED_EDGE ( 'NONE', *, *, #903, .F. ) ;
#533 = DIRECTION ( 'NONE',  ( 8.673617379884035472E-17, 0.000000000000000000, -1.000000000000000000 ) ) ;
#534 = CARTESIAN_POINT ( 'NONE',  ( 34.96999999999999886, -3.229999999999985771, 0.000000000000000000 ) ) ;
#535 = ORIENTED_EDGE ( 'NONE', *, *, #787, .F. ) ;
#536 = CARTESIAN_POINT ( 'NONE',  ( 36.09000000000000341, -16.96999999999999886, 12.63499999999999979 ) ) ;
#537 = CARTESIAN_POINT ( 'NONE',  ( 21.21630391768895052, -1.219999999999998863, 5.019999999999997797 ) ) ;
#538 = LINE ( 'NONE', #994, #876 ) ;
#539 = CARTESIAN_POINT ( 'NONE',  ( 19.11000000000000298, -19.19999999999999929, 4.521626404494382356 ) ) ;
#540 = EDGE_CURVE ( 'NONE', #286, #1503, #1831, .T. ) ;
#541 = VERTEX_POINT ( 'NONE', #517 ) ;
#542 = LINE ( 'NONE', #1536, #938 ) ;
#543 = CARTESIAN_POINT ( 'NONE',  ( 17.11000000000000298, -17.98000000000000043, 4.048405430711610187 ) ) ;
#544 = EDGE_CURVE ( 'NONE', #775, #1028, #1668, .T. ) ;
#545 = ORIENTED_EDGE ( 'NONE', *, *, #992, .F. ) ;
#546 = LINE ( 'NONE', #1401, #1146 ) ;
#547 = ORIENTED_EDGE ( 'NONE', *, *, #713, .T. ) ;
#548 = CARTESIAN_POINT ( 'NONE',  ( 35.07000000000000028, -3.229999999999985771, 12.63499999999999979 ) ) ;
#549 = PLANE ( 'NONE',  #1326 ) ;
#550 = CARTESIAN_POINT ( 'NONE',  ( 25.96855886354756393, -0.5999999999999949818, 5.640000000000006786 ) ) ;
#551 = EDGE_LOOP ( 'NONE', ( #1376, #307, #952, #1992 ) ) ;
#552 = FACE_OUTER_BOUND ( 'NONE', #745, .T. ) ;
#553 = FACE_OUTER_BOUND ( 'NONE', #928, .T. ) ;
#554 = EDGE_LOOP ( 'NONE', ( #1811, #1327, #1836, #398 ) ) ;
#555 =( BOUNDED_CURVE ( )  B_SPLINE_CURVE ( 3, ( #981, #485, #31, #1510 ),
 .UNSPECIFIED., .F., .F. ) 
 B_SPLINE_CURVE_WITH_KNOTS ( ( 4, 4 ),
 ( 4.938697601239183221, 8.080290254828980778 ),
 .UNSPECIFIED. ) 
 CURVE ( )  GEOMETRIC_REPRESENTATION_ITEM ( )  RATIONAL_B_SPLINE_CURVE ( ( 1.000000000000000000, 0.3333333333333318715, 0.3333333333333318715, 1.000000000000000000 ) ) 
 REPRESENTATION_ITEM ( '' )  );
#556 = VECTOR ( 'NONE', #744, 100.0000000000000000 ) ;
#557 = PLANE ( 'NONE',  #493 ) ;
#558 = ORIENTED_EDGE ( 'NONE', *, *, #764, .F. ) ;
#559 = VECTOR ( 'NONE', #176, 100.0000000000000142 ) ;
#560 = EDGE_CURVE ( 'NONE', #1922, #1894, #1632, .T. ) ;
#561 = CARTESIAN_POINT ( 'NONE',  ( 0.000000000000000000, -1.219999999999998863, 5.019999999999997797 ) ) ;
#562 = DIRECTION ( 'NONE',  ( -0.2302529551604794444, 0.000000000000000000, 0.9731308116794299412 ) ) ;
#563 = AXIS2_PLACEMENT_3D ( 'NONE', #120, #1277, #1076 ) ;
#564 = DIRECTION ( 'NONE',  ( -0.2302529551604794722, 0.000000000000000000, 0.9731308116794300522 ) ) ;
#565 = AXIS2_PLACEMENT_3D ( 'NONE', #1807, #853, #530 ) ;
#566 = EDGE_LOOP ( 'NONE', ( #1123, #445, #375, #1393 ) ) ;
#567 = VECTOR ( 'NONE', #621, 100.0000000000000142 ) ;
#568 = CARTESIAN_POINT ( 'NONE',  ( 25.96855886354756393, -0.5999999999999949818, 5.640000000000006786 ) ) ;
#569 = CARTESIAN_POINT ( 'NONE',  ( 28.13681823286975359, -18.60000000000000497, 5.640000000000008562 ) ) ;
#570 = ORIENTED_EDGE ( 'NONE', *, *, #898, .T. ) ;
#571 = CARTESIAN_POINT ( 'NONE',  ( 36.97000000000000597, -16.96999999999999886, 0.000000000000000000 ) ) ;
#572 = EDGE_CURVE ( 'NONE', #809, #267, #646, .T. ) ;
#573 = ORIENTED_EDGE ( 'NONE', *, *, #1353, .F. ) ;
#574 = LINE ( 'NONE', #1239, #426 ) ;
#575 = DIRECTION ( 'NONE',  ( -1.394752543498940254E-15, -1.000000000000000000, 0.000000000000000000 ) ) ;
#576 = CARTESIAN_POINT ( 'NONE',  ( 26.45106922260379534, 0.01000000000003663063, 6.250000000000044409 ) ) ;
#577 = EDGE_LOOP ( 'NONE', ( #1122, #498, #998, #1853 ) ) ;
#578 = DIRECTION ( 'NONE',  ( 0.2302529551604794444, 0.000000000000000000, -0.9731308116794300522 ) ) ;
#579 = PLANE ( 'NONE',  #2032 ) ;
#580 = ORIENTED_EDGE ( 'NONE', *, *, #2100, .F. ) ;
#581 = LINE ( 'NONE', #1700, #1249 ) ;
#582 = CARTESIAN_POINT ( 'NONE',  ( 19.10999999999999943, -2.209999999999989750, 0.1000000000000000888 ) ) ;
#583 = ADVANCED_FACE ( 'NONE', ( #43 ), #167, .T. ) ;
#584 = DIRECTION ( 'NONE',  ( 0.000000000000000000, -1.000000000000000000, 0.000000000000000000 ) ) ;
#585 = EDGE_CURVE ( 'NONE', #1858, #191, #1794, .T. ) ;
#586 = ORIENTED_EDGE ( 'NONE', *, *, #1973, .F. ) ;
#587 = ORIENTED_EDGE ( 'NONE', *, *, #2063, .F. ) ;
#588 = LINE ( 'NONE', #1756, #1926 ) ;
#589 = VECTOR ( 'NONE', #584, 100.0000000000000000 ) ;
#590 = ORIENTED_EDGE ( 'NONE', *, *, #262, .T. ) ;
#591 = VECTOR ( 'NONE', #1809, 100.0000000000000000 ) ;
#592 = CARTESIAN_POINT ( 'NONE',  ( 0.000000000000000000, -16.08999999999999986, 0.000000000000000000 ) ) ;
#593 = LINE ( 'NONE', #1385, #399 ) ;
#594 = AXIS2_PLACEMENT_3D ( 'NONE', #1004, #2111, #352 ) ;
#595 = LINE ( 'NONE', #1255, #359 ) ;
#596 = ORIENTED_EDGE ( 'NONE', *, *, #1436, .T. ) ;
#597 = VECTOR ( 'NONE', #163, 100.0000000000000000 ) ;
#598 = AXIS2_PLACEMENT_3D ( 'NONE', #1854, #723, #1183 ) ;
#599 = ORIENTED_EDGE ( 'NONE', *, *, #922, .F. ) ;
#600 = DIRECTION ( 'NONE',  ( 0.000000000000000000, 1.000000000000000000, 0.000000000000000000 ) ) ;
#601 = VERTEX_POINT ( 'NONE', #189 ) ;
#602 = DIRECTION ( 'NONE',  ( 1.000000000000000000, 0.000000000000000000, 0.000000000000000000 ) ) ;
#603 = PLANE ( 'NONE',  #1143 ) ;
#604 = CARTESIAN_POINT ( 'NONE',  ( 0.000000000000000000, 0.000000000000000000, 6.240000000000009095 ) ) ;
#605 = ORIENTED_EDGE ( 'NONE', *, *, #1699, .T. ) ;
#606 = EDGE_CURVE ( 'NONE', #1535, #354, #1962, .T. ) ;
#607 = ORIENTED_EDGE ( 'NONE', *, *, #138, .F. ) ;
#608 = EDGE_CURVE ( 'NONE', #9, #1166, #6, .T. ) ;
#609 = DIRECTION ( 'NONE',  ( -0.2302529551604794444, 0.000000000000000000, 0.9731308116794299412 ) ) ;
#610 = EDGE_CURVE ( 'NONE', #470, #9, #993, .T. ) ;
#611 = ORIENTED_EDGE ( 'NONE', *, *, #787, .T. ) ;
#612 = CARTESIAN_POINT ( 'NONE',  ( 35.07000000000000028, -15.97000000000000064, 0.09999999999999453770 ) ) ;
#613 = CARTESIAN_POINT ( 'NONE',  ( 17.11000000000000298, -15.99000000000000199, 4.048405430711611963 ) ) ;
#614 = DIRECTION ( 'NONE',  ( -0.2302529551604794167, 0.000000000000000000, 0.9731308116794300522 ) ) ;
#615 = DIRECTION ( 'NONE',  ( -0.7071067811865437980, -9.862389815852804925E-16, -0.7071067811865514585 ) ) ;
#616 = ORIENTED_EDGE ( 'NONE', *, *, #1463, .F. ) ;
#617 = ORIENTED_EDGE ( 'NONE', *, *, #1443, .T. ) ;
#618 = CARTESIAN_POINT ( 'NONE',  ( 28.74916876240981622, -18.60000000000000497, -6.111845555935437879 ) ) ;
#619 = ORIENTED_EDGE ( 'NONE', *, *, #83, .T. ) ;
#620 = CARTESIAN_POINT ( 'NONE',  ( 19.11000000000000298, -16.98999999999999844, 0.1000000000000000888 ) ) ;
#621 = DIRECTION ( 'NONE',  ( -0.2302529551604793612, 0.000000000000000000, 0.9731308116794299412 ) ) ;
#622 = CLOSED_SHELL ( 'NONE', ( #495, #1617, #457, #1805, #114, #677, #1787, #385, #415, #1307, #1927, #342, #1061, #285, #676, #407, #1997, #13, #1595, #2074, #481, #452, #1793, #1018, #1310, #1845, #51, #1508, #1496, #947, #1438, #1414, #453, #1380, #851, #649, #1074, #235, #634, #1946, #1976, #728, #1746, #700, #1402, #392, #1096, #887, #1241, #1817, #78, #1631, #831, #1569, #1685, #1712, #583, #1543, #2040, #1058, #1179, #67, #1087, #505, #233, #1884, #1554, #1849, #858 ) ) ;
#623 = EDGE_CURVE ( 'NONE', #1786, #1335, #1987, .T. ) ;
#624 = FACE_OUTER_BOUND ( 'NONE', #643, .T. ) ;
#625 = DIRECTION ( 'NONE',  ( -0.9731308116794301633, 0.000000000000000000, -0.2302529551604787506 ) ) ;
#626 = AXIS2_PLACEMENT_3D ( 'NONE', #1842, #1187, #679 ) ;
#627 = ORIENTED_EDGE ( 'NONE', *, *, #1152, .T. ) ;
#628 = VECTOR ( 'NONE', #2099, 100.0000000000000000 ) ;
#629 = VECTOR ( 'NONE', #1194, 100.0000000000000000 ) ;
#630 = ORIENTED_EDGE ( 'NONE', *, *, #1084, .F. ) ;
#631 = LINE ( 'NONE', #1124, #153 ) ;
#632 = AXIS2_PLACEMENT_3D ( 'NONE', #1188, #656, #1026 ) ;
#633 = ORIENTED_EDGE ( 'NONE', *, *, #1594, .T. ) ;
#634 = ADVANCED_FACE ( 'NONE', ( #861 ), #1315, .T. ) ;
#635 = DIRECTION ( 'NONE',  ( -1.877914453019546570E-16, 1.000000000000000000, 0.000000000000000000 ) ) ;
#636 = PRODUCT_DEFINITION_FORMATION_WITH_SPECIFIED_SOURCE ( 'ANY', '', #807, .NOT_KNOWN. ) ;
#637 = PLANE ( 'NONE',  #1038 ) ;
#638 = CARTESIAN_POINT ( 'NONE',  ( 17.21000000000000441, -19.19999999999997442, 0.000000000000000000 ) ) ;
#639 = EDGE_LOOP ( 'NONE', ( #46, #580 ) ) ;
#640 = ORIENTED_EDGE ( 'NONE', *, *, #753, .F. ) ;
#641 = EDGE_LOOP ( 'NONE', ( #122, #712, #558, #1614 ) ) ;
#642 = FACE_BOUND ( 'NONE', #1774, .T. ) ;
#643 = EDGE_LOOP ( 'NONE', ( #1142, #1739, #1838, #1383 ) ) ;
#644 = CARTESIAN_POINT ( 'NONE',  ( 18.09000000000000341, -16.08999999999999986, 0.000000000000000000 ) ) ;
#645 = CYLINDRICAL_SURFACE ( 'NONE', #1250, 0.3050000000000159250 ) ;
#646 = LINE ( 'NONE', #1015, #1177 ) ;
#647 = LINE ( 'NONE', #2112, #59 ) ;
#648 = ORIENTED_EDGE ( 'NONE', *, *, #2100, .T. ) ;
#649 = ADVANCED_FACE ( 'NONE', ( #1486 ), #333, .T. ) ;
#650 = ORIENTED_EDGE ( 'NONE', *, *, #198, .T. ) ;
#651 = ORIENTED_EDGE ( 'NONE', *, *, #368, .F. ) ;
#652 = CARTESIAN_POINT ( 'NONE',  ( 28.90705969306822709, -19.21000000000000796, 6.250000000000019540 ) ) ;
#653 = DIRECTION ( 'NONE',  ( -1.000000000000000000, -1.394752543498940254E-15, 0.000000000000000000 ) ) ;
#654 = DIRECTION ( 'NONE',  ( 0.000000000000000000, 0.000000000000000000, -1.000000000000000000 ) ) ;
#655 = DIRECTION ( 'NONE',  ( -0.2302529551604794444, 0.000000000000000000, 0.9731308116794300522 ) ) ;
#656 = DIRECTION ( 'NONE',  ( 0.000000000000000000, 1.000000000000000000, 0.000000000000000000 ) ) ;
#657 = ORIENTED_EDGE ( 'NONE', *, *, #367, .T. ) ;
#658 = MECHANICAL_DESIGN_GEOMETRIC_PRESENTATION_REPRESENTATION (  '', ( #2062 ), #757 ) ;
#659 = DIRECTION ( 'NONE',  ( -0.2302529551604794444, 0.000000000000000000, 0.9731308116794300522 ) ) ;
#660 = EDGE_CURVE ( 'NONE', #1596, #960, #1138, .T. ) ;
#661 = ORIENTED_EDGE ( 'NONE', *, *, #544, .T. ) ;
#662 = VECTOR ( 'NONE', #1950, 100.0000000000000000 ) ;
#663 = VERTEX_POINT ( 'NONE', #1806 ) ;
#664 = DIRECTION ( 'NONE',  ( 0.9731308116794299412, 0.000000000000000000, 0.2302529551604793612 ) ) ;
#665 = CARTESIAN_POINT ( 'NONE',  ( 26.37245745943812381, -19.19999999999999929, 6.240000000000012648 ) ) ;
#666 = AXIS2_PLACEMENT_3D ( 'NONE', #1221, #64, #2050 ) ;
#667 = CARTESIAN_POINT ( 'NONE',  ( 17.20999999999997598, -19.20000000000002416, 0.000000000000000000 ) ) ;
#668 = DIRECTION ( 'NONE',  ( -0.000000000000000000, 0.7071067811865436870, 0.7071067811865513475 ) ) ;
#669 = DIRECTION ( 'NONE',  ( -0.2302529551604793612, 0.000000000000000000, 0.9731308116794299412 ) ) ;
#670 = ORIENTED_EDGE ( 'NONE', *, *, #834, .F. ) ;
#671 = CARTESIAN_POINT ( 'NONE',  ( 36.97000000000000597, -19.19999999999999929, 0.000000000000000000 ) ) ;
#672 = ORIENTED_EDGE ( 'NONE', *, *, #368, .T. ) ;
#673 = ORIENTED_EDGE ( 'NONE', *, *, #1375, .T. ) ;
#674 = CARTESIAN_POINT ( 'NONE',  ( 18.09000000000000341, -16.98999999999999844, 12.63499999999999979 ) ) ;
#675 = DIRECTION ( 'NONE',  ( -0.2302529551604794167, 0.000000000000000000, 0.9731308116794300522 ) ) ;
#676 = ADVANCED_FACE ( 'NONE', ( #343 ), #1642, .F. ) ;
#677 = ADVANCED_FACE ( 'NONE', ( #1164 ), #94, .F. ) ;
#678 = FACE_BOUND ( 'NONE', #1114, .T. ) ;
#679 = DIRECTION ( 'NONE',  ( -0.9731308116794301633, 0.000000000000000000, -0.2302529551604787506 ) ) ;
#680 = CARTESIAN_POINT ( 'NONE',  ( 35.07000000000000028, -17.88000000000000256, 0.1000000000000000472 ) ) ;
#681 = ORIENTED_EDGE ( 'NONE', *, *, #1191, .T. ) ;
#682 = PLANE ( 'NONE',  #1484 ) ;
#683 = ORIENTED_EDGE ( 'NONE', *, *, #722, .T. ) ;
#684 = ORIENTED_EDGE ( 'NONE', *, *, #1436, .F. ) ;
#685 = LINE ( 'NONE', #856, #1527 ) ;
#686 = CARTESIAN_POINT ( 'NONE',  ( -4.551436125827771515E-14, -2.230000000000090132, -1.076917517787151570E-14 ) ) ;
#687 = DIRECTION ( 'NONE',  ( 0.000000000000000000, 0.7071067811865513475, 0.7071067811865436870 ) ) ;
#688 = CARTESIAN_POINT ( 'NONE',  ( 29.28148131180507363, -0.6000000000000005329, 4.667561183969325178 ) ) ;
#689 = CARTESIAN_POINT ( 'NONE',  ( 36.09000000000000341, -2.229999999999987548, 0.09999999999999456546 ) ) ;
#690 = EDGE_CURVE ( 'NONE', #119, #1057, #581, .T. ) ;
#691 = CARTESIAN_POINT ( 'NONE',  ( 35.07000000000000028, -15.87000000000000099, 0.000000000000000000 ) ) ;
#692 = ORIENTED_EDGE ( 'NONE', *, *, #1730, .F. ) ;
#693 = AXIS2_PLACEMENT_3D ( 'NONE', #1001, #675, #1483 ) ;
#694 = DIRECTION ( 'NONE',  ( 0.000000000000000000, -1.000000000000000000, 0.000000000000000000 ) ) ;
#695 = VECTOR ( 'NONE', #1550, 100.0000000000000000 ) ;
#696 = CARTESIAN_POINT ( 'NONE',  ( 35.07000000000000028, -15.97000000000000064, 8.297929775280898923 ) ) ;
#697 = VECTOR ( 'NONE', #965, 100.0000000000000000 ) ;
#698 = CARTESIAN_POINT ( 'NONE',  ( 18.09000000000000341, -16.98999999999999844, 0.1000000000000000888 ) ) ;
#699 = AXIS2_PLACEMENT_3D ( 'NONE', #1684, #1044, #371 ) ;
#700 = ADVANCED_FACE ( 'NONE', ( #1733 ), #1404, .T. ) ;
#701 = DIRECTION ( 'NONE',  ( 0.000000000000000000, 1.000000000000000000, 0.000000000000000000 ) ) ;
#702 = CARTESIAN_POINT ( 'NONE',  ( 35.07000000000000028, -17.98000000000000043, 5.020000000000000462 ) ) ;
#703 = CARTESIAN_POINT ( 'NONE',  ( 35.41333333333330557, -17.64666666666669315, 0.7766666666666527385 ) ) ;
#704 = EDGE_CURVE ( 'NONE', #1707, #1907, #574, .T. ) ;
#705 = VERTEX_POINT ( 'NONE', #537 ) ;
#706 = LINE ( 'NONE', #1681, #1623 ) ;
#707 = LINE ( 'NONE', #1041, #1449 ) ;
#708 = DIRECTION ( 'NONE',  ( -0.9731308116794301633, 0.000000000000000000, -0.2302529551604787506 ) ) ;
#709 = LINE ( 'NONE', #413, #1210 ) ;
#710 = LINE ( 'NONE', #104, #190 ) ;
#711 = CARTESIAN_POINT ( 'NONE',  ( 28.13681823286975359, -0.5999999999999949818, 5.640000000000008562 ) ) ;
#712 = ORIENTED_EDGE ( 'NONE', *, *, #42, .F. ) ;
#713 = EDGE_CURVE ( 'NONE', #148, #1894, #1889, .T. ) ;
#714 = PLANE ( 'NONE',  #839 ) ;
#715 = DIRECTION ( 'NONE',  ( 1.000000000000000000, 0.000000000000000000, 0.000000000000000000 ) ) ;
#716 = EDGE_LOOP ( 'NONE', ( #463, #1346 ) ) ;
#717 = CARTESIAN_POINT ( 'NONE',  ( 28.13681823286975359, -18.60000000000000497, 5.640000000000008562 ) ) ;
#718 = ORIENTED_EDGE ( 'NONE', *, *, #184, .T. ) ;
#719 = CARTESIAN_POINT ( 'NONE',  ( 35.07000000000000028, -17.98000000000000043, 5.020000000000000462 ) ) ;
#720 = LINE ( 'NONE', #875, #123 ) ;
#721 = VERTEX_POINT ( 'NONE', #1687 ) ;
#722 = EDGE_CURVE ( 'NONE', #1911, #1808, #709, .T. ) ;
#723 = DIRECTION ( 'NONE',  ( 0.2302529551604794444, 0.000000000000000000, -0.9731308116794300522 ) ) ;
#724 = LINE ( 'NONE', #889, #1753 ) ;
#725 = EDGE_LOOP ( 'NONE', ( #1064, #107, #1083, #1190, #72 ) ) ;
#726 = AXIS2_PLACEMENT_3D ( 'NONE', #1918, #1155, #1654 ) ;
#727 = CARTESIAN_POINT ( 'NONE',  ( 36.09000000000000341, -19.19999999999999929, 8.539272471910111406 ) ) ;
#728 = ADVANCED_FACE ( 'NONE', ( #1069 ), #1195, .T. ) ;
#729 = ORIENTED_EDGE ( 'NONE', *, *, #2004, .T. ) ;
#730 = VECTOR ( 'NONE', #2070, 100.0000000000000000 ) ;
#731 = CARTESIAN_POINT ( 'NONE',  ( 26.15233727297595578, -0.5999999999999949818, 6.187917255506579117 ) ) ;
#732 = CARTESIAN_POINT ( 'NONE',  ( 0.000000000000000000, -19.19999999999999929, 0.000000000000000000 ) ) ;
#733 = VECTOR ( 'NONE', #654, 100.0000000000000000 ) ;
#734 = DIRECTION ( 'NONE',  ( 0.5773502691896363892, -0.5773502691896363892, -0.5773502691896044148 ) ) ;
#735 = AXIS2_PLACEMENT_3D ( 'NONE', #1993, #1839, #2022 ) ;
#736 = ORIENTED_EDGE ( 'NONE', *, *, #1683, .T. ) ;
#737 = PLANE ( 'NONE',  #258 ) ;
#738 = CARTESIAN_POINT ( 'NONE',  ( 29.67823484613193941, -0.6000000000000005329, 5.640000000000002345 ) ) ;
#739 = EDGE_LOOP ( 'NONE', ( #482, #1257, #1407, #1345 ) ) ;
#740 = EDGE_CURVE ( 'NONE', #24, #162, #1059, .T. ) ;
#741 = EDGE_CURVE ( 'NONE', #1357, #130, #1561, .T. ) ;
#742 = DIRECTION ( 'NONE',  ( -0.2302529551604794722, 0.000000000000000000, 0.9731308116794300522 ) ) ;
#743 = CARTESIAN_POINT ( 'NONE',  ( 0.000000000000000000, -3.329999999999985860, 0.000000000000000000 ) ) ;
#744 = DIRECTION ( 'NONE',  ( 0.5773502691896257311, -0.5773502691896257311, 0.5773502691896257311 ) ) ;
#745 = EDGE_LOOP ( 'NONE', ( #545, #1970, #254, #1104 ) ) ;
#746 = FACE_OUTER_BOUND ( 'NONE', #234, .T. ) ;
#747 = PRODUCT_DEFINITION_CONTEXT ( 'detailed design', #1226, 'design' ) ;
#748 = CARTESIAN_POINT ( 'NONE',  ( 36.18999999999999773, -2.229999999999987548, 0.000000000000000000 ) ) ;
#749 = ORIENTED_EDGE ( 'NONE', *, *, #1507, .F. ) ;
#750 = DIRECTION ( 'NONE',  ( 1.394752543498940254E-15, -1.000000000000000000, 0.000000000000000000 ) ) ;
#751 = DIRECTION ( 'NONE',  ( 0.000000000000000000, -1.000000000000000000, 0.000000000000000000 ) ) ;
#752 = PLANE ( 'NONE',  #1996 ) ;
#753 = EDGE_CURVE ( 'NONE', #1784, #197, #1850, .T. ) ;
#754 = VERTEX_POINT ( 'NONE', #423 ) ;
#755 = DIRECTION ( 'NONE',  ( 0.000000000000000000, 1.000000000000000000, 0.000000000000000000 ) ) ;
#756 = EDGE_LOOP ( 'NONE', ( #673, #245 ) ) ;
#757 =( GEOMETRIC_REPRESENTATION_CONTEXT ( 3 ) GLOBAL_UNCERTAINTY_ASSIGNED_CONTEXT ( ( #276 ) ) GLOBAL_UNIT_ASSIGNED_CONTEXT ( ( #274, #1771, #780 ) ) REPRESENTATION_CONTEXT ( 'NONE', 'WORKASPACE' ) );
#758 = LINE ( 'NONE', #778, #1358 ) ;
#759 = CARTESIAN_POINT ( 'NONE',  ( 0.000000000000000000, -15.99000000000000199, 0.000000000000000000 ) ) ;
#760 = AXIS2_PLACEMENT_3D ( 'NONE', #21, #1330, #506 ) ;
#761 = EDGE_CURVE ( 'NONE', #102, #1920, #1181, .T. ) ;
#762 = DIRECTION ( 'NONE',  ( -0.2302529551604794722, 0.000000000000000000, 0.9731308116794300522 ) ) ;
#763 = ORIENTED_EDGE ( 'NONE', *, *, #1589, .T. ) ;
#764 = EDGE_CURVE ( 'NONE', #1737, #1110, #1079, .T. ) ;
#765 = VECTOR ( 'NONE', #261, 100.0000000000000000 ) ;
#766 = EDGE_CURVE ( 'NONE', #808, #1110, #874, .T. ) ;
#767 = AXIS2_PLACEMENT_3D ( 'NONE', #1196, #1331, #1165 ) ;
#768 = VERTEX_POINT ( 'NONE', #1372 ) ;
#769 = CARTESIAN_POINT ( 'NONE',  ( 19.95341666818141846, -2.294999999999990159, 4.394921116531270933 ) ) ;
#770 = VERTEX_POINT ( 'NONE', #1516 ) ;
#771 = DIRECTION ( 'NONE',  ( 0.000000000000000000, 0.7071067811865475727, -0.7071067811865475727 ) ) ;
#772 = DIRECTION ( 'NONE',  ( 0.000000000000000000, -0.7071067811865475727, -0.7071067811865475727 ) ) ;
#773 = FACE_OUTER_BOUND ( 'NONE', #369, .T. ) ;
#774 = ORIENTED_EDGE ( 'NONE', *, *, #1063, .T. ) ;
#775 = VERTEX_POINT ( 'NONE', #1540 ) ;
#776 = CARTESIAN_POINT ( 'NONE',  ( 28.28115062987350115, -17.98999999999997712, 5.029999999999974492 ) ) ;
#777 = VERTEX_POINT ( 'NONE', #1880 ) ;
#778 = CARTESIAN_POINT ( 'NONE',  ( 24.64666666666620998, -4.546666666666212109, -12.32333333333310499 ) ) ;
#779 = CARTESIAN_POINT ( 'NONE',  ( 30.50566987749120429, -0.5999999999999949818, -5.696238971870767998 ) ) ;
#780 =( NAMED_UNIT ( * ) SI_UNIT ( $, .STERADIAN. ) SOLID_ANGLE_UNIT ( ) );
#781 = PLANE ( 'NONE',  #1798 ) ;
#782 = ORIENTED_EDGE ( 'NONE', *, *, #926, .T. ) ;
#783 = EDGE_CURVE ( 'NONE', #800, #1294, #178, .T. ) ;
#784 = ORIENTED_EDGE ( 'NONE', *, *, #1856, .F. ) ;
#785 = DIRECTION ( 'NONE',  ( -1.000000000000000000, 0.000000000000000000, 0.000000000000000000 ) ) ;
#786 = VERTEX_POINT ( 'NONE', #1395 ) ;
#787 = EDGE_CURVE ( 'NONE', #754, #1907, #1384, .T. ) ;
#788 = CARTESIAN_POINT ( 'NONE',  ( 29.67823484613193941, -0.6000000000000005329, 5.640000000000002345 ) ) ;
#789 = LINE ( 'NONE', #282, #55 ) ;
#790 = CIRCLE ( 'NONE', #522, 0.3050000000000044897 ) ;
#791 = LINE ( 'NONE', #805, #2028 ) ;
#792 = LINE ( 'NONE', #1782, #1394 ) ;
#793 = VECTOR ( 'NONE', #1702, 100.0000000000000000 ) ;
#794 = ORIENTED_EDGE ( 'NONE', *, *, #519, .T. ) ;
#795 = ORIENTED_EDGE ( 'NONE', *, *, #519, .F. ) ;
#796 = VECTOR ( 'NONE', #215, 100.0000000000000142 ) ;
#797 = EDGE_LOOP ( 'NONE', ( #1145, #1457, #923, #311, #672 ) ) ;
#798 = FACE_OUTER_BOUND ( 'NONE', #975, .T. ) ;
#799 = VECTOR ( 'NONE', #956, 100.0000000000000142 ) ;
#800 = VERTEX_POINT ( 'NONE', #906 ) ;
#801 = ADVANCED_BREP_SHAPE_REPRESENTATION ( 'ramp-middle-frame_61', ( #419, #1224 ), #1422 ) ;
#802 = CARTESIAN_POINT ( 'NONE',  ( 0.000000000000000000, -1.319999999999998952, 0.1000000000000000056 ) ) ;
#803 = DIRECTION ( 'NONE',  ( 0.000000000000000000, 0.000000000000000000, -1.000000000000000000 ) ) ;
#804 = EDGE_CURVE ( 'NONE', #705, #809, #393, .T. ) ;
#805 = CARTESIAN_POINT ( 'NONE',  ( 18.24666666666666615, -17.12666666666665094, -1.036666666666651082 ) ) ;
#806 = LINE ( 'NONE', #1555, #431 ) ;
#807 = PRODUCT ( 'ramp-middle-frame_61', 'ramp-middle-frame_61', '', ( #1003 ) ) ;
#808 = VERTEX_POINT ( 'NONE', #620 ) ;
#809 = VERTEX_POINT ( 'NONE', #924 ) ;
#810 = ORIENTED_EDGE ( 'NONE', *, *, #1134, .T. ) ;
#811 = CARTESIAN_POINT ( 'NONE',  ( 35.07000000000000028, -15.97000000000000064, 0.09999999999999453770 ) ) ;
#812 = PLANE ( 'NONE',  #454 ) ;
#813 = CARTESIAN_POINT ( 'NONE',  ( 18.08999999999999986, -3.209999999999987974, 12.63499999999999979 ) ) ;
#814 = DIRECTION ( 'NONE',  ( 1.000000000000000000, 0.000000000000000000, 0.000000000000000000 ) ) ;
#815 = DIRECTION ( 'NONE',  ( 1.000000000000000000, 0.000000000000000000, 0.000000000000000000 ) ) ;
#816 = PLANE ( 'NONE',  #565 ) ;
#817 = VERTEX_POINT ( 'NONE', #1740 ) ;
#818 = ORIENTED_EDGE ( 'NONE', *, *, #1751, .T. ) ;
#819 = EDGE_LOOP ( 'NONE', ( #973, #456, #1411, #988, #335, #84, #661, #774, #175, #763, #957, #1085, #1447, #891, #202, #1506, #1171, #1429, #619, #152 ) ) ;
#820 = LINE ( 'NONE', #1971, #1526 ) ;
#821 = CARTESIAN_POINT ( 'NONE',  ( 17.21000000000000085, -1.319999999999998952, 0.000000000000000000 ) ) ;
#822 = PLANE ( 'NONE',  #1556 ) ;
#823 = CARTESIAN_POINT ( 'NONE',  ( 29.07172970801424938, -18.60000000000000142, 6.878676120988018283 ) ) ;
#824 = FACE_OUTER_BOUND ( 'NONE', #1778, .T. ) ;
#825 = EDGE_CURVE ( 'NONE', #1922, #470, #1442, .T. ) ;
#826 = ORIENTED_EDGE ( 'NONE', *, *, #184, .F. ) ;
#827 = AXIS2_PLACEMENT_3D ( 'NONE', #360, #1161, #849 ) ;
#828 = AXIS2_PLACEMENT_3D ( 'NONE', #1100, #762, #305 ) ;
#829 = DIRECTION ( 'NONE',  ( -1.000000000000000000, 0.000000000000000000, 0.000000000000000000 ) ) ;
#830 = ORIENTED_EDGE ( 'NONE', *, *, #2004, .F. ) ;
#831 = ADVANCED_FACE ( 'NONE', ( #281 ), #1115, .T. ) ;
#832 =( BOUNDED_CURVE ( )  B_SPLINE_CURVE ( 3, ( #186, #652, #1493, #1788 ),
 .UNSPECIFIED., .F., .F. ) 
 B_SPLINE_CURVE_WITH_KNOTS ( ( 4, 4 ),
 ( 4.938697601239184998, 8.080290254828979002 ),
 .UNSPECIFIED. ) 
 CURVE ( )  GEOMETRIC_REPRESENTATION_ITEM ( )  RATIONAL_B_SPLINE_CURVE ( ( 1.000000000000000000, 0.3333333333333330373, 0.3333333333333330373, 1.000000000000000000 ) ) 
 REPRESENTATION_ITEM ( '' )  );
#833 = VECTOR ( 'NONE', #41, 100.0000000000000000 ) ;
#834 = EDGE_CURVE ( 'NONE', #1547, #721, #1768, .T. ) ;
#835 = ORIENTED_EDGE ( 'NONE', *, *, #989, .T. ) ;
#836 = DIRECTION ( 'NONE',  ( 0.000000000000000000, 1.000000000000000000, 0.000000000000000000 ) ) ;
#837 = ORIENTED_EDGE ( 'NONE', *, *, #1933, .T. ) ;
#838 = EDGE_CURVE ( 'NONE', #1767, #1547, #1251, .T. ) ;
#839 = AXIS2_PLACEMENT_3D ( 'NONE', #1847, #2033, #79 ) ;
#840 = DIRECTION ( 'NONE',  ( -0.7071067811865671127, -0.000000000000000000, -0.7071067811865279218 ) ) ;
#841 = AXIS2_PLACEMENT_3D ( 'NONE', #779, #1940, #1741 ) ;
#842 = DIRECTION ( 'NONE',  ( 1.394752543498940254E-15, 1.000000000000000000, 0.000000000000000000 ) ) ;
#843 = CARTESIAN_POINT ( 'NONE',  ( 19.21000000000000085, -19.19999999999999929, 0.000000000000000000 ) ) ;
#844 = EDGE_LOOP ( 'NONE', ( #468, #1802, #289, #1671 ) ) ;
#845 = FACE_OUTER_BOUND ( 'NONE', #1616, .T. ) ;
#846 = EDGE_LOOP ( 'NONE', ( #1925, #1370, #1381, #1246 ) ) ;
#847 = ORIENTED_EDGE ( 'NONE', *, *, #980, .F. ) ;
#848 = DIRECTION ( 'NONE',  ( 0.2302529551604793889, 0.000000000000000000, -0.9731308116794300522 ) ) ;
#849 = DIRECTION ( 'NONE',  ( 0.000000000000000000, -0.7071067811865436870, -0.7071067811865513475 ) ) ;
#850 = LINE ( 'NONE', #990, #2029 ) ;
#851 = ADVANCED_FACE ( 'NONE', ( #1586 ), #1928, .T. ) ;
#852 = DIRECTION ( 'NONE',  ( -1.000000000000000000, 0.000000000000000000, 0.000000000000000000 ) ) ;
#853 = DIRECTION ( 'NONE',  ( 0.2302529551604793889, 4.736714462187178404E-18, -0.9731308116794300522 ) ) ;
#854 = FACE_OUTER_BOUND ( 'NONE', #1953, .T. ) ;
#855 = ORIENTED_EDGE ( 'NONE', *, *, #1031, .F. ) ;
#856 = CARTESIAN_POINT ( 'NONE',  ( 0.000000000000000000, -1.219999999999998863, 0.3747477419454632308 ) ) ;
#857 = ORIENTED_EDGE ( 'NONE', *, *, #623, .F. ) ;
#858 = ADVANCED_FACE ( 'NONE', ( #111 ), #464, .T. ) ;
#859 = CARTESIAN_POINT ( 'NONE',  ( 28.90705969306822709, 0.01000000000000653144, 6.250000000000016875 ) ) ;
#860 = EDGE_CURVE ( 'NONE', #173, #308, #1432, .T. ) ;
#861 = FACE_OUTER_BOUND ( 'NONE', #577, .T. ) ;
#862 = DIRECTION ( 'NONE',  ( 1.000000000000000000, 0.000000000000000000, 0.000000000000000000 ) ) ;
#863 = PLANE ( 'NONE',  #1518 ) ;
#864 = VERTEX_POINT ( 'NONE', #2056 ) ;
#865 = VECTOR ( 'NONE', #1580, 100.0000000000000000 ) ;
#866 = DIRECTION ( 'NONE',  ( 0.7071067811865475727, 0.000000000000000000, -0.7071067811865475727 ) ) ;
#867 = LINE ( 'NONE', #377, #1921 ) ;
#868 = EDGE_LOOP ( 'NONE', ( #1461, #417, #489, #1539 ) ) ;
#869 = AXIS2_PLACEMENT_3D ( 'NONE', #131, #602, #2098 ) ;
#870 = DIRECTION ( 'NONE',  ( 0.000000000000000000, -1.000000000000000000, 0.000000000000000000 ) ) ;
#871 = VECTOR ( 'NONE', #814, 100.0000000000000000 ) ;
#872 = VECTOR ( 'NONE', #609, 100.0000000000000142 ) ;
#873 = EDGE_CURVE ( 'NONE', #1644, #1398, #303, .T. ) ;
#874 = LINE ( 'NONE', #1530, #1390 ) ;
#875 = CARTESIAN_POINT ( 'NONE',  ( 1.327779262221897350, -13.27416649771865842, 0.3141664977186080510 ) ) ;
#876 = VECTOR ( 'NONE', #1832, 100.0000000000000000 ) ;
#877 = CARTESIAN_POINT ( 'NONE',  ( 19.63228350032719405, -17.23499999999997101, 4.318937641328306043 ) ) ;
#878 = VERTEX_POINT ( 'NONE', #140 ) ;
#879 = DIRECTION ( 'NONE',  ( -0.000000000000000000, 1.000000000000000000, 0.000000000000000000 ) ) ;
#880 = LINE ( 'NONE', #80, #283 ) ;
#881 = DIRECTION ( 'NONE',  ( 0.000000000000000000, 1.000000000000000000, 0.000000000000000000 ) ) ;
#882 = EDGE_LOOP ( 'NONE', ( #1157, #2068 ) ) ;
#883 = CARTESIAN_POINT ( 'NONE',  ( 19.55917818706374334, -17.23499999999997101, 4.627906674036525558 ) ) ;
#884 = DIRECTION ( 'NONE',  ( 0.000000000000000000, -1.000000000000000000, 0.000000000000000000 ) ) ;
#885 = DIRECTION ( 'NONE',  ( 0.2302529551604794444, 0.000000000000000000, -0.9731308116794299412 ) ) ;
#886 = VERTEX_POINT ( 'NONE', #788 ) ;
#887 = ADVANCED_FACE ( 'NONE', ( #450 ), #272, .T. ) ;
#888 = CARTESIAN_POINT ( 'NONE',  ( 34.17085782681789397, -16.90499999999999403, 7.758916791425877868 ) ) ;
#889 = CARTESIAN_POINT ( 'NONE',  ( 0.000000000000000000, -16.98999999999999844, 0.000000000000000000 ) ) ;
#890 = CARTESIAN_POINT ( 'NONE',  ( 0.000000000000000000, -1.319999999999998952, 0.1000000000000000056 ) ) ;
#891 = ORIENTED_EDGE ( 'NONE', *, *, #1750, .T. ) ;
#892 = CARTESIAN_POINT ( 'NONE',  ( 11.99333333333333584, -23.08666666666666600, -5.996666666666667922 ) ) ;
#893 = DIRECTION ( 'NONE',  ( 0.000000000000000000, 0.000000000000000000, -1.000000000000000000 ) ) ;
#894 = DIRECTION ( 'NONE',  ( -0.2302529551604794444, 0.000000000000000000, 0.9731308116794299412 ) ) ;
#895 = ORIENTED_EDGE ( 'NONE', *, *, #138, .T. ) ;
#896 = EDGE_CURVE ( 'NONE', #338, #1644, #1574, .T. ) ;
#897 = CARTESIAN_POINT ( 'NONE',  ( 17.10999999999999588, -3.209999999999987974, 4.048405430711610187 ) ) ;
#898 = EDGE_CURVE ( 'NONE', #864, #1592, #758, .T. ) ;
#899 = VECTOR ( 'NONE', #1348, 100.0000000000000000 ) ;
#900 = VERTEX_POINT ( 'NONE', #1126 ) ;
#901 = VECTOR ( 'NONE', #1341, 100.0000000000000000 ) ;
#902 = CARTESIAN_POINT ( 'NONE',  ( 19.63228350032719405, -17.23499999999997101, 4.318937641328306043 ) ) ;
#903 = EDGE_CURVE ( 'NONE', #1763, #1357, #1779, .T. ) ;
#904 = ORIENTED_EDGE ( 'NONE', *, *, #42, .T. ) ;
#905 = VECTOR ( 'NONE', #1652, 100.0000000000000000 ) ;
#906 = CARTESIAN_POINT ( 'NONE',  ( 29.67823484613193941, -18.60000000000000142, 5.640000000000005009 ) ) ;
#907 = LINE ( 'NONE', #2027, #1588 ) ;
#908 = CARTESIAN_POINT ( 'NONE',  ( 34.49199099467208640, -1.964999999999972324, 7.834900266628827659 ) ) ;
#909 = VECTOR ( 'NONE', #400, 100.0000000000000142 ) ;
#910 = VERTEX_POINT ( 'NONE', #932 ) ;
#911 = DIRECTION ( 'NONE',  ( -0.9731308116794299412, -0.000000000000000000, -0.2302529551604793612 ) ) ;
#912 = ORIENTED_EDGE ( 'NONE', *, *, #1350, .T. ) ;
#913 = LINE ( 'NONE', #748, #1108 ) ;
#914 = ORIENTED_EDGE ( 'NONE', *, *, #1703, .T. ) ;
#915 = EDGE_CURVE ( 'NONE', #983, #601, #1908, .T. ) ;
#916 = DIRECTION ( 'NONE',  ( 0.000000000000000000, 0.000000000000000000, -1.000000000000000000 ) ) ;
#917 = DIRECTION ( 'NONE',  ( -1.000000000000000000, 1.394752543498940254E-15, 0.000000000000000000 ) ) ;
#918 =( BOUNDED_CURVE ( )  B_SPLINE_CURVE ( 3, ( #1360, #483, #1133, #1790 ),
 .UNSPECIFIED., .F., .T. ) 
 B_SPLINE_CURVE_WITH_KNOTS ( ( 4, 4 ),
 ( 1.797104947649394546, 4.938697601239183221 ),
 .UNSPECIFIED. ) 
 CURVE ( )  GEOMETRIC_REPRESENTATION_ITEM ( )  RATIONAL_B_SPLINE_CURVE ( ( 1.000000000000000000, 0.3333333333333348691, 0.3333333333333348691, 1.000000000000000000 ) ) 
 REPRESENTATION_ITEM ( '' )  );
#919 = LINE ( 'NONE', #908, #1653 ) ;
#920 = ORIENTED_EDGE ( 'NONE', *, *, #105, .T. ) ;
#921 = LINE ( 'NONE', #109, #1865 ) ;
#922 = EDGE_CURVE ( 'NONE', #422, #119, #103, .T. ) ;
#923 = ORIENTED_EDGE ( 'NONE', *, *, #1023, .T. ) ;
#924 = CARTESIAN_POINT ( 'NONE',  ( 35.07000000000000028, -1.219999999999998863, 5.019999999999997797 ) ) ;
#925 = LINE ( 'NONE', #1444, #567 ) ;
#926 = EDGE_CURVE ( 'NONE', #1261, #263, #1915, .T. ) ;
#927 = SURFACE_STYLE_FILL_AREA ( #1601 ) ;
#928 = EDGE_LOOP ( 'NONE', ( #818, #1276, #1870, #1300 ) ) ;
#929 = VERTEX_POINT ( 'NONE', #293 ) ;
#930 = CARTESIAN_POINT ( 'NONE',  ( 35.07000000000000028, -1.319999999999998952, 0.1000000000000000472 ) ) ;
#931 = EDGE_LOOP ( 'NONE', ( #611, #14, #1559, #1823 ) ) ;
#932 = CARTESIAN_POINT ( 'NONE',  ( 34.49199099467208640, -1.964999999999972324, 7.834900266628827659 ) ) ;
#933 = LINE ( 'NONE', #759, #151 ) ;
#934 = EDGE_CURVE ( 'NONE', #292, #24, #1618, .T. ) ;
#935 = DIRECTION ( 'NONE',  ( 0.5773502691896363892, 0.5773502691896363892, -0.5773502691896044148 ) ) ;
#936 = AXIS2_PLACEMENT_3D ( 'NONE', #82, #870, #1869 ) ;
#937 = ORIENTED_EDGE ( 'NONE', *, *, #1589, .F. ) ;
#938 = VECTOR ( 'NONE', #1199, 100.0000000000000000 ) ;
#939 = EDGE_CURVE ( 'NONE', #1824, #1922, #1815, .T. ) ;
#940 = ORIENTED_EDGE ( 'NONE', *, *, #256, .T. ) ;
#941 = LINE ( 'NONE', #1605, #1896 ) ;
#942 = EDGE_LOOP ( 'NONE', ( #1979, #1095, #784, #1956 ) ) ;
#943 = DIRECTION ( 'NONE',  ( 0.000000000000000000, -1.000000000000000000, 0.000000000000000000 ) ) ;
#944 = CARTESIAN_POINT ( 'NONE',  ( 27.61203349049510081, -18.60000000000000497, 6.533296688247299144 ) ) ;
#945 = PRESENTATION_STYLE_ASSIGNMENT (( #1297 ) ) ;
#946 = CARTESIAN_POINT ( 'NONE',  ( 18.08999999999999986, -2.209999999999989750, 0.1000000000000000888 ) ) ;
#947 = ADVANCED_FACE ( 'NONE', ( #1339 ), #1314, .F. ) ;
#948 = ORIENTED_EDGE ( 'NONE', *, *, #1665, .T. ) ;
#949 = EDGE_CURVE ( 'NONE', #1248, #1166, #1630, .T. ) ;
#950 = EDGE_LOOP ( 'NONE', ( #1238, #1131, #1053, #110 ) ) ;
#951 = DIRECTION ( 'NONE',  ( 1.000000000000000000, 0.000000000000000000, 0.000000000000000000 ) ) ;
#952 = ORIENTED_EDGE ( 'NONE', *, *, #1933, .F. ) ;
#953 = DIRECTION ( 'NONE',  ( 1.394752543498940254E-15, 1.000000000000000000, 3.300130784102829184E-16 ) ) ;
#954 = FACE_OUTER_BOUND ( 'NONE', #868, .T. ) ;
#955 = DIRECTION ( 'NONE',  ( 0.000000000000000000, 1.000000000000000000, -0.000000000000000000 ) ) ;
#956 = DIRECTION ( 'NONE',  ( 0.9731308116794299412, 0.000000000000000000, 0.2302529551604793612 ) ) ;
#957 = ORIENTED_EDGE ( 'NONE', *, *, #205, .T. ) ;
#958 = APPLICATION_CONTEXT ( 'automotive_design' ) ;
#959 = ORIENTED_EDGE ( 'NONE', *, *, #1324, .F. ) ;
#960 = VERTEX_POINT ( 'NONE', #1804 ) ;
#961 = EDGE_CURVE ( 'NONE', #1737, #2075, #1464, .T. ) ;
#962 = FACE_OUTER_BOUND ( 'NONE', #144, .T. ) ;
#963 = EDGE_CURVE ( 'NONE', #130, #1019, #494, .T. ) ;
#964 = ORIENTED_EDGE ( 'NONE', *, *, #298, .T. ) ;
#965 = DIRECTION ( 'NONE',  ( 0.000000000000000000, -1.000000000000000000, 0.000000000000000000 ) ) ;
#966 = CARTESIAN_POINT ( 'NONE',  ( 36.09000000000000341, -16.86999999999999744, 0.000000000000000000 ) ) ;
#967 = VECTOR ( 'NONE', #715, 100.0000000000000000 ) ;
#968 = DIRECTION ( 'NONE',  ( -0.2302529551604794167, 0.000000000000000000, 0.9731308116794300522 ) ) ;
#969 = CARTESIAN_POINT ( 'NONE',  ( 35.07000000000000028, -3.229999999999985771, 0.09999999999999453770 ) ) ;
#970 = VECTOR ( 'NONE', #1139, 100.0000000000000000 ) ;
#971 = ORIENTED_EDGE ( 'NONE', *, *, #1613, .T. ) ;
#972 = VECTOR ( 'NONE', #20, 100.0000000000000000 ) ;
#973 = ORIENTED_EDGE ( 'NONE', *, *, #825, .T. ) ;
#974 = CIRCLE ( 'NONE', #1491, 0.3050000000000159250 ) ;
#975 = EDGE_LOOP ( 'NONE', ( #1949, #1409, #432, #1469 ) ) ;
#976 = CARTESIAN_POINT ( 'NONE',  ( 37.07000000000000028, -16.96999999999999886, 0.09999999999999453770 ) ) ;
#977 = VECTOR ( 'NONE', #344, 100.0000000000000000 ) ;
#978 = ORIENTED_EDGE ( 'NONE', *, *, #1191, .F. ) ;
#979 = LINE ( 'NONE', #484, #733 ) ;
#980 = EDGE_CURVE ( 'NONE', #1552, #292, #1828, .T. ) ;
#981 = CARTESIAN_POINT ( 'NONE',  ( 25.96855886354755683, -18.60000000000000497, 5.640000000000009450 ) ) ;
#982 = CARTESIAN_POINT ( 'NONE',  ( 0.000000000000000000, -17.98000000000000043, 0.3747477419454632308 ) ) ;
#983 = VERTEX_POINT ( 'NONE', #362 ) ;
#984 = ORIENTED_EDGE ( 'NONE', *, *, #915, .T. ) ;
#985 =( BOUNDED_CURVE ( )  B_SPLINE_CURVE ( 3, ( #550, #1714, #576, #1690 ),
 .UNSPECIFIED., .F., .F. ) 
 B_SPLINE_CURVE_WITH_KNOTS ( ( 4, 4 ),
 ( 4.938697601239184110, 8.080290254828980778 ),
 .UNSPECIFIED. ) 
 CURVE ( )  GEOMETRIC_REPRESENTATION_ITEM ( )  RATIONAL_B_SPLINE_CURVE ( ( 1.000000000000000000, 0.3333333333333321491, 0.3333333333333321491, 1.000000000000000000 ) ) 
 REPRESENTATION_ITEM ( '' )  );
#986 = ORIENTED_EDGE ( 'NONE', *, *, #1478, .T. ) ;
#987 = DIRECTION ( 'NONE',  ( 0.000000000000000000, 0.000000000000000000, -1.000000000000000000 ) ) ;
#988 = ORIENTED_EDGE ( 'NONE', *, *, #165, .T. ) ;
#989 = EDGE_CURVE ( 'NONE', #197, #1763, #350, .T. ) ;
#990 = CARTESIAN_POINT ( 'NONE',  ( 35.07000000000000028, -1.219999999999998863, 0.3747477419454632308 ) ) ;
#991 =( NAMED_UNIT ( * ) PLANE_ANGLE_UNIT ( ) SI_UNIT ( $, .RADIAN. ) );
#992 = EDGE_CURVE ( 'NONE', #1248, #663, #850, .T. ) ;
#993 = LINE ( 'NONE', #207, #1791 ) ;
#994 = CARTESIAN_POINT ( 'NONE',  ( 37.07000000000000028, -2.229999999999984883, 12.63499999999999979 ) ) ;
#995 = EDGE_CURVE ( 'NONE', #194, #2045, #329, .T. ) ;
#996 = ORIENTED_EDGE ( 'NONE', *, *, #1750, .F. ) ;
#997 = LINE ( 'NONE', #691, #1686 ) ;
#998 = ORIENTED_EDGE ( 'NONE', *, *, #2043, .F. ) ;
#999 = VERTEX_POINT ( 'NONE', #1014 ) ;
#1000 = CARTESIAN_POINT ( 'NONE',  ( 37.07000000000000028, -2.229999999999984883, 0.09999999999999453770 ) ) ;
#1001 = CARTESIAN_POINT ( 'NONE',  ( 29.57828620936730601, -0.6000000000000005329, 4.737788335293272368 ) ) ;
#1002 = LINE ( 'NONE', #341, #1833 ) ;
#1003 = PRODUCT_CONTEXT ( 'NONE', #958, 'mechanical' ) ;
#1004 = CARTESIAN_POINT ( 'NONE',  ( 36.09000000000000341, -2.229999999999987548, 12.63499999999999979 ) ) ;
#1005 = DIRECTION ( 'NONE',  ( -0.9731308116794299412, 0.000000000000000000, -0.2302529551604793334 ) ) ;
#1006 = ORIENTED_EDGE ( 'NONE', *, *, #660, .T. ) ;
#1007 = AXIS2_PLACEMENT_3D ( 'NONE', #1590, #614, #1434 ) ;
#1008 = CARTESIAN_POINT ( 'NONE',  ( 29.87509110692953485, -18.60000000000000142, 4.808015486617218670 ) ) ;
#1009 = EDGE_LOOP ( 'NONE', ( #2031, #1892, #2073, #508 ) ) ;
#1010 = FACE_BOUND ( 'NONE', #716, .T. ) ;
#1011 = ORIENTED_EDGE ( 'NONE', *, *, #1440, .F. ) ;
#1012 = VECTOR ( 'NONE', #951, 100.0000000000000000 ) ;
#1013 = AXIS2_PLACEMENT_3D ( 'NONE', #225, #866, #879 ) ;
#1014 = CARTESIAN_POINT ( 'NONE',  ( 36.18999999999999773, -16.86999999999999744, 0.000000000000000000 ) ) ;
#1015 = CARTESIAN_POINT ( 'NONE',  ( 35.07000000000000028, -1.219999999999998863, 5.019999999999997797 ) ) ;
#1016 = CARTESIAN_POINT ( 'NONE',  ( 27.36564307980600930, 0.01000000000003307271, 6.250000000000041744 ) ) ;
#1017 = DIRECTION ( 'NONE',  ( 0.000000000000000000, 1.000000000000000000, 0.000000000000000000 ) ) ;
#1018 = ADVANCED_FACE ( 'NONE', ( #30, #678, #1640, #166 ), #822, .F. ) ;
#1019 = VERTEX_POINT ( 'NONE', #1349 ) ;
#1020 = VERTEX_POINT ( 'NONE', #4 ) ;
#1021 = CARTESIAN_POINT ( 'NONE',  ( 26.73973401661130822, -1.210000000000023945, 5.029999999999970939 ) ) ;
#1022 = ORIENTED_EDGE ( 'NONE', *, *, #1222, .T. ) ;
#1023 = EDGE_CURVE ( 'NONE', #119, #1093, #1002, .T. ) ;
#1024 = DIRECTION ( 'NONE',  ( 0.000000000000000000, -1.000000000000000000, 0.000000000000000000 ) ) ;
#1025 = DIRECTION ( 'NONE',  ( -0.2302529551604793612, 0.000000000000000000, 0.9731308116794299412 ) ) ;
#1026 = DIRECTION ( 'NONE',  ( -1.000000000000000000, 0.000000000000000000, 0.000000000000000000 ) ) ;
#1027 = CARTESIAN_POINT ( 'NONE',  ( 18.08999999999999986, -2.209999999999989750, 0.1000000000000000888 ) ) ;
#1028 = VERTEX_POINT ( 'NONE', #1995 ) ;
#1029 = FACE_OUTER_BOUND ( 'NONE', #641, .T. ) ;
#1030 = DIRECTION ( 'NONE',  ( -0.5773502691896134076, -0.5773502691896319483, 0.5773502691896319483 ) ) ;
#1031 = EDGE_CURVE ( 'NONE', #1767, #1894, #1186, .T. ) ;
#1032 = EDGE_LOOP ( 'NONE', ( #161, #1757, #66, #605 ) ) ;
#1033 = LINE ( 'NONE', #727, #1215 ) ;
#1034 = DIRECTION ( 'NONE',  ( 1.000000000000000000, 0.000000000000000000, 0.000000000000000000 ) ) ;
#1035 = DIRECTION ( 'NONE',  ( -1.000000000000000000, 0.000000000000000000, 0.000000000000000000 ) ) ;
#1036 = FACE_OUTER_BOUND ( 'NONE', #480, .T. ) ;
#1037 = EDGE_LOOP ( 'NONE', ( #3, #1022, #1582, #2053 ) ) ;
#1038 = AXIS2_PLACEMENT_3D ( 'NONE', #1091, #1265, #116 ) ;
#1039 = CARTESIAN_POINT ( 'NONE',  ( 36.97000000000000597, -16.86999999999999744, 0.000000000000000000 ) ) ;
#1040 = AXIS2_PLACEMENT_3D ( 'NONE', #379, #742, #2009 ) ;
#1041 = CARTESIAN_POINT ( 'NONE',  ( 35.07000000000000028, -19.19999999999999929, 8.297929775280898923 ) ) ;
#1042 = VECTOR ( 'NONE', #1090, 100.0000000000000000 ) ;
#1043 = ORIENTED_EDGE ( 'NONE', *, *, #1661, .T. ) ;
#1044 = DIRECTION ( 'NONE',  ( -0.7071067811865279218, -0.000000000000000000, -0.7071067811865671127 ) ) ;
#1045 = EDGE_CURVE ( 'NONE', #2086, #345, #1727, .T. ) ;
#1046 = ORIENTED_EDGE ( 'NONE', *, *, #704, .F. ) ;
#1047 = VECTOR ( 'NONE', #1638, 100.0000000000000000 ) ;
#1048 = CARTESIAN_POINT ( 'NONE',  ( 29.05139209007197110, -18.60000000000000142, 5.640000000000005009 ) ) ;
#1049 = LINE ( 'NONE', #1721, #397 ) ;
#1050 = VECTOR ( 'NONE', #334, 100.0000000000000142 ) ;
#1051 = EDGE_CURVE ( 'NONE', #1698, #267, #979, .T. ) ;
#1052 = LINE ( 'NONE', #1223, #793 ) ;
#1053 = ORIENTED_EDGE ( 'NONE', *, *, #1613, .F. ) ;
#1054 = DIRECTION ( 'NONE',  ( 0.9731308116794299412, 0.000000000000000000, 0.2302529551604793612 ) ) ;
#1055 = CARTESIAN_POINT ( 'NONE',  ( 27.99248583586599182, -19.21000000000003638, 6.250000000000047073 ) ) ;
#1056 = CARTESIAN_POINT ( 'NONE',  ( 30.80247477505344733, -0.5999999999999949818, -5.626011820546818143 ) ) ;
#1057 = VERTEX_POINT ( 'NONE', #1154 ) ;
#1058 = ADVANCED_FACE ( 'NONE', ( #19 ), #504, .T. ) ;
#1059 = LINE ( 'NONE', #883, #149 ) ;
#1060 = LINE ( 'NONE', #95, #1966 ) ;
#1061 = ADVANCED_FACE ( 'NONE', ( #1230 ), #1067, .F. ) ;
#1062 = LINE ( 'NONE', #1910, #865 ) ;
#1063 = EDGE_CURVE ( 'NONE', #1028, #1592, #2024, .T. ) ;
#1064 = ORIENTED_EDGE ( 'NONE', *, *, #430, .F. ) ;
#1065 = PLANE ( 'NONE',  #1930 ) ;
#1066 = LINE ( 'NONE', #1228, #1278 ) ;
#1067 = PLANE ( 'NONE',  #255 ) ;
#1068 = ORIENTED_EDGE ( 'NONE', *, *, #1244, .F. ) ;
#1069 = FACE_OUTER_BOUND ( 'NONE', #1691, .T. ) ;
#1070 = CARTESIAN_POINT ( 'NONE',  ( 34.49199099467208640, -17.23499999999997101, 7.834900266628825882 ) ) ;
#1071 = PLANE ( 'NONE',  #147 ) ;
#1072 = ORIENTED_EDGE ( 'NONE', *, *, #1468, .F. ) ;
#1073 = DIRECTION ( 'NONE',  ( -0.9731308116794299412, 0.000000000000000000, -0.2302529551604793334 ) ) ;
#1074 = ADVANCED_FACE ( 'NONE', ( #2017 ), #557, .T. ) ;
#1075 = VECTOR ( 'NONE', #1025, 100.0000000000000142 ) ;
#1076 = DIRECTION ( 'NONE',  ( 1.000000000000000000, 0.000000000000000000, 0.000000000000000000 ) ) ;
#1077 = ORIENTED_EDGE ( 'NONE', *, *, #660, .F. ) ;
#1078 = AXIS2_PLACEMENT_3D ( 'NONE', #548, #701, #1203 ) ;
#1079 = LINE ( 'NONE', #892, #54 ) ;
#1080 = DIRECTION ( 'NONE',  ( 0.000000000000000000, 0.000000000000000000, -1.000000000000000000 ) ) ;
#1081 = LINE ( 'NONE', #96, #1520 ) ;
#1082 = AXIS2_PLACEMENT_3D ( 'NONE', #1107, #1762, #295 ) ;
#1083 = ORIENTED_EDGE ( 'NONE', *, *, #1428, .F. ) ;
#1084 = EDGE_CURVE ( 'NONE', #817, #777, #1033, .T. ) ;
#1085 = ORIENTED_EDGE ( 'NONE', *, *, #540, .T. ) ;
#1086 = DIRECTION ( 'NONE',  ( -0.2302529551604794444, 0.000000000000000000, 0.9731308116794299412 ) ) ;
#1087 = ADVANCED_FACE ( 'NONE', ( #1382 ), #1392, .T. ) ;
#1088 = EDGE_LOOP ( 'NONE', ( #640, #959, #2105, #1982, #1477 ) ) ;
#1089 = CARTESIAN_POINT ( 'NONE',  ( 30.20886497992896125, -0.5999999999999949818, -5.766466123194717852 ) ) ;
#1090 = DIRECTION ( 'NONE',  ( -1.000000000000000000, 0.000000000000000000, 0.000000000000000000 ) ) ;
#1091 = CARTESIAN_POINT ( 'NONE',  ( 0.000000000000000000, -19.19999999999999929, 0.000000000000000000 ) ) ;
#1092 = ORIENTED_EDGE ( 'NONE', *, *, #1051, .F. ) ;
#1093 = VERTEX_POINT ( 'NONE', #247 ) ;
#1094 = CARTESIAN_POINT ( 'NONE',  ( 27.65430787381351507, -17.98999999999997712, 5.029999999999972715 ) ) ;
#1095 = ORIENTED_EDGE ( 'NONE', *, *, #271, .T. ) ;
#1096 = ADVANCED_FACE ( 'NONE', ( #1214 ), #1708, .T. ) ;
#1097 = CARTESIAN_POINT ( 'NONE',  ( 37.07000000000000028, -19.19999999999999929, 8.771150749063668428 ) ) ;
#1098 = DIRECTION ( 'NONE',  ( -0.9731308116794301633, 0.000000000000000000, -0.2302529551604787506 ) ) ;
#1099 = PRODUCT_DEFINITION ( 'UNKNOWN', '', #636, #747 ) ;
#1100 = CARTESIAN_POINT ( 'NONE',  ( 29.04597365997205571, -18.60000000000000497, -6.041618404611488025 ) ) ;
#1101 = ORIENTED_EDGE ( 'NONE', *, *, #1661, .F. ) ;
#1102 = ORIENTED_EDGE ( 'NONE', *, *, #1219, .F. ) ;
#1103 = LINE ( 'NONE', #290, #89 ) ;
#1104 = ORIENTED_EDGE ( 'NONE', *, *, #1545, .T. ) ;
#1105 = CARTESIAN_POINT ( 'NONE',  ( 18.09000000000000341, -15.99000000000000199, 12.63499999999999979 ) ) ;
#1106 = CARTESIAN_POINT ( 'NONE',  ( 26.59540161960755000, -18.60000000000000497, 5.640000000000009450 ) ) ;
#1107 = CARTESIAN_POINT ( 'NONE',  ( 27.61203349049510081, -0.5999999999999949818, 6.533296688247299144 ) ) ;
#1108 = VECTOR ( 'NONE', #755, 100.0000000000000000 ) ;
#1109 = EDGE_CURVE ( 'NONE', #1808, #1248, #1538, .T. ) ;
#1110 = VERTEX_POINT ( 'NONE', #698 ) ;
#1111 = VECTOR ( 'NONE', #1005, 100.0000000000000142 ) ;
#1112 = ORIENTED_EDGE ( 'NONE', *, *, #430, .T. ) ;
#1113 = LINE ( 'NONE', #2066, #765 ) ;
#1114 = EDGE_LOOP ( 'NONE', ( #1877, #681 ) ) ;
#1115 = PLANE ( 'NONE',  #323 ) ;
#1116 = DIRECTION ( 'NONE',  ( 1.000000000000000000, 0.000000000000000000, 0.000000000000000000 ) ) ;
#1117 = CARTESIAN_POINT ( 'NONE',  ( 17.10999999999999943, -15.99000000000000199, 0.1000000000000000888 ) ) ;
#1118 = LINE ( 'NONE', #1795, #1050 ) ;
#1119 = ORIENTED_EDGE ( 'NONE', *, *, #1519, .T. ) ;
#1120 = EDGE_CURVE ( 'NONE', #338, #2048, #1363, .T. ) ;
#1121 = EDGE_CURVE ( 'NONE', #1387, #808, #1718, .T. ) ;
#1122 = ORIENTED_EDGE ( 'NONE', *, *, #1803, .T. ) ;
#1123 = ORIENTED_EDGE ( 'NONE', *, *, #740, .T. ) ;
#1124 = CARTESIAN_POINT ( 'NONE',  ( 17.10999999999999943, -1.219999999999998863, 5.019999999999997797 ) ) ;
#1125 = EDGE_LOOP ( 'NONE', ( #1938, #1292, #501, #1575 ) ) ;
#1126 = CARTESIAN_POINT ( 'NONE',  ( 27.90883838805734385, -18.60000000000000497, 6.603523839571251663 ) ) ;
#1127 = LINE ( 'NONE', #5, #972 ) ;
#1128 = FACE_OUTER_BOUND ( 'NONE', #1744, .T. ) ;
#1129 = ORIENTED_EDGE ( 'NONE', *, *, #1283, .T. ) ;
#1130 = ORIENTED_EDGE ( 'NONE', *, *, #490, .T. ) ;
#1131 = ORIENTED_EDGE ( 'NONE', *, *, #766, .F. ) ;
#1132 = CARTESIAN_POINT ( 'NONE',  ( 36.18999999999999773, -15.87000000000000099, 0.000000000000000000 ) ) ;
#1133 = CARTESIAN_POINT ( 'NONE',  ( 26.11289126055131860, -17.98999999999997712, 5.029999999999977156 ) ) ;
#1134 = EDGE_CURVE ( 'NONE', #1357, #286, #239, .T. ) ;
#1135 = AXIS2_PLACEMENT_3D ( 'NONE', #2015, #237, #226 ) ;
#1136 = DIRECTION ( 'NONE',  ( 1.000000000000000000, 0.000000000000000000, 0.000000000000000000 ) ) ;
#1137 =( LENGTH_UNIT ( ) NAMED_UNIT ( * ) SI_UNIT ( .CENTI., .METRE. ) );
#1138 = CIRCLE ( 'NONE', #214, 0.3050000000000044897 ) ;
#1139 = DIRECTION ( 'NONE',  ( 1.000000000000000000, 2.832201593431512852E-15, 0.000000000000000000 ) ) ;
#1140 = DIRECTION ( 'NONE',  ( -1.000000000000000000, 0.000000000000000000, 0.000000000000000000 ) ) ;
#1141 = AXIS2_PLACEMENT_3D ( 'NONE', #2049, #1034, #1720 ) ;
#1142 = ORIENTED_EDGE ( 'NONE', *, *, #1699, .F. ) ;
#1143 = AXIS2_PLACEMENT_3D ( 'NONE', #1780, #772, #1579 ) ;
#1144 = VECTOR ( 'NONE', #1871, 100.0000000000000000 ) ;
#1145 = ORIENTED_EDGE ( 'NONE', *, *, #228, .T. ) ;
#1146 = VECTOR ( 'NONE', #49, 100.0000000000000142 ) ;
#1147 = EDGE_CURVE ( 'NONE', #1020, #1335, #62, .T. ) ;
#1148 = EDGE_LOOP ( 'NONE', ( #1077, #1334 ) ) ;
#1149 = PLANE ( 'NONE',  #1253 ) ;
#1150 = AXIS2_PLACEMENT_3D ( 'NONE', #143, #1274, #1467 ) ;
#1151 = LINE ( 'NONE', #1639, #1955 ) ;
#1152 = EDGE_CURVE ( 'NONE', #900, #1182, #974, .T. ) ;
#1153 = EDGE_CURVE ( 'NONE', #1858, #886, #260, .T. ) ;
#1154 = CARTESIAN_POINT ( 'NONE',  ( 17.21000000000000441, -17.88000000000000256, 0.000000000000000000 ) ) ;
#1155 = DIRECTION ( 'NONE',  ( 0.000000000000000000, -0.7071067811865279218, -0.7071067811865671127 ) ) ;
#1156 = LINE ( 'NONE', #1669, #977 ) ;
#1157 = ORIENTED_EDGE ( 'NONE', *, *, #298, .F. ) ;
#1158 = ORIENTED_EDGE ( 'NONE', *, *, #127, .F. ) ;
#1159 = EDGE_LOOP ( 'NONE', ( #1897, #718, #1598, #1431 ) ) ;
#1160 = DIRECTION ( 'NONE',  ( -1.000000000000000000, 0.000000000000000000, 0.000000000000000000 ) ) ;
#1161 = DIRECTION ( 'NONE',  ( 0.000000000000000000, -0.7071067811865513475, 0.7071067811865436870 ) ) ;
#1162 = DIRECTION ( 'NONE',  ( 0.000000000000000000, -1.000000000000000000, 0.000000000000000000 ) ) ;
#1163 = CARTESIAN_POINT ( 'NONE',  ( 0.000000000000000000, 0.000000000000000000, 0.000000000000000000 ) ) ;
#1164 = FACE_OUTER_BOUND ( 'NONE', #1935, .T. ) ;
#1165 = DIRECTION ( 'NONE',  ( -0.9731308116794302743, 0.000000000000000000, -0.2302529551604782787 ) ) ;
#1166 = VERTEX_POINT ( 'NONE', #1371 ) ;
#1167 = LINE ( 'NONE', #2002, #2092 ) ;
#1168 = EDGE_LOOP ( 'NONE', ( #1672, #547, #855, #1279 ) ) ;
#1169 = EDGE_LOOP ( 'NONE', ( #920, #115, #126, #1492 ) ) ;
#1170 = FACE_BOUND ( 'NONE', #319, .T. ) ;
#1171 = ORIENTED_EDGE ( 'NONE', *, *, #961, .T. ) ;
#1172 = CARTESIAN_POINT ( 'NONE',  ( 17.99000000000000199, -3.209999999999987974, 0.000000000000000000 ) ) ;
#1173 = EDGE_CURVE ( 'NONE', #471, #292, #546, .T. ) ;
#1174 = DIRECTION ( 'NONE',  ( 0.000000000000000000, -1.000000000000000000, 0.000000000000000000 ) ) ;
#1175 = FACE_BOUND ( 'NONE', #2093, .T. ) ;
#1176 = VECTOR ( 'NONE', #520, 100.0000000000000000 ) ;
#1177 = VECTOR ( 'NONE', #668, 100.0000000000000000 ) ;
#1178 = CARTESIAN_POINT ( 'NONE',  ( 35.07000000000000028, -17.98000000000000043, 0.3747477419454636749 ) ) ;
#1179 = ADVANCED_FACE ( 'NONE', ( #2047 ), #579, .T. ) ;
#1180 = ORIENTED_EDGE ( 'NONE', *, *, #2039, .T. ) ;
#1181 = CIRCLE ( 'NONE', #1317, 0.3050000000000159250 ) ;
#1182 = VERTEX_POINT ( 'NONE', #1841 ) ;
#1183 = DIRECTION ( 'NONE',  ( -0.9731308116794301633, 0.000000000000000000, -0.2302529551604787506 ) ) ;
#1184 = LINE ( 'NONE', #513, #899 ) ;
#1185 = AXIS2_PLACEMENT_3D ( 'NONE', #1772, #578, #625 ) ;
#1186 = LINE ( 'NONE', #813, #905 ) ;
#1187 = DIRECTION ( 'NONE',  ( -0.2302529551604794444, 0.000000000000000000, 0.9731308116794300522 ) ) ;
#1188 = CARTESIAN_POINT ( 'NONE',  ( 17.10999999999999943, -15.99000000000000199, 12.63499999999999979 ) ) ;
#1189 = LINE ( 'NONE', #25, #1176 ) ;
#1190 = ORIENTED_EDGE ( 'NONE', *, *, #1258, .F. ) ;
#1191 = EDGE_CURVE ( 'NONE', #878, #786, #1291, .T. ) ;
#1192 = CARTESIAN_POINT ( 'NONE',  ( 17.99000000000000199, -19.19999999999999929, 0.000000000000000000 ) ) ;
#1193 = CARTESIAN_POINT ( 'NONE',  ( 26.44914217053819883, -0.5999999999999949818, 6.258144406830531636 ) ) ;
#1194 = DIRECTION ( 'NONE',  ( 1.000000000000000000, 0.000000000000000000, 0.000000000000000000 ) ) ;
#1195 = PLANE ( 'NONE',  #1078 ) ;
#1196 = CARTESIAN_POINT ( 'NONE',  ( 29.57828620936730601, -0.6000000000000005329, 4.737788335293272368 ) ) ;
#1197 = LINE ( 'NONE', #1852, #1208 ) ;
#1198 = ORIENTED_EDGE ( 'NONE', *, *, #606, .T. ) ;
#1199 = DIRECTION ( 'NONE',  ( 0.000000000000000000, 1.000000000000000000, 0.000000000000000000 ) ) ;
#1200 = DIRECTION ( 'NONE',  ( -1.000000000000000000, 0.000000000000000000, 0.000000000000000000 ) ) ;
#1201 = CARTESIAN_POINT ( 'NONE',  ( 34.96999999999999886, -19.19999999999999929, 0.000000000000000000 ) ) ;
#1202 = VERTEX_POINT ( 'NONE', #71 ) ;
#1203 = DIRECTION ( 'NONE',  ( -1.000000000000000000, 0.000000000000000000, 0.000000000000000000 ) ) ;
#1204 = DIRECTION ( 'NONE',  ( 1.000000000000000000, 0.000000000000000000, 0.000000000000000000 ) ) ;
#1205 = CARTESIAN_POINT ( 'NONE',  ( 18.08999999999999986, -19.19999999999999929, 4.280283707865168097 ) ) ;
#1206 = VECTOR ( 'NONE', #326, 100.0000000000000000 ) ;
#1207 = ORIENTED_EDGE ( 'NONE', *, *, #761, .T. ) ;
#1208 = VECTOR ( 'NONE', #406, 100.0000000000000142 ) ;
#1209 = DIRECTION ( 'NONE',  ( -0.9731308116794299412, -0.000000000000000000, -0.2302529551604793612 ) ) ;
#1210 = VECTOR ( 'NONE', #2041, 100.0000000000000000 ) ;
#1211 = DIRECTION ( 'NONE',  ( 0.9731308116794299412, 0.000000000000000000, 0.2302529551604793612 ) ) ;
#1212 = EDGE_CURVE ( 'NONE', #2045, #263, #433, .T. ) ;
#1213 = ORIENTED_EDGE ( 'NONE', *, *, #1045, .F. ) ;
#1214 = FACE_OUTER_BOUND ( 'NONE', #1800, .T. ) ;
#1215 = VECTOR ( 'NONE', #378, 100.0000000000000000 ) ;
#1216 = ORIENTED_EDGE ( 'NONE', *, *, #390, .F. ) ;
#1217 = EDGE_CURVE ( 'NONE', #263, #422, #941, .T. ) ;
#1218 = VECTOR ( 'NONE', #133, 99.99999999999998579 ) ;
#1219 = EDGE_CURVE ( 'NONE', #1259, #24, #269, .T. ) ;
#1220 = DIRECTION ( 'NONE',  ( 0.5773502691896257311, 0.5773502691896257311, 0.5773502691896257311 ) ) ;
#1221 = CARTESIAN_POINT ( 'NONE',  ( 34.17085782681789397, -16.90499999999999403, 7.758916791425877868 ) ) ;
#1222 = EDGE_CURVE ( 'NONE', #1202, #29, #921, .T. ) ;
#1223 = CARTESIAN_POINT ( 'NONE',  ( 17.11000000000000654, -19.19999999999997442, 4.048405430711611963 ) ) ;
#1224 = AXIS2_PLACEMENT_3D ( 'NONE', #1163, #1986, #330 ) ;
#1225 = EDGE_LOOP ( 'NONE', ( #830, #648, #473, #616 ) ) ;
#1226 = APPLICATION_CONTEXT ( 'automotive_design' ) ;
#1227 = DIRECTION ( 'NONE',  ( -0.5773502691896266192, -0.5773502691896252870, 0.5773502691896252870 ) ) ;
#1228 = CARTESIAN_POINT ( 'NONE',  ( 37.07000000000000028, -16.96999999999999886, 12.63499999999999979 ) ) ;
#1229 = EDGE_LOOP ( 'NONE', ( #837, #1068, #277, #1904 ) ) ;
#1230 = FACE_OUTER_BOUND ( 'NONE', #566, .T. ) ;
#1231 = EDGE_LOOP ( 'NONE', ( #971, #1303, #607, #1512 ) ) ;
#1232 = DIRECTION ( 'NONE',  ( 0.9731308116794299412, 0.000000000000000000, 0.2302529551604793612 ) ) ;
#1233 = DIRECTION ( 'NONE',  ( 0.000000000000000000, -1.000000000000000000, 0.000000000000000000 ) ) ;
#1234 = CARTESIAN_POINT ( 'NONE',  ( 37.07000000000000739, -16.96999999999999886, 8.771150749063673757 ) ) ;
#1235 = ORIENTED_EDGE ( 'NONE', *, *, #1222, .F. ) ;
#1236 = CYLINDRICAL_SURFACE ( 'NONE', #1150, 0.3050000000000159250 ) ;
#1237 = DIRECTION ( 'NONE',  ( 0.000000000000000000, 1.000000000000000000, 0.000000000000000000 ) ) ;
#1238 = ORIENTED_EDGE ( 'NONE', *, *, #764, .T. ) ;
#1239 = CARTESIAN_POINT ( 'NONE',  ( 19.10999999999999943, -2.209999999999989750, 0.1000000000000000888 ) ) ;
#1240 = DIRECTION ( 'NONE',  ( 0.5773502691896361672, -0.5773502691896371664, -0.5773502691896039707 ) ) ;
#1241 = ADVANCED_FACE ( 'NONE', ( #1738 ), #1420, .T. ) ;
#1242 = LINE ( 'NONE', #1533, #1789 ) ;
#1243 = ORIENTED_EDGE ( 'NONE', *, *, #367, .F. ) ;
#1244 = EDGE_CURVE ( 'NONE', #770, #775, #913, .T. ) ;
#1245 = VECTOR ( 'NONE', #35, 100.0000000000000142 ) ;
#1246 = ORIENTED_EDGE ( 'NONE', *, *, #2058, .T. ) ;
#1247 = DIRECTION ( 'NONE',  ( -1.000000000000000000, 0.000000000000000000, 0.000000000000000000 ) ) ;
#1248 = VERTEX_POINT ( 'NONE', #930 ) ;
#1249 = VECTOR ( 'NONE', #73, 100.0000000000000142 ) ;
#1250 = AXIS2_PLACEMENT_3D ( 'NONE', #1587, #1916, #1465 ) ;
#1251 = LINE ( 'NONE', #1899, #527 ) ;
#1252 = FACE_OUTER_BOUND ( 'NONE', #1945, .T. ) ;
#1253 = AXIS2_PLACEMENT_3D ( 'NONE', #674, #1948, #1160 ) ;
#1254 = ORIENTED_EDGE ( 'NONE', *, *, #572, .F. ) ;
#1255 = CARTESIAN_POINT ( 'NONE',  ( 35.07999999999996277, -16.98000000000004306, 1.109999999999979226 ) ) ;
#1256 = VECTOR ( 'NONE', #1227, 100.0000000000000142 ) ;
#1257 = ORIENTED_EDGE ( 'NONE', *, *, #81, .F. ) ;
#1258 = EDGE_CURVE ( 'NONE', #705, #721, #588, .T. ) ;
#1259 = VERTEX_POINT ( 'NONE', #2054 ) ;
#1260 = LINE ( 'NONE', #1745, #459 ) ;
#1261 = VERTEX_POINT ( 'NONE', #1895 ) ;
#1262 = DIRECTION ( 'NONE',  ( 1.000000000000000000, 0.000000000000000000, 0.000000000000000000 ) ) ;
#1263 = CARTESIAN_POINT ( 'NONE',  ( 36.09000000000000341, -2.229999999999987548, 12.63499999999999979 ) ) ;
#1264 = VERTEX_POINT ( 'NONE', #1887 ) ;
#1265 = DIRECTION ( 'NONE',  ( 0.000000000000000000, 0.000000000000000000, 1.000000000000000000 ) ) ;
#1266 = ORIENTED_EDGE ( 'NONE', *, *, #1764, .F. ) ;
#1267 = ORIENTED_EDGE ( 'NONE', *, *, #1289, .F. ) ;
#1268 = DIRECTION ( 'NONE',  ( 0.000000000000000000, 1.000000000000000000, -0.000000000000000000 ) ) ;
#1269 = ORIENTED_EDGE ( 'NONE', *, *, #1428, .T. ) ;
#1270 = EDGE_CURVE ( 'NONE', #786, #1182, #301, .T. ) ;
#1271 = CARTESIAN_POINT ( 'NONE',  ( 17.11000000000000298, -17.88000000000000256, 0.1000000000000000611 ) ) ;
#1272 = DIRECTION ( 'NONE',  ( -0.2302529551604794444, 0.000000000000000000, 0.9731308116794299412 ) ) ;
#1273 = PLANE ( 'NONE',  #726 ) ;
#1274 = DIRECTION ( 'NONE',  ( -0.2302529551604794722, 0.000000000000000000, 0.9731308116794300522 ) ) ;
#1275 = VERTEX_POINT ( 'NONE', #1567 ) ;
#1276 = ORIENTED_EDGE ( 'NONE', *, *, #1120, .T. ) ;
#1277 = DIRECTION ( 'NONE',  ( 0.000000000000000000, -1.000000000000000000, 0.000000000000000000 ) ) ;
#1278 = VECTOR ( 'NONE', #1544, 100.0000000000000000 ) ;
#1279 = ORIENTED_EDGE ( 'NONE', *, *, #838, .T. ) ;
#1280 = DIRECTION ( 'NONE',  ( -1.000000000000000000, 0.000000000000000000, 0.000000000000000000 ) ) ;
#1281 = EDGE_CURVE ( 'NONE', #1659, #2086, #1729, .T. ) ;
#1282 = VECTOR ( 'NONE', #1758, 100.0000000000000000 ) ;
#1283 = EDGE_CURVE ( 'NONE', #1808, #148, #1113, .T. ) ;
#1284 = VECTOR ( 'NONE', #635, 100.0000000000000000 ) ;
#1285 = CARTESIAN_POINT ( 'NONE',  ( 0.000000000000000000, -17.88000000000000256, 0.1000000000000000056 ) ) ;
#1286 = DIRECTION ( 'NONE',  ( -1.000000000000000000, 0.000000000000000000, 0.000000000000000000 ) ) ;
#1287 = VECTOR ( 'NONE', #987, 100.0000000000000000 ) ;
#1288 = ORIENTED_EDGE ( 'NONE', *, *, #1258, .T. ) ;
#1289 = EDGE_CURVE ( 'NONE', #354, #1020, #1260, .T. ) ;
#1290 = AXIS2_PLACEMENT_3D ( 'NONE', #467, #306, #257 ) ;
#1291 =( BOUNDED_CURVE ( )  B_SPLINE_CURVE ( 3, ( #717, #776, #1094, #440 ),
 .UNSPECIFIED., .F., .T. ) 
 B_SPLINE_CURVE_WITH_KNOTS ( ( 4, 4 ),
 ( 1.797104947649392326, 4.938697601239183221 ),
 .UNSPECIFIED. ) 
 CURVE ( )  GEOMETRIC_REPRESENTATION_ITEM ( )  RATIONAL_B_SPLINE_CURVE ( ( 1.000000000000000000, 0.3333333333333341475, 0.3333333333333341475, 1.000000000000000000 ) ) 
 REPRESENTATION_ITEM ( '' )  );
#1292 = ORIENTED_EDGE ( 'NONE', *, *, #1529, .F. ) ;
#1293 = DIRECTION ( 'NONE',  ( 1.000000000000000000, 0.000000000000000000, 0.000000000000000000 ) ) ;
#1294 = VERTEX_POINT ( 'NONE', #278 ) ;
#1295 = CARTESIAN_POINT ( 'NONE',  ( 28.13681823286975359, -0.5999999999999949818, 5.640000000000008562 ) ) ;
#1296 = FACE_OUTER_BOUND ( 'NONE', #1009, .T. ) ;
#1297 = SURFACE_STYLE_USAGE ( .BOTH. , #1621 ) ;
#1298 = DIRECTION ( 'NONE',  ( 0.9731308116794299412, 0.000000000000000000, 0.2302529551604796110 ) ) ;
#1299 = EDGE_LOOP ( 'NONE', ( #2096, #1489 ) ) ;
#1300 = ORIENTED_EDGE ( 'NONE', *, *, #873, .F. ) ;
#1301 = ORIENTED_EDGE ( 'NONE', *, *, #560, .F. ) ;
#1302 = DIRECTION ( 'NONE',  ( 0.000000000000000000, -1.000000000000000000, 0.000000000000000000 ) ) ;
#1303 = ORIENTED_EDGE ( 'NONE', *, *, #169, .F. ) ;
#1304 = DIRECTION ( 'NONE',  ( 1.000000000000000000, 0.000000000000000000, 0.000000000000000000 ) ) ;
#1305 = DIRECTION ( 'NONE',  ( -1.000000000000000000, 0.000000000000000000, 0.000000000000000000 ) ) ;
#1306 = CARTESIAN_POINT ( 'NONE',  ( 19.63228350032719405, -17.23499999999997101, 4.318937641328306043 ) ) ;
#1307 = ADVANCED_FACE ( 'NONE', ( #1439 ), #1584, .T. ) ;
#1308 = ORIENTED_EDGE ( 'NONE', *, *, #1641, .T. ) ;
#1309 = VERTEX_POINT ( 'NONE', #2085 ) ;
#1310 = ADVANCED_FACE ( 'NONE', ( #1430 ), #2076, .F. ) ;
#1311 = ORIENTED_EDGE ( 'NONE', *, *, #1375, .F. ) ;
#1312 = FACE_OUTER_BOUND ( 'NONE', #337, .T. ) ;
#1313 = FACE_OUTER_BOUND ( 'NONE', #1225, .T. ) ;
#1314 = PLANE ( 'NONE',  #1862 ) ;
#1315 = PLANE ( 'NONE',  #594 ) ;
#1316 = LINE ( 'NONE', #1678, #2035 ) ;
#1317 = AXIS2_PLACEMENT_3D ( 'NONE', #731, #1710, #249 ) ;
#1318 = ORIENTED_EDGE ( 'NONE', *, *, #231, .F. ) ;
#1319 = CARTESIAN_POINT ( 'NONE',  ( 18.09000000000000341, -15.99000000000000199, 0.1000000000000000888 ) ) ;
#1320 = CIRCLE ( 'NONE', #598, 0.3050000000000159250 ) ;
#1321 = ORIENTED_EDGE ( 'NONE', *, *, #280, .T. ) ;
#1322 = CIRCLE ( 'NONE', #118, 0.3050000000000044897 ) ;
#1323 = ORIENTED_EDGE ( 'NONE', *, *, #1281, .F. ) ;
#1324 = EDGE_CURVE ( 'NONE', #1275, #1784, #447, .T. ) ;
#1325 = DIRECTION ( 'NONE',  ( 0.000000000000000000, 0.000000000000000000, -1.000000000000000000 ) ) ;
#1326 = AXIS2_PLACEMENT_3D ( 'NONE', #1860, #394, #1373 ) ;
#1327 = ORIENTED_EDGE ( 'NONE', *, *, #1217, .F. ) ;
#1328 = DIRECTION ( 'NONE',  ( -0.7071067811865471286, 9.862389815852852257E-16, -0.7071067811865479058 ) ) ;
#1329 = EDGE_CURVE ( 'NONE', #488, #1248, #1103, .T. ) ;
#1330 = DIRECTION ( 'NONE',  ( 0.000000000000000000, 1.000000000000000000, 0.000000000000000000 ) ) ;
#1331 = DIRECTION ( 'NONE',  ( -0.2302529551604794167, 0.000000000000000000, 0.9731308116794300522 ) ) ;
#1332 = VERTEX_POINT ( 'NONE', #1597 ) ;
#1333 = FACE_OUTER_BOUND ( 'NONE', #1612, .T. ) ;
#1334 = ORIENTED_EDGE ( 'NONE', *, *, #256, .F. ) ;
#1335 = VERTEX_POINT ( 'NONE', #129 ) ;
#1336 = PLANE ( 'NONE',  #1456 ) ;
#1337 = DIRECTION ( 'NONE',  ( 0.9731308116794299412, 2.756102635455783593E-15, 0.2302529551604793612 ) ) ;
#1338 = EDGE_CURVE ( 'NONE', #1695, #1028, #461, .T. ) ;
#1339 = FACE_OUTER_BOUND ( 'NONE', #1159, .T. ) ;
#1340 =( NAMED_UNIT ( * ) SI_UNIT ( $, .STERADIAN. ) SOLID_ANGLE_UNIT ( ) );
#1341 = DIRECTION ( 'NONE',  ( 0.5773502691896257311, -0.5773502691896257311, 0.5773502691896257311 ) ) ;
#1342 = DIRECTION ( 'NONE',  ( -1.000000000000000000, -2.832201593431512852E-15, 0.000000000000000000 ) ) ;
#1343 = ORIENTED_EDGE ( 'NONE', *, *, #898, .F. ) ;
#1344 = DIRECTION ( 'NONE',  ( 0.000000000000000000, 1.000000000000000000, 0.000000000000000000 ) ) ;
#1345 = ORIENTED_EDGE ( 'NONE', *, *, #1593, .F. ) ;
#1346 = ORIENTED_EDGE ( 'NONE', *, *, #1152, .F. ) ;
#1347 = DIRECTION ( 'NONE',  ( 0.000000000000000000, 1.000000000000000000, 0.000000000000000000 ) ) ;
#1348 = DIRECTION ( 'NONE',  ( 0.000000000000000000, 1.000000000000000000, 0.000000000000000000 ) ) ;
#1349 = CARTESIAN_POINT ( 'NONE',  ( 36.09000000000000341, -16.96999999999999886, 0.09999999999999453770 ) ) ;
#1350 = EDGE_CURVE ( 'NONE', #541, #1110, #1812, .T. ) ;
#1351 = CARTESIAN_POINT ( 'NONE',  ( 0.000000000000000000, -1.319999999999998952, 0.000000000000000000 ) ) ;
#1352 = CARTESIAN_POINT ( 'NONE',  ( 34.17085782681789397, -2.294999999999990159, 7.758916791425877868 ) ) ;
#1353 = EDGE_CURVE ( 'NONE', #983, #1647, #820, .T. ) ;
#1354 = AXIS2_PLACEMENT_3D ( 'NONE', #221, #1572, #2020 ) ;
#1355 = CARTESIAN_POINT ( 'NONE',  ( 37.07000000000000028, -16.96999999999999886, 12.63499999999999979 ) ) ;
#1356 = EDGE_CURVE ( 'NONE', #864, #1695, #348, .T. ) ;
#1357 = VERTEX_POINT ( 'NONE', #811 ) ;
#1358 = VECTOR ( 'NONE', #1423, 100.0000000000000000 ) ;
#1359 = LINE ( 'NONE', #1705, #462 ) ;
#1360 = CARTESIAN_POINT ( 'NONE',  ( 26.59540161960755000, -18.60000000000000497, 5.640000000000009450 ) ) ;
#1361 = CIRCLE ( 'NONE', #1796, 0.3050000000000044897 ) ;
#1362 = VECTOR ( 'NONE', #533, 100.0000000000000000 ) ;
#1363 = LINE ( 'NONE', #1056, #796 ) ;
#1364 = DIRECTION ( 'NONE',  ( 1.000000000000000000, 0.000000000000000000, 0.000000000000000000 ) ) ;
#1365 = DIRECTION ( 'NONE',  ( 0.000000000000000000, 0.9396926207859087610, 0.3420201433256678802 ) ) ;
#1366 = CARTESIAN_POINT ( 'NONE',  ( 19.55917818706374334, -1.964999999999972324, 4.627906674036525558 ) ) ;
#1367 = EDGE_LOOP ( 'NONE', ( #657, #187, #1301, #340 ) ) ;
#1368 = CARTESIAN_POINT ( 'NONE',  ( 26.59540161960755711, -0.5999999999999949818, 5.640000000000005009 ) ) ;
#1369 = DIRECTION ( 'NONE',  ( 0.000000000000000000, 0.000000000000000000, -1.000000000000000000 ) ) ;
#1370 = ORIENTED_EDGE ( 'NONE', *, *, #136, .F. ) ;
#1371 = CARTESIAN_POINT ( 'NONE',  ( 34.96999999999999886, -1.319999999999998952, 0.000000000000000000 ) ) ;
#1372 = CARTESIAN_POINT ( 'NONE',  ( 35.07000000000000028, -19.20000000000000284, 8.297929775280900699 ) ) ;
#1373 = DIRECTION ( 'NONE',  ( -1.000000000000000000, -2.832201593431512852E-15, 0.000000000000000000 ) ) ;
#1374 = DIRECTION ( 'NONE',  ( 0.000000000000000000, 1.000000000000000000, 0.000000000000000000 ) ) ;
#1375 = EDGE_CURVE ( 'NONE', #1294, #800, #832, .T. ) ;
#1376 = ORIENTED_EDGE ( 'NONE', *, *, #1338, .T. ) ;
#1377 = EDGE_CURVE ( 'NONE', #817, #1019, #1957, .T. ) ;
#1378 = CARTESIAN_POINT ( 'NONE',  ( 34.96999999999999886, -17.88000000000000256, 0.000000000000000000 ) ) ;
#1379 = CARTESIAN_POINT ( 'NONE',  ( 29.34277855753429876, -18.60000000000000497, -5.971391253287538170 ) ) ;
#1380 = ADVANCED_FACE ( 'NONE', ( #1312 ), #1336, .T. ) ;
#1381 = ORIENTED_EDGE ( 'NONE', *, *, #1270, .T. ) ;
#1382 = FACE_OUTER_BOUND ( 'NONE', #510, .T. ) ;
#1383 = ORIENTED_EDGE ( 'NONE', *, *, #1716, .T. ) ;
#1384 = LINE ( 'NONE', #241, #252 ) ;
#1385 = CARTESIAN_POINT ( 'NONE',  ( 35.07000000000000028, -15.97000000000000064, 12.63499999999999979 ) ) ;
#1386 = PLANE ( 'NONE',  #1354 ) ;
#1387 = VERTEX_POINT ( 'NONE', #1482 ) ;
#1388 = AXIS2_PLACEMENT_3D ( 'NONE', #1454, #968, #2103 ) ;
#1389 = CARTESIAN_POINT ( 'NONE',  ( 0.000000000000000000, -17.98000000000000043, 0.000000000000000000 ) ) ;
#1390 = VECTOR ( 'NONE', #63, 100.0000000000000000 ) ;
#1391 = DIRECTION ( 'NONE',  ( 0.000000000000000000, -1.000000000000000000, 0.000000000000000000 ) ) ;
#1392 = PLANE ( 'NONE',  #699 ) ;
#1393 = ORIENTED_EDGE ( 'NONE', *, *, #1219, .T. ) ;
#1394 = VECTOR ( 'NONE', #477, 100.0000000000000000 ) ;
#1395 = CARTESIAN_POINT ( 'NONE',  ( 27.50997547680976041, -18.60000000000000497, 5.640000000000007674 ) ) ;
#1396 = DIRECTION ( 'NONE',  ( 0.000000000000000000, 0.000000000000000000, -1.000000000000000000 ) ) ;
#1397 = LINE ( 'NONE', #65, #695 ) ;
#1398 = VERTEX_POINT ( 'NONE', #28 ) ;
#1399 = DIRECTION ( 'NONE',  ( 0.000000000000000000, 0.7071067811865475727, -0.7071067811865475727 ) ) ;
#1400 = UNCERTAINTY_MEASURE_WITH_UNIT (LENGTH_MEASURE( 1.000000000000000082E-05 ), #1137, 'distance_accuracy_value', 'NONE');
#1401 = CARTESIAN_POINT ( 'NONE',  ( 19.63228350032719405, -1.964999999999972324, 4.318937641328306043 ) ) ;
#1402 = ADVANCED_FACE ( 'NONE', ( #798 ), #1149, .T. ) ;
#1403 = ORIENTED_EDGE ( 'NONE', *, *, #915, .F. ) ;
#1404 = PLANE ( 'NONE',  #1141 ) ;
#1405 = FACE_OUTER_BOUND ( 'NONE', #1125, .T. ) ;
#1406 = FACE_OUTER_BOUND ( 'NONE', #1885, .T. ) ;
#1407 = ORIENTED_EDGE ( 'NONE', *, *, #8, .F. ) ;
#1408 = CARTESIAN_POINT ( 'NONE',  ( 0.000000000000000000, -17.88000000000000256, 0.1000000000000000056 ) ) ;
#1409 = ORIENTED_EDGE ( 'NONE', *, *, #766, .T. ) ;
#1410 = DIRECTION ( 'NONE',  ( -0.9731308116794299412, -0.000000000000000000, -0.2302529551604793612 ) ) ;
#1411 = ORIENTED_EDGE ( 'NONE', *, *, #608, .T. ) ;
#1412 = DIRECTION ( 'NONE',  ( 0.7071067811865279218, 0.000000000000000000, -0.7071067811865671127 ) ) ;
#1413 = LINE ( 'NONE', #242, #1760 ) ;
#1414 = ADVANCED_FACE ( 'NONE', ( #15, #642, #1983, #1170, #491, #1010, #1825, #1663 ), #1777, .F. ) ;
#1415 = DIRECTION ( 'NONE',  ( 1.000000000000000000, 0.000000000000000000, 8.673617379884035472E-17 ) ) ;
#1416 = VERTEX_POINT ( 'NONE', #1132 ) ;
#1417 = VECTOR ( 'NONE', #192, 100.0000000000000000 ) ;
#1418 = ORIENTED_EDGE ( 'NONE', *, *, #783, .F. ) ;
#1419 = VECTOR ( 'NONE', #229, 100.0000000000000000 ) ;
#1420 = PLANE ( 'NONE',  #563 ) ;
#1421 = ORIENTED_EDGE ( 'NONE', *, *, #127, .T. ) ;
#1422 =( GEOMETRIC_REPRESENTATION_CONTEXT ( 3 ) GLOBAL_UNCERTAINTY_ASSIGNED_CONTEXT ( ( #1400 ) ) GLOBAL_UNIT_ASSIGNED_CONTEXT ( ( #1137, #991, #1340 ) ) REPRESENTATION_CONTEXT ( 'NONE', 'WORKASPACE' ) );
#1423 = DIRECTION ( 'NONE',  ( -0.5773502691896363892, 0.5773502691896363892, -0.5773502691896044148 ) ) ;
#1424 = PLANE ( 'NONE',  #2001 ) ;
#1425 = AXIS2_PLACEMENT_3D ( 'NONE', #196, #848, #664 ) ;
#1426 = VECTOR ( 'NONE', #1517, 100.0000000000000000 ) ;
#1427 = ORIENTED_EDGE ( 'NONE', *, *, #704, .T. ) ;
#1428 = EDGE_CURVE ( 'NONE', #721, #1911, #631, .T. ) ;
#1429 = ORIENTED_EDGE ( 'NONE', *, *, #1969, .T. ) ;
#1430 = FACE_OUTER_BOUND ( 'NONE', #1088, .T. ) ;
#1431 = ORIENTED_EDGE ( 'NONE', *, *, #949, .T. ) ;
#1432 = LINE ( 'NONE', #1097, #1620 ) ;
#1433 = CARTESIAN_POINT ( 'NONE',  ( 18.09000000000000341, -19.19999999999999929, 4.280283707865168985 ) ) ;
#1434 = DIRECTION ( 'NONE',  ( -0.9731308116794302743, 0.000000000000000000, -0.2302529551604782787 ) ) ;
#1435 = ORIENTED_EDGE ( 'NONE', *, *, #610, .F. ) ;
#1436 = EDGE_CURVE ( 'NONE', #191, #1577, #1361, .T. ) ;
#1437 = ORIENTED_EDGE ( 'NONE', *, *, #299, .T. ) ;
#1438 = ADVANCED_FACE ( 'NONE', ( #962 ), #1628, .F. ) ;
#1439 = FACE_OUTER_BOUND ( 'NONE', #99, .T. ) ;
#1440 = EDGE_CURVE ( 'NONE', #2108, #1309, #1460, .T. ) ;
#1441 = ORIENTED_EDGE ( 'NONE', *, *, #1329, .F. ) ;
#1442 = LINE ( 'NONE', #124, #216 ) ;
#1443 = EDGE_CURVE ( 'NONE', #1019, #864, #324, .T. ) ;
#1444 = CARTESIAN_POINT ( 'NONE',  ( 29.87509110692953485, -0.6000000000000005329, 4.808015486617218670 ) ) ;
#1445 = LINE ( 'NONE', #1932, #1218 ) ;
#1446 = EDGE_LOOP ( 'NONE', ( #460, #617, #1810, #1180 ) ) ;
#1447 = ORIENTED_EDGE ( 'NONE', *, *, #2114, .F. ) ;
#1448 = CARTESIAN_POINT ( 'NONE',  ( 0.000000000000000000, -17.98000000000000043, 5.020000000000000462 ) ) ;
#1449 = VECTOR ( 'NONE', #1391, 100.0000000000000000 ) ;
#1450 = ORIENTED_EDGE ( 'NONE', *, *, #690, .F. ) ;
#1451 = CARTESIAN_POINT ( 'NONE',  ( 17.10999999999997456, -19.20000000000002416, 4.048405430711603969 ) ) ;
#1452 = CARTESIAN_POINT ( 'NONE',  ( 29.67823484613193941, -0.6000000000000005329, 5.640000000000002345 ) ) ;
#1453 = VECTOR ( 'NONE', #1136, 100.0000000000000000 ) ;
#1454 = CARTESIAN_POINT ( 'NONE',  ( 29.57828620936730601, -18.60000000000000142, 4.737788335293272368 ) ) ;
#1455 = LINE ( 'NONE', #1886, #224 ) ;
#1456 = AXIS2_PLACEMENT_3D ( 'NONE', #1505, #1293, #358 ) ;
#1457 = ORIENTED_EDGE ( 'NONE', *, *, #922, .T. ) ;
#1458 = VECTOR ( 'NONE', #1342, 100.0000000000000000 ) ;
#1459 = ORIENTED_EDGE ( 'NONE', *, *, #76, .F. ) ;
#1460 = LINE ( 'NONE', #2107, #429 ) ;
#1461 = ORIENTED_EDGE ( 'NONE', *, *, #560, .T. ) ;
#1462 = PRODUCT_DEFINITION_SHAPE ( 'NONE', 'NONE',  #1099 ) ;
#1463 = EDGE_CURVE ( 'NONE', #1577, #191, #1322, .T. ) ;
#1464 = LINE ( 'NONE', #2109, #1453 ) ;
#1465 = DIRECTION ( 'NONE',  ( -0.9731308116794301633, 0.000000000000000000, -0.2302529551604787506 ) ) ;
#1466 = CARTESIAN_POINT ( 'NONE',  ( 35.07000000000000028, -3.229999999999985771, 0.09999999999999453770 ) ) ;
#1467 = DIRECTION ( 'NONE',  ( -0.9731308116794301633, 0.000000000000000000, -0.2302529551604787506 ) ) ;
#1468 = EDGE_CURVE ( 'NONE', #1965, #983, #706, .T. ) ;
#1469 = ORIENTED_EDGE ( 'NONE', *, *, #93, .T. ) ;
#1470 = ORIENTED_EDGE ( 'NONE', *, *, #1676, .F. ) ;
#1471 = ORIENTED_EDGE ( 'NONE', *, *, #838, .F. ) ;
#1472 = CARTESIAN_POINT ( 'NONE',  ( 29.07172970801424938, -0.6000000000000005329, 6.878676120988018283 ) ) ;
#1473 = CARTESIAN_POINT ( 'NONE',  ( 17.11000000000000298, -17.98000000000000043, 12.63499999999999979 ) ) ;
#1474 = DIRECTION ( 'NONE',  ( -0.9731308116794301633, 0.000000000000000000, -0.2302529551604787506 ) ) ;
#1475 = CARTESIAN_POINT ( 'NONE',  ( 0.000000000000000000, -2.109999999999989662, 0.000000000000000000 ) ) ;
#1476 = CARTESIAN_POINT ( 'NONE',  ( 27.50997547680976041, -0.5999999999999949818, 5.640000000000007674 ) ) ;
#1477 = ORIENTED_EDGE ( 'NONE', *, *, #1725, .T. ) ;
#1478 = EDGE_CURVE ( 'NONE', #2048, #1398, #1320, .T. ) ;
#1479 = DIRECTION ( 'NONE',  ( 0.7071067811865279218, 0.000000000000000000, -0.7071067811865671127 ) ) ;
#1480 = ORIENTED_EDGE ( 'NONE', *, *, #280, .F. ) ;
#1481 = EDGE_LOOP ( 'NONE', ( #914, #986 ) ) ;
#1482 = CARTESIAN_POINT ( 'NONE',  ( 19.11000000000000298, -16.98999999999999844, 4.521626404494381468 ) ) ;
#1483 = DIRECTION ( 'NONE',  ( -0.9731308116794302743, 0.000000000000000000, -0.2302529551604782787 ) ) ;
#1484 = AXIS2_PLACEMENT_3D ( 'NONE', #671, #1479, #1344 ) ;
#1485 = DIRECTION ( 'NONE',  ( 0.000000000000000000, -0.7071067811865436870, 0.7071067811865513475 ) ) ;
#1486 = FACE_OUTER_BOUND ( 'NONE', #1169, .T. ) ;
#1487 = PLANE ( 'NONE',  #2005 ) ;
#1488 = VECTOR ( 'NONE', #840, 100.0000000000000000 ) ;
#1489 = ORIENTED_EDGE ( 'NONE', *, *, #76, .T. ) ;
#1490 = LINE ( 'NONE', #1008, #1551 ) ;
#1491 = AXIS2_PLACEMENT_3D ( 'NONE', #402, #1546, #708 ) ;
#1492 = ORIENTED_EDGE ( 'NONE', *, *, #1084, .T. ) ;
#1493 = CARTESIAN_POINT ( 'NONE',  ( 29.53390244912819185, -19.21000000000000796, 6.250000000000019540 ) ) ;
#1494 = AXIS2_PLACEMENT_3D ( 'NONE', #380, #1035, #884 ) ;
#1495 = CARTESIAN_POINT ( 'NONE',  ( 19.95341666818141846, -2.294999999999990159, 4.394921116531270933 ) ) ;
#1496 = ADVANCED_FACE ( 'NONE', ( #552 ), #714, .F. ) ;
#1497 = CARTESIAN_POINT ( 'NONE',  ( 36.09000000000000341, -16.96999999999999886, 0.09999999999999453770 ) ) ;
#1498 = APPLICATION_PROTOCOL_DEFINITION ( 'draft international standard', 'automotive_design', 1998, #1226 ) ;
#1499 = DIRECTION ( 'NONE',  ( 1.000000000000000000, 0.000000000000000000, 0.000000000000000000 ) ) ;
#1500 = LINE ( 'NONE', #44, #1591 ) ;
#1501 = VERTEX_POINT ( 'NONE', #1866 ) ;
#1502 = DIRECTION ( 'NONE',  ( 3.635307873690754858E-16, 1.000000000000000000, 9.088269684226887144E-17 ) ) ;
#1503 = VERTEX_POINT ( 'NONE', #1378 ) ;
#1504 = ORIENTED_EDGE ( 'NONE', *, *, #2013, .F. ) ;
#1505 = CARTESIAN_POINT ( 'NONE',  ( 35.07000000000000028, -19.20000000000000284, 12.63499999999999979 ) ) ;
#1506 = ORIENTED_EDGE ( 'NONE', *, *, #2102, .T. ) ;
#1507 = EDGE_CURVE ( 'NONE', #754, #1573, #1359, .T. ) ;
#1508 = ADVANCED_FACE ( 'NONE', ( #370 ), #2006, .F. ) ;
#1509 = CARTESIAN_POINT ( 'NONE',  ( 0.000000000000000000, -17.98000000000000043, 5.020000000000000462 ) ) ;
#1510 = CARTESIAN_POINT ( 'NONE',  ( 26.59540161960755000, -18.60000000000000497, 5.640000000000009450 ) ) ;
#1511 = PLANE ( 'NONE',  #23 ) ;
#1512 = ORIENTED_EDGE ( 'NONE', *, *, #1969, .F. ) ;
#1513 = CARTESIAN_POINT ( 'NONE',  ( 36.18999999999999773, -19.19999999999999929, 0.000000000000000000 ) ) ;
#1514 = DIRECTION ( 'NONE',  ( 1.000000000000000000, 0.000000000000000000, 0.000000000000000000 ) ) ;
#1515 = CARTESIAN_POINT ( 'NONE',  ( 29.53390244912819185, 0.01000000000000653144, 6.250000000000016875 ) ) ;
#1516 = CARTESIAN_POINT ( 'NONE',  ( 36.18999999999999773, -3.329999999999985860, 0.000000000000000000 ) ) ;
#1517 = DIRECTION ( 'NONE',  ( 0.7071067811865671127, 0.000000000000000000, 0.7071067811865279218 ) ) ;
#1518 = AXIS2_PLACEMENT_3D ( 'NONE', #499, #45, #1521 ) ;
#1519 = EDGE_CURVE ( 'NONE', #1629, #1332, #476, .T. ) ;
#1520 = VECTOR ( 'NONE', #87, 100.0000000000000000 ) ;
#1521 = DIRECTION ( 'NONE',  ( -0.2302529551604794444, 0.000000000000000000, 0.9731308116794299412 ) ) ;
#1522 = ORIENTED_EDGE ( 'NONE', *, *, #228, .F. ) ;
#1523 = CIRCLE ( 'NONE', #220, 0.3050000000000159250 ) ;
#1524 = FACE_OUTER_BOUND ( 'NONE', #1229, .T. ) ;
#1525 = CARTESIAN_POINT ( 'NONE',  ( 19.11000000000000298, -16.98999999999999844, 0.1000000000000000888 ) ) ;
#1526 = VECTOR ( 'NONE', #339, 100.0000000000000000 ) ;
#1527 = VECTOR ( 'NONE', #383, 100.0000000000000000 ) ;
#1528 = CARTESIAN_POINT ( 'NONE',  ( 29.05139209007197110, -0.6000000000000005329, 5.640000000000002345 ) ) ;
#1529 = EDGE_CURVE ( 'NONE', #2084, #1535, #1875, .T. ) ;
#1530 = CARTESIAN_POINT ( 'NONE',  ( 18.09000000000000341, -16.98999999999999844, 0.1000000000000000888 ) ) ;
#1531 = DIRECTION ( 'NONE',  ( 0.9483172516123353768, -0.2243818066314930415, 0.2243818066314954562 ) ) ;
#1532 = EDGE_CURVE ( 'NONE', #470, #148, #524, .T. ) ;
#1533 = CARTESIAN_POINT ( 'NONE',  ( -2.757695390768592603, -6.892499649107822535, -0.6524996491078870475 ) ) ;
#1534 = EDGE_CURVE ( 'NONE', #146, #1275, #1673, .T. ) ;
#1535 = VERTEX_POINT ( 'NONE', #203 ) ;
#1536 = CARTESIAN_POINT ( 'NONE',  ( 36.18999999999999773, -15.97000000000000064, 0.000000000000000000 ) ) ;
#1537 = CARTESIAN_POINT ( 'NONE',  ( 17.11000000000000298, -17.88000000000000256, 0.1000000000000000056 ) ) ;
#1538 = LINE ( 'NONE', #890, #629 ) ;
#1539 = ORIENTED_EDGE ( 'NONE', *, *, #825, .F. ) ;
#1540 = CARTESIAN_POINT ( 'NONE',  ( 36.18999999999999773, -2.329999999999987637, 0.000000000000000000 ) ) ;
#1541 = DIRECTION ( 'NONE',  ( 0.000000000000000000, 0.7071067811865279218, -0.7071067811865671127 ) ) ;
#1542 = DIRECTION ( 'NONE',  ( -1.000000000000000000, 0.000000000000000000, 0.000000000000000000 ) ) ;
#1543 = ADVANCED_FACE ( 'NONE', ( #409 ), #1065, .T. ) ;
#1544 = DIRECTION ( 'NONE',  ( 0.000000000000000000, 0.000000000000000000, -1.000000000000000000 ) ) ;
#1545 = EDGE_CURVE ( 'NONE', #1911, #663, #685, .T. ) ;
#1546 = DIRECTION ( 'NONE',  ( -0.2302529551604794444, 0.000000000000000000, 0.9731308116794300522 ) ) ;
#1547 = VERTEX_POINT ( 'NONE', #897 ) ;
#1548 = DIRECTION ( 'NONE',  ( 0.000000000000000000, 0.000000000000000000, -1.000000000000000000 ) ) ;
#1549 = CARTESIAN_POINT ( 'NONE',  ( 17.99000000000000199, -3.109999999999987885, 0.000000000000000000 ) ) ;
#1550 = DIRECTION ( 'NONE',  ( 0.000000000000000000, 0.000000000000000000, -1.000000000000000000 ) ) ;
#1551 = VECTOR ( 'NONE', #374, 100.0000000000000142 ) ;
#1552 = VERTEX_POINT ( 'NONE', #376 ) ;
#1553 = CIRCLE ( 'NONE', #626, 0.3050000000000159250 ) ;
#1554 = ADVANCED_FACE ( 'NONE', ( #1524 ), #38, .T. ) ;
#1555 = CARTESIAN_POINT ( 'NONE',  ( 0.000000000000000000, 0.000000000000000000, 0.000000000000000000 ) ) ;
#1556 = AXIS2_PLACEMENT_3D ( 'NONE', #1509, #687, #1485 ) ;
#1557 = DIRECTION ( 'NONE',  ( 0.000000000000000000, -1.000000000000000000, 0.000000000000000000 ) ) ;
#1558 = VECTOR ( 'NONE', #836, 100.0000000000000000 ) ;
#1559 = ORIENTED_EDGE ( 'NONE', *, *, #1121, .F. ) ;
#1560 = VECTOR ( 'NONE', #862, 100.0000000000000000 ) ;
#1561 = LINE ( 'NONE', #404, #287 ) ;
#1562 = CARTESIAN_POINT ( 'NONE',  ( 25.85553237541371630, -0.5999999999999949818, 6.117690104182629263 ) ) ;
#1563 = CARTESIAN_POINT ( 'NONE',  ( 34.49199099467208640, -17.23499999999997101, 7.834900266628825882 ) ) ;
#1564 = ORIENTED_EDGE ( 'NONE', *, *, #963, .F. ) ;
#1565 = DIRECTION ( 'NONE',  ( 0.000000000000000000, 0.000000000000000000, -1.000000000000000000 ) ) ;
#1566 = ORIENTED_EDGE ( 'NONE', *, *, #351, .F. ) ;
#1567 = CARTESIAN_POINT ( 'NONE',  ( 21.21630391768896828, -17.98000000000000043, 5.020000000000000462 ) ) ;
#1568 = ORIENTED_EDGE ( 'NONE', *, *, #1153, .T. ) ;
#1569 = ADVANCED_FACE ( 'NONE', ( #1029 ), #211, .T. ) ;
#1570 = CARTESIAN_POINT ( 'NONE',  ( 34.96999999999999886, -19.19999999999999929, 0.000000000000000000 ) ) ;
#1571 = CARTESIAN_POINT ( 'NONE',  ( 24.12666666666625659, 9.733333333333781923, 12.06333333333307856 ) ) ;
#1572 = DIRECTION ( 'NONE',  ( -1.000000000000000000, -1.877914453019546570E-16, 0.000000000000000000 ) ) ;
#1573 = VERTEX_POINT ( 'NONE', #60 ) ;
#1574 =( BOUNDED_CURVE ( )  B_SPLINE_CURVE ( 3, ( #1295, #1578, #1939, #474 ),
 .UNSPECIFIED., .F., .F. ) 
 B_SPLINE_CURVE_WITH_KNOTS ( ( 4, 4 ),
 ( 1.797104947649389439, 4.938697601239184110 ),
 .UNSPECIFIED. ) 
 CURVE ( )  GEOMETRIC_REPRESENTATION_ITEM ( )  RATIONAL_B_SPLINE_CURVE ( ( 1.000000000000000000, 0.3333333333333327597, 0.3333333333333327597, 1.000000000000000000 ) ) 
 REPRESENTATION_ITEM ( '' )  );
#1575 = ORIENTED_EDGE ( 'NONE', *, *, #623, .T. ) ;
#1576 = DIRECTION ( 'NONE',  ( -0.2302529551604794444, 0.000000000000000000, 0.9731308116794299412 ) ) ;
#1577 = VERTEX_POINT ( 'NONE', #2014 ) ;
#1578 = CARTESIAN_POINT ( 'NONE',  ( 28.28115062987350825, -1.210000000000024833, 5.029999999999970939 ) ) ;
#1579 = DIRECTION ( 'NONE',  ( 1.000000000000000000, 0.000000000000000000, 0.000000000000000000 ) ) ;
#1580 = DIRECTION ( 'NONE',  ( 0.000000000000000000, 0.000000000000000000, 1.000000000000000000 ) ) ;
#1581 = EDGE_LOOP ( 'NONE', ( #1799, #1719, #1874, #532 ) ) ;
#1582 = ORIENTED_EDGE ( 'NONE', *, *, #1882, .F. ) ;
#1583 = VECTOR ( 'NONE', #1607, 100.0000000000000142 ) ;
#1584 = PLANE ( 'NONE',  #2003 ) ;
#1585 = ORIENTED_EDGE ( 'NONE', *, *, #231, .T. ) ;
#1586 = FACE_OUTER_BOUND ( 'NONE', #27, .T. ) ;
#1587 = CARTESIAN_POINT ( 'NONE',  ( 30.50566987749120429, -18.60000000000000497, -5.696238971870767998 ) ) ;
#1588 = VECTOR ( 'NONE', #562, 100.0000000000000142 ) ;
#1589 = EDGE_CURVE ( 'NONE', #999, #1416, #542, .T. ) ;
#1590 = CARTESIAN_POINT ( 'NONE',  ( 29.57828620936730601, -18.60000000000000142, 4.737788335293272368 ) ) ;
#1591 = VECTOR ( 'NONE', #179, 100.0000000000000142 ) ;
#1592 = VERTEX_POINT ( 'NONE', #1039 ) ;
#1593 = EDGE_CURVE ( 'NONE', #601, #488, #68, .T. ) ;
#1594 = EDGE_CURVE ( 'NONE', #1202, #1784, #792, .T. ) ;
#1595 = ADVANCED_FACE ( 'NONE', ( #1128 ), #1236, .F. ) ;
#1596 = VERTEX_POINT ( 'NONE', #1610 ) ;
#1597 = CARTESIAN_POINT ( 'NONE',  ( 25.96855886354756393, -0.5999999999999949818, 5.640000000000006786 ) ) ;
#1598 = ORIENTED_EDGE ( 'NONE', *, *, #1109, .T. ) ;
#1599 = CARTESIAN_POINT ( 'NONE',  ( 35.07000000000000028, -15.97000000000000064, 12.63499999999999979 ) ) ;
#1600 = CARTESIAN_POINT ( 'NONE',  ( 34.17085782681789397, -16.90499999999999403, 7.758916791425877868 ) ) ;
#1601 = FILL_AREA_STYLE ('',( #381 ) ) ;
#1602 = FACE_OUTER_BOUND ( 'NONE', #1231, .T. ) ;
#1603 = EDGE_LOOP ( 'NONE', ( #1821, #1311, #227, #1006 ) ) ;
#1604 = ORIENTED_EDGE ( 'NONE', *, *, #949, .F. ) ;
#1605 = CARTESIAN_POINT ( 'NONE',  ( 17.10999999999999943, -15.99000000000000199, 0.1000000000000000888 ) ) ;
#1606 = ORIENTED_EDGE ( 'NONE', *, *, #2039, .F. ) ;
#1607 = DIRECTION ( 'NONE',  ( -0.2302529551604794444, 0.000000000000000000, 0.9731308116794299412 ) ) ;
#1608 = CARTESIAN_POINT ( 'NONE',  ( 35.07000000000000028, 1.665334536937734811E-14, 12.63499999999999979 ) ) ;
#1609 = DIRECTION ( 'NONE',  ( -1.000000000000000000, 0.000000000000000000, 0.000000000000000000 ) ) ;
#1610 = CARTESIAN_POINT ( 'NONE',  ( 28.77492481045201700, -18.60000000000000142, 6.808448969664071981 ) ) ;
#1611 = ORIENTED_EDGE ( 'NONE', *, *, #1468, .T. ) ;
#1612 = EDGE_LOOP ( 'NONE', ( #2038, #259, #408, #279 ) ) ;
#1613 = EDGE_CURVE ( 'NONE', #2075, #808, #1445, .T. ) ;
#1614 = ORIENTED_EDGE ( 'NONE', *, *, #2102, .F. ) ;
#1615 = DIRECTION ( 'NONE',  ( 0.000000000000000000, -1.000000000000000000, 0.000000000000000000 ) ) ;
#1616 = EDGE_LOOP ( 'NONE', ( #570, #11, #2036, #434 ) ) ;
#1617 = ADVANCED_FACE ( 'NONE', ( #2090 ), #1622, .F. ) ;
#1618 = LINE ( 'NONE', #1975, #2094 ) ;
#1619 = LINE ( 'NONE', #1433, #325 ) ;
#1620 = VECTOR ( 'NONE', #943, 100.0000000000000000 ) ;
#1621 = SURFACE_SIDE_STYLE ('',( #927 ) ) ;
#1622 = CYLINDRICAL_SURFACE ( 'NONE', #1290, 0.3050000000000159250 ) ;
#1623 = VECTOR ( 'NONE', #1054, 100.0000000000000142 ) ;
#1624 = ORIENTED_EDGE ( 'NONE', *, *, #8, .T. ) ;
#1625 = AXIS2_PLACEMENT_3D ( 'NONE', #732, #1233, #1204 ) ;
#1626 = EDGE_LOOP ( 'NONE', ( #1627, #948, #1912, #210 ) ) ;
#1627 = ORIENTED_EDGE ( 'NONE', *, *, #1820, .T. ) ;
#1628 = PLANE ( 'NONE',  #121 ) ;
#1629 = VERTEX_POINT ( 'NONE', #2104 ) ;
#1630 = LINE ( 'NONE', #1985, #1488 ) ;
#1631 = ADVANCED_FACE ( 'NONE', ( #746 ), #781, .T. ) ;
#1632 = LINE ( 'NONE', #363, #901 ) ;
#1633 = CARTESIAN_POINT ( 'NONE',  ( 17.10999999999999943, -1.319999999999998952, 0.09999999999999996392 ) ) ;
#1634 = ORIENTED_EDGE ( 'NONE', *, *, #1353, .T. ) ;
#1635 = LINE ( 'NONE', #209, #1245 ) ;
#1636 = ORIENTED_EDGE ( 'NONE', *, *, #1051, .T. ) ;
#1637 = ORIENTED_EDGE ( 'NONE', *, *, #926, .F. ) ;
#1638 = DIRECTION ( 'NONE',  ( -0.5773502691896349459, -0.5773502691896393868, -0.5773502691896029715 ) ) ;
#1639 = CARTESIAN_POINT ( 'NONE',  ( 29.67999999999980076, -8.620000000000189289, -5.289999999999905889 ) ) ;
#1640 = FACE_BOUND ( 'NONE', #1299, .T. ) ;
#1641 = EDGE_CURVE ( 'NONE', #1309, #2084, #1455, .T. ) ;
#1642 = PLANE ( 'NONE',  #760 ) ;
#1643 = FACE_OUTER_BOUND ( 'NONE', #322, .T. ) ;
#1644 = VERTEX_POINT ( 'NONE', #159 ) ;
#1645 = LINE ( 'NONE', #201, #48 ) ;
#1646 = EDGE_CURVE ( 'NONE', #1259, #412, #90, .T. ) ;
#1647 = VERTEX_POINT ( 'NONE', #1942 ) ;
#1648 = ORIENTED_EDGE ( 'NONE', *, *, #753, .T. ) ;
#1649 = CARTESIAN_POINT ( 'NONE',  ( 31.34666666666644375, -7.953333333333589827, -5.623333333333248696 ) ) ;
#1650 = FACE_BOUND ( 'NONE', #386, .T. ) ;
#1651 = VECTOR ( 'NONE', #1848, 100.0000000000000142 ) ;
#1652 = DIRECTION ( 'NONE',  ( 0.000000000000000000, 0.000000000000000000, -1.000000000000000000 ) ) ;
#1653 = VECTOR ( 'NONE', #894, 100.0000000000000142 ) ;
#1654 = DIRECTION ( 'NONE',  ( 1.000000000000000000, 0.000000000000000000, 0.000000000000000000 ) ) ;
#1655 = FACE_OUTER_BOUND ( 'NONE', #1715, .T. ) ;
#1656 = ORIENTED_EDGE ( 'NONE', *, *, #469, .T. ) ;
#1657 = DIRECTION ( 'NONE',  ( -0.9731308116794302743, 0.000000000000000000, -0.2302529551604782787 ) ) ;
#1658 = VECTOR ( 'NONE', #91, 100.0000000000000000 ) ;
#1659 = VERTEX_POINT ( 'NONE', #316 ) ;
#1660 = EDGE_CURVE ( 'NONE', #1698, #929, #806, .T. ) ;
#1661 = EDGE_CURVE ( 'NONE', #1920, #102, #1696, .T. ) ;
#1662 = ORIENTED_EDGE ( 'NONE', *, *, #469, .F. ) ;
#1663 = FACE_OUTER_BOUND ( 'NONE', #270, .T. ) ;
#1664 = FACE_BOUND ( 'NONE', #639, .T. ) ;
#1665 = EDGE_CURVE ( 'NONE', #910, #471, #1118, .T. ) ;
#1666 = CARTESIAN_POINT ( 'NONE',  ( 19.55917818706374334, -1.964999999999972324, 4.627906674036525558 ) ) ;
#1667 = LINE ( 'NONE', #1961, #871 ) ;
#1668 = LINE ( 'NONE', #1818, #970 ) ;
#1669 = CARTESIAN_POINT ( 'NONE',  ( 19.63228350032719405, -17.23499999999997101, 4.318937641328306043 ) ) ;
#1670 = CARTESIAN_POINT ( 'NONE',  ( 35.07000000000000028, -19.19999999999999929, 8.297929775280898923 ) ) ;
#1671 = ORIENTED_EDGE ( 'NONE', *, *, #1973, .T. ) ;
#1672 = ORIENTED_EDGE ( 'NONE', *, *, #351, .T. ) ;
#1673 = LINE ( 'NONE', #1389, #909 ) ;
#1674 = CARTESIAN_POINT ( 'NONE',  ( 0.000000000000000000, -15.87000000000000099, 0.000000000000000000 ) ) ;
#1675 = CARTESIAN_POINT ( 'NONE',  ( 23.31333333333289914, -4.213333333332905717, -11.65666666666644957 ) ) ;
#1676 = EDGE_CURVE ( 'NONE', #777, #77, #420, .T. ) ;
#1677 = CARTESIAN_POINT ( 'NONE',  ( 0.000000000000000000, -16.90499999999999403, 0.000000000000000000 ) ) ;
#1678 = CARTESIAN_POINT ( 'NONE',  ( 29.28148131180507363, -18.60000000000000142, 4.667561183969325178 ) ) ;
#1679 = LINE ( 'NONE', #1670, #318 ) ;
#1680 = ORIENTED_EDGE ( 'NONE', *, *, #1329, .T. ) ;
#1681 = CARTESIAN_POINT ( 'NONE',  ( 0.000000000000000000, -3.229999999999985771, 0.000000000000000000 ) ) ;
#1682 = LINE ( 'NONE', #1525, #357 ) ;
#1683 = EDGE_CURVE ( 'NONE', #1965, #488, #647, .T. ) ;
#1684 = CARTESIAN_POINT ( 'NONE',  ( 36.18999999999999773, -19.19999999999999929, 0.000000000000000000 ) ) ;
#1685 = ADVANCED_FACE ( 'NONE', ( #1952 ), #737, .T. ) ;
#1686 = VECTOR ( 'NONE', #829, 100.0000000000000000 ) ;
#1687 = CARTESIAN_POINT ( 'NONE',  ( 17.10999999999999943, -1.219999999999987761, 4.048405430711610187 ) ) ;
#1688 = PLANE ( 'NONE',  #2101 ) ;
#1689 = AXIS2_PLACEMENT_3D ( 'NONE', #877, #416, #885 ) ;
#1690 = CARTESIAN_POINT ( 'NONE',  ( 26.59540161960755711, -0.5999999999999949818, 5.640000000000005009 ) ) ;
#1691 = EDGE_LOOP ( 'NONE', ( #984, #1755, #2055, #1611 ) ) ;
#1692 = DIRECTION ( 'NONE',  ( 0.7071067811865475727, 0.000000000000000000, -0.7071067811865475727 ) ) ;
#1693 = LINE ( 'NONE', #2034, #967 ) ;
#1694 = VECTOR ( 'NONE', #1878, 100.0000000000000000 ) ;
#1695 = VERTEX_POINT ( 'NONE', #2046 ) ;
#1696 = CIRCLE ( 'NONE', #1185, 0.3050000000000159250 ) ;
#1697 = DIRECTION ( 'NONE',  ( 0.000000000000000000, 0.000000000000000000, -1.000000000000000000 ) ) ;
#1698 = VERTEX_POINT ( 'NONE', #98 ) ;
#1699 = EDGE_CURVE ( 'NONE', #119, #1763, #1919, .T. ) ;
#1700 = CARTESIAN_POINT ( 'NONE',  ( 17.21000000000000441, -17.88000000000000256, -9.205366787092825221E-16 ) ) ;
#1701 = CARTESIAN_POINT ( 'NONE',  ( 18.08999999999999986, -3.209999999999987974, 0.1000000000000000888 ) ) ;
#1702 = DIRECTION ( 'NONE',  ( -1.394752543498940254E-15, 1.000000000000000000, -3.300130784102829184E-16 ) ) ;
#1703 = EDGE_CURVE ( 'NONE', #1398, #2048, #365, .T. ) ;
#1704 = ORIENTED_EDGE ( 'NONE', *, *, #606, .F. ) ;
#1705 = CARTESIAN_POINT ( 'NONE',  ( 0.000000000000000000, -2.209999999999989750, 0.000000000000000000 ) ) ;
#1706 = CARTESIAN_POINT ( 'NONE',  ( 17.10999999999999588, -3.209999999999987974, 0.1000000000000000888 ) ) ;
#1707 = VERTEX_POINT ( 'NONE', #946 ) ;
#1708 = PLANE ( 'NONE',  #936 ) ;
#1709 = ORIENTED_EDGE ( 'NONE', *, *, #448, .F. ) ;
#1710 = DIRECTION ( 'NONE',  ( 0.2302529551604794444, 0.000000000000000000, -0.9731308116794300522 ) ) ;
#1711 = DIRECTION ( 'NONE',  ( 3.635307873690754858E-16, 1.000000000000000000, 9.088269684226887144E-17 ) ) ;
#1712 = ADVANCED_FACE ( 'NONE', ( #1602 ), #1487, .T. ) ;
#1713 =( BOUNDED_CURVE ( )  B_SPLINE_CURVE ( 3, ( #1867, #401, #1055, #569 ),
 .UNSPECIFIED., .F., .T. ) 
 B_SPLINE_CURVE_WITH_KNOTS ( ( 4, 4 ),
 ( 4.938697601239183221, 8.080290254828979002 ),
 .UNSPECIFIED. ) 
 CURVE ( )  GEOMETRIC_REPRESENTATION_ITEM ( )  RATIONAL_B_SPLINE_CURVE ( ( 1.000000000000000000, 0.3333333333333324822, 0.3333333333333324822, 1.000000000000000000 ) ) 
 REPRESENTATION_ITEM ( '' )  );
#1714 = CARTESIAN_POINT ( 'NONE',  ( 25.82422646654380927, 0.01000000000003689084, 6.250000000000044409 ) ) ;
#1715 = EDGE_LOOP ( 'NONE', ( #683, #1129, #1566, #1943, #1269 ) ) ;
#1716 = EDGE_CURVE ( 'NONE', #1503, #1763, #1963, .T. ) ;
#1717 = CARTESIAN_POINT ( 'NONE',  ( 11.47333333333331140, -8.846666666666658685, 5.736666666666669911 ) ) ;
#1718 = LINE ( 'NONE', #2037, #1964 ) ;
#1719 = ORIENTED_EDGE ( 'NONE', *, *, #540, .F. ) ;
#1720 = DIRECTION ( 'NONE',  ( -0.000000000000000000, 1.000000000000000000, 0.000000000000000000 ) ) ;
#1721 = CARTESIAN_POINT ( 'NONE',  ( 17.11000000000000298, -17.98000000000000043, 12.63499999999999979 ) ) ;
#1722 = CYLINDRICAL_SURFACE ( 'NONE', #525, 0.3050000000000159250 ) ;
#1723 = ORIENTED_EDGE ( 'NONE', *, *, #1822, .T. ) ;
#1724 = AXIS2_PLACEMENT_3D ( 'NONE', #1475, #1977, #1499 ) ;
#1725 = EDGE_CURVE ( 'NONE', #1093, #197, #1843, .T. ) ;
#1726 = CARTESIAN_POINT ( 'NONE',  ( 0.000000000000000000, -15.97000000000000064, 0.000000000000000000 ) ) ;
#1727 = CIRCLE ( 'NONE', #57, 0.3050000000000159250 ) ;
#1728 = EDGE_CURVE ( 'NONE', #471, #1259, #1156, .T. ) ;
#1729 = LINE ( 'NONE', #618, #872 ) ;
#1730 = EDGE_CURVE ( 'NONE', #1629, #102, #1500, .T. ) ;
#1731 = ORIENTED_EDGE ( 'NONE', *, *, #1173, .F. ) ;
#1732 = VECTOR ( 'NONE', #1286, 100.0000000000000000 ) ;
#1733 = FACE_OUTER_BOUND ( 'NONE', #302, .T. ) ;
#1734 = CARTESIAN_POINT ( 'NONE',  ( 29.05139209007197110, -0.6000000000000005329, 5.640000000000002345 ) ) ;
#1735 = CARTESIAN_POINT ( 'NONE',  ( 19.95341666818141846, -16.90499999999999403, 4.394921116531270933 ) ) ;
#1736 = EDGE_LOOP ( 'NONE', ( #1604, #1441, #1624, #2016 ) ) ;
#1737 = VERTEX_POINT ( 'NONE', #168 ) ;
#1738 = FACE_OUTER_BOUND ( 'NONE', #1168, .T. ) ;
#1739 = ORIENTED_EDGE ( 'NONE', *, *, #690, .T. ) ;
#1740 = CARTESIAN_POINT ( 'NONE',  ( 36.09000000000000341, -16.96999999999999886, 8.539272471910111406 ) ) ;
#1741 = DIRECTION ( 'NONE',  ( -0.9731308116794301633, 0.000000000000000000, -0.2302529551604787506 ) ) ;
#1742 = PLANE ( 'NONE',  #1861 ) ;
#1743 = ORIENTED_EDGE ( 'NONE', *, *, #1529, .T. ) ;
#1744 = EDGE_LOOP ( 'NONE', ( #1158, #36, #300, #2083 ) ) ;
#1745 = CARTESIAN_POINT ( 'NONE',  ( 19.95341666818141846, -19.19999999999999929, 0.000000000000000000 ) ) ;
#1746 = ADVANCED_FACE ( 'NONE', ( #824 ), #364, .T. ) ;
#1747 = ORIENTED_EDGE ( 'NONE', *, *, #572, .T. ) ;
#1748 = CARTESIAN_POINT ( 'NONE',  ( 36.09000000000000341, -3.229999999999985771, 12.63499999999999979 ) ) ;
#1749 = DIRECTION ( 'NONE',  ( 0.9731308116794299412, 0.000000000000000000, 0.2302529551604793612 ) ) ;
#1750 = EDGE_CURVE ( 'NONE', #1057, #194, #497, .T. ) ;
#1751 = EDGE_CURVE ( 'NONE', #1644, #338, #32, .T. ) ;
#1752 = DIRECTION ( 'NONE',  ( -0.5773502691896305050, 0.5773502691896233996, 0.5773502691896233996 ) ) ;
#1753 = VECTOR ( 'NONE', #1211, 100.0000000000000142 ) ;
#1754 = COLOUR_RGB ( '',0.7921568627450980005, 0.8196078431372548767, 0.9333333333333333481 ) ;
#1755 = ORIENTED_EDGE ( 'NONE', *, *, #1593, .T. ) ;
#1756 = CARTESIAN_POINT ( 'NONE',  ( 0.000000000000000000, -1.219999999999998863, 0.000000000000000000 ) ) ;
#1757 = ORIENTED_EDGE ( 'NONE', *, *, #1725, .F. ) ;
#1758 = DIRECTION ( 'NONE',  ( 0.000000000000000000, 0.000000000000000000, -1.000000000000000000 ) ) ;
#1759 = CARTESIAN_POINT ( 'NONE',  ( 17.99000000000000199, -16.08999999999999986, 0.000000000000000000 ) ) ;
#1760 = VECTOR ( 'NONE', #1396, 100.0000000000000000 ) ;
#1761 = FACE_OUTER_BOUND ( 'NONE', #1603, .T. ) ;
#1762 = DIRECTION ( 'NONE',  ( 0.2302529551604794444, 0.000000000000000000, -0.9731308116794300522 ) ) ;
#1763 = VERTEX_POINT ( 'NONE', #680 ) ;
#1764 = EDGE_CURVE ( 'NONE', #1294, #1596, #1316, .T. ) ;
#1765 = ORIENTED_EDGE ( 'NONE', *, *, #992, .T. ) ;
#1766 = CARTESIAN_POINT ( 'NONE',  ( 30.20886497992896125, -18.60000000000000497, -5.766466123194717852 ) ) ;
#1767 = VERTEX_POINT ( 'NONE', #53 ) ;
#1768 = LINE ( 'NONE', #1451, #1959 ) ;
#1769 = CARTESIAN_POINT ( 'NONE',  ( 0.000000000000000000, -16.96999999999999886, 0.000000000000000000 ) ) ;
#1770 = ORIENTED_EDGE ( 'NONE', *, *, #1173, .T. ) ;
#1771 =( NAMED_UNIT ( * ) PLANE_ANGLE_UNIT ( ) SI_UNIT ( $, .RADIAN. ) );
#1772 = CARTESIAN_POINT ( 'NONE',  ( 26.15233727297595578, -0.5999999999999949818, 6.187917255506579117 ) ) ;
#1773 = EDGE_CURVE ( 'NONE', #1695, #1501, #208, .T. ) ;
#1774 = EDGE_LOOP ( 'NONE', ( #1043, #1207 ) ) ;
#1775 = ORIENTED_EDGE ( 'NONE', *, *, #390, .T. ) ;
#1776 = EDGE_LOOP ( 'NONE', ( #1254, #128, #243, #1662 ) ) ;
#1777 = PLANE ( 'NONE',  #1425 ) ;
#1778 = EDGE_LOOP ( 'NONE', ( #782, #441, #1522, #1 ) ) ;
#1779 = LINE ( 'NONE', #612, #730 ) ;
#1780 = CARTESIAN_POINT ( 'NONE',  ( 0.000000000000000000, -3.109999999999987885, 0.000000000000000000 ) ) ;
#1781 = CARTESIAN_POINT ( 'NONE',  ( 34.17085782681789397, -16.90499999999999403, 7.758916791425877868 ) ) ;
#1782 = CARTESIAN_POINT ( 'NONE',  ( 35.07000000000000028, -17.98000000000000043, 5.020000000000000462 ) ) ;
#1783 = EDGE_LOOP ( 'NONE', ( #2012, #1731, #58, #1775 ) ) ;
#1784 = VERTEX_POINT ( 'NONE', #702 ) ;
#1785 = AXIS2_PLACEMENT_3D ( 'NONE', #1674, #204, #1514 ) ;
#1786 = VERTEX_POINT ( 'NONE', #1352 ) ;
#1787 = ADVANCED_FACE ( 'NONE', ( #1999, #1175 ), #816, .F. ) ;
#1788 = CARTESIAN_POINT ( 'NONE',  ( 29.67823484613193941, -18.60000000000000142, 5.640000000000005009 ) ) ;
#1789 = VECTOR ( 'NONE', #1863, 100.0000000000000142 ) ;
#1790 = CARTESIAN_POINT ( 'NONE',  ( 25.96855886354755683, -18.60000000000000497, 5.640000000000009450 ) ) ;
#1791 = VECTOR ( 'NONE', #842, 100.0000000000000000 ) ;
#1792 = DIRECTION ( 'NONE',  ( -0.000000000000000000, 0.3420201433256678802, 0.9396926207859087610 ) ) ;
#1793 = ADVANCED_FACE ( 'NONE', ( #200 ), #1511, .F. ) ;
#1794 = LINE ( 'NONE', #688, #1075 ) ;
#1795 = CARTESIAN_POINT ( 'NONE',  ( 19.63228350032719405, -1.964999999999972324, 4.318937641328306043 ) ) ;
#1796 = AXIS2_PLACEMENT_3D ( 'NONE', #1937, #472, #1801 ) ;
#1797 = ORIENTED_EDGE ( 'NONE', *, *, #896, .F. ) ;
#1798 = AXIS2_PLACEMENT_3D ( 'NONE', #638, #615, #2082 ) ;
#1799 = ORIENTED_EDGE ( 'NONE', *, *, #1716, .F. ) ;
#1800 = EDGE_LOOP ( 'NONE', ( #523, #1427, #535, #296 ) ) ;
#1801 = DIRECTION ( 'NONE',  ( -0.9731308116794302743, 0.000000000000000000, -0.2302529551604782787 ) ) ;
#1802 = ORIENTED_EDGE ( 'NONE', *, *, #12, .F. ) ;
#1803 = EDGE_CURVE ( 'NONE', #173, #1695, #538, .T. ) ;
#1804 = CARTESIAN_POINT ( 'NONE',  ( 29.36853460557647821, -18.60000000000000142, 6.948903272311966361 ) ) ;
#1805 = ADVANCED_FACE ( 'NONE', ( #1643 ), #507, .F. ) ;
#1806 = CARTESIAN_POINT ( 'NONE',  ( 35.07000000000000028, -1.219999999999998863, 0.3747477419454636749 ) ) ;
#1807 = CARTESIAN_POINT ( 'NONE',  ( 0.07310531326345158509, -1.319111129404414535E-32, -0.3089690327082163512 ) ) ;
#1808 = VERTEX_POINT ( 'NONE', #1633 ) ;
#1809 = DIRECTION ( 'NONE',  ( -1.877914453019546570E-16, 1.000000000000000000, -4.443342530693252295E-17 ) ) ;
#1810 = ORIENTED_EDGE ( 'NONE', *, *, #157, .F. ) ;
#1811 = ORIENTED_EDGE ( 'NONE', *, *, #478, .T. ) ;
#1812 = LINE ( 'NONE', #310, #1287 ) ;
#1813 = CYLINDRICAL_SURFACE ( 'NONE', #693, 0.3050000000000044897 ) ;
#1814 = EDGE_CURVE ( 'NONE', #768, #29, #7, .T. ) ;
#1815 = LINE ( 'NONE', #1172, #662 ) ;
#1816 = APPLICATION_PROTOCOL_DEFINITION ( 'draft international standard', 'automotive_design', 1998, #958 ) ;
#1817 = ADVANCED_FACE ( 'NONE', ( #1655 ), #1688, .T. ) ;
#1818 = CARTESIAN_POINT ( 'NONE',  ( 37.07000000000000028, -2.329999999999985416, 0.000000000000000000 ) ) ;
#1819 = CARTESIAN_POINT ( 'NONE',  ( 0.000000000000000000, -19.19999999999999929, 0.000000000000000000 ) ) ;
#1820 = EDGE_CURVE ( 'NONE', #412, #910, #424, .T. ) ;
#1821 = ORIENTED_EDGE ( 'NONE', *, *, #193, .F. ) ;
#1822 = EDGE_CURVE ( 'NONE', #768, #1202, #1413, .T. ) ;
#1823 = ORIENTED_EDGE ( 'NONE', *, *, #297, .T. ) ;
#1824 = VERTEX_POINT ( 'NONE', #219 ) ;
#1825 = FACE_BOUND ( 'NONE', #1148, .T. ) ;
#1826 = ORIENTED_EDGE ( 'NONE', *, *, #1917, .T. ) ;
#1827 = VECTOR ( 'NONE', #1337, 100.0000000000000142 ) ;
#1828 = LINE ( 'NONE', #1666, #559 ) ;
#1829 = SHAPE_DEFINITION_REPRESENTATION ( #1462, #801 ) ;
#1830 = VECTOR ( 'NONE', #1174, 100.0000000000000000 ) ;
#1831 = LINE ( 'NONE', #372, #1830 ) ;
#1832 = DIRECTION ( 'NONE',  ( 0.000000000000000000, 0.000000000000000000, -1.000000000000000000 ) ) ;
#1833 = VECTOR ( 'NONE', #1960, 100.0000000000000000 ) ;
#1834 = LINE ( 'NONE', #703, #1417 ) ;
#1835 = AXIS2_PLACEMENT_3D ( 'NONE', #667, #1328, #188 ) ;
#1836 = ORIENTED_EDGE ( 'NONE', *, *, #1212, .F. ) ;
#1837 = VECTOR ( 'NONE', #1978, 100.0000000000000000 ) ;
#1838 = ORIENTED_EDGE ( 'NONE', *, *, #2114, .T. ) ;
#1839 = DIRECTION ( 'NONE',  ( 0.000000000000000000, -1.000000000000000000, 0.000000000000000000 ) ) ;
#1840 = PLANE ( 'NONE',  #1785 ) ;
#1841 = CARTESIAN_POINT ( 'NONE',  ( 27.31522859293286132, -18.60000000000000497, 6.463069536923349290 ) ) ;
#1842 = CARTESIAN_POINT ( 'NONE',  ( 26.15233727297595578, -18.60000000000000497, 6.187917255506579117 ) ) ;
#1843 = LINE ( 'NONE', #982, #1560 ) ;
#1844 = DIRECTION ( 'NONE',  ( 1.877914453019546570E-16, -1.000000000000000000, 0.000000000000000000 ) ) ;
#1845 = ADVANCED_FACE ( 'NONE', ( #86 ), #1890, .T. ) ;
#1846 = ORIENTED_EDGE ( 'NONE', *, *, #1534, .T. ) ;
#1847 = CARTESIAN_POINT ( 'NONE',  ( 0.000000000000000000, -1.219999999999998863, 0.3747477419454632308 ) ) ;
#1848 = DIRECTION ( 'NONE',  ( -0.2302529551604794444, 0.000000000000000000, 0.9731308116794299412 ) ) ;
#1849 = ADVANCED_FACE ( 'NONE', ( #1881 ), #405, .T. ) ;
#1850 = LINE ( 'NONE', #719, #361 ) ;
#1851 = DIRECTION ( 'NONE',  ( 1.877914453019546570E-16, -1.000000000000000000, 0.000000000000000000 ) ) ;
#1852 = CARTESIAN_POINT ( 'NONE',  ( 30.80247477505344733, -18.60000000000000497, -5.626011820546818143 ) ) ;
#1853 = ORIENTED_EDGE ( 'NONE', *, *, #40, .T. ) ;
#1854 = CARTESIAN_POINT ( 'NONE',  ( 27.61203349049510081, -0.5999999999999949818, 6.533296688247299144 ) ) ;
#1855 = LINE ( 'NONE', #212, #183 ) ;
#1856 = EDGE_CURVE ( 'NONE', #1573, #1707, #1060, .T. ) ;
#1857 = DIRECTION ( 'NONE',  ( 0.7071067811865279218, 0.000000000000000000, -0.7071067811865671127 ) ) ;
#1858 = VERTEX_POINT ( 'NONE', #1734 ) ;
#1859 = PRODUCT_RELATED_PRODUCT_CATEGORY ( 'part', '', ( #807 ) ) ;
#1860 = CARTESIAN_POINT ( 'NONE',  ( -4.777924088118937225E-14, -2.330000000000090221, 0.000000000000000000 ) ) ;
#1861 = AXIS2_PLACEMENT_3D ( 'NONE', #1285, #955, #1941 ) ;
#1862 = AXIS2_PLACEMENT_3D ( 'NONE', #802, #1162, #199 ) ;
#1863 = DIRECTION ( 'NONE',  ( -0.9483172516123353768, -0.2243818066314930415, -0.2243818066314954562 ) ) ;
#1864 = ORIENTED_EDGE ( 'NONE', *, *, #198, .F. ) ;
#1865 = VECTOR ( 'NONE', #785, 100.0000000000000000 ) ;
#1866 = CARTESIAN_POINT ( 'NONE',  ( 36.09000000000000341, -2.229999999999987548, 0.09999999999999453770 ) ) ;
#1867 = CARTESIAN_POINT ( 'NONE',  ( 27.50997547680976041, -18.60000000000000497, 5.640000000000007674 ) ) ;
#1868 = VECTOR ( 'NONE', #1240, 100.0000000000000142 ) ;
#1869 = DIRECTION ( 'NONE',  ( 1.000000000000000000, 0.000000000000000000, 0.000000000000000000 ) ) ;
#1870 = ORIENTED_EDGE ( 'NONE', *, *, #1703, .F. ) ;
#1871 = DIRECTION ( 'NONE',  ( 1.000000000000000000, 0.000000000000000000, 0.000000000000000000 ) ) ;
#1872 = CARTESIAN_POINT ( 'NONE',  ( 19.20999999999999730, -2.109999999999989662, 0.000000000000000000 ) ) ;
#1873 = DIRECTION ( 'NONE',  ( -8.673617379884035472E-17, 0.000000000000000000, 1.000000000000000000 ) ) ;
#1874 = ORIENTED_EDGE ( 'NONE', *, *, #1134, .F. ) ;
#1875 = LINE ( 'NONE', #888, #1362 ) ;
#1876 = CARTESIAN_POINT ( 'NONE',  ( 34.41888568140863214, -17.23499999999997101, 8.143869299337044509 ) ) ;
#1877 = ORIENTED_EDGE ( 'NONE', *, *, #136, .T. ) ;
#1878 = DIRECTION ( 'NONE',  ( -0.5773502691896363892, 0.5773502691896363892, -0.5773502691896044148 ) ) ;
#1879 = EDGE_LOOP ( 'NONE', ( #1585, #2025, #1343, #403 ) ) ;
#1880 = CARTESIAN_POINT ( 'NONE',  ( 36.09000000000000341, -15.97000000000000064, 8.539272471910114959 ) ) ;
#1881 = FACE_OUTER_BOUND ( 'NONE', #739, .T. ) ;
#1882 = EDGE_CURVE ( 'NONE', #1275, #29, #720, .T. ) ;
#1883 = PLANE ( 'NONE',  #1689 ) ;
#1884 = ADVANCED_FACE ( 'NONE', ( #414 ), #549, .T. ) ;
#1885 = EDGE_LOOP ( 'NONE', ( #1981, #1102, #248, #1770 ) ) ;
#1886 = CARTESIAN_POINT ( 'NONE',  ( 19.95341666818141846, -16.90499999999999403, 4.394921116531270933 ) ) ;
#1887 = CARTESIAN_POINT ( 'NONE',  ( 34.96999999999999886, -3.329999999999985860, 0.000000000000000000 ) ) ;
#1888 = EDGE_LOOP ( 'NONE', ( #2078, #180, #1267, #1704 ) ) ;
#1889 = LINE ( 'NONE', #218, #1419 ) ;
#1890 = PLANE ( 'NONE',  #1625 ) ;
#1891 = LINE ( 'NONE', #232, #16 ) ;
#1892 = ORIENTED_EDGE ( 'NONE', *, *, #896, .T. ) ;
#1893 = VECTOR ( 'NONE', #1609, 100.0000000000000000 ) ;
#1894 = VERTEX_POINT ( 'NONE', #1701 ) ;
#1895 = CARTESIAN_POINT ( 'NONE',  ( 18.09000000000000341, -15.99000000000000199, 4.280283707865168097 ) ) ;
#1896 = VECTOR ( 'NONE', #1247, 100.0000000000000000 ) ;
#1897 = ORIENTED_EDGE ( 'NONE', *, *, #608, .F. ) ;
#1898 = VECTOR ( 'NONE', #911, 100.0000000000000142 ) ;
#1899 = CARTESIAN_POINT ( 'NONE',  ( 0.000000000000000000, -3.209999999999987974, 0.000000000000000000 ) ) ;
#1900 = CARTESIAN_POINT ( 'NONE',  ( 29.19572448707572221, -1.210000000000007070, 5.029999999999990479 ) ) ;
#1901 = CYLINDRICAL_SURFACE ( 'NONE', #1007, 0.3050000000000044897 ) ;
#1902 = ORIENTED_EDGE ( 'NONE', *, *, #1903, .F. ) ;
#1903 = EDGE_CURVE ( 'NONE', #77, #1357, #593, .T. ) ;
#1904 = ORIENTED_EDGE ( 'NONE', *, *, #321, .F. ) ;
#1905 = CARTESIAN_POINT ( 'NONE',  ( 11.99333333333333584, -22.08666666666666956, -5.996666666666667922 ) ) ;
#1906 = EDGE_CURVE ( 'NONE', #146, #1093, #1049, .T. ) ;
#1907 = VERTEX_POINT ( 'NONE', #582 ) ;
#1908 = LINE ( 'NONE', #1748, #2065 ) ;
#1909 = DIRECTION ( 'NONE',  ( -0.2302529551604794444, 0.000000000000000000, 0.9731308116794300522 ) ) ;
#1910 = CARTESIAN_POINT ( 'NONE',  ( 35.07000000000000028, -1.219999999999998863, 5.019999999999997797 ) ) ;
#1911 = VERTEX_POINT ( 'NONE', #250 ) ;
#1912 = ORIENTED_EDGE ( 'NONE', *, *, #1728, .T. ) ;
#1913 = DIRECTION ( 'NONE',  ( -1.000000000000000000, 0.000000000000000000, 0.000000000000000000 ) ) ;
#1914 = ORIENTED_EDGE ( 'NONE', *, *, #205, .F. ) ;
#1915 = LINE ( 'NONE', #1105, #1282 ) ;
#1916 = DIRECTION ( 'NONE',  ( -0.2302529551604794722, 0.000000000000000000, 0.9731308116794300522 ) ) ;
#1917 = EDGE_CURVE ( 'NONE', #412, #162, #907, .T. ) ;
#1918 = CARTESIAN_POINT ( 'NONE',  ( 0.000000000000000000, -16.86999999999999744, 0.000000000000000000 ) ) ;
#1919 = LINE ( 'NONE', #1408, #291 ) ;
#1920 = VERTEX_POINT ( 'NONE', #1562 ) ;
#1921 = VECTOR ( 'NONE', #1030, 100.0000000000000000 ) ;
#1922 = VERTEX_POINT ( 'NONE', #1549 ) ;
#1923 =( BOUNDED_CURVE ( )  B_SPLINE_CURVE ( 3, ( #1452, #155, #1900, #436 ),
 .UNSPECIFIED., .F., .T. ) 
 B_SPLINE_CURVE_WITH_KNOTS ( ( 4, 4 ),
 ( 1.797104947649392326, 4.938697601239184998 ),
 .UNSPECIFIED. ) 
 CURVE ( )  GEOMETRIC_REPRESENTATION_ITEM ( )  RATIONAL_B_SPLINE_CURVE ( ( 1.000000000000000000, 0.3333333333333335369, 0.3333333333333335369, 1.000000000000000000 ) ) 
 REPRESENTATION_ITEM ( '' )  );
#1924 = DIRECTION ( 'NONE',  ( 0.000000000000000000, -1.000000000000000000, 0.000000000000000000 ) ) ;
#1925 = ORIENTED_EDGE ( 'NONE', *, *, #418, .F. ) ;
#1926 = VECTOR ( 'NONE', #1410, 100.0000000000000142 ) ;
#1927 = ADVANCED_FACE ( 'NONE', ( #1405 ), #265, .T. ) ;
#1928 = PLANE ( 'NONE',  #391 ) ;
#1929 = CARTESIAN_POINT ( 'NONE',  ( 35.07000000000000739, -3.229999999999985771, 8.297929775280902476 ) ) ;
#1930 = AXIS2_PLACEMENT_3D ( 'NONE', #1192, #1692, #1347 ) ;
#1931 = FACE_OUTER_BOUND ( 'NONE', #108, .T. ) ;
#1932 = CARTESIAN_POINT ( 'NONE',  ( 19.91333333333332334, -17.79333333333334721, -0.7033333333333474657 ) ) ;
#1933 = EDGE_CURVE ( 'NONE', #1501, #775, #2057, .T. ) ;
#1934 = VERTEX_POINT ( 'NONE', #1872 ) ;
#1935 = EDGE_LOOP ( 'NONE', ( #964, #117, #1101, #587 ) ) ;
#1936 = ORIENTED_EDGE ( 'NONE', *, *, #93, .F. ) ;
#1937 = CARTESIAN_POINT ( 'NONE',  ( 29.07172970801424938, -0.6000000000000005329, 6.878676120988018283 ) ) ;
#1938 = ORIENTED_EDGE ( 'NONE', *, *, #1944, .T. ) ;
#1939 = CARTESIAN_POINT ( 'NONE',  ( 27.65430787381351507, -1.210000000000026388, 5.029999999999968274 ) ) ;
#1940 = DIRECTION ( 'NONE',  ( -0.2302529551604794722, 0.000000000000000000, 0.9731308116794300522 ) ) ;
#1941 = DIRECTION ( 'NONE',  ( -1.000000000000000000, 0.000000000000000000, 0.000000000000000000 ) ) ;
#1942 = CARTESIAN_POINT ( 'NONE',  ( 36.09000000000000341, -2.229999999999987548, 8.539272471910114959 ) ) ;
#1943 = ORIENTED_EDGE ( 'NONE', *, *, #834, .T. ) ;
#1944 = EDGE_CURVE ( 'NONE', #1335, #1535, #710, .T. ) ;
#1945 = EDGE_LOOP ( 'NONE', ( #185, #170, #1403, #1634 ) ) ;
#1946 = ADVANCED_FACE ( 'NONE', ( #1252 ), #230, .T. ) ;
#1947 = ORIENTED_EDGE ( 'NONE', *, *, #490, .F. ) ;
#1948 = DIRECTION ( 'NONE',  ( 0.000000000000000000, 1.000000000000000000, 0.000000000000000000 ) ) ;
#1949 = ORIENTED_EDGE ( 'NONE', *, *, #1121, .T. ) ;
#1950 = DIRECTION ( 'NONE',  ( 0.000000000000000000, -1.000000000000000000, 0.000000000000000000 ) ) ;
#1951 = DIRECTION ( 'NONE',  ( 0.000000000000000000, -1.000000000000000000, 0.000000000000000000 ) ) ;
#1952 = FACE_OUTER_BOUND ( 'NONE', #950, .T. ) ;
#1953 = EDGE_LOOP ( 'NONE', ( #650, #1216, #2091, #1826 ) ) ;
#1954 = ORIENTED_EDGE ( 'NONE', *, *, #903, .T. ) ;
#1955 = VECTOR ( 'NONE', #39, 100.0000000000000000 ) ;
#1956 = ORIENTED_EDGE ( 'NONE', *, *, #312, .T. ) ;
#1957 = LINE ( 'NONE', #512, #2067 ) ;
#1958 = DIRECTION ( 'NONE',  ( 1.394752543498940254E-15, -1.000000000000000000, 0.000000000000000000 ) ) ;
#1959 = VECTOR ( 'NONE', #953, 100.0000000000000000 ) ;
#1960 = DIRECTION ( 'NONE',  ( 4.770334648313475045E-16, -0.3420201433256678802, 0.9396926207859087610 ) ) ;
#1961 = CARTESIAN_POINT ( 'NONE',  ( 0.000000000000000000, -17.88000000000000256, 0.000000000000000000 ) ) ;
#1962 = LINE ( 'NONE', #1677, #320 ) ;
#1963 = LINE ( 'NONE', #1988, #1426 ) ;
#1964 = VECTOR ( 'NONE', #1697, 100.0000000000000000 ) ;
#1965 = VERTEX_POINT ( 'NONE', #1929 ) ;
#1966 = VECTOR ( 'NONE', #74, 100.0000000000000000 ) ;
#1967 = DIRECTION ( 'NONE',  ( 0.000000000000000000, -1.000000000000000000, 0.000000000000000000 ) ) ;
#1968 = ORIENTED_EDGE ( 'NONE', *, *, #1270, .F. ) ;
#1969 = EDGE_CURVE ( 'NONE', #2075, #1934, #132, .T. ) ;
#1970 = ORIENTED_EDGE ( 'NONE', *, *, #1109, .F. ) ;
#1971 = CARTESIAN_POINT ( 'NONE',  ( 36.09000000000000341, -19.19999999999999929, 8.539272471910111406 ) ) ;
#1972 = ORIENTED_EDGE ( 'NONE', *, *, #312, .F. ) ;
#1973 = EDGE_CURVE ( 'NONE', #1309, #354, #475, .T. ) ;
#1974 = EDGE_CURVE ( 'NONE', #1592, #999, #112, .T. ) ;
#1975 = CARTESIAN_POINT ( 'NONE',  ( 19.55917818706374334, -17.23499999999997101, 4.627906674036525558 ) ) ;
#1976 = ADVANCED_FACE ( 'NONE', ( #273 ), #1424, .T. ) ;
#1977 = DIRECTION ( 'NONE',  ( 0.000000000000000000, -0.7071067811865475727, -0.7071067811865475727 ) ) ;
#1978 = DIRECTION ( 'NONE',  ( -1.394752543498940254E-15, 1.000000000000000000, 0.000000000000000000 ) ) ;
#1979 = ORIENTED_EDGE ( 'NONE', *, *, #1031, .T. ) ;
#1980 = PLANE ( 'NONE',  #113 ) ;
#1981 = ORIENTED_EDGE ( 'NONE', *, *, #934, .T. ) ;
#1982 = ORIENTED_EDGE ( 'NONE', *, *, #1906, .T. ) ;
#1983 = FACE_BOUND ( 'NONE', #1481, .T. ) ;
#1984 = FACE_BOUND ( 'NONE', #882, .T. ) ;
#1985 = CARTESIAN_POINT ( 'NONE',  ( 34.96999999999999886, -1.319999999999998952, 0.000000000000000000 ) ) ;
#1986 = DIRECTION ( 'NONE',  ( 0.000000000000000000, -1.000000000000000000, 0.000000000000000000 ) ) ;
#1987 = LINE ( 'NONE', #177, #50 ) ;
#1988 = CARTESIAN_POINT ( 'NONE',  ( 34.96999999999999886, -17.88000000000000256, 0.000000000000000000 ) ) ;
#1989 = ORIENTED_EDGE ( 'NONE', *, *, #1814, .F. ) ;
#1990 = CARTESIAN_POINT ( 'NONE',  ( 35.07000000000000028, 1.656660919557850775E-14, 6.240000000000025970 ) ) ;
#1991 = ORIENTED_EDGE ( 'NONE', *, *, #101, .F. ) ;
#1992 = ORIENTED_EDGE ( 'NONE', *, *, #1773, .F. ) ;
#1993 = CARTESIAN_POINT ( 'NONE',  ( 0.000000000000000000, -1.219999999999998863, 5.019999999999997797 ) ) ;
#1994 = PLANE ( 'NONE',  #827 ) ;
#1995 = CARTESIAN_POINT ( 'NONE',  ( 36.97000000000000597, -2.329999999999985416, 0.000000000000000000 ) ) ;
#1996 = AXIS2_PLACEMENT_3D ( 'NONE', #2059, #1415, #1873 ) ;
#1997 = ADVANCED_FACE ( 'NONE', ( #1296 ), #2080, .F. ) ;
#1998 = DIRECTION ( 'NONE',  ( 8.673617379884035472E-17, 0.000000000000000000, -1.000000000000000000 ) ) ;
#1999 = FACE_OUTER_BOUND ( 'NONE', #1626, .T. ) ;
#2000 = AXIS2_PLACEMENT_3D ( 'NONE', #1570, #1412, #2079 ) ;
#2001 = AXIS2_PLACEMENT_3D ( 'NONE', #1608, #1116, #304 ) ;
#2002 = CARTESIAN_POINT ( 'NONE',  ( 34.41888568140863214, -17.23499999999997101, 8.143869299337044509 ) ) ;
#2003 = AXIS2_PLACEMENT_3D ( 'NONE', #769, #1924, #2095 ) ;
#2004 = EDGE_CURVE ( 'NONE', #886, #1577, #925, .T. ) ;
#2005 = AXIS2_PLACEMENT_3D ( 'NONE', #843, #22, #1851 ) ;
#2006 = PLANE ( 'NONE',  #735 ) ;
#2007 = DIRECTION ( 'NONE',  ( 0.000000000000000000, -1.000000000000000000, 0.000000000000000000 ) ) ;
#2008 = DIRECTION ( 'NONE',  ( 0.000000000000000000, -1.000000000000000000, 0.000000000000000000 ) ) ;
#2009 = DIRECTION ( 'NONE',  ( -0.9731308116794301633, 0.000000000000000000, -0.2302529551604787506 ) ) ;
#2010 = CARTESIAN_POINT ( 'NONE',  ( 0.000000000000000000, -17.98000000000000043, 0.3747477419454632308 ) ) ;
#2011 = LINE ( 'NONE', #539, #591 ) ;
#2012 = ORIENTED_EDGE ( 'NONE', *, *, #980, .T. ) ;
#2013 = EDGE_CURVE ( 'NONE', #2023, #1261, #933, .T. ) ;
#2014 = CARTESIAN_POINT ( 'NONE',  ( 29.36853460557647821, -0.6000000000000005329, 6.948903272311966361 ) ) ;
#2015 = CARTESIAN_POINT ( 'NONE',  ( 30.50566987749120429, -0.5999999999999949818, -5.696238971870767998 ) ) ;
#2016 = ORIENTED_EDGE ( 'NONE', *, *, #165, .F. ) ;
#2017 = FACE_OUTER_BOUND ( 'NONE', #1446, .T. ) ;
#2018 = DIRECTION ( 'NONE',  ( 1.000000000000000000, 0.000000000000000000, 0.000000000000000000 ) ) ;
#2019 = DIRECTION ( 'NONE',  ( -1.000000000000000000, 0.000000000000000000, 0.000000000000000000 ) ) ;
#2020 = DIRECTION ( 'NONE',  ( 1.877914453019546570E-16, -1.000000000000000000, 0.000000000000000000 ) ) ;
#2021 = EDGE_LOOP ( 'NONE', ( #1235, #195, #439 ) ) ;
#2022 = DIRECTION ( 'NONE',  ( 1.000000000000000000, 0.000000000000000000, 0.000000000000000000 ) ) ;
#2023 = VERTEX_POINT ( 'NONE', #613 ) ;
#2024 = LINE ( 'NONE', #571, #2097 ) ;
#2025 = ORIENTED_EDGE ( 'NONE', *, *, #1974, .F. ) ;
#2026 = DIRECTION ( 'NONE',  ( 0.000000000000000000, 0.000000000000000000, -1.000000000000000000 ) ) ;
#2027 = CARTESIAN_POINT ( 'NONE',  ( 34.49199099467208640, -17.23499999999997101, 7.834900266628825882 ) ) ;
#2028 = VECTOR ( 'NONE', #1752, 100.0000000000000000 ) ;
#2029 = VECTOR ( 'NONE', #1792, 100.0000000000000000 ) ;
#2030 = CARTESIAN_POINT ( 'NONE',  ( 29.04597365997205571, -0.5999999999999949818, -6.041618404611488025 ) ) ;
#2031 = ORIENTED_EDGE ( 'NONE', *, *, #1120, .F. ) ;
#2032 = AXIS2_PLACEMENT_3D ( 'NONE', #1201, #1857, #881 ) ;
#2033 = DIRECTION ( 'NONE',  ( 0.000000000000000000, -0.9396926207859087610, 0.3420201433256678802 ) ) ;
#2034 = CARTESIAN_POINT ( 'NONE',  ( 36.09000000000000341, -3.329999999999985860, 0.000000000000000000 ) ) ;
#2035 = VECTOR ( 'NONE', #669, 100.0000000000000142 ) ;
#2036 = ORIENTED_EDGE ( 'NONE', *, *, #1338, .F. ) ;
#2037 = CARTESIAN_POINT ( 'NONE',  ( 19.11000000000000298, -16.98999999999999844, 12.63499999999999979 ) ) ;
#2038 = ORIENTED_EDGE ( 'NONE', *, *, #157, .T. ) ;
#2039 = EDGE_CURVE ( 'NONE', #308, #817, #314, .T. ) ;
#2040 = ADVANCED_FACE ( 'NONE', ( #954 ), #603, .T. ) ;
#2041 = DIRECTION ( 'NONE',  ( -4.770334648313475045E-16, -0.3420201433256678802, -0.9396926207859087610 ) ) ;
#2042 = CARTESIAN_POINT ( 'NONE',  ( 17.10999999999999943, -1.219999999999987761, 12.63499999999999979 ) ) ;
#2043 = EDGE_CURVE ( 'NONE', #1647, #1501, #443, .T. ) ;
#2044 = CARTESIAN_POINT ( 'NONE',  ( 23.68666666666667098, -7.806666666666658649, 5.696666666666670764 ) ) ;
#2045 = VERTEX_POINT ( 'NONE', #1759 ) ;
#2046 = CARTESIAN_POINT ( 'NONE',  ( 37.07000000000000028, -2.229999999999984883, 0.09999999999999453770 ) ) ;
#2047 = FACE_OUTER_BOUND ( 'NONE', #1581, .T. ) ;
#2048 = VERTEX_POINT ( 'NONE', #141 ) ;
#2049 = CARTESIAN_POINT ( 'NONE',  ( 18.09000000000000341, -15.99000000000000199, 12.63499999999999979 ) ) ;
#2050 = DIRECTION ( 'NONE',  ( 8.673617379884035472E-17, 0.000000000000000000, -1.000000000000000000 ) ) ;
#2051 = LINE ( 'NONE', #1205, #589 ) ;
#2052 = VERTEX_POINT ( 'NONE', #1106 ) ;
#2053 = ORIENTED_EDGE ( 'NONE', *, *, #1324, .T. ) ;
#2054 = CARTESIAN_POINT ( 'NONE',  ( 19.63228350032719405, -17.23499999999997101, 4.318937641328306043 ) ) ;
#2055 = ORIENTED_EDGE ( 'NONE', *, *, #1683, .F. ) ;
#2056 = CARTESIAN_POINT ( 'NONE',  ( 37.07000000000000028, -16.96999999999999886, 0.09999999999999453770 ) ) ;
#2057 = LINE ( 'NONE', #1571, #1868 ) ;
#2058 = EDGE_CURVE ( 'NONE', #1182, #900, #1523, .T. ) ;
#2059 = CARTESIAN_POINT ( 'NONE',  ( 19.95341666818141846, -16.90499999999999403, 4.394921116531270933 ) ) ;
#2060 = AXIS2_PLACEMENT_3D ( 'NONE', #529, #1305, #1951 ) ;
#2061 = ORIENTED_EDGE ( 'NONE', *, *, #418, .T. ) ;
#2062 = STYLED_ITEM ( 'NONE', ( #945 ), #419 ) ;
#2063 = EDGE_CURVE ( 'NONE', #1332, #1920, #789, .T. ) ;
#2064 = VECTOR ( 'NONE', #2071, 100.0000000000000142 ) ;
#2065 = VECTOR ( 'NONE', #916, 100.0000000000000000 ) ;
#2066 = CARTESIAN_POINT ( 'NONE',  ( 17.10999999999999588, -3.209999999999987974, 0.1000000000000000888 ) ) ;
#2067 = VECTOR ( 'NONE', #174, 100.0000000000000000 ) ;
#2068 = ORIENTED_EDGE ( 'NONE', *, *, #1519, .F. ) ;
#2069 = AXIS2_PLACEMENT_3D ( 'NONE', #743, #1541, #2019 ) ;
#2070 = DIRECTION ( 'NONE',  ( 0.000000000000000000, 1.000000000000000000, 0.000000000000000000 ) ) ;
#2071 = DIRECTION ( 'NONE',  ( -0.9731308116794299412, -0.000000000000000000, -0.2302529551604793612 ) ) ;
#2072 = LINE ( 'NONE', #604, #1893 ) ;
#2073 = ORIENTED_EDGE ( 'NONE', *, *, #873, .T. ) ;
#2074 = ADVANCED_FACE ( 'NONE', ( #2110 ), #645, .F. ) ;
#2075 = VERTEX_POINT ( 'NONE', #125 ) ;
#2076 = PLANE ( 'NONE',  #222 ) ;
#2077 = EDGE_CURVE ( 'NONE', #1261, #541, #1619, .T. ) ;
#2078 = ORIENTED_EDGE ( 'NONE', *, *, #1944, .F. ) ;
#2079 = DIRECTION ( 'NONE',  ( -0.000000000000000000, 1.000000000000000000, 0.000000000000000000 ) ) ;
#2080 = CYLINDRICAL_SURFACE ( 'NONE', #841, 0.3050000000000159250 ) ;
#2081 = CARTESIAN_POINT ( 'NONE',  ( 17.20999999999999730, -3.109999999999987885, 0.000000000000000000 ) ) ;
#2082 = DIRECTION ( 'NONE',  ( 1.394752543498940254E-15, -1.000000000000000000, 0.000000000000000000 ) ) ;
#2083 = ORIENTED_EDGE ( 'NONE', *, *, #1045, .T. ) ;
#2084 = VERTEX_POINT ( 'NONE', #1600 ) ;
#2085 = CARTESIAN_POINT ( 'NONE',  ( 19.95341666818142201, -16.90499999999999403, 4.394921116531270044 ) ) ;
#2086 = VERTEX_POINT ( 'NONE', #451 ) ;
#2087 = DIRECTION ( 'NONE',  ( 0.000000000000000000, -1.000000000000000000, 0.000000000000000000 ) ) ;
#2088 = DIRECTION ( 'NONE',  ( 0.000000000000000000, -1.000000000000000000, 0.000000000000000000 ) ) ;
#2089 = LINE ( 'NONE', #1781, #387 ) ;
#2090 = FACE_OUTER_BOUND ( 'NONE', #347, .T. ) ;
#2091 = ORIENTED_EDGE ( 'NONE', *, *, #1820, .F. ) ;
#2092 = VECTOR ( 'NONE', #1502, 100.0000000000000000 ) ;
#2093 = EDGE_LOOP ( 'NONE', ( #1709, #182, #1011, #139 ) ) ;
#2094 = VECTOR ( 'NONE', #514, 100.0000000000000000 ) ;
#2095 = DIRECTION ( 'NONE',  ( 1.000000000000000000, 0.000000000000000000, 0.000000000000000000 ) ) ;
#2096 = ORIENTED_EDGE ( 'NONE', *, *, #516, .T. ) ;
#2097 = VECTOR ( 'NONE', #1557, 100.0000000000000000 ) ;
#2098 = DIRECTION ( 'NONE',  ( 0.000000000000000000, 1.000000000000000000, 0.000000000000000000 ) ) ;
#2099 = DIRECTION ( 'NONE',  ( 8.673617379884035472E-17, 0.000000000000000000, -1.000000000000000000 ) ) ;
#2100 = EDGE_CURVE ( 'NONE', #886, #1858, #1923, .T. ) ;
#2101 = AXIS2_PLACEMENT_3D ( 'NONE', #2042, #917, #575 ) ;
#2102 = EDGE_CURVE ( 'NONE', #2045, #1737, #1127, .T. ) ;
#2103 = DIRECTION ( 'NONE',  ( -0.9731308116794302743, 0.000000000000000000, -0.2302529551604782787 ) ) ;
#2104 = CARTESIAN_POINT ( 'NONE',  ( 26.59540161960755711, -0.5999999999999949818, 5.640000000000005009 ) ) ;
#2105 = ORIENTED_EDGE ( 'NONE', *, *, #1534, .F. ) ;
#2106 = ORIENTED_EDGE ( 'NONE', *, *, #478, .F. ) ;
#2107 = CARTESIAN_POINT ( 'NONE',  ( 19.95341666818141846, -16.90499999999999403, 4.394921116531270933 ) ) ;
#2108 = VERTEX_POINT ( 'NONE', #515 ) ;
#2109 = CARTESIAN_POINT ( 'NONE',  ( 19.11000000000000298, -17.08999999999999986, 0.000000000000000000 ) ) ;
#2110 = FACE_OUTER_BOUND ( 'NONE', #846, .T. ) ;
#2111 = DIRECTION ( 'NONE',  ( -2.832201593431512852E-15, 1.000000000000000000, 0.000000000000000000 ) ) ;
#2112 = CARTESIAN_POINT ( 'NONE',  ( 35.07000000000000028, -3.229999999999985771, 12.63499999999999979 ) ) ;
#2113 = ORIENTED_EDGE ( 'NONE', *, *, #40, .F. ) ;
#2114 = EDGE_CURVE ( 'NONE', #1057, #1503, #1667, .T. ) ;
#2115 = ORIENTED_EDGE ( 'NONE', *, *, #2063, .T. ) ;
ENDSEC;
END-ISO-10303-21;
