ISO-10303-21;
HEADER;
FILE_DESCRIPTION (( 'STEP AP214' ),
    '1' );
FILE_NAME ('ramp-middle_61.STEP',
    '2026-06-16T01:09:22',
    ( '' ),
    ( '' ),
    'SwSTEP 2.0',
    'SolidWorks 2023',
    '' );
FILE_SCHEMA (( 'AUTOMOTIVE_DESIGN' ));
ENDSEC;

DATA;
#1 = DIRECTION ( 'NONE',  ( -0.9731308116794299412, -0.000000000000000000, -0.2302529551604793612 ) ) ;
#2 = ORIENTED_EDGE ( 'NONE', *, *, #1437, .T. ) ;
#3 = FACE_OUTER_BOUND ( 'NONE', #721, .T. ) ;
#4 = CARTESIAN_POINT ( 'NONE',  ( 0.000000000000000000, -19.19999999999999929, 0.000000000000000000 ) ) ;
#5 = DIRECTION ( 'NONE',  ( 0.000000000000000000, 0.000000000000000000, -1.000000000000000000 ) ) ;
#6 = EDGE_LOOP ( 'NONE', ( #313, #309, #909, #1594 ) ) ;
#7 = VECTOR ( 'NONE', #1369, 100.0000000000000000 ) ;
#8 = EDGE_CURVE ( 'NONE', #696, #687, #1186, .T. ) ;
#9 = ORIENTED_EDGE ( 'NONE', *, *, #852, .F. ) ;
#10 = VECTOR ( 'NONE', #1167, 100.0000000000000142 ) ;
#11 = CARTESIAN_POINT ( 'NONE',  ( 34.07000000000000028, -19.20000000000000284, 8.061319288389512394 ) ) ;
#12 = EDGE_CURVE ( 'NONE', #839, #889, #1050, .T. ) ;
#13 = DIRECTION ( 'NONE',  ( 1.000000000000000000, 0.000000000000000000, 0.000000000000000000 ) ) ;
#14 =( NAMED_UNIT ( * ) PLANE_ANGLE_UNIT ( ) SI_UNIT ( $, .RADIAN. ) );
#15 = DIRECTION ( 'NONE',  ( -0.2302529551604794167, 0.000000000000000000, 0.9731308116794300522 ) ) ;
#16 = PLANE ( 'NONE',  #1193 ) ;
#17 = VERTEX_POINT ( 'NONE', #1074 ) ;
#18 = ORIENTED_EDGE ( 'NONE', *, *, #343, .T. ) ;
#19 = ADVANCED_FACE ( 'NONE', ( #474 ), #45, .F. ) ;
#20 = CARTESIAN_POINT ( 'NONE',  ( 18.11000000000000298, -19.19999999999999929, 4.285015917602996716 ) ) ;
#21 = ORIENTED_EDGE ( 'NONE', *, *, #1295, .F. ) ;
#22 = DIRECTION ( 'NONE',  ( -1.000000000000000000, 0.000000000000000000, 0.000000000000000000 ) ) ;
#23 = AXIS2_PLACEMENT_3D ( 'NONE', #929, #1355, #1787 ) ;
#24 = DIRECTION ( 'NONE',  ( -0.9731308116794302743, 0.000000000000000000, -0.2302529551604782787 ) ) ;
#25 = CARTESIAN_POINT ( 'NONE',  ( 16.11000000000000298, -3.109999999999987885, 0.000000000000000000 ) ) ;
#26 = ORIENTED_EDGE ( 'NONE', *, *, #978, .T. ) ;
#27 = ORIENTED_EDGE ( 'NONE', *, *, #1208, .F. ) ;
#28 = VECTOR ( 'NONE', #1336, 100.0000000000000142 ) ;
#29 = LINE ( 'NONE', #748, #1341 ) ;
#30 = ORIENTED_EDGE ( 'NONE', *, *, #914, .F. ) ;
#31 = ADVANCED_FACE ( 'NONE', ( #1628 ), #898, .T. ) ;
#32 = CYLINDRICAL_SURFACE ( 'NONE', #121, 0.3050000000000159250 ) ;
#33 = EDGE_CURVE ( 'NONE', #1225, #1178, #917, .T. ) ;
#34 = CARTESIAN_POINT ( 'NONE',  ( 17.09000000000000341, -3.209999999999987974, 0.09999999999999734102 ) ) ;
#35 = CARTESIAN_POINT ( 'NONE',  ( 27.50997547680976041, -18.60000000000000497, 5.640000000000007674 ) ) ;
#36 = ORIENTED_EDGE ( 'NONE', *, *, #1548, .T. ) ;
#37 = EDGE_CURVE ( 'NONE', #1062, #1439, #1475, .T. ) ;
#38 = ORIENTED_EDGE ( 'NONE', *, *, #551, .F. ) ;
#39 = DIRECTION ( 'NONE',  ( -0.000000000000000000, 1.000000000000000000, 0.000000000000000000 ) ) ;
#40 = VERTEX_POINT ( 'NONE', #623 ) ;
#41 = DIRECTION ( 'NONE',  ( 0.000000000000000000, 0.000000000000000000, -1.000000000000000000 ) ) ;
#42 = CARTESIAN_POINT ( 'NONE',  ( 27.36564307980600930, 0.01000000000003307271, 6.250000000000041744 ) ) ;
#43 = ADVANCED_FACE ( 'NONE', ( #634 ), #1620, .T. ) ;
#44 = CARTESIAN_POINT ( 'NONE',  ( 16.11000000000000654, -1.219999999999987761, 3.811794943820226322 ) ) ;
#45 = CYLINDRICAL_SURFACE ( 'NONE', #156, 0.3050000000000159250 ) ;
#46 = ORIENTED_EDGE ( 'NONE', *, *, #499, .F. ) ;
#47 = FACE_BOUND ( 'NONE', #1709, .T. ) ;
#48 = ORIENTED_EDGE ( 'NONE', *, *, #625, .T. ) ;
#49 = LINE ( 'NONE', #1200, #1645 ) ;
#50 = VECTOR ( 'NONE', #1626, 100.0000000000000000 ) ;
#51 = CARTESIAN_POINT ( 'NONE',  ( 29.36853460557647821, -0.6000000000000005329, 6.948903272311966361 ) ) ;
#52 = CARTESIAN_POINT ( 'NONE',  ( 36.07000000000000028, -2.229999999999987548, 0.1000000000000056399 ) ) ;
#53 = EDGE_CURVE ( 'NONE', #1426, #391, #351, .T. ) ;
#54 = VERTEX_POINT ( 'NONE', #1767 ) ;
#55 = ORIENTED_EDGE ( 'NONE', *, *, #1223, .T. ) ;
#56 = DIRECTION ( 'NONE',  ( 1.000000000000000000, 0.000000000000000000, 0.000000000000000000 ) ) ;
#57 = ORIENTED_EDGE ( 'NONE', *, *, #427, .F. ) ;
#58 = AXIS2_PLACEMENT_3D ( 'NONE', #1684, #547, #407 ) ;
#59 = LINE ( 'NONE', #750, #1818 ) ;
#60 = EDGE_CURVE ( 'NONE', #1022, #149, #1067, .T. ) ;
#61 = AXIS2_PLACEMENT_3D ( 'NONE', #1410, #1164, #127 ) ;
#62 = CARTESIAN_POINT ( 'NONE',  ( 26.15233727297595578, -18.60000000000000497, 6.187917255506579117 ) ) ;
#63 = FACE_OUTER_BOUND ( 'NONE', #1719, .T. ) ;
#64 = CARTESIAN_POINT ( 'NONE',  ( 16.11000000000000654, -17.98000000000000043, 12.63499999999999979 ) ) ;
#65 = FACE_OUTER_BOUND ( 'NONE', #1664, .T. ) ;
#66 = ORIENTED_EDGE ( 'NONE', *, *, #1040, .F. ) ;
#67 = FACE_OUTER_BOUND ( 'NONE', #397, .T. ) ;
#68 = CIRCLE ( 'NONE', #1112, 0.3050000000000159250 ) ;
#69 = DIRECTION ( 'NONE',  ( 0.000000000000000000, 0.000000000000000000, -1.000000000000000000 ) ) ;
#70 = DIRECTION ( 'NONE',  ( 1.000000000000000000, 0.000000000000000000, 0.000000000000000000 ) ) ;
#71 = CARTESIAN_POINT ( 'NONE',  ( 18.11000000000000298, -16.98999999999999844, 0.09999999999999731326 ) ) ;
#72 = CARTESIAN_POINT ( 'NONE',  ( 0.000000000000000000, -3.209999999999987974, 0.000000000000000000 ) ) ;
#73 = ORIENTED_EDGE ( 'NONE', *, *, #104, .T. ) ;
#74 = ADVANCED_FACE ( 'NONE', ( #783 ), #1737, .T. ) ;
#75 = CARTESIAN_POINT ( 'NONE',  ( 0.000000000000000000, -2.229999999999987548, 0.000000000000000000 ) ) ;
#76 = CARTESIAN_POINT ( 'NONE',  ( 34.07000000000000028, -15.97000000000000064, 0.1000000000000056399 ) ) ;
#77 = CARTESIAN_POINT ( 'NONE',  ( 35.08999999999999631, -15.97000000000000064, 12.63499999999999979 ) ) ;
#78 = VERTEX_POINT ( 'NONE', #464 ) ;
#79 = DIRECTION ( 'NONE',  ( 0.000000000000000000, -1.000000000000000000, 0.000000000000000000 ) ) ;
#80 = ORIENTED_EDGE ( 'NONE', *, *, #1376, .T. ) ;
#81 = CARTESIAN_POINT ( 'NONE',  ( 16.21000000000000085, -3.109999999999987885, 0.000000000000000000 ) ) ;
#82 = FACE_BOUND ( 'NONE', #1468, .T. ) ;
#83 = VECTOR ( 'NONE', #1600, 100.0000000000000142 ) ;
#84 = CARTESIAN_POINT ( 'NONE',  ( 18.11000000000000298, -16.98999999999999844, 12.63499999999999979 ) ) ;
#85 = CARTESIAN_POINT ( 'NONE',  ( 26.73973401661130822, -1.210000000000023945, 5.029999999999970939 ) ) ;
#86 = EDGE_CURVE ( 'NONE', #993, #1022, #1039, .T. ) ;
#87 = ORIENTED_EDGE ( 'NONE', *, *, #676, .T. ) ;
#88 = CARTESIAN_POINT ( 'NONE',  ( 27.50997547680976041, -18.60000000000000497, 5.640000000000007674 ) ) ;
#89 = ORIENTED_EDGE ( 'NONE', *, *, #1552, .T. ) ;
#90 = CARTESIAN_POINT ( 'NONE',  ( 34.07000000000000028, -3.229999999999985771, 12.63499999999999979 ) ) ;
#91 = CARTESIAN_POINT ( 'NONE',  ( 35.08999999999999631, -2.229999999999987548, 12.63499999999999979 ) ) ;
#92 = DIRECTION ( 'NONE',  ( 1.877914453019546570E-16, -1.000000000000000000, 0.000000000000000000 ) ) ;
#93 = AXIS2_PLACEMENT_3D ( 'NONE', #1572, #119, #24 ) ;
#94 = EDGE_CURVE ( 'NONE', #1488, #1401, #1404, .T. ) ;
#95 = PLANE ( 'NONE',  #813 ) ;
#96 = ORIENTED_EDGE ( 'NONE', *, *, #1683, .T. ) ;
#97 = VERTEX_POINT ( 'NONE', #1239 ) ;
#98 = DIRECTION ( 'NONE',  ( -0.2302529551604794444, 0.000000000000000000, 0.9731308116794300522 ) ) ;
#99 = DIRECTION ( 'NONE',  ( 0.000000000000000000, 1.000000000000000000, 0.000000000000000000 ) ) ;
#100 = DIRECTION ( 'NONE',  ( -1.000000000000000000, 0.000000000000000000, 0.000000000000000000 ) ) ;
#101 = DIRECTION ( 'NONE',  ( -1.000000000000000000, 0.000000000000000000, 0.000000000000000000 ) ) ;
#102 = ADVANCED_FACE ( 'NONE', ( #528, #1108, #263, #1799, #536, #1536, #960 ), #227, .F. ) ;
#103 = ORIENTED_EDGE ( 'NONE', *, *, #1644, .F. ) ;
#104 = EDGE_CURVE ( 'NONE', #1470, #1531, #1386, .T. ) ;
#105 = EDGE_LOOP ( 'NONE', ( #870, #1515, #1612, #1333 ) ) ;
#106 = FACE_OUTER_BOUND ( 'NONE', #740, .T. ) ;
#107 = EDGE_CURVE ( 'NONE', #40, #269, #68, .T. ) ;
#108 = LINE ( 'NONE', #1227, #705 ) ;
#109 = DIRECTION ( 'NONE',  ( -1.000000000000000000, -1.877914453019546570E-16, 0.000000000000000000 ) ) ;
#110 = AXIS2_PLACEMENT_3D ( 'NONE', #1556, #273, #847 ) ;
#111 = CARTESIAN_POINT ( 'NONE',  ( 33.96999999999999176, -19.19999999999999929, 0.000000000000000000 ) ) ;
#112 = ORIENTED_EDGE ( 'NONE', *, *, #728, .T. ) ;
#113 = ORIENTED_EDGE ( 'NONE', *, *, #453, .F. ) ;
#114 = ORIENTED_EDGE ( 'NONE', *, *, #1560, .T. ) ;
#115 = EDGE_CURVE ( 'NONE', #78, #136, #1669, .T. ) ;
#116 = DIRECTION ( 'NONE',  ( 0.000000000000000000, 0.7071067811865436870, -0.7071067811865513475 ) ) ;
#117 = ORIENTED_EDGE ( 'NONE', *, *, #226, .T. ) ;
#118 = DIRECTION ( 'NONE',  ( -1.000000000000000000, 0.000000000000000000, 0.000000000000000000 ) ) ;
#119 = DIRECTION ( 'NONE',  ( -0.2302529551604794444, 0.000000000000000000, 0.9731308116794300522 ) ) ;
#120 = CARTESIAN_POINT ( 'NONE',  ( 27.65430787381351507, -17.98999999999997712, 5.029999999999972715 ) ) ;
#121 = AXIS2_PLACEMENT_3D ( 'NONE', #601, #1172, #1035 ) ;
#122 = EDGE_LOOP ( 'NONE', ( #1177, #1382, #1001, #665, #36 ) ) ;
#123 = LINE ( 'NONE', #559, #206 ) ;
#124 = ORIENTED_EDGE ( 'NONE', *, *, #1303, .T. ) ;
#125 = ADVANCED_FACE ( 'NONE', ( #1255 ), #1082, .T. ) ;
#126 = DIRECTION ( 'NONE',  ( 0.000000000000000000, 0.000000000000000000, 1.000000000000000000 ) ) ;
#127 = DIRECTION ( 'NONE',  ( -0.000000000000000000, 1.000000000000000000, 0.000000000000000000 ) ) ;
#128 = DIRECTION ( 'NONE',  ( -0.9731308116794301633, 0.000000000000000000, -0.2302529551604787506 ) ) ;
#129 = CARTESIAN_POINT ( 'NONE',  ( 29.87509110692953485, -18.60000000000000142, 4.808015486617218670 ) ) ;
#130 = AXIS2_PLACEMENT_3D ( 'NONE', #270, #562, #1004 ) ;
#131 = ORIENTED_EDGE ( 'NONE', *, *, #339, .F. ) ;
#132 = ORIENTED_EDGE ( 'NONE', *, *, #1016, .T. ) ;
#133 = ORIENTED_EDGE ( 'NONE', *, *, #1448, .T. ) ;
#134 = VECTOR ( 'NONE', #1236, 100.0000000000000000 ) ;
#135 = CARTESIAN_POINT ( 'NONE',  ( 16.11000000000000654, -17.98000000000000043, 0.3747477419454560144 ) ) ;
#136 = VERTEX_POINT ( 'NONE', #1815 ) ;
#137 = PLANE ( 'NONE',  #1182 ) ;
#138 = APPLICATION_PROTOCOL_DEFINITION ( 'draft international standard', 'automotive_design', 1998, #1166 ) ;
#139 =( BOUNDED_CURVE ( )  B_SPLINE_CURVE ( 3, ( #1495, #837, #120, #88 ),
 .UNSPECIFIED., .F., .T. ) 
 B_SPLINE_CURVE_WITH_KNOTS ( ( 4, 4 ),
 ( 1.797104947649392326, 4.938697601239183221 ),
 .UNSPECIFIED. ) 
 CURVE ( )  GEOMETRIC_REPRESENTATION_ITEM ( )  RATIONAL_B_SPLINE_CURVE ( ( 1.000000000000000000, 0.3333333333333341475, 0.3333333333333341475, 1.000000000000000000 ) ) 
 REPRESENTATION_ITEM ( '' )  );
#140 = DIRECTION ( 'NONE',  ( 0.000000000000000000, -1.000000000000000000, 0.000000000000000000 ) ) ;
#141 = EDGE_CURVE ( 'NONE', #1530, #445, #664, .T. ) ;
#142 = CARTESIAN_POINT ( 'NONE',  ( 0.000000000000000000, -1.219999999999998863, 0.3747477419454632308 ) ) ;
#143 = AXIS2_PLACEMENT_3D ( 'NONE', #1503, #1638, #693 ) ;
#144 = ORIENTED_EDGE ( 'NONE', *, *, #625, .F. ) ;
#145 = CIRCLE ( 'NONE', #1195, 0.3050000000000044897 ) ;
#146 = EDGE_LOOP ( 'NONE', ( #193, #746 ) ) ;
#147 = EDGE_CURVE ( 'NONE', #1703, #1794, #1221, .T. ) ;
#148 = LINE ( 'NONE', #1550, #1660 ) ;
#149 = VERTEX_POINT ( 'NONE', #951 ) ;
#150 = DIRECTION ( 'NONE',  ( 0.000000000000000000, -1.000000000000000000, 0.000000000000000000 ) ) ;
#151 = DIRECTION ( 'NONE',  ( -1.000000000000000000, 0.000000000000000000, 0.000000000000000000 ) ) ;
#152 = CARTESIAN_POINT ( 'NONE',  ( 35.96999999999999886, -16.96999999999999886, 0.000000000000000000 ) ) ;
#153 = CARTESIAN_POINT ( 'NONE',  ( 21.21630391768895052, -1.219999999999998863, 5.019999999999997797 ) ) ;
#154 = ADVANCED_FACE ( 'NONE', ( #1378 ), #95, .T. ) ;
#155 = EDGE_LOOP ( 'NONE', ( #369, #689, #1078, #466 ) ) ;
#156 = AXIS2_PLACEMENT_3D ( 'NONE', #1745, #332, #907 ) ;
#157 = ORIENTED_EDGE ( 'NONE', *, *, #1583, .F. ) ;
#158 = FACE_OUTER_BOUND ( 'NONE', #1537, .T. ) ;
#159 = ORIENTED_EDGE ( 'NONE', *, *, #1032, .T. ) ;
#160 = DIRECTION ( 'NONE',  ( 0.000000000000000000, -1.000000000000000000, 0.000000000000000000 ) ) ;
#161 = CARTESIAN_POINT ( 'NONE',  ( 34.07000000000000739, -3.229999999999985771, 8.061319288389515947 ) ) ;
#162 = LINE ( 'NONE', #129, #262 ) ;
#163 = ORIENTED_EDGE ( 'NONE', *, *, #1593, .F. ) ;
#164 = EDGE_CURVE ( 'NONE', #205, #503, #940, .T. ) ;
#165 = EDGE_LOOP ( 'NONE', ( #749, #576, #1354, #1817 ) ) ;
#166 = DIRECTION ( 'NONE',  ( 0.000000000000000000, 0.000000000000000000, -1.000000000000000000 ) ) ;
#167 = ORIENTED_EDGE ( 'NONE', *, *, #681, .T. ) ;
#168 = DIRECTION ( 'NONE',  ( 0.000000000000000000, 1.000000000000000000, 0.000000000000000000 ) ) ;
#169 = DIRECTION ( 'NONE',  ( -0.9731308116794299412, -0.000000000000000000, -0.2302529551604793612 ) ) ;
#170 = EDGE_CURVE ( 'NONE', #600, #425, #1302, .T. ) ;
#171 = CARTESIAN_POINT ( 'NONE',  ( 28.13681823286975359, -18.60000000000000497, 5.640000000000008562 ) ) ;
#172 = LINE ( 'NONE', #1833, #444 ) ;
#173 = ORIENTED_EDGE ( 'NONE', *, *, #94, .T. ) ;
#174 = VECTOR ( 'NONE', #923, 100.0000000000000000 ) ;
#175 = VERTEX_POINT ( 'NONE', #246 ) ;
#176 = VECTOR ( 'NONE', #1073, 100.0000000000000000 ) ;
#177 = CARTESIAN_POINT ( 'NONE',  ( 0.000000000000000000, -1.219999999999998863, 5.019999999999997797 ) ) ;
#178 = ORIENTED_EDGE ( 'NONE', *, *, #1535, .T. ) ;
#179 = EDGE_CURVE ( 'NONE', #920, #1721, #1090, .T. ) ;
#180 = DIRECTION ( 'NONE',  ( -0.9731308116794301633, 0.000000000000000000, -0.2302529551604787506 ) ) ;
#181 = DIRECTION ( 'NONE',  ( -0.2302529551604794444, 0.000000000000000000, 0.9731308116794300522 ) ) ;
#182 = LINE ( 'NONE', #1474, #1547 ) ;
#183 = DIRECTION ( 'NONE',  ( 0.000000000000000000, 0.000000000000000000, -1.000000000000000000 ) ) ;
#184 = EDGE_LOOP ( 'NONE', ( #333, #928, #1343, #124 ) ) ;
#185 = CARTESIAN_POINT ( 'NONE',  ( 17.09000000000000341, -16.98999999999999844, 0.09999999999999731326 ) ) ;
#186 = ORIENTED_EDGE ( 'NONE', *, *, #1831, .T. ) ;
#187 = DIRECTION ( 'NONE',  ( 0.000000000000000000, 0.7071067811865475727, -0.7071067811865475727 ) ) ;
#188 = CIRCLE ( 'NONE', #517, 0.3050000000000159250 ) ;
#189 = EDGE_CURVE ( 'NONE', #560, #434, #1247, .T. ) ;
#190 = CARTESIAN_POINT ( 'NONE',  ( 16.99000000000000554, -17.08999999999999986, 0.000000000000000000 ) ) ;
#191 = DIRECTION ( 'NONE',  ( 1.000000000000000000, 0.000000000000000000, 0.000000000000000000 ) ) ;
#192 = DIRECTION ( 'NONE',  ( 0.5773502691896257311, 0.5773502691896257311, -0.5773502691896257311 ) ) ;
#193 = ORIENTED_EDGE ( 'NONE', *, *, #636, .T. ) ;
#194 = LINE ( 'NONE', #1730, #1165 ) ;
#195 = ORIENTED_EDGE ( 'NONE', *, *, #251, .F. ) ;
#196 = CARTESIAN_POINT ( 'NONE',  ( 34.07000000000000028, -3.229999999999985771, 0.1000000000000056399 ) ) ;
#197 = AXIS2_PLACEMENT_3D ( 'NONE', #1518, #1788, #1392 ) ;
#198 = DIRECTION ( 'NONE',  ( 0.000000000000000000, -1.000000000000000000, 0.000000000000000000 ) ) ;
#199 = LINE ( 'NONE', #1323, #743 ) ;
#200 = EDGE_CURVE ( 'NONE', #590, #97, #686, .T. ) ;
#201 = DIRECTION ( 'NONE',  ( 1.000000000000000000, 0.000000000000000000, 0.000000000000000000 ) ) ;
#202 = VERTEX_POINT ( 'NONE', #520 ) ;
#203 = CARTESIAN_POINT ( 'NONE',  ( 18.21000000000000085, -2.209999999999989750, 0.000000000000000000 ) ) ;
#204 = ADVANCED_FACE ( 'NONE', ( #1652 ), #1565, .T. ) ;
#205 = VERTEX_POINT ( 'NONE', #161 ) ;
#206 = VECTOR ( 'NONE', #1674, 100.0000000000000142 ) ;
#207 = CARTESIAN_POINT ( 'NONE',  ( 17.09000000000000341, -3.209999999999987974, 4.043673220973786897 ) ) ;
#208 = CARTESIAN_POINT ( 'NONE',  ( 35.08999999999999631, -15.97000000000000064, 0.1000000000000056399 ) ) ;
#209 = CARTESIAN_POINT ( 'NONE',  ( 35.08999999999999631, -15.97000000000000064, 0.1000000000000056399 ) ) ;
#210 = DIRECTION ( 'NONE',  ( 1.000000000000000000, 0.000000000000000000, 0.000000000000000000 ) ) ;
#211 = ADVANCED_FACE ( 'NONE', ( #422 ), #1707, .F. ) ;
#212 = DIRECTION ( 'NONE',  ( 0.000000000000000000, -1.000000000000000000, 0.000000000000000000 ) ) ;
#213 = ORIENTED_EDGE ( 'NONE', *, *, #419, .T. ) ;
#214 = DIRECTION ( 'NONE',  ( -0.7071067811865392461, -1.327886044218332067E-16, -0.7071067811865558994 ) ) ;
#215 = CARTESIAN_POINT ( 'NONE',  ( 17.09000000000000341, -3.209999999999987974, 12.63499999999999979 ) ) ;
#216 = CARTESIAN_POINT ( 'NONE',  ( 35.08999999999999631, -3.229999999999985771, 12.63499999999999979 ) ) ;
#217 = VECTOR ( 'NONE', #524, 100.0000000000000000 ) ;
#218 = VERTEX_POINT ( 'NONE', #692 ) ;
#219 = ADVANCED_FACE ( 'NONE', ( #725 ), #553, .F. ) ;
#220 = PLANE ( 'NONE',  #1249 ) ;
#221 = VERTEX_POINT ( 'NONE', #1291 ) ;
#222 = ADVANCED_FACE ( 'NONE', ( #565 ), #584, .T. ) ;
#223 = DIRECTION ( 'NONE',  ( 0.000000000000000000, -1.000000000000000000, 0.000000000000000000 ) ) ;
#224 = DIRECTION ( 'NONE',  ( -0.000000000000000000, 0.7071067811865436870, 0.7071067811865513475 ) ) ;
#225 = CARTESIAN_POINT ( 'NONE',  ( 29.67823484613193941, -0.6000000000000005329, 5.640000000000002345 ) ) ;
#226 = EDGE_CURVE ( 'NONE', #993, #149, #282, .T. ) ;
#227 = PLANE ( 'NONE',  #635 ) ;
#228 = ORIENTED_EDGE ( 'NONE', *, *, #772, .T. ) ;
#229 = CARTESIAN_POINT ( 'NONE',  ( 17.09000000000000341, -15.99000000000000199, 12.63499999999999979 ) ) ;
#230 = ORIENTED_EDGE ( 'NONE', *, *, #945, .F. ) ;
#231 = CARTESIAN_POINT ( 'NONE',  ( 18.21000000000000441, -19.19999999999999929, 0.000000000000000000 ) ) ;
#232 = VECTOR ( 'NONE', #116, 100.0000000000000000 ) ;
#233 = EDGE_CURVE ( 'NONE', #1821, #991, #1435, .T. ) ;
#234 = LINE ( 'NONE', #1805, #1510 ) ;
#235 = AXIS2_PLACEMENT_3D ( 'NONE', #1754, #1056, #70 ) ;
#236 = DIRECTION ( 'NONE',  ( -0.9731308116794302743, 0.000000000000000000, -0.2302529551604782787 ) ) ;
#237 = CARTESIAN_POINT ( 'NONE',  ( 34.07000000000000028, -17.98000000000000043, 0.3747477419454632308 ) ) ;
#238 = ORIENTED_EDGE ( 'NONE', *, *, #636, .F. ) ;
#239 = ORIENTED_EDGE ( 'NONE', *, *, #1208, .T. ) ;
#240 = CARTESIAN_POINT ( 'NONE',  ( 16.21000000000001151, -17.88000000000000256, -9.205366787092840999E-16 ) ) ;
#241 = VECTOR ( 'NONE', #1117, 100.0000000000000000 ) ;
#242 = CARTESIAN_POINT ( 'NONE',  ( 0.000000000000000000, -17.98000000000000043, 5.020000000000000462 ) ) ;
#243 = EDGE_CURVE ( 'NONE', #1401, #530, #1059, .T. ) ;
#244 = FACE_OUTER_BOUND ( 'NONE', #105, .T. ) ;
#245 = AXIS2_PLACEMENT_3D ( 'NONE', #1272, #1699, #641 ) ;
#246 = CARTESIAN_POINT ( 'NONE',  ( 25.96855886354755683, -18.60000000000000497, 5.640000000000009450 ) ) ;
#247 = EDGE_CURVE ( 'NONE', #1488, #318, #969, .T. ) ;
#248 = AXIS2_PLACEMENT_3D ( 'NONE', #1226, #1243, #363 ) ;
#249 = EDGE_LOOP ( 'NONE', ( #316, #858, #1681, #657 ) ) ;
#250 = ORIENTED_EDGE ( 'NONE', *, *, #1659, .T. ) ;
#251 = EDGE_CURVE ( 'NONE', #1731, #17, #908, .T. ) ;
#252 = PLANE ( 'NONE',  #1673 ) ;
#253 = CARTESIAN_POINT ( 'NONE',  ( 16.11000000000000654, -17.88000000000000256, 0.09999999999999728550 ) ) ;
#254 = CARTESIAN_POINT ( 'NONE',  ( 16.21000000000000796, -17.88000000000000256, 0.000000000000000000 ) ) ;
#255 = DIRECTION ( 'NONE',  ( 0.000000000000000000, 0.000000000000000000, -1.000000000000000000 ) ) ;
#256 = EDGE_CURVE ( 'NONE', #1479, #538, #311, .T. ) ;
#257 = EDGE_LOOP ( 'NONE', ( #1723, #1351 ) ) ;
#258 = LINE ( 'NONE', #1704, #1396 ) ;
#259 = ORIENTED_EDGE ( 'NONE', *, *, #702, .T. ) ;
#260 = DIRECTION ( 'NONE',  ( 0.000000000000000000, 0.7071067811865376918, -0.7071067811865573427 ) ) ;
#261 = CARTESIAN_POINT ( 'NONE',  ( 17.09000000000000341, -2.109999999999989662, 0.000000000000000000 ) ) ;
#262 = VECTOR ( 'NONE', #312, 100.0000000000000142 ) ;
#263 = FACE_BOUND ( 'NONE', #709, .T. ) ;
#264 = LINE ( 'NONE', #1775, #802 ) ;
#265 = ORIENTED_EDGE ( 'NONE', *, *, #796, .T. ) ;
#266 = EDGE_CURVE ( 'NONE', #17, #1731, #1381, .T. ) ;
#267 = ORIENTED_EDGE ( 'NONE', *, *, #1185, .F. ) ;
#268 = CARTESIAN_POINT ( 'NONE',  ( 36.07000000000000028, -2.229999999999987548, 12.63499999999999979 ) ) ;
#269 = VERTEX_POINT ( 'NONE', #864 ) ;
#270 = CARTESIAN_POINT ( 'NONE',  ( 16.11000000000000654, -17.98000000000000043, 12.63499999999999979 ) ) ;
#271 = CARTESIAN_POINT ( 'NONE',  ( 29.53390244912819185, 0.01000000000000653144, 6.250000000000016875 ) ) ;
#272 = DIRECTION ( 'NONE',  ( 1.394752543498940254E-15, -1.000000000000000000, 0.000000000000000000 ) ) ;
#273 = DIRECTION ( 'NONE',  ( -0.2302529551604794722, 0.000000000000000000, 0.9731308116794300522 ) ) ;
#274 = ORIENTED_EDGE ( 'NONE', *, *, #639, .F. ) ;
#275 = VECTOR ( 'NONE', #1517, 100.0000000000000000 ) ;
#276 = AXIS2_PLACEMENT_3D ( 'NONE', #481, #1452, #180 ) ;
#277 = VERTEX_POINT ( 'NONE', #1832 ) ;
#278 = CARTESIAN_POINT ( 'NONE',  ( 0.000000000000000000, -17.98000000000000043, 5.020000000000000462 ) ) ;
#279 = EDGE_LOOP ( 'NONE', ( #537, #778, #1447, #1777 ) ) ;
#280 = CARTESIAN_POINT ( 'NONE',  ( 0.000000000000000000, -19.19999999999999929, 0.000000000000000000 ) ) ;
#281 = DIRECTION ( 'NONE',  ( 0.7071067811865475727, 0.000000000000000000, 0.7071067811865475727 ) ) ;
#282 = LINE ( 'NONE', #4, #10 ) ;
#283 = CARTESIAN_POINT ( 'NONE',  ( 35.08999999999999631, -3.229999999999985771, 0.1000000000000056399 ) ) ;
#284 = ORIENTED_EDGE ( 'NONE', *, *, #1219, .F. ) ;
#285 = ORIENTED_EDGE ( 'NONE', *, *, #672, .F. ) ;
#286 = LINE ( 'NONE', #268, #323 ) ;
#287 = ORIENTED_EDGE ( 'NONE', *, *, #1437, .F. ) ;
#288 = CARTESIAN_POINT ( 'NONE',  ( 36.07000000000000028, -2.229999999999987548, 8.534540262172285452 ) ) ;
#289 = CARTESIAN_POINT ( 'NONE',  ( 28.90705969306822709, 0.01000000000000653144, 6.250000000000016875 ) ) ;
#290 = EDGE_CURVE ( 'NONE', #136, #578, #302, .T. ) ;
#291 = DIRECTION ( 'NONE',  ( -0.9731308116794301633, 0.000000000000000000, -0.2302529551604787506 ) ) ;
#292 = DIRECTION ( 'NONE',  ( 1.000000000000000000, 0.000000000000000000, 0.000000000000000000 ) ) ;
#293 = VECTOR ( 'NONE', #588, 100.0000000000000000 ) ;
#294 = ORIENTED_EDGE ( 'NONE', *, *, #1185, .T. ) ;
#295 = VECTOR ( 'NONE', #493, 100.0000000000000000 ) ;
#296 = ORIENTED_EDGE ( 'NONE', *, *, #1064, .T. ) ;
#297 = CARTESIAN_POINT ( 'NONE',  ( 33.96999999999999176, -3.329999999999991189, 0.000000000000000000 ) ) ;
#298 = ORIENTED_EDGE ( 'NONE', *, *, #829, .T. ) ;
#299 = PLANE ( 'NONE',  #1036 ) ;
#300 = PRODUCT_CONTEXT ( 'NONE', #1522, 'mechanical' ) ;
#301 = ADVANCED_FACE ( 'NONE', ( #1688 ), #874, .F. ) ;
#302 = LINE ( 'NONE', #152, #669 ) ;
#303 = CARTESIAN_POINT ( 'NONE',  ( 27.31522859293286132, -18.60000000000000497, 6.463069536923349290 ) ) ;
#304 = ORIENTED_EDGE ( 'NONE', *, *, #389, .F. ) ;
#305 = VECTOR ( 'NONE', #1098, 100.0000000000000000 ) ;
#306 = ORIENTED_EDGE ( 'NONE', *, *, #1516, .T. ) ;
#307 = LINE ( 'NONE', #1748, #28 ) ;
#308 = ADVANCED_FACE ( 'NONE', ( #452 ), #1264, .T. ) ;
#309 = ORIENTED_EDGE ( 'NONE', *, *, #60, .T. ) ;
#310 = LINE ( 'NONE', #1463, #1176 ) ;
#311 = LINE ( 'NONE', #594, #336 ) ;
#312 = DIRECTION ( 'NONE',  ( -0.2302529551604793612, 0.000000000000000000, 0.9731308116794299412 ) ) ;
#313 = ORIENTED_EDGE ( 'NONE', *, *, #1032, .F. ) ;
#314 = AXIS2_PLACEMENT_3D ( 'NONE', #1290, #420, #13 ) ;
#315 = ADVANCED_FACE ( 'NONE', ( #846 ), #1411, .F. ) ;
#316 = ORIENTED_EDGE ( 'NONE', *, *, #490, .F. ) ;
#317 = CARTESIAN_POINT ( 'NONE',  ( 18.10999999999999943, -2.209999999999989750, 12.63499999999999979 ) ) ;
#318 = VERTEX_POINT ( 'NONE', #171 ) ;
#319 = FACE_OUTER_BOUND ( 'NONE', #697, .T. ) ;
#320 = CARTESIAN_POINT ( 'NONE',  ( 27.50997547680976041, -0.5999999999999949818, 5.640000000000007674 ) ) ;
#321 = DIRECTION ( 'NONE',  ( 0.000000000000000000, -1.000000000000000000, 0.000000000000000000 ) ) ;
#322 = VERTEX_POINT ( 'NONE', #1743 ) ;
#323 = VECTOR ( 'NONE', #1828, 100.0000000000000000 ) ;
#324 = VERTEX_POINT ( 'NONE', #208 ) ;
#325 = AXIS2_PLACEMENT_3D ( 'NONE', #782, #484, #191 ) ;
#326 = ADVANCED_FACE ( 'NONE', ( #1314 ), #1473, .F. ) ;
#327 = DIRECTION ( 'NONE',  ( 0.5773502691896310601, 0.5773502691896310601, 0.5773502691896150729 ) ) ;
#328 = ORIENTED_EDGE ( 'NONE', *, *, #1482, .F. ) ;
#329 = CARTESIAN_POINT ( 'NONE',  ( 29.34277855753429876, -0.5999999999999949818, -5.971391253287538170 ) ) ;
#330 = CARTESIAN_POINT ( 'NONE',  ( 25.96855886354756393, -0.5999999999999949818, 5.640000000000006786 ) ) ;
#331 = DIRECTION ( 'NONE',  ( -0.5773502691896295058, -0.5773502691896319483, 0.5773502691896159611 ) ) ;
#332 = DIRECTION ( 'NONE',  ( -0.2302529551604794722, 0.000000000000000000, 0.9731308116794300522 ) ) ;
#333 = ORIENTED_EDGE ( 'NONE', *, *, #141, .T. ) ;
#334 =( BOUNDED_CURVE ( )  B_SPLINE_CURVE ( 3, ( #1573, #1018, #1305, #1138 ),
 .UNSPECIFIED., .F., .T. ) 
 B_SPLINE_CURVE_WITH_KNOTS ( ( 4, 4 ),
 ( 4.938697601239184110, 8.080290254828980778 ),
 .UNSPECIFIED. ) 
 CURVE ( )  GEOMETRIC_REPRESENTATION_ITEM ( )  RATIONAL_B_SPLINE_CURVE ( ( 1.000000000000000000, 0.3333333333333321491, 0.3333333333333321491, 1.000000000000000000 ) ) 
 REPRESENTATION_ITEM ( '' )  );
#335 = PLANE ( 'NONE',  #1577 ) ;
#336 = VECTOR ( 'NONE', #715, 100.0000000000000000 ) ;
#337 = VERTEX_POINT ( 'NONE', #51 ) ;
#338 = CARTESIAN_POINT ( 'NONE',  ( 34.07000000000000028, -1.319999999999998952, 0.1000000000000000472 ) ) ;
#339 = EDGE_CURVE ( 'NONE', #445, #1099, #761, .T. ) ;
#340 = CARTESIAN_POINT ( 'NONE',  ( 28.13681823286975359, -0.5999999999999949818, 5.640000000000008562 ) ) ;
#341 = CARTESIAN_POINT ( 'NONE',  ( 0.000000000000000000, -17.98000000000000043, 5.020000000000000462 ) ) ;
#342 = ORIENTED_EDGE ( 'NONE', *, *, #1087, .T. ) ;
#343 = EDGE_CURVE ( 'NONE', #408, #1623, #1244, .T. ) ;
#344 = ORIENTED_EDGE ( 'NONE', *, *, #1025, .F. ) ;
#345 = LINE ( 'NONE', #1613, #656 ) ;
#346 = ORIENTED_EDGE ( 'NONE', *, *, #1757, .T. ) ;
#347 = CARTESIAN_POINT ( 'NONE',  ( 17.09000000000000341, -15.99000000000000199, 0.09999999999999734102 ) ) ;
#348 = CARTESIAN_POINT ( 'NONE',  ( 21.21630391768896828, -17.98000000000000043, 5.020000000000000462 ) ) ;
#349 = EDGE_CURVE ( 'NONE', #891, #1241, #483, .T. ) ;
#350 = DIRECTION ( 'NONE',  ( -1.000000000000000000, 0.000000000000000000, 0.000000000000000000 ) ) ;
#351 = LINE ( 'NONE', #64, #1670 ) ;
#352 = CARTESIAN_POINT ( 'NONE',  ( 0.000000000000000000, -19.19999999999999929, 0.000000000000000000 ) ) ;
#353 = EDGE_LOOP ( 'NONE', ( #1250, #372, #1157, #1774 ) ) ;
#354 = AXIS2_PLACEMENT_3D ( 'NONE', #666, #1233, #212 ) ;
#355 = CYLINDRICAL_SURFACE ( 'NONE', #248, 0.3050000000000159250 ) ;
#356 = LINE ( 'NONE', #1454, #1513 ) ;
#357 = LINE ( 'NONE', #209, #174 ) ;
#358 = EDGE_CURVE ( 'NONE', #719, #717, #356, .T. ) ;
#359 = DIRECTION ( 'NONE',  ( 0.000000000000000000, -1.000000000000000000, 0.000000000000000000 ) ) ;
#360 = ADVANCED_FACE ( 'NONE', ( #1173 ), #500, .F. ) ;
#361 = PLANE ( 'NONE',  #1131 ) ;
#362 = ORIENTED_EDGE ( 'NONE', *, *, #226, .F. ) ;
#363 = DIRECTION ( 'NONE',  ( -0.9731308116794301633, 0.000000000000000000, -0.2302529551604787506 ) ) ;
#364 = EDGE_CURVE ( 'NONE', #1712, #1062, #1481, .T. ) ;
#365 = CARTESIAN_POINT ( 'NONE',  ( 29.67823484613193941, -18.60000000000000142, 5.640000000000005009 ) ) ;
#366 = CARTESIAN_POINT ( 'NONE',  ( 26.73973401661130467, -17.98999999999997712, 5.029999999999977156 ) ) ;
#367 = CIRCLE ( 'NONE', #694, 0.3050000000000044897 ) ;
#368 = CARTESIAN_POINT ( 'NONE',  ( 26.59540161960755711, -0.5999999999999949818, 5.640000000000005009 ) ) ;
#369 = ORIENTED_EDGE ( 'NONE', *, *, #554, .T. ) ;
#370 = DIRECTION ( 'NONE',  ( 0.000000000000000000, 0.000000000000000000, -1.000000000000000000 ) ) ;
#371 = EDGE_CURVE ( 'NONE', #97, #1060, #603, .T. ) ;
#372 = ORIENTED_EDGE ( 'NONE', *, *, #957, .F. ) ;
#373 = LINE ( 'NONE', #1209, #878 ) ;
#374 = STYLED_ITEM ( 'NONE', ( #592 ), #582 ) ;
#375 = DIRECTION ( 'NONE',  ( -0.2302529551604794444, 0.000000000000000000, 0.9731308116794299412 ) ) ;
#376 = LINE ( 'NONE', #678, #1781 ) ;
#377 = VECTOR ( 'NONE', #958, 100.0000000000000142 ) ;
#378 = CARTESIAN_POINT ( 'NONE',  ( 16.11000000000000298, -3.209999999999987974, 12.63499999999999979 ) ) ;
#379 = ORIENTED_EDGE ( 'NONE', *, *, #1303, .F. ) ;
#380 = ORIENTED_EDGE ( 'NONE', *, *, #115, .F. ) ;
#381 = EDGE_CURVE ( 'NONE', #674, #605, #894, .T. ) ;
#382 = PLANE ( 'NONE',  #1643 ) ;
#383 =( BOUNDED_CURVE ( )  B_SPLINE_CURVE ( 3, ( #1005, #289, #271, #441 ),
 .UNSPECIFIED., .F., .T. ) 
 B_SPLINE_CURVE_WITH_KNOTS ( ( 4, 4 ),
 ( 4.938697601239184998, 8.080290254828979002 ),
 .UNSPECIFIED. ) 
 CURVE ( )  GEOMETRIC_REPRESENTATION_ITEM ( )  RATIONAL_B_SPLINE_CURVE ( ( 1.000000000000000000, 0.3333333333333330373, 0.3333333333333330373, 1.000000000000000000 ) ) 
 REPRESENTATION_ITEM ( '' )  );
#384 = VECTOR ( 'NONE', #595, 100.0000000000000000 ) ;
#385 = CARTESIAN_POINT ( 'NONE',  ( 29.19572448707572221, -17.98999999999999488, 5.029999999999993143 ) ) ;
#386 = VECTOR ( 'NONE', #1581, 100.0000000000000000 ) ;
#387 = DIRECTION ( 'NONE',  ( 0.000000000000000000, -1.000000000000000000, 0.000000000000000000 ) ) ;
#388 = DIRECTION ( 'NONE',  ( 0.000000000000000000, 0.3420201433256678802, -0.9396926207859087610 ) ) ;
#389 = EDGE_CURVE ( 'NONE', #605, #1197, #1763, .T. ) ;
#390 = ORIENTED_EDGE ( 'NONE', *, *, #8, .F. ) ;
#391 = VERTEX_POINT ( 'NONE', #1734 ) ;
#392 = DIRECTION ( 'NONE',  ( -1.000000000000000000, 0.000000000000000000, 0.000000000000000000 ) ) ;
#393 = VECTOR ( 'NONE', #1230, 100.0000000000000000 ) ;
#394 = DIRECTION ( 'NONE',  ( 0.000000000000000000, -1.000000000000000000, 0.000000000000000000 ) ) ;
#395 = CARTESIAN_POINT ( 'NONE',  ( 16.11000000000000654, -15.99000000000000199, 12.63499999999999979 ) ) ;
#396 = DIRECTION ( 'NONE',  ( 0.000000000000000000, -0.7071067811865376918, -0.7071067811865573427 ) ) ;
#397 = EDGE_LOOP ( 'NONE', ( #900, #415, #838, #294 ) ) ;
#398 = VERTEX_POINT ( 'NONE', #1618 ) ;
#399 = FACE_OUTER_BOUND ( 'NONE', #480, .T. ) ;
#400 = SURFACE_SIDE_STYLE ('',( #1163 ) ) ;
#401 = CARTESIAN_POINT ( 'NONE',  ( 35.08999999999999631, -15.97000000000000064, 12.63499999999999979 ) ) ;
#402 = EDGE_CURVE ( 'NONE', #1041, #529, #661, .T. ) ;
#403 = CARTESIAN_POINT ( 'NONE',  ( 0.000000000000000000, -19.19999999999999929, 0.000000000000000000 ) ) ;
#404 = CARTESIAN_POINT ( 'NONE',  ( 29.57828620936730601, -0.6000000000000005329, 4.737788335293272368 ) ) ;
#405 = VERTEX_POINT ( 'NONE', #348 ) ;
#406 = VERTEX_POINT ( 'NONE', #1490 ) ;
#407 = DIRECTION ( 'NONE',  ( 1.000000000000000000, 0.000000000000000000, 0.000000000000000000 ) ) ;
#408 = VERTEX_POINT ( 'NONE', #1046 ) ;
#409 = CARTESIAN_POINT ( 'NONE',  ( 16.99000000000000199, -3.209999999999987974, 0.000000000000000000 ) ) ;
#410 = CARTESIAN_POINT ( 'NONE',  ( 0.000000000000000000, -16.96999999999999886, 0.000000000000000000 ) ) ;
#411 = AXIS2_PLACEMENT_3D ( 'NONE', #278, #1440, #683 ) ;
#412 = VECTOR ( 'NONE', #1590, 100.0000000000000142 ) ;
#413 = CARTESIAN_POINT ( 'NONE',  ( 16.21000000000001151, -19.19999999999997797, 0.000000000000000000 ) ) ;
#414 = FACE_OUTER_BOUND ( 'NONE', #1558, .T. ) ;
#415 = ORIENTED_EDGE ( 'NONE', *, *, #1796, .T. ) ;
#416 = ORIENTED_EDGE ( 'NONE', *, *, #1822, .F. ) ;
#417 = CARTESIAN_POINT ( 'NONE',  ( 34.07000000000000028, -17.98000000000000043, 5.020000000000000462 ) ) ;
#418 = ORIENTED_EDGE ( 'NONE', *, *, #1229, .F. ) ;
#419 = EDGE_CURVE ( 'NONE', #425, #269, #1772, .T. ) ;
#420 = DIRECTION ( 'NONE',  ( 0.000000000000000000, -1.000000000000000000, 0.000000000000000000 ) ) ;
#421 = FACE_OUTER_BOUND ( 'NONE', #1346, .T. ) ;
#422 = FACE_OUTER_BOUND ( 'NONE', #249, .T. ) ;
#423 = CARTESIAN_POINT ( 'NONE',  ( 0.000000000000000000, -17.88000000000000256, 0.1000000000000000056 ) ) ;
#424 = VECTOR ( 'NONE', #461, 100.0000000000000000 ) ;
#425 = VERTEX_POINT ( 'NONE', #330 ) ;
#426 = ORIENTED_EDGE ( 'NONE', *, *, #37, .T. ) ;
#427 = EDGE_CURVE ( 'NONE', #1389, #398, #915, .T. ) ;
#428 = DIRECTION ( 'NONE',  ( 4.770334648313475045E-16, -0.3420201433256678802, 0.9396926207859087610 ) ) ;
#429 = ORIENTED_EDGE ( 'NONE', *, *, #1016, .F. ) ;
#430 = SURFACE_STYLE_USAGE ( .BOTH. , #400 ) ;
#431 = CARTESIAN_POINT ( 'NONE',  ( 30.80247477505344733, -18.60000000000000497, -5.626011820546818143 ) ) ;
#432 = DIRECTION ( 'NONE',  ( 0.000000000000000000, 1.000000000000000000, 0.000000000000000000 ) ) ;
#433 = DIRECTION ( 'NONE',  ( 0.000000000000000000, 1.000000000000000000, 0.000000000000000000 ) ) ;
#434 = VERTEX_POINT ( 'NONE', #190 ) ;
#435 = EDGE_LOOP ( 'NONE', ( #1205, #1307, #1639, #731 ) ) ;
#436 = VECTOR ( 'NONE', #472, 100.0000000000000142 ) ;
#437 = DIRECTION ( 'NONE',  ( -0.5773502691896257311, 0.5773502691896257311, -0.5773502691896257311 ) ) ;
#438 = EDGE_LOOP ( 'NONE', ( #729, #727, #867, #186 ) ) ;
#439 = EDGE_CURVE ( 'NONE', #1692, #1149, #1322, .T. ) ;
#440 = LINE ( 'NONE', #1697, #1651 ) ;
#441 = CARTESIAN_POINT ( 'NONE',  ( 29.67823484613193941, -0.6000000000000005329, 5.640000000000002345 ) ) ;
#442 = CARTESIAN_POINT ( 'NONE',  ( 28.13681823286975359, -18.60000000000000497, 5.640000000000008562 ) ) ;
#443 = CARTESIAN_POINT ( 'NONE',  ( 26.15233727297595578, -18.60000000000000497, 6.187917255506579117 ) ) ;
#444 = VECTOR ( 'NONE', #1735, 100.0000000000000000 ) ;
#445 = VERTEX_POINT ( 'NONE', #770 ) ;
#446 = EDGE_CURVE ( 'NONE', #1149, #560, #1201, .T. ) ;
#447 = EDGE_LOOP ( 'NONE', ( #132, #230, #1467, #1306 ) ) ;
#448 = CARTESIAN_POINT ( 'NONE',  ( 33.96999999999999176, -17.88000000000000256, 0.000000000000000000 ) ) ;
#449 = ORIENTED_EDGE ( 'NONE', *, *, #33, .F. ) ;
#450 = DIRECTION ( 'NONE',  ( -1.000000000000000000, 0.000000000000000000, 0.000000000000000000 ) ) ;
#451 = LINE ( 'NONE', #410, #1430 ) ;
#452 = FACE_OUTER_BOUND ( 'NONE', #1705, .T. ) ;
#453 = EDGE_CURVE ( 'NONE', #1721, #764, #660, .T. ) ;
#454 = DIRECTION ( 'NONE',  ( 1.000000000000000000, 0.000000000000000000, 0.000000000000000000 ) ) ;
#455 = EDGE_LOOP ( 'NONE', ( #26, #497, #1653 ) ) ;
#456 = ORIENTED_EDGE ( 'NONE', *, *, #978, .F. ) ;
#457 = LINE ( 'NONE', #20, #293 ) ;
#458 = VECTOR ( 'NONE', #631, 100.0000000000000000 ) ;
#459 = ORIENTED_EDGE ( 'NONE', *, *, #115, .T. ) ;
#460 = CARTESIAN_POINT ( 'NONE',  ( 0.000000000000000000, -1.319999999999998952, 0.000000000000000000 ) ) ;
#461 = DIRECTION ( 'NONE',  ( 1.000000000000000000, 0.000000000000000000, 0.000000000000000000 ) ) ;
#462 = LINE ( 'NONE', #1038, #1102 ) ;
#463 = EDGE_CURVE ( 'NONE', #991, #538, #108, .T. ) ;
#464 = CARTESIAN_POINT ( 'NONE',  ( 35.19000000000000483, -2.329999999999992966, 0.000000000000000000 ) ) ;
#465 = VECTOR ( 'NONE', #670, 100.0000000000000000 ) ;
#466 = ORIENTED_EDGE ( 'NONE', *, *, #893, .T. ) ;
#467 = LINE ( 'NONE', #880, #1520 ) ;
#468 = ORIENTED_EDGE ( 'NONE', *, *, #643, .T. ) ;
#469 = VECTOR ( 'NONE', #1037, 100.0000000000000142 ) ;
#470 = UNCERTAINTY_MEASURE_WITH_UNIT (LENGTH_MEASURE( 1.000000000000000082E-05 ), #1263, 'distance_accuracy_value', 'NONE');
#471 = DIRECTION ( 'NONE',  ( -0.7071067811865577868, 0.000000000000000000, 0.7071067811865374697 ) ) ;
#472 = DIRECTION ( 'NONE',  ( -0.2302529551604794444, 0.000000000000000000, 0.9731308116794299412 ) ) ;
#473 = CARTESIAN_POINT ( 'NONE',  ( 29.67823484613193941, -18.60000000000000142, 5.640000000000005009 ) ) ;
#474 = FACE_OUTER_BOUND ( 'NONE', #1546, .T. ) ;
#475 = AXIS2_PLACEMENT_3D ( 'NONE', #886, #566, #1700 ) ;
#476 = VERTEX_POINT ( 'NONE', #1106 ) ;
#477 = AXIS2_PLACEMENT_3D ( 'NONE', #1393, #518, #818 ) ;
#478 = FACE_BOUND ( 'NONE', #706, .T. ) ;
#479 = EDGE_CURVE ( 'NONE', #1794, #1579, #541, .T. ) ;
#480 = EDGE_LOOP ( 'NONE', ( #606, #912, #328, #879 ) ) ;
#481 = CARTESIAN_POINT ( 'NONE',  ( 29.04597365997205571, -18.60000000000000497, -6.041618404611488025 ) ) ;
#482 = ADVANCED_FACE ( 'NONE', ( #1657 ), #948, .T. ) ;
#483 = LINE ( 'NONE', #1753, #469 ) ;
#484 = DIRECTION ( 'NONE',  ( 0.000000000000000000, -1.000000000000000000, 0.000000000000000000 ) ) ;
#485 = CARTESIAN_POINT ( 'NONE',  ( 34.41333333333333400, -17.64666666666666472, 0.7766666666666689478 ) ) ;
#486 = ORIENTED_EDGE ( 'NONE', *, *, #1644, .T. ) ;
#487 = AXIS2_PLACEMENT_3D ( 'NONE', #1501, #644, #1212 ) ;
#488 = DIRECTION ( 'NONE',  ( -0.2302529551604793612, 0.000000000000000000, 0.9731308116794299412 ) ) ;
#489 = ORIENTED_EDGE ( 'NONE', *, *, #1702, .T. ) ;
#490 = EDGE_CURVE ( 'NONE', #1524, #1356, #1350, .T. ) ;
#491 = LINE ( 'NONE', #460, #1324 ) ;
#492 = CARTESIAN_POINT ( 'NONE',  ( 29.57828620936730601, -0.6000000000000005329, 4.737788335293272368 ) ) ;
#493 = DIRECTION ( 'NONE',  ( -0.5773502691896257311, -0.5773502691896257311, -0.5773502691896257311 ) ) ;
#494 = AXIS2_PLACEMENT_3D ( 'NONE', #734, #15, #1006 ) ;
#495 = DIRECTION ( 'NONE',  ( 0.000000000000000000, -0.7071067811865376918, -0.7071067811865573427 ) ) ;
#496 = PLANE ( 'NONE',  #354 ) ;
#497 = ORIENTED_EDGE ( 'NONE', *, *, #662, .T. ) ;
#498 = LINE ( 'NONE', #75, #828 ) ;
#499 = EDGE_CURVE ( 'NONE', #1415, #476, #1649, .T. ) ;
#500 = PLANE ( 'NONE',  #619 ) ;
#501 = LINE ( 'NONE', #611, #1836 ) ;
#502 = ORIENTED_EDGE ( 'NONE', *, *, #371, .F. ) ;
#503 = VERTEX_POINT ( 'NONE', #1533 ) ;
#504 = DIRECTION ( 'NONE',  ( -1.000000000000000000, 0.000000000000000000, 0.000000000000000000 ) ) ;
#505 = VECTOR ( 'NONE', #1793, 100.0000000000000000 ) ;
#506 = EDGE_LOOP ( 'NONE', ( #416, #857, #173, #1786 ) ) ;
#507 = VECTOR ( 'NONE', #777, 100.0000000000000142 ) ;
#508 = FACE_OUTER_BOUND ( 'NONE', #1020, .T. ) ;
#509 = DIRECTION ( 'NONE',  ( 0.000000000000000000, -0.7071067811865436870, 0.7071067811865513475 ) ) ;
#510 = CARTESIAN_POINT ( 'NONE',  ( 29.07172970801424938, -0.6000000000000005329, 6.878676120988018283 ) ) ;
#511 = ADVANCED_FACE ( 'NONE', ( #1813 ), #1675, .T. ) ;
#512 = CARTESIAN_POINT ( 'NONE',  ( 16.11000000000000654, -15.99000000000000199, 0.09999999999999734102 ) ) ;
#513 = DIRECTION ( 'NONE',  ( 0.000000000000000000, -1.000000000000000000, 0.000000000000000000 ) ) ;
#514 = ORIENTED_EDGE ( 'NONE', *, *, #453, .T. ) ;
#515 = CARTESIAN_POINT ( 'NONE',  ( 16.99000000000000199, -3.109999999999987885, 0.000000000000000000 ) ) ;
#516 = LINE ( 'NONE', #76, #1680 ) ;
#517 = AXIS2_PLACEMENT_3D ( 'NONE', #814, #98, #649 ) ;
#518 = DIRECTION ( 'NONE',  ( 0.000000000000000000, 0.9396926207859087610, 0.3420201433256678802 ) ) ;
#519 = AXIS2_PLACEMENT_3D ( 'NONE', #1616, #187, #1724 ) ;
#520 = CARTESIAN_POINT ( 'NONE',  ( 27.90883838805734385, -0.5999999999999949818, 6.603523839571251663 ) ) ;
#521 = ADVANCED_FACE ( 'NONE', ( #1114, #82, #684, #525 ), #1096, .F. ) ;
#522 = EDGE_LOOP ( 'NONE', ( #250, #626, #971, #426 ) ) ;
#523 = ORIENTED_EDGE ( 'NONE', *, *, #1150, .T. ) ;
#524 = DIRECTION ( 'NONE',  ( 0.000000000000000000, -1.000000000000000000, 0.000000000000000000 ) ) ;
#525 = FACE_OUTER_BOUND ( 'NONE', #6, .T. ) ;
#526 = FACE_OUTER_BOUND ( 'NONE', #279, .T. ) ;
#527 = VECTOR ( 'NONE', #1192, 100.0000000000000142 ) ;
#528 = FACE_BOUND ( 'NONE', #834, .T. ) ;
#529 = VERTEX_POINT ( 'NONE', #1080 ) ;
#530 = VERTEX_POINT ( 'NONE', #1357 ) ;
#531 = CARTESIAN_POINT ( 'NONE',  ( 34.07000000000000028, 1.665334536937734811E-14, 8.061319288389512394 ) ) ;
#532 = VECTOR ( 'NONE', #599, 100.0000000000000000 ) ;
#533 = CARTESIAN_POINT ( 'NONE',  ( 28.74916876240981622, -18.60000000000000497, -6.111845555935437879 ) ) ;
#534 = DIRECTION ( 'NONE',  ( 1.000000000000000000, 0.000000000000000000, 0.000000000000000000 ) ) ;
#535 = EDGE_CURVE ( 'NONE', #503, #687, #816, .T. ) ;
#536 = FACE_BOUND ( 'NONE', #1586, .T. ) ;
#537 = ORIENTED_EDGE ( 'NONE', *, *, #1593, .T. ) ;
#538 = VERTEX_POINT ( 'NONE', #825 ) ;
#539 = CARTESIAN_POINT ( 'NONE',  ( 27.65430787381351507, -1.210000000000026388, 5.029999999999968274 ) ) ;
#540 = EDGE_CURVE ( 'NONE', #398, #1456, #677, .T. ) ;
#541 = LINE ( 'NONE', #253, #134 ) ;
#542 = DIRECTION ( 'NONE',  ( -0.5773502691896358341, 0.5773502691896287287, 0.5773502691896128525 ) ) ;
#543 = DIRECTION ( 'NONE',  ( 0.000000000000000000, -1.000000000000000000, 0.000000000000000000 ) ) ;
#544 = DIRECTION ( 'NONE',  ( 0.000000000000000000, 0.000000000000000000, -1.000000000000000000 ) ) ;
#545 = ORIENTED_EDGE ( 'NONE', *, *, #945, .T. ) ;
#546 = ORIENTED_EDGE ( 'NONE', *, *, #381, .F. ) ;
#547 = DIRECTION ( 'NONE',  ( 0.000000000000000000, -0.7071067811865475727, -0.7071067811865475727 ) ) ;
#548 = ORIENTED_EDGE ( 'NONE', *, *, #290, .F. ) ;
#549 = VECTOR ( 'NONE', #1714, 100.0000000000000000 ) ;
#550 = DIRECTION ( 'NONE',  ( -1.394752543498940254E-15, 1.000000000000000000, -3.300130784102829184E-16 ) ) ;
#551 = EDGE_CURVE ( 'NONE', #202, #866, #1009, .T. ) ;
#552 = DIRECTION ( 'NONE',  ( 0.7071067811865475727, 0.000000000000000000, -0.7071067811865475727 ) ) ;
#553 = CYLINDRICAL_SURFACE ( 'NONE', #1145, 0.3050000000000159250 ) ;
#554 = EDGE_CURVE ( 'NONE', #775, #1099, #790, .T. ) ;
#555 = CYLINDRICAL_SURFACE ( 'NONE', #1750, 0.3050000000000044897 ) ;
#556 = ORIENTED_EDGE ( 'NONE', *, *, #1251, .T. ) ;
#557 = ORIENTED_EDGE ( 'NONE', *, *, #1516, .F. ) ;
#558 = EDGE_CURVE ( 'NONE', #1531, #717, #516, .T. ) ;
#559 = CARTESIAN_POINT ( 'NONE',  ( 0.000000000000000000, -15.97000000000000064, 0.000000000000000000 ) ) ;
#560 = VERTEX_POINT ( 'NONE', #1245 ) ;
#561 = ORIENTED_EDGE ( 'NONE', *, *, #364, .T. ) ;
#562 = DIRECTION ( 'NONE',  ( -1.000000000000000000, -1.394752543498940254E-15, 0.000000000000000000 ) ) ;
#563 = AXIS2_PLACEMENT_3D ( 'NONE', #1469, #1179, #39 ) ;
#564 = VECTOR ( 'NONE', #1218, 100.0000000000000000 ) ;
#565 = FACE_OUTER_BOUND ( 'NONE', #795, .T. ) ;
#566 = DIRECTION ( 'NONE',  ( 0.000000000000000000, -0.7071067811865475727, -0.7071067811865475727 ) ) ;
#567 = EDGE_CURVE ( 'NONE', #764, #1479, #234, .T. ) ;
#568 = ORIENTED_EDGE ( 'NONE', *, *, #1782, .F. ) ;
#569 = ORIENTED_EDGE ( 'NONE', *, *, #1459, .T. ) ;
#570 = CARTESIAN_POINT ( 'NONE',  ( 17.09000000000000341, -2.209999999999989750, 0.09999999999999734102 ) ) ;
#571 = ORIENTED_EDGE ( 'NONE', *, *, #762, .T. ) ;
#572 = CARTESIAN_POINT ( 'NONE',  ( 26.59540161960755711, -0.5999999999999949818, 5.640000000000005009 ) ) ;
#573 = AXIS2_PLACEMENT_3D ( 'NONE', #111, #654, #1542 ) ;
#574 = FACE_OUTER_BOUND ( 'NONE', #353, .T. ) ;
#575 =( GEOMETRIC_REPRESENTATION_CONTEXT ( 3 ) GLOBAL_UNCERTAINTY_ASSIGNED_CONTEXT ( ( #470 ) ) GLOBAL_UNIT_ASSIGNED_CONTEXT ( ( #1263, #14, #1715 ) ) REPRESENTATION_CONTEXT ( 'NONE', 'WORKASPACE' ) );
#576 = ORIENTED_EDGE ( 'NONE', *, *, #1822, .T. ) ;
#577 = EDGE_CURVE ( 'NONE', #175, #408, #1217, .T. ) ;
#578 = VERTEX_POINT ( 'NONE', #806 ) ;
#579 = ORIENTED_EDGE ( 'NONE', *, *, #1126, .F. ) ;
#580 = CARTESIAN_POINT ( 'NONE',  ( 22.64666666666666117, -4.546666666666664192, -11.32333333333333059 ) ) ;
#581 = CARTESIAN_POINT ( 'NONE',  ( 33.96999999999999176, -17.88000000000000256, 0.000000000000000000 ) ) ;
#582 = MANIFOLD_SOLID_BREP ( 'Middle', #1776 ) ;
#583 = ADVANCED_FACE ( 'NONE', ( #1420 ), #1780, .T. ) ;
#584 = PLANE ( 'NONE',  #1293 ) ;
#585 = CARTESIAN_POINT ( 'NONE',  ( 16.99000000000000199, -19.19999999999999929, 0.000000000000000000 ) ) ;
#586 = ORIENTED_EDGE ( 'NONE', *, *, #1105, .F. ) ;
#587 = ORIENTED_EDGE ( 'NONE', *, *, #1025, .T. ) ;
#588 = DIRECTION ( 'NONE',  ( -1.877914453019546570E-16, 1.000000000000000000, -4.443342530693252295E-17 ) ) ;
#589 = VECTOR ( 'NONE', #1648, 100.0000000000000000 ) ;
#590 = VERTEX_POINT ( 'NONE', #288 ) ;
#591 = ADVANCED_FACE ( 'NONE', ( #3 ), #137, .F. ) ;
#592 = PRESENTATION_STYLE_ASSIGNMENT (( #430 ) ) ;
#593 = APPLICATION_PROTOCOL_DEFINITION ( 'draft international standard', 'automotive_design', 1998, #1522 ) ;
#594 = CARTESIAN_POINT ( 'NONE',  ( 23.45999999999999730, 8.400000000000007461, 11.72999999999999865 ) ) ;
#595 = DIRECTION ( 'NONE',  ( -1.000000000000000000, 0.000000000000000000, 0.000000000000000000 ) ) ;
#596 = AXIS2_PLACEMENT_3D ( 'NONE', #916, #1764, #1744 ) ;
#597 = ORIENTED_EDGE ( 'NONE', *, *, #1482, .T. ) ;
#598 = VERTEX_POINT ( 'NONE', #710 ) ;
#599 = DIRECTION ( 'NONE',  ( -0.5773502691896296168, 0.5773502691896318373, 0.5773502691896159611 ) ) ;
#600 = VERTEX_POINT ( 'NONE', #572 ) ;
#601 = CARTESIAN_POINT ( 'NONE',  ( 30.50566987749120429, -0.5999999999999949818, -5.696238971870767998 ) ) ;
#602 = ADVANCED_FACE ( 'NONE', ( #835 ), #1432, .T. ) ;
#603 = LINE ( 'NONE', #905, #1571 ) ;
#604 = LINE ( 'NONE', #1147, #624 ) ;
#605 = VERTEX_POINT ( 'NONE', #690 ) ;
#606 = ORIENTED_EDGE ( 'NONE', *, *, #1116, .T. ) ;
#607 = DIRECTION ( 'NONE',  ( -0.9483172516123353768, -0.2243818066314930415, -0.2243818066314954562 ) ) ;
#608 = ORIENTED_EDGE ( 'NONE', *, *, #672, .T. ) ;
#609 = CARTESIAN_POINT ( 'NONE',  ( 17.09000000000000341, -16.98999999999999844, 12.63499999999999979 ) ) ;
#610 = CARTESIAN_POINT ( 'NONE',  ( 17.09000000000000341, -16.08999999999999986, 0.000000000000000000 ) ) ;
#611 = CARTESIAN_POINT ( 'NONE',  ( 12.13999999999992241, -8.180000000000092086, 6.069999999999935447 ) ) ;
#612 = EDGE_CURVE ( 'NONE', #1426, #1712, #440, .T. ) ;
#613 = ORIENTED_EDGE ( 'NONE', *, *, #419, .F. ) ;
#614 = AXIS2_PLACEMENT_3D ( 'NONE', #700, #150, #1402 ) ;
#615 = ORIENTED_EDGE ( 'NONE', *, *, #1321, .T. ) ;
#616 = CARTESIAN_POINT ( 'NONE',  ( 18.91333333333334821, -17.79333333333334721, -0.7033333333333281479 ) ) ;
#617 = ADVANCED_FACE ( 'NONE', ( #1830 ), #722, .T. ) ;
#618 = ORIENTED_EDGE ( 'NONE', *, *, #170, .F. ) ;
#619 = AXIS2_PLACEMENT_3D ( 'NONE', #1210, #1609, #751 ) ;
#620 = CARTESIAN_POINT ( 'NONE',  ( 29.07172970801424938, -0.6000000000000005329, 6.878676120988018283 ) ) ;
#621 = CARTESIAN_POINT ( 'NONE',  ( 0.000000000000000000, -15.99000000000000199, 0.000000000000000000 ) ) ;
#622 = LINE ( 'NONE', #1500, #564 ) ;
#623 = CARTESIAN_POINT ( 'NONE',  ( 26.44914217053819883, -0.5999999999999949818, 6.258144406830531636 ) ) ;
#624 = VECTOR ( 'NONE', #988, 100.0000000000000142 ) ;
#625 = EDGE_CURVE ( 'NONE', #717, #605, #1262, .T. ) ;
#626 = ORIENTED_EDGE ( 'NONE', *, *, #738, .T. ) ;
#627 = VECTOR ( 'NONE', #151, 100.0000000000000000 ) ;
#628 = DIRECTION ( 'NONE',  ( 0.000000000000000000, -1.000000000000000000, 0.000000000000000000 ) ) ;
#629 = ORIENTED_EDGE ( 'NONE', *, *, #402, .T. ) ;
#630 = ADVANCED_BREP_SHAPE_REPRESENTATION ( 'ramp-middle_61', ( #582, #1204 ), #575 ) ;
#631 = DIRECTION ( 'NONE',  ( 0.000000000000000000, 1.000000000000000000, 0.000000000000000000 ) ) ;
#632 = CARTESIAN_POINT ( 'NONE',  ( 16.21000000000000441, -15.99000000000000199, 0.000000000000000000 ) ) ;
#633 = DIRECTION ( 'NONE',  ( -0.000000000000000000, 0.3420201433256678802, 0.9396926207859087610 ) ) ;
#634 = FACE_OUTER_BOUND ( 'NONE', #1160, .T. ) ;
#635 = AXIS2_PLACEMENT_3D ( 'NONE', #403, #671, #800 ) ;
#636 = EDGE_CURVE ( 'NONE', #866, #202, #645, .T. ) ;
#637 = LINE ( 'NONE', #72, #507 ) ;
#638 = ORIENTED_EDGE ( 'NONE', *, *, #754, .T. ) ;
#639 = EDGE_CURVE ( 'NONE', #503, #991, #1686, .T. ) ;
#640 = LINE ( 'NONE', #196, #1563 ) ;
#641 = DIRECTION ( 'NONE',  ( -0.9731308116794301633, 0.000000000000000000, -0.2302529551604787506 ) ) ;
#642 = DIRECTION ( 'NONE',  ( -0.2302529551604793612, 0.000000000000000000, 0.9731308116794299412 ) ) ;
#643 = EDGE_CURVE ( 'NONE', #1415, #942, #1014, .T. ) ;
#644 = DIRECTION ( 'NONE',  ( -1.000000000000000000, 1.394752543498940254E-15, 0.000000000000000000 ) ) ;
#645 = CIRCLE ( 'NONE', #1825, 0.3050000000000159250 ) ;
#646 = PRODUCT_DEFINITION_CONTEXT ( 'detailed design', #1166, 'design' ) ;
#647 = CARTESIAN_POINT ( 'NONE',  ( 17.09000000000000341, -15.99000000000000199, 12.63499999999999979 ) ) ;
#648 = EDGE_LOOP ( 'NONE', ( #1119, #812, #1030, #1294, #1604 ) ) ;
#649 = DIRECTION ( 'NONE',  ( -0.9731308116794301633, 0.000000000000000000, -0.2302529551604787506 ) ) ;
#650 = ADVANCED_FACE ( 'NONE', ( #1580 ), #299, .T. ) ;
#651 = DIRECTION ( 'NONE',  ( 0.000000000000000000, -1.000000000000000000, 0.000000000000000000 ) ) ;
#652 = LINE ( 'NONE', #1066, #1370 ) ;
#653 = VECTOR ( 'NONE', #1196, 100.0000000000000000 ) ;
#654 = DIRECTION ( 'NONE',  ( 0.7071067811865475727, 0.000000000000000000, -0.7071067811865475727 ) ) ;
#655 = CARTESIAN_POINT ( 'NONE',  ( 18.11000000000000298, -16.98999999999999844, 4.285015917602996716 ) ) ;
#656 = VECTOR ( 'NONE', #488, 100.0000000000000142 ) ;
#657 = ORIENTED_EDGE ( 'NONE', *, *, #1174, .F. ) ;
#658 = VECTOR ( 'NONE', #542, 100.0000000000000000 ) ;
#659 = DIRECTION ( 'NONE',  ( 0.5773502691896257311, -0.5773502691896257311, -0.5773502691896257311 ) ) ;
#660 = LINE ( 'NONE', #91, #1095 ) ;
#661 =( BOUNDED_CURVE ( )  B_SPLINE_CURVE ( 3, ( #320, #42, #1183, #340 ),
 .UNSPECIFIED., .F., .T. ) 
 B_SPLINE_CURVE_WITH_KNOTS ( ( 4, 4 ),
 ( 4.938697601239184110, 8.080290254828975449 ),
 .UNSPECIFIED. ) 
 CURVE ( )  GEOMETRIC_REPRESENTATION_ITEM ( )  RATIONAL_B_SPLINE_CURVE ( ( 1.000000000000000000, 0.3333333333333339810, 0.3333333333333339810, 1.000000000000000000 ) ) 
 REPRESENTATION_ITEM ( '' )  );
#662 = EDGE_CURVE ( 'NONE', #1456, #1241, #732, .T. ) ;
#663 = CARTESIAN_POINT ( 'NONE',  ( 35.09000000000001052, -2.229999999999987548, 8.302661985018730206 ) ) ;
#664 = LINE ( 'NONE', #378, #241 ) ;
#665 = ORIENTED_EDGE ( 'NONE', *, *, #53, .T. ) ;
#666 = CARTESIAN_POINT ( 'NONE',  ( 35.19000000000000483, -19.19999999999999929, 0.000000000000000000 ) ) ;
#667 = ORIENTED_EDGE ( 'NONE', *, *, #251, .T. ) ;
#668 = LINE ( 'NONE', #1086, #589 ) ;
#669 = VECTOR ( 'NONE', #885, 100.0000000000000000 ) ;
#670 = DIRECTION ( 'NONE',  ( 0.000000000000000000, 0.000000000000000000, -1.000000000000000000 ) ) ;
#671 = DIRECTION ( 'NONE',  ( 0.2302529551604793889, 0.000000000000000000, -0.9731308116794300522 ) ) ;
#672 = EDGE_CURVE ( 'NONE', #538, #78, #1751, .T. ) ;
#673 = VERTEX_POINT ( 'NONE', #1063 ) ;
#674 = VERTEX_POINT ( 'NONE', #904 ) ;
#675 = LINE ( 'NONE', #1526, #217 ) ;
#676 = EDGE_CURVE ( 'NONE', #337, #673, #367, .T. ) ;
#677 = LINE ( 'NONE', #930, #1801 ) ;
#678 = CARTESIAN_POINT ( 'NONE',  ( 36.07000000000000028, -16.96999999999999886, 0.1000000000000056399 ) ) ;
#679 = CARTESIAN_POINT ( 'NONE',  ( 35.08999999999999631, -19.19999999999999929, 8.302661985018726654 ) ) ;
#680 = ORIENTED_EDGE ( 'NONE', *, *, #1552, .F. ) ;
#681 = EDGE_CURVE ( 'NONE', #324, #674, #49, .T. ) ;
#682 = ORIENTED_EDGE ( 'NONE', *, *, #1413, .F. ) ;
#683 = DIRECTION ( 'NONE',  ( -1.000000000000000000, 0.000000000000000000, 0.000000000000000000 ) ) ;
#684 = FACE_BOUND ( 'NONE', #877, .T. ) ;
#685 = PLANE ( 'NONE',  #1523 ) ;
#686 = LINE ( 'NONE', #1511, #1289 ) ;
#687 = VERTEX_POINT ( 'NONE', #338 ) ;
#688 = EDGE_CURVE ( 'NONE', #1530, #1595, #1761, .T. ) ;
#689 = ORIENTED_EDGE ( 'NONE', *, *, #957, .T. ) ;
#690 = CARTESIAN_POINT ( 'NONE',  ( 33.96999999999999176, -15.86999999999999567, 0.000000000000000000 ) ) ;
#691 = FACE_OUTER_BOUND ( 'NONE', #821, .T. ) ;
#692 = CARTESIAN_POINT ( 'NONE',  ( 18.11000000000000298, -2.209999999999989750, 4.285015917602999380 ) ) ;
#693 = DIRECTION ( 'NONE',  ( -1.000000000000000000, 0.000000000000000000, 0.000000000000000000 ) ) ;
#694 = AXIS2_PLACEMENT_3D ( 'NONE', #620, #1044, #1054 ) ;
#695 = ADVANCED_FACE ( 'NONE', ( #319 ), #913, .F. ) ;
#696 = VERTEX_POINT ( 'NONE', #1741 ) ;
#697 = EDGE_LOOP ( 'NONE', ( #1319, #682, #989, #18 ) ) ;
#698 = FACE_OUTER_BOUND ( 'NONE', #122, .T. ) ;
#699 = ORIENTED_EDGE ( 'NONE', *, *, #702, .F. ) ;
#700 = CARTESIAN_POINT ( 'NONE',  ( 34.07000000000000028, -15.97000000000000064, 12.63499999999999979 ) ) ;
#701 = DIRECTION ( 'NONE',  ( 0.000000000000000000, 1.000000000000000000, 0.000000000000000000 ) ) ;
#702 = EDGE_CURVE ( 'NONE', #54, #1821, #491, .T. ) ;
#703 = CARTESIAN_POINT ( 'NONE',  ( 27.99248583586599182, -19.21000000000003638, 6.250000000000047073 ) ) ;
#704 = CARTESIAN_POINT ( 'NONE',  ( 26.59540161960755000, -18.60000000000000497, 5.640000000000009450 ) ) ;
#705 = VECTOR ( 'NONE', #1384, 100.0000000000000000 ) ;
#706 = EDGE_LOOP ( 'NONE', ( #979, #792 ) ) ;
#707 = EDGE_LOOP ( 'NONE', ( #296, #548, #1091, #1278 ) ) ;
#708 = CARTESIAN_POINT ( 'NONE',  ( 34.07000000000000028, -19.19999999999999929, 8.061319288389512394 ) ) ;
#709 = EDGE_LOOP ( 'NONE', ( #346, #87 ) ) ;
#710 = CARTESIAN_POINT ( 'NONE',  ( 35.08999999999999631, -16.96999999999999886, 8.302661985018726654 ) ) ;
#711 = LINE ( 'NONE', #431, #412 ) ;
#712 = AXIS2_PLACEMENT_3D ( 'NONE', #1224, #513, #1768 ) ;
#713 = VECTOR ( 'NONE', #807, 100.0000000000000000 ) ;
#714 = ADVANCED_FACE ( 'NONE', ( #1624 ), #1191, .T. ) ;
#715 = DIRECTION ( 'NONE',  ( 0.5773502691896257311, -0.5773502691896257311, -0.5773502691896257311 ) ) ;
#716 = CARTESIAN_POINT ( 'NONE',  ( 11.32666666666656496, -22.75333333333344044, -5.663333333333282482 ) ) ;
#717 = VERTEX_POINT ( 'NONE', #1181 ) ;
#718 =( BOUNDED_CURVE ( )  B_SPLINE_CURVE ( 3, ( #1528, #366, #1806, #836 ),
 .UNSPECIFIED., .F., .T. ) 
 B_SPLINE_CURVE_WITH_KNOTS ( ( 4, 4 ),
 ( 1.797104947649394546, 4.938697601239183221 ),
 .UNSPECIFIED. ) 
 CURVE ( )  GEOMETRIC_REPRESENTATION_ITEM ( )  RATIONAL_B_SPLINE_CURVE ( ( 1.000000000000000000, 0.3333333333333348691, 0.3333333333333348691, 1.000000000000000000 ) ) 
 REPRESENTATION_ITEM ( '' )  );
#719 = VERTEX_POINT ( 'NONE', #1320 ) ;
#720 = DIRECTION ( 'NONE',  ( 0.000000000000000000, 0.000000000000000000, -1.000000000000000000 ) ) ;
#721 = EDGE_LOOP ( 'NONE', ( #133, #55, #259, #1835, #1275, #608, #459, #1557, #306, #1257, #1084, #1309, #1685, #962, #848, #1011, #569, #1655, #1505, #468 ) ) ;
#722 = PLANE ( 'NONE',  #314 ) ;
#723 = CARTESIAN_POINT ( 'NONE',  ( 35.08999999999999631, -19.19999999999999929, 8.302661985018726654 ) ) ;
#724 = VECTOR ( 'NONE', #820, 100.0000000000000142 ) ;
#725 = FACE_OUTER_BOUND ( 'NONE', #506, .T. ) ;
#726 = DIRECTION ( 'NONE',  ( -0.2302529551604794444, 0.000000000000000000, 0.9731308116794300522 ) ) ;
#727 = ORIENTED_EDGE ( 'NONE', *, *, #852, .T. ) ;
#728 = EDGE_CURVE ( 'NONE', #1479, #503, #640, .T. ) ;
#729 = ORIENTED_EDGE ( 'NONE', *, *, #1387, .F. ) ;
#730 = CARTESIAN_POINT ( 'NONE',  ( 18.10999999999999943, -2.209999999999989750, 0.09999999999999734102 ) ) ;
#731 = ORIENTED_EDGE ( 'NONE', *, *, #446, .F. ) ;
#732 = LINE ( 'NONE', #1300, #1502 ) ;
#733 = PLANE ( 'NONE',  #897 ) ;
#734 = CARTESIAN_POINT ( 'NONE',  ( 29.57828620936730601, -18.60000000000000142, 4.737788335293272368 ) ) ;
#735 = PLANE ( 'NONE',  #475 ) ;
#736 = EDGE_LOOP ( 'NONE', ( #961, #342, #298, #38 ) ) ;
#737 = ORIENTED_EDGE ( 'NONE', *, *, #1725, .F. ) ;
#738 = EDGE_CURVE ( 'NONE', #1148, #1703, #769, .T. ) ;
#739 = LINE ( 'NONE', #616, #532 ) ;
#740 = EDGE_LOOP ( 'NONE', ( #89, #112, #1326, #239 ) ) ;
#741 = DIRECTION ( 'NONE',  ( -1.000000000000000000, 0.000000000000000000, 0.000000000000000000 ) ) ;
#742 = DIRECTION ( 'NONE',  ( 1.000000000000000000, 0.000000000000000000, 0.000000000000000000 ) ) ;
#743 = VECTOR ( 'NONE', #350, 100.0000000000000000 ) ;
#744 = DIRECTION ( 'NONE',  ( 0.5773502691896310601, 0.5773502691896310601, 0.5773502691896150729 ) ) ;
#745 = CIRCLE ( 'NONE', #1662, 0.3050000000000159250 ) ;
#746 = ORIENTED_EDGE ( 'NONE', *, *, #551, .T. ) ;
#747 = ORIENTED_EDGE ( 'NONE', *, *, #349, .T. ) ;
#748 = CARTESIAN_POINT ( 'NONE',  ( 29.28148131180507363, -18.60000000000000142, 4.667561183969325178 ) ) ;
#749 = ORIENTED_EDGE ( 'NONE', *, *, #1260, .F. ) ;
#750 = CARTESIAN_POINT ( 'NONE',  ( 35.08999999999999631, -16.96999999999999886, 12.63499999999999979 ) ) ;
#751 = DIRECTION ( 'NONE',  ( 1.000000000000000000, 0.000000000000000000, 0.000000000000000000 ) ) ;
#752 = CARTESIAN_POINT ( 'NONE',  ( 26.44914217053819883, -18.60000000000000497, 6.258144406830531636 ) ) ;
#753 = ORIENTED_EDGE ( 'NONE', *, *, #86, .F. ) ;
#754 = EDGE_CURVE ( 'NONE', #277, #476, #310, .T. ) ;
#755 = AXIS2_PLACEMENT_3D ( 'NONE', #1017, #1591, #1555 ) ;
#756 = ORIENTED_EDGE ( 'NONE', *, *, #1831, .F. ) ;
#757 = DIRECTION ( 'NONE',  ( 0.000000000000000000, 1.000000000000000000, 0.000000000000000000 ) ) ;
#758 = VECTOR ( 'NONE', #1023, 100.0000000000000000 ) ;
#759 = ORIENTED_EDGE ( 'NONE', *, *, #1676, .F. ) ;
#760 = CARTESIAN_POINT ( 'NONE',  ( 16.20999999999999019, -1.319999999999998952, 1.246908773888053977E-14 ) ) ;
#761 = LINE ( 'NONE', #34, #424 ) ;
#762 = EDGE_CURVE ( 'NONE', #1800, #1623, #1339, .T. ) ;
#763 = DIRECTION ( 'NONE',  ( 0.000000000000000000, 0.000000000000000000, -1.000000000000000000 ) ) ;
#764 = VERTEX_POINT ( 'NONE', #1471 ) ;
#765 = ORIENTED_EDGE ( 'NONE', *, *, #567, .F. ) ;
#766 = CARTESIAN_POINT ( 'NONE',  ( 36.07000000000000028, -2.229999999999987548, 0.1000000000000056399 ) ) ;
#767 = ORIENTED_EDGE ( 'NONE', *, *, #343, .F. ) ;
#768 = AXIS2_PLACEMENT_3D ( 'NONE', #242, #798, #509 ) ;
#769 = LINE ( 'NONE', #347, #758 ) ;
#770 = CARTESIAN_POINT ( 'NONE',  ( 16.11000000000000298, -3.209999999999987974, 0.09999999999999731326 ) ) ;
#771 = CARTESIAN_POINT ( 'NONE',  ( 16.11000000000000654, -17.88000000000000256, 0.1000000000000000056 ) ) ;
#772 = EDGE_CURVE ( 'NONE', #598, #1225, #59, .T. ) ;
#773 = DIRECTION ( 'NONE',  ( 0.000000000000000000, 1.000000000000000000, 0.000000000000000000 ) ) ;
#774 = VECTOR ( 'NONE', #757, 100.0000000000000000 ) ;
#775 = VERTEX_POINT ( 'NONE', #207 ) ;
#776 = ADVANCED_FACE ( 'NONE', ( #67 ), #882, .T. ) ;
#777 = DIRECTION ( 'NONE',  ( -0.9731308116794299412, -0.000000000000000000, -0.2302529551604793612 ) ) ;
#778 = ORIENTED_EDGE ( 'NONE', *, *, #810, .T. ) ;
#779 = DIRECTION ( 'NONE',  ( 1.394752543498940254E-15, 1.000000000000000000, 3.300130784102829184E-16 ) ) ;
#780 = ADVANCED_FACE ( 'NONE', ( #1312 ), #32, .F. ) ;
#781 = DIRECTION ( 'NONE',  ( -0.9731308116794301633, 0.000000000000000000, -0.2302529551604787506 ) ) ;
#782 = CARTESIAN_POINT ( 'NONE',  ( 17.09000000000000341, -2.209999999999989750, 12.63499999999999979 ) ) ;
#783 = FACE_OUTER_BOUND ( 'NONE', #1602, .T. ) ;
#784 = LINE ( 'NONE', #1363, #1220 ) ;
#785 = EDGE_CURVE ( 'NONE', #54, #696, #1599, .T. ) ;
#786 = ORIENTED_EDGE ( 'NONE', *, *, #1796, .F. ) ;
#787 = VECTOR ( 'NONE', #1329, 100.0000000000000142 ) ;
#788 = DIRECTION ( 'NONE',  ( 0.9731308116794299412, 0.000000000000000000, 0.2302529551604793612 ) ) ;
#789 = ORIENTED_EDGE ( 'NONE', *, *, #371, .T. ) ;
#790 = LINE ( 'NONE', #1253, #465 ) ;
#791 = LINE ( 'NONE', #1610, #295 ) ;
#792 = ORIENTED_EDGE ( 'NONE', *, *, #1087, .F. ) ;
#793 = VECTOR ( 'NONE', #985, 100.0000000000000000 ) ;
#794 = LINE ( 'NONE', #1345, #505 ) ;
#795 = EDGE_LOOP ( 'NONE', ( #1614, #615, #113, #842 ) ) ;
#796 = EDGE_CURVE ( 'NONE', #600, #40, #1606, .T. ) ;
#797 = CARTESIAN_POINT ( 'NONE',  ( 17.09000000000000341, -19.19999999999999929, 4.043673220973783344 ) ) ;
#798 = DIRECTION ( 'NONE',  ( 0.000000000000000000, 0.7071067811865513475, 0.7071067811865436870 ) ) ;
#799 = PLANE ( 'NONE',  #863 ) ;
#800 = DIRECTION ( 'NONE',  ( 0.9731308116794299412, 0.000000000000000000, 0.2302529551604793612 ) ) ;
#801 = EDGE_LOOP ( 'NONE', ( #195, #1694 ) ) ;
#802 = VECTOR ( 'NONE', #1405, 100.0000000000000000 ) ;
#803 = EDGE_LOOP ( 'NONE', ( #629, #1588, #238, #1574 ) ) ;
#804 = VECTOR ( 'NONE', #633, 100.0000000000000000 ) ;
#805 = CARTESIAN_POINT ( 'NONE',  ( 30.20886497992896125, -0.5999999999999949818, -5.766466123194717852 ) ) ;
#806 = CARTESIAN_POINT ( 'NONE',  ( 35.96999999999999886, -16.86999999999999389, 0.000000000000000000 ) ) ;
#807 = DIRECTION ( 'NONE',  ( 0.000000000000000000, 0.000000000000000000, -1.000000000000000000 ) ) ;
#808 = EDGE_CURVE ( 'NONE', #1356, #1524, #1726, .T. ) ;
#809 = CARTESIAN_POINT ( 'NONE',  ( 36.07000000000000028, -2.329999999999992966, 0.000000000000000000 ) ) ;
#810 = EDGE_CURVE ( 'NONE', #324, #1225, #675, .T. ) ;
#811 = ORIENTED_EDGE ( 'NONE', *, *, #1535, .F. ) ;
#812 = ORIENTED_EDGE ( 'NONE', *, *, #1376, .F. ) ;
#813 = AXIS2_PLACEMENT_3D ( 'NONE', #1791, #396, #1642 ) ;
#814 = CARTESIAN_POINT ( 'NONE',  ( 27.61203349049510081, -18.60000000000000497, 6.533296688247299144 ) ) ;
#815 = AXIS2_PLACEMENT_3D ( 'NONE', #1823, #1445, #1283 ) ;
#816 = LINE ( 'NONE', #1508, #947 ) ;
#817 = VECTOR ( 'NONE', #1656, 100.0000000000000142 ) ;
#818 = DIRECTION ( 'NONE',  ( 0.000000000000000000, -0.3420201433256678802, 0.9396926207859087610 ) ) ;
#819 = ADVANCED_FACE ( 'NONE', ( #956 ), #1215, .T. ) ;
#820 = DIRECTION ( 'NONE',  ( -0.2302529551604794444, 0.000000000000000000, 0.9731308116794299412 ) ) ;
#821 = EDGE_LOOP ( 'NONE', ( #73, #1826, #1316, #849, #1551, #159, #1335 ) ) ;
#822 = EDGE_LOOP ( 'NONE', ( #1188, #486, #1720, #579 ) ) ;
#823 = LINE ( 'NONE', #797, #910 ) ;
#824 = ORIENTED_EDGE ( 'NONE', *, *, #808, .F. ) ;
#825 = CARTESIAN_POINT ( 'NONE',  ( 35.19000000000000483, -3.329999999999991189, 0.000000000000000000 ) ) ;
#826 = PLANE ( 'NONE',  #477 ) ;
#827 = CARTESIAN_POINT ( 'NONE',  ( 16.99000000000000554, -16.98999999999999844, 0.000000000000000000 ) ) ;
#828 = VECTOR ( 'NONE', #1070, 100.0000000000000142 ) ;
#829 = EDGE_CURVE ( 'NONE', #1041, #866, #1235, .T. ) ;
#830 = ORIENTED_EDGE ( 'NONE', *, *, #60, .F. ) ;
#831 = ORIENTED_EDGE ( 'NONE', *, *, #107, .F. ) ;
#832 = FACE_OUTER_BOUND ( 'NONE', #1792, .T. ) ;
#833 = VECTOR ( 'NONE', #327, 100.0000000000000142 ) ;
#834 = EDGE_LOOP ( 'NONE', ( #96, #1238 ) ) ;
#835 = FACE_OUTER_BOUND ( 'NONE', #1631, .T. ) ;
#836 = CARTESIAN_POINT ( 'NONE',  ( 25.96855886354755683, -18.60000000000000497, 5.640000000000009450 ) ) ;
#837 = CARTESIAN_POINT ( 'NONE',  ( 28.28115062987350115, -17.98999999999997712, 5.029999999999974492 ) ) ;
#838 = ORIENTED_EDGE ( 'NONE', *, *, #1659, .F. ) ;
#839 = VERTEX_POINT ( 'NONE', #1365 ) ;
#840 = ADVANCED_FACE ( 'NONE', ( #508 ), #382, .T. ) ;
#841 = CARTESIAN_POINT ( 'NONE',  ( 17.09000000000000341, -15.99000000000000199, 4.043673220973784233 ) ) ;
#842 = ORIENTED_EDGE ( 'NONE', *, *, #924, .T. ) ;
#843 = FILL_AREA_STYLE_COLOUR ( '', #1268 ) ;
#844 = FACE_OUTER_BOUND ( 'NONE', #1168, .T. ) ;
#845 = PRODUCT_RELATED_PRODUCT_CATEGORY ( 'part', '', ( #865 ) ) ;
#846 = FACE_OUTER_BOUND ( 'NONE', #803, .T. ) ;
#847 = DIRECTION ( 'NONE',  ( -0.9731308116794301633, 0.000000000000000000, -0.2302529551604787506 ) ) ;
#848 = ORIENTED_EDGE ( 'NONE', *, *, #446, .T. ) ;
#849 = ORIENTED_EDGE ( 'NONE', *, *, #1583, .T. ) ;
#850 = CARTESIAN_POINT ( 'NONE',  ( 34.07000000000000028, -19.19999999999999929, 6.240000000000012648 ) ) ;
#851 = ORIENTED_EDGE ( 'NONE', *, *, #876, .T. ) ;
#852 = EDGE_CURVE ( 'NONE', #1579, #1692, #1778, .T. ) ;
#853 = DIRECTION ( 'NONE',  ( 0.000000000000000000, 1.000000000000000000, 0.000000000000000000 ) ) ;
#854 = CARTESIAN_POINT ( 'NONE',  ( 33.96999999999999176, -3.229999999999985771, 0.000000000000000000 ) ) ;
#855 = FACE_OUTER_BOUND ( 'NONE', #165, .T. ) ;
#856 = VECTOR ( 'NONE', #1633, 100.0000000000000000 ) ;
#857 = ORIENTED_EDGE ( 'NONE', *, *, #247, .F. ) ;
#858 = ORIENTED_EDGE ( 'NONE', *, *, #1397, .T. ) ;
#859 = CARTESIAN_POINT ( 'NONE',  ( 29.19572448707572221, -1.210000000000007070, 5.029999999999990479 ) ) ;
#860 = ORIENTED_EDGE ( 'NONE', *, *, #179, .F. ) ;
#861 = LINE ( 'NONE', #883, #627 ) ;
#862 = VECTOR ( 'NONE', #437, 100.0000000000000000 ) ;
#863 = AXIS2_PLACEMENT_3D ( 'NONE', #1534, #534, #1228 ) ;
#864 = CARTESIAN_POINT ( 'NONE',  ( 25.85553237541371630, -0.5999999999999949818, 6.117690104182629263 ) ) ;
#865 = PRODUCT ( 'ramp-middle_61', 'ramp-middle_61', '', ( #300 ) ) ;
#866 = VERTEX_POINT ( 'NONE', #964 ) ;
#867 = ORIENTED_EDGE ( 'NONE', *, *, #1162, .T. ) ;
#868 = EDGE_CURVE ( 'NONE', #530, #1401, #188, .T. ) ;
#869 = CARTESIAN_POINT ( 'NONE',  ( 27.50997547680976041, -0.5999999999999949818, 5.640000000000007674 ) ) ;
#870 = ORIENTED_EDGE ( 'NONE', *, *, #104, .F. ) ;
#871 = DIRECTION ( 'NONE',  ( -1.000000000000000000, 0.000000000000000000, 0.000000000000000000 ) ) ;
#872 = SHAPE_DEFINITION_REPRESENTATION ( #1034, #630 ) ;
#873 = VECTOR ( 'NONE', #255, 100.0000000000000000 ) ;
#874 = CYLINDRICAL_SURFACE ( 'NONE', #994, 0.3050000000000159250 ) ;
#875 = CARTESIAN_POINT ( 'NONE',  ( 26.45106922260379889, -19.21000000000003638, 6.250000000000048850 ) ) ;
#876 = EDGE_CURVE ( 'NONE', #1426, #405, #1079, .T. ) ;
#877 = EDGE_LOOP ( 'NONE', ( #1696, #1477 ) ) ;
#878 = VECTOR ( 'NONE', #659, 100.0000000000000000 ) ;
#879 = ORIENTED_EDGE ( 'NONE', *, *, #189, .F. ) ;
#880 = CARTESIAN_POINT ( 'NONE',  ( -2.757695390768592603, -6.892499649107822535, -0.6524996491078870475 ) ) ;
#881 = VERTEX_POINT ( 'NONE', #81 ) ;
#882 = PLANE ( 'NONE',  #1261 ) ;
#883 = CARTESIAN_POINT ( 'NONE',  ( 17.09000000000000341, -16.98999999999999844, 0.09999999999999734102 ) ) ;
#884 = MECHANICAL_DESIGN_GEOMETRIC_PRESENTATION_REPRESENTATION (  '', ( #374 ), #1416 ) ;
#885 = DIRECTION ( 'NONE',  ( 0.000000000000000000, -1.000000000000000000, 0.000000000000000000 ) ) ;
#886 = CARTESIAN_POINT ( 'NONE',  ( 0.000000000000000000, -16.86999999999999389, 0.000000000000000000 ) ) ;
#887 = EDGE_LOOP ( 'NONE', ( #1449, #1130, #213, #831 ) ) ;
#888 = ADVANCED_FACE ( 'NONE', ( #1632 ), #355, .F. ) ;
#889 = VERTEX_POINT ( 'NONE', #1532 ) ;
#890 = LINE ( 'NONE', #1722, #1310 ) ;
#891 = VERTEX_POINT ( 'NONE', #531 ) ;
#892 = DIRECTION ( 'NONE',  ( 0.5773502691896257311, 0.5773502691896257311, -0.5773502691896257311 ) ) ;
#893 = EDGE_CURVE ( 'NONE', #277, #775, #823, .T. ) ;
#894 = LINE ( 'NONE', #1055, #50 ) ;
#895 = VECTOR ( 'NONE', #428, 100.0000000000000000 ) ;
#896 = LINE ( 'NONE', #1773, #83 ) ;
#897 = AXIS2_PLACEMENT_3D ( 'NONE', #996, #552, #701 ) ;
#898 = PLANE ( 'NONE',  #1143 ) ;
#899 = EDGE_LOOP ( 'NONE', ( #1019, #1601, #1461, #21 ) ) ;
#900 = ORIENTED_EDGE ( 'NONE', *, *, #1352, .T. ) ;
#901 = CARTESIAN_POINT ( 'NONE',  ( 35.19000000000000483, -16.86999999999999389, 0.000000000000000000 ) ) ;
#902 = ORIENTED_EDGE ( 'NONE', *, *, #1636, .T. ) ;
#903 = ADVANCED_FACE ( 'NONE', ( #106 ), #252, .T. ) ;
#904 = CARTESIAN_POINT ( 'NONE',  ( 35.19000000000000483, -15.86999999999999567, 0.000000000000000000 ) ) ;
#905 = CARTESIAN_POINT ( 'NONE',  ( 36.07000000000000028, -16.96999999999999886, 12.63499999999999979 ) ) ;
#906 = CARTESIAN_POINT ( 'NONE',  ( 18.21000000000000441, -17.08999999999999986, 0.000000000000000000 ) ) ;
#907 = DIRECTION ( 'NONE',  ( -0.9731308116794301633, 0.000000000000000000, -0.2302529551604787506 ) ) ;
#908 = CIRCLE ( 'NONE', #93, 0.3050000000000044897 ) ;
#909 = ORIENTED_EDGE ( 'NONE', *, *, #966, .F. ) ;
#910 = VECTOR ( 'NONE', #223, 100.0000000000000000 ) ;
#911 = CARTESIAN_POINT ( 'NONE',  ( 35.08999999999999631, -3.229999999999985771, 12.63499999999999979 ) ) ;
#912 = ORIENTED_EDGE ( 'NONE', *, *, #738, .F. ) ;
#913 = CYLINDRICAL_SURFACE ( 'NONE', #276, 0.3050000000000159250 ) ;
#914 = EDGE_CURVE ( 'NONE', #764, #78, #373, .T. ) ;
#915 = LINE ( 'NONE', #1071, #1654 ) ;
#916 = CARTESIAN_POINT ( 'NONE',  ( 29.57828620936730601, -18.60000000000000142, 4.737788335293272368 ) ) ;
#917 = LINE ( 'NONE', #485, #1441 ) ;
#918 = ORIENTED_EDGE ( 'NONE', *, *, #12, .T. ) ;
#919 = DIRECTION ( 'NONE',  ( -0.2302529551604793612, 0.000000000000000000, 0.9731308116794299412 ) ) ;
#920 = VERTEX_POINT ( 'NONE', #937 ) ;
#921 = CARTESIAN_POINT ( 'NONE',  ( 29.34277855753429876, -18.60000000000000497, -5.971391253287538170 ) ) ;
#922 = DIRECTION ( 'NONE',  ( -1.394752543498940254E-15, 1.000000000000000000, 0.000000000000000000 ) ) ;
#923 = DIRECTION ( 'NONE',  ( 1.000000000000000000, 0.000000000000000000, 0.000000000000000000 ) ) ;
#924 = EDGE_CURVE ( 'NONE', #1721, #590, #498, .T. ) ;
#925 = CARTESIAN_POINT ( 'NONE',  ( 0.000000000000000000, -19.19999999999999929, 6.240000000000012648 ) ) ;
#926 = VECTOR ( 'NONE', #1679, 100.0000000000000000 ) ;
#927 = PLANE ( 'NONE',  #143 ) ;
#928 = ORIENTED_EDGE ( 'NONE', *, *, #339, .T. ) ;
#929 = CARTESIAN_POINT ( 'NONE',  ( 0.000000000000000000, -1.219999999999998863, 0.3747477419454632308 ) ) ;
#930 = CARTESIAN_POINT ( 'NONE',  ( 34.07000000000000028, -1.219999999999998863, 5.019999999999997797 ) ) ;
#931 = DIRECTION ( 'NONE',  ( 1.000000000000000000, 0.000000000000000000, 0.000000000000000000 ) ) ;
#932 = CARTESIAN_POINT ( 'NONE',  ( 36.07000000000000028, -16.96999999999999886, 12.63499999999999979 ) ) ;
#933 = ADVANCED_FACE ( 'NONE', ( #1506 ), #1497, .F. ) ;
#934 = PLANE ( 'NONE',  #712 ) ;
#935 = ORIENTED_EDGE ( 'NONE', *, *, #33, .T. ) ;
#936 = AXIS2_PLACEMENT_3D ( 'NONE', #231, #214, #1104 ) ;
#937 = CARTESIAN_POINT ( 'NONE',  ( 35.08999999999999631, -3.229999999999985771, 8.302661985018726654 ) ) ;
#938 = CARTESIAN_POINT ( 'NONE',  ( 29.05139209007197110, -18.60000000000000142, 5.640000000000005009 ) ) ;
#939 = FACE_OUTER_BOUND ( 'NONE', #707, .T. ) ;
#940 = LINE ( 'NONE', #1678, #7 ) ;
#941 = VECTOR ( 'NONE', #375, 100.0000000000000142 ) ;
#942 = VERTEX_POINT ( 'NONE', #515 ) ;
#943 = DIRECTION ( 'NONE',  ( 1.000000000000000000, 0.000000000000000000, 0.000000000000000000 ) ) ;
#944 = ORIENTED_EDGE ( 'NONE', *, *, #535, .F. ) ;
#945 = EDGE_CURVE ( 'NONE', #696, #445, #668, .T. ) ;
#946 = DIRECTION ( 'NONE',  ( -1.000000000000000000, 0.000000000000000000, 0.000000000000000000 ) ) ;
#947 = VECTOR ( 'NONE', #99, 100.0000000000000000 ) ;
#948 = PLANE ( 'NONE',  #1187 ) ;
#949 = CARTESIAN_POINT ( 'NONE',  ( 35.96999999999999886, -19.19999999999999929, 0.000000000000000000 ) ) ;
#950 = EDGE_CURVE ( 'NONE', #218, #277, #992, .T. ) ;
#951 = CARTESIAN_POINT ( 'NONE',  ( 26.37245745943812381, -19.19999999999999929, 6.240000000000012648 ) ) ;
#952 = ORIENTED_EDGE ( 'NONE', *, *, #1240, .F. ) ;
#953 = CIRCLE ( 'NONE', #1047, 0.3050000000000159250 ) ;
#954 = ORIENTED_EDGE ( 'NONE', *, *, #1052, .F. ) ;
#955 = VECTOR ( 'NONE', #118, 100.0000000000000000 ) ;
#956 = FACE_OUTER_BOUND ( 'NONE', #899, .T. ) ;
#957 = EDGE_CURVE ( 'NONE', #1099, #476, #1280, .T. ) ;
#958 = DIRECTION ( 'NONE',  ( 0.5773502691896310601, -0.5773502691896310601, 0.5773502691896150729 ) ) ;
#959 = LINE ( 'NONE', #1097, #713 ) ;
#960 = FACE_OUTER_BOUND ( 'NONE', #1242, .T. ) ;
#961 = ORIENTED_EDGE ( 'NONE', *, *, #1493, .F. ) ;
#962 = ORIENTED_EDGE ( 'NONE', *, *, #439, .T. ) ;
#963 = VECTOR ( 'NONE', #101, 100.0000000000000000 ) ;
#964 = CARTESIAN_POINT ( 'NONE',  ( 27.31522859293286132, -0.5999999999999949818, 6.463069536923349290 ) ) ;
#965 = DIRECTION ( 'NONE',  ( -0.7071067811865475727, -0.000000000000000000, -0.7071067811865475727 ) ) ;
#966 = EDGE_CURVE ( 'NONE', #405, #149, #258, .T. ) ;
#967 = LINE ( 'NONE', #1814, #658 ) ;
#968 = DIRECTION ( 'NONE',  ( 0.000000000000000000, 1.000000000000000000, 0.000000000000000000 ) ) ;
#969 =( BOUNDED_CURVE ( )  B_SPLINE_CURVE ( 3, ( #1716, #1304, #703, #442 ),
 .UNSPECIFIED., .F., .T. ) 
 B_SPLINE_CURVE_WITH_KNOTS ( ( 4, 4 ),
 ( 4.938697601239183221, 8.080290254828979002 ),
 .UNSPECIFIED. ) 
 CURVE ( )  GEOMETRIC_REPRESENTATION_ITEM ( )  RATIONAL_B_SPLINE_CURVE ( ( 1.000000000000000000, 0.3333333333333324822, 0.3333333333333324822, 1.000000000000000000 ) ) 
 REPRESENTATION_ITEM ( '' )  );
#970 = ORIENTED_EDGE ( 'NONE', *, *, #364, .F. ) ;
#971 = ORIENTED_EDGE ( 'NONE', *, *, #1337, .F. ) ;
#972 = EDGE_CURVE ( 'NONE', #1496, #1470, #973, .T. ) ;
#973 = LINE ( 'NONE', #1695, #1313 ) ;
#974 = CARTESIAN_POINT ( 'NONE',  ( 0.000000000000000000, -17.08999999999999986, 0.000000000000000000 ) ) ;
#975 = CARTESIAN_POINT ( 'NONE',  ( 28.77492481045201700, -18.60000000000000142, 6.808448969664071981 ) ) ;
#976 = CARTESIAN_POINT ( 'NONE',  ( 26.11289126055131860, -1.210000000000023945, 5.029999999999970939 ) ) ;
#977 = DIRECTION ( 'NONE',  ( -0.2302529551604794167, 0.000000000000000000, 0.9731308116794300522 ) ) ;
#978 = EDGE_CURVE ( 'NONE', #891, #1456, #148, .T. ) ;
#979 = ORIENTED_EDGE ( 'NONE', *, *, #402, .F. ) ;
#980 = ORIENTED_EDGE ( 'NONE', *, *, #1765, .T. ) ;
#981 = VECTOR ( 'NONE', #56, 100.0000000000000000 ) ;
#982 = LINE ( 'NONE', #417, #232 ) ;
#983 = AXIS2_PLACEMENT_3D ( 'NONE', #84, #109, #92 ) ;
#984 = ORIENTED_EDGE ( 'NONE', *, *, #612, .F. ) ;
#985 = DIRECTION ( 'NONE',  ( 0.000000000000000000, -1.000000000000000000, 0.000000000000000000 ) ) ;
#986 = CARTESIAN_POINT ( 'NONE',  ( 33.96999999999999176, -1.319999999999998952, 0.000000000000000000 ) ) ;
#987 = DIRECTION ( 'NONE',  ( -0.7071067811865339170, -9.862389815852666874E-16, -0.7071067811865612285 ) ) ;
#988 = DIRECTION ( 'NONE',  ( -0.2302529551604794444, 0.000000000000000000, 0.9731308116794299412 ) ) ;
#989 = ORIENTED_EDGE ( 'NONE', *, *, #577, .T. ) ;
#990 = ADVANCED_FACE ( 'NONE', ( #832 ), #1002, .T. ) ;
#991 = VERTEX_POINT ( 'NONE', #297 ) ;
#992 = LINE ( 'NONE', #1820, #1428 ) ;
#993 = VERTEX_POINT ( 'NONE', #11 ) ;
#994 = AXIS2_PLACEMENT_3D ( 'NONE', #1727, #1146, #1127 ) ;
#995 =( NAMED_UNIT ( * ) SI_UNIT ( $, .STERADIAN. ) SOLID_ANGLE_UNIT ( ) );
#996 = CARTESIAN_POINT ( 'NONE',  ( 33.96999999999999176, -19.19999999999999929, 0.000000000000000000 ) ) ;
#997 = CARTESIAN_POINT ( 'NONE',  ( 30.50566987749120429, -18.60000000000000497, -5.696238971870767998 ) ) ;
#998 = CARTESIAN_POINT ( 'NONE',  ( 34.07000000000000028, 1.656660919557850775E-14, 6.240000000000025970 ) ) ;
#999 = EDGE_LOOP ( 'NONE', ( #1180, #1286, #1325, #561 ) ) ;
#1000 = ORIENTED_EDGE ( 'NONE', *, *, #1140, .F. ) ;
#1001 = ORIENTED_EDGE ( 'NONE', *, *, #876, .F. ) ;
#1002 = PLANE ( 'NONE',  #58 ) ;
#1003 = EDGE_LOOP ( 'NONE', ( #1598, #285, #1407, #765 ) ) ;
#1004 = DIRECTION ( 'NONE',  ( 1.394752543498940254E-15, -1.000000000000000000, 0.000000000000000000 ) ) ;
#1005 = CARTESIAN_POINT ( 'NONE',  ( 29.05139209007197110, -0.6000000000000005329, 5.640000000000002345 ) ) ;
#1006 = DIRECTION ( 'NONE',  ( -0.9731308116794302743, 0.000000000000000000, -0.2302529551604782787 ) ) ;
#1007 = CARTESIAN_POINT ( 'NONE',  ( 16.11000000000000654, -17.98000000000000043, 3.811794943820226322 ) ) ;
#1008 = EDGE_CURVE ( 'NONE', #1579, #391, #1252, .T. ) ;
#1009 = CIRCLE ( 'NONE', #197, 0.3050000000000159250 ) ;
#1010 = ORIENTED_EDGE ( 'NONE', *, *, #358, .T. ) ;
#1011 = ORIENTED_EDGE ( 'NONE', *, *, #189, .T. ) ;
#1012 = CARTESIAN_POINT ( 'NONE',  ( 28.13681823286975359, -0.5999999999999949818, 5.640000000000008562 ) ) ;
#1013 = ORIENTED_EDGE ( 'NONE', *, *, #810, .F. ) ;
#1014 = LINE ( 'NONE', #409, #793 ) ;
#1015 = VECTOR ( 'NONE', #1399, 100.0000000000000142 ) ;
#1016 = EDGE_CURVE ( 'NONE', #881, #445, #1539, .T. ) ;
#1017 = CARTESIAN_POINT ( 'NONE',  ( 29.07172970801424938, -18.60000000000000142, 6.878676120988018283 ) ) ;
#1018 = CARTESIAN_POINT ( 'NONE',  ( 25.82422646654380927, 0.01000000000003689084, 6.250000000000044409 ) ) ;
#1019 = ORIENTED_EDGE ( 'NONE', *, *, #1105, .T. ) ;
#1020 = EDGE_LOOP ( 'NONE', ( #1663, #1069, #274, #1729 ) ) ;
#1021 = FACE_OUTER_BOUND ( 'NONE', #1234, .T. ) ;
#1022 = VERTEX_POINT ( 'NONE', #850 ) ;
#1023 = DIRECTION ( 'NONE',  ( 0.000000000000000000, 1.000000000000000000, 0.000000000000000000 ) ) ;
#1024 = CARTESIAN_POINT ( 'NONE',  ( 16.11000000000000654, -15.99000000000000199, 0.09999999999999731326 ) ) ;
#1025 = EDGE_CURVE ( 'NONE', #891, #205, #1568, .T. ) ;
#1026 = DIRECTION ( 'NONE',  ( -1.000000000000000000, 0.000000000000000000, 0.000000000000000000 ) ) ;
#1027 = CARTESIAN_POINT ( 'NONE',  ( 16.11000000000000654, -15.99000000000000199, 12.63499999999999979 ) ) ;
#1028 = VECTOR ( 'NONE', #471, 99.99999999999998579 ) ;
#1029 = ORIENTED_EDGE ( 'NONE', *, *, #893, .F. ) ;
#1030 = ORIENTED_EDGE ( 'NONE', *, *, #1277, .F. ) ;
#1031 = LINE ( 'NONE', #317, #1462 ) ;
#1032 = EDGE_CURVE ( 'NONE', #1022, #1496, #982, .T. ) ;
#1033 = EDGE_LOOP ( 'NONE', ( #103, #1299, #1395, #1431 ) ) ;
#1034 = PRODUCT_DEFINITION_SHAPE ( 'NONE', 'NONE',  #1507 ) ;
#1035 = DIRECTION ( 'NONE',  ( -0.9731308116794301633, 0.000000000000000000, -0.2302529551604787506 ) ) ;
#1036 = AXIS2_PLACEMENT_3D ( 'NONE', #974, #260, #871 ) ;
#1037 = DIRECTION ( 'NONE',  ( -0.9731308116794299412, 0.000000000000000000, -0.2302529551604793334 ) ) ;
#1038 = CARTESIAN_POINT ( 'NONE',  ( 0.000000000000000000, -17.98000000000000043, 0.3747477419454632308 ) ) ;
#1039 = LINE ( 'NONE', #1808, #873 ) ;
#1040 = EDGE_CURVE ( 'NONE', #590, #1569, #286, .T. ) ;
#1041 = VERTEX_POINT ( 'NONE', #1561 ) ;
#1042 = LINE ( 'NONE', #1603, #981 ) ;
#1043 = ORIENTED_EDGE ( 'NONE', *, *, #612, .T. ) ;
#1044 = DIRECTION ( 'NONE',  ( 0.2302529551604794444, 0.000000000000000000, -0.9731308116794300522 ) ) ;
#1045 =( BOUNDED_CURVE ( )  B_SPLINE_CURVE ( 3, ( #1012, #1578, #539, #869 ),
 .UNSPECIFIED., .F., .T. ) 
 B_SPLINE_CURVE_WITH_KNOTS ( ( 4, 4 ),
 ( 1.797104947649389439, 4.938697601239184110 ),
 .UNSPECIFIED. ) 
 CURVE ( )  GEOMETRIC_REPRESENTATION_ITEM ( )  RATIONAL_B_SPLINE_CURVE ( ( 1.000000000000000000, 0.3333333333333327597, 0.3333333333333327597, 1.000000000000000000 ) ) 
 REPRESENTATION_ITEM ( '' )  );
#1046 = CARTESIAN_POINT ( 'NONE',  ( 25.85553237541371630, -18.60000000000000497, 6.117690104182629263 ) ) ;
#1047 = AXIS2_PLACEMENT_3D ( 'NONE', #443, #726, #1292 ) ;
#1048 = LINE ( 'NONE', #341, #1607 ) ;
#1049 = VECTOR ( 'NONE', #763, 100.0000000000000000 ) ;
#1050 = LINE ( 'NONE', #71, #653 ) ;
#1051 = ORIENTED_EDGE ( 'NONE', *, *, #1683, .F. ) ;
#1052 = EDGE_CURVE ( 'NONE', #1747, #221, #1161, .T. ) ;
#1053 = LINE ( 'NONE', #1170, #833 ) ;
#1054 = DIRECTION ( 'NONE',  ( -0.9731308116794302743, 0.000000000000000000, -0.2302529551604782787 ) ) ;
#1055 = CARTESIAN_POINT ( 'NONE',  ( 34.07000000000000028, -15.86999999999999567, 0.000000000000000000 ) ) ;
#1056 = DIRECTION ( 'NONE',  ( 0.000000000000000000, -1.000000000000000000, 0.000000000000000000 ) ) ;
#1057 = VECTOR ( 'NONE', #968, 100.0000000000000000 ) ;
#1058 = CARTESIAN_POINT ( 'NONE',  ( 17.09000000000000341, -19.19999999999999929, 4.043673220973783344 ) ) ;
#1059 = CIRCLE ( 'NONE', #1231, 0.3050000000000159250 ) ;
#1060 = VERTEX_POINT ( 'NONE', #1113 ) ;
#1061 = LINE ( 'NONE', #1622, #1100 ) ;
#1062 = VERTEX_POINT ( 'NONE', #841 ) ;
#1063 = CARTESIAN_POINT ( 'NONE',  ( 28.77492481045201700, -0.6000000000000005329, 6.808448969664071981 ) ) ;
#1064 = EDGE_CURVE ( 'NONE', #1060, #578, #1288, .T. ) ;
#1065 = DIRECTION ( 'NONE',  ( 0.000000000000000000, 0.000000000000000000, -1.000000000000000000 ) ) ;
#1066 = CARTESIAN_POINT ( 'NONE',  ( 35.19000000000000483, -15.97000000000000064, 0.000000000000000000 ) ) ;
#1067 = LINE ( 'NONE', #925, #1203 ) ;
#1068 = CARTESIAN_POINT ( 'NONE',  ( 16.11000000000000654, -1.219999999999998863, 5.019999999999997797 ) ) ;
#1069 = ORIENTED_EDGE ( 'NONE', *, *, #463, .F. ) ;
#1070 = DIRECTION ( 'NONE',  ( 0.9731308116794299412, 0.000000000000000000, 0.2302529551604793612 ) ) ;
#1071 = CARTESIAN_POINT ( 'NONE',  ( 0.000000000000000000, -1.219999999999998863, 5.019999999999997797 ) ) ;
#1072 = EDGE_CURVE ( 'NONE', #1755, #719, #123, .T. ) ;
#1073 = DIRECTION ( 'NONE',  ( 0.000000000000000000, 0.000000000000000000, -1.000000000000000000 ) ) ;
#1074 = CARTESIAN_POINT ( 'NONE',  ( 29.36853460557647821, -18.60000000000000142, 6.948903272311966361 ) ) ;
#1075 = AXIS2_PLACEMENT_3D ( 'NONE', #177, #1460, #1308 ) ;
#1076 = UNCERTAINTY_MEASURE_WITH_UNIT (LENGTH_MEASURE( 1.000000000000000082E-05 ), #1444, 'distance_accuracy_value', 'NONE');
#1077 = FACE_OUTER_BOUND ( 'NONE', #1121, .T. ) ;
#1078 = ORIENTED_EDGE ( 'NONE', *, *, #754, .F. ) ;
#1079 = LINE ( 'NONE', #1804, #1766 ) ;
#1080 = CARTESIAN_POINT ( 'NONE',  ( 28.13681823286975359, -0.5999999999999949818, 5.640000000000008562 ) ) ;
#1081 = DIRECTION ( 'NONE',  ( 1.000000000000000000, 0.000000000000000000, 0.000000000000000000 ) ) ;
#1082 = PLANE ( 'NONE',  #573 ) ;
#1083 = DIRECTION ( 'NONE',  ( -0.000000000000000000, 1.000000000000000000, 0.000000000000000000 ) ) ;
#1084 = ORIENTED_EDGE ( 'NONE', *, *, #381, .T. ) ;
#1085 = VECTOR ( 'NONE', #779, 100.0000000000000000 ) ;
#1086 = CARTESIAN_POINT ( 'NONE',  ( 16.11000000000000298, -3.209999999999987974, 0.09999999999999731326 ) ) ;
#1087 = EDGE_CURVE ( 'NONE', #529, #1041, #1045, .T. ) ;
#1088 = DIRECTION ( 'NONE',  ( 0.000000000000000000, 1.000000000000000000, 0.000000000000000000 ) ) ;
#1089 = PLANE ( 'NONE',  #1133 ) ;
#1090 = LINE ( 'NONE', #679, #1057 ) ;
#1091 = ORIENTED_EDGE ( 'NONE', *, *, #1560, .F. ) ;
#1092 = ADVANCED_FACE ( 'NONE', ( #698 ), #1132, .F. ) ;
#1093 = EDGE_LOOP ( 'NONE', ( #1134, #824, #1171, #667 ) ) ;
#1094 = CARTESIAN_POINT ( 'NONE',  ( 29.67823484613193941, -18.60000000000000142, 5.640000000000005009 ) ) ;
#1095 = VECTOR ( 'NONE', #1640, 100.0000000000000000 ) ;
#1096 = PLANE ( 'NONE',  #768 ) ;
#1097 = CARTESIAN_POINT ( 'NONE',  ( 17.09000000000000341, -16.98999999999999844, 12.63499999999999979 ) ) ;
#1098 = DIRECTION ( 'NONE',  ( 1.000000000000000000, 0.000000000000000000, 0.000000000000000000 ) ) ;
#1099 = VERTEX_POINT ( 'NONE', #1812 ) ;
#1100 = VECTOR ( 'NONE', #1450, 100.0000000000000000 ) ;
#1101 = ORIENTED_EDGE ( 'NONE', *, *, #577, .F. ) ;
#1102 = VECTOR ( 'NONE', #931, 100.0000000000000000 ) ;
#1103 = ADVANCED_FACE ( 'NONE', ( #399 ), #1318, .T. ) ;
#1104 = DIRECTION ( 'NONE',  ( 1.877914453019546570E-16, -1.000000000000000000, 0.000000000000000000 ) ) ;
#1105 = EDGE_CURVE ( 'NONE', #1567, #889, #739, .T. ) ;
#1106 = CARTESIAN_POINT ( 'NONE',  ( 17.09000000000000341, -2.209999999999989750, 0.09999999999999731326 ) ) ;
#1107 = FACE_OUTER_BOUND ( 'NONE', #1199, .T. ) ;
#1108 = FACE_BOUND ( 'NONE', #146, .T. ) ;
#1109 = ADVANCED_FACE ( 'NONE', ( #1327, #478, #47, #1021 ), #1738, .F. ) ;
#1110 = ORIENTED_EDGE ( 'NONE', *, *, #141, .F. ) ;
#1111 = ORIENTED_EDGE ( 'NONE', *, *, #540, .T. ) ;
#1112 = AXIS2_PLACEMENT_3D ( 'NONE', #1529, #1394, #1521 ) ;
#1113 = CARTESIAN_POINT ( 'NONE',  ( 36.07000000000000028, -16.96999999999999886, 0.1000000000000056399 ) ) ;
#1114 = FACE_BOUND ( 'NONE', #257, .T. ) ;
#1115 = DIRECTION ( 'NONE',  ( 0.2302529551604794444, 0.000000000000000000, -0.9731308116794300522 ) ) ;
#1116 = EDGE_CURVE ( 'NONE', #560, #1703, #1053, .T. ) ;
#1117 = DIRECTION ( 'NONE',  ( 0.000000000000000000, 0.000000000000000000, -1.000000000000000000 ) ) ;
#1118 = FACE_OUTER_BOUND ( 'NONE', #822, .T. ) ;
#1119 = ORIENTED_EDGE ( 'NONE', *, *, #1251, .F. ) ;
#1120 = ORIENTED_EDGE ( 'NONE', *, *, #1277, .T. ) ;
#1121 = EDGE_LOOP ( 'NONE', ( #699, #1451, #1585, #980 ) ) ;
#1122 = DIRECTION ( 'NONE',  ( 0.9483172516123353768, -0.2243818066314930415, 0.2243818066314954562 ) ) ;
#1123 = ORIENTED_EDGE ( 'NONE', *, *, #924, .F. ) ;
#1124 = DIRECTION ( 'NONE',  ( -0.9731308116794301633, 0.000000000000000000, -0.2302529551604787506 ) ) ;
#1125 = DIRECTION ( 'NONE',  ( 0.000000000000000000, 1.000000000000000000, 0.000000000000000000 ) ) ;
#1126 = EDGE_CURVE ( 'NONE', #221, #673, #345, .T. ) ;
#1127 = DIRECTION ( 'NONE',  ( -0.9731308116794301633, 0.000000000000000000, -0.2302529551604787506 ) ) ;
#1128 = DIRECTION ( 'NONE',  ( 1.000000000000000000, 0.000000000000000000, 0.000000000000000000 ) ) ;
#1129 = ORIENTED_EDGE ( 'NONE', *, *, #1476, .T. ) ;
#1130 = ORIENTED_EDGE ( 'NONE', *, *, #170, .T. ) ;
#1131 = AXIS2_PLACEMENT_3D ( 'NONE', #1824, #1630, #504 ) ;
#1132 = PLANE ( 'NONE',  #411 ) ;
#1133 = AXIS2_PLACEMENT_3D ( 'NONE', #949, #1377, #853 ) ;
#1134 = ORIENTED_EDGE ( 'NONE', *, *, #1397, .F. ) ;
#1135 = CARTESIAN_POINT ( 'NONE',  ( 27.61203349049510081, -0.5999999999999949818, 6.533296688247299144 ) ) ;
#1136 = LINE ( 'NONE', #1554, #386 ) ;
#1137 = DIRECTION ( 'NONE',  ( -0.2302529551604794444, 0.000000000000000000, 0.9731308116794300522 ) ) ;
#1138 = CARTESIAN_POINT ( 'NONE',  ( 26.59540161960755711, -0.5999999999999949818, 5.640000000000005009 ) ) ;
#1139 = ORIENTED_EDGE ( 'NONE', *, *, #688, .F. ) ;
#1140 = EDGE_CURVE ( 'NONE', #1241, #1389, #467, .T. ) ;
#1141 = EDGE_LOOP ( 'NONE', ( #1671, #131, #429, #1328 ) ) ;
#1142 = DIRECTION ( 'NONE',  ( 0.000000000000000000, 1.000000000000000000, 0.000000000000000000 ) ) ;
#1143 = AXIS2_PLACEMENT_3D ( 'NONE', #1362, #495, #1484 ) ;
#1144 = ORIENTED_EDGE ( 'NONE', *, *, #950, .T. ) ;
#1145 = AXIS2_PLACEMENT_3D ( 'NONE', #997, #1582, #128 ) ;
#1146 = DIRECTION ( 'NONE',  ( -0.2302529551604794722, 0.000000000000000000, 0.9731308116794300522 ) ) ;
#1147 = CARTESIAN_POINT ( 'NONE',  ( 30.80247477505344733, -0.5999999999999949818, -5.626011820546818143 ) ) ;
#1148 = VERTEX_POINT ( 'NONE', #185 ) ;
#1149 = VERTEX_POINT ( 'NONE', #1596 ) ;
#1150 = EDGE_CURVE ( 'NONE', #1060, #1569, #1587, .T. ) ;
#1151 = CARTESIAN_POINT ( 'NONE',  ( 10.80666666666654940, -8.513333333333424235, 5.403333333333287136 ) ) ;
#1152 = ORIENTED_EDGE ( 'NONE', *, *, #439, .F. ) ;
#1153 = CARTESIAN_POINT ( 'NONE',  ( 28.67999999999999261, -8.619999999999997442, -5.290000000000001812 ) ) ;
#1154 = CARTESIAN_POINT ( 'NONE',  ( 27.61203349049510081, -18.60000000000000497, 6.533296688247299144 ) ) ;
#1155 = LINE ( 'NONE', #142, #1368 ) ;
#1156 = ORIENTED_EDGE ( 'NONE', *, *, #1608, .F. ) ;
#1157 = ORIENTED_EDGE ( 'NONE', *, *, #1575, .F. ) ;
#1158 = EDGE_LOOP ( 'NONE', ( #1287, #390, #1829, #80 ) ) ;
#1159 = CARTESIAN_POINT ( 'NONE',  ( 26.37245745943810959, 0.000000000000000000, 6.240000000000009095 ) ) ;
#1160 = EDGE_LOOP ( 'NONE', ( #789, #523, #66, #1270 ) ) ;
#1161 =( BOUNDED_CURVE ( )  B_SPLINE_CURVE ( 3, ( #1269, #1258, #859, #1429 ),
 .UNSPECIFIED., .F., .T. ) 
 B_SPLINE_CURVE_WITH_KNOTS ( ( 4, 4 ),
 ( 1.797104947649392326, 4.938697601239184998 ),
 .UNSPECIFIED. ) 
 CURVE ( )  GEOMETRIC_REPRESENTATION_ITEM ( )  RATIONAL_B_SPLINE_CURVE ( ( 1.000000000000000000, 0.3333333333333335369, 0.3333333333333335369, 1.000000000000000000 ) ) 
 REPRESENTATION_ITEM ( '' )  );
#1162 = EDGE_CURVE ( 'NONE', #1692, #1197, #1042, .T. ) ;
#1163 = SURFACE_STYLE_FILL_AREA ( #1706 ) ;
#1164 = DIRECTION ( 'NONE',  ( 1.000000000000000000, 0.000000000000000000, 0.000000000000000000 ) ) ;
#1165 = VECTOR ( 'NONE', #1189, 100.0000000000000142 ) ;
#1166 = APPLICATION_CONTEXT ( 'automotive_design' ) ;
#1167 = DIRECTION ( 'NONE',  ( -0.9731308116794299412, 0.000000000000000000, -0.2302529551604793334 ) ) ;
#1168 = EDGE_LOOP ( 'NONE', ( #1359, #1364, #902, #556, #1111, #456, #587 ) ) ;
#1169 = ORIENTED_EDGE ( 'NONE', *, *, #1625, .T. ) ;
#1170 = CARTESIAN_POINT ( 'NONE',  ( 11.32666666666656496, -21.75333333333344044, -5.663333333333282482 ) ) ;
#1171 = ORIENTED_EDGE ( 'NONE', *, *, #1174, .T. ) ;
#1172 = DIRECTION ( 'NONE',  ( -0.2302529551604794722, 0.000000000000000000, 0.9731308116794300522 ) ) ;
#1173 = FACE_OUTER_BOUND ( 'NONE', #648, .T. ) ;
#1174 = EDGE_CURVE ( 'NONE', #1356, #1731, #29, .T. ) ;
#1175 = CARTESIAN_POINT ( 'NONE',  ( 17.09000000000000696, -16.98999999999999844, 4.043673220973786897 ) ) ;
#1176 = VECTOR ( 'NONE', #1589, 100.0000000000000000 ) ;
#1177 = ORIENTED_EDGE ( 'NONE', *, *, #972, .F. ) ;
#1178 = VERTEX_POINT ( 'NONE', #901 ) ;
#1179 = DIRECTION ( 'NONE',  ( 0.7071067811865376918, 0.000000000000000000, -0.7071067811865573427 ) ) ;
#1180 = ORIENTED_EDGE ( 'NONE', *, *, #1337, .T. ) ;
#1181 = CARTESIAN_POINT ( 'NONE',  ( 34.07000000000000028, -15.97000000000000064, 0.1000000000000056399 ) ) ;
#1182 = AXIS2_PLACEMENT_3D ( 'NONE', #280, #126, #160 ) ;
#1183 = CARTESIAN_POINT ( 'NONE',  ( 27.99248583586599182, 0.01000000000003454896, 6.250000000000042633 ) ) ;
#1184 = CYLINDRICAL_SURFACE ( 'NONE', #596, 0.3050000000000044897 ) ;
#1185 = EDGE_CURVE ( 'NONE', #1439, #1266, #194, .T. ) ;
#1186 = LINE ( 'NONE', #1611, #1457 ) ;
#1187 = AXIS2_PLACEMENT_3D ( 'NONE', #1527, #965, #394 ) ;
#1188 = ORIENTED_EDGE ( 'NONE', *, *, #1771, .T. ) ;
#1189 = DIRECTION ( 'NONE',  ( 0.9731308116794299412, 0.000000000000000000, 0.2302529551604793612 ) ) ;
#1190 = ORIENTED_EDGE ( 'NONE', *, *, #1260, .T. ) ;
#1191 = PLANE ( 'NONE',  #519 ) ;
#1192 = DIRECTION ( 'NONE',  ( 0.9731308116794299412, 0.000000000000000000, 0.2302529551604793612 ) ) ;
#1193 = AXIS2_PLACEMENT_3D ( 'NONE', #585, #1717, #433 ) ;
#1194 = DIRECTION ( 'NONE',  ( 1.000000000000000000, 0.000000000000000000, 0.000000000000000000 ) ) ;
#1195 = AXIS2_PLACEMENT_3D ( 'NONE', #510, #1641, #236 ) ;
#1196 = DIRECTION ( 'NONE',  ( 1.877914453019546570E-16, -1.000000000000000000, 0.000000000000000000 ) ) ;
#1197 = VERTEX_POINT ( 'NONE', #448 ) ;
#1198 = LINE ( 'NONE', #730, #1279 ) ;
#1199 = EDGE_LOOP ( 'NONE', ( #228, #489, #502, #1371 ) ) ;
#1200 = CARTESIAN_POINT ( 'NONE',  ( 34.08000000000000540, -16.97999999999999687, 1.110000000000001430 ) ) ;
#1201 = LINE ( 'NONE', #610, #856 ) ;
#1202 = LINE ( 'NONE', #1211, #1281 ) ;
#1203 = VECTOR ( 'NONE', #1494, 100.0000000000000000 ) ;
#1204 = AXIS2_PLACEMENT_3D ( 'NONE', #1301, #1687, #1453 ) ;
#1205 = ORIENTED_EDGE ( 'NONE', *, *, #1676, .T. ) ;
#1206 = CARTESIAN_POINT ( 'NONE',  ( 29.05139209007197110, -18.60000000000000142, 5.640000000000005009 ) ) ;
#1207 = ORIENTED_EDGE ( 'NONE', *, *, #681, .F. ) ;
#1208 = EDGE_CURVE ( 'NONE', #205, #920, #307, .T. ) ;
#1209 = CARTESIAN_POINT ( 'NONE',  ( 23.45999999999999730, 9.400000000000005684, 11.72999999999999865 ) ) ;
#1210 = CARTESIAN_POINT ( 'NONE',  ( 0.000000000000000000, -1.219999999999998863, 5.019999999999997797 ) ) ;
#1211 = CARTESIAN_POINT ( 'NONE',  ( 29.87509110692953485, -0.6000000000000005329, 4.808015486617218670 ) ) ;
#1212 = DIRECTION ( 'NONE',  ( -1.394752543498940254E-15, -1.000000000000000000, 0.000000000000000000 ) ) ;
#1213 = FACE_OUTER_BOUND ( 'NONE', #438, .T. ) ;
#1214 = EDGE_LOOP ( 'NONE', ( #1129, #1259, #1837, #1443, #1043 ) ) ;
#1215 = PLANE ( 'NONE',  #936 ) ;
#1216 = ADVANCED_FACE ( 'NONE', ( #158 ), #335, .T. ) ;
#1217 = LINE ( 'NONE', #533, #941 ) ;
#1218 = DIRECTION ( 'NONE',  ( -4.770334648313475045E-16, -0.3420201433256678802, -0.9396926207859087610 ) ) ;
#1219 = EDGE_CURVE ( 'NONE', #476, #839, #1198, .T. ) ;
#1220 = VECTOR ( 'NONE', #1689, 100.0000000000000142 ) ;
#1221 = LINE ( 'NONE', #512, #963 ) ;
#1222 = VECTOR ( 'NONE', #1125, 100.0000000000000000 ) ;
#1223 = EDGE_CURVE ( 'NONE', #881, #54, #1061, .T. ) ;
#1224 = CARTESIAN_POINT ( 'NONE',  ( 0.000000000000000000, -1.319999999999998952, 0.1000000000000000056 ) ) ;
#1225 = VERTEX_POINT ( 'NONE', #1297 ) ;
#1226 = CARTESIAN_POINT ( 'NONE',  ( 29.04597365997205571, -0.5999999999999949818, -6.041618404611488025 ) ) ;
#1227 = CARTESIAN_POINT ( 'NONE',  ( 35.08999999999999631, -3.329999999999991189, 0.000000000000000000 ) ) ;
#1228 = DIRECTION ( 'NONE',  ( 0.000000000000000000, 1.000000000000000000, 0.000000000000000000 ) ) ;
#1229 = EDGE_CURVE ( 'NONE', #1266, #218, #457, .T. ) ;
#1230 = DIRECTION ( 'NONE',  ( 0.000000000000000000, -1.000000000000000000, 0.000000000000000000 ) ) ;
#1231 = AXIS2_PLACEMENT_3D ( 'NONE', #1154, #1137, #291 ) ;
#1232 = EDGE_LOOP ( 'NONE', ( #1169, #284, #46, #1458 ) ) ;
#1233 = DIRECTION ( 'NONE',  ( -0.7071067811865475727, -0.000000000000000000, -0.7071067811865475727 ) ) ;
#1234 = EDGE_LOOP ( 'NONE', ( #1400, #57, #1000, #1749 ) ) ;
#1235 = LINE ( 'NONE', #805, #817 ) ;
#1236 = DIRECTION ( 'NONE',  ( 1.394752543498940254E-15, -1.000000000000000000, 0.000000000000000000 ) ) ;
#1237 = DIRECTION ( 'NONE',  ( -1.000000000000000000, 0.000000000000000000, 0.000000000000000000 ) ) ;
#1238 = ORIENTED_EDGE ( 'NONE', *, *, #107, .T. ) ;
#1239 = CARTESIAN_POINT ( 'NONE',  ( 36.07000000000001450, -16.96999999999999886, 8.534540262172289005 ) ) ;
#1240 = EDGE_CURVE ( 'NONE', #218, #839, #1031, .T. ) ;
#1241 = VERTEX_POINT ( 'NONE', #1159 ) ;
#1242 = EDGE_LOOP ( 'NONE', ( #344, #747, #1827, #1647, #1139, #379, #1029, #1562, #418, #267, #1701, #970, #984, #851, #1398, #362, #157, #1256, #1682, #568, #1282, #1123, #860, #27 ) ) ;
#1243 = DIRECTION ( 'NONE',  ( -0.2302529551604794722, 0.000000000000000000, 0.9731308116794300522 ) ) ;
#1244 = CIRCLE ( 'NONE', #1334, 0.3050000000000159250 ) ;
#1245 = CARTESIAN_POINT ( 'NONE',  ( 16.99000000000000554, -16.08999999999999986, 0.000000000000000000 ) ) ;
#1246 = DIRECTION ( 'NONE',  ( 1.000000000000000000, 0.000000000000000000, 0.000000000000000000 ) ) ;
#1247 = LINE ( 'NONE', #827, #393 ) ;
#1248 = ORIENTED_EDGE ( 'NONE', *, *, #1771, .F. ) ;
#1249 = AXIS2_PLACEMENT_3D ( 'NONE', #229, #1128, #1083 ) ;
#1250 = ORIENTED_EDGE ( 'NONE', *, *, #499, .T. ) ;
#1251 = EDGE_CURVE ( 'NONE', #406, #398, #890, .T. ) ;
#1252 = LINE ( 'NONE', #135, #895 ) ;
#1253 = CARTESIAN_POINT ( 'NONE',  ( 17.09000000000000341, -3.209999999999987974, 12.63499999999999979 ) ) ;
#1254 = FACE_OUTER_BOUND ( 'NONE', #999, .T. ) ;
#1255 = FACE_OUTER_BOUND ( 'NONE', #1438, .T. ) ;
#1256 = ORIENTED_EDGE ( 'NONE', *, *, #1072, .F. ) ;
#1257 = ORIENTED_EDGE ( 'NONE', *, *, #1608, .T. ) ;
#1258 = CARTESIAN_POINT ( 'NONE',  ( 29.82256724313568697, -1.210000000000006626, 5.029999999999990479 ) ) ;
#1259 = ORIENTED_EDGE ( 'NONE', *, *, #479, .T. ) ;
#1260 = EDGE_CURVE ( 'NONE', #318, #1488, #139, .T. ) ;
#1261 = AXIS2_PLACEMENT_3D ( 'NONE', #609, #168, #741 ) ;
#1262 = LINE ( 'NONE', #580, #1361 ) ;
#1263 =( LENGTH_UNIT ( ) NAMED_UNIT ( * ) SI_UNIT ( .CENTI., .METRE. ) );
#1264 = PLANE ( 'NONE',  #1559 ) ;
#1265 = FACE_OUTER_BOUND ( 'NONE', #435, .T. ) ;
#1266 = VERTEX_POINT ( 'NONE', #655 ) ;
#1267 = ORIENTED_EDGE ( 'NONE', *, *, #558, .F. ) ;
#1268 = COLOUR_RGB ( '',0.7921568627450980005, 0.8196078431372548767, 0.9333333333333333481 ) ;
#1269 = CARTESIAN_POINT ( 'NONE',  ( 29.67823484613193941, -0.6000000000000005329, 5.640000000000002345 ) ) ;
#1270 = ORIENTED_EDGE ( 'NONE', *, *, #200, .T. ) ;
#1271 = DIRECTION ( 'NONE',  ( -0.5773502691896257311, 0.5773502691896257311, -0.5773502691896257311 ) ) ;
#1272 = CARTESIAN_POINT ( 'NONE',  ( 30.50566987749120429, -0.5999999999999949818, -5.696238971870767998 ) ) ;
#1273 = ADVANCED_FACE ( 'NONE', ( #414 ), #1487, .T. ) ;
#1274 = FACE_OUTER_BOUND ( 'NONE', #1819, .T. ) ;
#1275 = ORIENTED_EDGE ( 'NONE', *, *, #463, .T. ) ;
#1276 = ORIENTED_EDGE ( 'NONE', *, *, #1423, .T. ) ;
#1277 = EDGE_CURVE ( 'NONE', #1595, #322, #1372, .T. ) ;
#1278 = ORIENTED_EDGE ( 'NONE', *, *, #1150, .F. ) ;
#1279 = VECTOR ( 'NONE', #1758, 100.0000000000000000 ) ;
#1280 = LINE ( 'NONE', #570, #1807 ) ;
#1281 = VECTOR ( 'NONE', #642, 100.0000000000000142 ) ;
#1282 = ORIENTED_EDGE ( 'NONE', *, *, #200, .F. ) ;
#1283 = DIRECTION ( 'NONE',  ( -1.394752543498940254E-15, -1.000000000000000000, 0.000000000000000000 ) ) ;
#1284 = CARTESIAN_POINT ( 'NONE',  ( 34.07000000000000028, -17.98000000000000043, 5.020000000000000462 ) ) ;
#1285 = ADVANCED_FACE ( 'NONE', ( #1077 ), #934, .F. ) ;
#1286 = ORIENTED_EDGE ( 'NONE', *, *, #147, .T. ) ;
#1287 = ORIENTED_EDGE ( 'NONE', *, *, #1636, .F. ) ;
#1288 = LINE ( 'NONE', #1408, #862 ) ;
#1289 = VECTOR ( 'NONE', #543, 100.0000000000000000 ) ;
#1290 = CARTESIAN_POINT ( 'NONE',  ( 16.11000000000000298, -3.209999999999987974, 12.63499999999999979 ) ) ;
#1291 = CARTESIAN_POINT ( 'NONE',  ( 29.05139209007197110, -0.6000000000000005329, 5.640000000000002345 ) ) ;
#1292 = DIRECTION ( 'NONE',  ( -0.9731308116794301633, 0.000000000000000000, -0.2302529551604787506 ) ) ;
#1293 = AXIS2_PLACEMENT_3D ( 'NONE', #1424, #432, #1026 ) ;
#1294 = ORIENTED_EDGE ( 'NONE', *, *, #1366, .F. ) ;
#1295 = EDGE_CURVE ( 'NONE', #1567, #1486, #1353, .T. ) ;
#1296 = EDGE_LOOP ( 'NONE', ( #1248, #954 ) ) ;
#1297 = CARTESIAN_POINT ( 'NONE',  ( 35.08999999999999631, -16.96999999999999886, 0.1000000000000056399 ) ) ;
#1298 = ADVANCED_FACE ( 'NONE', ( #1213 ), #927, .F. ) ;
#1299 = ORIENTED_EDGE ( 'NONE', *, *, #1052, .T. ) ;
#1300 = CARTESIAN_POINT ( 'NONE',  ( 0.000000000000000000, 0.000000000000000000, 6.240000000000009095 ) ) ;
#1301 = CARTESIAN_POINT ( 'NONE',  ( 0.000000000000000000, 0.000000000000000000, 0.000000000000000000 ) ) ;
#1302 =( BOUNDED_CURVE ( )  B_SPLINE_CURVE ( 3, ( #368, #85, #976, #1661 ),
 .UNSPECIFIED., .F., .T. ) 
 B_SPLINE_CURVE_WITH_KNOTS ( ( 4, 4 ),
 ( 1.797104947649393880, 4.938697601239184110 ),
 .UNSPECIFIED. ) 
 CURVE ( )  GEOMETRIC_REPRESENTATION_ITEM ( )  RATIONAL_B_SPLINE_CURVE ( ( 1.000000000000000000, 0.3333333333333342585, 0.3333333333333342585, 1.000000000000000000 ) ) 
 REPRESENTATION_ITEM ( '' )  );
#1303 = EDGE_CURVE ( 'NONE', #775, #1530, #637, .T. ) ;
#1304 = CARTESIAN_POINT ( 'NONE',  ( 27.36564307980600930, -19.21000000000003638, 6.250000000000045297 ) ) ;
#1305 = CARTESIAN_POINT ( 'NONE',  ( 26.45106922260379534, 0.01000000000003663063, 6.250000000000044409 ) ) ;
#1306 = ORIENTED_EDGE ( 'NONE', *, *, #1223, .F. ) ;
#1307 = ORIENTED_EDGE ( 'NONE', *, *, #147, .F. ) ;
#1308 = DIRECTION ( 'NONE',  ( 0.000000000000000000, -0.7071067811865436870, -0.7071067811865513475 ) ) ;
#1309 = ORIENTED_EDGE ( 'NONE', *, *, #389, .T. ) ;
#1310 = VECTOR ( 'NONE', #1514, 100.0000000000000000 ) ;
#1311 = ADVANCED_FACE ( 'NONE', ( #1785 ), #220, .T. ) ;
#1312 = FACE_OUTER_BOUND ( 'NONE', #736, .T. ) ;
#1313 = VECTOR ( 'NONE', #720, 100.0000000000000000 ) ;
#1314 = FACE_OUTER_BOUND ( 'NONE', #1033, .T. ) ;
#1315 = CARTESIAN_POINT ( 'NONE',  ( 18.21000000000000085, -2.109999999999989662, 0.000000000000000000 ) ) ;
#1316 = ORIENTED_EDGE ( 'NONE', *, *, #358, .F. ) ;
#1317 = EDGE_LOOP ( 'NONE', ( #114, #380, #30, #1388 ) ) ;
#1318 = PLANE ( 'NONE',  #563 ) ;
#1319 = ORIENTED_EDGE ( 'NONE', *, *, #762, .F. ) ;
#1320 = CARTESIAN_POINT ( 'NONE',  ( 34.07000000000000028, -15.97000000000000064, 8.061319288389512394 ) ) ;
#1321 = EDGE_CURVE ( 'NONE', #1569, #764, #794, .T. ) ;
#1322 = LINE ( 'NONE', #632, #1485 ) ;
#1323 = CARTESIAN_POINT ( 'NONE',  ( 35.08999999999999631, -16.86999999999999389, 0.000000000000000000 ) ) ;
#1324 = VECTOR ( 'NONE', #1347, 100.0000000000000000 ) ;
#1325 = ORIENTED_EDGE ( 'NONE', *, *, #1476, .F. ) ;
#1326 = ORIENTED_EDGE ( 'NONE', *, *, #164, .F. ) ;
#1327 = FACE_BOUND ( 'NONE', #1296, .T. ) ;
#1328 = ORIENTED_EDGE ( 'NONE', *, *, #1448, .F. ) ;
#1329 = DIRECTION ( 'NONE',  ( -0.2302529551604794444, 0.000000000000000000, 0.9731308116794299412 ) ) ;
#1330 = CARTESIAN_POINT ( 'NONE',  ( 33.96999999999999176, -17.88000000000000256, 0.000000000000000000 ) ) ;
#1331 = LINE ( 'NONE', #77, #1049 ) ;
#1332 = ADVANCED_FACE ( 'NONE', ( #65 ), #496, .T. ) ;
#1333 = ORIENTED_EDGE ( 'NONE', *, *, #1387, .T. ) ;
#1334 = AXIS2_PLACEMENT_3D ( 'NONE', #62, #181, #781 ) ;
#1335 = ORIENTED_EDGE ( 'NONE', *, *, #972, .T. ) ;
#1336 = DIRECTION ( 'NONE',  ( 0.9731308116794299412, 0.000000000000000000, 0.2302529551604793612 ) ) ;
#1337 = EDGE_CURVE ( 'NONE', #1062, #1703, #1646, .T. ) ;
#1338 = ORIENTED_EDGE ( 'NONE', *, *, #1064, .F. ) ;
#1339 = LINE ( 'NONE', #921, #1733 ) ;
#1340 = DIRECTION ( 'NONE',  ( -0.2302529551604794167, 0.000000000000000000, 0.9731308116794300522 ) ) ;
#1341 = VECTOR ( 'NONE', #919, 100.0000000000000142 ) ;
#1342 = CARTESIAN_POINT ( 'NONE',  ( 34.07000000000000028, -1.219999999999998863, 0.3747477419454632308 ) ) ;
#1343 = ORIENTED_EDGE ( 'NONE', *, *, #554, .F. ) ;
#1344 = ADVANCED_FACE ( 'NONE', ( #1118 ), #555, .F. ) ;
#1345 = CARTESIAN_POINT ( 'NONE',  ( 35.08999999999999631, -2.229999999999987548, 0.1000000000000056399 ) ) ;
#1346 = EDGE_LOOP ( 'NONE', ( #756, #304, #144, #1267 ) ) ;
#1347 = DIRECTION ( 'NONE',  ( 1.000000000000000000, 0.000000000000000000, 0.000000000000000000 ) ) ;
#1348 = DIRECTION ( 'NONE',  ( -0.9731308116794302743, 0.000000000000000000, -0.2302529551604782787 ) ) ;
#1349 = PLANE ( 'NONE',  #235 ) ;
#1350 =( BOUNDED_CURVE ( )  B_SPLINE_CURVE ( 3, ( #365, #1375, #385, #938 ),
 .UNSPECIFIED., .F., .T. ) 
 B_SPLINE_CURVE_WITH_KNOTS ( ( 4, 4 ),
 ( 1.797104947649392326, 4.938697601239184998 ),
 .UNSPECIFIED. ) 
 CURVE ( )  GEOMETRIC_REPRESENTATION_ITEM ( )  RATIONAL_B_SPLINE_CURVE ( ( 1.000000000000000000, 0.3333333333333335369, 0.3333333333333335369, 1.000000000000000000 ) ) 
 REPRESENTATION_ITEM ( '' )  );
#1351 = ORIENTED_EDGE ( 'NONE', *, *, #490, .T. ) ;
#1352 = EDGE_CURVE ( 'NONE', #1266, #889, #264, .T. ) ;
#1353 = LINE ( 'NONE', #203, #926 ) ;
#1354 = ORIENTED_EDGE ( 'NONE', *, *, #868, .T. ) ;
#1355 = DIRECTION ( 'NONE',  ( 0.000000000000000000, -0.9396926207859087610, 0.3420201433256678802 ) ) ;
#1356 = VERTEX_POINT ( 'NONE', #1206 ) ;
#1357 = CARTESIAN_POINT ( 'NONE',  ( 27.90883838805734385, -18.60000000000000497, 6.603523839571251663 ) ) ;
#1358 = FACE_OUTER_BOUND ( 'NONE', #455, .T. ) ;
#1359 = ORIENTED_EDGE ( 'NONE', *, *, #164, .T. ) ;
#1360 = ADVANCED_FACE ( 'NONE', ( #1265 ), #361, .T. ) ;
#1361 = VECTOR ( 'NONE', #1271, 100.0000000000000000 ) ;
#1362 = CARTESIAN_POINT ( 'NONE',  ( 0.000000000000000000, -2.109999999999989662, 0.000000000000000000 ) ) ;
#1363 = CARTESIAN_POINT ( 'NONE',  ( 0.000000000000000000, -1.219999999999998863, 0.000000000000000000 ) ) ;
#1364 = ORIENTED_EDGE ( 'NONE', *, *, #535, .T. ) ;
#1365 = CARTESIAN_POINT ( 'NONE',  ( 18.10999999999999943, -2.209999999999989750, 0.09999999999999731326 ) ) ;
#1366 = EDGE_CURVE ( 'NONE', #1389, #1595, #784, .T. ) ;
#1367 = CARTESIAN_POINT ( 'NONE',  ( 16.11000000000000654, -15.99000000000000199, 3.811794943820227655 ) ) ;
#1368 = VECTOR ( 'NONE', #292, 100.0000000000000000 ) ;
#1369 = DIRECTION ( 'NONE',  ( 0.000000000000000000, 0.000000000000000000, -1.000000000000000000 ) ) ;
#1370 = VECTOR ( 'NONE', #1483, 100.0000000000000000 ) ;
#1371 = ORIENTED_EDGE ( 'NONE', *, *, #1782, .T. ) ;
#1372 = LINE ( 'NONE', #1068, #1690 ) ;
#1373 = ORIENTED_EDGE ( 'NONE', *, *, #1240, .T. ) ;
#1374 = DIRECTION ( 'NONE',  ( 0.000000000000000000, 0.7071067811865475727, -0.7071067811865475727 ) ) ;
#1375 = CARTESIAN_POINT ( 'NONE',  ( 29.82256724313568697, -17.98999999999999488, 5.029999999999993143 ) ) ;
#1376 = EDGE_CURVE ( 'NONE', #322, #406, #1155, .T. ) ;
#1377 = DIRECTION ( 'NONE',  ( 0.7071067811865475727, 0.000000000000000000, -0.7071067811865475727 ) ) ;
#1378 = FACE_OUTER_BOUND ( 'NONE', #1141, .T. ) ;
#1379 = AXIS2_PLACEMENT_3D ( 'NONE', #932, #201, #773 ) ;
#1380 = PRODUCT_DEFINITION_FORMATION_WITH_SPECIFIED_SOURCE ( 'ANY', '', #865, .NOT_KNOWN. ) ;
#1381 = CIRCLE ( 'NONE', #755, 0.3050000000000044897 ) ;
#1382 = ORIENTED_EDGE ( 'NONE', *, *, #1570, .F. ) ;
#1383 = CARTESIAN_POINT ( 'NONE',  ( 29.05139209007197110, -18.60000000000000142, 5.640000000000005009 ) ) ;
#1384 = DIRECTION ( 'NONE',  ( 1.000000000000000000, 0.000000000000000000, 0.000000000000000000 ) ) ;
#1385 = DIRECTION ( 'NONE',  ( 0.000000000000000000, -1.000000000000000000, 0.000000000000000000 ) ) ;
#1386 = LINE ( 'NONE', #237, #1617 ) ;
#1387 = EDGE_CURVE ( 'NONE', #1579, #1531, #1584, .T. ) ;
#1388 = ORIENTED_EDGE ( 'NONE', *, *, #1321, .F. ) ;
#1389 = VERTEX_POINT ( 'NONE', #153 ) ;
#1390 = DIRECTION ( 'NONE',  ( 0.000000000000000000, 1.000000000000000000, 0.000000000000000000 ) ) ;
#1391 = EDGE_LOOP ( 'NONE', ( #1373, #918, #1414, #1740 ) ) ;
#1392 = DIRECTION ( 'NONE',  ( -0.9731308116794301633, 0.000000000000000000, -0.2302529551604787506 ) ) ;
#1393 = CARTESIAN_POINT ( 'NONE',  ( 0.000000000000000000, -17.98000000000000043, 0.3747477419454632308 ) ) ;
#1394 = DIRECTION ( 'NONE',  ( 0.2302529551604794444, 0.000000000000000000, -0.9731308116794300522 ) ) ;
#1395 = ORIENTED_EDGE ( 'NONE', *, *, #1126, .T. ) ;
#1396 = VECTOR ( 'NONE', #1122, 100.0000000000000142 ) ;
#1397 = EDGE_CURVE ( 'NONE', #1524, #17, #162, .T. ) ;
#1398 = ORIENTED_EDGE ( 'NONE', *, *, #966, .T. ) ;
#1399 = DIRECTION ( 'NONE',  ( -0.5773502691896319483, -0.5773502691896306160, 0.5773502691896146288 ) ) ;
#1400 = ORIENTED_EDGE ( 'NONE', *, *, #540, .F. ) ;
#1401 = VERTEX_POINT ( 'NONE', #303 ) ;
#1402 = DIRECTION ( 'NONE',  ( 1.000000000000000000, 0.000000000000000000, 0.000000000000000000 ) ) ;
#1403 = CARTESIAN_POINT ( 'NONE',  ( 35.08999999999999631, -16.96999999999999886, 12.63499999999999979 ) ) ;
#1404 = LINE ( 'NONE', #1784, #724 ) ;
#1405 = DIRECTION ( 'NONE',  ( 0.000000000000000000, 0.000000000000000000, -1.000000000000000000 ) ) ;
#1406 = ORIENTED_EDGE ( 'NONE', *, *, #243, .F. ) ;
#1407 = ORIENTED_EDGE ( 'NONE', *, *, #256, .F. ) ;
#1408 = CARTESIAN_POINT ( 'NONE',  ( 23.97999999999999687, -4.879999999999993676, -11.98999999999999844 ) ) ;
#1409 = ORIENTED_EDGE ( 'NONE', *, *, #479, .F. ) ;
#1410 = CARTESIAN_POINT ( 'NONE',  ( 34.07000000000000028, 1.665334536937734811E-14, 12.63499999999999979 ) ) ;
#1411 = CYLINDRICAL_SURFACE ( 'NONE', #245, 0.3050000000000159250 ) ;
#1412 = FACE_OUTER_BOUND ( 'NONE', #1093, .T. ) ;
#1413 = EDGE_CURVE ( 'NONE', #175, #1800, #1419, .T. ) ;
#1414 = ORIENTED_EDGE ( 'NONE', *, *, #1352, .F. ) ;
#1415 = VERTEX_POINT ( 'NONE', #1436 ) ;
#1416 =( GEOMETRIC_REPRESENTATION_CONTEXT ( 3 ) GLOBAL_UNCERTAINTY_ASSIGNED_CONTEXT ( ( #1076 ) ) GLOBAL_UNIT_ASSIGNED_CONTEXT ( ( #1444, #1553, #995 ) ) REPRESENTATION_CONTEXT ( 'NONE', 'WORKASPACE' ) );
#1417 = DIRECTION ( 'NONE',  ( 0.000000000000000000, -1.000000000000000000, 0.000000000000000000 ) ) ;
#1418 = ORIENTED_EDGE ( 'NONE', *, *, #1765, .F. ) ;
#1419 =( BOUNDED_CURVE ( )  B_SPLINE_CURVE ( 3, ( #1592, #1446, #875, #704 ),
 .UNSPECIFIED., .F., .T. ) 
 B_SPLINE_CURVE_WITH_KNOTS ( ( 4, 4 ),
 ( 4.938697601239183221, 8.080290254828980778 ),
 .UNSPECIFIED. ) 
 CURVE ( )  GEOMETRIC_REPRESENTATION_ITEM ( )  RATIONAL_B_SPLINE_CURVE ( ( 1.000000000000000000, 0.3333333333333318715, 0.3333333333333318715, 1.000000000000000000 ) ) 
 REPRESENTATION_ITEM ( '' )  );
#1420 = FACE_OUTER_BOUND ( 'NONE', #1214, .T. ) ;
#1421 = LINE ( 'NONE', #723, #1222 ) ;
#1422 = VECTOR ( 'NONE', #198, 100.0000000000000000 ) ;
#1423 = EDGE_CURVE ( 'NONE', #1623, #408, #953, .T. ) ;
#1424 = CARTESIAN_POINT ( 'NONE',  ( 35.08999999999999631, -2.229999999999987548, 12.63499999999999979 ) ) ;
#1425 = LINE ( 'NONE', #25, #384 ) ;
#1426 = VERTEX_POINT ( 'NONE', #1007 ) ;
#1427 = ORIENTED_EDGE ( 'NONE', *, *, #639, .T. ) ;
#1428 = VECTOR ( 'NONE', #1, 100.0000000000000142 ) ;
#1429 = CARTESIAN_POINT ( 'NONE',  ( 29.05139209007197110, -0.6000000000000005329, 5.640000000000002345 ) ) ;
#1430 = VECTOR ( 'NONE', #169, 100.0000000000000142 ) ;
#1431 = ORIENTED_EDGE ( 'NONE', *, *, #676, .F. ) ;
#1432 = PLANE ( 'NONE',  #614 ) ;
#1433 = PLANE ( 'NONE',  #61 ) ;
#1434 = ADVANCED_FACE ( 'NONE', ( #1274 ), #735, .T. ) ;
#1435 = LINE ( 'NONE', #854, #1790 ) ;
#1436 = CARTESIAN_POINT ( 'NONE',  ( 16.99000000000000199, -2.109999999999989662, 0.000000000000000000 ) ) ;
#1437 = EDGE_CURVE ( 'NONE', #425, #600, #334, .T. ) ;
#1438 = EDGE_LOOP ( 'NONE', ( #1418, #944, #1427, #1512 ) ) ;
#1439 = VERTEX_POINT ( 'NONE', #1175 ) ;
#1440 = DIRECTION ( 'NONE',  ( 0.000000000000000000, 1.000000000000000000, -0.000000000000000000 ) ) ;
#1441 = VECTOR ( 'NONE', #192, 100.0000000000000000 ) ;
#1442 = ADVANCED_FACE ( 'NONE', ( #574 ), #16, .T. ) ;
#1443 = ORIENTED_EDGE ( 'NONE', *, *, #53, .F. ) ;
#1444 =( LENGTH_UNIT ( ) NAMED_UNIT ( * ) SI_UNIT ( .CENTI., .METRE. ) );
#1445 = DIRECTION ( 'NONE',  ( -0.7071067811865373587, 9.862389815852716178E-16, -0.7071067811865576758 ) ) ;
#1446 = CARTESIAN_POINT ( 'NONE',  ( 25.82422646654380927, -19.21000000000003638, 6.250000000000048850 ) ) ;
#1447 = ORIENTED_EDGE ( 'NONE', *, *, #772, .F. ) ;
#1448 = EDGE_CURVE ( 'NONE', #942, #881, #1425, .T. ) ;
#1449 = ORIENTED_EDGE ( 'NONE', *, *, #796, .F. ) ;
#1450 = DIRECTION ( 'NONE',  ( 1.394752543498940254E-15, 1.000000000000000000, 0.000000000000000000 ) ) ;
#1451 = ORIENTED_EDGE ( 'NONE', *, *, #785, .T. ) ;
#1452 = DIRECTION ( 'NONE',  ( -0.2302529551604794722, 0.000000000000000000, 0.9731308116794300522 ) ) ;
#1453 = DIRECTION ( 'NONE',  ( 1.000000000000000000, 0.000000000000000000, 0.000000000000000000 ) ) ;
#1454 = CARTESIAN_POINT ( 'NONE',  ( 34.07000000000000028, -15.97000000000000064, 12.63499999999999979 ) ) ;
#1455 = CARTESIAN_POINT ( 'NONE',  ( 34.07000000000000028, -17.98000000000000043, 0.3747477419454636749 ) ) ;
#1456 = VERTEX_POINT ( 'NONE', #998 ) ;
#1457 = VECTOR ( 'NONE', #210, 100.0000000000000000 ) ;
#1458 = ORIENTED_EDGE ( 'NONE', *, *, #1746, .F. ) ;
#1459 = EDGE_CURVE ( 'NONE', #434, #1567, #172, .T. ) ;
#1460 = DIRECTION ( 'NONE',  ( 0.000000000000000000, -0.7071067811865513475, 0.7071067811865436870 ) ) ;
#1461 = ORIENTED_EDGE ( 'NONE', *, *, #1625, .F. ) ;
#1462 = VECTOR ( 'NONE', #166, 100.0000000000000000 ) ;
#1463 = CARTESIAN_POINT ( 'NONE',  ( 17.09000000000000341, -2.209999999999989750, 12.63499999999999979 ) ) ;
#1464 = VECTOR ( 'NONE', #281, 100.0000000000000000 ) ;
#1465 = CARTESIAN_POINT ( 'NONE',  ( 28.74916876240981622, -0.5999999999999949818, -6.111845555935437879 ) ) ;
#1466 = LINE ( 'NONE', #216, #176 ) ;
#1467 = ORIENTED_EDGE ( 'NONE', *, *, #785, .F. ) ;
#1468 = EDGE_LOOP ( 'NONE', ( #1621, #1190 ) ) ;
#1469 = CARTESIAN_POINT ( 'NONE',  ( 16.99000000000000554, -19.19999999999999929, 0.000000000000000000 ) ) ;
#1470 = VERTEX_POINT ( 'NONE', #1455 ) ;
#1471 = CARTESIAN_POINT ( 'NONE',  ( 35.08999999999999631, -2.229999999999987548, 0.1000000000000056399 ) ) ;
#1472 = AXIS2_PLACEMENT_3D ( 'NONE', #492, #1340, #1348 ) ;
#1473 = CYLINDRICAL_SURFACE ( 'NONE', #1472, 0.3050000000000044897 ) ;
#1474 = CARTESIAN_POINT ( 'NONE',  ( 34.07000000000000028, -19.19999999999999929, 8.061319288389512394 ) ) ;
#1475 = LINE ( 'NONE', #1058, #1762 ) ;
#1476 = EDGE_CURVE ( 'NONE', #1712, #1794, #1728, .T. ) ;
#1477 = ORIENTED_EDGE ( 'NONE', *, *, #1725, .T. ) ;
#1478 = DIRECTION ( 'NONE',  ( -1.000000000000000000, 0.000000000000000000, 0.000000000000000000 ) ) ;
#1479 = VERTEX_POINT ( 'NONE', #283 ) ;
#1480 = CARTESIAN_POINT ( 'NONE',  ( 35.19000000000000483, -2.229999999999987548, 0.000000000000000000 ) ) ;
#1481 = LINE ( 'NONE', #621, #527 ) ;
#1482 = EDGE_CURVE ( 'NONE', #434, #1148, #1566, .T. ) ;
#1483 = DIRECTION ( 'NONE',  ( 0.000000000000000000, 1.000000000000000000, 0.000000000000000000 ) ) ;
#1484 = DIRECTION ( 'NONE',  ( 1.000000000000000000, 0.000000000000000000, 0.000000000000000000 ) ) ;
#1485 = VECTOR ( 'NONE', #922, 100.0000000000000000 ) ;
#1486 = VERTEX_POINT ( 'NONE', #1315 ) ;
#1487 = PLANE ( 'NONE',  #1545 ) ;
#1488 = VERTEX_POINT ( 'NONE', #35 ) ;
#1489 = DIRECTION ( 'NONE',  ( -0.2302529551604794444, 0.000000000000000000, 0.9731308116794299412 ) ) ;
#1490 = CARTESIAN_POINT ( 'NONE',  ( 34.07000000000000028, -1.219999999999998863, 0.3747477419454636749 ) ) ;
#1491 = VECTOR ( 'NONE', #5, 100.0000000000000000 ) ;
#1492 = CARTESIAN_POINT ( 'NONE',  ( 16.11000000000000298, -3.209999999999987974, 3.811794943820226322 ) ) ;
#1493 = EDGE_CURVE ( 'NONE', #529, #202, #604, .T. ) ;
#1494 = DIRECTION ( 'NONE',  ( -1.000000000000000000, 0.000000000000000000, 0.000000000000000000 ) ) ;
#1495 = CARTESIAN_POINT ( 'NONE',  ( 28.13681823286975359, -18.60000000000000497, 5.640000000000008562 ) ) ;
#1496 = VERTEX_POINT ( 'NONE', #1284 ) ;
#1497 = PLANE ( 'NONE',  #23 ) ;
#1498 = ADVANCED_FACE ( 'NONE', ( #855 ), #1708, .F. ) ;
#1499 = DIRECTION ( 'NONE',  ( 0.000000000000000000, 1.000000000000000000, 0.000000000000000000 ) ) ;
#1500 = CARTESIAN_POINT ( 'NONE',  ( 16.11000000000000654, -1.220000000000001528, 0.3747477419454560144 ) ) ;
#1501 = CARTESIAN_POINT ( 'NONE',  ( 16.11000000000000654, -1.219999999999987761, 12.63499999999999979 ) ) ;
#1502 = VECTOR ( 'NONE', #22, 100.0000000000000000 ) ;
#1503 = CARTESIAN_POINT ( 'NONE',  ( 0.000000000000000000, -17.88000000000000256, 0.1000000000000000056 ) ) ;
#1504 = ADVANCED_FACE ( 'NONE', ( #1412 ), #1184, .F. ) ;
#1505 = ORIENTED_EDGE ( 'NONE', *, *, #1746, .T. ) ;
#1506 = FACE_OUTER_BOUND ( 'NONE', #1158, .T. ) ;
#1507 = PRODUCT_DEFINITION ( 'UNKNOWN', '', #1380, #646 ) ;
#1508 = CARTESIAN_POINT ( 'NONE',  ( 34.07000000000000028, -1.319999999999998952, 0.1000000000000056399 ) ) ;
#1509 = PLANE ( 'NONE',  #1752 ) ;
#1510 = VECTOR ( 'NONE', #651, 100.0000000000000000 ) ;
#1511 = CARTESIAN_POINT ( 'NONE',  ( 36.07000000000000028, -19.19999999999999929, 8.534540262172285452 ) ) ;
#1512 = ORIENTED_EDGE ( 'NONE', *, *, #233, .F. ) ;
#1513 = VECTOR ( 'NONE', #69, 100.0000000000000000 ) ;
#1514 = DIRECTION ( 'NONE',  ( 0.000000000000000000, 0.000000000000000000, 1.000000000000000000 ) ) ;
#1515 = ORIENTED_EDGE ( 'NONE', *, *, #1548, .F. ) ;
#1516 = EDGE_CURVE ( 'NONE', #578, #1178, #199, .T. ) ;
#1517 = DIRECTION ( 'NONE',  ( 0.7071067811865612285, 0.000000000000000000, -0.7071067811865339170 ) ) ;
#1518 = CARTESIAN_POINT ( 'NONE',  ( 27.61203349049510081, -0.5999999999999949818, 6.533296688247299144 ) ) ;
#1519 = DIRECTION ( 'NONE',  ( -0.9731308116794301633, 0.000000000000000000, -0.2302529551604787506 ) ) ;
#1520 = VECTOR ( 'NONE', #607, 100.0000000000000142 ) ;
#1521 = DIRECTION ( 'NONE',  ( -0.9731308116794301633, 0.000000000000000000, -0.2302529551604787506 ) ) ;
#1522 = APPLICATION_CONTEXT ( 'automotive_design' ) ;
#1523 = AXIS2_PLACEMENT_3D ( 'NONE', #1403, #1385, #1246 ) ;
#1524 = VERTEX_POINT ( 'NONE', #473 ) ;
#1525 = ORIENTED_EDGE ( 'NONE', *, *, #1702, .F. ) ;
#1526 = CARTESIAN_POINT ( 'NONE',  ( 35.08999999999999631, -16.96999999999999886, 0.1000000000000056399 ) ) ;
#1527 = CARTESIAN_POINT ( 'NONE',  ( 35.19000000000000483, -19.19999999999999929, 0.000000000000000000 ) ) ;
#1528 = CARTESIAN_POINT ( 'NONE',  ( 26.59540161960755000, -18.60000000000000497, 5.640000000000009450 ) ) ;
#1529 = CARTESIAN_POINT ( 'NONE',  ( 26.15233727297595578, -0.5999999999999949818, 6.187917255506579117 ) ) ;
#1530 = VERTEX_POINT ( 'NONE', #1492 ) ;
#1531 = VERTEX_POINT ( 'NONE', #1635 ) ;
#1532 = CARTESIAN_POINT ( 'NONE',  ( 18.11000000000000298, -16.98999999999999844, 0.09999999999999731326 ) ) ;
#1533 = CARTESIAN_POINT ( 'NONE',  ( 34.07000000000000028, -3.229999999999985771, 0.1000000000000056399 ) ) ;
#1534 = CARTESIAN_POINT ( 'NONE',  ( 34.07000000000000028, -19.20000000000000284, 12.63499999999999979 ) ) ;
#1535 = EDGE_CURVE ( 'NONE', #717, #324, #357, .T. ) ;
#1536 = FACE_BOUND ( 'NONE', #801, .T. ) ;
#1537 = EDGE_LOOP ( 'NONE', ( #514, #1637, #680, #1810 ) ) ;
#1538 = ORIENTED_EDGE ( 'NONE', *, *, #1544, .T. ) ;
#1539 = LINE ( 'NONE', #1151, #1015 ) ;
#1540 = DIRECTION ( 'NONE',  ( 0.2302529551604794444, 0.000000000000000000, -0.9731308116794300522 ) ) ;
#1541 = LINE ( 'NONE', #261, #955 ) ;
#1542 = DIRECTION ( 'NONE',  ( -0.000000000000000000, 1.000000000000000000, 0.000000000000000000 ) ) ;
#1543 = DIRECTION ( 'NONE',  ( -0.9731308116794302743, 0.000000000000000000, -0.2302529551604782787 ) ) ;
#1544 = EDGE_CURVE ( 'NONE', #322, #696, #622, .T. ) ;
#1545 = AXIS2_PLACEMENT_3D ( 'NONE', #352, #79, #943 ) ;
#1546 = EDGE_LOOP ( 'NONE', ( #2, #265, #1051, #613 ) ) ;
#1547 = VECTOR ( 'NONE', #321, 100.0000000000000000 ) ;
#1548 = EDGE_CURVE ( 'NONE', #391, #1470, #462, .T. ) ;
#1549 = ORIENTED_EDGE ( 'NONE', *, *, #868, .F. ) ;
#1550 = CARTESIAN_POINT ( 'NONE',  ( 34.07000000000000028, 1.665334536937734811E-14, 12.63499999999999979 ) ) ;
#1551 = ORIENTED_EDGE ( 'NONE', *, *, #86, .T. ) ;
#1552 = EDGE_CURVE ( 'NONE', #920, #1479, #1466, .T. ) ;
#1553 =( NAMED_UNIT ( * ) PLANE_ANGLE_UNIT ( ) SI_UNIT ( $, .RADIAN. ) );
#1554 = CARTESIAN_POINT ( 'NONE',  ( 33.96999999999999176, -1.319999999999998952, 0.000000000000000000 ) ) ;
#1555 = DIRECTION ( 'NONE',  ( -0.9731308116794302743, 0.000000000000000000, -0.2302529551604782787 ) ) ;
#1556 = CARTESIAN_POINT ( 'NONE',  ( 30.50566987749120429, -18.60000000000000497, -5.696238971870767998 ) ) ;
#1557 = ORIENTED_EDGE ( 'NONE', *, *, #290, .T. ) ;
#1558 = EDGE_LOOP ( 'NONE', ( #830, #753, #117 ) ) ;
#1559 = AXIS2_PLACEMENT_3D ( 'NONE', #413, #987, #272 ) ;
#1560 = EDGE_CURVE ( 'NONE', #1569, #136, #791, .T. ) ;
#1561 = CARTESIAN_POINT ( 'NONE',  ( 27.50997547680976041, -0.5999999999999949818, 5.640000000000007674 ) ) ;
#1562 = ORIENTED_EDGE ( 'NONE', *, *, #950, .F. ) ;
#1563 = VECTOR ( 'NONE', #450, 100.0000000000000000 ) ;
#1564 = LINE ( 'NONE', #581, #1464 ) ;
#1565 = PLANE ( 'NONE',  #815 ) ;
#1566 = LINE ( 'NONE', #716, #1634 ) ;
#1567 = VERTEX_POINT ( 'NONE', #906 ) ;
#1568 = LINE ( 'NONE', #708, #1834 ) ;
#1569 = VERTEX_POINT ( 'NONE', #52 ) ;
#1570 = EDGE_CURVE ( 'NONE', #405, #1496, #1048, .T. ) ;
#1571 = VECTOR ( 'NONE', #1065, 100.0000000000000000 ) ;
#1572 = CARTESIAN_POINT ( 'NONE',  ( 29.07172970801424938, -18.60000000000000142, 6.878676120988018283 ) ) ;
#1573 = CARTESIAN_POINT ( 'NONE',  ( 25.96855886354756393, -0.5999999999999949818, 5.640000000000006786 ) ) ;
#1574 = ORIENTED_EDGE ( 'NONE', *, *, #829, .F. ) ;
#1575 = EDGE_CURVE ( 'NONE', #942, #1099, #896, .T. ) ;
#1576 = ORIENTED_EDGE ( 'NONE', *, *, #1072, .T. ) ;
#1577 = AXIS2_PLACEMENT_3D ( 'NONE', #911, #1478, #628 ) ;
#1578 = CARTESIAN_POINT ( 'NONE',  ( 28.28115062987350825, -1.210000000000024833, 5.029999999999970939 ) ) ;
#1579 = VERTEX_POINT ( 'NONE', #771 ) ;
#1580 = FACE_OUTER_BOUND ( 'NONE', #1803, .T. ) ;
#1581 = DIRECTION ( 'NONE',  ( -0.7071067811865475727, -0.000000000000000000, -0.7071067811865475727 ) ) ;
#1582 = DIRECTION ( 'NONE',  ( -0.2302529551604794722, 0.000000000000000000, 0.9731308116794300522 ) ) ;
#1583 = EDGE_CURVE ( 'NONE', #719, #993, #182, .T. ) ;
#1584 = LINE ( 'NONE', #423, #1779 ) ;
#1585 = ORIENTED_EDGE ( 'NONE', *, *, #8, .T. ) ;
#1586 = EDGE_LOOP ( 'NONE', ( #1406, #1549 ) ) ;
#1587 = LINE ( 'NONE', #766, #774 ) ;
#1588 = ORIENTED_EDGE ( 'NONE', *, *, #1493, .T. ) ;
#1589 = DIRECTION ( 'NONE',  ( 0.000000000000000000, 0.000000000000000000, -1.000000000000000000 ) ) ;
#1590 = DIRECTION ( 'NONE',  ( -0.2302529551604794444, 0.000000000000000000, 0.9731308116794299412 ) ) ;
#1591 = DIRECTION ( 'NONE',  ( -0.2302529551604794444, 0.000000000000000000, 0.9731308116794300522 ) ) ;
#1592 = CARTESIAN_POINT ( 'NONE',  ( 25.96855886354755683, -18.60000000000000497, 5.640000000000009450 ) ) ;
#1593 = EDGE_CURVE ( 'NONE', #1755, #324, #1331, .T. ) ;
#1594 = ORIENTED_EDGE ( 'NONE', *, *, #1570, .T. ) ;
#1595 = VERTEX_POINT ( 'NONE', #44 ) ;
#1596 = CARTESIAN_POINT ( 'NONE',  ( 16.21000000000000441, -16.08999999999999986, 0.000000000000000000 ) ) ;
#1597 = PRESENTATION_LAYER_ASSIGNMENT (  '', '', ( #374 ) ) ;
#1598 = ORIENTED_EDGE ( 'NONE', *, *, #914, .T. ) ;
#1599 = LINE ( 'NONE', #760, #1028 ) ;
#1600 = DIRECTION ( 'NONE',  ( 0.5773502691896310601, -0.5773502691896310601, 0.5773502691896150729 ) ) ;
#1601 = ORIENTED_EDGE ( 'NONE', *, *, #12, .F. ) ;
#1602 = EDGE_LOOP ( 'NONE', ( #1538, #545, #1110, #1769, #1120 ) ) ;
#1603 = CARTESIAN_POINT ( 'NONE',  ( 0.000000000000000000, -17.88000000000000256, 0.000000000000000000 ) ) ;
#1604 = ORIENTED_EDGE ( 'NONE', *, *, #427, .T. ) ;
#1605 = VECTOR ( 'NONE', #370, 100.0000000000000000 ) ;
#1606 = LINE ( 'NONE', #329, #787 ) ;
#1607 = VECTOR ( 'NONE', #1194, 100.0000000000000000 ) ;
#1608 = EDGE_CURVE ( 'NONE', #1178, #674, #652, .T. ) ;
#1609 = DIRECTION ( 'NONE',  ( 0.000000000000000000, -1.000000000000000000, 0.000000000000000000 ) ) ;
#1610 = CARTESIAN_POINT ( 'NONE',  ( 30.34666666666666046, -7.953333333333330479, -5.623333333333334849 ) ) ;
#1611 = CARTESIAN_POINT ( 'NONE',  ( 0.000000000000000000, -1.319999999999998952, 0.1000000000000000056 ) ) ;
#1612 = ORIENTED_EDGE ( 'NONE', *, *, #1008, .F. ) ;
#1613 = CARTESIAN_POINT ( 'NONE',  ( 29.28148131180507363, -0.6000000000000005329, 4.667561183969325178 ) ) ;
#1614 = ORIENTED_EDGE ( 'NONE', *, *, #1040, .T. ) ;
#1615 = ADVANCED_FACE ( 'NONE', ( #63 ), #1627, .T. ) ;
#1616 = CARTESIAN_POINT ( 'NONE',  ( 0.000000000000000000, -2.329999999999992966, 0.000000000000000000 ) ) ;
#1617 = VECTOR ( 'NONE', #388, 100.0000000000000000 ) ;
#1618 = CARTESIAN_POINT ( 'NONE',  ( 34.07000000000000028, -1.219999999999998863, 5.019999999999997797 ) ) ;
#1619 = LINE ( 'NONE', #1342, #804 ) ;
#1620 = PLANE ( 'NONE',  #1379 ) ;
#1621 = ORIENTED_EDGE ( 'NONE', *, *, #247, .T. ) ;
#1622 = CARTESIAN_POINT ( 'NONE',  ( 16.21000000000000441, -1.319999999999998952, 0.000000000000000000 ) ) ;
#1623 = VERTEX_POINT ( 'NONE', #752 ) ;
#1624 = FACE_OUTER_BOUND ( 'NONE', #1317, .T. ) ;
#1625 = EDGE_CURVE ( 'NONE', #1486, #839, #501, .T. ) ;
#1626 = DIRECTION ( 'NONE',  ( -1.000000000000000000, 0.000000000000000000, 0.000000000000000000 ) ) ;
#1627 = PLANE ( 'NONE',  #325 ) ;
#1628 = FACE_OUTER_BOUND ( 'NONE', #1232, .T. ) ;
#1629 = ADVANCED_FACE ( 'NONE', ( #1358 ), #1349, .F. ) ;
#1630 = DIRECTION ( 'NONE',  ( 0.000000000000000000, 0.7071067811865376918, -0.7071067811865573427 ) ) ;
#1631 = EDGE_LOOP ( 'NONE', ( #1010, #178, #163, #1576 ) ) ;
#1632 = FACE_OUTER_BOUND ( 'NONE', #887, .T. ) ;
#1633 = DIRECTION ( 'NONE',  ( 1.000000000000000000, 0.000000000000000000, 0.000000000000000000 ) ) ;
#1634 = VECTOR ( 'NONE', #744, 100.0000000000000142 ) ;
#1635 = CARTESIAN_POINT ( 'NONE',  ( 34.07000000000000028, -17.88000000000000256, 0.1000000000000000472 ) ) ;
#1636 = EDGE_CURVE ( 'NONE', #687, #406, #1619, .T. ) ;
#1637 = ORIENTED_EDGE ( 'NONE', *, *, #567, .T. ) ;
#1638 = DIRECTION ( 'NONE',  ( 0.000000000000000000, 1.000000000000000000, -0.000000000000000000 ) ) ;
#1639 = ORIENTED_EDGE ( 'NONE', *, *, #1116, .F. ) ;
#1640 = DIRECTION ( 'NONE',  ( 0.000000000000000000, 0.000000000000000000, -1.000000000000000000 ) ) ;
#1641 = DIRECTION ( 'NONE',  ( 0.2302529551604794444, 0.000000000000000000, -0.9731308116794300522 ) ) ;
#1642 = DIRECTION ( 'NONE',  ( 1.000000000000000000, 0.000000000000000000, 0.000000000000000000 ) ) ;
#1643 = AXIS2_PLACEMENT_3D ( 'NONE', #1665, #1374, #392 ) ;
#1644 = EDGE_CURVE ( 'NONE', #1747, #337, #1202, .T. ) ;
#1645 = VECTOR ( 'NONE', #892, 100.0000000000000000 ) ;
#1646 = LINE ( 'NONE', #647, #1605 ) ;
#1647 = ORIENTED_EDGE ( 'NONE', *, *, #1366, .T. ) ;
#1648 = DIRECTION ( 'NONE',  ( -1.394752543498940254E-15, -1.000000000000000000, 0.000000000000000000 ) ) ;
#1649 = LINE ( 'NONE', #1797, #377 ) ;
#1650 = PLANE ( 'NONE',  #983 ) ;
#1651 = VECTOR ( 'NONE', #550, 100.0000000000000000 ) ;
#1652 = FACE_OUTER_BOUND ( 'NONE', #447, .T. ) ;
#1653 = ORIENTED_EDGE ( 'NONE', *, *, #349, .F. ) ;
#1654 = VECTOR ( 'NONE', #742, 100.0000000000000000 ) ;
#1655 = ORIENTED_EDGE ( 'NONE', *, *, #1295, .T. ) ;
#1656 = DIRECTION ( 'NONE',  ( -0.2302529551604794444, 0.000000000000000000, 0.9731308116794299412 ) ) ;
#1657 = FACE_OUTER_BOUND ( 'NONE', #1003, .T. ) ;
#1658 = CARTESIAN_POINT ( 'NONE',  ( 17.09000000000000341, -15.99000000000000199, 0.09999999999999731326 ) ) ;
#1659 = EDGE_CURVE ( 'NONE', #1439, #1148, #959, .T. ) ;
#1660 = VECTOR ( 'NONE', #1711, 100.0000000000000000 ) ;
#1661 = CARTESIAN_POINT ( 'NONE',  ( 25.96855886354756393, -0.5999999999999949818, 5.640000000000006786 ) ) ;
#1662 = AXIS2_PLACEMENT_3D ( 'NONE', #1798, #1115, #1519 ) ;
#1663 = ORIENTED_EDGE ( 'NONE', *, *, #256, .T. ) ;
#1664 = EDGE_LOOP ( 'NONE', ( #167, #1156, #449, #1013 ) ) ;
#1665 = CARTESIAN_POINT ( 'NONE',  ( 0.000000000000000000, -3.329999999999991189, 0.000000000000000000 ) ) ;
#1666 = ADVANCED_FACE ( 'NONE', ( #1254 ), #1668, .T. ) ;
#1667 = DIRECTION ( 'NONE',  ( 1.000000000000000000, 0.000000000000000000, 0.000000000000000000 ) ) ;
#1668 = PLANE ( 'NONE',  #1693 ) ;
#1669 = LINE ( 'NONE', #809, #305 ) ;
#1670 = VECTOR ( 'NONE', #183, 100.0000000000000000 ) ;
#1671 = ORIENTED_EDGE ( 'NONE', *, *, #1575, .T. ) ;
#1672 = ORIENTED_EDGE ( 'NONE', *, *, #1219, .T. ) ;
#1673 = AXIS2_PLACEMENT_3D ( 'NONE', #90, #1390, #946 ) ;
#1674 = DIRECTION ( 'NONE',  ( -0.9731308116794299412, -0.000000000000000000, -0.2302529551604793612 ) ) ;
#1675 = PLANE ( 'NONE',  #1742 ) ;
#1676 = EDGE_CURVE ( 'NONE', #1149, #1794, #967, .T. ) ;
#1677 = FACE_OUTER_BOUND ( 'NONE', #1391, .T. ) ;
#1678 = CARTESIAN_POINT ( 'NONE',  ( 34.07000000000000028, -3.229999999999985771, 12.63499999999999979 ) ) ;
#1679 = DIRECTION ( 'NONE',  ( -1.877914453019546570E-16, 1.000000000000000000, 0.000000000000000000 ) ) ;
#1680 = VECTOR ( 'NONE', #1088, 100.0000000000000000 ) ;
#1681 = ORIENTED_EDGE ( 'NONE', *, *, #266, .T. ) ;
#1682 = ORIENTED_EDGE ( 'NONE', *, *, #1816, .F. ) ;
#1683 = EDGE_CURVE ( 'NONE', #269, #40, #745, .T. ) ;
#1684 = CARTESIAN_POINT ( 'NONE',  ( 0.000000000000000000, -15.86999999999999567, 0.000000000000000000 ) ) ;
#1685 = ORIENTED_EDGE ( 'NONE', *, *, #1162, .F. ) ;
#1686 = LINE ( 'NONE', #1153, #549 ) ;
#1687 = DIRECTION ( 'NONE',  ( 0.000000000000000000, -1.000000000000000000, 0.000000000000000000 ) ) ;
#1688 = FACE_OUTER_BOUND ( 'NONE', #1759, .T. ) ;
#1689 = DIRECTION ( 'NONE',  ( -0.9731308116794299412, -0.000000000000000000, -0.2302529551604793612 ) ) ;
#1690 = VECTOR ( 'NONE', #544, 100.0000000000000000 ) ;
#1691 = ADVANCED_FACE ( 'NONE', ( #691 ), #799, .T. ) ;
#1692 = VERTEX_POINT ( 'NONE', #254 ) ;
#1693 = AXIS2_PLACEMENT_3D ( 'NONE', #395, #1789, #1237 ) ;
#1694 = ORIENTED_EDGE ( 'NONE', *, *, #266, .F. ) ;
#1695 = CARTESIAN_POINT ( 'NONE',  ( 34.07000000000000028, -17.98000000000000043, 5.020000000000000462 ) ) ;
#1696 = ORIENTED_EDGE ( 'NONE', *, *, #1413, .T. ) ;
#1697 = CARTESIAN_POINT ( 'NONE',  ( 16.11000000000001009, -19.19999999999997442, 3.811794943820227211 ) ) ;
#1698 = CARTESIAN_POINT ( 'NONE',  ( 26.59540161960755000, -18.60000000000000497, 5.640000000000009450 ) ) ;
#1699 = DIRECTION ( 'NONE',  ( -0.2302529551604794722, 0.000000000000000000, 0.9731308116794300522 ) ) ;
#1700 = DIRECTION ( 'NONE',  ( 1.000000000000000000, 0.000000000000000000, 0.000000000000000000 ) ) ;
#1701 = ORIENTED_EDGE ( 'NONE', *, *, #37, .F. ) ;
#1702 = EDGE_CURVE ( 'NONE', #1225, #1060, #376, .T. ) ;
#1703 = VERTEX_POINT ( 'NONE', #1658 ) ;
#1704 = CARTESIAN_POINT ( 'NONE',  ( 1.327779262221897350, -13.27416649771865842, 0.3141664977186080510 ) ) ;
#1705 = EDGE_LOOP ( 'NONE', ( #9, #1409, #759, #1152 ) ) ;
#1706 = FILL_AREA_STYLE ('',( #843 ) ) ;
#1707 = CYLINDRICAL_SURFACE ( 'NONE', #494, 0.3050000000000044897 ) ;
#1708 = CYLINDRICAL_SURFACE ( 'NONE', #110, 0.3050000000000159250 ) ;
#1709 = EDGE_LOOP ( 'NONE', ( #287, #618 ) ) ;
#1710 = ORIENTED_EDGE ( 'NONE', *, *, #1459, .F. ) ;
#1711 = DIRECTION ( 'NONE',  ( 0.000000000000000000, 0.000000000000000000, -1.000000000000000000 ) ) ;
#1712 = VERTEX_POINT ( 'NONE', #1367 ) ;
#1713 = ADVANCED_FACE ( 'NONE', ( #1677 ), #1650, .T. ) ;
#1714 = DIRECTION ( 'NONE',  ( -0.5773502691896257311, -0.5773502691896257311, -0.5773502691896257311 ) ) ;
#1715 =( NAMED_UNIT ( * ) SI_UNIT ( $, .STERADIAN. ) SOLID_ANGLE_UNIT ( ) );
#1716 = CARTESIAN_POINT ( 'NONE',  ( 27.50997547680976041, -18.60000000000000497, 5.640000000000007674 ) ) ;
#1717 = DIRECTION ( 'NONE',  ( 0.7071067811865376918, 0.000000000000000000, -0.7071067811865573427 ) ) ;
#1718 = ADVANCED_FACE ( 'NONE', ( #526 ), #1509, .T. ) ;
#1719 = EDGE_LOOP ( 'NONE', ( #638, #1672, #952, #1144 ) ) ;
#1720 = ORIENTED_EDGE ( 'NONE', *, *, #1757, .F. ) ;
#1721 = VERTEX_POINT ( 'NONE', #663 ) ;
#1722 = CARTESIAN_POINT ( 'NONE',  ( 34.07000000000000028, -1.219999999999998863, 5.019999999999997797 ) ) ;
#1723 = ORIENTED_EDGE ( 'NONE', *, *, #808, .T. ) ;
#1724 = DIRECTION ( 'NONE',  ( -1.000000000000000000, 0.000000000000000000, 0.000000000000000000 ) ) ;
#1725 = EDGE_CURVE ( 'NONE', #1800, #175, #718, .T. ) ;
#1726 =( BOUNDED_CURVE ( )  B_SPLINE_CURVE ( 3, ( #1383, #1770, #1795, #1094 ),
 .UNSPECIFIED., .F., .T. ) 
 B_SPLINE_CURVE_WITH_KNOTS ( ( 4, 4 ),
 ( 4.938697601239184998, 8.080290254828979002 ),
 .UNSPECIFIED. ) 
 CURVE ( )  GEOMETRIC_REPRESENTATION_ITEM ( )  RATIONAL_B_SPLINE_CURVE ( ( 1.000000000000000000, 0.3333333333333330373, 0.3333333333333330373, 1.000000000000000000 ) ) 
 REPRESENTATION_ITEM ( '' )  );
#1727 = CARTESIAN_POINT ( 'NONE',  ( 29.04597365997205571, -18.60000000000000497, -6.041618404611488025 ) ) ;
#1728 = LINE ( 'NONE', #1027, #1491 ) ;
#1729 = ORIENTED_EDGE ( 'NONE', *, *, #728, .F. ) ;
#1730 = CARTESIAN_POINT ( 'NONE',  ( 0.000000000000000000, -16.98999999999999844, 0.000000000000000000 ) ) ;
#1731 = VERTEX_POINT ( 'NONE', #975 ) ;
#1732 = CARTESIAN_POINT ( 'NONE',  ( 16.10999999999997812, -19.20000000000002416, 3.811794943820220105 ) ) ;
#1733 = VECTOR ( 'NONE', #1489, 100.0000000000000142 ) ;
#1734 = CARTESIAN_POINT ( 'NONE',  ( 16.11000000000000654, -17.98000000000000398, 0.3747477419454832703 ) ) ;
#1735 = DIRECTION ( 'NONE',  ( 1.000000000000000000, 0.000000000000000000, 0.000000000000000000 ) ) ;
#1736 = ADVANCED_FACE ( 'NONE', ( #244 ), #826, .F. ) ;
#1737 = PLANE ( 'NONE',  #487 ) ;
#1738 = PLANE ( 'NONE',  #1075 ) ;
#1739 = ADVANCED_FACE ( 'NONE', ( #1107 ), #685, .T. ) ;
#1740 = ORIENTED_EDGE ( 'NONE', *, *, #1229, .T. ) ;
#1741 = CARTESIAN_POINT ( 'NONE',  ( 16.11000000000000654, -1.319999999999998952, 0.1000000000000000056 ) ) ;
#1742 = AXIS2_PLACEMENT_3D ( 'NONE', #215, #1667, #1499 ) ;
#1743 = CARTESIAN_POINT ( 'NONE',  ( 16.11000000000000654, -1.219999999999987761, 0.3747477419454636749 ) ) ;
#1744 = DIRECTION ( 'NONE',  ( -0.9731308116794302743, 0.000000000000000000, -0.2302529551604782787 ) ) ;
#1745 = CARTESIAN_POINT ( 'NONE',  ( 29.04597365997205571, -0.5999999999999949818, -6.041618404611488025 ) ) ;
#1746 = EDGE_CURVE ( 'NONE', #1486, #1415, #1541, .T. ) ;
#1747 = VERTEX_POINT ( 'NONE', #225 ) ;
#1748 = CARTESIAN_POINT ( 'NONE',  ( 0.000000000000000000, -3.229999999999985771, 0.000000000000000000 ) ) ;
#1749 = ORIENTED_EDGE ( 'NONE', *, *, #662, .F. ) ;
#1750 = AXIS2_PLACEMENT_3D ( 'NONE', #404, #977, #1543 ) ;
#1751 = LINE ( 'NONE', #1480, #458 ) ;
#1752 = AXIS2_PLACEMENT_3D ( 'NONE', #401, #100, #387 ) ;
#1753 = CARTESIAN_POINT ( 'NONE',  ( 0.000000000000000000, 0.000000000000000000, 0.000000000000000000 ) ) ;
#1754 = CARTESIAN_POINT ( 'NONE',  ( 0.000000000000000000, 0.000000000000000000, 0.000000000000000000 ) ) ;
#1755 = VERTEX_POINT ( 'NONE', #1783 ) ;
#1756 = ORIENTED_EDGE ( 'NONE', *, *, #1423, .F. ) ;
#1757 = EDGE_CURVE ( 'NONE', #673, #337, #145, .T. ) ;
#1758 = DIRECTION ( 'NONE',  ( 1.000000000000000000, 0.000000000000000000, 0.000000000000000000 ) ) ;
#1759 = EDGE_LOOP ( 'NONE', ( #737, #571, #1276, #1101 ) ) ;
#1760 = ADVANCED_FACE ( 'NONE', ( #939 ), #1089, .T. ) ;
#1761 = LINE ( 'NONE', #1732, #1085 ) ;
#1762 = VECTOR ( 'NONE', #359, 100.0000000000000000 ) ;
#1763 = LINE ( 'NONE', #1330, #1422 ) ;
#1764 = DIRECTION ( 'NONE',  ( -0.2302529551604794167, 0.000000000000000000, 0.9731308116794300522 ) ) ;
#1765 = EDGE_CURVE ( 'NONE', #687, #1821, #1136, .T. ) ;
#1766 = VECTOR ( 'NONE', #788, 100.0000000000000142 ) ;
#1767 = CARTESIAN_POINT ( 'NONE',  ( 16.21000000000000441, -1.319999999999998952, 0.000000000000000000 ) ) ;
#1768 = DIRECTION ( 'NONE',  ( 1.000000000000000000, 0.000000000000000000, 0.000000000000000000 ) ) ;
#1769 = ORIENTED_EDGE ( 'NONE', *, *, #688, .T. ) ;
#1770 = CARTESIAN_POINT ( 'NONE',  ( 28.90705969306822709, -19.21000000000000796, 6.250000000000019540 ) ) ;
#1771 = EDGE_CURVE ( 'NONE', #221, #1747, #383, .T. ) ;
#1772 = LINE ( 'NONE', #1465, #436 ) ;
#1773 = CARTESIAN_POINT ( 'NONE',  ( 22.35333333333343830, -8.473333333333425088, 5.363333333333287989 ) ) ;
#1774 = ORIENTED_EDGE ( 'NONE', *, *, #643, .F. ) ;
#1775 = CARTESIAN_POINT ( 'NONE',  ( 18.11000000000000298, -16.98999999999999844, 12.63499999999999979 ) ) ;
#1776 = CLOSED_SHELL ( 'NONE', ( #211, #1498, #301, #1344, #315, #19, #888, #780, #326, #695, #219, #1504, #1109, #360, #933, #1285, #1629, #1298, #1736, #521, #1092, #1273, #591, #102, #1691, #602, #1718, #1739, #43, #222, #1216, #1802, #903, #1666, #1311, #776, #1713, #1615, #511, #617, #74, #583, #308, #1360, #1103, #650, #819, #31, #1442, #154, #204, #1811, #990, #1332, #1434, #1760, #714, #482, #840, #125 ) ) ;
#1777 = ORIENTED_EDGE ( 'NONE', *, *, #1816, .T. ) ;
#1778 = LINE ( 'NONE', #240, #275 ) ;
#1779 = VECTOR ( 'NONE', #454, 100.0000000000000000 ) ;
#1780 = PLANE ( 'NONE',  #130 ) ;
#1781 = VECTOR ( 'NONE', #1081, 100.0000000000000000 ) ;
#1782 = EDGE_CURVE ( 'NONE', #97, #598, #451, .T. ) ;
#1783 = CARTESIAN_POINT ( 'NONE',  ( 35.09000000000001052, -15.97000000000000064, 8.302661985018730206 ) ) ;
#1784 = CARTESIAN_POINT ( 'NONE',  ( 30.20886497992896125, -18.60000000000000497, -5.766466123194717852 ) ) ;
#1785 = FACE_OUTER_BOUND ( 'NONE', #522, .T. ) ;
#1786 = ORIENTED_EDGE ( 'NONE', *, *, #243, .T. ) ;
#1787 = DIRECTION ( 'NONE',  ( 0.000000000000000000, -0.3420201433256678802, -0.9396926207859087610 ) ) ;
#1788 = DIRECTION ( 'NONE',  ( 0.2302529551604794444, 0.000000000000000000, -0.9731308116794300522 ) ) ;
#1789 = DIRECTION ( 'NONE',  ( 0.000000000000000000, 1.000000000000000000, 0.000000000000000000 ) ) ;
#1790 = VECTOR ( 'NONE', #140, 100.0000000000000000 ) ;
#1791 = CARTESIAN_POINT ( 'NONE',  ( 0.000000000000000000, -3.109999999999987885, 0.000000000000000000 ) ) ;
#1792 = EDGE_LOOP ( 'NONE', ( #48, #546, #1207, #811 ) ) ;
#1793 = DIRECTION ( 'NONE',  ( -1.000000000000000000, 0.000000000000000000, 0.000000000000000000 ) ) ;
#1794 = VERTEX_POINT ( 'NONE', #1024 ) ;
#1795 = CARTESIAN_POINT ( 'NONE',  ( 29.53390244912819185, -19.21000000000000796, 6.250000000000019540 ) ) ;
#1796 = EDGE_CURVE ( 'NONE', #889, #1148, #861, .T. ) ;
#1797 = CARTESIAN_POINT ( 'NONE',  ( 22.68666666666677756, -7.806666666666764343, 5.696666666666618362 ) ) ;
#1798 = CARTESIAN_POINT ( 'NONE',  ( 26.15233727297595578, -0.5999999999999949818, 6.187917255506579117 ) ) ;
#1799 = FACE_BOUND ( 'NONE', #1809, .T. ) ;
#1800 = VERTEX_POINT ( 'NONE', #1698 ) ;
#1801 = VECTOR ( 'NONE', #224, 100.0000000000000000 ) ;
#1802 = ADVANCED_FACE ( 'NONE', ( #844 ), #1433, .T. ) ;
#1803 = EDGE_LOOP ( 'NONE', ( #597, #786, #586, #1710 ) ) ;
#1804 = CARTESIAN_POINT ( 'NONE',  ( 0.000000000000000000, -17.98000000000000043, 0.000000000000000000 ) ) ;
#1805 = CARTESIAN_POINT ( 'NONE',  ( 35.08999999999999631, -3.229999999999985771, 0.1000000000000056399 ) ) ;
#1806 = CARTESIAN_POINT ( 'NONE',  ( 26.11289126055131860, -17.98999999999997712, 5.029999999999977156 ) ) ;
#1807 = VECTOR ( 'NONE', #1142, 100.0000000000000000 ) ;
#1808 = CARTESIAN_POINT ( 'NONE',  ( 34.07000000000000028, -19.20000000000000284, 12.63499999999999979 ) ) ;
#1809 = EDGE_LOOP ( 'NONE', ( #767, #1756 ) ) ;
#1810 = ORIENTED_EDGE ( 'NONE', *, *, #179, .T. ) ;
#1811 = ADVANCED_FACE ( 'NONE', ( #421 ), #733, .T. ) ;
#1812 = CARTESIAN_POINT ( 'NONE',  ( 17.09000000000000341, -3.209999999999987974, 0.09999999999999731326 ) ) ;
#1813 = FACE_OUTER_BOUND ( 'NONE', #155, .T. ) ;
#1814 = CARTESIAN_POINT ( 'NONE',  ( 17.24666666666669101, -17.12666666666667226, -1.036666666666642200 ) ) ;
#1815 = CARTESIAN_POINT ( 'NONE',  ( 35.96999999999999886, -2.329999999999992966, 0.000000000000000000 ) ) ;
#1816 = EDGE_CURVE ( 'NONE', #598, #1755, #1421, .T. ) ;
#1817 = ORIENTED_EDGE ( 'NONE', *, *, #94, .F. ) ;
#1818 = VECTOR ( 'NONE', #41, 100.0000000000000000 ) ;
#1819 = EDGE_LOOP ( 'NONE', ( #935, #557, #1338, #1525 ) ) ;
#1820 = CARTESIAN_POINT ( 'NONE',  ( 0.000000000000000000, -2.209999999999989750, 0.000000000000000000 ) ) ;
#1821 = VERTEX_POINT ( 'NONE', #986 ) ;
#1822 = EDGE_CURVE ( 'NONE', #318, #530, #711, .T. ) ;
#1823 = CARTESIAN_POINT ( 'NONE',  ( 16.20999999999997954, -19.20000000000002416, 0.000000000000000000 ) ) ;
#1824 = CARTESIAN_POINT ( 'NONE',  ( 0.000000000000000000, -16.08999999999999986, 0.000000000000000000 ) ) ;
#1825 = AXIS2_PLACEMENT_3D ( 'NONE', #1135, #1540, #1124 ) ;
#1826 = ORIENTED_EDGE ( 'NONE', *, *, #558, .T. ) ;
#1827 = ORIENTED_EDGE ( 'NONE', *, *, #1140, .T. ) ;
#1828 = DIRECTION ( 'NONE',  ( 0.000000000000000000, 0.000000000000000000, -1.000000000000000000 ) ) ;
#1829 = ORIENTED_EDGE ( 'NONE', *, *, #1544, .F. ) ;
#1830 = FACE_OUTER_BOUND ( 'NONE', #184, .T. ) ;
#1831 = EDGE_CURVE ( 'NONE', #1197, #1531, #1564, .T. ) ;
#1832 = CARTESIAN_POINT ( 'NONE',  ( 17.09000000000000341, -2.209999999999989750, 4.043673220973784233 ) ) ;
#1833 = CARTESIAN_POINT ( 'NONE',  ( 18.11000000000000298, -17.08999999999999986, 0.000000000000000000 ) ) ;
#1834 = VECTOR ( 'NONE', #1417, 100.0000000000000000 ) ;
#1835 = ORIENTED_EDGE ( 'NONE', *, *, #233, .T. ) ;
#1836 = VECTOR ( 'NONE', #331, 100.0000000000000000 ) ;
#1837 = ORIENTED_EDGE ( 'NONE', *, *, #1008, .T. ) ;
ENDSEC;
END-ISO-10303-21;
