ISO-10303-21;
HEADER;
FILE_DESCRIPTION (( 'STEP AP214' ),
    '1' );
FILE_NAME ('ramp-middle-frame_60.STEP',
    '2026-06-17T01:45:21',
    ( '' ),
    ( '' ),
    'SwSTEP 2.0',
    'SolidWorks 2023',
    '' );
FILE_SCHEMA (( 'AUTOMOTIVE_DESIGN' ));
ENDSEC;

DATA;
#1 = DIRECTION ( 'NONE',  ( -0.2302529551604794444, 0.000000000000000000, 0.9731308116794299412 ) ) ;
#2 = ORIENTED_EDGE ( 'NONE', *, *, #100, .F. ) ;
#3 = EDGE_CURVE ( 'NONE', #239, #501, #726, .T. ) ;
#4 = CARTESIAN_POINT ( 'NONE',  ( 0.000000000000000000, -1.219999999999998863, 0.3747477419454632308 ) ) ;
#5 = CARTESIAN_POINT ( 'NONE',  ( 29.04597365997205571, -18.60000000000000497, -6.041618404611488025 ) ) ;
#6 = EDGE_CURVE ( 'NONE', #1198, #931, #31, .T. ) ;
#7 = CARTESIAN_POINT ( 'NONE',  ( 36.09000000000000341, -2.229999999999987548, 8.539272471910114959 ) ) ;
#8 = PLANE ( 'NONE',  #566 ) ;
#9 = ORIENTED_EDGE ( 'NONE', *, *, #620, .T. ) ;
#10 = CARTESIAN_POINT ( 'NONE',  ( 18.08999999999999986, -2.209999999999989750, 4.280283707865168097 ) ) ;
#11 = VERTEX_POINT ( 'NONE', #594 ) ;
#12 = VECTOR ( 'NONE', #662, 100.0000000000000000 ) ;
#13 = LINE ( 'NONE', #1935, #1823 ) ;
#14 = EDGE_LOOP ( 'NONE', ( #269, #241, #1973, #1093 ) ) ;
#15 = CARTESIAN_POINT ( 'NONE',  ( 19.95341666818141846, -19.19999999999999929, 0.000000000000000000 ) ) ;
#16 = DIRECTION ( 'NONE',  ( -2.002668952402707863E-15, 0.7071067811865262565, -0.7071067811865687780 ) ) ;
#17 = VECTOR ( 'NONE', #1602, 100.0000000000000000 ) ;
#18 = EDGE_CURVE ( 'NONE', #808, #329, #848, .T. ) ;
#19 = DIRECTION ( 'NONE',  ( 0.9731308116794300522, -3.746890197038171534E-16, 0.2302529551604794722 ) ) ;
#20 = CARTESIAN_POINT ( 'NONE',  ( 35.07000000000000028, -17.98000000000000043, 5.020000000000000462 ) ) ;
#21 = ORIENTED_EDGE ( 'NONE', *, *, #826, .F. ) ;
#22 = CARTESIAN_POINT ( 'NONE',  ( 29.67999999999980076, -8.620000000000189289, -5.289999999999905889 ) ) ;
#23 = CARTESIAN_POINT ( 'NONE',  ( 17.20999999999999730, -3.109999999999987885, 0.000000000000000000 ) ) ;
#24 = ORIENTED_EDGE ( 'NONE', *, *, #1902, .T. ) ;
#25 = CARTESIAN_POINT ( 'NONE',  ( 18.09000000000000341, -15.99000000000000199, 12.63499999999999979 ) ) ;
#26 = ORIENTED_EDGE ( 'NONE', *, *, #3, .F. ) ;
#27 = DIRECTION ( 'NONE',  ( 0.000000000000000000, -0.7071067811865436870, 0.7071067811865513475 ) ) ;
#28 = ORIENTED_EDGE ( 'NONE', *, *, #1206, .T. ) ;
#29 = CARTESIAN_POINT ( 'NONE',  ( 29.36366895151807910, -18.60000000000000142, 6.947752007536163177 ) ) ;
#30 = CARTESIAN_POINT ( 'NONE',  ( 17.99000000000000199, -16.08999999999999986, 0.000000000000000000 ) ) ;
#31 = LINE ( 'NONE', #386, #1870 ) ;
#32 = EDGE_CURVE ( 'NONE', #979, #541, #1237, .T. ) ;
#33 = DIRECTION ( 'NONE',  ( 1.000000000000000000, 0.000000000000000000, 0.000000000000000000 ) ) ;
#34 = ADVANCED_FACE ( 'NONE', ( #255 ), #740, .F. ) ;
#35 = DIRECTION ( 'NONE',  ( 0.000000000000000000, 0.000000000000000000, -1.000000000000000000 ) ) ;
#36 = ORIENTED_EDGE ( 'NONE', *, *, #845, .T. ) ;
#37 = DIRECTION ( 'NONE',  ( 1.000000000000000000, 0.000000000000000000, 0.000000000000000000 ) ) ;
#38 = DIRECTION ( 'NONE',  ( -0.9731308116794304963, 0.000000000000000000, -0.2302529551604777514 ) ) ;
#39 = DIRECTION ( 'NONE',  ( -0.7071067811865477948, 0.000000000000000000, 0.7071067811865471286 ) ) ;
#40 = DIRECTION ( 'NONE',  ( 0.9731308116794299412, 0.000000000000000000, 0.2302529551604793612 ) ) ;
#41 = CARTESIAN_POINT ( 'NONE',  ( 37.07000000000000028, -2.229999999999984883, 8.771150749063668428 ) ) ;
#42 = VECTOR ( 'NONE', #827, 100.0000000000000000 ) ;
#43 = ADVANCED_FACE ( 'NONE', ( #1054 ), #548, .T. ) ;
#44 = CARTESIAN_POINT ( 'NONE',  ( 29.07172970801424938, -18.60000000000000142, 6.878676120988018283 ) ) ;
#45 = VECTOR ( 'NONE', #369, 100.0000000000000000 ) ;
#46 = VERTEX_POINT ( 'NONE', #417 ) ;
#47 = LINE ( 'NONE', #703, #1889 ) ;
#48 = CARTESIAN_POINT ( 'NONE',  ( 25.83173062679026799, -19.20000000000001705, 6.240000000000028635 ) ) ;
#49 = VERTEX_POINT ( 'NONE', #1075 ) ;
#50 = VECTOR ( 'NONE', #433, 100.0000000000000000 ) ;
#51 = AXIS2_PLACEMENT_3D ( 'NONE', #323, #975, #815 ) ;
#52 = CARTESIAN_POINT ( 'NONE',  ( 36.18999999999999773, -19.19999999999999929, 0.000000000000000000 ) ) ;
#53 = ORIENTED_EDGE ( 'NONE', *, *, #1206, .F. ) ;
#54 = LINE ( 'NONE', #359, #805 ) ;
#55 = CARTESIAN_POINT ( 'NONE',  ( 0.000000000000000000, -1.219999999999998863, 5.019999999999997797 ) ) ;
#56 = EDGE_LOOP ( 'NONE', ( #1042, #295, #231, #401, #641 ) ) ;
#57 = FACE_OUTER_BOUND ( 'NONE', #244, .T. ) ;
#58 = ORIENTED_EDGE ( 'NONE', *, *, #1575, .F. ) ;
#59 = LINE ( 'NONE', #1227, #1679 ) ;
#60 = ADVANCED_FACE ( 'NONE', ( #105 ), #685, .T. ) ;
#61 = LINE ( 'NONE', #706, #968 ) ;
#62 = ORIENTED_EDGE ( 'NONE', *, *, #973, .T. ) ;
#63 = EDGE_CURVE ( 'NONE', #1293, #170, #587, .T. ) ;
#64 = DIRECTION ( 'NONE',  ( 0.7071067811865279218, 0.000000000000000000, -0.7071067811865671127 ) ) ;
#65 = VERTEX_POINT ( 'NONE', #913 ) ;
#66 = DIRECTION ( 'NONE',  ( 0.000000000000000000, -0.7071067811865436870, -0.7071067811865513475 ) ) ;
#67 = ORIENTED_EDGE ( 'NONE', *, *, #717, .F. ) ;
#68 = FACE_OUTER_BOUND ( 'NONE', #1368, .T. ) ;
#69 = ORIENTED_EDGE ( 'NONE', *, *, #889, .T. ) ;
#70 = FACE_OUTER_BOUND ( 'NONE', #1069, .T. ) ;
#71 = ADVANCED_FACE ( 'NONE', ( #2060 ), #1854, .T. ) ;
#72 = VERTEX_POINT ( 'NONE', #579 ) ;
#73 = FACE_OUTER_BOUND ( 'NONE', #1717, .T. ) ;
#74 = VERTEX_POINT ( 'NONE', #750 ) ;
#75 = EDGE_CURVE ( 'NONE', #403, #654, #196, .T. ) ;
#76 = FACE_OUTER_BOUND ( 'NONE', #1176, .T. ) ;
#77 = ORIENTED_EDGE ( 'NONE', *, *, #2061, .T. ) ;
#78 = LINE ( 'NONE', #543, #523 ) ;
#79 = ORIENTED_EDGE ( 'NONE', *, *, #596, .F. ) ;
#80 = LINE ( 'NONE', #883, #998 ) ;
#81 = VECTOR ( 'NONE', #637, 100.0000000000000000 ) ;
#82 = CARTESIAN_POINT ( 'NONE',  ( 28.13168017749220340, -18.60000000000000497, 5.640000000000008562 ) ) ;
#83 = CARTESIAN_POINT ( 'NONE',  ( 28.75403441646822245, -18.60000000000000497, -6.110694291159632918 ) ) ;
#84 = DIRECTION ( 'NONE',  ( 1.000000000000000000, 0.000000000000000000, 0.000000000000000000 ) ) ;
#85 = STYLED_ITEM ( 'NONE', ( #1604 ), #1560 ) ;
#86 = EDGE_CURVE ( 'NONE', #1529, #72, #1930, .T. ) ;
#87 =( BOUNDED_CURVE ( )  B_SPLINE_CURVE ( 3, ( #1980, #1494, #1629, #1158 ),
 .UNSPECIFIED., .F., .T. ) 
 B_SPLINE_CURVE_WITH_KNOTS ( ( 4, 4 ),
 ( 4.938697601239185886, 8.080290254828980778 ),
 .UNSPECIFIED. ) 
 CURVE ( )  GEOMETRIC_REPRESENTATION_ITEM ( )  RATIONAL_B_SPLINE_CURVE ( ( 1.000000000000000000, 0.3333333333333327597, 0.3333333333333327597, 1.000000000000000000 ) ) 
 REPRESENTATION_ITEM ( '' )  );
#88 = CARTESIAN_POINT ( 'NONE',  ( 30.79760912099504111, -0.5999999999999949818, -5.627163085322623104 ) ) ;
#89 = ORIENTED_EDGE ( 'NONE', *, *, #1032, .F. ) ;
#90 = LINE ( 'NONE', #1111, #972 ) ;
#91 = EDGE_LOOP ( 'NONE', ( #375, #1226, #1664, #2057 ) ) ;
#92 = CARTESIAN_POINT ( 'NONE',  ( 19.21000000000000085, -19.19999999999999929, 0.000000000000000000 ) ) ;
#93 = VERTEX_POINT ( 'NONE', #114 ) ;
#94 = LINE ( 'NONE', #1719, #1952 ) ;
#95 = DIRECTION ( 'NONE',  ( 1.000000000000000000, 0.000000000000000000, 0.000000000000000000 ) ) ;
#96 = FACE_OUTER_BOUND ( 'NONE', #312, .T. ) ;
#97 = EDGE_CURVE ( 'NONE', #293, #292, #1277, .T. ) ;
#98 = VERTEX_POINT ( 'NONE', #624 ) ;
#99 = CARTESIAN_POINT ( 'NONE',  ( 18.09000000000000341, -3.209999999999987974, 4.280283707865170761 ) ) ;
#100 = EDGE_CURVE ( 'NONE', #634, #764, #134, .T. ) ;
#101 = ORIENTED_EDGE ( 'NONE', *, *, #538, .T. ) ;
#102 = ORIENTED_EDGE ( 'NONE', *, *, #161, .F. ) ;
#103 = CARTESIAN_POINT ( 'NONE',  ( -2.757695390768592603, -6.892499649107822535, -0.6524996491078870475 ) ) ;
#104 = ORIENTED_EDGE ( 'NONE', *, *, #340, .T. ) ;
#105 = FACE_OUTER_BOUND ( 'NONE', #1353, .T. ) ;
#106 = FACE_OUTER_BOUND ( 'NONE', #56, .T. ) ;
#107 = CARTESIAN_POINT ( 'NONE',  ( 34.17085782681789397, -16.90499999999999403, 0.000000000000000000 ) ) ;
#108 = DIRECTION ( 'NONE',  ( 1.000000000000000000, 0.000000000000000000, 0.000000000000000000 ) ) ;
#109 = EDGE_LOOP ( 'NONE', ( #891, #2, #872, #123 ) ) ;
#110 = ORIENTED_EDGE ( 'NONE', *, *, #2056, .T. ) ;
#111 = EDGE_CURVE ( 'NONE', #2076, #1229, #1590, .T. ) ;
#112 = DIRECTION ( 'NONE',  ( -0.9731308116794304963, 0.000000000000000000, -0.2302529551604777514 ) ) ;
#113 = EDGE_LOOP ( 'NONE', ( #547, #1123, #563, #363 ) ) ;
#114 = CARTESIAN_POINT ( 'NONE',  ( 29.36366895151807910, -0.6000000000000005329, 6.947752007536163177 ) ) ;
#115 = AXIS2_PLACEMENT_3D ( 'NONE', #1598, #144, #797 ) ;
#116 = LINE ( 'NONE', #458, #184 ) ;
#117 = AXIS2_PLACEMENT_3D ( 'NONE', #925, #721, #552 ) ;
#118 = AXIS2_PLACEMENT_3D ( 'NONE', #1423, #1118, #626 ) ;
#119 = LINE ( 'NONE', #276, #555 ) ;
#120 = ORIENTED_EDGE ( 'NONE', *, *, #1298, .T. ) ;
#121 = CIRCLE ( 'NONE', #519, 0.3000000000000012657 ) ;
#122 = VECTOR ( 'NONE', #1290, 100.0000000000000142 ) ;
#123 = ORIENTED_EDGE ( 'NONE', *, *, #260, .T. ) ;
#124 = LINE ( 'NONE', #1092, #1587 ) ;
#125 = ORIENTED_EDGE ( 'NONE', *, *, #643, .T. ) ;
#126 = EDGE_CURVE ( 'NONE', #506, #1414, #313, .T. ) ;
#127 = CARTESIAN_POINT ( 'NONE',  ( 27.61203349049510081, -0.5999999999999949818, 6.533296688247299144 ) ) ;
#128 = LINE ( 'NONE', #145, #518 ) ;
#129 = ADVANCED_FACE ( 'NONE', ( #1916 ), #2079, .T. ) ;
#130 = FACE_OUTER_BOUND ( 'NONE', #1242, .T. ) ;
#131 = ORIENTED_EDGE ( 'NONE', *, *, #1077, .F. ) ;
#132 = ORIENTED_EDGE ( 'NONE', *, *, #6, .F. ) ;
#133 = ORIENTED_EDGE ( 'NONE', *, *, #1573, .F. ) ;
#134 = LINE ( 'NONE', #1780, #490 ) ;
#135 = EDGE_CURVE ( 'NONE', #170, #1401, #495, .T. ) ;
#136 = CARTESIAN_POINT ( 'NONE',  ( 18.08999999999999986, -2.209999999999989750, 12.63499999999999979 ) ) ;
#137 = ADVANCED_FACE ( 'NONE', ( #780 ), #1446, .T. ) ;
#138 = DIRECTION ( 'NONE',  ( 1.000000000000000000, 0.000000000000000000, 0.000000000000000000 ) ) ;
#139 = DIRECTION ( 'NONE',  ( -0.2302529551604793612, 0.000000000000000000, 0.9731308116794299412 ) ) ;
#140 = EDGE_LOOP ( 'NONE', ( #58, #1951, #1443, #1724 ) ) ;
#141 = LINE ( 'NONE', #1737, #1822 ) ;
#142 = EDGE_LOOP ( 'NONE', ( #1893, #452, #985, #1635 ) ) ;
#143 = ADVANCED_BREP_SHAPE_REPRESENTATION ( 'ramp-middle-frame_60', ( #1560, #1280 ), #776 ) ;
#144 = DIRECTION ( 'NONE',  ( 0.000000000000000000, -0.7071067811865475727, -0.7071067811865475727 ) ) ;
#145 = CARTESIAN_POINT ( 'NONE',  ( 35.07000000000000028, 1.665334536937734811E-14, 12.63499999999999979 ) ) ;
#146 = ORIENTED_EDGE ( 'NONE', *, *, #32, .F. ) ;
#147 = DIRECTION ( 'NONE',  ( -0.9731308116794299412, 0.000000000000000000, -0.2302529551604796110 ) ) ;
#148 = VECTOR ( 'NONE', #1412, 100.0000000000000000 ) ;
#149 = LINE ( 'NONE', #1300, #1313 ) ;
#150 = ORIENTED_EDGE ( 'NONE', *, *, #857, .T. ) ;
#151 = EDGE_CURVE ( 'NONE', #74, #1867, #956, .T. ) ;
#152 = VECTOR ( 'NONE', #300, 100.0000000000000000 ) ;
#153 =( BOUNDED_CURVE ( )  B_SPLINE_CURVE ( 3, ( #1228, #1832, #1216, #886 ),
 .UNSPECIFIED., .F., .T. ) 
 B_SPLINE_CURVE_WITH_KNOTS ( ( 4, 4 ),
 ( 1.797104947649395434, 4.938697601239185886 ),
 .UNSPECIFIED. ) 
 CURVE ( )  GEOMETRIC_REPRESENTATION_ITEM ( )  RATIONAL_B_SPLINE_CURVE ( ( 1.000000000000000000, 0.3333333333333342585, 0.3333333333333342585, 1.000000000000000000 ) ) 
 REPRESENTATION_ITEM ( '' )  );
#154 = DIRECTION ( 'NONE',  ( -1.000000000000000000, 0.000000000000000000, 0.000000000000000000 ) ) ;
#155 = EDGE_LOOP ( 'NONE', ( #1033, #1213, #234, #1270 ) ) ;
#156 = CARTESIAN_POINT ( 'NONE',  ( 19.91333333333332334, -17.79333333333334721, -0.7033333333333474657 ) ) ;
#157 = DIRECTION ( 'NONE',  ( 0.9731308116794299412, 0.000000000000000000, 0.2302529551604793612 ) ) ;
#158 = DIRECTION ( 'NONE',  ( -1.000000000000000000, 0.000000000000000000, 0.000000000000000000 ) ) ;
#159 = CARTESIAN_POINT ( 'NONE',  ( 29.28634696586347275, -0.6000000000000005329, 4.668712448745128363 ) ) ;
#160 = ORIENTED_EDGE ( 'NONE', *, *, #1927, .T. ) ;
#161 = EDGE_CURVE ( 'NONE', #764, #264, #1908, .T. ) ;
#162 = ADVANCED_FACE ( 'NONE', ( #304 ), #444, .F. ) ;
#163 = DIRECTION ( 'NONE',  ( 0.000000000000000000, 0.7071067811865436870, -0.7071067811865513475 ) ) ;
#164 = ORIENTED_EDGE ( 'NONE', *, *, #194, .T. ) ;
#165 = CARTESIAN_POINT ( 'NONE',  ( 0.000000000000000000, -1.219999999999998863, 0.000000000000000000 ) ) ;
#166 = DIRECTION ( 'NONE',  ( 0.000000000000000000, 1.000000000000000000, 0.000000000000000000 ) ) ;
#167 = ORIENTED_EDGE ( 'NONE', *, *, #766, .T. ) ;
#168 = DIRECTION ( 'NONE',  ( -1.000000000000000000, 0.000000000000000000, 0.000000000000000000 ) ) ;
#169 = DIRECTION ( 'NONE',  ( -0.9731308116794302743, 0.000000000000000000, -0.2302529551604779456 ) ) ;
#170 = VERTEX_POINT ( 'NONE', #457 ) ;
#171 = DIRECTION ( 'NONE',  ( -0.5773502691896363892, 0.5773502691896363892, -0.5773502691896044148 ) ) ;
#172 = DIRECTION ( 'NONE',  ( 8.673617379884035472E-17, 0.000000000000000000, -1.000000000000000000 ) ) ;
#173 = VERTEX_POINT ( 'NONE', #1945 ) ;
#174 = CARTESIAN_POINT ( 'NONE',  ( 19.63228350032719405, -1.964999999999972324, 4.318937641328306043 ) ) ;
#175 = EDGE_CURVE ( 'NONE', #1154, #896, #1116, .T. ) ;
#176 = CARTESIAN_POINT ( 'NONE',  ( 36.09000000000000341, -3.329999999999985860, 0.000000000000000000 ) ) ;
#177 = CARTESIAN_POINT ( 'NONE',  ( 36.97000000000000597, -2.329999999999985416, 0.000000000000000000 ) ) ;
#178 = DIRECTION ( 'NONE',  ( -0.2302529551604794167, 0.000000000000000000, 0.9731308116794300522 ) ) ;
#179 = AXIS2_PLACEMENT_3D ( 'NONE', #1051, #232, #1364 ) ;
#180 = ORIENTED_EDGE ( 'NONE', *, *, #574, .T. ) ;
#181 = AXIS2_PLACEMENT_3D ( 'NONE', #1138, #683, #514 ) ;
#182 = CARTESIAN_POINT ( 'NONE',  ( 19.11000000000000298, -16.98999999999999844, 12.63499999999999979 ) ) ;
#183 = ORIENTED_EDGE ( 'NONE', *, *, #1466, .T. ) ;
#184 = VECTOR ( 'NONE', #1917, 100.0000000000000142 ) ;
#185 = CARTESIAN_POINT ( 'NONE',  ( 35.07000000000000028, -3.229999999999985771, 12.63499999999999979 ) ) ;
#186 = ORIENTED_EDGE ( 'NONE', *, *, #973, .F. ) ;
#187 = DIRECTION ( 'NONE',  ( 1.000000000000000000, 0.000000000000000000, 0.000000000000000000 ) ) ;
#188 = AXIS2_PLACEMENT_3D ( 'NONE', #834, #1963, #195 ) ;
#189 = CARTESIAN_POINT ( 'NONE',  ( 18.24666666666666615, -17.12666666666665094, -1.036666666666651082 ) ) ;
#190 = VECTOR ( 'NONE', #393, 100.0000000000000000 ) ;
#191 = EDGE_CURVE ( 'NONE', #1371, #307, #435, .T. ) ;
#192 = ORIENTED_EDGE ( 'NONE', *, *, #1647, .T. ) ;
#193 = FACE_BOUND ( 'NONE', #1765, .T. ) ;
#194 = EDGE_CURVE ( 'NONE', #1198, #1708, #1606, .T. ) ;
#195 = DIRECTION ( 'NONE',  ( -0.9731308116794304963, 0.000000000000000000, -0.2302529551604777514 ) ) ;
#196 = LINE ( 'NONE', #1709, #672 ) ;
#197 = LINE ( 'NONE', #1022, #12 ) ;
#198 = DIRECTION ( 'NONE',  ( 0.2302529551604794444, 0.000000000000000000, -0.9731308116794300522 ) ) ;
#199 = ORIENTED_EDGE ( 'NONE', *, *, #949, .F. ) ;
#200 = FACE_OUTER_BOUND ( 'NONE', #142, .T. ) ;
#201 = VECTOR ( 'NONE', #760, 100.0000000000000142 ) ;
#202 = DIRECTION ( 'NONE',  ( 0.000000000000000000, 0.7071067811865513475, 0.7071067811865436870 ) ) ;
#203 = PLANE ( 'NONE',  #319 ) ;
#204 = DIRECTION ( 'NONE',  ( 1.000000000000000000, 0.000000000000000000, 0.000000000000000000 ) ) ;
#205 = EDGE_CURVE ( 'NONE', #1541, #2086, #1739, .T. ) ;
#206 = FACE_OUTER_BOUND ( 'NONE', #209, .T. ) ;
#207 = VERTEX_POINT ( 'NONE', #296 ) ;
#208 = DIRECTION ( 'NONE',  ( -1.000000000000000000, -1.877914453019546570E-16, 0.000000000000000000 ) ) ;
#209 = EDGE_LOOP ( 'NONE', ( #769, #1841, #918, #744 ) ) ;
#210 = LINE ( 'NONE', #335, #1377 ) ;
#211 = CARTESIAN_POINT ( 'NONE',  ( 29.81506308288922469, -1.199999999999997957, 5.039999999999998259 ) ) ;
#212 = CARTESIAN_POINT ( 'NONE',  ( 0.000000000000000000, -3.329999999999985860, 0.000000000000000000 ) ) ;
#213 = CARTESIAN_POINT ( 'NONE',  ( 37.07000000000000028, -19.19999999999999929, 8.771150749063668428 ) ) ;
#214 = DIRECTION ( 'NONE',  ( 0.000000000000000000, 1.000000000000000000, 0.000000000000000000 ) ) ;
#215 = ADVANCED_FACE ( 'NONE', ( #1106 ), #950, .T. ) ;
#216 = ORIENTED_EDGE ( 'NONE', *, *, #949, .T. ) ;
#217 = VECTOR ( 'NONE', #1094, 100.0000000000000000 ) ;
#218 = CARTESIAN_POINT ( 'NONE',  ( 17.11000000000000298, -17.98000000000000043, 12.63499999999999979 ) ) ;
#219 = AXIS2_PLACEMENT_3D ( 'NONE', #268, #743, #108 ) ;
#220 = ORIENTED_EDGE ( 'NONE', *, *, #705, .T. ) ;
#221 = CARTESIAN_POINT ( 'NONE',  ( 28.75403441646822245, -0.5999999999999949818, -6.110694291159632918 ) ) ;
#222 = FACE_OUTER_BOUND ( 'NONE', #1149, .T. ) ;
#223 = VECTOR ( 'NONE', #1041, 100.0000000000000000 ) ;
#224 = AXIS2_PLACEMENT_3D ( 'NONE', #1967, #198, #1634 ) ;
#225 = DIRECTION ( 'NONE',  ( -1.000000000000000000, 0.000000000000000000, 0.000000000000000000 ) ) ;
#226 = EDGE_LOOP ( 'NONE', ( #1695, #1160 ) ) ;
#227 = LINE ( 'NONE', #1208, #1102 ) ;
#228 = ORIENTED_EDGE ( 'NONE', *, *, #297, .T. ) ;
#229 = EDGE_CURVE ( 'NONE', #347, #1666, #809, .T. ) ;
#230 = CARTESIAN_POINT ( 'NONE',  ( 18.09000000000000341, -16.08999999999999986, 0.000000000000000000 ) ) ;
#231 = ORIENTED_EDGE ( 'NONE', *, *, #1211, .F. ) ;
#232 = DIRECTION ( 'NONE',  ( 0.000000000000000000, -1.000000000000000000, 0.000000000000000000 ) ) ;
#233 = EDGE_CURVE ( 'NONE', #11, #1387, #1165, .T. ) ;
#234 = ORIENTED_EDGE ( 'NONE', *, *, #32, .T. ) ;
#235 = VECTOR ( 'NONE', #2070, 100.0000000000000000 ) ;
#236 = CARTESIAN_POINT ( 'NONE',  ( 25.83173062679027154, 1.613292832658430598E-14, 6.240000000000025082 ) ) ;
#237 = EDGE_LOOP ( 'NONE', ( #342, #338, #1582, #228 ) ) ;
#238 = DIRECTION ( 'NONE',  ( -0.9731308116794302743, 0.000000000000000000, -0.2302529551604779456 ) ) ;
#239 = VERTEX_POINT ( 'NONE', #1017 ) ;
#240 = CARTESIAN_POINT ( 'NONE',  ( 36.09000000000000341, -16.96999999999999886, 0.09999999999999453770 ) ) ;
#241 = ORIENTED_EDGE ( 'NONE', *, *, #551, .F. ) ;
#242 = DIRECTION ( 'NONE',  ( 0.000000000000000000, -1.000000000000000000, 0.000000000000000000 ) ) ;
#243 = CARTESIAN_POINT ( 'NONE',  ( 27.98971388535736438, -19.20000000000001705, 6.240000000000026859 ) ) ;
#244 = EDGE_LOOP ( 'NONE', ( #1589, #408, #1185, #1872 ) ) ;
#245 = EDGE_CURVE ( 'NONE', #1038, #72, #487, .T. ) ;
#246 = ORIENTED_EDGE ( 'NONE', *, *, #111, .F. ) ;
#247 = DIRECTION ( 'NONE',  ( -0.5773502691896349459, -0.5773502691896393868, -0.5773502691896029715 ) ) ;
#248 = CARTESIAN_POINT ( 'NONE',  ( 36.09000000000000341, -2.229999999999987548, 12.63499999999999979 ) ) ;
#249 = ORIENTED_EDGE ( 'NONE', *, *, #1742, .F. ) ;
#250 = DIRECTION ( 'NONE',  ( 1.877914453019546570E-16, -1.000000000000000000, 0.000000000000000000 ) ) ;
#251 = VERTEX_POINT ( 'NONE', #1636 ) ;
#252 = VECTOR ( 'NONE', #247, 100.0000000000000000 ) ;
#253 = CARTESIAN_POINT ( 'NONE',  ( 36.09000000000000341, -16.96999999999999886, 8.539272471910111406 ) ) ;
#254 = ORIENTED_EDGE ( 'NONE', *, *, #1128, .F. ) ;
#255 = FACE_OUTER_BOUND ( 'NONE', #698, .T. ) ;
#256 = EDGE_CURVE ( 'NONE', #786, #293, #1319, .T. ) ;
#257 = DIRECTION ( 'NONE',  ( 0.000000000000000000, 1.000000000000000000, 0.000000000000000000 ) ) ;
#258 = AXIS2_PLACEMENT_3D ( 'NONE', #2058, #1768, #1428 ) ;
#259 = VECTOR ( 'NONE', #1533, 100.0000000000000142 ) ;
#260 = EDGE_CURVE ( 'NONE', #1246, #689, #1155, .T. ) ;
#261 = PLANE ( 'NONE',  #1614 ) ;
#262 = VERTEX_POINT ( 'NONE', #1648 ) ;
#263 = LINE ( 'NONE', #1071, #1790 ) ;
#264 = VERTEX_POINT ( 'NONE', #325 ) ;
#265 = LINE ( 'NONE', #1245, #1923 ) ;
#266 = DIRECTION ( 'NONE',  ( -0.2302529551604794444, 0.000000000000000000, 0.9731308116794299412 ) ) ;
#267 = LINE ( 'NONE', #1515, #869 ) ;
#268 = CARTESIAN_POINT ( 'NONE',  ( 18.08999999999999986, -2.209999999999989750, 12.63499999999999979 ) ) ;
#269 = ORIENTED_EDGE ( 'NONE', *, *, #2081, .T. ) ;
#270 = EDGE_CURVE ( 'NONE', #2006, #403, #1626, .T. ) ;
#271 = ORIENTED_EDGE ( 'NONE', *, *, #376, .T. ) ;
#272 = CARTESIAN_POINT ( 'NONE',  ( 17.11000000000000298, -17.98000000000000398, 0.3747477419454832703 ) ) ;
#273 = ORIENTED_EDGE ( 'NONE', *, *, #571, .T. ) ;
#274 = DIRECTION ( 'NONE',  ( 0.9731308116794299412, 0.000000000000000000, 0.2302529551604793612 ) ) ;
#275 = CARTESIAN_POINT ( 'NONE',  ( 29.67309679075439988, -18.60000000000000142, 5.640000000000005009 ) ) ;
#276 = CARTESIAN_POINT ( 'NONE',  ( 19.63228350032719405, -17.23499999999997101, 4.318937641328306043 ) ) ;
#277 = ORIENTED_EDGE ( 'NONE', *, *, #297, .F. ) ;
#278 = ADVANCED_FACE ( 'NONE', ( #200 ), #1178, .T. ) ;
#279 = ORIENTED_EDGE ( 'NONE', *, *, #1551, .F. ) ;
#280 = EDGE_CURVE ( 'NONE', #861, #1144, #842, .T. ) ;
#281 = CARTESIAN_POINT ( 'NONE',  ( 37.07000000000000028, -16.96999999999999886, 0.09999999999999453770 ) ) ;
#282 = VECTOR ( 'NONE', #1334, 100.0000000000000000 ) ;
#283 = ORIENTED_EDGE ( 'NONE', *, *, #1526, .F. ) ;
#284 = CARTESIAN_POINT ( 'NONE',  ( 34.49199099467208640, -17.23499999999997101, 7.834900266628825882 ) ) ;
#285 = CIRCLE ( 'NONE', #1271, 0.3000000000000070388 ) ;
#286 = PLANE ( 'NONE',  #1002 ) ;
#287 = AXIS2_PLACEMENT_3D ( 'NONE', #1289, #598, #1910 ) ;
#288 = VECTOR ( 'NONE', #1627, 100.0000000000000142 ) ;
#289 = LINE ( 'NONE', #1593, #1920 ) ;
#290 = ORIENTED_EDGE ( 'NONE', *, *, #1887, .T. ) ;
#291 = AXIS2_PLACEMENT_3D ( 'NONE', #1972, #1332, #1020 ) ;
#292 = VERTEX_POINT ( 'NONE', #1667 ) ;
#293 = VERTEX_POINT ( 'NONE', #1145 ) ;
#294 = EDGE_CURVE ( 'NONE', #11, #46, #210, .T. ) ;
#295 = ORIENTED_EDGE ( 'NONE', *, *, #233, .F. ) ;
#296 = CARTESIAN_POINT ( 'NONE',  ( 17.11000000000000298, -17.88000000000000256, 0.1000000000000000056 ) ) ;
#297 = EDGE_CURVE ( 'NONE', #948, #1404, #1465, .T. ) ;
#298 = CARTESIAN_POINT ( 'NONE',  ( 25.97369691892511057, -18.60000000000000497, 5.640000000000011227 ) ) ;
#299 = CARTESIAN_POINT ( 'NONE',  ( 0.000000000000000000, -1.219999999999998863, 5.019999999999997797 ) ) ;
#300 = DIRECTION ( 'NONE',  ( 0.000000000000000000, 0.000000000000000000, -1.000000000000000000 ) ) ;
#301 = EDGE_LOOP ( 'NONE', ( #1585, #961, #290, #1539, #639, #1559, #1484 ) ) ;
#302 = SURFACE_SIDE_STYLE ('',( #1104 ) ) ;
#303 = ORIENTED_EDGE ( 'NONE', *, *, #1181, .T. ) ;
#304 = FACE_OUTER_BOUND ( 'NONE', #1406, .T. ) ;
#305 = CARTESIAN_POINT ( 'NONE',  ( 17.10999999999999943, -15.99000000000000199, 12.63499999999999979 ) ) ;
#306 = EDGE_CURVE ( 'NONE', #1594, #541, #1613, .T. ) ;
#307 = VERTEX_POINT ( 'NONE', #852 ) ;
#308 = DIRECTION ( 'NONE',  ( -1.394752543498940254E-15, 1.000000000000000000, -3.300130784102829184E-16 ) ) ;
#309 = CARTESIAN_POINT ( 'NONE',  ( 19.11000000000000298, -16.98999999999999844, 0.1000000000000000888 ) ) ;
#310 = ORIENTED_EDGE ( 'NONE', *, *, #1032, .T. ) ;
#311 = DIRECTION ( 'NONE',  ( -0.2302529551604794444, 0.000000000000000000, 0.9731308116794299412 ) ) ;
#312 = EDGE_LOOP ( 'NONE', ( #1603, #36, #1611, #1846, #537, #844, #1379 ) ) ;
#313 = LINE ( 'NONE', #1287, #746 ) ;
#314 =( BOUNDED_CURVE ( )  B_SPLINE_CURVE ( 3, ( #1189, #1527, #1390, #2042 ),
 .UNSPECIFIED., .F., .T. ) 
 B_SPLINE_CURVE_WITH_KNOTS ( ( 4, 4 ),
 ( 4.938697601239184998, 8.080290254828979002 ),
 .UNSPECIFIED. ) 
 CURVE ( )  GEOMETRIC_REPRESENTATION_ITEM ( )  RATIONAL_B_SPLINE_CURVE ( ( 1.000000000000000000, 0.3333333333333330373, 0.3333333333333330373, 1.000000000000000000 ) ) 
 REPRESENTATION_ITEM ( '' )  );
#315 = DIRECTION ( 'NONE',  ( -0.9731308116794299412, 0.000000000000000000, -0.2302529551604793612 ) ) ;
#316 = VECTOR ( 'NONE', #635, 100.0000000000000142 ) ;
#317 = ADVANCED_FACE ( 'NONE', ( #1501 ), #1305, .F. ) ;
#318 = CARTESIAN_POINT ( 'NONE',  ( 34.96999999999999886, -1.319999999999998952, 0.000000000000000000 ) ) ;
#319 = AXIS2_PLACEMENT_3D ( 'NONE', #212, #1800, #168 ) ;
#320 = LINE ( 'NONE', #1921, #451 ) ;
#321 = ORIENTED_EDGE ( 'NONE', *, *, #1633, .F. ) ;
#322 = VECTOR ( 'NONE', #747, 100.0000000000000142 ) ;
#323 = CARTESIAN_POINT ( 'NONE',  ( 17.20999999999997598, -19.20000000000002416, 0.000000000000000000 ) ) ;
#324 = ORIENTED_EDGE ( 'NONE', *, *, #270, .T. ) ;
#325 = CARTESIAN_POINT ( 'NONE',  ( 34.41888568140863214, -17.23499999999997101, 8.143869299337044509 ) ) ;
#326 = CYLINDRICAL_SURFACE ( 'NONE', #561, 0.3000000000000012657 ) ;
#327 = FACE_BOUND ( 'NONE', #1256, .T. ) ;
#328 = FACE_OUTER_BOUND ( 'NONE', #763, .T. ) ;
#329 = VERTEX_POINT ( 'NONE', #1817 ) ;
#330 = AXIS2_PLACEMENT_3D ( 'NONE', #127, #964, #2111 ) ;
#331 = DIRECTION ( 'NONE',  ( 0.000000000000000000, -1.000000000000000000, 0.000000000000000000 ) ) ;
#332 = ADVANCED_FACE ( 'NONE', ( #1956 ), #1658, .T. ) ;
#333 = LINE ( 'NONE', #850, #483 ) ;
#334 = ORIENTED_EDGE ( 'NONE', *, *, #1860, .T. ) ;
#335 = CARTESIAN_POINT ( 'NONE',  ( 1.327779262221897350, -13.27416649771865842, 0.3141664977186080510 ) ) ;
#336 = DIRECTION ( 'NONE',  ( -0.5773502691896305050, 0.5773502691896233996, 0.5773502691896233996 ) ) ;
#337 = DIRECTION ( 'NONE',  ( 0.9731308116794299412, 0.000000000000000000, 0.2302529551604793612 ) ) ;
#338 = ORIENTED_EDGE ( 'NONE', *, *, #86, .F. ) ;
#339 = ORIENTED_EDGE ( 'NONE', *, *, #306, .T. ) ;
#340 = EDGE_CURVE ( 'NONE', #654, #825, #1476, .T. ) ;
#341 = DIRECTION ( 'NONE',  ( 0.000000000000000000, 0.000000000000000000, -1.000000000000000000 ) ) ;
#342 = ORIENTED_EDGE ( 'NONE', *, *, #1887, .F. ) ;
#343 = CARTESIAN_POINT ( 'NONE',  ( 35.07000000000000028, -19.19999999999999929, 8.297929775280898923 ) ) ;
#344 = CARTESIAN_POINT ( 'NONE',  ( 27.51511353218730704, -0.5999999999999949818, 5.640000000000007674 ) ) ;
#345 = FACE_OUTER_BOUND ( 'NONE', #1905, .T. ) ;
#346 = DIRECTION ( 'NONE',  ( 0.000000000000000000, -1.000000000000000000, 0.000000000000000000 ) ) ;
#347 = VERTEX_POINT ( 'NONE', #1008 ) ;
#348 = AXIS2_PLACEMENT_3D ( 'NONE', #1997, #507, #1184 ) ;
#349 = PLANE ( 'NONE',  #828 ) ;
#350 = VECTOR ( 'NONE', #1499, 100.0000000000000000 ) ;
#351 = DIRECTION ( 'NONE',  ( 0.5773502691896257311, -0.5773502691896257311, 0.5773502691896257311 ) ) ;
#352 = ORIENTED_EDGE ( 'NONE', *, *, #1705, .T. ) ;
#353 = EDGE_CURVE ( 'NONE', #1808, #736, #1340, .T. ) ;
#354 = DIRECTION ( 'NONE',  ( -0.000000000000000000, 1.000000000000000000, 0.000000000000000000 ) ) ;
#355 = PLANE ( 'NONE',  #1518 ) ;
#356 = EDGE_LOOP ( 'NONE', ( #2014, #1516, #1058, #321 ) ) ;
#357 = EDGE_CURVE ( 'NONE', #65, #619, #47, .T. ) ;
#358 = CARTESIAN_POINT ( 'NONE',  ( 36.09000000000000341, -16.96999999999999886, 12.63499999999999979 ) ) ;
#359 = CARTESIAN_POINT ( 'NONE',  ( 23.35333333333333883, -8.473333333333323836, 5.363333333333337727 ) ) ;
#360 = LINE ( 'NONE', #1161, #1202 ) ;
#361 = ORIENTED_EDGE ( 'NONE', *, *, #1506, .T. ) ;
#362 = DIRECTION ( 'NONE',  ( -0.2302529551604794444, 0.000000000000000000, 0.9731308116794300522 ) ) ;
#363 = ORIENTED_EDGE ( 'NONE', *, *, #97, .F. ) ;
#364 = DIRECTION ( 'NONE',  ( -0.2302529551604794444, 0.000000000000000000, 0.9731308116794299412 ) ) ;
#365 = DIRECTION ( 'NONE',  ( -0.7071067811865437980, -9.862389815852804925E-16, -0.7071067811865514585 ) ) ;
#366 = ADVANCED_FACE ( 'NONE', ( #1354 ), #1135, .T. ) ;
#367 = FACE_OUTER_BOUND ( 'NONE', #623, .T. ) ;
#368 = DIRECTION ( 'NONE',  ( -0.9731308116794304963, 0.000000000000000000, -0.2302529551604777514 ) ) ;
#369 = DIRECTION ( 'NONE',  ( 1.000000000000000000, 0.000000000000000000, 0.000000000000000000 ) ) ;
#370 = CARTESIAN_POINT ( 'NONE',  ( 19.11000000000000298, -16.98999999999999844, 12.63499999999999979 ) ) ;
#371 = ORIENTED_EDGE ( 'NONE', *, *, #1526, .T. ) ;
#372 = DIRECTION ( 'NONE',  ( -0.2302529551604794444, 0.000000000000000000, 0.9731308116794299412 ) ) ;
#373 = FACE_OUTER_BOUND ( 'NONE', #851, .T. ) ;
#374 = DIRECTION ( 'NONE',  ( 0.9731308116794299412, 0.000000000000000000, 0.2302529551604796110 ) ) ;
#375 = ORIENTED_EDGE ( 'NONE', *, *, #1336, .T. ) ;
#376 = EDGE_CURVE ( 'NONE', #262, #1577, #1374, .T. ) ;
#377 = DIRECTION ( 'NONE',  ( -0.2302529551604794722, 0.000000000000000000, 0.9731308116794300522 ) ) ;
#378 = EDGE_CURVE ( 'NONE', #1401, #170, #285, .T. ) ;
#379 = AXIS2_PLACEMENT_3D ( 'NONE', #474, #512, #690 ) ;
#380 = DIRECTION ( 'NONE',  ( -1.000000000000000000, -2.832201593431512852E-15, 0.000000000000000000 ) ) ;
#381 = VECTOR ( 'NONE', #39, 100.0000000000000000 ) ;
#382 = ORIENTED_EDGE ( 'NONE', *, *, #1720, .T. ) ;
#383 = CARTESIAN_POINT ( 'NONE',  ( 17.10999999999997456, -19.20000000000002416, 4.048405430711603969 ) ) ;
#384 = AXIS2_PLACEMENT_3D ( 'NONE', #1259, #799, #957 ) ;
#385 = CARTESIAN_POINT ( 'NONE',  ( 29.67309679075439988, -0.6000000000000005329, 5.640000000000002345 ) ) ;
#386 = CARTESIAN_POINT ( 'NONE',  ( 19.20999999999999730, -2.209999999999989750, 0.000000000000000000 ) ) ;
#387 = VECTOR ( 'NONE', #919, 100.0000000000000000 ) ;
#388 = DIRECTION ( 'NONE',  ( 0.000000000000000000, 0.000000000000000000, -1.000000000000000000 ) ) ;
#389 = VERTEX_POINT ( 'NONE', #1525 ) ;
#390 = DIRECTION ( 'NONE',  ( 0.000000000000000000, -1.000000000000000000, 0.000000000000000000 ) ) ;
#391 = ORIENTED_EDGE ( 'NONE', *, *, #1770, .F. ) ;
#392 = EDGE_CURVE ( 'NONE', #1924, #1286, #1678, .T. ) ;
#393 = DIRECTION ( 'NONE',  ( 1.000000000000000000, 0.000000000000000000, 0.000000000000000000 ) ) ;
#394 = ORIENTED_EDGE ( 'NONE', *, *, #205, .T. ) ;
#395 = LINE ( 'NONE', #1214, #1205 ) ;
#396 = PLANE ( 'NONE',  #2098 ) ;
#397 = ORIENTED_EDGE ( 'NONE', *, *, #2038, .T. ) ;
#398 = CARTESIAN_POINT ( 'NONE',  ( 26.59026356423000337, -0.5999999999999949818, 5.640000000000006786 ) ) ;
#399 = CARTESIAN_POINT ( 'NONE',  ( 17.21000000000000441, -17.88000000000000256, -9.205366787092825221E-16 ) ) ;
#400 = DIRECTION ( 'NONE',  ( 1.000000000000000000, 0.000000000000000000, 0.000000000000000000 ) ) ;
#401 = ORIENTED_EDGE ( 'NONE', *, *, #671, .T. ) ;
#402 = CARTESIAN_POINT ( 'NONE',  ( 36.09000000000000341, -2.229999999999987548, 0.09999999999999456546 ) ) ;
#403 = VERTEX_POINT ( 'NONE', #1876 ) ;
#404 = CARTESIAN_POINT ( 'NONE',  ( 35.07000000000000028, 1.665334536937734811E-14, 8.297929775280900699 ) ) ;
#405 = ADVANCED_FACE ( 'NONE', ( #737 ), #1544, .F. ) ;
#406 = DIRECTION ( 'NONE',  ( 0.000000000000000000, 0.000000000000000000, -1.000000000000000000 ) ) ;
#407 = EDGE_LOOP ( 'NONE', ( #1220, #680, #310, #9 ) ) ;
#408 = ORIENTED_EDGE ( 'NONE', *, *, #1647, .F. ) ;
#409 = EDGE_CURVE ( 'NONE', #1395, #1081, #80, .T. ) ;
#410 = FACE_OUTER_BOUND ( 'NONE', #792, .T. ) ;
#411 = DIRECTION ( 'NONE',  ( 8.673617379884035472E-17, 0.000000000000000000, -1.000000000000000000 ) ) ;
#412 = VERTEX_POINT ( 'NONE', #1026 ) ;
#413 = LINE ( 'NONE', #1884, #17 ) ;
#414 = VECTOR ( 'NONE', #1831, 100.0000000000000000 ) ;
#415 = VECTOR ( 'NONE', #171, 100.0000000000000000 ) ;
#416 = CARTESIAN_POINT ( 'NONE',  ( 28.27364646962703887, -17.99999999999999289, 5.039999999999992042 ) ) ;
#417 = CARTESIAN_POINT ( 'NONE',  ( 26.37245745943812381, -19.19999999999999929, 6.240000000000012648 ) ) ;
#418 = CARTESIAN_POINT ( 'NONE',  ( 30.50566987749120429, -18.60000000000000497, -5.696238971870767998 ) ) ;
#419 = EDGE_CURVE ( 'NONE', #1144, #948, #59, .T. ) ;
#420 = AXIS2_PLACEMENT_3D ( 'NONE', #2021, #881, #1015 ) ;
#421 = DIRECTION ( 'NONE',  ( -1.000000000000000000, 0.000000000000000000, 0.000000000000000000 ) ) ;
#422 = ORIENTED_EDGE ( 'NONE', *, *, #1548, .T. ) ;
#423 = VERTEX_POINT ( 'NONE', #404 ) ;
#424 = PLANE ( 'NONE',  #258 ) ;
#425 = ORIENTED_EDGE ( 'NONE', *, *, #75, .T. ) ;
#426 = DIRECTION ( 'NONE',  ( 0.000000000000000000, -1.000000000000000000, 0.000000000000000000 ) ) ;
#427 = CARTESIAN_POINT ( 'NONE',  ( 19.21000000000000085, -17.08999999999999986, 0.000000000000000000 ) ) ;
#428 = EDGE_CURVE ( 'NONE', #423, #1572, #1199, .T. ) ;
#429 = CARTESIAN_POINT ( 'NONE',  ( 36.09000000000000341, -16.96999999999999886, 12.63499999999999979 ) ) ;
#430 = EDGE_LOOP ( 'NONE', ( #1885, #1988 ) ) ;
#431 = EDGE_CURVE ( 'NONE', #307, #1164, #765, .T. ) ;
#432 = EDGE_LOOP ( 'NONE', ( #101, #660, #1301, #62 ) ) ;
#433 = DIRECTION ( 'NONE',  ( 1.394752543498940254E-15, -1.000000000000000000, 0.000000000000000000 ) ) ;
#434 = ORIENTED_EDGE ( 'NONE', *, *, #245, .F. ) ;
#435 = LINE ( 'NONE', #1771, #316 ) ;
#436 = CARTESIAN_POINT ( 'NONE',  ( 26.59026356423000337, -18.60000000000000497, 5.640000000000011227 ) ) ;
#437 = CARTESIAN_POINT ( 'NONE',  ( 35.07000000000000028, -19.20000000000000284, 8.297929775280900699 ) ) ;
#438 = EDGE_CURVE ( 'NONE', #2086, #1641, #1039, .T. ) ;
#439 = ORIENTED_EDGE ( 'NONE', *, *, #1710, .F. ) ;
#440 = EDGE_CURVE ( 'NONE', #931, #173, #395, .T. ) ;
#441 = ORIENTED_EDGE ( 'NONE', *, *, #1690, .F. ) ;
#442 = DIRECTION ( 'NONE',  ( -4.770334648313475045E-16, -0.3420201433256678802, -0.9396926207859087610 ) ) ;
#443 = ORIENTED_EDGE ( 'NONE', *, *, #2095, .T. ) ;
#444 = CYLINDRICAL_SURFACE ( 'NONE', #1644, 0.3000000000000070388 ) ;
#445 = VECTOR ( 'NONE', #686, 100.0000000000000000 ) ;
#446 = DIRECTION ( 'NONE',  ( -0.7071067811865279218, -0.000000000000000000, -0.7071067811865671127 ) ) ;
#447 = VECTOR ( 'NONE', #1432, 100.0000000000000000 ) ;
#448 = PLANE ( 'NONE',  #287 ) ;
#449 = DIRECTION ( 'NONE',  ( -1.394752543498940254E-15, -1.000000000000000000, 0.000000000000000000 ) ) ;
#450 = ORIENTED_EDGE ( 'NONE', *, *, #524, .F. ) ;
#451 = VECTOR ( 'NONE', #139, 100.0000000000000142 ) ;
#452 = ORIENTED_EDGE ( 'NONE', *, *, #551, .T. ) ;
#453 = ORIENTED_EDGE ( 'NONE', *, *, #1284, .T. ) ;
#454 = ADVANCED_FACE ( 'NONE', ( #70 ), #1865, .T. ) ;
#455 = PLANE ( 'NONE',  #1992 ) ;
#456 = ORIENTED_EDGE ( 'NONE', *, *, #727, .T. ) ;
#457 = CARTESIAN_POINT ( 'NONE',  ( 27.32009424699126754, -0.5999999999999949818, 6.464220801699154251 ) ) ;
#458 = CARTESIAN_POINT ( 'NONE',  ( 30.21373063398736747, -18.60000000000000497, -5.765314858418912891 ) ) ;
#459 = ORIENTED_EDGE ( 'NONE', *, *, #1394, .F. ) ;
#460 = DIRECTION ( 'NONE',  ( 0.000000000000000000, -1.000000000000000000, 0.000000000000000000 ) ) ;
#461 = FACE_OUTER_BOUND ( 'NONE', #2069, .T. ) ;
#462 = ORIENTED_EDGE ( 'NONE', *, *, #1381, .F. ) ;
#463 = CARTESIAN_POINT ( 'NONE',  ( 37.07000000000000028, -2.229999999999984883, 0.09999999999999453770 ) ) ;
#464 = EDGE_LOOP ( 'NONE', ( #1779, #1312, #1706, #1513 ) ) ;
#465 = EDGE_CURVE ( 'NONE', #813, #1144, #1693, .T. ) ;
#466 = CARTESIAN_POINT ( 'NONE',  ( 29.04597365997205571, -0.5999999999999949818, -6.041618404611488025 ) ) ;
#467 = CARTESIAN_POINT ( 'NONE',  ( 34.96999999999999886, -1.319999999999998952, 0.000000000000000000 ) ) ;
#468 = ADVANCED_FACE ( 'NONE', ( #1632 ), #992, .T. ) ;
#469 = DIRECTION ( 'NONE',  ( 1.000000000000000000, 0.000000000000000000, 0.000000000000000000 ) ) ;
#470 = DIRECTION ( 'NONE',  ( 0.000000000000000000, 1.000000000000000000, 0.000000000000000000 ) ) ;
#471 = VERTEX_POINT ( 'NONE', #517 ) ;
#472 = LINE ( 'NONE', #633, #1555 ) ;
#473 = EDGE_LOOP ( 'NONE', ( #1304, #1521, #246, #1557 ) ) ;
#474 = CARTESIAN_POINT ( 'NONE',  ( 0.000000000000000000, -1.219999999999998863, 0.3747477419454632308 ) ) ;
#475 = CARTESIAN_POINT ( 'NONE',  ( 25.86039802947211896, -0.5999999999999949818, 6.118841368958434224 ) ) ;
#476 = VECTOR ( 'NONE', #1388, 100.0000000000000000 ) ;
#477 = ADVANCED_FACE ( 'NONE', ( #849 ), #1014, .T. ) ;
#478 = CARTESIAN_POINT ( 'NONE',  ( 0.000000000000000000, -19.19999999999999929, 0.000000000000000000 ) ) ;
#479 = VECTOR ( 'NONE', #1835, 100.0000000000000000 ) ;
#480 = CARTESIAN_POINT ( 'NONE',  ( 36.18999999999999773, -3.329999999999985860, 0.000000000000000000 ) ) ;
#481 = ORIENTED_EDGE ( 'NONE', *, *, #983, .F. ) ;
#482 = VECTOR ( 'NONE', #315, 100.0000000000000142 ) ;
#483 = VECTOR ( 'NONE', #154, 100.0000000000000000 ) ;
#484 = CARTESIAN_POINT ( 'NONE',  ( 11.99333333333333584, -22.08666666666666956, -5.996666666666667922 ) ) ;
#485 = VERTEX_POINT ( 'NONE', #1360 ) ;
#486 = AXIS2_PLACEMENT_3D ( 'NONE', #1148, #1483, #169 ) ;
#487 = LINE ( 'NONE', #522, #1511 ) ;
#488 = DIRECTION ( 'NONE',  ( -0.2302529551604794722, 0.000000000000000000, 0.9731308116794300522 ) ) ;
#489 = ORIENTED_EDGE ( 'NONE', *, *, #18, .T. ) ;
#490 = VECTOR ( 'NONE', #605, 100.0000000000000142 ) ;
#491 = FACE_OUTER_BOUND ( 'NONE', #1115, .T. ) ;
#492 = CARTESIAN_POINT ( 'NONE',  ( 23.31333333333289914, -4.213333333332905717, -11.65666666666644957 ) ) ;
#493 = VERTEX_POINT ( 'NONE', #678 ) ;
#494 = EDGE_CURVE ( 'NONE', #1577, #1395, #360, .T. ) ;
#495 = CIRCLE ( 'NONE', #330, 0.3000000000000070388 ) ;
#496 = CARTESIAN_POINT ( 'NONE',  ( 17.11000000000000298, -17.98000000000000043, 4.048405430711610187 ) ) ;
#497 = EDGE_LOOP ( 'NONE', ( #1343, #1363, #2059, #712 ) ) ;
#498 = ORIENTED_EDGE ( 'NONE', *, *, #440, .F. ) ;
#499 = EDGE_CURVE ( 'NONE', #1942, #1643, #1663, .T. ) ;
#500 = PLANE ( 'NONE',  #51 ) ;
#501 = VERTEX_POINT ( 'NONE', #10 ) ;
#502 = CARTESIAN_POINT ( 'NONE',  ( 17.10999999999999588, -3.209999999999987974, 12.63499999999999979 ) ) ;
#503 = DIRECTION ( 'NONE',  ( 0.2302529551604794444, 0.000000000000000000, -0.9731308116794299412 ) ) ;
#504 = PLANE ( 'NONE',  #181 ) ;
#505 = CARTESIAN_POINT ( 'NONE',  ( 11.47333333333331140, -8.846666666666658685, 5.736666666666669911 ) ) ;
#506 = VERTEX_POINT ( 'NONE', #1498 ) ;
#507 = DIRECTION ( 'NONE',  ( 0.2302529551604794444, 0.000000000000000000, -0.9731308116794300522 ) ) ;
#508 = ADVANCED_FACE ( 'NONE', ( #206 ), #349, .T. ) ;
#509 = EDGE_CURVE ( 'NONE', #347, #954, #1966, .T. ) ;
#510 = DIRECTION ( 'NONE',  ( 0.9731308116794299412, 0.000000000000000000, 0.2302529551604793612 ) ) ;
#511 = ORIENTED_EDGE ( 'NONE', *, *, #937, .F. ) ;
#512 = DIRECTION ( 'NONE',  ( 0.000000000000000000, -0.9396926207859087610, 0.3420201433256678802 ) ) ;
#513 = CARTESIAN_POINT ( 'NONE',  ( 34.49199099467208640, -17.23499999999997101, 7.834900266628825882 ) ) ;
#514 = DIRECTION ( 'NONE',  ( -0.000000000000000000, 1.000000000000000000, 0.000000000000000000 ) ) ;
#515 = LINE ( 'NONE', #492, #1076 ) ;
#516 = AXIS2_PLACEMENT_3D ( 'NONE', #1687, #1031, #1540 ) ;
#517 = CARTESIAN_POINT ( 'NONE',  ( 36.18999999999999773, -15.87000000000000099, 0.000000000000000000 ) ) ;
#518 = VECTOR ( 'NONE', #923, 100.0000000000000000 ) ;
#519 = AXIS2_PLACEMENT_3D ( 'NONE', #2101, #1576, #112 ) ;
#520 = CARTESIAN_POINT ( 'NONE',  ( 0.000000000000000000, -3.209999999999987974, 0.000000000000000000 ) ) ;
#521 = ORIENTED_EDGE ( 'NONE', *, *, #419, .T. ) ;
#522 = CARTESIAN_POINT ( 'NONE',  ( 35.07000000000000028, -1.319999999999998952, 0.09999999999999453770 ) ) ;
#523 = VECTOR ( 'NONE', #573, 100.0000000000000000 ) ;
#524 = EDGE_CURVE ( 'NONE', #207, #329, #197, .T. ) ;
#525 = DIRECTION ( 'NONE',  ( 1.000000000000000000, 0.000000000000000000, 0.000000000000000000 ) ) ;
#526 = CARTESIAN_POINT ( 'NONE',  ( 35.07000000000000028, -15.97000000000000064, 0.09999999999999453770 ) ) ;
#527 = FACE_OUTER_BOUND ( 'NONE', #155, .T. ) ;
#528 =( BOUNDED_CURVE ( )  B_SPLINE_CURVE ( 3, ( #1418, #416, #591, #1729 ),
 .UNSPECIFIED., .F., .T. ) 
 B_SPLINE_CURVE_WITH_KNOTS ( ( 4, 4 ),
 ( 1.797104947649392326, 4.938697601239184998 ),
 .UNSPECIFIED. ) 
 CURVE ( )  GEOMETRIC_REPRESENTATION_ITEM ( )  RATIONAL_B_SPLINE_CURVE ( ( 1.000000000000000000, 0.3333333333333335369, 0.3333333333333335369, 1.000000000000000000 ) ) 
 REPRESENTATION_ITEM ( '' )  );
#529 = CARTESIAN_POINT ( 'NONE',  ( 24.64666666666620998, -4.546666666666212109, -12.32333333333310499 ) ) ;
#530 = ORIENTED_EDGE ( 'NONE', *, *, #1877, .T. ) ;
#531 = FACE_OUTER_BOUND ( 'NONE', #1864, .T. ) ;
#532 = ORIENTED_EDGE ( 'NONE', *, *, #499, .T. ) ;
#533 = DIRECTION ( 'NONE',  ( -0.9731308116794302743, 0.000000000000000000, -0.2302529551604779456 ) ) ;
#534 = EDGE_CURVE ( 'NONE', #841, #1674, #2008, .T. ) ;
#535 = VERTEX_POINT ( 'NONE', #496 ) ;
#536 = LINE ( 'NONE', #567, #657 ) ;
#537 = ORIENTED_EDGE ( 'NONE', *, *, #1077, .T. ) ;
#538 = EDGE_CURVE ( 'NONE', #935, #1708, #711, .T. ) ;
#539 = CARTESIAN_POINT ( 'NONE',  ( 17.10999999999999588, -3.209999999999987974, 0.1000000000000000888 ) ) ;
#540 = DIRECTION ( 'NONE',  ( 0.000000000000000000, 0.000000000000000000, -1.000000000000000000 ) ) ;
#541 = VERTEX_POINT ( 'NONE', #1150 ) ;
#542 = APPLICATION_CONTEXT ( 'automotive_design' ) ;
#543 = CARTESIAN_POINT ( 'NONE',  ( 36.09000000000000341, -15.97000000000000064, 12.63499999999999979 ) ) ;
#544 = ORIENTED_EDGE ( 'NONE', *, *, #742, .T. ) ;
#545 = DIRECTION ( 'NONE',  ( 0.000000000000000000, 0.7071067811865475727, -0.7071067811865475727 ) ) ;
#546 = CARTESIAN_POINT ( 'NONE',  ( 29.07172970801424938, -0.6000000000000005329, 6.878676120988018283 ) ) ;
#547 = ORIENTED_EDGE ( 'NONE', *, *, #256, .F. ) ;
#548 = PLANE ( 'NONE',  #1595 ) ;
#549 = DIRECTION ( 'NONE',  ( -0.2302529551604794722, 0.000000000000000000, 0.9731308116794300522 ) ) ;
#550 = ORIENTED_EDGE ( 'NONE', *, *, #884, .F. ) ;
#551 = EDGE_CURVE ( 'NONE', #2022, #554, #1974, .T. ) ;
#552 = DIRECTION ( 'NONE',  ( 0.000000000000000000, 1.000000000000000000, 0.000000000000000000 ) ) ;
#553 = VECTOR ( 'NONE', #1978, 100.0000000000000000 ) ;
#554 = VERTEX_POINT ( 'NONE', #858 ) ;
#555 = VECTOR ( 'NONE', #790, 100.0000000000000000 ) ;
#556 = DIRECTION ( 'NONE',  ( -1.000000000000000000, 0.000000000000000000, 0.000000000000000000 ) ) ;
#557 = CIRCLE ( 'NONE', #348, 0.3000000000000070388 ) ;
#558 = ORIENTED_EDGE ( 'NONE', *, *, #1938, .F. ) ;
#559 = CARTESIAN_POINT ( 'NONE',  ( 17.10999999999999588, -3.109999999999987885, 0.000000000000000000 ) ) ;
#560 = EDGE_CURVE ( 'NONE', #689, #764, #837, .T. ) ;
#561 = AXIS2_PLACEMENT_3D ( 'NONE', #1296, #818, #38 ) ;
#562 = DIRECTION ( 'NONE',  ( 1.877914453019546570E-16, -1.000000000000000000, 0.000000000000000000 ) ) ;
#563 = ORIENTED_EDGE ( 'NONE', *, *, #1482, .F. ) ;
#564 = VECTOR ( 'NONE', #510, 100.0000000000000142 ) ;
#565 = CARTESIAN_POINT ( 'NONE',  ( 35.07000000000000028, -3.229999999999985771, 12.63499999999999979 ) ) ;
#566 = AXIS2_PLACEMENT_3D ( 'NONE', #847, #204, #1469 ) ;
#567 = CARTESIAN_POINT ( 'NONE',  ( 0.000000000000000000, -16.98999999999999844, 0.000000000000000000 ) ) ;
#568 = VERTEX_POINT ( 'NONE', #41 ) ;
#569 = CARTESIAN_POINT ( 'NONE',  ( 0.000000000000000000, 0.000000000000000000, 0.000000000000000000 ) ) ;
#570 = CARTESIAN_POINT ( 'NONE',  ( 24.12666666666625659, 9.733333333333781923, 12.06333333333307856 ) ) ;
#571 = EDGE_CURVE ( 'NONE', #1038, #1453, #1349, .T. ) ;
#572 = ORIENTED_EDGE ( 'NONE', *, *, #1497, .T. ) ;
#573 = DIRECTION ( 'NONE',  ( 0.000000000000000000, 0.000000000000000000, -1.000000000000000000 ) ) ;
#574 = EDGE_CURVE ( 'NONE', #389, #1286, #557, .T. ) ;
#575 = ORIENTED_EDGE ( 'NONE', *, *, #1294, .F. ) ;
#576 = DIRECTION ( 'NONE',  ( 1.000000000000000000, 0.000000000000000000, 0.000000000000000000 ) ) ;
#577 = CARTESIAN_POINT ( 'NONE',  ( 26.44829727209516790, -19.20000000000001705, 6.240000000000028635 ) ) ;
#578 = ORIENTED_EDGE ( 'NONE', *, *, #771, .F. ) ;
#579 = CARTESIAN_POINT ( 'NONE',  ( 35.07000000000000028, -1.319999999999998952, 0.1000000000000000472 ) ) ;
#580 = DIRECTION ( 'NONE',  ( 0.000000000000000000, 1.000000000000000000, 0.000000000000000000 ) ) ;
#581 = DIRECTION ( 'NONE',  ( -1.000000000000000000, -2.832201593431512852E-15, 0.000000000000000000 ) ) ;
#582 = ORIENTED_EDGE ( 'NONE', *, *, #974, .T. ) ;
#583 = DIRECTION ( 'NONE',  ( 1.877914453019546570E-16, -1.000000000000000000, 0.000000000000000000 ) ) ;
#584 = VERTEX_POINT ( 'NONE', #867 ) ;
#585 = EDGE_CURVE ( 'NONE', #861, #786, #1519, .T. ) ;
#586 = CARTESIAN_POINT ( 'NONE',  ( 34.41888568140863214, -17.23499999999997101, 8.143869299337044509 ) ) ;
#587 = LINE ( 'NONE', #2043, #201 ) ;
#588 = FACE_BOUND ( 'NONE', #1358, .T. ) ;
#589 = ORIENTED_EDGE ( 'NONE', *, *, #1309, .T. ) ;
#590 = VECTOR ( 'NONE', #1989, 100.0000000000000142 ) ;
#591 = CARTESIAN_POINT ( 'NONE',  ( 27.65707982432214607, -17.99999999999999289, 5.039999999999992042 ) ) ;
#592 = ORIENTED_EDGE ( 'NONE', *, *, #2085, .F. ) ;
#593 = ADVANCED_FACE ( 'NONE', ( #1859 ), #753, .T. ) ;
#594 = CARTESIAN_POINT ( 'NONE',  ( 21.21630391768896828, -17.98000000000000043, 5.020000000000000462 ) ) ;
#595 = LINE ( 'NONE', #1579, #1683 ) ;
#596 = EDGE_CURVE ( 'NONE', #1286, #389, #1681, .T. ) ;
#597 = VECTOR ( 'NONE', #953, 100.0000000000000000 ) ;
#598 = DIRECTION ( 'NONE',  ( 0.000000000000000000, 0.9396926207859087610, 0.3420201433256678802 ) ) ;
#599 = VECTOR ( 'NONE', #905, 100.0000000000000142 ) ;
#600 = ORIENTED_EDGE ( 'NONE', *, *, #409, .T. ) ;
#601 = ORIENTED_EDGE ( 'NONE', *, *, #438, .F. ) ;
#602 = AXIS2_PLACEMENT_3D ( 'NONE', #1868, #1043, #426 ) ;
#603 = CARTESIAN_POINT ( 'NONE',  ( 17.99000000000000199, -17.08999999999999986, 0.000000000000000000 ) ) ;
#604 = ORIENTED_EDGE ( 'NONE', *, *, #538, .F. ) ;
#605 = DIRECTION ( 'NONE',  ( -0.2302529551604794444, 0.000000000000000000, 0.9731308116794299412 ) ) ;
#606 = ADVANCED_FACE ( 'NONE', ( #76 ), #1046, .T. ) ;
#607 = CARTESIAN_POINT ( 'NONE',  ( 29.33791290347589253, -18.60000000000000497, -5.972542518063343131 ) ) ;
#608 = EDGE_CURVE ( 'NONE', #1105, #1643, #1882, .T. ) ;
#609 = DIRECTION ( 'NONE',  ( -1.000000000000000000, 0.000000000000000000, 0.000000000000000000 ) ) ;
#610 = ORIENTED_EDGE ( 'NONE', *, *, #280, .T. ) ;
#611 = EDGE_LOOP ( 'NONE', ( #1896, #835, #816, #441 ) ) ;
#612 = CARTESIAN_POINT ( 'NONE',  ( 0.000000000000000000, 0.000000000000000000, 0.000000000000000000 ) ) ;
#613 = ORIENTED_EDGE ( 'NONE', *, *, #1021, .F. ) ;
#614 = CARTESIAN_POINT ( 'NONE',  ( 37.07000000000000028, -16.96999999999999886, 12.63499999999999979 ) ) ;
#615 =( BOUNDED_CURVE ( )  B_SPLINE_CURVE ( 3, ( #1772, #1939, #1607, #1127 ),
 .UNSPECIFIED., .F., .T. ) 
 B_SPLINE_CURVE_WITH_KNOTS ( ( 4, 4 ),
 ( 1.797104947649392326, 4.938697601239184998 ),
 .UNSPECIFIED. ) 
 CURVE ( )  GEOMETRIC_REPRESENTATION_ITEM ( )  RATIONAL_B_SPLINE_CURVE ( ( 1.000000000000000000, 0.3333333333333335369, 0.3333333333333335369, 1.000000000000000000 ) ) 
 REPRESENTATION_ITEM ( '' )  );
#616 = CARTESIAN_POINT ( 'NONE',  ( 26.73222985636483884, -17.99999999999999289, 5.039999999999993818 ) ) ;
#617 = CARTESIAN_POINT ( 'NONE',  ( 34.96999999999999886, -17.88000000000000256, 0.000000000000000000 ) ) ;
#618 = PLANE ( 'NONE',  #1895 ) ;
#619 = VERTEX_POINT ( 'NONE', #892 ) ;
#620 = EDGE_CURVE ( 'NONE', #74, #2115, #227, .T. ) ;
#621 = LINE ( 'NONE', #103, #1894 ) ;
#622 = VECTOR ( 'NONE', #364, 100.0000000000000142 ) ;
#623 = EDGE_LOOP ( 'NONE', ( #1797, #434, #273, #439 ) ) ;
#624 = CARTESIAN_POINT ( 'NONE',  ( 36.09000000000000341, -15.97000000000000064, 8.539272471910114959 ) ) ;
#625 = AXIS2_PLACEMENT_3D ( 'NONE', #299, #952, #138 ) ;
#626 = DIRECTION ( 'NONE',  ( -0.9731308116794302743, 0.000000000000000000, -0.2302529551604779456 ) ) ;
#627 = VECTOR ( 'NONE', #930, 100.0000000000000000 ) ;
#628 = CARTESIAN_POINT ( 'NONE',  ( 18.09000000000000341, -16.98999999999999844, 0.1000000000000000888 ) ) ;
#629 = CARTESIAN_POINT ( 'NONE',  ( 17.21000000000000441, -17.88000000000000256, 0.000000000000000000 ) ) ;
#630 = ORIENTED_EDGE ( 'NONE', *, *, #1833, .T. ) ;
#631 = VECTOR ( 'NONE', #2039, 100.0000000000000142 ) ;
#632 = ADVANCED_FACE ( 'NONE', ( #1403 ), #1080, .T. ) ;
#633 = CARTESIAN_POINT ( 'NONE',  ( 35.41333333333330557, -17.64666666666669315, 0.7766666666666527385 ) ) ;
#634 = VERTEX_POINT ( 'NONE', #1222 ) ;
#635 = DIRECTION ( 'NONE',  ( -0.2302529551604794444, 0.000000000000000000, 0.9731308116794299412 ) ) ;
#636 = DIRECTION ( 'NONE',  ( 0.000000000000000000, 0.000000000000000000, -1.000000000000000000 ) ) ;
#637 = DIRECTION ( 'NONE',  ( -0.7071067811865671127, -0.000000000000000000, -0.7071067811865279218 ) ) ;
#638 = FACE_OUTER_BOUND ( 'NONE', #2088, .T. ) ;
#639 = ORIENTED_EDGE ( 'NONE', *, *, #256, .T. ) ;
#640 = CARTESIAN_POINT ( 'NONE',  ( 29.33791290347589253, -0.5999999999999949818, -5.972542518063343131 ) ) ;
#641 = ORIENTED_EDGE ( 'NONE', *, *, #1407, .T. ) ;
#642 = DIRECTION ( 'NONE',  ( 0.000000000000000000, 1.000000000000000000, 0.000000000000000000 ) ) ;
#643 = EDGE_CURVE ( 'NONE', #1441, #1401, #2054, .T. ) ;
#644 = FACE_BOUND ( 'NONE', #723, .T. ) ;
#645 = CARTESIAN_POINT ( 'NONE',  ( 17.11000000000000298, -17.98000000000000043, 0.3747477419454555703 ) ) ;
#646 = CARTESIAN_POINT ( 'NONE',  ( 19.10999999999999943, -2.209999999999989750, 0.1000000000000000888 ) ) ;
#647 = ORIENTED_EDGE ( 'NONE', *, *, #1137, .T. ) ;
#648 = VERTEX_POINT ( 'NONE', #1700 ) ;
#649 = LINE ( 'NONE', #1303, #839 ) ;
#650 = ORIENTED_EDGE ( 'NONE', *, *, #1990, .T. ) ;
#651 = DIRECTION ( 'NONE',  ( -0.9731308116794302743, 0.000000000000000000, -0.2302529551604779456 ) ) ;
#652 = CARTESIAN_POINT ( 'NONE',  ( 0.000000000000000000, -17.98000000000000043, 0.000000000000000000 ) ) ;
#653 = ADVANCED_FACE ( 'NONE', ( #1712 ), #1383, .F. ) ;
#654 = VERTEX_POINT ( 'NONE', #1563 ) ;
#655 = AXIS2_PLACEMENT_3D ( 'NONE', #2001, #2024, #533 ) ;
#656 = CARTESIAN_POINT ( 'NONE',  ( 17.10999999999999943, -15.99000000000000199, 0.1000000000000000888 ) ) ;
#657 = VECTOR ( 'NONE', #741, 100.0000000000000142 ) ;
#658 = ADVANCED_FACE ( 'NONE', ( #906 ), #1067, .T. ) ;
#659 = DIRECTION ( 'NONE',  ( 0.000000000000000000, 0.000000000000000000, -1.000000000000000000 ) ) ;
#660 = ORIENTED_EDGE ( 'NONE', *, *, #771, .T. ) ;
#661 = AXIS2_PLACEMENT_3D ( 'NONE', #1288, #1087, #1411 ) ;
#662 = DIRECTION ( 'NONE',  ( 1.000000000000000000, 0.000000000000000000, 0.000000000000000000 ) ) ;
#663 = ORIENTED_EDGE ( 'NONE', *, *, #1211, .T. ) ;
#664 = PRESENTATION_LAYER_ASSIGNMENT (  '', '', ( #85 ) ) ;
#665 = CIRCLE ( 'NONE', #291, 0.3000000000000070388 ) ;
#666 = CARTESIAN_POINT ( 'NONE',  ( 35.07000000000000028, 1.665334536937734811E-14, 12.63499999999999979 ) ) ;
#667 = EDGE_LOOP ( 'NONE', ( #24, #1089, #1677, #650 ) ) ;
#668 = DIRECTION ( 'NONE',  ( 1.000000000000000000, 0.000000000000000000, 0.000000000000000000 ) ) ;
#669 = CARTESIAN_POINT ( 'NONE',  ( 19.63228350032719405, -17.23499999999997101, 4.318937641328306043 ) ) ;
#670 = EDGE_LOOP ( 'NONE', ( #1883, #729, #1223, #1445 ) ) ;
#671 = EDGE_CURVE ( 'NONE', #535, #1470, #2035, .T. ) ;
#672 = VECTOR ( 'NONE', #1295, 100.0000000000000000 ) ;
#673 = CARTESIAN_POINT ( 'NONE',  ( 17.20999999999998664, -1.319999999999998952, 1.246908773888054450E-14 ) ) ;
#674 = CARTESIAN_POINT ( 'NONE',  ( 26.11566321105994604, -1.200000000000005285, 5.039999999999989377 ) ) ;
#675 =( BOUNDED_CURVE ( )  B_SPLINE_CURVE ( 3, ( #436, #616, #1740, #298 ),
 .UNSPECIFIED., .F., .T. ) 
 B_SPLINE_CURVE_WITH_KNOTS ( ( 4, 4 ),
 ( 1.797104947649392326, 4.938697601239184998 ),
 .UNSPECIFIED. ) 
 CURVE ( )  GEOMETRIC_REPRESENTATION_ITEM ( )  RATIONAL_B_SPLINE_CURVE ( ( 1.000000000000000000, 0.3333333333333335369, 0.3333333333333335369, 1.000000000000000000 ) ) 
 REPRESENTATION_ITEM ( '' )  );
#676 = ORIENTED_EDGE ( 'NONE', *, *, #1565, .F. ) ;
#677 = ADVANCED_FACE ( 'NONE', ( #1531, #1552, #588, #1393 ), #261, .F. ) ;
#678 = CARTESIAN_POINT ( 'NONE',  ( 34.96999999999999886, -15.87000000000000099, 0.000000000000000000 ) ) ;
#679 = CARTESIAN_POINT ( 'NONE',  ( 36.09000000000000341, -19.19999999999999929, 8.539272471910111406 ) ) ;
#680 = ORIENTED_EDGE ( 'NONE', *, *, #75, .F. ) ;
#681 = DIRECTION ( 'NONE',  ( 1.000000000000000000, 0.000000000000000000, 0.000000000000000000 ) ) ;
#682 = CARTESIAN_POINT ( 'NONE',  ( -4.551436125827771515E-14, -2.230000000000090132, -1.076917517787151570E-14 ) ) ;
#683 = DIRECTION ( 'NONE',  ( 0.7071067811865279218, 0.000000000000000000, -0.7071067811865671127 ) ) ;
#684 = CARTESIAN_POINT ( 'NONE',  ( 36.09000000000000341, -2.229999999999987548, 12.63499999999999979 ) ) ;
#685 = PLANE ( 'NONE',  #1119 ) ;
#686 = DIRECTION ( 'NONE',  ( 0.000000000000000000, -1.000000000000000000, 0.000000000000000000 ) ) ;
#687 = ADVANCED_FACE ( 'NONE', ( #96 ), #1892, .T. ) ;
#688 = LINE ( 'NONE', #1372, #2066 ) ;
#689 = VERTEX_POINT ( 'NONE', #1571 ) ;
#690 = DIRECTION ( 'NONE',  ( 0.000000000000000000, -0.3420201433256678802, -0.9396926207859087610 ) ) ;
#691 = LINE ( 'NONE', #682, #1754 ) ;
#692 = ORIENTED_EDGE ( 'NONE', *, *, #161, .T. ) ;
#693 = CARTESIAN_POINT ( 'NONE',  ( 19.11000000000000298, -16.98999999999999844, 4.521626404494381468 ) ) ;
#694 = DIRECTION ( 'NONE',  ( -1.000000000000000000, 0.000000000000000000, 0.000000000000000000 ) ) ;
#695 = AXIS2_PLACEMENT_3D ( 'NONE', #1314, #214, #1983 ) ;
#696 = VECTOR ( 'NONE', #158, 100.0000000000000000 ) ;
#697 = DIRECTION ( 'NONE',  ( -1.000000000000000000, 0.000000000000000000, -8.673617379884035472E-17 ) ) ;
#698 = EDGE_LOOP ( 'NONE', ( #1684, #1574, #1122, #908 ) ) ;
#699 = ADVANCED_FACE ( 'NONE', ( #1195 ), #2064, .F. ) ;
#700 = VECTOR ( 'NONE', #947, 100.0000000000000000 ) ;
#701 = LINE ( 'NONE', #402, #1448 ) ;
#702 = ORIENTED_EDGE ( 'NONE', *, *, #585, .T. ) ;
#703 = CARTESIAN_POINT ( 'NONE',  ( 36.09000000000000341, -15.97000000000000064, 0.09999999999999453770 ) ) ;
#704 = VECTOR ( 'NONE', #1775, 100.0000000000000000 ) ;
#705 = EDGE_CURVE ( 'NONE', #1246, #634, #119, .T. ) ;
#706 = CARTESIAN_POINT ( 'NONE',  ( 35.07000000000000028, -15.97000000000000064, 12.63499999999999979 ) ) ;
#707 = EDGE_LOOP ( 'NONE', ( #1196, #334, #1968, #1085, #521 ) ) ;
#708 = DIRECTION ( 'NONE',  ( -0.7071067811865279218, -0.000000000000000000, -0.7071067811865671127 ) ) ;
#709 = ORIENTED_EDGE ( 'NONE', *, *, #1757, .F. ) ;
#710 = CARTESIAN_POINT ( 'NONE',  ( 18.09000000000000341, -16.98999999999999844, 0.1000000000000000888 ) ) ;
#711 = LINE ( 'NONE', #182, #1273 ) ;
#712 = ORIENTED_EDGE ( 'NONE', *, *, #1975, .T. ) ;
#713 = PLANE ( 'NONE',  #1350 ) ;
#714 = EDGE_LOOP ( 'NONE', ( #733, #888, #133, #955 ) ) ;
#715 = DIRECTION ( 'NONE',  ( 0.000000000000000000, 0.000000000000000000, -1.000000000000000000 ) ) ;
#716 = CARTESIAN_POINT ( 'NONE',  ( 29.05653014544951773, -0.6000000000000005329, 5.640000000000002345 ) ) ;
#717 = EDGE_CURVE ( 'NONE', #2000, #1541, #811, .T. ) ;
#718 = LINE ( 'NONE', #2053, #938 ) ;
#719 = ORIENTED_EDGE ( 'NONE', *, *, #534, .T. ) ;
#720 = CARTESIAN_POINT ( 'NONE',  ( 34.41888568140865345, -1.964999999999972324, 8.143869299337048062 ) ) ;
#721 = DIRECTION ( 'NONE',  ( 1.000000000000000000, 0.000000000000000000, 0.000000000000000000 ) ) ;
#722 = PLANE ( 'NONE',  #420 ) ;
#723 = EDGE_LOOP ( 'NONE', ( #1072, #183 ) ) ;
#724 = CARTESIAN_POINT ( 'NONE',  ( 0.000000000000000000, -16.08999999999999986, 0.000000000000000000 ) ) ;
#725 = CARTESIAN_POINT ( 'NONE',  ( 34.96999999999999886, -3.329999999999985860, 0.000000000000000000 ) ) ;
#726 = LINE ( 'NONE', #922, #1698 ) ;
#727 = EDGE_CURVE ( 'NONE', #1414, #1816, #1439, .T. ) ;
#728 = CARTESIAN_POINT ( 'NONE',  ( 36.97000000000000597, -16.86999999999999744, 0.000000000000000000 ) ) ;
#729 = ORIENTED_EDGE ( 'NONE', *, *, #1369, .T. ) ;
#730 = APPLICATION_PROTOCOL_DEFINITION ( 'draft international standard', 'automotive_design', 1998, #1426 ) ;
#731 = ADVANCED_FACE ( 'NONE', ( #1940 ), #448, .F. ) ;
#732 = VECTOR ( 'NONE', #1471, 100.0000000000000000 ) ;
#733 = ORIENTED_EDGE ( 'NONE', *, *, #1021, .T. ) ;
#734 = VECTOR ( 'NONE', #308, 100.0000000000000000 ) ;
#735 = CARTESIAN_POINT ( 'NONE',  ( 35.07000000000000028, -17.98000000000000043, 0.3747477419454632308 ) ) ;
#736 = VERTEX_POINT ( 'NONE', #437 ) ;
#737 = FACE_OUTER_BOUND ( 'NONE', #902, .T. ) ;
#738 = VECTOR ( 'NONE', #1669, 100.0000000000000142 ) ;
#739 = CARTESIAN_POINT ( 'NONE',  ( 0.000000000000000000, -17.98000000000000043, 0.3747477419454632308 ) ) ;
#740 = CYLINDRICAL_SURFACE ( 'NONE', #1493, 0.3000000000000070388 ) ;
#741 = DIRECTION ( 'NONE',  ( 0.9731308116794299412, 0.000000000000000000, 0.2302529551604793612 ) ) ;
#742 = EDGE_CURVE ( 'NONE', #535, #963, #1097, .T. ) ;
#743 = DIRECTION ( 'NONE',  ( 0.000000000000000000, -1.000000000000000000, 0.000000000000000000 ) ) ;
#744 = ORIENTED_EDGE ( 'NONE', *, *, #1660, .T. ) ;
#745 = EDGE_CURVE ( 'NONE', #1338, #2115, #1129, .T. ) ;
#746 = VECTOR ( 'NONE', #1748, 100.0000000000000142 ) ;
#747 = DIRECTION ( 'NONE',  ( -0.2302529551604793612, 0.000000000000000000, 0.9731308116794299412 ) ) ;
#748 = ORIENTED_EDGE ( 'NONE', *, *, #1612, .T. ) ;
#749 = CARTESIAN_POINT ( 'NONE',  ( 35.07000000000000028, -1.219999999999998863, 0.3747477419454636749 ) ) ;
#750 = CARTESIAN_POINT ( 'NONE',  ( 34.17085782681789397, -16.90499999999999403, 7.758916791425877868 ) ) ;
#751 = LINE ( 'NONE', #1731, #1514 ) ;
#752 = PRODUCT_CONTEXT ( 'NONE', #542, 'mechanical' ) ;
#753 = PLANE ( 'NONE',  #516 ) ;
#754 = ORIENTED_EDGE ( 'NONE', *, *, #1947, .F. ) ;
#755 = EDGE_CURVE ( 'NONE', #72, #1081, #2092, .T. ) ;
#756 = LINE ( 'NONE', #1933, #1074 ) ;
#757 = EDGE_LOOP ( 'NONE', ( #1409, #1880, #2052, #192 ) ) ;
#758 = LINE ( 'NONE', #612, #1005 ) ;
#759 = ORIENTED_EDGE ( 'NONE', *, *, #1900, .T. ) ;
#760 = DIRECTION ( 'NONE',  ( -0.2302529551604794444, 0.000000000000000000, 0.9731308116794299412 ) ) ;
#761 = CARTESIAN_POINT ( 'NONE',  ( 36.18999999999999773, -19.19999999999999929, 0.000000000000000000 ) ) ;
#762 = DIRECTION ( 'NONE',  ( 0.000000000000000000, 1.000000000000000000, -0.000000000000000000 ) ) ;
#763 = EDGE_LOOP ( 'NONE', ( #777, #453, #220, #352 ) ) ;
#764 = VERTEX_POINT ( 'NONE', #1088 ) ;
#765 = CIRCLE ( 'NONE', #655, 0.3000000000000070388 ) ;
#766 = EDGE_CURVE ( 'NONE', #493, #808, #1741, .T. ) ;
#767 = VECTOR ( 'NONE', #1434, 100.0000000000000000 ) ;
#768 = CARTESIAN_POINT ( 'NONE',  ( 17.10999999999999943, -1.319999999999998952, 0.09999999999999996392 ) ) ;
#769 = ORIENTED_EDGE ( 'NONE', *, *, #1355, .T. ) ;
#770 = DIRECTION ( 'NONE',  ( 0.000000000000000000, 1.000000000000000000, 0.000000000000000000 ) ) ;
#771 = EDGE_CURVE ( 'NONE', #1708, #2086, #2074, .T. ) ;
#772 = DIRECTION ( 'NONE',  ( -0.2302529551604794444, 0.000000000000000000, 0.9731308116794299412 ) ) ;
#773 = VECTOR ( 'NONE', #525, 100.0000000000000000 ) ;
#774 = AXIS2_PLACEMENT_3D ( 'NONE', #370, #208, #250 ) ;
#775 = DIRECTION ( 'NONE',  ( -0.9731308116794302743, 0.000000000000000000, -0.2302529551604779456 ) ) ;
#776 =( GEOMETRIC_REPRESENTATION_CONTEXT ( 3 ) GLOBAL_UNCERTAINTY_ASSIGNED_CONTEXT ( ( #894 ) ) GLOBAL_UNIT_ASSIGNED_CONTEXT ( ( #1056, #915, #2033 ) ) REPRESENTATION_CONTEXT ( 'NONE', 'WORKASPACE' ) );
#777 = ORIENTED_EDGE ( 'NONE', *, *, #111, .T. ) ;
#778 = DIRECTION ( 'NONE',  ( 0.000000000000000000, -1.000000000000000000, 0.000000000000000000 ) ) ;
#779 = ORIENTED_EDGE ( 'NONE', *, *, #889, .F. ) ;
#780 = FACE_OUTER_BOUND ( 'NONE', #667, .T. ) ;
#781 = DIRECTION ( 'NONE',  ( 1.000000000000000000, 0.000000000000000000, 0.000000000000000000 ) ) ;
#782 = EDGE_CURVE ( 'NONE', #412, #1038, #289, .T. ) ;
#783 = DIRECTION ( 'NONE',  ( 0.7071067811865475727, 0.000000000000000000, -0.7071067811865475727 ) ) ;
#784 = ORIENTED_EDGE ( 'NONE', *, *, #745, .F. ) ;
#785 =( LENGTH_UNIT ( ) NAMED_UNIT ( * ) SI_UNIT ( .CENTI., .METRE. ) );
#786 = VERTEX_POINT ( 'NONE', #1261 ) ;
#787 = CARTESIAN_POINT ( 'NONE',  ( 34.96999999999999886, -19.19999999999999929, 0.000000000000000000 ) ) ;
#788 = LINE ( 'NONE', #305, #1479 ) ;
#789 = ADVANCED_FACE ( 'NONE', ( #1580 ), #1782, .F. ) ;
#790 = DIRECTION ( 'NONE',  ( 0.000000000000000000, -1.000000000000000000, 0.000000000000000000 ) ) ;
#791 = CARTESIAN_POINT ( 'NONE',  ( 19.95341666818141846, -2.294999999999990159, 4.394921116531270933 ) ) ;
#792 = EDGE_LOOP ( 'NONE', ( #1703, #1373, #2075, #1904 ) ) ;
#793 = ADVANCED_FACE ( 'NONE', ( #130 ), #1763, .T. ) ;
#794 = DIRECTION ( 'NONE',  ( 0.000000000000000000, 0.000000000000000000, -1.000000000000000000 ) ) ;
#795 = AXIS2_PLACEMENT_3D ( 'NONE', #502, #996, #187 ) ;
#796 = ORIENTED_EDGE ( 'NONE', *, *, #1586, .T. ) ;
#797 = DIRECTION ( 'NONE',  ( 1.000000000000000000, 0.000000000000000000, 0.000000000000000000 ) ) ;
#798 = AXIS2_PLACEMENT_3D ( 'NONE', #478, #1948, #337 ) ;
#799 = DIRECTION ( 'NONE',  ( 0.000000000000000000, 1.000000000000000000, -0.000000000000000000 ) ) ;
#800 = DIRECTION ( 'NONE',  ( -0.2302529551604794722, 0.000000000000000000, 0.9731308116794300522 ) ) ;
#801 = CARTESIAN_POINT ( 'NONE',  ( 37.07000000000000028, -16.96999999999999886, 12.63499999999999979 ) ) ;
#802 = PRODUCT_RELATED_PRODUCT_CATEGORY ( 'part', '', ( #1844 ) ) ;
#803 = ORIENTED_EDGE ( 'NONE', *, *, #1309, .F. ) ;
#804 = VECTOR ( 'NONE', #583, 100.0000000000000000 ) ;
#805 = VECTOR ( 'NONE', #2007, 100.0000000000000000 ) ;
#806 = ADVANCED_FACE ( 'NONE', ( #934 ), #2082, .F. ) ;
#807 = LINE ( 'NONE', #640, #1173 ) ;
#808 = VERTEX_POINT ( 'NONE', #617 ) ;
#809 = LINE ( 'NONE', #1457, #2091 ) ;
#810 = CARTESIAN_POINT ( 'NONE',  ( 19.63228350032719405, -1.964999999999972324, 4.318937641328306043 ) ) ;
#811 = LINE ( 'NONE', #1459, #767 ) ;
#812 = CARTESIAN_POINT ( 'NONE',  ( 29.05653014544951773, -0.6000000000000005329, 5.640000000000002345 ) ) ;
#813 = VERTEX_POINT ( 'NONE', #1268 ) ;
#814 = ADVANCED_FACE ( 'NONE', ( #1919 ), #1110, .F. ) ;
#815 = DIRECTION ( 'NONE',  ( -1.394752543498940254E-15, -1.000000000000000000, 0.000000000000000000 ) ) ;
#816 = ORIENTED_EDGE ( 'NONE', *, *, #997, .F. ) ;
#817 = DIRECTION ( 'NONE',  ( 0.9483172516123353768, -0.2243818066314930415, 0.2243818066314954562 ) ) ;
#818 = DIRECTION ( 'NONE',  ( -0.2302529551604794167, 0.000000000000000000, 0.9731308116794300522 ) ) ;
#819 = ORIENTED_EDGE ( 'NONE', *, *, #6, .T. ) ;
#820 = DIRECTION ( 'NONE',  ( 0.000000000000000000, -1.000000000000000000, 0.000000000000000000 ) ) ;
#821 = LINE ( 'NONE', #1825, #1215 ) ;
#822 = ORIENTED_EDGE ( 'NONE', *, *, #1424, .F. ) ;
#823 = ORIENTED_EDGE ( 'NONE', *, *, #1672, .F. ) ;
#824 = LINE ( 'NONE', #1778, #350 ) ;
#825 = VERTEX_POINT ( 'NONE', #1774 ) ;
#826 = EDGE_CURVE ( 'NONE', #1867, #2006, #959, .T. ) ;
#827 = DIRECTION ( 'NONE',  ( 0.000000000000000000, -1.000000000000000000, 0.000000000000000000 ) ) ;
#828 = AXIS2_PLACEMENT_3D ( 'NONE', #1838, #1006, #33 ) ;
#829 = FACE_OUTER_BOUND ( 'NONE', #140, .T. ) ;
#830 = ORIENTED_EDGE ( 'NONE', *, *, #97, .T. ) ;
#831 = EDGE_CURVE ( 'NONE', #1674, #2086, #1449, .T. ) ;
#832 = AXIS2_PLACEMENT_3D ( 'NONE', #248, #2019, #581 ) ;
#833 = DIRECTION ( 'NONE',  ( -1.877914453019546570E-16, 1.000000000000000000, -4.443342530693252295E-17 ) ) ;
#834 = CARTESIAN_POINT ( 'NONE',  ( 29.57828620936730601, -0.6000000000000005329, 4.737788335293272368 ) ) ;
#835 = ORIENTED_EDGE ( 'NONE', *, *, #499, .F. ) ;
#836 = AXIS2_PLACEMENT_3D ( 'NONE', #810, #166, #1979 ) ;
#837 = LINE ( 'NONE', #1486, #1344 ) ;
#838 = ORIENTED_EDGE ( 'NONE', *, *, #937, .T. ) ;
#839 = VECTOR ( 'NONE', #1143, 100.0000000000000000 ) ;
#840 = LINE ( 'NONE', #679, #1760 ) ;
#841 = VERTEX_POINT ( 'NONE', #1670 ) ;
#842 = LINE ( 'NONE', #165, #590 ) ;
#843 = CARTESIAN_POINT ( 'NONE',  ( 36.09000000000000341, -16.96999999999999886, 0.09999999999999453770 ) ) ;
#844 = ORIENTED_EDGE ( 'NONE', *, *, #1575, .T. ) ;
#845 = EDGE_CURVE ( 'NONE', #329, #65, #1019, .T. ) ;
#846 = DIRECTION ( 'NONE',  ( 0.000000000000000000, 1.000000000000000000, 0.000000000000000000 ) ) ;
#847 = CARTESIAN_POINT ( 'NONE',  ( 18.08999999999999986, -3.209999999999987974, 12.63499999999999979 ) ) ;
#848 = LINE ( 'NONE', #1546, #2045 ) ;
#849 = FACE_OUTER_BOUND ( 'NONE', #757, .T. ) ;
#850 = CARTESIAN_POINT ( 'NONE',  ( 18.08999999999999986, -2.109999999999989662, 0.000000000000000000 ) ) ;
#851 = EDGE_LOOP ( 'NONE', ( #164, #991, #498, #132 ) ) ;
#852 = CARTESIAN_POINT ( 'NONE',  ( 27.90397273399893763, -18.60000000000000497, 6.602372574795446702 ) ) ;
#853 = FACE_BOUND ( 'NONE', #2078, .T. ) ;
#854 = ORIENTED_EDGE ( 'NONE', *, *, #1012, .T. ) ;
#855 = CARTESIAN_POINT ( 'NONE',  ( 34.49199099467208640, -17.23499999999997101, 7.834900266628825882 ) ) ;
#856 = LINE ( 'NONE', #684, #1385 ) ;
#857 = EDGE_CURVE ( 'NONE', #1641, #485, #1791, .T. ) ;
#858 = CARTESIAN_POINT ( 'NONE',  ( 18.08999999999999986, -3.209999999999987974, 0.1000000000000000888 ) ) ;
#859 = EDGE_CURVE ( 'NONE', #1395, #1529, #989, .T. ) ;
#860 = CARTESIAN_POINT ( 'NONE',  ( 19.11000000000000298, -16.98999999999999844, 0.1000000000000000888 ) ) ;
#861 = VERTEX_POINT ( 'NONE', #1322 ) ;
#862 = DIRECTION ( 'NONE',  ( 0.000000000000000000, 1.000000000000000000, 0.000000000000000000 ) ) ;
#863 = CARTESIAN_POINT ( 'NONE',  ( 28.91456385331468582, -2.862293735361732100E-15, 6.240000000000006430 ) ) ;
#864 = PLANE ( 'NONE',  #965 ) ;
#865 = FACE_OUTER_BOUND ( 'NONE', #91, .T. ) ;
#866 = VECTOR ( 'NONE', #400, 100.0000000000000000 ) ;
#867 = CARTESIAN_POINT ( 'NONE',  ( 26.59026356423000337, -18.60000000000000497, 5.640000000000011227 ) ) ;
#868 = EDGE_LOOP ( 'NONE', ( #1793, #125, #1734, #995 ) ) ;
#869 = VECTOR ( 'NONE', #84, 100.0000000000000000 ) ;
#870 = ADVANCED_FACE ( 'NONE', ( #1994, #1310, #193, #1962, #1169, #327, #1345, #491 ), #1661, .F. ) ;
#871 = DIRECTION ( 'NONE',  ( -1.394752543498940254E-15, 1.000000000000000000, 0.000000000000000000 ) ) ;
#872 = ORIENTED_EDGE ( 'NONE', *, *, #705, .F. ) ;
#873 = CARTESIAN_POINT ( 'NONE',  ( 18.09000000000000341, -15.99000000000000199, 0.1000000000000000888 ) ) ;
#874 = CIRCLE ( 'NONE', #224, 0.3000000000000012657 ) ;
#875 = PLANE ( 'NONE',  #1416 ) ;
#876 = ORIENTED_EDGE ( 'NONE', *, *, #1421, .T. ) ;
#877 = CARTESIAN_POINT ( 'NONE',  ( 28.77979046451041967, -18.60000000000000142, 6.809600234439875166 ) ) ;
#878 = DIRECTION ( 'NONE',  ( -0.2302529551604794444, 0.000000000000000000, 0.9731308116794299412 ) ) ;
#879 = ORIENTED_EDGE ( 'NONE', *, *, #392, .F. ) ;
#880 = AXIS2_PLACEMENT_3D ( 'NONE', #614, #1617, #1126 ) ;
#881 = DIRECTION ( 'NONE',  ( 0.000000000000000000, 0.7071067811865475727, -0.7071067811865475727 ) ) ;
#882 = ORIENTED_EDGE ( 'NONE', *, *, #1848, .T. ) ;
#883 = CARTESIAN_POINT ( 'NONE',  ( 0.000000000000000000, -1.319999999999998952, 0.000000000000000000 ) ) ;
#884 = EDGE_CURVE ( 'NONE', #1293, #1441, #87, .T. ) ;
#885 = VERTEX_POINT ( 'NONE', #7 ) ;
#886 = CARTESIAN_POINT ( 'NONE',  ( 27.51511353218730704, -0.5999999999999949818, 5.640000000000007674 ) ) ;
#887 = ORIENTED_EDGE ( 'NONE', *, *, #859, .F. ) ;
#888 = ORIENTED_EDGE ( 'NONE', *, *, #782, .T. ) ;
#889 = EDGE_CURVE ( 'NONE', #954, #1500, #1182, .T. ) ;
#890 = DIRECTION ( 'NONE',  ( -0.2302529551604794722, 0.000000000000000000, 0.9731308116794300522 ) ) ;
#891 = ORIENTED_EDGE ( 'NONE', *, *, #560, .T. ) ;
#892 = CARTESIAN_POINT ( 'NONE',  ( 36.09000000000000341, -15.97000000000000064, 0.09999999999999453770 ) ) ;
#893 = ORIENTED_EDGE ( 'NONE', *, *, #560, .F. ) ;
#894 = UNCERTAINTY_MEASURE_WITH_UNIT (LENGTH_MEASURE( 1.000000000000000082E-05 ), #1056, 'distance_accuracy_value', 'NONE');
#895 = CARTESIAN_POINT ( 'NONE',  ( 29.87022545287113573, -0.6000000000000005329, 4.806864221841415485 ) ) ;
#896 = VERTEX_POINT ( 'NONE', #29 ) ;
#897 =( BOUNDED_CURVE ( )  B_SPLINE_CURVE ( 3, ( #1843, #863, #1027, #385 ),
 .UNSPECIFIED., .F., .T. ) 
 B_SPLINE_CURVE_WITH_KNOTS ( ( 4, 4 ),
 ( 4.938697601239184110, 8.080290254828977226 ),
 .UNSPECIFIED. ) 
 CURVE ( )  GEOMETRIC_REPRESENTATION_ITEM ( )  RATIONAL_B_SPLINE_CURVE ( ( 1.000000000000000000, 0.3333333333333333703, 0.3333333333333333703, 1.000000000000000000 ) ) 
 REPRESENTATION_ITEM ( '' )  );
#898 = CARTESIAN_POINT ( 'NONE',  ( 27.61203349049510081, -0.5999999999999949818, 6.533296688247299144 ) ) ;
#899 = CARTESIAN_POINT ( 'NONE',  ( 35.07999999999996277, -16.98000000000004306, 1.109999999999979226 ) ) ;
#900 = ADVANCED_FACE ( 'NONE', ( #367 ), #504, .T. ) ;
#901 = ORIENTED_EDGE ( 'NONE', *, *, #126, .F. ) ;
#902 = EDGE_LOOP ( 'NONE', ( #1029, #1753, #1244, #1098 ) ) ;
#903 = CARTESIAN_POINT ( 'NONE',  ( 36.09000000000000341, -19.19999999999999929, 8.539272471910111406 ) ) ;
#904 = ADVANCED_FACE ( 'NONE', ( #1147 ), #203, .T. ) ;
#905 = DIRECTION ( 'NONE',  ( 0.7071067811865514585, 0.000000000000000000, -0.7071067811865437980 ) ) ;
#906 = FACE_OUTER_BOUND ( 'NONE', #1462, .T. ) ;
#907 = VECTOR ( 'NONE', #37, 100.0000000000000000 ) ;
#908 = ORIENTED_EDGE ( 'NONE', *, *, #1079, .F. ) ;
#909 = LINE ( 'NONE', #735, #1688 ) ;
#910 = ORIENTED_EDGE ( 'NONE', *, *, #1811, .T. ) ;
#911 = PLANE ( 'NONE',  #1348 ) ;
#912 = CIRCLE ( 'NONE', #2100, 0.3000000000000012657 ) ;
#913 = CARTESIAN_POINT ( 'NONE',  ( 35.07000000000000028, -15.97000000000000064, 0.09999999999999453770 ) ) ;
#914 = CARTESIAN_POINT ( 'NONE',  ( 31.34666666666644375, -7.953333333333589827, -5.623333333333248696 ) ) ;
#915 =( NAMED_UNIT ( * ) PLANE_ANGLE_UNIT ( ) SI_UNIT ( $, .RADIAN. ) );
#916 = EDGE_CURVE ( 'NONE', #935, #239, #1331, .T. ) ;
#917 = CARTESIAN_POINT ( 'NONE',  ( 26.15233727297595578, -0.5999999999999949818, 6.187917255506579117 ) ) ;
#918 = ORIENTED_EDGE ( 'NONE', *, *, #1773, .F. ) ;
#919 = DIRECTION ( 'NONE',  ( 0.000000000000000000, 0.000000000000000000, 1.000000000000000000 ) ) ;
#920 = ORIENTED_EDGE ( 'NONE', *, *, #1860, .F. ) ;
#921 = DIRECTION ( 'NONE',  ( -0.9483172516123353768, -0.2243818066314930415, -0.2243818066314954562 ) ) ;
#922 = CARTESIAN_POINT ( 'NONE',  ( 0.000000000000000000, -2.209999999999989750, 0.000000000000000000 ) ) ;
#923 = DIRECTION ( 'NONE',  ( 0.000000000000000000, 0.000000000000000000, -1.000000000000000000 ) ) ;
#924 = LINE ( 'NONE', #399, #599 ) ;
#925 = CARTESIAN_POINT ( 'NONE',  ( 35.07000000000000028, -19.20000000000000284, 12.63499999999999979 ) ) ;
#926 = ADVANCED_FACE ( 'NONE', ( #345 ), #1001, .T. ) ;
#927 = ORIENTED_EDGE ( 'NONE', *, *, #766, .F. ) ;
#928 = ADVANCED_FACE ( 'NONE', ( #1468 ), #864, .F. ) ;
#929 = ORIENTED_EDGE ( 'NONE', *, *, #63, .T. ) ;
#930 = DIRECTION ( 'NONE',  ( 0.000000000000000000, 0.000000000000000000, -1.000000000000000000 ) ) ;
#931 = VERTEX_POINT ( 'NONE', #2113 ) ;
#932 = DIRECTION ( 'NONE',  ( 3.635307873690754858E-16, 1.000000000000000000, 9.088269684226887144E-17 ) ) ;
#933 = PLANE ( 'NONE',  #384 ) ;
#934 = FACE_OUTER_BOUND ( 'NONE', #945, .T. ) ;
#935 = VERTEX_POINT ( 'NONE', #693 ) ;
#936 = ORIENTED_EDGE ( 'NONE', *, *, #1651, .F. ) ;
#937 = EDGE_CURVE ( 'NONE', #207, #1470, #1639, .T. ) ;
#938 = VECTOR ( 'NONE', #2005, 100.0000000000000000 ) ;
#939 = FACE_OUTER_BOUND ( 'NONE', #707, .T. ) ;
#940 = VERTEX_POINT ( 'NONE', #177 ) ;
#941 = DIRECTION ( 'NONE',  ( -1.000000000000000000, 0.000000000000000000, 0.000000000000000000 ) ) ;
#942 = LINE ( 'NONE', #951, #447 ) ;
#943 = AXIS2_PLACEMENT_3D ( 'NONE', #990, #178, #1671 ) ;
#944 = DIRECTION ( 'NONE',  ( 0.000000000000000000, -1.000000000000000000, 0.000000000000000000 ) ) ;
#945 = EDGE_LOOP ( 'NONE', ( #1628, #1802, #929, #1417 ) ) ;
#946 = ORIENTED_EDGE ( 'NONE', *, *, #2108, .F. ) ;
#947 = DIRECTION ( 'NONE',  ( 1.000000000000000000, 0.000000000000000000, 0.000000000000000000 ) ) ;
#948 = VERTEX_POINT ( 'NONE', #1481 ) ;
#949 = EDGE_CURVE ( 'NONE', #1666, #940, #1392, .T. ) ;
#950 = PLANE ( 'NONE',  #115 ) ;
#951 = CARTESIAN_POINT ( 'NONE',  ( 17.99000000000000199, -3.209999999999987974, 0.000000000000000000 ) ) ;
#952 = DIRECTION ( 'NONE',  ( 0.000000000000000000, -1.000000000000000000, 0.000000000000000000 ) ) ;
#953 = DIRECTION ( 'NONE',  ( 1.000000000000000000, 0.000000000000000000, 0.000000000000000000 ) ) ;
#954 = VERTEX_POINT ( 'NONE', #728 ) ;
#955 = ORIENTED_EDGE ( 'NONE', *, *, #1565, .T. ) ;
#956 = LINE ( 'NONE', #1267, #1472 ) ;
#957 = DIRECTION ( 'NONE',  ( -1.000000000000000000, 0.000000000000000000, 0.000000000000000000 ) ) ;
#958 = ADVANCED_FACE ( 'NONE', ( #1881 ), #2016, .T. ) ;
#959 = LINE ( 'NONE', #1609, #1583 ) ;
#960 = PLANE ( 'NONE',  #1993 ) ;
#961 = ORIENTED_EDGE ( 'NONE', *, *, #245, .T. ) ;
#962 = LINE ( 'NONE', #1317, #1389 ) ;
#963 = VERTEX_POINT ( 'NONE', #1357 ) ;
#964 = DIRECTION ( 'NONE',  ( 0.2302529551604794444, 0.000000000000000000, -0.9731308116794300522 ) ) ;
#965 = AXIS2_PLACEMENT_3D ( 'NONE', #855, #19, #1504 ) ;
#966 = FACE_OUTER_BOUND ( 'NONE', #1233, .T. ) ;
#967 = ORIENTED_EDGE ( 'NONE', *, *, #742, .F. ) ;
#968 = VECTOR ( 'NONE', #406, 100.0000000000000000 ) ;
#969 = CARTESIAN_POINT ( 'NONE',  ( 34.96999999999999886, -17.88000000000000256, 0.000000000000000000 ) ) ;
#970 = LINE ( 'NONE', #159, #322 ) ;
#971 = ORIENTED_EDGE ( 'NONE', *, *, #494, .T. ) ;
#972 = VECTOR ( 'NONE', #1282, 100.0000000000000000 ) ;
#973 = EDGE_CURVE ( 'NONE', #1674, #935, #536, .T. ) ;
#974 = EDGE_CURVE ( 'NONE', #1500, #471, #751, .T. ) ;
#975 = DIRECTION ( 'NONE',  ( -0.7071067811865471286, 9.862389815852852257E-16, -0.7071067811865479058 ) ) ;
#976 = ORIENTED_EDGE ( 'NONE', *, *, #1773, .T. ) ;
#977 = CARTESIAN_POINT ( 'NONE',  ( 35.07000000000000028, -1.219999999999998863, 5.019999999999997797 ) ) ;
#978 = DIRECTION ( 'NONE',  ( 0.000000000000000000, -1.000000000000000000, 0.000000000000000000 ) ) ;
#979 = VERTEX_POINT ( 'NONE', #1219 ) ;
#980 = LINE ( 'NONE', #505, #1728 ) ;
#981 = ORIENTED_EDGE ( 'NONE', *, *, #1873, .F. ) ;
#982 = ADVANCED_FACE ( 'NONE', ( #410 ), #1561, .F. ) ;
#983 = EDGE_CURVE ( 'NONE', #1414, #98, #1066, .T. ) ;
#984 = LINE ( 'NONE', #1976, #1619 ) ;
#985 = ORIENTED_EDGE ( 'NONE', *, *, #1716, .F. ) ;
#986 = DIRECTION ( 'NONE',  ( -0.2302529551604794444, 0.000000000000000000, 0.9731308116794300522 ) ) ;
#987 = FACE_BOUND ( 'NONE', #1475, .T. ) ;
#988 = VERTEX_POINT ( 'NONE', #1402 ) ;
#989 = LINE ( 'NONE', #673, #381 ) ;
#990 = CARTESIAN_POINT ( 'NONE',  ( 29.57828620936730601, -18.60000000000000142, 4.737788335293272368 ) ) ;
#991 = ORIENTED_EDGE ( 'NONE', *, *, #1833, .F. ) ;
#992 = PLANE ( 'NONE',  #695 ) ;
#993 = EDGE_LOOP ( 'NONE', ( #1435, #1436, #1747, #748 ) ) ;
#994 = CARTESIAN_POINT ( 'NONE',  ( 35.07000000000000028, -17.98000000000000043, 5.020000000000000462 ) ) ;
#995 = ORIENTED_EDGE ( 'NONE', *, *, #63, .F. ) ;
#996 = DIRECTION ( 'NONE',  ( 0.000000000000000000, -1.000000000000000000, 0.000000000000000000 ) ) ;
#997 = EDGE_CURVE ( 'NONE', #412, #1942, #718, .T. ) ;
#998 = VECTOR ( 'NONE', #576, 100.0000000000000000 ) ;
#999 = LINE ( 'NONE', #513, #288 ) ;
#1000 = VECTOR ( 'NONE', #1299, 100.0000000000000000 ) ;
#1001 = PLANE ( 'NONE',  #1891 ) ;
#1002 = AXIS2_PLACEMENT_3D ( 'NONE', #1447, #1108, #781 ) ;
#1003 = DIRECTION ( 'NONE',  ( -0.5773502691896363892, 0.5773502691896363892, -0.5773502691896044148 ) ) ;
#1004 = ORIENTED_EDGE ( 'NONE', *, *, #353, .F. ) ;
#1005 = VECTOR ( 'NONE', #1408, 100.0000000000000142 ) ;
#1006 = DIRECTION ( 'NONE',  ( 0.000000000000000000, -1.000000000000000000, 0.000000000000000000 ) ) ;
#1007 = ORIENTED_EDGE ( 'NONE', *, *, #1637, .T. ) ;
#1008 = CARTESIAN_POINT ( 'NONE',  ( 37.07000000000000028, -16.96999999999999886, 0.09999999999999453770 ) ) ;
#1009 = CARTESIAN_POINT ( 'NONE',  ( 19.55917818706374334, -1.964999999999972324, 4.627906674036525558 ) ) ;
#1010 = ADVANCED_FACE ( 'NONE', ( #1528 ), #1549, .T. ) ;
#1011 = DIRECTION ( 'NONE',  ( -1.000000000000000000, 0.000000000000000000, 0.000000000000000000 ) ) ;
#1012 = EDGE_CURVE ( 'NONE', #1924, #1140, #1339, .T. ) ;
#1013 = CYLINDRICAL_SURFACE ( 'NONE', #1315, 0.3000000000000012657 ) ;
#1014 = PLANE ( 'NONE',  #1241 ) ;
#1015 = DIRECTION ( 'NONE',  ( -1.000000000000000000, 0.000000000000000000, 0.000000000000000000 ) ) ;
#1016 = ORIENTED_EDGE ( 'NONE', *, *, #983, .T. ) ;
#1017 = CARTESIAN_POINT ( 'NONE',  ( 19.11000000000000298, -2.209999999999989750, 4.521626404494383245 ) ) ;
#1018 = CARTESIAN_POINT ( 'NONE',  ( 27.51511353218730704, -18.60000000000000497, 5.640000000000008562 ) ) ;
#1019 = LINE ( 'NONE', #526, #1415 ) ;
#1020 = DIRECTION ( 'NONE',  ( -0.9731308116794302743, 0.000000000000000000, -0.2302529551604779456 ) ) ;
#1021 = EDGE_CURVE ( 'NONE', #251, #412, #94, .T. ) ;
#1022 = CARTESIAN_POINT ( 'NONE',  ( 0.000000000000000000, -17.88000000000000256, 0.1000000000000000056 ) ) ;
#1023 = ORIENTED_EDGE ( 'NONE', *, *, #1048, .F. ) ;
#1024 = DIRECTION ( 'NONE',  ( 1.394752543498940254E-15, -1.000000000000000000, 0.000000000000000000 ) ) ;
#1025 = ORIENTED_EDGE ( 'NONE', *, *, #126, .T. ) ;
#1026 = CARTESIAN_POINT ( 'NONE',  ( 36.09000000000000341, -3.229999999999985771, 0.09999999999999453770 ) ) ;
#1027 = CARTESIAN_POINT ( 'NONE',  ( 29.53113049861956441, -1.994931997373328159E-15, 6.240000000000009095 ) ) ;
#1028 = FACE_OUTER_BOUND ( 'NONE', #611, .T. ) ;
#1029 = ORIENTED_EDGE ( 'NONE', *, *, #409, .F. ) ;
#1030 = VECTOR ( 'NONE', #374, 100.0000000000000142 ) ;
#1031 = DIRECTION ( 'NONE',  ( 0.000000000000000000, -0.7071067811865279218, -0.7071067811865671127 ) ) ;
#1032 = EDGE_CURVE ( 'NONE', #403, #74, #1711, .T. ) ;
#1033 = ORIENTED_EDGE ( 'NONE', *, *, #1103, .F. ) ;
#1034 = VECTOR ( 'NONE', #772, 100.0000000000000142 ) ;
#1035 = AXIS2_PLACEMENT_3D ( 'NONE', #546, #2051, #1878 ) ;
#1036 = CARTESIAN_POINT ( 'NONE',  ( 35.07000000000000028, -15.97000000000000064, 8.297929775280898923 ) ) ;
#1037 = ADVANCED_FACE ( 'NONE', ( #1044 ), #1682, .F. ) ;
#1038 = VERTEX_POINT ( 'NONE', #1078 ) ;
#1039 = LINE ( 'NONE', #873, #1750 ) ;
#1040 = VECTOR ( 'NONE', #1049, 100.0000000000000000 ) ;
#1041 = DIRECTION ( 'NONE',  ( 3.635307873690754858E-16, 1.000000000000000000, 9.088269684226887144E-17 ) ) ;
#1042 = ORIENTED_EDGE ( 'NONE', *, *, #2034, .F. ) ;
#1043 = DIRECTION ( 'NONE',  ( -1.000000000000000000, 0.000000000000000000, 0.000000000000000000 ) ) ;
#1044 = FACE_OUTER_BOUND ( 'NONE', #868, .T. ) ;
#1045 = ORIENTED_EDGE ( 'NONE', *, *, #1407, .F. ) ;
#1046 = PLANE ( 'NONE',  #832 ) ;
#1047 = EDGE_LOOP ( 'NONE', ( #1324, #89, #1316, #21 ) ) ;
#1048 = EDGE_CURVE ( 'NONE', #825, #1338, #267, .T. ) ;
#1049 = DIRECTION ( 'NONE',  ( 0.000000000000000000, -1.000000000000000000, 0.000000000000000000 ) ) ;
#1050 = ORIENTED_EDGE ( 'NONE', *, *, #2108, .T. ) ;
#1051 = CARTESIAN_POINT ( 'NONE',  ( 0.000000000000000000, -1.319999999999998952, 0.1000000000000000056 ) ) ;
#1052 = ADVANCED_FACE ( 'NONE', ( #73 ), #1055, .T. ) ;
#1053 = DIRECTION ( 'NONE',  ( 1.394752543498940254E-15, -1.000000000000000000, 0.000000000000000000 ) ) ;
#1054 = FACE_OUTER_BOUND ( 'NONE', #714, .T. ) ;
#1055 = PLANE ( 'NONE',  #1346 ) ;
#1056 =( LENGTH_UNIT ( ) NAMED_UNIT ( * ) SI_UNIT ( .CENTI., .METRE. ) );
#1057 = DIRECTION ( 'NONE',  ( 0.2302529551604794444, 0.000000000000000000, -0.9731308116794300522 ) ) ;
#1058 = ORIENTED_EDGE ( 'NONE', *, *, #1586, .F. ) ;
#1059 = FACE_OUTER_BOUND ( 'NONE', #1351, .T. ) ;
#1060 = ORIENTED_EDGE ( 'NONE', *, *, #1804, .F. ) ;
#1061 = CARTESIAN_POINT ( 'NONE',  ( 35.07000000000000028, -19.19999999999999929, 8.297929775280898923 ) ) ;
#1062 = CARTESIAN_POINT ( 'NONE',  ( 25.97369691892511057, -18.60000000000000497, 5.640000000000011227 ) ) ;
#1063 = ORIENTED_EDGE ( 'NONE', *, *, #1651, .T. ) ;
#1064 = ADVANCED_FACE ( 'NONE', ( #1028 ), #875, .T. ) ;
#1065 = ORIENTED_EDGE ( 'NONE', *, *, #831, .T. ) ;
#1066 = LINE ( 'NONE', #903, #1785 ) ;
#1067 = PLANE ( 'NONE',  #219 ) ;
#1068 = VECTOR ( 'NONE', #1510, 100.0000000000000000 ) ;
#1069 = EDGE_LOOP ( 'NONE', ( #589, #1689, #823, #1235 ) ) ;
#1070 = VECTOR ( 'NONE', #1011, 100.0000000000000000 ) ;
#1071 = CARTESIAN_POINT ( 'NONE',  ( 18.08999999999999986, -2.209999999999989750, 0.1000000000000000888 ) ) ;
#1072 = ORIENTED_EDGE ( 'NONE', *, *, #1452, .T. ) ;
#1073 = VECTOR ( 'NONE', #336, 100.0000000000000000 ) ;
#1074 = VECTOR ( 'NONE', #449, 100.0000000000000000 ) ;
#1075 = CARTESIAN_POINT ( 'NONE',  ( 35.07000000000000028, -17.98000000000000043, 0.3747477419454636749 ) ) ;
#1076 = VECTOR ( 'NONE', #1003, 100.0000000000000000 ) ;
#1077 = EDGE_CURVE ( 'NONE', #736, #1534, #595, .T. ) ;
#1078 = CARTESIAN_POINT ( 'NONE',  ( 35.07000000000000028, -3.229999999999985771, 0.09999999999999453770 ) ) ;
#1079 = EDGE_CURVE ( 'NONE', #1934, #1164, #116, .T. ) ;
#1080 = PLANE ( 'NONE',  #1136 ) ;
#1081 = VERTEX_POINT ( 'NONE', #467 ) ;
#1082 = ORIENTED_EDGE ( 'NONE', *, *, #717, .T. ) ;
#1083 = ORIENTED_EDGE ( 'NONE', *, *, #18, .F. ) ;
#1084 = CARTESIAN_POINT ( 'NONE',  ( 28.13168017749220340, -18.60000000000000497, 5.640000000000008562 ) ) ;
#1085 = ORIENTED_EDGE ( 'NONE', *, *, #465, .T. ) ;
#1086 = CARTESIAN_POINT ( 'NONE',  ( 29.87022545287113573, -18.60000000000000142, 4.806864221841415485 ) ) ;
#1087 = DIRECTION ( 'NONE',  ( 0.000000000000000000, -0.7071067811865475727, -0.7071067811865475727 ) ) ;
#1088 = CARTESIAN_POINT ( 'NONE',  ( 19.55917818706374334, -17.23499999999997101, 4.627906674036525558 ) ) ;
#1089 = ORIENTED_EDGE ( 'NONE', *, *, #229, .T. ) ;
#1090 = EDGE_CURVE ( 'NONE', #963, #485, #788, .T. ) ;
#1091 = ORIENTED_EDGE ( 'NONE', *, *, #135, .T. ) ;
#1092 = CARTESIAN_POINT ( 'NONE',  ( 36.97000000000000597, -16.96999999999999886, 0.000000000000000000 ) ) ;
#1093 = ORIENTED_EDGE ( 'NONE', *, *, #376, .F. ) ;
#1094 = DIRECTION ( 'NONE',  ( 0.5773502691896257311, 0.5773502691896257311, 0.5773502691896257311 ) ) ;
#1095 = FACE_OUTER_BOUND ( 'NONE', #2020, .T. ) ;
#1096 = EDGE_LOOP ( 'NONE', ( #1328, #180 ) ) ;
#1097 = LINE ( 'NONE', #1281, #734 ) ;
#1098 = ORIENTED_EDGE ( 'NONE', *, *, #755, .T. ) ;
#1099 = AXIS2_PLACEMENT_3D ( 'NONE', #724, #545, #1852 ) ;
#1100 = EDGE_CURVE ( 'NONE', #501, #1922, #2062, .T. ) ;
#1101 = EDGE_LOOP ( 'NONE', ( #1065, #2017, #2067, #719 ) ) ;
#1102 = VECTOR ( 'NONE', #411, 100.0000000000000000 ) ;
#1103 = EDGE_CURVE ( 'NONE', #584, #1594, #1249, .T. ) ;
#1104 = SURFACE_STYLE_FILL_AREA ( #1114 ) ;
#1105 = VERTEX_POINT ( 'NONE', #2080 ) ;
#1106 = FACE_OUTER_BOUND ( 'NONE', #356, .T. ) ;
#1107 = VECTOR ( 'NONE', #163, 100.0000000000000000 ) ;
#1108 = DIRECTION ( 'NONE',  ( 0.000000000000000000, -1.000000000000000000, 0.000000000000000000 ) ) ;
#1109 = VECTOR ( 'NONE', #341, 100.0000000000000000 ) ;
#1110 = PLANE ( 'NONE',  #625 ) ;
#1111 = CARTESIAN_POINT ( 'NONE',  ( 37.07000000000000028, -2.329999999999985416, 0.000000000000000000 ) ) ;
#1112 = ORIENTED_EDGE ( 'NONE', *, *, #1949, .F. ) ;
#1113 = EDGE_CURVE ( 'NONE', #1164, #307, #1274, .T. ) ;
#1114 = FILL_AREA_STYLE ('',( #1914 ) ) ;
#1115 = EDGE_LOOP ( 'NONE', ( #1736, #361, #1532, #610, #1605, #709, #1805, #26, #1944, #186, #1787, #1828, #967, #663, #1657, #1335, #1004, #1907, #481, #901, #1567, #2027, #1509, #676 ) ) ;
#1116 = LINE ( 'NONE', #1086, #1547 ) ;
#1117 = ADVANCED_FACE ( 'NONE', ( #106 ), #933, .F. ) ;
#1118 = DIRECTION ( 'NONE',  ( -0.2302529551604794444, 0.000000000000000000, 0.9731308116794300522 ) ) ;
#1119 = AXIS2_PLACEMENT_3D ( 'NONE', #1201, #1218, #1730 ) ;
#1120 = CARTESIAN_POINT ( 'NONE',  ( 30.50566987749120429, -0.5999999999999949818, -5.696238971870767998 ) ) ;
#1121 = DIRECTION ( 'NONE',  ( -0.000000000000000000, 0.3420201433256678802, 0.9396926207859087610 ) ) ;
#1122 = ORIENTED_EDGE ( 'NONE', *, *, #431, .T. ) ;
#1123 = ORIENTED_EDGE ( 'NONE', *, *, #585, .F. ) ;
#1124 = PLANE ( 'NONE',  #1278 ) ;
#1125 = ORIENTED_EDGE ( 'NONE', *, *, #1100, .T. ) ;
#1126 = DIRECTION ( 'NONE',  ( 0.000000000000000000, 1.000000000000000000, 0.000000000000000000 ) ) ;
#1127 = CARTESIAN_POINT ( 'NONE',  ( 29.05653014544951773, -18.60000000000000142, 5.640000000000005009 ) ) ;
#1128 = EDGE_CURVE ( 'NONE', #1154, #1230, #615, .T. ) ;
#1129 = LINE ( 'NONE', #1620, #1550 ) ;
#1130 = CYLINDRICAL_SURFACE ( 'NONE', #943, 0.3000000000000012657 ) ;
#1131 = ORIENTED_EDGE ( 'NONE', *, *, #2056, .F. ) ;
#1132 = CARTESIAN_POINT ( 'NONE',  ( 18.09000000000000696, -16.98999999999999844, 4.280283707865171650 ) ) ;
#1133 = VECTOR ( 'NONE', #1430, 99.99999999999998579 ) ;
#1134 = EDGE_LOOP ( 'NONE', ( #1204, #279, #199, #1646 ) ) ;
#1135 = PLANE ( 'NONE',  #1581 ) ;
#1136 = AXIS2_PLACEMENT_3D ( 'NONE', #1723, #1733, #390 ) ;
#1137 = EDGE_CURVE ( 'NONE', #584, #979, #675, .T. ) ;
#1138 = CARTESIAN_POINT ( 'NONE',  ( 34.96999999999999886, -19.19999999999999929, 0.000000000000000000 ) ) ;
#1139 = DIRECTION ( 'NONE',  ( 1.000000000000000000, 0.000000000000000000, 0.000000000000000000 ) ) ;
#1140 = VERTEX_POINT ( 'NONE', #1909 ) ;
#1141 = AXIS2_PLACEMENT_3D ( 'NONE', #1175, #1225, #1874 ) ;
#1142 = EDGE_CURVE ( 'NONE', #423, #293, #128, .T. ) ;
#1143 = DIRECTION ( 'NONE',  ( 0.000000000000000000, -1.000000000000000000, 0.000000000000000000 ) ) ;
#1144 = VERTEX_POINT ( 'NONE', #1279 ) ;
#1145 = CARTESIAN_POINT ( 'NONE',  ( 35.07000000000000028, 1.656660919557850775E-14, 6.240000000000025970 ) ) ;
#1146 = DIRECTION ( 'NONE',  ( -0.9731308116794302743, 0.000000000000000000, -0.2302529551604779456 ) ) ;
#1147 = FACE_OUTER_BOUND ( 'NONE', #464, .T. ) ;
#1148 = CARTESIAN_POINT ( 'NONE',  ( 29.04597365997205571, -18.60000000000000497, -6.041618404611488025 ) ) ;
#1149 = EDGE_LOOP ( 'NONE', ( #946, #1631, #803, #1060 ) ) ;
#1150 = CARTESIAN_POINT ( 'NONE',  ( 25.86039802947211896, -18.60000000000000497, 6.118841368958434224 ) ) ;
#1151 = ORIENTED_EDGE ( 'NONE', *, *, #1190, .F. ) ;
#1152 = ADVANCED_FACE ( 'NONE', ( #1901 ), #1570, .T. ) ;
#1153 = CARTESIAN_POINT ( 'NONE',  ( 26.44427651647979260, -18.60000000000000497, 6.256993142054725787 ) ) ;
#1154 = VERTEX_POINT ( 'NONE', #275 ) ;
#1155 = LINE ( 'NONE', #174, #622 ) ;
#1156 = FACE_OUTER_BOUND ( 'NONE', #2003, .T. ) ;
#1157 = EDGE_LOOP ( 'NONE', ( #450, #1050, #2047, #489 ) ) ;
#1158 = CARTESIAN_POINT ( 'NONE',  ( 28.13168017749220340, -0.5999999999999949818, 5.640000000000005898 ) ) ;
#1159 = DIRECTION ( 'NONE',  ( -0.5773502691896266192, -0.5773502691896252870, 0.5773502691896252870 ) ) ;
#1160 = ORIENTED_EDGE ( 'NONE', *, *, #1623, .T. ) ;
#1161 = CARTESIAN_POINT ( 'NONE',  ( 17.21000000000000085, -1.319999999999998952, 0.000000000000000000 ) ) ;
#1162 = ADVANCED_FACE ( 'NONE', ( #1095 ), #286, .F. ) ;
#1163 = CARTESIAN_POINT ( 'NONE',  ( 23.68666666666667098, -7.806666666666658649, 5.696666666666670764 ) ) ;
#1164 = VERTEX_POINT ( 'NONE', #2104 ) ;
#1165 = LINE ( 'NONE', #1969, #1718 ) ;
#1166 = LINE ( 'NONE', #176, #773 ) ;
#1167 = ORIENTED_EDGE ( 'NONE', *, *, #392, .T. ) ;
#1168 = VECTOR ( 'NONE', #833, 100.0000000000000000 ) ;
#1169 = FACE_BOUND ( 'NONE', #430, .T. ) ;
#1170 = AXIS2_PLACEMENT_3D ( 'NONE', #1958, #202, #27 ) ;
#1171 = CYLINDRICAL_SURFACE ( 'NONE', #486, 0.3000000000000070388 ) ;
#1172 = DIRECTION ( 'NONE',  ( 1.394752543498940254E-15, 1.000000000000000000, 0.000000000000000000 ) ) ;
#1173 = VECTOR ( 'NONE', #311, 100.0000000000000142 ) ;
#1174 = ORIENTED_EDGE ( 'NONE', *, *, #1600, .F. ) ;
#1175 = CARTESIAN_POINT ( 'NONE',  ( 0.000000000000000000, -19.19999999999999929, 0.000000000000000000 ) ) ;
#1176 = EDGE_LOOP ( 'NONE', ( #572, #1209, #1361, #1410 ) ) ;
#1177 = PRODUCT_DEFINITION ( 'UNKNOWN', '', #1960, #1487 ) ;
#1178 = PLANE ( 'NONE',  #795 ) ;
#1179 = LINE ( 'NONE', #1009, #482 ) ;
#1180 = ORIENTED_EDGE ( 'NONE', *, *, #608, .F. ) ;
#1181 = EDGE_CURVE ( 'NONE', #2102, #262, #942, .T. ) ;
#1182 = LINE ( 'NONE', #1824, #479 ) ;
#1183 = DIRECTION ( 'NONE',  ( 0.000000000000000000, -1.000000000000000000, 0.000000000000000000 ) ) ;
#1184 = DIRECTION ( 'NONE',  ( -0.9731308116794302743, 0.000000000000000000, -0.2302529551604779456 ) ) ;
#1185 = ORIENTED_EDGE ( 'NONE', *, *, #826, .T. ) ;
#1186 = CARTESIAN_POINT ( 'NONE',  ( 18.08999999999999986, -3.209999999999987974, 12.63499999999999979 ) ) ;
#1187 = EDGE_LOOP ( 'NONE', ( #2040, #277, #1264, #1899, #702 ) ) ;
#1188 = DIRECTION ( 'NONE',  ( 0.2302529551604794444, 0.000000000000000000, -0.9731308116794300522 ) ) ;
#1189 = CARTESIAN_POINT ( 'NONE',  ( 29.05653014544951773, -18.60000000000000142, 5.640000000000005009 ) ) ;
#1190 = EDGE_CURVE ( 'NONE', #239, #173, #1762, .T. ) ;
#1191 = CARTESIAN_POINT ( 'NONE',  ( 18.09000000000000341, -16.98999999999999844, 12.63499999999999979 ) ) ;
#1192 = ORIENTED_EDGE ( 'NONE', *, *, #1633, .T. ) ;
#1193 = CARTESIAN_POINT ( 'NONE',  ( 26.59026356423000337, -0.5999999999999949818, 5.640000000000006786 ) ) ;
#1194 = ADVANCED_FACE ( 'NONE', ( #1438 ), #2090, .T. ) ;
#1195 = FACE_OUTER_BOUND ( 'NONE', #1814, .T. ) ;
#1196 = ORIENTED_EDGE ( 'NONE', *, *, #1478, .T. ) ;
#1197 = LINE ( 'NONE', #1337, #1040 ) ;
#1198 = VERTEX_POINT ( 'NONE', #427 ) ;
#1199 = LINE ( 'NONE', #1061, #1918 ) ;
#1200 = CARTESIAN_POINT ( 'NONE',  ( 29.67309679075439988, -0.6000000000000005329, 5.640000000000002345 ) ) ;
#1201 = CARTESIAN_POINT ( 'NONE',  ( 19.95341666818141846, -16.90499999999999403, 4.394921116531270933 ) ) ;
#1202 = VECTOR ( 'NONE', #1172, 100.0000000000000000 ) ;
#1203 = DIRECTION ( 'NONE',  ( 0.000000000000000000, 1.000000000000000000, 0.000000000000000000 ) ) ;
#1204 = ORIENTED_EDGE ( 'NONE', *, *, #509, .T. ) ;
#1205 = VECTOR ( 'NONE', #1535, 100.0000000000000000 ) ;
#1206 = EDGE_CURVE ( 'NONE', #619, #1816, #1491, .T. ) ;
#1207 = AXIS2_PLACEMENT_3D ( 'NONE', #1849, #377, #775 ) ;
#1208 = CARTESIAN_POINT ( 'NONE',  ( 34.17085782681789397, -16.90499999999999403, 7.758916791425877868 ) ) ;
#1209 = ORIENTED_EDGE ( 'NONE', *, *, #1770, .T. ) ;
#1210 = VECTOR ( 'NONE', #978, 100.0000000000000000 ) ;
#1211 = EDGE_CURVE ( 'NONE', #535, #11, #1320, .T. ) ;
#1212 = FACE_OUTER_BOUND ( 'NONE', #2050, .T. ) ;
#1213 = ORIENTED_EDGE ( 'NONE', *, *, #1397, .F. ) ;
#1214 = CARTESIAN_POINT ( 'NONE',  ( 12.80666666666693487, -8.513333333333251929, 6.403333333333262267 ) ) ;
#1215 = VECTOR ( 'NONE', #346, 100.0000000000000000 ) ;
#1216 = CARTESIAN_POINT ( 'NONE',  ( 27.65707982432214607, -1.200000000000004174, 5.039999999999992042 ) ) ;
#1217 = ORIENTED_EDGE ( 'NONE', *, *, #1137, .F. ) ;
#1218 = DIRECTION ( 'NONE',  ( 1.000000000000000000, 0.000000000000000000, 8.673617379884035472E-17 ) ) ;
#1219 = CARTESIAN_POINT ( 'NONE',  ( 25.97369691892511057, -18.60000000000000497, 5.640000000000011227 ) ) ;
#1220 = ORIENTED_EDGE ( 'NONE', *, *, #1600, .T. ) ;
#1221 = CARTESIAN_POINT ( 'NONE',  ( 17.99000000000000199, -2.109999999999989662, 0.000000000000000000 ) ) ;
#1222 = CARTESIAN_POINT ( 'NONE',  ( 19.63228350032719405, -17.23499999999997101, 4.318937641328306043 ) ) ;
#1223 = ORIENTED_EDGE ( 'NONE', *, *, #1912, .T. ) ;
#1224 = ADVANCED_FACE ( 'NONE', ( #2112 ), #1307, .F. ) ;
#1225 = DIRECTION ( 'NONE',  ( 0.000000000000000000, 0.000000000000000000, 1.000000000000000000 ) ) ;
#1226 = ORIENTED_EDGE ( 'NONE', *, *, #1818, .T. ) ;
#1227 = CARTESIAN_POINT ( 'NONE',  ( 17.10999999999999943, -1.219999999999998863, 5.019999999999997797 ) ) ;
#1228 = CARTESIAN_POINT ( 'NONE',  ( 28.13168017749220340, -0.5999999999999949818, 5.640000000000005898 ) ) ;
#1229 = VERTEX_POINT ( 'NONE', #1502 ) ;
#1230 = VERTEX_POINT ( 'NONE', #1458 ) ;
#1231 = DIRECTION ( 'NONE',  ( 0.000000000000000000, -1.000000000000000000, 0.000000000000000000 ) ) ;
#1232 = DIRECTION ( 'NONE',  ( 0.000000000000000000, -0.7071067811865513475, 0.7071067811865436870 ) ) ;
#1233 = EDGE_LOOP ( 'NONE', ( #216, #1769, #1180, #391 ) ) ;
#1234 = CARTESIAN_POINT ( 'NONE',  ( 25.97369691892511057, -0.5999999999999949818, 5.640000000000006786 ) ) ;
#1235 = ORIENTED_EDGE ( 'NONE', *, *, #1811, .F. ) ;
#1236 = EDGE_CURVE ( 'NONE', #2076, #264, #999, .T. ) ;
#1237 = LINE ( 'NONE', #83, #1321 ) ;
#1238 = ADVANCED_FACE ( 'NONE', ( #853, #644, #987, #829 ), #1638, .F. ) ;
#1239 = CARTESIAN_POINT ( 'NONE',  ( 25.97369691892511057, -0.5999999999999949818, 5.640000000000006786 ) ) ;
#1240 = CARTESIAN_POINT ( 'NONE',  ( 0.000000000000000000, -17.88000000000000256, 0.1000000000000000056 ) ) ;
#1241 = AXIS2_PLACEMENT_3D ( 'NONE', #1326, #697, #1655 ) ;
#1242 = EDGE_LOOP ( 'NONE', ( #796, #1112, #1564, #1537 ) ) ;
#1243 = VECTOR ( 'NONE', #944, 100.0000000000000000 ) ;
#1244 = ORIENTED_EDGE ( 'NONE', *, *, #86, .T. ) ;
#1245 = CARTESIAN_POINT ( 'NONE',  ( 17.10999999999999943, -1.220000000000001528, 0.3747477419454555703 ) ) ;
#1246 = VERTEX_POINT ( 'NONE', #1467 ) ;
#1247 = VECTOR ( 'NONE', #1139, 100.0000000000000000 ) ;
#1248 = DIRECTION ( 'NONE',  ( -1.000000000000000000, 0.000000000000000000, 0.000000000000000000 ) ) ;
#1249 = LINE ( 'NONE', #607, #1034 ) ;
#1250 = ADVANCED_FACE ( 'NONE', ( #1659 ), #326, .F. ) ;
#1251 = CARTESIAN_POINT ( 'NONE',  ( 17.99000000000000199, -19.19999999999999929, 0.000000000000000000 ) ) ;
#1252 = ORIENTED_EDGE ( 'NONE', *, *, #1672, .T. ) ;
#1253 = AXIS2_PLACEMENT_3D ( 'NONE', #787, #2103, #642 ) ;
#1254 = EDGE_LOOP ( 'NONE', ( #1007, #779, #1977, #1553 ) ) ;
#1255 = DIRECTION ( 'NONE',  ( -1.394752543498940254E-15, -1.000000000000000000, 0.000000000000000000 ) ) ;
#1256 = EDGE_LOOP ( 'NONE', ( #1898, #1507 ) ) ;
#1257 = VECTOR ( 'NONE', #941, 100.0000000000000000 ) ;
#1258 = CARTESIAN_POINT ( 'NONE',  ( 0.000000000000000000, -1.319999999999998952, 0.1000000000000000056 ) ) ;
#1259 = CARTESIAN_POINT ( 'NONE',  ( 0.000000000000000000, -17.98000000000000043, 5.020000000000000462 ) ) ;
#1260 = EDGE_CURVE ( 'NONE', #885, #568, #691, .T. ) ;
#1261 = CARTESIAN_POINT ( 'NONE',  ( 35.07000000000000028, -1.219999999999998863, 5.019999999999997797 ) ) ;
#1262 = ORIENTED_EDGE ( 'NONE', *, *, #1804, .T. ) ;
#1263 = ADVANCED_FACE ( 'NONE', ( #1946 ), #1330, .F. ) ;
#1264 = ORIENTED_EDGE ( 'NONE', *, *, #419, .F. ) ;
#1265 = LINE ( 'NONE', #1807, #564 ) ;
#1266 = ORIENTED_EDGE ( 'NONE', *, *, #1236, .F. ) ;
#1267 = CARTESIAN_POINT ( 'NONE',  ( 34.17085782681789397, -16.90499999999999403, 7.758916791425877868 ) ) ;
#1268 = CARTESIAN_POINT ( 'NONE',  ( 17.10999999999999588, -3.209999999999987974, 4.048405430711610187 ) ) ;
#1269 = CARTESIAN_POINT ( 'NONE',  ( 0.07310531326345158509, -1.319111129404414535E-32, -0.3089690327082163512 ) ) ;
#1270 = ORIENTED_EDGE ( 'NONE', *, *, #1985, .T. ) ;
#1271 = AXIS2_PLACEMENT_3D ( 'NONE', #898, #1188, #1842 ) ;
#1272 = ADVANCED_FACE ( 'NONE', ( #1156 ), #1991, .F. ) ;
#1273 = VECTOR ( 'NONE', #540, 100.0000000000000000 ) ;
#1274 = CIRCLE ( 'NONE', #118, 0.3000000000000070388 ) ;
#1275 = DIRECTION ( 'NONE',  ( -1.000000000000000000, 1.394752543498940254E-15, 0.000000000000000000 ) ) ;
#1276 = EDGE_LOOP ( 'NONE', ( #77, #920, #887, #1830 ) ) ;
#1277 = LINE ( 'NONE', #2089, #1257 ) ;
#1278 = AXIS2_PLACEMENT_3D ( 'NONE', #666, #1488, #1796 ) ;
#1279 = CARTESIAN_POINT ( 'NONE',  ( 17.10999999999999943, -1.219999999999987761, 4.048405430711610187 ) ) ;
#1280 = AXIS2_PLACEMENT_3D ( 'NONE', #569, #1685, #95 ) ;
#1281 = CARTESIAN_POINT ( 'NONE',  ( 17.11000000000000654, -19.19999999999997442, 4.048405430711611963 ) ) ;
#1282 = DIRECTION ( 'NONE',  ( 1.000000000000000000, 2.832201593431512852E-15, 0.000000000000000000 ) ) ;
#1283 = ORIENTED_EDGE ( 'NONE', *, *, #205, .F. ) ;
#1284 = EDGE_CURVE ( 'NONE', #1229, #1246, #1650, .T. ) ;
#1285 = DIRECTION ( 'NONE',  ( -0.9731308116794299412, -0.000000000000000000, -0.2302529551604793612 ) ) ;
#1286 = VERTEX_POINT ( 'NONE', #475 ) ;
#1287 = CARTESIAN_POINT ( 'NONE',  ( 0.000000000000000000, -16.96999999999999886, 0.000000000000000000 ) ) ;
#1288 = CARTESIAN_POINT ( 'NONE',  ( 0.000000000000000000, -3.109999999999987885, 0.000000000000000000 ) ) ;
#1289 = CARTESIAN_POINT ( 'NONE',  ( 0.000000000000000000, -17.98000000000000043, 0.3747477419454632308 ) ) ;
#1290 = DIRECTION ( 'NONE',  ( -0.2302529551604793612, 0.000000000000000000, 0.9731308116794299412 ) ) ;
#1291 = EDGE_LOOP ( 'NONE', ( #1955, #830, #2032 ) ) ;
#1292 = CARTESIAN_POINT ( 'NONE',  ( 36.18999999999999773, -2.329999999999987637, 0.000000000000000000 ) ) ;
#1293 = VERTEX_POINT ( 'NONE', #344 ) ;
#1294 = EDGE_CURVE ( 'NONE', #2107, #689, #1179, .T. ) ;
#1295 = DIRECTION ( 'NONE',  ( 8.673617379884035472E-17, 0.000000000000000000, -1.000000000000000000 ) ) ;
#1296 = CARTESIAN_POINT ( 'NONE',  ( 29.57828620936730601, -0.6000000000000005329, 4.737788335293272368 ) ) ;
#1297 = ORIENTED_EDGE ( 'NONE', *, *, #1742, .T. ) ;
#1298 = EDGE_CURVE ( 'NONE', #1453, #1942, #1166, .T. ) ;
#1299 = DIRECTION ( 'NONE',  ( 4.770334648313475045E-16, -0.3420201433256678802, 0.9396926207859087610 ) ) ;
#1300 = CARTESIAN_POINT ( 'NONE',  ( 35.07000000000000028, -1.219999999999998863, 0.3747477419454632308 ) ) ;
#1301 = ORIENTED_EDGE ( 'NONE', *, *, #831, .F. ) ;
#1302 = ORIENTED_EDGE ( 'NONE', *, *, #1848, .F. ) ;
#1303 = CARTESIAN_POINT ( 'NONE',  ( 36.09000000000000341, -3.229999999999985771, 0.09999999999999453770 ) ) ;
#1304 = ORIENTED_EDGE ( 'NONE', *, *, #1381, .T. ) ;
#1305 = PLANE ( 'NONE',  #379 ) ;
#1306 = AXIS2_PLACEMENT_3D ( 'NONE', #1251, #783, #1903 ) ;
#1307 = PLANE ( 'NONE',  #836 ) ;
#1308 = VECTOR ( 'NONE', #2026, 100.0000000000000000 ) ;
#1309 = EDGE_CURVE ( 'NONE', #2037, #485, #1820, .T. ) ;
#1310 = FACE_BOUND ( 'NONE', #1096, .T. ) ;
#1311 = CARTESIAN_POINT ( 'NONE',  ( 34.49199099467208640, -17.23499999999997101, 7.834900266628825882 ) ) ;
#1312 = ORIENTED_EDGE ( 'NONE', *, *, #1298, .F. ) ;
#1313 = VECTOR ( 'NONE', #1121, 100.0000000000000000 ) ;
#1314 = CARTESIAN_POINT ( 'NONE',  ( 19.95341666818141846, -16.90499999999999403, 4.394921116531270933 ) ) ;
#1315 = AXIS2_PLACEMENT_3D ( 'NONE', #1347, #1837, #368 ) ;
#1316 = ORIENTED_EDGE ( 'NONE', *, *, #270, .F. ) ;
#1317 = CARTESIAN_POINT ( 'NONE',  ( 0.000000000000000000, -15.97000000000000064, 0.000000000000000000 ) ) ;
#1318 = ORIENTED_EDGE ( 'NONE', *, *, #1190, .T. ) ;
#1319 = LINE ( 'NONE', #977, #553 ) ;
#1320 = LINE ( 'NONE', #652, #1649 ) ;
#1321 = VECTOR ( 'NONE', #266, 100.0000000000000142 ) ;
#1322 = CARTESIAN_POINT ( 'NONE',  ( 21.21630391768895052, -1.219999999999998863, 5.019999999999997797 ) ) ;
#1323 = CARTESIAN_POINT ( 'NONE',  ( 25.97369691892511057, -0.5999999999999949818, 5.640000000000006786 ) ) ;
#1324 = ORIENTED_EDGE ( 'NONE', *, *, #151, .F. ) ;
#1325 = ADVANCED_FACE ( 'NONE', ( #966 ), #355, .T. ) ;
#1326 = CARTESIAN_POINT ( 'NONE',  ( 34.17085782681789397, -16.90499999999999403, 7.758916791425877868 ) ) ;
#1327 = DIRECTION ( 'NONE',  ( 0.000000000000000000, 1.000000000000000000, 0.000000000000000000 ) ) ;
#1328 = ORIENTED_EDGE ( 'NONE', *, *, #596, .T. ) ;
#1329 = DIRECTION ( 'NONE',  ( 1.000000000000000000, 0.000000000000000000, 0.000000000000000000 ) ) ;
#1330 = PLANE ( 'NONE',  #2029 ) ;
#1331 = LINE ( 'NONE', #1812, #1168 ) ;
#1332 = DIRECTION ( 'NONE',  ( -0.2302529551604794444, 0.000000000000000000, 0.9731308116794300522 ) ) ;
#1333 = ORIENTED_EDGE ( 'NONE', *, *, #1710, .T. ) ;
#1334 = DIRECTION ( 'NONE',  ( 0.000000000000000000, 1.000000000000000000, 0.000000000000000000 ) ) ;
#1335 = ORIENTED_EDGE ( 'NONE', *, *, #1366, .F. ) ;
#1336 = EDGE_CURVE ( 'NONE', #1839, #988, #897, .T. ) ;
#1337 = CARTESIAN_POINT ( 'NONE',  ( 34.96999999999999886, -3.229999999999985771, 0.000000000000000000 ) ) ;
#1338 = VERTEX_POINT ( 'NONE', #1789 ) ;
#1339 =( BOUNDED_CURVE ( )  B_SPLINE_CURVE ( 3, ( #1239, #236, #1869, #398 ),
 .UNSPECIFIED., .F., .T. ) 
 B_SPLINE_CURVE_WITH_KNOTS ( ( 4, 4 ),
 ( 4.938697601239185886, 8.080290254828979002 ),
 .UNSPECIFIED. ) 
 CURVE ( )  GEOMETRIC_REPRESENTATION_ITEM ( )  RATIONAL_B_SPLINE_CURVE ( ( 1.000000000000000000, 0.3333333333333333703, 0.3333333333333333703, 1.000000000000000000 ) ) 
 REPRESENTATION_ITEM ( '' )  );
#1340 = LINE ( 'NONE', #343, #1068 ) ;
#1341 = VECTOR ( 'NONE', #274, 100.0000000000000142 ) ;
#1342 = DIRECTION ( 'NONE',  ( 0.9731308116794299412, 2.756102635455783593E-15, 0.2302529551604793612 ) ) ;
#1343 = ORIENTED_EDGE ( 'NONE', *, *, #1716, .T. ) ;
#1344 = VECTOR ( 'NONE', #331, 100.0000000000000000 ) ;
#1345 = FACE_BOUND ( 'NONE', #2084, .T. ) ;
#1346 = AXIS2_PLACEMENT_3D ( 'NONE', #2044, #580, #225 ) ;
#1347 = CARTESIAN_POINT ( 'NONE',  ( 29.57828620936730601, -18.60000000000000142, 4.737788335293272368 ) ) ;
#1348 = AXIS2_PLACEMENT_3D ( 'NONE', #92, #1399, #562 ) ;
#1349 = LINE ( 'NONE', #22, #1815 ) ;
#1350 = AXIS2_PLACEMENT_3D ( 'NONE', #1362, #1542, #2010 ) ;
#1351 = EDGE_LOOP ( 'NONE', ( #1318, #630, #604, #1821 ) ) ;
#1352 = FACE_BOUND ( 'NONE', #1759, .T. ) ;
#1353 = EDGE_LOOP ( 'NONE', ( #104, #754, #324, #425 ) ) ;
#1354 = FACE_OUTER_BOUND ( 'NONE', #1776, .T. ) ;
#1355 = EDGE_CURVE ( 'NONE', #1808, #65, #61, .T. ) ;
#1356 = LINE ( 'NONE', #2002, #738 ) ;
#1357 = CARTESIAN_POINT ( 'NONE',  ( 17.11000000000000298, -15.99000000000000199, 4.048405430711611963 ) ) ;
#1358 = EDGE_LOOP ( 'NONE', ( #1727, #1131 ) ) ;
#1359 = CARTESIAN_POINT ( 'NONE',  ( 26.73222985636484239, -1.200000000000005951, 5.039999999999989377 ) ) ;
#1360 = CARTESIAN_POINT ( 'NONE',  ( 17.10999999999999943, -15.99000000000000199, 0.1000000000000000888 ) ) ;
#1361 = ORIENTED_EDGE ( 'NONE', *, *, #2038, .F. ) ;
#1362 = CARTESIAN_POINT ( 'NONE',  ( 19.95341666818141846, -2.294999999999990159, 4.394921116531270933 ) ) ;
#1363 = ORIENTED_EDGE ( 'NONE', *, *, #1949, .T. ) ;
#1364 = DIRECTION ( 'NONE',  ( 1.000000000000000000, 0.000000000000000000, 0.000000000000000000 ) ) ;
#1365 = DIRECTION ( 'NONE',  ( 0.5773502691896363892, 0.5773502691896363892, -0.5773502691896044148 ) ) ;
#1366 = EDGE_CURVE ( 'NONE', #736, #46, #1356, .T. ) ;
#1367 = CARTESIAN_POINT ( 'NONE',  ( 36.97000000000000597, -19.19999999999999929, 0.000000000000000000 ) ) ;
#1368 = EDGE_LOOP ( 'NONE', ( #394, #578, #1714, #1302 ) ) ;
#1369 = EDGE_CURVE ( 'NONE', #988, #1839, #1562, .T. ) ;
#1370 = CARTESIAN_POINT ( 'NONE',  ( 0.000000000000000000, -1.219999999999998863, 5.019999999999997797 ) ) ;
#1371 = VERTEX_POINT ( 'NONE', #82 ) ;
#1372 = CARTESIAN_POINT ( 'NONE',  ( 35.07000000000000028, -15.87000000000000099, 0.000000000000000000 ) ) ;
#1373 = ORIENTED_EDGE ( 'NONE', *, *, #1452, .F. ) ;
#1374 = LINE ( 'NONE', #559, #476 ) ;
#1375 = CARTESIAN_POINT ( 'NONE',  ( 27.37314724005247157, -19.20000000000001705, 6.240000000000026859 ) ) ;
#1376 = CARTESIAN_POINT ( 'NONE',  ( 30.50566987749120429, -18.60000000000000497, -5.696238971870767998 ) ) ;
#1377 = VECTOR ( 'NONE', #817, 100.0000000000000142 ) ;
#1378 = DIRECTION ( 'NONE',  ( 0.000000000000000000, 1.000000000000000000, 0.000000000000000000 ) ) ;
#1379 = ORIENTED_EDGE ( 'NONE', *, *, #2034, .T. ) ;
#1380 = AXIS2_PLACEMENT_3D ( 'NONE', #1120, #800, #1601 ) ;
#1381 = EDGE_CURVE ( 'NONE', #264, #2107, #1707, .T. ) ;
#1382 = AXIS2_PLACEMENT_3D ( 'NONE', #761, #446, #1749 ) ;
#1383 = PLANE ( 'NONE',  #2025 ) ;
#1384 = VECTOR ( 'NONE', #351, 100.0000000000000000 ) ;
#1385 = VECTOR ( 'NONE', #659, 100.0000000000000000 ) ;
#1386 = LINE ( 'NONE', #520, #259 ) ;
#1387 = VERTEX_POINT ( 'NONE', #1715 ) ;
#1388 = DIRECTION ( 'NONE',  ( -1.000000000000000000, 0.000000000000000000, 0.000000000000000000 ) ) ;
#1389 = VECTOR ( 'NONE', #1285, 100.0000000000000142 ) ;
#1390 = CARTESIAN_POINT ( 'NONE',  ( 29.53113049861956085, -19.19999999999999929, 6.240000000000009983 ) ) ;
#1391 = DIRECTION ( 'NONE',  ( -0.9731308116794302743, 0.000000000000000000, -0.2302529551604779456 ) ) ;
#1392 = LINE ( 'NONE', #914, #252 ) ;
#1393 = FACE_OUTER_BOUND ( 'NONE', #113, .T. ) ;
#1394 = EDGE_CURVE ( 'NONE', #619, #471, #1558, .T. ) ;
#1395 = VERTEX_POINT ( 'NONE', #1680 ) ;
#1396 = LINE ( 'NONE', #309, #804 ) ;
#1397 = EDGE_CURVE ( 'NONE', #979, #584, #1777, .T. ) ;
#1398 = EDGE_LOOP ( 'NONE', ( #1668, #2009, #2097, #53 ) ) ;
#1399 = DIRECTION ( 'NONE',  ( -0.7071067811865587860, -1.327886044218368798E-16, -0.7071067811865362485 ) ) ;
#1400 = ORIENTED_EDGE ( 'NONE', *, *, #1090, .F. ) ;
#1401 = VERTEX_POINT ( 'NONE', #1545 ) ;
#1402 = CARTESIAN_POINT ( 'NONE',  ( 29.67309679075439988, -0.6000000000000005329, 5.640000000000002345 ) ) ;
#1403 = FACE_OUTER_BOUND ( 'NONE', #1998, .T. ) ;
#1404 = VERTEX_POINT ( 'NONE', #749 ) ;
#1405 = LINE ( 'NONE', #2049, #1247 ) ;
#1406 = EDGE_LOOP ( 'NONE', ( #936, #110, #1167, #1911 ) ) ;
#1407 = EDGE_CURVE ( 'NONE', #1470, #49, #1694, .T. ) ;
#1408 = DIRECTION ( 'NONE',  ( -0.9731308116794299412, 0.000000000000000000, -0.2302529551604793334 ) ) ;
#1409 = ORIENTED_EDGE ( 'NONE', *, *, #745, .T. ) ;
#1410 = ORIENTED_EDGE ( 'NONE', *, *, #1260, .T. ) ;
#1411 = DIRECTION ( 'NONE',  ( 1.000000000000000000, 0.000000000000000000, 0.000000000000000000 ) ) ;
#1412 = DIRECTION ( 'NONE',  ( 0.000000000000000000, 0.000000000000000000, -1.000000000000000000 ) ) ;
#1413 = AXIS2_PLACEMENT_3D ( 'NONE', #25, #681, #354 ) ;
#1414 = VERTEX_POINT ( 'NONE', #253 ) ;
#1415 = VECTOR ( 'NONE', #846, 100.0000000000000000 ) ;
#1416 = AXIS2_PLACEMENT_3D ( 'NONE', #52, #708, #1231 ) ;
#1417 = ORIENTED_EDGE ( 'NONE', *, *, #378, .F. ) ;
#1418 = CARTESIAN_POINT ( 'NONE',  ( 28.13168017749220340, -18.60000000000000497, 5.640000000000008562 ) ) ;
#1419 = ORIENTED_EDGE ( 'NONE', *, *, #1705, .F. ) ;
#1420 = VECTOR ( 'NONE', #35, 100.0000000000000000 ) ;
#1421 = EDGE_CURVE ( 'NONE', #1230, #1154, #314, .T. ) ;
#1422 = CARTESIAN_POINT ( 'NONE',  ( 11.99333333333333584, -23.08666666666666600, -5.996666666666667922 ) ) ;
#1423 = CARTESIAN_POINT ( 'NONE',  ( 27.61203349049510081, -18.60000000000000497, 6.533296688247299144 ) ) ;
#1424 = EDGE_CURVE ( 'NONE', #1441, #1293, #153, .T. ) ;
#1425 = DIRECTION ( 'NONE',  ( 0.000000000000000000, 0.000000000000000000, -1.000000000000000000 ) ) ;
#1426 = APPLICATION_CONTEXT ( 'automotive_design' ) ;
#1427 = EDGE_LOOP ( 'NONE', ( #254, #1745, #382, #981 ) ) ;
#1428 = DIRECTION ( 'NONE',  ( 1.000000000000000000, 0.000000000000000000, 0.000000000000000000 ) ) ;
#1429 = ORIENTED_EDGE ( 'NONE', *, *, #1720, .F. ) ;
#1430 = DIRECTION ( 'NONE',  ( -0.5773502691896136296, 0.5773502691896319483, 0.5773502691896319483 ) ) ;
#1431 = ADVANCED_FACE ( 'NONE', ( #373 ), #911, .T. ) ;
#1432 = DIRECTION ( 'NONE',  ( 0.000000000000000000, -1.000000000000000000, 0.000000000000000000 ) ) ;
#1433 = EDGE_CURVE ( 'NONE', #648, #93, #1957, .T. ) ;
#1434 = DIRECTION ( 'NONE',  ( 0.000000000000000000, -1.000000000000000000, 0.000000000000000000 ) ) ;
#1435 = ORIENTED_EDGE ( 'NONE', *, *, #1294, .T. ) ;
#1436 = ORIENTED_EDGE ( 'NONE', *, *, #260, .F. ) ;
#1437 = DIRECTION ( 'NONE',  ( -0.2302529551604794722, 0.000000000000000000, 0.9731308116794300522 ) ) ;
#1438 = FACE_OUTER_BOUND ( 'NONE', #14, .T. ) ;
#1439 = LINE ( 'NONE', #429, #1721 ) ;
#1440 = DIRECTION ( 'NONE',  ( 8.673617379884035472E-17, 0.000000000000000000, -1.000000000000000000 ) ) ;
#1441 = VERTEX_POINT ( 'NONE', #1866 ) ;
#1442 = ADVANCED_FACE ( 'NONE', ( #222 ), #396, .T. ) ;
#1443 = ORIENTED_EDGE ( 'NONE', *, *, #294, .F. ) ;
#1444 = VECTOR ( 'NONE', #2046, 100.0000000000000142 ) ;
#1445 = ORIENTED_EDGE ( 'NONE', *, *, #1623, .F. ) ;
#1446 = PLANE ( 'NONE',  #880 ) ;
#1447 = CARTESIAN_POINT ( 'NONE',  ( 19.63228350032719405, -17.23499999999997101, 4.318937641328306043 ) ) ;
#1448 = VECTOR ( 'NONE', #380, 100.0000000000000000 ) ;
#1449 = LINE ( 'NONE', #2105, #2093 ) ;
#1450 = LINE ( 'NONE', #2106, #387 ) ;
#1451 = ORIENTED_EDGE ( 'NONE', *, *, #845, .F. ) ;
#1452 = EDGE_CURVE ( 'NONE', #1934, #1371, #1925, .T. ) ;
#1453 = VERTEX_POINT ( 'NONE', #725 ) ;
#1454 = EDGE_CURVE ( 'NONE', #1816, #347, #1897, .T. ) ;
#1455 = DIRECTION ( 'NONE',  ( 0.5773502691896257311, 0.5773502691896257311, 0.5773502691896257311 ) ) ;
#1456 = ORIENTED_EDGE ( 'NONE', *, *, #340, .F. ) ;
#1457 = CARTESIAN_POINT ( 'NONE',  ( 37.07000000000000028, -2.229999999999984883, 0.09999999999999453770 ) ) ;
#1458 = CARTESIAN_POINT ( 'NONE',  ( 29.05653014544951773, -18.60000000000000142, 5.640000000000005009 ) ) ;
#1459 = CARTESIAN_POINT ( 'NONE',  ( 17.99000000000000199, -16.98999999999999844, 0.000000000000000000 ) ) ;
#1460 = CARTESIAN_POINT ( 'NONE',  ( 18.09000000000000341, -15.99000000000000199, 12.63499999999999979 ) ) ;
#1461 = ORIENTED_EDGE ( 'NONE', *, *, #1366, .T. ) ;
#1462 = EDGE_LOOP ( 'NONE', ( #1125, #160, #1151, #1524 ) ) ;
#1463 = CARTESIAN_POINT ( 'NONE',  ( 35.07000000000000739, -3.229999999999985771, 8.297929775280902476 ) ) ;
#1464 = ORIENTED_EDGE ( 'NONE', *, *, #1103, .T. ) ;
#1465 = LINE ( 'NONE', #4, #907 ) ;
#1466 = EDGE_CURVE ( 'NONE', #1371, #1934, #528, .T. ) ;
#1467 = CARTESIAN_POINT ( 'NONE',  ( 19.63228350032719405, -1.964999999999972324, 4.318937641328306043 ) ) ;
#1468 = FACE_OUTER_BOUND ( 'NONE', #473, .T. ) ;
#1469 = DIRECTION ( 'NONE',  ( 0.000000000000000000, 1.000000000000000000, 0.000000000000000000 ) ) ;
#1470 = VERTEX_POINT ( 'NONE', #272 ) ;
#1471 = DIRECTION ( 'NONE',  ( 1.394752543498940254E-15, 1.000000000000000000, 3.300130784102829184E-16 ) ) ;
#1472 = VECTOR ( 'NONE', #770, 100.0000000000000000 ) ;
#1473 = LINE ( 'NONE', #1163, #1384 ) ;
#1474 = VECTOR ( 'NONE', #878, 100.0000000000000142 ) ;
#1475 = EDGE_LOOP ( 'NONE', ( #1767, #647 ) ) ;
#1476 = LINE ( 'NONE', #15, #414 ) ;
#1477 = CARTESIAN_POINT ( 'NONE',  ( -4.777924088118937225E-14, -2.330000000000090221, 0.000000000000000000 ) ) ;
#1478 = EDGE_CURVE ( 'NONE', #948, #1529, #265, .T. ) ;
#1479 = VECTOR ( 'NONE', #2071, 100.0000000000000000 ) ;
#1480 =( GEOMETRIC_REPRESENTATION_CONTEXT ( 3 ) GLOBAL_UNCERTAINTY_ASSIGNED_CONTEXT ( ( #1554 ) ) GLOBAL_UNIT_ASSIGNED_CONTEXT ( ( #785, #1928, #1886 ) ) REPRESENTATION_CONTEXT ( 'NONE', 'WORKASPACE' ) );
#1481 = CARTESIAN_POINT ( 'NONE',  ( 17.10999999999999943, -1.219999999999987761, 0.3747477419454636749 ) ) ;
#1482 = EDGE_CURVE ( 'NONE', #292, #861, #621, .T. ) ;
#1483 = DIRECTION ( 'NONE',  ( -0.2302529551604794722, 0.000000000000000000, 0.9731308116794300522 ) ) ;
#1484 = ORIENTED_EDGE ( 'NONE', *, *, #428, .T. ) ;
#1485 = VECTOR ( 'NONE', #1183, 100.0000000000000000 ) ;
#1486 = CARTESIAN_POINT ( 'NONE',  ( 19.55917818706374334, -17.23499999999997101, 4.627906674036525558 ) ) ;
#1487 = PRODUCT_DEFINITION_CONTEXT ( 'detailed design', #1426, 'design' ) ;
#1488 = DIRECTION ( 'NONE',  ( 1.000000000000000000, 0.000000000000000000, 0.000000000000000000 ) ) ;
#1489 = EDGE_LOOP ( 'NONE', ( #1875, #249, #459, #1743 ) ) ;
#1490 = CARTESIAN_POINT ( 'NONE',  ( 19.95341666818141846, -16.90499999999999403, 4.394921116531270933 ) ) ;
#1491 = LINE ( 'NONE', #843, #1210 ) ;
#1492 = EDGE_CURVE ( 'NONE', #813, #2022, #1596, .T. ) ;
#1493 = AXIS2_PLACEMENT_3D ( 'NONE', #1376, #2028, #1391 ) ;
#1494 = CARTESIAN_POINT ( 'NONE',  ( 27.37314724005247157, 1.700029006457270637E-14, 6.240000000000025970 ) ) ;
#1495 = LINE ( 'NONE', #213, #1485 ) ;
#1496 = DIRECTION ( 'NONE',  ( -0.9731308116794299412, -0.000000000000000000, -0.2302529551604793612 ) ) ;
#1497 = EDGE_CURVE ( 'NONE', #568, #1666, #141, .T. ) ;
#1498 = CARTESIAN_POINT ( 'NONE',  ( 37.07000000000000739, -16.96999999999999886, 8.771150749063673757 ) ) ;
#1499 = DIRECTION ( 'NONE',  ( -1.000000000000000000, 0.000000000000000000, 0.000000000000000000 ) ) ;
#1500 = VERTEX_POINT ( 'NONE', #1568 ) ;
#1501 = FACE_OUTER_BOUND ( 'NONE', #237, .T. ) ;
#1502 = CARTESIAN_POINT ( 'NONE',  ( 34.49199099467208640, -1.964999999999972324, 7.834900266628827659 ) ) ;
#1503 = PRODUCT_DEFINITION_SHAPE ( 'NONE', 'NONE',  #1177 ) ;
#1504 = DIRECTION ( 'NONE',  ( -0.2302529551604794444, 0.000000000000000000, 0.9731308116794299412 ) ) ;
#1505 = CARTESIAN_POINT ( 'NONE',  ( 0.000000000000000000, -19.19999999999999929, 6.240000000000012648 ) ) ;
#1506 = EDGE_CURVE ( 'NONE', #423, #292, #758, .T. ) ;
#1507 = ORIENTED_EDGE ( 'NONE', *, *, #431, .F. ) ;
#1508 = CARTESIAN_POINT ( 'NONE',  ( 19.63228350032719405, -17.23499999999997101, 4.318937641328306043 ) ) ;
#1509 = ORIENTED_EDGE ( 'NONE', *, *, #1608, .F. ) ;
#1510 = DIRECTION ( 'NONE',  ( 0.000000000000000000, -1.000000000000000000, 0.000000000000000000 ) ) ;
#1511 = VECTOR ( 'NONE', #1798, 100.0000000000000000 ) ;
#1512 = CARTESIAN_POINT ( 'NONE',  ( 29.19849643758435320, -1.199999999999998401, 5.039999999999998259 ) ) ;
#1513 = ORIENTED_EDGE ( 'NONE', *, *, #782, .F. ) ;
#1514 = VECTOR ( 'NONE', #257, 100.0000000000000000 ) ;
#1515 = CARTESIAN_POINT ( 'NONE',  ( 0.000000000000000000, -2.294999999999991491, 0.000000000000000000 ) ) ;
#1516 = ORIENTED_EDGE ( 'NONE', *, *, #1927, .F. ) ;
#1517 = CARTESIAN_POINT ( 'NONE',  ( 17.21000000000000085, -16.08999999999999986, 0.000000000000000000 ) ) ;
#1518 = AXIS2_PLACEMENT_3D ( 'NONE', #1477, #16, #1618 ) ;
#1519 = LINE ( 'NONE', #55, #866 ) ;
#1520 = VECTOR ( 'NONE', #1440, 100.0000000000000000 ) ;
#1521 = ORIENTED_EDGE ( 'NONE', *, *, #1612, .F. ) ;
#1522 = ADVANCED_FACE ( 'NONE', ( #2087 ), #424, .T. ) ;
#1523 = PLANE ( 'NONE',  #1959 ) ;
#1524 = ORIENTED_EDGE ( 'NONE', *, *, #3, .T. ) ;
#1525 = CARTESIAN_POINT ( 'NONE',  ( 26.44427651647979260, -0.5999999999999949818, 6.256993142054725787 ) ) ;
#1526 = EDGE_CURVE ( 'NONE', #2110, #896, #121, .T. ) ;
#1527 = CARTESIAN_POINT ( 'NONE',  ( 28.91456385331468937, -19.19999999999999929, 6.240000000000009983 ) ) ;
#1528 = FACE_OUTER_BOUND ( 'NONE', #432, .T. ) ;
#1529 = VERTEX_POINT ( 'NONE', #768 ) ;
#1530 = APPLICATION_PROTOCOL_DEFINITION ( 'draft international standard', 'automotive_design', 1998, #542 ) ;
#1531 = FACE_BOUND ( 'NONE', #1696, .T. ) ;
#1532 = ORIENTED_EDGE ( 'NONE', *, *, #1482, .T. ) ;
#1533 = DIRECTION ( 'NONE',  ( -0.9731308116794299412, -0.000000000000000000, -0.2302529551604793612 ) ) ;
#1534 = VERTEX_POINT ( 'NONE', #2068 ) ;
#1535 = DIRECTION ( 'NONE',  ( -0.5773502691896134076, -0.5773502691896319483, 0.5773502691896319483 ) ) ;
#1536 = ADVANCED_FACE ( 'NONE', ( #939 ), #455, .T. ) ;
#1537 = ORIENTED_EDGE ( 'NONE', *, *, #1181, .F. ) ;
#1538 = DIRECTION ( 'NONE',  ( -0.9731308116794302743, 0.000000000000000000, -0.2302529551604779456 ) ) ;
#1539 = ORIENTED_EDGE ( 'NONE', *, *, #1961, .T. ) ;
#1540 = DIRECTION ( 'NONE',  ( 1.000000000000000000, 0.000000000000000000, 0.000000000000000000 ) ) ;
#1541 = VERTEX_POINT ( 'NONE', #603 ) ;
#1542 = DIRECTION ( 'NONE',  ( 0.000000000000000000, -1.000000000000000000, 0.000000000000000000 ) ) ;
#1543 = ORIENTED_EDGE ( 'NONE', *, *, #1090, .T. ) ;
#1544 = PLANE ( 'NONE',  #179 ) ;
#1545 = CARTESIAN_POINT ( 'NONE',  ( 27.90397273399893763, -0.5999999999999949818, 6.602372574795446702 ) ) ;
#1546 = CARTESIAN_POINT ( 'NONE',  ( 34.96999999999999886, -17.88000000000000256, 0.000000000000000000 ) ) ;
#1547 = VECTOR ( 'NONE', #1578, 100.0000000000000142 ) ;
#1548 = EDGE_CURVE ( 'NONE', #485, #207, #1588, .T. ) ;
#1549 = PLANE ( 'NONE',  #2063 ) ;
#1550 = VECTOR ( 'NONE', #1751, 100.0000000000000000 ) ;
#1551 = EDGE_CURVE ( 'NONE', #940, #954, #124, .T. ) ;
#1552 = FACE_BOUND ( 'NONE', #2065, .T. ) ;
#1553 = ORIENTED_EDGE ( 'NONE', *, *, #1454, .F. ) ;
#1554 = UNCERTAINTY_MEASURE_WITH_UNIT (LENGTH_MEASURE( 1.000000000000000082E-05 ), #785, 'distance_accuracy_value', 'NONE');
#1555 = VECTOR ( 'NONE', #1954, 100.0000000000000000 ) ;
#1556 = CARTESIAN_POINT ( 'NONE',  ( 34.17085782681789397, -2.294999999999990159, 7.758916791425877868 ) ) ;
#1557 = ORIENTED_EDGE ( 'NONE', *, *, #1236, .T. ) ;
#1558 = LINE ( 'NONE', #899, #1686 ) ;
#1559 = ORIENTED_EDGE ( 'NONE', *, *, #1142, .F. ) ;
#1560 = MANIFOLD_SOLID_BREP ( 'Middle', #2073 ) ;
#1561 = CYLINDRICAL_SURFACE ( 'NONE', #1855, 0.3000000000000070388 ) ;
#1562 =( BOUNDED_CURVE ( )  B_SPLINE_CURVE ( 3, ( #1200, #211, #1512, #716 ),
 .UNSPECIFIED., .F., .T. ) 
 B_SPLINE_CURVE_WITH_KNOTS ( ( 4, 4 ),
 ( 1.797104947649391660, 4.938697601239184110 ),
 .UNSPECIFIED. ) 
 CURVE ( )  GEOMETRIC_REPRESENTATION_ITEM ( )  RATIONAL_B_SPLINE_CURVE ( ( 1.000000000000000000, 0.3333333333333337034, 0.3333333333333337034, 1.000000000000000000 ) ) 
 REPRESENTATION_ITEM ( '' )  );
#1563 = CARTESIAN_POINT ( 'NONE',  ( 19.95341666818141846, -16.90499999999999403, 0.000000000000000000 ) ) ;
#1564 = ORIENTED_EDGE ( 'NONE', *, *, #2081, .F. ) ;
#1565 = EDGE_CURVE ( 'NONE', #1572, #251, #1265, .T. ) ;
#1566 = DIRECTION ( 'NONE',  ( 0.7071067811865475727, 0.000000000000000000, -0.7071067811865475727 ) ) ;
#1567 = ORIENTED_EDGE ( 'NONE', *, *, #1990, .F. ) ;
#1568 = CARTESIAN_POINT ( 'NONE',  ( 36.18999999999999773, -16.86999999999999744, 0.000000000000000000 ) ) ;
#1569 = DIRECTION ( 'NONE',  ( 0.000000000000000000, 1.000000000000000000, 0.000000000000000000 ) ) ;
#1570 = PLANE ( 'NONE',  #1382 ) ;
#1571 = CARTESIAN_POINT ( 'NONE',  ( 19.55917818706374334, -1.964999999999972324, 4.627906674036525558 ) ) ;
#1572 = VERTEX_POINT ( 'NONE', #1463 ) ;
#1573 = EDGE_CURVE ( 'NONE', #1572, #1038, #1624, .T. ) ;
#1574 = ORIENTED_EDGE ( 'NONE', *, *, #191, .T. ) ;
#1575 = EDGE_CURVE ( 'NONE', #1534, #1387, #1615, .T. ) ;
#1576 = DIRECTION ( 'NONE',  ( -0.2302529551604794444, 0.000000000000000000, 0.9731308116794300522 ) ) ;
#1577 = VERTEX_POINT ( 'NONE', #23 ) ;
#1578 = DIRECTION ( 'NONE',  ( -0.2302529551604793612, 0.000000000000000000, 0.9731308116794299412 ) ) ;
#1579 = CARTESIAN_POINT ( 'NONE',  ( 35.07000000000000028, -19.20000000000000284, 12.63499999999999979 ) ) ;
#1580 = FACE_OUTER_BOUND ( 'NONE', #1291, .T. ) ;
#1581 = AXIS2_PLACEMENT_3D ( 'NONE', #1788, #2041, #1704 ) ;
#1582 = ORIENTED_EDGE ( 'NONE', *, *, #1478, .F. ) ;
#1583 = VECTOR ( 'NONE', #147, 100.0000000000000142 ) ;
#1584 = VECTOR ( 'NONE', #636, 100.0000000000000000 ) ;
#1585 = ORIENTED_EDGE ( 'NONE', *, *, #1573, .T. ) ;
#1586 = EDGE_CURVE ( 'NONE', #2102, #1922, #1473, .T. ) ;
#1587 = VECTOR ( 'NONE', #778, 100.0000000000000000 ) ;
#1588 = LINE ( 'NONE', #1746, #50 ) ;
#1589 = ORIENTED_EDGE ( 'NONE', *, *, #1048, .T. ) ;
#1590 = LINE ( 'NONE', #284, #1701 ) ;
#1591 = ADVANCED_FACE ( 'NONE', ( #1656 ), #1124, .T. ) ;
#1592 = DIRECTION ( 'NONE',  ( 0.000000000000000000, 0.000000000000000000, -1.000000000000000000 ) ) ;
#1593 = CARTESIAN_POINT ( 'NONE',  ( 35.07000000000000028, -3.229999999999985771, 0.09999999999999453770 ) ) ;
#1594 = VERTEX_POINT ( 'NONE', #1153 ) ;
#1595 = AXIS2_PLACEMENT_3D ( 'NONE', #565, #1569, #1248 ) ;
#1596 = LINE ( 'NONE', #2077, #627 ) ;
#1597 = ORIENTED_EDGE ( 'NONE', *, *, #1454, .T. ) ;
#1598 = CARTESIAN_POINT ( 'NONE',  ( 0.000000000000000000, -2.109999999999989662, 0.000000000000000000 ) ) ;
#1599 = CARTESIAN_POINT ( 'NONE',  ( 19.10999999999999943, -2.209999999999989750, 12.63499999999999979 ) ) ;
#1600 = EDGE_CURVE ( 'NONE', #2115, #654, #824, .T. ) ;
#1601 = DIRECTION ( 'NONE',  ( -0.9731308116794302743, 0.000000000000000000, -0.2302529551604779456 ) ) ;
#1602 = DIRECTION ( 'NONE',  ( 1.000000000000000000, 0.000000000000000000, 0.000000000000000000 ) ) ;
#1603 = ORIENTED_EDGE ( 'NONE', *, *, #1744, .T. ) ;
#1604 = PRESENTATION_STYLE_ASSIGNMENT (( #1758 ) ) ;
#1605 = ORIENTED_EDGE ( 'NONE', *, *, #465, .F. ) ;
#1606 = LINE ( 'NONE', #156, #1133 ) ;
#1607 = CARTESIAN_POINT ( 'NONE',  ( 29.19849643758434965, -18.00000000000000355, 5.040000000000001812 ) ) ;
#1608 = EDGE_CURVE ( 'NONE', #251, #885, #840, .T. ) ;
#1609 = CARTESIAN_POINT ( 'NONE',  ( 19.95341666818141846, -2.294999999999990159, 4.394921116531270933 ) ) ;
#1610 = FACE_BOUND ( 'NONE', #1047, .T. ) ;
#1611 = ORIENTED_EDGE ( 'NONE', *, *, #1355, .F. ) ;
#1612 = EDGE_CURVE ( 'NONE', #1229, #2107, #984, .T. ) ;
#1613 = CIRCLE ( 'NONE', #1984, 0.3000000000000070388 ) ;
#1614 = AXIS2_PLACEMENT_3D ( 'NONE', #1370, #1232, #66 ) ;
#1615 = LINE ( 'NONE', #994, #1107 ) ;
#1616 = ORIENTED_EDGE ( 'NONE', *, *, #671, .F. ) ;
#1617 = DIRECTION ( 'NONE',  ( 1.000000000000000000, 0.000000000000000000, 0.000000000000000000 ) ) ;
#1618 = DIRECTION ( 'NONE',  ( -1.000000000000000000, -2.832201593431512852E-15, 0.000000000000000000 ) ) ;
#1619 = VECTOR ( 'NONE', #1, 100.0000000000000142 ) ;
#1620 = CARTESIAN_POINT ( 'NONE',  ( 34.17085782681789397, -19.19999999999999929, 0.000000000000000000 ) ) ;
#1621 = DIRECTION ( 'NONE',  ( 0.2302529551604793889, 4.736714462187178404E-18, -0.9731308116794300522 ) ) ;
#1622 = ORIENTED_EDGE ( 'NONE', *, *, #1873, .T. ) ;
#1623 = EDGE_CURVE ( 'NONE', #93, #648, #874, .T. ) ;
#1624 = LINE ( 'NONE', #185, #1109 ) ;
#1625 = ORIENTED_EDGE ( 'NONE', *, *, #727, .F. ) ;
#1626 = LINE ( 'NONE', #1490, #42 ) ;
#1627 = DIRECTION ( 'NONE',  ( -0.2302529551604794444, 0.000000000000000000, 0.9731308116794299412 ) ) ;
#1628 = ORIENTED_EDGE ( 'NONE', *, *, #643, .F. ) ;
#1629 = CARTESIAN_POINT ( 'NONE',  ( 27.98971388535737148, 1.630640067418198669E-14, 6.240000000000025970 ) ) ;
#1630 = CARTESIAN_POINT ( 'NONE',  ( 0.000000000000000000, -15.99000000000000199, 0.000000000000000000 ) ) ;
#1631 = ORIENTED_EDGE ( 'NONE', *, *, #1548, .F. ) ;
#1632 = FACE_OUTER_BOUND ( 'NONE', #407, .T. ) ;
#1633 = EDGE_CURVE ( 'NONE', #931, #2102, #333, .T. ) ;
#1634 = DIRECTION ( 'NONE',  ( -0.9731308116794304963, 0.000000000000000000, -0.2302529551604777514 ) ) ;
#1635 = ORIENTED_EDGE ( 'NONE', *, *, #1757, .T. ) ;
#1636 = CARTESIAN_POINT ( 'NONE',  ( 36.09000000000000341, -3.229999999999985771, 8.539272471910111406 ) ) ;
#1637 = EDGE_CURVE ( 'NONE', #1816, #1500, #472, .T. ) ;
#1638 = PLANE ( 'NONE',  #1170 ) ;
#1639 = LINE ( 'NONE', #645, #1000 ) ;
#1640 = LINE ( 'NONE', #20, #2036 ) ;
#1641 = VERTEX_POINT ( 'NONE', #2109 ) ;
#1642 = CARTESIAN_POINT ( 'NONE',  ( 36.18999999999999773, -2.229999999999987548, 0.000000000000000000 ) ) ;
#1643 = VERTEX_POINT ( 'NONE', #1292 ) ;
#1644 = AXIS2_PLACEMENT_3D ( 'NONE', #466, #1437, #1761 ) ;
#1645 = AXIS2_PLACEMENT_3D ( 'NONE', #917, #1057, #238 ) ;
#1646 = ORIENTED_EDGE ( 'NONE', *, *, #229, .F. ) ;
#1647 = EDGE_CURVE ( 'NONE', #1867, #1338, #13, .T. ) ;
#1648 = CARTESIAN_POINT ( 'NONE',  ( 17.99000000000000199, -3.109999999999987885, 0.000000000000000000 ) ) ;
#1649 = VECTOR ( 'NONE', #157, 100.0000000000000142 ) ;
#1650 = LINE ( 'NONE', #1799, #1722 ) ;
#1651 = EDGE_CURVE ( 'NONE', #1140, #389, #807, .T. ) ;
#1652 = DIRECTION ( 'NONE',  ( 1.000000000000000000, 0.000000000000000000, 0.000000000000000000 ) ) ;
#1653 = FACE_OUTER_BOUND ( 'NONE', #1427, .T. ) ;
#1654 = ORIENTED_EDGE ( 'NONE', *, *, #2072, .F. ) ;
#1655 = DIRECTION ( 'NONE',  ( 8.673617379884035472E-17, 0.000000000000000000, -1.000000000000000000 ) ) ;
#1656 = FACE_OUTER_BOUND ( 'NONE', #301, .T. ) ;
#1657 = ORIENTED_EDGE ( 'NONE', *, *, #294, .T. ) ;
#1658 = PLANE ( 'NONE',  #1413 ) ;
#1659 = FACE_OUTER_BOUND ( 'NONE', #670, .T. ) ;
#1660 = EDGE_CURVE ( 'NONE', #98, #1808, #962, .T. ) ;
#1661 = PLANE ( 'NONE',  #798 ) ;
#1662 = DIRECTION ( 'NONE',  ( 0.000000000000000000, 0.000000000000000000, -1.000000000000000000 ) ) ;
#1663 = LINE ( 'NONE', #1642, #282 ) ;
#1664 = ORIENTED_EDGE ( 'NONE', *, *, #1433, .F. ) ;
#1665 = PLANE ( 'NONE',  #774 ) ;
#1666 = VERTEX_POINT ( 'NONE', #463 ) ;
#1667 = CARTESIAN_POINT ( 'NONE',  ( 26.37245745943810959, 0.000000000000000000, 6.240000000000009095 ) ) ;
#1668 = ORIENTED_EDGE ( 'NONE', *, *, #1394, .T. ) ;
#1669 = DIRECTION ( 'NONE',  ( -0.9731308116794299412, 0.000000000000000000, -0.2302529551604793334 ) ) ;
#1670 = CARTESIAN_POINT ( 'NONE',  ( 18.09000000000000341, -15.99000000000000199, 4.280283707865168097 ) ) ;
#1671 = DIRECTION ( 'NONE',  ( -0.9731308116794304963, 0.000000000000000000, -0.2302529551604777514 ) ) ;
#1672 = EDGE_CURVE ( 'NONE', #2000, #1641, #1943, .T. ) ;
#1673 = DIRECTION ( 'NONE',  ( -0.5773502691896363892, -0.5773502691896363892, -0.5773502691896044148 ) ) ;
#1674 = VERTEX_POINT ( 'NONE', #1132 ) ;
#1675 = ADVANCED_FACE ( 'NONE', ( #1786 ), #500, .T. ) ;
#1676 = CARTESIAN_POINT ( 'NONE',  ( 17.21000000000000085, -15.99000000000000199, 0.000000000000000000 ) ) ;
#1677 = ORIENTED_EDGE ( 'NONE', *, *, #1497, .F. ) ;
#1678 = LINE ( 'NONE', #221, #2023 ) ;
#1679 = VECTOR ( 'NONE', #715, 100.0000000000000000 ) ;
#1680 = CARTESIAN_POINT ( 'NONE',  ( 17.21000000000000085, -1.319999999999998952, 0.000000000000000000 ) ) ;
#1681 = CIRCLE ( 'NONE', #1645, 0.3000000000000070388 ) ;
#1682 = CYLINDRICAL_SURFACE ( 'NONE', #1819, 0.3000000000000070388 ) ;
#1683 = VECTOR ( 'NONE', #1931, 100.0000000000000000 ) ;
#1684 = ORIENTED_EDGE ( 'NONE', *, *, #1466, .F. ) ;
#1685 = DIRECTION ( 'NONE',  ( 0.000000000000000000, -1.000000000000000000, 0.000000000000000000 ) ) ;
#1686 = VECTOR ( 'NONE', #1365, 100.0000000000000000 ) ;
#1687 = CARTESIAN_POINT ( 'NONE',  ( 0.000000000000000000, -15.87000000000000099, 0.000000000000000000 ) ) ;
#1688 = VECTOR ( 'NONE', #1986, 100.0000000000000000 ) ;
#1689 = ORIENTED_EDGE ( 'NONE', *, *, #857, .F. ) ;
#1690 = EDGE_CURVE ( 'NONE', #1105, #412, #649, .T. ) ;
#1691 = LINE ( 'NONE', #230, #190 ) ;
#1692 = ORIENTED_EDGE ( 'NONE', *, *, #1551, .T. ) ;
#1693 = LINE ( 'NONE', #383, #732 ) ;
#1694 = LINE ( 'NONE', #739, #1308 ) ;
#1695 = ORIENTED_EDGE ( 'NONE', *, *, #1433, .T. ) ;
#1696 = EDGE_LOOP ( 'NONE', ( #1915, #1913 ) ) ;
#1697 = CARTESIAN_POINT ( 'NONE',  ( 30.50566987749120429, -0.5999999999999949818, -5.696238971870767998 ) ) ;
#1698 = VECTOR ( 'NONE', #1496, 100.0000000000000142 ) ;
#1699 = ORIENTED_EDGE ( 'NONE', *, *, #175, .F. ) ;
#1700 = CARTESIAN_POINT ( 'NONE',  ( 28.77979046451041967, -0.6000000000000005329, 6.809600234439875166 ) ) ;
#1701 = VECTOR ( 'NONE', #932, 100.0000000000000000 ) ;
#1702 = LINE ( 'NONE', #895, #122 ) ;
#1703 = ORIENTED_EDGE ( 'NONE', *, *, #191, .F. ) ;
#1704 = DIRECTION ( 'NONE',  ( 1.000000000000000000, 0.000000000000000000, 0.000000000000000000 ) ) ;
#1705 = EDGE_CURVE ( 'NONE', #634, #2076, #1829, .T. ) ;
#1706 = ORIENTED_EDGE ( 'NONE', *, *, #571, .F. ) ;
#1707 = LINE ( 'NONE', #586, #223 ) ;
#1708 = VERTEX_POINT ( 'NONE', #860 ) ;
#1709 = CARTESIAN_POINT ( 'NONE',  ( 19.95341666818141846, -16.90499999999999403, 4.394921116531270933 ) ) ;
#1710 = EDGE_CURVE ( 'NONE', #1081, #1453, #1197, .T. ) ;
#1711 = LINE ( 'NONE', #1890, #1030 ) ;
#1712 = FACE_OUTER_BOUND ( 'NONE', #1157, .T. ) ;
#1713 = DIRECTION ( 'NONE',  ( -0.9731308116794304963, 0.000000000000000000, -0.2302529551604777514 ) ) ;
#1714 = ORIENTED_EDGE ( 'NONE', *, *, #194, .F. ) ;
#1715 = CARTESIAN_POINT ( 'NONE',  ( 35.07000000000000028, -17.98000000000000043, 5.020000000000000462 ) ) ;
#1716 = EDGE_CURVE ( 'NONE', #1851, #554, #1850, .T. ) ;
#1717 = EDGE_LOOP ( 'NONE', ( #759, #150, #1400, #443 ) ) ;
#1718 = VECTOR ( 'NONE', #1329, 100.0000000000000000 ) ;
#1719 = CARTESIAN_POINT ( 'NONE',  ( 36.09000000000000341, -3.229999999999985771, 12.63499999999999979 ) ) ;
#1720 = EDGE_CURVE ( 'NONE', #896, #2110, #912, .T. ) ;
#1721 = VECTOR ( 'NONE', #1425, 100.0000000000000000 ) ;
#1722 = VECTOR ( 'NONE', #1810, 100.0000000000000142 ) ;
#1723 = CARTESIAN_POINT ( 'NONE',  ( 36.09000000000000341, -15.97000000000000064, 12.63499999999999979 ) ) ;
#1724 = ORIENTED_EDGE ( 'NONE', *, *, #233, .T. ) ;
#1725 = VECTOR ( 'NONE', #871, 100.0000000000000000 ) ;
#1726 = LINE ( 'NONE', #791, #1520 ) ;
#1727 = ORIENTED_EDGE ( 'NONE', *, *, #1012, .F. ) ;
#1728 = VECTOR ( 'NONE', #1159, 100.0000000000000142 ) ;
#1729 = CARTESIAN_POINT ( 'NONE',  ( 27.51511353218730704, -18.60000000000000497, 5.640000000000008562 ) ) ;
#1730 = DIRECTION ( 'NONE',  ( -8.673617379884035472E-17, 0.000000000000000000, 1.000000000000000000 ) ) ;
#1731 = CARTESIAN_POINT ( 'NONE',  ( 36.18999999999999773, -15.97000000000000064, 0.000000000000000000 ) ) ;
#1732 = ADVANCED_FACE ( 'NONE', ( #68 ), #722, .T. ) ;
#1733 = DIRECTION ( 'NONE',  ( -1.000000000000000000, 0.000000000000000000, 0.000000000000000000 ) ) ;
#1734 = ORIENTED_EDGE ( 'NONE', *, *, #135, .F. ) ;
#1735 = ORIENTED_EDGE ( 'NONE', *, *, #1902, .F. ) ;
#1736 = ORIENTED_EDGE ( 'NONE', *, *, #428, .F. ) ;
#1737 = CARTESIAN_POINT ( 'NONE',  ( 37.07000000000000028, -2.229999999999984883, 12.63499999999999979 ) ) ;
#1738 = ORIENTED_EDGE ( 'NONE', *, *, #1421, .F. ) ;
#1739 = LINE ( 'NONE', #1422, #217 ) ;
#1740 = CARTESIAN_POINT ( 'NONE',  ( 26.11566321105994959, -17.99999999999999289, 5.039999999999993818 ) ) ;
#1741 = LINE ( 'NONE', #969, #1243 ) ;
#1742 = EDGE_CURVE ( 'NONE', #471, #493, #688, .T. ) ;
#1743 = ORIENTED_EDGE ( 'NONE', *, *, #357, .F. ) ;
#1744 = EDGE_CURVE ( 'NONE', #49, #329, #909, .T. ) ;
#1745 = ORIENTED_EDGE ( 'NONE', *, *, #175, .T. ) ;
#1746 = CARTESIAN_POINT ( 'NONE',  ( 17.11000000000000298, -17.88000000000000256, 0.1000000000000000611 ) ) ;
#1747 = ORIENTED_EDGE ( 'NONE', *, *, #1284, .F. ) ;
#1748 = DIRECTION ( 'NONE',  ( -0.9731308116794299412, -0.000000000000000000, -0.2302529551604793612 ) ) ;
#1749 = DIRECTION ( 'NONE',  ( 0.000000000000000000, -1.000000000000000000, 0.000000000000000000 ) ) ;
#1750 = VECTOR ( 'NONE', #2012, 100.0000000000000000 ) ;
#1751 = DIRECTION ( 'NONE',  ( 0.000000000000000000, -1.000000000000000000, 0.000000000000000000 ) ) ;
#1752 = AXIS2_PLACEMENT_3D ( 'NONE', #1932, #460, #469 ) ;
#1753 = ORIENTED_EDGE ( 'NONE', *, *, #859, .T. ) ;
#1754 = VECTOR ( 'NONE', #1342, 100.0000000000000142 ) ;
#1755 = ORIENTED_EDGE ( 'NONE', *, *, #1608, .T. ) ;
#1756 = AXIS2_PLACEMENT_3D ( 'NONE', #5, #488, #1146 ) ;
#1757 = EDGE_CURVE ( 'NONE', #1851, #813, #1386, .T. ) ;
#1758 = SURFACE_STYLE_USAGE ( .BOTH. , #302 ) ;
#1759 = EDGE_LOOP ( 'NONE', ( #784, #1023, #1456, #1174 ) ) ;
#1760 = VECTOR ( 'NONE', #1327, 100.0000000000000000 ) ;
#1761 = DIRECTION ( 'NONE',  ( -0.9731308116794302743, 0.000000000000000000, -0.2302529551604779456 ) ) ;
#1762 = LINE ( 'NONE', #1599, #1584 ) ;
#1763 = PLANE ( 'NONE',  #1306 ) ;
#1764 = LINE ( 'NONE', #1460, #704 ) ;
#1765 = EDGE_LOOP ( 'NONE', ( #1091, #1879 ) ) ;
#1766 =( BOUNDED_CURVE ( )  B_SPLINE_CURVE ( 3, ( #1193, #1359, #674, #1323 ),
 .UNSPECIFIED., .F., .T. ) 
 B_SPLINE_CURVE_WITH_KNOTS ( ( 4, 4 ),
 ( 1.797104947649393436, 4.938697601239185886 ),
 .UNSPECIFIED. ) 
 CURVE ( )  GEOMETRIC_REPRESENTATION_ITEM ( )  RATIONAL_B_SPLINE_CURVE ( ( 1.000000000000000000, 0.3333333333333337034, 0.3333333333333337034, 1.000000000000000000 ) ) 
 REPRESENTATION_ITEM ( '' )  );
#1767 = ORIENTED_EDGE ( 'NONE', *, *, #1397, .T. ) ;
#1768 = DIRECTION ( 'NONE',  ( 0.000000000000000000, -0.7071067811865279218, -0.7071067811865671127 ) ) ;
#1769 = ORIENTED_EDGE ( 'NONE', *, *, #1877, .F. ) ;
#1770 = EDGE_CURVE ( 'NONE', #1666, #1105, #701, .T. ) ;
#1771 = CARTESIAN_POINT ( 'NONE',  ( 30.79760912099504111, -18.60000000000000497, -5.627163085322623104 ) ) ;
#1772 = CARTESIAN_POINT ( 'NONE',  ( 29.67309679075439988, -18.60000000000000142, 5.640000000000005009 ) ) ;
#1773 = EDGE_CURVE ( 'NONE', #98, #619, #78, .T. ) ;
#1774 = CARTESIAN_POINT ( 'NONE',  ( 19.95341666818141846, -2.294999999999990159, 0.000000000000000000 ) ) ;
#1775 = DIRECTION ( 'NONE',  ( 0.000000000000000000, 0.000000000000000000, -1.000000000000000000 ) ) ;
#1776 = EDGE_LOOP ( 'NONE', ( #1654, #131, #1461 ) ) ;
#1777 =( BOUNDED_CURVE ( )  B_SPLINE_CURVE ( 3, ( #1062, #48, #577, #2013 ),
 .UNSPECIFIED., .F., .T. ) 
 B_SPLINE_CURVE_WITH_KNOTS ( ( 4, 4 ),
 ( 4.938697601239184998, 8.080290254828979002 ),
 .UNSPECIFIED. ) 
 CURVE ( )  GEOMETRIC_REPRESENTATION_ITEM ( )  RATIONAL_B_SPLINE_CURVE ( ( 1.000000000000000000, 0.3333333333333330373, 0.3333333333333330373, 1.000000000000000000 ) ) 
 REPRESENTATION_ITEM ( '' )  );
#1778 = CARTESIAN_POINT ( 'NONE',  ( 0.000000000000000000, -16.90499999999999403, 0.000000000000000000 ) ) ;
#1779 = ORIENTED_EDGE ( 'NONE', *, *, #997, .T. ) ;
#1780 = CARTESIAN_POINT ( 'NONE',  ( 19.63228350032719405, -17.23499999999997101, 4.318937641328306043 ) ) ;
#1781 = ADVANCED_FACE ( 'NONE', ( #1352, #1212 ), #1999, .F. ) ;
#1782 = PLANE ( 'NONE',  #1752 ) ;
#1783 = LINE ( 'NONE', #801, #152 ) ;
#1784 = EDGE_LOOP ( 'NONE', ( #2055, #1045, #511, #1929 ) ) ;
#1785 = VECTOR ( 'NONE', #1203, 100.0000000000000000 ) ;
#1786 = FACE_OUTER_BOUND ( 'NONE', #1276, .T. ) ;
#1787 = ORIENTED_EDGE ( 'NONE', *, *, #534, .F. ) ;
#1788 = CARTESIAN_POINT ( 'NONE',  ( 0.000000000000000000, -19.19999999999999929, 0.000000000000000000 ) ) ;
#1789 = CARTESIAN_POINT ( 'NONE',  ( 34.17085782681789397, -2.294999999999990159, 0.000000000000000000 ) ) ;
#1790 = VECTOR ( 'NONE', #470, 100.0000000000000000 ) ;
#1791 = LINE ( 'NONE', #656, #1070 ) ;
#1792 = DIRECTION ( 'NONE',  ( 0.9731308116794299412, 0.000000000000000000, 0.2302529551604793612 ) ) ;
#1793 = ORIENTED_EDGE ( 'NONE', *, *, #884, .T. ) ;
#1794 = ADVANCED_FACE ( 'NONE', ( #1059 ), #1665, .T. ) ;
#1795 = ADVANCED_FACE ( 'NONE', ( #531 ), #1523, .T. ) ;
#1796 = DIRECTION ( 'NONE',  ( -0.000000000000000000, 1.000000000000000000, 0.000000000000000000 ) ) ;
#1797 = ORIENTED_EDGE ( 'NONE', *, *, #755, .F. ) ;
#1798 = DIRECTION ( 'NONE',  ( 0.000000000000000000, 1.000000000000000000, 0.000000000000000000 ) ) ;
#1799 = CARTESIAN_POINT ( 'NONE',  ( 19.63228350032719405, -1.964999999999972324, 4.318937641328306043 ) ) ;
#1800 = DIRECTION ( 'NONE',  ( 0.000000000000000000, 0.7071067811865279218, -0.7071067811865671127 ) ) ;
#1801 = CARTESIAN_POINT ( 'NONE',  ( 19.95341666818141846, -2.294999999999990159, 4.394921116531270933 ) ) ;
#1802 = ORIENTED_EDGE ( 'NONE', *, *, #1424, .T. ) ;
#1803 = CARTESIAN_POINT ( 'NONE',  ( 18.09000000000000341, -19.19999999999999929, 4.280283707865168985 ) ) ;
#1804 = EDGE_CURVE ( 'NONE', #1861, #2037, #1862, .T. ) ;
#1805 = ORIENTED_EDGE ( 'NONE', *, *, #1975, .F. ) ;
#1806 = ADVANCED_FACE ( 'NONE', ( #57 ), #713, .T. ) ;
#1807 = CARTESIAN_POINT ( 'NONE',  ( 0.000000000000000000, -3.229999999999985771, 0.000000000000000000 ) ) ;
#1808 = VERTEX_POINT ( 'NONE', #1036 ) ;
#1809 = CARTESIAN_POINT ( 'NONE',  ( 26.15233727297595578, -18.60000000000000497, 6.187917255506579117 ) ) ;
#1810 = DIRECTION ( 'NONE',  ( -0.9731308116794299412, 0.000000000000000000, -0.2302529551604793612 ) ) ;
#1811 = EDGE_CURVE ( 'NONE', #2037, #2000, #1691, .T. ) ;
#1812 = CARTESIAN_POINT ( 'NONE',  ( 19.11000000000000298, -19.19999999999999929, 4.521626404494382356 ) ) ;
#1813 = CYLINDRICAL_SURFACE ( 'NONE', #188, 0.3000000000000012657 ) ;
#1814 = EDGE_LOOP ( 'NONE', ( #854, #1063, #79, #879 ) ) ;
#1815 = VECTOR ( 'NONE', #1673, 100.0000000000000000 ) ;
#1816 = VERTEX_POINT ( 'NONE', #240 ) ;
#1817 = CARTESIAN_POINT ( 'NONE',  ( 35.07000000000000028, -17.88000000000000256, 0.1000000000000000472 ) ) ;
#1818 = EDGE_CURVE ( 'NONE', #988, #93, #1702, .T. ) ;
#1819 = AXIS2_PLACEMENT_3D ( 'NONE', #1697, #890, #1538 ) ;
#1820 = LINE ( 'NONE', #189, #1073 ) ;
#1821 = ORIENTED_EDGE ( 'NONE', *, *, #916, .T. ) ;
#1822 = VECTOR ( 'NONE', #794, 100.0000000000000000 ) ;
#1823 = VECTOR ( 'NONE', #172, 100.0000000000000000 ) ;
#1824 = CARTESIAN_POINT ( 'NONE',  ( 36.09000000000000341, -16.86999999999999744, 0.000000000000000000 ) ) ;
#1825 = CARTESIAN_POINT ( 'NONE',  ( 18.08999999999999986, -19.19999999999999929, 4.280283707865168097 ) ) ;
#1826 = VECTOR ( 'NONE', #694, 100.0000000000000000 ) ;
#1827 = CARTESIAN_POINT ( 'NONE',  ( 18.08999999999999986, -3.209999999999987974, 0.1000000000000000888 ) ) ;
#1828 = ORIENTED_EDGE ( 'NONE', *, *, #2095, .F. ) ;
#1829 = LINE ( 'NONE', #1508, #631 ) ;
#1830 = ORIENTED_EDGE ( 'NONE', *, *, #494, .F. ) ;
#1831 = DIRECTION ( 'NONE',  ( 0.000000000000000000, 1.000000000000000000, 0.000000000000000000 ) ) ;
#1832 = CARTESIAN_POINT ( 'NONE',  ( 28.27364646962703532, -1.200000000000005063, 5.039999999999991154 ) ) ;
#1833 = EDGE_CURVE ( 'NONE', #173, #1708, #1396, .T. ) ;
#1834 = EDGE_LOOP ( 'NONE', ( #1083, #927, #592, #1451 ) ) ;
#1835 = DIRECTION ( 'NONE',  ( -1.000000000000000000, 0.000000000000000000, 0.000000000000000000 ) ) ;
#1836 = ADVANCED_FACE ( 'NONE', ( #461 ), #960, .T. ) ;
#1837 = DIRECTION ( 'NONE',  ( -0.2302529551604794167, 0.000000000000000000, 0.9731308116794300522 ) ) ;
#1838 = CARTESIAN_POINT ( 'NONE',  ( 35.07000000000000028, -15.97000000000000064, 12.63499999999999979 ) ) ;
#1839 = VERTEX_POINT ( 'NONE', #812 ) ;
#1840 = DIRECTION ( 'NONE',  ( -1.000000000000000000, -1.394752543498940254E-15, 0.000000000000000000 ) ) ;
#1841 = ORIENTED_EDGE ( 'NONE', *, *, #357, .T. ) ;
#1842 = DIRECTION ( 'NONE',  ( -0.9731308116794302743, 0.000000000000000000, -0.2302529551604779456 ) ) ;
#1843 = CARTESIAN_POINT ( 'NONE',  ( 29.05653014544951773, -0.6000000000000005329, 5.640000000000002345 ) ) ;
#1844 = PRODUCT ( 'ramp-middle-frame_60', 'ramp-middle-frame_60', '', ( #752 ) ) ;
#1845 = DIRECTION ( 'NONE',  ( 0.000000000000000000, 1.000000000000000000, 0.000000000000000000 ) ) ;
#1846 = ORIENTED_EDGE ( 'NONE', *, *, #353, .T. ) ;
#1847 = FACE_OUTER_BOUND ( 'NONE', #497, .T. ) ;
#1848 = EDGE_CURVE ( 'NONE', #1541, #1198, #1405, .T. ) ;
#1849 = CARTESIAN_POINT ( 'NONE',  ( 29.04597365997205571, -0.5999999999999949818, -6.041618404611488025 ) ) ;
#1850 = LINE ( 'NONE', #1186, #1420 ) ;
#1851 = VERTEX_POINT ( 'NONE', #99 ) ;
#1852 = DIRECTION ( 'NONE',  ( -1.000000000000000000, 0.000000000000000000, 0.000000000000000000 ) ) ;
#1853 = CARTESIAN_POINT ( 'NONE',  ( 17.21000000000000441, -19.19999999999997442, 0.000000000000000000 ) ) ;
#1854 = PLANE ( 'NONE',  #602 ) ;
#1855 = AXIS2_PLACEMENT_3D ( 'NONE', #418, #549, #2030 ) ;
#1856 = DIRECTION ( 'NONE',  ( -1.000000000000000000, 0.000000000000000000, 0.000000000000000000 ) ) ;
#1857 = ORIENTED_EDGE ( 'NONE', *, *, #1128, .T. ) ;
#1858 = MECHANICAL_DESIGN_GEOMETRIC_PRESENTATION_REPRESENTATION (  '', ( #85 ), #1480 ) ;
#1859 = FACE_OUTER_BOUND ( 'NONE', #1489, .T. ) ;
#1860 = EDGE_CURVE ( 'NONE', #1529, #2022, #756, .T. ) ;
#1861 = VERTEX_POINT ( 'NONE', #629 ) ;
#1862 = LINE ( 'NONE', #1676, #1725 ) ;
#1863 = ADVANCED_FACE ( 'NONE', ( #328, #1610 ), #618, .F. ) ;
#1864 = EDGE_LOOP ( 'NONE', ( #1543, #422, #838, #1616, #544 ) ) ;
#1865 = PLANE ( 'NONE',  #1099 ) ;
#1866 = CARTESIAN_POINT ( 'NONE',  ( 28.13168017749220340, -0.5999999999999949818, 5.640000000000005898 ) ) ;
#1867 = VERTEX_POINT ( 'NONE', #1556 ) ;
#1868 = CARTESIAN_POINT ( 'NONE',  ( 36.09000000000000341, -3.229999999999985771, 12.63499999999999979 ) ) ;
#1869 = CARTESIAN_POINT ( 'NONE',  ( 26.44829727209516790, 1.604619215278546562E-14, 6.240000000000025082 ) ) ;
#1870 = VECTOR ( 'NONE', #1982, 100.0000000000000000 ) ;
#1871 = CARTESIAN_POINT ( 'NONE',  ( 17.11000000000000298, -17.98000000000000043, 12.63499999999999979 ) ) ;
#1872 = ORIENTED_EDGE ( 'NONE', *, *, #1947, .T. ) ;
#1873 = EDGE_CURVE ( 'NONE', #1230, #2110, #320, .T. ) ;
#1874 = DIRECTION ( 'NONE',  ( 0.000000000000000000, -1.000000000000000000, 0.000000000000000000 ) ) ;
#1875 = ORIENTED_EDGE ( 'NONE', *, *, #2085, .T. ) ;
#1876 = CARTESIAN_POINT ( 'NONE',  ( 19.95341666818142201, -16.90499999999999403, 4.394921116531270044 ) ) ;
#1877 = EDGE_CURVE ( 'NONE', #1643, #940, #90, .T. ) ;
#1878 = DIRECTION ( 'NONE',  ( -0.9731308116794304963, 0.000000000000000000, -0.2302529551604777514 ) ) ;
#1879 = ORIENTED_EDGE ( 'NONE', *, *, #378, .T. ) ;
#1880 = ORIENTED_EDGE ( 'NONE', *, *, #620, .F. ) ;
#1881 = FACE_OUTER_BOUND ( 'NONE', #1134, .T. ) ;
#1882 = LINE ( 'NONE', #570, #1444 ) ;
#1883 = ORIENTED_EDGE ( 'NONE', *, *, #1818, .F. ) ;
#1884 = CARTESIAN_POINT ( 'NONE',  ( 0.000000000000000000, -17.88000000000000256, 0.000000000000000000 ) ) ;
#1885 = ORIENTED_EDGE ( 'NONE', *, *, #1985, .F. ) ;
#1886 =( NAMED_UNIT ( * ) SI_UNIT ( $, .STERADIAN. ) SOLID_ANGLE_UNIT ( ) );
#1887 = EDGE_CURVE ( 'NONE', #72, #1404, #149, .T. ) ;
#1888 = DIRECTION ( 'NONE',  ( 0.7071067811865671127, 0.000000000000000000, 0.7071067811865279218 ) ) ;
#1889 = VECTOR ( 'NONE', #668, 100.0000000000000000 ) ;
#1890 = CARTESIAN_POINT ( 'NONE',  ( 19.95341666818141846, -16.90499999999999403, 4.394921116531270933 ) ) ;
#1891 = AXIS2_PLACEMENT_3D ( 'NONE', #358, #820, #1652 ) ;
#1892 = PLANE ( 'NONE',  #117 ) ;
#1893 = ORIENTED_EDGE ( 'NONE', *, *, #1492, .T. ) ;
#1894 = VECTOR ( 'NONE', #921, 100.0000000000000142 ) ;
#1895 = AXIS2_PLACEMENT_3D ( 'NONE', #1269, #1621, #1792 ) ;
#1896 = ORIENTED_EDGE ( 'NONE', *, *, #608, .T. ) ;
#1897 = LINE ( 'NONE', #281, #700 ) ;
#1898 = ORIENTED_EDGE ( 'NONE', *, *, #1113, .F. ) ;
#1899 = ORIENTED_EDGE ( 'NONE', *, *, #280, .F. ) ;
#1900 = EDGE_CURVE ( 'NONE', #841, #1641, #1764, .T. ) ;
#1901 = FACE_OUTER_BOUND ( 'NONE', #1398, .T. ) ;
#1902 = EDGE_CURVE ( 'NONE', #506, #347, #1783, .T. ) ;
#1903 = DIRECTION ( 'NONE',  ( 0.000000000000000000, 1.000000000000000000, 0.000000000000000000 ) ) ;
#1904 = ORIENTED_EDGE ( 'NONE', *, *, #1113, .T. ) ;
#1905 = EDGE_LOOP ( 'NONE', ( #456, #1597, #1735, #1025 ) ) ;
#1906 = CARTESIAN_POINT ( 'NONE',  ( 17.10999999999999943, -1.219999999999987761, 12.63499999999999979 ) ) ;
#1907 = ORIENTED_EDGE ( 'NONE', *, *, #1660, .F. ) ;
#1908 = LINE ( 'NONE', #1937, #1341 ) ;
#1909 = CARTESIAN_POINT ( 'NONE',  ( 26.59026356423000337, -0.5999999999999949818, 5.640000000000006786 ) ) ;
#1910 = DIRECTION ( 'NONE',  ( 0.000000000000000000, -0.3420201433256678802, 0.9396926207859087610 ) ) ;
#1911 = ORIENTED_EDGE ( 'NONE', *, *, #574, .F. ) ;
#1912 = EDGE_CURVE ( 'NONE', #1839, #648, #970, .T. ) ;
#1913 = ORIENTED_EDGE ( 'NONE', *, *, #1369, .F. ) ;
#1914 = FILL_AREA_STYLE_COLOUR ( '', #2031 ) ;
#1915 = ORIENTED_EDGE ( 'NONE', *, *, #1336, .F. ) ;
#1916 = FACE_OUTER_BOUND ( 'NONE', #1834, .T. ) ;
#1917 = DIRECTION ( 'NONE',  ( -0.2302529551604794444, 0.000000000000000000, 0.9731308116794299412 ) ) ;
#1918 = VECTOR ( 'NONE', #242, 100.0000000000000000 ) ;
#1919 = FACE_OUTER_BOUND ( 'NONE', #1187, .T. ) ;
#1920 = VECTOR ( 'NONE', #609, 100.0000000000000000 ) ;
#1921 = CARTESIAN_POINT ( 'NONE',  ( 29.28634696586347275, -18.60000000000000142, 4.668712448745128363 ) ) ;
#1922 = VERTEX_POINT ( 'NONE', #2114 ) ;
#1923 = VECTOR ( 'NONE', #442, 100.0000000000000000 ) ;
#1924 = VERTEX_POINT ( 'NONE', #1234 ) ;
#1925 =( BOUNDED_CURVE ( )  B_SPLINE_CURVE ( 3, ( #1018, #1375, #243, #1084 ),
 .UNSPECIFIED., .F., .T. ) 
 B_SPLINE_CURVE_WITH_KNOTS ( ( 4, 4 ),
 ( 4.938697601239184998, 8.080290254828979002 ),
 .UNSPECIFIED. ) 
 CURVE ( )  GEOMETRIC_REPRESENTATION_ITEM ( )  RATIONAL_B_SPLINE_CURVE ( ( 1.000000000000000000, 0.3333333333333330373, 0.3333333333333330373, 1.000000000000000000 ) ) 
 REPRESENTATION_ITEM ( '' )  );
#1926 = VECTOR ( 'NONE', #1455, 100.0000000000000000 ) ;
#1927 = EDGE_CURVE ( 'NONE', #1922, #173, #1941, .T. ) ;
#1928 =( NAMED_UNIT ( * ) PLANE_ANGLE_UNIT ( ) SI_UNIT ( $, .RADIAN. ) );
#1929 = ORIENTED_EDGE ( 'NONE', *, *, #524, .T. ) ;
#1930 = LINE ( 'NONE', #1258, #235 ) ;
#1931 = DIRECTION ( 'NONE',  ( 0.000000000000000000, 0.000000000000000000, -1.000000000000000000 ) ) ;
#1932 = CARTESIAN_POINT ( 'NONE',  ( 0.000000000000000000, 0.000000000000000000, 0.000000000000000000 ) ) ;
#1933 = CARTESIAN_POINT ( 'NONE',  ( 17.10999999999999588, -3.209999999999987974, 0.1000000000000000888 ) ) ;
#1934 = VERTEX_POINT ( 'NONE', #1950 ) ;
#1935 = CARTESIAN_POINT ( 'NONE',  ( 34.17085782681789397, -2.294999999999990159, 7.758916791425877868 ) ) ;
#1936 = ORIENTED_EDGE ( 'NONE', *, *, #1690, .T. ) ;
#1937 = CARTESIAN_POINT ( 'NONE',  ( 19.55917818706374334, -17.23499999999997101, 4.627906674036525558 ) ) ;
#1938 = EDGE_CURVE ( 'NONE', #1861, #808, #413, .T. ) ;
#1939 = CARTESIAN_POINT ( 'NONE',  ( 29.81506308288922114, -18.00000000000000355, 5.040000000000001812 ) ) ;
#1940 = FACE_OUTER_BOUND ( 'NONE', #1784, .T. ) ;
#1941 = LINE ( 'NONE', #646, #597 ) ;
#1942 = VERTEX_POINT ( 'NONE', #480 ) ;
#1943 = LINE ( 'NONE', #484, #1926 ) ;
#1944 = ORIENTED_EDGE ( 'NONE', *, *, #916, .F. ) ;
#1945 = CARTESIAN_POINT ( 'NONE',  ( 19.10999999999999943, -2.209999999999989750, 0.1000000000000000888 ) ) ;
#1946 = FACE_OUTER_BOUND ( 'NONE', #109, .T. ) ;
#1947 = EDGE_CURVE ( 'NONE', #2006, #825, #1726, .T. ) ;
#1948 = DIRECTION ( 'NONE',  ( 0.2302529551604793889, 0.000000000000000000, -0.9731308116794300522 ) ) ;
#1949 = EDGE_CURVE ( 'NONE', #554, #1922, #263, .T. ) ;
#1950 = CARTESIAN_POINT ( 'NONE',  ( 27.51511353218730704, -18.60000000000000497, 5.640000000000008562 ) ) ;
#1951 = ORIENTED_EDGE ( 'NONE', *, *, #2072, .T. ) ;
#1952 = VECTOR ( 'NONE', #388, 100.0000000000000000 ) ;
#1953 = VECTOR ( 'NONE', #1592, 100.0000000000000000 ) ;
#1954 = DIRECTION ( 'NONE',  ( 0.5773502691896363892, 0.5773502691896363892, -0.5773502691896044148 ) ) ;
#1955 = ORIENTED_EDGE ( 'NONE', *, *, #1142, .T. ) ;
#1956 = FACE_OUTER_BOUND ( 'NONE', #1101, .T. ) ;
#1957 = CIRCLE ( 'NONE', #1035, 0.3000000000000012657 ) ;
#1958 = CARTESIAN_POINT ( 'NONE',  ( 0.000000000000000000, -17.98000000000000043, 5.020000000000000462 ) ) ;
#1959 = AXIS2_PLACEMENT_3D ( 'NONE', #218, #1840, #1024 ) ;
#1960 = PRODUCT_DEFINITION_FORMATION_WITH_SPECIFIED_SOURCE ( 'ANY', '', #1844, .NOT_KNOWN. ) ;
#1961 = EDGE_CURVE ( 'NONE', #1404, #786, #1450, .T. ) ;
#1962 = FACE_BOUND ( 'NONE', #226, .T. ) ;
#1963 = DIRECTION ( 'NONE',  ( -0.2302529551604794167, 0.000000000000000000, 0.9731308116794300522 ) ) ;
#1964 = EDGE_LOOP ( 'NONE', ( #575, #462, #102, #893 ) ) ;
#1965 = ADVANCED_FACE ( 'NONE', ( #638 ), #1130, .F. ) ;
#1966 = LINE ( 'NONE', #529, #415 ) ;
#1967 = CARTESIAN_POINT ( 'NONE',  ( 29.07172970801424938, -0.6000000000000005329, 6.878676120988018283 ) ) ;
#1968 = ORIENTED_EDGE ( 'NONE', *, *, #1492, .F. ) ;
#1969 = CARTESIAN_POINT ( 'NONE',  ( 0.000000000000000000, -17.98000000000000043, 5.020000000000000462 ) ) ;
#1970 = DIRECTION ( 'NONE',  ( -0.9731308116794300522, 0.000000000000000000, -0.2302529551604794722 ) ) ;
#1971 = DIRECTION ( 'NONE',  ( 0.000000000000000000, 0.000000000000000000, -1.000000000000000000 ) ) ;
#1972 = CARTESIAN_POINT ( 'NONE',  ( 26.15233727297595578, -18.60000000000000497, 6.187917255506579117 ) ) ;
#1973 = ORIENTED_EDGE ( 'NONE', *, *, #2061, .F. ) ;
#1974 = LINE ( 'NONE', #1827, #45 ) ;
#1975 = EDGE_CURVE ( 'NONE', #501, #1851, #821, .T. ) ;
#1976 = CARTESIAN_POINT ( 'NONE',  ( 34.49199099467208640, -1.964999999999972324, 7.834900266628827659 ) ) ;
#1977 = ORIENTED_EDGE ( 'NONE', *, *, #509, .F. ) ;
#1978 = DIRECTION ( 'NONE',  ( -0.000000000000000000, 0.7071067811865436870, 0.7071067811865513475 ) ) ;
#1979 = DIRECTION ( 'NONE',  ( -1.000000000000000000, 0.000000000000000000, 0.000000000000000000 ) ) ;
#1980 = CARTESIAN_POINT ( 'NONE',  ( 27.51511353218730704, -0.5999999999999949818, 5.640000000000007674 ) ) ;
#1981 = LINE ( 'NONE', #1505, #1826 ) ;
#1982 = DIRECTION ( 'NONE',  ( -1.877914453019546570E-16, 1.000000000000000000, 0.000000000000000000 ) ) ;
#1983 = DIRECTION ( 'NONE',  ( -1.000000000000000000, 0.000000000000000000, 0.000000000000000000 ) ) ;
#1984 = AXIS2_PLACEMENT_3D ( 'NONE', #1809, #986, #651 ) ;
#1985 = EDGE_CURVE ( 'NONE', #541, #1594, #665, .T. ) ;
#1986 = DIRECTION ( 'NONE',  ( 0.000000000000000000, 0.3420201433256678802, -0.9396926207859087610 ) ) ;
#1987 = AXIS2_PLACEMENT_3D ( 'NONE', #1367, #64, #1378 ) ;
#1988 = ORIENTED_EDGE ( 'NONE', *, *, #306, .F. ) ;
#1989 = DIRECTION ( 'NONE',  ( -0.9731308116794299412, -0.000000000000000000, -0.2302529551604793612 ) ) ;
#1990 = EDGE_CURVE ( 'NONE', #568, #506, #1495, .T. ) ;
#1991 = CYLINDRICAL_SURFACE ( 'NONE', #1756, 0.3000000000000070388 ) ;
#1992 = AXIS2_PLACEMENT_3D ( 'NONE', #1906, #1275, #1255 ) ;
#1993 = AXIS2_PLACEMENT_3D ( 'NONE', #2094, #1566, #2083 ) ;
#1994 = FACE_BOUND ( 'NONE', #1964, .T. ) ;
#1995 = LINE ( 'NONE', #1630, #1996 ) ;
#1996 = VECTOR ( 'NONE', #40, 100.0000000000000142 ) ;
#1997 = CARTESIAN_POINT ( 'NONE',  ( 26.15233727297595578, -0.5999999999999949818, 6.187917255506579117 ) ) ;
#1998 = EDGE_LOOP ( 'NONE', ( #976, #28, #1625, #1016 ) ) ;
#1999 = PLANE ( 'NONE',  #1141 ) ;
#2000 = VERTEX_POINT ( 'NONE', #30 ) ;
#2001 = CARTESIAN_POINT ( 'NONE',  ( 27.61203349049510081, -18.60000000000000497, 6.533296688247299144 ) ) ;
#2002 = CARTESIAN_POINT ( 'NONE',  ( 0.000000000000000000, -19.19999999999999929, 0.000000000000000000 ) ) ;
#2003 = EDGE_LOOP ( 'NONE', ( #1217, #1464, #339, #146 ) ) ;
#2004 = ADVANCED_FACE ( 'NONE', ( #1847 ), #8, .T. ) ;
#2005 = DIRECTION ( 'NONE',  ( 0.5773502691896363892, -0.5773502691896363892, -0.5773502691896044148 ) ) ;
#2006 = VERTEX_POINT ( 'NONE', #1801 ) ;
#2007 = DIRECTION ( 'NONE',  ( 0.5773502691896257311, -0.5773502691896257311, 0.5773502691896257311 ) ) ;
#2008 = LINE ( 'NONE', #1803, #445 ) ;
#2009 = ORIENTED_EDGE ( 'NONE', *, *, #974, .F. ) ;
#2010 = DIRECTION ( 'NONE',  ( 1.000000000000000000, 0.000000000000000000, 0.000000000000000000 ) ) ;
#2011 = ORIENTED_EDGE ( 'NONE', *, *, #100, .T. ) ;
#2012 = DIRECTION ( 'NONE',  ( 0.000000000000000000, 1.000000000000000000, 0.000000000000000000 ) ) ;
#2013 = CARTESIAN_POINT ( 'NONE',  ( 26.59026356423000337, -18.60000000000000497, 5.640000000000011227 ) ) ;
#2014 = ORIENTED_EDGE ( 'NONE', *, *, #440, .T. ) ;
#2015 = ADVANCED_FACE ( 'NONE', ( #865 ), #1813, .F. ) ;
#2016 = PLANE ( 'NONE',  #1987 ) ;
#2017 = ORIENTED_EDGE ( 'NONE', *, *, #438, .T. ) ;
#2018 = SHAPE_DEFINITION_REPRESENTATION ( #1503, #143 ) ;
#2019 = DIRECTION ( 'NONE',  ( -2.832201593431512852E-15, 1.000000000000000000, 0.000000000000000000 ) ) ;
#2020 = EDGE_LOOP ( 'NONE', ( #692, #1266, #1419, #2011 ) ) ;
#2021 = CARTESIAN_POINT ( 'NONE',  ( 0.000000000000000000, -17.08999999999999986, 0.000000000000000000 ) ) ;
#2022 = VERTEX_POINT ( 'NONE', #539 ) ;
#2023 = VECTOR ( 'NONE', #372, 100.0000000000000142 ) ;
#2024 = DIRECTION ( 'NONE',  ( -0.2302529551604794444, 0.000000000000000000, 0.9731308116794300522 ) ) ;
#2025 = AXIS2_PLACEMENT_3D ( 'NONE', #1240, #762, #421 ) ;
#2026 = DIRECTION ( 'NONE',  ( 1.000000000000000000, 0.000000000000000000, 0.000000000000000000 ) ) ;
#2027 = ORIENTED_EDGE ( 'NONE', *, *, #1260, .F. ) ;
#2028 = DIRECTION ( 'NONE',  ( -0.2302529551604794722, 0.000000000000000000, 0.9731308116794300522 ) ) ;
#2029 = AXIS2_PLACEMENT_3D ( 'NONE', #669, #1970, #503 ) ;
#2030 = DIRECTION ( 'NONE',  ( -0.9731308116794302743, 0.000000000000000000, -0.2302529551604779456 ) ) ;
#2031 = COLOUR_RGB ( '',0.7921568627450980005, 0.8196078431372548767, 0.9333333333333333481 ) ;
#2032 = ORIENTED_EDGE ( 'NONE', *, *, #1506, .F. ) ;
#2033 =( NAMED_UNIT ( * ) SI_UNIT ( $, .STERADIAN. ) SOLID_ANGLE_UNIT ( ) );
#2034 = EDGE_CURVE ( 'NONE', #1387, #49, #1640, .T. ) ;
#2035 = LINE ( 'NONE', #1871, #148 ) ;
#2036 = VECTOR ( 'NONE', #1662, 100.0000000000000000 ) ;
#2037 = VERTEX_POINT ( 'NONE', #1517 ) ;
#2038 = EDGE_CURVE ( 'NONE', #885, #1105, #856, .T. ) ;
#2039 = DIRECTION ( 'NONE',  ( 0.9731308116794299412, 0.000000000000000000, 0.2302529551604793612 ) ) ;
#2040 = ORIENTED_EDGE ( 'NONE', *, *, #1961, .F. ) ;
#2041 = DIRECTION ( 'NONE',  ( 0.000000000000000000, -1.000000000000000000, 0.000000000000000000 ) ) ;
#2042 = CARTESIAN_POINT ( 'NONE',  ( 29.67309679075439988, -18.60000000000000142, 5.640000000000005009 ) ) ;
#2043 = CARTESIAN_POINT ( 'NONE',  ( 30.21373063398736747, -0.5999999999999949818, -5.765314858418912891 ) ) ;
#2044 = CARTESIAN_POINT ( 'NONE',  ( 17.10999999999999943, -15.99000000000000199, 12.63499999999999979 ) ) ;
#2045 = VECTOR ( 'NONE', #1888, 100.0000000000000000 ) ;
#2046 = DIRECTION ( 'NONE',  ( 0.5773502691896361672, -0.5773502691896371664, -0.5773502691896039707 ) ) ;
#2047 = ORIENTED_EDGE ( 'NONE', *, *, #1938, .T. ) ;
#2048 = ADVANCED_FACE ( 'NONE', ( #527 ), #1171, .F. ) ;
#2049 = CARTESIAN_POINT ( 'NONE',  ( 19.11000000000000298, -17.08999999999999986, 0.000000000000000000 ) ) ;
#2050 = EDGE_LOOP ( 'NONE', ( #271, #971, #600, #1333, #120, #532, #530, #1692, #69, #582, #1297, #167, #558, #1262, #910, #1082, #882, #819, #1192, #303 ) ) ;
#2051 = DIRECTION ( 'NONE',  ( 0.2302529551604794444, 0.000000000000000000, -0.9731308116794300522 ) ) ;
#2052 = ORIENTED_EDGE ( 'NONE', *, *, #151, .T. ) ;
#2053 = CARTESIAN_POINT ( 'NONE',  ( 24.12666666666621751, 8.733333333333789028, 12.06333333333310875 ) ) ;
#2054 = LINE ( 'NONE', #88, #1474 ) ;
#2055 = ORIENTED_EDGE ( 'NONE', *, *, #1744, .F. ) ;
#2056 = EDGE_CURVE ( 'NONE', #1140, #1924, #1766, .T. ) ;
#2057 = ORIENTED_EDGE ( 'NONE', *, *, #1912, .F. ) ;
#2058 = CARTESIAN_POINT ( 'NONE',  ( 0.000000000000000000, -16.86999999999999744, 0.000000000000000000 ) ) ;
#2059 = ORIENTED_EDGE ( 'NONE', *, *, #1100, .F. ) ;
#2060 = FACE_OUTER_BOUND ( 'NONE', #2096, .T. ) ;
#2061 = EDGE_CURVE ( 'NONE', #1577, #2022, #980, .T. ) ;
#2062 = LINE ( 'NONE', #136, #1953 ) ;
#2063 = AXIS2_PLACEMENT_3D ( 'NONE', #1191, #1845, #1856 ) ;
#2064 = CYLINDRICAL_SURFACE ( 'NONE', #1207, 0.3000000000000070388 ) ;
#2065 = EDGE_LOOP ( 'NONE', ( #550, #822 ) ) ;
#2066 = VECTOR ( 'NONE', #556, 100.0000000000000000 ) ;
#2067 = ORIENTED_EDGE ( 'NONE', *, *, #1900, .F. ) ;
#2068 = CARTESIAN_POINT ( 'NONE',  ( 35.07000000000000028, -19.19999999999999929, 6.240000000000012648 ) ) ;
#2069 = EDGE_LOOP ( 'NONE', ( #1252, #601, #1283, #67 ) ) ;
#2070 = DIRECTION ( 'NONE',  ( 1.000000000000000000, 0.000000000000000000, 0.000000000000000000 ) ) ;
#2071 = DIRECTION ( 'NONE',  ( 0.000000000000000000, 0.000000000000000000, -1.000000000000000000 ) ) ;
#2072 = EDGE_CURVE ( 'NONE', #1534, #46, #1981, .T. ) ;
#2073 = CLOSED_SHELL ( 'NONE', ( #2099, #34, #1272, #2015, #1037, #699, #1863, #468, #60, #1806, #477, #1263, #1162, #928, #1224, #162, #806, #1250, #2048, #982, #1965, #653, #731, #1238, #1117, #366, #677, #814, #317, #405, #789, #870, #1781, #687, #508, #632, #926, #137, #606, #71, #1591, #43, #1052, #332, #1010, #1794, #658, #2004, #278, #1536, #1795, #1442, #454, #1836, #1732, #1431, #215, #793, #1194, #1675, #129, #593, #1152, #1522, #958, #1325, #1064, #904, #900 ) ) ;
#2074 = LINE ( 'NONE', #628, #696 ) ;
#2075 = ORIENTED_EDGE ( 'NONE', *, *, #1079, .T. ) ;
#2076 = VERTEX_POINT ( 'NONE', #1311 ) ;
#2077 = CARTESIAN_POINT ( 'NONE',  ( 17.10999999999999588, -3.209999999999987974, 12.63499999999999979 ) ) ;
#2078 = EDGE_LOOP ( 'NONE', ( #876, #1857 ) ) ;
#2079 = PLANE ( 'NONE',  #1253 ) ;
#2080 = CARTESIAN_POINT ( 'NONE',  ( 36.09000000000000341, -2.229999999999987548, 0.09999999999999453770 ) ) ;
#2081 = EDGE_CURVE ( 'NONE', #262, #554, #54, .T. ) ;
#2082 = CYLINDRICAL_SURFACE ( 'NONE', #1380, 0.3000000000000070388 ) ;
#2083 = DIRECTION ( 'NONE',  ( -0.000000000000000000, 1.000000000000000000, 0.000000000000000000 ) ) ;
#2084 = EDGE_LOOP ( 'NONE', ( #283, #1429 ) ) ;
#2085 = EDGE_CURVE ( 'NONE', #65, #493, #515, .T. ) ;
#2086 = VERTEX_POINT ( 'NONE', #710 ) ;
#2087 = FACE_OUTER_BOUND ( 'NONE', #1254, .T. ) ;
#2088 = EDGE_LOOP ( 'NONE', ( #1699, #1738, #1622, #371 ) ) ;
#2089 = CARTESIAN_POINT ( 'NONE',  ( 0.000000000000000000, 0.000000000000000000, 6.240000000000009095 ) ) ;
#2090 = PLANE ( 'NONE',  #661 ) ;
#2091 = VECTOR ( 'NONE', #862, 100.0000000000000000 ) ;
#2092 = LINE ( 'NONE', #318, #81 ) ;
#2093 = VECTOR ( 'NONE', #1971, 100.0000000000000000 ) ;
#2094 = CARTESIAN_POINT ( 'NONE',  ( 17.99000000000000199, -19.19999999999999929, 0.000000000000000000 ) ) ;
#2095 = EDGE_CURVE ( 'NONE', #963, #841, #1995, .T. ) ;
#2096 = EDGE_LOOP ( 'NONE', ( #397, #1936, #613, #1755 ) ) ;
#2097 = ORIENTED_EDGE ( 'NONE', *, *, #1637, .F. ) ;
#2098 = AXIS2_PLACEMENT_3D ( 'NONE', #1853, #365, #1053 ) ;
#2099 = ADVANCED_FACE ( 'NONE', ( #1653 ), #1013, .F. ) ;
#2100 = AXIS2_PLACEMENT_3D ( 'NONE', #44, #362, #1713 ) ;
#2101 = CARTESIAN_POINT ( 'NONE',  ( 29.07172970801424938, -18.60000000000000142, 6.878676120988018283 ) ) ;
#2102 = VERTEX_POINT ( 'NONE', #1221 ) ;
#2103 = DIRECTION ( 'NONE',  ( 0.7071067811865279218, 0.000000000000000000, -0.7071067811865671127 ) ) ;
#2104 = CARTESIAN_POINT ( 'NONE',  ( 27.32009424699126754, -18.60000000000000497, 6.464220801699154251 ) ) ;
#2105 = CARTESIAN_POINT ( 'NONE',  ( 18.09000000000000341, -16.98999999999999844, 12.63499999999999979 ) ) ;
#2106 = CARTESIAN_POINT ( 'NONE',  ( 35.07000000000000028, -1.219999999999998863, 5.019999999999997797 ) ) ;
#2107 = VERTEX_POINT ( 'NONE', #720 ) ;
#2108 = EDGE_CURVE ( 'NONE', #207, #1861, #924, .T. ) ;
#2109 = CARTESIAN_POINT ( 'NONE',  ( 18.09000000000000341, -15.99000000000000199, 0.1000000000000000888 ) ) ;
#2110 = VERTEX_POINT ( 'NONE', #877 ) ;
#2111 = DIRECTION ( 'NONE',  ( -0.9731308116794302743, 0.000000000000000000, -0.2302529551604779456 ) ) ;
#2112 = FACE_OUTER_BOUND ( 'NONE', #993, .T. ) ;
#2113 = CARTESIAN_POINT ( 'NONE',  ( 19.20999999999999730, -2.109999999999989662, 0.000000000000000000 ) ) ;
#2114 = CARTESIAN_POINT ( 'NONE',  ( 18.08999999999999986, -2.209999999999989750, 0.1000000000000000888 ) ) ;
#2115 = VERTEX_POINT ( 'NONE', #107 ) ;
ENDSEC;
END-ISO-10303-21;
