ISO-10303-21;
HEADER;
FILE_DESCRIPTION (( 'STEP AP214' ),
    '1' );
FILE_NAME ('ramp-middle-frame_62.STEP',
    '2026-06-17T01:46:32',
    ( '' ),
    ( '' ),
    'SwSTEP 2.0',
    'SolidWorks 2023',
    '' );
FILE_SCHEMA (( 'AUTOMOTIVE_DESIGN' ));
ENDSEC;

DATA;
#1 = FACE_BOUND ( 'NONE', #379, .T. ) ;
#2 = VECTOR ( 'NONE', #849, 100.0000000000000000 ) ;
#3 = ORIENTED_EDGE ( 'NONE', *, *, #1650, .F. ) ;
#4 = EDGE_CURVE ( 'NONE', #866, #1029, #426, .T. ) ;
#5 = VECTOR ( 'NONE', #117, 100.0000000000000000 ) ;
#6 = DIRECTION ( 'NONE',  ( 1.000000000000000000, 0.000000000000000000, 0.000000000000000000 ) ) ;
#7 = PLANE ( 'NONE',  #826 ) ;
#8 = VECTOR ( 'NONE', #37, 100.0000000000000000 ) ;
#9 = DIRECTION ( 'NONE',  ( -0.9731308116794296081, 0.000000000000000000, -0.2302529551604809155 ) ) ;
#10 = ORIENTED_EDGE ( 'NONE', *, *, #1766, .T. ) ;
#11 = LINE ( 'NONE', #839, #1755 ) ;
#12 = FILL_AREA_STYLE_COLOUR ( '', #968 ) ;
#13 = ORIENTED_EDGE ( 'NONE', *, *, #429, .F. ) ;
#14 = FACE_BOUND ( 'NONE', #229, .T. ) ;
#15 = ORIENTED_EDGE ( 'NONE', *, *, #517, .F. ) ;
#16 = PLANE ( 'NONE',  #763 ) ;
#17 = CARTESIAN_POINT ( 'NONE',  ( 19.95341666818141846, -16.90499999999999403, 4.394921116531270933 ) ) ;
#18 = EDGE_CURVE ( 'NONE', #1709, #354, #1797, .T. ) ;
#19 = FACE_OUTER_BOUND ( 'NONE', #1748, .T. ) ;
#20 = ORIENTED_EDGE ( 'NONE', *, *, #414, .T. ) ;
#21 = CARTESIAN_POINT ( 'NONE',  ( 17.10999999999999588, -3.209999999999987974, 12.63499999999999979 ) ) ;
#22 = ORIENTED_EDGE ( 'NONE', *, *, #4, .F. ) ;
#23 = FACE_OUTER_BOUND ( 'NONE', #1339, .T. ) ;
#24 = ORIENTED_EDGE ( 'NONE', *, *, #926, .T. ) ;
#25 = LINE ( 'NONE', #842, #656 ) ;
#26 = EDGE_LOOP ( 'NONE', ( #749, #1808, #407, #1088 ) ) ;
#27 = DIRECTION ( 'NONE',  ( -0.000000000000000000, 1.000000000000000000, 0.000000000000000000 ) ) ;
#28 = FACE_OUTER_BOUND ( 'NONE', #1837, .T. ) ;
#29 = ADVANCED_FACE ( 'NONE', ( #821 ), #1420, .F. ) ;
#30 = DIRECTION ( 'NONE',  ( 1.000000000000000000, 0.000000000000000000, 0.000000000000000000 ) ) ;
#31 = ORIENTED_EDGE ( 'NONE', *, *, #888, .F. ) ;
#32 = PLANE ( 'NONE',  #452 ) ;
#33 = ADVANCED_FACE ( 'NONE', ( #1247 ), #2059, .F. ) ;
#34 = ORIENTED_EDGE ( 'NONE', *, *, #1932, .F. ) ;
#35 = DIRECTION ( 'NONE',  ( 0.000000000000000000, -1.000000000000000000, 0.000000000000000000 ) ) ;
#36 = EDGE_LOOP ( 'NONE', ( #201, #157, #1899, #1020, #181 ) ) ;
#37 = DIRECTION ( 'NONE',  ( -1.000000000000000000, 0.000000000000000000, 0.000000000000000000 ) ) ;
#38 = ORIENTED_EDGE ( 'NONE', *, *, #1636, .T. ) ;
#39 = DIRECTION ( 'NONE',  ( 0.2302529551604794444, 0.000000000000000000, -0.9731308116794300522 ) ) ;
#40 = VECTOR ( 'NONE', #747, 100.0000000000000000 ) ;
#41 = DIRECTION ( 'NONE',  ( 1.000000000000000000, 0.000000000000000000, 0.000000000000000000 ) ) ;
#42 = VECTOR ( 'NONE', #1038, 100.0000000000000142 ) ;
#43 = LINE ( 'NONE', #2011, #248 ) ;
#44 = ORIENTED_EDGE ( 'NONE', *, *, #941, .T. ) ;
#45 = VECTOR ( 'NONE', #1722, 100.0000000000000000 ) ;
#46 = DIRECTION ( 'NONE',  ( 0.000000000000000000, 1.000000000000000000, 0.000000000000000000 ) ) ;
#47 = ORIENTED_EDGE ( 'NONE', *, *, #1907, .T. ) ;
#48 = CARTESIAN_POINT ( 'NONE',  ( 35.07000000000000028, -19.20000000000000284, 12.63499999999999979 ) ) ;
#49 = EDGE_CURVE ( 'NONE', #568, #913, #1753, .T. ) ;
#50 = ORIENTED_EDGE ( 'NONE', *, *, #573, .F. ) ;
#51 = DIRECTION ( 'NONE',  ( 0.000000000000000000, 0.000000000000000000, -1.000000000000000000 ) ) ;
#52 = EDGE_LOOP ( 'NONE', ( #602, #416, #927, #47 ) ) ;
#53 = FACE_OUTER_BOUND ( 'NONE', #434, .T. ) ;
#54 = DIRECTION ( 'NONE',  ( -0.2302529551604794722, 0.000000000000000000, 0.9731308116794300522 ) ) ;
#55 = ORIENTED_EDGE ( 'NONE', *, *, #674, .F. ) ;
#56 = LINE ( 'NONE', #2013, #521 ) ;
#57 = EDGE_LOOP ( 'NONE', ( #225, #746, #1983, #1967 ) ) ;
#58 = DIRECTION ( 'NONE',  ( -0.2302529551604794444, 0.000000000000000000, 0.9731308116794299412 ) ) ;
#59 = ORIENTED_EDGE ( 'NONE', *, *, #1194, .F. ) ;
#60 = CARTESIAN_POINT ( 'NONE',  ( 26.45384117311241923, -19.22000000000002728, 6.260000000000033538 ) ) ;
#61 = ORIENTED_EDGE ( 'NONE', *, *, #429, .T. ) ;
#62 = DIRECTION ( 'NONE',  ( 0.000000000000000000, -1.000000000000000000, 0.000000000000000000 ) ) ;
#63 = LINE ( 'NONE', #1069, #387 ) ;
#64 = DIRECTION ( 'NONE',  ( 0.000000000000000000, -1.000000000000000000, 0.000000000000000000 ) ) ;
#65 = ORIENTED_EDGE ( 'NONE', *, *, #388, .T. ) ;
#66 = FACE_OUTER_BOUND ( 'NONE', #923, .T. ) ;
#67 = ORIENTED_EDGE ( 'NONE', *, *, #610, .T. ) ;
#68 = CARTESIAN_POINT ( 'NONE',  ( 35.07000000000000028, -17.98000000000000043, 0.3747477419454632308 ) ) ;
#69 = VERTEX_POINT ( 'NONE', #457 ) ;
#70 = ADVANCED_FACE ( 'NONE', ( #1911 ), #1484, .T. ) ;
#71 = AXIS2_PLACEMENT_3D ( 'NONE', #1771, #470, #1134 ) ;
#72 = CARTESIAN_POINT ( 'NONE',  ( 0.000000000000000000, -16.08999999999999986, 0.000000000000000000 ) ) ;
#73 = ADVANCED_FACE ( 'NONE', ( #1321 ), #1017, .T. ) ;
#74 = VECTOR ( 'NONE', #1260, 100.0000000000000000 ) ;
#75 = CARTESIAN_POINT ( 'NONE',  ( 19.55917818706374334, -17.23499999999997101, 4.627906674036525558 ) ) ;
#76 = VECTOR ( 'NONE', #338, 100.0000000000000142 ) ;
#77 = VECTOR ( 'NONE', #1735, 100.0000000000000000 ) ;
#78 = VECTOR ( 'NONE', #1249, 100.0000000000000000 ) ;
#79 = ORIENTED_EDGE ( 'NONE', *, *, #1597, .F. ) ;
#80 = DIRECTION ( 'NONE',  ( 3.635307873690754858E-16, 1.000000000000000000, 9.088269684226887144E-17 ) ) ;
#81 = FACE_OUTER_BOUND ( 'NONE', #1496, .T. ) ;
#82 = EDGE_LOOP ( 'NONE', ( #317, #1360, #1487, #1168 ) ) ;
#83 = CARTESIAN_POINT ( 'NONE',  ( 30.20399932587057279, -18.60000000000000497, -5.767617387970518372 ) ) ;
#84 = ORIENTED_EDGE ( 'NONE', *, *, #1775, .F. ) ;
#85 = LINE ( 'NONE', #1254, #868 ) ;
#86 = DIRECTION ( 'NONE',  ( 0.000000000000000000, 1.000000000000000000, 0.000000000000000000 ) ) ;
#87 = EDGE_CURVE ( 'NONE', #975, #996, #1669, .T. ) ;
#88 = EDGE_LOOP ( 'NONE', ( #2051, #519 ) ) ;
#89 = LINE ( 'NONE', #1880, #40 ) ;
#90 = PLANE ( 'NONE',  #1814 ) ;
#91 = ORIENTED_EDGE ( 'NONE', *, *, #967, .F. ) ;
#92 = FACE_OUTER_BOUND ( 'NONE', #57, .T. ) ;
#93 = ORIENTED_EDGE ( 'NONE', *, *, #165, .F. ) ;
#94 = DIRECTION ( 'NONE',  ( -0.7071067811865471286, 9.862389815852852257E-16, -0.7071067811865479058 ) ) ;
#95 = CARTESIAN_POINT ( 'NONE',  ( 29.87995676098793041, -18.60000000000000142, 4.809166751393020967 ) ) ;
#96 = EDGE_CURVE ( 'NONE', #190, #579, #1854, .T. ) ;
#97 = ORIENTED_EDGE ( 'NONE', *, *, #1650, .T. ) ;
#98 = PLANE ( 'NONE',  #352 ) ;
#99 = EDGE_CURVE ( 'NONE', #716, #1431, #683, .T. ) ;
#100 = CARTESIAN_POINT ( 'NONE',  ( 36.09000000000000341, -15.97000000000000064, 0.09999999999999453770 ) ) ;
#101 = ORIENTED_EDGE ( 'NONE', *, *, #1915, .T. ) ;
#102 = LINE ( 'NONE', #1587, #1929 ) ;
#103 = ORIENTED_EDGE ( 'NONE', *, *, #1156, .F. ) ;
#104 = PLANE ( 'NONE',  #312 ) ;
#105 = CARTESIAN_POINT ( 'NONE',  ( 11.99333333333333584, -23.08666666666666600, -5.996666666666667922 ) ) ;
#106 = EDGE_LOOP ( 'NONE', ( #1558, #739, #2016, #843 ) ) ;
#107 = VECTOR ( 'NONE', #1380, 100.0000000000000000 ) ;
#108 = FACE_OUTER_BOUND ( 'NONE', #1183, .T. ) ;
#109 = ADVANCED_FACE ( 'NONE', ( #1834 ), #365, .F. ) ;
#110 = AXIS2_PLACEMENT_3D ( 'NONE', #1089, #1703, #1570 ) ;
#111 = CARTESIAN_POINT ( 'NONE',  ( 0.000000000000000000, -16.86999999999999744, 0.000000000000000000 ) ) ;
#112 = ORIENTED_EDGE ( 'NONE', *, *, #270, .T. ) ;
#113 = CARTESIAN_POINT ( 'NONE',  ( 26.37245745943812381, -19.19999999999999929, 6.240000000000012648 ) ) ;
#114 = ADVANCED_FACE ( 'NONE', ( #19 ), #1495, .F. ) ;
#115 = VECTOR ( 'NONE', #239, 100.0000000000000000 ) ;
#116 = DIRECTION ( 'NONE',  ( 0.000000000000000000, 1.000000000000000000, 0.000000000000000000 ) ) ;
#117 = DIRECTION ( 'NONE',  ( -0.5773502691896363892, 0.5773502691896363892, -0.5773502691896044148 ) ) ;
#118 = ORIENTED_EDGE ( 'NONE', *, *, #1917, .F. ) ;
#119 = LINE ( 'NONE', #435, #342 ) ;
#120 = DIRECTION ( 'NONE',  ( 0.000000000000000000, 1.000000000000000000, 0.000000000000000000 ) ) ;
#121 = ORIENTED_EDGE ( 'NONE', *, *, #1672, .F. ) ;
#122 = LINE ( 'NONE', #801, #1826 ) ;
#123 = ADVANCED_FACE ( 'NONE', ( #178 ), #1352, .F. ) ;
#124 = DIRECTION ( 'NONE',  ( 0.000000000000000000, 1.000000000000000000, 0.000000000000000000 ) ) ;
#125 = ORIENTED_EDGE ( 'NONE', *, *, #954, .F. ) ;
#126 = DIRECTION ( 'NONE',  ( -1.000000000000000000, 0.000000000000000000, 0.000000000000000000 ) ) ;
#127 = ORIENTED_EDGE ( 'NONE', *, *, #745, .T. ) ;
#128 = CARTESIAN_POINT ( 'NONE',  ( 17.21000000000000441, -19.19999999999997442, 0.000000000000000000 ) ) ;
#129 = SHAPE_DEFINITION_REPRESENTATION ( #1102, #373 ) ;
#130 = ORIENTED_EDGE ( 'NONE', *, *, #242, .T. ) ;
#131 = DIRECTION ( 'NONE',  ( -1.000000000000000000, 0.000000000000000000, 0.000000000000000000 ) ) ;
#132 = CARTESIAN_POINT ( 'NONE',  ( 18.08999999999999986, -3.209999999999987974, 0.1000000000000000888 ) ) ;
#133 = CARTESIAN_POINT ( 'NONE',  ( 34.96999999999999886, -3.329999999999985860, 0.000000000000000000 ) ) ;
#134 = EDGE_CURVE ( 'NONE', #1960, #876, #2063, .T. ) ;
#135 = ORIENTED_EDGE ( 'NONE', *, *, #1618, .T. ) ;
#136 = CARTESIAN_POINT ( 'NONE',  ( 25.96342080817002795, -18.60000000000000497, 5.640000000000011227 ) ) ;
#137 = VECTOR ( 'NONE', #35, 100.0000000000000000 ) ;
#138 = AXIS2_PLACEMENT_3D ( 'NONE', #1086, #1428, #263 ) ;
#139 = CARTESIAN_POINT ( 'NONE',  ( 17.10999999999999588, -3.209999999999987974, 0.1000000000000000888 ) ) ;
#140 = AXIS2_PLACEMENT_3D ( 'NONE', #719, #936, #925 ) ;
#141 = VECTOR ( 'NONE', #1278, 100.0000000000000000 ) ;
#142 = LINE ( 'NONE', #1438, #1312 ) ;
#143 = LINE ( 'NONE', #803, #5 ) ;
#144 = ADVANCED_FACE ( 'NONE', ( #1362 ), #501, .T. ) ;
#145 = ORIENTED_EDGE ( 'NONE', *, *, #2035, .T. ) ;
#146 = DIRECTION ( 'NONE',  ( 0.000000000000000000, -1.000000000000000000, 0.000000000000000000 ) ) ;
#147 = PLANE ( 'NONE',  #1467 ) ;
#148 = EDGE_LOOP ( 'NONE', ( #1689, #1462, #1739, #260 ) ) ;
#149 = DIRECTION ( 'NONE',  ( -0.9731308116794300522, 0.000000000000000000, -0.2302529551604794722 ) ) ;
#150 = CARTESIAN_POINT ( 'NONE',  ( 17.10999999999999943, -1.219999999999987761, 4.048405430711610187 ) ) ;
#151 = CARTESIAN_POINT ( 'NONE',  ( 37.07000000000000028, -16.96999999999999886, 0.09999999999999453770 ) ) ;
#152 = ORIENTED_EDGE ( 'NONE', *, *, #1497, .T. ) ;
#153 = LINE ( 'NONE', #1938, #2086 ) ;
#154 = EDGE_CURVE ( 'NONE', #2070, #736, #1845, .T. ) ;
#155 = DIRECTION ( 'NONE',  ( 0.9731308116794299412, 0.000000000000000000, 0.2302529551604796110 ) ) ;
#156 = ADVANCED_FACE ( 'NONE', ( #672 ), #200, .T. ) ;
#157 = ORIENTED_EDGE ( 'NONE', *, *, #1103, .T. ) ;
#158 = LINE ( 'NONE', #485, #484 ) ;
#159 = ORIENTED_EDGE ( 'NONE', *, *, #500, .F. ) ;
#160 = CARTESIAN_POINT ( 'NONE',  ( 26.60053967498508598, -0.5999999999999949818, 5.640000000000008562 ) ) ;
#161 = ORIENTED_EDGE ( 'NONE', *, *, #1153, .T. ) ;
#162 = EDGE_LOOP ( 'NONE', ( #1614, #701 ) ) ;
#163 = CARTESIAN_POINT ( 'NONE',  ( 17.10999999999999943, -1.219999999999987761, 12.63499999999999979 ) ) ;
#164 = DIRECTION ( 'NONE',  ( 1.000000000000000000, 0.000000000000000000, 0.000000000000000000 ) ) ;
#165 = EDGE_CURVE ( 'NONE', #1324, #1097, #43, .T. ) ;
#166 = DIRECTION ( 'NONE',  ( 1.000000000000000000, 0.000000000000000000, 0.000000000000000000 ) ) ;
#167 = VECTOR ( 'NONE', #1105, 100.0000000000000000 ) ;
#168 = ORIENTED_EDGE ( 'NONE', *, *, #259, .F. ) ;
#169 = EDGE_CURVE ( 'NONE', #1513, #1436, #213, .T. ) ;
#170 = DIRECTION ( 'NONE',  ( 0.9731308116794299412, 0.000000000000000000, 0.2302529551604793612 ) ) ;
#171 = CIRCLE ( 'NONE', #1378, 0.3100000000000077138 ) ;
#172 = VECTOR ( 'NONE', #409, 100.0000000000000000 ) ;
#173 = ORIENTED_EDGE ( 'NONE', *, *, #2114, .F. ) ;
#174 = AXIS2_PLACEMENT_3D ( 'NONE', #833, #679, #520 ) ;
#175 = CARTESIAN_POINT ( 'NONE',  ( 34.17085782681789397, -19.19999999999999929, 0.000000000000000000 ) ) ;
#176 = DIRECTION ( 'NONE',  ( 0.9731308116794300522, -3.746890197038171534E-16, 0.2302529551604794722 ) ) ;
#177 = VECTOR ( 'NONE', #80, 100.0000000000000000 ) ;
#178 = FACE_OUTER_BOUND ( 'NONE', #1823, .T. ) ;
#179 = VERTEX_POINT ( 'NONE', #847 ) ;
#180 = CARTESIAN_POINT ( 'NONE',  ( 34.17085782681789397, -2.294999999999990159, 7.758916791425877868 ) ) ;
#181 = ORIENTED_EDGE ( 'NONE', *, *, #2081, .T. ) ;
#182 = CARTESIAN_POINT ( 'NONE',  ( 34.49199099467208640, -1.964999999999972324, 7.834900266628827659 ) ) ;
#183 = ORIENTED_EDGE ( 'NONE', *, *, #1410, .T. ) ;
#184 = LINE ( 'NONE', #507, #1787 ) ;
#185 = ORIENTED_EDGE ( 'NONE', *, *, #1915, .F. ) ;
#186 = EDGE_CURVE ( 'NONE', #1709, #1973, #1807, .T. ) ;
#187 = FACE_OUTER_BOUND ( 'NONE', #52, .T. ) ;
#188 = DIRECTION ( 'NONE',  ( -0.2302529551604794444, 0.000000000000000000, 0.9731308116794299412 ) ) ;
#189 = DIRECTION ( 'NONE',  ( 0.000000000000000000, -1.000000000000000000, 0.000000000000000000 ) ) ;
#190 = VERTEX_POINT ( 'NONE', #1050 ) ;
#191 = LINE ( 'NONE', #685, #210 ) ;
#192 = ORIENTED_EDGE ( 'NONE', *, *, #1563, .T. ) ;
#193 =( LENGTH_UNIT ( ) NAMED_UNIT ( * ) SI_UNIT ( .CENTI., .METRE. ) );
#194 = ORIENTED_EDGE ( 'NONE', *, *, #850, .F. ) ;
#195 = CARTESIAN_POINT ( 'NONE',  ( 0.000000000000000000, -19.19999999999999929, 6.240000000000012648 ) ) ;
#196 = ORIENTED_EDGE ( 'NONE', *, *, #1950, .T. ) ;
#197 = CARTESIAN_POINT ( 'NONE',  ( 17.11000000000000298, -17.98000000000000398, 0.3747477419454832703 ) ) ;
#198 = CARTESIAN_POINT ( 'NONE',  ( 34.96999999999999886, -1.319999999999998952, 0.000000000000000000 ) ) ;
#199 = EDGE_CURVE ( 'NONE', #1694, #1009, #1642, .T. ) ;
#200 = PLANE ( 'NONE',  #1144 ) ;
#201 = ORIENTED_EDGE ( 'NONE', *, *, #1167, .T. ) ;
#202 = ADVANCED_FACE ( 'NONE', ( #1092, #278, #2054, #1059 ), #753, .F. ) ;
#203 = CARTESIAN_POINT ( 'NONE',  ( 0.000000000000000000, -17.98000000000000043, 5.020000000000000462 ) ) ;
#204 = ORIENTED_EDGE ( 'NONE', *, *, #735, .T. ) ;
#205 = CARTESIAN_POINT ( 'NONE',  ( 34.41888568140865345, -1.964999999999972324, 8.143869299337048062 ) ) ;
#206 = VECTOR ( 'NONE', #404, 100.0000000000000000 ) ;
#207 = ORIENTED_EDGE ( 'NONE', *, *, #318, .F. ) ;
#208 = CARTESIAN_POINT ( 'NONE',  ( 26.15233727297595578, -18.60000000000000497, 6.187917255506579117 ) ) ;
#209 = ORIENTED_EDGE ( 'NONE', *, *, #1053, .T. ) ;
#210 = VECTOR ( 'NONE', #1620, 100.0000000000000142 ) ;
#211 = CARTESIAN_POINT ( 'NONE',  ( 25.96342080817002795, -0.5999999999999949818, 5.640000000000006786 ) ) ;
#212 = VECTOR ( 'NONE', #591, 100.0000000000000000 ) ;
#213 = LINE ( 'NONE', #1330, #42 ) ;
#214 = EDGE_LOOP ( 'NONE', ( #2006, #1839, #218, #331 ) ) ;
#215 = VECTOR ( 'NONE', #427, 100.0000000000000000 ) ;
#216 = CARTESIAN_POINT ( 'NONE',  ( 35.07000000000000028, -1.319999999999998952, 0.09999999999999453770 ) ) ;
#217 = EDGE_CURVE ( 'NONE', #970, #1317, #1222, .T. ) ;
#218 = ORIENTED_EDGE ( 'NONE', *, *, #2060, .F. ) ;
#219 = CARTESIAN_POINT ( 'NONE',  ( 0.000000000000000000, -3.229999999999985771, 0.000000000000000000 ) ) ;
#220 = VERTEX_POINT ( 'NONE', #1554 ) ;
#221 = CARTESIAN_POINT ( 'NONE',  ( 25.81672230629736120, -19.22000000000002728, 6.260000000000033538 ) ) ;
#222 = CARTESIAN_POINT ( 'NONE',  ( 17.20999999999997598, -19.20000000000002416, 0.000000000000000000 ) ) ;
#223 = CARTESIAN_POINT ( 'NONE',  ( 28.14195628824728246, -18.60000000000000497, 5.640000000000008562 ) ) ;
#224 = CARTESIAN_POINT ( 'NONE',  ( 17.10999999999999943, -1.319999999999998952, 0.09999999999999996392 ) ) ;
#225 = ORIENTED_EDGE ( 'NONE', *, *, #1129, .T. ) ;
#226 = LINE ( 'NONE', #1396, #2021 ) ;
#227 = ADVANCED_FACE ( 'NONE', ( #1898 ), #1878, .T. ) ;
#228 =( BOUNDED_CURVE ( )  B_SPLINE_CURVE ( 3, ( #2099, #780, #933, #294 ),
 .UNSPECIFIED., .F., .T. ) 
 B_SPLINE_CURVE_WITH_KNOTS ( ( 4, 4 ),
 ( 4.938697601239184998, 8.080290254828979002 ),
 .UNSPECIFIED. ) 
 CURVE ( )  GEOMETRIC_REPRESENTATION_ITEM ( )  RATIONAL_B_SPLINE_CURVE ( ( 1.000000000000000000, 0.3333333333333330373, 0.3333333333333330373, 1.000000000000000000 ) ) 
 REPRESENTATION_ITEM ( '' )  );
#229 = EDGE_LOOP ( 'NONE', ( #1670, #1219 ) ) ;
#230 = CARTESIAN_POINT ( 'NONE',  ( 19.11000000000000298, -16.98999999999999844, 4.521626404494381468 ) ) ;
#231 = EDGE_CURVE ( 'NONE', #975, #383, #63, .T. ) ;
#232 = ORIENTED_EDGE ( 'NONE', *, *, #414, .F. ) ;
#233 = DIRECTION ( 'NONE',  ( 0.000000000000000000, 1.000000000000000000, 0.000000000000000000 ) ) ;
#234 = DIRECTION ( 'NONE',  ( -0.9731308116794300522, 0.000000000000000000, -0.2302529551604788061 ) ) ;
#235 = ORIENTED_EDGE ( 'NONE', *, *, #2047, .F. ) ;
#236 = LINE ( 'NONE', #2039, #727 ) ;
#237 = DIRECTION ( 'NONE',  ( -1.000000000000000000, 0.000000000000000000, 0.000000000000000000 ) ) ;
#238 = VERTEX_POINT ( 'NONE', #1403 ) ;
#239 = DIRECTION ( 'NONE',  ( 0.000000000000000000, 0.7071067811865436870, -0.7071067811865513475 ) ) ;
#240 = EDGE_LOOP ( 'NONE', ( #38, #55, #1179, #235 ) ) ;
#241 = VECTOR ( 'NONE', #1085, 100.0000000000000000 ) ;
#242 = EDGE_CURVE ( 'NONE', #970, #1434, #908, .T. ) ;
#243 = FACE_OUTER_BOUND ( 'NONE', #931, .T. ) ;
#244 = VECTOR ( 'NONE', #458, 100.0000000000000000 ) ;
#245 = EDGE_CURVE ( 'NONE', #1981, #1023, #2066, .T. ) ;
#246 = CARTESIAN_POINT ( 'NONE',  ( 0.000000000000000000, -2.209999999999989750, 0.000000000000000000 ) ) ;
#247 = VECTOR ( 'NONE', #1736, 100.0000000000000000 ) ;
#248 = VECTOR ( 'NONE', #189, 100.0000000000000000 ) ;
#249 = AXIS2_PLACEMENT_3D ( 'NONE', #208, #867, #1012 ) ;
#250 = ORIENTED_EDGE ( 'NONE', *, *, #2064, .T. ) ;
#251 = DIRECTION ( 'NONE',  ( 0.000000000000000000, -1.000000000000000000, 0.000000000000000000 ) ) ;
#252 = LINE ( 'NONE', #100, #686 ) ;
#253 = VERTEX_POINT ( 'NONE', #1539 ) ;
#254 = DIRECTION ( 'NONE',  ( 0.9731308116794299412, 0.000000000000000000, 0.2302529551604793612 ) ) ;
#255 = VERTEX_POINT ( 'NONE', #269 ) ;
#256 = CARTESIAN_POINT ( 'NONE',  ( 36.09000000000000341, -16.96999999999999886, 0.09999999999999453770 ) ) ;
#257 = EDGE_CURVE ( 'NONE', #1541, #1724, #764, .T. ) ;
#258 = CARTESIAN_POINT ( 'NONE',  ( 37.07000000000000028, -2.229999999999984883, 12.63499999999999979 ) ) ;
#259 = EDGE_CURVE ( 'NONE', #1029, #1724, #1373, .T. ) ;
#260 = ORIENTED_EDGE ( 'NONE', *, *, #1091, .T. ) ;
#261 = CARTESIAN_POINT ( 'NONE',  ( 29.57828620936730601, -0.6000000000000005329, 4.737788335293272368 ) ) ;
#262 = CARTESIAN_POINT ( 'NONE',  ( 27.50483742143222798, -18.60000000000000497, 5.640000000000008562 ) ) ;
#263 = DIRECTION ( 'NONE',  ( 1.000000000000000000, 0.000000000000000000, 0.000000000000000000 ) ) ;
#264 = CARTESIAN_POINT ( 'NONE',  ( 25.96342080817002795, -0.5999999999999949818, 5.640000000000006786 ) ) ;
#265 = EDGE_LOOP ( 'NONE', ( #1586, #1658 ) ) ;
#266 = DIRECTION ( 'NONE',  ( -0.5773502691896305050, 0.5773502691896233996, 0.5773502691896233996 ) ) ;
#267 = DIRECTION ( 'NONE',  ( 0.2302529551604794444, 0.000000000000000000, -0.9731308116794300522 ) ) ;
#268 = EDGE_CURVE ( 'NONE', #1165, #1315, #1416, .T. ) ;
#269 = CARTESIAN_POINT ( 'NONE',  ( 27.31036293887447286, -0.5999999999999949818, 6.461918272147548770 ) ) ;
#270 = EDGE_CURVE ( 'NONE', #1331, #1165, #1267, .T. ) ;
#271 = ORIENTED_EDGE ( 'NONE', *, *, #1494, .F. ) ;
#272 = DIRECTION ( 'NONE',  ( -0.9731308116794296081, 0.000000000000000000, -0.2302529551604809155 ) ) ;
#273 = FACE_OUTER_BOUND ( 'NONE', #1879, .T. ) ;
#274 = ORIENTED_EDGE ( 'NONE', *, *, #1287, .T. ) ;
#275 = FACE_OUTER_BOUND ( 'NONE', #410, .T. ) ;
#276 = PLANE ( 'NONE',  #799 ) ;
#277 = VECTOR ( 'NONE', #613, 100.0000000000000000 ) ;
#278 = FACE_BOUND ( 'NONE', #1811, .T. ) ;
#279 = ORIENTED_EDGE ( 'NONE', *, *, #231, .T. ) ;
#280 = VECTOR ( 'NONE', #1300, 100.0000000000000142 ) ;
#281 = CYLINDRICAL_SURFACE ( 'NONE', #459, 0.3100000000000078804 ) ;
#282 = EDGE_CURVE ( 'NONE', #1644, #1107, #347, .T. ) ;
#283 = VECTOR ( 'NONE', #1833, 100.0000000000000142 ) ;
#284 = CARTESIAN_POINT ( 'NONE',  ( 34.17085782681789397, -2.294999999999990159, 0.000000000000000000 ) ) ;
#285 = ORIENTED_EDGE ( 'NONE', *, *, #440, .T. ) ;
#286 = FACE_OUTER_BOUND ( 'NONE', #1998, .T. ) ;
#287 = CIRCLE ( 'NONE', #2062, 0.3100000000000019962 ) ;
#288 = CARTESIAN_POINT ( 'NONE',  ( 36.09000000000000341, -2.229999999999987548, 8.539272471910114959 ) ) ;
#289 = CARTESIAN_POINT ( 'NONE',  ( 29.68337290150947894, -0.6000000000000005329, 5.640000000000002345 ) ) ;
#290 = ORIENTED_EDGE ( 'NONE', *, *, #99, .T. ) ;
#291 = DIRECTION ( 'NONE',  ( 0.000000000000000000, 0.000000000000000000, -1.000000000000000000 ) ) ;
#292 = ORIENTED_EDGE ( 'NONE', *, *, #773, .F. ) ;
#293 = EDGE_CURVE ( 'NONE', #1324, #1431, #1906, .T. ) ;
#294 = CARTESIAN_POINT ( 'NONE',  ( 28.14195628824728246, -0.5999999999999949818, 5.640000000000007674 ) ) ;
#295 = EDGE_CURVE ( 'NONE', #1293, #866, #1082, .T. ) ;
#296 = FACE_OUTER_BOUND ( 'NONE', #1599, .T. ) ;
#297 = FACE_OUTER_BOUND ( 'NONE', #1353, .T. ) ;
#298 = ORIENTED_EDGE ( 'NONE', *, *, #1574, .F. ) ;
#299 = CARTESIAN_POINT ( 'NONE',  ( 21.21630391768895052, -1.219999999999998863, 5.019999999999997797 ) ) ;
#300 = CARTESIAN_POINT ( 'NONE',  ( 18.08999999999999986, -3.209999999999987974, 12.63499999999999979 ) ) ;
#301 = CARTESIAN_POINT ( 'NONE',  ( 19.95341666818141846, -2.294999999999990159, 4.394921116531270933 ) ) ;
#302 = DIRECTION ( 'NONE',  ( -8.673617379884035472E-17, 0.000000000000000000, 1.000000000000000000 ) ) ;
#303 = EDGE_CURVE ( 'NONE', #190, #970, #433, .T. ) ;
#304 = LINE ( 'NONE', #1760, #1784 ) ;
#305 = VERTEX_POINT ( 'NONE', #734 ) ;
#306 = CARTESIAN_POINT ( 'NONE',  ( 36.18999999999999773, -2.229999999999987548, 0.000000000000000000 ) ) ;
#307 = VECTOR ( 'NONE', #629, 100.0000000000000000 ) ;
#308 = DIRECTION ( 'NONE',  ( 0.000000000000000000, -1.000000000000000000, 0.000000000000000000 ) ) ;
#309 = FACE_OUTER_BOUND ( 'NONE', #401, .T. ) ;
#310 = VECTOR ( 'NONE', #1975, 100.0000000000000000 ) ;
#311 = VERTEX_POINT ( 'NONE', #1704 ) ;
#312 = AXIS2_PLACEMENT_3D ( 'NONE', #72, #1371, #2065 ) ;
#313 = LINE ( 'NONE', #802, #141 ) ;
#314 = LINE ( 'NONE', #978, #761 ) ;
#315 = LINE ( 'NONE', #151, #694 ) ;
#316 = EDGE_CURVE ( 'NONE', #1408, #692, #1232, .T. ) ;
#317 = ORIENTED_EDGE ( 'NONE', *, *, #835, .T. ) ;
#318 = EDGE_CURVE ( 'NONE', #383, #1324, #1715, .T. ) ;
#319 = CARTESIAN_POINT ( 'NONE',  ( 27.31036293887447286, -18.60000000000000497, 6.461918272147548770 ) ) ;
#320 = FILL_AREA_STYLE ('',( #12 ) ) ;
#321 = ORIENTED_EDGE ( 'NONE', *, *, #1027, .T. ) ;
#322 = DIRECTION ( 'NONE',  ( 0.000000000000000000, 0.000000000000000000, -1.000000000000000000 ) ) ;
#323 = FACE_OUTER_BOUND ( 'NONE', #1564, .T. ) ;
#324 = PLANE ( 'NONE',  #624 ) ;
#325 = EDGE_CURVE ( 'NONE', #1434, #1890, #784, .T. ) ;
#326 = ORIENTED_EDGE ( 'NONE', *, *, #756, .F. ) ;
#327 = ORIENTED_EDGE ( 'NONE', *, *, #2020, .T. ) ;
#328 = DIRECTION ( 'NONE',  ( -0.2302529551604794444, 0.000000000000000000, 0.9731308116794299412 ) ) ;
#329 = EDGE_CURVE ( 'NONE', #1477, #1555, #1483, .T. ) ;
#330 = CARTESIAN_POINT ( 'NONE',  ( 18.08999999999999986, -2.209999999999989750, 12.63499999999999979 ) ) ;
#331 = ORIENTED_EDGE ( 'NONE', *, *, #562, .T. ) ;
#332 = FACE_BOUND ( 'NONE', #162, .T. ) ;
#333 = EDGE_LOOP ( 'NONE', ( #356, #1594, #1322, #957 ) ) ;
#334 = DIRECTION ( 'NONE',  ( 1.000000000000000000, 0.000000000000000000, 0.000000000000000000 ) ) ;
#335 = FACE_OUTER_BOUND ( 'NONE', #1058, .T. ) ;
#336 = CARTESIAN_POINT ( 'NONE',  ( 37.07000000000000028, -16.96999999999999886, 12.63499999999999979 ) ) ;
#337 = EDGE_LOOP ( 'NONE', ( #1042, #1390, #848, #1161, #980 ) ) ;
#338 = DIRECTION ( 'NONE',  ( 0.9731308116794299412, 0.000000000000000000, 0.2302529551604793612 ) ) ;
#339 = ORIENTED_EDGE ( 'NONE', *, *, #918, .T. ) ;
#340 = CARTESIAN_POINT ( 'NONE',  ( 0.000000000000000000, 0.000000000000000000, 0.000000000000000000 ) ) ;
#341 = ADVANCED_FACE ( 'NONE', ( #813 ), #1131, .F. ) ;
#342 = VECTOR ( 'NONE', #1740, 100.0000000000000142 ) ;
#343 = VERTEX_POINT ( 'NONE', #1308 ) ;
#344 = DIRECTION ( 'NONE',  ( -0.9731308116794299412, 0.000000000000000000, -0.2302529551604793334 ) ) ;
#345 = AXIS2_PLACEMENT_3D ( 'NONE', #564, #874, #64 ) ;
#346 = EDGE_CURVE ( 'NONE', #1459, #1195, #1458, .T. ) ;
#347 = CIRCLE ( 'NONE', #797, 0.3100000000000019962 ) ;
#348 = EDGE_LOOP ( 'NONE', ( #1104, #1336, #1465, #1033 ) ) ;
#349 = VECTOR ( 'NONE', #51, 100.0000000000000000 ) ;
#350 = DIRECTION ( 'NONE',  ( 0.000000000000000000, -1.000000000000000000, 0.000000000000000000 ) ) ;
#351 = FACE_OUTER_BOUND ( 'NONE', #333, .T. ) ;
#352 = AXIS2_PLACEMENT_3D ( 'NONE', #128, #949, #928 ) ;
#353 = CARTESIAN_POINT ( 'NONE',  ( 27.50483742143222798, -18.60000000000000497, 5.640000000000008562 ) ) ;
#354 = VERTEX_POINT ( 'NONE', #1768 ) ;
#355 = LINE ( 'NONE', #1323, #2 ) ;
#356 = ORIENTED_EDGE ( 'NONE', *, *, #388, .F. ) ;
#357 = DIRECTION ( 'NONE',  ( 0.7071067811865279218, 0.000000000000000000, -0.7071067811865671127 ) ) ;
#358 = ADVANCED_FACE ( 'NONE', ( #2110 ), #1598, .T. ) ;
#359 = ORIENTED_EDGE ( 'NONE', *, *, #87, .T. ) ;
#360 = CARTESIAN_POINT ( 'NONE',  ( 0.000000000000000000, -19.19999999999999929, 0.000000000000000000 ) ) ;
#361 = VERTEX_POINT ( 'NONE', #1776 ) ;
#362 = EDGE_CURVE ( 'NONE', #549, #1513, #304, .T. ) ;
#363 = LINE ( 'NONE', #1025, #1111 ) ;
#364 = CARTESIAN_POINT ( 'NONE',  ( 28.14195628824728246, -0.5999999999999949818, 5.640000000000007674 ) ) ;
#365 = CYLINDRICAL_SURFACE ( 'NONE', #1510, 0.3100000000000077138 ) ;
#366 = ORIENTED_EDGE ( 'NONE', *, *, #257, .T. ) ;
#367 = CARTESIAN_POINT ( 'NONE',  ( 17.20999999999998664, -1.319999999999998952, 1.246908773888054450E-14 ) ) ;
#368 = VERTEX_POINT ( 'NONE', #1141 ) ;
#369 = CARTESIAN_POINT ( 'NONE',  ( 34.96999999999999886, -19.19999999999999929, 0.000000000000000000 ) ) ;
#370 = ORIENTED_EDGE ( 'NONE', *, *, #1829, .F. ) ;
#371 = LINE ( 'NONE', #853, #349 ) ;
#372 = ORIENTED_EDGE ( 'NONE', *, *, #2020, .F. ) ;
#373 = ADVANCED_BREP_SHAPE_REPRESENTATION ( 'ramp-middle-frame_62', ( #1261, #1780 ), #791 ) ;
#374 = CARTESIAN_POINT ( 'NONE',  ( 29.04597365997205571, -18.60000000000000497, -6.041618404611488025 ) ) ;
#375 = ADVANCED_FACE ( 'NONE', ( #648 ), #1591, .T. ) ;
#376 = DIRECTION ( 'NONE',  ( 0.000000000000000000, -1.000000000000000000, 0.000000000000000000 ) ) ;
#377 = ORIENTED_EDGE ( 'NONE', *, *, #517, .T. ) ;
#378 = CARTESIAN_POINT ( 'NONE',  ( 19.95341666818141846, -16.90499999999999403, 4.394921116531270933 ) ) ;
#379 = EDGE_LOOP ( 'NONE', ( #15, #1876, #1363, #885 ) ) ;
#380 = LINE ( 'NONE', #1543, #177 ) ;
#381 = ORIENTED_EDGE ( 'NONE', *, *, #1597, .T. ) ;
#382 = LINE ( 'NONE', #569, #1443 ) ;
#383 = VERTEX_POINT ( 'NONE', #1617 ) ;
#384 = VECTOR ( 'NONE', #334, 100.0000000000000000 ) ;
#385 = CLOSED_SHELL ( 'NONE', ( #1263, #1093, #450, #341, #114, #1444, #804, #2005, #703, #1185, #393, #793, #1433, #432, #1122, #29, #621, #1525, #1078, #109, #1248, #1654, #123, #202, #1725, #2074, #875, #1844, #486, #403, #33, #1813, #1738, #227, #645, #706, #2084, #156, #1454, #1302, #732, #796, #2009, #1881, #608, #375, #1284, #70, #1679, #1633, #144, #1537, #634, #533, #545, #627, #1941, #358, #1329, #642, #1239, #2072, #1320, #2037, #73, #714, #1979, #1062, #599 ) ) ;
#386 = CARTESIAN_POINT ( 'NONE',  ( 18.09000000000000341, -15.99000000000000199, 0.1000000000000000888 ) ) ;
#387 = VECTOR ( 'NONE', #439, 100.0000000000000000 ) ;
#388 = EDGE_CURVE ( 'NONE', #728, #1459, #665, .T. ) ;
#389 = DIRECTION ( 'NONE',  ( 8.673617379884035472E-17, 0.000000000000000000, -1.000000000000000000 ) ) ;
#390 = ORIENTED_EDGE ( 'NONE', *, *, #231, .F. ) ;
#391 = AXIS2_PLACEMENT_3D ( 'NONE', #772, #471, #2071 ) ;
#392 = FACE_BOUND ( 'NONE', #2095, .T. ) ;
#393 = ADVANCED_FACE ( 'NONE', ( #1936 ), #324, .T. ) ;
#394 = EDGE_LOOP ( 'NONE', ( #1691, #915, #811, #1196 ) ) ;
#395 = FACE_OUTER_BOUND ( 'NONE', #632, .T. ) ;
#396 = ORIENTED_EDGE ( 'NONE', *, *, #1480, .T. ) ;
#397 = DIRECTION ( 'NONE',  ( -0.2302529551604794444, 0.000000000000000000, 0.9731308116794300522 ) ) ;
#398 = ORIENTED_EDGE ( 'NONE', *, *, #929, .T. ) ;
#399 = CARTESIAN_POINT ( 'NONE',  ( 26.45400782459658728, -18.60000000000000497, 6.259295671606332157 ) ) ;
#400 = DIRECTION ( 'NONE',  ( 0.000000000000000000, 0.000000000000000000, -1.000000000000000000 ) ) ;
#401 = EDGE_LOOP ( 'NONE', ( #514, #1883, #1634, #1851 ) ) ;
#402 = LINE ( 'NONE', #2046, #690 ) ;
#403 = ADVANCED_FACE ( 'NONE', ( #297 ), #609, .F. ) ;
#404 = DIRECTION ( 'NONE',  ( 0.000000000000000000, 0.000000000000000000, -1.000000000000000000 ) ) ;
#405 = ORIENTED_EDGE ( 'NONE', *, *, #1747, .F. ) ;
#406 = LINE ( 'NONE', #1065, #115 ) ;
#407 = ORIENTED_EDGE ( 'NONE', *, *, #1636, .F. ) ;
#408 = FACE_OUTER_BOUND ( 'NONE', #348, .T. ) ;
#409 = DIRECTION ( 'NONE',  ( -1.000000000000000000, 0.000000000000000000, 0.000000000000000000 ) ) ;
#410 = EDGE_LOOP ( 'NONE', ( #512, #125, #879, #768 ) ) ;
#411 = DIRECTION ( 'NONE',  ( 0.000000000000000000, 0.000000000000000000, -1.000000000000000000 ) ) ;
#412 = DIRECTION ( 'NONE',  ( 1.000000000000000000, 0.000000000000000000, 0.000000000000000000 ) ) ;
#413 = VERTEX_POINT ( 'NONE', #133 ) ;
#414 = EDGE_CURVE ( 'NONE', #1962, #179, #2094, .T. ) ;
#415 = PLANE ( 'NONE',  #1081 ) ;
#416 = ORIENTED_EDGE ( 'NONE', *, *, #1024, .T. ) ;
#417 = EDGE_CURVE ( 'NONE', #238, #1914, #143, .T. ) ;
#418 = FACE_OUTER_BOUND ( 'NONE', #873, .T. ) ;
#419 = VECTOR ( 'NONE', #1902, 100.0000000000000000 ) ;
#420 = DIRECTION ( 'NONE',  ( 0.2302529551604794444, 0.000000000000000000, -0.9731308116794300522 ) ) ;
#421 = AXIS2_PLACEMENT_3D ( 'NONE', #947, #2101, #631 ) ;
#422 = VECTOR ( 'NONE', #1602, 100.0000000000000000 ) ;
#423 = ORIENTED_EDGE ( 'NONE', *, *, #1139, .T. ) ;
#424 = DIRECTION ( 'NONE',  ( -0.5773502691896266192, -0.5773502691896252870, 0.5773502691896252870 ) ) ;
#425 = DIRECTION ( 'NONE',  ( 1.000000000000000000, 0.000000000000000000, 0.000000000000000000 ) ) ;
#426 = LINE ( 'NONE', #1576, #1077 ) ;
#427 = DIRECTION ( 'NONE',  ( 0.5773502691896257311, -0.5773502691896257311, 0.5773502691896257311 ) ) ;
#428 = VERTEX_POINT ( 'NONE', #1943 ) ;
#429 = EDGE_CURVE ( 'NONE', #577, #544, #315, .T. ) ;
#430 = CARTESIAN_POINT ( 'NONE',  ( 18.09000000000000341, -16.98999999999999844, 12.63499999999999979 ) ) ;
#431 = DIRECTION ( 'NONE',  ( -0.9731308116794300522, 0.000000000000000000, -0.2302529551604788061 ) ) ;
#432 = ADVANCED_FACE ( 'NONE', ( #1916 ), #447, .F. ) ;
#433 = LINE ( 'NONE', #258, #1253 ) ;
#434 = EDGE_LOOP ( 'NONE', ( #145, #492, #1995, #1697 ) ) ;
#435 = CARTESIAN_POINT ( 'NONE',  ( 0.000000000000000000, -16.96999999999999886, 0.000000000000000000 ) ) ;
#436 = ORIENTED_EDGE ( 'NONE', *, *, #1306, .T. ) ;
#437 = PLANE ( 'NONE',  #909 ) ;
#438 = CARTESIAN_POINT ( 'NONE',  ( 19.95341666818141846, -16.90499999999999403, 4.394921116531270933 ) ) ;
#439 = DIRECTION ( 'NONE',  ( -1.877914453019546570E-16, 1.000000000000000000, -4.443342530693252295E-17 ) ) ;
#440 = EDGE_CURVE ( 'NONE', #504, #1947, #1118, .T. ) ;
#441 = ORIENTED_EDGE ( 'NONE', *, *, #1553, .T. ) ;
#442 = FACE_OUTER_BOUND ( 'NONE', #1507, .T. ) ;
#443 = ORIENTED_EDGE ( 'NONE', *, *, #2081, .F. ) ;
#444 = CARTESIAN_POINT ( 'NONE',  ( 18.09000000000000341, -3.209999999999987974, 4.280283707865170761 ) ) ;
#445 = DIRECTION ( 'NONE',  ( -0.000000000000000000, 1.000000000000000000, 0.000000000000000000 ) ) ;
#446 = PRODUCT_DEFINITION_FORMATION_WITH_SPECIFIED_SOURCE ( 'ANY', '', #1744, .NOT_KNOWN. ) ;
#447 = PLANE ( 'NONE',  #482 ) ;
#448 = VECTOR ( 'NONE', #1007, 100.0000000000000142 ) ;
#449 = AXIS2_PLACEMENT_3D ( 'NONE', #1189, #511, #1693 ) ;
#450 = ADVANCED_FACE ( 'NONE', ( #351 ), #1468, .F. ) ;
#451 = ORIENTED_EDGE ( 'NONE', *, *, #1668, .T. ) ;
#452 = AXIS2_PLACEMENT_3D ( 'NONE', #21, #146, #1145 ) ;
#453 = VECTOR ( 'NONE', #1561, 100.0000000000000142 ) ;
#454 = FACE_OUTER_BOUND ( 'NONE', #1619, .T. ) ;
#455 = EDGE_CURVE ( 'NONE', #1404, #549, #546, .T. ) ;
#456 = VECTOR ( 'NONE', #1758, 100.0000000000000142 ) ;
#457 = CARTESIAN_POINT ( 'NONE',  ( 35.07000000000000028, -1.219999999999998863, 0.3747477419454636749 ) ) ;
#458 = DIRECTION ( 'NONE',  ( 1.877914453019546570E-16, -1.000000000000000000, 0.000000000000000000 ) ) ;
#459 = AXIS2_PLACEMENT_3D ( 'NONE', #769, #940, #272 ) ;
#460 = LINE ( 'NONE', #976, #696 ) ;
#461 = CARTESIAN_POINT ( 'NONE',  ( 25.96342080817002795, -18.60000000000000497, 5.640000000000011227 ) ) ;
#462 = ORIENTED_EDGE ( 'NONE', *, *, #587, .F. ) ;
#463 = CARTESIAN_POINT ( 'NONE',  ( 19.10999999999999943, -2.209999999999989750, 12.63499999999999979 ) ) ;
#464 = PLANE ( 'NONE',  #71 ) ;
#465 = DIRECTION ( 'NONE',  ( 0.5773502691896363892, -0.5773502691896363892, -0.5773502691896044148 ) ) ;
#466 = EDGE_CURVE ( 'NONE', #1230, #1060, #1627, .T. ) ;
#467 = DIRECTION ( 'NONE',  ( -1.000000000000000000, 0.000000000000000000, 0.000000000000000000 ) ) ;
#468 = CARTESIAN_POINT ( 'NONE',  ( 17.10999999999999588, -3.109999999999987885, 0.000000000000000000 ) ) ;
#469 = PLANE ( 'NONE',  #1924 ) ;
#470 = DIRECTION ( 'NONE',  ( 0.000000000000000000, -0.7071067811865279218, -0.7071067811865671127 ) ) ;
#471 = DIRECTION ( 'NONE',  ( -0.2302529551604794722, 0.000000000000000000, 0.9731308116794300522 ) ) ;
#472 = EDGE_CURVE ( 'NONE', #2003, #1550, #1678, .T. ) ;
#473 = PLANE ( 'NONE',  #560 ) ;
#474 = VERTEX_POINT ( 'NONE', #198 ) ;
#475 = EDGE_CURVE ( 'NONE', #508, #1064, #515, .T. ) ;
#476 = CARTESIAN_POINT ( 'NONE',  ( 29.04625403469443512, -0.6000000000000005329, 5.640000000000002345 ) ) ;
#477 = DIRECTION ( 'NONE',  ( 0.000000000000000000, 1.000000000000000000, -0.000000000000000000 ) ) ;
#478 = UNCERTAINTY_MEASURE_WITH_UNIT (LENGTH_MEASURE( 1.000000000000000082E-05 ), #193, 'distance_accuracy_value', 'NONE');
#479 = VECTOR ( 'NONE', #46, 100.0000000000000000 ) ;
#480 = PLANE ( 'NONE',  #1406 ) ;
#481 = CARTESIAN_POINT ( 'NONE',  ( 17.99000000000000199, -2.109999999999989662, 0.000000000000000000 ) ) ;
#482 = AXIS2_PLACEMENT_3D ( 'NONE', #1113, #176, #188 ) ;
#483 = EDGE_LOOP ( 'NONE', ( #2001, #159 ) ) ;
#484 = VECTOR ( 'NONE', #170, 100.0000000000000142 ) ;
#485 = CARTESIAN_POINT ( 'NONE',  ( 0.000000000000000000, -17.98000000000000043, 0.000000000000000000 ) ) ;
#486 = ADVANCED_FACE ( 'NONE', ( #335 ), #708, .F. ) ;
#487 = VERTEX_POINT ( 'NONE', #1016 ) ;
#488 = PLANE ( 'NONE',  #1215 ) ;
#489 = CARTESIAN_POINT ( 'NONE',  ( 26.60053967498508598, -18.60000000000000497, 5.640000000000011227 ) ) ;
#490 = EDGE_CURVE ( 'NONE', #311, #716, #820, .T. ) ;
#491 = EDGE_LOOP ( 'NONE', ( #44, #1305, #751, #250, #1777, #1172, #1186 ) ) ;
#492 = ORIENTED_EDGE ( 'NONE', *, *, #1024, .F. ) ;
#493 = CARTESIAN_POINT ( 'NONE',  ( 29.83007140338214214, -17.97999999999999687, 5.019999999999996021 ) ) ;
#494 = APPLICATION_PROTOCOL_DEFINITION ( 'draft international standard', 'automotive_design', 1998, #1662 ) ;
#495 = ORIENTED_EDGE ( 'NONE', *, *, #954, .T. ) ;
#496 = LINE ( 'NONE', #360, #1824 ) ;
#497 = VERTEX_POINT ( 'NONE', #1198 ) ;
#498 = CARTESIAN_POINT ( 'NONE',  ( 27.91370404211573231, -0.5999999999999949818, 6.604675104347052184 ) ) ;
#499 = LINE ( 'NONE', #17, #2025 ) ;
#500 = EDGE_CURVE ( 'NONE', #1009, #1694, #1112, .T. ) ;
#501 = PLANE ( 'NONE',  #1441 ) ;
#502 = EDGE_LOOP ( 'NONE', ( #423, #1992, #1035, #1977 ) ) ;
#503 = CARTESIAN_POINT ( 'NONE',  ( 29.34764421159268721, -0.5999999999999949818, -5.970239988511736762 ) ) ;
#504 = VERTEX_POINT ( 'NONE', #364 ) ;
#505 = SURFACE_SIDE_STYLE ('',( #531 ) ) ;
#506 = ORIENTED_EDGE ( 'NONE', *, *, #671, .T. ) ;
#507 = CARTESIAN_POINT ( 'NONE',  ( 17.99000000000000199, -16.98999999999999844, 0.000000000000000000 ) ) ;
#508 = VERTEX_POINT ( 'NONE', #670 ) ;
#509 = DIRECTION ( 'NONE',  ( 0.000000000000000000, -1.000000000000000000, 0.000000000000000000 ) ) ;
#510 = CARTESIAN_POINT ( 'NONE',  ( 37.07000000000000028, -16.96999999999999886, 0.09999999999999453770 ) ) ;
#511 = DIRECTION ( 'NONE',  ( 0.7071067811865279218, 0.000000000000000000, -0.7071067811865671127 ) ) ;
#512 = ORIENTED_EDGE ( 'NONE', *, *, #1422, .F. ) ;
#513 = PLANE ( 'NONE',  #2024 ) ;
#514 = ORIENTED_EDGE ( 'NONE', *, *, #687, .T. ) ;
#515 =( BOUNDED_CURVE ( )  B_SPLINE_CURVE ( 3, ( #871, #1026, #1207, #211 ),
 .UNSPECIFIED., .F., .T. ) 
 B_SPLINE_CURVE_WITH_KNOTS ( ( 4, 4 ),
 ( 1.797104947649389883, 4.938697601239184998 ),
 .UNSPECIFIED. ) 
 CURVE ( )  GEOMETRIC_REPRESENTATION_ITEM ( )  RATIONAL_B_SPLINE_CURVE ( ( 1.000000000000000000, 0.3333333333333327597, 0.3333333333333327597, 1.000000000000000000 ) ) 
 REPRESENTATION_ITEM ( '' )  );
#516 =( NAMED_UNIT ( * ) PLANE_ANGLE_UNIT ( ) SI_UNIT ( $, .RADIAN. ) );
#517 = EDGE_CURVE ( 'NONE', #1705, #1709, #998, .T. ) ;
#518 = AXIS2_PLACEMENT_3D ( 'NONE', #330, #992, #166 ) ;
#519 = ORIENTED_EDGE ( 'NONE', *, *, #1810, .T. ) ;
#520 = DIRECTION ( 'NONE',  ( -0.9731308116794301633, 0.000000000000000000, -0.2302529551604785840 ) ) ;
#521 = VECTOR ( 'NONE', #550, 100.0000000000000142 ) ;
#522 = VECTOR ( 'NONE', #1101, 100.0000000000000142 ) ;
#523 = ORIENTED_EDGE ( 'NONE', *, *, #87, .F. ) ;
#524 = VECTOR ( 'NONE', #2032, 100.0000000000000000 ) ;
#525 = CARTESIAN_POINT ( 'NONE',  ( 19.10999999999999943, -2.209999999999989750, 0.1000000000000000888 ) ) ;
#526 = DIRECTION ( 'NONE',  ( -1.000000000000000000, 0.000000000000000000, 0.000000000000000000 ) ) ;
#527 = CARTESIAN_POINT ( 'NONE',  ( 18.08999999999999986, -3.209999999999987974, 12.63499999999999979 ) ) ;
#528 = ORIENTED_EDGE ( 'NONE', *, *, #1611, .F. ) ;
#529 = LINE ( 'NONE', #367, #247 ) ;
#530 = ORIENTED_EDGE ( 'NONE', *, *, #1346, .T. ) ;
#531 = SURFACE_STYLE_FILL_AREA ( #320 ) ;
#532 = EDGE_LOOP ( 'NONE', ( #1045, #2055, #1491, #1521 ) ) ;
#533 = ADVANCED_FACE ( 'NONE', ( #53 ), #7, .T. ) ;
#534 = LINE ( 'NONE', #1996, #1283 ) ;
#535 = EDGE_LOOP ( 'NONE', ( #760, #673, #977, #639 ) ) ;
#536 = DIRECTION ( 'NONE',  ( -0.9731308116794296081, 0.000000000000000000, -0.2302529551604809155 ) ) ;
#537 = DIRECTION ( 'NONE',  ( 0.000000000000000000, 1.000000000000000000, 0.000000000000000000 ) ) ;
#538 = VERTEX_POINT ( 'NONE', #1361 ) ;
#539 = FACE_BOUND ( 'NONE', #1225, .T. ) ;
#540 = ORIENTED_EDGE ( 'NONE', *, *, #96, .F. ) ;
#541 = CARTESIAN_POINT ( 'NONE',  ( 36.97000000000000597, -16.86999999999999744, 0.000000000000000000 ) ) ;
#542 = EDGE_LOOP ( 'NONE', ( #1526, #869, #443, #1240, #204 ) ) ;
#543 = DIRECTION ( 'NONE',  ( 4.770334648313475045E-16, -0.3420201433256678802, 0.9396926207859087610 ) ) ;
#544 = VERTEX_POINT ( 'NONE', #510 ) ;
#545 = ADVANCED_FACE ( 'NONE', ( #28 ), #2010, .T. ) ;
#546 = LINE ( 'NONE', #1351, #971 ) ;
#547 = EDGE_CURVE ( 'NONE', #354, #487, #499, .T. ) ;
#548 = DIRECTION ( 'NONE',  ( -0.9731308116794300522, 0.000000000000000000, -0.2302529551604788061 ) ) ;
#549 = VERTEX_POINT ( 'NONE', #1819 ) ;
#550 = DIRECTION ( 'NONE',  ( -0.2302529551604794444, 0.000000000000000000, 0.9731308116794299412 ) ) ;
#551 = VERTEX_POINT ( 'NONE', #1188 ) ;
#552 = LINE ( 'NONE', #48, #1604 ) ;
#553 = ORIENTED_EDGE ( 'NONE', *, *, #1066, .T. ) ;
#554 = CARTESIAN_POINT ( 'NONE',  ( 26.15233727297595578, -0.5999999999999949818, 6.187917255506579117 ) ) ;
#555 = ORIENTED_EDGE ( 'NONE', *, *, #829, .F. ) ;
#556 = VECTOR ( 'NONE', #350, 100.0000000000000000 ) ;
#557 = VECTOR ( 'NONE', #601, 100.0000000000000000 ) ;
#558 = DIRECTION ( 'NONE',  ( -0.000000000000000000, 1.000000000000000000, 0.000000000000000000 ) ) ;
#559 = EDGE_CURVE ( 'NONE', #1677, #741, #1656, .T. ) ;
#560 = AXIS2_PLACEMENT_3D ( 'NONE', #1109, #1423, #1596 ) ;
#561 = DIRECTION ( 'NONE',  ( 0.000000000000000000, 0.000000000000000000, -1.000000000000000000 ) ) ;
#562 = EDGE_CURVE ( 'NONE', #1686, #1489, #1414, .T. ) ;
#563 = VECTOR ( 'NONE', #590, 99.99999999999998579 ) ;
#564 = CARTESIAN_POINT ( 'NONE',  ( 0.000000000000000000, -19.19999999999999929, 0.000000000000000000 ) ) ;
#565 = ORIENTED_EDGE ( 'NONE', *, *, #1684, .T. ) ;
#566 = CARTESIAN_POINT ( 'NONE',  ( 29.04625403469443512, -18.60000000000000142, 5.640000000000005009 ) ) ;
#567 = LINE ( 'NONE', #1873, #206 ) ;
#568 = VERTEX_POINT ( 'NONE', #386 ) ;
#569 = CARTESIAN_POINT ( 'NONE',  ( 19.55917818706374334, -17.23499999999997101, 4.627906674036525558 ) ) ;
#570 = ORIENTED_EDGE ( 'NONE', *, *, #2060, .T. ) ;
#571 = CARTESIAN_POINT ( 'NONE',  ( 34.96999999999999886, -19.19999999999999929, 0.000000000000000000 ) ) ;
#572 = CARTESIAN_POINT ( 'NONE',  ( 29.68337290150947894, -18.60000000000000142, 5.640000000000005009 ) ) ;
#573 = EDGE_CURVE ( 'NONE', #1230, #913, #1887, .T. ) ;
#574 = ORIENTED_EDGE ( 'NONE', *, *, #1588, .T. ) ;
#575 = DIRECTION ( 'NONE',  ( 0.000000000000000000, -1.000000000000000000, 0.000000000000000000 ) ) ;
#576 = CARTESIAN_POINT ( 'NONE',  ( 17.10999999999999943, -15.99000000000000199, 12.63499999999999979 ) ) ;
#577 = VERTEX_POINT ( 'NONE', #256 ) ;
#578 = DIRECTION ( 'NONE',  ( -0.9731308116794301633, 0.000000000000000000, -0.2302529551604785840 ) ) ;
#579 = VERTEX_POINT ( 'NONE', #905 ) ;
#580 = PLANE ( 'NONE',  #1549 ) ;
#581 = CARTESIAN_POINT ( 'NONE',  ( 35.07000000000000028, -19.20000000000000284, 12.63499999999999979 ) ) ;
#582 = EDGE_LOOP ( 'NONE', ( #1392, #441, #1841, #183 ) ) ;
#583 = DIRECTION ( 'NONE',  ( -0.5773502691896134076, -0.5773502691896319483, 0.5773502691896319483 ) ) ;
#584 = DIRECTION ( 'NONE',  ( -0.7071067811865671127, -0.000000000000000000, -0.7071067811865279218 ) ) ;
#585 = EDGE_LOOP ( 'NONE', ( #112, #1369 ) ) ;
#586 = CARTESIAN_POINT ( 'NONE',  ( 37.07000000000000028, -2.229999999999984883, 0.09999999999999453770 ) ) ;
#587 = EDGE_CURVE ( 'NONE', #1550, #497, #85, .T. ) ;
#588 = ORIENTED_EDGE ( 'NONE', *, *, #1773, .F. ) ;
#589 = VECTOR ( 'NONE', #1790, 100.0000000000000000 ) ;
#590 = DIRECTION ( 'NONE',  ( -0.5773502691896136296, 0.5773502691896319483, 0.5773502691896319483 ) ) ;
#591 = DIRECTION ( 'NONE',  ( 0.000000000000000000, -1.000000000000000000, 0.000000000000000000 ) ) ;
#592 = VECTOR ( 'NONE', #1272, 100.0000000000000000 ) ;
#593 = VECTOR ( 'NONE', #1803, 100.0000000000000000 ) ;
#594 = EDGE_LOOP ( 'NONE', ( #1070, #209 ) ) ;
#595 = LINE ( 'NONE', #1770, #167 ) ;
#596 = CARTESIAN_POINT ( 'NONE',  ( 34.96999999999999886, -1.319999999999998952, 0.000000000000000000 ) ) ;
#597 = EDGE_LOOP ( 'NONE', ( #838, #1047, #377, #1094 ) ) ;
#598 = CARTESIAN_POINT ( 'NONE',  ( 17.99000000000000199, -3.209999999999987974, 0.000000000000000000 ) ) ;
#599 = ADVANCED_FACE ( 'NONE', ( #2052 ), #752, .T. ) ;
#600 = DIRECTION ( 'NONE',  ( -1.000000000000000000, 0.000000000000000000, 0.000000000000000000 ) ) ;
#601 = DIRECTION ( 'NONE',  ( 0.5773502691896257311, 0.5773502691896257311, 0.5773502691896257311 ) ) ;
#602 = ORIENTED_EDGE ( 'NONE', *, *, #1750, .T. ) ;
#603 = LINE ( 'NONE', #1084, #1279 ) ;
#604 = FACE_OUTER_BOUND ( 'NONE', #1827, .T. ) ;
#605 = DIRECTION ( 'NONE',  ( -0.2302529551604794722, 0.000000000000000000, 0.9731308116794300522 ) ) ;
#606 = CARTESIAN_POINT ( 'NONE',  ( 34.96999999999999886, -17.88000000000000256, 0.000000000000000000 ) ) ;
#607 = DIRECTION ( 'NONE',  ( 1.000000000000000000, 0.000000000000000000, 0.000000000000000000 ) ) ;
#608 = ADVANCED_FACE ( 'NONE', ( #418 ), #892, .T. ) ;
#609 = PLANE ( 'NONE',  #654 ) ;
#610 = EDGE_CURVE ( 'NONE', #658, #368, #2043, .T. ) ;
#611 = VERTEX_POINT ( 'NONE', #1877 ) ;
#612 = DIRECTION ( 'NONE',  ( -1.000000000000000000, 0.000000000000000000, 0.000000000000000000 ) ) ;
#613 = DIRECTION ( 'NONE',  ( 0.000000000000000000, 0.000000000000000000, -1.000000000000000000 ) ) ;
#614 = VERTEX_POINT ( 'NONE', #1552 ) ;
#615 = CARTESIAN_POINT ( 'NONE',  ( 29.04597365997205571, -18.60000000000000497, -6.041618404611488025 ) ) ;
#616 = CARTESIAN_POINT ( 'NONE',  ( 35.07000000000000028, 1.665334536937734811E-14, 12.63499999999999979 ) ) ;
#617 = ORIENTED_EDGE ( 'NONE', *, *, #1100, .T. ) ;
#618 = VECTOR ( 'NONE', #1720, 100.0000000000000000 ) ;
#619 = CARTESIAN_POINT ( 'NONE',  ( 28.74430310835142777, -18.60000000000000497, -6.112996820711239288 ) ) ;
#620 = VECTOR ( 'NONE', #291, 100.0000000000000000 ) ;
#621 = ADVANCED_FACE ( 'NONE', ( #1221 ), #1262, .F. ) ;
#622 = VERTEX_POINT ( 'NONE', #1402 ) ;
#623 = VECTOR ( 'NONE', #1659, 100.0000000000000142 ) ;
#624 = AXIS2_PLACEMENT_3D ( 'NONE', #2075, #1124, #1582 ) ;
#625 = CARTESIAN_POINT ( 'NONE',  ( 29.04625403469443512, -0.6000000000000005329, 5.640000000000002345 ) ) ;
#626 = AXIS2_PLACEMENT_3D ( 'NONE', #1745, #467, #781 ) ;
#627 = ADVANCED_FACE ( 'NONE', ( #408 ), #1049, .T. ) ;
#628 = ORIENTED_EDGE ( 'NONE', *, *, #1015, .T. ) ;
#629 = DIRECTION ( 'NONE',  ( 1.394752543498940254E-15, 1.000000000000000000, 0.000000000000000000 ) ) ;
#630 = PRESENTATION_LAYER_ASSIGNMENT (  '', '', ( #1751 ) ) ;
#631 = DIRECTION ( 'NONE',  ( -0.9731308116794301633, 0.000000000000000000, -0.2302529551604785840 ) ) ;
#632 = EDGE_LOOP ( 'NONE', ( #398, #1895, #528, #366 ) ) ;
#633 = CARTESIAN_POINT ( 'NONE',  ( 35.07000000000000028, -3.229999999999985771, 0.09999999999999453770 ) ) ;
#634 = ADVANCED_FACE ( 'NONE', ( #243 ), #104, .T. ) ;
#635 = DIRECTION ( 'NONE',  ( 1.000000000000000000, 0.000000000000000000, 0.000000000000000000 ) ) ;
#636 = EDGE_CURVE ( 'NONE', #428, #996, #742, .T. ) ;
#637 = CARTESIAN_POINT ( 'NONE',  ( 35.07000000000000028, -15.97000000000000064, 8.297929775280898923 ) ) ;
#638 = DIRECTION ( 'NONE',  ( 0.7071067811865475727, 0.000000000000000000, -0.7071067811865475727 ) ) ;
#639 = ORIENTED_EDGE ( 'NONE', *, *, #362, .F. ) ;
#640 = DIRECTION ( 'NONE',  ( 0.5773502691896363892, 0.5773502691896363892, -0.5773502691896044148 ) ) ;
#641 = CARTESIAN_POINT ( 'NONE',  ( 36.18999999999999773, -2.329999999999987637, 0.000000000000000000 ) ) ;
#642 = ADVANCED_FACE ( 'NONE', ( #762 ), #1692, .T. ) ;
#643 = DIRECTION ( 'NONE',  ( -0.9731308116794299412, -0.000000000000000000, -0.2302529551604793612 ) ) ;
#644 = EDGE_LOOP ( 'NONE', ( #948, #1675, #91, #776 ) ) ;
#645 = ADVANCED_FACE ( 'NONE', ( #1393 ), #580, .T. ) ;
#646 = PLANE ( 'NONE',  #1609 ) ;
#647 = CARTESIAN_POINT ( 'NONE',  ( 25.96342080817002795, -0.5999999999999949818, 5.640000000000006786 ) ) ;
#648 = FACE_OUTER_BOUND ( 'NONE', #754, .T. ) ;
#649 = EDGE_LOOP ( 'NONE', ( #20, #1610, #1516, #2107, #1605, #135, #1326, #1792, #2038, #721, #1120, #1344, #462, #192, #1648, #1051, #1401, #553, #1259, #1860 ) ) ;
#650 = CARTESIAN_POINT ( 'NONE',  ( 19.95341666818141846, -2.294999999999990159, 4.394921116531270933 ) ) ;
#651 = VECTOR ( 'NONE', #1646, 100.0000000000000000 ) ;
#652 = FACE_OUTER_BOUND ( 'NONE', #1980, .T. ) ;
#653 = CARTESIAN_POINT ( 'NONE',  ( 36.09000000000000341, -15.97000000000000064, 12.63499999999999979 ) ) ;
#654 = AXIS2_PLACEMENT_3D ( 'NONE', #1448, #792, #1298 ) ;
#655 = ORIENTED_EDGE ( 'NONE', *, *, #1027, .F. ) ;
#656 = VECTOR ( 'NONE', #1184, 100.0000000000000142 ) ;
#657 = FACE_OUTER_BOUND ( 'NONE', #535, .T. ) ;
#658 = VERTEX_POINT ( 'NONE', #1726 ) ;
#659 = EDGE_CURVE ( 'NONE', #913, #2003, #1529, .T. ) ;
#660 = LINE ( 'NONE', #1666, #107 ) ;
#661 = CARTESIAN_POINT ( 'NONE',  ( 17.99000000000000199, -19.19999999999999929, 0.000000000000000000 ) ) ;
#662 = DIRECTION ( 'NONE',  ( 0.000000000000000000, 0.000000000000000000, -1.000000000000000000 ) ) ;
#663 = ORIENTED_EDGE ( 'NONE', *, *, #1796, .F. ) ;
#664 = LINE ( 'NONE', #806, #1544 ) ;
#665 =( BOUNDED_CURVE ( )  B_SPLINE_CURVE ( 3, ( #489, #1795, #1152, #461 ),
 .UNSPECIFIED., .F., .T. ) 
 B_SPLINE_CURVE_WITH_KNOTS ( ( 4, 4 ),
 ( 1.797104947649392326, 4.938697601239185886 ),
 .UNSPECIFIED. ) 
 CURVE ( )  GEOMETRIC_REPRESENTATION_ITEM ( )  RATIONAL_B_SPLINE_CURVE ( ( 1.000000000000000000, 0.3333333333333332038, 0.3333333333333332038, 1.000000000000000000 ) ) 
 REPRESENTATION_ITEM ( '' )  );
#666 = CARTESIAN_POINT ( 'NONE',  ( 19.95341666818141846, -16.90499999999999403, 4.394921116531270933 ) ) ;
#667 = LINE ( 'NONE', #1517, #593 ) ;
#668 = VERTEX_POINT ( 'NONE', #399 ) ;
#669 = CARTESIAN_POINT ( 'NONE',  ( 18.09000000000000341, -15.99000000000000199, 12.63499999999999979 ) ) ;
#670 = CARTESIAN_POINT ( 'NONE',  ( 26.60053967498508598, -0.5999999999999949818, 5.640000000000008562 ) ) ;
#671 = EDGE_CURVE ( 'NONE', #876, #1960, #830, .T. ) ;
#672 = FACE_OUTER_BOUND ( 'NONE', #502, .T. ) ;
#673 = ORIENTED_EDGE ( 'NONE', *, *, #735, .F. ) ;
#674 = EDGE_CURVE ( 'NONE', #692, #220, #2019, .T. ) ;
#675 = CARTESIAN_POINT ( 'NONE',  ( 36.09000000000000341, -3.229999999999985771, 8.539272471910111406 ) ) ;
#676 = ORIENTED_EDGE ( 'NONE', *, *, #1905, .F. ) ;
#677 = DIRECTION ( 'NONE',  ( -0.2302529551604794167, 0.000000000000000000, 0.9731308116794300522 ) ) ;
#678 = ORIENTED_EDGE ( 'NONE', *, *, #1621, .T. ) ;
#679 = DIRECTION ( 'NONE',  ( -0.2302529551604794444, 0.000000000000000000, 0.9731308116794300522 ) ) ;
#680 = ORIENTED_EDGE ( 'NONE', *, *, #1968, .T. ) ;
#681 = CARTESIAN_POINT ( 'NONE',  ( 0.000000000000000000, -1.219999999999998863, 5.019999999999997797 ) ) ;
#682 = CARTESIAN_POINT ( 'NONE',  ( 0.000000000000000000, -17.08999999999999986, 0.000000000000000000 ) ) ;
#683 = LINE ( 'NONE', #1976, #691 ) ;
#684 = ORIENTED_EDGE ( 'NONE', *, *, #687, .F. ) ;
#685 = CARTESIAN_POINT ( 'NONE',  ( 30.80734042911183579, -18.60000000000000497, -5.624860555771017623 ) ) ;
#686 = VECTOR ( 'NONE', #425, 100.0000000000000000 ) ;
#687 = EDGE_CURVE ( 'NONE', #611, #1973, #790, .T. ) ;
#688 = EDGE_LOOP ( 'NONE', ( #939, #196, #2027, #2102 ) ) ;
#689 = LINE ( 'NONE', #1345, #2056 ) ;
#690 = VECTOR ( 'NONE', #1706, 100.0000000000000000 ) ;
#691 = VECTOR ( 'NONE', #537, 100.0000000000000000 ) ;
#692 = VERTEX_POINT ( 'NONE', #1136 ) ;
#693 = DIRECTION ( 'NONE',  ( -1.000000000000000000, 0.000000000000000000, 0.000000000000000000 ) ) ;
#694 = VECTOR ( 'NONE', #775, 100.0000000000000000 ) ;
#695 = ORIENTED_EDGE ( 'NONE', *, *, #1410, .F. ) ;
#696 = VECTOR ( 'NONE', #607, 100.0000000000000000 ) ;
#697 = CARTESIAN_POINT ( 'NONE',  ( 34.17085782681789397, -16.90499999999999403, 7.758916791425877868 ) ) ;
#698 = DIRECTION ( 'NONE',  ( -0.9731308116794300522, 0.000000000000000000, -0.2302529551604788061 ) ) ;
#699 = ORIENTED_EDGE ( 'NONE', *, *, #4, .T. ) ;
#700 = LINE ( 'NONE', #1991, #1004 ) ;
#701 = ORIENTED_EDGE ( 'NONE', *, *, #475, .F. ) ;
#702 = CARTESIAN_POINT ( 'NONE',  ( 17.11000000000000298, -15.99000000000000199, 4.048405430711611963 ) ) ;
#703 = ADVANCED_FACE ( 'NONE', ( #2100 ), #1580, .T. ) ;
#704 = EDGE_LOOP ( 'NONE', ( #185, #2045, #988, #168 ) ) ;
#705 = DIRECTION ( 'NONE',  ( -0.5773502691896363892, 0.5773502691896363892, -0.5773502691896044148 ) ) ;
#706 = ADVANCED_FACE ( 'NONE', ( #1774 ), #1589, .T. ) ;
#707 = EDGE_LOOP ( 'NONE', ( #1848, #1190, #2042, #59 ) ) ;
#708 = PLANE ( 'NONE',  #1473 ) ;
#709 = CARTESIAN_POINT ( 'NONE',  ( 27.35813891955956123, -19.22000000000002018, 6.260000000000031761 ) ) ;
#710 = VERTEX_POINT ( 'NONE', #637 ) ;
#711 = CARTESIAN_POINT ( 'NONE',  ( 19.95341666818141846, -16.90499999999999403, 0.000000000000000000 ) ) ;
#712 = ORIENTED_EDGE ( 'NONE', *, *, #559, .T. ) ;
#713 = CARTESIAN_POINT ( 'NONE',  ( 18.08999999999999986, -2.209999999999989750, 0.1000000000000000888 ) ) ;
#714 = ADVANCED_FACE ( 'NONE', ( #1430 ), #473, .T. ) ;
#715 = ORIENTED_EDGE ( 'NONE', *, *, #1750, .F. ) ;
#716 = VERTEX_POINT ( 'NONE', #132 ) ;
#717 = EDGE_CURVE ( 'NONE', #1802, #975, #955, .T. ) ;
#718 = DIRECTION ( 'NONE',  ( 1.394752543498940254E-15, -1.000000000000000000, 0.000000000000000000 ) ) ;
#719 = CARTESIAN_POINT ( 'NONE',  ( 0.000000000000000000, -17.98000000000000043, 5.020000000000000462 ) ) ;
#720 = FACE_OUTER_BOUND ( 'NONE', #649, .T. ) ;
#721 = ORIENTED_EDGE ( 'NONE', *, *, #674, .T. ) ;
#722 = CARTESIAN_POINT ( 'NONE',  ( 18.08999999999999986, -2.209999999999989750, 4.280283707865168097 ) ) ;
#723 = AXIS2_PLACEMENT_3D ( 'NONE', #942, #1585, #930 ) ;
#724 = DIRECTION ( 'NONE',  ( -0.2302529551604794444, 0.000000000000000000, 0.9731308116794300522 ) ) ;
#725 = EDGE_LOOP ( 'NONE', ( #570, #61, #887, #152 ) ) ;
#726 = CARTESIAN_POINT ( 'NONE',  ( 17.11000000000000298, -17.98000000000000043, 0.3747477419454555703 ) ) ;
#727 = VECTOR ( 'NONE', #864, 100.0000000000000000 ) ;
#728 = VERTEX_POINT ( 'NONE', #2079 ) ;
#729 = VECTOR ( 'NONE', #1133, 100.0000000000000000 ) ;
#730 = AXIS2_PLACEMENT_3D ( 'NONE', #1822, #54, #698 ) ;
#731 = DIRECTION ( 'NONE',  ( 1.000000000000000000, 0.000000000000000000, 0.000000000000000000 ) ) ;
#732 = ADVANCED_FACE ( 'NONE', ( #1767 ), #1291, .T. ) ;
#733 = VECTOR ( 'NONE', #1057, 100.0000000000000142 ) ;
#734 = CARTESIAN_POINT ( 'NONE',  ( 35.07000000000000028, -1.319999999999998952, 0.1000000000000000472 ) ) ;
#735 = EDGE_CURVE ( 'NONE', #1436, #1404, #142, .T. ) ;
#736 = VERTEX_POINT ( 'NONE', #1130 ) ;
#737 = CARTESIAN_POINT ( 'NONE',  ( 29.67999999999980076, -8.620000000000189289, -5.289999999999905889 ) ) ;
#738 = CARTESIAN_POINT ( 'NONE',  ( 17.11000000000000298, -17.98000000000000043, 4.048405430711610187 ) ) ;
#739 = ORIENTED_EDGE ( 'NONE', *, *, #1208, .F. ) ;
#740 = CARTESIAN_POINT ( 'NONE',  ( 25.96342080817002795, -18.60000000000000497, 5.640000000000011227 ) ) ;
#741 = VERTEX_POINT ( 'NONE', #288 ) ;
#742 = LINE ( 'NONE', #881, #563 ) ;
#743 =( BOUNDED_CURVE ( )  B_SPLINE_CURVE ( 3, ( #740, #221, #60, #914 ),
 .UNSPECIFIED., .F., .T. ) 
 B_SPLINE_CURVE_WITH_KNOTS ( ( 4, 4 ),
 ( 4.938697601239185886, 8.080290254828979002 ),
 .UNSPECIFIED. ) 
 CURVE ( )  GEOMETRIC_REPRESENTATION_ITEM ( )  RATIONAL_B_SPLINE_CURVE ( ( 1.000000000000000000, 0.3333333333333333703, 0.3333333333333333703, 1.000000000000000000 ) ) 
 REPRESENTATION_ITEM ( '' )  );
#744 = CARTESIAN_POINT ( 'NONE',  ( 29.53667439963681929, -19.22000000000000242, 6.260000000000016662 ) ) ;
#745 = EDGE_CURVE ( 'NONE', #361, #69, #313, .T. ) ;
#746 = ORIENTED_EDGE ( 'NONE', *, *, #1885, .F. ) ;
#747 = DIRECTION ( 'NONE',  ( 0.000000000000000000, 1.000000000000000000, 0.000000000000000000 ) ) ;
#748 = DIRECTION ( 'NONE',  ( -1.000000000000000000, 0.000000000000000000, 0.000000000000000000 ) ) ;
#749 = ORIENTED_EDGE ( 'NONE', *, *, #417, .T. ) ;
#750 = CARTESIAN_POINT ( 'NONE',  ( 0.000000000000000000, -3.329999999999985860, 0.000000000000000000 ) ) ;
#751 = ORIENTED_EDGE ( 'NONE', *, *, #846, .T. ) ;
#752 = PLANE ( 'NONE',  #1821 ) ;
#753 = PLANE ( 'NONE',  #140 ) ;
#754 = EDGE_LOOP ( 'NONE', ( #1536, #1624, #523, #279 ) ) ;
#755 = LINE ( 'NONE', #633, #1920 ) ;
#756 = EDGE_CURVE ( 'NONE', #994, #1237, #1297, .T. ) ;
#757 = PLANE ( 'NONE',  #723 ) ;
#758 = CARTESIAN_POINT ( 'NONE',  ( 17.10999999999999943, -15.99000000000000199, 0.1000000000000000888 ) ) ;
#759 = DIRECTION ( 'NONE',  ( 0.000000000000000000, 1.000000000000000000, 0.000000000000000000 ) ) ;
#760 = ORIENTED_EDGE ( 'NONE', *, *, #455, .F. ) ;
#761 = VECTOR ( 'NONE', #1616, 100.0000000000000142 ) ;
#762 = FACE_OUTER_BOUND ( 'NONE', #1532, .T. ) ;
#763 = AXIS2_PLACEMENT_3D ( 'NONE', #681, #1626, #6 ) ;
#764 = LINE ( 'NONE', #1562, #522 ) ;
#765 = APPLICATION_CONTEXT ( 'automotive_design' ) ;
#766 = AXIS2_PLACEMENT_3D ( 'NONE', #581, #1242, #86 ) ;
#767 = VECTOR ( 'NONE', #1894, 100.0000000000000000 ) ;
#768 = ORIENTED_EDGE ( 'NONE', *, *, #829, .T. ) ;
#769 = CARTESIAN_POINT ( 'NONE',  ( 29.04597365997205571, -0.5999999999999949818, -6.041618404611488025 ) ) ;
#770 = DIRECTION ( 'NONE',  ( 0.000000000000000000, -0.7071067811865279218, -0.7071067811865671127 ) ) ;
#771 = ORIENTED_EDGE ( 'NONE', *, *, #316, .F. ) ;
#772 = CARTESIAN_POINT ( 'NONE',  ( 30.50566987749120429, -18.60000000000000497, -5.696238971870767998 ) ) ;
#773 = EDGE_CURVE ( 'NONE', #343, #1383, #946, .T. ) ;
#774 = CARTESIAN_POINT ( 'NONE',  ( 27.65153592330489474, -17.97999999999998622, 5.019999999999984475 ) ) ;
#775 = DIRECTION ( 'NONE',  ( 1.000000000000000000, 0.000000000000000000, 0.000000000000000000 ) ) ;
#776 = ORIENTED_EDGE ( 'NONE', *, *, #963, .F. ) ;
#777 = LINE ( 'NONE', #2085, #1647 ) ;
#778 = CARTESIAN_POINT ( 'NONE',  ( 36.09000000000000341, -16.96999999999999886, 0.09999999999999453770 ) ) ;
#779 = EDGE_LOOP ( 'NONE', ( #436, #121, #952, #326 ) ) ;
#780 = CARTESIAN_POINT ( 'NONE',  ( 27.35813891955956123, 0.02000000000002173997, 6.260000000000029985 ) ) ;
#781 = DIRECTION ( 'NONE',  ( 0.000000000000000000, -1.000000000000000000, 0.000000000000000000 ) ) ;
#782 = ORIENTED_EDGE ( 'NONE', *, *, #1856, .T. ) ;
#783 = EDGE_CURVE ( 'NONE', #1908, #1383, #460, .T. ) ;
#784 = LINE ( 'NONE', #1607, #592 ) ;
#785 = ORIENTED_EDGE ( 'NONE', *, *, #1273, .T. ) ;
#786 = CARTESIAN_POINT ( 'NONE',  ( 17.21000000000000085, -1.319999999999998952, 0.000000000000000000 ) ) ;
#787 = PRODUCT_DEFINITION_CONTEXT ( 'detailed design', #1662, 'design' ) ;
#788 = ORIENTED_EDGE ( 'NONE', *, *, #850, .T. ) ;
#789 = DIRECTION ( 'NONE',  ( 0.000000000000000000, 0.000000000000000000, -1.000000000000000000 ) ) ;
#790 = LINE ( 'NONE', #1123, #1515 ) ;
#791 =( GEOMETRIC_REPRESENTATION_CONTEXT ( 3 ) GLOBAL_UNCERTAINTY_ASSIGNED_CONTEXT ( ( #882 ) ) GLOBAL_UNIT_ASSIGNED_CONTEXT ( ( #982, #1613, #2112 ) ) REPRESENTATION_CONTEXT ( 'NONE', 'WORKASPACE' ) );
#792 = DIRECTION ( 'NONE',  ( 0.000000000000000000, -1.000000000000000000, 0.000000000000000000 ) ) ;
#793 = ADVANCED_FACE ( 'NONE', ( #296 ), #276, .F. ) ;
#794 = VECTOR ( 'NONE', #1891, 100.0000000000000142 ) ;
#795 = ORIENTED_EDGE ( 'NONE', *, *, #1786, .T. ) ;
#796 = ADVANCED_FACE ( 'NONE', ( #1456 ), #646, .T. ) ;
#797 = AXIS2_PLACEMENT_3D ( 'NONE', #1255, #420, #1264 ) ;
#798 = CARTESIAN_POINT ( 'NONE',  ( 19.63228350032719405, -17.23499999999997101, 4.318937641328306043 ) ) ;
#799 = AXIS2_PLACEMENT_3D ( 'NONE', #1615, #149, #810 ) ;
#800 = CARTESIAN_POINT ( 'NONE',  ( 0.000000000000000000, 0.000000000000000000, 0.000000000000000000 ) ) ;
#801 = CARTESIAN_POINT ( 'NONE',  ( 37.07000000000000028, -16.96999999999999886, 12.63499999999999979 ) ) ;
#802 = CARTESIAN_POINT ( 'NONE',  ( 0.000000000000000000, -1.219999999999998863, 0.3747477419454632308 ) ) ;
#803 = CARTESIAN_POINT ( 'NONE',  ( 23.31333333333289914, -4.213333333332905717, -11.65666666666644957 ) ) ;
#804 = ADVANCED_FACE ( 'NONE', ( #1034, #1 ), #1840, .F. ) ;
#805 = EDGE_LOOP ( 'NONE', ( #2018, #1310, #1073, #232 ) ) ;
#806 = CARTESIAN_POINT ( 'NONE',  ( 34.49199099467208640, -1.964999999999972324, 7.834900266628827659 ) ) ;
#807 = EDGE_CURVE ( 'NONE', #1590, #1175, #496, .T. ) ;
#808 = APPLICATION_PROTOCOL_DEFINITION ( 'draft international standard', 'automotive_design', 1998, #765 ) ;
#809 = VERTEX_POINT ( 'NONE', #1171 ) ;
#810 = DIRECTION ( 'NONE',  ( 0.2302529551604794444, 0.000000000000000000, -0.9731308116794299412 ) ) ;
#811 = ORIENTED_EDGE ( 'NONE', *, *, #1100, .F. ) ;
#812 = FACE_OUTER_BOUND ( 'NONE', #779, .T. ) ;
#813 = FACE_OUTER_BOUND ( 'NONE', #1039, .T. ) ;
#814 = ORIENTED_EDGE ( 'NONE', *, *, #1224, .T. ) ;
#815 = DIRECTION ( 'NONE',  ( 0.2302529551604794444, 0.000000000000000000, -0.9731308116794300522 ) ) ;
#816 = CARTESIAN_POINT ( 'NONE',  ( 29.53667439963681929, 0.02000000000000369538, 6.260000000000013998 ) ) ;
#817 = EDGE_LOOP ( 'NONE', ( #1734, #1729, #1764, #1299 ) ) ;
#818 = ORIENTED_EDGE ( 'NONE', *, *, #573, .T. ) ;
#819 = LINE ( 'NONE', #669, #1044 ) ;
#820 = LINE ( 'NONE', #1163, #1685 ) ;
#821 = FACE_OUTER_BOUND ( 'NONE', #532, .T. ) ;
#822 = ORIENTED_EDGE ( 'NONE', *, *, #902, .F. ) ;
#823 = DIRECTION ( 'NONE',  ( -1.000000000000000000, 0.000000000000000000, 0.000000000000000000 ) ) ;
#824 = AXIS2_PLACEMENT_3D ( 'NONE', #1158, #1148, #1791 ) ;
#825 = VECTOR ( 'NONE', #2077, 100.0000000000000142 ) ;
#826 = AXIS2_PLACEMENT_3D ( 'NONE', #661, #1319, #1964 ) ;
#827 = LINE ( 'NONE', #340, #448 ) ;
#828 = AXIS2_PLACEMENT_3D ( 'NONE', #616, #1782, #445 ) ;
#829 = EDGE_CURVE ( 'NONE', #1195, #668, #2026, .T. ) ;
#830 =( BOUNDED_CURVE ( )  B_SPLINE_CURVE ( 3, ( #1935, #934, #774, #1447 ),
 .UNSPECIFIED., .F., .T. ) 
 B_SPLINE_CURVE_WITH_KNOTS ( ( 4, 4 ),
 ( 1.797104947649392326, 4.938697601239185886 ),
 .UNSPECIFIED. ) 
 CURVE ( )  GEOMETRIC_REPRESENTATION_ITEM ( )  RATIONAL_B_SPLINE_CURVE ( ( 1.000000000000000000, 0.3333333333333332038, 0.3333333333333332038, 1.000000000000000000 ) ) 
 REPRESENTATION_ITEM ( '' )  );
#831 = ORIENTED_EDGE ( 'NONE', *, *, #1386, .T. ) ;
#832 = VECTOR ( 'NONE', #635, 100.0000000000000000 ) ;
#833 = CARTESIAN_POINT ( 'NONE',  ( 29.07172970801424938, -18.60000000000000142, 6.878676120988018283 ) ) ;
#834 = ORIENTED_EDGE ( 'NONE', *, *, #295, .T. ) ;
#835 = EDGE_CURVE ( 'NONE', #538, #311, #667, .T. ) ;
#836 = CARTESIAN_POINT ( 'NONE',  ( 26.15233727297595578, -18.60000000000000497, 6.187917255506579117 ) ) ;
#837 = CARTESIAN_POINT ( 'NONE',  ( 17.21000000000000441, -17.88000000000000256, -9.205366787092825221E-16 ) ) ;
#838 = ORIENTED_EDGE ( 'NONE', *, *, #1905, .T. ) ;
#839 = CARTESIAN_POINT ( 'NONE',  ( 0.000000000000000000, -16.90499999999999403, 0.000000000000000000 ) ) ;
#840 = ORIENTED_EDGE ( 'NONE', *, *, #282, .F. ) ;
#841 = ORIENTED_EDGE ( 'NONE', *, *, #1668, .F. ) ;
#842 = CARTESIAN_POINT ( 'NONE',  ( 0.000000000000000000, -15.99000000000000199, 0.000000000000000000 ) ) ;
#843 = ORIENTED_EDGE ( 'NONE', *, *, #862, .F. ) ;
#844 = PLANE ( 'NONE',  #1309 ) ;
#845 = DIRECTION ( 'NONE',  ( 0.000000000000000000, -0.9396926207859087610, 0.3420201433256678802 ) ) ;
#846 = EDGE_CURVE ( 'NONE', #305, #69, #995, .T. ) ;
#847 = CARTESIAN_POINT ( 'NONE',  ( 17.20999999999999730, -3.109999999999987885, 0.000000000000000000 ) ) ;
#848 = ORIENTED_EDGE ( 'NONE', *, *, #1010, .T. ) ;
#849 = DIRECTION ( 'NONE',  ( 1.000000000000000000, 0.000000000000000000, 0.000000000000000000 ) ) ;
#850 = EDGE_CURVE ( 'NONE', #1387, #253, #25, .T. ) ;
#851 = ORIENTED_EDGE ( 'NONE', *, *, #862, .T. ) ;
#852 = ORIENTED_EDGE ( 'NONE', *, *, #318, .T. ) ;
#853 = CARTESIAN_POINT ( 'NONE',  ( 35.07000000000000028, -15.97000000000000064, 12.63499999999999979 ) ) ;
#854 = ORIENTED_EDGE ( 'NONE', *, *, #1015, .F. ) ;
#855 = DIRECTION ( 'NONE',  ( -0.9731308116794299412, 0.000000000000000000, -0.2302529551604793612 ) ) ;
#856 = DIRECTION ( 'NONE',  ( -0.000000000000000000, 0.7071067811865436870, 0.7071067811865513475 ) ) ;
#857 = EDGE_CURVE ( 'NONE', #710, #238, #371, .T. ) ;
#858 = CARTESIAN_POINT ( 'NONE',  ( 37.07000000000000028, -19.19999999999999929, 8.771150749063668428 ) ) ;
#859 = EDGE_LOOP ( 'NONE', ( #321, #851, #1210, #2012, #530, #1206, #1357 ) ) ;
#860 = CARTESIAN_POINT ( 'NONE',  ( 17.10999999999997456, -19.20000000000002416, 4.048405430711603969 ) ) ;
#861 = VECTOR ( 'NONE', #1546, 100.0000000000000142 ) ;
#862 = EDGE_CURVE ( 'NONE', #614, #238, #1502, .T. ) ;
#863 = EDGE_LOOP ( 'NONE', ( #782, #1835, #822, #788 ) ) ;
#864 = DIRECTION ( 'NONE',  ( 0.000000000000000000, 0.000000000000000000, -1.000000000000000000 ) ) ;
#865 = VECTOR ( 'NONE', #1584, 100.0000000000000000 ) ;
#866 = VERTEX_POINT ( 'NONE', #1652 ) ;
#867 = DIRECTION ( 'NONE',  ( -0.2302529551604794444, 0.000000000000000000, 0.9731308116794300522 ) ) ;
#868 = VECTOR ( 'NONE', #1231, 100.0000000000000000 ) ;
#869 = ORIENTED_EDGE ( 'NONE', *, *, #745, .F. ) ;
#870 = VECTOR ( 'NONE', #705, 100.0000000000000000 ) ;
#871 = CARTESIAN_POINT ( 'NONE',  ( 26.60053967498508598, -0.5999999999999949818, 5.640000000000008562 ) ) ;
#872 = CARTESIAN_POINT ( 'NONE',  ( 34.17085782681789397, -2.294999999999990159, 7.758916791425877868 ) ) ;
#873 = EDGE_LOOP ( 'NONE', ( #359, #327, #715, #1893 ) ) ;
#874 = DIRECTION ( 'NONE',  ( 0.000000000000000000, 0.000000000000000000, 1.000000000000000000 ) ) ;
#875 = ADVANCED_FACE ( 'NONE', ( #1793, #14, #332, #657 ), #1464, .F. ) ;
#876 = VERTEX_POINT ( 'NONE', #1972 ) ;
#877 = LINE ( 'NONE', #1861, #1285 ) ;
#878 = EDGE_CURVE ( 'NONE', #1060, #1981, #184, .T. ) ;
#879 = ORIENTED_EDGE ( 'NONE', *, *, #346, .T. ) ;
#880 = ORIENTED_EDGE ( 'NONE', *, *, #1611, .T. ) ;
#881 = CARTESIAN_POINT ( 'NONE',  ( 19.91333333333332334, -17.79333333333334721, -0.7033333333333474657 ) ) ;
#882 = UNCERTAINTY_MEASURE_WITH_UNIT (LENGTH_MEASURE( 1.000000000000000082E-05 ), #982, 'distance_accuracy_value', 'NONE');
#883 = CARTESIAN_POINT ( 'NONE',  ( 27.61203349049510081, -18.60000000000000497, 6.533296688247299144 ) ) ;
#884 = DIRECTION ( 'NONE',  ( -1.000000000000000000, 0.000000000000000000, 0.000000000000000000 ) ) ;
#885 = ORIENTED_EDGE ( 'NONE', *, *, #18, .F. ) ;
#886 = FACE_OUTER_BOUND ( 'NONE', #240, .T. ) ;
#887 = ORIENTED_EDGE ( 'NONE', *, *, #1139, .F. ) ;
#888 = EDGE_CURVE ( 'NONE', #2014, #1149, #158, .T. ) ;
#889 = DIRECTION ( 'NONE',  ( -0.9731308116794301633, 0.000000000000000000, -0.2302529551604785840 ) ) ;
#890 = ORIENTED_EDGE ( 'NONE', *, *, #270, .F. ) ;
#891 = EDGE_CURVE ( 'NONE', #220, #1914, #1961, .T. ) ;
#892 = PLANE ( 'NONE',  #1379 ) ;
#893 = CARTESIAN_POINT ( 'NONE',  ( 36.09000000000000341, -2.229999999999987548, 0.09999999999999456546 ) ) ;
#894 = VERTEX_POINT ( 'NONE', #1349 ) ;
#895 = CARTESIAN_POINT ( 'NONE',  ( 29.37340025963487378, -18.60000000000000142, 6.950054537087768658 ) ) ;
#896 = VECTOR ( 'NONE', #748, 100.0000000000000000 ) ;
#897 = DIRECTION ( 'NONE',  ( 0.000000000000000000, 0.000000000000000000, 1.000000000000000000 ) ) ;
#898 = EDGE_LOOP ( 'NONE', ( #1528, #834, #1501, #880 ) ) ;
#899 = LINE ( 'NONE', #83, #907 ) ;
#900 = VECTOR ( 'NONE', #1405, 100.0000000000000000 ) ;
#901 = ORIENTED_EDGE ( 'NONE', *, *, #1167, .F. ) ;
#902 = EDGE_CURVE ( 'NONE', #1387, #913, #1316, .T. ) ;
#903 = AXIS2_PLACEMENT_3D ( 'NONE', #1211, #267, #431 ) ;
#904 = AXIS2_PLACEMENT_3D ( 'NONE', #1538, #1866, #1385 ) ;
#905 = CARTESIAN_POINT ( 'NONE',  ( 37.07000000000000739, -16.96999999999999886, 8.771150749063673757 ) ) ;
#906 = EDGE_CURVE ( 'NONE', #1569, #1175, #984, .T. ) ;
#907 = VECTOR ( 'NONE', #1074, 100.0000000000000142 ) ;
#908 = LINE ( 'NONE', #893, #1987 ) ;
#909 = AXIS2_PLACEMENT_3D ( 'NONE', #301, #1409, #974 ) ;
#910 = ORIENTED_EDGE ( 'NONE', *, *, #1965, .T. ) ;
#911 = PLANE ( 'NONE',  #1717 ) ;
#912 = DIRECTION ( 'NONE',  ( 0.000000000000000000, 1.000000000000000000, 0.000000000000000000 ) ) ;
#913 = VERTEX_POINT ( 'NONE', #1625 ) ;
#914 = CARTESIAN_POINT ( 'NONE',  ( 26.60053967498508598, -18.60000000000000497, 5.640000000000011227 ) ) ;
#915 = ORIENTED_EDGE ( 'NONE', *, *, #906, .T. ) ;
#916 = CARTESIAN_POINT ( 'NONE',  ( 18.24666666666666615, -17.12666666666665094, -1.036666666666651082 ) ) ;
#917 = CARTESIAN_POINT ( 'NONE',  ( 36.09000000000000341, -16.86999999999999744, 0.000000000000000000 ) ) ;
#918 = EDGE_CURVE ( 'NONE', #741, #190, #534, .T. ) ;
#919 = ORIENTED_EDGE ( 'NONE', *, *, #1346, .F. ) ;
#920 = CYLINDRICAL_SURFACE ( 'NONE', #1376, 0.3100000000000019962 ) ;
#921 = CARTESIAN_POINT ( 'NONE',  ( 29.27661565774667807, -0.6000000000000005329, 4.666409919193522882 ) ) ;
#922 = LINE ( 'NONE', #2007, #733 ) ;
#923 = EDGE_LOOP ( 'NONE', ( #1798, #1547, #1572, #712 ) ) ;
#924 = DIRECTION ( 'NONE',  ( 0.000000000000000000, 1.000000000000000000, 0.000000000000000000 ) ) ;
#925 = DIRECTION ( 'NONE',  ( 0.000000000000000000, -0.7071067811865436870, 0.7071067811865513475 ) ) ;
#926 = EDGE_CURVE ( 'NONE', #1315, #2031, #1182, .T. ) ;
#927 = ORIENTED_EDGE ( 'NONE', *, *, #1856, .F. ) ;
#928 = DIRECTION ( 'NONE',  ( 1.394752543498940254E-15, -1.000000000000000000, 0.000000000000000000 ) ) ;
#929 = EDGE_CURVE ( 'NONE', #1724, #368, #382, .T. ) ;
#930 = DIRECTION ( 'NONE',  ( 0.000000000000000000, -1.000000000000000000, 0.000000000000000000 ) ) ;
#931 = EDGE_LOOP ( 'NONE', ( #818, #1846, #1000, #1928 ) ) ;
#932 = VECTOR ( 'NONE', #1800, 100.0000000000000000 ) ;
#933 = CARTESIAN_POINT ( 'NONE',  ( 27.99525778637461215, 0.02000000000002190997, 6.260000000000029985 ) ) ;
#934 = CARTESIAN_POINT ( 'NONE',  ( 28.28865479011995632, -17.97999999999998622, 5.019999999999984475 ) ) ;
#935 = VECTOR ( 'NONE', #1695, 100.0000000000000000 ) ;
#936 = DIRECTION ( 'NONE',  ( 0.000000000000000000, 0.7071067811865513475, 0.7071067811865436870 ) ) ;
#937 = VECTOR ( 'NONE', #376, 100.0000000000000000 ) ;
#938 = AXIS2_PLACEMENT_3D ( 'NONE', #1830, #1325, #1635 ) ;
#939 = ORIENTED_EDGE ( 'NONE', *, *, #857, .T. ) ;
#940 = DIRECTION ( 'NONE',  ( -0.2302529551604794722, 0.000000000000000000, 0.9731308116794300522 ) ) ;
#941 = EDGE_CURVE ( 'NONE', #736, #622, #1046, .T. ) ;
#942 = CARTESIAN_POINT ( 'NONE',  ( 36.18999999999999773, -19.19999999999999929, 0.000000000000000000 ) ) ;
#943 = EDGE_LOOP ( 'NONE', ( #1192, #1031, #831, #987 ) ) ;
#944 = CARTESIAN_POINT ( 'NONE',  ( 19.63228350032719405, -1.964999999999972324, 4.318937641328306043 ) ) ;
#945 = EDGE_CURVE ( 'NONE', #2087, #1317, #1527, .T. ) ;
#946 = LINE ( 'NONE', #2092, #1475 ) ;
#947 = CARTESIAN_POINT ( 'NONE',  ( 29.57828620936730601, -0.6000000000000005329, 4.737788335293272368 ) ) ;
#948 = ORIENTED_EDGE ( 'NONE', *, *, #1853, .T. ) ;
#949 = DIRECTION ( 'NONE',  ( -0.7071067811865437980, -9.862389815852804925E-16, -0.7071067811865514585 ) ) ;
#950 = DIRECTION ( 'NONE',  ( 0.5773502691896361672, -0.5773502691896371664, -0.5773502691896039707 ) ) ;
#951 = PRODUCT_DEFINITION ( 'UNKNOWN', '', #446, #787 ) ;
#952 = ORIENTED_EDGE ( 'NONE', *, *, #993, .F. ) ;
#953 = DIRECTION ( 'NONE',  ( -0.2302529551604794722, 0.000000000000000000, 0.9731308116794300522 ) ) ;
#954 = EDGE_CURVE ( 'NONE', #1459, #728, #743, .T. ) ;
#955 = LINE ( 'NONE', #1603, #456 ) ;
#956 = CARTESIAN_POINT ( 'NONE',  ( 29.19295253656709122, -1.220000000000003970, 5.019999999999991580 ) ) ;
#957 = ORIENTED_EDGE ( 'NONE', *, *, #346, .F. ) ;
#958 = CARTESIAN_POINT ( 'NONE',  ( 29.68337290150947894, -0.6000000000000005329, 5.640000000000002345 ) ) ;
#959 =( BOUNDED_CURVE ( )  B_SPLINE_CURVE ( 3, ( #1957, #493, #1364, #1857 ),
 .UNSPECIFIED., .F., .T. ) 
 B_SPLINE_CURVE_WITH_KNOTS ( ( 4, 4 ),
 ( 1.797104947649392326, 4.938697601239184998 ),
 .UNSPECIFIED. ) 
 CURVE ( )  GEOMETRIC_REPRESENTATION_ITEM ( )  RATIONAL_B_SPLINE_CURVE ( ( 1.000000000000000000, 0.3333333333333335369, 0.3333333333333335369, 1.000000000000000000 ) ) 
 REPRESENTATION_ITEM ( '' )  );
#960 = CARTESIAN_POINT ( 'NONE',  ( 24.12666666666625659, 9.733333333333781923, 12.06333333333307856 ) ) ;
#961 = DIRECTION ( 'NONE',  ( 0.7071067811865671127, 0.000000000000000000, 0.7071067811865279218 ) ) ;
#962 = DIRECTION ( 'NONE',  ( 1.000000000000000000, 0.000000000000000000, 8.673617379884035472E-17 ) ) ;
#963 = EDGE_CURVE ( 'NONE', #1064, #809, #922, .T. ) ;
#964 = ORIENTED_EDGE ( 'NONE', *, *, #1156, .T. ) ;
#965 = VECTOR ( 'NONE', #897, 100.0000000000000000 ) ;
#966 = DIRECTION ( 'NONE',  ( -1.000000000000000000, 0.000000000000000000, 0.000000000000000000 ) ) ;
#967 = EDGE_CURVE ( 'NONE', #809, #894, #1926, .T. ) ;
#968 = COLOUR_RGB ( '',0.7921568627450980005, 0.8196078431372548767, 0.9333333333333333481 ) ;
#969 = VECTOR ( 'NONE', #662, 100.0000000000000000 ) ;
#970 = VERTEX_POINT ( 'NONE', #586 ) ;
#971 = VECTOR ( 'NONE', #856, 100.0000000000000000 ) ;
#972 = DIRECTION ( 'NONE',  ( -1.000000000000000000, 0.000000000000000000, 0.000000000000000000 ) ) ;
#973 = CARTESIAN_POINT ( 'NONE',  ( 36.09000000000000341, -3.229999999999985771, 12.63499999999999979 ) ) ;
#974 = DIRECTION ( 'NONE',  ( 1.000000000000000000, 0.000000000000000000, 0.000000000000000000 ) ) ;
#975 = VERTEX_POINT ( 'NONE', #230 ) ;
#976 = CARTESIAN_POINT ( 'NONE',  ( 0.000000000000000000, -17.98000000000000043, 0.3747477419454632308 ) ) ;
#977 = ORIENTED_EDGE ( 'NONE', *, *, #169, .F. ) ;
#978 = CARTESIAN_POINT ( 'NONE',  ( 29.87995676098793041, -0.6000000000000005329, 4.809166751393020967 ) ) ;
#979 = DIRECTION ( 'NONE',  ( -0.9731308116794299412, -0.000000000000000000, -0.2302529551604793612 ) ) ;
#980 = ORIENTED_EDGE ( 'NONE', *, *, #1463, .T. ) ;
#981 = CARTESIAN_POINT ( 'NONE',  ( 34.17085782681789397, -16.90499999999999403, 7.758916791425877868 ) ) ;
#982 =( LENGTH_UNIT ( ) NAMED_UNIT ( * ) SI_UNIT ( .CENTI., .METRE. ) );
#983 = ORIENTED_EDGE ( 'NONE', *, *, #1699, .F. ) ;
#984 = LINE ( 'NONE', #195, #8 ) ;
#985 = LINE ( 'NONE', #1318, #1178 ) ;
#986 = DIRECTION ( 'NONE',  ( -0.2302529551604794444, 0.000000000000000000, 0.9731308116794300522 ) ) ;
#987 = ORIENTED_EDGE ( 'NONE', *, *, #1358, .F. ) ;
#988 = ORIENTED_EDGE ( 'NONE', *, *, #929, .F. ) ;
#989 = DIRECTION ( 'NONE',  ( -0.9731308116794300522, 0.000000000000000000, -0.2302529551604788061 ) ) ;
#990 = EDGE_CURVE ( 'NONE', #544, #1408, #1711, .T. ) ;
#991 = DIRECTION ( 'NONE',  ( 0.000000000000000000, -1.000000000000000000, 0.000000000000000000 ) ) ;
#992 = DIRECTION ( 'NONE',  ( 0.000000000000000000, -1.000000000000000000, 0.000000000000000000 ) ) ;
#993 = EDGE_CURVE ( 'NONE', #1237, #1431, #2017, .T. ) ;
#994 = VERTEX_POINT ( 'NONE', #1217 ) ;
#995 = LINE ( 'NONE', #1160, #1008 ) ;
#996 = VERTEX_POINT ( 'NONE', #1359 ) ;
#997 = CARTESIAN_POINT ( 'NONE',  ( 0.000000000000000000, -1.319999999999998952, 0.000000000000000000 ) ) ;
#998 = LINE ( 'NONE', #697, #1756 ) ;
#999 = DIRECTION ( 'NONE',  ( -0.2302529551604794444, 0.000000000000000000, 0.9731308116794300522 ) ) ;
#1000 = ORIENTED_EDGE ( 'NONE', *, *, #2035, .F. ) ;
#1001 = DIRECTION ( 'NONE',  ( 0.000000000000000000, 1.000000000000000000, 0.000000000000000000 ) ) ;
#1002 = VECTOR ( 'NONE', #1203, 100.0000000000000000 ) ;
#1003 = AXIS2_PLACEMENT_3D ( 'NONE', #1471, #605, #9 ) ;
#1004 = VECTOR ( 'NONE', #1201, 100.0000000000000142 ) ;
#1005 = VECTOR ( 'NONE', #233, 100.0000000000000000 ) ;
#1006 = ORIENTED_EDGE ( 'NONE', *, *, #293, .F. ) ;
#1007 = DIRECTION ( 'NONE',  ( -0.9731308116794299412, 0.000000000000000000, -0.2302529551604793334 ) ) ;
#1008 = VECTOR ( 'NONE', #1335, 100.0000000000000000 ) ;
#1009 = VERTEX_POINT ( 'NONE', #1864 ) ;
#1010 = EDGE_CURVE ( 'NONE', #2003, #1908, #1205, .T. ) ;
#1011 = VECTOR ( 'NONE', #1993, 100.0000000000000000 ) ;
#1012 = DIRECTION ( 'NONE',  ( -0.9731308116794300522, 0.000000000000000000, -0.2302529551604788061 ) ) ;
#1013 = ORIENTED_EDGE ( 'NONE', *, *, #1618, .F. ) ;
#1014 = CARTESIAN_POINT ( 'NONE',  ( 25.81672230629736120, 0.02000000000001974157, 6.260000000000028209 ) ) ;
#1015 = EDGE_CURVE ( 'NONE', #2031, #1315, #287, .T. ) ;
#1016 = CARTESIAN_POINT ( 'NONE',  ( 19.95341666818142201, -16.90499999999999403, 4.394921116531270044 ) ) ;
#1017 = PLANE ( 'NONE',  #449 ) ;
#1018 = ORIENTED_EDGE ( 'NONE', *, *, #1103, .F. ) ;
#1019 = LINE ( 'NONE', #503, #623 ) ;
#1020 = ORIENTED_EDGE ( 'NONE', *, *, #1775, .T. ) ;
#1021 = ORIENTED_EDGE ( 'NONE', *, *, #945, .F. ) ;
#1022 = CARTESIAN_POINT ( 'NONE',  ( 17.10999999999999943, -15.99000000000000199, 12.63499999999999979 ) ) ;
#1023 = VERTEX_POINT ( 'NONE', #1535 ) ;
#1024 = EDGE_CURVE ( 'NONE', #1023, #568, #1733, .T. ) ;
#1025 = CARTESIAN_POINT ( 'NONE',  ( 19.55917818706374334, -1.964999999999972324, 4.627906674036525558 ) ) ;
#1026 = CARTESIAN_POINT ( 'NONE',  ( 26.74723817685775273, -1.220000000000011964, 5.019999999999981810 ) ) ;
#1027 = EDGE_CURVE ( 'NONE', #1383, #614, #1875, .T. ) ;
#1028 = DIRECTION ( 'NONE',  ( -1.000000000000000000, -1.394752543498940254E-15, 0.000000000000000000 ) ) ;
#1029 = VERTEX_POINT ( 'NONE', #1382 ) ;
#1030 = CARTESIAN_POINT ( 'NONE',  ( 18.09000000000000696, -16.98999999999999844, 4.280283707865171650 ) ) ;
#1031 = ORIENTED_EDGE ( 'NONE', *, *, #1727, .F. ) ;
#1032 = DIRECTION ( 'NONE',  ( 0.000000000000000000, -1.000000000000000000, 0.000000000000000000 ) ) ;
#1033 = ORIENTED_EDGE ( 'NONE', *, *, #1066, .F. ) ;
#1034 = FACE_OUTER_BOUND ( 'NONE', #898, .T. ) ;
#1035 = ORIENTED_EDGE ( 'NONE', *, *, #303, .F. ) ;
#1036 = CARTESIAN_POINT ( 'NONE',  ( 27.50483742143222798, -0.5999999999999949818, 5.640000000000007674 ) ) ;
#1037 = EDGE_CURVE ( 'NONE', #1569, #343, #406, .T. ) ;
#1038 = DIRECTION ( 'NONE',  ( -0.9483172516123353768, -0.2243818066314930415, -0.2243818066314954562 ) ) ;
#1039 = EDGE_LOOP ( 'NONE', ( #785, #1732, #840, #1056 ) ) ;
#1040 = EDGE_CURVE ( 'NONE', #1960, #1694, #899, .T. ) ;
#1041 = LINE ( 'NONE', #860, #935 ) ;
#1042 = ORIENTED_EDGE ( 'NONE', *, *, #902, .T. ) ;
#1043 = LINE ( 'NONE', #219, #794 ) ;
#1044 = VECTOR ( 'NONE', #1327, 100.0000000000000000 ) ;
#1045 = ORIENTED_EDGE ( 'NONE', *, *, #1696, .F. ) ;
#1046 = LINE ( 'NONE', #1690, #524 ) ;
#1047 = ORIENTED_EDGE ( 'NONE', *, *, #1786, .F. ) ;
#1048 = VECTOR ( 'NONE', #1108, 100.0000000000000142 ) ;
#1049 = PLANE ( 'NONE',  #904 ) ;
#1050 = CARTESIAN_POINT ( 'NONE',  ( 37.07000000000000028, -2.229999999999984883, 8.771150749063668428 ) ) ;
#1051 = ORIENTED_EDGE ( 'NONE', *, *, #878, .T. ) ;
#1052 = PLANE ( 'NONE',  #1411 ) ;
#1053 = EDGE_CURVE ( 'NONE', #1107, #1644, #1415, .T. ) ;
#1054 = ORIENTED_EDGE ( 'NONE', *, *, #559, .F. ) ;
#1055 = PLANE ( 'NONE',  #1985 ) ;
#1056 = ORIENTED_EDGE ( 'NONE', *, *, #1968, .F. ) ;
#1057 = DIRECTION ( 'NONE',  ( -0.2302529551604794444, 0.000000000000000000, 0.9731308116794299412 ) ) ;
#1058 = EDGE_LOOP ( 'NONE', ( #1681, #103, #901, #127 ) ) ;
#1059 = FACE_OUTER_BOUND ( 'NONE', #394, .T. ) ;
#1060 = VERTEX_POINT ( 'NONE', #1238 ) ;
#1061 = CARTESIAN_POINT ( 'NONE',  ( 36.18999999999999773, -19.19999999999999929, 0.000000000000000000 ) ) ;
#1062 = ADVANCED_FACE ( 'NONE', ( #92 ), #415, .T. ) ;
#1063 = LINE ( 'NONE', #1708, #965 ) ;
#1064 = VERTEX_POINT ( 'NONE', #264 ) ;
#1065 = CARTESIAN_POINT ( 'NONE',  ( 35.07000000000000028, -17.98000000000000043, 5.020000000000000462 ) ) ;
#1066 = EDGE_CURVE ( 'NONE', #428, #994, #1568, .T. ) ;
#1067 = ORIENTED_EDGE ( 'NONE', *, *, #295, .F. ) ;
#1068 = CARTESIAN_POINT ( 'NONE',  ( 34.49199099467208640, -17.23499999999997101, 7.834900266628825882 ) ) ;
#1069 = CARTESIAN_POINT ( 'NONE',  ( 19.11000000000000298, -19.19999999999999929, 4.521626404494382356 ) ) ;
#1070 = ORIENTED_EDGE ( 'NONE', *, *, #282, .T. ) ;
#1071 = DIRECTION ( 'NONE',  ( 1.000000000000000000, 0.000000000000000000, 0.000000000000000000 ) ) ;
#1072 = CARTESIAN_POINT ( 'NONE',  ( 0.000000000000000000, -17.88000000000000256, 0.1000000000000000056 ) ) ;
#1073 = ORIENTED_EDGE ( 'NONE', *, *, #1451, .F. ) ;
#1074 = DIRECTION ( 'NONE',  ( -0.2302529551604794444, 0.000000000000000000, 0.9731308116794299412 ) ) ;
#1075 = VECTOR ( 'NONE', #1135, 100.0000000000000000 ) ;
#1076 = ORIENTED_EDGE ( 'NONE', *, *, #807, .F. ) ;
#1077 = VECTOR ( 'NONE', #1154, 100.0000000000000142 ) ;
#1078 = ADVANCED_FACE ( 'NONE', ( #275 ), #1437, .F. ) ;
#1079 = AXIS2_PLACEMENT_3D ( 'NONE', #1966, #1530, #1520 ) ;
#1080 = CARTESIAN_POINT ( 'NONE',  ( 35.07000000000000028, -15.97000000000000064, 12.63499999999999979 ) ) ;
#1081 = AXIS2_PLACEMENT_3D ( 'NONE', #750, #1400, #1087 ) ;
#1082 = LINE ( 'NONE', #1868, #1281 ) ;
#1083 = ORIENTED_EDGE ( 'NONE', *, *, #325, .F. ) ;
#1084 = CARTESIAN_POINT ( 'NONE',  ( 17.11000000000000654, -19.19999999999997442, 4.048405430711611963 ) ) ;
#1085 = DIRECTION ( 'NONE',  ( 1.000000000000000000, 0.000000000000000000, 0.000000000000000000 ) ) ;
#1086 = CARTESIAN_POINT ( 'NONE',  ( 0.000000000000000000, 0.000000000000000000, 0.000000000000000000 ) ) ;
#1087 = DIRECTION ( 'NONE',  ( -1.000000000000000000, 0.000000000000000000, 0.000000000000000000 ) ) ;
#1088 = ORIENTED_EDGE ( 'NONE', *, *, #1950, .F. ) ;
#1089 = CARTESIAN_POINT ( 'NONE',  ( 30.50566987749120429, -0.5999999999999949818, -5.696238971870767998 ) ) ;
#1090 = FACE_OUTER_BOUND ( 'NONE', #1742, .T. ) ;
#1091 = EDGE_CURVE ( 'NONE', #497, #614, #1772, .T. ) ;
#1092 = FACE_BOUND ( 'NONE', #585, .T. ) ;
#1093 = ADVANCED_FACE ( 'NONE', ( #1277 ), #1781, .F. ) ;
#1094 = ORIENTED_EDGE ( 'NONE', *, *, #186, .T. ) ;
#1095 = DIRECTION ( 'NONE',  ( 1.000000000000000000, 0.000000000000000000, 0.000000000000000000 ) ) ;
#1096 = CARTESIAN_POINT ( 'NONE',  ( 17.99000000000000199, -3.109999999999987885, 0.000000000000000000 ) ) ;
#1097 = VERTEX_POINT ( 'NONE', #444 ) ;
#1098 = CARTESIAN_POINT ( 'NONE',  ( 25.85066672135532428, -18.60000000000000497, 6.116538839406828743 ) ) ;
#1099 = CARTESIAN_POINT ( 'NONE',  ( 36.18999999999999773, -15.97000000000000064, 0.000000000000000000 ) ) ;
#1100 = EDGE_CURVE ( 'NONE', #1149, #1175, #1934, .T. ) ;
#1101 = DIRECTION ( 'NONE',  ( -0.2302529551604794444, 0.000000000000000000, 0.9731308116794299412 ) ) ;
#1102 = PRODUCT_DEFINITION_SHAPE ( 'NONE', 'NONE',  #951 ) ;
#1103 = EDGE_CURVE ( 'NONE', #1769, #311, #1912, .T. ) ;
#1104 = ORIENTED_EDGE ( 'NONE', *, *, #636, .T. ) ;
#1105 = DIRECTION ( 'NONE',  ( 0.000000000000000000, -1.000000000000000000, 0.000000000000000000 ) ) ;
#1106 = CARTESIAN_POINT ( 'NONE',  ( 27.50483742143222798, -0.5999999999999949818, 5.640000000000007674 ) ) ;
#1107 = VERTEX_POINT ( 'NONE', #1421 ) ;
#1108 = DIRECTION ( 'NONE',  ( 0.9483172516123353768, -0.2243818066314930415, 0.2243818066314954562 ) ) ;
#1109 = CARTESIAN_POINT ( 'NONE',  ( -4.777924088118937225E-14, -2.330000000000090221, 0.000000000000000000 ) ) ;
#1110 =( GEOMETRIC_REPRESENTATION_CONTEXT ( 3 ) GLOBAL_UNCERTAINTY_ASSIGNED_CONTEXT ( ( #478 ) ) GLOBAL_UNIT_ASSIGNED_CONTEXT ( ( #193, #516, #1838 ) ) REPRESENTATION_CONTEXT ( 'NONE', 'WORKASPACE' ) );
#1111 = VECTOR ( 'NONE', #855, 100.0000000000000142 ) ;
#1112 = CIRCLE ( 'NONE', #1545, 0.3100000000000077138 ) ;
#1113 = CARTESIAN_POINT ( 'NONE',  ( 34.49199099467208640, -17.23499999999997101, 7.834900266628825882 ) ) ;
#1114 = VECTOR ( 'NONE', #124, 100.0000000000000000 ) ;
#1115 = VECTOR ( 'NONE', #411, 100.0000000000000000 ) ;
#1116 = ORIENTED_EDGE ( 'NONE', *, *, #165, .T. ) ;
#1117 = LINE ( 'NONE', #1274, #1542 ) ;
#1118 =( BOUNDED_CURVE ( )  B_SPLINE_CURVE ( 3, ( #1999, #1843, #1852, #1036 ),
 .UNSPECIFIED., .F., .T. ) 
 B_SPLINE_CURVE_WITH_KNOTS ( ( 4, 4 ),
 ( 1.797104947649392326, 4.938697601239184998 ),
 .UNSPECIFIED. ) 
 CURVE ( )  GEOMETRIC_REPRESENTATION_ITEM ( )  RATIONAL_B_SPLINE_CURVE ( ( 1.000000000000000000, 0.3333333333333335369, 0.3333333333333335369, 1.000000000000000000 ) ) 
 REPRESENTATION_ITEM ( '' )  );
#1119 = EDGE_CURVE ( 'NONE', #1865, #996, #1270, .T. ) ;
#1120 = ORIENTED_EDGE ( 'NONE', *, *, #891, .T. ) ;
#1121 = PLANE ( 'NONE',  #2029 ) ;
#1122 = ADVANCED_FACE ( 'NONE', ( #286 ), #1121, .F. ) ;
#1123 = CARTESIAN_POINT ( 'NONE',  ( 0.000000000000000000, -2.294999999999991491, 0.000000000000000000 ) ) ;
#1124 = DIRECTION ( 'NONE',  ( -1.000000000000000000, 0.000000000000000000, -8.673617379884035472E-17 ) ) ;
#1125 = ORIENTED_EDGE ( 'NONE', *, *, #1511, .T. ) ;
#1126 = CARTESIAN_POINT ( 'NONE',  ( 34.41888568140863214, -17.23499999999997101, 8.143869299337044509 ) ) ;
#1127 = DIRECTION ( 'NONE',  ( 0.000000000000000000, -1.000000000000000000, 0.000000000000000000 ) ) ;
#1128 = CARTESIAN_POINT ( 'NONE',  ( 17.21000000000000085, -1.319999999999998952, 0.000000000000000000 ) ) ;
#1129 = EDGE_CURVE ( 'NONE', #1890, #1918, #102, .T. ) ;
#1130 = CARTESIAN_POINT ( 'NONE',  ( 35.07000000000000739, -3.229999999999985771, 8.297929775280902476 ) ) ;
#1131 = CYLINDRICAL_SURFACE ( 'NONE', #421, 0.3100000000000019962 ) ;
#1132 = ORIENTED_EDGE ( 'NONE', *, *, #717, .F. ) ;
#1133 = DIRECTION ( 'NONE',  ( 0.000000000000000000, 1.000000000000000000, 0.000000000000000000 ) ) ;
#1134 = DIRECTION ( 'NONE',  ( 1.000000000000000000, 0.000000000000000000, 0.000000000000000000 ) ) ;
#1135 = DIRECTION ( 'NONE',  ( -4.770334648313475045E-16, -0.3420201433256678802, -0.9396926207859087610 ) ) ;
#1136 = CARTESIAN_POINT ( 'NONE',  ( 36.18999999999999773, -16.86999999999999744, 0.000000000000000000 ) ) ;
#1137 = ORIENTED_EDGE ( 'NONE', *, *, #1497, .F. ) ;
#1138 = VECTOR ( 'NONE', #1427, 100.0000000000000000 ) ;
#1139 = EDGE_CURVE ( 'NONE', #579, #544, #122, .T. ) ;
#1140 = DIRECTION ( 'NONE',  ( -0.9731308116794300522, 0.000000000000000000, -0.2302529551604788061 ) ) ;
#1141 = CARTESIAN_POINT ( 'NONE',  ( 34.41888568140863214, -17.23499999999997101, 8.143869299337044509 ) ) ;
#1142 = VECTOR ( 'NONE', #640, 100.0000000000000000 ) ;
#1143 = AXIS2_PLACEMENT_3D ( 'NONE', #527, #30, #1680 ) ;
#1144 = AXIS2_PLACEMENT_3D ( 'NONE', #336, #1657, #1506 ) ;
#1145 = DIRECTION ( 'NONE',  ( 1.000000000000000000, 0.000000000000000000, 0.000000000000000000 ) ) ;
#1146 = VECTOR ( 'NONE', #322, 100.0000000000000000 ) ;
#1147 = CARTESIAN_POINT ( 'NONE',  ( 35.07000000000000028, 1.665334536937734811E-14, 8.297929775280900699 ) ) ;
#1148 = DIRECTION ( 'NONE',  ( -0.2302529551604794167, 0.000000000000000000, 0.9731308116794300522 ) ) ;
#1149 = VERTEX_POINT ( 'NONE', #1765 ) ;
#1150 = CARTESIAN_POINT ( 'NONE',  ( 35.07000000000000028, -15.87000000000000099, 0.000000000000000000 ) ) ;
#1151 = FACE_OUTER_BOUND ( 'NONE', #542, .T. ) ;
#1152 = CARTESIAN_POINT ( 'NONE',  ( 26.11011931004269115, -17.97999999999998622, 5.019999999999987139 ) ) ;
#1153 = EDGE_CURVE ( 'NONE', #1947, #504, #228, .T. ) ;
#1154 = DIRECTION ( 'NONE',  ( -0.2302529551604794444, 0.000000000000000000, 0.9731308116794299412 ) ) ;
#1155 = EDGE_LOOP ( 'NONE', ( #495, #65 ) ) ;
#1156 = EDGE_CURVE ( 'NONE', #1769, #305, #1595, .T. ) ;
#1157 = LINE ( 'NONE', #1332, #1177 ) ;
#1158 = CARTESIAN_POINT ( 'NONE',  ( 29.57828620936730601, -18.60000000000000142, 4.737788335293272368 ) ) ;
#1159 = ORIENTED_EDGE ( 'NONE', *, *, #1463, .F. ) ;
#1160 = CARTESIAN_POINT ( 'NONE',  ( 35.07000000000000028, -1.219999999999998863, 0.3747477419454632308 ) ) ;
#1161 = ORIENTED_EDGE ( 'NONE', *, *, #1370, .F. ) ;
#1162 = CARTESIAN_POINT ( 'NONE',  ( 18.09000000000000341, -15.99000000000000199, 12.63499999999999979 ) ) ;
#1163 = CARTESIAN_POINT ( 'NONE',  ( 18.08999999999999986, -3.209999999999987974, 0.1000000000000000888 ) ) ;
#1164 = DIRECTION ( 'NONE',  ( 1.394752543498940254E-15, -1.000000000000000000, 0.000000000000000000 ) ) ;
#1165 = VERTEX_POINT ( 'NONE', #1429 ) ;
#1166 = LINE ( 'NONE', #1612, #1142 ) ;
#1167 = EDGE_CURVE ( 'NONE', #361, #1769, #2088, .T. ) ;
#1168 = ORIENTED_EDGE ( 'NONE', *, *, #1747, .T. ) ;
#1169 = CARTESIAN_POINT ( 'NONE',  ( 28.89955553282177902, 0.02000000000000369538, 6.260000000000013998 ) ) ;
#1170 = ORIENTED_EDGE ( 'NONE', *, *, #783, .T. ) ;
#1171 = CARTESIAN_POINT ( 'NONE',  ( 25.85066672135532428, -0.5999999999999949818, 6.116538839406828743 ) ) ;
#1172 = ORIENTED_EDGE ( 'NONE', *, *, #1296, .F. ) ;
#1173 = DIRECTION ( 'NONE',  ( 0.000000000000000000, -1.000000000000000000, 0.000000000000000000 ) ) ;
#1174 = DIRECTION ( 'NONE',  ( -0.2302529551604794722, 0.000000000000000000, 0.9731308116794300522 ) ) ;
#1175 = VERTEX_POINT ( 'NONE', #113 ) ;
#1176 = FACE_OUTER_BOUND ( 'NONE', #148, .T. ) ;
#1177 = VECTOR ( 'NONE', #328, 100.0000000000000142 ) ;
#1178 = VECTOR ( 'NONE', #1481, 100.0000000000000000 ) ;
#1179 = ORIENTED_EDGE ( 'NONE', *, *, #1480, .F. ) ;
#1180 = CARTESIAN_POINT ( 'NONE',  ( 36.09000000000000341, -2.229999999999987548, 12.63499999999999979 ) ) ;
#1181 = EDGE_CURVE ( 'NONE', #179, #1583, #1290, .T. ) ;
#1182 = CIRCLE ( 'NONE', #174, 0.3100000000000019962 ) ;
#1183 = EDGE_LOOP ( 'NONE', ( #1350, #1333, #50, #2115 ) ) ;
#1184 = DIRECTION ( 'NONE',  ( 0.9731308116794299412, 0.000000000000000000, 0.2302529551604793612 ) ) ;
#1185 = ADVANCED_FACE ( 'NONE', ( #309 ), #437, .T. ) ;
#1186 = ORIENTED_EDGE ( 'NONE', *, *, #154, .T. ) ;
#1187 = CARTESIAN_POINT ( 'NONE',  ( 18.09000000000000341, -19.19999999999999929, 4.280283707865168985 ) ) ;
#1188 = CARTESIAN_POINT ( 'NONE',  ( 36.09000000000000341, -15.97000000000000064, 0.09999999999999453770 ) ) ;
#1189 = CARTESIAN_POINT ( 'NONE',  ( 36.97000000000000597, -19.19999999999999929, 0.000000000000000000 ) ) ;
#1190 = ORIENTED_EDGE ( 'NONE', *, *, #99, .F. ) ;
#1191 = FACE_BOUND ( 'NONE', #88, .T. ) ;
#1192 = ORIENTED_EDGE ( 'NONE', *, *, #1994, .F. ) ;
#1193 = SURFACE_STYLE_USAGE ( .BOTH. , #505 ) ;
#1194 = EDGE_CURVE ( 'NONE', #1237, #1962, #2061, .T. ) ;
#1195 = VERTEX_POINT ( 'NONE', #1098 ) ;
#1196 = ORIENTED_EDGE ( 'NONE', *, *, #1842, .T. ) ;
#1197 = EDGE_CURVE ( 'NONE', #741, #1434, #1743, .T. ) ;
#1198 = CARTESIAN_POINT ( 'NONE',  ( 34.96999999999999886, -17.88000000000000256, 0.000000000000000000 ) ) ;
#1199 = CARTESIAN_POINT ( 'NONE',  ( 17.11000000000000298, -17.98000000000000043, 12.63499999999999979 ) ) ;
#1200 = VERTEX_POINT ( 'NONE', #1488 ) ;
#1201 = DIRECTION ( 'NONE',  ( -0.9731308116794299412, -0.000000000000000000, -0.2302529551604793612 ) ) ;
#1202 = ORIENTED_EDGE ( 'NONE', *, *, #671, .F. ) ;
#1203 = DIRECTION ( 'NONE',  ( -0.5773502691896363892, -0.5773502691896363892, -0.5773502691896044148 ) ) ;
#1204 = EDGE_LOOP ( 'NONE', ( #1712, #1375, #24, #3 ) ) ;
#1205 = LINE ( 'NONE', #726, #1990 ) ;
#1206 = ORIENTED_EDGE ( 'NONE', *, *, #1037, .T. ) ;
#1207 = CARTESIAN_POINT ( 'NONE',  ( 26.11011931004269471, -1.220000000000012852, 5.019999999999981810 ) ) ;
#1208 = EDGE_CURVE ( 'NONE', #1914, #497, #2113, .T. ) ;
#1209 = CARTESIAN_POINT ( 'NONE',  ( 35.07000000000000028, -19.19999999999999929, 8.297929775280898923 ) ) ;
#1210 = ORIENTED_EDGE ( 'NONE', *, *, #857, .F. ) ;
#1211 = CARTESIAN_POINT ( 'NONE',  ( 27.61203349049510081, -0.5999999999999949818, 6.533296688247299144 ) ) ;
#1212 = ORIENTED_EDGE ( 'NONE', *, *, #134, .F. ) ;
#1213 = VECTOR ( 'NONE', #2105, 100.0000000000000000 ) ;
#1214 = LINE ( 'NONE', #737, #1002 ) ;
#1215 = AXIS2_PLACEMENT_3D ( 'NONE', #1963, #1466, #1984 ) ;
#1216 = ORIENTED_EDGE ( 'NONE', *, *, #257, .F. ) ;
#1217 = CARTESIAN_POINT ( 'NONE',  ( 19.20999999999999730, -2.109999999999989662, 0.000000000000000000 ) ) ;
#1218 = AXIS2_PLACEMENT_3D ( 'NONE', #1292, #1424, #1953 ) ;
#1219 = ORIENTED_EDGE ( 'NONE', *, *, #440, .F. ) ;
#1220 = AXIS2_PLACEMENT_3D ( 'NONE', #222, #94, #1714 ) ;
#1221 = FACE_OUTER_BOUND ( 'NONE', #1863, .T. ) ;
#1222 = LINE ( 'NONE', #2044, #2090 ) ;
#1223 = DIRECTION ( 'NONE',  ( 8.673617379884035472E-17, 0.000000000000000000, -1.000000000000000000 ) ) ;
#1224 = EDGE_CURVE ( 'NONE', #487, #1705, #1661, .T. ) ;
#1225 = EDGE_LOOP ( 'NONE', ( #676, #684, #79, #841 ) ) ;
#1226 = CARTESIAN_POINT ( 'NONE',  ( 36.97000000000000597, -16.96999999999999886, 0.000000000000000000 ) ) ;
#1227 = CARTESIAN_POINT ( 'NONE',  ( 11.99333333333333584, -22.08666666666666956, -5.996666666666667922 ) ) ;
#1228 = ORIENTED_EDGE ( 'NONE', *, *, #1010, .F. ) ;
#1229 = CARTESIAN_POINT ( 'NONE',  ( 24.64666666666620998, -4.546666666666212109, -12.32333333333310499 ) ) ;
#1230 = VERTEX_POINT ( 'NONE', #1970 ) ;
#1231 = DIRECTION ( 'NONE',  ( 1.000000000000000000, 0.000000000000000000, 0.000000000000000000 ) ) ;
#1232 = LINE ( 'NONE', #917, #172 ) ;
#1233 = ORIENTED_EDGE ( 'NONE', *, *, #362, .T. ) ;
#1234 = CARTESIAN_POINT ( 'NONE',  ( 35.07000000000000028, -17.98000000000000043, 0.3747477419454636749 ) ) ;
#1235 = EDGE_CURVE ( 'NONE', #1489, #551, #1812, .T. ) ;
#1236 = LINE ( 'NONE', #1731, #896 ) ;
#1237 = VERTEX_POINT ( 'NONE', #481 ) ;
#1238 = CARTESIAN_POINT ( 'NONE',  ( 17.99000000000000199, -16.08999999999999986, 0.000000000000000000 ) ) ;
#1239 = ADVANCED_FACE ( 'NONE', ( #1476 ), #147, .T. ) ;
#1240 = ORIENTED_EDGE ( 'NONE', *, *, #1511, .F. ) ;
#1241 = CARTESIAN_POINT ( 'NONE',  ( 36.09000000000000341, -19.19999999999999929, 8.539272471910111406 ) ) ;
#1242 = DIRECTION ( 'NONE',  ( 1.000000000000000000, 0.000000000000000000, 0.000000000000000000 ) ) ;
#1243 = ORIENTED_EDGE ( 'NONE', *, *, #783, .F. ) ;
#1244 = DIRECTION ( 'NONE',  ( -0.7071067811865279218, -0.000000000000000000, -0.7071067811865671127 ) ) ;
#1245 = AXIS2_PLACEMENT_3D ( 'NONE', #1779, #308, #1763 ) ;
#1246 = FACE_OUTER_BOUND ( 'NONE', #863, .T. ) ;
#1247 = FACE_OUTER_BOUND ( 'NONE', #1479, .T. ) ;
#1248 = ADVANCED_FACE ( 'NONE', ( #23 ), #1632, .F. ) ;
#1249 = DIRECTION ( 'NONE',  ( 0.000000000000000000, 1.000000000000000000, 0.000000000000000000 ) ) ;
#1250 = AXIS2_PLACEMENT_3D ( 'NONE', #2015, #1514, #1071 ) ;
#1251 = ORIENTED_EDGE ( 'NONE', *, *, #1994, .T. ) ;
#1252 = EDGE_CURVE ( 'NONE', #1489, #710, #689, .T. ) ;
#1253 = VECTOR ( 'NONE', #400, 100.0000000000000000 ) ;
#1254 = CARTESIAN_POINT ( 'NONE',  ( 0.000000000000000000, -17.88000000000000256, 0.000000000000000000 ) ) ;
#1255 = CARTESIAN_POINT ( 'NONE',  ( 29.07172970801424938, -0.6000000000000005329, 6.878676120988018283 ) ) ;
#1256 = ORIENTED_EDGE ( 'NONE', *, *, #1710, .F. ) ;
#1257 = DIRECTION ( 'NONE',  ( 0.000000000000000000, -1.000000000000000000, 0.000000000000000000 ) ) ;
#1258 = DIRECTION ( 'NONE',  ( -1.000000000000000000, 0.000000000000000000, 0.000000000000000000 ) ) ;
#1259 = ORIENTED_EDGE ( 'NONE', *, *, #756, .T. ) ;
#1260 = DIRECTION ( 'NONE',  ( 0.000000000000000000, -1.000000000000000000, 0.000000000000000000 ) ) ;
#1261 = MANIFOLD_SOLID_BREP ( 'Middle', #385 ) ;
#1262 = CYLINDRICAL_SURFACE ( 'NONE', #110, 0.3100000000000077138 ) ;
#1263 = ADVANCED_FACE ( 'NONE', ( #1649 ), #1946, .F. ) ;
#1264 = DIRECTION ( 'NONE',  ( -0.9731308116794301633, 0.000000000000000000, -0.2302529551604785840 ) ) ;
#1265 = ORIENTED_EDGE ( 'NONE', *, *, #888, .T. ) ;
#1266 = DIRECTION ( 'NONE',  ( -1.000000000000000000, -2.832201593431512852E-15, 0.000000000000000000 ) ) ;
#1267 =( BOUNDED_CURVE ( )  B_SPLINE_CURVE ( 3, ( #2036, #1889, #744, #572 ),
 .UNSPECIFIED., .F., .T. ) 
 B_SPLINE_CURVE_WITH_KNOTS ( ( 4, 4 ),
 ( 4.938697601239184998, 8.080290254828979002 ),
 .UNSPECIFIED. ) 
 CURVE ( )  GEOMETRIC_REPRESENTATION_ITEM ( )  RATIONAL_B_SPLINE_CURVE ( ( 1.000000000000000000, 0.3333333333333330373, 0.3333333333333330373, 1.000000000000000000 ) ) 
 REPRESENTATION_ITEM ( '' )  );
#1268 = PLANE ( 'NONE',  #2053 ) ;
#1269 = ORIENTED_EDGE ( 'NONE', *, *, #500, .T. ) ;
#1270 = LINE ( 'NONE', #1754, #244 ) ;
#1271 = CARTESIAN_POINT ( 'NONE',  ( 35.07000000000000028, -3.229999999999985771, 12.63499999999999979 ) ) ;
#1272 = DIRECTION ( 'NONE',  ( 0.000000000000000000, -1.000000000000000000, 0.000000000000000000 ) ) ;
#1273 = EDGE_CURVE ( 'NONE', #1555, #1477, #1707, .T. ) ;
#1274 = CARTESIAN_POINT ( 'NONE',  ( 17.21000000000000085, -15.99000000000000199, 0.000000000000000000 ) ) ;
#1275 = ORIENTED_EDGE ( 'NONE', *, *, #1684, .F. ) ;
#1276 = VECTOR ( 'NONE', #584, 100.0000000000000000 ) ;
#1277 = FACE_OUTER_BOUND ( 'NONE', #1816, .T. ) ;
#1278 = DIRECTION ( 'NONE',  ( 1.000000000000000000, 0.000000000000000000, 0.000000000000000000 ) ) ;
#1279 = VECTOR ( 'NONE', #1593, 100.0000000000000000 ) ;
#1280 = CIRCLE ( 'NONE', #1641, 0.3100000000000077138 ) ;
#1281 = VECTOR ( 'NONE', #1728, 100.0000000000000142 ) ;
#1282 = DIRECTION ( 'NONE',  ( 0.000000000000000000, 1.000000000000000000, 0.000000000000000000 ) ) ;
#1283 = VECTOR ( 'NONE', #1490, 100.0000000000000142 ) ;
#1284 = ADVANCED_FACE ( 'NONE', ( #1314 ), #1801, .T. ) ;
#1285 = VECTOR ( 'NONE', #58, 100.0000000000000142 ) ;
#1286 = LINE ( 'NONE', #1126, #900 ) ;
#1287 = EDGE_CURVE ( 'NONE', #2070, #1513, #827, .T. ) ;
#1288 = FACE_OUTER_BOUND ( 'NONE', #26, .T. ) ;
#1289 = ORIENTED_EDGE ( 'NONE', *, *, #169, .T. ) ;
#1290 = LINE ( 'NONE', #1128, #307 ) ;
#1291 = PLANE ( 'NONE',  #828 ) ;
#1292 = CARTESIAN_POINT ( 'NONE',  ( 19.11000000000000298, -16.98999999999999844, 12.63499999999999979 ) ) ;
#1293 = VERTEX_POINT ( 'NONE', #182 ) ;
#1294 = DIRECTION ( 'NONE',  ( -1.394752543498940254E-15, 1.000000000000000000, 0.000000000000000000 ) ) ;
#1295 = CARTESIAN_POINT ( 'NONE',  ( 17.10999999999999943, -1.220000000000001528, 0.3747477419454555703 ) ) ;
#1296 = EDGE_CURVE ( 'NONE', #2070, #549, #1366, .T. ) ;
#1297 = LINE ( 'NONE', #2108, #1581 ) ;
#1298 = DIRECTION ( 'NONE',  ( 1.000000000000000000, 0.000000000000000000, 0.000000000000000000 ) ) ;
#1299 = ORIENTED_EDGE ( 'NONE', *, *, #1394, .F. ) ;
#1300 = DIRECTION ( 'NONE',  ( -0.2302529551604793612, 0.000000000000000000, 0.9731308116794299412 ) ) ;
#1301 = LINE ( 'NONE', #300, #589 ) ;
#1302 = ADVANCED_FACE ( 'NONE', ( #66 ), #1533, .T. ) ;
#1303 = ORIENTED_EDGE ( 'NONE', *, *, #547, .T. ) ;
#1304 = CARTESIAN_POINT ( 'NONE',  ( 35.07000000000000028, -15.97000000000000064, 0.09999999999999453770 ) ) ;
#1305 = ORIENTED_EDGE ( 'NONE', *, *, #1727, .T. ) ;
#1306 = EDGE_CURVE ( 'NONE', #994, #1865, #1524, .T. ) ;
#1307 = LINE ( 'NONE', #1492, #384 ) ;
#1308 = CARTESIAN_POINT ( 'NONE',  ( 35.07000000000000028, -17.98000000000000043, 5.020000000000000462 ) ) ;
#1309 = AXIS2_PLACEMENT_3D ( 'NONE', #1162, #1805, #27 ) ;
#1310 = ORIENTED_EDGE ( 'NONE', *, *, #490, .F. ) ;
#1311 = CARTESIAN_POINT ( 'NONE',  ( 19.55917818706374334, -17.23499999999997101, 4.627906674036525558 ) ) ;
#1312 = VECTOR ( 'NONE', #2073, 100.0000000000000000 ) ;
#1313 = FACE_OUTER_BOUND ( 'NONE', #725, .T. ) ;
#1314 = FACE_OUTER_BOUND ( 'NONE', #2083, .T. ) ;
#1315 = VERTEX_POINT ( 'NONE', #895 ) ;
#1316 = LINE ( 'NONE', #1022, #1146 ) ;
#1317 = VERTEX_POINT ( 'NONE', #2004 ) ;
#1318 = CARTESIAN_POINT ( 'NONE',  ( 0.000000000000000000, -17.98000000000000043, 5.020000000000000462 ) ) ;
#1319 = DIRECTION ( 'NONE',  ( 0.7071067811865475727, 0.000000000000000000, -0.7071067811865475727 ) ) ;
#1320 = ADVANCED_FACE ( 'NONE', ( #886 ), #911, .T. ) ;
#1321 = FACE_OUTER_BOUND ( 'NONE', #817, .T. ) ;
#1322 = ORIENTED_EDGE ( 'NONE', *, *, #1829, .T. ) ;
#1323 = CARTESIAN_POINT ( 'NONE',  ( 19.10999999999999943, -2.209999999999989750, 0.1000000000000000888 ) ) ;
#1324 = VERTEX_POINT ( 'NONE', #722 ) ;
#1325 = DIRECTION ( 'NONE',  ( 0.000000000000000000, -0.7071067811865513475, 0.7071067811865436870 ) ) ;
#1326 = ORIENTED_EDGE ( 'NONE', *, *, #945, .T. ) ;
#1327 = DIRECTION ( 'NONE',  ( 0.000000000000000000, 0.000000000000000000, -1.000000000000000000 ) ) ;
#1328 = CARTESIAN_POINT ( 'NONE',  ( 27.61203349049510081, -18.60000000000000497, 6.533296688247299144 ) ) ;
#1329 = ADVANCED_FACE ( 'NONE', ( #2028 ), #1687, .T. ) ;
#1330 = CARTESIAN_POINT ( 'NONE',  ( -2.757695390768592603, -6.892499649107822535, -0.6524996491078870475 ) ) ;
#1331 = VERTEX_POINT ( 'NONE', #566 ) ;
#1332 = CARTESIAN_POINT ( 'NONE',  ( 30.20399932587057279, -0.5999999999999949818, -5.767617387970518372 ) ) ;
#1333 = ORIENTED_EDGE ( 'NONE', *, *, #659, .F. ) ;
#1334 = DIRECTION ( 'NONE',  ( -0.9731308116794301633, 0.000000000000000000, -0.2302529551604785840 ) ) ;
#1335 = DIRECTION ( 'NONE',  ( -0.000000000000000000, 0.3420201433256678802, 0.9396926207859087610 ) ) ;
#1336 = ORIENTED_EDGE ( 'NONE', *, *, #1119, .F. ) ;
#1337 = LINE ( 'NONE', #997, #1440 ) ;
#1338 = CARTESIAN_POINT ( 'NONE',  ( 30.50566987749120429, -18.60000000000000497, -5.696238971870767998 ) ) ;
#1339 = EDGE_LOOP ( 'NONE', ( #1804, #890, #97, #628 ) ) ;
#1340 = FACE_BOUND ( 'NONE', #704, .T. ) ;
#1341 = VECTOR ( 'NONE', #1032, 100.0000000000000000 ) ;
#1342 = EDGE_CURVE ( 'NONE', #1317, #1408, #1718, .T. ) ;
#1343 = VECTOR ( 'NONE', #979, 100.0000000000000142 ) ;
#1344 = ORIENTED_EDGE ( 'NONE', *, *, #1208, .T. ) ;
#1345 = CARTESIAN_POINT ( 'NONE',  ( 0.000000000000000000, -15.97000000000000064, 0.000000000000000000 ) ) ;
#1346 = EDGE_CURVE ( 'NONE', #1590, #1569, #552, .T. ) ;
#1347 = VECTOR ( 'NONE', #693, 100.0000000000000000 ) ;
#1348 = ORIENTED_EDGE ( 'NONE', *, *, #1296, .T. ) ;
#1349 = CARTESIAN_POINT ( 'NONE',  ( 26.45400782459658728, -0.5999999999999949818, 6.259295671606332157 ) ) ;
#1350 = ORIENTED_EDGE ( 'NONE', *, *, #472, .F. ) ;
#1351 = CARTESIAN_POINT ( 'NONE',  ( 35.07000000000000028, -1.219999999999998863, 5.019999999999997797 ) ) ;
#1352 = PLANE ( 'NONE',  #1079 ) ;
#1353 = EDGE_LOOP ( 'NONE', ( #2049, #2111, #964, #1251 ) ) ;
#1354 = FACE_BOUND ( 'NONE', #594, .T. ) ;
#1355 = ORIENTED_EDGE ( 'NONE', *, *, #1040, .T. ) ;
#1356 = CARTESIAN_POINT ( 'NONE',  ( 35.07000000000000028, -1.219999999999998863, 5.019999999999997797 ) ) ;
#1357 = ORIENTED_EDGE ( 'NONE', *, *, #773, .T. ) ;
#1358 = EDGE_CURVE ( 'NONE', #474, #413, #402, .T. ) ;
#1359 = CARTESIAN_POINT ( 'NONE',  ( 19.11000000000000298, -16.98999999999999844, 0.1000000000000000888 ) ) ;
#1360 = ORIENTED_EDGE ( 'NONE', *, *, #490, .T. ) ;
#1361 = CARTESIAN_POINT ( 'NONE',  ( 17.10999999999999588, -3.209999999999987974, 4.048405430711610187 ) ) ;
#1362 = FACE_OUTER_BOUND ( 'NONE', #337, .T. ) ;
#1363 = ORIENTED_EDGE ( 'NONE', *, *, #547, .F. ) ;
#1364 = CARTESIAN_POINT ( 'NONE',  ( 29.19295253656709477, -17.97999999999999687, 5.019999999999996021 ) ) ;
#1365 = EDGE_LOOP ( 'NONE', ( #1256, #1212, #1355, #1788 ) ) ;
#1366 = LINE ( 'NONE', #1674, #1115 ) ;
#1367 = VERTEX_POINT ( 'NONE', #205 ) ;
#1368 = DIRECTION ( 'NONE',  ( 0.2302529551604794444, 0.000000000000000000, -0.9731308116794300522 ) ) ;
#1369 = ORIENTED_EDGE ( 'NONE', *, *, #1713, .T. ) ;
#1370 = EDGE_CURVE ( 'NONE', #2014, #1908, #236, .T. ) ;
#1371 = DIRECTION ( 'NONE',  ( 0.000000000000000000, 0.7071067811865475727, -0.7071067811865475727 ) ) ;
#1372 = EDGE_CURVE ( 'NONE', #658, #1293, #380, .T. ) ;
#1373 = LINE ( 'NONE', #75, #212 ) ;
#1374 = CARTESIAN_POINT ( 'NONE',  ( 18.09000000000000341, -16.98999999999999844, 12.63499999999999979 ) ) ;
#1375 = ORIENTED_EDGE ( 'NONE', *, *, #268, .T. ) ;
#1376 = AXIS2_PLACEMENT_3D ( 'NONE', #261, #1565, #2076 ) ;
#1377 = DIRECTION ( 'NONE',  ( -1.000000000000000000, 0.000000000000000000, 0.000000000000000000 ) ) ;
#1378 = AXIS2_PLACEMENT_3D ( 'NONE', #1504, #39, #1140 ) ;
#1379 = AXIS2_PLACEMENT_3D ( 'NONE', #430, #924, #600 ) ;
#1380 = DIRECTION ( 'NONE',  ( 0.000000000000000000, -1.000000000000000000, 0.000000000000000000 ) ) ;
#1381 = ORIENTED_EDGE ( 'NONE', *, *, #1197, .F. ) ;
#1382 = CARTESIAN_POINT ( 'NONE',  ( 19.55917818706374334, -1.964999999999972324, 4.627906674036525558 ) ) ;
#1383 = VERTEX_POINT ( 'NONE', #1234 ) ;
#1384 = MECHANICAL_DESIGN_GEOMETRIC_PRESENTATION_REPRESENTATION (  '', ( #1751 ), #1110 ) ;
#1385 = DIRECTION ( 'NONE',  ( 1.877914453019546570E-16, -1.000000000000000000, 0.000000000000000000 ) ) ;
#1386 = EDGE_CURVE ( 'NONE', #622, #413, #1214, .T. ) ;
#1387 = VERTEX_POINT ( 'NONE', #702 ) ;
#1388 = DIRECTION ( 'NONE',  ( 0.5773502691896257311, -0.5773502691896257311, 0.5773502691896257311 ) ) ;
#1389 = LINE ( 'NONE', #596, #1276 ) ;
#1390 = ORIENTED_EDGE ( 'NONE', *, *, #659, .T. ) ;
#1391 = CARTESIAN_POINT ( 'NONE',  ( 29.07172970801424938, -0.6000000000000005329, 6.878676120988018283 ) ) ;
#1392 = ORIENTED_EDGE ( 'NONE', *, *, #2106, .T. ) ;
#1393 = FACE_OUTER_BOUND ( 'NONE', #688, .T. ) ;
#1394 = EDGE_CURVE ( 'NONE', #544, #970, #89, .T. ) ;
#1395 = ORIENTED_EDGE ( 'NONE', *, *, #636, .F. ) ;
#1396 = CARTESIAN_POINT ( 'NONE',  ( 23.35333333333333883, -8.473333333333323836, 5.363333333333337727 ) ) ;
#1397 = EDGE_CURVE ( 'NONE', #1962, #716, #226, .T. ) ;
#1398 = CARTESIAN_POINT ( 'NONE',  ( 28.77005915639362499, -18.60000000000000142, 6.807297704888269685 ) ) ;
#1399 = EDGE_LOOP ( 'NONE', ( #854, #1629 ) ) ;
#1400 = DIRECTION ( 'NONE',  ( 0.000000000000000000, 0.7071067811865279218, -0.7071067811865671127 ) ) ;
#1401 = ORIENTED_EDGE ( 'NONE', *, *, #1997, .T. ) ;
#1402 = CARTESIAN_POINT ( 'NONE',  ( 35.07000000000000028, -3.229999999999985771, 0.09999999999999453770 ) ) ;
#1403 = CARTESIAN_POINT ( 'NONE',  ( 35.07000000000000028, -15.97000000000000064, 0.09999999999999453770 ) ) ;
#1404 = VERTEX_POINT ( 'NONE', #1356 ) ;
#1405 = DIRECTION ( 'NONE',  ( 3.635307873690754858E-16, 1.000000000000000000, 9.088269684226887144E-17 ) ) ;
#1406 = AXIS2_PLACEMENT_3D ( 'NONE', #1622, #1127, #2098 ) ;
#1407 = CARTESIAN_POINT ( 'NONE',  ( 17.11000000000000298, -17.88000000000000256, 0.1000000000000000056 ) ) ;
#1408 = VERTEX_POINT ( 'NONE', #541 ) ;
#1409 = DIRECTION ( 'NONE',  ( 0.000000000000000000, -1.000000000000000000, 0.000000000000000000 ) ) ;
#1410 = EDGE_CURVE ( 'NONE', #736, #1677, #1043, .T. ) ;
#1411 = AXIS2_PLACEMENT_3D ( 'NONE', #203, #2002, #884 ) ;
#1412 = ORIENTED_EDGE ( 'NONE', *, *, #1252, .F. ) ;
#1413 = VECTOR ( 'NONE', #389, 100.0000000000000000 ) ;
#1414 = LINE ( 'NONE', #1241, #77 ) ;
#1415 = CIRCLE ( 'NONE', #1688, 0.3100000000000019962 ) ;
#1416 = LINE ( 'NONE', #95, #1719 ) ;
#1417 = EDGE_LOOP ( 'NONE', ( #574, #1275, #1472, #67 ) ) ;
#1418 = PLANE ( 'NONE',  #1783 ) ;
#1419 = DIRECTION ( 'NONE',  ( 1.000000000000000000, 0.000000000000000000, 0.000000000000000000 ) ) ;
#1420 = CYLINDRICAL_SURFACE ( 'NONE', #1003, 0.3100000000000078804 ) ;
#1421 = CARTESIAN_POINT ( 'NONE',  ( 29.37340025963487378, -0.6000000000000005329, 6.950054537087768658 ) ) ;
#1422 = EDGE_CURVE ( 'NONE', #728, #668, #877, .T. ) ;
#1423 = DIRECTION ( 'NONE',  ( -2.002668952402707863E-15, 0.7071067811865262565, -0.7071067811865687780 ) ) ;
#1424 = DIRECTION ( 'NONE',  ( -1.000000000000000000, -1.877914453019546570E-16, 0.000000000000000000 ) ) ;
#1425 = ORIENTED_EDGE ( 'NONE', *, *, #242, .F. ) ;
#1426 = LINE ( 'NONE', #1749, #1818 ) ;
#1427 = DIRECTION ( 'NONE',  ( 0.000000000000000000, -1.000000000000000000, 0.000000000000000000 ) ) ;
#1428 = DIRECTION ( 'NONE',  ( 0.000000000000000000, -1.000000000000000000, 0.000000000000000000 ) ) ;
#1429 = CARTESIAN_POINT ( 'NONE',  ( 29.68337290150947894, -18.60000000000000142, 5.640000000000005009 ) ) ;
#1430 = FACE_OUTER_BOUND ( 'NONE', #1523, .T. ) ;
#1431 = VERTEX_POINT ( 'NONE', #713 ) ;
#1432 = DIRECTION ( 'NONE',  ( -0.2302529551604794444, 0.000000000000000000, 0.9731308116794299412 ) ) ;
#1433 = ADVANCED_FACE ( 'NONE', ( #395 ), #1055, .F. ) ;
#1434 = VERTEX_POINT ( 'NONE', #1931 ) ;
#1435 = LINE ( 'NONE', #1900, #865 ) ;
#1436 = VERTEX_POINT ( 'NONE', #299 ) ;
#1437 = CYLINDRICAL_SURFACE ( 'NONE', #1954, 0.3100000000000078804 ) ;
#1438 = CARTESIAN_POINT ( 'NONE',  ( 0.000000000000000000, -1.219999999999998863, 5.019999999999997797 ) ) ;
#1439 = VECTOR ( 'NONE', #155, 100.0000000000000142 ) ;
#1440 = VECTOR ( 'NONE', #1638, 100.0000000000000000 ) ;
#1441 = AXIS2_PLACEMENT_3D ( 'NONE', #1199, #1028, #1164 ) ;
#1442 = CARTESIAN_POINT ( 'NONE',  ( 29.83007140338214569, -1.220000000000003970, 5.019999999999991580 ) ) ;
#1443 = VECTOR ( 'NONE', #254, 100.0000000000000142 ) ;
#1444 = ADVANCED_FACE ( 'NONE', ( #2068 ), #281, .F. ) ;
#1445 = ORIENTED_EDGE ( 'NONE', *, *, #2097, .T. ) ;
#1446 = DIRECTION ( 'NONE',  ( -2.832201593431512852E-15, 1.000000000000000000, 0.000000000000000000 ) ) ;
#1447 = CARTESIAN_POINT ( 'NONE',  ( 27.50483742143222798, -18.60000000000000497, 5.640000000000008562 ) ) ;
#1448 = CARTESIAN_POINT ( 'NONE',  ( 0.000000000000000000, -1.319999999999998952, 0.1000000000000000056 ) ) ;
#1449 = ORIENTED_EDGE ( 'NONE', *, *, #1870, .F. ) ;
#1450 = DIRECTION ( 'NONE',  ( -0.2302529551604794444, 0.000000000000000000, 0.9731308116794299412 ) ) ;
#1451 = EDGE_CURVE ( 'NONE', #179, #311, #1426, .T. ) ;
#1452 = PRODUCT_CONTEXT ( 'NONE', #765, 'mechanical' ) ;
#1453 = DIRECTION ( 'NONE',  ( 0.000000000000000000, 1.000000000000000000, 0.000000000000000000 ) ) ;
#1454 = ADVANCED_FACE ( 'NONE', ( #442 ), #1418, .T. ) ;
#1455 = ORIENTED_EDGE ( 'NONE', *, *, #1672, .T. ) ;
#1456 = FACE_OUTER_BOUND ( 'NONE', #582, .T. ) ;
#1457 = PLANE ( 'NONE',  #1601 ) ;
#1458 = LINE ( 'NONE', #619, #1606 ) ;
#1459 = VERTEX_POINT ( 'NONE', #136 ) ;
#1460 = CARTESIAN_POINT ( 'NONE',  ( 29.27661565774667807, -18.60000000000000142, 4.666409919193522882 ) ) ;
#1461 = CARTESIAN_POINT ( 'NONE',  ( 29.68337290150947894, -0.6000000000000005329, 5.640000000000002345 ) ) ;
#1462 = ORIENTED_EDGE ( 'NONE', *, *, #472, .T. ) ;
#1463 = EDGE_CURVE ( 'NONE', #2014, #1387, #603, .T. ) ;
#1464 = PLANE ( 'NONE',  #938 ) ;
#1465 = ORIENTED_EDGE ( 'NONE', *, *, #1306, .F. ) ;
#1466 = DIRECTION ( 'NONE',  ( 0.2302529551604793889, 0.000000000000000000, -0.9731308116794300522 ) ) ;
#1467 = AXIS2_PLACEMENT_3D ( 'NONE', #369, #357, #1453 ) ;
#1468 = CYLINDRICAL_SURFACE ( 'NONE', #1859, 0.3100000000000078804 ) ;
#1469 = AXIS2_PLACEMENT_3D ( 'NONE', #836, #724, #1794 ) ;
#1470 = VECTOR ( 'NONE', #966, 100.0000000000000000 ) ;
#1471 = CARTESIAN_POINT ( 'NONE',  ( 29.04597365997205571, -0.5999999999999949818, -6.041618404611488025 ) ) ;
#1472 = ORIENTED_EDGE ( 'NONE', *, *, #1372, .F. ) ;
#1473 = AXIS2_PLACEMENT_3D ( 'NONE', #1482, #845, #1493 ) ;
#1474 = FACE_OUTER_BOUND ( 'NONE', #36, .T. ) ;
#1475 = VECTOR ( 'NONE', #1942, 100.0000000000000000 ) ;
#1476 = FACE_OUTER_BOUND ( 'NONE', #106, .T. ) ;
#1477 = VERTEX_POINT ( 'NONE', #958 ) ;
#1478 = DIRECTION ( 'NONE',  ( 0.9731308116794299412, 0.000000000000000000, 0.2302529551604793612 ) ) ;
#1479 = EDGE_LOOP ( 'NONE', ( #1348, #1233, #1567 ) ) ;
#1480 = EDGE_CURVE ( 'NONE', #577, #692, #1435, .T. ) ;
#1481 = DIRECTION ( 'NONE',  ( 1.000000000000000000, 0.000000000000000000, 0.000000000000000000 ) ) ;
#1482 = CARTESIAN_POINT ( 'NONE',  ( 0.000000000000000000, -1.219999999999998863, 0.3747477419454632308 ) ) ;
#1483 =( BOUNDED_CURVE ( )  B_SPLINE_CURVE ( 3, ( #289, #1442, #956, #476 ),
 .UNSPECIFIED., .F., .T. ) 
 B_SPLINE_CURVE_WITH_KNOTS ( ( 4, 4 ),
 ( 1.797104947649392770, 4.938697601239184998 ),
 .UNSPECIFIED. ) 
 CURVE ( )  GEOMETRIC_REPRESENTATION_ITEM ( )  RATIONAL_B_SPLINE_CURVE ( ( 1.000000000000000000, 0.3333333333333337034, 0.3333333333333337034, 1.000000000000000000 ) ) 
 REPRESENTATION_ITEM ( '' )  );
#1484 = PLANE ( 'NONE',  #1143 ) ;
#1485 = ORIENTED_EDGE ( 'NONE', *, *, #906, .F. ) ;
#1486 = LINE ( 'NONE', #306, #729 ) ;
#1487 = ORIENTED_EDGE ( 'NONE', *, *, #2097, .F. ) ;
#1488 = CARTESIAN_POINT ( 'NONE',  ( 34.17085782681789397, -16.90499999999999403, 0.000000000000000000 ) ) ;
#1489 = VERTEX_POINT ( 'NONE', #1909 ) ;
#1490 = DIRECTION ( 'NONE',  ( 0.9731308116794299412, 2.756102635455783593E-15, 0.2302529551604793612 ) ) ;
#1491 = ORIENTED_EDGE ( 'NONE', *, *, #963, .T. ) ;
#1492 = CARTESIAN_POINT ( 'NONE',  ( 36.09000000000000341, -3.329999999999985860, 0.000000000000000000 ) ) ;
#1493 = DIRECTION ( 'NONE',  ( 0.000000000000000000, -0.3420201433256678802, -0.9396926207859087610 ) ) ;
#1494 = EDGE_CURVE ( 'NONE', #866, #1541, #595, .T. ) ;
#1495 = CYLINDRICAL_SURFACE ( 'NONE', #730, 0.3100000000000077138 ) ;
#1496 = EDGE_LOOP ( 'NONE', ( #1955, #1013, #1665, #1083 ) ) ;
#1497 = EDGE_CURVE ( 'NONE', #579, #1686, #119, .T. ) ;
#1498 = FACE_OUTER_BOUND ( 'NONE', #82, .T. ) ;
#1499 = ORIENTED_EDGE ( 'NONE', *, *, #1040, .F. ) ;
#1500 = CARTESIAN_POINT ( 'NONE',  ( 34.96999999999999886, -17.88000000000000256, 0.000000000000000000 ) ) ;
#1501 = ORIENTED_EDGE ( 'NONE', *, *, #1494, .T. ) ;
#1502 = LINE ( 'NONE', #1304, #1862 ) ;
#1503 = ORIENTED_EDGE ( 'NONE', *, *, #918, .F. ) ;
#1504 = CARTESIAN_POINT ( 'NONE',  ( 27.61203349049510081, -0.5999999999999949818, 6.533296688247299144 ) ) ;
#1505 = DIRECTION ( 'NONE',  ( -0.2302529551604794722, 0.000000000000000000, 0.9731308116794300522 ) ) ;
#1506 = DIRECTION ( 'NONE',  ( 0.000000000000000000, 1.000000000000000000, 0.000000000000000000 ) ) ;
#1507 = EDGE_LOOP ( 'NONE', ( #1518, #130, #1381, #339 ) ) ;
#1508 = DIRECTION ( 'NONE',  ( 8.673617379884035472E-17, 0.000000000000000000, -1.000000000000000000 ) ) ;
#1509 = VECTOR ( 'NONE', #583, 100.0000000000000000 ) ;
#1510 = AXIS2_PLACEMENT_3D ( 'NONE', #1338, #1174, #548 ) ;
#1511 = EDGE_CURVE ( 'NONE', #1436, #1937, #777, .T. ) ;
#1512 = AXIS2_PLACEMENT_3D ( 'NONE', #682, #1640, #526 ) ;
#1513 = VERTEX_POINT ( 'NONE', #1730 ) ;
#1514 = DIRECTION ( 'NONE',  ( 0.000000000000000000, -0.7071067811865475727, -0.7071067811865475727 ) ) ;
#1515 = VECTOR ( 'NONE', #1904, 100.0000000000000000 ) ;
#1516 = ORIENTED_EDGE ( 'NONE', *, *, #1896, .T. ) ;
#1517 = CARTESIAN_POINT ( 'NONE',  ( 17.10999999999999588, -3.209999999999987974, 12.63499999999999979 ) ) ;
#1518 = ORIENTED_EDGE ( 'NONE', *, *, #303, .T. ) ;
#1519 = DIRECTION ( 'NONE',  ( -0.9731308116794300522, 0.000000000000000000, -0.2302529551604788061 ) ) ;
#1520 = DIRECTION ( 'NONE',  ( 0.000000000000000000, -0.3420201433256678802, 0.9396926207859087610 ) ) ;
#1521 = ORIENTED_EDGE ( 'NONE', *, *, #1621, .F. ) ;
#1522 = DIRECTION ( 'NONE',  ( 0.000000000000000000, 0.000000000000000000, -1.000000000000000000 ) ) ;
#1523 = EDGE_LOOP ( 'NONE', ( #1534, #1021, #173, #1425 ) ) ;
#1524 = LINE ( 'NONE', #1556, #1509 ) ;
#1525 = ADVANCED_FACE ( 'NONE', ( #454 ), #920, .F. ) ;
#1526 = ORIENTED_EDGE ( 'NONE', *, *, #2064, .F. ) ;
#1527 = LINE ( 'NONE', #2050, #45 ) ;
#1528 = ORIENTED_EDGE ( 'NONE', *, *, #1372, .T. ) ;
#1529 = LINE ( 'NONE', #2034, #2091 ) ;
#1530 = DIRECTION ( 'NONE',  ( 0.000000000000000000, 0.9396926207859087610, 0.3420201433256678802 ) ) ;
#1531 = LINE ( 'NONE', #216, #479 ) ;
#1532 = EDGE_LOOP ( 'NONE', ( #1930, #1018, #588, #1855 ) ) ;
#1533 = PLANE ( 'NONE',  #1639 ) ;
#1534 = ORIENTED_EDGE ( 'NONE', *, *, #217, .T. ) ;
#1535 = CARTESIAN_POINT ( 'NONE',  ( 18.09000000000000341, -16.98999999999999844, 0.1000000000000000888 ) ) ;
#1536 = ORIENTED_EDGE ( 'NONE', *, *, #1574, .T. ) ;
#1537 = ADVANCED_FACE ( 'NONE', ( #108 ), #98, .T. ) ;
#1538 = CARTESIAN_POINT ( 'NONE',  ( 19.21000000000000085, -19.19999999999999929, 0.000000000000000000 ) ) ;
#1539 = CARTESIAN_POINT ( 'NONE',  ( 18.09000000000000341, -15.99000000000000199, 4.280283707865168097 ) ) ;
#1540 =( BOUNDED_CURVE ( )  B_SPLINE_CURVE ( 3, ( #647, #1014, #1655, #160 ),
 .UNSPECIFIED., .F., .T. ) 
 B_SPLINE_CURVE_WITH_KNOTS ( ( 4, 4 ),
 ( 4.938697601239184998, 8.080290254828975449 ),
 .UNSPECIFIED. ) 
 CURVE ( )  GEOMETRIC_REPRESENTATION_ITEM ( )  RATIONAL_B_SPLINE_CURVE ( ( 1.000000000000000000, 0.3333333333333342585, 0.3333333333333342585, 1.000000000000000000 ) ) 
 REPRESENTATION_ITEM ( '' )  );
#1541 = VERTEX_POINT ( 'NONE', #798 ) ;
#1542 = VECTOR ( 'NONE', #1294, 100.0000000000000000 ) ;
#1543 = CARTESIAN_POINT ( 'NONE',  ( 34.49199099467208640, -17.23499999999997101, 7.834900266628825882 ) ) ;
#1544 = VECTOR ( 'NONE', #1450, 100.0000000000000142 ) ;
#1545 = AXIS2_PLACEMENT_3D ( 'NONE', #1328, #986, #1519 ) ;
#1546 = DIRECTION ( 'NONE',  ( -0.2302529551604793612, 0.000000000000000000, 0.9731308116794299412 ) ) ;
#1547 = ORIENTED_EDGE ( 'NONE', *, *, #325, .T. ) ;
#1548 = CARTESIAN_POINT ( 'NONE',  ( 18.09000000000000341, -15.99000000000000199, 0.1000000000000000888 ) ) ;
#1549 = AXIS2_PLACEMENT_3D ( 'NONE', #1080, #62, #731 ) ;
#1550 = VERTEX_POINT ( 'NONE', #1573 ) ;
#1551 = VECTOR ( 'NONE', #1923, 100.0000000000000000 ) ;
#1552 = CARTESIAN_POINT ( 'NONE',  ( 35.07000000000000028, -17.88000000000000256, 0.1000000000000000472 ) ) ;
#1553 = EDGE_CURVE ( 'NONE', #1890, #622, #755, .T. ) ;
#1554 = CARTESIAN_POINT ( 'NONE',  ( 36.18999999999999773, -15.87000000000000099, 0.000000000000000000 ) ) ;
#1555 = VERTEX_POINT ( 'NONE', #625 ) ;
#1556 = CARTESIAN_POINT ( 'NONE',  ( 12.80666666666693487, -8.513333333333251929, 6.403333333333262267 ) ) ;
#1557 = CARTESIAN_POINT ( 'NONE',  ( 0.000000000000000000, -2.109999999999989662, 0.000000000000000000 ) ) ;
#1558 = ORIENTED_EDGE ( 'NONE', *, *, #1091, .F. ) ;
#1559 = CARTESIAN_POINT ( 'NONE',  ( 29.07172970801424938, -18.60000000000000142, 6.878676120988018283 ) ) ;
#1560 = EDGE_LOOP ( 'NONE', ( #555, #370 ) ) ;
#1561 = DIRECTION ( 'NONE',  ( -0.2302529551604794444, 0.000000000000000000, 0.9731308116794299412 ) ) ;
#1562 = CARTESIAN_POINT ( 'NONE',  ( 19.63228350032719405, -17.23499999999997101, 4.318937641328306043 ) ) ;
#1563 = EDGE_CURVE ( 'NONE', #1550, #1230, #1117, .T. ) ;
#1564 = EDGE_LOOP ( 'NONE', ( #1721, #274, #1289, #1125, #84, #405, #93, #207, #390, #1132, #1700, #194, #1159, #1265, #617, #1076, #1449, #1412, #1956, #1137, #540, #1503, #1054, #695 ) ) ;
#1565 = DIRECTION ( 'NONE',  ( -0.2302529551604794167, 0.000000000000000000, 0.9731308116794300522 ) ) ;
#1566 = LINE ( 'NONE', #2040, #618 ) ;
#1567 = ORIENTED_EDGE ( 'NONE', *, *, #1287, .F. ) ;
#1568 = LINE ( 'NONE', #1940, #422 ) ;
#1569 = VERTEX_POINT ( 'NONE', #1919 ) ;
#1570 = DIRECTION ( 'NONE',  ( -0.9731308116794300522, 0.000000000000000000, -0.2302529551604788061 ) ) ;
#1571 = DIRECTION ( 'NONE',  ( -1.000000000000000000, -2.832201593431512852E-15, 0.000000000000000000 ) ) ;
#1572 = ORIENTED_EDGE ( 'NONE', *, *, #2106, .F. ) ;
#1573 = CARTESIAN_POINT ( 'NONE',  ( 17.21000000000000441, -17.88000000000000256, 0.000000000000000000 ) ) ;
#1574 = EDGE_CURVE ( 'NONE', #383, #1865, #1762, .T. ) ;
#1575 = PLANE ( 'NONE',  #2082 ) ;
#1576 = CARTESIAN_POINT ( 'NONE',  ( 19.63228350032719405, -1.964999999999972324, 4.318937641328306043 ) ) ;
#1577 = CARTESIAN_POINT ( 'NONE',  ( 0.000000000000000000, -1.319999999999998952, 0.1000000000000000056 ) ) ;
#1578 = VECTOR ( 'NONE', #509, 100.0000000000000000 ) ;
#1579 = VECTOR ( 'NONE', #561, 100.0000000000000000 ) ;
#1580 = PLANE ( 'NONE',  #1757 ) ;
#1581 = VECTOR ( 'NONE', #1927, 100.0000000000000000 ) ;
#1582 = DIRECTION ( 'NONE',  ( 8.673617379884035472E-17, 0.000000000000000000, -1.000000000000000000 ) ) ;
#1583 = VERTEX_POINT ( 'NONE', #786 ) ;
#1584 = DIRECTION ( 'NONE',  ( 0.5773502691896363892, 0.5773502691896363892, -0.5773502691896044148 ) ) ;
#1585 = DIRECTION ( 'NONE',  ( -0.7071067811865279218, -0.000000000000000000, -0.7071067811865671127 ) ) ;
#1586 = ORIENTED_EDGE ( 'NONE', *, *, #1273, .F. ) ;
#1587 = CARTESIAN_POINT ( 'NONE',  ( 24.12666666666621751, 8.733333333333789028, 12.06333333333310875 ) ) ;
#1588 = EDGE_CURVE ( 'NONE', #368, #1367, #1286, .T. ) ;
#1589 = PLANE ( 'NONE',  #626 ) ;
#1590 = VERTEX_POINT ( 'NONE', #2057 ) ;
#1591 = PLANE ( 'NONE',  #1218 ) ;
#1592 = ORIENTED_EDGE ( 'NONE', *, *, #1370, .T. ) ;
#1593 = DIRECTION ( 'NONE',  ( -1.394752543498940254E-15, 1.000000000000000000, -3.300130784102829184E-16 ) ) ;
#1594 = ORIENTED_EDGE ( 'NONE', *, *, #1422, .T. ) ;
#1595 = LINE ( 'NONE', #1577, #832 ) ;
#1596 = DIRECTION ( 'NONE',  ( -1.000000000000000000, -2.832201593431512852E-15, 0.000000000000000000 ) ) ;
#1597 = EDGE_CURVE ( 'NONE', #1761, #611, #153, .T. ) ;
#1598 = PLANE ( 'NONE',  #1925 ) ;
#1599 = EDGE_LOOP ( 'NONE', ( #1660, #1216, #271, #699 ) ) ;
#1600 = CARTESIAN_POINT ( 'NONE',  ( 36.09000000000000341, -2.229999999999987548, 12.63499999999999979 ) ) ;
#1601 = AXIS2_PLACEMENT_3D ( 'NONE', #1557, #2048, #412 ) ;
#1602 = DIRECTION ( 'NONE',  ( -1.877914453019546570E-16, 1.000000000000000000, 0.000000000000000000 ) ) ;
#1603 = CARTESIAN_POINT ( 'NONE',  ( 0.000000000000000000, -16.98999999999999844, 0.000000000000000000 ) ) ;
#1604 = VECTOR ( 'NONE', #1872, 100.0000000000000000 ) ;
#1605 = ORIENTED_EDGE ( 'NONE', *, *, #1885, .T. ) ;
#1606 = VECTOR ( 'NONE', #1432, 100.0000000000000142 ) ;
#1607 = CARTESIAN_POINT ( 'NONE',  ( 36.09000000000000341, -3.229999999999985771, 0.09999999999999453770 ) ) ;
#1608 = EDGE_CURVE ( 'NONE', #1947, #255, #1157, .T. ) ;
#1609 = AXIS2_PLACEMENT_3D ( 'NONE', #1271, #116, #1913 ) ;
#1610 = ORIENTED_EDGE ( 'NONE', *, *, #1181, .T. ) ;
#1611 = EDGE_CURVE ( 'NONE', #1541, #658, #1825, .T. ) ;
#1612 = CARTESIAN_POINT ( 'NONE',  ( 35.07999999999996277, -16.98000000000004306, 1.109999999999979226 ) ) ;
#1613 =( NAMED_UNIT ( * ) PLANE_ANGLE_UNIT ( ) SI_UNIT ( $, .RADIAN. ) );
#1614 = ORIENTED_EDGE ( 'NONE', *, *, #1853, .F. ) ;
#1615 = CARTESIAN_POINT ( 'NONE',  ( 19.63228350032719405, -17.23499999999997101, 4.318937641328306043 ) ) ;
#1616 = DIRECTION ( 'NONE',  ( -0.2302529551604793612, 0.000000000000000000, 0.9731308116794299412 ) ) ;
#1617 = CARTESIAN_POINT ( 'NONE',  ( 19.11000000000000298, -2.209999999999989750, 4.521626404494383245 ) ) ;
#1618 = EDGE_CURVE ( 'NONE', #1918, #2087, #1486, .T. ) ;
#1619 = EDGE_LOOP ( 'NONE', ( #34, #1850, #680, #1871 ) ) ;
#1620 = DIRECTION ( 'NONE',  ( -0.2302529551604794444, 0.000000000000000000, 0.9731308116794299412 ) ) ;
#1621 = EDGE_CURVE ( 'NONE', #894, #809, #1280, .T. ) ;
#1622 = CARTESIAN_POINT ( 'NONE',  ( 0.000000000000000000, -19.19999999999999929, 0.000000000000000000 ) ) ;
#1623 = CARTESIAN_POINT ( 'NONE',  ( 29.04625403469443512, -0.6000000000000005329, 5.640000000000002345 ) ) ;
#1624 = ORIENTED_EDGE ( 'NONE', *, *, #1119, .T. ) ;
#1625 = CARTESIAN_POINT ( 'NONE',  ( 17.10999999999999943, -15.99000000000000199, 0.1000000000000000888 ) ) ;
#1626 = DIRECTION ( 'NONE',  ( 0.000000000000000000, -1.000000000000000000, 0.000000000000000000 ) ) ;
#1627 = LINE ( 'NONE', #1806, #310 ) ;
#1628 = CARTESIAN_POINT ( 'NONE',  ( 19.95341666818141846, -2.294999999999990159, 4.394921116531270933 ) ) ;
#1629 = ORIENTED_EDGE ( 'NONE', *, *, #926, .F. ) ;
#1630 = DIRECTION ( 'NONE',  ( -1.394752543498940254E-15, -1.000000000000000000, 0.000000000000000000 ) ) ;
#1631 = LINE ( 'NONE', #973, #932 ) ;
#1632 = CYLINDRICAL_SURFACE ( 'NONE', #2093, 0.3100000000000019962 ) ;
#1633 = ADVANCED_FACE ( 'NONE', ( #1474 ), #469, .T. ) ;
#1634 = ORIENTED_EDGE ( 'NONE', *, *, #18, .T. ) ;
#1635 = DIRECTION ( 'NONE',  ( 0.000000000000000000, -0.7071067811865436870, -0.7071067811865513475 ) ) ;
#1636 = EDGE_CURVE ( 'NONE', #551, #220, #1166, .T. ) ;
#1637 = ORIENTED_EDGE ( 'NONE', *, *, #1796, .T. ) ;
#1638 = DIRECTION ( 'NONE',  ( 1.000000000000000000, 0.000000000000000000, 0.000000000000000000 ) ) ;
#1639 = AXIS2_PLACEMENT_3D ( 'NONE', #1849, #1377, #575 ) ;
#1640 = DIRECTION ( 'NONE',  ( 0.000000000000000000, 0.7071067811865475727, -0.7071067811865475727 ) ) ;
#1641 = AXIS2_PLACEMENT_3D ( 'NONE', #1799, #815, #989 ) ;
#1642 = CIRCLE ( 'NONE', #2058, 0.3100000000000077138 ) ;
#1643 = DIRECTION ( 'NONE',  ( 0.000000000000000000, -1.000000000000000000, 0.000000000000000000 ) ) ;
#1644 = VERTEX_POINT ( 'NONE', #1778 ) ;
#1645 = AXIS2_PLACEMENT_3D ( 'NONE', #1676, #1664, #1478 ) ;
#1646 = DIRECTION ( 'NONE',  ( 8.673617379884035472E-17, 0.000000000000000000, -1.000000000000000000 ) ) ;
#1647 = VECTOR ( 'NONE', #2096, 100.0000000000000142 ) ;
#1648 = ORIENTED_EDGE ( 'NONE', *, *, #466, .T. ) ;
#1649 = FACE_OUTER_BOUND ( 'NONE', #1204, .T. ) ;
#1650 = EDGE_CURVE ( 'NONE', #1331, #2031, #1969, .T. ) ;
#1651 = ORIENTED_EDGE ( 'NONE', *, *, #807, .T. ) ;
#1652 = CARTESIAN_POINT ( 'NONE',  ( 19.63228350032719405, -1.964999999999972324, 4.318937641328306043 ) ) ;
#1653 = ORIENTED_EDGE ( 'NONE', *, *, #1842, .F. ) ;
#1654 = ADVANCED_FACE ( 'NONE', ( #1176 ), #513, .F. ) ;
#1655 = CARTESIAN_POINT ( 'NONE',  ( 26.45384117311241567, 0.02000000000002086914, 6.260000000000028209 ) ) ;
#1656 = LINE ( 'NONE', #1667, #1005 ) ;
#1657 = DIRECTION ( 'NONE',  ( 1.000000000000000000, 0.000000000000000000, 0.000000000000000000 ) ) ;
#1658 = ORIENTED_EDGE ( 'NONE', *, *, #329, .F. ) ;
#1659 = DIRECTION ( 'NONE',  ( -0.2302529551604794444, 0.000000000000000000, 0.9731308116794299412 ) ) ;
#1660 = ORIENTED_EDGE ( 'NONE', *, *, #259, .T. ) ;
#1661 = LINE ( 'NONE', #666, #1439 ) ;
#1662 = APPLICATION_CONTEXT ( 'automotive_design' ) ;
#1663 = ORIENTED_EDGE ( 'NONE', *, *, #1997, .F. ) ;
#1664 = DIRECTION ( 'NONE',  ( 0.2302529551604793889, 4.736714462187178404E-18, -0.9731308116794300522 ) ) ;
#1665 = ORIENTED_EDGE ( 'NONE', *, *, #1129, .F. ) ;
#1666 = CARTESIAN_POINT ( 'NONE',  ( 35.07000000000000028, -19.19999999999999929, 8.297929775280898923 ) ) ;
#1667 = CARTESIAN_POINT ( 'NONE',  ( 36.09000000000000341, -19.19999999999999929, 8.539272471910111406 ) ) ;
#1668 = EDGE_CURVE ( 'NONE', #1200, #1761, #11, .T. ) ;
#1669 = LINE ( 'NONE', #1988, #969 ) ;
#1670 = ORIENTED_EDGE ( 'NONE', *, *, #1153, .F. ) ;
#1671 = FACE_BOUND ( 'NONE', #1560, .T. ) ;
#1672 = EDGE_CURVE ( 'NONE', #1431, #1865, #355, .T. ) ;
#1673 = ORIENTED_EDGE ( 'NONE', *, *, #967, .T. ) ;
#1674 = CARTESIAN_POINT ( 'NONE',  ( 35.07000000000000028, 1.665334536937734811E-14, 12.63499999999999979 ) ) ;
#1675 = ORIENTED_EDGE ( 'NONE', *, *, #1696, .T. ) ;
#1676 = CARTESIAN_POINT ( 'NONE',  ( 0.07310531326345158509, -1.319111129404414535E-32, -0.3089690327082163512 ) ) ;
#1677 = VERTEX_POINT ( 'NONE', #675 ) ;
#1678 = LINE ( 'NONE', #837, #283 ) ;
#1679 = ADVANCED_FACE ( 'NONE', ( #1498 ), #32, .T. ) ;
#1680 = DIRECTION ( 'NONE',  ( 0.000000000000000000, 1.000000000000000000, 0.000000000000000000 ) ) ;
#1681 = ORIENTED_EDGE ( 'NONE', *, *, #846, .F. ) ;
#1682 = LINE ( 'NONE', #2023, #1820 ) ;
#1683 = CIRCLE ( 'NONE', #1469, 0.3100000000000077138 ) ;
#1684 = EDGE_CURVE ( 'NONE', #1293, #1367, #664, .T. ) ;
#1685 = VECTOR ( 'NONE', #41, 100.0000000000000000 ) ;
#1686 = VERTEX_POINT ( 'NONE', #1789 ) ;
#1687 = PLANE ( 'NONE',  #1250 ) ;
#1688 = AXIS2_PLACEMENT_3D ( 'NONE', #1391, #2041, #578 ) ;
#1689 = ORIENTED_EDGE ( 'NONE', *, *, #1965, .F. ) ;
#1690 = CARTESIAN_POINT ( 'NONE',  ( 35.07000000000000028, -3.229999999999985771, 12.63499999999999979 ) ) ;
#1691 = ORIENTED_EDGE ( 'NONE', *, *, #1037, .F. ) ;
#1692 = PLANE ( 'NONE',  #1220 ) ;
#1693 = DIRECTION ( 'NONE',  ( 0.000000000000000000, 1.000000000000000000, 0.000000000000000000 ) ) ;
#1694 = VERTEX_POINT ( 'NONE', #319 ) ;
#1695 = DIRECTION ( 'NONE',  ( 1.394752543498940254E-15, 1.000000000000000000, 3.300130784102829184E-16 ) ) ;
#1696 = EDGE_CURVE ( 'NONE', #508, #894, #1019, .T. ) ;
#1697 = ORIENTED_EDGE ( 'NONE', *, *, #878, .F. ) ;
#1698 = CARTESIAN_POINT ( 'NONE',  ( 19.63228350032719405, -17.23499999999997101, 4.318937641328306043 ) ) ;
#1699 = EDGE_CURVE ( 'NONE', #354, #611, #1809, .T. ) ;
#1700 = ORIENTED_EDGE ( 'NONE', *, *, #1907, .F. ) ;
#1701 = DIRECTION ( 'NONE',  ( -0.9731308116794300522, 0.000000000000000000, -0.2302529551604788061 ) ) ;
#1702 = ORIENTED_EDGE ( 'NONE', *, *, #1810, .F. ) ;
#1703 = DIRECTION ( 'NONE',  ( -0.2302529551604794722, 0.000000000000000000, 0.9731308116794300522 ) ) ;
#1704 = CARTESIAN_POINT ( 'NONE',  ( 17.10999999999999588, -3.209999999999987974, 0.1000000000000000888 ) ) ;
#1705 = VERTEX_POINT ( 'NONE', #981 ) ;
#1706 = DIRECTION ( 'NONE',  ( 0.000000000000000000, -1.000000000000000000, 0.000000000000000000 ) ) ;
#1707 =( BOUNDED_CURVE ( )  B_SPLINE_CURVE ( 3, ( #1623, #1169, #816, #1461 ),
 .UNSPECIFIED., .F., .T. ) 
 B_SPLINE_CURVE_WITH_KNOTS ( ( 4, 4 ),
 ( 4.938697601239184998, 8.080290254828979002 ),
 .UNSPECIFIED. ) 
 CURVE ( )  GEOMETRIC_REPRESENTATION_ITEM ( )  RATIONAL_B_SPLINE_CURVE ( ( 1.000000000000000000, 0.3333333333333330373, 0.3333333333333330373, 1.000000000000000000 ) ) 
 REPRESENTATION_ITEM ( '' )  );
#1708 = CARTESIAN_POINT ( 'NONE',  ( 35.07000000000000028, -1.219999999999998863, 5.019999999999997797 ) ) ;
#1709 = VERTEX_POINT ( 'NONE', #180 ) ;
#1710 = EDGE_CURVE ( 'NONE', #876, #1009, #191, .T. ) ;
#1711 = LINE ( 'NONE', #1229, #870 ) ;
#1712 = ORIENTED_EDGE ( 'NONE', *, *, #1713, .F. ) ;
#1713 = EDGE_CURVE ( 'NONE', #1165, #1331, #959, .T. ) ;
#1714 = DIRECTION ( 'NONE',  ( -1.394752543498940254E-15, -1.000000000000000000, 0.000000000000000000 ) ) ;
#1715 = LINE ( 'NONE', #246, #1343 ) ;
#1716 = ORIENTED_EDGE ( 'NONE', *, *, #1766, .F. ) ;
#1717 = AXIS2_PLACEMENT_3D ( 'NONE', #1061, #1244, #251 ) ;
#1718 = LINE ( 'NONE', #1226, #1341 ) ;
#1719 = VECTOR ( 'NONE', #1746, 100.0000000000000142 ) ;
#1720 = DIRECTION ( 'NONE',  ( 1.000000000000000000, 0.000000000000000000, 0.000000000000000000 ) ) ;
#1721 = ORIENTED_EDGE ( 'NONE', *, *, #154, .F. ) ;
#1722 = DIRECTION ( 'NONE',  ( 1.000000000000000000, 2.832201593431512852E-15, 0.000000000000000000 ) ) ;
#1723 = AXIS2_PLACEMENT_3D ( 'NONE', #554, #1368, #1701 ) ;
#1724 = VERTEX_POINT ( 'NONE', #1311 ) ;
#1725 = ADVANCED_FACE ( 'NONE', ( #1090 ), #1052, .F. ) ;
#1726 = CARTESIAN_POINT ( 'NONE',  ( 34.49199099467208640, -17.23499999999997101, 7.834900266628825882 ) ) ;
#1727 = EDGE_CURVE ( 'NONE', #622, #305, #1531, .T. ) ;
#1728 = DIRECTION ( 'NONE',  ( -0.9731308116794299412, 0.000000000000000000, -0.2302529551604793612 ) ) ;
#1729 = ORIENTED_EDGE ( 'NONE', *, *, #1342, .F. ) ;
#1730 = CARTESIAN_POINT ( 'NONE',  ( 26.37245745943810959, 0.000000000000000000, 6.240000000000009095 ) ) ;
#1731 = CARTESIAN_POINT ( 'NONE',  ( 18.09000000000000341, -16.98999999999999844, 0.1000000000000000888 ) ) ;
#1732 = ORIENTED_EDGE ( 'NONE', *, *, #1932, .T. ) ;
#1733 = LINE ( 'NONE', #1548, #78 ) ;
#1734 = ORIENTED_EDGE ( 'NONE', *, *, #990, .T. ) ;
#1735 = DIRECTION ( 'NONE',  ( 0.000000000000000000, 1.000000000000000000, 0.000000000000000000 ) ) ;
#1736 = DIRECTION ( 'NONE',  ( -0.7071067811865477948, 0.000000000000000000, 0.7071067811865471286 ) ) ;
#1737 = DIRECTION ( 'NONE',  ( -0.5773502691896349459, -0.5773502691896393868, -0.5773502691896029715 ) ) ;
#1738 = ADVANCED_FACE ( 'NONE', ( #539, #720 ), #1836, .F. ) ;
#1739 = ORIENTED_EDGE ( 'NONE', *, *, #587, .T. ) ;
#1740 = DIRECTION ( 'NONE',  ( -0.9731308116794299412, -0.000000000000000000, -0.2302529551604793612 ) ) ;
#1741 = CARTESIAN_POINT ( 'NONE',  ( 17.99000000000000199, -17.08999999999999986, 0.000000000000000000 ) ) ;
#1742 = EDGE_LOOP ( 'NONE', ( #292, #1653, #31, #1592, #1170 ) ) ;
#1743 = LINE ( 'NONE', #1180, #1213 ) ;
#1744 = PRODUCT ( 'ramp-middle-frame_62', 'ramp-middle-frame_62', '', ( #1452 ) ) ;
#1745 = CARTESIAN_POINT ( 'NONE',  ( 36.09000000000000341, -15.97000000000000064, 12.63499999999999979 ) ) ;
#1746 = DIRECTION ( 'NONE',  ( -0.2302529551604793612, 0.000000000000000000, 0.9731308116794299412 ) ) ;
#1747 = EDGE_CURVE ( 'NONE', #1097, #538, #700, .T. ) ;
#1748 = EDGE_LOOP ( 'NONE', ( #161, #1637, #118, #1971 ) ) ;
#1749 = CARTESIAN_POINT ( 'NONE',  ( 11.47333333333331140, -8.846666666666658685, 5.736666666666669911 ) ) ;
#1750 = EDGE_CURVE ( 'NONE', #1802, #1023, #1847, .T. ) ;
#1751 = STYLED_ITEM ( 'NONE', ( #1828 ), #1261 ) ;
#1752 = LINE ( 'NONE', #1072, #241 ) ;
#1753 = LINE ( 'NONE', #758, #419 ) ;
#1754 = CARTESIAN_POINT ( 'NONE',  ( 19.11000000000000298, -16.98999999999999844, 0.1000000000000000888 ) ) ;
#1755 = VECTOR ( 'NONE', #972, 100.0000000000000000 ) ;
#1756 = VECTOR ( 'NONE', #1986, 100.0000000000000000 ) ;
#1757 = AXIS2_PLACEMENT_3D ( 'NONE', #438, #962, #302 ) ;
#1758 = DIRECTION ( 'NONE',  ( 0.9731308116794299412, 0.000000000000000000, 0.2302529551604793612 ) ) ;
#1759 = VECTOR ( 'NONE', #961, 100.0000000000000000 ) ;
#1760 = CARTESIAN_POINT ( 'NONE',  ( 0.000000000000000000, 0.000000000000000000, 6.240000000000009095 ) ) ;
#1761 = VERTEX_POINT ( 'NONE', #711 ) ;
#1762 = LINE ( 'NONE', #463, #620 ) ;
#1763 = DIRECTION ( 'NONE',  ( 1.000000000000000000, 0.000000000000000000, 0.000000000000000000 ) ) ;
#1764 = ORIENTED_EDGE ( 'NONE', *, *, #217, .F. ) ;
#1765 = CARTESIAN_POINT ( 'NONE',  ( 21.21630391768896828, -17.98000000000000043, 5.020000000000000462 ) ) ;
#1766 = EDGE_CURVE ( 'NONE', #487, #1761, #1869, .T. ) ;
#1767 = FACE_OUTER_BOUND ( 'NONE', #491, .T. ) ;
#1768 = CARTESIAN_POINT ( 'NONE',  ( 19.95341666818141846, -2.294999999999990159, 4.394921116531270933 ) ) ;
#1769 = VERTEX_POINT ( 'NONE', #224 ) ;
#1770 = CARTESIAN_POINT ( 'NONE',  ( 19.63228350032719405, -17.23499999999997101, 4.318937641328306043 ) ) ;
#1771 = CARTESIAN_POINT ( 'NONE',  ( 0.000000000000000000, -15.87000000000000099, 0.000000000000000000 ) ) ;
#1772 = LINE ( 'NONE', #606, #1759 ) ;
#1773 = EDGE_CURVE ( 'NONE', #1583, #1769, #529, .T. ) ;
#1774 = FACE_OUTER_BOUND ( 'NONE', #214, .T. ) ;
#1775 = EDGE_CURVE ( 'NONE', #538, #1937, #1041, .T. ) ;
#1776 = CARTESIAN_POINT ( 'NONE',  ( 17.10999999999999943, -1.219999999999987761, 0.3747477419454636749 ) ) ;
#1777 = ORIENTED_EDGE ( 'NONE', *, *, #455, .T. ) ;
#1778 = CARTESIAN_POINT ( 'NONE',  ( 28.77005915639362499, -0.6000000000000005329, 6.807297704888269685 ) ) ;
#1779 = CARTESIAN_POINT ( 'NONE',  ( 36.09000000000000341, -16.96999999999999886, 12.63499999999999979 ) ) ;
#1780 = AXIS2_PLACEMENT_3D ( 'NONE', #800, #991, #164 ) ;
#1781 = CYLINDRICAL_SURFACE ( 'NONE', #391, 0.3100000000000077138 ) ;
#1782 = DIRECTION ( 'NONE',  ( 1.000000000000000000, 0.000000000000000000, 0.000000000000000000 ) ) ;
#1783 = AXIS2_PLACEMENT_3D ( 'NONE', #1600, #1446, #1266 ) ;
#1784 = VECTOR ( 'NONE', #126, 100.0000000000000000 ) ;
#1785 = CARTESIAN_POINT ( 'NONE',  ( 36.18999999999999773, -3.329999999999985860, 0.000000000000000000 ) ) ;
#1786 = EDGE_CURVE ( 'NONE', #1705, #1200, #1682, .T. ) ;
#1787 = VECTOR ( 'NONE', #1948, 100.0000000000000000 ) ;
#1788 = ORIENTED_EDGE ( 'NONE', *, *, #199, .T. ) ;
#1789 = CARTESIAN_POINT ( 'NONE',  ( 36.09000000000000341, -16.96999999999999886, 8.539272471910111406 ) ) ;
#1790 = DIRECTION ( 'NONE',  ( 0.000000000000000000, 0.000000000000000000, -1.000000000000000000 ) ) ;
#1791 = DIRECTION ( 'NONE',  ( -0.9731308116794301633, 0.000000000000000000, -0.2302529551604785840 ) ) ;
#1792 = ORIENTED_EDGE ( 'NONE', *, *, #1342, .T. ) ;
#1793 = FACE_BOUND ( 'NONE', #265, .T. ) ;
#1794 = DIRECTION ( 'NONE',  ( -0.9731308116794300522, 0.000000000000000000, -0.2302529551604788061 ) ) ;
#1795 = CARTESIAN_POINT ( 'NONE',  ( 26.74723817685775629, -17.97999999999998622, 5.019999999999987139 ) ) ;
#1796 = EDGE_CURVE ( 'NONE', #504, #1874, #56, .T. ) ;
#1797 = LINE ( 'NONE', #1628, #825 ) ;
#1798 = ORIENTED_EDGE ( 'NONE', *, *, #1197, .T. ) ;
#1799 = CARTESIAN_POINT ( 'NONE',  ( 26.15233727297595578, -0.5999999999999949818, 6.187917255506579117 ) ) ;
#1800 = DIRECTION ( 'NONE',  ( 0.000000000000000000, 0.000000000000000000, -1.000000000000000000 ) ) ;
#1801 = PLANE ( 'NONE',  #518 ) ;
#1802 = VERTEX_POINT ( 'NONE', #1030 ) ;
#1803 = DIRECTION ( 'NONE',  ( 0.000000000000000000, 0.000000000000000000, -1.000000000000000000 ) ) ;
#1804 = ORIENTED_EDGE ( 'NONE', *, *, #268, .F. ) ;
#1805 = DIRECTION ( 'NONE',  ( 1.000000000000000000, 0.000000000000000000, 0.000000000000000000 ) ) ;
#1806 = CARTESIAN_POINT ( 'NONE',  ( 18.09000000000000341, -16.08999999999999986, 0.000000000000000000 ) ) ;
#1807 = LINE ( 'NONE', #872, #1413 ) ;
#1808 = ORIENTED_EDGE ( 'NONE', *, *, #891, .F. ) ;
#1809 = LINE ( 'NONE', #650, #651 ) ;
#1810 = EDGE_CURVE ( 'NONE', #1874, #255, #2089, .T. ) ;
#1811 = EDGE_LOOP ( 'NONE', ( #2067, #506 ) ) ;
#1812 = LINE ( 'NONE', #653, #1011 ) ;
#1813 = ADVANCED_FACE ( 'NONE', ( #1340, #392, #1191, #1354, #1671, #2109, #1952, #323 ), #488, .F. ) ;
#1814 = AXIS2_PLACEMENT_3D ( 'NONE', #576, #912, #1258 ) ;
#1815 = EDGE_LOOP ( 'NONE', ( #1445, #290, #1006, #1116 ) ) ;
#1816 = EDGE_LOOP ( 'NONE', ( #1202, #1989, #1269, #1499 ) ) ;
#1817 = LINE ( 'NONE', #1187, #556 ) ;
#1818 = VECTOR ( 'NONE', #424, 100.0000000000000142 ) ;
#1819 = CARTESIAN_POINT ( 'NONE',  ( 35.07000000000000028, 1.656660919557850775E-14, 6.240000000000025970 ) ) ;
#1820 = VECTOR ( 'NONE', #1508, 100.0000000000000000 ) ;
#1821 = AXIS2_PLACEMENT_3D ( 'NONE', #571, #1897, #558 ) ;
#1822 = CARTESIAN_POINT ( 'NONE',  ( 30.50566987749120429, -0.5999999999999949818, -5.696238971870767998 ) ) ;
#1823 = EDGE_LOOP ( 'NONE', ( #655, #1243, #1228, #910 ) ) ;
#1824 = VECTOR ( 'NONE', #344, 100.0000000000000142 ) ;
#1825 = LINE ( 'NONE', #2103, #76 ) ;
#1826 = VECTOR ( 'NONE', #789, 100.0000000000000000 ) ;
#1827 = EDGE_LOOP ( 'NONE', ( #451, #1716, #814, #795 ) ) ;
#1828 = PRESENTATION_STYLE_ASSIGNMENT (( #1193 ) ) ;
#1829 = EDGE_CURVE ( 'NONE', #668, #1195, #1683, .T. ) ;
#1830 = CARTESIAN_POINT ( 'NONE',  ( 0.000000000000000000, -1.219999999999998863, 5.019999999999997797 ) ) ;
#1831 = EDGE_LOOP ( 'NONE', ( #381, #983, #1303, #10 ) ) ;
#1832 = CARTESIAN_POINT ( 'NONE',  ( 34.96999999999999886, -15.87000000000000099, 0.000000000000000000 ) ) ;
#1833 = DIRECTION ( 'NONE',  ( 0.7071067811865514585, 0.000000000000000000, -0.7071067811865437980 ) ) ;
#1834 = FACE_OUTER_BOUND ( 'NONE', #1365, .T. ) ;
#1835 = ORIENTED_EDGE ( 'NONE', *, *, #49, .T. ) ;
#1836 = PLANE ( 'NONE',  #345 ) ;
#1837 = EDGE_LOOP ( 'NONE', ( #2008, #372, #1395, #1663 ) ) ;
#1838 =( NAMED_UNIT ( * ) SI_UNIT ( $, .STERADIAN. ) SOLID_ANGLE_UNIT ( ) );
#1839 = ORIENTED_EDGE ( 'NONE', *, *, #2047, .T. ) ;
#1840 = PLANE ( 'NONE',  #1645 ) ;
#1841 = ORIENTED_EDGE ( 'NONE', *, *, #941, .F. ) ;
#1842 = EDGE_CURVE ( 'NONE', #1149, #343, #985, .T. ) ;
#1843 = CARTESIAN_POINT ( 'NONE',  ( 28.28865479011994921, -1.220000000000011076, 5.019999999999985363 ) ) ;
#1844 = ADVANCED_FACE ( 'NONE', ( #1151 ), #16, .F. ) ;
#1845 = LINE ( 'NONE', #1209, #937 ) ;
#1846 = ORIENTED_EDGE ( 'NONE', *, *, #49, .F. ) ;
#1847 = LINE ( 'NONE', #1374, #1858 ) ;
#1848 = ORIENTED_EDGE ( 'NONE', *, *, #993, .T. ) ;
#1849 = CARTESIAN_POINT ( 'NONE',  ( 36.09000000000000341, -3.229999999999985771, 12.63499999999999979 ) ) ;
#1850 = ORIENTED_EDGE ( 'NONE', *, *, #329, .T. ) ;
#1851 = ORIENTED_EDGE ( 'NONE', *, *, #1699, .T. ) ;
#1852 = CARTESIAN_POINT ( 'NONE',  ( 27.65153592330489118, -1.220000000000011076, 5.019999999999985363 ) ) ;
#1853 = EDGE_CURVE ( 'NONE', #1064, #508, #1540, .T. ) ;
#1854 = LINE ( 'NONE', #858, #1921 ) ;
#1855 = ORIENTED_EDGE ( 'NONE', *, *, #1181, .F. ) ;
#1856 = EDGE_CURVE ( 'NONE', #253, #568, #819, .T. ) ;
#1857 = CARTESIAN_POINT ( 'NONE',  ( 29.04625403469443512, -18.60000000000000142, 5.640000000000005009 ) ) ;
#1858 = VECTOR ( 'NONE', #1522, 100.0000000000000000 ) ;
#1859 = AXIS2_PLACEMENT_3D ( 'NONE', #374, #1505, #536 ) ;
#1860 = ORIENTED_EDGE ( 'NONE', *, *, #1194, .T. ) ;
#1861 = CARTESIAN_POINT ( 'NONE',  ( 29.34764421159268721, -18.60000000000000497, -5.970239988511736762 ) ) ;
#1862 = VECTOR ( 'NONE', #1982, 100.0000000000000000 ) ;
#1863 = EDGE_LOOP ( 'NONE', ( #663, #285, #1922, #1702 ) ) ;
#1864 = CARTESIAN_POINT ( 'NONE',  ( 27.91370404211573231, -18.60000000000000497, 6.604675104347052184 ) ) ;
#1865 = VERTEX_POINT ( 'NONE', #525 ) ;
#1866 = DIRECTION ( 'NONE',  ( -0.7071067811865587860, -1.327886044218368798E-16, -0.7071067811865362485 ) ) ;
#1867 = PRODUCT_RELATED_PRODUCT_CATEGORY ( 'part', '', ( #1744 ) ) ;
#1868 = CARTESIAN_POINT ( 'NONE',  ( 19.63228350032719405, -1.964999999999972324, 4.318937641328306043 ) ) ;
#1869 = LINE ( 'NONE', #378, #1949 ) ;
#1870 = EDGE_CURVE ( 'NONE', #710, #1590, #660, .T. ) ;
#1871 = ORIENTED_EDGE ( 'NONE', *, *, #1053, .F. ) ;
#1872 = DIRECTION ( 'NONE',  ( 0.000000000000000000, 0.000000000000000000, -1.000000000000000000 ) ) ;
#1873 = CARTESIAN_POINT ( 'NONE',  ( 36.09000000000000341, -16.96999999999999886, 12.63499999999999979 ) ) ;
#1874 = VERTEX_POINT ( 'NONE', #498 ) ;
#1875 = LINE ( 'NONE', #68, #767 ) ;
#1876 = ORIENTED_EDGE ( 'NONE', *, *, #1224, .F. ) ;
#1877 = CARTESIAN_POINT ( 'NONE',  ( 19.95341666818141846, -2.294999999999990159, 0.000000000000000000 ) ) ;
#1878 = PLANE ( 'NONE',  #766 ) ;
#1879 = EDGE_LOOP ( 'NONE', ( #396, #771, #2033, #13 ) ) ;
#1880 = CARTESIAN_POINT ( 'NONE',  ( 37.07000000000000028, -2.229999999999984883, 0.09999999999999453770 ) ) ;
#1881 = ADVANCED_FACE ( 'NONE', ( #187 ), #844, .T. ) ;
#1882 = CARTESIAN_POINT ( 'NONE',  ( 19.95341666818141846, -16.90499999999999403, 4.394921116531270933 ) ) ;
#1883 = ORIENTED_EDGE ( 'NONE', *, *, #186, .F. ) ;
#1884 = CARTESIAN_POINT ( 'NONE',  ( 23.68666666666667098, -7.806666666666658649, 5.696666666666670764 ) ) ;
#1885 = EDGE_CURVE ( 'NONE', #413, #1918, #1307, .T. ) ;
#1886 = ORIENTED_EDGE ( 'NONE', *, *, #293, .T. ) ;
#1887 = LINE ( 'NONE', #916, #1951 ) ;
#1888 = VECTOR ( 'NONE', #1901, 100.0000000000000000 ) ;
#1889 = CARTESIAN_POINT ( 'NONE',  ( 28.89955553282177902, -19.22000000000000242, 6.260000000000016662 ) ) ;
#1890 = VERTEX_POINT ( 'NONE', #2030 ) ;
#1891 = DIRECTION ( 'NONE',  ( 0.9731308116794299412, 0.000000000000000000, 0.2302529551604793612 ) ) ;
#1892 = LINE ( 'NONE', #1227, #1888 ) ;
#1893 = ORIENTED_EDGE ( 'NONE', *, *, #717, .T. ) ;
#1894 = DIRECTION ( 'NONE',  ( 0.000000000000000000, 0.3420201433256678802, -0.9396926207859087610 ) ) ;
#1895 = ORIENTED_EDGE ( 'NONE', *, *, #610, .F. ) ;
#1896 = EDGE_CURVE ( 'NONE', #1583, #474, #1337, .T. ) ;
#1897 = DIRECTION ( 'NONE',  ( 0.7071067811865279218, 0.000000000000000000, -0.7071067811865671127 ) ) ;
#1898 = FACE_OUTER_BOUND ( 'NONE', #859, .T. ) ;
#1899 = ORIENTED_EDGE ( 'NONE', *, *, #835, .F. ) ;
#1900 = CARTESIAN_POINT ( 'NONE',  ( 35.41333333333330557, -17.64666666666669315, 0.7766666666666527385 ) ) ;
#1901 = DIRECTION ( 'NONE',  ( 0.5773502691896257311, 0.5773502691896257311, 0.5773502691896257311 ) ) ;
#1902 = DIRECTION ( 'NONE',  ( -1.000000000000000000, 0.000000000000000000, 0.000000000000000000 ) ) ;
#1903 = CARTESIAN_POINT ( 'NONE',  ( 1.327779262221897350, -13.27416649771865842, 0.3141664977186080510 ) ) ;
#1904 = DIRECTION ( 'NONE',  ( 1.000000000000000000, 0.000000000000000000, 0.000000000000000000 ) ) ;
#1905 = EDGE_CURVE ( 'NONE', #1973, #1200, #1974, .T. ) ;
#1906 = LINE ( 'NONE', #2022, #1579 ) ;
#1907 = EDGE_CURVE ( 'NONE', #253, #1802, #1817, .T. ) ;
#1908 = VERTEX_POINT ( 'NONE', #197 ) ;
#1909 = CARTESIAN_POINT ( 'NONE',  ( 36.09000000000000341, -15.97000000000000064, 8.539272471910114959 ) ) ;
#1910 = LINE ( 'NONE', #778, #1138 ) ;
#1911 = FACE_OUTER_BOUND ( 'NONE', #1815, .T. ) ;
#1912 = LINE ( 'NONE', #139, #1551 ) ;
#1913 = DIRECTION ( 'NONE',  ( -1.000000000000000000, 0.000000000000000000, 0.000000000000000000 ) ) ;
#1914 = VERTEX_POINT ( 'NONE', #1832 ) ;
#1915 = EDGE_CURVE ( 'NONE', #1367, #1029, #363, .T. ) ;
#1916 = FACE_OUTER_BOUND ( 'NONE', #1417, .T. ) ;
#1917 = EDGE_CURVE ( 'NONE', #255, #1874, #171, .T. ) ;
#1918 = VERTEX_POINT ( 'NONE', #1785 ) ;
#1919 = CARTESIAN_POINT ( 'NONE',  ( 35.07000000000000028, -19.19999999999999929, 6.240000000000012648 ) ) ;
#1920 = VECTOR ( 'NONE', #612, 100.0000000000000000 ) ;
#1921 = VECTOR ( 'NONE', #1643, 100.0000000000000000 ) ;
#1922 = ORIENTED_EDGE ( 'NONE', *, *, #1608, .T. ) ;
#1923 = DIRECTION ( 'NONE',  ( -1.394752543498940254E-15, -1.000000000000000000, 0.000000000000000000 ) ) ;
#1924 = AXIS2_PLACEMENT_3D ( 'NONE', #163, #1978, #1630 ) ;
#1925 = AXIS2_PLACEMENT_3D ( 'NONE', #2080, #638, #1282 ) ;
#1926 = CIRCLE ( 'NONE', #1723, 0.3100000000000077138 ) ;
#1927 = DIRECTION ( 'NONE',  ( -1.000000000000000000, 0.000000000000000000, 0.000000000000000000 ) ) ;
#1928 = ORIENTED_EDGE ( 'NONE', *, *, #466, .F. ) ;
#1929 = VECTOR ( 'NONE', #465, 100.0000000000000000 ) ;
#1930 = ORIENTED_EDGE ( 'NONE', *, *, #1451, .T. ) ;
#1931 = CARTESIAN_POINT ( 'NONE',  ( 36.09000000000000341, -2.229999999999987548, 0.09999999999999453770 ) ) ;
#1932 = EDGE_CURVE ( 'NONE', #1477, #1107, #314, .T. ) ;
#1933 = PLANE ( 'NONE',  #1245 ) ;
#1934 = LINE ( 'NONE', #1903, #1048 ) ;
#1935 = CARTESIAN_POINT ( 'NONE',  ( 28.14195628824728246, -18.60000000000000497, 5.640000000000008562 ) ) ;
#1936 = FACE_OUTER_BOUND ( 'NONE', #597, .T. ) ;
#1937 = VERTEX_POINT ( 'NONE', #150 ) ;
#1938 = CARTESIAN_POINT ( 'NONE',  ( 19.95341666818141846, -19.19999999999999929, 0.000000000000000000 ) ) ;
#1939 = LINE ( 'NONE', #960, #1945 ) ;
#1940 = CARTESIAN_POINT ( 'NONE',  ( 19.20999999999999730, -2.209999999999989750, 0.000000000000000000 ) ) ;
#1941 = ADVANCED_FACE ( 'NONE', ( #812 ), #1457, .T. ) ;
#1942 = DIRECTION ( 'NONE',  ( 0.000000000000000000, 0.000000000000000000, -1.000000000000000000 ) ) ;
#1943 = CARTESIAN_POINT ( 'NONE',  ( 19.21000000000000085, -17.08999999999999986, 0.000000000000000000 ) ) ;
#1944 = CARTESIAN_POINT ( 'NONE',  ( 0.000000000000000000, -17.88000000000000256, 0.1000000000000000056 ) ) ;
#1945 = VECTOR ( 'NONE', #950, 100.0000000000000142 ) ;
#1946 = CYLINDRICAL_SURFACE ( 'NONE', #824, 0.3100000000000019962 ) ;
#1947 = VERTEX_POINT ( 'NONE', #1106 ) ;
#1948 = DIRECTION ( 'NONE',  ( 0.000000000000000000, -1.000000000000000000, 0.000000000000000000 ) ) ;
#1949 = VECTOR ( 'NONE', #1223, 100.0000000000000000 ) ;
#1950 = EDGE_CURVE ( 'NONE', #238, #551, #252, .T. ) ;
#1951 = VECTOR ( 'NONE', #266, 100.0000000000000000 ) ;
#1952 = FACE_BOUND ( 'NONE', #1399, .T. ) ;
#1953 = DIRECTION ( 'NONE',  ( 1.877914453019546570E-16, -1.000000000000000000, 0.000000000000000000 ) ) ;
#1954 = AXIS2_PLACEMENT_3D ( 'NONE', #615, #953, #2078 ) ;
#1955 = ORIENTED_EDGE ( 'NONE', *, *, #2114, .T. ) ;
#1956 = ORIENTED_EDGE ( 'NONE', *, *, #562, .F. ) ;
#1957 = CARTESIAN_POINT ( 'NONE',  ( 29.68337290150947894, -18.60000000000000142, 5.640000000000005009 ) ) ;
#1958 = CARTESIAN_POINT ( 'NONE',  ( 17.10999999999999943, -1.219999999999998863, 5.019999999999997797 ) ) ;
#1959 = CARTESIAN_POINT ( 'NONE',  ( 29.57828620936730601, -18.60000000000000142, 4.737788335293272368 ) ) ;
#1960 = VERTEX_POINT ( 'NONE', #262 ) ;
#1961 = LINE ( 'NONE', #1150, #1347 ) ;
#1962 = VERTEX_POINT ( 'NONE', #1096 ) ;
#1963 = CARTESIAN_POINT ( 'NONE',  ( 0.000000000000000000, -19.19999999999999929, 0.000000000000000000 ) ) ;
#1964 = DIRECTION ( 'NONE',  ( -0.000000000000000000, 1.000000000000000000, 0.000000000000000000 ) ) ;
#1965 = EDGE_CURVE ( 'NONE', #2003, #614, #1752, .T. ) ;
#1966 = CARTESIAN_POINT ( 'NONE',  ( 0.000000000000000000, -17.98000000000000043, 0.3747477419454632308 ) ) ;
#1967 = ORIENTED_EDGE ( 'NONE', *, *, #1553, .F. ) ;
#1968 = EDGE_CURVE ( 'NONE', #1555, #1644, #2069, .T. ) ;
#1969 = LINE ( 'NONE', #1460, #280 ) ;
#1970 = CARTESIAN_POINT ( 'NONE',  ( 17.21000000000000085, -16.08999999999999986, 0.000000000000000000 ) ) ;
#1971 = ORIENTED_EDGE ( 'NONE', *, *, #1608, .F. ) ;
#1972 = CARTESIAN_POINT ( 'NONE',  ( 28.14195628824728246, -18.60000000000000497, 5.640000000000008562 ) ) ;
#1973 = VERTEX_POINT ( 'NONE', #284 ) ;
#1974 = LINE ( 'NONE', #175, #1578 ) ;
#1975 = DIRECTION ( 'NONE',  ( 1.000000000000000000, 0.000000000000000000, 0.000000000000000000 ) ) ;
#1976 = CARTESIAN_POINT ( 'NONE',  ( 18.08999999999999986, -2.209999999999989750, 0.1000000000000000888 ) ) ;
#1977 = ORIENTED_EDGE ( 'NONE', *, *, #96, .T. ) ;
#1978 = DIRECTION ( 'NONE',  ( -1.000000000000000000, 1.394752543498940254E-15, 0.000000000000000000 ) ) ;
#1979 = ADVANCED_FACE ( 'NONE', ( #81 ), #757, .T. ) ;
#1980 = EDGE_LOOP ( 'NONE', ( #1485, #919, #1651 ) ) ;
#1981 = VERTEX_POINT ( 'NONE', #1741 ) ;
#1982 = DIRECTION ( 'NONE',  ( 0.000000000000000000, 1.000000000000000000, 0.000000000000000000 ) ) ;
#1983 = ORIENTED_EDGE ( 'NONE', *, *, #1386, .F. ) ;
#1984 = DIRECTION ( 'NONE',  ( 0.9731308116794299412, 0.000000000000000000, 0.2302529551604793612 ) ) ;
#1985 = AXIS2_PLACEMENT_3D ( 'NONE', #1698, #1257, #1095 ) ;
#1986 = DIRECTION ( 'NONE',  ( 0.000000000000000000, 1.000000000000000000, 0.000000000000000000 ) ) ;
#1987 = VECTOR ( 'NONE', #1571, 100.0000000000000000 ) ;
#1988 = CARTESIAN_POINT ( 'NONE',  ( 19.11000000000000298, -16.98999999999999844, 12.63499999999999979 ) ) ;
#1989 = ORIENTED_EDGE ( 'NONE', *, *, #1710, .T. ) ;
#1990 = VECTOR ( 'NONE', #543, 100.0000000000000000 ) ;
#1991 = CARTESIAN_POINT ( 'NONE',  ( 0.000000000000000000, -3.209999999999987974, 0.000000000000000000 ) ) ;
#1992 = ORIENTED_EDGE ( 'NONE', *, *, #1394, .T. ) ;
#1993 = DIRECTION ( 'NONE',  ( 0.000000000000000000, 0.000000000000000000, -1.000000000000000000 ) ) ;
#1994 = EDGE_CURVE ( 'NONE', #305, #474, #1389, .T. ) ;
#1995 = ORIENTED_EDGE ( 'NONE', *, *, #245, .F. ) ;
#1996 = CARTESIAN_POINT ( 'NONE',  ( -4.551436125827771515E-14, -2.230000000000090132, -1.076917517787151570E-14 ) ) ;
#1997 = EDGE_CURVE ( 'NONE', #1981, #428, #1566, .T. ) ;
#1998 = EDGE_LOOP ( 'NONE', ( #101, #22, #1067, #565 ) ) ;
#1999 = CARTESIAN_POINT ( 'NONE',  ( 28.14195628824728246, -0.5999999999999949818, 5.640000000000007674 ) ) ;
#2000 = CARTESIAN_POINT ( 'NONE',  ( 27.99525778637461926, -19.22000000000002018, 6.260000000000031761 ) ) ;
#2001 = ORIENTED_EDGE ( 'NONE', *, *, #199, .F. ) ;
#2002 = DIRECTION ( 'NONE',  ( 0.000000000000000000, 1.000000000000000000, -0.000000000000000000 ) ) ;
#2003 = VERTEX_POINT ( 'NONE', #1407 ) ;
#2004 = CARTESIAN_POINT ( 'NONE',  ( 36.97000000000000597, -2.329999999999985416, 0.000000000000000000 ) ) ;
#2005 = ADVANCED_FACE ( 'NONE', ( #604 ), #1268, .T. ) ;
#2006 = ORIENTED_EDGE ( 'NONE', *, *, #1235, .T. ) ;
#2007 = CARTESIAN_POINT ( 'NONE',  ( 28.74430310835142777, -0.5999999999999949818, -6.112996820711239288 ) ) ;
#2008 = ORIENTED_EDGE ( 'NONE', *, *, #245, .T. ) ;
#2009 = ADVANCED_FACE ( 'NONE', ( #1246 ), #90, .T. ) ;
#2010 = PLANE ( 'NONE',  #1512 ) ;
#2011 = CARTESIAN_POINT ( 'NONE',  ( 18.08999999999999986, -19.19999999999999929, 4.280283707865168097 ) ) ;
#2012 = ORIENTED_EDGE ( 'NONE', *, *, #1870, .T. ) ;
#2013 = CARTESIAN_POINT ( 'NONE',  ( 30.80734042911183579, -0.5999999999999949818, -5.624860555771017623 ) ) ;
#2014 = VERTEX_POINT ( 'NONE', #738 ) ;
#2015 = CARTESIAN_POINT ( 'NONE',  ( 0.000000000000000000, -3.109999999999987885, 0.000000000000000000 ) ) ;
#2016 = ORIENTED_EDGE ( 'NONE', *, *, #417, .F. ) ;
#2017 = LINE ( 'NONE', #1884, #215 ) ;
#2018 = ORIENTED_EDGE ( 'NONE', *, *, #1397, .T. ) ;
#2019 = LINE ( 'NONE', #1099, #1114 ) ;
#2020 = EDGE_CURVE ( 'NONE', #996, #1023, #1236, .T. ) ;
#2021 = VECTOR ( 'NONE', #1388, 100.0000000000000000 ) ;
#2022 = CARTESIAN_POINT ( 'NONE',  ( 18.08999999999999986, -2.209999999999989750, 12.63499999999999979 ) ) ;
#2023 = CARTESIAN_POINT ( 'NONE',  ( 34.17085782681789397, -16.90499999999999403, 7.758916791425877868 ) ) ;
#2024 = AXIS2_PLACEMENT_3D ( 'NONE', #1944, #477, #823 ) ;
#2025 = VECTOR ( 'NONE', #1173, 100.0000000000000000 ) ;
#2026 = CIRCLE ( 'NONE', #249, 0.3100000000000077138 ) ;
#2027 = ORIENTED_EDGE ( 'NONE', *, *, #1235, .F. ) ;
#2028 = FACE_OUTER_BOUND ( 'NONE', #805, .T. ) ;
#2029 = AXIS2_PLACEMENT_3D ( 'NONE', #944, #759, #131 ) ;
#2030 = CARTESIAN_POINT ( 'NONE',  ( 36.09000000000000341, -3.229999999999985771, 0.09999999999999453770 ) ) ;
#2031 = VERTEX_POINT ( 'NONE', #1398 ) ;
#2032 = DIRECTION ( 'NONE',  ( 0.000000000000000000, 0.000000000000000000, -1.000000000000000000 ) ) ;
#2033 = ORIENTED_EDGE ( 'NONE', *, *, #990, .F. ) ;
#2034 = CARTESIAN_POINT ( 'NONE',  ( 17.11000000000000298, -17.88000000000000256, 0.1000000000000000611 ) ) ;
#2035 = EDGE_CURVE ( 'NONE', #1060, #568, #1892, .T. ) ;
#2036 = CARTESIAN_POINT ( 'NONE',  ( 29.04625403469443512, -18.60000000000000142, 5.640000000000005009 ) ) ;
#2037 = ADVANCED_FACE ( 'NONE', ( #273 ), #1575, .T. ) ;
#2038 = ORIENTED_EDGE ( 'NONE', *, *, #316, .T. ) ;
#2039 = CARTESIAN_POINT ( 'NONE',  ( 17.11000000000000298, -17.98000000000000043, 12.63499999999999979 ) ) ;
#2040 = CARTESIAN_POINT ( 'NONE',  ( 19.11000000000000298, -17.08999999999999986, 0.000000000000000000 ) ) ;
#2041 = DIRECTION ( 'NONE',  ( 0.2302529551604794444, 0.000000000000000000, -0.9731308116794300522 ) ) ;
#2042 = ORIENTED_EDGE ( 'NONE', *, *, #1397, .F. ) ;
#2043 = LINE ( 'NONE', #1068, #453 ) ;
#2044 = CARTESIAN_POINT ( 'NONE',  ( 31.34666666666644375, -7.953333333333589827, -5.623333333333248696 ) ) ;
#2045 = ORIENTED_EDGE ( 'NONE', *, *, #1588, .F. ) ;
#2046 = CARTESIAN_POINT ( 'NONE',  ( 34.96999999999999886, -3.229999999999985771, 0.000000000000000000 ) ) ;
#2047 = EDGE_CURVE ( 'NONE', #551, #577, #1910, .T. ) ;
#2048 = DIRECTION ( 'NONE',  ( 0.000000000000000000, -0.7071067811865475727, -0.7071067811865475727 ) ) ;
#2049 = ORIENTED_EDGE ( 'NONE', *, *, #1896, .F. ) ;
#2050 = CARTESIAN_POINT ( 'NONE',  ( 37.07000000000000028, -2.329999999999985416, 0.000000000000000000 ) ) ;
#2051 = ORIENTED_EDGE ( 'NONE', *, *, #1917, .T. ) ;
#2052 = FACE_OUTER_BOUND ( 'NONE', #943, .T. ) ;
#2053 = AXIS2_PLACEMENT_3D ( 'NONE', #1882, #120, #237 ) ;
#2054 = FACE_BOUND ( 'NONE', #1155, .T. ) ;
#2055 = ORIENTED_EDGE ( 'NONE', *, *, #475, .T. ) ;
#2056 = VECTOR ( 'NONE', #643, 100.0000000000000142 ) ;
#2057 = CARTESIAN_POINT ( 'NONE',  ( 35.07000000000000028, -19.20000000000000284, 8.297929775280900699 ) ) ;
#2058 = AXIS2_PLACEMENT_3D ( 'NONE', #883, #999, #234 ) ;
#2059 = PLANE ( 'NONE',  #138 ) ;
#2060 = EDGE_CURVE ( 'NONE', #1686, #577, #567, .T. ) ;
#2061 = LINE ( 'NONE', #598, #74 ) ;
#2062 = AXIS2_PLACEMENT_3D ( 'NONE', #1559, #397, #889 ) ;
#2063 =( BOUNDED_CURVE ( )  B_SPLINE_CURVE ( 3, ( #353, #709, #2000, #223 ),
 .UNSPECIFIED., .F., .T. ) 
 B_SPLINE_CURVE_WITH_KNOTS ( ( 4, 4 ),
 ( 4.938697601239185886, 8.080290254828979002 ),
 .UNSPECIFIED. ) 
 CURVE ( )  GEOMETRIC_REPRESENTATION_ITEM ( )  RATIONAL_B_SPLINE_CURVE ( ( 1.000000000000000000, 0.3333333333333333703, 0.3333333333333333703, 1.000000000000000000 ) ) 
 REPRESENTATION_ITEM ( '' )  );
#2064 = EDGE_CURVE ( 'NONE', #69, #1404, #1063, .T. ) ;
#2065 = DIRECTION ( 'NONE',  ( -1.000000000000000000, 0.000000000000000000, 0.000000000000000000 ) ) ;
#2066 = LINE ( 'NONE', #105, #557 ) ;
#2067 = ORIENTED_EDGE ( 'NONE', *, *, #134, .T. ) ;
#2068 = FACE_OUTER_BOUND ( 'NONE', #644, .T. ) ;
#2069 = LINE ( 'NONE', #921, #861 ) ;
#2070 = VERTEX_POINT ( 'NONE', #1147 ) ;
#2071 = DIRECTION ( 'NONE',  ( -0.9731308116794300522, 0.000000000000000000, -0.2302529551604788061 ) ) ;
#2072 = ADVANCED_FACE ( 'NONE', ( #1288 ), #464, .T. ) ;
#2073 = DIRECTION ( 'NONE',  ( 1.000000000000000000, 0.000000000000000000, 0.000000000000000000 ) ) ;
#2074 = ADVANCED_FACE ( 'NONE', ( #652 ), #480, .T. ) ;
#2075 = CARTESIAN_POINT ( 'NONE',  ( 34.17085782681789397, -16.90499999999999403, 7.758916791425877868 ) ) ;
#2076 = DIRECTION ( 'NONE',  ( -0.9731308116794301633, 0.000000000000000000, -0.2302529551604785840 ) ) ;
#2077 = DIRECTION ( 'NONE',  ( -0.9731308116794299412, 0.000000000000000000, -0.2302529551604796110 ) ) ;
#2078 = DIRECTION ( 'NONE',  ( -0.9731308116794296081, 0.000000000000000000, -0.2302529551604809155 ) ) ;
#2079 = CARTESIAN_POINT ( 'NONE',  ( 26.60053967498508598, -18.60000000000000497, 5.640000000000011227 ) ) ;
#2080 = CARTESIAN_POINT ( 'NONE',  ( 17.99000000000000199, -19.19999999999999929, 0.000000000000000000 ) ) ;
#2081 = EDGE_CURVE ( 'NONE', #1937, #361, #2104, .T. ) ;
#2082 = AXIS2_PLACEMENT_3D ( 'NONE', #111, #770, #1419 ) ;
#2083 = EDGE_LOOP ( 'NONE', ( #1886, #1455, #298, #852 ) ) ;
#2084 = ADVANCED_FACE ( 'NONE', ( #1313 ), #1933, .T. ) ;
#2085 = CARTESIAN_POINT ( 'NONE',  ( 0.000000000000000000, -1.219999999999998863, 0.000000000000000000 ) ) ;
#2086 = VECTOR ( 'NONE', #1001, 100.0000000000000000 ) ;
#2087 = VERTEX_POINT ( 'NONE', #641 ) ;
#2088 = LINE ( 'NONE', #1295, #1075 ) ;
#2089 = CIRCLE ( 'NONE', #903, 0.3100000000000077138 ) ;
#2090 = VECTOR ( 'NONE', #1737, 100.0000000000000000 ) ;
#2091 = VECTOR ( 'NONE', #718, 100.0000000000000000 ) ;
#2092 = CARTESIAN_POINT ( 'NONE',  ( 35.07000000000000028, -17.98000000000000043, 5.020000000000000462 ) ) ;
#2093 = AXIS2_PLACEMENT_3D ( 'NONE', #1959, #677, #1334 ) ;
#2094 = LINE ( 'NONE', #468, #1470 ) ;
#2095 = EDGE_LOOP ( 'NONE', ( #1673, #678 ) ) ;
#2096 = DIRECTION ( 'NONE',  ( -0.9731308116794299412, -0.000000000000000000, -0.2302529551604793612 ) ) ;
#2097 = EDGE_CURVE ( 'NONE', #1097, #716, #1301, .T. ) ;
#2098 = DIRECTION ( 'NONE',  ( 1.000000000000000000, 0.000000000000000000, 0.000000000000000000 ) ) ;
#2099 = CARTESIAN_POINT ( 'NONE',  ( 27.50483742143222798, -0.5999999999999949818, 5.640000000000007674 ) ) ;
#2100 = FACE_OUTER_BOUND ( 'NONE', #1831, .T. ) ;
#2101 = DIRECTION ( 'NONE',  ( -0.2302529551604794167, 0.000000000000000000, 0.9731308116794300522 ) ) ;
#2102 = ORIENTED_EDGE ( 'NONE', *, *, #1252, .T. ) ;
#2103 = CARTESIAN_POINT ( 'NONE',  ( 19.63228350032719405, -17.23499999999997101, 4.318937641328306043 ) ) ;
#2104 = LINE ( 'NONE', #1958, #277 ) ;
#2105 = DIRECTION ( 'NONE',  ( 0.000000000000000000, 0.000000000000000000, -1.000000000000000000 ) ) ;
#2106 = EDGE_CURVE ( 'NONE', #1677, #1890, #1631, .T. ) ;
#2107 = ORIENTED_EDGE ( 'NONE', *, *, #1358, .T. ) ;
#2108 = CARTESIAN_POINT ( 'NONE',  ( 18.08999999999999986, -2.109999999999989662, 0.000000000000000000 ) ) ;
#2109 = FACE_BOUND ( 'NONE', #483, .T. ) ;
#2110 = FACE_OUTER_BOUND ( 'NONE', #707, .T. ) ;
#2111 = ORIENTED_EDGE ( 'NONE', *, *, #1773, .T. ) ;
#2112 =( NAMED_UNIT ( * ) SI_UNIT ( $, .STERADIAN. ) SOLID_ANGLE_UNIT ( ) );
#2113 = LINE ( 'NONE', #1500, #137 ) ;
#2114 = EDGE_CURVE ( 'NONE', #1434, #2087, #1939, .T. ) ;
#2115 = ORIENTED_EDGE ( 'NONE', *, *, #1563, .F. ) ;
ENDSEC;
END-ISO-10303-21;
