ISO-10303-21;
HEADER;
FILE_DESCRIPTION (( 'STEP AP214' ),
    '1' );
FILE_NAME ('ramp-middle_60.STEP',
    '2026-07-02T18:51:44',
    ( '' ),
    ( '' ),
    'SwSTEP 2.0',
    'SolidWorks 2023',
    '' );
FILE_SCHEMA (( 'AUTOMOTIVE_DESIGN' ));
ENDSEC;

DATA;
#1 = ADVANCED_FACE ( 'NONE', ( #1787 ), #1365, .T. ) ;
#2 = DIRECTION ( 'NONE',  ( -0.2302529551604794444, 0.000000000000000000, 0.9731308116794300522 ) ) ;
#3 = CARTESIAN_POINT ( 'NONE',  ( 16.11000000000000654, -15.99000000000000199, 12.63499999999999979 ) ) ;
#4 = CARTESIAN_POINT ( 'NONE',  ( 25.97369691892511057, -0.5999999999999949818, 5.640000000000008562 ) ) ;
#5 = EDGE_LOOP ( 'NONE', ( #20, #163 ) ) ;
#6 = DIRECTION ( 'NONE',  ( -0.000000000000000000, 1.000000000000000000, 0.000000000000000000 ) ) ;
#7 = LINE ( 'NONE', #1733, #879 ) ;
#8 = ORIENTED_EDGE ( 'NONE', *, *, #1297, .F. ) ;
#9 = DIRECTION ( 'NONE',  ( 0.000000000000000000, 0.000000000000000000, 1.000000000000000000 ) ) ;
#10 = ORIENTED_EDGE ( 'NONE', *, *, #983, .T. ) ;
#11 = CARTESIAN_POINT ( 'NONE',  ( 29.67309679075439988, -0.6000000000000005329, 5.640000000000002345 ) ) ;
#12 = LINE ( 'NONE', #1147, #755 ) ;
#13 = ORIENTED_EDGE ( 'NONE', *, *, #1723, .F. ) ;
#14 = EDGE_CURVE ( 'NONE', #36, #616, #927, .T. ) ;
#15 = DIRECTION ( 'NONE',  ( -0.2302529551604794167, 0.000000000000000000, 0.9731308116794299412 ) ) ;
#16 = CARTESIAN_POINT ( 'NONE',  ( 36.07000000000000028, -2.329999999999992966, 0.000000000000000000 ) ) ;
#17 = CARTESIAN_POINT ( 'NONE',  ( 27.37314724005247157, -19.20000000000001705, 6.240000000000026859 ) ) ;
#18 = UNCERTAINTY_MEASURE_WITH_UNIT (LENGTH_MEASURE( 1.000000000000000082E-05 ), #577, 'distance_accuracy_value', 'NONE');
#19 = EDGE_CURVE ( 'NONE', #1185, #1088, #1335, .T. ) ;
#20 = ORIENTED_EDGE ( 'NONE', *, *, #711, .T. ) ;
#21 = CARTESIAN_POINT ( 'NONE',  ( 35.96999999999999886, -16.86999999999999389, 0.000000000000000000 ) ) ;
#22 = LINE ( 'NONE', #281, #229 ) ;
#23 = AXIS2_PLACEMENT_3D ( 'NONE', #77, #1501, #916 ) ;
#24 = FACE_OUTER_BOUND ( 'NONE', #1749, .T. ) ;
#25 = ORIENTED_EDGE ( 'NONE', *, *, #1129, .T. ) ;
#26 = VECTOR ( 'NONE', #1341, 100.0000000000000000 ) ;
#27 = AXIS2_PLACEMENT_3D ( 'NONE', #1293, #1559, #1122 ) ;
#28 = EDGE_CURVE ( 'NONE', #1776, #1114, #543, .T. ) ;
#29 = PLANE ( 'NONE',  #996 ) ;
#30 = CARTESIAN_POINT ( 'NONE',  ( 34.07000000000000028, -15.97000000000000064, 0.1000000000000056399 ) ) ;
#31 = CARTESIAN_POINT ( 'NONE',  ( 33.96999999999999176, -1.319999999999998952, 0.000000000000000000 ) ) ;
#32 = VECTOR ( 'NONE', #1229, 100.0000000000000000 ) ;
#33 = VERTEX_POINT ( 'NONE', #1645 ) ;
#34 = CARTESIAN_POINT ( 'NONE',  ( 25.97369691892511057, -18.60000000000000497, 5.640000000000012115 ) ) ;
#35 =( BOUNDED_CURVE ( )  B_SPLINE_CURVE ( 3, ( #1275, #147, #1436, #1674 ),
 .UNSPECIFIED., .F., .T. ) 
 B_SPLINE_CURVE_WITH_KNOTS ( ( 4, 4 ),
 ( 1.797104947649392326, 4.938697601239187662 ),
 .UNSPECIFIED. ) 
 CURVE ( )  GEOMETRIC_REPRESENTATION_ITEM ( )  RATIONAL_B_SPLINE_CURVE ( ( 1.000000000000000000, 0.3333333333333325932, 0.3333333333333325932, 1.000000000000000000 ) ) 
 REPRESENTATION_ITEM ( '' )  );
#36 = VERTEX_POINT ( 'NONE', #652 ) ;
#37 = EDGE_CURVE ( 'NONE', #873, #393, #1665, .T. ) ;
#38 = FACE_OUTER_BOUND ( 'NONE', #1009, .T. ) ;
#39 = ORIENTED_EDGE ( 'NONE', *, *, #261, .T. ) ;
#40 = ORIENTED_EDGE ( 'NONE', *, *, #382, .F. ) ;
#41 = CARTESIAN_POINT ( 'NONE',  ( 36.07000000000000028, -2.229999999999987548, 8.534540262172285452 ) ) ;
#42 = CARTESIAN_POINT ( 'NONE',  ( 16.11000000000000654, -1.219999999999987761, 12.63499999999999979 ) ) ;
#43 = ORIENTED_EDGE ( 'NONE', *, *, #1408, .T. ) ;
#44 = LINE ( 'NONE', #568, #823 ) ;
#45 = PLANE ( 'NONE',  #735 ) ;
#46 = DIRECTION ( 'NONE',  ( 1.877914453019546570E-16, -1.000000000000000000, 0.000000000000000000 ) ) ;
#47 = EDGE_CURVE ( 'NONE', #1756, #1591, #1079, .T. ) ;
#48 = ORIENTED_EDGE ( 'NONE', *, *, #1149, .F. ) ;
#49 = DIRECTION ( 'NONE',  ( 0.000000000000000000, -1.000000000000000000, 0.000000000000000000 ) ) ;
#50 = FACE_BOUND ( 'NONE', #1258, .T. ) ;
#51 = ORIENTED_EDGE ( 'NONE', *, *, #921, .T. ) ;
#52 = VECTOR ( 'NONE', #1609, 100.0000000000000000 ) ;
#53 = VECTOR ( 'NONE', #1825, 100.0000000000000000 ) ;
#54 = DIRECTION ( 'NONE',  ( 0.9731308116794299412, 0.000000000000000000, 0.2302529551604793612 ) ) ;
#55 = CARTESIAN_POINT ( 'NONE',  ( 34.07000000000000028, -19.19999999999999929, 8.061319288389512394 ) ) ;
#56 = VECTOR ( 'NONE', #121, 100.0000000000000142 ) ;
#57 = PLANE ( 'NONE',  #614 ) ;
#58 = VERTEX_POINT ( 'NONE', #95 ) ;
#59 = ORIENTED_EDGE ( 'NONE', *, *, #1500, .T. ) ;
#60 = ORIENTED_EDGE ( 'NONE', *, *, #1734, .T. ) ;
#61 = CARTESIAN_POINT ( 'NONE',  ( 26.37245745943810959, 0.000000000000000000, 6.240000000000009095 ) ) ;
#62 = VECTOR ( 'NONE', #712, 100.0000000000000142 ) ;
#63 = EDGE_CURVE ( 'NONE', #1074, #1806, #668, .T. ) ;
#64 = LINE ( 'NONE', #746, #1795 ) ;
#65 = VERTEX_POINT ( 'NONE', #107 ) ;
#66 = DIRECTION ( 'NONE',  ( 0.000000000000000000, -1.000000000000000000, 0.000000000000000000 ) ) ;
#67 = CARTESIAN_POINT ( 'NONE',  ( 34.07000000000000028, -1.319999999999998952, 0.1000000000000000472 ) ) ;
#68 = PRODUCT_RELATED_PRODUCT_CATEGORY ( 'part', '', ( #1010 ) ) ;
#69 = CARTESIAN_POINT ( 'NONE',  ( 34.07000000000000028, -19.20000000000000284, 8.061319288389512394 ) ) ;
#70 = ORIENTED_EDGE ( 'NONE', *, *, #123, .T. ) ;
#71 = EDGE_LOOP ( 'NONE', ( #1525, #1796, #965, #159, #1659, #258, #910, #1667, #403, #946, #1626, #1496, #1470, #1372, #1439, #1172, #91, #1210, #1532, #89 ) ) ;
#72 = ORIENTED_EDGE ( 'NONE', *, *, #637, .F. ) ;
#73 = DIRECTION ( 'NONE',  ( -0.9731308116794302743, 0.000000000000000000, -0.2302529551604779456 ) ) ;
#74 = DIRECTION ( 'NONE',  ( 0.000000000000000000, 1.000000000000000000, 0.000000000000000000 ) ) ;
#75 = EDGE_LOOP ( 'NONE', ( #202, #532, #701, #1572 ) ) ;
#76 = ADVANCED_FACE ( 'NONE', ( #818 ), #390, .T. ) ;
#77 = CARTESIAN_POINT ( 'NONE',  ( 29.07172970801424938, -18.60000000000000142, 6.878676120988018283 ) ) ;
#78 = LINE ( 'NONE', #1794, #1830 ) ;
#79 = VECTOR ( 'NONE', #355, 100.0000000000000000 ) ;
#80 = EDGE_CURVE ( 'NONE', #1114, #1779, #535, .T. ) ;
#81 = ORIENTED_EDGE ( 'NONE', *, *, #739, .F. ) ;
#82 = ORIENTED_EDGE ( 'NONE', *, *, #480, .T. ) ;
#83 = FACE_BOUND ( 'NONE', #145, .T. ) ;
#84 = ORIENTED_EDGE ( 'NONE', *, *, #1734, .F. ) ;
#85 = LINE ( 'NONE', #1606, #26 ) ;
#86 = ADVANCED_FACE ( 'NONE', ( #827 ), #114, .T. ) ;
#87 = AXIS2_PLACEMENT_3D ( 'NONE', #1097, #417, #1381 ) ;
#88 = FACE_OUTER_BOUND ( 'NONE', #319, .T. ) ;
#89 = ORIENTED_EDGE ( 'NONE', *, *, #678, .T. ) ;
#90 = DIRECTION ( 'NONE',  ( 0.000000000000000000, -0.7071067811865475727, -0.7071067811865475727 ) ) ;
#91 = ORIENTED_EDGE ( 'NONE', *, *, #750, .T. ) ;
#92 = CARTESIAN_POINT ( 'NONE',  ( 34.07000000000000028, -17.98000000000000043, 5.020000000000000462 ) ) ;
#93 = FACE_OUTER_BOUND ( 'NONE', #1174, .T. ) ;
#94 = ADVANCED_FACE ( 'NONE', ( #426 ), #1685, .T. ) ;
#95 = CARTESIAN_POINT ( 'NONE',  ( 26.44427651647979260, -18.60000000000000497, 6.256993142054723123 ) ) ;
#96 = ORIENTED_EDGE ( 'NONE', *, *, #463, .F. ) ;
#97 = CARTESIAN_POINT ( 'NONE',  ( 34.07000000000000028, 1.665334536937734811E-14, 12.63499999999999979 ) ) ;
#98 = EDGE_CURVE ( 'NONE', #393, #938, #1702, .T. ) ;
#99 = ORIENTED_EDGE ( 'NONE', *, *, #770, .T. ) ;
#100 = CARTESIAN_POINT ( 'NONE',  ( 16.11000000000000654, -17.98000000000000398, 0.3747477419454832703 ) ) ;
#101 = DIRECTION ( 'NONE',  ( 0.000000000000000000, 1.000000000000000000, 0.000000000000000000 ) ) ;
#102 = ORIENTED_EDGE ( 'NONE', *, *, #265, .T. ) ;
#103 = CARTESIAN_POINT ( 'NONE',  ( 29.05653014544951773, -18.60000000000000142, 5.640000000000005009 ) ) ;
#104 = CARTESIAN_POINT ( 'NONE',  ( 34.07000000000000028, -1.219999999999998863, 0.3747477419454632308 ) ) ;
#105 = EDGE_CURVE ( 'NONE', #1088, #1185, #1392, .T. ) ;
#106 = DIRECTION ( 'NONE',  ( -0.2302529551604794444, 0.000000000000000000, 0.9731308116794300522 ) ) ;
#107 = CARTESIAN_POINT ( 'NONE',  ( 17.09000000000000341, -3.209999999999987974, 0.09999999999999731326 ) ) ;
#108 = VECTOR ( 'NONE', #1332, 100.0000000000000000 ) ;
#109 = ORIENTED_EDGE ( 'NONE', *, *, #105, .F. ) ;
#110 = VECTOR ( 'NONE', #223, 100.0000000000000000 ) ;
#111 = DIRECTION ( 'NONE',  ( -0.9731308116794302743, 0.000000000000000000, -0.2302529551604779456 ) ) ;
#112 = EDGE_CURVE ( 'NONE', #891, #873, #1694, .T. ) ;
#113 = DIRECTION ( 'NONE',  ( -0.2302529551604794444, 0.000000000000000000, 0.9731308116794300522 ) ) ;
#114 = PLANE ( 'NONE',  #348 ) ;
#115 = EDGE_CURVE ( 'NONE', #1776, #1781, #1428, .T. ) ;
#116 = ORIENTED_EDGE ( 'NONE', *, *, #1753, .F. ) ;
#117 = CYLINDRICAL_SURFACE ( 'NONE', #704, 0.3000000000000070388 ) ;
#118 = FACE_OUTER_BOUND ( 'NONE', #213, .T. ) ;
#119 = ADVANCED_FACE ( 'NONE', ( #1534 ), #129, .T. ) ;
#120 = DIRECTION ( 'NONE',  ( 0.000000000000000000, 0.7071067811865376918, -0.7071067811865573427 ) ) ;
#121 = DIRECTION ( 'NONE',  ( -0.9731308116794299412, -0.000000000000000000, -0.2302529551604793612 ) ) ;
#122 = ORIENTED_EDGE ( 'NONE', *, *, #590, .F. ) ;
#123 = EDGE_CURVE ( 'NONE', #1234, #1421, #562, .T. ) ;
#124 = CARTESIAN_POINT ( 'NONE',  ( 29.05653014544951773, -0.6000000000000005329, 5.640000000000002345 ) ) ;
#125 = CARTESIAN_POINT ( 'NONE',  ( -2.757695390768592603, -6.892499649107822535, -0.6524996491078870475 ) ) ;
#126 = DIRECTION ( 'NONE',  ( -0.9731308116794299412, -0.000000000000000000, -0.2302529551604793612 ) ) ;
#127 = ORIENTED_EDGE ( 'NONE', *, *, #544, .F. ) ;
#128 = DIRECTION ( 'NONE',  ( 1.394752543498940254E-15, -1.000000000000000000, 0.000000000000000000 ) ) ;
#129 = PLANE ( 'NONE',  #27 ) ;
#130 = EDGE_CURVE ( 'NONE', #563, #582, #569, .T. ) ;
#131 = VECTOR ( 'NONE', #46, 100.0000000000000000 ) ;
#132 = ORIENTED_EDGE ( 'NONE', *, *, #626, .F. ) ;
#133 = CYLINDRICAL_SURFACE ( 'NONE', #699, 0.3000000000000070388 ) ;
#134 = DIRECTION ( 'NONE',  ( -1.000000000000000000, 0.000000000000000000, 0.000000000000000000 ) ) ;
#135 = VERTEX_POINT ( 'NONE', #1006 ) ;
#136 = DIRECTION ( 'NONE',  ( -0.9731308116794304963, 0.000000000000000000, -0.2302529551604777514 ) ) ;
#137 = CARTESIAN_POINT ( 'NONE',  ( 18.11000000000000298, -16.98999999999999844, 12.63499999999999979 ) ) ;
#138 = ORIENTED_EDGE ( 'NONE', *, *, #596, .T. ) ;
#139 =( BOUNDED_CURVE ( )  B_SPLINE_CURVE ( 3, ( #961, #1574, #843, #124 ),
 .UNSPECIFIED., .F., .T. ) 
 B_SPLINE_CURVE_WITH_KNOTS ( ( 4, 4 ),
 ( 1.797104947649391660, 4.938697601239184110 ),
 .UNSPECIFIED. ) 
 CURVE ( )  GEOMETRIC_REPRESENTATION_ITEM ( )  RATIONAL_B_SPLINE_CURVE ( ( 1.000000000000000000, 0.3333333333333337034, 0.3333333333333337034, 1.000000000000000000 ) ) 
 REPRESENTATION_ITEM ( '' )  );
#140 = ADVANCED_FACE ( 'NONE', ( #553 ), #1264, .F. ) ;
#141 = CARTESIAN_POINT ( 'NONE',  ( 34.07000000000000028, -3.229999999999985771, 0.1000000000000056399 ) ) ;
#142 = ORIENTED_EDGE ( 'NONE', *, *, #14, .F. ) ;
#143 = DIRECTION ( 'NONE',  ( 0.000000000000000000, -1.000000000000000000, 0.000000000000000000 ) ) ;
#144 = DIRECTION ( 'NONE',  ( 0.000000000000000000, 0.000000000000000000, -1.000000000000000000 ) ) ;
#145 = EDGE_LOOP ( 'NONE', ( #249, #1186 ) ) ;
#146 = DIRECTION ( 'NONE',  ( 1.394752543498940254E-15, -1.000000000000000000, 0.000000000000000000 ) ) ;
#147 = CARTESIAN_POINT ( 'NONE',  ( 26.73222985636484239, -17.99999999999999289, 5.039999999999992042 ) ) ;
#148 = CARTESIAN_POINT ( 'NONE',  ( 36.07000000000000028, -19.19999999999999929, 8.534540262172285452 ) ) ;
#149 = ORIENTED_EDGE ( 'NONE', *, *, #1042, .T. ) ;
#150 = CARTESIAN_POINT ( 'NONE',  ( 35.96999999999999886, -2.329999999999992966, 0.000000000000000000 ) ) ;
#151 = EDGE_CURVE ( 'NONE', #747, #1218, #860, .T. ) ;
#152 = AXIS2_PLACEMENT_3D ( 'NONE', #42, #1481, #1075 ) ;
#153 = ORIENTED_EDGE ( 'NONE', *, *, #689, .T. ) ;
#154 = LINE ( 'NONE', #400, #826 ) ;
#155 = LINE ( 'NONE', #1294, #131 ) ;
#156 = EDGE_LOOP ( 'NONE', ( #556, #1829, #179, #1334 ) ) ;
#157 = VECTOR ( 'NONE', #1613, 100.0000000000000000 ) ;
#158 = DIRECTION ( 'NONE',  ( 0.000000000000000000, 1.000000000000000000, 0.000000000000000000 ) ) ;
#159 = ORIENTED_EDGE ( 'NONE', *, *, #830, .T. ) ;
#160 = CARTESIAN_POINT ( 'NONE',  ( 29.53113049861956441, -1.994931997373328159E-15, 6.240000000000009095 ) ) ;
#161 = VECTOR ( 'NONE', #1462, 100.0000000000000000 ) ;
#162 = EDGE_CURVE ( 'NONE', #471, #1819, #35, .T. ) ;
#163 = ORIENTED_EDGE ( 'NONE', *, *, #803, .T. ) ;
#164 = VECTOR ( 'NONE', #243, 100.0000000000000000 ) ;
#165 = CIRCLE ( 'NONE', #969, 0.3000000000000070388 ) ;
#166 = CARTESIAN_POINT ( 'NONE',  ( 18.11000000000000298, -19.19999999999999929, 4.285015917602996716 ) ) ;
#167 = FACE_OUTER_BOUND ( 'NONE', #1369, .T. ) ;
#168 = DIRECTION ( 'NONE',  ( 0.000000000000000000, -1.000000000000000000, 0.000000000000000000 ) ) ;
#169 = ORIENTED_EDGE ( 'NONE', *, *, #1542, .F. ) ;
#170 = EDGE_CURVE ( 'NONE', #1061, #723, #154, .T. ) ;
#171 = ORIENTED_EDGE ( 'NONE', *, *, #314, .F. ) ;
#172 = DIRECTION ( 'NONE',  ( 0.2302529551604794444, 0.000000000000000000, -0.9731308116794300522 ) ) ;
#173 = CARTESIAN_POINT ( 'NONE',  ( 35.09000000000001052, -2.229999999999987548, 8.302661985018730206 ) ) ;
#174 = EDGE_LOOP ( 'NONE', ( #342, #1600, #744, #142 ) ) ;
#175 = DIRECTION ( 'NONE',  ( 0.5773502691896310601, -0.5773502691896310601, 0.5773502691896150729 ) ) ;
#176 = CARTESIAN_POINT ( 'NONE',  ( 17.09000000000000696, -16.98999999999999844, 4.043673220973786897 ) ) ;
#177 = EDGE_CURVE ( 'NONE', #602, #1779, #718, .T. ) ;
#178 = DIRECTION ( 'NONE',  ( 1.000000000000000000, 0.000000000000000000, 0.000000000000000000 ) ) ;
#179 = ORIENTED_EDGE ( 'NONE', *, *, #521, .F. ) ;
#180 = CARTESIAN_POINT ( 'NONE',  ( 33.96999999999999176, -17.88000000000000256, 0.000000000000000000 ) ) ;
#181 = EDGE_CURVE ( 'NONE', #574, #582, #835, .T. ) ;
#182 = CARTESIAN_POINT ( 'NONE',  ( 16.11000000000000654, -17.98000000000000043, 12.63499999999999979 ) ) ;
#183 = ORIENTED_EDGE ( 'NONE', *, *, #1582, .F. ) ;
#184 = CARTESIAN_POINT ( 'NONE',  ( 0.000000000000000000, -16.98999999999999844, 0.000000000000000000 ) ) ;
#185 = CARTESIAN_POINT ( 'NONE',  ( 35.08999999999999631, -15.97000000000000064, 12.63499999999999979 ) ) ;
#186 = DIRECTION ( 'NONE',  ( 0.5773502691896257311, -0.5773502691896257311, -0.5773502691896257311 ) ) ;
#187 = EDGE_CURVE ( 'NONE', #733, #598, #849, .T. ) ;
#188 = ORIENTED_EDGE ( 'NONE', *, *, #477, .F. ) ;
#189 = ORIENTED_EDGE ( 'NONE', *, *, #343, .F. ) ;
#190 = ORIENTED_EDGE ( 'NONE', *, *, #1144, .F. ) ;
#191 = LINE ( 'NONE', #756, #1216 ) ;
#192 = FACE_BOUND ( 'NONE', #1577, .T. ) ;
#193 = PRODUCT_DEFINITION ( 'UNKNOWN', '', #1651, #1155 ) ;
#194 = ORIENTED_EDGE ( 'NONE', *, *, #250, .T. ) ;
#195 = VECTOR ( 'NONE', #1146, 100.0000000000000000 ) ;
#196 = VECTOR ( 'NONE', #228, 100.0000000000000000 ) ;
#197 = LINE ( 'NONE', #325, #196 ) ;
#198 = DIRECTION ( 'NONE',  ( -0.9731308116794299412, 0.000000000000000000, -0.2302529551604793334 ) ) ;
#199 = VECTOR ( 'NONE', #1105, 100.0000000000000142 ) ;
#200 = CARTESIAN_POINT ( 'NONE',  ( 34.07000000000000028, -15.86999999999999567, 0.000000000000000000 ) ) ;
#201 = ORIENTED_EDGE ( 'NONE', *, *, #324, .T. ) ;
#202 = ORIENTED_EDGE ( 'NONE', *, *, #794, .T. ) ;
#203 = ORIENTED_EDGE ( 'NONE', *, *, #1163, .T. ) ;
#204 = CARTESIAN_POINT ( 'NONE',  ( 35.19000000000000483, -2.329999999999992966, 0.000000000000000000 ) ) ;
#205 = AXIS2_PLACEMENT_3D ( 'NONE', #972, #1398, #1115 ) ;
#206 = ADVANCED_FACE ( 'NONE', ( #1131 ), #1418, .T. ) ;
#207 = LINE ( 'NONE', #182, #1578 ) ;
#208 = ORIENTED_EDGE ( 'NONE', *, *, #480, .F. ) ;
#209 = DIRECTION ( 'NONE',  ( 0.000000000000000000, 1.000000000000000000, 0.000000000000000000 ) ) ;
#210 = PLANE ( 'NONE',  #650 ) ;
#211 = CARTESIAN_POINT ( 'NONE',  ( 17.09000000000000341, -2.209999999999989750, 4.043673220973784233 ) ) ;
#212 = EDGE_LOOP ( 'NONE', ( #506, #609 ) ) ;
#213 = EDGE_LOOP ( 'NONE', ( #1052, #1583, #1459, #1200 ) ) ;
#214 = ORIENTED_EDGE ( 'NONE', *, *, #794, .F. ) ;
#215 = DIRECTION ( 'NONE',  ( -0.9731308116794302743, 0.000000000000000000, -0.2302529551604779456 ) ) ;
#216 = ORIENTED_EDGE ( 'NONE', *, *, #151, .T. ) ;
#217 = EDGE_CURVE ( 'NONE', #503, #1114, #295, .T. ) ;
#218 = FACE_OUTER_BOUND ( 'NONE', #882, .T. ) ;
#219 = CARTESIAN_POINT ( 'NONE',  ( 16.21000000000000796, -17.88000000000000256, 0.000000000000000000 ) ) ;
#220 =( BOUNDED_CURVE ( )  B_SPLINE_CURVE ( 3, ( #247, #1807, #1384, #685 ),
 .UNSPECIFIED., .F., .T. ) 
 B_SPLINE_CURVE_WITH_KNOTS ( ( 4, 4 ),
 ( 1.797104947649392326, 4.938697601239184998 ),
 .UNSPECIFIED. ) 
 CURVE ( )  GEOMETRIC_REPRESENTATION_ITEM ( )  RATIONAL_B_SPLINE_CURVE ( ( 1.000000000000000000, 0.3333333333333335369, 0.3333333333333335369, 1.000000000000000000 ) ) 
 REPRESENTATION_ITEM ( '' )  );
#221 = CARTESIAN_POINT ( 'NONE',  ( 33.96999999999999176, -3.229999999999985771, 0.000000000000000000 ) ) ;
#222 = VECTOR ( 'NONE', #1531, 100.0000000000000000 ) ;
#223 = DIRECTION ( 'NONE',  ( 0.000000000000000000, 0.3420201433256678802, -0.9396926207859087610 ) ) ;
#224 = EDGE_LOOP ( 'NONE', ( #116, #1221, #1486, #1719 ) ) ;
#225 = ORIENTED_EDGE ( 'NONE', *, *, #739, .T. ) ;
#226 = ORIENTED_EDGE ( 'NONE', *, *, #1316, .T. ) ;
#227 = EDGE_CURVE ( 'NONE', #1282, #768, #607, .T. ) ;
#228 = DIRECTION ( 'NONE',  ( 1.394752543498940254E-15, 1.000000000000000000, 3.300130784102829184E-16 ) ) ;
#229 = VECTOR ( 'NONE', #434, 100.0000000000000000 ) ;
#230 = CARTESIAN_POINT ( 'NONE',  ( 25.83173062679027510, -19.20000000000001350, 6.240000000000027747 ) ) ;
#231 = LINE ( 'NONE', #945, #763 ) ;
#232 = AXIS2_PLACEMENT_3D ( 'NONE', #233, #677, #1250 ) ;
#233 = CARTESIAN_POINT ( 'NONE',  ( 35.96999999999999886, -19.19999999999999929, 0.000000000000000000 ) ) ;
#234 = EDGE_LOOP ( 'NONE', ( #799, #1387, #858, #707 ) ) ;
#235 = CARTESIAN_POINT ( 'NONE',  ( 18.10999999999999943, -2.209999999999989750, 0.09999999999999734102 ) ) ;
#236 = DIRECTION ( 'NONE',  ( -0.9731308116794302743, 0.000000000000000000, -0.2302529551604779456 ) ) ;
#237 = CYLINDRICAL_SURFACE ( 'NONE', #254, 0.3000000000000070388 ) ;
#238 = VERTEX_POINT ( 'NONE', #67 ) ;
#239 = EDGE_LOOP ( 'NONE', ( #122, #1056, #550, #1325 ) ) ;
#240 = DIRECTION ( 'NONE',  ( -0.2302529551604794444, 0.000000000000000000, 0.9731308116794300522 ) ) ;
#241 = LINE ( 'NONE', #104, #452 ) ;
#242 = DIRECTION ( 'NONE',  ( -1.000000000000000000, 0.000000000000000000, 0.000000000000000000 ) ) ;
#243 = DIRECTION ( 'NONE',  ( -0.000000000000000000, 0.7071067811865436870, 0.7071067811865513475 ) ) ;
#244 = VECTOR ( 'NONE', #144, 100.0000000000000000 ) ;
#245 = ADVANCED_FACE ( 'NONE', ( #167 ), #210, .T. ) ;
#246 = ORIENTED_EDGE ( 'NONE', *, *, #1608, .T. ) ;
#247 = CARTESIAN_POINT ( 'NONE',  ( 29.67309679075439988, -18.60000000000000142, 5.640000000000005009 ) ) ;
#248 = LINE ( 'NONE', #1236, #1207 ) ;
#249 = ORIENTED_EDGE ( 'NONE', *, *, #1238, .F. ) ;
#250 = EDGE_CURVE ( 'NONE', #471, #58, #347, .T. ) ;
#251 = VECTOR ( 'NONE', #1021, 100.0000000000000000 ) ;
#252 = CARTESIAN_POINT ( 'NONE',  ( 29.04703398843925655, -0.5999999999999949818, -6.046099729514423871 ) ) ;
#253 = CARTESIAN_POINT ( 'NONE',  ( 30.34666666666666046, -7.953333333333330479, -5.623333333333334849 ) ) ;
#254 = AXIS2_PLACEMENT_3D ( 'NONE', #252, #106, #1539 ) ;
#255 = ORIENTED_EDGE ( 'NONE', *, *, #1268, .F. ) ;
#256 = LINE ( 'NONE', #663, #1509 ) ;
#257 = DIRECTION ( 'NONE',  ( -0.000000000000000000, 0.3420201433256678802, 0.9396926207859087610 ) ) ;
#258 = ORIENTED_EDGE ( 'NONE', *, *, #454, .T. ) ;
#259 = CARTESIAN_POINT ( 'NONE',  ( 0.000000000000000000, -16.08999999999999986, 0.000000000000000000 ) ) ;
#260 = DIRECTION ( 'NONE',  ( -4.770334648313475045E-16, -0.3420201433256678802, -0.9396926207859087610 ) ) ;
#261 = EDGE_CURVE ( 'NONE', #1488, #1487, #306, .T. ) ;
#262 = ORIENTED_EDGE ( 'NONE', *, *, #454, .F. ) ;
#263 = CARTESIAN_POINT ( 'NONE',  ( 29.04703398843925655, -18.60000000000000497, -6.046099729514423871 ) ) ;
#264 = DIRECTION ( 'NONE',  ( -0.9731308116794302743, 0.000000000000000000, -0.2302529551604779456 ) ) ;
#265 = EDGE_CURVE ( 'NONE', #753, #1735, #1036, .T. ) ;
#266 = DIRECTION ( 'NONE',  ( 0.000000000000000000, 0.000000000000000000, -1.000000000000000000 ) ) ;
#267 = VERTEX_POINT ( 'NONE', #1202 ) ;
#268 = DIRECTION ( 'NONE',  ( 0.000000000000000000, 0.7071067811865376918, -0.7071067811865573427 ) ) ;
#269 = DIRECTION ( 'NONE',  ( 1.000000000000000000, 0.000000000000000000, 0.000000000000000000 ) ) ;
#270 = ORIENTED_EDGE ( 'NONE', *, *, #1268, .T. ) ;
#271 = FACE_OUTER_BOUND ( 'NONE', #1612, .T. ) ;
#272 = DIRECTION ( 'NONE',  ( 1.394752543498940254E-15, -1.000000000000000000, 0.000000000000000000 ) ) ;
#273 = DIRECTION ( 'NONE',  ( -1.000000000000000000, 0.000000000000000000, 0.000000000000000000 ) ) ;
#274 = EDGE_LOOP ( 'NONE', ( #1177, #1824, #855, #72 ) ) ;
#275 = ADVANCED_FACE ( 'NONE', ( #1353 ), #45, .T. ) ;
#276 = CARTESIAN_POINT ( 'NONE',  ( 16.11000000000001009, -19.19999999999997442, 3.811794943820227211 ) ) ;
#277 = CIRCLE ( 'NONE', #611, 0.3000000000000070388 ) ;
#278 = EDGE_LOOP ( 'NONE', ( #931, #1272, #1743, #1291 ) ) ;
#279 = VECTOR ( 'NONE', #175, 100.0000000000000142 ) ;
#280 = CARTESIAN_POINT ( 'NONE',  ( 18.21000000000000441, -17.08999999999999986, 0.000000000000000000 ) ) ;
#281 = CARTESIAN_POINT ( 'NONE',  ( 0.000000000000000000, -17.98000000000000043, 5.020000000000000462 ) ) ;
#282 = EDGE_CURVE ( 'NONE', #1488, #587, #468, .T. ) ;
#283 = DIRECTION ( 'NONE',  ( 0.000000000000000000, -1.000000000000000000, 0.000000000000000000 ) ) ;
#284 = EDGE_LOOP ( 'NONE', ( #1512, #641, #1629, #1744 ) ) ;
#285 = DIRECTION ( 'NONE',  ( -0.7071067811865339170, -9.862389815852666874E-16, -0.7071067811865612285 ) ) ;
#286 = DIRECTION ( 'NONE',  ( 0.000000000000000000, 0.000000000000000000, -1.000000000000000000 ) ) ;
#287 = CARTESIAN_POINT ( 'NONE',  ( 27.37314724005247157, 1.587271980518778491E-14, 6.240000000000025082 ) ) ;
#288 = EDGE_CURVE ( 'NONE', #1767, #578, #628, .T. ) ;
#289 = ORIENTED_EDGE ( 'NONE', *, *, #414, .T. ) ;
#290 = CARTESIAN_POINT ( 'NONE',  ( 35.09000000000001052, -15.97000000000000064, 8.302661985018730206 ) ) ;
#291 = DIRECTION ( 'NONE',  ( -0.7071067811865475727, -0.000000000000000000, -0.7071067811865475727 ) ) ;
#292 = CARTESIAN_POINT ( 'NONE',  ( 26.73222985636484239, -1.200000000000007505, 5.039999999999988489 ) ) ;
#293 = ORIENTED_EDGE ( 'NONE', *, *, #1712, .F. ) ;
#294 = FACE_OUTER_BOUND ( 'NONE', #1347, .T. ) ;
#295 = LINE ( 'NONE', #781, #435 ) ;
#296 = FACE_OUTER_BOUND ( 'NONE', #643, .T. ) ;
#297 = ORIENTED_EDGE ( 'NONE', *, *, #812, .F. ) ;
#298 = EDGE_CURVE ( 'NONE', #1624, #58, #165, .T. ) ;
#299 = DIRECTION ( 'NONE',  ( 0.000000000000000000, 0.7071067811865436870, -0.7071067811865513475 ) ) ;
#300 = ORIENTED_EDGE ( 'NONE', *, *, #1467, .T. ) ;
#301 = CARTESIAN_POINT ( 'NONE',  ( 29.05653014544951773, -0.6000000000000005329, 5.640000000000002345 ) ) ;
#302 = AXIS2_PLACEMENT_3D ( 'NONE', #687, #1643, #808 ) ;
#303 = SURFACE_SIDE_STYLE ('',( #416 ) ) ;
#304 = ORIENTED_EDGE ( 'NONE', *, *, #1129, .F. ) ;
#305 = DIRECTION ( 'NONE',  ( -1.394752543498940254E-15, 1.000000000000000000, -3.300130784102829184E-16 ) ) ;
#306 = LINE ( 'NONE', #55, #1530 ) ;
#307 = EDGE_CURVE ( 'NONE', #1591, #846, #589, .T. ) ;
#308 = VECTOR ( 'NONE', #168, 100.0000000000000000 ) ;
#309 = CARTESIAN_POINT ( 'NONE',  ( 0.000000000000000000, 0.000000000000000000, 0.000000000000000000 ) ) ;
#310 = LINE ( 'NONE', #883, #1026 ) ;
#311 = AXIS2_PLACEMENT_3D ( 'NONE', #1179, #859, #599 ) ;
#312 = CARTESIAN_POINT ( 'NONE',  ( 34.07000000000000028, 1.665334536937734811E-14, 8.061319288389512394 ) ) ;
#313 = ORIENTED_EDGE ( 'NONE', *, *, #902, .F. ) ;
#314 = EDGE_CURVE ( 'NONE', #1757, #733, #1162, .T. ) ;
#315 = CARTESIAN_POINT ( 'NONE',  ( 33.96999999999999176, -15.86999999999999567, 0.000000000000000000 ) ) ;
#316 = CARTESIAN_POINT ( 'NONE',  ( 25.83173062679027510, 1.535230276239474279E-14, 6.240000000000022418 ) ) ;
#317 = VECTOR ( 'NONE', #299, 100.0000000000000000 ) ;
#318 = EDGE_CURVE ( 'NONE', #1683, #1195, #456, .T. ) ;
#319 = EDGE_LOOP ( 'NONE', ( #453, #1714, #59, #601 ) ) ;
#320 = ORIENTED_EDGE ( 'NONE', *, *, #80, .F. ) ;
#321 = DIRECTION ( 'NONE',  ( -1.394752543498940254E-15, -1.000000000000000000, 0.000000000000000000 ) ) ;
#322 = PLANE ( 'NONE',  #545 ) ;
#323 = ORIENTED_EDGE ( 'NONE', *, *, #521, .T. ) ;
#324 = EDGE_CURVE ( 'NONE', #1449, #1776, #447, .T. ) ;
#325 = CARTESIAN_POINT ( 'NONE',  ( 16.10999999999997812, -19.20000000000002416, 3.811794943820220105 ) ) ;
#326 = CARTESIAN_POINT ( 'NONE',  ( 34.07000000000000028, -19.19999999999999929, 8.061319288389512394 ) ) ;
#327 = PLANE ( 'NONE',  #696 ) ;
#328 = ORIENTED_EDGE ( 'NONE', *, *, #177, .F. ) ;
#329 = LINE ( 'NONE', #634, #344 ) ;
#330 = CARTESIAN_POINT ( 'NONE',  ( 28.75509474493542328, -18.60000000000000497, -6.115175616062568764 ) ) ;
#331 = VERTEX_POINT ( 'NONE', #1025 ) ;
#332 = COLOUR_RGB ( '',0.7921568627450980005, 0.8196078431372548767, 0.9333333333333333481 ) ;
#333 = LINE ( 'NONE', #905, #730 ) ;
#334 = DIRECTION ( 'NONE',  ( 0.7071067811865475727, 0.000000000000000000, -0.7071067811865475727 ) ) ;
#335 = VERTEX_POINT ( 'NONE', #315 ) ;
#336 = ADVANCED_FACE ( 'NONE', ( #888 ), #1607, .F. ) ;
#337 = DIRECTION ( 'NONE',  ( 0.000000000000000000, -1.000000000000000000, 0.000000000000000000 ) ) ;
#338 = EDGE_LOOP ( 'NONE', ( #541, #754, #1627, #1589 ) ) ;
#339 = VERTEX_POINT ( 'NONE', #176 ) ;
#340 = LINE ( 'NONE', #912, #398 ) ;
#341 = FACE_OUTER_BOUND ( 'NONE', #75, .T. ) ;
#342 = ORIENTED_EDGE ( 'NONE', *, *, #1661, .F. ) ;
#343 = EDGE_CURVE ( 'NONE', #753, #1228, #906, .T. ) ;
#344 = VECTOR ( 'NONE', #49, 100.0000000000000000 ) ;
#345 = VECTOR ( 'NONE', #1225, 100.0000000000000142 ) ;
#346 = CARTESIAN_POINT ( 'NONE',  ( 17.09000000000000341, -3.209999999999987974, 4.043673220973786897 ) ) ;
#347 = LINE ( 'NONE', #1054, #499 ) ;
#348 = AXIS2_PLACEMENT_3D ( 'NONE', #683, #1257, #995 ) ;
#349 = LINE ( 'NONE', #1364, #647 ) ;
#350 = VERTEX_POINT ( 'NONE', #844 ) ;
#351 = EDGE_CURVE ( 'NONE', #587, #546, #1670, .T. ) ;
#352 = VERTEX_POINT ( 'NONE', #686 ) ;
#353 = EDGE_LOOP ( 'NONE', ( #1000, #201, #1469, #1350 ) ) ;
#354 = DIRECTION ( 'NONE',  ( -0.2302529551604794444, 0.000000000000000000, 0.9731308116794300522 ) ) ;
#355 = DIRECTION ( 'NONE',  ( 1.000000000000000000, 0.000000000000000000, 0.000000000000000000 ) ) ;
#356 = ORIENTED_EDGE ( 'NONE', *, *, #1489, .T. ) ;
#357 = PLANE ( 'NONE',  #1585 ) ;
#358 = CARTESIAN_POINT ( 'NONE',  ( 0.000000000000000000, -17.98000000000000043, 5.020000000000000462 ) ) ;
#359 = VERTEX_POINT ( 'NONE', #219 ) ;
#360 =( BOUNDED_CURVE ( )  B_SPLINE_CURVE ( 3, ( #301, #1280, #160, #11 ),
 .UNSPECIFIED., .F., .F. ) 
 B_SPLINE_CURVE_WITH_KNOTS ( ( 4, 4 ),
 ( 4.938697601239184110, 8.080290254828977226 ),
 .UNSPECIFIED. ) 
 CURVE ( )  GEOMETRIC_REPRESENTATION_ITEM ( )  RATIONAL_B_SPLINE_CURVE ( ( 1.000000000000000000, 0.3333333333333333703, 0.3333333333333333703, 1.000000000000000000 ) ) 
 REPRESENTATION_ITEM ( '' )  );
#361 = VERTEX_POINT ( 'NONE', #831 ) ;
#362 = ORIENTED_EDGE ( 'NONE', *, *, #351, .T. ) ;
#363 = EDGE_CURVE ( 'NONE', #135, #65, #1269, .T. ) ;
#364 = LINE ( 'NONE', #1359, #654 ) ;
#365 = VERTEX_POINT ( 'NONE', #1260 ) ;
#366 = CARTESIAN_POINT ( 'NONE',  ( 35.08999999999999631, -15.97000000000000064, 12.63499999999999979 ) ) ;
#367 = DIRECTION ( 'NONE',  ( 0.000000000000000000, 1.000000000000000000, 0.000000000000000000 ) ) ;
#368 = CARTESIAN_POINT ( 'NONE',  ( 17.09000000000000341, -16.98999999999999844, 0.09999999999999731326 ) ) ;
#369 = DIRECTION ( 'NONE',  ( -0.5773502691896296168, 0.5773502691896318373, 0.5773502691896159611 ) ) ;
#370 = DIRECTION ( 'NONE',  ( -0.2302529551604794444, 0.000000000000000000, 0.9731308116794300522 ) ) ;
#371 = ADVANCED_FACE ( 'NONE', ( #1793, #1529, #1406, #93 ), #649, .F. ) ;
#372 = CYLINDRICAL_SURFACE ( 'NONE', #1262, 0.3000000000000070388 ) ;
#373 = VECTOR ( 'NONE', #1599, 100.0000000000000000 ) ;
#374 = AXIS2_PLACEMENT_3D ( 'NONE', #259, #120, #1684 ) ;
#375 = CARTESIAN_POINT ( 'NONE',  ( 34.07000000000000028, -17.98000000000000043, 0.3747477419454636749 ) ) ;
#376 = AXIS2_PLACEMENT_3D ( 'NONE', #309, #337, #1059 ) ;
#377 = ADVANCED_FACE ( 'NONE', ( #1637 ), #1068, .T. ) ;
#378 = ORIENTED_EDGE ( 'NONE', *, *, #170, .T. ) ;
#379 = VECTOR ( 'NONE', #1267, 100.0000000000000000 ) ;
#380 = DIRECTION ( 'NONE',  ( 0.000000000000000000, -1.000000000000000000, 0.000000000000000000 ) ) ;
#381 = ORIENTED_EDGE ( 'NONE', *, *, #37, .T. ) ;
#382 = EDGE_CURVE ( 'NONE', #496, #350, #791, .T. ) ;
#383 = LINE ( 'NONE', #1111, #1092 ) ;
#384 = EDGE_LOOP ( 'NONE', ( #523, #262, #1813, #1336 ) ) ;
#385 = EDGE_LOOP ( 'NONE', ( #138, #1219, #1513, #1106 ) ) ;
#386 = LINE ( 'NONE', #1011, #317 ) ;
#387 = DIRECTION ( 'NONE',  ( 1.000000000000000000, 0.000000000000000000, 0.000000000000000000 ) ) ;
#388 = ORIENTED_EDGE ( 'NONE', *, *, #626, .T. ) ;
#389 = CARTESIAN_POINT ( 'NONE',  ( 18.10999999999999943, -2.209999999999989750, 0.09999999999999731326 ) ) ;
#390 = PLANE ( 'NONE',  #232 ) ;
#391 = AXIS2_PLACEMENT_3D ( 'NONE', #930, #615, #1063 ) ;
#392 = ADVANCED_FACE ( 'NONE', ( #1085 ), #1493, .F. ) ;
#393 = VERTEX_POINT ( 'NONE', #547 ) ;
#394 = CARTESIAN_POINT ( 'NONE',  ( 35.08999999999999631, -2.229999999999987548, 12.63499999999999979 ) ) ;
#395 = DIRECTION ( 'NONE',  ( -0.9483172516123353768, -0.2243818066314930415, -0.2243818066314954562 ) ) ;
#396 = FACE_OUTER_BOUND ( 'NONE', #775, .T. ) ;
#397 = ADVANCED_FACE ( 'NONE', ( #1116 ), #639, .T. ) ;
#398 = VECTOR ( 'NONE', #1208, 100.0000000000000142 ) ;
#399 = DIRECTION ( 'NONE',  ( -1.000000000000000000, 0.000000000000000000, 0.000000000000000000 ) ) ;
#400 = CARTESIAN_POINT ( 'NONE',  ( 16.11000000000000654, -1.220000000000001528, 0.3747477419454560144 ) ) ;
#401 = CIRCLE ( 'NONE', #23, 0.3000000000000012657 ) ;
#402 = VECTOR ( 'NONE', #1835, 100.0000000000000000 ) ;
#403 = ORIENTED_EDGE ( 'NONE', *, *, #1464, .T. ) ;
#404 = VECTOR ( 'NONE', #1619, 100.0000000000000000 ) ;
#405 = ADVANCED_FACE ( 'NONE', ( #558 ), #1690, .T. ) ;
#406 = CARTESIAN_POINT ( 'NONE',  ( 18.11000000000000298, -16.98999999999999844, 0.09999999999999731326 ) ) ;
#407 = DIRECTION ( 'NONE',  ( 0.000000000000000000, -0.7071067811865436870, 0.7071067811865513475 ) ) ;
#408 = CARTESIAN_POINT ( 'NONE',  ( 33.96999999999999176, -17.88000000000000256, 0.000000000000000000 ) ) ;
#409 = ORIENTED_EDGE ( 'NONE', *, *, #98, .T. ) ;
#410 = CARTESIAN_POINT ( 'NONE',  ( 16.21000000000000085, -3.109999999999987885, 0.000000000000000000 ) ) ;
#411 = DIRECTION ( 'NONE',  ( -0.2302529551604794167, 0.000000000000000000, 0.9731308116794299412 ) ) ;
#412 = ORIENTED_EDGE ( 'NONE', *, *, #1125, .T. ) ;
#413 = PLANE ( 'NONE',  #806 ) ;
#414 = EDGE_CURVE ( 'NONE', #733, #1449, #1537, .T. ) ;
#415 = CARTESIAN_POINT ( 'NONE',  ( 25.97369691892511057, -18.60000000000000497, 5.640000000000012115 ) ) ;
#416 = SURFACE_STYLE_FILL_AREA ( #715 ) ;
#417 = DIRECTION ( 'NONE',  ( 0.000000000000000000, -1.000000000000000000, 0.000000000000000000 ) ) ;
#418 = CARTESIAN_POINT ( 'NONE',  ( 26.15233727297595578, -0.5999999999999949818, 6.187917255506579117 ) ) ;
#419 = VECTOR ( 'NONE', #845, 100.0000000000000000 ) ;
#420 = ORIENTED_EDGE ( 'NONE', *, *, #908, .F. ) ;
#421 = CARTESIAN_POINT ( 'NONE',  ( 34.07000000000000028, -3.229999999999985771, 0.1000000000000056399 ) ) ;
#422 = CYLINDRICAL_SURFACE ( 'NONE', #1141, 0.3000000000000012657 ) ;
#423 = ORIENTED_EDGE ( 'NONE', *, *, #181, .T. ) ;
#424 = EDGE_CURVE ( 'NONE', #1819, #471, #1419, .T. ) ;
#425 = CARTESIAN_POINT ( 'NONE',  ( 16.21000000000000441, -1.319999999999998952, 0.000000000000000000 ) ) ;
#426 = FACE_OUTER_BOUND ( 'NONE', #1482, .T. ) ;
#427 = CARTESIAN_POINT ( 'NONE',  ( 33.96999999999999176, -1.319999999999998952, 0.000000000000000000 ) ) ;
#428 = VECTOR ( 'NONE', #1484, 100.0000000000000142 ) ;
#429 = ORIENTED_EDGE ( 'NONE', *, *, #925, .T. ) ;
#430 = EDGE_CURVE ( 'NONE', #1145, #1449, #1546, .T. ) ;
#431 = AXIS2_PLACEMENT_3D ( 'NONE', #1597, #638, #1763 ) ;
#432 = CARTESIAN_POINT ( 'NONE',  ( 16.99000000000000199, -2.109999999999989662, 0.000000000000000000 ) ) ;
#433 = EDGE_LOOP ( 'NONE', ( #449, #1562, #320, #536 ) ) ;
#434 = DIRECTION ( 'NONE',  ( 1.000000000000000000, 0.000000000000000000, 0.000000000000000000 ) ) ;
#435 = VECTOR ( 'NONE', #1587, 100.0000000000000000 ) ;
#436 = CARTESIAN_POINT ( 'NONE',  ( 29.57828620936730601, -0.6000000000000005329, 4.737788335293272368 ) ) ;
#437 = EDGE_LOOP ( 'NONE', ( #1237, #1168, #1660, #1778 ) ) ;
#438 = DIRECTION ( 'NONE',  ( -1.000000000000000000, -1.877914453019546570E-16, 0.000000000000000000 ) ) ;
#439 = EDGE_CURVE ( 'NONE', #1061, #919, #1175, .T. ) ;
#440 = CARTESIAN_POINT ( 'NONE',  ( 26.59026356423000337, -0.5999999999999949818, 5.640000000000006786 ) ) ;
#441 = ORIENTED_EDGE ( 'NONE', *, *, #1376, .T. ) ;
#442 = CARTESIAN_POINT ( 'NONE',  ( 11.32666666666656496, -22.75333333333344044, -5.663333333333282482 ) ) ;
#443 = LINE ( 'NONE', #1030, #1242 ) ;
#444 = DIRECTION ( 'NONE',  ( 0.000000000000000000, 0.7071067811865475727, -0.7071067811865475727 ) ) ;
#445 = ORIENTED_EDGE ( 'NONE', *, *, #819, .F. ) ;
#446 = CARTESIAN_POINT ( 'NONE',  ( 25.86039802947211896, -0.5999999999999949818, 6.118841368958434224 ) ) ;
#447 = LINE ( 'NONE', #487, #1584 ) ;
#448 = DIRECTION ( 'NONE',  ( -1.000000000000000000, 0.000000000000000000, 0.000000000000000000 ) ) ;
#449 = ORIENTED_EDGE ( 'NONE', *, *, #115, .T. ) ;
#450 = CARTESIAN_POINT ( 'NONE',  ( 34.07000000000000028, 1.656660919557850775E-14, 6.240000000000025970 ) ) ;
#451 = LINE ( 'NONE', #1012, #195 ) ;
#452 = VECTOR ( 'NONE', #257, 100.0000000000000000 ) ;
#453 = ORIENTED_EDGE ( 'NONE', *, *, #1255, .F. ) ;
#454 = EDGE_CURVE ( 'NONE', #1195, #602, #1424, .T. ) ;
#455 = CARTESIAN_POINT ( 'NONE',  ( 18.11000000000000298, -16.98999999999999844, 4.285015917602996716 ) ) ;
#456 = LINE ( 'NONE', #1034, #1447 ) ;
#457 = CARTESIAN_POINT ( 'NONE',  ( 27.61203349049510081, -0.5999999999999949818, 6.533296688247299144 ) ) ;
#458 = ORIENTED_EDGE ( 'NONE', *, *, #1307, .T. ) ;
#459 = AXIS2_PLACEMENT_3D ( 'NONE', #1571, #1171, #469 ) ;
#460 = ORIENTED_EDGE ( 'NONE', *, *, #282, .T. ) ;
#461 = ORIENTED_EDGE ( 'NONE', *, *, #1608, .F. ) ;
#462 = PLANE ( 'NONE',  #1388 ) ;
#463 = EDGE_CURVE ( 'NONE', #1806, #587, #451, .T. ) ;
#464 = VECTOR ( 'NONE', #186, 100.0000000000000000 ) ;
#465 = LINE ( 'NONE', #330, #1520 ) ;
#466 = EDGE_LOOP ( 'NONE', ( #679, #1038, #1165, #96 ) ) ;
#467 = CARTESIAN_POINT ( 'NONE',  ( 0.000000000000000000, -3.109999999999987885, 0.000000000000000000 ) ) ;
#468 = LINE ( 'NONE', #1721, #1681 ) ;
#469 = DIRECTION ( 'NONE',  ( -0.9731308116794304963, 0.000000000000000000, -0.2302529551604777514 ) ) ;
#470 = ORIENTED_EDGE ( 'NONE', *, *, #1753, .T. ) ;
#471 = VERTEX_POINT ( 'NONE', #990 ) ;
#472 = ORIENTED_EDGE ( 'NONE', *, *, #570, .T. ) ;
#473 = DIRECTION ( 'NONE',  ( -0.2302529551604793612, 0.000000000000000000, 0.9731308116794299412 ) ) ;
#474 = EDGE_CURVE ( 'NONE', #496, #1156, #22, .T. ) ;
#475 = DIRECTION ( 'NONE',  ( -0.2302529551604794167, 0.000000000000000000, 0.9731308116794299412 ) ) ;
#476 = ORIENTED_EDGE ( 'NONE', *, *, #1522, .F. ) ;
#477 = EDGE_CURVE ( 'NONE', #1449, #1499, #856, .T. ) ;
#478 = CARTESIAN_POINT ( 'NONE',  ( 30.50673020595840512, -18.60000000000000497, -5.700720296773703843 ) ) ;
#479 = CARTESIAN_POINT ( 'NONE',  ( 29.87022545287113573, -18.60000000000000142, 4.806864221841415485 ) ) ;
#480 = EDGE_CURVE ( 'NONE', #992, #998, #360, .T. ) ;
#481 = ORIENTED_EDGE ( 'NONE', *, *, #1622, .F. ) ;
#482 = CARTESIAN_POINT ( 'NONE',  ( 27.61203349049510081, -18.60000000000000497, 6.533296688247299144 ) ) ;
#483 = DIRECTION ( 'NONE',  ( 0.2302529551604794444, 0.000000000000000000, -0.9731308116794300522 ) ) ;
#484 = ORIENTED_EDGE ( 'NONE', *, *, #711, .F. ) ;
#485 = VECTOR ( 'NONE', #266, 100.0000000000000000 ) ;
#486 = DIRECTION ( 'NONE',  ( 0.000000000000000000, -1.000000000000000000, 0.000000000000000000 ) ) ;
#487 = CARTESIAN_POINT ( 'NONE',  ( 36.07000000000000028, -16.96999999999999886, 0.1000000000000056399 ) ) ;
#488 = ADVANCED_BREP_SHAPE_REPRESENTATION ( 'ramp-middle_60', ( #1468, #376 ), #1093 ) ;
#489 = EDGE_CURVE ( 'NONE', #331, #1801, #734, .T. ) ;
#490 = CARTESIAN_POINT ( 'NONE',  ( 28.27364646962703887, -17.99999999999999289, 5.039999999999992042 ) ) ;
#491 = ORIENTED_EDGE ( 'NONE', *, *, #439, .F. ) ;
#492 = ORIENTED_EDGE ( 'NONE', *, *, #1338, .T. ) ;
#493 = DIRECTION ( 'NONE',  ( -0.5773502691896257311, 0.5773502691896257311, -0.5773502691896257311 ) ) ;
#494 = VECTOR ( 'NONE', #1575, 100.0000000000000000 ) ;
#495 = CARTESIAN_POINT ( 'NONE',  ( 34.07000000000000028, -19.19999999999999929, 6.240000000000012648 ) ) ;
#496 = VERTEX_POINT ( 'NONE', #745 ) ;
#497 = CARTESIAN_POINT ( 'NONE',  ( 35.08999999999999631, -16.96999999999999886, 8.302661985018726654 ) ) ;
#498 = CARTESIAN_POINT ( 'NONE',  ( 17.09000000000000341, -3.209999999999987974, 0.09999999999999734102 ) ) ;
#499 = VECTOR ( 'NONE', #1732, 100.0000000000000142 ) ;
#500 = LINE ( 'NONE', #221, #108 ) ;
#501 = ADVANCED_FACE ( 'NONE', ( #1565 ), #462, .T. ) ;
#502 = ORIENTED_EDGE ( 'NONE', *, *, #1081, .T. ) ;
#503 = VERTEX_POINT ( 'NONE', #41 ) ;
#504 = ORIENTED_EDGE ( 'NONE', *, *, #123, .F. ) ;
#505 = LINE ( 'NONE', #1349, #738 ) ;
#506 = ORIENTED_EDGE ( 'NONE', *, *, #671, .F. ) ;
#507 = LINE ( 'NONE', #1474, #161 ) ;
#508 = DIRECTION ( 'NONE',  ( -1.000000000000000000, -1.394752543498940254E-15, 0.000000000000000000 ) ) ;
#509 = LINE ( 'NONE', #200, #1553 ) ;
#510 = DIRECTION ( 'NONE',  ( 0.000000000000000000, -1.000000000000000000, 0.000000000000000000 ) ) ;
#511 = VERTEX_POINT ( 'NONE', #714 ) ;
#512 = DIRECTION ( 'NONE',  ( 1.000000000000000000, 0.000000000000000000, 0.000000000000000000 ) ) ;
#513 = ORIENTED_EDGE ( 'NONE', *, *, #80, .T. ) ;
#514 = LINE ( 'NONE', #964, #1110 ) ;
#515 = DIRECTION ( 'NONE',  ( 0.000000000000000000, 0.7071067811865513475, 0.7071067811865436870 ) ) ;
#516 = ADVANCED_FACE ( 'NONE', ( #565 ), #864, .T. ) ;
#517 = LINE ( 'NONE', #1045, #1506 ) ;
#518 = ORIENTED_EDGE ( 'NONE', *, *, #908, .T. ) ;
#519 = ORIENTED_EDGE ( 'NONE', *, *, #1594, .F. ) ;
#520 = CARTESIAN_POINT ( 'NONE',  ( 33.96999999999999176, -3.329999999999991189, 0.000000000000000000 ) ) ;
#521 = EDGE_CURVE ( 'NONE', #1380, #33, #1136, .T. ) ;
#522 = CARTESIAN_POINT ( 'NONE',  ( 18.21000000000000085, -2.209999999999989750, 0.000000000000000000 ) ) ;
#523 = ORIENTED_EDGE ( 'NONE', *, *, #819, .T. ) ;
#524 = VECTOR ( 'NONE', #1289, 100.0000000000000000 ) ;
#525 = AXIS2_PLACEMENT_3D ( 'NONE', #467, #1630, #759 ) ;
#526 = CARTESIAN_POINT ( 'NONE',  ( 0.000000000000000000, -15.97000000000000064, 0.000000000000000000 ) ) ;
#527 = VECTOR ( 'NONE', #978, 100.0000000000000000 ) ;
#528 = ORIENTED_EDGE ( 'NONE', *, *, #1119, .T. ) ;
#529 = ORIENTED_EDGE ( 'NONE', *, *, #98, .F. ) ;
#530 = PLANE ( 'NONE',  #1124 ) ;
#531 = CARTESIAN_POINT ( 'NONE',  ( 35.08999999999999631, -15.97000000000000064, 0.1000000000000056399 ) ) ;
#532 = ORIENTED_EDGE ( 'NONE', *, *, #1622, .T. ) ;
#533 = EDGE_CURVE ( 'NONE', #723, #135, #443, .T. ) ;
#534 = DIRECTION ( 'NONE',  ( -0.9731308116794299412, -0.000000000000000000, -0.2302529551604793612 ) ) ;
#535 = LINE ( 'NONE', #253, #1184 ) ;
#536 = ORIENTED_EDGE ( 'NONE', *, *, #28, .F. ) ;
#537 =( BOUNDED_CURVE ( )  B_SPLINE_CURVE ( 3, ( #1588, #316, #1465, #440 ),
 .UNSPECIFIED., .F., .T. ) 
 B_SPLINE_CURVE_WITH_KNOTS ( ( 4, 4 ),
 ( 4.938697601239188550, 8.080290254828979002 ),
 .UNSPECIFIED. ) 
 CURVE ( )  GEOMETRIC_REPRESENTATION_ITEM ( )  RATIONAL_B_SPLINE_CURVE ( ( 1.000000000000000000, 0.3333333333333342585, 0.3333333333333342585, 1.000000000000000000 ) ) 
 REPRESENTATION_ITEM ( '' )  );
#538 = EDGE_CURVE ( 'NONE', #1345, #511, #1476, .T. ) ;
#539 = CARTESIAN_POINT ( 'NONE',  ( 30.50673020595840512, -0.5999999999999949818, -5.700720296773703843 ) ) ;
#540 = DIRECTION ( 'NONE',  ( 1.000000000000000000, 0.000000000000000000, 0.000000000000000000 ) ) ;
#541 = ORIENTED_EDGE ( 'NONE', *, *, #867, .F. ) ;
#542 = FACE_BOUND ( 'NONE', #1197, .T. ) ;
#543 = LINE ( 'NONE', #937, #731 ) ;
#544 = EDGE_CURVE ( 'NONE', #1499, #598, #310, .T. ) ;
#545 = AXIS2_PLACEMENT_3D ( 'NONE', #1051, #1615, #1317 ) ;
#546 = VERTEX_POINT ( 'NONE', #1431 ) ;
#547 = CARTESIAN_POINT ( 'NONE',  ( 34.07000000000000028, -17.88000000000000256, 0.1000000000000000472 ) ) ;
#548 =( BOUNDED_CURVE ( )  B_SPLINE_CURVE ( 3, ( #751, #17, #861, #869 ),
 .UNSPECIFIED., .F., .T. ) 
 B_SPLINE_CURVE_WITH_KNOTS ( ( 4, 4 ),
 ( 4.938697601239184998, 8.080290254828979002 ),
 .UNSPECIFIED. ) 
 CURVE ( )  GEOMETRIC_REPRESENTATION_ITEM ( )  RATIONAL_B_SPLINE_CURVE ( ( 1.000000000000000000, 0.3333333333333330373, 0.3333333333333330373, 1.000000000000000000 ) ) 
 REPRESENTATION_ITEM ( '' )  );
#549 = DIRECTION ( 'NONE',  ( -1.877914453019546570E-16, 1.000000000000000000, 0.000000000000000000 ) ) ;
#550 = ORIENTED_EDGE ( 'NONE', *, *, #812, .T. ) ;
#551 = VECTOR ( 'NONE', #1437, 100.0000000000000142 ) ;
#552 = PLANE ( 'NONE',  #87 ) ;
#553 = FACE_OUTER_BOUND ( 'NONE', #989, .T. ) ;
#554 = VECTOR ( 'NONE', #54, 100.0000000000000142 ) ;
#555 = ADVANCED_FACE ( 'NONE', ( #1315 ), #1452, .T. ) ;
#556 = ORIENTED_EDGE ( 'NONE', *, *, #130, .T. ) ;
#557 = FACE_OUTER_BOUND ( 'NONE', #1650, .T. ) ;
#558 = FACE_OUTER_BOUND ( 'NONE', #1590, .T. ) ;
#559 = AXIS2_PLACEMENT_3D ( 'NONE', #1126, #9, #573 ) ;
#560 = FACE_OUTER_BOUND ( 'NONE', #174, .T. ) ;
#561 = LINE ( 'NONE', #1130, #1556 ) ;
#562 = LINE ( 'NONE', #1285, #56 ) ;
#563 = VERTEX_POINT ( 'NONE', #703 ) ;
#564 =( LENGTH_UNIT ( ) NAMED_UNIT ( * ) SI_UNIT ( .CENTI., .METRE. ) );
#565 = FACE_OUTER_BOUND ( 'NONE', #1041, .T. ) ;
#566 = CARTESIAN_POINT ( 'NONE',  ( 35.08999999999999631, -3.229999999999985771, 0.1000000000000056399 ) ) ;
#567 = VERTEX_POINT ( 'NONE', #180 ) ;
#568 = CARTESIAN_POINT ( 'NONE',  ( 16.11000000000000654, -17.98000000000000043, 0.3747477419454560144 ) ) ;
#569 = LINE ( 'NONE', #1540, #1625 ) ;
#570 = EDGE_CURVE ( 'NONE', #938, #335, #191, .T. ) ;
#571 = CARTESIAN_POINT ( 'NONE',  ( 16.21000000000000441, -15.99000000000000199, 0.000000000000000000 ) ) ;
#572 = ORIENTED_EDGE ( 'NONE', *, *, #630, .T. ) ;
#573 = DIRECTION ( 'NONE',  ( 0.000000000000000000, -1.000000000000000000, 0.000000000000000000 ) ) ;
#574 = VERTEX_POINT ( 'NONE', #1628 ) ;
#575 = CARTESIAN_POINT ( 'NONE',  ( 34.07000000000000028, -15.97000000000000064, 12.63499999999999979 ) ) ;
#576 = EDGE_CURVE ( 'NONE', #1218, #267, #277, .T. ) ;
#577 =( LENGTH_UNIT ( ) NAMED_UNIT ( * ) SI_UNIT ( .CENTI., .METRE. ) );
#578 = VERTEX_POINT ( 'NONE', #1746 ) ;
#579 = CARTESIAN_POINT ( 'NONE',  ( 36.07000000000000028, -2.229999999999987548, 0.1000000000000056399 ) ) ;
#580 = DIRECTION ( 'NONE',  ( 0.5773502691896310601, 0.5773502691896310601, 0.5773502691896150729 ) ) ;
#581 = VECTOR ( 'NONE', #448, 100.0000000000000000 ) ;
#582 = VERTEX_POINT ( 'NONE', #1187 ) ;
#583 = AXIS2_PLACEMENT_3D ( 'NONE', #478, #1617, #923 ) ;
#584 = LINE ( 'NONE', #1157, #1836 ) ;
#585 = CARTESIAN_POINT ( 'NONE',  ( 35.19000000000000483, -19.19999999999999929, 0.000000000000000000 ) ) ;
#586 = CYLINDRICAL_SURFACE ( 'NONE', #1497, 0.3000000000000012657 ) ;
#587 = VERTEX_POINT ( 'NONE', #61 ) ;
#588 = LINE ( 'NONE', #1292, #1367 ) ;
#589 = LINE ( 'NONE', #1764, #1222 ) ;
#590 = EDGE_CURVE ( 'NONE', #998, #1345, #1337, .T. ) ;
#591 = CARTESIAN_POINT ( 'NONE',  ( 27.51511353218730704, -18.60000000000000497, 5.640000000000008562 ) ) ;
#592 = ORIENTED_EDGE ( 'NONE', *, *, #653, .F. ) ;
#593 = APPLICATION_CONTEXT ( 'automotive_design' ) ;
#594 = DIRECTION ( 'NONE',  ( -0.9731308116794302743, 0.000000000000000000, -0.2302529551604779456 ) ) ;
#595 = CARTESIAN_POINT ( 'NONE',  ( 35.19000000000000483, -2.229999999999987548, 0.000000000000000000 ) ) ;
#596 = EDGE_CURVE ( 'NONE', #361, #33, #1039, .T. ) ;
#597 = CARTESIAN_POINT ( 'NONE',  ( 16.11000000000000298, -3.209999999999987974, 12.63499999999999979 ) ) ;
#598 = VERTEX_POINT ( 'NONE', #1758 ) ;
#599 = DIRECTION ( 'NONE',  ( -1.000000000000000000, 0.000000000000000000, 0.000000000000000000 ) ) ;
#600 = EDGE_CURVE ( 'NONE', #1779, #1781, #329, .T. ) ;
#601 = ORIENTED_EDGE ( 'NONE', *, *, #706, .T. ) ;
#602 = VERTEX_POINT ( 'NONE', #204 ) ;
#603 = CARTESIAN_POINT ( 'NONE',  ( 0.000000000000000000, -3.329999999999991189, 0.000000000000000000 ) ) ;
#604 = DIRECTION ( 'NONE',  ( 0.000000000000000000, -1.000000000000000000, 0.000000000000000000 ) ) ;
#605 = VERTEX_POINT ( 'NONE', #776 ) ;
#606 = DIRECTION ( 'NONE',  ( 1.000000000000000000, 0.000000000000000000, 0.000000000000000000 ) ) ;
#607 = LINE ( 'NONE', #326, #1305 ) ;
#608 = DIRECTION ( 'NONE',  ( -0.9731308116794302743, 0.000000000000000000, -0.2302529551604779456 ) ) ;
#609 = ORIENTED_EDGE ( 'NONE', *, *, #265, .F. ) ;
#610 = EDGE_CURVE ( 'NONE', #361, #574, #901, .T. ) ;
#611 = AXIS2_PLACEMENT_3D ( 'NONE', #482, #354, #73 ) ;
#612 = ORIENTED_EDGE ( 'NONE', *, *, #874, .F. ) ;
#613 = DIRECTION ( 'NONE',  ( 0.000000000000000000, -0.3420201433256678802, -0.9396926207859087610 ) ) ;
#614 = AXIS2_PLACEMENT_3D ( 'NONE', #1354, #1194, #918 ) ;
#615 = DIRECTION ( 'NONE',  ( 0.000000000000000000, -1.000000000000000000, 0.000000000000000000 ) ) ;
#616 = VERTEX_POINT ( 'NONE', #1471 ) ;
#617 = AXIS2_PLACEMENT_3D ( 'NONE', #1142, #1303, #6 ) ;
#618 = DIRECTION ( 'NONE',  ( -1.000000000000000000, 0.000000000000000000, 0.000000000000000000 ) ) ;
#619 = ADVANCED_FACE ( 'NONE', ( #1050 ), #765, .F. ) ;
#620 = DIRECTION ( 'NONE',  ( 0.000000000000000000, 0.000000000000000000, -1.000000000000000000 ) ) ;
#621 = ORIENTED_EDGE ( 'NONE', *, *, #151, .F. ) ;
#622 = ORIENTED_EDGE ( 'NONE', *, *, #1188, .T. ) ;
#623 = LINE ( 'NONE', #1770, #157 ) ;
#624 = LINE ( 'NONE', #1595, #79 ) ;
#625 = ORIENTED_EDGE ( 'NONE', *, *, #282, .F. ) ;
#626 = EDGE_CURVE ( 'NONE', #1340, #1061, #623, .T. ) ;
#627 = CARTESIAN_POINT ( 'NONE',  ( 34.07000000000000028, -19.20000000000000284, 12.63499999999999979 ) ) ;
#628 = LINE ( 'NONE', #1180, #1777 ) ;
#629 = LINE ( 'NONE', #479, #345 ) ;
#630 = EDGE_CURVE ( 'NONE', #1423, #1185, #340, .T. ) ;
#631 = VERTEX_POINT ( 'NONE', #31 ) ;
#632 = ORIENTED_EDGE ( 'NONE', *, *, #570, .F. ) ;
#633 = ORIENTED_EDGE ( 'NONE', *, *, #1551, .T. ) ;
#634 = CARTESIAN_POINT ( 'NONE',  ( 35.96999999999999886, -16.96999999999999886, 0.000000000000000000 ) ) ;
#635 = FACE_BOUND ( 'NONE', #1080, .T. ) ;
#636 = EDGE_LOOP ( 'NONE', ( #323, #911, #502, #169, #528 ) ) ;
#637 = EDGE_CURVE ( 'NONE', #359, #361, #897, .T. ) ;
#638 = DIRECTION ( 'NONE',  ( -0.2302529551604794444, 0.000000000000000000, 0.9731308116794300522 ) ) ;
#639 = PLANE ( 'NONE',  #797 ) ;
#640 = DIRECTION ( 'NONE',  ( -0.5773502691896319483, -0.5773502691896306160, 0.5773502691896146288 ) ) ;
#641 = ORIENTED_EDGE ( 'NONE', *, *, #1135, .T. ) ;
#642 = PRODUCT_CONTEXT ( 'NONE', #1761, 'mechanical' ) ;
#643 = EDGE_LOOP ( 'NONE', ( #458, #1404, #461, #1206 ) ) ;
#644 = VERTEX_POINT ( 'NONE', #742 ) ;
#645 = DIRECTION ( 'NONE',  ( 0.000000000000000000, 0.000000000000000000, -1.000000000000000000 ) ) ;
#646 = ORIENTED_EDGE ( 'NONE', *, *, #1213, .F. ) ;
#647 = VECTOR ( 'NONE', #1344, 100.0000000000000142 ) ;
#648 = CARTESIAN_POINT ( 'NONE',  ( 27.90397273399893763, -0.5999999999999949818, 6.602372574795444038 ) ) ;
#649 = PLANE ( 'NONE',  #1524 ) ;
#650 = AXIS2_PLACEMENT_3D ( 'NONE', #1342, #334, #1446 ) ;
#651 = LINE ( 'NONE', #1086, #464 ) ;
#652 = CARTESIAN_POINT ( 'NONE',  ( 29.05653014544951773, -18.60000000000000142, 5.640000000000005009 ) ) ;
#653 = EDGE_CURVE ( 'NONE', #563, #339, #7, .T. ) ;
#654 = VECTOR ( 'NONE', #645, 100.0000000000000000 ) ;
#655 = ORIENTED_EDGE ( 'NONE', *, *, #706, .F. ) ;
#656 = CARTESIAN_POINT ( 'NONE',  ( 34.07000000000000028, -3.229999999999985771, 12.63499999999999979 ) ) ;
#657 = ORIENTED_EDGE ( 'NONE', *, *, #1816, .F. ) ;
#658 = CARTESIAN_POINT ( 'NONE',  ( 16.11000000000000654, -17.88000000000000256, 0.1000000000000000056 ) ) ;
#659 = DIRECTION ( 'NONE',  ( 1.000000000000000000, 0.000000000000000000, 0.000000000000000000 ) ) ;
#660 = DIRECTION ( 'NONE',  ( 0.000000000000000000, 1.000000000000000000, 0.000000000000000000 ) ) ;
#661 = EDGE_CURVE ( 'NONE', #688, #1228, #939, .T. ) ;
#662 = ORIENTED_EDGE ( 'NONE', *, *, #474, .T. ) ;
#663 = CARTESIAN_POINT ( 'NONE',  ( 0.000000000000000000, -19.19999999999999929, 0.000000000000000000 ) ) ;
#664 = DIRECTION ( 'NONE',  ( 0.000000000000000000, 0.000000000000000000, -1.000000000000000000 ) ) ;
#665 = ORIENTED_EDGE ( 'NONE', *, *, #105, .T. ) ;
#666 = AXIS2_PLACEMENT_3D ( 'NONE', #1254, #380, #540 ) ;
#667 = CARTESIAN_POINT ( 'NONE',  ( 18.10999999999999943, -2.209999999999989750, 12.63499999999999979 ) ) ;
#668 = LINE ( 'NONE', #1098, #164 ) ;
#669 = ORIENTED_EDGE ( 'NONE', *, *, #700, .F. ) ;
#670 = DIRECTION ( 'NONE',  ( 1.000000000000000000, 0.000000000000000000, 0.000000000000000000 ) ) ;
#671 = EDGE_CURVE ( 'NONE', #1735, #753, #1101, .T. ) ;
#672 = CARTESIAN_POINT ( 'NONE',  ( 35.08999999999999631, -3.229999999999985771, 12.63499999999999979 ) ) ;
#673 = VECTOR ( 'NONE', #1727, 100.0000000000000000 ) ;
#674 = VECTOR ( 'NONE', #1053, 100.0000000000000000 ) ;
#675 = CARTESIAN_POINT ( 'NONE',  ( 29.67309679075439988, -0.6000000000000005329, 5.640000000000002345 ) ) ;
#676 = VECTOR ( 'NONE', #840, 100.0000000000000000 ) ;
#677 = DIRECTION ( 'NONE',  ( 0.7071067811865475727, 0.000000000000000000, -0.7071067811865475727 ) ) ;
#678 = EDGE_CURVE ( 'NONE', #1767, #1745, #1321, .T. ) ;
#679 = ORIENTED_EDGE ( 'NONE', *, *, #63, .F. ) ;
#680 = PLANE ( 'NONE',  #1309 ) ;
#681 = EDGE_CURVE ( 'NONE', #582, #33, #728, .T. ) ;
#682 = DIRECTION ( 'NONE',  ( -0.9731308116794299412, -0.000000000000000000, -0.2302529551604793612 ) ) ;
#683 = CARTESIAN_POINT ( 'NONE',  ( 36.07000000000000028, -16.96999999999999886, 12.63499999999999979 ) ) ;
#684 = EDGE_LOOP ( 'NONE', ( #313, #1346, #1227 ) ) ;
#685 = CARTESIAN_POINT ( 'NONE',  ( 29.05653014544951773, -18.60000000000000142, 5.640000000000005009 ) ) ;
#686 = CARTESIAN_POINT ( 'NONE',  ( 25.97369691892511057, -0.5999999999999949818, 5.640000000000008562 ) ) ;
#687 = CARTESIAN_POINT ( 'NONE',  ( 18.21000000000000441, -19.19999999999999929, 0.000000000000000000 ) ) ;
#688 = VERTEX_POINT ( 'NONE', #1017 ) ;
#689 = EDGE_CURVE ( 'NONE', #928, #1591, #155, .T. ) ;
#690 = DIRECTION ( 'NONE',  ( -0.5773502691896295058, -0.5773502691896319483, 0.5773502691896159611 ) ) ;
#691 = EDGE_LOOP ( 'NONE', ( #1004, #460, #362, #1266, #190, #504, #476, #1596, #304, #255, #592, #1708, #1173, #300, #1215, #519, #1277, #1382, #1601, #1737, #669, #737, #870, #293 ) ) ;
#692 = PLANE ( 'NONE',  #1747 ) ;
#693 = EDGE_CURVE ( 'NONE', #352, #1423, #537, .T. ) ;
#694 = DIRECTION ( 'NONE',  ( -0.000000000000000000, 1.000000000000000000, 0.000000000000000000 ) ) ;
#695 = ORIENTED_EDGE ( 'NONE', *, *, #1505, .F. ) ;
#696 = AXIS2_PLACEMENT_3D ( 'NONE', #889, #709, #1154 ) ;
#697 = FACE_OUTER_BOUND ( 'NONE', #353, .T. ) ;
#698 = CARTESIAN_POINT ( 'NONE',  ( 34.08000000000000540, -16.97999999999999687, 1.110000000000001430 ) ) ;
#699 = AXIS2_PLACEMENT_3D ( 'NONE', #263, #2, #594 ) ;
#700 = EDGE_CURVE ( 'NONE', #503, #779, #1579, .T. ) ;
#701 = ORIENTED_EDGE ( 'NONE', *, *, #925, .F. ) ;
#702 = DIRECTION ( 'NONE',  ( 0.000000000000000000, 1.000000000000000000, -0.000000000000000000 ) ) ;
#703 = CARTESIAN_POINT ( 'NONE',  ( 17.09000000000000341, -15.99000000000000199, 4.043673220973784233 ) ) ;
#704 = AXIS2_PLACEMENT_3D ( 'NONE', #1662, #240, #111 ) ;
#705 = DIRECTION ( 'NONE',  ( 1.000000000000000000, 0.000000000000000000, 0.000000000000000000 ) ) ;
#706 = EDGE_CURVE ( 'NONE', #238, #631, #1181, .T. ) ;
#707 = ORIENTED_EDGE ( 'NONE', *, *, #1125, .F. ) ;
#708 = CARTESIAN_POINT ( 'NONE',  ( 23.97999999999999687, -4.879999999999993676, -11.98999999999999844 ) ) ;
#709 = DIRECTION ( 'NONE',  ( 0.000000000000000000, 1.000000000000000000, 0.000000000000000000 ) ) ;
#710 = EDGE_LOOP ( 'NONE', ( #1635, #758 ) ) ;
#711 = EDGE_CURVE ( 'NONE', #747, #1535, #548, .T. ) ;
#712 = DIRECTION ( 'NONE',  ( 0.5773502691896310601, 0.5773502691896310601, 0.5773502691896150729 ) ) ;
#713 = ORIENTED_EDGE ( 'NONE', *, *, #874, .T. ) ;
#714 = CARTESIAN_POINT ( 'NONE',  ( 28.77979046451041967, -0.6000000000000005329, 6.809600234439875166 ) ) ;
#715 = FILL_AREA_STYLE ('',( #1271 ) ) ;
#716 = ORIENTED_EDGE ( 'NONE', *, *, #1113, .F. ) ;
#717 = DIRECTION ( 'NONE',  ( 0.000000000000000000, -0.7071067811865475727, -0.7071067811865475727 ) ) ;
#718 = LINE ( 'NONE', #16, #527 ) ;
#719 = ORIENTED_EDGE ( 'NONE', *, *, #967, .F. ) ;
#720 = DIRECTION ( 'NONE',  ( 0.000000000000000000, -1.000000000000000000, 0.000000000000000000 ) ) ;
#721 = DIRECTION ( 'NONE',  ( 0.000000000000000000, -1.000000000000000000, 0.000000000000000000 ) ) ;
#722 = CARTESIAN_POINT ( 'NONE',  ( 26.59026356423000337, -0.5999999999999949818, 5.640000000000006786 ) ) ;
#723 = VERTEX_POINT ( 'NONE', #1742 ) ;
#724 = ADVANCED_FACE ( 'NONE', ( #38 ), #1007, .F. ) ;
#725 = FACE_OUTER_BOUND ( 'NONE', #156, .T. ) ;
#726 = CARTESIAN_POINT ( 'NONE',  ( 11.32666666666656496, -21.75333333333344044, -5.663333333333282482 ) ) ;
#727 = VECTOR ( 'NONE', #892, 100.0000000000000000 ) ;
#728 = LINE ( 'NONE', #1027, #581 ) ;
#729 = ADVANCED_FACE ( 'NONE', ( #296 ), #327, .T. ) ;
#730 = VECTOR ( 'NONE', #895, 100.0000000000000000 ) ;
#731 = VECTOR ( 'NONE', #101, 100.0000000000000000 ) ;
#732 = DIRECTION ( 'NONE',  ( 1.000000000000000000, 0.000000000000000000, 0.000000000000000000 ) ) ;
#733 = VERTEX_POINT ( 'NONE', #1458 ) ;
#734 = LINE ( 'NONE', #421, #251 ) ;
#735 = AXIS2_PLACEMENT_3D ( 'NONE', #1751, #1475, #1320 ) ;
#736 = CARTESIAN_POINT ( 'NONE',  ( 35.08999999999999631, -16.86999999999999389, 0.000000000000000000 ) ) ;
#737 = ORIENTED_EDGE ( 'NONE', *, *, #842, .F. ) ;
#738 = VECTOR ( 'NONE', #74, 100.0000000000000000 ) ;
#739 = EDGE_CURVE ( 'NONE', #1535, #267, #1304, .T. ) ;
#740 = PLANE ( 'NONE',  #525 ) ;
#741 = DIRECTION ( 'NONE',  ( -1.000000000000000000, 0.000000000000000000, 0.000000000000000000 ) ) ;
#742 = CARTESIAN_POINT ( 'NONE',  ( 29.67309679075439988, -18.60000000000000142, 5.640000000000005009 ) ) ;
#743 = ORIENTED_EDGE ( 'NONE', *, *, #678, .F. ) ;
#744 = ORIENTED_EDGE ( 'NONE', *, *, #1548, .T. ) ;
#745 = CARTESIAN_POINT ( 'NONE',  ( 21.21630391768896828, -17.98000000000000043, 5.020000000000000462 ) ) ;
#746 = CARTESIAN_POINT ( 'NONE',  ( 16.99000000000000554, -16.98999999999999844, 0.000000000000000000 ) ) ;
#747 = VERTEX_POINT ( 'NONE', #591 ) ;
#748 = DIRECTION ( 'NONE',  ( -0.9731308116794299412, -0.000000000000000000, -0.2302529551604793612 ) ) ;
#749 = DIRECTION ( 'NONE',  ( -0.2302529551604794444, 0.000000000000000000, 0.9731308116794300522 ) ) ;
#750 = EDGE_CURVE ( 'NONE', #1580, #1756, #1713, .T. ) ;
#751 = CARTESIAN_POINT ( 'NONE',  ( 27.51511353218730704, -18.60000000000000497, 5.640000000000008562 ) ) ;
#752 = ORIENTED_EDGE ( 'NONE', *, *, #298, .F. ) ;
#753 = VERTEX_POINT ( 'NONE', #1786 ) ;
#754 = ORIENTED_EDGE ( 'NONE', *, *, #1698, .F. ) ;
#755 = VECTOR ( 'NONE', #1707, 100.0000000000000000 ) ;
#756 = CARTESIAN_POINT ( 'NONE',  ( 22.64666666666666117, -4.546666666666664192, -11.32333333333333059 ) ) ;
#757 = DIRECTION ( 'NONE',  ( -0.9731308116794304963, 0.000000000000000000, -0.2302529551604777514 ) ) ;
#758 = ORIENTED_EDGE ( 'NONE', *, *, #538, .T. ) ;
#759 = DIRECTION ( 'NONE',  ( 1.000000000000000000, 0.000000000000000000, 0.000000000000000000 ) ) ;
#760 = CARTESIAN_POINT ( 'NONE',  ( 27.65707982432214251, -1.200000000000004841, 5.039999999999991154 ) ) ;
#761 = CARTESIAN_POINT ( 'NONE',  ( 28.13168017749220340, -18.60000000000000497, 5.640000000000008562 ) ) ;
#762 = ADVANCED_FACE ( 'NONE', ( #926 ), #804, .T. ) ;
#763 = VECTOR ( 'NONE', #620, 100.0000000000000000 ) ;
#764 = ORIENTED_EDGE ( 'NONE', *, *, #1816, .T. ) ;
#765 = PLANE ( 'NONE',  #1300 ) ;
#766 = CIRCLE ( 'NONE', #941, 0.3000000000000012657 ) ;
#767 = DIRECTION ( 'NONE',  ( -0.7071067811865373587, 9.862389815852716178E-16, -0.7071067811865576758 ) ) ;
#768 = VERTEX_POINT ( 'NONE', #69 ) ;
#769 = VECTOR ( 'NONE', #1152, 100.0000000000000000 ) ;
#770 = EDGE_CURVE ( 'NONE', #331, #1195, #1638, .T. ) ;
#771 = CYLINDRICAL_SURFACE ( 'NONE', #583, 0.3000000000000070388 ) ;
#772 = CARTESIAN_POINT ( 'NONE',  ( 26.15233727297595578, -18.60000000000000497, 6.187917255506579117 ) ) ;
#773 = PLANE ( 'NONE',  #1804 ) ;
#774 = ORIENTED_EDGE ( 'NONE', *, *, #1072, .F. ) ;
#775 = EDGE_LOOP ( 'NONE', ( #1324, #875, #625 ) ) ;
#776 = CARTESIAN_POINT ( 'NONE',  ( 35.08999999999999631, -3.229999999999985771, 8.302661985018726654 ) ) ;
#777 = EDGE_CURVE ( 'NONE', #1190, #359, #1644, .T. ) ;
#778 = CARTESIAN_POINT ( 'NONE',  ( 29.07172970801424938, -18.60000000000000142, 6.878676120988018283 ) ) ;
#779 = VERTEX_POINT ( 'NONE', #1203 ) ;
#780 = PLANE ( 'NONE',  #800 ) ;
#781 = CARTESIAN_POINT ( 'NONE',  ( 36.07000000000000028, -2.229999999999987548, 12.63499999999999979 ) ) ;
#782 = CARTESIAN_POINT ( 'NONE',  ( 23.45999999999999730, 8.400000000000007461, 11.72999999999999865 ) ) ;
#783 = EDGE_LOOP ( 'NONE', ( #8, #48, #632, #529 ) ) ;
#784 = ORIENTED_EDGE ( 'NONE', *, *, #1489, .F. ) ;
#785 = ORIENTED_EDGE ( 'NONE', *, *, #878, .T. ) ;
#786 = CARTESIAN_POINT ( 'NONE',  ( 16.99000000000000554, -17.08999999999999986, 0.000000000000000000 ) ) ;
#787 = ORIENTED_EDGE ( 'NONE', *, *, #187, .T. ) ;
#788 = CIRCLE ( 'NONE', #1547, 0.3000000000000012657 ) ;
#789 = EDGE_CURVE ( 'NONE', #598, #335, #509, .T. ) ;
#790 = CARTESIAN_POINT ( 'NONE',  ( 35.08999999999999631, -2.229999999999987548, 12.63499999999999979 ) ) ;
#791 = LINE ( 'NONE', #924, #821 ) ;
#792 = DIRECTION ( 'NONE',  ( -0.2302529551604793612, 0.000000000000000000, 0.9731308116794299412 ) ) ;
#793 = ORIENTED_EDGE ( 'NONE', *, *, #318, .F. ) ;
#794 = EDGE_CURVE ( 'NONE', #828, #578, #231, .T. ) ;
#795 = ORIENTED_EDGE ( 'NONE', *, *, #661, .T. ) ;
#796 = ORIENTED_EDGE ( 'NONE', *, *, #803, .F. ) ;
#797 = AXIS2_PLACEMENT_3D ( 'NONE', #1224, #508, #272 ) ;
#798 = CARTESIAN_POINT ( 'NONE',  ( 0.000000000000000000, -15.99000000000000199, 0.000000000000000000 ) ) ;
#799 = ORIENTED_EDGE ( 'NONE', *, *, #671, .T. ) ;
#800 = AXIS2_PLACEMENT_3D ( 'NONE', #627, #837, #954 ) ;
#801 = LINE ( 'NONE', #790, #674 ) ;
#802 = CARTESIAN_POINT ( 'NONE',  ( 26.59026356423000337, -18.60000000000000497, 5.640000000000011227 ) ) ;
#803 = EDGE_CURVE ( 'NONE', #1535, #747, #1541, .T. ) ;
#804 = PLANE ( 'NONE',  #1414 ) ;
#805 = ORIENTED_EDGE ( 'NONE', *, *, #1135, .F. ) ;
#806 = AXIS2_PLACEMENT_3D ( 'NONE', #1715, #720, #732 ) ;
#807 = ORIENTED_EDGE ( 'NONE', *, *, #1251, .F. ) ;
#808 = DIRECTION ( 'NONE',  ( 1.877914453019546570E-16, -1.000000000000000000, 0.000000000000000000 ) ) ;
#809 = FACE_OUTER_BOUND ( 'NONE', #1318, .T. ) ;
#810 = ADVANCED_FACE ( 'NONE', ( #1485 ), #773, .T. ) ;
#811 = CARTESIAN_POINT ( 'NONE',  ( 26.15233727297595578, -0.5999999999999949818, 6.187917255506579117 ) ) ;
#812 = EDGE_CURVE ( 'NONE', #992, #511, #1494, .T. ) ;
#813 = ORIENTED_EDGE ( 'NONE', *, *, #227, .T. ) ;
#814 = DIRECTION ( 'NONE',  ( -1.000000000000000000, 0.000000000000000000, 0.000000000000000000 ) ) ;
#815 = DIRECTION ( 'NONE',  ( 0.7071067811865475727, 0.000000000000000000, 0.7071067811865475727 ) ) ;
#816 = PRESENTATION_LAYER_ASSIGNMENT (  '', '', ( #1731 ) ) ;
#817 = DIRECTION ( 'NONE',  ( -0.9731308116794302743, 0.000000000000000000, -0.2302529551604779456 ) ) ;
#818 = FACE_OUTER_BOUND ( 'NONE', #433, .T. ) ;
#819 = EDGE_CURVE ( 'NONE', #1451, #602, #651, .T. ) ;
#820 = FACE_OUTER_BOUND ( 'NONE', #1503, .T. ) ;
#821 = VECTOR ( 'NONE', #1363, 100.0000000000000142 ) ;
#822 = CARTESIAN_POINT ( 'NONE',  ( 16.11000000000000654, -15.99000000000000199, 3.811794943820227655 ) ) ;
#823 = VECTOR ( 'NONE', #1558, 100.0000000000000000 ) ;
#824 = CIRCLE ( 'NONE', #1678, 0.3000000000000070388 ) ;
#825 = LINE ( 'NONE', #1834, #1273 ) ;
#826 = VECTOR ( 'NONE', #260, 100.0000000000000000 ) ;
#827 = FACE_OUTER_BOUND ( 'NONE', #1323, .T. ) ;
#828 = VERTEX_POINT ( 'NONE', #211 ) ;
#829 = LINE ( 'NONE', #656, #1069 ) ;
#830 = EDGE_CURVE ( 'NONE', #631, #1683, #500, .T. ) ;
#831 = CARTESIAN_POINT ( 'NONE',  ( 16.21000000000000441, -16.08999999999999986, 0.000000000000000000 ) ) ;
#832 = PLANE ( 'NONE',  #1019 ) ;
#833 = ORIENTED_EDGE ( 'NONE', *, *, #1343, .T. ) ;
#834 = DIRECTION ( 'NONE',  ( 0.000000000000000000, -0.7071067811865513475, 0.7071067811865436870 ) ) ;
#835 = LINE ( 'NONE', #726, #1557 ) ;
#836 = ORIENTED_EDGE ( 'NONE', *, *, #878, .F. ) ;
#837 = DIRECTION ( 'NONE',  ( 1.000000000000000000, 0.000000000000000000, 0.000000000000000000 ) ) ;
#838 = ORIENTED_EDGE ( 'NONE', *, *, #162, .T. ) ;
#839 = PLANE ( 'NONE',  #1739 ) ;
#840 = DIRECTION ( 'NONE',  ( -0.5773502691896257311, 0.5773502691896257311, -0.5773502691896257311 ) ) ;
#841 = ORIENTED_EDGE ( 'NONE', *, *, #1420, .F. ) ;
#842 = EDGE_CURVE ( 'NONE', #1479, #503, #349, .T. ) ;
#843 = CARTESIAN_POINT ( 'NONE',  ( 29.19849643758435320, -1.199999999999998401, 5.039999999999998259 ) ) ;
#844 = CARTESIAN_POINT ( 'NONE',  ( 26.37245745943812381, -19.19999999999999929, 6.240000000000012648 ) ) ;
#845 = DIRECTION ( 'NONE',  ( -1.000000000000000000, 0.000000000000000000, 0.000000000000000000 ) ) ;
#846 = VERTEX_POINT ( 'NONE', #368 ) ;
#847 = VECTOR ( 'NONE', #1127, 100.0000000000000000 ) ;
#848 = CARTESIAN_POINT ( 'NONE',  ( 22.35333333333343830, -8.473333333333425088, 5.363333333333287989 ) ) ;
#849 = LINE ( 'NONE', #698, #769 ) ;
#850 = ADVANCED_FACE ( 'NONE', ( #88 ), #57, .F. ) ;
#851 = VECTOR ( 'NONE', #399, 100.0000000000000000 ) ;
#852 = VECTOR ( 'NONE', #269, 100.0000000000000000 ) ;
#853 = EDGE_LOOP ( 'NONE', ( #378, #1060, #784, #955, #388 ) ) ;
#854 = PLANE ( 'NONE',  #1593 ) ;
#855 = ORIENTED_EDGE ( 'NONE', *, *, #596, .F. ) ;
#856 = LINE ( 'NONE', #1001, #524 ) ;
#857 = CARTESIAN_POINT ( 'NONE',  ( 0.000000000000000000, -17.98000000000000043, 0.000000000000000000 ) ) ;
#858 = ORIENTED_EDGE ( 'NONE', *, *, #661, .F. ) ;
#859 = DIRECTION ( 'NONE',  ( 0.000000000000000000, 1.000000000000000000, 0.000000000000000000 ) ) ;
#860 = LINE ( 'NONE', #1410, #1680 ) ;
#861 = CARTESIAN_POINT ( 'NONE',  ( 27.98971388535736438, -19.20000000000001705, 6.240000000000026859 ) ) ;
#862 = ORIENTED_EDGE ( 'NONE', *, *, #288, .F. ) ;
#863 = CARTESIAN_POINT ( 'NONE',  ( 16.99000000000000199, -3.109999999999987885, 0.000000000000000000 ) ) ;
#864 = PLANE ( 'NONE',  #1706 ) ;
#865 = CARTESIAN_POINT ( 'NONE',  ( 0.000000000000000000, -2.329999999999992966, 0.000000000000000000 ) ) ;
#866 = ORIENTED_EDGE ( 'NONE', *, *, #693, .T. ) ;
#867 = EDGE_CURVE ( 'NONE', #644, #1687, #629, .T. ) ;
#868 = LINE ( 'NONE', #1015, #1153 ) ;
#869 = CARTESIAN_POINT ( 'NONE',  ( 28.13168017749220340, -18.60000000000000497, 5.640000000000008562 ) ) ;
#870 = ORIENTED_EDGE ( 'NONE', *, *, #1551, .F. ) ;
#871 =( GEOMETRIC_REPRESENTATION_CONTEXT ( 3 ) GLOBAL_UNCERTAINTY_ASSIGNED_CONTEXT ( ( #18 ) ) GLOBAL_UNIT_ASSIGNED_CONTEXT ( ( #577, #1699, #1425 ) ) REPRESENTATION_CONTEXT ( 'NONE', 'WORKASPACE' ) );
#872 = CARTESIAN_POINT ( 'NONE',  ( 36.07000000000000028, -16.96999999999999886, 0.1000000000000056399 ) ) ;
#873 = VERTEX_POINT ( 'NONE', #375 ) ;
#874 = EDGE_CURVE ( 'NONE', #919, #1074, #78, .T. ) ;
#875 = ORIENTED_EDGE ( 'NONE', *, *, #463, .T. ) ;
#876 = DIRECTION ( 'NONE',  ( -1.000000000000000000, 0.000000000000000000, 0.000000000000000000 ) ) ;
#877 = DIRECTION ( 'NONE',  ( 1.000000000000000000, 0.000000000000000000, 0.000000000000000000 ) ) ;
#878 = EDGE_CURVE ( 'NONE', #1014, #135, #517, .T. ) ;
#879 = VECTOR ( 'NONE', #1035, 100.0000000000000000 ) ;
#880 = DIRECTION ( 'NONE',  ( -1.394752543498940254E-15, 1.000000000000000000, 0.000000000000000000 ) ) ;
#881 = AXIS2_PLACEMENT_3D ( 'NONE', #1658, #268, #1256 ) ;
#882 = EDGE_LOOP ( 'NONE', ( #81, #484, #216, #1550 ) ) ;
#883 = CARTESIAN_POINT ( 'NONE',  ( 35.19000000000000483, -15.97000000000000064, 0.000000000000000000 ) ) ;
#884 = EDGE_CURVE ( 'NONE', #365, #928, #1214, .T. ) ;
#885 = LINE ( 'NONE', #736, #419 ) ;
#886 = EDGE_LOOP ( 'NONE', ( #246, #1605, #226, #713, #1491, #183, #39 ) ) ;
#887 = AXIS2_PLACEMENT_3D ( 'NONE', #1748, #1490, #1040 ) ;
#888 = FACE_OUTER_BOUND ( 'NONE', #1729, .T. ) ;
#889 = CARTESIAN_POINT ( 'NONE',  ( 34.07000000000000028, -3.229999999999985771, 12.63499999999999979 ) ) ;
#890 = EDGE_CURVE ( 'NONE', #365, #1767, #1394, .T. ) ;
#891 = VERTEX_POINT ( 'NONE', #100 ) ;
#892 = DIRECTION ( 'NONE',  ( -0.5773502691896358341, 0.5773502691896287287, 0.5773502691896128525 ) ) ;
#893 = PLANE ( 'NONE',  #391 ) ;
#894 = ORIENTED_EDGE ( 'NONE', *, *, #1163, .F. ) ;
#895 = DIRECTION ( 'NONE',  ( 0.000000000000000000, 0.000000000000000000, -1.000000000000000000 ) ) ;
#896 = DIRECTION ( 'NONE',  ( -0.9731308116794302743, 0.000000000000000000, -0.2302529551604779456 ) ) ;
#897 = LINE ( 'NONE', #571, #1676 ) ;
#898 = ORIENTED_EDGE ( 'NONE', *, *, #489, .F. ) ;
#899 = EDGE_LOOP ( 'NONE', ( #795, #1233 ) ) ;
#900 = ORIENTED_EDGE ( 'NONE', *, *, #1307, .F. ) ;
#901 = LINE ( 'NONE', #1198, #963 ) ;
#902 = EDGE_CURVE ( 'NONE', #1543, #350, #825, .T. ) ;
#903 = CARTESIAN_POINT ( 'NONE',  ( 16.20999999999997954, -19.20000000000002416, 0.000000000000000000 ) ) ;
#904 = VERTEX_POINT ( 'NONE', #1673 ) ;
#905 = CARTESIAN_POINT ( 'NONE',  ( 34.07000000000000028, -15.97000000000000064, 12.63499999999999979 ) ) ;
#906 = LINE ( 'NONE', #917, #428 ) ;
#907 = CARTESIAN_POINT ( 'NONE',  ( 17.09000000000000341, -15.99000000000000199, 12.63499999999999979 ) ) ;
#908 = EDGE_CURVE ( 'NONE', #267, #1218, #824, .T. ) ;
#909 = AXIS2_PLACEMENT_3D ( 'NONE', #1697, #172, #1158 ) ;
#910 = ORIENTED_EDGE ( 'NONE', *, *, #177, .T. ) ;
#911 = ORIENTED_EDGE ( 'NONE', *, *, #942, .T. ) ;
#912 = CARTESIAN_POINT ( 'NONE',  ( 29.33897323194309337, -0.5999999999999949818, -5.977023842966278977 ) ) ;
#913 = VECTOR ( 'NONE', #682, 100.0000000000000142 ) ;
#914 = LINE ( 'NONE', #1031, #1435 ) ;
#915 = ORIENTED_EDGE ( 'NONE', *, *, #1081, .F. ) ;
#916 = DIRECTION ( 'NONE',  ( -0.9731308116794304963, 0.000000000000000000, -0.2302529551604777514 ) ) ;
#917 = CARTESIAN_POINT ( 'NONE',  ( 30.79866944946224194, -0.5999999999999949818, -5.631644410225558950 ) ) ;
#918 = DIRECTION ( 'NONE',  ( 1.000000000000000000, 0.000000000000000000, 0.000000000000000000 ) ) ;
#919 = VERTEX_POINT ( 'NONE', #1274 ) ;
#920 = ORIENTED_EDGE ( 'NONE', *, *, #307, .F. ) ;
#921 = EDGE_CURVE ( 'NONE', #1757, #1282, #1516, .T. ) ;
#922 = DIRECTION ( 'NONE',  ( 0.000000000000000000, 0.000000000000000000, -1.000000000000000000 ) ) ;
#923 = DIRECTION ( 'NONE',  ( -0.9731308116794302743, 0.000000000000000000, -0.2302529551604779456 ) ) ;
#924 = CARTESIAN_POINT ( 'NONE',  ( 1.327779262221897350, -13.27416649771865842, 0.3141664977186080510 ) ) ;
#925 = EDGE_CURVE ( 'NONE', #904, #928, #968, .T. ) ;
#926 = FACE_OUTER_BOUND ( 'NONE', #1248, .T. ) ;
#927 = LINE ( 'NONE', #1812, #199 ) ;
#928 = VERTEX_POINT ( 'NONE', #389 ) ;
#929 = EDGE_LOOP ( 'NONE', ( #381, #409, #1109, #813, #441, #60, #1769 ) ) ;
#930 = CARTESIAN_POINT ( 'NONE',  ( 17.09000000000000341, -2.209999999999989750, 12.63499999999999979 ) ) ;
#931 = ORIENTED_EDGE ( 'NONE', *, *, #250, .F. ) ;
#932 = ADVANCED_FACE ( 'NONE', ( #1239 ), #957, .T. ) ;
#933 = VECTOR ( 'NONE', #1108, 100.0000000000000000 ) ;
#934 = CARTESIAN_POINT ( 'NONE',  ( 34.07000000000000028, -17.98000000000000043, 5.020000000000000462 ) ) ;
#935 = CARTESIAN_POINT ( 'NONE',  ( 17.09000000000000341, -16.98999999999999844, 12.63499999999999979 ) ) ;
#936 = DIRECTION ( 'NONE',  ( 0.000000000000000000, 0.000000000000000000, 1.000000000000000000 ) ) ;
#937 = CARTESIAN_POINT ( 'NONE',  ( 36.07000000000000028, -2.229999999999987548, 0.1000000000000056399 ) ) ;
#938 = VERTEX_POINT ( 'NONE', #1523 ) ;
#939 = CIRCLE ( 'NONE', #1117, 0.3000000000000070388 ) ;
#940 = FACE_OUTER_BOUND ( 'NONE', #278, .T. ) ;
#941 = AXIS2_PLACEMENT_3D ( 'NONE', #1720, #1005, #136 ) ;
#942 = EDGE_CURVE ( 'NONE', #33, #1190, #1817, .T. ) ;
#943 = CLOSED_SHELL ( 'NONE', ( #1429, #1400, #1827, #724, #1322, #392, #951, #1666, #1448, #1675, #1178, #1614, #959, #336, #619, #850, #1383, #1797, #140, #371, #1536, #1799, #1788, #1560, #1283, #516, #1276, #979, #86, #1717, #1762, #1361, #729, #1020, #762, #377, #206, #1518, #405, #1, #1510, #397, #1099, #1008, #94, #932, #1396, #119, #810, #1139, #1568, #1783, #1657, #275, #1103, #76, #1442, #501, #555, #245 ) ) ;
#944 = CARTESIAN_POINT ( 'NONE',  ( 30.50673020595840512, -18.60000000000000497, -5.700720296773703843 ) ) ;
#945 = CARTESIAN_POINT ( 'NONE',  ( 17.09000000000000341, -2.209999999999989750, 12.63499999999999979 ) ) ;
#946 = ORIENTED_EDGE ( 'NONE', *, *, #544, .T. ) ;
#947 = ORIENTED_EDGE ( 'NONE', *, *, #630, .F. ) ;
#948 = FACE_OUTER_BOUND ( 'NONE', #284, .T. ) ;
#949 = LINE ( 'NONE', #1379, #1358 ) ;
#950 = DIRECTION ( 'NONE',  ( -0.2302529551604794167, 0.000000000000000000, 0.9731308116794299412 ) ) ;
#951 = ADVANCED_FACE ( 'NONE', ( #809 ), #237, .F. ) ;
#952 = ORIENTED_EDGE ( 'NONE', *, *, #700, .T. ) ;
#953 = DIRECTION ( 'NONE',  ( 0.000000000000000000, 0.000000000000000000, -1.000000000000000000 ) ) ;
#954 = DIRECTION ( 'NONE',  ( 0.000000000000000000, 1.000000000000000000, 0.000000000000000000 ) ) ;
#955 = ORIENTED_EDGE ( 'NONE', *, *, #1144, .T. ) ;
#956 = VECTOR ( 'NONE', #549, 100.0000000000000000 ) ;
#957 = PLANE ( 'NONE',  #881 ) ;
#958 = DIRECTION ( 'NONE',  ( -0.5773502691896257311, -0.5773502691896257311, -0.5773502691896257311 ) ) ;
#959 = ADVANCED_FACE ( 'NONE', ( #1402, #1533, #542, #1811 ), #839, .F. ) ;
#960 = ORIENTED_EDGE ( 'NONE', *, *, #112, .F. ) ;
#961 = CARTESIAN_POINT ( 'NONE',  ( 29.67309679075439988, -0.6000000000000005329, 5.640000000000002345 ) ) ;
#962 = DIRECTION ( 'NONE',  ( 0.000000000000000000, 1.000000000000000000, 0.000000000000000000 ) ) ;
#963 = VECTOR ( 'NONE', #1460, 100.0000000000000000 ) ;
#964 = CARTESIAN_POINT ( 'NONE',  ( 28.67999999999999261, -8.619999999999997442, -5.290000000000001812 ) ) ;
#965 = ORIENTED_EDGE ( 'NONE', *, *, #1255, .T. ) ;
#966 = VECTOR ( 'NONE', #1483, 100.0000000000000000 ) ;
#967 = EDGE_CURVE ( 'NONE', #1801, #238, #1409, .T. ) ;
#968 = LINE ( 'NONE', #667, #1444 ) ;
#969 = AXIS2_PLACEMENT_3D ( 'NONE', #772, #749, #896 ) ;
#970 = CARTESIAN_POINT ( 'NONE',  ( 0.000000000000000000, -17.98000000000000043, 0.3747477419454632308 ) ) ;
#971 = ORIENTED_EDGE ( 'NONE', *, *, #693, .F. ) ;
#972 = CARTESIAN_POINT ( 'NONE',  ( 29.57828620936730601, -18.60000000000000142, 4.737788335293272368 ) ) ;
#973 = CARTESIAN_POINT ( 'NONE',  ( 17.09000000000000341, -3.209999999999987974, 12.63499999999999979 ) ) ;
#974 = EDGE_CURVE ( 'NONE', #779, #1145, #561, .T. ) ;
#975 = FACE_OUTER_BOUND ( 'NONE', #234, .T. ) ;
#976 = ORIENTED_EDGE ( 'NONE', *, *, #1265, .T. ) ;
#977 = CARTESIAN_POINT ( 'NONE',  ( 17.09000000000000341, -2.109999999999989662, 0.000000000000000000 ) ) ;
#978 = DIRECTION ( 'NONE',  ( 1.000000000000000000, 0.000000000000000000, 0.000000000000000000 ) ) ;
#979 = ADVANCED_FACE ( 'NONE', ( #697 ), #552, .T. ) ;
#980 = EDGE_LOOP ( 'NONE', ( #429, #153, #1299, #25 ) ) ;
#981 = DIRECTION ( 'NONE',  ( 1.394752543498940254E-15, 1.000000000000000000, 0.000000000000000000 ) ) ;
#982 = CARTESIAN_POINT ( 'NONE',  ( 26.44829727209516790, -19.20000000000001350, 6.240000000000027747 ) ) ;
#983 = EDGE_CURVE ( 'NONE', #352, #1088, #383, .T. ) ;
#984 = CARTESIAN_POINT ( 'NONE',  ( 29.57828620936730601, -18.60000000000000142, 4.737788335293272368 ) ) ;
#985 = ORIENTED_EDGE ( 'NONE', *, *, #28, .T. ) ;
#986 = DIRECTION ( 'NONE',  ( -0.7071067811865577868, 0.000000000000000000, 0.7071067811865374697 ) ) ;
#987 = VECTOR ( 'NONE', #815, 100.0000000000000000 ) ;
#988 = DIRECTION ( 'NONE',  ( 0.000000000000000000, -0.3420201433256678802, 0.9396926207859087610 ) ) ;
#989 = EDGE_LOOP ( 'NONE', ( #1230, #960, #915, #470 ) ) ;
#990 = CARTESIAN_POINT ( 'NONE',  ( 26.59026356423000337, -18.60000000000000497, 5.640000000000011227 ) ) ;
#991 = DIRECTION ( 'NONE',  ( -0.9731308116794304963, 0.000000000000000000, -0.2302529551604777514 ) ) ;
#992 = VERTEX_POINT ( 'NONE', #1386 ) ;
#993 = VECTOR ( 'NONE', #792, 100.0000000000000142 ) ;
#994 = FACE_OUTER_BOUND ( 'NONE', #274, .T. ) ;
#995 = DIRECTION ( 'NONE',  ( 0.000000000000000000, 1.000000000000000000, 0.000000000000000000 ) ) ;
#996 = AXIS2_PLACEMENT_3D ( 'NONE', #1569, #285, #146 ) ;
#997 = CARTESIAN_POINT ( 'NONE',  ( 28.13168017749220340, -0.5999999999999949818, 5.640000000000007674 ) ) ;
#998 = VERTEX_POINT ( 'NONE', #675 ) ;
#999 = PLANE ( 'NONE',  #1375 ) ;
#1000 = ORIENTED_EDGE ( 'NONE', *, *, #430, .T. ) ;
#1001 = CARTESIAN_POINT ( 'NONE',  ( 34.41333333333333400, -17.64666666666666472, 0.7766666666666689478 ) ) ;
#1002 = AXIS2_PLACEMENT_3D ( 'NONE', #1780, #483, #215 ) ;
#1003 = LINE ( 'NONE', #857, #1466 ) ;
#1004 = ORIENTED_EDGE ( 'NONE', *, *, #261, .F. ) ;
#1005 = DIRECTION ( 'NONE',  ( 0.2302529551604794444, 0.000000000000000000, -0.9731308116794300522 ) ) ;
#1006 = CARTESIAN_POINT ( 'NONE',  ( 16.11000000000000298, -3.209999999999987974, 0.09999999999999731326 ) ) ;
#1007 = CYLINDRICAL_SURFACE ( 'NONE', #459, 0.3000000000000012657 ) ;
#1008 = ADVANCED_FACE ( 'NONE', ( #1121 ), #1104, .T. ) ;
#1009 = EDGE_LOOP ( 'NONE', ( #82, #1426, #774, #297 ) ) ;
#1010 = PRODUCT ( 'ramp-middle_60', 'ramp-middle_60', '', ( #642 ) ) ;
#1011 = CARTESIAN_POINT ( 'NONE',  ( 34.07000000000000028, -17.98000000000000043, 5.020000000000000462 ) ) ;
#1012 = CARTESIAN_POINT ( 'NONE',  ( 0.000000000000000000, 0.000000000000000000, 6.240000000000009095 ) ) ;
#1013 = CARTESIAN_POINT ( 'NONE',  ( 35.08999999999999631, -2.229999999999987548, 0.1000000000000056399 ) ) ;
#1014 = VERTEX_POINT ( 'NONE', #410 ) ;
#1015 = CARTESIAN_POINT ( 'NONE',  ( 35.08999999999999631, -2.229999999999987548, 0.1000000000000056399 ) ) ;
#1016 = DIRECTION ( 'NONE',  ( 0.000000000000000000, -1.000000000000000000, 0.000000000000000000 ) ) ;
#1017 = CARTESIAN_POINT ( 'NONE',  ( 27.32009424699126754, -0.5999999999999949818, 6.464220801699154251 ) ) ;
#1018 = VERTEX_POINT ( 'NONE', #1417 ) ;
#1019 = AXIS2_PLACEMENT_3D ( 'NONE', #97, #387, #694 ) ;
#1020 = ADVANCED_FACE ( 'NONE', ( #725 ), #1140, .T. ) ;
#1021 = DIRECTION ( 'NONE',  ( -1.000000000000000000, 0.000000000000000000, 0.000000000000000000 ) ) ;
#1022 = PRESENTATION_STYLE_ASSIGNMENT (( #1281 ) ) ;
#1023 = ORIENTED_EDGE ( 'NONE', *, *, #1522, .T. ) ;
#1024 = LINE ( 'NONE', #848, #279 ) ;
#1025 = CARTESIAN_POINT ( 'NONE',  ( 35.08999999999999631, -3.229999999999985771, 0.1000000000000056399 ) ) ;
#1026 = VECTOR ( 'NONE', #1592, 100.0000000000000000 ) ;
#1027 = CARTESIAN_POINT ( 'NONE',  ( 16.11000000000000654, -15.99000000000000199, 0.09999999999999734102 ) ) ;
#1028 = EDGE_LOOP ( 'NONE', ( #787, #127, #188, #1205 ) ) ;
#1029 = VERTEX_POINT ( 'NONE', #455 ) ;
#1030 = CARTESIAN_POINT ( 'NONE',  ( 16.11000000000000298, -3.209999999999987974, 0.09999999999999731326 ) ) ;
#1031 = CARTESIAN_POINT ( 'NONE',  ( 17.09000000000000341, -19.19999999999999929, 4.043673220973783344 ) ) ;
#1032 = VERTEX_POINT ( 'NONE', #425 ) ;
#1033 = LINE ( 'NONE', #1373, #1245 ) ;
#1034 = CARTESIAN_POINT ( 'NONE',  ( 35.08999999999999631, -3.329999999999991189, 0.000000000000000000 ) ) ;
#1035 = DIRECTION ( 'NONE',  ( 0.000000000000000000, -1.000000000000000000, 0.000000000000000000 ) ) ;
#1036 =( BOUNDED_CURVE ( )  B_SPLINE_CURVE ( 3, ( #1193, #1463, #760, #1170 ),
 .UNSPECIFIED., .F., .T. ) 
 B_SPLINE_CURVE_WITH_KNOTS ( ( 4, 4 ),
 ( 1.797104947649393436, 4.938697601239185886 ),
 .UNSPECIFIED. ) 
 CURVE ( )  GEOMETRIC_REPRESENTATION_ITEM ( )  RATIONAL_B_SPLINE_CURVE ( ( 1.000000000000000000, 0.3333333333333337034, 0.3333333333333337034, 1.000000000000000000 ) ) 
 REPRESENTATION_ITEM ( '' )  );
#1037 = APPLICATION_PROTOCOL_DEFINITION ( 'draft international standard', 'automotive_design', 1998, #593 ) ;
#1038 = ORIENTED_EDGE ( 'NONE', *, *, #1526, .F. ) ;
#1039 = LINE ( 'NONE', #1602, #727 ) ;
#1040 = DIRECTION ( 'NONE',  ( 0.9731308116794299412, 0.000000000000000000, 0.2302529551604793612 ) ) ;
#1041 = EDGE_LOOP ( 'NONE', ( #1148, #833, #171, #51 ) ) ;
#1042 = EDGE_CURVE ( 'NONE', #1745, #65, #1024, .T. ) ;
#1043 = LINE ( 'NONE', #1328, #1623 ) ;
#1044 = DIRECTION ( 'NONE',  ( 1.000000000000000000, 0.000000000000000000, 0.000000000000000000 ) ) ;
#1045 = CARTESIAN_POINT ( 'NONE',  ( 10.80666666666654940, -8.513333333333424235, 5.403333333333287136 ) ) ;
#1046 = EDGE_LOOP ( 'NONE', ( #1415, #1134, #1725, #1357, #1138 ) ) ;
#1047 = ORIENTED_EDGE ( 'NONE', *, *, #1515, .F. ) ;
#1048 = EDGE_LOOP ( 'NONE', ( #43, #1545, #807, #270 ) ) ;
#1049 = VECTOR ( 'NONE', #705, 100.0000000000000000 ) ;
#1050 = FACE_OUTER_BOUND ( 'NONE', #437, .T. ) ;
#1051 = CARTESIAN_POINT ( 'NONE',  ( 0.000000000000000000, -17.98000000000000043, 5.020000000000000462 ) ) ;
#1052 = ORIENTED_EDGE ( 'NONE', *, *, #47, .T. ) ;
#1053 = DIRECTION ( 'NONE',  ( 0.000000000000000000, 0.000000000000000000, -1.000000000000000000 ) ) ;
#1054 = CARTESIAN_POINT ( 'NONE',  ( 29.33897323194309337, -18.60000000000000497, -5.977023842966278977 ) ) ;
#1055 = DIRECTION ( 'NONE',  ( -1.000000000000000000, 0.000000000000000000, 0.000000000000000000 ) ) ;
#1056 = ORIENTED_EDGE ( 'NONE', *, *, #1723, .T. ) ;
#1057 = AXIS2_PLACEMENT_3D ( 'NONE', #935, #962, #1785 ) ;
#1058 = VECTOR ( 'NONE', #690, 100.0000000000000000 ) ;
#1059 = DIRECTION ( 'NONE',  ( 1.000000000000000000, 0.000000000000000000, 0.000000000000000000 ) ) ;
#1060 = ORIENTED_EDGE ( 'NONE', *, *, #533, .T. ) ;
#1061 = VERTEX_POINT ( 'NONE', #1284 ) ;
#1062 = CARTESIAN_POINT ( 'NONE',  ( 29.87022545287113573, -0.6000000000000005329, 4.806864221841415485 ) ) ;
#1063 = DIRECTION ( 'NONE',  ( 1.000000000000000000, 0.000000000000000000, 0.000000000000000000 ) ) ;
#1064 = ORIENTED_EDGE ( 'NONE', *, *, #1066, .T. ) ;
#1065 = AXIS2_PLACEMENT_3D ( 'NONE', #970, #1403, #988 ) ;
#1066 = EDGE_CURVE ( 'NONE', #1145, #1757, #1161, .T. ) ;
#1067 = LINE ( 'NONE', #1352, #966 ) ;
#1068 = PLANE ( 'NONE',  #1057 ) ;
#1069 = VECTOR ( 'NONE', #953, 100.0000000000000000 ) ;
#1070 = CARTESIAN_POINT ( 'NONE',  ( 16.99000000000000199, -19.19999999999999929, 0.000000000000000000 ) ) ;
#1071 = ORIENTED_EDGE ( 'NONE', *, *, #1464, .F. ) ;
#1072 = EDGE_CURVE ( 'NONE', #511, #1345, #766, .T. ) ;
#1073 = ORIENTED_EDGE ( 'NONE', *, *, #1808, .F. ) ;
#1074 = VERTEX_POINT ( 'NONE', #1586 ) ;
#1075 = DIRECTION ( 'NONE',  ( -1.394752543498940254E-15, -1.000000000000000000, 0.000000000000000000 ) ) ;
#1076 = EDGE_LOOP ( 'NONE', ( #208, #13 ) ) ;
#1077 = FACE_OUTER_BOUND ( 'NONE', #1356, .T. ) ;
#1078 = CARTESIAN_POINT ( 'NONE',  ( 27.65707982432214607, -17.99999999999999289, 5.039999999999992042 ) ) ;
#1079 = LINE ( 'NONE', #1087, #1416 ) ;
#1080 = EDGE_LOOP ( 'NONE', ( #665, #1183 ) ) ;
#1081 = EDGE_CURVE ( 'NONE', #1190, #891, #44, .T. ) ;
#1082 = CARTESIAN_POINT ( 'NONE',  ( 0.000000000000000000, -15.86999999999999567, 0.000000000000000000 ) ) ;
#1083 = ORIENTED_EDGE ( 'NONE', *, *, #1391, .T. ) ;
#1084 = PLANE ( 'NONE',  #302 ) ;
#1085 = FACE_OUTER_BOUND ( 'NONE', #1640, .T. ) ;
#1086 = CARTESIAN_POINT ( 'NONE',  ( 23.45999999999999730, 9.400000000000005684, 11.72999999999999865 ) ) ;
#1087 = CARTESIAN_POINT ( 'NONE',  ( 18.91333333333334821, -17.79333333333334721, -0.7033333333333281479 ) ) ;
#1088 = VERTEX_POINT ( 'NONE', #446 ) ;
#1089 = AXIS2_PLACEMENT_3D ( 'NONE', #1457, #1016, #877 ) ;
#1090 = DIRECTION ( 'NONE',  ( 0.9731308116794299412, 0.000000000000000000, 0.2302529551604793612 ) ) ;
#1091 = EDGE_LOOP ( 'NONE', ( #1789, #838 ) ) ;
#1092 = VECTOR ( 'NONE', #950, 100.0000000000000142 ) ;
#1093 =( GEOMETRIC_REPRESENTATION_CONTEXT ( 3 ) GLOBAL_UNCERTAINTY_ASSIGNED_CONTEXT ( ( #1724 ) ) GLOBAL_UNIT_ASSIGNED_CONTEXT ( ( #564, #1552, #1564 ) ) REPRESENTATION_CONTEXT ( 'NONE', 'WORKASPACE' ) );
#1094 = EDGE_CURVE ( 'NONE', #546, #1340, #1701, .T. ) ;
#1095 = PLANE ( 'NONE',  #666 ) ;
#1096 = EDGE_LOOP ( 'NONE', ( #472, #1252, #1655, #1672 ) ) ;
#1097 = CARTESIAN_POINT ( 'NONE',  ( 35.08999999999999631, -16.96999999999999886, 12.63499999999999979 ) ) ;
#1098 = CARTESIAN_POINT ( 'NONE',  ( 34.07000000000000028, -1.219999999999998863, 5.019999999999997797 ) ) ;
#1099 = ADVANCED_FACE ( 'NONE', ( #994 ), #29, .T. ) ;
#1100 = ORIENTED_EDGE ( 'NONE', *, *, #288, .T. ) ;
#1101 =( BOUNDED_CURVE ( )  B_SPLINE_CURVE ( 3, ( #1722, #287, #1143, #997 ),
 .UNSPECIFIED., .F., .F. ) 
 B_SPLINE_CURVE_WITH_KNOTS ( ( 4, 4 ),
 ( 4.938697601239185886, 8.080290254828979002 ),
 .UNSPECIFIED. ) 
 CURVE ( )  GEOMETRIC_REPRESENTATION_ITEM ( )  RATIONAL_B_SPLINE_CURVE ( ( 1.000000000000000000, 0.3333333333333333703, 0.3333333333333333703, 1.000000000000000000 ) ) 
 REPRESENTATION_ITEM ( '' )  );
#1102 = LINE ( 'NONE', #531, #222 ) ;
#1103 = ADVANCED_FACE ( 'NONE', ( #294 ), #1434, .T. ) ;
#1104 = PLANE ( 'NONE',  #374 ) ;
#1105 = DIRECTION ( 'NONE',  ( -0.2302529551604793612, 0.000000000000000000, 0.9731308116794299412 ) ) ;
#1106 = ORIENTED_EDGE ( 'NONE', *, *, #610, .F. ) ;
#1107 = LINE ( 'NONE', #1668, #1782 ) ;
#1108 = DIRECTION ( 'NONE',  ( 0.000000000000000000, 0.000000000000000000, -1.000000000000000000 ) ) ;
#1109 = ORIENTED_EDGE ( 'NONE', *, *, #1244, .F. ) ;
#1110 = VECTOR ( 'NONE', #1401, 100.0000000000000000 ) ;
#1111 = CARTESIAN_POINT ( 'NONE',  ( 28.75509474493542328, -0.5999999999999949818, -6.115175616062568764 ) ) ;
#1112 = CARTESIAN_POINT ( 'NONE',  ( 0.000000000000000000, -17.98000000000000043, 0.3747477419454632308 ) ) ;
#1113 = EDGE_CURVE ( 'NONE', #1032, #723, #1740, .T. ) ;
#1114 = VERTEX_POINT ( 'NONE', #579 ) ;
#1115 = DIRECTION ( 'NONE',  ( -0.9731308116794304963, 0.000000000000000000, -0.2302529551604777514 ) ) ;
#1116 = FACE_OUTER_BOUND ( 'NONE', #636, .T. ) ;
#1117 = AXIS2_PLACEMENT_3D ( 'NONE', #457, #1561, #608 ) ;
#1118 = LINE ( 'NONE', #672, #933 ) ;
#1119 = EDGE_CURVE ( 'NONE', #1018, #1380, #1549, .T. ) ;
#1120 = VECTOR ( 'NONE', #209, 100.0000000000000000 ) ;
#1121 = FACE_OUTER_BOUND ( 'NONE', #385, .T. ) ;
#1122 = DIRECTION ( 'NONE',  ( 1.000000000000000000, 0.000000000000000000, 0.000000000000000000 ) ) ;
#1123 = EDGE_LOOP ( 'NONE', ( #356, #1473, #1768, #70 ) ) ;
#1124 = AXIS2_PLACEMENT_3D ( 'NONE', #394, #1514, #814 ) ;
#1125 = EDGE_CURVE ( 'NONE', #1735, #688, #588, .T. ) ;
#1126 = CARTESIAN_POINT ( 'NONE',  ( 0.000000000000000000, -19.19999999999999929, 0.000000000000000000 ) ) ;
#1127 = DIRECTION ( 'NONE',  ( 0.000000000000000000, -1.000000000000000000, 0.000000000000000000 ) ) ;
#1128 = CARTESIAN_POINT ( 'NONE',  ( 0.000000000000000000, -17.88000000000000256, 0.000000000000000000 ) ) ;
#1129 = EDGE_CURVE ( 'NONE', #1029, #904, #1151, .T. ) ;
#1130 = CARTESIAN_POINT ( 'NONE',  ( 0.000000000000000000, -16.96999999999999886, 0.000000000000000000 ) ) ;
#1131 = FACE_OUTER_BOUND ( 'NONE', #980, .T. ) ;
#1132 = ORIENTED_EDGE ( 'NONE', *, *, #830, .F. ) ;
#1133 = FACE_OUTER_BOUND ( 'NONE', #224, .T. ) ;
#1134 = ORIENTED_EDGE ( 'NONE', *, *, #474, .F. ) ;
#1135 = EDGE_CURVE ( 'NONE', #1114, #1451, #868, .T. ) ;
#1136 = LINE ( 'NONE', #3, #1504 ) ;
#1137 = LINE ( 'NONE', #597, #244 ) ;
#1138 = ORIENTED_EDGE ( 'NONE', *, *, #112, .T. ) ;
#1139 = ADVANCED_FACE ( 'NONE', ( #1445 ), #740, .T. ) ;
#1140 = PLANE ( 'NONE',  #311 ) ;
#1141 = AXIS2_PLACEMENT_3D ( 'NONE', #984, #1833, #991 ) ;
#1142 = CARTESIAN_POINT ( 'NONE',  ( 16.99000000000000554, -19.19999999999999929, 0.000000000000000000 ) ) ;
#1143 = CARTESIAN_POINT ( 'NONE',  ( 27.98971388535736438, 1.578598363138894456E-14, 6.240000000000025082 ) ) ;
#1144 = EDGE_CURVE ( 'NONE', #1421, #1340, #197, .T. ) ;
#1145 = VERTEX_POINT ( 'NONE', #497 ) ;
#1146 = DIRECTION ( 'NONE',  ( -1.000000000000000000, 0.000000000000000000, 0.000000000000000000 ) ) ;
#1147 = CARTESIAN_POINT ( 'NONE',  ( 0.000000000000000000, -1.319999999999998952, 0.1000000000000000056 ) ) ;
#1148 = ORIENTED_EDGE ( 'NONE', *, *, #1244, .T. ) ;
#1149 = EDGE_CURVE ( 'NONE', #335, #567, #1033, .T. ) ;
#1150 = AXIS2_PLACEMENT_3D ( 'NONE', #603, #1413, #134 ) ;
#1151 = LINE ( 'NONE', #166, #1301 ) ;
#1152 = DIRECTION ( 'NONE',  ( 0.5773502691896257311, 0.5773502691896257311, -0.5773502691896257311 ) ) ;
#1153 = VECTOR ( 'NONE', #876, 100.0000000000000000 ) ;
#1154 = DIRECTION ( 'NONE',  ( -1.000000000000000000, 0.000000000000000000, 0.000000000000000000 ) ) ;
#1155 = PRODUCT_DEFINITION_CONTEXT ( 'detailed design', #593, 'design' ) ;
#1156 = VERTEX_POINT ( 'NONE', #92 ) ;
#1157 = CARTESIAN_POINT ( 'NONE',  ( 16.21000000000000441, -1.319999999999998952, 0.000000000000000000 ) ) ;
#1158 = DIRECTION ( 'NONE',  ( -0.9731308116794304963, 0.000000000000000000, -0.2302529551604777514 ) ) ;
#1159 = DIRECTION ( 'NONE',  ( -0.2302529551604794167, 0.000000000000000000, 0.9731308116794300522 ) ) ;
#1160 = EDGE_LOOP ( 'NONE', ( #1377, #1441 ) ) ;
#1161 = LINE ( 'NONE', #1169, #1333 ) ;
#1162 = LINE ( 'NONE', #185, #404 ) ;
#1163 = EDGE_CURVE ( 'NONE', #58, #1624, #1390, .T. ) ;
#1164 = CARTESIAN_POINT ( 'NONE',  ( 18.11000000000000298, -17.08999999999999986, 0.000000000000000000 ) ) ;
#1165 = ORIENTED_EDGE ( 'NONE', *, *, #351, .F. ) ;
#1166 = CARTESIAN_POINT ( 'NONE',  ( 33.96999999999999176, -19.19999999999999929, 0.000000000000000000 ) ) ;
#1167 = CARTESIAN_POINT ( 'NONE',  ( 26.59026356423000337, -0.5999999999999949818, 5.640000000000006786 ) ) ;
#1168 = ORIENTED_EDGE ( 'NONE', *, *, #1500, .F. ) ;
#1169 = CARTESIAN_POINT ( 'NONE',  ( 35.08999999999999631, -19.19999999999999929, 8.302661985018726654 ) ) ;
#1170 = CARTESIAN_POINT ( 'NONE',  ( 27.51511353218730704, -0.5999999999999949818, 5.640000000000007674 ) ) ;
#1171 = DIRECTION ( 'NONE',  ( -0.2302529551604794167, 0.000000000000000000, 0.9731308116794300522 ) ) ;
#1172 = ORIENTED_EDGE ( 'NONE', *, *, #1515, .T. ) ;
#1173 = ORIENTED_EDGE ( 'NONE', *, *, #1119, .F. ) ;
#1174 = EDGE_LOOP ( 'NONE', ( #84, #1360, #40, #662 ) ) ;
#1175 = LINE ( 'NONE', #1440, #494 ) ;
#1176 = FACE_OUTER_BOUND ( 'NONE', #853, .T. ) ;
#1177 = ORIENTED_EDGE ( 'NONE', *, *, #777, .F. ) ;
#1178 = ADVANCED_FACE ( 'NONE', ( #218 ), #771, .F. ) ;
#1179 = CARTESIAN_POINT ( 'NONE',  ( 16.11000000000000654, -15.99000000000000199, 12.63499999999999979 ) ) ;
#1180 = CARTESIAN_POINT ( 'NONE',  ( 22.68666666666677756, -7.806666666666764343, 5.696666666666618362 ) ) ;
#1181 = LINE ( 'NONE', #427, #1366 ) ;
#1182 = VECTOR ( 'NONE', #748, 100.0000000000000142 ) ;
#1183 = ORIENTED_EDGE ( 'NONE', *, *, #19, .T. ) ;
#1184 = VECTOR ( 'NONE', #958, 100.0000000000000000 ) ;
#1185 = VERTEX_POINT ( 'NONE', #1211 ) ;
#1186 = ORIENTED_EDGE ( 'NONE', *, *, #1548, .F. ) ;
#1187 = CARTESIAN_POINT ( 'NONE',  ( 17.09000000000000341, -15.99000000000000199, 0.09999999999999731326 ) ) ;
#1188 = EDGE_CURVE ( 'NONE', #1479, #1451, #801, .T. ) ;
#1189 = DIRECTION ( 'NONE',  ( -0.2302529551604794444, 0.000000000000000000, 0.9731308116794300522 ) ) ;
#1190 = VERTEX_POINT ( 'NONE', #658 ) ;
#1191 = VECTOR ( 'NONE', #670, 100.0000000000000000 ) ;
#1192 = CARTESIAN_POINT ( 'NONE',  ( 34.07000000000000028, -15.97000000000000064, 8.061319288389512394 ) ) ;
#1193 = CARTESIAN_POINT ( 'NONE',  ( 28.13168017749220340, -0.5999999999999949818, 5.640000000000007674 ) ) ;
#1194 = DIRECTION ( 'NONE',  ( 0.000000000000000000, -1.000000000000000000, 0.000000000000000000 ) ) ;
#1195 = VERTEX_POINT ( 'NONE', #1492 ) ;
#1196 = ORIENTED_EDGE ( 'NONE', *, *, #1042, .F. ) ;
#1197 = EDGE_LOOP ( 'NONE', ( #971, #841 ) ) ;
#1198 = CARTESIAN_POINT ( 'NONE',  ( 17.09000000000000341, -16.08999999999999986, 0.000000000000000000 ) ) ;
#1199 = CARTESIAN_POINT ( 'NONE',  ( 28.13168017749220340, -18.60000000000000497, 5.640000000000008562 ) ) ;
#1200 = ORIENTED_EDGE ( 'NONE', *, *, #1329, .F. ) ;
#1201 = CARTESIAN_POINT ( 'NONE',  ( 17.09000000000000341, -15.99000000000000199, 0.09999999999999734102 ) ) ;
#1202 = CARTESIAN_POINT ( 'NONE',  ( 27.90397273399893763, -18.60000000000000497, 6.602372574795444038 ) ) ;
#1203 = CARTESIAN_POINT ( 'NONE',  ( 36.07000000000001450, -16.96999999999999886, 8.534540262172289005 ) ) ;
#1204 = EDGE_CURVE ( 'NONE', #1234, #65, #1043, .T. ) ;
#1205 = ORIENTED_EDGE ( 'NONE', *, *, #414, .F. ) ;
#1206 = ORIENTED_EDGE ( 'NONE', *, *, #1712, .T. ) ;
#1207 = VECTOR ( 'NONE', #1792, 100.0000000000000000 ) ;
#1208 = DIRECTION ( 'NONE',  ( -0.2302529551604794167, 0.000000000000000000, 0.9731308116794299412 ) ) ;
#1209 = FACE_OUTER_BOUND ( 'NONE', #1046, .T. ) ;
#1210 = ORIENTED_EDGE ( 'NONE', *, *, #1329, .T. ) ;
#1211 = CARTESIAN_POINT ( 'NONE',  ( 26.44427651647979260, -0.5999999999999949818, 6.256993142054723123 ) ) ;
#1212 = CARTESIAN_POINT ( 'NONE',  ( 35.08999999999999631, -16.96999999999999886, 0.1000000000000056399 ) ) ;
#1213 = EDGE_CURVE ( 'NONE', #65, #578, #85, .T. ) ;
#1214 = LINE ( 'NONE', #1775, #1058 ) ;
#1215 = ORIENTED_EDGE ( 'NONE', *, *, #382, .T. ) ;
#1216 = VECTOR ( 'NONE', #493, 100.0000000000000000 ) ;
#1217 = AXIS2_PLACEMENT_3D ( 'NONE', #1319, #717, #606 ) ;
#1218 = VERTEX_POINT ( 'NONE', #1636 ) ;
#1219 = ORIENTED_EDGE ( 'NONE', *, *, #681, .F. ) ;
#1220 = PLANE ( 'NONE',  #1278 ) ;
#1221 = ORIENTED_EDGE ( 'NONE', *, *, #777, .T. ) ;
#1222 = VECTOR ( 'NONE', #741, 100.0000000000000000 ) ;
#1223 = LINE ( 'NONE', #1201, #1120 ) ;
#1224 = CARTESIAN_POINT ( 'NONE',  ( 16.11000000000000654, -17.98000000000000043, 12.63499999999999979 ) ) ;
#1225 = DIRECTION ( 'NONE',  ( -0.2302529551604793612, 0.000000000000000000, 0.9731308116794299412 ) ) ;
#1226 = EDGE_CURVE ( 'NONE', #1156, #873, #1231, .T. ) ;
#1227 = ORIENTED_EDGE ( 'NONE', *, *, #1594, .T. ) ;
#1228 = VERTEX_POINT ( 'NONE', #648 ) ;
#1229 = DIRECTION ( 'NONE',  ( -1.000000000000000000, 0.000000000000000000, 0.000000000000000000 ) ) ;
#1230 = ORIENTED_EDGE ( 'NONE', *, *, #37, .F. ) ;
#1231 = LINE ( 'NONE', #934, #1527 ) ;
#1232 = CARTESIAN_POINT ( 'NONE',  ( 29.28634696586347275, -0.6000000000000005329, 4.668712448745128363 ) ) ;
#1233 = ORIENTED_EDGE ( 'NONE', *, *, #1573, .T. ) ;
#1234 = VERTEX_POINT ( 'NONE', #346 ) ;
#1235 = FACE_OUTER_BOUND ( 'NONE', #338, .T. ) ;
#1236 = CARTESIAN_POINT ( 'NONE',  ( 34.07000000000000028, -19.20000000000000284, 12.63499999999999979 ) ) ;
#1237 = ORIENTED_EDGE ( 'NONE', *, *, #1316, .F. ) ;
#1238 = EDGE_CURVE ( 'NONE', #616, #1687, #401, .T. ) ;
#1239 = FACE_OUTER_BOUND ( 'NONE', #1311, .T. ) ;
#1240 = DIRECTION ( 'NONE',  ( 0.2302529551604794444, 0.000000000000000000, -0.9731308116794300522 ) ) ;
#1241 = ORIENTED_EDGE ( 'NONE', *, *, #750, .F. ) ;
#1242 = VECTOR ( 'NONE', #321, 100.0000000000000000 ) ;
#1243 = DIRECTION ( 'NONE',  ( 0.9731308116794299412, 0.000000000000000000, 0.2302529551604793612 ) ) ;
#1244 = EDGE_CURVE ( 'NONE', #1282, #938, #333, .T. ) ;
#1245 = VECTOR ( 'NONE', #486, 100.0000000000000000 ) ;
#1246 = AXIS2_PLACEMENT_3D ( 'NONE', #137, #438, #1570 ) ;
#1247 = LINE ( 'NONE', #522, #956 ) ;
#1248 = EDGE_LOOP ( 'NONE', ( #1433, #976, #1633, #1837 ) ) ;
#1249 = CARTESIAN_POINT ( 'NONE',  ( 27.61203349049510081, -18.60000000000000497, 6.533296688247299144 ) ) ;
#1250 = DIRECTION ( 'NONE',  ( 0.000000000000000000, 1.000000000000000000, 0.000000000000000000 ) ) ;
#1251 = EDGE_CURVE ( 'NONE', #339, #846, #1067, .T. ) ;
#1252 = ORIENTED_EDGE ( 'NONE', *, *, #789, .F. ) ;
#1253 = CARTESIAN_POINT ( 'NONE',  ( 29.36366895151807910, -18.60000000000000142, 6.947752007536163177 ) ) ;
#1254 = CARTESIAN_POINT ( 'NONE',  ( 0.000000000000000000, 0.000000000000000000, 0.000000000000000000 ) ) ;
#1255 = EDGE_CURVE ( 'NONE', #1032, #631, #507, .T. ) ;
#1256 = DIRECTION ( 'NONE',  ( -1.000000000000000000, 0.000000000000000000, 0.000000000000000000 ) ) ;
#1257 = DIRECTION ( 'NONE',  ( 1.000000000000000000, 0.000000000000000000, 0.000000000000000000 ) ) ;
#1258 = EDGE_LOOP ( 'NONE', ( #1507, #420 ) ) ;
#1259 = CARTESIAN_POINT ( 'NONE',  ( 28.91456385331468937, -19.19999999999999929, 6.240000000000009983 ) ) ;
#1260 = CARTESIAN_POINT ( 'NONE',  ( 18.21000000000000085, -2.109999999999989662, 0.000000000000000000 ) ) ;
#1261 = FACE_OUTER_BOUND ( 'NONE', #1818, .T. ) ;
#1262 = AXIS2_PLACEMENT_3D ( 'NONE', #944, #1508, #236 ) ;
#1263 = DIRECTION ( 'NONE',  ( 0.000000000000000000, 0.000000000000000000, -1.000000000000000000 ) ) ;
#1264 = PLANE ( 'NONE',  #1065 ) ;
#1265 = EDGE_CURVE ( 'NONE', #846, #582, #1223, .T. ) ;
#1266 = ORIENTED_EDGE ( 'NONE', *, *, #1094, .T. ) ;
#1267 = DIRECTION ( 'NONE',  ( 1.000000000000000000, 0.000000000000000000, 0.000000000000000000 ) ) ;
#1268 = EDGE_CURVE ( 'NONE', #339, #1029, #1784, .T. ) ;
#1269 = LINE ( 'NONE', #498, #1618 ) ;
#1270 = VECTOR ( 'NONE', #473, 100.0000000000000142 ) ;
#1271 = FILL_AREA_STYLE_COLOUR ( '', #332 ) ;
#1272 = ORIENTED_EDGE ( 'NONE', *, *, #424, .F. ) ;
#1273 = VECTOR ( 'NONE', #242, 100.0000000000000000 ) ;
#1274 = CARTESIAN_POINT ( 'NONE',  ( 34.07000000000000028, -1.219999999999998863, 0.3747477419454636749 ) ) ;
#1275 = CARTESIAN_POINT ( 'NONE',  ( 26.59026356423000337, -18.60000000000000497, 5.640000000000011227 ) ) ;
#1276 = ADVANCED_FACE ( 'NONE', ( #1077 ), #357, .T. ) ;
#1277 = ORIENTED_EDGE ( 'NONE', *, *, #227, .F. ) ;
#1278 = AXIS2_PLACEMENT_3D ( 'NONE', #903, #767, #1339 ) ;
#1279 = LINE ( 'NONE', #1726, #379 ) ;
#1280 = CARTESIAN_POINT ( 'NONE',  ( 28.91456385331468582, -2.862293735361732100E-15, 6.240000000000006430 ) ) ;
#1281 = SURFACE_STYLE_USAGE ( .BOTH. , #303 ) ;
#1282 = VERTEX_POINT ( 'NONE', #1192 ) ;
#1283 = ADVANCED_FACE ( 'NONE', ( #1750 ), #780, .T. ) ;
#1284 = CARTESIAN_POINT ( 'NONE',  ( 16.11000000000000654, -1.219999999999987761, 0.3747477419454636749 ) ) ;
#1285 = CARTESIAN_POINT ( 'NONE',  ( 0.000000000000000000, -3.209999999999987974, 0.000000000000000000 ) ) ;
#1286 = CARTESIAN_POINT ( 'NONE',  ( 30.79866944946224194, -18.60000000000000497, -5.631644410225558950 ) ) ;
#1287 = ORIENTED_EDGE ( 'NONE', *, *, #324, .F. ) ;
#1288 = DIRECTION ( 'NONE',  ( -1.000000000000000000, 0.000000000000000000, 0.000000000000000000 ) ) ;
#1289 = DIRECTION ( 'NONE',  ( 0.5773502691896257311, 0.5773502691896257311, -0.5773502691896257311 ) ) ;
#1290 = CARTESIAN_POINT ( 'NONE',  ( 35.19000000000000483, -16.86999999999999389, 0.000000000000000000 ) ) ;
#1291 = ORIENTED_EDGE ( 'NONE', *, *, #298, .T. ) ;
#1292 = CARTESIAN_POINT ( 'NONE',  ( 30.21479096245456830, -0.5999999999999949818, -5.769796183321848737 ) ) ;
#1293 = CARTESIAN_POINT ( 'NONE',  ( 0.000000000000000000, -2.109999999999989662, 0.000000000000000000 ) ) ;
#1294 = CARTESIAN_POINT ( 'NONE',  ( 18.11000000000000298, -16.98999999999999844, 0.09999999999999731326 ) ) ;
#1295 = ORIENTED_EDGE ( 'NONE', *, *, #983, .F. ) ;
#1296 = DIRECTION ( 'NONE',  ( 0.7071067811865475727, 0.000000000000000000, -0.7071067811865475727 ) ) ;
#1297 = EDGE_CURVE ( 'NONE', #567, #393, #1809, .T. ) ;
#1298 = CARTESIAN_POINT ( 'NONE',  ( 16.11000000000000298, -3.209999999999987974, 3.811794943820226322 ) ) ;
#1299 = ORIENTED_EDGE ( 'NONE', *, *, #1408, .F. ) ;
#1300 = AXIS2_PLACEMENT_3D ( 'NONE', #1480, #1348, #613 ) ;
#1301 = VECTOR ( 'NONE', #1710, 100.0000000000000000 ) ;
#1302 = CARTESIAN_POINT ( 'NONE',  ( 0.000000000000000000, -1.219999999999998863, 0.000000000000000000 ) ) ;
#1303 = DIRECTION ( 'NONE',  ( 0.7071067811865376918, 0.000000000000000000, -0.7071067811865573427 ) ) ;
#1304 = LINE ( 'NONE', #1286, #551 ) ;
#1305 = VECTOR ( 'NONE', #1330, 100.0000000000000000 ) ;
#1306 = EDGE_LOOP ( 'NONE', ( #1810, #481, #862, #1803 ) ) ;
#1307 = EDGE_CURVE ( 'NONE', #605, #331, #1118, .T. ) ;
#1308 = LINE ( 'NONE', #442, #62 ) ;
#1309 = AXIS2_PLACEMENT_3D ( 'NONE', #1082, #90, #512 ) ;
#1310 = LINE ( 'NONE', #1128, #1049 ) ;
#1311 = EDGE_LOOP ( 'NONE', ( #764, #920, #1611, #1241 ) ) ;
#1312 = DIRECTION ( 'NONE',  ( 1.000000000000000000, 0.000000000000000000, 0.000000000000000000 ) ) ;
#1313 = DIRECTION ( 'NONE',  ( -0.7071067811865475727, -0.000000000000000000, -0.7071067811865475727 ) ) ;
#1314 = ORIENTED_EDGE ( 'NONE', *, *, #314, .T. ) ;
#1315 = FACE_OUTER_BOUND ( 'NONE', #1555, .T. ) ;
#1316 = EDGE_CURVE ( 'NONE', #238, #919, #241, .T. ) ;
#1317 = DIRECTION ( 'NONE',  ( -1.000000000000000000, 0.000000000000000000, 0.000000000000000000 ) ) ;
#1318 = EDGE_LOOP ( 'NONE', ( #947, #1677, #10, #1760 ) ) ;
#1319 = CARTESIAN_POINT ( 'NONE',  ( 0.000000000000000000, -16.86999999999999389, 0.000000000000000000 ) ) ;
#1320 = DIRECTION ( 'NONE',  ( 0.000000000000000000, -1.000000000000000000, 0.000000000000000000 ) ) ;
#1321 = LINE ( 'NONE', #1703, #308 ) ;
#1322 = ADVANCED_FACE ( 'NONE', ( #975 ), #1815, .F. ) ;
#1323 = EDGE_LOOP ( 'NONE', ( #492, #985, #1368, #952 ) ) ;
#1324 = ORIENTED_EDGE ( 'NONE', *, *, #1582, .T. ) ;
#1325 = ORIENTED_EDGE ( 'NONE', *, *, #538, .F. ) ;
#1326 = FACE_BOUND ( 'NONE', #899, .T. ) ;
#1327 = ORIENTED_EDGE ( 'NONE', *, *, #1391, .F. ) ;
#1328 = CARTESIAN_POINT ( 'NONE',  ( 17.09000000000000341, -3.209999999999987974, 12.63499999999999979 ) ) ;
#1329 = EDGE_CURVE ( 'NONE', #1756, #365, #1247, .T. ) ;
#1330 = DIRECTION ( 'NONE',  ( 0.000000000000000000, -1.000000000000000000, 0.000000000000000000 ) ) ;
#1331 = AXIS2_PLACEMENT_3D ( 'NONE', #973, #659, #367 ) ;
#1332 = DIRECTION ( 'NONE',  ( 0.000000000000000000, -1.000000000000000000, 0.000000000000000000 ) ) ;
#1333 = VECTOR ( 'NONE', #1730, 100.0000000000000000 ) ;
#1334 = ORIENTED_EDGE ( 'NONE', *, *, #1642, .T. ) ;
#1335 = CIRCLE ( 'NONE', #1709, 0.3000000000000070388 ) ;
#1336 = ORIENTED_EDGE ( 'NONE', *, *, #1456, .F. ) ;
#1337 = LINE ( 'NONE', #1062, #1270 ) ;
#1338 = EDGE_CURVE ( 'NONE', #779, #1776, #1538, .T. ) ;
#1339 = DIRECTION ( 'NONE',  ( -1.394752543498940254E-15, -1.000000000000000000, 0.000000000000000000 ) ) ;
#1340 = VERTEX_POINT ( 'NONE', #1823 ) ;
#1341 = DIRECTION ( 'NONE',  ( 0.000000000000000000, 1.000000000000000000, 0.000000000000000000 ) ) ;
#1342 = CARTESIAN_POINT ( 'NONE',  ( 33.96999999999999176, -19.19999999999999929, 0.000000000000000000 ) ) ;
#1343 = EDGE_CURVE ( 'NONE', #938, #733, #1102, .T. ) ;
#1344 = DIRECTION ( 'NONE',  ( 0.9731308116794299412, 0.000000000000000000, 0.2302529551604793612 ) ) ;
#1345 = VERTEX_POINT ( 'NONE', #1682 ) ;
#1346 = ORIENTED_EDGE ( 'NONE', *, *, #1376, .F. ) ;
#1347 = EDGE_LOOP ( 'NONE', ( #1696, #1071, #1397, #1287 ) ) ;
#1348 = DIRECTION ( 'NONE',  ( 0.000000000000000000, -0.9396926207859087610, 0.3420201433256678802 ) ) ;
#1349 = CARTESIAN_POINT ( 'NONE',  ( 35.08999999999999631, -19.19999999999999929, 8.302661985018726654 ) ) ;
#1350 = ORIENTED_EDGE ( 'NONE', *, *, #974, .T. ) ;
#1351 = EDGE_CURVE ( 'NONE', #904, #828, #1407, .T. ) ;
#1352 = CARTESIAN_POINT ( 'NONE',  ( 17.09000000000000341, -16.98999999999999844, 12.63499999999999979 ) ) ;
#1353 = FACE_OUTER_BOUND ( 'NONE', #1028, .T. ) ;
#1354 = CARTESIAN_POINT ( 'NONE',  ( 0.000000000000000000, -1.319999999999998952, 0.1000000000000000056 ) ) ;
#1355 = ORIENTED_EDGE ( 'NONE', *, *, #1204, .T. ) ;
#1356 = EDGE_LOOP ( 'NONE', ( #1314, #289, #1791, #1064 ) ) ;
#1357 = ORIENTED_EDGE ( 'NONE', *, *, #1542, .T. ) ;
#1358 = VECTOR ( 'NONE', #664, 100.0000000000000000 ) ;
#1359 = CARTESIAN_POINT ( 'NONE',  ( 34.07000000000000028, 1.665334536937734811E-14, 12.63499999999999979 ) ) ;
#1360 = ORIENTED_EDGE ( 'NONE', *, *, #902, .T. ) ;
#1361 = ADVANCED_FACE ( 'NONE', ( #1663 ), #832, .T. ) ;
#1362 = DIRECTION ( 'NONE',  ( 0.000000000000000000, 0.000000000000000000, -1.000000000000000000 ) ) ;
#1363 = DIRECTION ( 'NONE',  ( 0.9483172516123353768, -0.2243818066314930415, 0.2243818066314954562 ) ) ;
#1364 = CARTESIAN_POINT ( 'NONE',  ( 0.000000000000000000, -2.229999999999987548, 0.000000000000000000 ) ) ;
#1365 = PLANE ( 'NONE',  #1370 ) ;
#1366 = VECTOR ( 'NONE', #1313, 100.0000000000000000 ) ;
#1367 = VECTOR ( 'NONE', #15, 100.0000000000000142 ) ;
#1368 = ORIENTED_EDGE ( 'NONE', *, *, #217, .F. ) ;
#1369 = EDGE_LOOP ( 'NONE', ( #655, #719, #1083, #1132 ) ) ;
#1370 = AXIS2_PLACEMENT_3D ( 'NONE', #1639, #510, #1395 ) ;
#1371 = CARTESIAN_POINT ( 'NONE',  ( 16.11000000000000298, -3.109999999999987885, 0.000000000000000000 ) ) ;
#1372 = ORIENTED_EDGE ( 'NONE', *, *, #637, .T. ) ;
#1373 = CARTESIAN_POINT ( 'NONE',  ( 33.96999999999999176, -17.88000000000000256, 0.000000000000000000 ) ) ;
#1374 = CARTESIAN_POINT ( 'NONE',  ( 35.08999999999999631, -16.96999999999999886, 12.63499999999999979 ) ) ;
#1375 = AXIS2_PLACEMENT_3D ( 'NONE', #1166, #1296, #158 ) ;
#1376 = EDGE_CURVE ( 'NONE', #768, #1543, #248, .T. ) ;
#1377 = ORIENTED_EDGE ( 'NONE', *, *, #1698, .T. ) ;
#1378 = CARTESIAN_POINT ( 'NONE',  ( 29.53113049861956085, -19.19999999999999929, 6.240000000000009983 ) ) ;
#1379 = CARTESIAN_POINT ( 'NONE',  ( 18.11000000000000298, -16.98999999999999844, 12.63499999999999979 ) ) ;
#1380 = VERTEX_POINT ( 'NONE', #822 ) ;
#1381 = DIRECTION ( 'NONE',  ( 1.000000000000000000, 0.000000000000000000, 0.000000000000000000 ) ) ;
#1382 = ORIENTED_EDGE ( 'NONE', *, *, #921, .F. ) ;
#1383 = ADVANCED_FACE ( 'NONE', ( #396 ), #1095, .F. ) ;
#1384 = CARTESIAN_POINT ( 'NONE',  ( 29.19849643758434965, -18.00000000000000355, 5.040000000000001812 ) ) ;
#1385 = VECTOR ( 'NONE', #283, 100.0000000000000000 ) ;
#1386 = CARTESIAN_POINT ( 'NONE',  ( 29.05653014544951773, -0.6000000000000005329, 5.640000000000002345 ) ) ;
#1387 = ORIENTED_EDGE ( 'NONE', *, *, #343, .T. ) ;
#1388 = AXIS2_PLACEMENT_3D ( 'NONE', #585, #291, #143 ) ;
#1389 = LINE ( 'NONE', #235, #1191 ) ;
#1390 = CIRCLE ( 'NONE', #431, 0.3000000000000070388 ) ;
#1391 = EDGE_CURVE ( 'NONE', #1801, #1683, #514, .T. ) ;
#1392 = CIRCLE ( 'NONE', #1652, 0.3000000000000070388 ) ;
#1393 = DIRECTION ( 'NONE',  ( -0.2302529551604794444, 0.000000000000000000, 0.9731308116794300522 ) ) ;
#1394 = LINE ( 'NONE', #977, #851 ) ;
#1395 = DIRECTION ( 'NONE',  ( 1.000000000000000000, 0.000000000000000000, 0.000000000000000000 ) ) ;
#1396 = ADVANCED_FACE ( 'NONE', ( #118 ), #1084, .T. ) ;
#1397 = ORIENTED_EDGE ( 'NONE', *, *, #115, .F. ) ;
#1398 = DIRECTION ( 'NONE',  ( -0.2302529551604794167, 0.000000000000000000, 0.9731308116794300522 ) ) ;
#1399 = DIRECTION ( 'NONE',  ( 1.000000000000000000, 0.000000000000000000, 0.000000000000000000 ) ) ;
#1400 = ADVANCED_FACE ( 'NONE', ( #1261 ), #372, .F. ) ;
#1401 = DIRECTION ( 'NONE',  ( -0.5773502691896257311, -0.5773502691896257311, -0.5773502691896257311 ) ) ;
#1402 = FACE_BOUND ( 'NONE', #1076, .T. ) ;
#1403 = DIRECTION ( 'NONE',  ( 0.000000000000000000, 0.9396926207859087610, 0.3420201433256678802 ) ) ;
#1404 = ORIENTED_EDGE ( 'NONE', *, *, #489, .T. ) ;
#1405 = DIRECTION ( 'NONE',  ( -1.000000000000000000, 0.000000000000000000, 0.000000000000000000 ) ) ;
#1406 = FACE_BOUND ( 'NONE', #1091, .T. ) ;
#1407 = LINE ( 'NONE', #1654, #1766 ) ;
#1408 = EDGE_CURVE ( 'NONE', #1029, #1591, #949, .T. ) ;
#1409 = LINE ( 'NONE', #1693, #53 ) ;
#1410 = CARTESIAN_POINT ( 'NONE',  ( 30.21479096245456830, -18.60000000000000497, -5.769796183321848737 ) ) ;
#1411 = ORIENTED_EDGE ( 'NONE', *, *, #1213, .T. ) ;
#1412 = CARTESIAN_POINT ( 'NONE',  ( 0.000000000000000000, -17.88000000000000256, 0.1000000000000000056 ) ) ;
#1413 = DIRECTION ( 'NONE',  ( 0.000000000000000000, 0.7071067811865475727, -0.7071067811865475727 ) ) ;
#1414 = AXIS2_PLACEMENT_3D ( 'NONE', #907, #1621, #1477 ) ;
#1415 = ORIENTED_EDGE ( 'NONE', *, *, #1226, .F. ) ;
#1416 = VECTOR ( 'NONE', #369, 100.0000000000000000 ) ;
#1417 = CARTESIAN_POINT ( 'NONE',  ( 16.11000000000000654, -17.98000000000000043, 3.811794943820226322 ) ) ;
#1418 = PLANE ( 'NONE',  #1246 ) ;
#1419 =( BOUNDED_CURVE ( )  B_SPLINE_CURVE ( 3, ( #415, #230, #982, #802 ),
 .UNSPECIFIED., .F., .T. ) 
 B_SPLINE_CURVE_WITH_KNOTS ( ( 4, 4 ),
 ( 4.938697601239187662, 8.080290254828979002 ),
 .UNSPECIFIED. ) 
 CURVE ( )  GEOMETRIC_REPRESENTATION_ITEM ( )  RATIONAL_B_SPLINE_CURVE ( ( 1.000000000000000000, 0.3333333333333339810, 0.3333333333333339810, 1.000000000000000000 ) ) 
 REPRESENTATION_ITEM ( '' )  );
#1420 = EDGE_CURVE ( 'NONE', #1423, #352, #1603, .T. ) ;
#1421 = VERTEX_POINT ( 'NONE', #1298 ) ;
#1422 = FACE_OUTER_BOUND ( 'NONE', #71, .T. ) ;
#1423 = VERTEX_POINT ( 'NONE', #1167 ) ;
#1424 = LINE ( 'NONE', #595, #1620 ) ;
#1425 =( NAMED_UNIT ( * ) SI_UNIT ( $, .STERADIAN. ) SOLID_ANGLE_UNIT ( ) );
#1426 = ORIENTED_EDGE ( 'NONE', *, *, #590, .T. ) ;
#1427 = CARTESIAN_POINT ( 'NONE',  ( 16.20999999999999019, -1.319999999999998952, 1.246908773888053977E-14 ) ) ;
#1428 = LINE ( 'NONE', #708, #676 ) ;
#1429 = ADVANCED_FACE ( 'NONE', ( #560 ), #422, .F. ) ;
#1430 = PLANE ( 'NONE',  #559 ) ;
#1431 = CARTESIAN_POINT ( 'NONE',  ( 21.21630391768895052, -1.219999999999998863, 5.019999999999997797 ) ) ;
#1432 = CARTESIAN_POINT ( 'NONE',  ( 26.11566321105994604, -1.200000000000006173, 5.039999999999988489 ) ) ;
#1433 = ORIENTED_EDGE ( 'NONE', *, *, #1251, .T. ) ;
#1434 = PLANE ( 'NONE',  #1217 ) ;
#1435 = VECTOR ( 'NONE', #1771, 100.0000000000000000 ) ;
#1436 = CARTESIAN_POINT ( 'NONE',  ( 26.11566321105994604, -17.99999999999999289, 5.039999999999992930 ) ) ;
#1437 = DIRECTION ( 'NONE',  ( -0.2302529551604794167, 0.000000000000000000, 0.9731308116794299412 ) ) ;
#1438 = FACE_OUTER_BOUND ( 'NONE', #684, .T. ) ;
#1439 = ORIENTED_EDGE ( 'NONE', *, *, #610, .T. ) ;
#1440 = CARTESIAN_POINT ( 'NONE',  ( 0.000000000000000000, -1.219999999999998863, 0.3747477419454632308 ) ) ;
#1441 = ORIENTED_EDGE ( 'NONE', *, *, #1661, .T. ) ;
#1442 = ADVANCED_FACE ( 'NONE', ( #24 ), #1692, .T. ) ;
#1443 = VECTOR ( 'NONE', #395, 100.0000000000000142 ) ;
#1444 = VECTOR ( 'NONE', #1263, 100.0000000000000000 ) ;
#1445 = FACE_OUTER_BOUND ( 'NONE', #1700, .T. ) ;
#1446 = DIRECTION ( 'NONE',  ( -0.000000000000000000, 1.000000000000000000, 0.000000000000000000 ) ) ;
#1447 = VECTOR ( 'NONE', #1044, 100.0000000000000000 ) ;
#1448 = ADVANCED_FACE ( 'NONE', ( #1728 ), #586, .F. ) ;
#1449 = VERTEX_POINT ( 'NONE', #1554 ) ;
#1450 = APPLICATION_PROTOCOL_DEFINITION ( 'draft international standard', 'automotive_design', 1998, #1761 ) ;
#1451 = VERTEX_POINT ( 'NONE', #1013 ) ;
#1452 = PLANE ( 'NONE',  #1150 ) ;
#1453 = AXIS2_PLACEMENT_3D ( 'NONE', #539, #370, #1653 ) ;
#1454 = LINE ( 'NONE', #566, #1385 ) ;
#1455 = ORIENTED_EDGE ( 'NONE', *, *, #1649, .F. ) ;
#1456 = EDGE_CURVE ( 'NONE', #1451, #331, #1454, .T. ) ;
#1457 = CARTESIAN_POINT ( 'NONE',  ( 0.000000000000000000, -1.219999999999998863, 5.019999999999997797 ) ) ;
#1458 = CARTESIAN_POINT ( 'NONE',  ( 35.08999999999999631, -15.97000000000000064, 0.1000000000000056399 ) ) ;
#1459 = ORIENTED_EDGE ( 'NONE', *, *, #884, .F. ) ;
#1460 = DIRECTION ( 'NONE',  ( 1.000000000000000000, 0.000000000000000000, 0.000000000000000000 ) ) ;
#1461 = ORIENTED_EDGE ( 'NONE', *, *, #363, .F. ) ;
#1462 = DIRECTION ( 'NONE',  ( 1.000000000000000000, 0.000000000000000000, 0.000000000000000000 ) ) ;
#1463 = CARTESIAN_POINT ( 'NONE',  ( 28.27364646962704242, -1.200000000000005507, 5.039999999999991154 ) ) ;
#1464 = EDGE_CURVE ( 'NONE', #1781, #1499, #885, .T. ) ;
#1465 = CARTESIAN_POINT ( 'NONE',  ( 26.44829727209516790, 1.448494102440633924E-14, 6.240000000000022418 ) ) ;
#1466 = VECTOR ( 'NONE', #1576, 100.0000000000000142 ) ;
#1467 = EDGE_CURVE ( 'NONE', #1018, #496, #1003, .T. ) ;
#1468 = MANIFOLD_SOLID_BREP ( 'Middle', #943 ) ;
#1469 = ORIENTED_EDGE ( 'NONE', *, *, #1338, .F. ) ;
#1470 = ORIENTED_EDGE ( 'NONE', *, *, #1478, .F. ) ;
#1471 = CARTESIAN_POINT ( 'NONE',  ( 28.77979046451041967, -18.60000000000000142, 6.809600234439875166 ) ) ;
#1472 = FACE_OUTER_BOUND ( 'NONE', #691, .T. ) ;
#1473 = ORIENTED_EDGE ( 'NONE', *, *, #363, .T. ) ;
#1474 = CARTESIAN_POINT ( 'NONE',  ( 0.000000000000000000, -1.319999999999998952, 0.000000000000000000 ) ) ;
#1475 = DIRECTION ( 'NONE',  ( -0.7071067811865475727, -0.000000000000000000, -0.7071067811865475727 ) ) ;
#1476 = CIRCLE ( 'NONE', #909, 0.3000000000000012657 ) ;
#1477 = DIRECTION ( 'NONE',  ( -0.000000000000000000, 1.000000000000000000, 0.000000000000000000 ) ) ;
#1478 = EDGE_CURVE ( 'NONE', #359, #567, #1310, .T. ) ;
#1479 = VERTEX_POINT ( 'NONE', #173 ) ;
#1480 = CARTESIAN_POINT ( 'NONE',  ( 0.000000000000000000, -1.219999999999998863, 0.3747477419454632308 ) ) ;
#1481 = DIRECTION ( 'NONE',  ( -1.000000000000000000, 1.394752543498940254E-15, 0.000000000000000000 ) ) ;
#1482 = EDGE_LOOP ( 'NONE', ( #423, #1648, #657, #1047 ) ) ;
#1483 = DIRECTION ( 'NONE',  ( 0.000000000000000000, 0.000000000000000000, -1.000000000000000000 ) ) ;
#1484 = DIRECTION ( 'NONE',  ( -0.2302529551604794167, 0.000000000000000000, 0.9731308116794299412 ) ) ;
#1485 = FACE_OUTER_BOUND ( 'NONE', #1689, .T. ) ;
#1486 = ORIENTED_EDGE ( 'NONE', *, *, #1478, .T. ) ;
#1487 = VERTEX_POINT ( 'NONE', #1566 ) ;
#1488 = VERTEX_POINT ( 'NONE', #312 ) ;
#1489 = EDGE_CURVE ( 'NONE', #1421, #135, #1137, .T. ) ;
#1490 = DIRECTION ( 'NONE',  ( 0.2302529551604793889, 0.000000000000000000, -0.9731308116794300522 ) ) ;
#1491 = ORIENTED_EDGE ( 'NONE', *, *, #63, .T. ) ;
#1492 = CARTESIAN_POINT ( 'NONE',  ( 35.19000000000000483, -3.329999999999991189, 0.000000000000000000 ) ) ;
#1493 = CYLINDRICAL_SURFACE ( 'NONE', #1828, 0.3000000000000070388 ) ;
#1494 = LINE ( 'NONE', #1232, #993 ) ;
#1495 = ORIENTED_EDGE ( 'NONE', *, *, #1456, .T. ) ;
#1496 = ORIENTED_EDGE ( 'NONE', *, *, #1149, .T. ) ;
#1497 = AXIS2_PLACEMENT_3D ( 'NONE', #436, #1159, #1718 ) ;
#1498 = FACE_BOUND ( 'NONE', #710, .T. ) ;
#1499 = VERTEX_POINT ( 'NONE', #1290 ) ;
#1500 = EDGE_CURVE ( 'NONE', #723, #238, #12, .T. ) ;
#1501 = DIRECTION ( 'NONE',  ( -0.2302529551604794444, 0.000000000000000000, 0.9731308116794300522 ) ) ;
#1502 = CARTESIAN_POINT ( 'NONE',  ( 16.21000000000001151, -17.88000000000000256, -9.205366787092840999E-16 ) ) ;
#1503 = EDGE_LOOP ( 'NONE', ( #189, #102, #412, #1616 ) ) ;
#1504 = VECTOR ( 'NONE', #1716, 100.0000000000000000 ) ;
#1505 = EDGE_CURVE ( 'NONE', #1819, #1624, #465, .T. ) ;
#1506 = VECTOR ( 'NONE', #640, 100.0000000000000142 ) ;
#1507 = ORIENTED_EDGE ( 'NONE', *, *, #576, .F. ) ;
#1508 = DIRECTION ( 'NONE',  ( -0.2302529551604794444, 0.000000000000000000, 0.9731308116794300522 ) ) ;
#1509 = VECTOR ( 'NONE', #1820, 100.0000000000000142 ) ;
#1510 = ADVANCED_FACE ( 'NONE', ( #1176 ), #1604, .T. ) ;
#1511 = CARTESIAN_POINT ( 'NONE',  ( 0.000000000000000000, -1.219999999999998863, 5.019999999999997797 ) ) ;
#1512 = ORIENTED_EDGE ( 'NONE', *, *, #217, .T. ) ;
#1513 = ORIENTED_EDGE ( 'NONE', *, *, #181, .F. ) ;
#1514 = DIRECTION ( 'NONE',  ( 0.000000000000000000, 1.000000000000000000, 0.000000000000000000 ) ) ;
#1515 = EDGE_CURVE ( 'NONE', #574, #1580, #64, .T. ) ;
#1516 = LINE ( 'NONE', #526, #913 ) ;
#1517 = DIRECTION ( 'NONE',  ( -0.9731308116794302743, 0.000000000000000000, -0.2302529551604779456 ) ) ;
#1518 = ADVANCED_FACE ( 'NONE', ( #341 ), #893, .T. ) ;
#1519 = CYLINDRICAL_SURFACE ( 'NONE', #205, 0.3000000000000012657 ) ;
#1520 = VECTOR ( 'NONE', #475, 100.0000000000000142 ) ;
#1521 = CARTESIAN_POINT ( 'NONE',  ( 30.50673020595840512, -0.5999999999999949818, -5.700720296773703843 ) ) ;
#1522 = EDGE_CURVE ( 'NONE', #828, #1234, #914, .T. ) ;
#1523 = CARTESIAN_POINT ( 'NONE',  ( 34.07000000000000028, -15.97000000000000064, 0.1000000000000056399 ) ) ;
#1524 = AXIS2_PLACEMENT_3D ( 'NONE', #358, #515, #407 ) ;
#1525 = ORIENTED_EDGE ( 'NONE', *, *, #1649, .T. ) ;
#1526 = EDGE_CURVE ( 'NONE', #546, #1074, #624, .T. ) ;
#1527 = VECTOR ( 'NONE', #1773, 100.0000000000000000 ) ;
#1528 = LINE ( 'NONE', #1371, #32 ) ;
#1529 = FACE_BOUND ( 'NONE', #5, .T. ) ;
#1530 = VECTOR ( 'NONE', #1598, 100.0000000000000000 ) ;
#1531 = DIRECTION ( 'NONE',  ( 1.000000000000000000, 0.000000000000000000, 0.000000000000000000 ) ) ;
#1532 = ORIENTED_EDGE ( 'NONE', *, *, #890, .T. ) ;
#1533 = FACE_BOUND ( 'NONE', #212, .T. ) ;
#1534 = FACE_OUTER_BOUND ( 'NONE', #1306, .T. ) ;
#1535 = VERTEX_POINT ( 'NONE', #1199 ) ;
#1536 = ADVANCED_FACE ( 'NONE', ( #1209 ), #322, .F. ) ;
#1537 = LINE ( 'NONE', #1212, #847 ) ;
#1538 = LINE ( 'NONE', #1800, #485 ) ;
#1539 = DIRECTION ( 'NONE',  ( -0.9731308116794302743, 0.000000000000000000, -0.2302529551604779456 ) ) ;
#1540 = CARTESIAN_POINT ( 'NONE',  ( 17.09000000000000341, -15.99000000000000199, 12.63499999999999979 ) ) ;
#1541 =( BOUNDED_CURVE ( )  B_SPLINE_CURVE ( 3, ( #761, #490, #1078, #1752 ),
 .UNSPECIFIED., .F., .T. ) 
 B_SPLINE_CURVE_WITH_KNOTS ( ( 4, 4 ),
 ( 1.797104947649392326, 4.938697601239184998 ),
 .UNSPECIFIED. ) 
 CURVE ( )  GEOMETRIC_REPRESENTATION_ITEM ( )  RATIONAL_B_SPLINE_CURVE ( ( 1.000000000000000000, 0.3333333333333335369, 0.3333333333333335369, 1.000000000000000000 ) ) 
 REPRESENTATION_ITEM ( '' )  );
#1542 = EDGE_CURVE ( 'NONE', #1018, #891, #207, .T. ) ;
#1543 = VERTEX_POINT ( 'NONE', #495 ) ;
#1544 = CARTESIAN_POINT ( 'NONE',  ( 27.51511353218730704, -0.5999999999999949818, 5.640000000000007674 ) ) ;
#1545 = ORIENTED_EDGE ( 'NONE', *, *, #307, .T. ) ;
#1546 = LINE ( 'NONE', #1374, #673 ) ;
#1547 = AXIS2_PLACEMENT_3D ( 'NONE', #778, #1189, #757 ) ;
#1548 = EDGE_CURVE ( 'NONE', #1687, #616, #788, .T. ) ;
#1549 = LINE ( 'NONE', #276, #1774 ) ;
#1550 = ORIENTED_EDGE ( 'NONE', *, *, #576, .T. ) ;
#1551 = EDGE_CURVE ( 'NONE', #605, #1479, #505, .T. ) ;
#1552 =( NAMED_UNIT ( * ) PLANE_ANGLE_UNIT ( ) SI_UNIT ( $, .RADIAN. ) );
#1553 = VECTOR ( 'NONE', #1055, 100.0000000000000000 ) ;
#1554 = CARTESIAN_POINT ( 'NONE',  ( 35.08999999999999631, -16.96999999999999886, 0.1000000000000056399 ) ) ;
#1555 = EDGE_LOOP ( 'NONE', ( #99, #793, #1327, #898 ) ) ;
#1556 = VECTOR ( 'NONE', #534, 100.0000000000000142 ) ;
#1557 = VECTOR ( 'NONE', #580, 100.0000000000000142 ) ;
#1558 = DIRECTION ( 'NONE',  ( 4.770334648313475045E-16, -0.3420201433256678802, 0.9396926207859087610 ) ) ;
#1559 = DIRECTION ( 'NONE',  ( 0.000000000000000000, -0.7071067811865376918, -0.7071067811865573427 ) ) ;
#1560 = ADVANCED_FACE ( 'NONE', ( #635, #1326, #1498, #192, #50, #83, #1472 ), #1759, .F. ) ;
#1561 = DIRECTION ( 'NONE',  ( 0.2302529551604794444, 0.000000000000000000, -0.9731308116794300522 ) ) ;
#1562 = ORIENTED_EDGE ( 'NONE', *, *, #600, .F. ) ;
#1563 = CIRCLE ( 'NONE', #1002, 0.3000000000000070388 ) ;
#1564 =( NAMED_UNIT ( * ) SI_UNIT ( $, .STERADIAN. ) SOLID_ANGLE_UNIT ( ) );
#1565 = FACE_OUTER_BOUND ( 'NONE', #384, .T. ) ;
#1566 = CARTESIAN_POINT ( 'NONE',  ( 34.07000000000000739, -3.229999999999985771, 8.061319288389515947 ) ) ;
#1567 = ORIENTED_EDGE ( 'NONE', *, *, #533, .F. ) ;
#1568 = ADVANCED_FACE ( 'NONE', ( #1634 ), #1220, .T. ) ;
#1569 = CARTESIAN_POINT ( 'NONE',  ( 16.21000000000001151, -19.19999999999997797, 0.000000000000000000 ) ) ;
#1570 = DIRECTION ( 'NONE',  ( 1.877914453019546570E-16, -1.000000000000000000, 0.000000000000000000 ) ) ;
#1571 = CARTESIAN_POINT ( 'NONE',  ( 29.57828620936730601, -0.6000000000000005329, 4.737788335293272368 ) ) ;
#1572 = ORIENTED_EDGE ( 'NONE', *, *, #1351, .T. ) ;
#1573 = EDGE_CURVE ( 'NONE', #1228, #688, #1563, .T. ) ;
#1574 = CARTESIAN_POINT ( 'NONE',  ( 29.81506308288922469, -1.199999999999997957, 5.039999999999998259 ) ) ;
#1575 = DIRECTION ( 'NONE',  ( 1.000000000000000000, 0.000000000000000000, 0.000000000000000000 ) ) ;
#1576 = DIRECTION ( 'NONE',  ( 0.9731308116794299412, 0.000000000000000000, 0.2302529551604793612 ) ) ;
#1577 = EDGE_LOOP ( 'NONE', ( #752, #894 ) ) ;
#1578 = VECTOR ( 'NONE', #922, 100.0000000000000000 ) ;
#1579 = LINE ( 'NONE', #148, #373 ) ;
#1580 = VERTEX_POINT ( 'NONE', #786 ) ;
#1581 = DIRECTION ( 'NONE',  ( 1.000000000000000000, 0.000000000000000000, 0.000000000000000000 ) ) ;
#1582 = EDGE_CURVE ( 'NONE', #1488, #1806, #364, .T. ) ;
#1583 = ORIENTED_EDGE ( 'NONE', *, *, #689, .F. ) ;
#1584 = VECTOR ( 'NONE', #1312, 100.0000000000000000 ) ;
#1585 = AXIS2_PLACEMENT_3D ( 'NONE', #366, #618, #66 ) ;
#1586 = CARTESIAN_POINT ( 'NONE',  ( 34.07000000000000028, -1.219999999999998863, 5.019999999999997797 ) ) ;
#1587 = DIRECTION ( 'NONE',  ( 0.000000000000000000, 0.000000000000000000, -1.000000000000000000 ) ) ;
#1588 = CARTESIAN_POINT ( 'NONE',  ( 25.97369691892511057, -0.5999999999999949818, 5.640000000000008562 ) ) ;
#1589 = ORIENTED_EDGE ( 'NONE', *, *, #1238, .T. ) ;
#1590 = EDGE_LOOP ( 'NONE', ( #1355, #1411, #214, #1023 ) ) ;
#1591 = VERTEX_POINT ( 'NONE', #406 ) ;
#1592 = DIRECTION ( 'NONE',  ( 0.000000000000000000, 1.000000000000000000, 0.000000000000000000 ) ) ;
#1593 = AXIS2_PLACEMENT_3D ( 'NONE', #1412, #702, #1405 ) ;
#1594 = EDGE_CURVE ( 'NONE', #768, #350, #256, .T. ) ;
#1595 = CARTESIAN_POINT ( 'NONE',  ( 0.000000000000000000, -1.219999999999998863, 5.019999999999997797 ) ) ;
#1596 = ORIENTED_EDGE ( 'NONE', *, *, #1351, .F. ) ;
#1597 = CARTESIAN_POINT ( 'NONE',  ( 26.15233727297595578, -18.60000000000000497, 6.187917255506579117 ) ) ;
#1598 = DIRECTION ( 'NONE',  ( 0.000000000000000000, -1.000000000000000000, 0.000000000000000000 ) ) ;
#1599 = DIRECTION ( 'NONE',  ( 0.000000000000000000, -1.000000000000000000, 0.000000000000000000 ) ) ;
#1600 = ORIENTED_EDGE ( 'NONE', *, *, #867, .T. ) ;
#1601 = ORIENTED_EDGE ( 'NONE', *, *, #1066, .F. ) ;
#1602 = CARTESIAN_POINT ( 'NONE',  ( 17.24666666666669101, -17.12666666666667226, -1.036666666666642200 ) ) ;
#1603 =( BOUNDED_CURVE ( )  B_SPLINE_CURVE ( 3, ( #722, #292, #1432, #4 ),
 .UNSPECIFIED., .F., .F. ) 
 B_SPLINE_CURVE_WITH_KNOTS ( ( 4, 4 ),
 ( 1.797104947649393436, 4.938697601239188550 ),
 .UNSPECIFIED. ) 
 CURVE ( )  GEOMETRIC_REPRESENTATION_ITEM ( )  RATIONAL_B_SPLINE_CURVE ( ( 1.000000000000000000, 0.3333333333333327597, 0.3333333333333327597, 1.000000000000000000 ) ) 
 REPRESENTATION_ITEM ( '' )  );
#1604 = PLANE ( 'NONE',  #152 ) ;
#1605 = ORIENTED_EDGE ( 'NONE', *, *, #967, .T. ) ;
#1606 = CARTESIAN_POINT ( 'NONE',  ( 17.09000000000000341, -2.209999999999989750, 0.09999999999999734102 ) ) ;
#1607 = PLANE ( 'NONE',  #1089 ) ;
#1608 = EDGE_CURVE ( 'NONE', #1487, #1801, #829, .T. ) ;
#1609 = DIRECTION ( 'NONE',  ( 0.7071067811865612285, 0.000000000000000000, -0.7071067811865339170 ) ) ;
#1610 = AXIS2_PLACEMENT_3D ( 'NONE', #865, #444, #273 ) ;
#1611 = ORIENTED_EDGE ( 'NONE', *, *, #47, .F. ) ;
#1612 = EDGE_LOOP ( 'NONE', ( #1695, #194, #203, #695 ) ) ;
#1613 = DIRECTION ( 'NONE',  ( 0.000000000000000000, 0.000000000000000000, -1.000000000000000000 ) ) ;
#1614 = ADVANCED_FACE ( 'NONE', ( #1235 ), #1519, .F. ) ;
#1615 = DIRECTION ( 'NONE',  ( 0.000000000000000000, 1.000000000000000000, -0.000000000000000000 ) ) ;
#1616 = ORIENTED_EDGE ( 'NONE', *, *, #1573, .F. ) ;
#1617 = DIRECTION ( 'NONE',  ( -0.2302529551604794444, 0.000000000000000000, 0.9731308116794300522 ) ) ;
#1618 = VECTOR ( 'NONE', #1399, 100.0000000000000000 ) ;
#1619 = DIRECTION ( 'NONE',  ( 0.000000000000000000, 0.000000000000000000, -1.000000000000000000 ) ) ;
#1620 = VECTOR ( 'NONE', #1736, 100.0000000000000000 ) ;
#1621 = DIRECTION ( 'NONE',  ( 1.000000000000000000, 0.000000000000000000, 0.000000000000000000 ) ) ;
#1622 = EDGE_CURVE ( 'NONE', #578, #928, #1389, .T. ) ;
#1623 = VECTOR ( 'NONE', #1362, 100.0000000000000000 ) ;
#1624 = VERTEX_POINT ( 'NONE', #1798 ) ;
#1625 = VECTOR ( 'NONE', #286, 100.0000000000000000 ) ;
#1626 = ORIENTED_EDGE ( 'NONE', *, *, #789, .T. ) ;
#1627 = ORIENTED_EDGE ( 'NONE', *, *, #14, .T. ) ;
#1628 = CARTESIAN_POINT ( 'NONE',  ( 16.99000000000000554, -16.08999999999999986, 0.000000000000000000 ) ) ;
#1629 = ORIENTED_EDGE ( 'NONE', *, *, #1188, .F. ) ;
#1630 = DIRECTION ( 'NONE',  ( 0.000000000000000000, -0.7071067811865376918, -0.7071067811865573427 ) ) ;
#1631 = DIRECTION ( 'NONE',  ( 0.7071067811865376918, 0.000000000000000000, -0.7071067811865573427 ) ) ;
#1632 = CARTESIAN_POINT ( 'NONE',  ( 34.07000000000000028, -17.98000000000000043, 0.3747477419454632308 ) ) ;
#1633 = ORIENTED_EDGE ( 'NONE', *, *, #130, .F. ) ;
#1634 = FACE_OUTER_BOUND ( 'NONE', #1772, .T. ) ;
#1635 = ORIENTED_EDGE ( 'NONE', *, *, #1072, .T. ) ;
#1636 = CARTESIAN_POINT ( 'NONE',  ( 27.32009424699126754, -18.60000000000000497, 6.464220801699154251 ) ) ;
#1637 = FACE_OUTER_BOUND ( 'NONE', #1048, .T. ) ;
#1638 = LINE ( 'NONE', #782, #1646 ) ;
#1639 = CARTESIAN_POINT ( 'NONE',  ( 16.11000000000000298, -3.209999999999987974, 12.63499999999999979 ) ) ;
#1640 = EDGE_LOOP ( 'NONE', ( #866, #572, #109, #1295 ) ) ;
#1641 = LINE ( 'NONE', #798, #1656 ) ;
#1642 = EDGE_CURVE ( 'NONE', #1380, #563, #1641, .T. ) ;
#1643 = DIRECTION ( 'NONE',  ( -0.7071067811865392461, -1.327886044218332067E-16, -0.7071067811865558994 ) ) ;
#1644 = LINE ( 'NONE', #1502, #52 ) ;
#1645 = CARTESIAN_POINT ( 'NONE',  ( 16.11000000000000654, -15.99000000000000199, 0.09999999999999731326 ) ) ;
#1646 = VECTOR ( 'NONE', #1765, 100.0000000000000000 ) ;
#1647 = VECTOR ( 'NONE', #128, 100.0000000000000000 ) ;
#1648 = ORIENTED_EDGE ( 'NONE', *, *, #1265, .F. ) ;
#1649 = EDGE_CURVE ( 'NONE', #1745, #1014, #1528, .T. ) ;
#1650 = EDGE_LOOP ( 'NONE', ( #622, #1495, #900, #633 ) ) ;
#1651 = PRODUCT_DEFINITION_FORMATION_WITH_SPECIFIED_SOURCE ( 'ANY', '', #1010, .NOT_KNOWN. ) ;
#1652 = AXIS2_PLACEMENT_3D ( 'NONE', #418, #1711, #1826 ) ;
#1653 = DIRECTION ( 'NONE',  ( -0.9731308116794302743, 0.000000000000000000, -0.2302529551604779456 ) ) ;
#1654 = CARTESIAN_POINT ( 'NONE',  ( 0.000000000000000000, -2.209999999999989750, 0.000000000000000000 ) ) ;
#1655 = ORIENTED_EDGE ( 'NONE', *, *, #187, .F. ) ;
#1656 = VECTOR ( 'NONE', #1243, 100.0000000000000142 ) ;
#1657 = ADVANCED_FACE ( 'NONE', ( #1790 ), #680, .T. ) ;
#1658 = CARTESIAN_POINT ( 'NONE',  ( 0.000000000000000000, -17.08999999999999986, 0.000000000000000000 ) ) ;
#1659 = ORIENTED_EDGE ( 'NONE', *, *, #318, .T. ) ;
#1660 = ORIENTED_EDGE ( 'NONE', *, *, #170, .F. ) ;
#1661 = EDGE_CURVE ( 'NONE', #644, #36, #220, .T. ) ;
#1662 = CARTESIAN_POINT ( 'NONE',  ( 29.04703398843925655, -18.60000000000000497, -6.046099729514423871 ) ) ;
#1663 = FACE_OUTER_BOUND ( 'NONE', #886, .T. ) ;
#1664 = CARTESIAN_POINT ( 'NONE',  ( 16.11000000000000654, -17.88000000000000256, 0.09999999999999728550 ) ) ;
#1665 = LINE ( 'NONE', #1632, #110 ) ;
#1666 = ADVANCED_FACE ( 'NONE', ( #820 ), #1814, .F. ) ;
#1667 = ORIENTED_EDGE ( 'NONE', *, *, #600, .T. ) ;
#1668 = CARTESIAN_POINT ( 'NONE',  ( 0.000000000000000000, -3.229999999999985771, 0.000000000000000000 ) ) ;
#1669 = MECHANICAL_DESIGN_GEOMETRIC_PRESENTATION_REPRESENTATION (  '', ( #1731 ), #871 ) ;
#1670 = LINE ( 'NONE', #125, #1443 ) ;
#1671 = DIRECTION ( 'NONE',  ( -0.9731308116794302743, 0.000000000000000000, -0.2302529551604779456 ) ) ;
#1672 = ORIENTED_EDGE ( 'NONE', *, *, #1343, .F. ) ;
#1673 = CARTESIAN_POINT ( 'NONE',  ( 18.11000000000000298, -2.209999999999989750, 4.285015917602999380 ) ) ;
#1674 = CARTESIAN_POINT ( 'NONE',  ( 25.97369691892511057, -18.60000000000000497, 5.640000000000012115 ) ) ;
#1675 = ADVANCED_FACE ( 'NONE', ( #940 ), #117, .F. ) ;
#1676 = VECTOR ( 'NONE', #880, 100.0000000000000000 ) ;
#1677 = ORIENTED_EDGE ( 'NONE', *, *, #1420, .T. ) ;
#1678 = AXIS2_PLACEMENT_3D ( 'NONE', #1249, #113, #817 ) ;
#1679 = CARTESIAN_POINT ( 'NONE',  ( 29.67309679075439988, -18.60000000000000142, 5.640000000000005009 ) ) ;
#1680 = VECTOR ( 'NONE', #411, 100.0000000000000142 ) ;
#1681 = VECTOR ( 'NONE', #198, 100.0000000000000142 ) ;
#1682 = CARTESIAN_POINT ( 'NONE',  ( 29.36366895151807910, -0.6000000000000005329, 6.947752007536163177 ) ) ;
#1683 = VERTEX_POINT ( 'NONE', #520 ) ;
#1684 = DIRECTION ( 'NONE',  ( -1.000000000000000000, 0.000000000000000000, 0.000000000000000000 ) ) ;
#1685 = PLANE ( 'NONE',  #617 ) ;
#1686 =( BOUNDED_CURVE ( )  B_SPLINE_CURVE ( 3, ( #103, #1259, #1378, #1679 ),
 .UNSPECIFIED., .F., .T. ) 
 B_SPLINE_CURVE_WITH_KNOTS ( ( 4, 4 ),
 ( 4.938697601239184998, 8.080290254828979002 ),
 .UNSPECIFIED. ) 
 CURVE ( )  GEOMETRIC_REPRESENTATION_ITEM ( )  RATIONAL_B_SPLINE_CURVE ( ( 1.000000000000000000, 0.3333333333333330373, 0.3333333333333330373, 1.000000000000000000 ) ) 
 REPRESENTATION_ITEM ( '' )  );
#1687 = VERTEX_POINT ( 'NONE', #1253 ) ;
#1688 = FACE_OUTER_BOUND ( 'NONE', #783, .T. ) ;
#1689 = EDGE_LOOP ( 'NONE', ( #1100, #646, #1196, #743 ) ) ;
#1690 = PLANE ( 'NONE',  #1331 ) ;
#1691 = PRODUCT_DEFINITION_SHAPE ( 'NONE', 'NONE',  #193 ) ;
#1692 = PLANE ( 'NONE',  #1610 ) ;
#1693 = CARTESIAN_POINT ( 'NONE',  ( 34.07000000000000028, -1.319999999999998952, 0.1000000000000056399 ) ) ;
#1694 = LINE ( 'NONE', #1112, #852 ) ;
#1695 = ORIENTED_EDGE ( 'NONE', *, *, #162, .F. ) ;
#1696 = ORIENTED_EDGE ( 'NONE', *, *, #477, .T. ) ;
#1697 = CARTESIAN_POINT ( 'NONE',  ( 29.07172970801424938, -0.6000000000000005329, 6.878676120988018283 ) ) ;
#1698 = EDGE_CURVE ( 'NONE', #36, #644, #1686, .T. ) ;
#1699 =( NAMED_UNIT ( * ) PLANE_ANGLE_UNIT ( ) SI_UNIT ( $, .RADIAN. ) );
#1700 = EDGE_LOOP ( 'NONE', ( #149, #1461, #836, #1455 ) ) ;
#1701 = LINE ( 'NONE', #1302, #1182 ) ;
#1702 = LINE ( 'NONE', #30, #402 ) ;
#1703 = CARTESIAN_POINT ( 'NONE',  ( 16.99000000000000199, -3.209999999999987974, 0.000000000000000000 ) ) ;
#1704 = ORIENTED_EDGE ( 'NONE', *, *, #1526, .T. ) ;
#1705 = CARTESIAN_POINT ( 'NONE',  ( 35.08999999999999631, -3.229999999999985771, 12.63499999999999979 ) ) ;
#1706 = AXIS2_PLACEMENT_3D ( 'NONE', #575, #721, #1581 ) ;
#1707 = DIRECTION ( 'NONE',  ( 1.000000000000000000, 0.000000000000000000, 0.000000000000000000 ) ) ;
#1708 = ORIENTED_EDGE ( 'NONE', *, *, #1642, .F. ) ;
#1709 = AXIS2_PLACEMENT_3D ( 'NONE', #811, #1240, #1517 ) ;
#1710 = DIRECTION ( 'NONE',  ( -1.877914453019546570E-16, 1.000000000000000000, -4.443342530693252295E-17 ) ) ;
#1711 = DIRECTION ( 'NONE',  ( 0.2302529551604794444, 0.000000000000000000, -0.9731308116794300522 ) ) ;
#1712 = EDGE_CURVE ( 'NONE', #1487, #605, #1107, .T. ) ;
#1713 = LINE ( 'NONE', #1164, #1738 ) ;
#1714 = ORIENTED_EDGE ( 'NONE', *, *, #1113, .T. ) ;
#1715 = CARTESIAN_POINT ( 'NONE',  ( 0.000000000000000000, -19.19999999999999929, 0.000000000000000000 ) ) ;
#1716 = DIRECTION ( 'NONE',  ( 0.000000000000000000, 0.000000000000000000, -1.000000000000000000 ) ) ;
#1717 = ADVANCED_FACE ( 'NONE', ( #948 ), #530, .T. ) ;
#1718 = DIRECTION ( 'NONE',  ( -0.9731308116794304963, 0.000000000000000000, -0.2302529551604777514 ) ) ;
#1719 = ORIENTED_EDGE ( 'NONE', *, *, #1297, .T. ) ;
#1720 = CARTESIAN_POINT ( 'NONE',  ( 29.07172970801424938, -0.6000000000000005329, 6.878676120988018283 ) ) ;
#1721 = CARTESIAN_POINT ( 'NONE',  ( 0.000000000000000000, 0.000000000000000000, 0.000000000000000000 ) ) ;
#1722 = CARTESIAN_POINT ( 'NONE',  ( 27.51511353218730704, -0.5999999999999949818, 5.640000000000007674 ) ) ;
#1723 = EDGE_CURVE ( 'NONE', #998, #992, #139, .T. ) ;
#1724 = UNCERTAINTY_MEASURE_WITH_UNIT (LENGTH_MEASURE( 1.000000000000000082E-05 ), #564, 'distance_accuracy_value', 'NONE');
#1725 = ORIENTED_EDGE ( 'NONE', *, *, #1467, .F. ) ;
#1726 = CARTESIAN_POINT ( 'NONE',  ( 0.000000000000000000, -17.88000000000000256, 0.1000000000000000056 ) ) ;
#1727 = DIRECTION ( 'NONE',  ( 0.000000000000000000, 0.000000000000000000, -1.000000000000000000 ) ) ;
#1728 = FACE_OUTER_BOUND ( 'NONE', #239, .T. ) ;
#1729 = EDGE_LOOP ( 'NONE', ( #612, #491, #132, #1754, #1704 ) ) ;
#1730 = DIRECTION ( 'NONE',  ( 0.000000000000000000, 1.000000000000000000, 0.000000000000000000 ) ) ;
#1731 = STYLED_ITEM ( 'NONE', ( #1022 ), #1468 ) ;
#1732 = DIRECTION ( 'NONE',  ( -0.2302529551604794167, 0.000000000000000000, 0.9731308116794299412 ) ) ;
#1733 = CARTESIAN_POINT ( 'NONE',  ( 17.09000000000000341, -19.19999999999999929, 4.043673220973783344 ) ) ;
#1734 = EDGE_CURVE ( 'NONE', #1543, #1156, #386, .T. ) ;
#1735 = VERTEX_POINT ( 'NONE', #1544 ) ;
#1736 = DIRECTION ( 'NONE',  ( 0.000000000000000000, 1.000000000000000000, 0.000000000000000000 ) ) ;
#1737 = ORIENTED_EDGE ( 'NONE', *, *, #974, .F. ) ;
#1738 = VECTOR ( 'NONE', #178, 100.0000000000000000 ) ;
#1739 = AXIS2_PLACEMENT_3D ( 'NONE', #1511, #834, #1802 ) ;
#1740 = LINE ( 'NONE', #1427, #1805 ) ;
#1741 = DIRECTION ( 'NONE',  ( 0.5773502691896310601, -0.5773502691896310601, 0.5773502691896150729 ) ) ;
#1742 = CARTESIAN_POINT ( 'NONE',  ( 16.11000000000000654, -1.319999999999998952, 0.1000000000000000056 ) ) ;
#1743 = ORIENTED_EDGE ( 'NONE', *, *, #1505, .T. ) ;
#1744 = ORIENTED_EDGE ( 'NONE', *, *, #842, .T. ) ;
#1745 = VERTEX_POINT ( 'NONE', #863 ) ;
#1746 = CARTESIAN_POINT ( 'NONE',  ( 17.09000000000000341, -2.209999999999989750, 0.09999999999999731326 ) ) ;
#1747 = AXIS2_PLACEMENT_3D ( 'NONE', #1705, #1288, #1831 ) ;
#1748 = CARTESIAN_POINT ( 'NONE',  ( 0.000000000000000000, -19.19999999999999929, 0.000000000000000000 ) ) ;
#1749 = EDGE_LOOP ( 'NONE', ( #513, #328, #445, #805 ) ) ;
#1750 = FACE_OUTER_BOUND ( 'NONE', #929, .T. ) ;
#1751 = CARTESIAN_POINT ( 'NONE',  ( 35.19000000000000483, -19.19999999999999929, 0.000000000000000000 ) ) ;
#1752 = CARTESIAN_POINT ( 'NONE',  ( 27.51511353218730704, -18.60000000000000497, 5.640000000000008562 ) ) ;
#1753 = EDGE_CURVE ( 'NONE', #1190, #393, #1279, .T. ) ;
#1754 = ORIENTED_EDGE ( 'NONE', *, *, #1094, .F. ) ;
#1755 = SHAPE_DEFINITION_REPRESENTATION ( #1691, #488 ) ;
#1756 = VERTEX_POINT ( 'NONE', #280 ) ;
#1757 = VERTEX_POINT ( 'NONE', #290 ) ;
#1758 = CARTESIAN_POINT ( 'NONE',  ( 35.19000000000000483, -15.86999999999999567, 0.000000000000000000 ) ) ;
#1759 = PLANE ( 'NONE',  #887 ) ;
#1760 = ORIENTED_EDGE ( 'NONE', *, *, #19, .F. ) ;
#1761 = APPLICATION_CONTEXT ( 'automotive_design' ) ;
#1762 = ADVANCED_FACE ( 'NONE', ( #557 ), #692, .T. ) ;
#1763 = DIRECTION ( 'NONE',  ( -0.9731308116794302743, 0.000000000000000000, -0.2302529551604779456 ) ) ;
#1764 = CARTESIAN_POINT ( 'NONE',  ( 17.09000000000000341, -16.98999999999999844, 0.09999999999999734102 ) ) ;
#1765 = DIRECTION ( 'NONE',  ( 0.5773502691896257311, -0.5773502691896257311, -0.5773502691896257311 ) ) ;
#1766 = VECTOR ( 'NONE', #126, 100.0000000000000142 ) ;
#1767 = VERTEX_POINT ( 'NONE', #432 ) ;
#1768 = ORIENTED_EDGE ( 'NONE', *, *, #1204, .F. ) ;
#1769 = ORIENTED_EDGE ( 'NONE', *, *, #1226, .T. ) ;
#1770 = CARTESIAN_POINT ( 'NONE',  ( 16.11000000000000654, -1.219999999999998863, 5.019999999999997797 ) ) ;
#1771 = DIRECTION ( 'NONE',  ( 0.000000000000000000, -1.000000000000000000, 0.000000000000000000 ) ) ;
#1772 = EDGE_LOOP ( 'NONE', ( #785, #1567, #716, #1073 ) ) ;
#1773 = DIRECTION ( 'NONE',  ( 0.000000000000000000, 0.000000000000000000, -1.000000000000000000 ) ) ;
#1774 = VECTOR ( 'NONE', #305, 100.0000000000000000 ) ;
#1775 = CARTESIAN_POINT ( 'NONE',  ( 12.13999999999992241, -8.180000000000092086, 6.069999999999935447 ) ) ;
#1776 = VERTEX_POINT ( 'NONE', #872 ) ;
#1777 = VECTOR ( 'NONE', #1741, 100.0000000000000142 ) ;
#1778 = ORIENTED_EDGE ( 'NONE', *, *, #439, .T. ) ;
#1779 = VERTEX_POINT ( 'NONE', #150 ) ;
#1780 = CARTESIAN_POINT ( 'NONE',  ( 27.61203349049510081, -0.5999999999999949818, 6.533296688247299144 ) ) ;
#1781 = VERTEX_POINT ( 'NONE', #21 ) ;
#1782 = VECTOR ( 'NONE', #1090, 100.0000000000000142 ) ;
#1783 = ADVANCED_FACE ( 'NONE', ( #1688 ), #999, .T. ) ;
#1784 = LINE ( 'NONE', #184, #554 ) ;
#1785 = DIRECTION ( 'NONE',  ( -1.000000000000000000, 0.000000000000000000, 0.000000000000000000 ) ) ;
#1786 = CARTESIAN_POINT ( 'NONE',  ( 28.13168017749220340, -0.5999999999999949818, 5.640000000000007674 ) ) ;
#1787 = FACE_OUTER_BOUND ( 'NONE', #1123, .T. ) ;
#1788 = ADVANCED_FACE ( 'NONE', ( #1422 ), #1430, .F. ) ;
#1789 = ORIENTED_EDGE ( 'NONE', *, *, #424, .T. ) ;
#1790 = FACE_OUTER_BOUND ( 'NONE', #1096, .T. ) ;
#1791 = ORIENTED_EDGE ( 'NONE', *, *, #430, .F. ) ;
#1792 = DIRECTION ( 'NONE',  ( 0.000000000000000000, 0.000000000000000000, -1.000000000000000000 ) ) ;
#1793 = FACE_BOUND ( 'NONE', #1160, .T. ) ;
#1794 = CARTESIAN_POINT ( 'NONE',  ( 34.07000000000000028, -1.219999999999998863, 5.019999999999997797 ) ) ;
#1795 = VECTOR ( 'NONE', #604, 100.0000000000000000 ) ;
#1796 = ORIENTED_EDGE ( 'NONE', *, *, #1808, .T. ) ;
#1797 = ADVANCED_FACE ( 'NONE', ( #1133 ), #854, .F. ) ;
#1798 = CARTESIAN_POINT ( 'NONE',  ( 25.86039802947211896, -18.60000000000000497, 6.118841368958434224 ) ) ;
#1799 = ADVANCED_FACE ( 'NONE', ( #1438 ), #413, .T. ) ;
#1800 = CARTESIAN_POINT ( 'NONE',  ( 36.07000000000000028, -16.96999999999999886, 12.63499999999999979 ) ) ;
#1801 = VERTEX_POINT ( 'NONE', #141 ) ;
#1802 = DIRECTION ( 'NONE',  ( 0.000000000000000000, -0.7071067811865436870, -0.7071067811865513475 ) ) ;
#1803 = ORIENTED_EDGE ( 'NONE', *, *, #890, .F. ) ;
#1804 = AXIS2_PLACEMENT_3D ( 'NONE', #1070, #1631, #660 ) ;
#1805 = VECTOR ( 'NONE', #986, 99.99999999999998579 ) ;
#1806 = VERTEX_POINT ( 'NONE', #450 ) ;
#1807 = CARTESIAN_POINT ( 'NONE',  ( 29.81506308288922114, -18.00000000000000355, 5.040000000000001812 ) ) ;
#1808 = EDGE_CURVE ( 'NONE', #1014, #1032, #584, .T. ) ;
#1809 = LINE ( 'NONE', #408, #987 ) ;
#1810 = ORIENTED_EDGE ( 'NONE', *, *, #884, .T. ) ;
#1811 = FACE_OUTER_BOUND ( 'NONE', #466, .T. ) ;
#1812 = CARTESIAN_POINT ( 'NONE',  ( 29.28634696586347275, -18.60000000000000142, 4.668712448745128363 ) ) ;
#1813 = ORIENTED_EDGE ( 'NONE', *, *, #770, .F. ) ;
#1814 = CYLINDRICAL_SURFACE ( 'NONE', #1453, 0.3000000000000070388 ) ;
#1815 = CYLINDRICAL_SURFACE ( 'NONE', #1821, 0.3000000000000070388 ) ;
#1816 = EDGE_CURVE ( 'NONE', #1580, #846, #1308, .T. ) ;
#1817 = LINE ( 'NONE', #1664, #1647 ) ;
#1818 = EDGE_LOOP ( 'NONE', ( #796, #225, #518, #621 ) ) ;
#1819 = VERTEX_POINT ( 'NONE', #34 ) ;
#1820 = DIRECTION ( 'NONE',  ( -0.9731308116794299412, 0.000000000000000000, -0.2302529551604793334 ) ) ;
#1821 = AXIS2_PLACEMENT_3D ( 'NONE', #1521, #1393, #1671 ) ;
#1822 = DIRECTION ( 'NONE',  ( -0.2302529551604794444, 0.000000000000000000, 0.9731308116794300522 ) ) ;
#1823 = CARTESIAN_POINT ( 'NONE',  ( 16.11000000000000654, -1.219999999999987761, 3.811794943820226322 ) ) ;
#1824 = ORIENTED_EDGE ( 'NONE', *, *, #942, .F. ) ;
#1825 = DIRECTION ( 'NONE',  ( 0.000000000000000000, 1.000000000000000000, 0.000000000000000000 ) ) ;
#1826 = DIRECTION ( 'NONE',  ( -0.9731308116794302743, 0.000000000000000000, -0.2302529551604779456 ) ) ;
#1827 = ADVANCED_FACE ( 'NONE', ( #271 ), #133, .F. ) ;
#1828 = AXIS2_PLACEMENT_3D ( 'NONE', #1832, #1822, #264 ) ;
#1829 = ORIENTED_EDGE ( 'NONE', *, *, #681, .T. ) ;
#1830 = VECTOR ( 'NONE', #936, 100.0000000000000000 ) ;
#1831 = DIRECTION ( 'NONE',  ( 0.000000000000000000, -1.000000000000000000, 0.000000000000000000 ) ) ;
#1832 = CARTESIAN_POINT ( 'NONE',  ( 29.04703398843925655, -0.5999999999999949818, -6.046099729514423871 ) ) ;
#1833 = DIRECTION ( 'NONE',  ( -0.2302529551604794167, 0.000000000000000000, 0.9731308116794300522 ) ) ;
#1834 = CARTESIAN_POINT ( 'NONE',  ( 0.000000000000000000, -19.19999999999999929, 6.240000000000012648 ) ) ;
#1835 = DIRECTION ( 'NONE',  ( 0.000000000000000000, 1.000000000000000000, 0.000000000000000000 ) ) ;
#1836 = VECTOR ( 'NONE', #981, 100.0000000000000000 ) ;
#1837 = ORIENTED_EDGE ( 'NONE', *, *, #653, .T. ) ;
ENDSEC;
END-ISO-10303-21;
