ISO-10303-21;
HEADER;
FILE_DESCRIPTION (( 'STEP AP214' ),
    '1' );
FILE_NAME ('ramp-lower-frame.STEP',
    '2026-06-17T01:44:57',
    ( '' ),
    ( '' ),
    'SwSTEP 2.0',
    'SolidWorks 2023',
    '' );
FILE_SCHEMA (( 'AUTOMOTIVE_DESIGN' ));
ENDSEC;

DATA;
#1 = VECTOR ( 'NONE', #1116, 100.0000000000000000 ) ;
#2 = VECTOR ( 'NONE', #796, 100.0000000000000000 ) ;
#3 = VERTEX_POINT ( 'NONE', #891 ) ;
#4 = EDGE_CURVE ( 'NONE', #1063, #762, #1249, .T. ) ;
#5 = ORIENTED_EDGE ( 'NONE', *, *, #277, .F. ) ;
#6 = FACE_OUTER_BOUND ( 'NONE', #206, .T. ) ;
#7 = DIRECTION ( 'NONE',  ( -1.380874408737758346E-15, 1.000000000000000000, 0.000000000000000000 ) ) ;
#8 = FACE_OUTER_BOUND ( 'NONE', #1131, .T. ) ;
#9 = EDGE_CURVE ( 'NONE', #1464, #65, #766, .T. ) ;
#10 = LINE ( 'NONE', #345, #46 ) ;
#11 = ORIENTED_EDGE ( 'NONE', *, *, #9, .F. ) ;
#12 = ORIENTED_EDGE ( 'NONE', *, *, #1512, .F. ) ;
#13 = LINE ( 'NONE', #795, #1325 ) ;
#14 = DIRECTION ( 'NONE',  ( -2.440275231838097610E-17, -1.000000000000000000, -2.116601366257146677E-33 ) ) ;
#15 = LINE ( 'NONE', #1421, #730 ) ;
#16 = FACE_OUTER_BOUND ( 'NONE', #97, .T. ) ;
#17 = EDGE_LOOP ( 'NONE', ( #1244, #1412, #693, #692 ) ) ;
#18 = SURFACE_STYLE_USAGE ( .BOTH. , #1335 ) ;
#19 = DIRECTION ( 'NONE',  ( 0.000000000000000000, 1.000000000000000000, 0.000000000000000000 ) ) ;
#20 = CARTESIAN_POINT ( 'NONE',  ( 0.000000000000000000, -1.219999999999998863, 0.3747477419454632308 ) ) ;
#21 = EDGE_CURVE ( 'NONE', #1488, #715, #95, .T. ) ;
#22 = VECTOR ( 'NONE', #1155, 100.0000000000000142 ) ;
#23 = DIRECTION ( 'NONE',  ( 1.000000000000000000, 0.000000000000000000, 0.000000000000000000 ) ) ;
#24 = AXIS2_PLACEMENT_3D ( 'NONE', #287, #618, #36 ) ;
#25 = ORIENTED_EDGE ( 'NONE', *, *, #807, .F. ) ;
#26 = EDGE_CURVE ( 'NONE', #658, #1064, #85, .T. ) ;
#27 = ORIENTED_EDGE ( 'NONE', *, *, #1179, .T. ) ;
#28 = CARTESIAN_POINT ( 'NONE',  ( 14.79999999999999361, -1.319999999999998952, 0.8000000000000000444 ) ) ;
#29 = CARTESIAN_POINT ( 'NONE',  ( 15.00000000000000178, -17.88000000000000256, 2.299999999999999822 ) ) ;
#30 = LINE ( 'NONE', #380, #1003 ) ;
#31 = LINE ( 'NONE', #1091, #1375 ) ;
#32 = VERTEX_POINT ( 'NONE', #897 ) ;
#33 = CARTESIAN_POINT ( 'NONE',  ( 18.10999999999999943, -3.229999999999985771, 4.285015917602994939 ) ) ;
#34 = DIRECTION ( 'NONE',  ( 1.000000000000000000, 0.000000000000000000, 0.000000000000000000 ) ) ;
#35 = FACE_OUTER_BOUND ( 'NONE', #451, .T. ) ;
#36 = DIRECTION ( 'NONE',  ( -1.000000000000000000, 0.000000000000000000, 0.000000000000000000 ) ) ;
#37 = VERTEX_POINT ( 'NONE', #194 ) ;
#38 = EDGE_CURVE ( 'NONE', #613, #572, #1374, .T. ) ;
#39 = CARTESIAN_POINT ( 'NONE',  ( 17.09000000000000341, -1.219999999999987761, 0.3747477419454636749 ) ) ;
#40 = PLANE ( 'NONE',  #338 ) ;
#41 = DIRECTION ( 'NONE',  ( 8.673617379884035472E-17, 0.000000000000000000, -1.000000000000000000 ) ) ;
#42 = EDGE_CURVE ( 'NONE', #172, #567, #1259, .T. ) ;
#43 = CARTESIAN_POINT ( 'NONE',  ( 18.10999999999999943, -3.229999999999985771, 0.1000000000000000888 ) ) ;
#44 = AXIS2_PLACEMENT_3D ( 'NONE', #1468, #519, #1010 ) ;
#45 = ORIENTED_EDGE ( 'NONE', *, *, #152, .F. ) ;
#46 = VECTOR ( 'NONE', #563, 100.0000000000000000 ) ;
#47 = VECTOR ( 'NONE', #231, 100.0000000000000000 ) ;
#48 = EDGE_CURVE ( 'NONE', #926, #32, #759, .T. ) ;
#49 = FACE_OUTER_BOUND ( 'NONE', #736, .T. ) ;
#50 = DIRECTION ( 'NONE',  ( -1.000000000000000000, 0.000000000000000000, 0.000000000000000000 ) ) ;
#51 = FACE_OUTER_BOUND ( 'NONE', #644, .T. ) ;
#52 = ORIENTED_EDGE ( 'NONE', *, *, #942, .F. ) ;
#53 = ORIENTED_EDGE ( 'NONE', *, *, #405, .F. ) ;
#54 = LINE ( 'NONE', #1139, #1465 ) ;
#55 = LINE ( 'NONE', #991, #659 ) ;
#56 = ORIENTED_EDGE ( 'NONE', *, *, #26, .T. ) ;
#57 = PLANE ( 'NONE',  #777 ) ;
#58 = ORIENTED_EDGE ( 'NONE', *, *, #1253, .F. ) ;
#59 = ORIENTED_EDGE ( 'NONE', *, *, #1179, .F. ) ;
#60 = LINE ( 'NONE', #174, #1423 ) ;
#61 = CARTESIAN_POINT ( 'NONE',  ( 18.10999999999999943, -15.97000000000000419, 12.63499999999999979 ) ) ;
#62 = CARTESIAN_POINT ( 'NONE',  ( 1.557020395139886881, -17.23499999999999588, 0.3684073537938665766 ) ) ;
#63 = CARTESIAN_POINT ( 'NONE',  ( 1.951258876257556230, -16.90499999999999403, 0.1354217962886098137 ) ) ;
#64 = EDGE_CURVE ( 'NONE', #761, #920, #1492, .T. ) ;
#65 = VERTEX_POINT ( 'NONE', #440 ) ;
#66 = ADVANCED_FACE ( 'NONE', ( #1002 ), #647, .T. ) ;
#67 = VECTOR ( 'NONE', #1282, 100.0000000000000000 ) ;
#68 = VECTOR ( 'NONE', #1234, 100.0000000000000142 ) ;
#69 = ORIENTED_EDGE ( 'NONE', *, *, #1183, .T. ) ;
#70 = DIRECTION ( 'NONE',  ( -0.000000000000000000, 1.000000000000000000, 0.000000000000000000 ) ) ;
#71 = LINE ( 'NONE', #781, #508 ) ;
#72 = DIRECTION ( 'NONE',  ( 0.000000000000000000, -1.000000000000000000, 0.000000000000000000 ) ) ;
#73 = LINE ( 'NONE', #783, #68 ) ;
#74 = ORIENTED_EDGE ( 'NONE', *, *, #1478, .T. ) ;
#75 = ORIENTED_EDGE ( 'NONE', *, *, #179, .F. ) ;
#76 = LINE ( 'NONE', #999, #1001 ) ;
#77 = LINE ( 'NONE', #1000, #954 ) ;
#78 = ORIENTED_EDGE ( 'NONE', *, *, #784, .T. ) ;
#79 = DIRECTION ( 'NONE',  ( -1.883010557369666819E-16, 1.000000000000000000, 0.000000000000000000 ) ) ;
#80 = ORIENTED_EDGE ( 'NONE', *, *, #1432, .T. ) ;
#81 = EDGE_CURVE ( 'NONE', #518, #1023, #1240, .T. ) ;
#82 = ORIENTED_EDGE ( 'NONE', *, *, #913, .F. ) ;
#83 = CARTESIAN_POINT ( 'NONE',  ( 19.08999999999999986, -2.229999999999987548, 12.63499999999999979 ) ) ;
#84 = CARTESIAN_POINT ( 'NONE',  ( 1.630125708403339146, -17.23499999999999588, 0.05943832108564754690 ) ) ;
#85 = LINE ( 'NONE', #320, #900 ) ;
#86 = EDGE_CURVE ( 'NONE', #32, #37, #296, .T. ) ;
#87 = LINE ( 'NONE', #310, #1250 ) ;
#88 = ORIENTED_EDGE ( 'NONE', *, *, #1298, .F. ) ;
#89 = VERTEX_POINT ( 'NONE', #1471 ) ;
#90 = AXIS2_PLACEMENT_3D ( 'NONE', #381, #987, #610 ) ;
#91 = LINE ( 'NONE', #1035, #1030 ) ;
#92 = FACE_OUTER_BOUND ( 'NONE', #170, .T. ) ;
#93 = ADVANCED_FACE ( 'NONE', ( #177 ), #909, .F. ) ;
#94 = VECTOR ( 'NONE', #1343, 100.0000000000000000 ) ;
#95 = LINE ( 'NONE', #529, #1171 ) ;
#96 = PLANE ( 'NONE',  #802 ) ;
#97 = EDGE_LOOP ( 'NONE', ( #433, #1502, #1196, #284 ) ) ;
#98 = ORIENTED_EDGE ( 'NONE', *, *, #1292, .T. ) ;
#99 = FACE_OUTER_BOUND ( 'NONE', #859, .T. ) ;
#100 = LINE ( 'NONE', #1036, #955 ) ;
#101 = CARTESIAN_POINT ( 'NONE',  ( 14.49999999999999289, -17.98000000000000043, 1.800000000000000266 ) ) ;
#102 = DIRECTION ( 'NONE',  ( -1.000000000000000000, 0.000000000000000000, 0.000000000000000000 ) ) ;
#103 = ADVANCED_FACE ( 'NONE', ( #790 ), #1117, .T. ) ;
#104 = ORIENTED_EDGE ( 'NONE', *, *, #1410, .T. ) ;
#105 = ORIENTED_EDGE ( 'NONE', *, *, #793, .F. ) ;
#106 = DIRECTION ( 'NONE',  ( 0.000000000000000000, -1.000000000000000000, 0.000000000000000000 ) ) ;
#107 = LINE ( 'NONE', #1168, #1199 ) ;
#108 = CARTESIAN_POINT ( 'NONE',  ( 17.43333333333333357, -17.64666666666666828, 0.7766666666666662833 ) ) ;
#109 = CARTESIAN_POINT ( 'NONE',  ( 18.10999999999999943, -2.229999999999987548, 12.63499999999999979 ) ) ;
#110 = ADVANCED_FACE ( 'NONE', ( #309 ), #666, .T. ) ;
#111 = ORIENTED_EDGE ( 'NONE', *, *, #969, .T. ) ;
#112 = EDGE_CURVE ( 'NONE', #553, #420, #430, .T. ) ;
#113 = ORIENTED_EDGE ( 'NONE', *, *, #628, .F. ) ;
#114 = CARTESIAN_POINT ( 'NONE',  ( 0.000000000000000000, -1.219999999999998863, 5.019999999999997797 ) ) ;
#115 = CARTESIAN_POINT ( 'NONE',  ( 15.20000000000000462, -17.88000000000000256, 1.800000000000000266 ) ) ;
#116 = CARTESIAN_POINT ( 'NONE',  ( 1.583817128602114988, -17.98000000000000043, 0.3747477419454630643 ) ) ;
#117 = CARTESIAN_POINT ( 'NONE',  ( 17.09000000000000341, -3.229999999999985771, 4.043673220973785121 ) ) ;
#118 = VECTOR ( 'NONE', #427, 100.0000000000000142 ) ;
#119 = AXIS2_PLACEMENT_3D ( 'NONE', #1416, #356, #1044 ) ;
#120 = VERTEX_POINT ( 'NONE', #599 ) ;
#121 = EDGE_LOOP ( 'NONE', ( #687, #134, #425, #5 ) ) ;
#122 = LINE ( 'NONE', #945, #1441 ) ;
#123 = DIRECTION ( 'NONE',  ( 0.000000000000000000, -1.000000000000000000, 0.000000000000000000 ) ) ;
#124 = DIRECTION ( 'NONE',  ( 0.000000000000000000, -1.000000000000000000, 0.000000000000000000 ) ) ;
#125 = ADVANCED_BREP_SHAPE_REPRESENTATION ( 'ramp-lower-frame', ( #1455, #1252 ), #1033 ) ;
#126 = CARTESIAN_POINT ( 'NONE',  ( 1.951258876257556230, -16.90499999999999403, 0.1354217962886098137 ) ) ;
#127 = ORIENTED_EDGE ( 'NONE', *, *, #1474, .F. ) ;
#128 = EDGE_LOOP ( 'NONE', ( #1426, #611, #1395 ) ) ;
#129 = CARTESIAN_POINT ( 'NONE',  ( 0.000000000000000000, -1.319999999999998952, 0.000000000000000000 ) ) ;
#130 = EDGE_CURVE ( 'NONE', #968, #926, #250, .T. ) ;
#131 = DIRECTION ( 'NONE',  ( 0.000000000000000000, 1.000000000000000000, 0.000000000000000000 ) ) ;
#132 = DIRECTION ( 'NONE',  ( 1.000000000000000000, 0.000000000000000000, 0.000000000000000000 ) ) ;
#133 = EDGE_CURVE ( 'NONE', #919, #755, #594, .T. ) ;
#134 = ORIENTED_EDGE ( 'NONE', *, *, #1384, .F. ) ;
#135 = ORIENTED_EDGE ( 'NONE', *, *, #1008, .F. ) ;
#136 = LINE ( 'NONE', #1101, #390 ) ;
#137 = CARTESIAN_POINT ( 'NONE',  ( 17.08999999999999986, -3.229999999999985771, 12.63499999999999979 ) ) ;
#138 = VECTOR ( 'NONE', #1233, 100.0000000000000000 ) ;
#139 = VECTOR ( 'NONE', #1246, 100.0000000000000000 ) ;
#140 = LINE ( 'NONE', #966, #1466 ) ;
#141 = VECTOR ( 'NONE', #965, 100.0000000000000000 ) ;
#142 = ORIENTED_EDGE ( 'NONE', *, *, #336, .F. ) ;
#143 = VECTOR ( 'NONE', #480, 100.0000000000000000 ) ;
#144 = ORIENTED_EDGE ( 'NONE', *, *, #624, .T. ) ;
#145 = DIRECTION ( 'NONE',  ( 0.7071067811865539010, 0.000000000000000000, 0.7071067811865411334 ) ) ;
#146 = ORIENTED_EDGE ( 'NONE', *, *, #863, .F. ) ;
#147 = CARTESIAN_POINT ( 'NONE',  ( 18.20999999999999730, -3.329999999999985860, 0.000000000000000000 ) ) ;
#148 = LINE ( 'NONE', #1090, #435 ) ;
#149 = PLANE ( 'NONE',  #24 ) ;
#150 = EDGE_CURVE ( 'NONE', #810, #382, #1185, .T. ) ;
#151 = EDGE_LOOP ( 'NONE', ( #936, #1256, #1039, #756 ) ) ;
#152 = EDGE_CURVE ( 'NONE', #1229, #579, #1509, .T. ) ;
#153 = FILL_AREA_STYLE_COLOUR ( '', #1302 ) ;
#154 = LINE ( 'NONE', #280, #707 ) ;
#155 = DIRECTION ( 'NONE',  ( 8.673617379884035472E-17, 0.000000000000000000, -1.000000000000000000 ) ) ;
#156 = DIRECTION ( 'NONE',  ( -0.5773502691896221783, 0.5773502691896276184, -0.5773502691896276184 ) ) ;
#157 = EDGE_CURVE ( 'NONE', #536, #165, #1515, .T. ) ;
#158 = ORIENTED_EDGE ( 'NONE', *, *, #403, .T. ) ;
#159 = CARTESIAN_POINT ( 'NONE',  ( 18.10999999999999943, -3.229999999999985771, 12.63499999999999979 ) ) ;
#160 = ORIENTED_EDGE ( 'NONE', *, *, #698, .F. ) ;
#161 = LINE ( 'NONE', #852, #213 ) ;
#162 = DIRECTION ( 'NONE',  ( 1.000000000000000000, 0.000000000000000000, 0.000000000000000000 ) ) ;
#163 = DIRECTION ( 'NONE',  ( 0.000000000000000000, 0.000000000000000000, -1.000000000000000000 ) ) ;
#164 = AXIS2_PLACEMENT_3D ( 'NONE', #1065, #1304, #444 ) ;
#165 = VERTEX_POINT ( 'NONE', #1068 ) ;
#166 = VECTOR ( 'NONE', #297, 100.0000000000000000 ) ;
#167 = ORIENTED_EDGE ( 'NONE', *, *, #725, .T. ) ;
#168 = CARTESIAN_POINT ( 'NONE',  ( 18.10999999999999943, -2.229999999999987548, 12.63499999999999979 ) ) ;
#169 = CARTESIAN_POINT ( 'NONE',  ( 0.000000000000000000, -17.88000000000000256, 0.000000000000000000 ) ) ;
#170 = EDGE_LOOP ( 'NONE', ( #190, #525, #1173, #306 ) ) ;
#171 = DIRECTION ( 'NONE',  ( 0.000000000000000000, -1.000000000000000000, 0.000000000000000000 ) ) ;
#172 = VERTEX_POINT ( 'NONE', #116 ) ;
#173 = ORIENTED_EDGE ( 'NONE', *, *, #1095, .T. ) ;
#174 = CARTESIAN_POINT ( 'NONE',  ( 0.000000000000000000, -16.97000000000000242, 0.000000000000000000 ) ) ;
#175 = DIRECTION ( 'NONE',  ( -1.000000000000000000, 0.000000000000000000, 0.000000000000000000 ) ) ;
#176 = ADVANCED_FACE ( 'NONE', ( #1169 ), #342, .T. ) ;
#177 = FACE_OUTER_BOUND ( 'NONE', #1254, .T. ) ;
#178 = PLANE ( 'NONE',  #1082 ) ;
#179 = EDGE_CURVE ( 'NONE', #420, #1016, #917, .T. ) ;
#180 = ORIENTED_EDGE ( 'NONE', *, *, #863, .T. ) ;
#181 = ORIENTED_EDGE ( 'NONE', *, *, #1386, .F. ) ;
#182 = DIRECTION ( 'NONE',  ( 0.000000000000000000, 0.000000000000000000, -1.000000000000000000 ) ) ;
#183 = DIRECTION ( 'NONE',  ( 1.000000000000000000, 0.000000000000000000, 0.000000000000000000 ) ) ;
#184 = CARTESIAN_POINT ( 'NONE',  ( 0.000000000000000000, -17.98000000000000043, 0.3747477419454632308 ) ) ;
#185 = DIRECTION ( 'NONE',  ( 0.000000000000000000, -1.000000000000000000, 0.000000000000000000 ) ) ;
#186 = ORIENTED_EDGE ( 'NONE', *, *, #624, .F. ) ;
#187 = VECTOR ( 'NONE', #938, 100.0000000000000000 ) ;
#188 =( NAMED_UNIT ( * ) PLANE_ANGLE_UNIT ( ) SI_UNIT ( $, .RADIAN. ) );
#189 = VECTOR ( 'NONE', #523, 100.0000000000000000 ) ;
#190 = ORIENTED_EDGE ( 'NONE', *, *, #1070, .T. ) ;
#191 = CARTESIAN_POINT ( 'NONE',  ( 14.79999999999999361, -17.88000000000000256, 1.800000000000000266 ) ) ;
#192 = PLANE ( 'NONE',  #1424 ) ;
#193 = STYLED_ITEM ( 'NONE', ( #474 ), #1455 ) ;
#194 = CARTESIAN_POINT ( 'NONE',  ( 16.98999999999999844, -3.329999999999985860, 0.000000000000000000 ) ) ;
#195 = DIRECTION ( 'NONE',  ( 0.000000000000000000, 1.000000000000000000, -0.000000000000000000 ) ) ;
#196 = EDGE_CURVE ( 'NONE', #377, #234, #1050, .T. ) ;
#197 = VERTEX_POINT ( 'NONE', #1075 ) ;
#198 = EDGE_CURVE ( 'NONE', #864, #1227, #703, .T. ) ;
#199 = ORIENTED_EDGE ( 'NONE', *, *, #1345, .F. ) ;
#200 = CARTESIAN_POINT ( 'NONE',  ( 15.50000000000000533, -1.319999999999998952, 1.800000000000000266 ) ) ;
#201 = DIRECTION ( 'NONE',  ( -1.000000000000000000, 0.000000000000000000, 0.000000000000000000 ) ) ;
#202 = ORIENTED_EDGE ( 'NONE', *, *, #130, .T. ) ;
#203 = DIRECTION ( 'NONE',  ( 0.000000000000000000, 1.000000000000000000, 0.000000000000000000 ) ) ;
#204 = ORIENTED_EDGE ( 'NONE', *, *, #680, .F. ) ;
#205 = EDGE_CURVE ( 'NONE', #1418, #89, #232, .T. ) ;
#206 = EDGE_LOOP ( 'NONE', ( #699, #1436, #443, #1074 ) ) ;
#207 = CARTESIAN_POINT ( 'NONE',  ( 15.00000000000000178, -1.219999999999998863, 2.299999999999998046 ) ) ;
#208 = CARTESIAN_POINT ( 'NONE',  ( 14.79999999999999361, -1.219999999999998863, 1.800000000000000266 ) ) ;
#209 = EDGE_LOOP ( 'NONE', ( #1450, #1182, #842, #785 ) ) ;
#210 = DIRECTION ( 'NONE',  ( 1.000000000000000000, 0.000000000000000000, 0.000000000000000000 ) ) ;
#211 = ORIENTED_EDGE ( 'NONE', *, *, #1322, .F. ) ;
#212 = ORIENTED_EDGE ( 'NONE', *, *, #258, .T. ) ;
#213 = VECTOR ( 'NONE', #1312, 100.0000000000000000 ) ;
#214 = DIRECTION ( 'NONE',  ( 0.000000000000000000, 0.000000000000000000, -1.000000000000000000 ) ) ;
#215 = CARTESIAN_POINT ( 'NONE',  ( 17.08999999999999986, -3.229999999999985771, 0.1000000000000000888 ) ) ;
#216 = VECTOR ( 'NONE', #772, 100.0000000000000000 ) ;
#217 = DIRECTION ( 'NONE',  ( 0.000000000000000000, 1.000000000000000000, 0.000000000000000000 ) ) ;
#218 = AXIS2_PLACEMENT_3D ( 'NONE', #159, #860, #721 ) ;
#219 = PLANE ( 'NONE',  #980 ) ;
#220 = ORIENTED_EDGE ( 'NONE', *, *, #64, .F. ) ;
#221 = ORIENTED_EDGE ( 'NONE', *, *, #942, .T. ) ;
#222 = CARTESIAN_POINT ( 'NONE',  ( 0.000000000000000000, -17.88000000000000256, 0.1000000000000000056 ) ) ;
#223 = LINE ( 'NONE', #1146, #535 ) ;
#224 = CARTESIAN_POINT ( 'NONE',  ( 17.09000000000000696, -19.19999999999997442, 4.043673220973784233 ) ) ;
#225 = CARTESIAN_POINT ( 'NONE',  ( 15.50000000000000533, -1.319999999999998952, 1.800000000000000266 ) ) ;
#226 = ADVANCED_FACE ( 'NONE', ( #475 ), #333, .T. ) ;
#227 = EDGE_CURVE ( 'NONE', #1229, #1418, #1163, .T. ) ;
#228 = EDGE_LOOP ( 'NONE', ( #804, #69, #398, #1243, #637, #98, #1309 ) ) ;
#229 = VERTEX_POINT ( 'NONE', #101 ) ;
#230 = CARTESIAN_POINT ( 'NONE',  ( 16.16870003489403018, -2.294999999999994600, 3.499417471183215778 ) ) ;
#231 = DIRECTION ( 'NONE',  ( -1.000000000000000000, 0.000000000000000000, 0.000000000000000000 ) ) ;
#232 = LINE ( 'NONE', #1180, #505 ) ;
#233 = LINE ( 'NONE', #1038, #685 ) ;
#234 = VERTEX_POINT ( 'NONE', #814 ) ;
#235 = EDGE_CURVE ( 'NONE', #920, #953, #587, .T. ) ;
#236 = VERTEX_POINT ( 'NONE', #808 ) ;
#237 = CARTESIAN_POINT ( 'NONE',  ( 17.10000000000000142, -16.98000000000000398, 1.109999999999998987 ) ) ;
#238 = DIRECTION ( 'NONE',  ( -0.9731308116794299412, -0.000000000000000000, -0.2302529551604793612 ) ) ;
#239 = VECTOR ( 'NONE', #653, 100.0000000000000000 ) ;
#240 = DIRECTION ( 'NONE',  ( 0.000000000000000000, 1.000000000000000000, -0.000000000000000000 ) ) ;
#241 = CARTESIAN_POINT ( 'NONE',  ( 16.48983320274823683, -1.964999999999994529, 3.575400946386168677 ) ) ;
#242 = AXIS2_PLACEMENT_3D ( 'NONE', #872, #70, #889 ) ;
#243 = VECTOR ( 'NONE', #41, 100.0000000000000000 ) ;
#244 = AXIS2_PLACEMENT_3D ( 'NONE', #970, #620, #1437 ) ;
#245 = EDGE_LOOP ( 'NONE', ( #360, #811, #351, #794 ) ) ;
#246 = ADVANCED_FACE ( 'NONE', ( #8 ), #940, .F. ) ;
#247 = ORIENTED_EDGE ( 'NONE', *, *, #471, .F. ) ;
#248 = EDGE_CURVE ( 'NONE', #478, #487, #355, .T. ) ;
#249 = ORIENTED_EDGE ( 'NONE', *, *, #1205, .F. ) ;
#250 = LINE ( 'NONE', #446, #998 ) ;
#251 = DIRECTION ( 'NONE',  ( 0.000000000000000000, 1.000000000000000000, 0.000000000000000000 ) ) ;
#252 = PRODUCT_DEFINITION_CONTEXT ( 'detailed design', #665, 'design' ) ;
#253 = ORIENTED_EDGE ( 'NONE', *, *, #1322, .T. ) ;
#254 = EDGE_CURVE ( 'NONE', #165, #1064, #15, .T. ) ;
#255 = EDGE_LOOP ( 'NONE', ( #881, #211, #160, #1419 ) ) ;
#256 = CARTESIAN_POINT ( 'NONE',  ( 15.50000000000000533, -17.98000000000000043, 1.800000000000000266 ) ) ;
#257 = LINE ( 'NONE', #990, #604 ) ;
#258 = EDGE_CURVE ( 'NONE', #684, #346, #830, .T. ) ;
#259 = LINE ( 'NONE', #957, #1301 ) ;
#260 = LINE ( 'NONE', #726, #461 ) ;
#261 = ORIENTED_EDGE ( 'NONE', *, *, #1292, .F. ) ;
#262 = EDGE_LOOP ( 'NONE', ( #270, #835, #1394, #1285, #1403, #290, #489, #893, #1106, #253, #272, #1425 ) ) ;
#263 = LINE ( 'NONE', #1094, #143 ) ;
#264 = LINE ( 'NONE', #1452, #1248 ) ;
#265 = DIRECTION ( 'NONE',  ( 0.5773502691896257311, -0.5773502691896257311, -0.5773502691896257311 ) ) ;
#266 = ADVANCED_FACE ( 'NONE', ( #861 ), #40, .F. ) ;
#267 = VECTOR ( 'NONE', #1405, 100.0000000000000000 ) ;
#268 = LINE ( 'NONE', #1448, #1219 ) ;
#269 = VECTOR ( 'NONE', #195, 100.0000000000000000 ) ;
#270 = ORIENTED_EDGE ( 'NONE', *, *, #471, .T. ) ;
#271 = VECTOR ( 'NONE', #1025, 100.0000000000000000 ) ;
#272 = ORIENTED_EDGE ( 'NONE', *, *, #1224, .F. ) ;
#273 = CARTESIAN_POINT ( 'NONE',  ( 18.20999999999999730, -19.19999999999999929, 0.000000000000000000 ) ) ;
#274 = CARTESIAN_POINT ( 'NONE',  ( 17.08999999999999986, -3.229999999999985771, 0.1000000000000000888 ) ) ;
#275 = CARTESIAN_POINT ( 'NONE',  ( 0.000000000000000000, -15.87000000000000277, 0.000000000000000000 ) ) ;
#276 = ADVANCED_FACE ( 'NONE', ( #626 ), #1433, .T. ) ;
#277 = EDGE_CURVE ( 'NONE', #1187, #1016, #161, .T. ) ;
#278 = VERTEX_POINT ( 'NONE', #1331 ) ;
#279 = CARTESIAN_POINT ( 'NONE',  ( 18.10999999999999943, -2.229999999999987548, 4.285015917602998492 ) ) ;
#280 = CARTESIAN_POINT ( 'NONE',  ( 15.00000000000000178, -1.319999999999998952, 2.299999999999999822 ) ) ;
#281 = DIRECTION ( 'NONE',  ( 0.000000000000000000, -1.000000000000000000, 0.000000000000000000 ) ) ;
#282 = EDGE_LOOP ( 'NONE', ( #80, #650, #1188, #1079 ) ) ;
#283 = APPLICATION_PROTOCOL_DEFINITION ( 'draft international standard', 'automotive_design', 1998, #1190 ) ;
#284 = ORIENTED_EDGE ( 'NONE', *, *, #295, .T. ) ;
#285 = FACE_OUTER_BOUND ( 'NONE', #329, .T. ) ;
#286 = DIRECTION ( 'NONE',  ( 0.000000000000000000, -1.000000000000000000, 0.000000000000000000 ) ) ;
#287 = CARTESIAN_POINT ( 'NONE',  ( 1.951258876257556230, -16.90499999999999403, 0.1354217962886098137 ) ) ;
#288 = AXIS2_PLACEMENT_3D ( 'NONE', #869, #23, #1226 ) ;
#289 = VECTOR ( 'NONE', #540, 100.0000000000000000 ) ;
#290 = ORIENTED_EDGE ( 'NONE', *, *, #419, .T. ) ;
#291 = EDGE_CURVE ( 'NONE', #684, #1330, #490, .T. ) ;
#292 = ORIENTED_EDGE ( 'NONE', *, *, #312, .T. ) ;
#293 = LINE ( 'NONE', #191, #481 ) ;
#294 = LINE ( 'NONE', #1222, #368 ) ;
#295 = EDGE_CURVE ( 'NONE', #919, #596, #616, .T. ) ;
#296 = LINE ( 'NONE', #539, #138 ) ;
#297 = DIRECTION ( 'NONE',  ( 0.000000000000000000, -1.000000000000000000, 0.000000000000000000 ) ) ;
#298 = ORIENTED_EDGE ( 'NONE', *, *, #1047, .T. ) ;
#299 = ORIENTED_EDGE ( 'NONE', *, *, #254, .F. ) ;
#300 = DIRECTION ( 'NONE',  ( 0.9731308116794299412, 0.000000000000000000, 0.2302529551604793612 ) ) ;
#301 = CARTESIAN_POINT ( 'NONE',  ( 15.00000000000000178, -17.98000000000000043, 2.299999999999999822 ) ) ;
#302 = EDGE_CURVE ( 'NONE', #864, #1144, #136, .T. ) ;
#303 = DIRECTION ( 'NONE',  ( -0.7071067811865481278, -0.000000000000000000, -0.7071067811865470176 ) ) ;
#304 = CARTESIAN_POINT ( 'NONE',  ( -1.445058172336317837, -1.480844240106835130, -0.3419159177428722218 ) ) ;
#305 = ORIENTED_EDGE ( 'NONE', *, *, #9, .T. ) ;
#306 = ORIENTED_EDGE ( 'NONE', *, *, #768, .T. ) ;
#307 = CARTESIAN_POINT ( 'NONE',  ( 0.1098473557279123630, -17.85306294015250828, 0.02599103632251259510 ) ) ;
#308 = CARTESIAN_POINT ( 'NONE',  ( 15.00000000000000178, -17.98000000000000043, 2.299999999999999822 ) ) ;
#309 = FACE_OUTER_BOUND ( 'NONE', #1475, .T. ) ;
#310 = CARTESIAN_POINT ( 'NONE',  ( 16.16870003489403018, -19.19999999999999929, 0.000000000000000000 ) ) ;
#311 = ADVANCED_FACE ( 'NONE', ( #744, #49 ), #372, .F. ) ;
#312 = EDGE_CURVE ( 'NONE', #930, #864, #723, .T. ) ;
#313 = EDGE_LOOP ( 'NONE', ( #741, #997, #522, #944 ) ) ;
#314 = VECTOR ( 'NONE', #1390, 100.0000000000000000 ) ;
#315 = VECTOR ( 'NONE', #1399, 100.0000000000000000 ) ;
#316 = EDGE_LOOP ( 'NONE', ( #74, #1072, #146, #144 ) ) ;
#317 = PLANE ( 'NONE',  #434 ) ;
#318 = DIRECTION ( 'NONE',  ( 0.000000000000000000, -1.000000000000000000, 0.000000000000000000 ) ) ;
#319 = VECTOR ( 'NONE', #438, 100.0000000000000000 ) ;
#320 = CARTESIAN_POINT ( 'NONE',  ( 15.20000000000000462, -1.319999999999998952, 0.8000000000000000444 ) ) ;
#321 = CARTESIAN_POINT ( 'NONE',  ( 17.09000000000000341, -1.319999999999999174, 0.1000000000000000888 ) ) ;
#322 = ADVANCED_FACE ( 'NONE', ( #1096 ), #605, .T. ) ;
#323 = ORIENTED_EDGE ( 'NONE', *, *, #884, .F. ) ;
#324 = ORIENTED_EDGE ( 'NONE', *, *, #521, .T. ) ;
#325 = CARTESIAN_POINT ( 'NONE',  ( 1.630125708403339146, -17.23499999999999588, 0.05943832108564754690 ) ) ;
#326 = DIRECTION ( 'NONE',  ( 0.000000000000000000, 0.000000000000000000, 1.000000000000000000 ) ) ;
#327 = DIRECTION ( 'NONE',  ( 0.000000000000000000, 0.000000000000000000, -1.000000000000000000 ) ) ;
#328 = DIRECTION ( 'NONE',  ( -0.7071067811865450192, 0.000000000000000000, -0.7071067811865500152 ) ) ;
#329 = EDGE_LOOP ( 'NONE', ( #668, #591, #1362, #409 ) ) ;
#330 = ORIENTED_EDGE ( 'NONE', *, *, #196, .F. ) ;
#331 = PLANE ( 'NONE',  #1299 ) ;
#332 = FACE_OUTER_BOUND ( 'NONE', #720, .T. ) ;
#333 = PLANE ( 'NONE',  #1195 ) ;
#334 = DIRECTION ( 'NONE',  ( 1.000000000000000000, 0.000000000000000000, 8.673617379884035472E-17 ) ) ;
#335 = ORIENTED_EDGE ( 'NONE', *, *, #477, .T. ) ;
#336 = EDGE_CURVE ( 'NONE', #346, #1378, #264, .T. ) ;
#337 = ORIENTED_EDGE ( 'NONE', *, *, #1340, .T. ) ;
#338 = AXIS2_PLACEMENT_3D ( 'NONE', #638, #1083, #1336 ) ;
#339 = FACE_BOUND ( 'NONE', #556, .T. ) ;
#340 = PLANE ( 'NONE',  #439 ) ;
#341 = VECTOR ( 'NONE', #1409, 100.0000000000000000 ) ;
#342 = PLANE ( 'NONE',  #977 ) ;
#343 = VECTOR ( 'NONE', #326, 100.0000000000000000 ) ;
#344 = EDGE_CURVE ( 'NONE', #120, #1023, #1445, .T. ) ;
#345 = CARTESIAN_POINT ( 'NONE',  ( 18.10999999999999943, -16.97000000000000242, 12.63499999999999979 ) ) ;
#346 = VERTEX_POINT ( 'NONE', #147 ) ;
#347 = VERTEX_POINT ( 'NONE', #386 ) ;
#348 = CARTESIAN_POINT ( 'NONE',  ( 1.630125708403339146, -1.964999999999994529, 0.05943832108564754690 ) ) ;
#349 = CARTESIAN_POINT ( 'NONE',  ( 17.09000000000000341, -17.98000000000000043, 12.63499999999999979 ) ) ;
#350 = CARTESIAN_POINT ( 'NONE',  ( 16.16870003489403018, -16.90499999999999403, 3.499417471183215778 ) ) ;
#351 = ORIENTED_EDGE ( 'NONE', *, *, #448, .F. ) ;
#352 = ORIENTED_EDGE ( 'NONE', *, *, #1410, .F. ) ;
#353 = PLANE ( 'NONE',  #582 ) ;
#354 = LINE ( 'NONE', #1389, #856 ) ;
#355 = LINE ( 'NONE', #821, #775 ) ;
#356 = DIRECTION ( 'NONE',  ( 0.000000000000000000, 1.000000000000000000, -0.000000000000000000 ) ) ;
#357 = ADVANCED_FACE ( 'NONE', ( #1438, #400 ), #838, .F. ) ;
#358 = ORIENTED_EDGE ( 'NONE', *, *, #675, .F. ) ;
#359 = EDGE_CURVE ( 'NONE', #347, #478, #154, .T. ) ;
#360 = ORIENTED_EDGE ( 'NONE', *, *, #405, .T. ) ;
#361 = DIRECTION ( 'NONE',  ( 1.000000000000000000, 0.000000000000000000, 0.000000000000000000 ) ) ;
#362 = LINE ( 'NONE', #1305, #734 ) ;
#363 = VECTOR ( 'NONE', #1089, 100.0000000000000000 ) ;
#364 = DIRECTION ( 'NONE',  ( 0.000000000000000000, 0.000000000000000000, -1.000000000000000000 ) ) ;
#365 = DIRECTION ( 'NONE',  ( 1.380874408737758346E-15, 1.000000000000000000, 0.000000000000000000 ) ) ;
#366 = VECTOR ( 'NONE', #1429, 100.0000000000000000 ) ;
#367 = VECTOR ( 'NONE', #373, 100.0000000000000000 ) ;
#368 = VECTOR ( 'NONE', #538, 100.0000000000000000 ) ;
#369 = ADVANCED_FACE ( 'NONE', ( #285 ), #751, .T. ) ;
#370 = ORIENTED_EDGE ( 'NONE', *, *, #1340, .F. ) ;
#371 = ORIENTED_EDGE ( 'NONE', *, *, #1224, .T. ) ;
#372 = PLANE ( 'NONE',  #1149 ) ;
#373 = DIRECTION ( 'NONE',  ( 1.000000000000000000, 0.000000000000000000, 0.000000000000000000 ) ) ;
#374 = UNCERTAINTY_MEASURE_WITH_UNIT (LENGTH_MEASURE( 1.000000000000000082E-05 ), #394, 'distance_accuracy_value', 'NONE');
#375 = FACE_OUTER_BOUND ( 'NONE', #1040, .T. ) ;
#376 = ORIENTED_EDGE ( 'NONE', *, *, #1020, .T. ) ;
#377 = VERTEX_POINT ( 'NONE', #956 ) ;
#378 = LINE ( 'NONE', #1328, #1402 ) ;
#379 = DIRECTION ( 'NONE',  ( 0.000000000000000000, -1.000000000000000000, 0.000000000000000000 ) ) ;
#380 = CARTESIAN_POINT ( 'NONE',  ( 1.630125708403339146, -1.964999999999994529, 0.05943832108564754690 ) ) ;
#381 = CARTESIAN_POINT ( 'NONE',  ( 0.000000000000000000, -1.219999999999998863, 0.3747477419454632308 ) ) ;
#382 = VERTEX_POINT ( 'NONE', #1427 ) ;
#383 = ORIENTED_EDGE ( 'NONE', *, *, #64, .T. ) ;
#384 = DIRECTION ( 'NONE',  ( -0.9731308116794299412, -0.000000000000000000, -0.2302529551604793612 ) ) ;
#385 = EDGE_CURVE ( 'NONE', #983, #1498, #257, .T. ) ;
#386 = CARTESIAN_POINT ( 'NONE',  ( 15.00000000000000178, -1.319999999999998952, 2.299999999999999822 ) ) ;
#387 = CARTESIAN_POINT ( 'NONE',  ( 18.10999999999999943, -3.329999999999985860, 0.000000000000000000 ) ) ;
#388 = VECTOR ( 'NONE', #1027, 100.0000000000000000 ) ;
#389 = EDGE_CURVE ( 'NONE', #761, #517, #54, .T. ) ;
#390 = VECTOR ( 'NONE', #379, 100.0000000000000000 ) ;
#391 = PLANE ( 'NONE',  #288 ) ;
#392 = VECTOR ( 'NONE', #1516, 100.0000000000000000 ) ;
#393 = ORIENTED_EDGE ( 'NONE', *, *, #521, .F. ) ;
#394 =( LENGTH_UNIT ( ) NAMED_UNIT ( * ) SI_UNIT ( .CENTI., .METRE. ) );
#395 = CARTESIAN_POINT ( 'NONE',  ( 1.951258876257556230, -16.90499999999999403, 0.1354217962886098137 ) ) ;
#396 = DIRECTION ( 'NONE',  ( 0.000000000000000000, 1.000000000000000000, 0.000000000000000000 ) ) ;
#397 = CARTESIAN_POINT ( 'NONE',  ( 15.20000000000000462, -17.88000000000000256, 1.800000000000000266 ) ) ;
#398 = ORIENTED_EDGE ( 'NONE', *, *, #884, .T. ) ;
#399 = ORIENTED_EDGE ( 'NONE', *, *, #817, .T. ) ;
#400 = FACE_OUTER_BOUND ( 'NONE', #262, .T. ) ;
#401 = CARTESIAN_POINT ( 'NONE',  ( 15.20000000000000462, -17.88000000000000256, 0.8000000000000000444 ) ) ;
#402 = CARTESIAN_POINT ( 'NONE',  ( 14.49999999999999289, -17.88000000000000256, 1.800000000000000266 ) ) ;
#403 = EDGE_CURVE ( 'NONE', #1291, #553, #60, .T. ) ;
#404 = ORIENTED_EDGE ( 'NONE', *, *, #48, .F. ) ;
#405 = EDGE_CURVE ( 'NONE', #1291, #579, #788, .T. ) ;
#406 = ORIENTED_EDGE ( 'NONE', *, *, #1202, .F. ) ;
#407 = LINE ( 'NONE', #83, #531 ) ;
#408 = CARTESIAN_POINT ( 'NONE',  ( 18.10999999999999943, -3.229999999999985771, 0.1000000000000000888 ) ) ;
#409 = ORIENTED_EDGE ( 'NONE', *, *, #1242, .T. ) ;
#410 = LINE ( 'NONE', #530, #927 ) ;
#411 = AXIS2_PLACEMENT_3D ( 'NONE', #29, #1200, #1212 ) ;
#412 = VECTOR ( 'NONE', #839, 100.0000000000000000 ) ;
#413 = VERTEX_POINT ( 'NONE', #537 ) ;
#414 = PLANE ( 'NONE',  #242 ) ;
#415 = FACE_OUTER_BOUND ( 'NONE', #1284, .T. ) ;
#416 = DIRECTION ( 'NONE',  ( 0.9731308116794299412, 0.000000000000000000, 0.2302529551604793612 ) ) ;
#417 = DIRECTION ( 'NONE',  ( 1.380874408737758346E-15, 1.000000000000000000, 0.000000000000000000 ) ) ;
#418 = ORIENTED_EDGE ( 'NONE', *, *, #786, .F. ) ;
#419 = EDGE_CURVE ( 'NONE', #413, #1007, #76, .T. ) ;
#420 = VERTEX_POINT ( 'NONE', #1489 ) ;
#421 = DIRECTION ( 'NONE',  ( 0.000000000000000000, 0.000000000000000000, -1.000000000000000000 ) ) ;
#422 = LINE ( 'NONE', #169, #1329 ) ;
#423 = DIRECTION ( 'NONE',  ( -1.000000000000000000, 0.000000000000000000, 0.000000000000000000 ) ) ;
#424 = LINE ( 'NONE', #1494, #289 ) ;
#425 = ORIENTED_EDGE ( 'NONE', *, *, #542, .F. ) ;
#426 = ORIENTED_EDGE ( 'NONE', *, *, #389, .F. ) ;
#427 = DIRECTION ( 'NONE',  ( 0.9697314053328568439, -0.08351246796241922066, 0.2294486199696749995 ) ) ;
#428 = DIRECTION ( 'NONE',  ( -1.000000000000000000, 0.000000000000000000, 0.000000000000000000 ) ) ;
#429 = ADVANCED_FACE ( 'NONE', ( #1459 ), #907, .T. ) ;
#430 = LINE ( 'NONE', #923, #479 ) ;
#431 = LINE ( 'NONE', #441, #507 ) ;
#432 = AXIS2_PLACEMENT_3D ( 'NONE', #1124, #327, #1359 ) ;
#433 = ORIENTED_EDGE ( 'NONE', *, *, #1447, .T. ) ;
#434 = AXIS2_PLACEMENT_3D ( 'NONE', #763, #1238, #1350 ) ;
#435 = VECTOR ( 'NONE', #396, 100.0000000000000000 ) ;
#436 = ORIENTED_EDGE ( 'NONE', *, *, #248, .T. ) ;
#437 = FACE_OUTER_BOUND ( 'NONE', #1506, .T. ) ;
#438 = DIRECTION ( 'NONE',  ( 0.7071067811865436870, 0.000000000000000000, 0.7071067811865513475 ) ) ;
#439 = AXIS2_PLACEMENT_3D ( 'NONE', #584, #1059, #7 ) ;
#440 = CARTESIAN_POINT ( 'NONE',  ( 14.79999999999999361, -1.219999999999998863, 0.8000000000000000444 ) ) ;
#441 = CARTESIAN_POINT ( 'NONE',  ( 14.49999999999999289, -17.88000000000000256, 1.800000000000000266 ) ) ;
#442 = ORIENTED_EDGE ( 'NONE', *, *, #680, .T. ) ;
#443 = ORIENTED_EDGE ( 'NONE', *, *, #768, .F. ) ;
#444 = DIRECTION ( 'NONE',  ( 1.000000000000000000, 0.000000000000000000, 0.000000000000000000 ) ) ;
#445 = FACE_OUTER_BOUND ( 'NONE', #255, .T. ) ;
#446 = CARTESIAN_POINT ( 'NONE',  ( 0.000000000000000000, -1.319999999999998952, 0.1000000000000000056 ) ) ;
#447 = DIRECTION ( 'NONE',  ( -0.7071067811865539010, -0.000000000000000000, -0.7071067811865411334 ) ) ;
#448 = EDGE_CURVE ( 'NONE', #543, #1488, #407, .T. ) ;
#449 = ORIENTED_EDGE ( 'NONE', *, *, #1268, .T. ) ;
#450 = EDGE_CURVE ( 'NONE', #818, #3, #293, .T. ) ;
#451 = EDGE_LOOP ( 'NONE', ( #1356, #186, #824, #829 ) ) ;
#452 = CARTESIAN_POINT ( 'NONE',  ( 15.00000000000000178, -17.98000000000000043, 2.299999999999999822 ) ) ;
#453 = DIRECTION ( 'NONE',  ( -1.000000000000000000, 0.000000000000000000, 0.000000000000000000 ) ) ;
#454 = DIRECTION ( 'NONE',  ( 0.000000000000000000, 1.000000000000000000, -0.000000000000000000 ) ) ;
#455 = CARTESIAN_POINT ( 'NONE',  ( 15.20000000000000462, -17.88000000000000256, 0.8000000000000000444 ) ) ;
#456 = ORIENTED_EDGE ( 'NONE', *, *, #1060, .T. ) ;
#457 = ORIENTED_EDGE ( 'NONE', *, *, #157, .T. ) ;
#458 = VECTOR ( 'NONE', #1191, 100.0000000000000000 ) ;
#459 = DIRECTION ( 'NONE',  ( -1.000000000000000000, -0.000000000000000000, 0.000000000000000000 ) ) ;
#460 = CARTESIAN_POINT ( 'NONE',  ( 15.20000000000000462, -17.98000000000000043, 1.800000000000000266 ) ) ;
#461 = VECTOR ( 'NONE', #1193, 100.0000000000000000 ) ;
#462 = DIRECTION ( 'NONE',  ( 0.000000000000000000, 0.000000000000000000, -1.000000000000000000 ) ) ;
#463 = AXIS2_PLACEMENT_3D ( 'NONE', #1381, #806, #1281 ) ;
#464 = LINE ( 'NONE', #350, #243 ) ;
#465 = ORIENTED_EDGE ( 'NONE', *, *, #1449, .F. ) ;
#466 = DIRECTION ( 'NONE',  ( 1.000000000000000000, 0.000000000000000000, 0.000000000000000000 ) ) ;
#467 = DIRECTION ( 'NONE',  ( 0.7071067811865450192, 0.000000000000000000, 0.7071067811865500152 ) ) ;
#468 = ADVANCED_FACE ( 'NONE', ( #437 ), #414, .F. ) ;
#469 = CARTESIAN_POINT ( 'NONE',  ( 18.10999999999999943, -15.97000000000000419, 12.63499999999999979 ) ) ;
#470 = LINE ( 'NONE', #225, #828 ) ;
#471 = EDGE_CURVE ( 'NONE', #517, #32, #1132, .T. ) ;
#472 = ORIENTED_EDGE ( 'NONE', *, *, #1070, .F. ) ;
#473 = LINE ( 'NONE', #452, #825 ) ;
#474 = PRESENTATION_STYLE_ASSIGNMENT (( #18 ) ) ;
#475 = FACE_OUTER_BOUND ( 'NONE', #641, .T. ) ;
#476 = FACE_OUTER_BOUND ( 'NONE', #128, .T. ) ;
#477 = EDGE_CURVE ( 'NONE', #920, #172, #1263, .T. ) ;
#478 = VERTEX_POINT ( 'NONE', #200 ) ;
#479 = VECTOR ( 'NONE', #131, 100.0000000000000000 ) ;
#480 = DIRECTION ( 'NONE',  ( -0.5773502691896379435, -0.5773502691896196248, -0.5773502691896197359 ) ) ;
#481 = VECTOR ( 'NONE', #1483, 100.0000000000000000 ) ;
#482 = DIRECTION ( 'NONE',  ( -1.000000000000000000, 0.000000000000000000, 0.000000000000000000 ) ) ;
#483 = LINE ( 'NONE', #137, #1327 ) ;
#484 = VECTOR ( 'NONE', #1126, 100.0000000000000142 ) ;
#485 = VECTOR ( 'NONE', #922, 100.0000000000000000 ) ;
#486 = DIRECTION ( 'NONE',  ( -1.000000000000000000, 0.000000000000000000, -8.673617379884035472E-17 ) ) ;
#487 = VERTEX_POINT ( 'NONE', #1380 ) ;
#488 = ORIENTED_EDGE ( 'NONE', *, *, #1183, .F. ) ;
#489 = ORIENTED_EDGE ( 'NONE', *, *, #1417, .T. ) ;
#490 = LINE ( 'NONE', #274, #1373 ) ;
#491 = CARTESIAN_POINT ( 'NONE',  ( 16.48983320274823683, -17.23499999999999588, 3.575400946386168677 ) ) ;
#492 = CARTESIAN_POINT ( 'NONE',  ( 18.10999999999999943, -2.229999999999987548, 0.1000000000000000888 ) ) ;
#493 = EDGE_LOOP ( 'NONE', ( #1369, #672, #352 ) ) ;
#494 = EDGE_CURVE ( 'NONE', #1498, #684, #771, .T. ) ;
#495 = DIRECTION ( 'NONE',  ( -1.000000000000000000, 0.000000000000000000, 0.000000000000000000 ) ) ;
#496 = ADVANCED_FACE ( 'NONE', ( #757 ), #895, .F. ) ;
#497 = CARTESIAN_POINT ( 'NONE',  ( 15.00000000000000178, -17.88000000000000256, 2.299999999999999822 ) ) ;
#498 = FACE_OUTER_BOUND ( 'NONE', #1165, .T. ) ;
#499 = DIRECTION ( 'NONE',  ( 1.000000000000000000, -1.380874408737758346E-15, 0.000000000000000000 ) ) ;
#500 = ORIENTED_EDGE ( 'NONE', *, *, #1026, .F. ) ;
#501 =( NAMED_UNIT ( * ) SI_UNIT ( $, .STERADIAN. ) SOLID_ANGLE_UNIT ( ) );
#502 = DIRECTION ( 'NONE',  ( 0.2302529551604793889, 0.000000000000000000, -0.9731308116794300522 ) ) ;
#503 = CARTESIAN_POINT ( 'NONE',  ( 16.16870003489403018, -2.294999999999994600, 3.499417471183215778 ) ) ;
#504 = VECTOR ( 'NONE', #1382, 100.0000000000000142 ) ;
#505 = VECTOR ( 'NONE', #217, 100.0000000000000000 ) ;
#506 = DIRECTION ( 'NONE',  ( 8.673617379884035472E-17, 0.000000000000000000, -1.000000000000000000 ) ) ;
#507 = VECTOR ( 'NONE', #1021, 100.0000000000000000 ) ;
#508 = VECTOR ( 'NONE', #1011, 100.0000000000000142 ) ;
#509 = VERTEX_POINT ( 'NONE', #207 ) ;
#510 = SHAPE_DEFINITION_REPRESENTATION ( #1006, #125 ) ;
#511 = VERTEX_POINT ( 'NONE', #1108 ) ;
#512 = CARTESIAN_POINT ( 'NONE',  ( 0.000000000000000000, -19.19999999999999929, 0.000000000000000000 ) ) ;
#513 = LINE ( 'NONE', #985, #412 ) ;
#514 = ADVANCED_FACE ( 'NONE', ( #527 ), #670, .T. ) ;
#515 = CARTESIAN_POINT ( 'NONE',  ( 17.09000000000000341, -1.219999999999987761, 12.63499999999999979 ) ) ;
#516 = ADVANCED_FACE ( 'NONE', ( #1357 ), #317, .T. ) ;
#517 = VERTEX_POINT ( 'NONE', #1230 ) ;
#518 = VERTEX_POINT ( 'NONE', #1115 ) ;
#519 = DIRECTION ( 'NONE',  ( 0.7071067811865362485, 1.331489534161930595E-16, -0.7071067811865588970 ) ) ;
#520 = LINE ( 'NONE', #301, #1 ) ;
#521 = EDGE_CURVE ( 'NONE', #926, #1481, #651, .T. ) ;
#522 = ORIENTED_EDGE ( 'NONE', *, *, #1432, .F. ) ;
#523 = DIRECTION ( 'NONE',  ( 0.000000000000000000, 1.000000000000000000, -0.000000000000000000 ) ) ;
#524 = ADVANCED_FACE ( 'NONE', ( #339, #1041 ), #1413, .F. ) ;
#525 = ORIENTED_EDGE ( 'NONE', *, *, #590, .T. ) ;
#526 = ORIENTED_EDGE ( 'NONE', *, *, #1157, .F. ) ;
#527 = FACE_OUTER_BOUND ( 'NONE', #601, .T. ) ;
#528 = CARTESIAN_POINT ( 'NONE',  ( 0.000000000000000000, -17.98000000000000043, 0.3747477419454632308 ) ) ;
#529 = CARTESIAN_POINT ( 'NONE',  ( 18.10999999999999943, -2.229999999999987548, 0.1000000000000000888 ) ) ;
#530 = CARTESIAN_POINT ( 'NONE',  ( 1.557020395139886881, -1.964999999999994529, 0.3684073537938665766 ) ) ;
#531 = VECTOR ( 'NONE', #421, 100.0000000000000000 ) ;
#532 = AXIS2_PLACEMENT_3D ( 'NONE', #528, #1018, #1469 ) ;
#533 = ADVANCED_FACE ( 'NONE', ( #1167 ), #353, .T. ) ;
#534 = EDGE_LOOP ( 'NONE', ( #221, #634, #53, #158 ) ) ;
#535 = VECTOR ( 'NONE', #238, 100.0000000000000142 ) ;
#536 = VERTEX_POINT ( 'NONE', #1294 ) ;
#537 = CARTESIAN_POINT ( 'NONE',  ( 18.98999999999999844, -2.329999999999987637, 0.000000000000000000 ) ) ;
#538 = DIRECTION ( 'NONE',  ( 1.000000000000000000, -2.440275231838097610E-17, 0.000000000000000000 ) ) ;
#539 = CARTESIAN_POINT ( 'NONE',  ( 16.98999999999999844, -3.229999999999985771, 0.000000000000000000 ) ) ;
#540 = DIRECTION ( 'NONE',  ( -1.000000000000000000, 0.000000000000000000, 0.000000000000000000 ) ) ;
#541 = ORIENTED_EDGE ( 'NONE', *, *, #1242, .F. ) ;
#542 = EDGE_CURVE ( 'NONE', #1016, #89, #1286, .T. ) ;
#543 = VERTEX_POINT ( 'NONE', #931 ) ;
#544 = DIRECTION ( 'NONE',  ( 1.883010557369666819E-16, -1.000000000000000000, 0.000000000000000000 ) ) ;
#545 = CARTESIAN_POINT ( 'NONE',  ( 19.09000000000000341, -19.19999999999999929, 4.516894194756555514 ) ) ;
#546 = EDGE_CURVE ( 'NONE', #1378, #413, #13, .T. ) ;
#547 = CARTESIAN_POINT ( 'NONE',  ( 18.21000000000000085, -19.19999999999999929, 0.000000000000000000 ) ) ;
#548 = CARTESIAN_POINT ( 'NONE',  ( 14.79999999999999361, -1.219999999999998863, 1.800000000000000266 ) ) ;
#549 = ORIENTED_EDGE ( 'NONE', *, *, #81, .F. ) ;
#550 = ORIENTED_EDGE ( 'NONE', *, *, #227, .T. ) ;
#551 = CARTESIAN_POINT ( 'NONE',  ( 19.09000000000000341, -16.97000000000000242, 12.63499999999999979 ) ) ;
#552 = LINE ( 'NONE', #873, #271 ) ;
#553 = VERTEX_POINT ( 'NONE', #1145 ) ;
#554 = CARTESIAN_POINT ( 'NONE',  ( 14.79999999999999361, -1.319999999999998952, 1.800000000000000266 ) ) ;
#555 = AXIS2_PLACEMENT_3D ( 'NONE', #515, #499, #1344 ) ;
#556 = EDGE_LOOP ( 'NONE', ( #1442, #1204, #1159, #199, #181, #299, #12 ) ) ;
#557 = AXIS2_PLACEMENT_3D ( 'NONE', #401, #627, #281 ) ;
#558 = VECTOR ( 'NONE', #162, 100.0000000000000000 ) ;
#559 = ORIENTED_EDGE ( 'NONE', *, *, #749, .F. ) ;
#560 = PLANE ( 'NONE',  #164 ) ;
#561 = FACE_BOUND ( 'NONE', #1235, .T. ) ;
#562 = DIRECTION ( 'NONE',  ( -1.000000000000000000, 0.000000000000000000, 0.000000000000000000 ) ) ;
#563 = DIRECTION ( 'NONE',  ( 0.000000000000000000, 0.000000000000000000, -1.000000000000000000 ) ) ;
#564 = ADVANCED_FACE ( 'NONE', ( #921 ), #575, .F. ) ;
#565 = EDGE_CURVE ( 'NONE', #1464, #1063, #694, .T. ) ;
#566 = EDGE_LOOP ( 'NONE', ( #888, #1473, #127, #549 ) ) ;
#567 = VERTEX_POINT ( 'NONE', #708 ) ;
#568 = DIRECTION ( 'NONE',  ( 0.000000000000000000, 1.000000000000000000, -0.000000000000000000 ) ) ;
#569 = FACE_OUTER_BOUND ( 'NONE', #1505, .T. ) ;
#570 = CARTESIAN_POINT ( 'NONE',  ( 0.000000000000000000, -1.319999999999998952, 0.000000000000000000 ) ) ;
#571 = PLANE ( 'NONE',  #1125 ) ;
#572 = VERTEX_POINT ( 'NONE', #1280 ) ;
#573 = EDGE_CURVE ( 'NONE', #229, #1144, #473, .T. ) ;
#574 = ORIENTED_EDGE ( 'NONE', *, *, #994, .F. ) ;
#575 = PLANE ( 'NONE',  #656 ) ;
#576 = LINE ( 'NONE', #1287, #47 ) ;
#577 = CARTESIAN_POINT ( 'NONE',  ( 15.20000000000000462, -1.319999999999998952, 1.800000000000000266 ) ) ;
#578 = CARTESIAN_POINT ( 'NONE',  ( 0.000000000000000000, -3.329999999999985860, 0.000000000000000000 ) ) ;
#579 = VERTEX_POINT ( 'NONE', #1388 ) ;
#580 = EDGE_CURVE ( 'NONE', #818, #602, #1058, .T. ) ;
#581 = ORIENTED_EDGE ( 'NONE', *, *, #969, .F. ) ;
#582 = AXIS2_PLACEMENT_3D ( 'NONE', #1507, #812, #583 ) ;
#583 = DIRECTION ( 'NONE',  ( 1.000000000000000000, 0.000000000000000000, 0.000000000000000000 ) ) ;
#584 = CARTESIAN_POINT ( 'NONE',  ( 16.99000000000000909, -19.19999999999997797, 0.000000000000000000 ) ) ;
#585 = VECTOR ( 'NONE', #417, 100.0000000000000000 ) ;
#586 = ADVANCED_FACE ( 'NONE', ( #99 ), #331, .F. ) ;
#587 = LINE ( 'NONE', #1307, #901 ) ;
#588 = CARTESIAN_POINT ( 'NONE',  ( 17.09000000000000341, -17.88000000000000256, 0.1000000000000000056 ) ) ;
#589 = ORIENTED_EDGE ( 'NONE', *, *, #312, .F. ) ;
#590 = EDGE_CURVE ( 'NONE', #1206, #1334, #122, .T. ) ;
#591 = ORIENTED_EDGE ( 'NONE', *, *, #21, .T. ) ;
#592 = DIRECTION ( 'NONE',  ( -0.9731308116794299412, 0.000000000000000000, -0.2302529551604794444 ) ) ;
#593 = CARTESIAN_POINT ( 'NONE',  ( 16.99000000000000554, -17.88000000000000256, 0.000000000000000000 ) ) ;
#594 = LINE ( 'NONE', #717, #22 ) ;
#595 = DIRECTION ( 'NONE',  ( -8.673617379884035472E-17, 0.000000000000000000, 1.000000000000000000 ) ) ;
#596 = VERTEX_POINT ( 'NONE', #1500 ) ;
#597 = ORIENTED_EDGE ( 'NONE', *, *, #1128, .F. ) ;
#598 = SURFACE_STYLE_FILL_AREA ( #962 ) ;
#599 = CARTESIAN_POINT ( 'NONE',  ( 1.630125708403339146, -17.23499999999999588, 0.05943832108564754690 ) ) ;
#600 = LINE ( 'NONE', #503, #1276 ) ;
#601 = EDGE_LOOP ( 'NONE', ( #358, #370, #167, #1054 ) ) ;
#602 = VERTEX_POINT ( 'NONE', #1161 ) ;
#603 = LINE ( 'NONE', #1317, #608 ) ;
#604 = VECTOR ( 'NONE', #300, 100.0000000000000142 ) ;
#605 = PLANE ( 'NONE',  #411 ) ;
#606 = LINE ( 'NONE', #491, #1197 ) ;
#607 = VECTOR ( 'NONE', #631, 100.0000000000000000 ) ;
#608 = VECTOR ( 'NONE', #975, 100.0000000000000000 ) ;
#609 = EDGE_CURVE ( 'NONE', #885, #229, #1396, .T. ) ;
#610 = DIRECTION ( 'NONE',  ( 0.000000000000000000, -0.3420201433256678802, -0.9396926207859087610 ) ) ;
#611 = ORIENTED_EDGE ( 'NONE', *, *, #1495, .F. ) ;
#612 = ADVANCED_FACE ( 'NONE', ( #6 ), #560, .F. ) ;
#613 = VERTEX_POINT ( 'NONE', #230 ) ;
#614 = CARTESIAN_POINT ( 'NONE',  ( 0.000000000000000000, -17.98000000000000043, 0.000000000000000000 ) ) ;
#615 = ORIENTED_EDGE ( 'NONE', *, *, #1290, .T. ) ;
#616 = LINE ( 'NONE', #395, #458 ) ;
#617 = DIRECTION ( 'NONE',  ( -0.5773502691896268413, -0.5773502691896252870, -0.5773502691896252870 ) ) ;
#618 = DIRECTION ( 'NONE',  ( 0.000000000000000000, 1.000000000000000000, 0.000000000000000000 ) ) ;
#619 = ORIENTED_EDGE ( 'NONE', *, *, #179, .T. ) ;
#620 = DIRECTION ( 'NONE',  ( 0.2302529551604794722, 0.000000000000000000, -0.9731308116794300522 ) ) ;
#621 = DIRECTION ( 'NONE',  ( -1.000000000000000000, 0.000000000000000000, 0.000000000000000000 ) ) ;
#622 = CARTESIAN_POINT ( 'NONE',  ( 15.20000000000000462, -1.219999999999998863, 0.8000000000000000444 ) ) ;
#623 = ORIENTED_EDGE ( 'NONE', *, *, #235, .F. ) ;
#624 = EDGE_CURVE ( 'NONE', #762, #1279, #91, .T. ) ;
#625 = LINE ( 'NONE', #1073, #1056 ) ;
#626 = FACE_OUTER_BOUND ( 'NONE', #1404, .T. ) ;
#627 = DIRECTION ( 'NONE',  ( 0.000000000000000000, 0.000000000000000000, 1.000000000000000000 ) ) ;
#628 = EDGE_CURVE ( 'NONE', #536, #658, #915, .T. ) ;
#629 = AXIS2_PLACEMENT_3D ( 'NONE', #1012, #1479, #423 ) ;
#630 = VECTOR ( 'NONE', #1296, 100.0000000000000000 ) ;
#631 = DIRECTION ( 'NONE',  ( 0.000000000000000000, 0.000000000000000000, -1.000000000000000000 ) ) ;
#632 = VECTOR ( 'NONE', #767, 100.0000000000000000 ) ;
#633 = VECTOR ( 'NONE', #758, 100.0000000000000000 ) ;
#634 = ORIENTED_EDGE ( 'NONE', *, *, #152, .T. ) ;
#635 = PRODUCT_CONTEXT ( 'NONE', #1190, 'mechanical' ) ;
#636 = ADVANCED_FACE ( 'NONE', ( #51 ), #746, .T. ) ;
#637 = ORIENTED_EDGE ( 'NONE', *, *, #1205, .T. ) ;
#638 = CARTESIAN_POINT ( 'NONE',  ( 16.48983320274823683, -17.23499999999999588, 3.575400946386168677 ) ) ;
#639 = DIRECTION ( 'NONE',  ( 1.883010557369666819E-16, -1.000000000000000000, 4.455400448008565065E-17 ) ) ;
#640 = ADVANCED_FACE ( 'NONE', ( #375 ), #1214, .F. ) ;
#641 = EDGE_LOOP ( 'NONE', ( #1315, #1152, #88, #643, #449 ) ) ;
#642 = FACE_OUTER_BOUND ( 'NONE', #728, .T. ) ;
#643 = ORIENTED_EDGE ( 'NONE', *, *, #196, .T. ) ;
#644 = EDGE_LOOP ( 'NONE', ( #1262, #399, #324, #1194, #1430 ) ) ;
#645 = DIRECTION ( 'NONE',  ( 0.2302529551604794444, 0.000000000000000000, -0.9731308116794299412 ) ) ;
#646 = PLANE ( 'NONE',  #657 ) ;
#647 = PLANE ( 'NONE',  #1245 ) ;
#648 = CARTESIAN_POINT ( 'NONE',  ( 14.79999999999999361, -17.88000000000000256, 0.8000000000000000444 ) ) ;
#649 = ORIENTED_EDGE ( 'NONE', *, *, #385, .T. ) ;
#650 = ORIENTED_EDGE ( 'NONE', *, *, #546, .F. ) ;
#651 = LINE ( 'NONE', #1121, #267 ) ;
#652 = CARTESIAN_POINT ( 'NONE',  ( 16.48983320274823683, -1.964999999999994529, 3.575400946386168677 ) ) ;
#653 = DIRECTION ( 'NONE',  ( 0.000000000000000000, -1.000000000000000000, 0.000000000000000000 ) ) ;
#654 = LINE ( 'NONE', #1251, #269 ) ;
#655 = EDGE_CURVE ( 'NONE', #567, #953, #973, .T. ) ;
#656 = AXIS2_PLACEMENT_3D ( 'NONE', #1270, #214, #1514 ) ;
#657 = AXIS2_PLACEMENT_3D ( 'NONE', #1231, #175, #286 ) ;
#658 = VERTEX_POINT ( 'NONE', #1333 ) ;
#659 = VECTOR ( 'NONE', #1351, 100.0000000000000142 ) ;
#660 = ADVANCED_FACE ( 'NONE', ( #1323 ), #391, .F. ) ;
#661 = DIRECTION ( 'NONE',  ( 1.000000000000000000, 0.000000000000000000, 0.000000000000000000 ) ) ;
#662 = ORIENTED_EDGE ( 'NONE', *, *, #1255, .F. ) ;
#663 = CARTESIAN_POINT ( 'NONE',  ( 18.10999999999999943, -3.229999999999985771, 12.63499999999999979 ) ) ;
#664 = LINE ( 'NONE', #1133, #754 ) ;
#665 = APPLICATION_CONTEXT ( 'automotive_design' ) ;
#666 = PLANE ( 'NONE',  #1215 ) ;
#667 = LINE ( 'NONE', #822, #1493 ) ;
#668 = ORIENTED_EDGE ( 'NONE', *, *, #448, .T. ) ;
#669 = EDGE_LOOP ( 'NONE', ( #1093, #1160, #113, #457 ) ) ;
#670 = PLANE ( 'NONE',  #851 ) ;
#671 = LINE ( 'NONE', #84, #633 ) ;
#672 = ORIENTED_EDGE ( 'NONE', *, *, #1113, .F. ) ;
#673 = LINE ( 'NONE', #321, #585 ) ;
#674 = ORIENTED_EDGE ( 'NONE', *, *, #450, .F. ) ;
#675 = EDGE_CURVE ( 'NONE', #1293, #382, #31, .T. ) ;
#676 = EDGE_LOOP ( 'NONE', ( #906, #870, #472, #615 ) ) ;
#677 = DIRECTION ( 'NONE',  ( 0.7071067811865539010, 0.000000000000000000, 0.7071067811865411334 ) ) ;
#678 = PLANE ( 'NONE',  #803 ) ;
#679 = CARTESIAN_POINT ( 'NONE',  ( 14.49999999999999289, -1.319999999999998952, 1.800000000000000266 ) ) ;
#680 = EDGE_CURVE ( 'NONE', #1016, #1229, #268, .T. ) ;
#681 = CARTESIAN_POINT ( 'NONE',  ( 0.4226355362089435075, -17.88000000000000256, 0.1000000000000000056 ) ) ;
#682 = CLOSED_SHELL ( 'NONE', ( #903, #1431, #705, #929, #1365, #722, #496, #612, #266, #837, #586, #1175, #524, #640, #834, #311, #357, #226, #110, #1158, #176, #1085, #369, #1497, #636, #103, #1355, #1110, #66, #533, #429, #1407, #1454, #951, #899, #934, #1015, #1137, #93, #660, #564, #1368, #246, #322, #776, #516, #514, #1077, #276, #740, #468 ) ) ;
#683 = VECTOR ( 'NONE', #1221, 100.0000000000000142 ) ;
#684 = VERTEX_POINT ( 'NONE', #43 ) ;
#685 = VECTOR ( 'NONE', #1156, 100.0000000000000000 ) ;
#686 = VECTOR ( 'NONE', #813, 100.0000000000000000 ) ;
#687 = ORIENTED_EDGE ( 'NONE', *, *, #698, .T. ) ;
#688 = DIRECTION ( 'NONE',  ( 0.000000000000000000, 1.000000000000000000, -0.000000000000000000 ) ) ;
#689 = CARTESIAN_POINT ( 'NONE',  ( 14.49999999999999289, -1.219999999999998863, 1.800000000000000266 ) ) ;
#690 = DIRECTION ( 'NONE',  ( 0.5773502691896257311, 0.5773502691896257311, -0.5773502691896257311 ) ) ;
#691 = CARTESIAN_POINT ( 'NONE',  ( 0.4226355362089352363, -1.319999999999998952, 0.09999999999999902023 ) ) ;
#692 = ORIENTED_EDGE ( 'NONE', *, *, #235, .T. ) ;
#693 = ORIENTED_EDGE ( 'NONE', *, *, #477, .F. ) ;
#694 = LINE ( 'NONE', #805, #187 ) ;
#695 = CARTESIAN_POINT ( 'NONE',  ( 19.09000000000000696, -16.97000000000000242, 4.516894194756558178 ) ) ;
#696 = DIRECTION ( 'NONE',  ( -1.380874408737758346E-15, 1.000000000000000000, 0.000000000000000000 ) ) ;
#697 = DIRECTION ( 'NONE',  ( -1.000000000000000000, 0.000000000000000000, 0.000000000000000000 ) ) ;
#698 = EDGE_CURVE ( 'NONE', #1187, #236, #857, .T. ) ;
#699 = ORIENTED_EDGE ( 'NONE', *, *, #1474, .T. ) ;
#700 = ORIENTED_EDGE ( 'NONE', *, *, #1217, .T. ) ;
#701 = DIRECTION ( 'NONE',  ( 0.5773502691896257311, 0.5773502691896257311, -0.5773502691896257311 ) ) ;
#702 = CARTESIAN_POINT ( 'NONE',  ( 14.79999999999999361, -17.98000000000000043, 1.800000000000000266 ) ) ;
#703 = LINE ( 'NONE', #797, #1080 ) ;
#704 = CARTESIAN_POINT ( 'NONE',  ( 16.98999999999997712, -19.20000000000002416, 0.000000000000000000 ) ) ;
#705 = ADVANCED_FACE ( 'NONE', ( #1203 ), #149, .T. ) ;
#706 = ORIENTED_EDGE ( 'NONE', *, *, #1130, .F. ) ;
#707 = VECTOR ( 'NONE', #1342, 100.0000000000000000 ) ;
#708 = CARTESIAN_POINT ( 'NONE',  ( 17.09000000000000341, -17.98000000000000398, 0.3747477419454832703 ) ) ;
#709 = CARTESIAN_POINT ( 'NONE',  ( 18.21000000000000085, -16.87000000000000099, 0.000000000000000000 ) ) ;
#710 = VECTOR ( 'NONE', #156, 100.0000000000000000 ) ;
#711 = DIRECTION ( 'NONE',  ( 1.000000000000000000, 0.000000000000000000, 0.000000000000000000 ) ) ;
#712 = VECTOR ( 'NONE', #453, 100.0000000000000000 ) ;
#713 = PLANE ( 'NONE',  #1174 ) ;
#714 = ORIENTED_EDGE ( 'NONE', *, *, #817, .F. ) ;
#715 = VERTEX_POINT ( 'NONE', #492 ) ;
#716 = PLANE ( 'NONE',  #218 ) ;
#717 = CARTESIAN_POINT ( 'NONE',  ( 1.951258876257556230, -16.90499999999999403, 0.1354217962886098137 ) ) ;
#718 = CARTESIAN_POINT ( 'NONE',  ( 17.09000000000000341, -15.97000000000000419, 0.1000000000000000611 ) ) ;
#719 = ORIENTED_EDGE ( 'NONE', *, *, #1060, .F. ) ;
#720 = EDGE_LOOP ( 'NONE', ( #700, #823, #937, #1310 ) ) ;
#721 = DIRECTION ( 'NONE',  ( 0.000000000000000000, -1.000000000000000000, 0.000000000000000000 ) ) ;
#722 = ADVANCED_FACE ( 'NONE', ( #642 ), #1098, .T. ) ;
#723 = LINE ( 'NONE', #497, #1275 ) ;
#724 = DIRECTION ( 'NONE',  ( 0.000000000000000000, 0.000000000000000000, -1.000000000000000000 ) ) ;
#725 = EDGE_CURVE ( 'NONE', #1339, #810, #981, .T. ) ;
#726 = CARTESIAN_POINT ( 'NONE',  ( 12.65999999999973191, -10.53999999999993342, -6.330000000000069349 ) ) ;
#727 = ORIENTED_EDGE ( 'NONE', *, *, #1130, .T. ) ;
#728 = EDGE_LOOP ( 'NONE', ( #1119, #135, #904, #376 ) ) ;
#729 = DIRECTION ( 'NONE',  ( 0.000000000000000000, -1.000000000000000000, 0.000000000000000000 ) ) ;
#730 = VECTOR ( 'NONE', #364, 100.0000000000000000 ) ;
#731 = CARTESIAN_POINT ( 'NONE',  ( 1.630125708403339146, -17.23499999999999588, 0.05943832108564754690 ) ) ;
#732 = CARTESIAN_POINT ( 'NONE',  ( 14.49999999999999289, -1.319999999999998952, 1.800000000000000266 ) ) ;
#733 = AXIS2_PLACEMENT_3D ( 'NONE', #745, #1084, #1213 ) ;
#734 = VECTOR ( 'NONE', #495, 100.0000000000000000 ) ;
#735 = CARTESIAN_POINT ( 'NONE',  ( 15.20000000000000462, -1.319999999999998952, 1.800000000000000266 ) ) ;
#736 = EDGE_LOOP ( 'NONE', ( #1138, #104, #1111, #1034, #426, #383, #335, #1184, #330, #559, #1458, #989, #1166, #541, #500, #1151 ) ) ;
#737 = ORIENTED_EDGE ( 'NONE', *, *, #133, .F. ) ;
#738 = DIRECTION ( 'NONE',  ( 0.000000000000000000, 0.000000000000000000, 1.000000000000000000 ) ) ;
#739 = DIRECTION ( 'NONE',  ( 0.000000000000000000, -0.7071067811865475727, -0.7071067811865475727 ) ) ;
#740 = ADVANCED_FACE ( 'NONE', ( #1105 ), #1456, .T. ) ;
#741 = ORIENTED_EDGE ( 'NONE', *, *, #742, .T. ) ;
#742 = EDGE_CURVE ( 'NONE', #579, #1007, #260, .T. ) ;
#743 = ORIENTED_EDGE ( 'NONE', *, *, #765, .F. ) ;
#744 = FACE_BOUND ( 'NONE', #566, .T. ) ;
#745 = CARTESIAN_POINT ( 'NONE',  ( 19.09000000000000341, -16.97000000000000242, 12.63499999999999979 ) ) ;
#746 = PLANE ( 'NONE',  #555 ) ;
#747 = EDGE_CURVE ( 'NONE', #579, #1488, #140, .T. ) ;
#748 = VERTEX_POINT ( 'NONE', #548 ) ;
#749 = EDGE_CURVE ( 'NONE', #420, #377, #73, .T. ) ;
#750 = EDGE_LOOP ( 'NONE', ( #550, #1319, #1316, #45 ) ) ;
#751 = PLANE ( 'NONE',  #925 ) ;
#752 = LINE ( 'NONE', #1358, #216 ) ;
#753 = VECTOR ( 'NONE', #454, 100.0000000000000000 ) ;
#754 = VECTOR ( 'NONE', #318, 100.0000000000000000 ) ;
#755 = VERTEX_POINT ( 'NONE', #1142 ) ;
#756 = ORIENTED_EDGE ( 'NONE', *, *, #913, .T. ) ;
#757 = FACE_OUTER_BOUND ( 'NONE', #1009, .T. ) ;
#758 = DIRECTION ( 'NONE',  ( 0.000000000000000000, -1.000000000000000000, 0.000000000000000000 ) ) ;
#759 = LINE ( 'NONE', #1141, #1463 ) ;
#760 = LINE ( 'NONE', #1360, #632 ) ;
#761 = VERTEX_POINT ( 'NONE', #1004 ) ;
#762 = VERTEX_POINT ( 'NONE', #898 ) ;
#763 = CARTESIAN_POINT ( 'NONE',  ( 15.50000000000000533, -17.88000000000000256, 1.800000000000000266 ) ) ;
#764 = CARTESIAN_POINT ( 'NONE',  ( 17.09000000000000341, -15.97000000000000419, 0.1000000000000000888 ) ) ;
#765 = EDGE_CURVE ( 'NONE', #819, #1237, #87, .T. ) ;
#766 = LINE ( 'NONE', #1366, #1052 ) ;
#767 = DIRECTION ( 'NONE',  ( 0.7071067811865539010, 0.000000000000000000, 0.7071067811865411334 ) ) ;
#768 = EDGE_CURVE ( 'NONE', #120, #1120, #1480, .T. ) ;
#769 = ORIENTED_EDGE ( 'NONE', *, *, #994, .T. ) ;
#770 = ORIENTED_EDGE ( 'NONE', *, *, #205, .F. ) ;
#771 = LINE ( 'NONE', #663, #1517 ) ;
#772 = DIRECTION ( 'NONE',  ( 0.000000000000000000, 1.000000000000000000, 0.000000000000000000 ) ) ;
#773 = DIRECTION ( 'NONE',  ( -1.000000000000000000, 0.000000000000000000, -0.000000000000000000 ) ) ;
#774 = CARTESIAN_POINT ( 'NONE',  ( 0.000000000000000000, -1.319999999999998952, 0.1000000000000000056 ) ) ;
#775 = VECTOR ( 'NONE', #240, 100.0000000000000000 ) ;
#776 = ADVANCED_FACE ( 'NONE', ( #1383 ), #178, .T. ) ;
#777 = AXIS2_PLACEMENT_3D ( 'NONE', #892, #1028, #886 ) ;
#778 = ORIENTED_EDGE ( 'NONE', *, *, #277, .T. ) ;
#779 = ORIENTED_EDGE ( 'NONE', *, *, #86, .F. ) ;
#780 = DIRECTION ( 'NONE',  ( -0.9731308116794299412, -0.000000000000000000, -0.2302529551604793612 ) ) ;
#781 = CARTESIAN_POINT ( 'NONE',  ( 0.000000000000000000, -2.229999999999987548, 0.000000000000000000 ) ) ;
#782 = CARTESIAN_POINT ( 'NONE',  ( 1.951258876257556230, -2.294999999999994156, 0.1354217962886098137 ) ) ;
#783 = CARTESIAN_POINT ( 'NONE',  ( 0.000000000000000000, -15.97000000000000419, 0.000000000000000000 ) ) ;
#784 = EDGE_CURVE ( 'NONE', #1237, #596, #424, .T. ) ;
#785 = ORIENTED_EDGE ( 'NONE', *, *, #1026, .T. ) ;
#786 = EDGE_CURVE ( 'NONE', #3, #930, #431, .T. ) ;
#787 = ORIENTED_EDGE ( 'NONE', *, *, #628, .T. ) ;
#788 = LINE ( 'NONE', #551, #139 ) ;
#789 = DIRECTION ( 'NONE',  ( 0.000000000000000000, 0.000000000000000000, -1.000000000000000000 ) ) ;
#790 = FACE_OUTER_BOUND ( 'NONE', #1261, .T. ) ;
#791 = DIRECTION ( 'NONE',  ( 0.7071067811865500152, 0.000000000000000000, -0.7071067811865450192 ) ) ;
#792 = EDGE_LOOP ( 'NONE', ( #1014, #706, #871, #982 ) ) ;
#793 = EDGE_CURVE ( 'NONE', #1063, #748, #1486, .T. ) ;
#794 = ORIENTED_EDGE ( 'NONE', *, *, #1228, .T. ) ;
#795 = CARTESIAN_POINT ( 'NONE',  ( 19.08999999999999986, -2.329999999999987637, 0.000000000000000000 ) ) ;
#796 = DIRECTION ( 'NONE',  ( -0.000000000000000000, 0.000000000000000000, 1.000000000000000000 ) ) ;
#797 = CARTESIAN_POINT ( 'NONE',  ( 15.00000000000000178, -17.88000000000000256, 2.299999999999999822 ) ) ;
#798 = FACE_OUTER_BOUND ( 'NONE', #848, .T. ) ;
#799 =( NAMED_UNIT ( * ) SI_UNIT ( $, .STERADIAN. ) SOLID_ANGLE_UNIT ( ) );
#800 = AXIS2_PLACEMENT_3D ( 'NONE', #964, #34, #844 ) ;
#801 = EDGE_LOOP ( 'NONE', ( #78, #912, #1278, #1326 ) ) ;
#802 = AXIS2_PLACEMENT_3D ( 'NONE', #704, #1297, #365 ) ;
#803 = AXIS2_PLACEMENT_3D ( 'NONE', #1406, #467, #908 ) ;
#804 = ORIENTED_EDGE ( 'NONE', *, *, #573, .T. ) ;
#805 = CARTESIAN_POINT ( 'NONE',  ( 14.79999999999999361, -1.319999999999998952, 1.800000000000000266 ) ) ;
#806 = DIRECTION ( 'NONE',  ( 0.000000000000000000, 0.7071067811865475727, -0.7071067811865475727 ) ) ;
#807 = EDGE_CURVE ( 'NONE', #278, #968, #1472, .T. ) ;
#808 = CARTESIAN_POINT ( 'NONE',  ( 16.99000000000000199, -15.87000000000000277, 0.000000000000000000 ) ) ;
#809 = LINE ( 'NONE', #1170, #1150 ) ;
#810 = VERTEX_POINT ( 'NONE', #1462 ) ;
#811 = ORIENTED_EDGE ( 'NONE', *, *, #747, .T. ) ;
#812 = DIRECTION ( 'NONE',  ( 0.000000000000000000, -0.7071067811865475727, -0.7071067811865475727 ) ) ;
#813 = DIRECTION ( 'NONE',  ( -1.000000000000000000, 0.000000000000000000, -0.000000000000000000 ) ) ;
#814 = CARTESIAN_POINT ( 'NONE',  ( 17.09000000000000341, -17.98000000000000043, 4.043673220973784233 ) ) ;
#815 = CARTESIAN_POINT ( 'NONE',  ( 18.99000000000000199, -16.87000000000000099, 0.000000000000000000 ) ) ;
#816 = EDGE_CURVE ( 'NONE', #1032, #1071, #1376, .T. ) ;
#817 = EDGE_CURVE ( 'NONE', #1330, #926, #673, .T. ) ;
#818 = VERTEX_POINT ( 'NONE', #648 ) ;
#819 = VERTEX_POINT ( 'NONE', #1367 ) ;
#820 = LINE ( 'NONE', #1414, #485 ) ;
#821 = CARTESIAN_POINT ( 'NONE',  ( 15.50000000000000533, -1.319999999999998952, 1.800000000000000266 ) ) ;
#822 = CARTESIAN_POINT ( 'NONE',  ( 15.50000000000000533, -17.98000000000000043, 1.800000000000000266 ) ) ;
#823 = ORIENTED_EDGE ( 'NONE', *, *, #1020, .F. ) ;
#824 = ORIENTED_EDGE ( 'NONE', *, *, #4, .F. ) ;
#825 = VECTOR ( 'NONE', #677, 100.0000000000000000 ) ;
#826 = DIRECTION ( 'NONE',  ( 0.000000000000000000, -1.000000000000000000, 0.000000000000000000 ) ) ;
#827 = LINE ( 'NONE', #129, #1104 ) ;
#828 = VECTOR ( 'NONE', #697, 100.0000000000000000 ) ;
#829 = ORIENTED_EDGE ( 'NONE', *, *, #793, .T. ) ;
#830 = LINE ( 'NONE', #971, #363 ) ;
#831 = VECTOR ( 'NONE', #1088, 100.0000000000000142 ) ;
#832 = CARTESIAN_POINT ( 'NONE',  ( 15.00000000000000178, -1.319999999999998952, 2.299999999999999822 ) ) ;
#833 = ORIENTED_EDGE ( 'NONE', *, *, #48, .T. ) ;
#834 = ADVANCED_FACE ( 'NONE', ( #1112 ), #1118, .F. ) ;
#835 = ORIENTED_EDGE ( 'NONE', *, *, #86, .T. ) ;
#836 =( LENGTH_UNIT ( ) NAMED_UNIT ( * ) SI_UNIT ( .CENTI., .METRE. ) );
#837 = ADVANCED_FACE ( 'NONE', ( #1266 ), #57, .F. ) ;
#838 = PLANE ( 'NONE',  #874 ) ;
#839 = DIRECTION ( 'NONE',  ( 0.000000000000000000, -1.000000000000000000, 0.000000000000000000 ) ) ;
#840 = CARTESIAN_POINT ( 'NONE',  ( 16.16870003489403018, -16.90499999999999403, 3.499417471183215778 ) ) ;
#841 = ORIENTED_EDGE ( 'NONE', *, *, #784, .F. ) ;
#842 = ORIENTED_EDGE ( 'NONE', *, *, #494, .F. ) ;
#843 = LINE ( 'NONE', #614, #831 ) ;
#844 = DIRECTION ( 'NONE',  ( 0.000000000000000000, 1.000000000000000000, 0.000000000000000000 ) ) ;
#845 = CARTESIAN_POINT ( 'NONE',  ( 14.79999999999999361, -1.319999999999998952, 1.800000000000000266 ) ) ;
#846 = DIRECTION ( 'NONE',  ( -4.722868631912351297E-16, 0.3420201433256678802, -0.9396926207859087610 ) ) ;
#847 = EDGE_LOOP ( 'NONE', ( #961, #82, #292, #950 ) ) ;
#848 = EDGE_LOOP ( 'NONE', ( #212, #959, #1087, #1346 ) ) ;
#849 = VECTOR ( 'NONE', #773, 100.0000000000000000 ) ;
#850 = PLANE ( 'NONE',  #878 ) ;
#851 = AXIS2_PLACEMENT_3D ( 'NONE', #1017, #882, #1371 ) ;
#852 = CARTESIAN_POINT ( 'NONE',  ( 18.10999999999999943, -15.97000000000000419, 0.1000000000000000888 ) ) ;
#853 = PLANE ( 'NONE',  #1223 ) ;
#854 = VECTOR ( 'NONE', #1013, 100.0000000000000142 ) ;
#855 = EDGE_CURVE ( 'NONE', #1071, #518, #410, .T. ) ;
#856 = VECTOR ( 'NONE', #1264, 100.0000000000000000 ) ;
#857 = LINE ( 'NONE', #1210, #710 ) ;
#858 = EDGE_CURVE ( 'NONE', #572, #919, #1353, .T. ) ;
#859 = EDGE_LOOP ( 'NONE', ( #371, #1361, #623, #220 ) ) ;
#860 = DIRECTION ( 'NONE',  ( -1.000000000000000000, 0.000000000000000000, 0.000000000000000000 ) ) ;
#861 = FACE_OUTER_BOUND ( 'NONE', #676, .T. ) ;
#862 = LINE ( 'NONE', #1337, #876 ) ;
#863 = EDGE_CURVE ( 'NONE', #762, #347, #760, .T. ) ;
#864 = VERTEX_POINT ( 'NONE', #1241 ) ;
#865 = APPLICATION_PROTOCOL_DEFINITION ( 'draft international standard', 'automotive_design', 1998, #665 ) ;
#866 = ORIENTED_EDGE ( 'NONE', *, *, #1504, .T. ) ;
#867 = CARTESIAN_POINT ( 'NONE',  ( 0.000000000000000000, -19.19999999999999929, 0.000000000000000000 ) ) ;
#868 = CARTESIAN_POINT ( 'NONE',  ( 16.41672788948478257, -17.23499999999999588, 3.884369979094387304 ) ) ;
#869 = CARTESIAN_POINT ( 'NONE',  ( 15.20000000000000462, -1.319999999999998952, 1.800000000000000266 ) ) ;
#870 = ORIENTED_EDGE ( 'NONE', *, *, #911, .F. ) ;
#871 = ORIENTED_EDGE ( 'NONE', *, *, #590, .F. ) ;
#872 = CARTESIAN_POINT ( 'NONE',  ( 0.000000000000000000, -17.88000000000000256, 0.000000000000000000 ) ) ;
#873 = CARTESIAN_POINT ( 'NONE',  ( 17.09000000000000341, -17.98000000000000043, 12.63499999999999979 ) ) ;
#874 = AXIS2_PLACEMENT_3D ( 'NONE', #867, #738, #1208 ) ;
#875 = CARTESIAN_POINT ( 'NONE',  ( 0.000000000000000000, -17.88000000000000256, 0.000000000000000000 ) ) ;
#876 = VECTOR ( 'NONE', #50, 100.0000000000000000 ) ;
#877 = DIRECTION ( 'NONE',  ( -0.9731308116794299412, 0.000000000000000000, -0.2302529551604794444 ) ) ;
#878 = AXIS2_PLACEMENT_3D ( 'NONE', #273, #1420, #729 ) ;
#879 = EDGE_LOOP ( 'NONE', ( #202, #833, #247, #465 ) ) ;
#880 = EDGE_CURVE ( 'NONE', #347, #509, #654, .T. ) ;
#881 = ORIENTED_EDGE ( 'NONE', *, *, #1273, .F. ) ;
#882 = DIRECTION ( 'NONE',  ( -1.000000000000000000, 0.000000000000000000, 0.000000000000000000 ) ) ;
#883 = DIRECTION ( 'NONE',  ( 0.000000000000000000, -1.000000000000000000, 0.000000000000000000 ) ) ;
#884 = EDGE_CURVE ( 'NONE', #1467, #1293, #667, .T. ) ;
#885 = VERTEX_POINT ( 'NONE', #1148 ) ;
#886 = DIRECTION ( 'NONE',  ( -1.000000000000000000, 0.000000000000000000, 0.000000000000000000 ) ) ;
#887 = ORIENTED_EDGE ( 'NONE', *, *, #725, .F. ) ;
#888 = ORIENTED_EDGE ( 'NONE', *, *, #855, .F. ) ;
#889 = DIRECTION ( 'NONE',  ( 1.000000000000000000, 0.000000000000000000, 0.000000000000000000 ) ) ;
#890 = DIRECTION ( 'NONE',  ( -1.000000000000000000, 0.000000000000000000, 0.000000000000000000 ) ) ;
#891 = CARTESIAN_POINT ( 'NONE',  ( 14.79999999999999361, -17.88000000000000256, 1.800000000000000266 ) ) ;
#892 = CARTESIAN_POINT ( 'NONE',  ( 1.630125708403339146, -1.964999999999994529, 0.05943832108564754690 ) ) ;
#893 = ORIENTED_EDGE ( 'NONE', *, *, #205, .T. ) ;
#894 = EDGE_LOOP ( 'NONE', ( #743, #1057, #1354, #841 ) ) ;
#895 = PLANE ( 'NONE',  #1100 ) ;
#896 = CARTESIAN_POINT ( 'NONE',  ( 15.50000000000000533, -17.88000000000000256, 1.800000000000000266 ) ) ;
#897 = CARTESIAN_POINT ( 'NONE',  ( 16.99000000000000199, -1.319999999999998952, 0.000000000000000000 ) ) ;
#898 = CARTESIAN_POINT ( 'NONE',  ( 14.49999999999999289, -1.319999999999998952, 1.800000000000000266 ) ) ;
#899 = ADVANCED_FACE ( 'NONE', ( #1181 ), #96, .T. ) ;
#900 = VECTOR ( 'NONE', #1037, 100.0000000000000000 ) ;
#901 = VECTOR ( 'NONE', #1061, 100.0000000000000000 ) ;
#902 = AXIS2_PLACEMENT_3D ( 'NONE', #732, #1102, #251 ) ;
#903 = ADVANCED_FACE ( 'NONE', ( #476, #941 ), #1391, .F. ) ;
#904 = ORIENTED_EDGE ( 'NONE', *, *, #1157, .T. ) ;
#905 = VECTOR ( 'NONE', #639, 100.0000000000000000 ) ;
#906 = ORIENTED_EDGE ( 'NONE', *, *, #816, .T. ) ;
#907 = PLANE ( 'NONE',  #44 ) ;
#908 = DIRECTION ( 'NONE',  ( -0.7071067811865500152, 0.000000000000000000, 0.7071067811865450192 ) ) ;
#909 = PLANE ( 'NONE',  #432 ) ;
#910 = CARTESIAN_POINT ( 'NONE',  ( 1.630125708403339146, -17.23499999999999588, 0.05943832108564754690 ) ) ;
#911 = EDGE_CURVE ( 'NONE', #1206, #1071, #935, .T. ) ;
#912 = ORIENTED_EDGE ( 'NONE', *, *, #295, .F. ) ;
#913 = EDGE_CURVE ( 'NONE', #930, #229, #1274, .T. ) ;
#914 = ORIENTED_EDGE ( 'NONE', *, *, #81, .T. ) ;
#915 = LINE ( 'NONE', #735, #366 ) ;
#916 = PLANE ( 'NONE',  #244 ) ;
#917 = LINE ( 'NONE', #469, #1347 ) ;
#918 = DIRECTION ( 'NONE',  ( -1.000000000000000000, 0.000000000000000000, 0.000000000000000000 ) ) ;
#919 = VERTEX_POINT ( 'NONE', #1289 ) ;
#920 = VERTEX_POINT ( 'NONE', #681 ) ;
#921 = FACE_OUTER_BOUND ( 'NONE', #1114, .T. ) ;
#922 = DIRECTION ( 'NONE',  ( -1.000000000000000000, 0.000000000000000000, 0.000000000000000000 ) ) ;
#923 = CARTESIAN_POINT ( 'NONE',  ( 18.10999999999999943, -19.19999999999999929, 4.285015917602995827 ) ) ;
#924 = CARTESIAN_POINT ( 'NONE',  ( 17.09000000000000341, -1.319999999999999396, 0.09999999999999904798 ) ) ;
#925 = AXIS2_PLACEMENT_3D ( 'NONE', #168, #19, #482 ) ;
#926 = VERTEX_POINT ( 'NONE', #924 ) ;
#927 = VECTOR ( 'NONE', #877, 100.0000000000000142 ) ;
#928 = PRODUCT_DEFINITION_FORMATION_WITH_SPECIFIED_SOURCE ( 'ANY', '', #1392, .NOT_KNOWN. ) ;
#929 = ADVANCED_FACE ( 'NONE', ( #16 ), #713, .T. ) ;
#930 = VERTEX_POINT ( 'NONE', #1422 ) ;
#931 = CARTESIAN_POINT ( 'NONE',  ( 19.08999999999999986, -2.229999999999987548, 4.516894194756554626 ) ) ;
#932 = LINE ( 'NONE', #208, #2 ) ;
#933 = CARTESIAN_POINT ( 'NONE',  ( 15.20000000000000462, -17.88000000000000256, 0.8000000000000000444 ) ) ;
#934 = ADVANCED_FACE ( 'NONE', ( #1051 ), #571, .F. ) ;
#935 = LINE ( 'NONE', #241, #1055 ) ;
#936 = ORIENTED_EDGE ( 'NONE', *, *, #609, .F. ) ;
#937 = ORIENTED_EDGE ( 'NONE', *, *, #38, .T. ) ;
#938 = DIRECTION ( 'NONE',  ( -0.000000000000000000, 0.000000000000000000, 1.000000000000000000 ) ) ;
#939 = CARTESIAN_POINT ( 'NONE',  ( 17.09000000000000341, -15.87000000000000277, 0.000000000000000000 ) ) ;
#940 = PLANE ( 'NONE',  #1491 ) ;
#941 = FACE_BOUND ( 'NONE', #228, .T. ) ;
#942 = EDGE_CURVE ( 'NONE', #553, #1229, #10, .T. ) ;
#943 = ORIENTED_EDGE ( 'NONE', *, *, #1512, .T. ) ;
#944 = ORIENTED_EDGE ( 'NONE', *, *, #747, .F. ) ;
#945 = CARTESIAN_POINT ( 'NONE',  ( 1.630125708403339146, -1.964999999999994529, 0.05943832108564754690 ) ) ;
#946 = DIRECTION ( 'NONE',  ( 0.7071067811865500152, 0.000000000000000000, -0.7071067811865450192 ) ) ;
#947 = DIRECTION ( 'NONE',  ( 1.000000000000000000, 1.380874408737758346E-15, 0.000000000000000000 ) ) ;
#948 = CARTESIAN_POINT ( 'NONE',  ( 14.49999999999999289, -17.88000000000000256, 1.800000000000000266 ) ) ;
#949 = EDGE_CURVE ( 'NONE', #992, #983, #233, .T. ) ;
#950 = ORIENTED_EDGE ( 'NONE', *, *, #302, .T. ) ;
#951 = ADVANCED_FACE ( 'NONE', ( #798 ), #219, .T. ) ;
#952 = VECTOR ( 'NONE', #846, 100.0000000000000000 ) ;
#953 = VERTEX_POINT ( 'NONE', #588 ) ;
#954 = VECTOR ( 'NONE', #428, 100.0000000000000000 ) ;
#955 = VECTOR ( 'NONE', #123, 100.0000000000000000 ) ;
#956 = CARTESIAN_POINT ( 'NONE',  ( 17.09000000000000341, -15.97000000000000419, 4.043673220973782456 ) ) ;
#957 = CARTESIAN_POINT ( 'NONE',  ( 12.13999999999999879, 3.740000000000012204, 6.069999999999999396 ) ) ;
#958 = DIRECTION ( 'NONE',  ( 0.000000000000000000, -1.000000000000000000, 0.000000000000000000 ) ) ;
#959 = ORIENTED_EDGE ( 'NONE', *, *, #1092, .F. ) ;
#960 = PRODUCT_RELATED_PRODUCT_CATEGORY ( 'part', '', ( #1392 ) ) ;
#961 = ORIENTED_EDGE ( 'NONE', *, *, #573, .F. ) ;
#962 = FILL_AREA_STYLE ('',( #153 ) ) ;
#963 = ORIENTED_EDGE ( 'NONE', *, *, #749, .T. ) ;
#964 = CARTESIAN_POINT ( 'NONE',  ( 14.79999999999999361, -17.88000000000000256, 1.800000000000000266 ) ) ;
#965 = DIRECTION ( 'NONE',  ( -1.380874408737758346E-15, 1.000000000000000000, 0.000000000000000000 ) ) ;
#966 = CARTESIAN_POINT ( 'NONE',  ( 19.08999999999999986, -2.229999999999987548, 0.1000000000000000888 ) ) ;
#967 = ORIENTED_EDGE ( 'NONE', *, *, #1253, .T. ) ;
#968 = VERTEX_POINT ( 'NONE', #691 ) ;
#969 = EDGE_CURVE ( 'NONE', #810, #818, #1510, .T. ) ;
#970 = CARTESIAN_POINT ( 'NONE',  ( 0.07310531326345222347, 0.000000000000000000, -0.3089690327082190158 ) ) ;
#971 = CARTESIAN_POINT ( 'NONE',  ( 12.13999999999999879, 2.740000000000013980, 6.069999999999999396 ) ) ;
#972 = LINE ( 'NONE', #718, #141 ) ;
#973 = LINE ( 'NONE', #1440, #952 ) ;
#974 = ORIENTED_EDGE ( 'NONE', *, *, #248, .F. ) ;
#975 = DIRECTION ( 'NONE',  ( 0.000000000000000000, 1.000000000000000000, 0.000000000000000000 ) ) ;
#976 = EDGE_CURVE ( 'NONE', #1481, #992, #809, .T. ) ;
#977 = AXIS2_PLACEMENT_3D ( 'NONE', #1272, #1408, #1288 ) ;
#978 = DIRECTION ( 'NONE',  ( 0.000000000000000000, 1.000000000000000000, 0.000000000000000000 ) ) ;
#979 = CARTESIAN_POINT ( 'NONE',  ( 1.557020395139886881, -17.23499999999999588, 0.3684073537938665766 ) ) ;
#980 = AXIS2_PLACEMENT_3D ( 'NONE', #578, #1503, #918 ) ;
#981 = LINE ( 'NONE', #397, #607 ) ;
#982 = ORIENTED_EDGE ( 'NONE', *, *, #911, .T. ) ;
#983 = VERTEX_POINT ( 'NONE', #117 ) ;
#984 = DIRECTION ( 'NONE',  ( 0.9731308116794299412, 0.000000000000000000, 0.2302529551604793612 ) ) ;
#985 = CARTESIAN_POINT ( 'NONE',  ( 14.79999999999999361, -17.88000000000000256, 1.800000000000000266 ) ) ;
#986 = UNCERTAINTY_MEASURE_WITH_UNIT (LENGTH_MEASURE( 1.000000000000000082E-05 ), #836, 'distance_accuracy_value', 'NONE');
#987 = DIRECTION ( 'NONE',  ( 0.000000000000000000, -0.9396926207859087610, 0.3420201433256678802 ) ) ;
#988 = ORIENTED_EDGE ( 'NONE', *, *, #1067, .T. ) ;
#989 = ORIENTED_EDGE ( 'NONE', *, *, #403, .F. ) ;
#990 = CARTESIAN_POINT ( 'NONE',  ( 0.000000000000000000, -3.229999999999985771, 0.000000000000000000 ) ) ;
#991 = CARTESIAN_POINT ( 'NONE',  ( 16.48983320274823683, -17.23499999999999588, 3.575400946386168677 ) ) ;
#992 = VERTEX_POINT ( 'NONE', #1164 ) ;
#993 = CARTESIAN_POINT ( 'NONE',  ( 15.00000000000000178, -17.88000000000000256, 2.299999999999999822 ) ) ;
#994 = EDGE_CURVE ( 'NONE', #478, #536, #470, .T. ) ;
#995 = ORIENTED_EDGE ( 'NONE', *, *, #359, .F. ) ;
#996 = EDGE_CURVE ( 'NONE', #1499, #715, #1062, .T. ) ;
#997 = ORIENTED_EDGE ( 'NONE', *, *, #419, .F. ) ;
#998 = VECTOR ( 'NONE', #711, 100.0000000000000000 ) ;
#999 = CARTESIAN_POINT ( 'NONE',  ( 18.99000000000000199, -16.97000000000000242, 0.000000000000000000 ) ) ;
#1000 = CARTESIAN_POINT ( 'NONE',  ( 15.20000000000000462, -17.98000000000000043, 0.8000000000000000444 ) ) ;
#1001 = VECTOR ( 'NONE', #544, 100.0000000000000000 ) ;
#1002 = FACE_OUTER_BOUND ( 'NONE', #1129, .T. ) ;
#1003 = VECTOR ( 'NONE', #1321, 100.0000000000000142 ) ;
#1004 = CARTESIAN_POINT ( 'NONE',  ( 0.000000000000000000, -17.88000000000000256, 0.000000000000000000 ) ) ;
#1005 = VECTOR ( 'NONE', #1189, 100.0000000000000142 ) ;
#1006 = PRODUCT_DEFINITION_SHAPE ( 'NONE', 'NONE',  #1232 ) ;
#1007 = VERTEX_POINT ( 'NONE', #815 ) ;
#1008 = EDGE_CURVE ( 'NONE', #755, #1237, #464, .T. ) ;
#1009 = EDGE_LOOP ( 'NONE', ( #914, #1324, #662, #727 ) ) ;
#1010 = DIRECTION ( 'NONE',  ( -1.883010557369666819E-16, 1.000000000000000000, 0.000000000000000000 ) ) ;
#1011 = DIRECTION ( 'NONE',  ( 0.9731308116794299412, 0.000000000000000000, 0.2302529551604793612 ) ) ;
#1012 = CARTESIAN_POINT ( 'NONE',  ( 17.08999999999999986, -3.229999999999985771, 12.63499999999999979 ) ) ;
#1013 = DIRECTION ( 'NONE',  ( 0.9731308116794299412, 0.000000000000000000, 0.2302529551604794444 ) ) ;
#1014 = ORIENTED_EDGE ( 'NONE', *, *, #855, .T. ) ;
#1015 = ADVANCED_FACE ( 'NONE', ( #35 ), #1446, .F. ) ;
#1016 = VERTEX_POINT ( 'NONE', #1097 ) ;
#1017 = CARTESIAN_POINT ( 'NONE',  ( 15.20000000000000462, -17.88000000000000256, 1.800000000000000266 ) ) ;
#1018 = DIRECTION ( 'NONE',  ( 0.000000000000000000, 0.9396926207859087610, 0.3420201433256678802 ) ) ;
#1019 = DIRECTION ( 'NONE',  ( 0.000000000000000000, -1.000000000000000000, 0.000000000000000000 ) ) ;
#1020 = EDGE_CURVE ( 'NONE', #613, #819, #600, .T. ) ;
#1021 = DIRECTION ( 'NONE',  ( -1.000000000000000000, -0.000000000000000000, 0.000000000000000000 ) ) ;
#1022 = ORIENTED_EDGE ( 'NONE', *, *, #4, .T. ) ;
#1023 = VERTEX_POINT ( 'NONE', #979 ) ;
#1024 = DIRECTION ( 'NONE',  ( -0.9731308116794300522, 0.000000000000000000, -0.2302529551604794722 ) ) ;
#1025 = DIRECTION ( 'NONE',  ( 0.000000000000000000, 0.000000000000000000, -1.000000000000000000 ) ) ;
#1026 = EDGE_CURVE ( 'NONE', #1498, #1499, #148, .T. ) ;
#1027 = DIRECTION ( 'NONE',  ( 1.000000000000000000, 0.000000000000000000, 0.000000000000000000 ) ) ;
#1028 = DIRECTION ( 'NONE',  ( 0.000000000000000000, 1.000000000000000000, 0.000000000000000000 ) ) ;
#1029 = VECTOR ( 'NONE', #459, 100.0000000000000000 ) ;
#1030 = VECTOR ( 'NONE', #688, 100.0000000000000000 ) ;
#1031 = VECTOR ( 'NONE', #617, 100.0000000000000142 ) ;
#1032 = VERTEX_POINT ( 'NONE', #868 ) ;
#1033 =( GEOMETRIC_REPRESENTATION_CONTEXT ( 3 ) GLOBAL_UNCERTAINTY_ASSIGNED_CONTEXT ( ( #986 ) ) GLOBAL_UNIT_ASSIGNED_CONTEXT ( ( #836, #188, #799 ) ) REPRESENTATION_CONTEXT ( 'NONE', 'WORKASPACE' ) );
#1034 = ORIENTED_EDGE ( 'NONE', *, *, #1449, .T. ) ;
#1035 = CARTESIAN_POINT ( 'NONE',  ( 14.49999999999999289, -1.319999999999998952, 1.800000000000000266 ) ) ;
#1036 = CARTESIAN_POINT ( 'NONE',  ( 15.20000000000000462, -17.88000000000000256, 1.800000000000000266 ) ) ;
#1037 = DIRECTION ( 'NONE',  ( 0.000000000000000000, 1.000000000000000000, -0.000000000000000000 ) ) ;
#1038 = CARTESIAN_POINT ( 'NONE',  ( 17.08999999999997854, -19.20000000000002416, 4.043673220973777127 ) ) ;
#1039 = ORIENTED_EDGE ( 'NONE', *, *, #786, .T. ) ;
#1040 = EDGE_LOOP ( 'NONE', ( #393, #1265, #25, #1435 ) ) ;
#1041 = FACE_OUTER_BOUND ( 'NONE', #493, .T. ) ;
#1042 = CARTESIAN_POINT ( 'NONE',  ( 1.951258876257556230, -2.294999999999994156, 0.1354217962886098137 ) ) ;
#1043 = CARTESIAN_POINT ( 'NONE',  ( 19.09000000000000341, -16.97000000000000242, 0.1000000000000000888 ) ) ;
#1044 = DIRECTION ( 'NONE',  ( -1.000000000000000000, 0.000000000000000000, 0.000000000000000000 ) ) ;
#1045 = EDGE_CURVE ( 'NONE', #953, #1187, #972, .T. ) ;
#1046 = ORIENTED_EDGE ( 'NONE', *, *, #227, .F. ) ;
#1047 = EDGE_CURVE ( 'NONE', #715, #1378, #259, .T. ) ;
#1048 = CARTESIAN_POINT ( 'NONE',  ( 14.49999999999999289, -17.98000000000000043, 1.800000000000000266 ) ) ;
#1049 = CARTESIAN_POINT ( 'NONE',  ( 18.20999999999999730, -2.329999999999987637, 0.000000000000000000 ) ) ;
#1050 = LINE ( 'NONE', #224, #314 ) ;
#1051 = FACE_OUTER_BOUND ( 'NONE', #316, .T. ) ;
#1052 = VECTOR ( 'NONE', #1147, 100.0000000000000000 ) ;
#1053 = VECTOR ( 'NONE', #826, 100.0000000000000000 ) ;
#1054 = ORIENTED_EDGE ( 'NONE', *, *, #150, .T. ) ;
#1055 = VECTOR ( 'NONE', #1069, 100.0000000000000142 ) ;
#1056 = VECTOR ( 'NONE', #946, 100.0000000000000000 ) ;
#1057 = ORIENTED_EDGE ( 'NONE', *, *, #1217, .F. ) ;
#1058 = LINE ( 'NONE', #1153, #1053 ) ;
#1059 = DIRECTION ( 'NONE',  ( 0.7071067811865513475, 9.764256583854385478E-16, -0.7071067811865436870 ) ) ;
#1060 = EDGE_CURVE ( 'NONE', #1227, #1339, #862, .T. ) ;
#1061 = DIRECTION ( 'NONE',  ( 1.000000000000000000, 0.000000000000000000, 0.000000000000000000 ) ) ;
#1062 = LINE ( 'NONE', #109, #392 ) ;
#1063 = VERTEX_POINT ( 'NONE', #845 ) ;
#1064 = VERTEX_POINT ( 'NONE', #622 ) ;
#1065 = CARTESIAN_POINT ( 'NONE',  ( 1.630125708403339146, -17.23499999999999588, 0.05943832108564754690 ) ) ;
#1066 = PLANE ( 'NONE',  #1127 ) ;
#1067 = EDGE_CURVE ( 'NONE', #1330, #37, #1192, .T. ) ;
#1068 = CARTESIAN_POINT ( 'NONE',  ( 15.20000000000000462, -1.219999999999998863, 1.800000000000000266 ) ) ;
#1069 = DIRECTION ( 'NONE',  ( -0.2302529551604794444, 0.000000000000000000, 0.9731308116794299412 ) ) ;
#1070 = EDGE_CURVE ( 'NONE', #1120, #1206, #606, .T. ) ;
#1071 = VERTEX_POINT ( 'NONE', #1434 ) ;
#1072 = ORIENTED_EDGE ( 'NONE', *, *, #880, .F. ) ;
#1073 = CARTESIAN_POINT ( 'NONE',  ( 15.00000000000000178, -1.219999999999998863, 2.299999999999999822 ) ) ;
#1074 = ORIENTED_EDGE ( 'NONE', *, *, #344, .T. ) ;
#1075 = CARTESIAN_POINT ( 'NONE',  ( 1.951258876257556230, -2.294999999999994156, 0.000000000000000000 ) ) ;
#1076 = LINE ( 'NONE', #20, #558 ) ;
#1077 = ADVANCED_FACE ( 'NONE', ( #498 ), #1186, .T. ) ;
#1078 = VECTOR ( 'NONE', #416, 100.0000000000000142 ) ;
#1079 = ORIENTED_EDGE ( 'NONE', *, *, #21, .F. ) ;
#1080 = VECTOR ( 'NONE', #1398, 100.0000000000000000 ) ;
#1081 = ORIENTED_EDGE ( 'NONE', *, *, #198, .F. ) ;
#1082 = AXIS2_PLACEMENT_3D ( 'NONE', #993, #328, #791 ) ;
#1083 = DIRECTION ( 'NONE',  ( 0.9731308116794300522, 0.000000000000000000, 0.2302529551604794722 ) ) ;
#1084 = DIRECTION ( 'NONE',  ( 1.000000000000000000, 1.883010557369666819E-16, 0.000000000000000000 ) ) ;
#1085 = ADVANCED_FACE ( 'NONE', ( #1209 ), #1428, .T. ) ;
#1086 = ORIENTED_EDGE ( 'NONE', *, *, #580, .F. ) ;
#1087 = ORIENTED_EDGE ( 'NONE', *, *, #1067, .F. ) ;
#1088 = DIRECTION ( 'NONE',  ( 0.9731308116794299412, 0.000000000000000000, 0.2302529551604793612 ) ) ;
#1089 = DIRECTION ( 'NONE',  ( 0.5773502691896257311, -0.5773502691896257311, -0.5773502691896257311 ) ) ;
#1090 = CARTESIAN_POINT ( 'NONE',  ( 18.10999999999999943, -19.19999999999999929, 4.285015917602994939 ) ) ;
#1091 = CARTESIAN_POINT ( 'NONE',  ( 15.20000000000000462, -17.98000000000000043, 1.800000000000000266 ) ) ;
#1092 = EDGE_CURVE ( 'NONE', #37, #346, #1439, .T. ) ;
#1093 = ORIENTED_EDGE ( 'NONE', *, *, #254, .T. ) ;
#1094 = CARTESIAN_POINT ( 'NONE',  ( 13.36666666666660497, -7.953333333333205246, -5.623333333333215833 ) ) ;
#1095 = EDGE_CURVE ( 'NONE', #3, #885, #513, .T. ) ;
#1096 = FACE_OUTER_BOUND ( 'NONE', #847, .T. ) ;
#1097 = CARTESIAN_POINT ( 'NONE',  ( 18.10999999999999943, -15.97000000000000419, 0.1000000000000000888 ) ) ;
#1098 = PLANE ( 'NONE',  #1443 ) ;
#1099 = CARTESIAN_POINT ( 'NONE',  ( 1.557020395139886881, -17.23499999999999588, 0.3684073537938665766 ) ) ;
#1100 = AXIS2_PLACEMENT_3D ( 'NONE', #325, #1024, #645 ) ;
#1101 = CARTESIAN_POINT ( 'NONE',  ( 15.00000000000000178, -17.88000000000000256, 2.299999999999999822 ) ) ;
#1102 = DIRECTION ( 'NONE',  ( 0.000000000000000000, 0.000000000000000000, -1.000000000000000000 ) ) ;
#1103 = AXIS2_PLACEMENT_3D ( 'NONE', #774, #1135, #210 ) ;
#1104 = VECTOR ( 'NONE', #384, 100.0000000000000142 ) ;
#1105 = FACE_OUTER_BOUND ( 'NONE', #151, .T. ) ;
#1106 = ORIENTED_EDGE ( 'NONE', *, *, #1384, .T. ) ;
#1107 = ORIENTED_EDGE ( 'NONE', *, *, #494, .T. ) ;
#1108 = CARTESIAN_POINT ( 'NONE',  ( 16.99000000000000554, -17.88000000000000256, 0.000000000000000000 ) ) ;
#1109 = CARTESIAN_POINT ( 'NONE',  ( 14.49999999999999289, -1.219999999999998863, 1.800000000000000266 ) ) ;
#1110 = ADVANCED_FACE ( 'NONE', ( #1313 ), #853, .T. ) ;
#1111 = ORIENTED_EDGE ( 'NONE', *, *, #807, .T. ) ;
#1112 = FACE_OUTER_BOUND ( 'NONE', #879, .T. ) ;
#1113 = EDGE_CURVE ( 'NONE', #278, #1481, #1076, .T. ) ;
#1114 = EDGE_LOOP ( 'NONE', ( #943, #1267, #574, #436 ) ) ;
#1115 = CARTESIAN_POINT ( 'NONE',  ( 1.557020395139886881, -1.964999999999994529, 0.3684073537938665766 ) ) ;
#1116 = DIRECTION ( 'NONE',  ( 0.7071067811865500152, 0.000000000000000000, -0.7071067811865450192 ) ) ;
#1117 = PLANE ( 'NONE',  #629 ) ;
#1118 = PLANE ( 'NONE',  #1103 ) ;
#1119 = ORIENTED_EDGE ( 'NONE', *, *, #765, .T. ) ;
#1120 = VERTEX_POINT ( 'NONE', #1453 ) ;
#1121 = CARTESIAN_POINT ( 'NONE',  ( 17.09000000000000341, -1.220000000000001528, 0.3747477419454556258 ) ) ;
#1122 = LINE ( 'NONE', #545, #905 ) ;
#1123 = VECTOR ( 'NONE', #701, 100.0000000000000000 ) ;
#1124 = CARTESIAN_POINT ( 'NONE',  ( 15.20000000000000462, -1.319999999999998952, 0.8000000000000000444 ) ) ;
#1125 = AXIS2_PLACEMENT_3D ( 'NONE', #832, #1308, #447 ) ;
#1126 = DIRECTION ( 'NONE',  ( -0.9697314053328568439, -0.08351246796241922066, -0.2294486199696749995 ) ) ;
#1127 = AXIS2_PLACEMENT_3D ( 'NONE', #1042, #14, #1508 ) ;
#1128 = EDGE_CURVE ( 'NONE', #983, #1330, #483, .T. ) ;
#1129 = EDGE_LOOP ( 'NONE', ( #1216, #770, #1046, #204 ) ) ;
#1130 = EDGE_CURVE ( 'NONE', #1334, #518, #30, .T. ) ;
#1131 = EDGE_LOOP ( 'NONE', ( #180, #1457, #769, #787, #967, #1341, #1022 ) ) ;
#1132 = LINE ( 'NONE', #1257, #1400 ) ;
#1133 = CARTESIAN_POINT ( 'NONE',  ( 15.50000000000000533, -17.88000000000000256, 1.800000000000000266 ) ) ;
#1134 = CARTESIAN_POINT ( 'NONE',  ( 17.09000000000000341, -15.97000000000000419, 12.63499999999999979 ) ) ;
#1135 = DIRECTION ( 'NONE',  ( 0.000000000000000000, -1.000000000000000000, 0.000000000000000000 ) ) ;
#1136 = ORIENTED_EDGE ( 'NONE', *, *, #580, .T. ) ;
#1137 = ADVANCED_FACE ( 'NONE', ( #415 ), #646, .F. ) ;
#1138 = ORIENTED_EDGE ( 'NONE', *, *, #949, .F. ) ;
#1139 = CARTESIAN_POINT ( 'NONE',  ( 0.000000000000000000, -19.19999999999999929, 0.000000000000000000 ) ) ;
#1140 = CARTESIAN_POINT ( 'NONE',  ( 16.16870003489403373, -16.90499999999999403, 0.000000000000000000 ) ) ;
#1141 = CARTESIAN_POINT ( 'NONE',  ( 16.98999999999998778, -1.319999999999998952, -1.234501721411557578E-14 ) ) ;
#1142 = CARTESIAN_POINT ( 'NONE',  ( 16.16870003489403018, -16.90499999999999403, 3.499417471183215778 ) ) ;
#1143 = ORIENTED_EDGE ( 'NONE', *, *, #1386, .T. ) ;
#1144 = VERTEX_POINT ( 'NONE', #308 ) ;
#1145 = CARTESIAN_POINT ( 'NONE',  ( 18.10999999999999943, -16.97000000000000242, 4.285015917602996716 ) ) ;
#1146 = CARTESIAN_POINT ( 'NONE',  ( 0.000000000000000000, -1.219999999999998863, 0.000000000000000000 ) ) ;
#1147 = DIRECTION ( 'NONE',  ( 0.000000000000000000, 1.000000000000000000, -0.000000000000000000 ) ) ;
#1148 = CARTESIAN_POINT ( 'NONE',  ( 14.79999999999999361, -17.98000000000000043, 1.800000000000000266 ) ) ;
#1149 = AXIS2_PLACEMENT_3D ( 'NONE', #512, #502, #984 ) ;
#1150 = VECTOR ( 'NONE', #1283, 100.0000000000000000 ) ;
#1151 = ORIENTED_EDGE ( 'NONE', *, *, #385, .F. ) ;
#1152 = ORIENTED_EDGE ( 'NONE', *, *, #1045, .T. ) ;
#1153 = CARTESIAN_POINT ( 'NONE',  ( 14.79999999999999361, -17.88000000000000256, 0.8000000000000000444 ) ) ;
#1154 = LINE ( 'NONE', #939, #712 ) ;
#1155 = DIRECTION ( 'NONE',  ( 0.9731308116794299412, 0.000000000000000000, 0.2302529551604794722 ) ) ;
#1156 = DIRECTION ( 'NONE',  ( -1.380874408737758346E-15, -1.000000000000000000, -3.267293661872954206E-16 ) ) ;
#1157 = EDGE_CURVE ( 'NONE', #755, #613, #752, .T. ) ;
#1158 = ADVANCED_FACE ( 'NONE', ( #1460 ), #192, .T. ) ;
#1159 = ORIENTED_EDGE ( 'NONE', *, *, #1338, .F. ) ;
#1160 = ORIENTED_EDGE ( 'NONE', *, *, #26, .F. ) ;
#1161 = CARTESIAN_POINT ( 'NONE',  ( 14.79999999999999361, -17.98000000000000043, 0.8000000000000000444 ) ) ;
#1162 = LINE ( 'NONE', #702, #343 ) ;
#1163 = LINE ( 'NONE', #108, #1172 ) ;
#1164 = CARTESIAN_POINT ( 'NONE',  ( 17.09000000000000341, -1.219999999999987761, 4.043673220973784233 ) ) ;
#1165 = EDGE_LOOP ( 'NONE', ( #249, #1513, #111, #1136 ) ) ;
#1166 = ORIENTED_EDGE ( 'NONE', *, *, #1228, .F. ) ;
#1167 = FACE_OUTER_BOUND ( 'NONE', #750, .T. ) ;
#1168 = CARTESIAN_POINT ( 'NONE',  ( 17.09000000000000341, -15.97000000000000419, 12.63499999999999979 ) ) ;
#1169 = FACE_OUTER_BOUND ( 'NONE', #534, .T. ) ;
#1170 = CARTESIAN_POINT ( 'NONE',  ( 17.09000000000000341, -1.219999999999998863, 5.019999999999997797 ) ) ;
#1171 = VECTOR ( 'NONE', #562, 100.0000000000000000 ) ;
#1172 = VECTOR ( 'NONE', #690, 100.0000000000000000 ) ;
#1173 = ORIENTED_EDGE ( 'NONE', *, *, #1255, .T. ) ;
#1174 = AXIS2_PLACEMENT_3D ( 'NONE', #126, #334, #595 ) ;
#1175 = ADVANCED_FACE ( 'NONE', ( #1247 ), #1484, .F. ) ;
#1176 = EDGE_LOOP ( 'NONE', ( #298, #142, #1269, #406 ) ) ;
#1177 = DIRECTION ( 'NONE',  ( -1.000000000000000000, 0.000000000000000000, 0.000000000000000000 ) ) ;
#1178 = LINE ( 'NONE', #689, #686 ) ;
#1179 = EDGE_CURVE ( 'NONE', #1227, #1467, #664, .T. ) ;
#1180 = CARTESIAN_POINT ( 'NONE',  ( 18.21000000000000085, -15.97000000000000419, 0.000000000000000000 ) ) ;
#1181 = FACE_OUTER_BOUND ( 'NONE', #1303, .T. ) ;
#1182 = ORIENTED_EDGE ( 'NONE', *, *, #1202, .T. ) ;
#1183 = EDGE_CURVE ( 'NONE', #1144, #1467, #520, .T. ) ;
#1184 = ORIENTED_EDGE ( 'NONE', *, *, #1495, .T. ) ;
#1185 = LINE ( 'NONE', #933, #630 ) ;
#1186 = PLANE ( 'NONE',  #557 ) ;
#1187 = VERTEX_POINT ( 'NONE', #764 ) ;
#1188 = ORIENTED_EDGE ( 'NONE', *, *, #1047, .F. ) ;
#1189 = DIRECTION ( 'NONE',  ( 0.9731308116794299412, 0.000000000000000000, 0.2302529551604794444 ) ) ;
#1190 = APPLICATION_CONTEXT ( 'automotive_design' ) ;
#1191 = DIRECTION ( 'NONE',  ( 8.673617379884035472E-17, 0.000000000000000000, -1.000000000000000000 ) ) ;
#1192 = LINE ( 'NONE', #1201, #1031 ) ;
#1193 = DIRECTION ( 'NONE',  ( -0.5773502691896380545, 0.5773502691896196248, -0.5773502691896196248 ) ) ;
#1194 = ORIENTED_EDGE ( 'NONE', *, *, #976, .T. ) ;
#1195 = AXIS2_PLACEMENT_3D ( 'NONE', #349, #947, #696 ) ;
#1196 = ORIENTED_EDGE ( 'NONE', *, *, #858, .T. ) ;
#1197 = VECTOR ( 'NONE', #1332, 100.0000000000000000 ) ;
#1198 = LINE ( 'NONE', #1099, #1005 ) ;
#1199 = VECTOR ( 'NONE', #789, 100.0000000000000000 ) ;
#1200 = DIRECTION ( 'NONE',  ( 0.7071067811865411334, 0.000000000000000000, -0.7071067811865539010 ) ) ;
#1201 = CARTESIAN_POINT ( 'NONE',  ( 11.69999999999997442, -8.619999999999995666, -5.290000000000008917 ) ) ;
#1202 = EDGE_CURVE ( 'NONE', #715, #684, #1239, .T. ) ;
#1203 = FACE_OUTER_BOUND ( 'NONE', #801, .T. ) ;
#1204 = ORIENTED_EDGE ( 'NONE', *, *, #1478, .F. ) ;
#1205 = EDGE_CURVE ( 'NONE', #382, #602, #77, .T. ) ;
#1206 = VERTEX_POINT ( 'NONE', #652 ) ;
#1207 = CARTESIAN_POINT ( 'NONE',  ( 19.08999999999999986, -2.229999999999987548, 0.1000000000000000888 ) ) ;
#1208 = DIRECTION ( 'NONE',  ( 0.000000000000000000, -1.000000000000000000, 0.000000000000000000 ) ) ;
#1209 = FACE_OUTER_BOUND ( 'NONE', #245, .T. ) ;
#1210 = CARTESIAN_POINT ( 'NONE',  ( 11.32666666666673905, -10.20666666666668654, -5.663333333333317121 ) ) ;
#1211 =( NAMED_UNIT ( * ) PLANE_ANGLE_UNIT ( ) SI_UNIT ( $, .RADIAN. ) );
#1212 = DIRECTION ( 'NONE',  ( 0.7071067811865539010, 0.000000000000000000, 0.7071067811865411334 ) ) ;
#1213 = DIRECTION ( 'NONE',  ( -1.883010557369666819E-16, 1.000000000000000000, 0.000000000000000000 ) ) ;
#1214 = PLANE ( 'NONE',  #90 ) ;
#1215 = AXIS2_PLACEMENT_3D ( 'NONE', #1134, #1019, #1485 ) ;
#1216 = ORIENTED_EDGE ( 'NONE', *, *, #542, .T. ) ;
#1217 = EDGE_CURVE ( 'NONE', #197, #819, #294, .T. ) ;
#1218 = AXIS2_PLACEMENT_3D ( 'NONE', #114, #106, #466 ) ;
#1219 = VECTOR ( 'NONE', #171, 100.0000000000000000 ) ;
#1220 = ORIENTED_EDGE ( 'NONE', *, *, #198, .T. ) ;
#1221 = DIRECTION ( 'NONE',  ( -0.2302529551604794444, 0.000000000000000000, 0.9731308116794299412 ) ) ;
#1222 = CARTESIAN_POINT ( 'NONE',  ( 4.125285279422305314E-16, -2.294999999999994156, 0.000000000000000000 ) ) ;
#1223 = AXIS2_PLACEMENT_3D ( 'NONE', #275, #739, #132 ) ;
#1224 = EDGE_CURVE ( 'NONE', #761, #511, #422, .T. ) ;
#1225 = PRESENTATION_LAYER_ASSIGNMENT (  '', '', ( #193 ) ) ;
#1226 = DIRECTION ( 'NONE',  ( -0.000000000000000000, 1.000000000000000000, 0.000000000000000000 ) ) ;
#1227 = VERTEX_POINT ( 'NONE', #896 ) ;
#1228 = EDGE_CURVE ( 'NONE', #543, #1291, #1122, .T. ) ;
#1229 = VERTEX_POINT ( 'NONE', #1372 ) ;
#1230 = CARTESIAN_POINT ( 'NONE',  ( 0.000000000000000000, -1.319999999999998952, 0.000000000000000000 ) ) ;
#1231 = CARTESIAN_POINT ( 'NONE',  ( 14.79999999999999361, -1.319999999999998952, 1.800000000000000266 ) ) ;
#1232 = PRODUCT_DEFINITION ( 'UNKNOWN', '', #928, #252 ) ;
#1233 = DIRECTION ( 'NONE',  ( -1.380874408737758346E-15, -1.000000000000000000, 0.000000000000000000 ) ) ;
#1234 = DIRECTION ( 'NONE',  ( -0.9731308116794299412, -0.000000000000000000, -0.2302529551604793612 ) ) ;
#1235 = EDGE_LOOP ( 'NONE', ( #526, #737, #1482, #1487 ) ) ;
#1236 = DIRECTION ( 'NONE',  ( 0.000000000000000000, -1.000000000000000000, 0.000000000000000000 ) ) ;
#1237 = VERTEX_POINT ( 'NONE', #1140 ) ;
#1238 = DIRECTION ( 'NONE',  ( 0.000000000000000000, 0.000000000000000000, 1.000000000000000000 ) ) ;
#1239 = LINE ( 'NONE', #408, #94 ) ;
#1240 = LINE ( 'NONE', #62, #239 ) ;
#1241 = CARTESIAN_POINT ( 'NONE',  ( 15.00000000000000178, -17.88000000000000256, 2.299999999999999822 ) ) ;
#1242 = EDGE_CURVE ( 'NONE', #1499, #543, #71, .T. ) ;
#1243 = ORIENTED_EDGE ( 'NONE', *, *, #675, .T. ) ;
#1244 = ORIENTED_EDGE ( 'NONE', *, *, #655, .F. ) ;
#1245 = AXIS2_PLACEMENT_3D ( 'NONE', #547, #1352, #72 ) ;
#1246 = DIRECTION ( 'NONE',  ( 0.000000000000000000, 0.000000000000000000, -1.000000000000000000 ) ) ;
#1247 = FACE_OUTER_BOUND ( 'NONE', #17, .T. ) ;
#1248 = VECTOR ( 'NONE', #978, 100.0000000000000000 ) ;
#1249 = LINE ( 'NONE', #679, #849 ) ;
#1250 = VECTOR ( 'NONE', #185, 100.0000000000000000 ) ;
#1251 = CARTESIAN_POINT ( 'NONE',  ( 15.00000000000000178, -1.319999999999998952, 2.299999999999999822 ) ) ;
#1252 = AXIS2_PLACEMENT_3D ( 'NONE', #1393, #1236, #661 ) ;
#1253 = EDGE_CURVE ( 'NONE', #658, #1464, #1258, .T. ) ;
#1254 = EDGE_LOOP ( 'NONE', ( #1143, #11, #58, #56 ) ) ;
#1255 = EDGE_CURVE ( 'NONE', #1334, #120, #671, .T. ) ;
#1256 = ORIENTED_EDGE ( 'NONE', *, *, #1095, .F. ) ;
#1257 = CARTESIAN_POINT ( 'NONE',  ( 0.000000000000000000, -1.319999999999998952, 0.000000000000000000 ) ) ;
#1258 = LINE ( 'NONE', #1477, #1277 ) ;
#1259 = LINE ( 'NONE', #184, #388 ) ;
#1260 = CARTESIAN_POINT ( 'NONE',  ( 16.41672788948478257, -17.23499999999999588, 3.884369979094387304 ) ) ;
#1261 = EDGE_LOOP ( 'NONE', ( #1107, #1379, #597, #649 ) ) ;
#1262 = ORIENTED_EDGE ( 'NONE', *, *, #1128, .T. ) ;
#1263 = LINE ( 'NONE', #307, #118 ) ;
#1264 = DIRECTION ( 'NONE',  ( 8.673617379884035472E-17, 0.000000000000000000, -1.000000000000000000 ) ) ;
#1265 = ORIENTED_EDGE ( 'NONE', *, *, #130, .F. ) ;
#1266 = FACE_OUTER_BOUND ( 'NONE', #792, .T. ) ;
#1267 = ORIENTED_EDGE ( 'NONE', *, *, #157, .F. ) ;
#1268 = EDGE_CURVE ( 'NONE', #234, #567, #552, .T. ) ;
#1269 = ORIENTED_EDGE ( 'NONE', *, *, #258, .F. ) ;
#1270 = CARTESIAN_POINT ( 'NONE',  ( 15.50000000000000533, -1.319999999999998952, 1.800000000000000266 ) ) ;
#1271 = LINE ( 'NONE', #593, #1377 ) ;
#1272 = CARTESIAN_POINT ( 'NONE',  ( 18.10999999999999943, -16.97000000000000242, 12.63499999999999979 ) ) ;
#1273 = EDGE_CURVE ( 'NONE', #511, #953, #1364, .T. ) ;
#1274 = LINE ( 'NONE', #948, #341 ) ;
#1275 = VECTOR ( 'NONE', #1320, 100.0000000000000000 ) ;
#1276 = VECTOR ( 'NONE', #155, 100.0000000000000000 ) ;
#1277 = VECTOR ( 'NONE', #890, 100.0000000000000000 ) ;
#1278 = ORIENTED_EDGE ( 'NONE', *, *, #133, .T. ) ;
#1279 = VERTEX_POINT ( 'NONE', #1109 ) ;
#1280 = CARTESIAN_POINT ( 'NONE',  ( 1.951258876257556230, -2.294999999999994156, 0.1354217962886098137 ) ) ;
#1281 = DIRECTION ( 'NONE',  ( -1.000000000000000000, 0.000000000000000000, 0.000000000000000000 ) ) ;
#1282 = DIRECTION ( 'NONE',  ( 1.000000000000000000, 0.000000000000000000, 0.000000000000000000 ) ) ;
#1283 = DIRECTION ( 'NONE',  ( 0.000000000000000000, 0.000000000000000000, 1.000000000000000000 ) ) ;
#1284 = EDGE_LOOP ( 'NONE', ( #1349, #105, #1385, #305 ) ) ;
#1285 = ORIENTED_EDGE ( 'NONE', *, *, #336, .T. ) ;
#1286 = LINE ( 'NONE', #237, #1123 ) ;
#1287 = CARTESIAN_POINT ( 'NONE',  ( 18.10999999999999943, -16.87000000000000099, 0.000000000000000000 ) ) ;
#1288 = DIRECTION ( 'NONE',  ( 1.000000000000000000, 0.000000000000000000, 0.000000000000000000 ) ) ;
#1289 = CARTESIAN_POINT ( 'NONE',  ( 1.951258876257556230, -16.90499999999999403, 0.1354217962886069826 ) ) ;
#1290 = EDGE_CURVE ( 'NONE', #1120, #1032, #55, .T. ) ;
#1291 = VERTEX_POINT ( 'NONE', #695 ) ;
#1292 = EDGE_CURVE ( 'NONE', #602, #885, #1162, .T. ) ;
#1293 = VERTEX_POINT ( 'NONE', #460 ) ;
#1294 = CARTESIAN_POINT ( 'NONE',  ( 15.20000000000000462, -1.319999999999998952, 1.800000000000000266 ) ) ;
#1295 = FACE_OUTER_BOUND ( 'NONE', #282, .T. ) ;
#1296 = DIRECTION ( 'NONE',  ( 0.000000000000000000, -1.000000000000000000, 0.000000000000000000 ) ) ;
#1297 = DIRECTION ( 'NONE',  ( 0.7071067811865469066, -9.764256583854324341E-16, -0.7071067811865481278 ) ) ;
#1298 = EDGE_CURVE ( 'NONE', #377, #1187, #107, .T. ) ;
#1299 = AXIS2_PLACEMENT_3D ( 'NONE', #222, #568, #1177 ) ;
#1300 = ORIENTED_EDGE ( 'NONE', *, *, #880, .T. ) ;
#1301 = VECTOR ( 'NONE', #265, 100.0000000000000000 ) ;
#1302 = COLOUR_RGB ( '',0.7921568627450980005, 0.8196078431372548767, 0.9333333333333333481 ) ;
#1303 = EDGE_LOOP ( 'NONE', ( #404, #714, #988, #779 ) ) ;
#1304 = DIRECTION ( 'NONE',  ( 0.000000000000000000, -1.000000000000000000, 0.000000000000000000 ) ) ;
#1305 = CARTESIAN_POINT ( 'NONE',  ( 15.50000000000000533, -1.219999999999998863, 1.800000000000000266 ) ) ;
#1306 = ORIENTED_EDGE ( 'NONE', *, *, #302, .F. ) ;
#1307 = CARTESIAN_POINT ( 'NONE',  ( 0.000000000000000000, -17.88000000000000256, 0.1000000000000000056 ) ) ;
#1308 = DIRECTION ( 'NONE',  ( -0.7071067811865411334, 0.000000000000000000, 0.7071067811865539010 ) ) ;
#1309 = ORIENTED_EDGE ( 'NONE', *, *, #609, .T. ) ;
#1310 = ORIENTED_EDGE ( 'NONE', *, *, #1318, .T. ) ;
#1311 = FACE_OUTER_BOUND ( 'NONE', #1176, .T. ) ;
#1312 = DIRECTION ( 'NONE',  ( 1.000000000000000000, 0.000000000000000000, 0.000000000000000000 ) ) ;
#1313 = FACE_OUTER_BOUND ( 'NONE', #121, .T. ) ;
#1314 = DIRECTION ( 'NONE',  ( 0.000000000000000000, 0.000000000000000000, 1.000000000000000000 ) ) ;
#1315 = ORIENTED_EDGE ( 'NONE', *, *, #655, .T. ) ;
#1316 = ORIENTED_EDGE ( 'NONE', *, *, #742, .F. ) ;
#1317 = CARTESIAN_POINT ( 'NONE',  ( 1.951258876257556230, -19.19999999999999929, 0.000000000000000000 ) ) ;
#1318 = EDGE_CURVE ( 'NONE', #572, #197, #354, .T. ) ;
#1319 = ORIENTED_EDGE ( 'NONE', *, *, #1417, .F. ) ;
#1320 = DIRECTION ( 'NONE',  ( 0.7071067811865539010, 0.000000000000000000, 0.7071067811865411334 ) ) ;
#1321 = DIRECTION ( 'NONE',  ( -0.2302529551604794444, 0.000000000000000000, 0.9731308116794299412 ) ) ;
#1322 = EDGE_CURVE ( 'NONE', #236, #511, #1271, .T. ) ;
#1323 = FACE_OUTER_BOUND ( 'NONE', #669, .T. ) ;
#1324 = ORIENTED_EDGE ( 'NONE', *, *, #344, .F. ) ;
#1325 = VECTOR ( 'NONE', #361, 100.0000000000000000 ) ;
#1326 = ORIENTED_EDGE ( 'NONE', *, *, #1008, .T. ) ;
#1327 = VECTOR ( 'NONE', #724, 100.0000000000000000 ) ;
#1328 = CARTESIAN_POINT ( 'NONE',  ( 15.00000000000000178, -1.219999999999998863, 2.299999999999999822 ) ) ;
#1329 = VECTOR ( 'NONE', #183, 100.0000000000000000 ) ;
#1330 = VERTEX_POINT ( 'NONE', #215 ) ;
#1331 = CARTESIAN_POINT ( 'NONE',  ( 1.583817128602116320, -1.219999999999998863, 0.3747477419454632308 ) ) ;
#1332 = DIRECTION ( 'NONE',  ( 0.000000000000000000, 1.000000000000000000, 0.000000000000000000 ) ) ;
#1333 = CARTESIAN_POINT ( 'NONE',  ( 15.20000000000000462, -1.319999999999998952, 0.8000000000000000444 ) ) ;
#1334 = VERTEX_POINT ( 'NONE', #348 ) ;
#1335 = SURFACE_SIDE_STYLE ('',( #598 ) ) ;
#1336 = DIRECTION ( 'NONE',  ( -0.2302529551604794444, 0.000000000000000000, 0.9731308116794299412 ) ) ;
#1337 = CARTESIAN_POINT ( 'NONE',  ( 15.50000000000000533, -17.88000000000000256, 1.800000000000000266 ) ) ;
#1338 = EDGE_CURVE ( 'NONE', #748, #1279, #1178, .T. ) ;
#1339 = VERTEX_POINT ( 'NONE', #115 ) ;
#1340 = EDGE_CURVE ( 'NONE', #1339, #1293, #100, .T. ) ;
#1341 = ORIENTED_EDGE ( 'NONE', *, *, #565, .T. ) ;
#1342 = DIRECTION ( 'NONE',  ( 0.7071067811865500152, 0.000000000000000000, -0.7071067811865450192 ) ) ;
#1343 = DIRECTION ( 'NONE',  ( 0.000000000000000000, -1.000000000000000000, 0.000000000000000000 ) ) ;
#1344 = DIRECTION ( 'NONE',  ( 1.380874408737758346E-15, 1.000000000000000000, 0.000000000000000000 ) ) ;
#1345 = EDGE_CURVE ( 'NONE', #65, #748, #932, .T. ) ;
#1346 = ORIENTED_EDGE ( 'NONE', *, *, #291, .F. ) ;
#1347 = VECTOR ( 'NONE', #462, 100.0000000000000000 ) ;
#1348 = VECTOR ( 'NONE', #203, 100.0000000000000000 ) ;
#1349 = ORIENTED_EDGE ( 'NONE', *, *, #1345, .T. ) ;
#1350 = DIRECTION ( 'NONE',  ( 0.000000000000000000, -1.000000000000000000, 0.000000000000000000 ) ) ;
#1351 = DIRECTION ( 'NONE',  ( -0.2302529551604794444, 0.000000000000000000, 0.9731308116794299412 ) ) ;
#1352 = DIRECTION ( 'NONE',  ( -0.7071067811865475727, -0.000000000000000000, -0.7071067811865475727 ) ) ;
#1353 = LINE ( 'NONE', #63, #166 ) ;
#1354 = ORIENTED_EDGE ( 'NONE', *, *, #1447, .F. ) ;
#1355 = ADVANCED_FACE ( 'NONE', ( #445 ), #340, .T. ) ;
#1356 = ORIENTED_EDGE ( 'NONE', *, *, #1338, .T. ) ;
#1357 = FACE_OUTER_BOUND ( 'NONE', #1411, .T. ) ;
#1358 = CARTESIAN_POINT ( 'NONE',  ( 16.16870003489403018, -16.90499999999999403, 3.499417471183215778 ) ) ;
#1359 = DIRECTION ( 'NONE',  ( 0.000000000000000000, 1.000000000000000000, 0.000000000000000000 ) ) ;
#1360 = CARTESIAN_POINT ( 'NONE',  ( 15.00000000000000178, -1.319999999999998952, 2.299999999999999822 ) ) ;
#1361 = ORIENTED_EDGE ( 'NONE', *, *, #1273, .T. ) ;
#1362 = ORIENTED_EDGE ( 'NONE', *, *, #996, .F. ) ;
#1363 = DIRECTION ( 'NONE',  ( 1.000000000000000000, 0.000000000000000000, 0.000000000000000000 ) ) ;
#1364 = LINE ( 'NONE', #1490, #319 ) ;
#1365 = ADVANCED_FACE ( 'NONE', ( #332 ), #1066, .T. ) ;
#1366 = CARTESIAN_POINT ( 'NONE',  ( 14.79999999999999361, -1.319999999999998952, 0.8000000000000000444 ) ) ;
#1367 = CARTESIAN_POINT ( 'NONE',  ( 16.16870003489403018, -2.294999999999994600, 0.000000000000000000 ) ) ;
#1368 = ADVANCED_FACE ( 'NONE', ( #569 ), #678, .F. ) ;
#1369 = ORIENTED_EDGE ( 'NONE', *, *, #976, .F. ) ;
#1370 = ORIENTED_EDGE ( 'NONE', *, *, #450, .T. ) ;
#1371 = DIRECTION ( 'NONE',  ( 0.000000000000000000, -1.000000000000000000, 0.000000000000000000 ) ) ;
#1372 = CARTESIAN_POINT ( 'NONE',  ( 18.10999999999999943, -16.97000000000000242, 0.1000000000000000888 ) ) ;
#1373 = VECTOR ( 'NONE', #621, 100.0000000000000000 ) ;
#1374 = LINE ( 'NONE', #782, #504 ) ;
#1375 = VECTOR ( 'NONE', #163, 100.0000000000000000 ) ;
#1376 = LINE ( 'NONE', #1260, #1348 ) ;
#1377 = VECTOR ( 'NONE', #1501, 100.0000000000000000 ) ;
#1378 = VERTEX_POINT ( 'NONE', #1049 ) ;
#1379 = ORIENTED_EDGE ( 'NONE', *, *, #291, .T. ) ;
#1380 = CARTESIAN_POINT ( 'NONE',  ( 15.50000000000000533, -1.219999999999998863, 1.800000000000000266 ) ) ;
#1381 = CARTESIAN_POINT ( 'NONE',  ( 0.000000000000000000, -2.329999999999987637, 0.000000000000000000 ) ) ;
#1382 = DIRECTION ( 'NONE',  ( -0.9731308116794299412, 2.374707017079817411E-17, -0.2302529551604794722 ) ) ;
#1383 = FACE_OUTER_BOUND ( 'NONE', #1387, .T. ) ;
#1384 = EDGE_CURVE ( 'NONE', #89, #236, #1154, .T. ) ;
#1385 = ORIENTED_EDGE ( 'NONE', *, *, #565, .F. ) ;
#1386 = EDGE_CURVE ( 'NONE', #1064, #65, #820, .T. ) ;
#1387 = EDGE_LOOP ( 'NONE', ( #488, #1306, #1220, #27 ) ) ;
#1388 = CARTESIAN_POINT ( 'NONE',  ( 19.09000000000000341, -16.97000000000000242, 0.1000000000000000888 ) ) ;
#1389 = CARTESIAN_POINT ( 'NONE',  ( 1.951258876257556230, -2.294999999999994156, 0.1354217962886098137 ) ) ;
#1390 = DIRECTION ( 'NONE',  ( 1.380874408737758346E-15, -1.000000000000000000, 3.267293661872954206E-16 ) ) ;
#1391 = PLANE ( 'NONE',  #119 ) ;
#1392 = PRODUCT ( 'ramp-lower-frame', 'ramp-lower-frame', '', ( #635 ) ) ;
#1393 = CARTESIAN_POINT ( 'NONE',  ( 0.000000000000000000, 0.000000000000000000, 0.000000000000000000 ) ) ;
#1394 = ORIENTED_EDGE ( 'NONE', *, *, #1092, .T. ) ;
#1395 = ORIENTED_EDGE ( 'NONE', *, *, #42, .T. ) ;
#1396 = LINE ( 'NONE', #1048, #1029 ) ;
#1397 = PLANE ( 'NONE',  #463 ) ;
#1398 = DIRECTION ( 'NONE',  ( 0.7071067811865500152, 0.000000000000000000, -0.7071067811865450192 ) ) ;
#1399 = DIRECTION ( 'NONE',  ( -1.000000000000000000, 0.000000000000000000, 0.000000000000000000 ) ) ;
#1400 = VECTOR ( 'NONE', #1363, 100.0000000000000000 ) ;
#1401 = AXIS2_PLACEMENT_3D ( 'NONE', #402, #1314, #958 ) ;
#1402 = VECTOR ( 'NONE', #145, 100.0000000000000000 ) ;
#1403 = ORIENTED_EDGE ( 'NONE', *, *, #546, .T. ) ;
#1404 = EDGE_LOOP ( 'NONE', ( #261, #1086, #1370, #173 ) ) ;
#1405 = DIRECTION ( 'NONE',  ( 4.722868631912351297E-16, 0.3420201433256678802, 0.9396926207859087610 ) ) ;
#1406 = CARTESIAN_POINT ( 'NONE',  ( 15.00000000000000178, -1.319999999999998952, 2.299999999999999822 ) ) ;
#1407 = ADVANCED_FACE ( 'NONE', ( #1295 ), #1397, .T. ) ;
#1408 = DIRECTION ( 'NONE',  ( 0.000000000000000000, -1.000000000000000000, 0.000000000000000000 ) ) ;
#1409 = DIRECTION ( 'NONE',  ( 0.000000000000000000, -1.000000000000000000, 0.000000000000000000 ) ) ;
#1410 = EDGE_CURVE ( 'NONE', #992, #278, #223, .T. ) ;
#1411 = EDGE_LOOP ( 'NONE', ( #323, #59, #456, #337 ) ) ;
#1412 = ORIENTED_EDGE ( 'NONE', *, *, #42, .F. ) ;
#1413 = PLANE ( 'NONE',  #1218 ) ;
#1414 = CARTESIAN_POINT ( 'NONE',  ( 15.20000000000000462, -1.219999999999998863, 0.8000000000000000444 ) ) ;
#1415 = DIRECTION ( 'NONE',  ( 1.000000000000000000, 0.000000000000000000, 0.000000000000000000 ) ) ;
#1416 = CARTESIAN_POINT ( 'NONE',  ( 0.000000000000000000, -17.98000000000000043, 5.020000000000000462 ) ) ;
#1417 = EDGE_CURVE ( 'NONE', #1007, #1418, #576, .T. ) ;
#1418 = VERTEX_POINT ( 'NONE', #709 ) ;
#1419 = ORIENTED_EDGE ( 'NONE', *, *, #1045, .F. ) ;
#1420 = DIRECTION ( 'NONE',  ( -0.7071067811865475727, -0.000000000000000000, -0.7071067811865475727 ) ) ;
#1421 = CARTESIAN_POINT ( 'NONE',  ( 15.20000000000000462, -1.219999999999998863, 1.800000000000000266 ) ) ;
#1422 = CARTESIAN_POINT ( 'NONE',  ( 14.49999999999999289, -17.88000000000000256, 1.800000000000000266 ) ) ;
#1423 = VECTOR ( 'NONE', #780, 100.0000000000000142 ) ;
#1424 = AXIS2_PLACEMENT_3D ( 'NONE', #61, #201, #883 ) ;
#1425 = ORIENTED_EDGE ( 'NONE', *, *, #389, .T. ) ;
#1426 = ORIENTED_EDGE ( 'NONE', *, *, #1268, .F. ) ;
#1427 = CARTESIAN_POINT ( 'NONE',  ( 15.20000000000000462, -17.98000000000000043, 0.8000000000000000444 ) ) ;
#1428 = PLANE ( 'NONE',  #733 ) ;
#1429 = DIRECTION ( 'NONE',  ( 0.000000000000000000, 0.000000000000000000, -1.000000000000000000 ) ) ;
#1430 = ORIENTED_EDGE ( 'NONE', *, *, #949, .T. ) ;
#1431 = ADVANCED_FACE ( 'NONE', ( #92, #561 ), #916, .F. ) ;
#1432 = EDGE_CURVE ( 'NONE', #1488, #413, #263, .T. ) ;
#1433 = PLANE ( 'NONE',  #800 ) ;
#1434 = CARTESIAN_POINT ( 'NONE',  ( 16.41672788948479322, -1.964999999999994529, 3.884369979094388192 ) ) ;
#1435 = ORIENTED_EDGE ( 'NONE', *, *, #1113, .T. ) ;
#1436 = ORIENTED_EDGE ( 'NONE', *, *, #1290, .F. ) ;
#1437 = DIRECTION ( 'NONE',  ( 0.9731308116794299412, 0.000000000000000000, 0.2302529551604794444 ) ) ;
#1438 = FACE_BOUND ( 'NONE', #894, .T. ) ;
#1439 = LINE ( 'NONE', #387, #367 ) ;
#1440 = CARTESIAN_POINT ( 'NONE',  ( 17.09000000000000341, -17.98000000000000043, 0.3747477419454556258 ) ) ;
#1441 = VECTOR ( 'NONE', #592, 100.0000000000000142 ) ;
#1442 = ORIENTED_EDGE ( 'NONE', *, *, #1504, .F. ) ;
#1443 = AXIS2_PLACEMENT_3D ( 'NONE', #840, #486, #506 ) ;
#1444 = FACE_OUTER_BOUND ( 'NONE', #209, .T. ) ;
#1445 = LINE ( 'NONE', #731, #683 ) ;
#1446 = PLANE ( 'NONE',  #902 ) ;
#1447 = EDGE_CURVE ( 'NONE', #596, #197, #603, .T. ) ;
#1448 = CARTESIAN_POINT ( 'NONE',  ( 18.10999999999999943, -16.97000000000000242, 0.1000000000000000888 ) ) ;
#1449 = EDGE_CURVE ( 'NONE', #968, #517, #827, .T. ) ;
#1450 = ORIENTED_EDGE ( 'NONE', *, *, #996, .T. ) ;
#1451 = ORIENTED_EDGE ( 'NONE', *, *, #112, .T. ) ;
#1452 = CARTESIAN_POINT ( 'NONE',  ( 18.20999999999999730, -2.229999999999987548, 0.000000000000000000 ) ) ;
#1453 = CARTESIAN_POINT ( 'NONE',  ( 16.48983320274823683, -17.23499999999999588, 3.575400946386168677 ) ) ;
#1454 = ADVANCED_FACE ( 'NONE', ( #1311 ), #850, .T. ) ;
#1455 = MANIFOLD_SOLID_BREP ( 'Lower', #682 ) ;
#1456 = PLANE ( 'NONE',  #1401 ) ;
#1457 = ORIENTED_EDGE ( 'NONE', *, *, #359, .T. ) ;
#1458 = ORIENTED_EDGE ( 'NONE', *, *, #112, .F. ) ;
#1459 = FACE_OUTER_BOUND ( 'NONE', #313, .T. ) ;
#1460 = FACE_OUTER_BOUND ( 'NONE', #1511, .T. ) ;
#1461 = ORIENTED_EDGE ( 'NONE', *, *, #1298, .T. ) ;
#1462 = CARTESIAN_POINT ( 'NONE',  ( 15.20000000000000462, -17.88000000000000256, 0.8000000000000000444 ) ) ;
#1463 = VECTOR ( 'NONE', #303, 100.0000000000000000 ) ;
#1464 = VERTEX_POINT ( 'NONE', #28 ) ;
#1465 = VECTOR ( 'NONE', #1476, 100.0000000000000000 ) ;
#1466 = VECTOR ( 'NONE', #79, 100.0000000000000000 ) ;
#1467 = VERTEX_POINT ( 'NONE', #256 ) ;
#1468 = CARTESIAN_POINT ( 'NONE',  ( 18.99000000000000199, -19.19999999999999929, 0.000000000000000000 ) ) ;
#1469 = DIRECTION ( 'NONE',  ( 0.000000000000000000, -0.3420201433256678802, 0.9396926207859087610 ) ) ;
#1470 =( GEOMETRIC_REPRESENTATION_CONTEXT ( 3 ) GLOBAL_UNCERTAINTY_ASSIGNED_CONTEXT ( ( #374 ) ) GLOBAL_UNIT_ASSIGNED_CONTEXT ( ( #394, #1211, #501 ) ) REPRESENTATION_CONTEXT ( 'NONE', 'WORKASPACE' ) );
#1471 = CARTESIAN_POINT ( 'NONE',  ( 18.21000000000000085, -15.87000000000000277, 0.000000000000000000 ) ) ;
#1472 = LINE ( 'NONE', #304, #484 ) ;
#1473 = ORIENTED_EDGE ( 'NONE', *, *, #816, .F. ) ;
#1474 = EDGE_CURVE ( 'NONE', #1023, #1032, #1198, .T. ) ;
#1475 = EDGE_LOOP ( 'NONE', ( #1461, #778, #75, #963 ) ) ;
#1476 = DIRECTION ( 'NONE',  ( 0.000000000000000000, 1.000000000000000000, -0.000000000000000000 ) ) ;
#1477 = CARTESIAN_POINT ( 'NONE',  ( 15.20000000000000462, -1.319999999999998952, 0.8000000000000000444 ) ) ;
#1478 = EDGE_CURVE ( 'NONE', #1279, #509, #378, .T. ) ;
#1479 = DIRECTION ( 'NONE',  ( 0.000000000000000000, 1.000000000000000000, 0.000000000000000000 ) ) ;
#1480 = LINE ( 'NONE', #910, #854 ) ;
#1481 = VERTEX_POINT ( 'NONE', #39 ) ;
#1482 = ORIENTED_EDGE ( 'NONE', *, *, #858, .F. ) ;
#1483 = DIRECTION ( 'NONE',  ( 0.000000000000000000, 0.000000000000000000, 1.000000000000000000 ) ) ;
#1484 = PLANE ( 'NONE',  #532 ) ;
#1485 = DIRECTION ( 'NONE',  ( 1.000000000000000000, 0.000000000000000000, 0.000000000000000000 ) ) ;
#1486 = LINE ( 'NONE', #554, #189 ) ;
#1487 = ORIENTED_EDGE ( 'NONE', *, *, #38, .F. ) ;
#1488 = VERTEX_POINT ( 'NONE', #1207 ) ;
#1489 = CARTESIAN_POINT ( 'NONE',  ( 18.11000000000000298, -15.97000000000000419, 4.285015917602999380 ) ) ;
#1490 = CARTESIAN_POINT ( 'NONE',  ( 16.99000000000000909, -17.88000000000000256, 9.113771097669043802E-16 ) ) ;
#1491 = AXIS2_PLACEMENT_3D ( 'NONE', #570, #124, #1415 ) ;
#1492 = LINE ( 'NONE', #875, #1078 ) ;
#1493 = VECTOR ( 'NONE', #102, 100.0000000000000000 ) ;
#1494 = CARTESIAN_POINT ( 'NONE',  ( 0.000000000000000000, -16.90499999999999403, 0.000000000000000000 ) ) ;
#1495 = EDGE_CURVE ( 'NONE', #172, #234, #843, .T. ) ;
#1496 = MECHANICAL_DESIGN_GEOMETRIC_PRESENTATION_REPRESENTATION (  '', ( #193 ), #1470 ) ;
#1497 = ADVANCED_FACE ( 'NONE', ( #1444 ), #716, .T. ) ;
#1498 = VERTEX_POINT ( 'NONE', #33 ) ;
#1499 = VERTEX_POINT ( 'NONE', #279 ) ;
#1500 = CARTESIAN_POINT ( 'NONE',  ( 1.951258876257556230, -16.90499999999999403, 0.000000000000000000 ) ) ;
#1501 = DIRECTION ( 'NONE',  ( 1.380874408737758346E-15, -1.000000000000000000, 0.000000000000000000 ) ) ;
#1502 = ORIENTED_EDGE ( 'NONE', *, *, #1318, .F. ) ;
#1503 = DIRECTION ( 'NONE',  ( 0.000000000000000000, 0.7071067811865475727, -0.7071067811865475727 ) ) ;
#1504 = EDGE_CURVE ( 'NONE', #509, #487, #625, .T. ) ;
#1505 = EDGE_LOOP ( 'NONE', ( #866, #974, #995, #1300 ) ) ;
#1506 = EDGE_LOOP ( 'NONE', ( #589, #418, #674, #581, #887, #719, #1081 ) ) ;
#1507 = CARTESIAN_POINT ( 'NONE',  ( 0.000000000000000000, -16.87000000000000099, 0.000000000000000000 ) ) ;
#1508 = DIRECTION ( 'NONE',  ( 1.000000000000000000, -2.440275231838097610E-17, 0.000000000000000000 ) ) ;
#1509 = LINE ( 'NONE', #1043, #67 ) ;
#1510 = LINE ( 'NONE', #455, #315 ) ;
#1511 = EDGE_LOOP ( 'NONE', ( #619, #442, #52, #1451 ) ) ;
#1512 = EDGE_CURVE ( 'NONE', #487, #165, #362, .T. ) ;
#1513 = ORIENTED_EDGE ( 'NONE', *, *, #150, .F. ) ;
#1514 = DIRECTION ( 'NONE',  ( 0.000000000000000000, 1.000000000000000000, 0.000000000000000000 ) ) ;
#1515 = LINE ( 'NONE', #577, #753 ) ;
#1516 = DIRECTION ( 'NONE',  ( 0.000000000000000000, 0.000000000000000000, -1.000000000000000000 ) ) ;
#1517 = VECTOR ( 'NONE', #182, 100.0000000000000000 ) ;
ENDSEC;
END-ISO-10303-21;
