ISO-10303-21;
HEADER;
FILE_DESCRIPTION (( 'STEP AP214' ),
    '1' );
FILE_NAME ('ramp-middle_62.STEP',
    '2026-06-19T13:50:09',
    ( '' ),
    ( '' ),
    'SwSTEP 2.0',
    'SolidWorks 2023',
    '' );
FILE_SCHEMA (( 'AUTOMOTIVE_DESIGN' ));
ENDSEC;

DATA;
#1 = ORIENTED_EDGE ( 'NONE', *, *, #1429, .T. ) ;
#2 = CARTESIAN_POINT ( 'NONE',  ( 28.14195628824728246, -0.5999999999999949818, 5.640000000000007674 ) ) ;
#3 = DIRECTION ( 'NONE',  ( 1.000000000000000000, 0.000000000000000000, 0.000000000000000000 ) ) ;
#4 = CARTESIAN_POINT ( 'NONE',  ( 26.60053967498508598, -0.5999999999999949818, 5.640000000000008562 ) ) ;
#5 = DIRECTION ( 'NONE',  ( 1.000000000000000000, 0.000000000000000000, 0.000000000000000000 ) ) ;
#6 = EDGE_CURVE ( 'NONE', #1470, #1592, #377, .T. ) ;
#7 = CARTESIAN_POINT ( 'NONE',  ( 0.000000000000000000, -2.229999999999987548, 0.000000000000000000 ) ) ;
#8 = ORIENTED_EDGE ( 'NONE', *, *, #706, .F. ) ;
#9 = DIRECTION ( 'NONE',  ( 1.394752543498940254E-15, -1.000000000000000000, 0.000000000000000000 ) ) ;
#10 = VERTEX_POINT ( 'NONE', #575 ) ;
#11 = DIRECTION ( 'NONE',  ( -0.9731308116794300522, 0.000000000000000000, -0.2302529551604788061 ) ) ;
#12 = CARTESIAN_POINT ( 'NONE',  ( 16.11000000000000654, -1.220000000000001528, 0.3747477419454560144 ) ) ;
#13 = LINE ( 'NONE', #1570, #1475 ) ;
#14 = EDGE_CURVE ( 'NONE', #1407, #60, #1421, .T. ) ;
#15 = ORIENTED_EDGE ( 'NONE', *, *, #925, .T. ) ;
#16 = ORIENTED_EDGE ( 'NONE', *, *, #1456, .T. ) ;
#17 = LINE ( 'NONE', #885, #684 ) ;
#18 = CARTESIAN_POINT ( 'NONE',  ( 18.11000000000000298, -16.98999999999999844, 0.09999999999999731326 ) ) ;
#19 =( BOUNDED_CURVE ( )  B_SPLINE_CURVE ( 3, ( #1488, #225, #815, #109 ),
 .UNSPECIFIED., .F., .T. ) 
 B_SPLINE_CURVE_WITH_KNOTS ( ( 4, 4 ),
 ( 1.797104947649392326, 4.938697601239184998 ),
 .UNSPECIFIED. ) 
 CURVE ( )  GEOMETRIC_REPRESENTATION_ITEM ( )  RATIONAL_B_SPLINE_CURVE ( ( 1.000000000000000000, 0.3333333333333335369, 0.3333333333333335369, 1.000000000000000000 ) ) 
 REPRESENTATION_ITEM ( '' )  );
#20 = CARTESIAN_POINT ( 'NONE',  ( 34.07000000000000028, -19.20000000000000284, 12.63499999999999979 ) ) ;
#21 = CARTESIAN_POINT ( 'NONE',  ( 18.11000000000000298, -16.98999999999999844, 12.63499999999999979 ) ) ;
#22 = AXIS2_PLACEMENT_3D ( 'NONE', #1440, #745, #1331 ) ;
#23 = DIRECTION ( 'NONE',  ( -0.9731308116794299412, -0.000000000000000000, -0.2302529551604793612 ) ) ;
#24 = VECTOR ( 'NONE', #1229, 100.0000000000000000 ) ;
#25 = ADVANCED_FACE ( 'NONE', ( #708 ), #1265, .F. ) ;
#26 = VECTOR ( 'NONE', #1822, 100.0000000000000000 ) ;
#27 = VERTEX_POINT ( 'NONE', #485 ) ;
#28 = VECTOR ( 'NONE', #1785, 100.0000000000000142 ) ;
#29 = ORIENTED_EDGE ( 'NONE', *, *, #363, .F. ) ;
#30 = DIRECTION ( 'NONE',  ( -1.394752543498940254E-15, -1.000000000000000000, 0.000000000000000000 ) ) ;
#31 = VERTEX_POINT ( 'NONE', #185 ) ;
#32 = EDGE_CURVE ( 'NONE', #734, #1679, #1776, .T. ) ;
#33 = PLANE ( 'NONE',  #115 ) ;
#34 = ORIENTED_EDGE ( 'NONE', *, *, #638, .T. ) ;
#35 = ORIENTED_EDGE ( 'NONE', *, *, #1611, .T. ) ;
#36 = DIRECTION ( 'NONE',  ( 0.000000000000000000, -1.000000000000000000, 0.000000000000000000 ) ) ;
#37 = CARTESIAN_POINT ( 'NONE',  ( 0.000000000000000000, -2.109999999999989662, 0.000000000000000000 ) ) ;
#38 = LINE ( 'NONE', #1442, #1246 ) ;
#39 = EDGE_CURVE ( 'NONE', #461, #1177, #195, .T. ) ;
#40 = EDGE_CURVE ( 'NONE', #200, #1325, #894, .T. ) ;
#41 = DIRECTION ( 'NONE',  ( 0.9731308116794299412, 0.000000000000000000, 0.2302529551604793612 ) ) ;
#42 = CARTESIAN_POINT ( 'NONE',  ( 29.04597365997205571, -0.5999999999999949818, -6.041618404611488025 ) ) ;
#43 = CARTESIAN_POINT ( 'NONE',  ( 0.000000000000000000, -19.19999999999999929, 0.000000000000000000 ) ) ;
#44 = CARTESIAN_POINT ( 'NONE',  ( 26.74723817685775629, -17.97999999999998622, 5.019999999999987139 ) ) ;
#45 = DIRECTION ( 'NONE',  ( 0.5773502691896257311, 0.5773502691896257311, -0.5773502691896257311 ) ) ;
#46 = EDGE_LOOP ( 'NONE', ( #1104, #951, #695, #1614, #1718, #553, #742, #874, #902, #492, #1093, #1253, #326, #863, #16, #1636, #411, #1315, #586, #612, #1653, #1042, #252, #1503 ) ) ;
#47 = EDGE_CURVE ( 'NONE', #201, #390, #747, .T. ) ;
#48 = ORIENTED_EDGE ( 'NONE', *, *, #1531, .F. ) ;
#49 = CARTESIAN_POINT ( 'NONE',  ( 0.000000000000000000, -17.88000000000000256, 0.1000000000000000056 ) ) ;
#50 = DIRECTION ( 'NONE',  ( -0.2302529551604794444, 0.000000000000000000, 0.9731308116794299412 ) ) ;
#51 = PRESENTATION_LAYER_ASSIGNMENT (  '', '', ( #942 ) ) ;
#52 = ORIENTED_EDGE ( 'NONE', *, *, #1341, .T. ) ;
#53 = VECTOR ( 'NONE', #1665, 100.0000000000000142 ) ;
#54 = VECTOR ( 'NONE', #1467, 100.0000000000000000 ) ;
#55 = ORIENTED_EDGE ( 'NONE', *, *, #1034, .T. ) ;
#56 = VECTOR ( 'NONE', #41, 100.0000000000000142 ) ;
#57 = DIRECTION ( 'NONE',  ( 0.000000000000000000, 0.000000000000000000, -1.000000000000000000 ) ) ;
#58 = VERTEX_POINT ( 'NONE', #486 ) ;
#59 = EDGE_CURVE ( 'NONE', #555, #1825, #135, .T. ) ;
#60 = VERTEX_POINT ( 'NONE', #1187 ) ;
#61 = CARTESIAN_POINT ( 'NONE',  ( 17.09000000000000341, -15.99000000000000199, 4.043673220973784233 ) ) ;
#62 = DIRECTION ( 'NONE',  ( 0.000000000000000000, -0.7071067811865376918, -0.7071067811865573427 ) ) ;
#63 = ORIENTED_EDGE ( 'NONE', *, *, #487, .F. ) ;
#64 = EDGE_CURVE ( 'NONE', #1514, #489, #1742, .T. ) ;
#65 = CARTESIAN_POINT ( 'NONE',  ( 35.96999999999999886, -2.329999999999992966, 0.000000000000000000 ) ) ;
#66 = CARTESIAN_POINT ( 'NONE',  ( 25.85066672135532428, -0.5999999999999949818, 6.116538839406828743 ) ) ;
#67 = DIRECTION ( 'NONE',  ( -0.2302529551604793612, 0.000000000000000000, 0.9731308116794299412 ) ) ;
#68 = EDGE_LOOP ( 'NONE', ( #864, #1466, #512, #1166 ) ) ;
#69 = ORIENTED_EDGE ( 'NONE', *, *, #1288, .F. ) ;
#70 = CARTESIAN_POINT ( 'NONE',  ( 35.08999999999999631, -15.97000000000000064, 12.63499999999999979 ) ) ;
#71 = DIRECTION ( 'NONE',  ( -1.000000000000000000, 0.000000000000000000, 0.000000000000000000 ) ) ;
#72 = CARTESIAN_POINT ( 'NONE',  ( 0.000000000000000000, -17.98000000000000043, 5.020000000000000462 ) ) ;
#73 = LINE ( 'NONE', #1708, #803 ) ;
#74 = EDGE_CURVE ( 'NONE', #669, #1334, #38, .T. ) ;
#75 = ORIENTED_EDGE ( 'NONE', *, *, #638, .F. ) ;
#76 = DIRECTION ( 'NONE',  ( 0.000000000000000000, 0.000000000000000000, -1.000000000000000000 ) ) ;
#77 = ORIENTED_EDGE ( 'NONE', *, *, #1670, .T. ) ;
#78 = ORIENTED_EDGE ( 'NONE', *, *, #1753, .F. ) ;
#79 = CARTESIAN_POINT ( 'NONE',  ( 29.34764421159268721, -0.5999999999999949818, -5.970239988511736762 ) ) ;
#80 = DIRECTION ( 'NONE',  ( 1.000000000000000000, 0.000000000000000000, 0.000000000000000000 ) ) ;
#81 = CARTESIAN_POINT ( 'NONE',  ( 16.11000000000000654, -15.99000000000000199, 12.63499999999999979 ) ) ;
#82 = CARTESIAN_POINT ( 'NONE',  ( 33.96999999999999176, -17.88000000000000256, 0.000000000000000000 ) ) ;
#83 = VECTOR ( 'NONE', #1274, 100.0000000000000000 ) ;
#84 = VECTOR ( 'NONE', #1425, 100.0000000000000000 ) ;
#85 = ADVANCED_FACE ( 'NONE', ( #600 ), #479, .F. ) ;
#86 = FACE_OUTER_BOUND ( 'NONE', #884, .T. ) ;
#87 = AXIS2_PLACEMENT_3D ( 'NONE', #970, #980, #282 ) ;
#88 = EDGE_LOOP ( 'NONE', ( #685, #338, #738, #956, #1318, #1281, #1138 ) ) ;
#89 = AXIS2_PLACEMENT_3D ( 'NONE', #117, #405, #1582 ) ;
#90 = CARTESIAN_POINT ( 'NONE',  ( 36.07000000000000028, -2.229999999999987548, 0.1000000000000056399 ) ) ;
#91 = CARTESIAN_POINT ( 'NONE',  ( 36.07000000000000028, -2.229999999999987548, 12.63499999999999979 ) ) ;
#92 = CARTESIAN_POINT ( 'NONE',  ( 17.09000000000000341, -3.209999999999987974, 4.043673220973786897 ) ) ;
#93 = DIRECTION ( 'NONE',  ( 1.000000000000000000, 0.000000000000000000, 0.000000000000000000 ) ) ;
#94 = ORIENTED_EDGE ( 'NONE', *, *, #778, .F. ) ;
#95 = ORIENTED_EDGE ( 'NONE', *, *, #748, .F. ) ;
#96 =( LENGTH_UNIT ( ) NAMED_UNIT ( * ) SI_UNIT ( .CENTI., .METRE. ) );
#97 = EDGE_CURVE ( 'NONE', #1118, #297, #1060, .T. ) ;
#98 = ORIENTED_EDGE ( 'NONE', *, *, #1717, .T. ) ;
#99 = DIRECTION ( 'NONE',  ( -0.9731308116794300522, 0.000000000000000000, -0.2302529551604788061 ) ) ;
#100 = LINE ( 'NONE', #232, #413 ) ;
#101 = PLANE ( 'NONE',  #1561 ) ;
#102 = LINE ( 'NONE', #929, #24 ) ;
#103 = ORIENTED_EDGE ( 'NONE', *, *, #1078, .F. ) ;
#104 = DIRECTION ( 'NONE',  ( 1.000000000000000000, 0.000000000000000000, 0.000000000000000000 ) ) ;
#105 = VERTEX_POINT ( 'NONE', #321 ) ;
#106 = ORIENTED_EDGE ( 'NONE', *, *, #236, .F. ) ;
#107 = CARTESIAN_POINT ( 'NONE',  ( 35.19000000000000483, -3.329999999999991189, 0.000000000000000000 ) ) ;
#108 = EDGE_CURVE ( 'NONE', #10, #737, #469, .T. ) ;
#109 = CARTESIAN_POINT ( 'NONE',  ( 29.04625403469443512, -18.60000000000000142, 5.640000000000005009 ) ) ;
#110 = CARTESIAN_POINT ( 'NONE',  ( 17.09000000000000341, -19.19999999999999929, 4.043673220973783344 ) ) ;
#111 = EDGE_CURVE ( 'NONE', #1325, #1043, #1752, .T. ) ;
#112 = DIRECTION ( 'NONE',  ( 0.2302529551604793889, 0.000000000000000000, -0.9731308116794300522 ) ) ;
#113 = DIRECTION ( 'NONE',  ( -0.5773502691896296168, 0.5773502691896318373, 0.5773502691896159611 ) ) ;
#114 = ORIENTED_EDGE ( 'NONE', *, *, #47, .T. ) ;
#115 = AXIS2_PLACEMENT_3D ( 'NONE', #752, #1464, #325 ) ;
#116 = ORIENTED_EDGE ( 'NONE', *, *, #126, .T. ) ;
#117 = CARTESIAN_POINT ( 'NONE',  ( 35.19000000000000483, -19.19999999999999929, 0.000000000000000000 ) ) ;
#118 = VECTOR ( 'NONE', #718, 100.0000000000000000 ) ;
#119 = VECTOR ( 'NONE', #1648, 100.0000000000000000 ) ;
#120 = CARTESIAN_POINT ( 'NONE',  ( 16.99000000000000199, -19.19999999999999929, 0.000000000000000000 ) ) ;
#121 = ADVANCED_FACE ( 'NONE', ( #901, #1462, #1577, #764 ), #1725, .F. ) ;
#122 = VECTOR ( 'NONE', #1422, 100.0000000000000142 ) ;
#123 = LINE ( 'NONE', #423, #1163 ) ;
#124 = LINE ( 'NONE', #381, #888 ) ;
#125 = ORIENTED_EDGE ( 'NONE', *, *, #1330, .T. ) ;
#126 = EDGE_CURVE ( 'NONE', #1564, #258, #1026, .T. ) ;
#127 = DIRECTION ( 'NONE',  ( -0.9731308116794300522, 0.000000000000000000, -0.2302529551604788061 ) ) ;
#128 = ORIENTED_EDGE ( 'NONE', *, *, #1319, .T. ) ;
#129 = VERTEX_POINT ( 'NONE', #352 ) ;
#130 = LINE ( 'NONE', #1821, #1222 ) ;
#131 = FACE_OUTER_BOUND ( 'NONE', #1405, .T. ) ;
#132 = PLANE ( 'NONE',  #1560 ) ;
#133 = EDGE_CURVE ( 'NONE', #945, #1302, #1469, .T. ) ;
#134 = ORIENTED_EDGE ( 'NONE', *, *, #1330, .F. ) ;
#135 =( BOUNDED_CURVE ( )  B_SPLINE_CURVE ( 3, ( #1736, #44, #882, #618 ),
 .UNSPECIFIED., .F., .T. ) 
 B_SPLINE_CURVE_WITH_KNOTS ( ( 4, 4 ),
 ( 1.797104947649392326, 4.938697601239185886 ),
 .UNSPECIFIED. ) 
 CURVE ( )  GEOMETRIC_REPRESENTATION_ITEM ( )  RATIONAL_B_SPLINE_CURVE ( ( 1.000000000000000000, 0.3333333333333332038, 0.3333333333333332038, 1.000000000000000000 ) ) 
 REPRESENTATION_ITEM ( '' )  );
#136 = VERTEX_POINT ( 'NONE', #1332 ) ;
#137 = CARTESIAN_POINT ( 'NONE',  ( 35.19000000000000483, -2.229999999999987548, 0.000000000000000000 ) ) ;
#138 = DIRECTION ( 'NONE',  ( 0.000000000000000000, 1.000000000000000000, 0.000000000000000000 ) ) ;
#139 = PLANE ( 'NONE',  #893 ) ;
#140 = LINE ( 'NONE', #12, #947 ) ;
#141 = CARTESIAN_POINT ( 'NONE',  ( 35.08999999999999631, -16.96999999999999886, 0.1000000000000056399 ) ) ;
#142 = ORIENTED_EDGE ( 'NONE', *, *, #283, .T. ) ;
#143 = VERTEX_POINT ( 'NONE', #65 ) ;
#144 = VERTEX_POINT ( 'NONE', #459 ) ;
#145 = DIRECTION ( 'NONE',  ( 0.5773502691896310601, 0.5773502691896310601, 0.5773502691896150729 ) ) ;
#146 = EDGE_LOOP ( 'NONE', ( #796, #343 ) ) ;
#147 = ORIENTED_EDGE ( 'NONE', *, *, #1395, .F. ) ;
#148 = EDGE_CURVE ( 'NONE', #144, #765, #639, .T. ) ;
#149 = PLANE ( 'NONE',  #1328 ) ;
#150 = VECTOR ( 'NONE', #592, 100.0000000000000142 ) ;
#151 = VECTOR ( 'NONE', #1633, 100.0000000000000000 ) ;
#152 = AXIS2_PLACEMENT_3D ( 'NONE', #822, #1696, #1384 ) ;
#153 = CARTESIAN_POINT ( 'NONE',  ( 0.000000000000000000, -19.19999999999999929, 0.000000000000000000 ) ) ;
#154 = LINE ( 'NONE', #1704, #1040 ) ;
#155 = VECTOR ( 'NONE', #914, 100.0000000000000000 ) ;
#156 = EDGE_LOOP ( 'NONE', ( #795, #1709, #1015, #1790 ) ) ;
#157 = ORIENTED_EDGE ( 'NONE', *, *, #1196, .T. ) ;
#158 = DIRECTION ( 'NONE',  ( 0.000000000000000000, 0.000000000000000000, 1.000000000000000000 ) ) ;
#159 = ORIENTED_EDGE ( 'NONE', *, *, #74, .T. ) ;
#160 = DIRECTION ( 'NONE',  ( -1.000000000000000000, 0.000000000000000000, 0.000000000000000000 ) ) ;
#161 = ADVANCED_FACE ( 'NONE', ( #799 ), #101, .T. ) ;
#162 = DIRECTION ( 'NONE',  ( 0.000000000000000000, 0.7071067811865376918, -0.7071067811865573427 ) ) ;
#163 = LINE ( 'NONE', #141, #84 ) ;
#164 = VERTEX_POINT ( 'NONE', #401 ) ;
#165 = ORIENTED_EDGE ( 'NONE', *, *, #1740, .T. ) ;
#166 = LINE ( 'NONE', #783, #886 ) ;
#167 = DIRECTION ( 'NONE',  ( 0.000000000000000000, 1.000000000000000000, 0.000000000000000000 ) ) ;
#168 = ADVANCED_FACE ( 'NONE', ( #510 ), #1243, .F. ) ;
#169 = LINE ( 'NONE', #1051, #54 ) ;
#170 = DIRECTION ( 'NONE',  ( -0.9483172516123353768, -0.2243818066314930415, -0.2243818066314954562 ) ) ;
#171 = VERTEX_POINT ( 'NONE', #1070 ) ;
#172 = EDGE_CURVE ( 'NONE', #923, #489, #1090, .T. ) ;
#173 = DIRECTION ( 'NONE',  ( 1.000000000000000000, 0.000000000000000000, 0.000000000000000000 ) ) ;
#174 = VERTEX_POINT ( 'NONE', #934 ) ;
#175 = ORIENTED_EDGE ( 'NONE', *, *, #661, .F. ) ;
#176 = EDGE_LOOP ( 'NONE', ( #1230, #985, #1678, #663 ) ) ;
#177 = LINE ( 'NONE', #1301, #1188 ) ;
#178 = CARTESIAN_POINT ( 'NONE',  ( 36.07000000000000028, -19.19999999999999929, 8.534540262172285452 ) ) ;
#179 = ORIENTED_EDGE ( 'NONE', *, *, #1121, .T. ) ;
#180 = DIRECTION ( 'NONE',  ( 1.000000000000000000, 0.000000000000000000, 0.000000000000000000 ) ) ;
#181 = MECHANICAL_DESIGN_GEOMETRIC_PRESENTATION_REPRESENTATION (  '', ( #942 ), #769 ) ;
#182 = DIRECTION ( 'NONE',  ( -1.394752543498940254E-15, -1.000000000000000000, 0.000000000000000000 ) ) ;
#183 = VERTEX_POINT ( 'NONE', #943 ) ;
#184 = VECTOR ( 'NONE', #71, 100.0000000000000000 ) ;
#185 = CARTESIAN_POINT ( 'NONE',  ( 35.08999999999999631, -16.96999999999999886, 8.302661985018726654 ) ) ;
#186 = VECTOR ( 'NONE', #332, 100.0000000000000000 ) ;
#187 = ADVANCED_FACE ( 'NONE', ( #520 ), #233, .T. ) ;
#188 = VERTEX_POINT ( 'NONE', #1482 ) ;
#189 = VECTOR ( 'NONE', #1336, 100.0000000000000000 ) ;
#190 = DIRECTION ( 'NONE',  ( 0.000000000000000000, -0.7071067811865376918, -0.7071067811865573427 ) ) ;
#191 = DIRECTION ( 'NONE',  ( 0.2302529551604794444, 0.000000000000000000, -0.9731308116794300522 ) ) ;
#192 = ORIENTED_EDGE ( 'NONE', *, *, #1288, .T. ) ;
#193 = DIRECTION ( 'NONE',  ( -0.9731308116794299412, 0.000000000000000000, -0.2302529551604793334 ) ) ;
#194 = CYLINDRICAL_SURFACE ( 'NONE', #505, 0.3100000000000019962 ) ;
#195 = LINE ( 'NONE', #756, #827 ) ;
#196 = ORIENTED_EDGE ( 'NONE', *, *, #6, .F. ) ;
#197 = ADVANCED_FACE ( 'NONE', ( #1110 ), #1339, .F. ) ;
#198 = VERTEX_POINT ( 'NONE', #646 ) ;
#199 = LINE ( 'NONE', #312, #335 ) ;
#200 = VERTEX_POINT ( 'NONE', #219 ) ;
#201 = VERTEX_POINT ( 'NONE', #92 ) ;
#202 = CARTESIAN_POINT ( 'NONE',  ( 16.11000000000000654, -1.319999999999998952, 0.1000000000000000056 ) ) ;
#203 = FACE_OUTER_BOUND ( 'NONE', #268, .T. ) ;
#204 = CARTESIAN_POINT ( 'NONE',  ( 34.07000000000000028, -17.98000000000000043, 5.020000000000000462 ) ) ;
#205 = CARTESIAN_POINT ( 'NONE',  ( 34.07000000000000739, -3.229999999999985771, 8.061319288389515947 ) ) ;
#206 = ORIENTED_EDGE ( 'NONE', *, *, #383, .F. ) ;
#207 = EDGE_CURVE ( 'NONE', #1174, #1470, #1510, .T. ) ;
#208 = DIRECTION ( 'NONE',  ( -0.2302529551604794722, 0.000000000000000000, 0.9731308116794300522 ) ) ;
#209 = CARTESIAN_POINT ( 'NONE',  ( 29.07172970801424938, -18.60000000000000142, 6.878676120988018283 ) ) ;
#210 = CARTESIAN_POINT ( 'NONE',  ( 34.07000000000000028, -3.229999999999985771, 12.63499999999999979 ) ) ;
#211 = CIRCLE ( 'NONE', #1652, 0.3100000000000019962 ) ;
#212 = AXIS2_PLACEMENT_3D ( 'NONE', #209, #1757, #468 ) ;
#213 = AXIS2_PLACEMENT_3D ( 'NONE', #1376, #528, #1766 ) ;
#214 = CIRCLE ( 'NONE', #1193, 0.3100000000000077138 ) ;
#215 = DIRECTION ( 'NONE',  ( -0.9731308116794300522, 0.000000000000000000, -0.2302529551604788061 ) ) ;
#216 = PLANE ( 'NONE',  #1804 ) ;
#217 = ADVANCED_FACE ( 'NONE', ( #1207 ), #789, .F. ) ;
#218 = FACE_OUTER_BOUND ( 'NONE', #1437, .T. ) ;
#219 = CARTESIAN_POINT ( 'NONE',  ( 21.21630391768895052, -1.219999999999998863, 5.019999999999997797 ) ) ;
#220 = FACE_OUTER_BOUND ( 'NONE', #836, .T. ) ;
#221 = VERTEX_POINT ( 'NONE', #1640 ) ;
#222 = CARTESIAN_POINT ( 'NONE',  ( 27.91370404211573231, -18.60000000000000497, 6.604675104347052184 ) ) ;
#223 = EDGE_LOOP ( 'NONE', ( #240, #284, #229, #455 ) ) ;
#224 = LINE ( 'NONE', #79, #272 ) ;
#225 = CARTESIAN_POINT ( 'NONE',  ( 29.83007140338214214, -17.97999999999999687, 5.019999999999996021 ) ) ;
#226 = ADVANCED_FACE ( 'NONE', ( #1347 ), #665, .T. ) ;
#227 = DIRECTION ( 'NONE',  ( -0.9731308116794300522, 0.000000000000000000, -0.2302529551604788061 ) ) ;
#228 = FACE_BOUND ( 'NONE', #1631, .T. ) ;
#229 = ORIENTED_EDGE ( 'NONE', *, *, #1004, .F. ) ;
#230 = EDGE_CURVE ( 'NONE', #480, #355, #1788, .T. ) ;
#231 = LINE ( 'NONE', #70, #1073 ) ;
#232 = CARTESIAN_POINT ( 'NONE',  ( 0.000000000000000000, -15.99000000000000199, 0.000000000000000000 ) ) ;
#233 = PLANE ( 'NONE',  #386 ) ;
#234 = DIRECTION ( 'NONE',  ( 1.000000000000000000, 0.000000000000000000, 0.000000000000000000 ) ) ;
#235 = VECTOR ( 'NONE', #1289, 100.0000000000000000 ) ;
#236 = EDGE_CURVE ( 'NONE', #200, #174, #380, .T. ) ;
#237 = AXIS2_PLACEMENT_3D ( 'NONE', #43, #1468, #1052 ) ;
#238 = AXIS2_PLACEMENT_3D ( 'NONE', #674, #1777, #227 ) ;
#239 = CARTESIAN_POINT ( 'NONE',  ( 29.68337290150947894, -0.6000000000000005329, 5.640000000000002345 ) ) ;
#240 = ORIENTED_EDGE ( 'NONE', *, *, #778, .T. ) ;
#241 = AXIS2_PLACEMENT_3D ( 'NONE', #254, #652, #1087 ) ;
#242 = CARTESIAN_POINT ( 'NONE',  ( 26.60053967498508598, -18.60000000000000497, 5.640000000000011227 ) ) ;
#243 = LINE ( 'NONE', #808, #301 ) ;
#244 = ORIENTED_EDGE ( 'NONE', *, *, #1136, .F. ) ;
#245 = CARTESIAN_POINT ( 'NONE',  ( 0.000000000000000000, -1.219999999999998863, 0.000000000000000000 ) ) ;
#246 = DIRECTION ( 'NONE',  ( 0.000000000000000000, -1.000000000000000000, 0.000000000000000000 ) ) ;
#247 = ORIENTED_EDGE ( 'NONE', *, *, #1513, .T. ) ;
#248 = ORIENTED_EDGE ( 'NONE', *, *, #349, .T. ) ;
#249 = EDGE_CURVE ( 'NONE', #105, #1715, #364, .T. ) ;
#250 = ORIENTED_EDGE ( 'NONE', *, *, #1276, .F. ) ;
#251 = CARTESIAN_POINT ( 'NONE',  ( 27.61203349049510081, -18.60000000000000497, 6.533296688247299144 ) ) ;
#252 = ORIENTED_EDGE ( 'NONE', *, *, #437, .F. ) ;
#253 = ADVANCED_FACE ( 'NONE', ( #928, #655, #809, #1367 ), #1098, .F. ) ;
#254 = CARTESIAN_POINT ( 'NONE',  ( 34.07000000000000028, -3.229999999999985771, 12.63499999999999979 ) ) ;
#255 = CARTESIAN_POINT ( 'NONE',  ( 16.11000000000000654, -1.219999999999998863, 5.019999999999997797 ) ) ;
#256 = DIRECTION ( 'NONE',  ( 0.000000000000000000, 0.7071067811865513475, 0.7071067811865436870 ) ) ;
#257 = PLANE ( 'NONE',  #269 ) ;
#258 = VERTEX_POINT ( 'NONE', #1805 ) ;
#259 = CARTESIAN_POINT ( 'NONE',  ( 35.08999999999999631, -16.96999999999999886, 0.1000000000000056399 ) ) ;
#260 = ORIENTED_EDGE ( 'NONE', *, *, #1103, .F. ) ;
#261 = CARTESIAN_POINT ( 'NONE',  ( 27.61203349049510081, -0.5999999999999949818, 6.533296688247299144 ) ) ;
#262 = DIRECTION ( 'NONE',  ( 0.7071067811865376918, 0.000000000000000000, -0.7071067811865573427 ) ) ;
#263 = ADVANCED_FACE ( 'NONE', ( #542 ), #851, .T. ) ;
#264 = FACE_OUTER_BOUND ( 'NONE', #223, .T. ) ;
#265 = LINE ( 'NONE', #935, #1655 ) ;
#266 = ORIENTED_EDGE ( 'NONE', *, *, #1729, .T. ) ;
#267 = DIRECTION ( 'NONE',  ( -0.000000000000000000, 1.000000000000000000, 0.000000000000000000 ) ) ;
#268 = EDGE_LOOP ( 'NONE', ( #1016, #69, #552, #974 ) ) ;
#269 = AXIS2_PLACEMENT_3D ( 'NONE', #790, #112, #1677 ) ;
#270 = DIRECTION ( 'NONE',  ( -0.2302529551604794444, 0.000000000000000000, 0.9731308116794299412 ) ) ;
#271 = AXIS2_PLACEMENT_3D ( 'NONE', #493, #1048, #1587 ) ;
#272 = VECTOR ( 'NONE', #1410, 100.0000000000000142 ) ;
#273 = ADVANCED_FACE ( 'NONE', ( #1123 ), #833, .T. ) ;
#274 = CARTESIAN_POINT ( 'NONE',  ( 36.07000000000001450, -16.96999999999999886, 8.534540262172289005 ) ) ;
#275 = LINE ( 'NONE', #981, #1217 ) ;
#276 = VERTEX_POINT ( 'NONE', #1676 ) ;
#277 = ORIENTED_EDGE ( 'NONE', *, *, #704, .T. ) ;
#278 = EDGE_LOOP ( 'NONE', ( #175, #676, #1074, #63 ) ) ;
#279 = DIRECTION ( 'NONE',  ( -0.9731308116794299412, 0.000000000000000000, -0.2302529551604793334 ) ) ;
#280 =( BOUNDED_CURVE ( )  B_SPLINE_CURVE ( 3, ( #290, #1697, #852, #1823 ),
 .UNSPECIFIED., .F., .T. ) 
 B_SPLINE_CURVE_WITH_KNOTS ( ( 4, 4 ),
 ( 1.797104947649392326, 4.938697601239185886 ),
 .UNSPECIFIED. ) 
 CURVE ( )  GEOMETRIC_REPRESENTATION_ITEM ( )  RATIONAL_B_SPLINE_CURVE ( ( 1.000000000000000000, 0.3333333333333332038, 0.3333333333333332038, 1.000000000000000000 ) ) 
 REPRESENTATION_ITEM ( '' )  );
#281 = DIRECTION ( 'NONE',  ( 0.000000000000000000, 1.000000000000000000, 0.000000000000000000 ) ) ;
#282 = DIRECTION ( 'NONE',  ( 0.000000000000000000, -0.3420201433256678802, 0.9396926207859087610 ) ) ;
#283 = EDGE_CURVE ( 'NONE', #188, #765, #710, .T. ) ;
#284 = ORIENTED_EDGE ( 'NONE', *, *, #1695, .T. ) ;
#285 = CARTESIAN_POINT ( 'NONE',  ( 12.13999999999992241, -8.180000000000092086, 6.069999999999935447 ) ) ;
#286 = EDGE_LOOP ( 'NONE', ( #1181, #35, #993, #650 ) ) ;
#287 = VERTEX_POINT ( 'NONE', #1542 ) ;
#288 = DIRECTION ( 'NONE',  ( -0.9731308116794300522, 0.000000000000000000, -0.2302529551604788061 ) ) ;
#289 = CARTESIAN_POINT ( 'NONE',  ( 30.80734042911183579, -18.60000000000000497, -5.624860555771017623 ) ) ;
#290 = CARTESIAN_POINT ( 'NONE',  ( 28.14195628824728246, -18.60000000000000497, 5.640000000000008562 ) ) ;
#291 = ORIENTED_EDGE ( 'NONE', *, *, #207, .F. ) ;
#292 = ORIENTED_EDGE ( 'NONE', *, *, #832, .T. ) ;
#293 = ORIENTED_EDGE ( 'NONE', *, *, #1481, .F. ) ;
#294 = ADVANCED_FACE ( 'NONE', ( #1812 ), #561, .T. ) ;
#295 = ORIENTED_EDGE ( 'NONE', *, *, #913, .F. ) ;
#296 = FACE_OUTER_BOUND ( 'NONE', #388, .T. ) ;
#297 = VERTEX_POINT ( 'NONE', #1424 ) ;
#298 = ORIENTED_EDGE ( 'NONE', *, *, #1146, .T. ) ;
#299 = CARTESIAN_POINT ( 'NONE',  ( 22.68666666666677756, -7.806666666666764343, 5.696666666666618362 ) ) ;
#300 = VECTOR ( 'NONE', #76, 100.0000000000000000 ) ;
#301 = VECTOR ( 'NONE', #1337, 100.0000000000000000 ) ;
#302 = AXIS2_PLACEMENT_3D ( 'NONE', #153, #1251, #5 ) ;
#303 = DIRECTION ( 'NONE',  ( 0.000000000000000000, 0.000000000000000000, -1.000000000000000000 ) ) ;
#304 = DIRECTION ( 'NONE',  ( 0.000000000000000000, -1.000000000000000000, 0.000000000000000000 ) ) ;
#305 = ORIENTED_EDGE ( 'NONE', *, *, #319, .F. ) ;
#306 = CIRCLE ( 'NONE', #1716, 0.3100000000000077138 ) ;
#307 = ORIENTED_EDGE ( 'NONE', *, *, #1247, .F. ) ;
#308 = ORIENTED_EDGE ( 'NONE', *, *, #39, .T. ) ;
#309 = ORIENTED_EDGE ( 'NONE', *, *, #1196, .F. ) ;
#310 = CARTESIAN_POINT ( 'NONE',  ( 23.45999999999999730, 8.400000000000007461, 11.72999999999999865 ) ) ;
#311 = EDGE_CURVE ( 'NONE', #482, #198, #123, .T. ) ;
#312 = CARTESIAN_POINT ( 'NONE',  ( 18.11000000000000298, -16.98999999999999844, 12.63499999999999979 ) ) ;
#313 = ADVANCED_FACE ( 'NONE', ( #1151 ), #999, .F. ) ;
#314 = CARTESIAN_POINT ( 'NONE',  ( 29.04597365997205571, -18.60000000000000497, -6.041618404611488025 ) ) ;
#315 = CARTESIAN_POINT ( 'NONE',  ( -2.757695390768592603, -6.892499649107822535, -0.6524996491078870475 ) ) ;
#316 = CARTESIAN_POINT ( 'NONE',  ( 0.000000000000000000, -3.109999999999987885, 0.000000000000000000 ) ) ;
#317 = LINE ( 'NONE', #587, #1657 ) ;
#318 = CARTESIAN_POINT ( 'NONE',  ( 27.50483742143222798, -0.5999999999999949818, 5.640000000000007674 ) ) ;
#319 = EDGE_CURVE ( 'NONE', #188, #1174, #1393, .T. ) ;
#320 = FACE_OUTER_BOUND ( 'NONE', #466, .T. ) ;
#321 = CARTESIAN_POINT ( 'NONE',  ( 16.21000000000000441, -1.319999999999998952, 0.000000000000000000 ) ) ;
#322 = ORIENTED_EDGE ( 'NONE', *, *, #495, .T. ) ;
#323 = DIRECTION ( 'NONE',  ( 1.000000000000000000, 0.000000000000000000, 0.000000000000000000 ) ) ;
#324 = ORIENTED_EDGE ( 'NONE', *, *, #507, .T. ) ;
#325 = DIRECTION ( 'NONE',  ( 1.394752543498940254E-15, -1.000000000000000000, 0.000000000000000000 ) ) ;
#326 = ORIENTED_EDGE ( 'NONE', *, *, #1706, .F. ) ;
#327 = CARTESIAN_POINT ( 'NONE',  ( 27.50483742143222798, -18.60000000000000497, 5.640000000000008562 ) ) ;
#328 = CARTESIAN_POINT ( 'NONE',  ( 16.11000000000000298, -3.209999999999987974, 12.63499999999999979 ) ) ;
#329 = VECTOR ( 'NONE', #519, 100.0000000000000000 ) ;
#330 = EDGE_CURVE ( 'NONE', #878, #1826, #1556, .T. ) ;
#331 = VECTOR ( 'NONE', #1169, 100.0000000000000000 ) ;
#332 = DIRECTION ( 'NONE',  ( -0.000000000000000000, 0.7071067811865436870, 0.7071067811865513475 ) ) ;
#333 = VECTOR ( 'NONE', #138, 100.0000000000000000 ) ;
#334 = VERTEX_POINT ( 'NONE', #274 ) ;
#335 = VECTOR ( 'NONE', #731, 100.0000000000000000 ) ;
#336 = DIRECTION ( 'NONE',  ( 0.000000000000000000, -1.000000000000000000, 0.000000000000000000 ) ) ;
#337 = EDGE_LOOP ( 'NONE', ( #990, #179, #1529, #8 ) ) ;
#338 = ORIENTED_EDGE ( 'NONE', *, *, #821, .T. ) ;
#339 = FACE_OUTER_BOUND ( 'NONE', #1300, .T. ) ;
#340 = CARTESIAN_POINT ( 'NONE',  ( 26.74723817685775273, -1.220000000000011964, 5.019999999999981810 ) ) ;
#341 = ADVANCED_FACE ( 'NONE', ( #131 ), #988, .T. ) ;
#342 = DIRECTION ( 'NONE',  ( -1.000000000000000000, 0.000000000000000000, 0.000000000000000000 ) ) ;
#343 = ORIENTED_EDGE ( 'NONE', *, *, #1075, .F. ) ;
#344 = CARTESIAN_POINT ( 'NONE',  ( 16.21000000000000085, -3.109999999999987885, 0.000000000000000000 ) ) ;
#345 = CARTESIAN_POINT ( 'NONE',  ( 16.20999999999997954, -19.20000000000002416, 0.000000000000000000 ) ) ;
#346 = CARTESIAN_POINT ( 'NONE',  ( 34.07000000000000028, -1.219999999999998863, 5.019999999999997797 ) ) ;
#347 =( BOUNDED_CURVE ( )  B_SPLINE_CURVE ( 3, ( #656, #511, #543, #1111 ),
 .UNSPECIFIED., .F., .T. ) 
 B_SPLINE_CURVE_WITH_KNOTS ( ( 4, 4 ),
 ( 4.938697601239184998, 8.080290254828979002 ),
 .UNSPECIFIED. ) 
 CURVE ( )  GEOMETRIC_REPRESENTATION_ITEM ( )  RATIONAL_B_SPLINE_CURVE ( ( 1.000000000000000000, 0.3333333333333330373, 0.3333333333333330373, 1.000000000000000000 ) ) 
 REPRESENTATION_ITEM ( '' )  );
#348 = EDGE_LOOP ( 'NONE', ( #134, #728 ) ) ;
#349 = EDGE_CURVE ( 'NONE', #198, #58, #1143, .T. ) ;
#350 = CARTESIAN_POINT ( 'NONE',  ( 30.50566987749120429, -0.5999999999999949818, -5.696238971870767998 ) ) ;
#351 = DIRECTION ( 'NONE',  ( 0.000000000000000000, 1.000000000000000000, -0.000000000000000000 ) ) ;
#352 = CARTESIAN_POINT ( 'NONE',  ( 28.77005915639362499, -0.6000000000000005329, 6.807297704888269685 ) ) ;
#353 = PLANE ( 'NONE',  #654 ) ;
#354 = VECTOR ( 'NONE', #279, 100.0000000000000142 ) ;
#355 = VERTEX_POINT ( 'NONE', #1401 ) ;
#356 = AXIS2_PLACEMENT_3D ( 'NONE', #693, #1277, #717 ) ;
#357 = VECTOR ( 'NONE', #45, 100.0000000000000000 ) ;
#358 = DIRECTION ( 'NONE',  ( 0.000000000000000000, 0.000000000000000000, -1.000000000000000000 ) ) ;
#359 = ADVANCED_FACE ( 'NONE', ( #1703 ), #1524, .T. ) ;
#360 = DIRECTION ( 'NONE',  ( 0.000000000000000000, -0.7071067811865475727, -0.7071067811865475727 ) ) ;
#361 = APPLICATION_PROTOCOL_DEFINITION ( 'draft international standard', 'automotive_design', 1998, #1724 ) ;
#362 = PLANE ( 'NONE',  #1832 ) ;
#363 = EDGE_CURVE ( 'NONE', #420, #398, #140, .T. ) ;
#364 = LINE ( 'NONE', #681, #1591 ) ;
#365 = DIRECTION ( 'NONE',  ( -0.2302529551604793612, 0.000000000000000000, 0.9731308116794299412 ) ) ;
#366 = VERTEX_POINT ( 'NONE', #1259 ) ;
#367 = EDGE_CURVE ( 'NONE', #458, #583, #1834, .T. ) ;
#368 = LINE ( 'NONE', #664, #28 ) ;
#369 = CARTESIAN_POINT ( 'NONE',  ( 26.15233727297595578, -18.60000000000000497, 6.187917255506579117 ) ) ;
#370 = ADVANCED_FACE ( 'NONE', ( #264 ), #1135, .T. ) ;
#371 = DIRECTION ( 'NONE',  ( 1.000000000000000000, 0.000000000000000000, 0.000000000000000000 ) ) ;
#372 = CARTESIAN_POINT ( 'NONE',  ( 25.85066672135532428, -18.60000000000000497, 6.116538839406828743 ) ) ;
#373 = EDGE_LOOP ( 'NONE', ( #837, #1120, #630, #308 ) ) ;
#374 = ORIENTED_EDGE ( 'NONE', *, *, #590, .T. ) ;
#375 = ORIENTED_EDGE ( 'NONE', *, *, #1204, .F. ) ;
#376 = EDGE_LOOP ( 'NONE', ( #939, #1810, #1430, #565 ) ) ;
#377 = LINE ( 'NONE', #1132, #1833 ) ;
#378 = FACE_OUTER_BOUND ( 'NONE', #698, .T. ) ;
#379 = DIRECTION ( 'NONE',  ( 4.770334648313475045E-16, -0.3420201433256678802, 0.9396926207859087610 ) ) ;
#380 = LINE ( 'NONE', #245, #743 ) ;
#381 = CARTESIAN_POINT ( 'NONE',  ( 29.87995676098793041, -18.60000000000000142, 4.809166751393020967 ) ) ;
#382 = ORIENTED_EDGE ( 'NONE', *, *, #791, .F. ) ;
#383 = EDGE_CURVE ( 'NONE', #1459, #906, #1549, .T. ) ;
#384 = ORIENTED_EDGE ( 'NONE', *, *, #1794, .T. ) ;
#385 = AXIS2_PLACEMENT_3D ( 'NONE', #21, #1195, #484 ) ;
#386 = AXIS2_PLACEMENT_3D ( 'NONE', #816, #1498, #954 ) ;
#387 =( NAMED_UNIT ( * ) PLANE_ANGLE_UNIT ( ) SI_UNIT ( $, .RADIAN. ) );
#388 = EDGE_LOOP ( 'NONE', ( #793, #1079, #1417, #250 ) ) ;
#389 = VECTOR ( 'NONE', #167, 100.0000000000000000 ) ;
#390 = VERTEX_POINT ( 'NONE', #768 ) ;
#391 = LINE ( 'NONE', #500, #1593 ) ;
#392 = DIRECTION ( 'NONE',  ( 0.000000000000000000, 0.3420201433256678802, -0.9396926207859087610 ) ) ;
#393 = CARTESIAN_POINT ( 'NONE',  ( 0.000000000000000000, -17.98000000000000043, 5.020000000000000462 ) ) ;
#394 = FACE_BOUND ( 'NONE', #460, .T. ) ;
#395 = ORIENTED_EDGE ( 'NONE', *, *, #1817, .F. ) ;
#396 = ADVANCED_FACE ( 'NONE', ( #1167 ), #1722, .F. ) ;
#397 = CARTESIAN_POINT ( 'NONE',  ( 29.07172970801424938, -0.6000000000000005329, 6.878676120988018283 ) ) ;
#398 = VERTEX_POINT ( 'NONE', #202 ) ;
#399 = DIRECTION ( 'NONE',  ( -0.9731308116794300522, 0.000000000000000000, -0.2302529551604788061 ) ) ;
#400 = LINE ( 'NONE', #962, #1353 ) ;
#401 = CARTESIAN_POINT ( 'NONE',  ( 36.07000000000000028, -16.96999999999999886, 0.1000000000000056399 ) ) ;
#402 = CARTESIAN_POINT ( 'NONE',  ( 25.96342080817002795, -18.60000000000000497, 5.640000000000011227 ) ) ;
#403 = PLANE ( 'NONE',  #1413 ) ;
#404 = EDGE_CURVE ( 'NONE', #390, #174, #879, .T. ) ;
#405 = DIRECTION ( 'NONE',  ( -0.7071067811865475727, -0.000000000000000000, -0.7071067811865475727 ) ) ;
#406 =( LENGTH_UNIT ( ) NAMED_UNIT ( * ) SI_UNIT ( .CENTI., .METRE. ) );
#407 = ORIENTED_EDGE ( 'NONE', *, *, #437, .T. ) ;
#408 = DIRECTION ( 'NONE',  ( 1.000000000000000000, 0.000000000000000000, 0.000000000000000000 ) ) ;
#409 = CARTESIAN_POINT ( 'NONE',  ( 16.11000000000000654, -17.98000000000000043, 12.63499999999999979 ) ) ;
#410 = CIRCLE ( 'NONE', #1443, 0.3100000000000019962 ) ;
#411 = ORIENTED_EDGE ( 'NONE', *, *, #126, .F. ) ;
#412 = DIRECTION ( 'NONE',  ( -1.000000000000000000, 0.000000000000000000, 0.000000000000000000 ) ) ;
#413 = VECTOR ( 'NONE', #780, 100.0000000000000142 ) ;
#414 = DIRECTION ( 'NONE',  ( 0.000000000000000000, 0.000000000000000000, -1.000000000000000000 ) ) ;
#415 = AXIS2_PLACEMENT_3D ( 'NONE', #1569, #891, #899 ) ;
#416 = DIRECTION ( 'NONE',  ( 0.000000000000000000, 1.000000000000000000, 0.000000000000000000 ) ) ;
#417 = EDGE_CURVE ( 'NONE', #1112, #1290, #616, .T. ) ;
#418 = DIRECTION ( 'NONE',  ( -1.000000000000000000, 0.000000000000000000, 0.000000000000000000 ) ) ;
#419 = ORIENTED_EDGE ( 'NONE', *, *, #40, .T. ) ;
#420 = VERTEX_POINT ( 'NONE', #1460 ) ;
#421 = CARTESIAN_POINT ( 'NONE',  ( 11.32666666666656496, -22.75333333333344044, -5.663333333333282482 ) ) ;
#422 = CARTESIAN_POINT ( 'NONE',  ( 35.08999999999999631, -16.96999999999999886, 12.63499999999999979 ) ) ;
#423 = CARTESIAN_POINT ( 'NONE',  ( 34.07000000000000028, -15.97000000000000064, 0.1000000000000056399 ) ) ;
#424 = CARTESIAN_POINT ( 'NONE',  ( 29.27661565774667807, -0.6000000000000005329, 4.666409919193522882 ) ) ;
#425 = ORIENTED_EDGE ( 'NONE', *, *, #750, .T. ) ;
#426 = EDGE_CURVE ( 'NONE', #1512, #436, #169, .T. ) ;
#427 = EDGE_CURVE ( 'NONE', #760, #1826, #622, .T. ) ;
#428 = EDGE_LOOP ( 'NONE', ( #1552, #432 ) ) ;
#429 = ORIENTED_EDGE ( 'NONE', *, *, #881, .F. ) ;
#430 = ORIENTED_EDGE ( 'NONE', *, *, #1316, .T. ) ;
#431 = CARTESIAN_POINT ( 'NONE',  ( 18.91333333333334821, -17.79333333333334721, -0.7033333333333281479 ) ) ;
#432 = ORIENTED_EDGE ( 'NONE', *, *, #936, .F. ) ;
#433 = LINE ( 'NONE', #1266, #599 ) ;
#434 = CARTESIAN_POINT ( 'NONE',  ( 0.000000000000000000, -17.08999999999999986, 0.000000000000000000 ) ) ;
#435 = CARTESIAN_POINT ( 'NONE',  ( 16.99000000000000199, -3.109999999999987885, 0.000000000000000000 ) ) ;
#436 = VERTEX_POINT ( 'NONE', #344 ) ;
#437 = EDGE_CURVE ( 'NONE', #878, #1705, #609, .T. ) ;
#438 = VERTEX_POINT ( 'NONE', #1739 ) ;
#439 = ORIENTED_EDGE ( 'NONE', *, *, #59, .T. ) ;
#440 = LINE ( 'NONE', #310, #1588 ) ;
#441 = ADVANCED_FACE ( 'NONE', ( #483 ), #762, .F. ) ;
#442 = DIRECTION ( 'NONE',  ( 0.7071067811865475727, 0.000000000000000000, -0.7071067811865475727 ) ) ;
#443 = AXIS2_PLACEMENT_3D ( 'NONE', #1565, #920, #1333 ) ;
#444 = ORIENTED_EDGE ( 'NONE', *, *, #672, .T. ) ;
#445 = VECTOR ( 'NONE', #1025, 100.0000000000000000 ) ;
#446 = AXIS2_PLACEMENT_3D ( 'NONE', #1236, #1666, #1228 ) ;
#447 = LINE ( 'NONE', #49, #1359 ) ;
#448 = DIRECTION ( 'NONE',  ( -1.000000000000000000, 1.394752543498940254E-15, 0.000000000000000000 ) ) ;
#449 = AXIS2_PLACEMENT_3D ( 'NONE', #422, #859, #978 ) ;
#450 = ORIENTED_EDGE ( 'NONE', *, *, #1600, .T. ) ;
#451 = VERTEX_POINT ( 'NONE', #318 ) ;
#452 = PLANE ( 'NONE',  #1713 ) ;
#453 = ADVANCED_FACE ( 'NONE', ( #1597 ), #467, .F. ) ;
#454 = FACE_OUTER_BOUND ( 'NONE', #1661, .T. ) ;
#455 = ORIENTED_EDGE ( 'NONE', *, *, #1160, .T. ) ;
#456 = DIRECTION ( 'NONE',  ( 1.394752543498940254E-15, 1.000000000000000000, 3.300130784102829184E-16 ) ) ;
#457 = CARTESIAN_POINT ( 'NONE',  ( 0.000000000000000000, -1.319999999999998952, 0.1000000000000000056 ) ) ;
#458 = VERTEX_POINT ( 'NONE', #327 ) ;
#459 = CARTESIAN_POINT ( 'NONE',  ( 17.09000000000000341, -15.99000000000000199, 0.09999999999999731326 ) ) ;
#460 = EDGE_LOOP ( 'NONE', ( #1596, #749 ) ) ;
#461 = VERTEX_POINT ( 'NONE', #1178 ) ;
#462 = ORIENTED_EDGE ( 'NONE', *, *, #1454, .T. ) ;
#463 = CARTESIAN_POINT ( 'NONE',  ( 33.96999999999999176, -15.86999999999999567, 0.000000000000000000 ) ) ;
#464 = PLANE ( 'NONE',  #1537 ) ;
#465 = EDGE_CURVE ( 'NONE', #1302, #1819, #1033, .T. ) ;
#466 = EDGE_LOOP ( 'NONE', ( #1495, #515, #94, #128 ) ) ;
#467 = CYLINDRICAL_SURFACE ( 'NONE', #415, 0.3100000000000078804 ) ;
#468 = DIRECTION ( 'NONE',  ( -0.9731308116794301633, 0.000000000000000000, -0.2302529551604785840 ) ) ;
#469 = LINE ( 'NONE', #1599, #659 ) ;
#470 = ORIENTED_EDGE ( 'NONE', *, *, #821, .F. ) ;
#471 = CARTESIAN_POINT ( 'NONE',  ( 35.08999999999999631, -3.229999999999985771, 8.302661985018726654 ) ) ;
#472 = ORIENTED_EDGE ( 'NONE', *, *, #148, .F. ) ;
#473 = ORIENTED_EDGE ( 'NONE', *, *, #1815, .T. ) ;
#474 = DIRECTION ( 'NONE',  ( -0.9731308116794296081, 0.000000000000000000, -0.2302529551604809155 ) ) ;
#475 = VECTOR ( 'NONE', #1730, 100.0000000000000142 ) ;
#476 = CARTESIAN_POINT ( 'NONE',  ( 29.57828620936730601, -0.6000000000000005329, 4.737788335293272368 ) ) ;
#477 = CIRCLE ( 'NONE', #22, 0.3100000000000077138 ) ;
#478 = ADVANCED_FACE ( 'NONE', ( #339 ), #1312, .F. ) ;
#479 = PLANE ( 'NONE',  #271 ) ;
#480 = VERTEX_POINT ( 'NONE', #61 ) ;
#481 = CARTESIAN_POINT ( 'NONE',  ( 35.08999999999999631, -19.19999999999999929, 8.302661985018726654 ) ) ;
#482 = VERTEX_POINT ( 'NONE', #1329 ) ;
#483 = FACE_OUTER_BOUND ( 'NONE', #286, .T. ) ;
#484 = DIRECTION ( 'NONE',  ( 1.877914453019546570E-16, -1.000000000000000000, 0.000000000000000000 ) ) ;
#485 = CARTESIAN_POINT ( 'NONE',  ( 29.04625403469443512, -18.60000000000000142, 5.640000000000005009 ) ) ;
#486 = CARTESIAN_POINT ( 'NONE',  ( 35.08999999999999631, -15.97000000000000064, 0.1000000000000056399 ) ) ;
#487 = EDGE_CURVE ( 'NONE', #613, #1223, #214, .T. ) ;
#488 = CARTESIAN_POINT ( 'NONE',  ( 29.57828620936730601, -0.6000000000000005329, 4.737788335293272368 ) ) ;
#489 = VERTEX_POINT ( 'NONE', #1321 ) ;
#490 = CARTESIAN_POINT ( 'NONE',  ( 16.99000000000000199, -3.209999999999987974, 0.000000000000000000 ) ) ;
#491 = DIRECTION ( 'NONE',  ( -0.2302529551604794167, 0.000000000000000000, 0.9731308116794300522 ) ) ;
#492 = ORIENTED_EDGE ( 'NONE', *, *, #1160, .F. ) ;
#493 = CARTESIAN_POINT ( 'NONE',  ( 0.000000000000000000, 0.000000000000000000, 0.000000000000000000 ) ) ;
#494 = LINE ( 'NONE', #1283, #1472 ) ;
#495 = EDGE_CURVE ( 'NONE', #1017, #482, #447, .T. ) ;
#496 = EDGE_CURVE ( 'NONE', #760, #1426, #1749, .T. ) ;
#497 = DIRECTION ( 'NONE',  ( 0.000000000000000000, 1.000000000000000000, 0.000000000000000000 ) ) ;
#498 = ORIENTED_EDGE ( 'NONE', *, *, #417, .F. ) ;
#499 = EDGE_LOOP ( 'NONE', ( #1007, #1465, #1027, #667 ) ) ;
#500 = CARTESIAN_POINT ( 'NONE',  ( 10.80666666666654940, -8.513333333333424235, 5.403333333333287136 ) ) ;
#501 = CARTESIAN_POINT ( 'NONE',  ( 35.08999999999999631, -3.229999999999985771, 0.1000000000000056399 ) ) ;
#502 = VECTOR ( 'NONE', #1249, 100.0000000000000142 ) ;
#503 = DIRECTION ( 'NONE',  ( -0.2302529551604794167, 0.000000000000000000, 0.9731308116794300522 ) ) ;
#504 = CARTESIAN_POINT ( 'NONE',  ( 34.07000000000000028, -15.86999999999999567, 0.000000000000000000 ) ) ;
#505 = AXIS2_PLACEMENT_3D ( 'NONE', #476, #491, #1723 ) ;
#506 = VECTOR ( 'NONE', #180, 100.0000000000000000 ) ;
#507 = EDGE_CURVE ( 'NONE', #258, #1514, #732, .T. ) ;
#508 = CARTESIAN_POINT ( 'NONE',  ( 18.10999999999999943, -2.209999999999989750, 0.09999999999999734102 ) ) ;
#509 = PLANE ( 'NONE',  #1590 ) ;
#510 = FACE_OUTER_BOUND ( 'NONE', #855, .T. ) ;
#511 = CARTESIAN_POINT ( 'NONE',  ( 27.35813891955956123, 0.02000000000002173997, 6.260000000000029985 ) ) ;
#512 = ORIENTED_EDGE ( 'NONE', *, *, #761, .F. ) ;
#513 =( BOUNDED_CURVE ( )  B_SPLINE_CURVE ( 3, ( #1780, #642, #1755, #1644 ),
 .UNSPECIFIED., .F., .T. ) 
 B_SPLINE_CURVE_WITH_KNOTS ( ( 4, 4 ),
 ( 4.938697601239184998, 8.080290254828975449 ),
 .UNSPECIFIED. ) 
 CURVE ( )  GEOMETRIC_REPRESENTATION_ITEM ( )  RATIONAL_B_SPLINE_CURVE ( ( 1.000000000000000000, 0.3333333333333342585, 0.3333333333333342585, 1.000000000000000000 ) ) 
 REPRESENTATION_ITEM ( '' )  );
#514 = CARTESIAN_POINT ( 'NONE',  ( 30.50566987749120429, -18.60000000000000497, -5.696238971870767998 ) ) ;
#515 = ORIENTED_EDGE ( 'NONE', *, *, #804, .T. ) ;
#516 = ORIENTED_EDGE ( 'NONE', *, *, #1815, .F. ) ;
#517 = LINE ( 'NONE', #508, #1837 ) ;
#518 = EDGE_CURVE ( 'NONE', #1141, #164, #1575, .T. ) ;
#519 = DIRECTION ( 'NONE',  ( -1.394752543498940254E-15, 1.000000000000000000, -3.300130784102829184E-16 ) ) ;
#520 = FACE_OUTER_BOUND ( 'NONE', #1379, .T. ) ;
#521 = LINE ( 'NONE', #1667, #1506 ) ;
#522 = ORIENTED_EDGE ( 'NONE', *, *, #111, .F. ) ;
#523 = CARTESIAN_POINT ( 'NONE',  ( 29.83007140338214569, -1.220000000000003970, 5.019999999999991580 ) ) ;
#524 = ORIENTED_EDGE ( 'NONE', *, *, #496, .F. ) ;
#525 = DIRECTION ( 'NONE',  ( 1.877914453019546570E-16, -1.000000000000000000, 0.000000000000000000 ) ) ;
#526 = DIRECTION ( 'NONE',  ( -0.7071067811865475727, -0.000000000000000000, -0.7071067811865475727 ) ) ;
#527 = PRODUCT_DEFINITION ( 'UNKNOWN', '', #1323, #982 ) ;
#528 = DIRECTION ( 'NONE',  ( -0.2302529551604794167, 0.000000000000000000, 0.9731308116794300522 ) ) ;
#529 = FACE_BOUND ( 'NONE', #719, .T. ) ;
#530 = ORIENTED_EDGE ( 'NONE', *, *, #363, .T. ) ;
#531 = ADVANCED_FACE ( 'NONE', ( #1516 ), #678, .F. ) ;
#532 = AXIS2_PLACEMENT_3D ( 'NONE', #514, #1492, #215 ) ;
#533 = VERTEX_POINT ( 'NONE', #1352 ) ;
#534 = VECTOR ( 'NONE', #1433, 100.0000000000000142 ) ;
#535 = VECTOR ( 'NONE', #1795, 100.0000000000000000 ) ;
#536 = CARTESIAN_POINT ( 'NONE',  ( 27.50483742143222798, -0.5999999999999949818, 5.640000000000007674 ) ) ;
#537 = AXIS2_PLACEMENT_3D ( 'NONE', #42, #208, #474 ) ;
#538 =( BOUNDED_CURVE ( )  B_SPLINE_CURVE ( 3, ( #1133, #1694, #715, #1275 ),
 .UNSPECIFIED., .F., .T. ) 
 B_SPLINE_CURVE_WITH_KNOTS ( ( 4, 4 ),
 ( 4.938697601239185886, 8.080290254828979002 ),
 .UNSPECIFIED. ) 
 CURVE ( )  GEOMETRIC_REPRESENTATION_ITEM ( )  RATIONAL_B_SPLINE_CURVE ( ( 1.000000000000000000, 0.3333333333333333703, 0.3333333333333333703, 1.000000000000000000 ) ) 
 REPRESENTATION_ITEM ( '' )  );
#539 = ORIENTED_EDGE ( 'NONE', *, *, #97, .T. ) ;
#540 = LINE ( 'NONE', #1392, #921 ) ;
#541 = CARTESIAN_POINT ( 'NONE',  ( 16.11000000000000654, -17.98000000000000043, 0.3747477419454560144 ) ) ;
#542 = FACE_OUTER_BOUND ( 'NONE', #1212, .T. ) ;
#543 = CARTESIAN_POINT ( 'NONE',  ( 27.99525778637461215, 0.02000000000002190997, 6.260000000000029985 ) ) ;
#544 = EDGE_LOOP ( 'NONE', ( #865, #1450, #1372, #1782 ) ) ;
#545 = EDGE_CURVE ( 'NONE', #438, #1037, #517, .T. ) ;
#546 = LINE ( 'NONE', #431, #1799 ) ;
#547 = ORIENTED_EDGE ( 'NONE', *, *, #330, .F. ) ;
#548 = DIRECTION ( 'NONE',  ( 0.000000000000000000, 0.7071067811865475727, -0.7071067811865475727 ) ) ;
#549 = DIRECTION ( 'NONE',  ( 0.000000000000000000, 1.000000000000000000, 0.000000000000000000 ) ) ;
#550 = DIRECTION ( 'NONE',  ( 1.000000000000000000, 0.000000000000000000, 0.000000000000000000 ) ) ;
#551 = DIRECTION ( 'NONE',  ( 1.000000000000000000, 0.000000000000000000, 0.000000000000000000 ) ) ;
#552 = ORIENTED_EDGE ( 'NONE', *, *, #1513, .F. ) ;
#553 = ORIENTED_EDGE ( 'NONE', *, *, #47, .F. ) ;
#554 = ADVANCED_FACE ( 'NONE', ( #797 ), #1234, .F. ) ;
#555 = VERTEX_POINT ( 'NONE', #242 ) ;
#556 = VERTEX_POINT ( 'NONE', #1076 ) ;
#557 = DIRECTION ( 'NONE',  ( 0.000000000000000000, -1.000000000000000000, 0.000000000000000000 ) ) ;
#558 = ORIENTED_EDGE ( 'NONE', *, *, #207, .T. ) ;
#559 = ADVANCED_FACE ( 'NONE', ( #1764 ), #1216, .T. ) ;
#560 = PLANE ( 'NONE',  #449 ) ;
#561 = PLANE ( 'NONE',  #302 ) ;
#562 = LINE ( 'NONE', #315, #917 ) ;
#563 = EDGE_LOOP ( 'NONE', ( #473, #52, #1308, #1199 ) ) ;
#564 = EDGE_LOOP ( 'NONE', ( #1342, #1, #1797, #591 ) ) ;
#565 = ORIENTED_EDGE ( 'NONE', *, *, #426, .F. ) ;
#566 = DIRECTION ( 'NONE',  ( 0.000000000000000000, 0.7071067811865376918, -0.7071067811865573427 ) ) ;
#567 = VECTOR ( 'NONE', #671, 100.0000000000000000 ) ;
#568 = DIRECTION ( 'NONE',  ( 0.000000000000000000, -1.000000000000000000, 0.000000000000000000 ) ) ;
#569 = VECTOR ( 'NONE', #1748, 100.0000000000000000 ) ;
#570 = EDGE_CURVE ( 'NONE', #201, #1675, #814, .T. ) ;
#571 = AXIS2_PLACEMENT_3D ( 'NONE', #350, #952, #99 ) ;
#572 = CARTESIAN_POINT ( 'NONE',  ( 30.20399932587057279, -18.60000000000000497, -5.767617387970518372 ) ) ;
#573 = LINE ( 'NONE', #1402, #946 ) ;
#574 = ORIENTED_EDGE ( 'NONE', *, *, #1171, .F. ) ;
#575 = CARTESIAN_POINT ( 'NONE',  ( 34.07000000000000028, -1.319999999999998952, 0.1000000000000000472 ) ) ;
#576 = CARTESIAN_POINT ( 'NONE',  ( 0.000000000000000000, -2.329999999999992966, 0.000000000000000000 ) ) ;
#577 = EDGE_CURVE ( 'NONE', #221, #183, #1637, .T. ) ;
#578 = DIRECTION ( 'NONE',  ( 0.000000000000000000, 0.7071067811865475727, -0.7071067811865475727 ) ) ;
#579 = DIRECTION ( 'NONE',  ( 0.9731308116794299412, 0.000000000000000000, 0.2302529551604793612 ) ) ;
#580 = ORIENTED_EDGE ( 'NONE', *, *, #1611, .F. ) ;
#581 = ADVANCED_FACE ( 'NONE', ( #378 ), #940, .T. ) ;
#582 = ORIENTED_EDGE ( 'NONE', *, *, #1349, .F. ) ;
#583 = VERTEX_POINT ( 'NONE', #807 ) ;
#584 = ORIENTED_EDGE ( 'NONE', *, *, #1113, .T. ) ;
#585 = CARTESIAN_POINT ( 'NONE',  ( 35.08999999999999631, -2.229999999999987548, 12.63499999999999979 ) ) ;
#586 = ORIENTED_EDGE ( 'NONE', *, *, #844, .F. ) ;
#587 = CARTESIAN_POINT ( 'NONE',  ( 34.07000000000000028, -17.98000000000000043, 5.020000000000000462 ) ) ;
#588 = DIRECTION ( 'NONE',  ( -0.2302529551604794444, 0.000000000000000000, 0.9731308116794299412 ) ) ;
#589 = LINE ( 'NONE', #7, #1100 ) ;
#590 = EDGE_CURVE ( 'NONE', #1434, #58, #231, .T. ) ;
#591 = ORIENTED_EDGE ( 'NONE', *, *, #230, .T. ) ;
#592 = DIRECTION ( 'NONE',  ( -0.2302529551604794444, 0.000000000000000000, 0.9731308116794299412 ) ) ;
#593 = ORIENTED_EDGE ( 'NONE', *, *, #1406, .T. ) ;
#594 = DIRECTION ( 'NONE',  ( 1.877914453019546570E-16, -1.000000000000000000, 0.000000000000000000 ) ) ;
#595 = VECTOR ( 'NONE', #1641, 100.0000000000000000 ) ;
#596 = VECTOR ( 'NONE', #1185, 100.0000000000000000 ) ;
#597 = DIRECTION ( 'NONE',  ( 0.000000000000000000, 0.000000000000000000, -1.000000000000000000 ) ) ;
#598 = DIRECTION ( 'NONE',  ( 0.7071067811865475727, 0.000000000000000000, 0.7071067811865475727 ) ) ;
#599 = VECTOR ( 'NONE', #1830, 100.0000000000000000 ) ;
#600 = FACE_OUTER_BOUND ( 'NONE', #1262, .T. ) ;
#601 = EDGE_LOOP ( 'NONE', ( #1012, #683, #547, #407 ) ) ;
#602 = ORIENTED_EDGE ( 'NONE', *, *, #172, .T. ) ;
#603 = EDGE_CURVE ( 'NONE', #436, #1409, #391, .T. ) ;
#604 = CARTESIAN_POINT ( 'NONE',  ( 26.37245745943810959, 0.000000000000000000, 6.240000000000009095 ) ) ;
#605 = ORIENTED_EDGE ( 'NONE', *, *, #1432, .T. ) ;
#606 = LINE ( 'NONE', #1176, #475 ) ;
#607 = VERTEX_POINT ( 'NONE', #90 ) ;
#608 = ORIENTED_EDGE ( 'NONE', *, *, #791, .T. ) ;
#609 = LINE ( 'NONE', #1734, #596 ) ;
#610 = PLANE ( 'NONE',  #1190 ) ;
#611 = CARTESIAN_POINT ( 'NONE',  ( 30.80734042911183579, -0.5999999999999949818, -5.624860555771017623 ) ) ;
#612 = ORIENTED_EDGE ( 'NONE', *, *, #1770, .F. ) ;
#613 = VERTEX_POINT ( 'NONE', #1365 ) ;
#614 = FACE_OUTER_BOUND ( 'NONE', #176, .T. ) ;
#615 = EDGE_CURVE ( 'NONE', #1527, #1779, #368, .T. ) ;
#616 = LINE ( 'NONE', #1024, #1415 ) ;
#617 = LINE ( 'NONE', #1168, #1414 ) ;
#618 = CARTESIAN_POINT ( 'NONE',  ( 25.96342080817002795, -18.60000000000000497, 5.640000000000011227 ) ) ;
#619 = ORIENTED_EDGE ( 'NONE', *, *, #761, .T. ) ;
#620 = CARTESIAN_POINT ( 'NONE',  ( 34.08000000000000540, -16.97999999999999687, 1.110000000000001430 ) ) ;
#621 = ORIENTED_EDGE ( 'NONE', *, *, #577, .T. ) ;
#622 = LINE ( 'NONE', #1200, #918 ) ;
#623 = VECTOR ( 'NONE', #145, 100.0000000000000142 ) ;
#624 = ADVANCED_FACE ( 'NONE', ( #1628 ), #670, .T. ) ;
#625 = CARTESIAN_POINT ( 'NONE',  ( 28.89955553282177902, -19.22000000000000242, 6.260000000000016662 ) ) ;
#626 = VECTOR ( 'NONE', #908, 100.0000000000000000 ) ;
#627 = AXIS2_PLACEMENT_3D ( 'NONE', #628, #1053, #1608 ) ;
#628 = CARTESIAN_POINT ( 'NONE',  ( 0.000000000000000000, -1.219999999999998863, 5.019999999999997797 ) ) ;
#629 = AXIS2_PLACEMENT_3D ( 'NONE', #1573, #442, #1448 ) ;
#630 = ORIENTED_EDGE ( 'NONE', *, *, #960, .F. ) ;
#631 = VERTEX_POINT ( 'NONE', #107 ) ;
#632 = SURFACE_STYLE_FILL_AREA ( #1635 ) ;
#633 = ORIENTED_EDGE ( 'NONE', *, *, #1089, .T. ) ;
#634 = ORIENTED_EDGE ( 'NONE', *, *, #172, .F. ) ;
#635 = DIRECTION ( 'NONE',  ( 0.2302529551604794444, 0.000000000000000000, -0.9731308116794300522 ) ) ;
#636 = CARTESIAN_POINT ( 'NONE',  ( 0.000000000000000000, 0.000000000000000000, 0.000000000000000000 ) ) ;
#637 = FACE_OUTER_BOUND ( 'NONE', #68, .T. ) ;
#638 = EDGE_CURVE ( 'NONE', #183, #1512, #1756, .T. ) ;
#639 = LINE ( 'NONE', #1202, #1009 ) ;
#640 = PLANE ( 'NONE',  #854 ) ;
#641 = EDGE_CURVE ( 'NONE', #1426, #143, #1058, .T. ) ;
#642 = CARTESIAN_POINT ( 'NONE',  ( 25.81672230629736120, 0.02000000000001974157, 6.260000000000028209 ) ) ;
#643 = ORIENTED_EDGE ( 'NONE', *, *, #1463, .F. ) ;
#644 = DIRECTION ( 'NONE',  ( 0.000000000000000000, 1.000000000000000000, 0.000000000000000000 ) ) ;
#645 = CARTESIAN_POINT ( 'NONE',  ( 26.45400782459658728, -18.60000000000000497, 6.259295671606332157 ) ) ;
#646 = CARTESIAN_POINT ( 'NONE',  ( 34.07000000000000028, -15.97000000000000064, 0.1000000000000056399 ) ) ;
#647 = DIRECTION ( 'NONE',  ( 1.000000000000000000, 0.000000000000000000, 0.000000000000000000 ) ) ;
#648 = ADVANCED_FACE ( 'NONE', ( #1478 ), #216, .T. ) ;
#649 = FACE_OUTER_BOUND ( 'NONE', #1645, .T. ) ;
#650 = ORIENTED_EDGE ( 'NONE', *, *, #1113, .F. ) ;
#651 = VERTEX_POINT ( 'NONE', #1205 ) ;
#652 = DIRECTION ( 'NONE',  ( 0.000000000000000000, 1.000000000000000000, 0.000000000000000000 ) ) ;
#653 = LINE ( 'NONE', #1218, #1444 ) ;
#654 = AXIS2_PLACEMENT_3D ( 'NONE', #316, #190, #647 ) ;
#655 = FACE_BOUND ( 'NONE', #1820, .T. ) ;
#656 = CARTESIAN_POINT ( 'NONE',  ( 27.50483742143222798, -0.5999999999999949818, 5.640000000000007674 ) ) ;
#657 = EDGE_LOOP ( 'NONE', ( #1579, #721, #1727, #293, #1737 ) ) ;
#658 = AXIS2_PLACEMENT_3D ( 'NONE', #1071, #1525, #93 ) ;
#659 = VECTOR ( 'NONE', #1180, 100.0000000000000000 ) ;
#660 = CIRCLE ( 'NONE', #690, 0.3100000000000077138 ) ;
#661 = EDGE_CURVE ( 'NONE', #734, #613, #224, .T. ) ;
#662 = PLANE ( 'NONE',  #1046 ) ;
#663 = ORIENTED_EDGE ( 'NONE', *, *, #311, .F. ) ;
#664 = CARTESIAN_POINT ( 'NONE',  ( 29.87995676098793041, -0.6000000000000005329, 4.809166751393020967 ) ) ;
#665 = PLANE ( 'NONE',  #446 ) ;
#666 = CARTESIAN_POINT ( 'NONE',  ( 34.07000000000000028, -1.219999999999998863, 5.019999999999997797 ) ) ;
#667 = ORIENTED_EDGE ( 'NONE', *, *, #518, .F. ) ;
#668 = ADVANCED_FACE ( 'NONE', ( #1108 ), #560, .T. ) ;
#669 = VERTEX_POINT ( 'NONE', #1540 ) ;
#670 = PLANE ( 'NONE',  #1248 ) ;
#671 = DIRECTION ( 'NONE',  ( 1.394752543498940254E-15, -1.000000000000000000, 0.000000000000000000 ) ) ;
#672 = EDGE_CURVE ( 'NONE', #1223, #613, #1689, .T. ) ;
#673 = EDGE_LOOP ( 'NONE', ( #580, #1501, #584, #98 ) ) ;
#674 = CARTESIAN_POINT ( 'NONE',  ( 30.50566987749120429, -18.60000000000000497, -5.696238971870767998 ) ) ;
#675 = PLANE ( 'NONE',  #1097 ) ;
#676 = ORIENTED_EDGE ( 'NONE', *, *, #32, .T. ) ;
#677 = DIRECTION ( 'NONE',  ( -0.2302529551604794444, 0.000000000000000000, 0.9731308116794300522 ) ) ;
#678 = PLANE ( 'NONE',  #716 ) ;
#679 = CARTESIAN_POINT ( 'NONE',  ( 17.09000000000000341, -16.98999999999999844, 0.09999999999999734102 ) ) ;
#680 = EDGE_CURVE ( 'NONE', #10, #1715, #130, .T. ) ;
#681 = CARTESIAN_POINT ( 'NONE',  ( 0.000000000000000000, -1.319999999999998952, 0.000000000000000000 ) ) ;
#682 = CARTESIAN_POINT ( 'NONE',  ( 0.000000000000000000, -3.229999999999985771, 0.000000000000000000 ) ) ;
#683 = ORIENTED_EDGE ( 'NONE', *, *, #427, .T. ) ;
#684 = VECTOR ( 'NONE', #856, 100.0000000000000000 ) ;
#685 = ORIENTED_EDGE ( 'NONE', *, *, #133, .T. ) ;
#686 = VECTOR ( 'NONE', #1346, 100.0000000000000000 ) ;
#687 = VECTOR ( 'NONE', #456, 100.0000000000000000 ) ;
#688 = DIRECTION ( 'NONE',  ( -1.000000000000000000, 0.000000000000000000, 0.000000000000000000 ) ) ;
#689 = ORIENTED_EDGE ( 'NONE', *, *, #1463, .T. ) ;
#690 = AXIS2_PLACEMENT_3D ( 'NONE', #261, #841, #1400 ) ;
#691 = CARTESIAN_POINT ( 'NONE',  ( 26.15233727297595578, -0.5999999999999949818, 6.187917255506579117 ) ) ;
#692 =( NAMED_UNIT ( * ) PLANE_ANGLE_UNIT ( ) SI_UNIT ( $, .RADIAN. ) );
#693 = CARTESIAN_POINT ( 'NONE',  ( 36.07000000000000028, -16.96999999999999886, 12.63499999999999979 ) ) ;
#694 = CARTESIAN_POINT ( 'NONE',  ( 16.11000000000000654, -17.98000000000000043, 3.811794943820226322 ) ) ;
#695 = ORIENTED_EDGE ( 'NONE', *, *, #1531, .T. ) ;
#696 = EDGE_CURVE ( 'NONE', #31, #1141, #1122, .T. ) ;
#697 = EDGE_CURVE ( 'NONE', #1679, #1223, #1664, .T. ) ;
#698 = EDGE_LOOP ( 'NONE', ( #1139, #1583, #1001, #309 ) ) ;
#699 = ORIENTED_EDGE ( 'NONE', *, *, #1481, .T. ) ;
#700 = CARTESIAN_POINT ( 'NONE',  ( 35.08999999999999631, -3.229999999999985771, 12.63499999999999979 ) ) ;
#701 = FACE_OUTER_BOUND ( 'NONE', #967, .T. ) ;
#702 = DIRECTION ( 'NONE',  ( 1.000000000000000000, 0.000000000000000000, 0.000000000000000000 ) ) ;
#703 = CARTESIAN_POINT ( 'NONE',  ( 29.68337290150947894, -0.6000000000000005329, 5.640000000000002345 ) ) ;
#704 = EDGE_CURVE ( 'NONE', #1675, #438, #1702, .T. ) ;
#705 = ORIENTED_EDGE ( 'NONE', *, *, #1396, .F. ) ;
#706 = EDGE_CURVE ( 'NONE', #297, #556, #660, .T. ) ;
#707 = CARTESIAN_POINT ( 'NONE',  ( 16.11000000000000654, -17.88000000000000256, 0.1000000000000000056 ) ) ;
#708 = FACE_OUTER_BOUND ( 'NONE', #1170, .T. ) ;
#709 = FACE_OUTER_BOUND ( 'NONE', #1128, .T. ) ;
#710 = LINE ( 'NONE', #1116, #26 ) ;
#711 = LINE ( 'NONE', #1557, #1769 ) ;
#712 = VECTOR ( 'NONE', #922, 100.0000000000000000 ) ;
#713 = CARTESIAN_POINT ( 'NONE',  ( 34.07000000000000028, 1.665334536937734811E-14, 8.061319288389512394 ) ) ;
#714 = EDGE_CURVE ( 'NONE', #1784, #1344, #306, .T. ) ;
#715 = CARTESIAN_POINT ( 'NONE',  ( 27.99525778637461926, -19.22000000000002018, 6.260000000000031761 ) ) ;
#716 = AXIS2_PLACEMENT_3D ( 'NONE', #1646, #1496, #1095 ) ;
#717 = DIRECTION ( 'NONE',  ( 0.000000000000000000, 1.000000000000000000, 0.000000000000000000 ) ) ;
#718 = DIRECTION ( 'NONE',  ( 0.000000000000000000, -1.000000000000000000, 0.000000000000000000 ) ) ;
#719 = EDGE_LOOP ( 'NONE', ( #976, #1438 ) ) ;
#720 = VERTEX_POINT ( 'NONE', #831 ) ;
#721 = ORIENTED_EDGE ( 'NONE', *, *, #1808, .T. ) ;
#722 = DIRECTION ( 'NONE',  ( 0.7071067811865376918, 0.000000000000000000, -0.7071067811865573427 ) ) ;
#723 = LINE ( 'NONE', #1335, #825 ) ;
#724 = ADVANCED_FACE ( 'NONE', ( #709 ), #139, .T. ) ;
#725 = CARTESIAN_POINT ( 'NONE',  ( 35.08999999999999631, -15.97000000000000064, 0.1000000000000056399 ) ) ;
#726 = EDGE_CURVE ( 'NONE', #164, #1005, #540, .T. ) ;
#727 = DIRECTION ( 'NONE',  ( -0.7071067811865577868, 0.000000000000000000, 0.7071067811865374697 ) ) ;
#728 = ORIENTED_EDGE ( 'NONE', *, *, #1121, .F. ) ;
#729 = DIRECTION ( 'NONE',  ( 1.394752543498940254E-15, 1.000000000000000000, 0.000000000000000000 ) ) ;
#730 = ORIENTED_EDGE ( 'NONE', *, *, #1204, .T. ) ;
#731 = DIRECTION ( 'NONE',  ( 0.000000000000000000, 0.000000000000000000, -1.000000000000000000 ) ) ;
#732 = LINE ( 'NONE', #20, #1416 ) ;
#733 = LINE ( 'NONE', #1813, #1532 ) ;
#734 = VERTEX_POINT ( 'NONE', #4 ) ;
#735 = ADVANCED_FACE ( 'NONE', ( #701 ), #149, .F. ) ;
#736 = CARTESIAN_POINT ( 'NONE',  ( 0.000000000000000000, -3.209999999999987974, 0.000000000000000000 ) ) ;
#737 = VERTEX_POINT ( 'NONE', #1115 ) ;
#738 = ORIENTED_EDGE ( 'NONE', *, *, #108, .T. ) ;
#739 = DIRECTION ( 'NONE',  ( 0.000000000000000000, 0.000000000000000000, -1.000000000000000000 ) ) ;
#740 = LINE ( 'NONE', #1304, #56 ) ;
#741 = VECTOR ( 'NONE', #1617, 100.0000000000000000 ) ;
#742 = ORIENTED_EDGE ( 'NONE', *, *, #758, .F. ) ;
#743 = VECTOR ( 'NONE', #1632, 100.0000000000000142 ) ;
#744 = CARTESIAN_POINT ( 'NONE',  ( 30.50566987749120429, -0.5999999999999949818, -5.696238971870767998 ) ) ;
#745 = DIRECTION ( 'NONE',  ( 0.2302529551604794444, 0.000000000000000000, -0.9731308116794300522 ) ) ;
#746 = AXIS2_PLACEMENT_3D ( 'NONE', #1226, #1373, #525 ) ;
#747 = LINE ( 'NONE', #736, #975 ) ;
#748 = EDGE_CURVE ( 'NONE', #1826, #1302, #433, .T. ) ;
#749 = ORIENTED_EDGE ( 'NONE', *, *, #714, .F. ) ;
#750 = EDGE_CURVE ( 'NONE', #458, #1459, #538, .T. ) ;
#751 = ORIENTED_EDGE ( 'NONE', *, *, #1103, .T. ) ;
#752 = CARTESIAN_POINT ( 'NONE',  ( 16.11000000000000654, -17.98000000000000043, 12.63499999999999979 ) ) ;
#753 = ORIENTED_EDGE ( 'NONE', *, *, #1625, .T. ) ;
#754 = DIRECTION ( 'NONE',  ( -0.2302529551604794722, 0.000000000000000000, 0.9731308116794300522 ) ) ;
#755 = CARTESIAN_POINT ( 'NONE',  ( 17.09000000000000341, -3.209999999999987974, 0.09999999999999731326 ) ) ;
#756 = CARTESIAN_POINT ( 'NONE',  ( 0.000000000000000000, -2.209999999999989750, 0.000000000000000000 ) ) ;
#757 = ORIENTED_EDGE ( 'NONE', *, *, #311, .T. ) ;
#758 = EDGE_CURVE ( 'NONE', #1177, #201, #998, .T. ) ;
#759 = DIRECTION ( 'NONE',  ( 0.000000000000000000, 0.000000000000000000, -1.000000000000000000 ) ) ;
#760 = VERTEX_POINT ( 'NONE', #1555 ) ;
#761 = EDGE_CURVE ( 'NONE', #183, #438, #1800, .T. ) ;
#762 = CYLINDRICAL_SURFACE ( 'NONE', #1102, 0.3100000000000078804 ) ;
#763 = LINE ( 'NONE', #1480, #741 ) ;
#764 = FACE_OUTER_BOUND ( 'NONE', #792, .T. ) ;
#765 = VERTEX_POINT ( 'NONE', #820 ) ;
#766 = ORIENTED_EDGE ( 'NONE', *, *, #1638, .F. ) ;
#767 = ADVANCED_FACE ( 'NONE', ( #1240 ), #1381, .T. ) ;
#768 = CARTESIAN_POINT ( 'NONE',  ( 16.11000000000000298, -3.209999999999987974, 3.811794943820226322 ) ) ;
#769 =( GEOMETRIC_REPRESENTATION_CONTEXT ( 3 ) GLOBAL_UNCERTAINTY_ASSIGNED_CONTEXT ( ( #1404 ) ) GLOBAL_UNIT_ASSIGNED_CONTEXT ( ( #96, #387, #950 ) ) REPRESENTATION_CONTEXT ( 'NONE', 'WORKASPACE' ) );
#770 = DIRECTION ( 'NONE',  ( 0.000000000000000000, 0.000000000000000000, -1.000000000000000000 ) ) ;
#771 = ADVANCED_FACE ( 'NONE', ( #614 ), #1710, .T. ) ;
#772 = VECTOR ( 'NONE', #1244, 100.0000000000000142 ) ;
#773 = DIRECTION ( 'NONE',  ( 0.000000000000000000, 0.000000000000000000, -1.000000000000000000 ) ) ;
#774 = LINE ( 'NONE', #1445, #1622 ) ;
#775 = VECTOR ( 'NONE', #870, 100.0000000000000000 ) ;
#776 = LINE ( 'NONE', #1623, #1768 ) ;
#777 = VERTEX_POINT ( 'NONE', #1720 ) ;
#778 = EDGE_CURVE ( 'NONE', #276, #287, #199, .T. ) ;
#779 = CARTESIAN_POINT ( 'NONE',  ( 34.07000000000000028, -19.20000000000000284, 12.63499999999999979 ) ) ;
#780 = DIRECTION ( 'NONE',  ( 0.9731308116794299412, 0.000000000000000000, 0.2302529551604793612 ) ) ;
#781 = EDGE_CURVE ( 'NONE', #58, #60, #1284, .T. ) ;
#782 = DIRECTION ( 'NONE',  ( 0.000000000000000000, -0.7071067811865436870, 0.7071067811865513475 ) ) ;
#783 = CARTESIAN_POINT ( 'NONE',  ( 0.000000000000000000, -16.98999999999999844, 0.000000000000000000 ) ) ;
#784 = EDGE_LOOP ( 'NONE', ( #1733, #1403, #29, #1390 ) ) ;
#785 = LINE ( 'NONE', #1343, #300 ) ;
#786 = EDGE_LOOP ( 'NONE', ( #619, #889, #429, #75 ) ) ;
#787 = DIRECTION ( 'NONE',  ( 0.000000000000000000, 0.000000000000000000, -1.000000000000000000 ) ) ;
#788 = CARTESIAN_POINT ( 'NONE',  ( 35.19000000000000483, -19.19999999999999929, 0.000000000000000000 ) ) ;
#789 = CYLINDRICAL_SURFACE ( 'NONE', #213, 0.3100000000000019962 ) ;
#790 = CARTESIAN_POINT ( 'NONE',  ( 0.000000000000000000, -19.19999999999999929, 0.000000000000000000 ) ) ;
#791 = EDGE_CURVE ( 'NONE', #1779, #129, #1387, .T. ) ;
#792 = EDGE_LOOP ( 'NONE', ( #522, #806, #48, #1369 ) ) ;
#793 = ORIENTED_EDGE ( 'NONE', *, *, #1225, .F. ) ;
#794 = CARTESIAN_POINT ( 'NONE',  ( 29.19295253656709122, -1.220000000000003970, 5.019999999999991580 ) ) ;
#795 = ORIENTED_EDGE ( 'NONE', *, *, #1360, .T. ) ;
#796 = ORIENTED_EDGE ( 'NONE', *, *, #832, .F. ) ;
#797 = FACE_OUTER_BOUND ( 'NONE', #337, .T. ) ;
#798 = CARTESIAN_POINT ( 'NONE',  ( 29.04625403469443512, -0.6000000000000005329, 5.640000000000002345 ) ) ;
#799 = FACE_OUTER_BOUND ( 'NONE', #544, .T. ) ;
#800 = FACE_OUTER_BOUND ( 'NONE', #156, .T. ) ;
#801 = VECTOR ( 'NONE', #392, 100.0000000000000000 ) ;
#802 = VERTEX_POINT ( 'NONE', #1039 ) ;
#803 = VECTOR ( 'NONE', #1006, 100.0000000000000000 ) ;
#804 = EDGE_CURVE ( 'NONE', #1037, #287, #1568, .T. ) ;
#805 = FILL_AREA_STYLE_COLOUR ( '', #1559 ) ;
#806 = ORIENTED_EDGE ( 'NONE', *, *, #40, .F. ) ;
#807 = CARTESIAN_POINT ( 'NONE',  ( 27.31036293887447286, -18.60000000000000497, 6.461918272147548770 ) ) ;
#808 = CARTESIAN_POINT ( 'NONE',  ( 36.07000000000000028, -16.96999999999999886, 12.63499999999999979 ) ) ;
#809 = FACE_BOUND ( 'NONE', #1256, .T. ) ;
#810 = CARTESIAN_POINT ( 'NONE',  ( 26.45384117311241923, -19.22000000000002728, 6.260000000000033538 ) ) ;
#811 = ORIENTED_EDGE ( 'NONE', *, *, #1341, .F. ) ;
#812 = CARTESIAN_POINT ( 'NONE',  ( 27.65153592330489118, -1.220000000000011076, 5.019999999999985363 ) ) ;
#813 = ADVANCED_FACE ( 'NONE', ( #454 ), #464, .T. ) ;
#814 = LINE ( 'NONE', #924, #1272 ) ;
#815 = CARTESIAN_POINT ( 'NONE',  ( 29.19295253656709477, -17.97999999999999687, 5.019999999999996021 ) ) ;
#816 = CARTESIAN_POINT ( 'NONE',  ( 35.08999999999999631, -15.97000000000000064, 12.63499999999999979 ) ) ;
#817 = CARTESIAN_POINT ( 'NONE',  ( 34.07000000000000028, -3.229999999999985771, 0.1000000000000056399 ) ) ;
#818 = EDGE_LOOP ( 'NONE', ( #1690, #965, #375, #1287 ) ) ;
#819 = CARTESIAN_POINT ( 'NONE',  ( 0.000000000000000000, -16.08999999999999986, 0.000000000000000000 ) ) ;
#820 = CARTESIAN_POINT ( 'NONE',  ( 16.11000000000000654, -15.99000000000000199, 0.09999999999999731326 ) ) ;
#821 = EDGE_CURVE ( 'NONE', #1302, #10, #1428, .T. ) ;
#822 = CARTESIAN_POINT ( 'NONE',  ( 17.09000000000000341, -16.98999999999999844, 12.63499999999999979 ) ) ;
#823 = EDGE_CURVE ( 'NONE', #489, #651, #317, .T. ) ;
#824 = FACE_OUTER_BOUND ( 'NONE', #1578, .T. ) ;
#825 = VECTOR ( 'NONE', #67, 100.0000000000000142 ) ;
#826 = VECTOR ( 'NONE', #1491, 100.0000000000000000 ) ;
#827 = VECTOR ( 'NONE', #1314, 100.0000000000000142 ) ;
#828 = CARTESIAN_POINT ( 'NONE',  ( 29.07172970801424938, -18.60000000000000142, 6.878676120988018283 ) ) ;
#829 = EDGE_LOOP ( 'NONE', ( #1159, #1107, #849, #114 ) ) ;
#830 = AXIS2_PLACEMENT_3D ( 'NONE', #1010, #191, #1182 ) ;
#831 = CARTESIAN_POINT ( 'NONE',  ( 29.37340025963487378, -18.60000000000000142, 6.950054537087768658 ) ) ;
#832 = EDGE_CURVE ( 'NONE', #583, #906, #860, .T. ) ;
#833 = PLANE ( 'NONE',  #356 ) ;
#834 = UNCERTAINTY_MEASURE_WITH_UNIT (LENGTH_MEASURE( 1.000000000000000082E-05 ), #406, 'distance_accuracy_value', 'NONE');
#835 = EDGE_CURVE ( 'NONE', #1112, #945, #1021, .T. ) ;
#836 = EDGE_LOOP ( 'NONE', ( #55, #1149, #103, #291 ) ) ;
#837 = ORIENTED_EDGE ( 'NONE', *, *, #1541, .T. ) ;
#838 = PRODUCT ( 'ramp-middle_62', 'ramp-middle_62', '', ( #926 ) ) ;
#839 = ORIENTED_EDGE ( 'NONE', *, *, #1047, .F. ) ;
#840 = CARTESIAN_POINT ( 'NONE',  ( 34.07000000000000028, 1.665334536937734811E-14, 12.63499999999999979 ) ) ;
#841 = DIRECTION ( 'NONE',  ( 0.2302529551604794444, 0.000000000000000000, -0.9731308116794300522 ) ) ;
#842 = DIRECTION ( 'NONE',  ( -1.000000000000000000, 0.000000000000000000, 0.000000000000000000 ) ) ;
#843 = PLANE ( 'NONE',  #1685 ) ;
#844 = EDGE_CURVE ( 'NONE', #31, #1434, #1594, .T. ) ;
#845 = ORIENTED_EDGE ( 'NONE', *, *, #869, .F. ) ;
#846 = EDGE_LOOP ( 'NONE', ( #1563, #1145, #1147, #593 ) ) ;
#847 = DIRECTION ( 'NONE',  ( -0.5773502691896295058, -0.5773502691896319483, 0.5773502691896159611 ) ) ;
#848 = ORIENTED_EDGE ( 'NONE', *, *, #1078, .T. ) ;
#849 = ORIENTED_EDGE ( 'NONE', *, *, #570, .F. ) ;
#850 = DIRECTION ( 'NONE',  ( 0.000000000000000000, 1.000000000000000000, -0.000000000000000000 ) ) ;
#851 = PLANE ( 'NONE',  #1771 ) ;
#852 = CARTESIAN_POINT ( 'NONE',  ( 27.65153592330489474, -17.97999999999998622, 5.019999999999984475 ) ) ;
#853 = ORIENTED_EDGE ( 'NONE', *, *, #6, .T. ) ;
#854 = AXIS2_PLACEMENT_3D ( 'NONE', #1028, #1580, #323 ) ;
#855 = EDGE_LOOP ( 'NONE', ( #705, #1094, #1131, #751 ) ) ;
#856 = DIRECTION ( 'NONE',  ( 0.7071067811865612285, 0.000000000000000000, -0.7071067811865339170 ) ) ;
#857 = AXIS2_PLACEMENT_3D ( 'NONE', #963, #578, #842 ) ;
#858 = EDGE_CURVE ( 'NONE', #777, #334, #1150, .T. ) ;
#859 = DIRECTION ( 'NONE',  ( 0.000000000000000000, -1.000000000000000000, 0.000000000000000000 ) ) ;
#860 = CIRCLE ( 'NONE', #1773, 0.3100000000000077138 ) ;
#861 = CARTESIAN_POINT ( 'NONE',  ( 17.09000000000000341, -3.209999999999987974, 12.63499999999999979 ) ) ;
#862 = CARTESIAN_POINT ( 'NONE',  ( 16.11000000000000654, -15.99000000000000199, 3.811794943820227655 ) ) ;
#863 = ORIENTED_EDGE ( 'NONE', *, *, #869, .T. ) ;
#864 = ORIENTED_EDGE ( 'NONE', *, *, #1101, .T. ) ;
#865 = ORIENTED_EDGE ( 'NONE', *, *, #1375, .T. ) ;
#866 = CARTESIAN_POINT ( 'NONE',  ( 29.68337290150947894, -18.60000000000000142, 5.640000000000005009 ) ) ;
#867 = DIRECTION ( 'NONE',  ( -1.000000000000000000, 0.000000000000000000, 0.000000000000000000 ) ) ;
#868 = ORIENTED_EDGE ( 'NONE', *, *, #1649, .T. ) ;
#869 = EDGE_CURVE ( 'NONE', #1363, #923, #740, .T. ) ;
#870 = DIRECTION ( 'NONE',  ( 0.5773502691896257311, -0.5773502691896257311, -0.5773502691896257311 ) ) ;
#871 = CARTESIAN_POINT ( 'NONE',  ( 35.09000000000001052, -15.97000000000000064, 8.302661985018730206 ) ) ;
#872 = ORIENTED_EDGE ( 'NONE', *, *, #1276, .T. ) ;
#873 = EDGE_LOOP ( 'NONE', ( #1651, #1294, #1391, #602 ) ) ;
#874 = ORIENTED_EDGE ( 'NONE', *, *, #39, .F. ) ;
#875 = DIRECTION ( 'NONE',  ( -1.877914453019546570E-16, 1.000000000000000000, 0.000000000000000000 ) ) ;
#876 = CARTESIAN_POINT ( 'NONE',  ( 34.07000000000000028, -19.19999999999999929, 8.061319288389512394 ) ) ;
#877 = ADVANCED_FACE ( 'NONE', ( #1738 ), #33, .T. ) ;
#878 = VERTEX_POINT ( 'NONE', #471 ) ;
#879 = LINE ( 'NONE', #1605, #687 ) ;
#880 = PLANE ( 'NONE',  #385 ) ;
#881 = EDGE_CURVE ( 'NONE', #1512, #1675, #606, .T. ) ;
#882 = CARTESIAN_POINT ( 'NONE',  ( 26.11011931004269115, -17.97999999999998622, 5.019999999999987139 ) ) ;
#883 = EDGE_LOOP ( 'NONE', ( #959, #608 ) ) ;
#884 = EDGE_LOOP ( 'NONE', ( #206, #1183, #1397, #292 ) ) ;
#885 = CARTESIAN_POINT ( 'NONE',  ( 16.21000000000001151, -17.88000000000000256, -9.205366787092840999E-16 ) ) ;
#886 = VECTOR ( 'NONE', #1767, 100.0000000000000142 ) ;
#887 = CARTESIAN_POINT ( 'NONE',  ( 0.000000000000000000, -1.319999999999998952, 0.1000000000000000056 ) ) ;
#888 = VECTOR ( 'NONE', #365, 100.0000000000000142 ) ;
#889 = ORIENTED_EDGE ( 'NONE', *, *, #704, .F. ) ;
#890 = VECTOR ( 'NONE', #371, 100.0000000000000000 ) ;
#891 = DIRECTION ( 'NONE',  ( -0.2302529551604794722, 0.000000000000000000, 0.9731308116794300522 ) ) ;
#892 = CARTESIAN_POINT ( 'NONE',  ( 33.96999999999999176, -17.88000000000000256, 0.000000000000000000 ) ) ;
#893 = AXIS2_PLACEMENT_3D ( 'NONE', #576, #548, #160 ) ;
#894 = LINE ( 'NONE', #1758, #331 ) ;
#895 = ADVANCED_FACE ( 'NONE', ( #1029 ), #897, .F. ) ;
#896 = EDGE_LOOP ( 'NONE', ( #125, #539, #1526, #307 ) ) ;
#897 = PLANE ( 'NONE',  #1504 ) ;
#898 = EDGE_LOOP ( 'NONE', ( #1221, #1239, #1031, #1282 ) ) ;
#899 = DIRECTION ( 'NONE',  ( -0.9731308116794296081, 0.000000000000000000, -0.2302529551604809155 ) ) ;
#900 = LINE ( 'NONE', #679, #184 ) ;
#901 = FACE_BOUND ( 'NONE', #428, .T. ) ;
#902 = ORIENTED_EDGE ( 'NONE', *, *, #1319, .F. ) ;
#903 = EDGE_CURVE ( 'NONE', #1005, #1407, #1049, .T. ) ;
#904 = EDGE_CURVE ( 'NONE', #27, #533, #723, .T. ) ;
#905 = DIRECTION ( 'NONE',  ( -0.2302529551604794444, 0.000000000000000000, 0.9731308116794300522 ) ) ;
#906 = VERTEX_POINT ( 'NONE', #222 ) ;
#907 = CARTESIAN_POINT ( 'NONE',  ( 28.67999999999999261, -8.619999999999997442, -5.290000000000001812 ) ) ;
#908 = DIRECTION ( 'NONE',  ( 1.000000000000000000, 0.000000000000000000, 0.000000000000000000 ) ) ;
#909 = CARTESIAN_POINT ( 'NONE',  ( 34.07000000000000028, -19.19999999999999929, 8.061319288389512394 ) ) ;
#910 =( BOUNDED_CURVE ( )  B_SPLINE_CURVE ( 3, ( #239, #523, #794, #1350 ),
 .UNSPECIFIED., .F., .T. ) 
 B_SPLINE_CURVE_WITH_KNOTS ( ( 4, 4 ),
 ( 1.797104947649392770, 4.938697601239184998 ),
 .UNSPECIFIED. ) 
 CURVE ( )  GEOMETRIC_REPRESENTATION_ITEM ( )  RATIONAL_B_SPLINE_CURVE ( ( 1.000000000000000000, 0.3333333333333337034, 0.3333333333333337034, 1.000000000000000000 ) ) 
 REPRESENTATION_ITEM ( '' )  );
#911 = CARTESIAN_POINT ( 'NONE',  ( 21.21630391768896828, -17.98000000000000043, 5.020000000000000462 ) ) ;
#912 = ORIENTED_EDGE ( 'NONE', *, *, #726, .T. ) ;
#913 = EDGE_CURVE ( 'NONE', #1564, #198, #1762, .T. ) ;
#914 = DIRECTION ( 'NONE',  ( 1.000000000000000000, 0.000000000000000000, 0.000000000000000000 ) ) ;
#915 = AXIS2_PLACEMENT_3D ( 'NONE', #1398, #104, #267 ) ;
#916 = DIRECTION ( 'NONE',  ( -1.000000000000000000, 0.000000000000000000, 0.000000000000000000 ) ) ;
#917 = VECTOR ( 'NONE', #170, 100.0000000000000142 ) ;
#918 = VECTOR ( 'NONE', #36, 100.0000000000000000 ) ;
#919 = DIRECTION ( 'NONE',  ( -1.000000000000000000, 0.000000000000000000, 0.000000000000000000 ) ) ;
#920 = DIRECTION ( 'NONE',  ( -0.2302529551604794722, 0.000000000000000000, 0.9731308116794300522 ) ) ;
#921 = VECTOR ( 'NONE', #1548, 100.0000000000000000 ) ;
#922 = DIRECTION ( 'NONE',  ( 0.5773502691896257311, 0.5773502691896257311, -0.5773502691896257311 ) ) ;
#923 = VERTEX_POINT ( 'NONE', #911 ) ;
#924 = CARTESIAN_POINT ( 'NONE',  ( 17.09000000000000341, -3.209999999999987974, 12.63499999999999979 ) ) ;
#925 = EDGE_CURVE ( 'NONE', #1819, #631, #1224, .T. ) ;
#926 = PRODUCT_CONTEXT ( 'NONE', #1724, 'mechanical' ) ;
#927 = FACE_OUTER_BOUND ( 'NONE', #818, .T. ) ;
#928 = FACE_BOUND ( 'NONE', #994, .T. ) ;
#929 = CARTESIAN_POINT ( 'NONE',  ( 22.64666666666666117, -4.546666666666664192, -11.32333333333333059 ) ) ;
#930 = CYLINDRICAL_SURFACE ( 'NONE', #1351, 0.3100000000000019962 ) ;
#931 = ORIENTED_EDGE ( 'NONE', *, *, #14, .F. ) ;
#932 = DIRECTION ( 'NONE',  ( 1.000000000000000000, 0.000000000000000000, 0.000000000000000000 ) ) ;
#933 = LINE ( 'NONE', #541, #1068 ) ;
#934 = CARTESIAN_POINT ( 'NONE',  ( 16.11000000000000654, -1.219999999999987761, 3.811794943820226322 ) ) ;
#935 = CARTESIAN_POINT ( 'NONE',  ( 17.09000000000000341, -15.99000000000000199, 12.63499999999999979 ) ) ;
#936 = EDGE_CURVE ( 'NONE', #1527, #171, #910, .T. ) ;
#937 =( GEOMETRIC_REPRESENTATION_CONTEXT ( 3 ) GLOBAL_UNCERTAINTY_ASSIGNED_CONTEXT ( ( #834 ) ) GLOBAL_UNIT_ASSIGNED_CONTEXT ( ( #406, #692, #1674 ) ) REPRESENTATION_CONTEXT ( 'NONE', 'WORKASPACE' ) );
#938 = CARTESIAN_POINT ( 'NONE',  ( 35.96999999999999886, -16.86999999999999389, 0.000000000000000000 ) ) ;
#939 = ORIENTED_EDGE ( 'NONE', *, *, #881, .T. ) ;
#940 = PLANE ( 'NONE',  #746 ) ;
#941 = CARTESIAN_POINT ( 'NONE',  ( 16.11000000000001009, -19.19999999999997442, 3.811794943820227211 ) ) ;
#942 = STYLED_ITEM ( 'NONE', ( #1485 ), #991 ) ;
#943 = CARTESIAN_POINT ( 'NONE',  ( 16.99000000000000199, -2.109999999999989662, 0.000000000000000000 ) ) ;
#944 = DIRECTION ( 'NONE',  ( -1.877914453019546570E-16, 1.000000000000000000, -4.443342530693252295E-17 ) ) ;
#945 = VERTEX_POINT ( 'NONE', #205 ) ;
#946 = VECTOR ( 'NONE', #418, 100.0000000000000000 ) ;
#947 = VECTOR ( 'NONE', #1267, 100.0000000000000000 ) ;
#948 = VECTOR ( 'NONE', #336, 100.0000000000000000 ) ;
#949 = ADVANCED_FACE ( 'NONE', ( #86 ), #1612, .F. ) ;
#950 =( NAMED_UNIT ( * ) SI_UNIT ( $, .STERADIAN. ) SOLID_ANGLE_UNIT ( ) );
#951 = ORIENTED_EDGE ( 'NONE', *, *, #417, .T. ) ;
#952 = DIRECTION ( 'NONE',  ( -0.2302529551604794722, 0.000000000000000000, 0.9731308116794300522 ) ) ;
#953 = DIRECTION ( 'NONE',  ( 0.000000000000000000, -1.000000000000000000, 0.000000000000000000 ) ) ;
#954 = DIRECTION ( 'NONE',  ( 0.000000000000000000, -1.000000000000000000, 0.000000000000000000 ) ) ;
#955 = FACE_BOUND ( 'NONE', #146, .T. ) ;
#956 = ORIENTED_EDGE ( 'NONE', *, *, #1171, .T. ) ;
#957 = ADVANCED_FACE ( 'NONE', ( #649 ), #662, .T. ) ;
#958 = DIRECTION ( 'NONE',  ( 0.2302529551604794444, 0.000000000000000000, -0.9731308116794300522 ) ) ;
#959 = ORIENTED_EDGE ( 'NONE', *, *, #1136, .T. ) ;
#960 = EDGE_CURVE ( 'NONE', #461, #1037, #785, .T. ) ;
#961 = DIRECTION ( 'NONE',  ( -1.000000000000000000, 0.000000000000000000, 0.000000000000000000 ) ) ;
#962 = CARTESIAN_POINT ( 'NONE',  ( 0.000000000000000000, -15.97000000000000064, 0.000000000000000000 ) ) ;
#963 = CARTESIAN_POINT ( 'NONE',  ( 0.000000000000000000, -3.329999999999991189, 0.000000000000000000 ) ) ;
#964 = LINE ( 'NONE', #1796, #826 ) ;
#965 = ORIENTED_EDGE ( 'NONE', *, *, #1089, .F. ) ;
#966 = DIRECTION ( 'NONE',  ( 1.000000000000000000, 0.000000000000000000, 0.000000000000000000 ) ) ;
#967 = EDGE_LOOP ( 'NONE', ( #1280, #634, #845, #699, #1634 ) ) ;
#968 = CARTESIAN_POINT ( 'NONE',  ( 28.74430310835142777, -0.5999999999999949818, -6.112996820711239288 ) ) ;
#969 = EDGE_CURVE ( 'NONE', #1679, #734, #513, .T. ) ;
#970 = CARTESIAN_POINT ( 'NONE',  ( 0.000000000000000000, -17.98000000000000043, 0.3747477419454632308 ) ) ;
#971 = CARTESIAN_POINT ( 'NONE',  ( 17.09000000000000341, -2.209999999999989750, 12.63499999999999979 ) ) ;
#972 = CIRCLE ( 'NONE', #1683, 0.3100000000000077138 ) ;
#973 = AXIS2_PLACEMENT_3D ( 'NONE', #369, #1355, #1786 ) ;
#974 = ORIENTED_EDGE ( 'NONE', *, *, #1209, .F. ) ;
#975 = VECTOR ( 'NONE', #23, 100.0000000000000142 ) ;
#976 = ORIENTED_EDGE ( 'NONE', *, *, #1574, .T. ) ;
#977 = DIRECTION ( 'NONE',  ( 0.000000000000000000, -1.000000000000000000, 0.000000000000000000 ) ) ;
#978 = DIRECTION ( 'NONE',  ( 1.000000000000000000, 0.000000000000000000, 0.000000000000000000 ) ) ;
#979 = EDGE_CURVE ( 'NONE', #1141, #1407, #1211, .T. ) ;
#980 = DIRECTION ( 'NONE',  ( 0.000000000000000000, 0.9396926207859087610, 0.3420201433256678802 ) ) ;
#981 = CARTESIAN_POINT ( 'NONE',  ( 1.327779262221897350, -13.27416649771865842, 0.3141664977186080510 ) ) ;
#982 = PRODUCT_DEFINITION_CONTEXT ( 'detailed design', #1814, 'design' ) ;
#983 = ORIENTED_EDGE ( 'NONE', *, *, #697, .F. ) ;
#984 = ORIENTED_EDGE ( 'NONE', *, *, #14, .T. ) ;
#985 = ORIENTED_EDGE ( 'NONE', *, *, #1649, .F. ) ;
#986 = DIRECTION ( 'NONE',  ( -0.000000000000000000, 1.000000000000000000, 0.000000000000000000 ) ) ;
#987 = CARTESIAN_POINT ( 'NONE',  ( 26.15233727297595578, -18.60000000000000497, 6.187917255506579117 ) ) ;
#988 = PLANE ( 'NONE',  #857 ) ;
#989 = CARTESIAN_POINT ( 'NONE',  ( 16.99000000000000554, -17.08999999999999986, 0.000000000000000000 ) ) ;
#990 = ORIENTED_EDGE ( 'NONE', *, *, #97, .F. ) ;
#991 = MANIFOLD_SOLID_BREP ( 'Middle', #1802 ) ;
#992 = ADVANCED_FACE ( 'NONE', ( #1198 ), #930, .F. ) ;
#993 = ORIENTED_EDGE ( 'NONE', *, *, #714, .T. ) ;
#994 = EDGE_LOOP ( 'NONE', ( #1083, #1050 ) ) ;
#995 = ORIENTED_EDGE ( 'NONE', *, *, #64, .T. ) ;
#996 = FACE_OUTER_BOUND ( 'NONE', #278, .T. ) ;
#997 = ORIENTED_EDGE ( 'NONE', *, *, #32, .F. ) ;
#998 = LINE ( 'NONE', #1673, #1627 ) ;
#999 = PLANE ( 'NONE',  #87 ) ;
#1000 = DIRECTION ( 'NONE',  ( 0.000000000000000000, 1.000000000000000000, 0.000000000000000000 ) ) ;
#1001 = ORIENTED_EDGE ( 'NONE', *, *, #1101, .F. ) ;
#1002 = EDGE_LOOP ( 'NONE', ( #530, #192, #766, #1057, #165 ) ) ;
#1003 = VECTOR ( 'NONE', #977, 100.0000000000000000 ) ;
#1004 = EDGE_CURVE ( 'NONE', #355, #802, #776, .T. ) ;
#1005 = VERTEX_POINT ( 'NONE', #938 ) ;
#1006 = DIRECTION ( 'NONE',  ( -1.394752543498940254E-15, 1.000000000000000000, 0.000000000000000000 ) ) ;
#1007 = ORIENTED_EDGE ( 'NONE', *, *, #979, .T. ) ;
#1008 = CIRCLE ( 'NONE', #212, 0.3100000000000019962 ) ;
#1009 = VECTOR ( 'NONE', #919, 100.0000000000000000 ) ;
#1010 = CARTESIAN_POINT ( 'NONE',  ( 29.07172970801424938, -0.6000000000000005329, 6.878676120988018283 ) ) ;
#1011 = VECTOR ( 'NONE', #1451, 100.0000000000000000 ) ;
#1012 = ORIENTED_EDGE ( 'NONE', *, *, #1210, .T. ) ;
#1013 = CARTESIAN_POINT ( 'NONE',  ( 23.45999999999999730, 9.400000000000005684, 11.72999999999999865 ) ) ;
#1014 = DIRECTION ( 'NONE',  ( -1.394752543498940254E-15, -1.000000000000000000, 0.000000000000000000 ) ) ;
#1015 = ORIENTED_EDGE ( 'NONE', *, *, #781, .F. ) ;
#1016 = ORIENTED_EDGE ( 'NONE', *, *, #603, .T. ) ;
#1017 = VERTEX_POINT ( 'NONE', #707 ) ;
#1018 = DIRECTION ( 'NONE',  ( 0.5773502691896257311, -0.5773502691896257311, -0.5773502691896257311 ) ) ;
#1019 = ORIENTED_EDGE ( 'NONE', *, *, #1338, .T. ) ;
#1020 = ADVANCED_FACE ( 'NONE', ( #1263 ), #403, .T. ) ;
#1021 = LINE ( 'NONE', #876, #1509 ) ;
#1022 = ADVANCED_FACE ( 'NONE', ( #1671 ), #1680, .T. ) ;
#1023 = ORIENTED_EDGE ( 'NONE', *, *, #1770, .T. ) ;
#1024 = CARTESIAN_POINT ( 'NONE',  ( 0.000000000000000000, 0.000000000000000000, 0.000000000000000000 ) ) ;
#1025 = DIRECTION ( 'NONE',  ( 0.000000000000000000, -1.000000000000000000, 0.000000000000000000 ) ) ;
#1026 = LINE ( 'NONE', #909, #1303 ) ;
#1027 = ORIENTED_EDGE ( 'NONE', *, *, #726, .F. ) ;
#1028 = CARTESIAN_POINT ( 'NONE',  ( 17.09000000000000341, -2.209999999999989750, 12.63499999999999979 ) ) ;
#1029 = FACE_OUTER_BOUND ( 'NONE', #1309, .T. ) ;
#1030 = PRODUCT_RELATED_PRODUCT_CATEGORY ( 'part', '', ( #838 ) ) ;
#1031 = ORIENTED_EDGE ( 'NONE', *, *, #1075, .T. ) ;
#1032 = ORIENTED_EDGE ( 'NONE', *, *, #641, .F. ) ;
#1033 = LINE ( 'NONE', #907, #1011 ) ;
#1034 = EDGE_CURVE ( 'NONE', #1174, #144, #1378, .T. ) ;
#1035 = LINE ( 'NONE', #1045, #1162 ) ;
#1036 = CARTESIAN_POINT ( 'NONE',  ( 26.11011931004269471, -1.220000000000012852, 5.019999999999981810 ) ) ;
#1037 = VERTEX_POINT ( 'NONE', #1809 ) ;
#1038 = VECTOR ( 'NONE', #729, 100.0000000000000000 ) ;
#1039 = CARTESIAN_POINT ( 'NONE',  ( 17.09000000000000341, -16.98999999999999844, 0.09999999999999731326 ) ) ;
#1040 = VECTOR ( 'NONE', #1000, 100.0000000000000000 ) ;
#1041 = VECTOR ( 'NONE', #1324, 100.0000000000000142 ) ;
#1042 = ORIENTED_EDGE ( 'NONE', *, *, #1500, .F. ) ;
#1043 = VERTEX_POINT ( 'NONE', #1371 ) ;
#1044 = DIRECTION ( 'NONE',  ( -0.9731308116794300522, 0.000000000000000000, -0.2302529551604788061 ) ) ;
#1045 = CARTESIAN_POINT ( 'NONE',  ( 29.34764421159268721, -18.60000000000000497, -5.970239988511736762 ) ) ;
#1046 = AXIS2_PLACEMENT_3D ( 'NONE', #1233, #1473, #497 ) ;
#1047 = EDGE_CURVE ( 'NONE', #1715, #1819, #1105, .T. ) ;
#1048 = DIRECTION ( 'NONE',  ( 0.000000000000000000, -1.000000000000000000, 0.000000000000000000 ) ) ;
#1049 = LINE ( 'NONE', #1603, #1155 ) ;
#1050 = ORIENTED_EDGE ( 'NONE', *, *, #1753, .T. ) ;
#1051 = CARTESIAN_POINT ( 'NONE',  ( 16.11000000000000298, -3.109999999999987885, 0.000000000000000000 ) ) ;
#1052 = DIRECTION ( 'NONE',  ( 0.000000000000000000, -1.000000000000000000, 0.000000000000000000 ) ) ;
#1053 = DIRECTION ( 'NONE',  ( 0.000000000000000000, -0.7071067811865513475, 0.7071067811865436870 ) ) ;
#1054 = EDGE_CURVE ( 'NONE', #1592, #287, #546, .T. ) ;
#1055 = DIRECTION ( 'NONE',  ( -0.9731308116794301633, 0.000000000000000000, -0.2302529551604785840 ) ) ;
#1056 = ORIENTED_EDGE ( 'NONE', *, *, #1489, .T. ) ;
#1057 = ORIENTED_EDGE ( 'NONE', *, *, #404, .T. ) ;
#1058 = LINE ( 'NONE', #1615, #155 ) ;
#1059 = LINE ( 'NONE', #457, #626 ) ;
#1060 = LINE ( 'NONE', #611, #1041 ) ;
#1061 = LINE ( 'NONE', #1620, #150 ) ;
#1062 = ADVANCED_FACE ( 'NONE', ( #1130 ), #1515, .T. ) ;
#1063 = DIRECTION ( 'NONE',  ( -0.2302529551604794167, 0.000000000000000000, 0.9731308116794300522 ) ) ;
#1064 = ORIENTED_EDGE ( 'NONE', *, *, #1761, .F. ) ;
#1065 = DIRECTION ( 'NONE',  ( 0.000000000000000000, 0.000000000000000000, -1.000000000000000000 ) ) ;
#1066 = VECTOR ( 'NONE', #1523, 100.0000000000000000 ) ;
#1067 = FACE_OUTER_BOUND ( 'NONE', #786, .T. ) ;
#1068 = VECTOR ( 'NONE', #379, 100.0000000000000000 ) ;
#1069 = AXIS2_PLACEMENT_3D ( 'NONE', #434, #162, #1285 ) ;
#1070 = CARTESIAN_POINT ( 'NONE',  ( 29.04625403469443512, -0.6000000000000005329, 5.640000000000002345 ) ) ;
#1071 = CARTESIAN_POINT ( 'NONE',  ( 0.000000000000000000, -15.86999999999999567, 0.000000000000000000 ) ) ;
#1072 = ORIENTED_EDGE ( 'NONE', *, *, #570, .T. ) ;
#1073 = VECTOR ( 'NONE', #787, 100.0000000000000000 ) ;
#1074 = ORIENTED_EDGE ( 'NONE', *, *, #697, .T. ) ;
#1075 = EDGE_CURVE ( 'NONE', #906, #583, #972, .T. ) ;
#1076 = CARTESIAN_POINT ( 'NONE',  ( 27.31036293887447286, -0.5999999999999949818, 6.461918272147548770 ) ) ;
#1077 = CARTESIAN_POINT ( 'NONE',  ( 33.96999999999999176, -3.329999999999991189, 0.000000000000000000 ) ) ;
#1078 = EDGE_CURVE ( 'NONE', #1470, #802, #1692, .T. ) ;
#1079 = ORIENTED_EDGE ( 'NONE', *, *, #1808, .F. ) ;
#1080 = CARTESIAN_POINT ( 'NONE',  ( 16.99000000000000554, -16.98999999999999844, 0.000000000000000000 ) ) ;
#1081 = CARTESIAN_POINT ( 'NONE',  ( 36.07000000000000028, -2.229999999999987548, 0.1000000000000056399 ) ) ;
#1082 = ORIENTED_EDGE ( 'NONE', *, *, #661, .T. ) ;
#1083 = ORIENTED_EDGE ( 'NONE', *, *, #1544, .T. ) ;
#1084 = ORIENTED_EDGE ( 'NONE', *, *, #903, .T. ) ;
#1085 = DIRECTION ( 'NONE',  ( 1.000000000000000000, 0.000000000000000000, 0.000000000000000000 ) ) ;
#1086 = EDGE_LOOP ( 'NONE', ( #142, #472, #1726, #305 ) ) ;
#1087 = DIRECTION ( 'NONE',  ( -1.000000000000000000, 0.000000000000000000, 0.000000000000000000 ) ) ;
#1088 = CARTESIAN_POINT ( 'NONE',  ( 30.34666666666666046, -7.953333333333330479, -5.623333333333334849 ) ) ;
#1089 = EDGE_CURVE ( 'NONE', #631, #1426, #1547, .T. ) ;
#1090 = LINE ( 'NONE', #72, #890 ) ;
#1091 = LINE ( 'NONE', #504, #1326 ) ;
#1092 = SURFACE_SIDE_STYLE ('',( #632 ) ) ;
#1093 = ORIENTED_EDGE ( 'NONE', *, *, #230, .F. ) ;
#1094 = ORIENTED_EDGE ( 'NONE', *, *, #1544, .F. ) ;
#1095 = DIRECTION ( 'NONE',  ( 0.000000000000000000, -0.3420201433256678802, -0.9396926207859087610 ) ) ;
#1096 = LINE ( 'NONE', #1647, #567 ) ;
#1097 = AXIS2_PLACEMENT_3D ( 'NONE', #1220, #246, #234 ) ;
#1098 = PLANE ( 'NONE',  #1688 ) ;
#1099 = FACE_BOUND ( 'NONE', #883, .T. ) ;
#1100 = VECTOR ( 'NONE', #579, 100.0000000000000142 ) ;
#1101 = EDGE_CURVE ( 'NONE', #221, #1037, #1528, .T. ) ;
#1102 = AXIS2_PLACEMENT_3D ( 'NONE', #314, #754, #1584 ) ;
#1103 = EDGE_CURVE ( 'NONE', #533, #720, #211, .T. ) ;
#1104 = ORIENTED_EDGE ( 'NONE', *, *, #835, .F. ) ;
#1105 = LINE ( 'NONE', #1827, #1003 ) ;
#1106 = ORIENTED_EDGE ( 'NONE', *, *, #1476, .T. ) ;
#1107 = ORIENTED_EDGE ( 'NONE', *, *, #1751, .T. ) ;
#1108 = FACE_OUTER_BOUND ( 'NONE', #1161, .T. ) ;
#1109 = CARTESIAN_POINT ( 'NONE',  ( 29.53667439963681929, 0.02000000000000369538, 6.260000000000013998 ) ) ;
#1110 = FACE_OUTER_BOUND ( 'NONE', #898, .T. ) ;
#1111 = CARTESIAN_POINT ( 'NONE',  ( 28.14195628824728246, -0.5999999999999949818, 5.640000000000007674 ) ) ;
#1112 = VERTEX_POINT ( 'NONE', #713 ) ;
#1113 = EDGE_CURVE ( 'NONE', #1825, #1344, #1114, .T. ) ;
#1114 = LINE ( 'NONE', #1798, #1213 ) ;
#1115 = CARTESIAN_POINT ( 'NONE',  ( 34.07000000000000028, -1.219999999999998863, 0.3747477419454636749 ) ) ;
#1116 = CARTESIAN_POINT ( 'NONE',  ( 17.24666666666669101, -17.12666666666667226, -1.036666666666642200 ) ) ;
#1117 = CARTESIAN_POINT ( 'NONE',  ( 34.07000000000000028, -19.19999999999999929, 6.240000000000012648 ) ) ;
#1118 = VERTEX_POINT ( 'NONE', #2 ) ;
#1119 = LINE ( 'NONE', #1539, #354 ) ;
#1120 = ORIENTED_EDGE ( 'NONE', *, *, #545, .T. ) ;
#1121 = EDGE_CURVE ( 'NONE', #1118, #451, #1731, .T. ) ;
#1122 = LINE ( 'NONE', #1682, #1305 ) ;
#1123 = FACE_OUTER_BOUND ( 'NONE', #563, .T. ) ;
#1124 = LINE ( 'NONE', #1550, #118 ) ;
#1125 = VECTOR ( 'NONE', #57, 100.0000000000000000 ) ;
#1126 = AXIS2_PLACEMENT_3D ( 'NONE', #1598, #351, #916 ) ;
#1127 = ORIENTED_EDGE ( 'NONE', *, *, #781, .T. ) ;
#1128 = EDGE_LOOP ( 'NONE', ( #384, #1032, #524, #1232 ) ) ;
#1129 = EDGE_LOOP ( 'NONE', ( #1604, #1364, #244, #643 ) ) ;
#1130 = FACE_OUTER_BOUND ( 'NONE', #564, .T. ) ;
#1131 = ORIENTED_EDGE ( 'NONE', *, *, #904, .T. ) ;
#1132 = CARTESIAN_POINT ( 'NONE',  ( 18.11000000000000298, -17.08999999999999986, 0.000000000000000000 ) ) ;
#1133 = CARTESIAN_POINT ( 'NONE',  ( 27.50483742143222798, -18.60000000000000497, 5.640000000000008562 ) ) ;
#1134 = ADVANCED_FACE ( 'NONE', ( #1818 ), #1257, .T. ) ;
#1135 = PLANE ( 'NONE',  #152 ) ;
#1136 = EDGE_CURVE ( 'NONE', #129, #1779, #410, .T. ) ;
#1137 = LINE ( 'NONE', #424, #534 ) ;
#1138 = ORIENTED_EDGE ( 'NONE', *, *, #835, .T. ) ;
#1139 = ORIENTED_EDGE ( 'NONE', *, *, #1054, .T. ) ;
#1140 = DIRECTION ( 'NONE',  ( -0.9731308116794301633, 0.000000000000000000, -0.2302529551604785840 ) ) ;
#1141 = VERTEX_POINT ( 'NONE', #259 ) ;
#1142 = CARTESIAN_POINT ( 'NONE',  ( 0.000000000000000000, -17.98000000000000043, 5.020000000000000462 ) ) ;
#1143 = LINE ( 'NONE', #725, #1386 ) ;
#1144 = CARTESIAN_POINT ( 'NONE',  ( 35.19000000000000483, -2.329999999999992966, 0.000000000000000000 ) ) ;
#1145 = ORIENTED_EDGE ( 'NONE', *, *, #748, .T. ) ;
#1146 = EDGE_CURVE ( 'NONE', #258, #366, #1119, .T. ) ;
#1147 = ORIENTED_EDGE ( 'NONE', *, *, #133, .F. ) ;
#1148 = CARTESIAN_POINT ( 'NONE',  ( 16.21000000000000441, -1.319999999999998952, 0.000000000000000000 ) ) ;
#1149 = ORIENTED_EDGE ( 'NONE', *, *, #1429, .F. ) ;
#1150 = LINE ( 'NONE', #178, #948 ) ;
#1151 = FACE_OUTER_BOUND ( 'NONE', #1370, .T. ) ;
#1152 = DIRECTION ( 'NONE',  ( 0.000000000000000000, 0.000000000000000000, -1.000000000000000000 ) ) ;
#1153 = ADVANCED_FACE ( 'NONE', ( #1571 ), #353, .T. ) ;
#1154 = ADVANCED_BREP_SHAPE_REPRESENTATION ( 'ramp-middle_62', ( #991, #1618 ), #937 ) ;
#1155 = VECTOR ( 'NONE', #342, 100.0000000000000000 ) ;
#1156 = ORIENTED_EDGE ( 'NONE', *, *, #590, .F. ) ;
#1157 = ORIENTED_EDGE ( 'NONE', *, *, #1695, .F. ) ;
#1158 = CARTESIAN_POINT ( 'NONE',  ( 16.21000000000001151, -19.19999999999997797, 0.000000000000000000 ) ) ;
#1159 = ORIENTED_EDGE ( 'NONE', *, *, #1638, .T. ) ;
#1160 = EDGE_CURVE ( 'NONE', #355, #276, #166, .T. ) ;
#1161 = EDGE_LOOP ( 'NONE', ( #1589, #1361, #516, #1023 ) ) ;
#1162 = VECTOR ( 'NONE', #50, 100.0000000000000142 ) ;
#1163 = VECTOR ( 'NONE', #416, 100.0000000000000000 ) ;
#1164 = CARTESIAN_POINT ( 'NONE',  ( 34.07000000000000028, -1.319999999999998952, 0.1000000000000056399 ) ) ;
#1165 = AXIS2_PLACEMENT_3D ( 'NONE', #691, #1530, #399 ) ;
#1166 = ORIENTED_EDGE ( 'NONE', *, *, #577, .F. ) ;
#1167 = FACE_OUTER_BOUND ( 'NONE', #896, .T. ) ;
#1168 = CARTESIAN_POINT ( 'NONE',  ( 33.96999999999999176, -17.88000000000000256, 0.000000000000000000 ) ) ;
#1169 = DIRECTION ( 'NONE',  ( 1.000000000000000000, 0.000000000000000000, 0.000000000000000000 ) ) ;
#1170 = EDGE_LOOP ( 'NONE', ( #574, #582, #1824, #106, #419 ) ) ;
#1171 = EDGE_CURVE ( 'NONE', #737, #1325, #1483, .T. ) ;
#1172 = ORIENTED_EDGE ( 'NONE', *, *, #1489, .F. ) ;
#1173 = CARTESIAN_POINT ( 'NONE',  ( 34.07000000000000028, -1.219999999999998863, 5.019999999999997797 ) ) ;
#1174 = VERTEX_POINT ( 'NONE', #1203 ) ;
#1175 = EDGE_CURVE ( 'NONE', #1455, #765, #774, .T. ) ;
#1176 = CARTESIAN_POINT ( 'NONE',  ( 22.35333333333343830, -8.473333333333425088, 5.363333333333287989 ) ) ;
#1177 = VERTEX_POINT ( 'NONE', #1435 ) ;
#1178 = CARTESIAN_POINT ( 'NONE',  ( 18.11000000000000298, -2.209999999999989750, 4.285015917602999380 ) ) ;
#1179 = CARTESIAN_POINT ( 'NONE',  ( 18.21000000000000441, -17.08999999999999986, 0.000000000000000000 ) ) ;
#1180 = DIRECTION ( 'NONE',  ( -0.000000000000000000, 0.3420201433256678802, 0.9396926207859087610 ) ) ;
#1181 = ORIENTED_EDGE ( 'NONE', *, *, #59, .F. ) ;
#1182 = DIRECTION ( 'NONE',  ( -0.9731308116794301633, 0.000000000000000000, -0.2302529551604785840 ) ) ;
#1183 = ORIENTED_EDGE ( 'NONE', *, *, #750, .F. ) ;
#1184 = ADVANCED_FACE ( 'NONE', ( #996 ), #1719, .F. ) ;
#1185 = DIRECTION ( 'NONE',  ( 0.000000000000000000, 1.000000000000000000, 0.000000000000000000 ) ) ;
#1186 = FACE_OUTER_BOUND ( 'NONE', #1602, .T. ) ;
#1187 = CARTESIAN_POINT ( 'NONE',  ( 35.19000000000000483, -15.86999999999999567, 0.000000000000000000 ) ) ;
#1188 = VECTOR ( 'NONE', #30, 100.0000000000000000 ) ;
#1189 = CARTESIAN_POINT ( 'NONE',  ( 35.08999999999999631, -2.229999999999987548, 12.63499999999999979 ) ) ;
#1190 = AXIS2_PLACEMENT_3D ( 'NONE', #345, #1461, #182 ) ;
#1191 = AXIS2_PLACEMENT_3D ( 'NONE', #744, #1431, #1306 ) ;
#1192 = ORIENTED_EDGE ( 'NONE', *, *, #979, .F. ) ;
#1193 = AXIS2_PLACEMENT_3D ( 'NONE', #1292, #635, #1044 ) ;
#1194 = DIRECTION ( 'NONE',  ( 1.000000000000000000, 0.000000000000000000, 0.000000000000000000 ) ) ;
#1195 = DIRECTION ( 'NONE',  ( -1.000000000000000000, -1.877914453019546570E-16, 0.000000000000000000 ) ) ;
#1196 = EDGE_CURVE ( 'NONE', #1592, #221, #494, .T. ) ;
#1197 = CARTESIAN_POINT ( 'NONE',  ( 25.96342080817002795, -0.5999999999999949818, 5.640000000000006786 ) ) ;
#1198 = FACE_OUTER_BOUND ( 'NONE', #1320, .T. ) ;
#1199 = ORIENTED_EDGE ( 'NONE', *, *, #858, .T. ) ;
#1200 = CARTESIAN_POINT ( 'NONE',  ( 35.08999999999999631, -3.229999999999985771, 0.1000000000000056399 ) ) ;
#1201 = DIRECTION ( 'NONE',  ( 1.000000000000000000, 0.000000000000000000, 0.000000000000000000 ) ) ;
#1202 = CARTESIAN_POINT ( 'NONE',  ( 16.11000000000000654, -15.99000000000000199, 0.09999999999999734102 ) ) ;
#1203 = CARTESIAN_POINT ( 'NONE',  ( 16.99000000000000554, -16.08999999999999986, 0.000000000000000000 ) ) ;
#1204 = EDGE_CURVE ( 'NONE', #1826, #631, #440, .T. ) ;
#1205 = CARTESIAN_POINT ( 'NONE',  ( 34.07000000000000028, -17.98000000000000043, 0.3747477419454636749 ) ) ;
#1206 = DIRECTION ( 'NONE',  ( -0.9731308116794299412, -0.000000000000000000, -0.2302529551604793612 ) ) ;
#1207 = FACE_OUTER_BOUND ( 'NONE', #1613, .T. ) ;
#1208 = DIRECTION ( 'NONE',  ( -0.000000000000000000, 1.000000000000000000, 0.000000000000000000 ) ) ;
#1209 = EDGE_CURVE ( 'NONE', #436, #105, #1554, .T. ) ;
#1210 = EDGE_CURVE ( 'NONE', #1705, #760, #1759, .T. ) ;
#1211 = LINE ( 'NONE', #1362, #712 ) ;
#1212 = EDGE_LOOP ( 'NONE', ( #1072, #277, #1760, #1279 ) ) ;
#1213 = VECTOR ( 'NONE', #1662, 100.0000000000000142 ) ;
#1214 = ORIENTED_EDGE ( 'NONE', *, *, #465, .T. ) ;
#1215 = ORIENTED_EDGE ( 'NONE', *, *, #1500, .T. ) ;
#1216 = PLANE ( 'NONE',  #241 ) ;
#1217 = VECTOR ( 'NONE', #1543, 100.0000000000000142 ) ;
#1218 = CARTESIAN_POINT ( 'NONE',  ( 17.09000000000000341, -3.209999999999987974, 0.09999999999999734102 ) ) ;
#1219 = CARTESIAN_POINT ( 'NONE',  ( 29.57828620936730601, -18.60000000000000142, 4.737788335293272368 ) ) ;
#1220 = CARTESIAN_POINT ( 'NONE',  ( 34.07000000000000028, -15.97000000000000064, 12.63499999999999979 ) ) ;
#1221 = ORIENTED_EDGE ( 'NONE', *, *, #1476, .F. ) ;
#1222 = VECTOR ( 'NONE', #1258, 100.0000000000000000 ) ;
#1223 = VERTEX_POINT ( 'NONE', #66 ) ;
#1224 = LINE ( 'NONE', #1502, #1831 ) ;
#1225 = EDGE_CURVE ( 'NONE', #1017, #669, #17, .T. ) ;
#1226 = CARTESIAN_POINT ( 'NONE',  ( 18.21000000000000441, -19.19999999999999929, 0.000000000000000000 ) ) ;
#1227 = CARTESIAN_POINT ( 'NONE',  ( 28.89955553282177902, 0.02000000000000369538, 6.260000000000013998 ) ) ;
#1228 = DIRECTION ( 'NONE',  ( -0.000000000000000000, 1.000000000000000000, 0.000000000000000000 ) ) ;
#1229 = DIRECTION ( 'NONE',  ( -0.5773502691896257311, 0.5773502691896257311, -0.5773502691896257311 ) ) ;
#1230 = ORIENTED_EDGE ( 'NONE', *, *, #1625, .F. ) ;
#1231 = ORIENTED_EDGE ( 'NONE', *, *, #680, .T. ) ;
#1232 = ORIENTED_EDGE ( 'NONE', *, *, #1432, .F. ) ;
#1233 = CARTESIAN_POINT ( 'NONE',  ( 35.96999999999999886, -19.19999999999999929, 0.000000000000000000 ) ) ;
#1234 = CYLINDRICAL_SURFACE ( 'NONE', #571, 0.3100000000000077138 ) ;
#1235 = CARTESIAN_POINT ( 'NONE',  ( 34.07000000000000028, -17.98000000000000043, 0.3747477419454632308 ) ) ;
#1236 = CARTESIAN_POINT ( 'NONE',  ( 33.96999999999999176, -19.19999999999999929, 0.000000000000000000 ) ) ;
#1237 = VERTEX_POINT ( 'NONE', #866 ) ;
#1238 = CARTESIAN_POINT ( 'NONE',  ( 28.28865479011994921, -1.220000000000011076, 5.019999999999985363 ) ) ;
#1239 = ORIENTED_EDGE ( 'NONE', *, *, #383, .T. ) ;
#1240 = FACE_OUTER_BOUND ( 'NONE', #1493, .T. ) ;
#1241 = CARTESIAN_POINT ( 'NONE',  ( 29.68337290150947894, -0.6000000000000005329, 5.640000000000002345 ) ) ;
#1242 = AXIS2_PLACEMENT_3D ( 'NONE', #700, #688, #557 ) ;
#1243 = CYLINDRICAL_SURFACE ( 'NONE', #1270, 0.3100000000000019962 ) ;
#1244 = DIRECTION ( 'NONE',  ( 0.9731308116794299412, 0.000000000000000000, 0.2302529551604793612 ) ) ;
#1245 = VECTOR ( 'NONE', #770, 100.0000000000000000 ) ;
#1246 = VECTOR ( 'NONE', #173, 100.0000000000000000 ) ;
#1247 = EDGE_CURVE ( 'NONE', #451, #556, #1061, .T. ) ;
#1248 = AXIS2_PLACEMENT_3D ( 'NONE', #1486, #360, #1654 ) ;
#1249 = DIRECTION ( 'NONE',  ( 0.5773502691896310601, 0.5773502691896310601, 0.5773502691896150729 ) ) ;
#1250 = CARTESIAN_POINT ( 'NONE',  ( 17.09000000000000341, -2.209999999999989750, 0.09999999999999734102 ) ) ;
#1251 = DIRECTION ( 'NONE',  ( 0.000000000000000000, -1.000000000000000000, 0.000000000000000000 ) ) ;
#1252 = LINE ( 'NONE', #682, #772 ) ;
#1253 = ORIENTED_EDGE ( 'NONE', *, *, #1807, .F. ) ;
#1254 = PRODUCT_DEFINITION_SHAPE ( 'NONE', 'NONE',  #527 ) ;
#1255 = ADVANCED_FACE ( 'NONE', ( #220 ), #452, .T. ) ;
#1256 = EDGE_LOOP ( 'NONE', ( #1019, #439 ) ) ;
#1257 = PLANE ( 'NONE',  #1242 ) ;
#1258 = DIRECTION ( 'NONE',  ( -0.7071067811865475727, -0.000000000000000000, -0.7071067811865475727 ) ) ;
#1259 = CARTESIAN_POINT ( 'NONE',  ( 26.37245745943812381, -19.19999999999999929, 6.240000000000012648 ) ) ;
#1260 = LINE ( 'NONE', #971, #1299 ) ;
#1261 = VERTEX_POINT ( 'NONE', #463 ) ;
#1262 = EDGE_LOOP ( 'NONE', ( #1698, #1663, #498 ) ) ;
#1263 = FACE_OUTER_BOUND ( 'NONE', #88, .T. ) ;
#1264 = ADVANCED_FACE ( 'NONE', ( #296 ), #1340, .T. ) ;
#1265 = PLANE ( 'NONE',  #1624 ) ;
#1266 = CARTESIAN_POINT ( 'NONE',  ( 34.07000000000000028, -3.229999999999985771, 0.1000000000000056399 ) ) ;
#1267 = DIRECTION ( 'NONE',  ( -4.770334648313475045E-16, -0.3420201433256678802, -0.9396926207859087610 ) ) ;
#1268 = DIRECTION ( 'NONE',  ( 0.000000000000000000, 0.000000000000000000, -1.000000000000000000 ) ) ;
#1269 = VECTOR ( 'NONE', #1656, 100.0000000000000000 ) ;
#1270 = AXIS2_PLACEMENT_3D ( 'NONE', #1219, #503, #1518 ) ;
#1271 = ORIENTED_EDGE ( 'NONE', *, *, #487, .T. ) ;
#1272 = VECTOR ( 'NONE', #1065, 100.0000000000000000 ) ;
#1273 = ORIENTED_EDGE ( 'NONE', *, *, #823, .T. ) ;
#1274 = DIRECTION ( 'NONE',  ( 0.000000000000000000, 1.000000000000000000, 0.000000000000000000 ) ) ;
#1275 = CARTESIAN_POINT ( 'NONE',  ( 28.14195628824728246, -18.60000000000000497, 5.640000000000008562 ) ) ;
#1276 = EDGE_CURVE ( 'NONE', #669, #188, #73, .T. ) ;
#1277 = DIRECTION ( 'NONE',  ( 1.000000000000000000, 0.000000000000000000, 0.000000000000000000 ) ) ;
#1278 = DIRECTION ( 'NONE',  ( 1.000000000000000000, 0.000000000000000000, 0.000000000000000000 ) ) ;
#1279 = ORIENTED_EDGE ( 'NONE', *, *, #758, .T. ) ;
#1280 = ORIENTED_EDGE ( 'NONE', *, *, #823, .F. ) ;
#1281 = ORIENTED_EDGE ( 'NONE', *, *, #1441, .F. ) ;
#1282 = ORIENTED_EDGE ( 'NONE', *, *, #367, .F. ) ;
#1283 = CARTESIAN_POINT ( 'NONE',  ( 18.21000000000000085, -2.209999999999989750, 0.000000000000000000 ) ) ;
#1284 = LINE ( 'NONE', #620, #357 ) ;
#1285 = DIRECTION ( 'NONE',  ( -1.000000000000000000, 0.000000000000000000, 0.000000000000000000 ) ) ;
#1286 = FACE_OUTER_BOUND ( 'NONE', #1002, .T. ) ;
#1287 = ORIENTED_EDGE ( 'NONE', *, *, #427, .F. ) ;
#1288 = EDGE_CURVE ( 'NONE', #398, #1409, #177, .T. ) ;
#1289 = DIRECTION ( 'NONE',  ( 0.000000000000000000, 0.000000000000000000, -1.000000000000000000 ) ) ;
#1290 = VERTEX_POINT ( 'NONE', #604 ) ;
#1291 = DIRECTION ( 'NONE',  ( 0.000000000000000000, 1.000000000000000000, 0.000000000000000000 ) ) ;
#1292 = CARTESIAN_POINT ( 'NONE',  ( 26.15233727297595578, -0.5999999999999949818, 6.187917255506579117 ) ) ;
#1293 = CARTESIAN_POINT ( 'NONE',  ( 29.53667439963681929, -19.22000000000000242, 6.260000000000016662 ) ) ;
#1294 = ORIENTED_EDGE ( 'NONE', *, *, #1395, .T. ) ;
#1295 = CARTESIAN_POINT ( 'NONE',  ( 26.60053967498508598, -0.5999999999999949818, 5.640000000000008562 ) ) ;
#1296 = AXIS2_PLACEMENT_3D ( 'NONE', #819, #566, #412 ) ;
#1297 = ADVANCED_FACE ( 'NONE', ( #1728 ), #640, .T. ) ;
#1298 = ORIENTED_EDGE ( 'NONE', *, *, #925, .F. ) ;
#1299 = VECTOR ( 'NONE', #1535, 100.0000000000000000 ) ;
#1300 = EDGE_LOOP ( 'NONE', ( #1562, #1082, #1783, #983 ) ) ;
#1301 = CARTESIAN_POINT ( 'NONE',  ( 16.11000000000000298, -3.209999999999987974, 0.09999999999999731326 ) ) ;
#1302 = VERTEX_POINT ( 'NONE', #817 ) ;
#1303 = VECTOR ( 'NONE', #1619, 100.0000000000000000 ) ;
#1304 = CARTESIAN_POINT ( 'NONE',  ( 0.000000000000000000, -17.98000000000000043, 0.000000000000000000 ) ) ;
#1305 = VECTOR ( 'NONE', #414, 100.0000000000000000 ) ;
#1306 = DIRECTION ( 'NONE',  ( -0.9731308116794300522, 0.000000000000000000, -0.2302529551604788061 ) ) ;
#1307 = PLANE ( 'NONE',  #1801 ) ;
#1308 = ORIENTED_EDGE ( 'NONE', *, *, #1729, .F. ) ;
#1309 = EDGE_LOOP ( 'NONE', ( #1446, #247, #77, #1231 ) ) ;
#1310 = ADVANCED_FACE ( 'NONE', ( #824 ), #675, .T. ) ;
#1311 = DIRECTION ( 'NONE',  ( 0.000000000000000000, -1.000000000000000000, 0.000000000000000000 ) ) ;
#1312 = CYLINDRICAL_SURFACE ( 'NONE', #537, 0.3100000000000078804 ) ;
#1313 = CARTESIAN_POINT ( 'NONE',  ( 29.04625403469443512, -18.60000000000000142, 5.640000000000005009 ) ) ;
#1314 = DIRECTION ( 'NONE',  ( -0.9731308116794299412, -0.000000000000000000, -0.2302529551604793612 ) ) ;
#1315 = ORIENTED_EDGE ( 'NONE', *, *, #1787, .F. ) ;
#1316 = EDGE_CURVE ( 'NONE', #60, #1261, #1091, .T. ) ;
#1317 = CARTESIAN_POINT ( 'NONE',  ( 27.61203349049510081, -18.60000000000000497, 6.533296688247299144 ) ) ;
#1318 = ORIENTED_EDGE ( 'NONE', *, *, #111, .T. ) ;
#1319 = EDGE_CURVE ( 'NONE', #276, #461, #521, .T. ) ;
#1320 = EDGE_LOOP ( 'NONE', ( #1553, #1626, #689, #382 ) ) ;
#1321 = CARTESIAN_POINT ( 'NONE',  ( 34.07000000000000028, -17.98000000000000043, 5.020000000000000462 ) ) ;
#1322 = CARTESIAN_POINT ( 'NONE',  ( 34.07000000000000028, -15.97000000000000064, 8.061319288389512394 ) ) ;
#1323 = PRODUCT_DEFINITION_FORMATION_WITH_SPECIFIED_SOURCE ( 'ANY', '', #838, .NOT_KNOWN. ) ;
#1324 = DIRECTION ( 'NONE',  ( -0.2302529551604794444, 0.000000000000000000, 0.9731308116794299412 ) ) ;
#1325 = VERTEX_POINT ( 'NONE', #666 ) ;
#1326 = VECTOR ( 'NONE', #1778, 100.0000000000000000 ) ;
#1327 = VECTOR ( 'NONE', #773, 100.0000000000000000 ) ;
#1328 = AXIS2_PLACEMENT_3D ( 'NONE', #1142, #850, #961 ) ;
#1329 = CARTESIAN_POINT ( 'NONE',  ( 34.07000000000000028, -17.88000000000000256, 0.1000000000000000472 ) ) ;
#1330 = EDGE_CURVE ( 'NONE', #451, #1118, #347, .T. ) ;
#1331 = DIRECTION ( 'NONE',  ( -0.9731308116794300522, 0.000000000000000000, -0.2302529551604788061 ) ) ;
#1332 = CARTESIAN_POINT ( 'NONE',  ( 16.11000000000000654, -17.98000000000000398, 0.3747477419454832703 ) ) ;
#1333 = DIRECTION ( 'NONE',  ( -0.9731308116794296081, 0.000000000000000000, -0.2302529551604809155 ) ) ;
#1334 = VERTEX_POINT ( 'NONE', #82 ) ;
#1335 = CARTESIAN_POINT ( 'NONE',  ( 29.27661565774667807, -18.60000000000000142, 4.666409919193522882 ) ) ;
#1336 = DIRECTION ( 'NONE',  ( 0.000000000000000000, -1.000000000000000000, 0.000000000000000000 ) ) ;
#1337 = DIRECTION ( 'NONE',  ( 0.000000000000000000, 0.000000000000000000, -1.000000000000000000 ) ) ;
#1338 = EDGE_CURVE ( 'NONE', #1825, #555, #1418, .T. ) ;
#1339 = CYLINDRICAL_SURFACE ( 'NONE', #238, 0.3100000000000077138 ) ;
#1340 = PLANE ( 'NONE',  #1595 ) ;
#1341 = EDGE_CURVE ( 'NONE', #164, #607, #1806, .T. ) ;
#1342 = ORIENTED_EDGE ( 'NONE', *, *, #1004, .T. ) ;
#1343 = CARTESIAN_POINT ( 'NONE',  ( 18.10999999999999943, -2.209999999999989750, 12.63499999999999979 ) ) ;
#1344 = VERTEX_POINT ( 'NONE', #372 ) ;
#1345 = DIRECTION ( 'NONE',  ( 1.000000000000000000, 0.000000000000000000, 0.000000000000000000 ) ) ;
#1346 = DIRECTION ( 'NONE',  ( 0.000000000000000000, 0.000000000000000000, -1.000000000000000000 ) ) ;
#1347 = FACE_OUTER_BOUND ( 'NONE', #1380, .T. ) ;
#1348 = CARTESIAN_POINT ( 'NONE',  ( 25.81672230629736120, -19.22000000000002728, 6.260000000000033538 ) ) ;
#1349 = EDGE_CURVE ( 'NONE', #420, #737, #964, .T. ) ;
#1350 = CARTESIAN_POINT ( 'NONE',  ( 29.04625403469443512, -0.6000000000000005329, 5.640000000000002345 ) ) ;
#1351 = AXIS2_PLACEMENT_3D ( 'NONE', #488, #1063, #1055 ) ;
#1352 = CARTESIAN_POINT ( 'NONE',  ( 28.77005915639362499, -18.60000000000000142, 6.807297704888269685 ) ) ;
#1353 = VECTOR ( 'NONE', #1206, 100.0000000000000142 ) ;
#1354 = VECTOR ( 'NONE', #1453, 100.0000000000000000 ) ;
#1355 = DIRECTION ( 'NONE',  ( -0.2302529551604794444, 0.000000000000000000, 0.9731308116794300522 ) ) ;
#1356 = VECTOR ( 'NONE', #1505, 100.0000000000000000 ) ;
#1357 = DIRECTION ( 'NONE',  ( 0.000000000000000000, 1.000000000000000000, 0.000000000000000000 ) ) ;
#1358 = LINE ( 'NONE', #1789, #151 ) ;
#1359 = VECTOR ( 'NONE', #1194, 100.0000000000000000 ) ;
#1360 = EDGE_CURVE ( 'NONE', #198, #1261, #102, .T. ) ;
#1361 = ORIENTED_EDGE ( 'NONE', *, *, #518, .T. ) ;
#1362 = CARTESIAN_POINT ( 'NONE',  ( 34.41333333333333400, -17.64666666666666472, 0.7766666666666689478 ) ) ;
#1363 = VERTEX_POINT ( 'NONE', #694 ) ;
#1364 = ORIENTED_EDGE ( 'NONE', *, *, #615, .T. ) ;
#1365 = CARTESIAN_POINT ( 'NONE',  ( 26.45400782459658728, -0.5999999999999949818, 6.259295671606332157 ) ) ;
#1366 = LINE ( 'NONE', #1235, #801 ) ;
#1367 = FACE_OUTER_BOUND ( 'NONE', #873, .T. ) ;
#1368 = FACE_BOUND ( 'NONE', #1610, .T. ) ;
#1369 = ORIENTED_EDGE ( 'NONE', *, *, #1609, .F. ) ;
#1370 = EDGE_LOOP ( 'NONE', ( #395, #1546, #1064, #322 ) ) ;
#1371 = CARTESIAN_POINT ( 'NONE',  ( 34.07000000000000028, 1.656660919557850775E-14, 6.240000000000025970 ) ) ;
#1372 = ORIENTED_EDGE ( 'NONE', *, *, #1175, .F. ) ;
#1373 = DIRECTION ( 'NONE',  ( -0.7071067811865392461, -1.327886044218332067E-16, -0.7071067811865558994 ) ) ;
#1374 = LINE ( 'NONE', #91, #686 ) ;
#1375 = EDGE_CURVE ( 'NONE', #480, #144, #265, .T. ) ;
#1376 = CARTESIAN_POINT ( 'NONE',  ( 29.57828620936730601, -18.60000000000000142, 4.737788335293272368 ) ) ;
#1377 = CARTESIAN_POINT ( 'NONE',  ( 16.11000000000000298, -3.209999999999987974, 0.09999999999999731326 ) ) ;
#1378 = LINE ( 'NONE', #1700, #502 ) ;
#1379 = EDGE_LOOP ( 'NONE', ( #374, #1056, #1458, #1699 ) ) ;
#1380 = EDGE_LOOP ( 'NONE', ( #1566, #470, #1214, #839 ) ) ;
#1381 = PLANE ( 'NONE',  #89 ) ;
#1382 = VECTOR ( 'NONE', #158, 100.0000000000000000 ) ;
#1383 = ADVANCED_FACE ( 'NONE', ( #800 ), #1385, .T. ) ;
#1384 = DIRECTION ( 'NONE',  ( -1.000000000000000000, 0.000000000000000000, 0.000000000000000000 ) ) ;
#1385 = PLANE ( 'NONE',  #658 ) ;
#1386 = VECTOR ( 'NONE', #408, 100.0000000000000000 ) ;
#1387 = CIRCLE ( 'NONE', #830, 0.3100000000000019962 ) ;
#1388 = ORIENTED_EDGE ( 'NONE', *, *, #1794, .F. ) ;
#1389 = DIRECTION ( 'NONE',  ( -0.2302529551604794444, 0.000000000000000000, 0.9731308116794300522 ) ) ;
#1390 = ORIENTED_EDGE ( 'NONE', *, *, #1349, .T. ) ;
#1391 = ORIENTED_EDGE ( 'NONE', *, *, #1456, .F. ) ;
#1392 = CARTESIAN_POINT ( 'NONE',  ( 23.97999999999999687, -4.879999999999993676, -11.98999999999999844 ) ) ;
#1393 = LINE ( 'NONE', #1711, #1507 ) ;
#1394 = CARTESIAN_POINT ( 'NONE',  ( 16.11000000000000298, -3.209999999999987974, 12.63499999999999979 ) ) ;
#1395 = EDGE_CURVE ( 'NONE', #1514, #366, #1358, .T. ) ;
#1396 = EDGE_CURVE ( 'NONE', #1237, #720, #124, .T. ) ;
#1397 = ORIENTED_EDGE ( 'NONE', *, *, #367, .T. ) ;
#1398 = CARTESIAN_POINT ( 'NONE',  ( 17.09000000000000341, -15.99000000000000199, 12.63499999999999979 ) ) ;
#1399 = CARTESIAN_POINT ( 'NONE',  ( 35.19000000000000483, -15.97000000000000064, 0.000000000000000000 ) ) ;
#1400 = DIRECTION ( 'NONE',  ( -0.9731308116794300522, 0.000000000000000000, -0.2302529551604788061 ) ) ;
#1401 = CARTESIAN_POINT ( 'NONE',  ( 17.09000000000000696, -16.98999999999999844, 4.043673220973786897 ) ) ;
#1402 = CARTESIAN_POINT ( 'NONE',  ( 35.08999999999999631, -2.229999999999987548, 0.1000000000000056399 ) ) ;
#1403 = ORIENTED_EDGE ( 'NONE', *, *, #1670, .F. ) ;
#1404 = UNCERTAINTY_MEASURE_WITH_UNIT (LENGTH_MEASURE( 1.000000000000000082E-05 ), #96, 'distance_accuracy_value', 'NONE');
#1405 = EDGE_LOOP ( 'NONE', ( #730, #1298, #1643, #95 ) ) ;
#1406 = EDGE_CURVE ( 'NONE', #945, #878, #1252, .T. ) ;
#1407 = VERTEX_POINT ( 'NONE', #1659 ) ;
#1408 = DIRECTION ( 'NONE',  ( -0.9731308116794301633, 0.000000000000000000, -0.2302529551604785840 ) ) ;
#1409 = VERTEX_POINT ( 'NONE', #1377 ) ;
#1410 = DIRECTION ( 'NONE',  ( -0.2302529551604794444, 0.000000000000000000, 0.9731308116794299412 ) ) ;
#1411 = DIRECTION ( 'NONE',  ( -0.2302529551604794444, 0.000000000000000000, 0.9731308116794299412 ) ) ;
#1412 = LINE ( 'NONE', #409, #1745 ) ;
#1413 = AXIS2_PLACEMENT_3D ( 'NONE', #840, #966, #986 ) ;
#1414 = VECTOR ( 'NONE', #598, 100.0000000000000000 ) ;
#1415 = VECTOR ( 'NONE', #193, 100.0000000000000142 ) ;
#1416 = VECTOR ( 'NONE', #597, 100.0000000000000000 ) ;
#1417 = ORIENTED_EDGE ( 'NONE', *, *, #283, .F. ) ;
#1418 =( BOUNDED_CURVE ( )  B_SPLINE_CURVE ( 3, ( #402, #1348, #810, #1511 ),
 .UNSPECIFIED., .F., .T. ) 
 B_SPLINE_CURVE_WITH_KNOTS ( ( 4, 4 ),
 ( 4.938697601239185886, 8.080290254828979002 ),
 .UNSPECIFIED. ) 
 CURVE ( )  GEOMETRIC_REPRESENTATION_ITEM ( )  RATIONAL_B_SPLINE_CURVE ( ( 1.000000000000000000, 0.3333333333333333703, 0.3333333333333333703, 1.000000000000000000 ) ) 
 REPRESENTATION_ITEM ( '' )  );
#1419 = DIRECTION ( 'NONE',  ( -0.7071067811865339170, -9.862389815852666874E-16, -0.7071067811865612285 ) ) ;
#1420 = ADVANCED_FACE ( 'NONE', ( #1368, #529, #1099, #394, #955, #228, #1519 ), #257, .F. ) ;
#1421 = LINE ( 'NONE', #1399, #333 ) ;
#1422 = DIRECTION ( 'NONE',  ( 0.5773502691896310601, -0.5773502691896310601, 0.5773502691896150729 ) ) ;
#1423 = ADVANCED_FACE ( 'NONE', ( #1687 ), #843, .T. ) ;
#1424 = CARTESIAN_POINT ( 'NONE',  ( 27.91370404211573231, -0.5999999999999949818, 6.604675104347052184 ) ) ;
#1425 = DIRECTION ( 'NONE',  ( 0.000000000000000000, -1.000000000000000000, 0.000000000000000000 ) ) ;
#1426 = VERTEX_POINT ( 'NONE', #1144 ) ;
#1427 = CARTESIAN_POINT ( 'NONE',  ( 16.99000000000000554, -19.19999999999999929, 0.000000000000000000 ) ) ;
#1428 = LINE ( 'NONE', #1164, #569 ) ;
#1429 = EDGE_CURVE ( 'NONE', #802, #144, #154, .T. ) ;
#1430 = ORIENTED_EDGE ( 'NONE', *, *, #603, .F. ) ;
#1431 = DIRECTION ( 'NONE',  ( -0.2302529551604794722, 0.000000000000000000, 0.9731308116794300522 ) ) ;
#1432 = EDGE_CURVE ( 'NONE', #607, #760, #573, .T. ) ;
#1433 = DIRECTION ( 'NONE',  ( -0.2302529551604793612, 0.000000000000000000, 0.9731308116794299412 ) ) ;
#1434 = VERTEX_POINT ( 'NONE', #871 ) ;
#1435 = CARTESIAN_POINT ( 'NONE',  ( 17.09000000000000341, -2.209999999999989750, 4.043673220973784233 ) ) ;
#1436 = DIRECTION ( 'NONE',  ( 0.000000000000000000, -1.000000000000000000, 0.000000000000000000 ) ) ;
#1437 = EDGE_LOOP ( 'NONE', ( #1581, #1781, #159, #753 ) ) ;
#1438 = ORIENTED_EDGE ( 'NONE', *, *, #706, .T. ) ;
#1439 = CARTESIAN_POINT ( 'NONE',  ( 36.07000000000000028, -16.96999999999999886, 0.1000000000000056399 ) ) ;
#1440 = CARTESIAN_POINT ( 'NONE',  ( 27.61203349049510081, -0.5999999999999949818, 6.533296688247299144 ) ) ;
#1441 = EDGE_CURVE ( 'NONE', #1112, #1043, #711, .T. ) ;
#1442 = CARTESIAN_POINT ( 'NONE',  ( 0.000000000000000000, -17.88000000000000256, 0.000000000000000000 ) ) ;
#1443 = AXIS2_PLACEMENT_3D ( 'NONE', #397, #958, #1140 ) ;
#1444 = VECTOR ( 'NONE', #80, 100.0000000000000000 ) ;
#1445 = CARTESIAN_POINT ( 'NONE',  ( 16.11000000000000654, -15.99000000000000199, 12.63499999999999979 ) ) ;
#1446 = ORIENTED_EDGE ( 'NONE', *, *, #249, .F. ) ;
#1447 = VECTOR ( 'NONE', #1411, 100.0000000000000142 ) ;
#1448 = DIRECTION ( 'NONE',  ( 0.000000000000000000, 1.000000000000000000, 0.000000000000000000 ) ) ;
#1449 = VECTOR ( 'NONE', #270, 100.0000000000000142 ) ;
#1450 = ORIENTED_EDGE ( 'NONE', *, *, #148, .T. ) ;
#1451 = DIRECTION ( 'NONE',  ( -0.5773502691896257311, -0.5773502691896257311, -0.5773502691896257311 ) ) ;
#1452 = FACE_OUTER_BOUND ( 'NONE', #1129, .T. ) ;
#1453 = DIRECTION ( 'NONE',  ( 0.000000000000000000, 0.7071067811865436870, -0.7071067811865513475 ) ) ;
#1454 = EDGE_CURVE ( 'NONE', #143, #1005, #1124, .T. ) ;
#1455 = VERTEX_POINT ( 'NONE', #862 ) ;
#1456 = EDGE_CURVE ( 'NONE', #923, #366, #275, .T. ) ;
#1457 = DIRECTION ( 'NONE',  ( 1.000000000000000000, 0.000000000000000000, 0.000000000000000000 ) ) ;
#1458 = ORIENTED_EDGE ( 'NONE', *, *, #696, .F. ) ;
#1459 = VERTEX_POINT ( 'NONE', #1835 ) ;
#1460 = CARTESIAN_POINT ( 'NONE',  ( 16.11000000000000654, -1.219999999999987761, 0.3747477419454636749 ) ) ;
#1461 = DIRECTION ( 'NONE',  ( -0.7071067811865373587, 9.862389815852716178E-16, -0.7071067811865576758 ) ) ;
#1462 = FACE_BOUND ( 'NONE', #348, .T. ) ;
#1463 = EDGE_CURVE ( 'NONE', #171, #129, #1137, .T. ) ;
#1464 = DIRECTION ( 'NONE',  ( -1.000000000000000000, -1.394752543498940254E-15, 0.000000000000000000 ) ) ;
#1465 = ORIENTED_EDGE ( 'NONE', *, *, #903, .F. ) ;
#1466 = ORIENTED_EDGE ( 'NONE', *, *, #545, .F. ) ;
#1467 = DIRECTION ( 'NONE',  ( -1.000000000000000000, 0.000000000000000000, 0.000000000000000000 ) ) ;
#1468 = DIRECTION ( 'NONE',  ( 0.000000000000000000, 0.000000000000000000, 1.000000000000000000 ) ) ;
#1469 = LINE ( 'NONE', #210, #1327 ) ;
#1470 = VERTEX_POINT ( 'NONE', #989 ) ;
#1471 = EDGE_LOOP ( 'NONE', ( #147, #1668, #298 ) ) ;
#1472 = VECTOR ( 'NONE', #875, 100.0000000000000000 ) ;
#1473 = DIRECTION ( 'NONE',  ( 0.7071067811865475727, 0.000000000000000000, -0.7071067811865475727 ) ) ;
#1474 = ORIENTED_EDGE ( 'NONE', *, *, #1817, .T. ) ;
#1475 = VECTOR ( 'NONE', #727, 99.99999999999998579 ) ;
#1476 = EDGE_CURVE ( 'NONE', #1459, #458, #280, .T. ) ;
#1477 = VECTOR ( 'NONE', #281, 100.0000000000000000 ) ;
#1478 = FACE_OUTER_BOUND ( 'NONE', #1494, .T. ) ;
#1479 = SHAPE_DEFINITION_REPRESENTATION ( #1254, #1154 ) ;
#1480 = CARTESIAN_POINT ( 'NONE',  ( 0.000000000000000000, 0.000000000000000000, 6.240000000000009095 ) ) ;
#1481 = EDGE_CURVE ( 'NONE', #1363, #136, #1412, .T. ) ;
#1482 = CARTESIAN_POINT ( 'NONE',  ( 16.21000000000000441, -16.08999999999999986, 0.000000000000000000 ) ) ;
#1483 = LINE ( 'NONE', #1173, #1382 ) ;
#1484 = ORIENTED_EDGE ( 'NONE', *, *, #904, .F. ) ;
#1485 = PRESENTATION_STYLE_ASSIGNMENT (( #1650 ) ) ;
#1486 = CARTESIAN_POINT ( 'NONE',  ( 0.000000000000000000, -16.86999999999999389, 0.000000000000000000 ) ) ;
#1487 = APPLICATION_PROTOCOL_DEFINITION ( 'draft international standard', 'automotive_design', 1998, #1814 ) ;
#1488 = CARTESIAN_POINT ( 'NONE',  ( 29.68337290150947894, -18.60000000000000142, 5.640000000000005009 ) ) ;
#1489 = EDGE_CURVE ( 'NONE', #58, #1141, #163, .T. ) ;
#1490 = DIRECTION ( 'NONE',  ( -1.000000000000000000, 0.000000000000000000, 0.000000000000000000 ) ) ;
#1491 = DIRECTION ( 'NONE',  ( 1.000000000000000000, 0.000000000000000000, 0.000000000000000000 ) ) ;
#1492 = DIRECTION ( 'NONE',  ( -0.2302529551604794722, 0.000000000000000000, 0.9731308116794300522 ) ) ;
#1493 = EDGE_LOOP ( 'NONE', ( #1127, #931, #1192, #1172 ) ) ;
#1494 = EDGE_LOOP ( 'NONE', ( #1474, #757, #295, #116, #324, #995, #1273 ) ) ;
#1495 = ORIENTED_EDGE ( 'NONE', *, *, #960, .T. ) ;
#1496 = DIRECTION ( 'NONE',  ( 0.000000000000000000, -0.9396926207859087610, 0.3420201433256678802 ) ) ;
#1497 = LINE ( 'NONE', #1630, #53 ) ;
#1498 = DIRECTION ( 'NONE',  ( -1.000000000000000000, 0.000000000000000000, 0.000000000000000000 ) ) ;
#1499 = DIRECTION ( 'NONE',  ( 0.000000000000000000, 0.000000000000000000, -1.000000000000000000 ) ) ;
#1500 = EDGE_CURVE ( 'NONE', #1705, #777, #589, .T. ) ;
#1501 = ORIENTED_EDGE ( 'NONE', *, *, #1338, .F. ) ;
#1502 = CARTESIAN_POINT ( 'NONE',  ( 35.08999999999999631, -3.329999999999991189, 0.000000000000000000 ) ) ;
#1503 = ORIENTED_EDGE ( 'NONE', *, *, #1406, .F. ) ;
#1504 = AXIS2_PLACEMENT_3D ( 'NONE', #887, #1311, #1457 ) ;
#1505 = DIRECTION ( 'NONE',  ( -1.000000000000000000, 0.000000000000000000, 0.000000000000000000 ) ) ;
#1506 = VECTOR ( 'NONE', #944, 100.0000000000000000 ) ;
#1507 = VECTOR ( 'NONE', #702, 100.0000000000000000 ) ;
#1508 = CARTESIAN_POINT ( 'NONE',  ( 29.37340025963487378, -0.6000000000000005329, 6.950054537087768658 ) ) ;
#1509 = VECTOR ( 'NONE', #1436, 100.0000000000000000 ) ;
#1510 = LINE ( 'NONE', #1080, #535 ) ;
#1511 = CARTESIAN_POINT ( 'NONE',  ( 26.60053967498508598, -18.60000000000000497, 5.640000000000011227 ) ) ;
#1512 = VERTEX_POINT ( 'NONE', #435 ) ;
#1513 = EDGE_CURVE ( 'NONE', #105, #398, #13, .T. ) ;
#1514 = VERTEX_POINT ( 'NONE', #1117 ) ;
#1515 = PLANE ( 'NONE',  #915 ) ;
#1516 = FACE_OUTER_BOUND ( 'NONE', #784, .T. ) ;
#1517 = CARTESIAN_POINT ( 'NONE',  ( 25.96342080817002795, -18.60000000000000497, 5.640000000000011227 ) ) ;
#1518 = DIRECTION ( 'NONE',  ( -0.9731308116794301633, 0.000000000000000000, -0.2302529551604785840 ) ) ;
#1519 = FACE_OUTER_BOUND ( 'NONE', #46, .T. ) ;
#1520 = CARTESIAN_POINT ( 'NONE',  ( 28.14195628824728246, -0.5999999999999949818, 5.640000000000007674 ) ) ;
#1521 = ADVANCED_FACE ( 'NONE', ( #1286 ), #132, .T. ) ;
#1522 = DIRECTION ( 'NONE',  ( -0.2302529551604794444, 0.000000000000000000, 0.9731308116794300522 ) ) ;
#1523 = DIRECTION ( 'NONE',  ( -0.5773502691896257311, -0.5773502691896257311, -0.5773502691896257311 ) ) ;
#1524 = PLANE ( 'NONE',  #1069 ) ;
#1525 = DIRECTION ( 'NONE',  ( 0.000000000000000000, -0.7071067811865475727, -0.7071067811865475727 ) ) ;
#1526 = ORIENTED_EDGE ( 'NONE', *, *, #1574, .F. ) ;
#1527 = VERTEX_POINT ( 'NONE', #703 ) ;
#1528 = LINE ( 'NONE', #285, #1743 ) ;
#1529 = ORIENTED_EDGE ( 'NONE', *, *, #1247, .T. ) ;
#1530 = DIRECTION ( 'NONE',  ( 0.2302529551604794444, 0.000000000000000000, -0.9731308116794300522 ) ) ;
#1531 = EDGE_CURVE ( 'NONE', #1290, #200, #562, .T. ) ;
#1532 = VECTOR ( 'NONE', #551, 100.0000000000000000 ) ;
#1533 = CARTESIAN_POINT ( 'NONE',  ( 35.08999999999999631, -3.229999999999985771, 12.63499999999999979 ) ) ;
#1534 = EDGE_CURVE ( 'NONE', #136, #651, #733, .T. ) ;
#1535 = DIRECTION ( 'NONE',  ( 0.000000000000000000, 0.000000000000000000, -1.000000000000000000 ) ) ;
#1536 = VECTOR ( 'NONE', #588, 100.0000000000000142 ) ;
#1537 = AXIS2_PLACEMENT_3D ( 'NONE', #1189, #1291, #867 ) ;
#1538 = ORIENTED_EDGE ( 'NONE', *, *, #1787, .T. ) ;
#1539 = CARTESIAN_POINT ( 'NONE',  ( 0.000000000000000000, -19.19999999999999929, 0.000000000000000000 ) ) ;
#1540 = CARTESIAN_POINT ( 'NONE',  ( 16.21000000000000796, -17.88000000000000256, 0.000000000000000000 ) ) ;
#1541 = EDGE_CURVE ( 'NONE', #1177, #438, #1260, .T. ) ;
#1542 = CARTESIAN_POINT ( 'NONE',  ( 18.11000000000000298, -16.98999999999999844, 0.09999999999999731326 ) ) ;
#1543 = DIRECTION ( 'NONE',  ( 0.9483172516123353768, -0.2243818066314930415, 0.2243818066314954562 ) ) ;
#1544 = EDGE_CURVE ( 'NONE', #27, #1237, #1606, .T. ) ;
#1545 = ORIENTED_EDGE ( 'NONE', *, *, #913, .T. ) ;
#1546 = ORIENTED_EDGE ( 'NONE', *, *, #1534, .F. ) ;
#1547 = LINE ( 'NONE', #137, #83 ) ;
#1548 = DIRECTION ( 'NONE',  ( -0.5773502691896257311, 0.5773502691896257311, -0.5773502691896257311 ) ) ;
#1549 = LINE ( 'NONE', #289, #1447 ) ;
#1550 = CARTESIAN_POINT ( 'NONE',  ( 35.96999999999999886, -16.96999999999999886, 0.000000000000000000 ) ) ;
#1551 = ADVANCED_FACE ( 'NONE', ( #1186 ), #1735, .F. ) ;
#1552 = ORIENTED_EDGE ( 'NONE', *, *, #1684, .F. ) ;
#1553 = ORIENTED_EDGE ( 'NONE', *, *, #615, .F. ) ;
#1554 = LINE ( 'NONE', #1148, #1038 ) ;
#1555 = CARTESIAN_POINT ( 'NONE',  ( 35.08999999999999631, -2.229999999999987548, 0.1000000000000056399 ) ) ;
#1556 = LINE ( 'NONE', #1533, #1746 ) ;
#1557 = CARTESIAN_POINT ( 'NONE',  ( 34.07000000000000028, 1.665334536937734811E-14, 12.63499999999999979 ) ) ;
#1558 = ORIENTED_EDGE ( 'NONE', *, *, #74, .F. ) ;
#1559 = COLOUR_RGB ( '',0.7921568627450980005, 0.8196078431372548767, 0.9333333333333333481 ) ;
#1560 = AXIS2_PLACEMENT_3D ( 'NONE', #1712, #448, #1014 ) ;
#1561 = AXIS2_PLACEMENT_3D ( 'NONE', #81, #1357, #1490 ) ;
#1562 = ORIENTED_EDGE ( 'NONE', *, *, #969, .T. ) ;
#1563 = ORIENTED_EDGE ( 'NONE', *, *, #330, .T. ) ;
#1564 = VERTEX_POINT ( 'NONE', #1322 ) ;
#1565 = CARTESIAN_POINT ( 'NONE',  ( 29.04597365997205571, -0.5999999999999949818, -6.041618404611488025 ) ) ;
#1566 = ORIENTED_EDGE ( 'NONE', *, *, #680, .F. ) ;
#1567 = ADVANCED_FACE ( 'NONE', ( #203 ), #610, .T. ) ;
#1568 = LINE ( 'NONE', #18, #1747 ) ;
#1569 = CARTESIAN_POINT ( 'NONE',  ( 29.04597365997205571, -18.60000000000000497, -6.041618404611488025 ) ) ;
#1570 = CARTESIAN_POINT ( 'NONE',  ( 16.20999999999999019, -1.319999999999998952, 1.246908773888053977E-14 ) ) ;
#1571 = FACE_OUTER_BOUND ( 'NONE', #376, .T. ) ;
#1572 = EDGE_LOOP ( 'NONE', ( #1681, #997 ) ) ;
#1573 = CARTESIAN_POINT ( 'NONE',  ( 33.96999999999999176, -19.19999999999999929, 0.000000000000000000 ) ) ;
#1574 = EDGE_CURVE ( 'NONE', #556, #297, #477, .T. ) ;
#1575 = LINE ( 'NONE', #1439, #506 ) ;
#1576 = CARTESIAN_POINT ( 'NONE',  ( 25.96342080817002795, -0.5999999999999949818, 5.640000000000006786 ) ) ;
#1577 = FACE_BOUND ( 'NONE', #1572, .T. ) ;
#1578 = EDGE_LOOP ( 'NONE', ( #1545, #248, #1156, #1538 ) ) ;
#1579 = ORIENTED_EDGE ( 'NONE', *, *, #1175, .T. ) ;
#1580 = DIRECTION ( 'NONE',  ( 0.000000000000000000, -1.000000000000000000, 0.000000000000000000 ) ) ;
#1581 = ORIENTED_EDGE ( 'NONE', *, *, #495, .F. ) ;
#1582 = DIRECTION ( 'NONE',  ( 0.000000000000000000, -1.000000000000000000, 0.000000000000000000 ) ) ;
#1583 = ORIENTED_EDGE ( 'NONE', *, *, #804, .F. ) ;
#1584 = DIRECTION ( 'NONE',  ( -0.9731308116794296081, 0.000000000000000000, -0.2302529551604809155 ) ) ;
#1585 = LINE ( 'NONE', #328, #1245 ) ;
#1586 = ADVANCED_FACE ( 'NONE', ( #637 ), #1307, .T. ) ;
#1587 = DIRECTION ( 'NONE',  ( 1.000000000000000000, 0.000000000000000000, 0.000000000000000000 ) ) ;
#1588 = VECTOR ( 'NONE', #1018, 100.0000000000000000 ) ;
#1589 = ORIENTED_EDGE ( 'NONE', *, *, #696, .T. ) ;
#1590 = AXIS2_PLACEMENT_3D ( 'NONE', #788, #526, #953 ) ;
#1591 = VECTOR ( 'NONE', #1658, 100.0000000000000000 ) ;
#1592 = VERTEX_POINT ( 'NONE', #1179 ) ;
#1593 = VECTOR ( 'NONE', #1774, 100.0000000000000142 ) ;
#1594 = LINE ( 'NONE', #481, #389 ) ;
#1595 = AXIS2_PLACEMENT_3D ( 'NONE', #1158, #1419, #9 ) ;
#1596 = ORIENTED_EDGE ( 'NONE', *, *, #1717, .F. ) ;
#1597 = FACE_OUTER_BOUND ( 'NONE', #673, .T. ) ;
#1598 = CARTESIAN_POINT ( 'NONE',  ( 0.000000000000000000, -17.88000000000000256, 0.1000000000000000056 ) ) ;
#1599 = CARTESIAN_POINT ( 'NONE',  ( 34.07000000000000028, -1.219999999999998863, 0.3747477419454632308 ) ) ;
#1600 = EDGE_CURVE ( 'NONE', #720, #533, #1008, .T. ) ;
#1601 = ORIENTED_EDGE ( 'NONE', *, *, #1600, .F. ) ;
#1602 = EDGE_LOOP ( 'NONE', ( #1836, #1721, #1754, #1744, #15, #633, #1772, #462, #1084, #984, #430, #868, #1558, #872, #1691, #558, #853, #157, #621, #34 ) ) ;
#1603 = CARTESIAN_POINT ( 'NONE',  ( 35.08999999999999631, -16.86999999999999389, 0.000000000000000000 ) ) ;
#1604 = ORIENTED_EDGE ( 'NONE', *, *, #1684, .T. ) ;
#1605 = CARTESIAN_POINT ( 'NONE',  ( 16.10999999999997812, -19.20000000000002416, 3.811794943820220105 ) ) ;
#1606 =( BOUNDED_CURVE ( )  B_SPLINE_CURVE ( 3, ( #1313, #625, #1293, #1750 ),
 .UNSPECIFIED., .F., .T. ) 
 B_SPLINE_CURVE_WITH_KNOTS ( ( 4, 4 ),
 ( 4.938697601239184998, 8.080290254828979002 ),
 .UNSPECIFIED. ) 
 CURVE ( )  GEOMETRIC_REPRESENTATION_ITEM ( )  RATIONAL_B_SPLINE_CURVE ( ( 1.000000000000000000, 0.3333333333333330373, 0.3333333333333330373, 1.000000000000000000 ) ) 
 REPRESENTATION_ITEM ( '' )  );
#1607 = LINE ( 'NONE', #892, #445 ) ;
#1608 = DIRECTION ( 'NONE',  ( 0.000000000000000000, -0.7071067811865436870, -0.7071067811865513475 ) ) ;
#1609 = EDGE_CURVE ( 'NONE', #1043, #1290, #763, .T. ) ;
#1610 = EDGE_LOOP ( 'NONE', ( #444, #1271 ) ) ;
#1611 = EDGE_CURVE ( 'NONE', #555, #1784, #1035, .T. ) ;
#1612 = CYLINDRICAL_SURFACE ( 'NONE', #532, 0.3100000000000077138 ) ;
#1613 = EDGE_LOOP ( 'NONE', ( #78, #1816, #450, #1484 ) ) ;
#1614 = ORIENTED_EDGE ( 'NONE', *, *, #236, .T. ) ;
#1615 = CARTESIAN_POINT ( 'NONE',  ( 36.07000000000000028, -2.329999999999992966, 0.000000000000000000 ) ) ;
#1616 = DIRECTION ( 'NONE',  ( 1.000000000000000000, 0.000000000000000000, 0.000000000000000000 ) ) ;
#1617 = DIRECTION ( 'NONE',  ( -1.000000000000000000, 0.000000000000000000, 0.000000000000000000 ) ) ;
#1618 = AXIS2_PLACEMENT_3D ( 'NONE', #636, #1629, #1616 ) ;
#1619 = DIRECTION ( 'NONE',  ( 0.000000000000000000, -1.000000000000000000, 0.000000000000000000 ) ) ;
#1620 = CARTESIAN_POINT ( 'NONE',  ( 30.20399932587057279, -0.5999999999999949818, -5.767617387970518372 ) ) ;
#1621 = ADVANCED_FACE ( 'NONE', ( #320 ), #880, .T. ) ;
#1622 = VECTOR ( 'NONE', #739, 100.0000000000000000 ) ;
#1623 = CARTESIAN_POINT ( 'NONE',  ( 17.09000000000000341, -16.98999999999999844, 12.63499999999999979 ) ) ;
#1624 = AXIS2_PLACEMENT_3D ( 'NONE', #1829, #568, #1693 ) ;
#1625 = EDGE_CURVE ( 'NONE', #1334, #482, #617, .T. ) ;
#1626 = ORIENTED_EDGE ( 'NONE', *, *, #936, .T. ) ;
#1627 = VECTOR ( 'NONE', #1811, 100.0000000000000000 ) ;
#1628 = FACE_OUTER_BOUND ( 'NONE', #499, .T. ) ;
#1629 = DIRECTION ( 'NONE',  ( 0.000000000000000000, -1.000000000000000000, 0.000000000000000000 ) ) ;
#1630 = CARTESIAN_POINT ( 'NONE',  ( 0.000000000000000000, -16.96999999999999886, 0.000000000000000000 ) ) ;
#1631 = EDGE_LOOP ( 'NONE', ( #260, #1601 ) ) ;
#1632 = DIRECTION ( 'NONE',  ( -0.9731308116794299412, -0.000000000000000000, -0.2302529551604793612 ) ) ;
#1633 = DIRECTION ( 'NONE',  ( -1.000000000000000000, 0.000000000000000000, 0.000000000000000000 ) ) ;
#1634 = ORIENTED_EDGE ( 'NONE', *, *, #1534, .T. ) ;
#1635 = FILL_AREA_STYLE ('',( #805 ) ) ;
#1636 = ORIENTED_EDGE ( 'NONE', *, *, #1146, .F. ) ;
#1637 = LINE ( 'NONE', #1792, #1356 ) ;
#1638 = EDGE_CURVE ( 'NONE', #390, #1409, #1585, .T. ) ;
#1639 = CARTESIAN_POINT ( 'NONE',  ( 35.09000000000001052, -2.229999999999987548, 8.302661985018730206 ) ) ;
#1640 = CARTESIAN_POINT ( 'NONE',  ( 18.21000000000000085, -2.109999999999989662, 0.000000000000000000 ) ) ;
#1641 = DIRECTION ( 'NONE',  ( 0.000000000000000000, 1.000000000000000000, 0.000000000000000000 ) ) ;
#1642 = EDGE_LOOP ( 'NONE', ( #848, #1157, #1701, #196 ) ) ;
#1643 = ORIENTED_EDGE ( 'NONE', *, *, #465, .F. ) ;
#1644 = CARTESIAN_POINT ( 'NONE',  ( 26.60053967498508598, -0.5999999999999949818, 5.640000000000008562 ) ) ;
#1645 = EDGE_LOOP ( 'NONE', ( #912, #1763, #1388, #811 ) ) ;
#1646 = CARTESIAN_POINT ( 'NONE',  ( 0.000000000000000000, -1.219999999999998863, 0.3747477419454632308 ) ) ;
#1647 = CARTESIAN_POINT ( 'NONE',  ( 16.11000000000000654, -17.88000000000000256, 0.09999999999999728550 ) ) ;
#1648 = DIRECTION ( 'NONE',  ( 0.000000000000000000, -1.000000000000000000, 0.000000000000000000 ) ) ;
#1649 = EDGE_CURVE ( 'NONE', #1261, #1334, #1607, .T. ) ;
#1650 = SURFACE_STYLE_USAGE ( .BOTH. , #1092 ) ;
#1651 = ORIENTED_EDGE ( 'NONE', *, *, #64, .F. ) ;
#1652 = AXIS2_PLACEMENT_3D ( 'NONE', #828, #1389, #1408 ) ;
#1653 = ORIENTED_EDGE ( 'NONE', *, *, #858, .F. ) ;
#1654 = DIRECTION ( 'NONE',  ( 1.000000000000000000, 0.000000000000000000, 0.000000000000000000 ) ) ;
#1655 = VECTOR ( 'NONE', #1499, 100.0000000000000000 ) ;
#1656 = DIRECTION ( 'NONE',  ( 0.000000000000000000, 0.000000000000000000, -1.000000000000000000 ) ) ;
#1657 = VECTOR ( 'NONE', #759, 100.0000000000000000 ) ;
#1658 = DIRECTION ( 'NONE',  ( 1.000000000000000000, 0.000000000000000000, 0.000000000000000000 ) ) ;
#1659 = CARTESIAN_POINT ( 'NONE',  ( 35.19000000000000483, -16.86999999999999389, 0.000000000000000000 ) ) ;
#1660 = ADVANCED_FACE ( 'NONE', ( #1452 ), #194, .F. ) ;
#1661 = EDGE_LOOP ( 'NONE', ( #266, #605, #1707, #1215 ) ) ;
#1662 = DIRECTION ( 'NONE',  ( -0.2302529551604794444, 0.000000000000000000, 0.9731308116794299412 ) ) ;
#1663 = ORIENTED_EDGE ( 'NONE', *, *, #1609, .T. ) ;
#1664 = LINE ( 'NONE', #968, #1449 ) ;
#1665 = DIRECTION ( 'NONE',  ( -0.9731308116794299412, -0.000000000000000000, -0.2302529551604793612 ) ) ;
#1666 = DIRECTION ( 'NONE',  ( 0.7071067811865475727, 0.000000000000000000, -0.7071067811865475727 ) ) ;
#1667 = CARTESIAN_POINT ( 'NONE',  ( 18.11000000000000298, -19.19999999999999929, 4.285015917602996716 ) ) ;
#1668 = ORIENTED_EDGE ( 'NONE', *, *, #507, .F. ) ;
#1669 =( BOUNDED_CURVE ( )  B_SPLINE_CURVE ( 3, ( #798, #1227, #1109, #1241 ),
 .UNSPECIFIED., .F., .T. ) 
 B_SPLINE_CURVE_WITH_KNOTS ( ( 4, 4 ),
 ( 4.938697601239184998, 8.080290254828979002 ),
 .UNSPECIFIED. ) 
 CURVE ( )  GEOMETRIC_REPRESENTATION_ITEM ( )  RATIONAL_B_SPLINE_CURVE ( ( 1.000000000000000000, 0.3333333333333330373, 0.3333333333333330373, 1.000000000000000000 ) ) 
 REPRESENTATION_ITEM ( '' )  );
#1670 = EDGE_CURVE ( 'NONE', #398, #10, #1059, .T. ) ;
#1671 = FACE_OUTER_BOUND ( 'NONE', #1086, .T. ) ;
#1672 = ADVANCED_FACE ( 'NONE', ( #218 ), #1741, .F. ) ;
#1673 = CARTESIAN_POINT ( 'NONE',  ( 17.09000000000000341, -19.19999999999999929, 4.043673220973783344 ) ) ;
#1674 =( NAMED_UNIT ( * ) SI_UNIT ( $, .STERADIAN. ) SOLID_ANGLE_UNIT ( ) );
#1675 = VERTEX_POINT ( 'NONE', #755 ) ;
#1676 = CARTESIAN_POINT ( 'NONE',  ( 18.11000000000000298, -16.98999999999999844, 4.285015917602996716 ) ) ;
#1677 = DIRECTION ( 'NONE',  ( 0.9731308116794299412, 0.000000000000000000, 0.2302529551604793612 ) ) ;
#1678 = ORIENTED_EDGE ( 'NONE', *, *, #1360, .F. ) ;
#1679 = VERTEX_POINT ( 'NONE', #1576 ) ;
#1680 = PLANE ( 'NONE',  #1296 ) ;
#1681 = ORIENTED_EDGE ( 'NONE', *, *, #969, .F. ) ;
#1682 = CARTESIAN_POINT ( 'NONE',  ( 35.08999999999999631, -16.96999999999999886, 12.63499999999999979 ) ) ;
#1683 = AXIS2_PLACEMENT_3D ( 'NONE', #251, #677, #127 ) ;
#1684 = EDGE_CURVE ( 'NONE', #171, #1527, #1669, .T. ) ;
#1685 = AXIS2_PLACEMENT_3D ( 'NONE', #1394, #304, #1278 ) ;
#1686 = DIRECTION ( 'NONE',  ( 0.000000000000000000, 1.000000000000000000, 0.000000000000000000 ) ) ;
#1687 = FACE_OUTER_BOUND ( 'NONE', #829, .T. ) ;
#1688 = AXIS2_PLACEMENT_3D ( 'NONE', #393, #256, #782 ) ;
#1689 = CIRCLE ( 'NONE', #1165, 0.3100000000000077138 ) ;
#1690 = ORIENTED_EDGE ( 'NONE', *, *, #496, .T. ) ;
#1691 = ORIENTED_EDGE ( 'NONE', *, *, #319, .T. ) ;
#1692 = LINE ( 'NONE', #421, #623 ) ;
#1693 = DIRECTION ( 'NONE',  ( 1.000000000000000000, 0.000000000000000000, 0.000000000000000000 ) ) ;
#1694 = CARTESIAN_POINT ( 'NONE',  ( 27.35813891955956123, -19.22000000000002018, 6.260000000000031761 ) ) ;
#1695 = EDGE_CURVE ( 'NONE', #287, #802, #900, .T. ) ;
#1696 = DIRECTION ( 'NONE',  ( 0.000000000000000000, 1.000000000000000000, 0.000000000000000000 ) ) ;
#1697 = CARTESIAN_POINT ( 'NONE',  ( 28.28865479011995632, -17.97999999999998622, 5.019999999999984475 ) ) ;
#1698 = ORIENTED_EDGE ( 'NONE', *, *, #1441, .T. ) ;
#1699 = ORIENTED_EDGE ( 'NONE', *, *, #844, .T. ) ;
#1700 = CARTESIAN_POINT ( 'NONE',  ( 11.32666666666656496, -21.75333333333344044, -5.663333333333282482 ) ) ;
#1701 = ORIENTED_EDGE ( 'NONE', *, *, #1054, .F. ) ;
#1702 = LINE ( 'NONE', #1250, #1477 ) ;
#1703 = FACE_OUTER_BOUND ( 'NONE', #1642, .T. ) ;
#1704 = CARTESIAN_POINT ( 'NONE',  ( 17.09000000000000341, -15.99000000000000199, 0.09999999999999734102 ) ) ;
#1705 = VERTEX_POINT ( 'NONE', #1639 ) ;
#1706 = EDGE_CURVE ( 'NONE', #1363, #1455, #1775, .T. ) ;
#1707 = ORIENTED_EDGE ( 'NONE', *, *, #1210, .F. ) ;
#1708 = CARTESIAN_POINT ( 'NONE',  ( 16.21000000000000441, -15.99000000000000199, 0.000000000000000000 ) ) ;
#1709 = ORIENTED_EDGE ( 'NONE', *, *, #1316, .F. ) ;
#1710 = PLANE ( 'NONE',  #629 ) ;
#1711 = CARTESIAN_POINT ( 'NONE',  ( 17.09000000000000341, -16.08999999999999986, 0.000000000000000000 ) ) ;
#1712 = CARTESIAN_POINT ( 'NONE',  ( 16.11000000000000654, -1.219999999999987761, 12.63499999999999979 ) ) ;
#1713 = AXIS2_PLACEMENT_3D ( 'NONE', #1427, #722, #1208 ) ;
#1714 = CIRCLE ( 'NONE', #973, 0.3100000000000077138 ) ;
#1715 = VERTEX_POINT ( 'NONE', #1803 ) ;
#1716 = AXIS2_PLACEMENT_3D ( 'NONE', #987, #1522, #288 ) ;
#1717 = EDGE_CURVE ( 'NONE', #1344, #1784, #1714, .T. ) ;
#1718 = ORIENTED_EDGE ( 'NONE', *, *, #404, .F. ) ;
#1719 = CYLINDRICAL_SURFACE ( 'NONE', #443, 0.3100000000000078804 ) ;
#1720 = CARTESIAN_POINT ( 'NONE',  ( 36.07000000000000028, -2.229999999999987548, 8.534540262172285452 ) ) ;
#1721 = ORIENTED_EDGE ( 'NONE', *, *, #1209, .T. ) ;
#1722 = CYLINDRICAL_SURFACE ( 'NONE', #1191, 0.3100000000000077138 ) ;
#1723 = DIRECTION ( 'NONE',  ( -0.9731308116794301633, 0.000000000000000000, -0.2302529551604785840 ) ) ;
#1724 = APPLICATION_CONTEXT ( 'automotive_design' ) ;
#1725 = PLANE ( 'NONE',  #627 ) ;
#1726 = ORIENTED_EDGE ( 'NONE', *, *, #1034, .F. ) ;
#1727 = ORIENTED_EDGE ( 'NONE', *, *, #1761, .T. ) ;
#1728 = FACE_OUTER_BOUND ( 'NONE', #373, .T. ) ;
#1729 = EDGE_CURVE ( 'NONE', #777, #607, #1374, .T. ) ;
#1730 = DIRECTION ( 'NONE',  ( 0.5773502691896310601, -0.5773502691896310601, 0.5773502691896150729 ) ) ;
#1731 =( BOUNDED_CURVE ( )  B_SPLINE_CURVE ( 3, ( #1520, #1238, #812, #536 ),
 .UNSPECIFIED., .F., .T. ) 
 B_SPLINE_CURVE_WITH_KNOTS ( ( 4, 4 ),
 ( 1.797104947649392326, 4.938697601239184998 ),
 .UNSPECIFIED. ) 
 CURVE ( )  GEOMETRIC_REPRESENTATION_ITEM ( )  RATIONAL_B_SPLINE_CURVE ( ( 1.000000000000000000, 0.3333333333333335369, 0.3333333333333335369, 1.000000000000000000 ) ) 
 REPRESENTATION_ITEM ( '' )  );
#1732 = ADVANCED_FACE ( 'NONE', ( #927 ), #509, .T. ) ;
#1733 = ORIENTED_EDGE ( 'NONE', *, *, #108, .F. ) ;
#1734 = CARTESIAN_POINT ( 'NONE',  ( 35.08999999999999631, -19.19999999999999929, 8.302661985018726654 ) ) ;
#1735 = PLANE ( 'NONE',  #237 ) ;
#1736 = CARTESIAN_POINT ( 'NONE',  ( 26.60053967498508598, -18.60000000000000497, 5.640000000000011227 ) ) ;
#1737 = ORIENTED_EDGE ( 'NONE', *, *, #1706, .T. ) ;
#1738 = FACE_OUTER_BOUND ( 'NONE', #657, .T. ) ;
#1739 = CARTESIAN_POINT ( 'NONE',  ( 17.09000000000000341, -2.209999999999989750, 0.09999999999999731326 ) ) ;
#1740 = EDGE_CURVE ( 'NONE', #174, #420, #1793, .T. ) ;
#1741 = PLANE ( 'NONE',  #1126 ) ;
#1742 = LINE ( 'NONE', #204, #1354 ) ;
#1743 = VECTOR ( 'NONE', #847, 100.0000000000000000 ) ;
#1744 = ORIENTED_EDGE ( 'NONE', *, *, #1047, .T. ) ;
#1745 = VECTOR ( 'NONE', #1152, 100.0000000000000000 ) ;
#1746 = VECTOR ( 'NONE', #303, 100.0000000000000000 ) ;
#1747 = VECTOR ( 'NONE', #594, 100.0000000000000000 ) ;
#1748 = DIRECTION ( 'NONE',  ( 0.000000000000000000, 1.000000000000000000, 0.000000000000000000 ) ) ;
#1749 = LINE ( 'NONE', #1013, #775 ) ;
#1750 = CARTESIAN_POINT ( 'NONE',  ( 29.68337290150947894, -18.60000000000000142, 5.640000000000005009 ) ) ;
#1751 = EDGE_CURVE ( 'NONE', #1409, #1675, #653, .T. ) ;
#1752 = LINE ( 'NONE', #346, #186 ) ;
#1753 = EDGE_CURVE ( 'NONE', #1237, #27, #19, .T. ) ;
#1754 = ORIENTED_EDGE ( 'NONE', *, *, #249, .T. ) ;
#1755 = CARTESIAN_POINT ( 'NONE',  ( 26.45384117311241567, 0.02000000000002086914, 6.260000000000028209 ) ) ;
#1756 = LINE ( 'NONE', #490, #189 ) ;
#1757 = DIRECTION ( 'NONE',  ( -0.2302529551604794444, 0.000000000000000000, 0.9731308116794300522 ) ) ;
#1758 = CARTESIAN_POINT ( 'NONE',  ( 0.000000000000000000, -1.219999999999998863, 5.019999999999997797 ) ) ;
#1759 = LINE ( 'NONE', #585, #235 ) ;
#1760 = ORIENTED_EDGE ( 'NONE', *, *, #1541, .F. ) ;
#1761 = EDGE_CURVE ( 'NONE', #1017, #136, #933, .T. ) ;
#1762 = LINE ( 'NONE', #1791, #1125 ) ;
#1763 = ORIENTED_EDGE ( 'NONE', *, *, #1454, .F. ) ;
#1764 = FACE_OUTER_BOUND ( 'NONE', #846, .T. ) ;
#1765 = LINE ( 'NONE', #1088, #1066 ) ;
#1766 = DIRECTION ( 'NONE',  ( -0.9731308116794301633, 0.000000000000000000, -0.2302529551604785840 ) ) ;
#1767 = DIRECTION ( 'NONE',  ( 0.9731308116794299412, 0.000000000000000000, 0.2302529551604793612 ) ) ;
#1768 = VECTOR ( 'NONE', #358, 100.0000000000000000 ) ;
#1769 = VECTOR ( 'NONE', #1268, 100.0000000000000000 ) ;
#1770 = EDGE_CURVE ( 'NONE', #334, #31, #1497, .T. ) ;
#1771 = AXIS2_PLACEMENT_3D ( 'NONE', #861, #550, #1686 ) ;
#1772 = ORIENTED_EDGE ( 'NONE', *, *, #641, .T. ) ;
#1773 = AXIS2_PLACEMENT_3D ( 'NONE', #1317, #905, #11 ) ;
#1774 = DIRECTION ( 'NONE',  ( -0.5773502691896319483, -0.5773502691896306160, 0.5773502691896146288 ) ) ;
#1775 = LINE ( 'NONE', #941, #329 ) ;
#1776 =( BOUNDED_CURVE ( )  B_SPLINE_CURVE ( 3, ( #1295, #340, #1036, #1197 ),
 .UNSPECIFIED., .F., .T. ) 
 B_SPLINE_CURVE_WITH_KNOTS ( ( 4, 4 ),
 ( 1.797104947649389883, 4.938697601239184998 ),
 .UNSPECIFIED. ) 
 CURVE ( )  GEOMETRIC_REPRESENTATION_ITEM ( )  RATIONAL_B_SPLINE_CURVE ( ( 1.000000000000000000, 0.3333333333333327597, 0.3333333333333327597, 1.000000000000000000 ) ) 
 REPRESENTATION_ITEM ( '' )  );
#1777 = DIRECTION ( 'NONE',  ( -0.2302529551604794722, 0.000000000000000000, 0.9731308116794300522 ) ) ;
#1778 = DIRECTION ( 'NONE',  ( -1.000000000000000000, 0.000000000000000000, 0.000000000000000000 ) ) ;
#1779 = VERTEX_POINT ( 'NONE', #1508 ) ;
#1780 = CARTESIAN_POINT ( 'NONE',  ( 25.96342080817002795, -0.5999999999999949818, 5.640000000000006786 ) ) ;
#1781 = ORIENTED_EDGE ( 'NONE', *, *, #1225, .T. ) ;
#1782 = ORIENTED_EDGE ( 'NONE', *, *, #1807, .T. ) ;
#1783 = ORIENTED_EDGE ( 'NONE', *, *, #672, .F. ) ;
#1784 = VERTEX_POINT ( 'NONE', #645 ) ;
#1785 = DIRECTION ( 'NONE',  ( -0.2302529551604793612, 0.000000000000000000, 0.9731308116794299412 ) ) ;
#1786 = DIRECTION ( 'NONE',  ( -0.9731308116794300522, 0.000000000000000000, -0.2302529551604788061 ) ) ;
#1787 = EDGE_CURVE ( 'NONE', #1434, #1564, #400, .T. ) ;
#1788 = LINE ( 'NONE', #110, #119 ) ;
#1789 = CARTESIAN_POINT ( 'NONE',  ( 0.000000000000000000, -19.19999999999999929, 6.240000000000012648 ) ) ;
#1790 = ORIENTED_EDGE ( 'NONE', *, *, #349, .F. ) ;
#1791 = CARTESIAN_POINT ( 'NONE',  ( 34.07000000000000028, -15.97000000000000064, 12.63499999999999979 ) ) ;
#1792 = CARTESIAN_POINT ( 'NONE',  ( 17.09000000000000341, -2.109999999999989662, 0.000000000000000000 ) ) ;
#1793 = LINE ( 'NONE', #255, #1269 ) ;
#1794 = EDGE_CURVE ( 'NONE', #607, #143, #1765, .T. ) ;
#1795 = DIRECTION ( 'NONE',  ( 0.000000000000000000, -1.000000000000000000, 0.000000000000000000 ) ) ;
#1796 = CARTESIAN_POINT ( 'NONE',  ( 0.000000000000000000, -1.219999999999998863, 0.3747477419454632308 ) ) ;
#1797 = ORIENTED_EDGE ( 'NONE', *, *, #1375, .F. ) ;
#1798 = CARTESIAN_POINT ( 'NONE',  ( 28.74430310835142777, -18.60000000000000497, -6.112996820711239288 ) ) ;
#1799 = VECTOR ( 'NONE', #113, 100.0000000000000000 ) ;
#1800 = LINE ( 'NONE', #299, #122 ) ;
#1801 = AXIS2_PLACEMENT_3D ( 'NONE', #37, #62, #1201 ) ;
#1802 = CLOSED_SHELL ( 'NONE', ( #217, #197, #441, #1660, #396, #478, #1184, #554, #992, #453, #949, #168, #121, #25, #531, #895, #85, #1672, #313, #253, #735, #294, #1551, #1420, #648, #1310, #187, #668, #273, #813, #1134, #1020, #559, #161, #1062, #370, #1621, #1297, #263, #1423, #1521, #877, #1264, #1022, #1255, #359, #581, #1586, #1828, #1153, #1567, #771, #1383, #767, #624, #957, #724, #1732, #341, #226 ) ) ;
#1803 = CARTESIAN_POINT ( 'NONE',  ( 33.96999999999999176, -1.319999999999998952, 0.000000000000000000 ) ) ;
#1804 = AXIS2_PLACEMENT_3D ( 'NONE', #779, #1345, #644 ) ;
#1805 = CARTESIAN_POINT ( 'NONE',  ( 34.07000000000000028, -19.20000000000000284, 8.061319288389512394 ) ) ;
#1806 = LINE ( 'NONE', #1081, #595 ) ;
#1807 = EDGE_CURVE ( 'NONE', #1455, #480, #100, .T. ) ;
#1808 = EDGE_CURVE ( 'NONE', #765, #1017, #1096, .T. ) ;
#1809 = CARTESIAN_POINT ( 'NONE',  ( 18.10999999999999943, -2.209999999999989750, 0.09999999999999731326 ) ) ;
#1810 = ORIENTED_EDGE ( 'NONE', *, *, #1751, .F. ) ;
#1811 = DIRECTION ( 'NONE',  ( 0.000000000000000000, -1.000000000000000000, 0.000000000000000000 ) ) ;
#1812 = FACE_OUTER_BOUND ( 'NONE', #1471, .T. ) ;
#1813 = CARTESIAN_POINT ( 'NONE',  ( 0.000000000000000000, -17.98000000000000043, 0.3747477419454632308 ) ) ;
#1814 = APPLICATION_CONTEXT ( 'automotive_design' ) ;
#1815 = EDGE_CURVE ( 'NONE', #334, #164, #243, .T. ) ;
#1816 = ORIENTED_EDGE ( 'NONE', *, *, #1396, .T. ) ;
#1817 = EDGE_CURVE ( 'NONE', #651, #482, #1366, .T. ) ;
#1818 = FACE_OUTER_BOUND ( 'NONE', #601, .T. ) ;
#1819 = VERTEX_POINT ( 'NONE', #1077 ) ;
#1820 = EDGE_LOOP ( 'NONE', ( #425, #1106 ) ) ;
#1821 = CARTESIAN_POINT ( 'NONE',  ( 33.96999999999999176, -1.319999999999998952, 0.000000000000000000 ) ) ;
#1822 = DIRECTION ( 'NONE',  ( -0.5773502691896358341, 0.5773502691896287287, 0.5773502691896128525 ) ) ;
#1823 = CARTESIAN_POINT ( 'NONE',  ( 27.50483742143222798, -18.60000000000000497, 5.640000000000008562 ) ) ;
#1824 = ORIENTED_EDGE ( 'NONE', *, *, #1740, .F. ) ;
#1825 = VERTEX_POINT ( 'NONE', #1517 ) ;
#1826 = VERTEX_POINT ( 'NONE', #501 ) ;
#1827 = CARTESIAN_POINT ( 'NONE',  ( 33.96999999999999176, -3.229999999999985771, 0.000000000000000000 ) ) ;
#1828 = ADVANCED_FACE ( 'NONE', ( #1067 ), #362, .T. ) ;
#1829 = CARTESIAN_POINT ( 'NONE',  ( 0.000000000000000000, -1.219999999999998863, 5.019999999999997797 ) ) ;
#1830 = DIRECTION ( 'NONE',  ( -1.000000000000000000, 0.000000000000000000, 0.000000000000000000 ) ) ;
#1831 = VECTOR ( 'NONE', #1085, 100.0000000000000000 ) ;
#1832 = AXIS2_PLACEMENT_3D ( 'NONE', #120, #262, #549 ) ;
#1833 = VECTOR ( 'NONE', #3, 100.0000000000000000 ) ;
#1834 = LINE ( 'NONE', #572, #1536 ) ;
#1835 = CARTESIAN_POINT ( 'NONE',  ( 28.14195628824728246, -18.60000000000000497, 5.640000000000008562 ) ) ;
#1836 = ORIENTED_EDGE ( 'NONE', *, *, #426, .T. ) ;
#1837 = VECTOR ( 'NONE', #932, 100.0000000000000000 ) ;
ENDSEC;
END-ISO-10303-21;
